period,fold,strategy,quantile,market_scope,bet_count,decision_count,push_count,hit_rate_decisions,brier,log_loss,calibration_gap,ece,profit_units,roi,maximum_drawdown_units,mean_primary_ev,clv_count,mean_clv
development_validation,1,primary_only,,all,57,57,0,0.40350877192982454,0.2855282854090027,0.7716263244885467,-0.18550805515561813,0.18550805515561805,-11.12,-0.1950877192982456,13.66,0.13579872074935856,0,
development_validation,1,primary_only,,moneyline,17,17,0,0.47058823529411764,0.23809171154920275,0.6693826594946711,0.011241234487810225,0.09985768425413578,2.62,0.15411764705882353,4.05,0.13270705167634728,0,
development_validation,1,primary_only,,puck_line,21,21,0,0.38095238095238093,0.3480620310296357,0.9090373207685338,-0.3448151151075065,0.38499514340265734,-7.73,-0.36809523809523814,8.63,0.21638206246914168,0,
development_validation,1,primary_only,,total,19,19,0,0.3684210526315789,0.2588552905449662,0.7112321867525547,-0.18547066910028248,0.18547066910028254,-6.01,-0.3163157894736842,6.01,0.049499152229661,0,
development_validation,1,reject_high_disagreement,0.6,all,27,27,0,0.4444444444444444,0.25374165978442714,0.7041574503547413,-0.14193883585741318,0.14193883585741307,-2.87,-0.1062962962962963,7.13,0.12347180370701051,0,
development_validation,1,reject_high_disagreement,0.6,moneyline,7,7,0,0.42857142857142855,0.23156101902885012,0.6575245897014469,0.011456277124549996,0.12651677490436947,2.0,0.2857142857142857,2.0,0.1766400428473929,0,
development_validation,1,reject_high_disagreement,0.6,puck_line,8,8,0,0.625,0.2527635525905639,0.7085229927422234,-0.14987479529490888,0.14987479529490882,-0.3600000000000001,-0.04500000000000001,2.05,0.16762939177016153,0,
development_validation,1,reject_high_disagreement,0.6,total,12,12,0,0.3333333333333333,0.2673324383544224,0.7284495908108416,-0.22612867880522775,0.22612867880522775,-4.51,-0.3758333333333333,5.4399999999999995,0.06301860549968673,0,
development_validation,1,require_sdv_support,0.6,all,51,51,0,0.43137254901960786,0.28816654019214866,0.7777849181849762,-0.16615016375338065,0.21162619023242224,-7.0699999999999985,-0.13862745098039211,12.33,0.14594123924000152,0,
development_validation,1,require_sdv_support,0.6,moneyline,12,12,0,0.5833333333333334,0.23040580488951048,0.6540903724418982,0.1456173295386528,0.2711573000409473,5.670000000000002,0.47250000000000014,3.0,0.1682736628636854,0,
development_validation,1,require_sdv_support,0.6,puck_line,21,21,0,0.38095238095238093,0.3480620310296357,0.9090373207685338,-0.3448151151075065,0.38499514340265734,-7.73,-0.36809523809523814,8.63,0.21638206246914168,0,
development_validation,1,require_sdv_support,0.6,total,18,18,0,0.3888888888888889,0.2567956244168391,0.7071201456662112,-0.16555271603492278,0.16555271603492266,-5.01,-0.2783333333333333,5.01,0.04887199639021541,0,
development_validation,1,require_weighted_support,0.6,all,44,44,0,0.45454545454545453,0.26691136948843847,0.7307753018898904,-0.1280706011151081,0.14059648337667444,-3.66,-0.08318181818181819,9.3,0.1531411369743961,0,
development_validation,1,require_weighted_support,0.6,moneyline,11,11,0,0.5454545454545454,0.22965364219767223,0.6525983669824417,0.114441772528099,0.25139446762151124,4.67,0.42454545454545456,3.0,0.18148916978851923,0,
development_validation,1,require_weighted_support,0.6,puck_line,15,15,0,0.4666666666666667,0.30222383917217355,0.808176723658415,-0.2568964237130168,0.3131484633262279,-3.3200000000000003,-0.22133333333333335,4.0,0.25443558816415907,0,
development_validation,1,require_weighted_support,0.6,total,18,18,0,0.3888888888888889,0.26025292254079435,0.7140489106373384,-0.1689177550654774,0.1689177550654774,-5.01,-0.2783333333333333,5.01,0.05140529648540729,0,
development_validation,1,require_meta_support,0.6,all,40,40,0,0.475,0.2600957326844841,0.7164132293008068,-0.09960894458151115,0.13950984547621562,-1.2800000000000002,-0.03200000000000001,7.3,0.14940413049749918,0,
development_validation,1,require_meta_support,0.6,moneyline,11,11,0,0.5454545454545454,0.22965364219767223,0.6525983669824417,0.114441772528099,0.25139446762151124,4.67,0.42454545454545456,3.0,0.18148916978851923,0,
development_validation,1,require_meta_support,0.6,puck_line,12,12,0,0.5,0.28883659880147583,0.7803458534727771,-0.22709552483588114,0.2974105743523949,-1.9400000000000002,-0.16166666666666668,2.34,0.2561053167801003,0,
development_validation,1,require_meta_support,0.6,total,17,17,0,0.4117647058823529,0.2595058857404271,0.7125762878560052,-0.1481218225317037,0.14812182253170364,-4.01,-0.23588235294117646,4.01,0.05332473828617949,0,
development_validation,1,price_aware_positive_ev_secondary,0.6,all,49,49,0,0.4489795918367347,0.28760684729485236,0.7769777943777959,-0.15053169024302998,0.2426641067626015,-5.069999999999999,-0.10346938775510203,12.33,0.15149908922809174,0,
development_validation,1,price_aware_positive_ev_secondary,0.6,moneyline,12,12,0,0.5833333333333334,0.23040580488951048,0.6540903724418982,0.1456173295386528,0.2711573000409473,5.670000000000002,0.47250000000000014,3.0,0.1682736628636854,0,
development_validation,1,price_aware_positive_ev_secondary,0.6,puck_line,21,21,0,0.38095238095238093,0.3480620310296357,0.9090373207685338,-0.3448151151075065,0.38499514340265734,-7.73,-0.36809523809523814,8.63,0.21638206246914168,0,
development_validation,1,price_aware_positive_ev_secondary,0.6,total,16,16,0,0.4375,0.25116020044695564,0.6958152324418755,-0.11764645994466671,0.17609781689672588,-3.01,-0.188125,3.9399999999999995,0.053759256622518486,0,
development_validation,1,reject_high_disagreement,0.7,all,37,37,0,0.40540540540540543,0.2798376955868814,0.7604262384334485,-0.18840433147005647,0.1884043314700566,-6.829999999999999,-0.18459459459459457,10.829999999999998,0.11993131852389677,0,
development_validation,1,reject_high_disagreement,0.7,moneyline,10,10,0,0.5,0.23116359970251316,0.6562224277523867,0.06792699017678822,0.1484693386226618,3.42,0.34199999999999997,2.0,0.14619376122691946,0,
development_validation,1,reject_high_disagreement,0.7,puck_line,13,13,0,0.46153846153846156,0.32543164977573813,0.8643871193739868,-0.29531388392179236,0.2953138839217925,-3.7399999999999998,-0.2876923076923077,6.050000000000001,0.16921154446578177,0,
development_validation,1,reject_high_disagreement,0.7,total,14,14,0,0.2857142857142857,0.2722676637574916,0.7383224280465638,-0.2722249767983339,0.27222497679833396,-6.510000000000001,-0.465,6.51,0.05541222107570159,0,
development_validation,1,require_sdv_support,0.7,all,52,52,0,0.4230769230769231,0.285967664126763,0.7732012934272952,-0.17097272283678494,0.2155742103450757,-8.07,-0.15519230769230768,12.330000000000002,0.1442690042482636,0,
development_validation,1,require_sdv_support,0.7,moneyline,13,13,0,0.5384615384615384,0.22605343411278628,0.6452708384683338,0.10234497833641754,0.21822802803084324,4.670000000000001,0.3592307692307693,3.0,0.1598668441564503,0,
development_validation,1,require_sdv_support,0.7,puck_line,21,21,0,0.38095238095238093,0.3480620310296357,0.9090373207685338,-0.3448151151075065,0.38499514340265734,-7.73,-0.36809523809523814,8.63,0.21638206246914168,0,
development_validation,1,require_sdv_support,0.7,total,18,18,0,0.3888888888888889,0.2567956244168391,0.7071201456662112,-0.16555271603492278,0.16555271603492266,-5.01,-0.2783333333333333,5.01,0.04887199639021541,0,
development_validation,1,require_weighted_support,0.7,all,49,49,0,0.42857142857142855,0.28116140156050445,0.76229907047565,-0.15851934038785703,0.18364770165066518,-6.659999999999999,-0.13591836734693877,11.3,0.1469844993998779,0,
development_validation,1,require_weighted_support,0.7,moneyline,13,13,0,0.5384615384615384,0.22605343411278628,0.6452708384683338,0.10234497833641754,0.21822802803084324,4.670000000000001,0.3592307692307693,3.0,0.1598668441564503,0,
development_validation,1,require_weighted_support,0.7,puck_line,18,18,0,0.3888888888888889,0.34187007929245555,0.8950696200970234,-0.33652293367776814,0.3833996333554441,-6.32,-0.35111111111111115,6.720000000000001,0.233259786656824,0,
development_validation,1,require_weighted_support,0.7,total,18,18,0,0.3888888888888889,0.26025292254079435,0.7140489106373384,-0.1689177550654774,0.1689177550654774,-5.01,-0.2783333333333333,5.01,0.05140529648540729,0,
development_validation,1,require_meta_support,0.7,all,48,48,0,0.4375,0.27703728044121484,0.7536333363157874,-0.14740131873874518,0.17305318752786192,-5.659999999999999,-0.11791666666666666,10.3,0.14449048033388043,0,
development_validation,1,require_meta_support,0.7,moneyline,13,13,0,0.5384615384615384,0.22605343411278628,0.6452708384683338,0.10234497833641754,0.21822802803084324,4.670000000000001,0.3592307692307693,3.0,0.1598668441564503,0,
development_validation,1,require_meta_support,0.7,puck_line,17,17,0,0.4117647058823529,0.3337966007045761,0.8784116971527861,-0.3156016721561532,0.36523582475604527,-5.32,-0.3129411764705883,5.720000000000001,0.23129286736794555,0,
development_validation,1,require_meta_support,0.7,total,18,18,0,0.3888888888888889,0.26025292254079435,0.7140489106373384,-0.1689177550654774,0.1689177550654774,-5.01,-0.2783333333333333,5.01,0.05140529648540729,0,
development_validation,1,price_aware_positive_ev_secondary,0.7,all,52,52,0,0.4230769230769231,0.285967664126763,0.7732012934272952,-0.17097272283678494,0.2155742103450757,-8.07,-0.15519230769230768,12.330000000000002,0.1442690042482636,0,
development_validation,1,price_aware_positive_ev_secondary,0.7,moneyline,13,13,0,0.5384615384615384,0.22605343411278628,0.6452708384683338,0.10234497833641754,0.21822802803084324,4.670000000000001,0.3592307692307693,3.0,0.1598668441564503,0,
development_validation,1,price_aware_positive_ev_secondary,0.7,puck_line,21,21,0,0.38095238095238093,0.3480620310296357,0.9090373207685338,-0.3448151151075065,0.38499514340265734,-7.73,-0.36809523809523814,8.63,0.21638206246914168,0,
development_validation,1,price_aware_positive_ev_secondary,0.7,total,18,18,0,0.3888888888888889,0.2567956244168391,0.7071201456662112,-0.16555271603492278,0.16555271603492266,-5.01,-0.2783333333333333,5.01,0.04887199639021541,0,
development_validation,1,reject_high_disagreement,0.75,all,41,41,0,0.3902439024390244,0.28126812475850443,0.7630525444000541,-0.20696697286582555,0.2069669728658255,-9.239999999999998,-0.22536585365853654,12.829999999999998,0.11681185987075297,0,
development_validation,1,reject_high_disagreement,0.75,moneyline,12,12,0,0.4166666666666667,0.24129253407512627,0.6763961001792814,-0.03342130520334302,0.06344644119513988,1.42,0.11833333333333333,3.0,0.1289561737221491,0,
development_validation,1,reject_high_disagreement,0.75,puck_line,15,15,0,0.4666666666666667,0.32164902757281905,0.8554591417065961,-0.2848960366588036,0.28489603665880353,-4.15,-0.27666666666666667,7.05,0.16440273833168403,0,
development_validation,1,reject_high_disagreement,0.75,total,14,14,0,0.2857142857142857,0.2722676637574916,0.7383224280465638,-0.2722249767983339,0.27222497679833396,-6.510000000000001,-0.465,6.51,0.05541222107570159,0,
development_validation,1,require_sdv_support,0.75,all,54,54,0,0.4074074074074074,0.286188758267927,0.7733517811638307,-0.18464642873557063,0.18758395136548034,-10.069999999999999,-0.18648148148148144,13.330000000000002,0.14050971654270927,0,
development_validation,1,require_sdv_support,0.75,moneyline,15,15,0,0.4666666666666667,0.23483793702284037,0.6628699883143899,0.01667727694436194,0.11710925334619748,2.670000000000001,0.17800000000000005,4.0,0.1442536964286966,0,
development_validation,1,require_sdv_support,0.75,puck_line,21,21,0,0.38095238095238093,0.3480620310296357,0.9090373207685338,-0.3448151151075065,0.38499514340265734,-7.73,-0.36809523809523814,8.63,0.21638206246914168,0,
development_validation,1,require_sdv_support,0.75,total,18,18,0,0.3888888888888889,0.2567956244168391,0.7071201456662112,-0.16555271603492278,0.16555271603492266,-5.01,-0.2783333333333333,5.01,0.04887199639021541,0,
development_validation,1,require_weighted_support,0.75,all,53,53,0,0.41509433962264153,0.2821680576386565,0.7641893953145561,-0.17513459060588188,0.1751345906058819,-9.069999999999999,-0.1711320754716981,12.3,0.1425295837719002,0,
development_validation,1,require_weighted_support,0.75,moneyline,15,15,0,0.4666666666666667,0.23483793702284037,0.6628699883143899,0.01667727694436194,0.11710925334619748,2.670000000000001,0.17800000000000005,4.0,0.1442536964286966,0,
development_validation,1,require_weighted_support,0.75,puck_line,20,20,0,0.4,0.33738926968859445,0.8853053867741767,-0.32458864325492887,0.3667776729648372,-6.73,-0.3365,7.630000000000001,0.22324835783714653,0,
development_validation,1,require_weighted_support,0.75,total,18,18,0,0.3888888888888889,0.26025292254079435,0.7140489106373384,-0.1689177550654774,0.1689177550654774,-5.01,-0.2783333333333333,5.01,0.05140529648540729,0,
development_validation,1,require_meta_support,0.75,all,52,52,0,0.4230769230769231,0.2783805353761997,0.7562266084908157,-0.16519132543397158,0.16519132543397153,-8.069999999999999,-0.15519230769230766,11.3,0.14014174087197986,0,
development_validation,1,require_meta_support,0.75,moneyline,15,15,0,0.4666666666666667,0.23483793702284037,0.6628699883143899,0.01667727694436194,0.11710925334619748,2.670000000000001,0.17800000000000005,4.0,0.1442536964286966,0,
development_validation,1,require_meta_support,0.75,puck_line,19,19,0,0.42105263157894735,0.32992979886765705,0.8698870223860253,-0.30524149923965027,0.34965100419744843,-5.73,-0.30157894736842106,6.630000000000001,0.22096156537764067,0,
development_validation,1,require_meta_support,0.75,total,18,18,0,0.3888888888888889,0.26025292254079435,0.7140489106373384,-0.1689177550654774,0.1689177550654774,-5.01,-0.2783333333333333,5.01,0.05140529648540729,0,
development_validation,1,price_aware_positive_ev_secondary,0.75,all,54,54,0,0.4074074074074074,0.286188758267927,0.7733517811638307,-0.18464642873557063,0.18758395136548034,-10.069999999999999,-0.18648148148148144,13.330000000000002,0.14050971654270927,0,
development_validation,1,price_aware_positive_ev_secondary,0.75,moneyline,15,15,0,0.4666666666666667,0.23483793702284037,0.6628699883143899,0.01667727694436194,0.11710925334619748,2.670000000000001,0.17800000000000005,4.0,0.1442536964286966,0,
development_validation,1,price_aware_positive_ev_secondary,0.75,puck_line,21,21,0,0.38095238095238093,0.3480620310296357,0.9090373207685338,-0.3448151151075065,0.38499514340265734,-7.73,-0.36809523809523814,8.63,0.21638206246914168,0,
development_validation,1,price_aware_positive_ev_secondary,0.75,total,18,18,0,0.3888888888888889,0.2567956244168391,0.7071201456662112,-0.16555271603492278,0.16555271603492266,-5.01,-0.2783333333333333,5.01,0.04887199639021541,0,
development_validation,1,reject_high_disagreement,0.8,all,44,44,0,0.38636363636363635,0.28105158100781974,0.7625616101629489,-0.205599918667853,0.2055999186678529,-10.29,-0.23386363636363636,13.879999999999999,0.1266688331835867,0,
development_validation,1,reject_high_disagreement,0.8,moneyline,14,14,0,0.42857142857142855,0.23219054591860702,0.6575753870549902,-0.01925870119868417,0.08834698780328258,1.37,0.09785714285714286,3.05,0.14749421967678392,0,
development_validation,1,reject_high_disagreement,0.8,puck_line,16,16,0,0.4375,0.33149091430491806,0.8756338397342499,-0.3103515580892049,0.3103515580892048,-5.15,-0.321875,8.05,0.17079615559643863,0,
development_validation,1,reject_high_disagreement,0.8,total,14,14,0,0.2857142857142857,0.2722676637574916,0.7383224280465638,-0.2722249767983339,0.27222497679833396,-6.510000000000001,-0.465,6.51,0.05541222107570159,0,
development_validation,1,require_sdv_support,0.8,all,55,55,0,0.41818181818181815,0.28520873172743,0.771249140385367,-0.17252627682323424,0.19293627818507048,-9.119999999999997,-0.16581818181818178,12.379999999999999,0.13813998066804672,0,
development_validation,1,require_sdv_support,0.8,moneyline,16,16,0,0.5,0.23467852211769966,0.6625472726915105,0.04575756753802296,0.13991254541474382,3.62,0.22625,3.05,0.13587373061666988,0,
development_validation,1,require_sdv_support,0.8,puck_line,21,21,0,0.38095238095238093,0.3480620310296357,0.9090373207685338,-0.3448151151075065,0.38499514340265734,-7.73,-0.36809523809523814,8.63,0.21638206246914168,0,
development_validation,1,require_sdv_support,0.8,total,18,18,0,0.3888888888888889,0.2567956244168391,0.7071201456662112,-0.16555271603492278,0.16555271603492266,-5.01,-0.2783333333333333,5.01,0.04887199639021541,0,
development_validation,1,require_weighted_support,0.8,all,54,54,0,0.42592592592592593,0.28124433987758113,0.762217490555922,-0.1629661365864593,0.1636061815188201,-8.119999999999997,-0.15037037037037032,11.35,0.14007855895086999,0,
development_validation,1,require_weighted_support,0.8,moneyline,16,16,0,0.5,0.23467852211769966,0.6625472726915105,0.04575756753802296,0.13991254541474382,3.62,0.22625,3.05,0.13587373061666988,0,
development_validation,1,require_weighted_support,0.8,puck_line,20,20,0,0.4,0.33738926968859445,0.8853053867741767,-0.32458864325492887,0.3667776729648372,-6.73,-0.3365,7.630000000000001,0.22324835783714653,0,
development_validation,1,require_weighted_support,0.8,total,18,18,0,0.3888888888888889,0.26025292254079435,0.7140489106373384,-0.1689177550654774,0.1689177550654774,-5.01,-0.2783333333333333,5.01,0.05140529648540729,0,
development_validation,1,require_meta_support,0.8,all,54,54,0,0.42592592592592593,0.28124433987758113,0.762217490555922,-0.1629661365864593,0.1636061815188201,-8.119999999999997,-0.15037037037037032,11.35,0.14007855895086999,0,
development_validation,1,require_meta_support,0.8,moneyline,16,16,0,0.5,0.23467852211769966,0.6625472726915105,0.04575756753802296,0.13991254541474382,3.62,0.22625,3.05,0.13587373061666988,0,
development_validation,1,require_meta_support,0.8,puck_line,20,20,0,0.4,0.33738926968859445,0.8853053867741767,-0.32458864325492887,0.3667776729648372,-6.73,-0.3365,7.630000000000001,0.22324835783714653,0,
development_validation,1,require_meta_support,0.8,total,18,18,0,0.3888888888888889,0.26025292254079435,0.7140489106373384,-0.1689177550654774,0.1689177550654774,-5.01,-0.2783333333333333,5.01,0.05140529648540729,0,
development_validation,1,price_aware_positive_ev_secondary,0.8,all,55,55,0,0.41818181818181815,0.28520873172743,0.771249140385367,-0.17252627682323424,0.19293627818507048,-9.119999999999997,-0.16581818181818178,12.379999999999999,0.13813998066804672,0,
development_validation,1,price_aware_positive_ev_secondary,0.8,moneyline,16,16,0,0.5,0.23467852211769966,0.6625472726915105,0.04575756753802296,0.13991254541474382,3.62,0.22625,3.05,0.13587373061666988,0,
development_validation,1,price_aware_positive_ev_secondary,0.8,puck_line,21,21,0,0.38095238095238093,0.3480620310296357,0.9090373207685338,-0.3448151151075065,0.38499514340265734,-7.73,-0.36809523809523814,8.63,0.21638206246914168,0,
development_validation,1,price_aware_positive_ev_secondary,0.8,total,18,18,0,0.3888888888888889,0.2567956244168391,0.7071201456662112,-0.16555271603492278,0.16555271603492266,-5.01,-0.2783333333333333,5.01,0.04887199639021541,0,
development_validation,1,reject_high_disagreement,0.85,all,46,46,0,0.3695652173913043,0.29092887381594623,0.7838860749926532,-0.22761379115943126,0.22761379115943123,-12.29,-0.26717391304347826,14.879999999999999,0.13251958116382295,0,
development_validation,1,reject_high_disagreement,0.85,moneyline,14,14,0,0.42857142857142855,0.23219054591860702,0.6575753870549902,-0.01925870119868417,0.08834698780328258,1.37,0.09785714285714286,3.05,0.14749421967678392,0,
development_validation,1,reject_high_disagreement,0.85,puck_line,18,18,0,0.3888888888888889,0.3511285144482305,0.917566113235572,-0.3549701611875326,0.3549701611875325,-7.15,-0.39722222222222225,9.05,0.1808450312778366,0,
development_validation,1,reject_high_disagreement,0.85,total,14,14,0,0.2857142857142857,0.2722676637574916,0.7383224280465638,-0.2722249767983339,0.27222497679833396,-6.510000000000001,-0.465,6.51,0.05541222107570159,0,
development_validation,1,require_sdv_support,0.85,all,55,55,0,0.41818181818181815,0.28520873172743,0.771249140385367,-0.17252627682323424,0.19293627818507048,-9.119999999999997,-0.16581818181818178,12.379999999999999,0.13813998066804672,0,
development_validation,1,require_sdv_support,0.85,moneyline,16,16,0,0.5,0.23467852211769966,0.6625472726915105,0.04575756753802296,0.13991254541474382,3.62,0.22625,3.05,0.13587373061666988,0,
development_validation,1,require_sdv_support,0.85,puck_line,21,21,0,0.38095238095238093,0.3480620310296357,0.9090373207685338,-0.3448151151075065,0.38499514340265734,-7.73,-0.36809523809523814,8.63,0.21638206246914168,0,
development_validation,1,require_sdv_support,0.85,total,18,18,0,0.3888888888888889,0.2567956244168391,0.7071201456662112,-0.16555271603492278,0.16555271603492266,-5.01,-0.2783333333333333,5.01,0.04887199639021541,0,
development_validation,1,require_weighted_support,0.85,all,55,55,0,0.41818181818181815,0.28634021111345165,0.7735167361940993,-0.17362756232414295,0.1742559700759153,-9.119999999999997,-0.16581818181818178,12.35,0.13896906069920043,0,
development_validation,1,require_weighted_support,0.85,moneyline,16,16,0,0.5,0.23467852211769966,0.6625472726915105,0.04575756753802296,0.13991254541474382,3.62,0.22625,3.05,0.13587373061666988,0,
development_validation,1,require_weighted_support,0.85,puck_line,21,21,0,0.38095238095238093,0.3480620310296357,0.9090373207685338,-0.3448151151075065,0.38499514340265734,-7.73,-0.36809523809523814,8.63,0.21638206246914168,0,
development_validation,1,require_weighted_support,0.85,total,18,18,0,0.3888888888888889,0.26025292254079435,0.7140489106373384,-0.1689177550654774,0.1689177550654774,-5.01,-0.2783333333333333,5.01,0.05140529648540729,0,
development_validation,1,require_meta_support,0.85,all,55,55,0,0.41818181818181815,0.28634021111345165,0.7735167361940993,-0.17362756232414295,0.1742559700759153,-9.119999999999997,-0.16581818181818178,12.35,0.13896906069920043,0,
development_validation,1,require_meta_support,0.85,moneyline,16,16,0,0.5,0.23467852211769966,0.6625472726915105,0.04575756753802296,0.13991254541474382,3.62,0.22625,3.05,0.13587373061666988,0,
development_validation,1,require_meta_support,0.85,puck_line,21,21,0,0.38095238095238093,0.3480620310296357,0.9090373207685338,-0.3448151151075065,0.38499514340265734,-7.73,-0.36809523809523814,8.63,0.21638206246914168,0,
development_validation,1,require_meta_support,0.85,total,18,18,0,0.3888888888888889,0.26025292254079435,0.7140489106373384,-0.1689177550654774,0.1689177550654774,-5.01,-0.2783333333333333,5.01,0.05140529648540729,0,
development_validation,1,price_aware_positive_ev_secondary,0.85,all,55,55,0,0.41818181818181815,0.28520873172743,0.771249140385367,-0.17252627682323424,0.19293627818507048,-9.119999999999997,-0.16581818181818178,12.379999999999999,0.13813998066804672,0,
development_validation,1,price_aware_positive_ev_secondary,0.85,moneyline,16,16,0,0.5,0.23467852211769966,0.6625472726915105,0.04575756753802296,0.13991254541474382,3.62,0.22625,3.05,0.13587373061666988,0,
development_validation,1,price_aware_positive_ev_secondary,0.85,puck_line,21,21,0,0.38095238095238093,0.3480620310296357,0.9090373207685338,-0.3448151151075065,0.38499514340265734,-7.73,-0.36809523809523814,8.63,0.21638206246914168,0,
development_validation,1,price_aware_positive_ev_secondary,0.85,total,18,18,0,0.3888888888888889,0.2567956244168391,0.7071201456662112,-0.16555271603492278,0.16555271603492266,-5.01,-0.2783333333333333,5.01,0.04887199639021541,0,
development_validation,1,reject_high_disagreement,0.9,all,47,47,0,0.3829787234042553,0.2893574977867202,0.7805522240127504,-0.21285791849715652,0.21285791849715657,-11.34,-0.24127659574468086,14.879999999999999,0.13058238078296333,0,
development_validation,1,reject_high_disagreement,0.9,moneyline,15,15,0,0.4666666666666667,0.23118278955352123,0.6555500331804723,0.013086027145726598,0.1135180035475622,2.320000000000001,0.15466666666666676,3.05,0.14042601591589304,0,
development_validation,1,reject_high_disagreement,0.9,puck_line,18,18,0,0.3888888888888889,0.3511285144482305,0.917566113235572,-0.3549701611875326,0.3549701611875325,-7.15,-0.39722222222222225,9.05,0.1808450312778366,0,
development_validation,1,reject_high_disagreement,0.9,total,14,14,0,0.2857142857142857,0.2722676637574916,0.7383224280465638,-0.2722249767983339,0.27222497679833396,-6.510000000000001,-0.465,6.51,0.05541222107570159,0,
development_validation,1,require_sdv_support,0.9,all,55,55,0,0.41818181818181815,0.28520873172743,0.771249140385367,-0.17252627682323424,0.19293627818507048,-9.119999999999997,-0.16581818181818178,12.379999999999999,0.13813998066804672,0,
development_validation,1,require_sdv_support,0.9,moneyline,16,16,0,0.5,0.23467852211769966,0.6625472726915105,0.04575756753802296,0.13991254541474382,3.62,0.22625,3.05,0.13587373061666988,0,
development_validation,1,require_sdv_support,0.9,puck_line,21,21,0,0.38095238095238093,0.3480620310296357,0.9090373207685338,-0.3448151151075065,0.38499514340265734,-7.73,-0.36809523809523814,8.63,0.21638206246914168,0,
development_validation,1,require_sdv_support,0.9,total,18,18,0,0.3888888888888889,0.2567956244168391,0.7071201456662112,-0.16555271603492278,0.16555271603492266,-5.01,-0.2783333333333333,5.01,0.04887199639021541,0,
development_validation,1,require_weighted_support,0.9,all,55,55,0,0.41818181818181815,0.28634021111345165,0.7735167361940993,-0.17362756232414295,0.1742559700759153,-9.119999999999997,-0.16581818181818178,12.35,0.13896906069920043,0,
development_validation,1,require_weighted_support,0.9,moneyline,16,16,0,0.5,0.23467852211769966,0.6625472726915105,0.04575756753802296,0.13991254541474382,3.62,0.22625,3.05,0.13587373061666988,0,
development_validation,1,require_weighted_support,0.9,puck_line,21,21,0,0.38095238095238093,0.3480620310296357,0.9090373207685338,-0.3448151151075065,0.38499514340265734,-7.73,-0.36809523809523814,8.63,0.21638206246914168,0,
development_validation,1,require_weighted_support,0.9,total,18,18,0,0.3888888888888889,0.26025292254079435,0.7140489106373384,-0.1689177550654774,0.1689177550654774,-5.01,-0.2783333333333333,5.01,0.05140529648540729,0,
development_validation,1,require_meta_support,0.9,all,55,55,0,0.41818181818181815,0.28634021111345165,0.7735167361940993,-0.17362756232414295,0.1742559700759153,-9.119999999999997,-0.16581818181818178,12.35,0.13896906069920043,0,
development_validation,1,require_meta_support,0.9,moneyline,16,16,0,0.5,0.23467852211769966,0.6625472726915105,0.04575756753802296,0.13991254541474382,3.62,0.22625,3.05,0.13587373061666988,0,
development_validation,1,require_meta_support,0.9,puck_line,21,21,0,0.38095238095238093,0.3480620310296357,0.9090373207685338,-0.3448151151075065,0.38499514340265734,-7.73,-0.36809523809523814,8.63,0.21638206246914168,0,
development_validation,1,require_meta_support,0.9,total,18,18,0,0.3888888888888889,0.26025292254079435,0.7140489106373384,-0.1689177550654774,0.1689177550654774,-5.01,-0.2783333333333333,5.01,0.05140529648540729,0,
development_validation,1,price_aware_positive_ev_secondary,0.9,all,55,55,0,0.41818181818181815,0.28520873172743,0.771249140385367,-0.17252627682323424,0.19293627818507048,-9.119999999999997,-0.16581818181818178,12.379999999999999,0.13813998066804672,0,
development_validation,1,price_aware_positive_ev_secondary,0.9,moneyline,16,16,0,0.5,0.23467852211769966,0.6625472726915105,0.04575756753802296,0.13991254541474382,3.62,0.22625,3.05,0.13587373061666988,0,
development_validation,1,price_aware_positive_ev_secondary,0.9,puck_line,21,21,0,0.38095238095238093,0.3480620310296357,0.9090373207685338,-0.3448151151075065,0.38499514340265734,-7.73,-0.36809523809523814,8.63,0.21638206246914168,0,
development_validation,1,price_aware_positive_ev_secondary,0.9,total,18,18,0,0.3888888888888889,0.2567956244168391,0.7071201456662112,-0.16555271603492278,0.16555271603492266,-5.01,-0.2783333333333333,5.01,0.04887199639021541,0,
development_validation,1,continuous_disagreement,,all,57,57,0,0.40350877192982454,0.2855282854090027,0.7716263244885467,-0.18550805515561813,0.18550805515561805,-11.12,-0.1950877192982456,13.66,0.13579872074935856,0,
development_validation,1,continuous_disagreement,,moneyline,17,17,0,0.47058823529411764,0.23809171154920275,0.6693826594946711,0.011241234487810225,0.09985768425413578,2.62,0.15411764705882353,4.05,0.13270705167634728,0,
development_validation,1,continuous_disagreement,,puck_line,21,21,0,0.38095238095238093,0.3480620310296357,0.9090373207685338,-0.3448151151075065,0.38499514340265734,-7.73,-0.36809523809523814,8.63,0.21638206246914168,0,
development_validation,1,continuous_disagreement,,total,19,19,0,0.3684210526315789,0.2588552905449662,0.7112321867525547,-0.18547066910028248,0.18547066910028254,-6.01,-0.3163157894736842,6.01,0.049499152229661,0,
development_validation,2,primary_only,,all,32,32,0,0.53125,0.24283386293064707,0.6760915010420527,-0.06694551485788003,0.15400028840154809,-0.6199999999999999,-0.019374999999999996,8.559999999999999,0.10455749612275209,0,
development_validation,2,primary_only,,moneyline,10,10,0,0.7,0.24103818369367214,0.6750925887167447,0.2107812255526883,0.21078122555268825,5.03,0.503,2.05,0.0887821845200509,0,
development_validation,2,primary_only,,puck_line,10,10,0,0.7,0.2006792217029036,0.5856613024115871,-0.04721627489196889,0.1105718537706625,0.79,0.079,2.0,0.17995115755541208,0,
development_validation,2,primary_only,,total,12,12,0,0.25,0.27945912998457906,0.7522824268385303,-0.31482549850494645,0.4437922185215613,-6.4399999999999995,-0.5366666666666666,7.49,0.054875537931119746,0,
development_validation,2,reject_high_disagreement,0.6,all,19,19,0,0.5789473684210527,0.23523530546944832,0.6575694055579099,-0.024058945466069237,0.18045321268935877,1.2799999999999998,0.06736842105263156,5.279999999999999,0.10397940674454553,0,
development_validation,2,reject_high_disagreement,0.6,moneyline,5,5,0,0.8,0.27268866127299185,0.73881812252177,0.3299924665379849,0.3299924665379849,3.9299999999999997,0.7859999999999999,1.0,0.09715229377512627,0,
development_validation,2,reject_high_disagreement,0.6,puck_line,6,6,0,0.8333333333333334,0.13827058930819733,0.4496062566103325,0.0648212488225115,0.0648212488225115,1.56,0.26,1.0,0.18524677657014565,0,
development_validation,2,reject_high_disagreement,0.6,total,8,8,0,0.25,0.2845504952131719,0.7627613191661803,-0.31200122368503835,0.40892828067472353,-4.21,-0.52625,5.26,0.04729582498123247,0,
development_validation,2,require_sdv_support,0.6,all,28,28,0,0.5357142857142857,0.2462122969602198,0.6825182685758202,-0.07199286728120391,0.20140741292737108,-0.52,-0.018571428571428572,7.51,0.10440977472091044,0,
development_validation,2,require_sdv_support,0.6,moneyline,7,7,0,0.7142857142857143,0.26586350214541304,0.7250838096610401,0.23743970564509487,0.2374397056450948,4.13,0.59,2.0,0.087119525233896,0,
development_validation,2,require_sdv_support,0.6,puck_line,10,10,0,0.7,0.2006792217029036,0.5856613024115871,-0.04721627489196889,0.1105718537706625,0.79,0.079,2.0,0.17995115755541208,0,
development_validation,2,require_sdv_support,0.6,total,11,11,0,0.2727272727272727,0.2751006893490206,0.7434828934890743,-0.2914286794972445,0.432119646788097,-5.4399999999999995,-0.4945454545454545,6.49,0.04673867636309998,0,
development_validation,2,require_weighted_support,0.6,all,27,27,0,0.5555555555555556,0.23440335417039238,0.6571324209722303,-0.03632390843725619,0.19934102932476785,0.97,0.035925925925925924,5.5600000000000005,0.10006820443359724,0,
development_validation,2,require_weighted_support,0.6,moneyline,8,8,0,0.75,0.2556761540700127,0.7045766779345124,0.26143188336561296,0.26143188336561296,5.08,0.635,2.0,0.09031890977365681,0,
development_validation,2,require_weighted_support,0.6,puck_line,7,7,0,0.8571428571428571,0.1328531100322205,0.43979611724453693,0.10081505533264812,0.10081505533264823,2.33,0.33285714285714285,1.0,0.18868339804920492,0,
development_validation,2,require_weighted_support,0.6,total,12,12,0,0.25,0.27945912998457906,0.7522824268385303,-0.31482549850494645,0.4437922185215613,-6.4399999999999995,-0.5366666666666666,7.49,0.054875537931119746,0,
development_validation,2,require_meta_support,0.6,all,27,27,0,0.5555555555555556,0.2329528333930958,0.6535481788365042,-0.03889515090264861,0.19676978685937535,0.6599999999999999,0.024444444444444442,6.33,0.09597781647981007,0,
development_validation,2,require_meta_support,0.6,moneyline,8,8,0,0.75,0.2556761540700127,0.7045766779345124,0.26143188336561296,0.26143188336561296,5.08,0.635,2.0,0.09031890977365681,0,
development_validation,2,require_meta_support,0.6,puck_line,7,7,0,0.8571428571428571,0.1272582441769337,0.4259711832924503,0.09089740582327721,0.09089740582327721,2.02,0.2885714285714286,1.0,0.17290618737031152,0,
development_validation,2,require_meta_support,0.6,total,12,12,0,0.25,0.27945912998457906,0.7522824268385303,-0.31482549850494645,0.4437922185215613,-6.4399999999999995,-0.5366666666666666,7.49,0.054875537931119746,0,
development_validation,2,price_aware_positive_ev_secondary,0.6,all,27,27,0,0.5925925925925926,0.23991379684845507,0.6697491611187352,-0.018171310345708958,0.15237898731210447,2.43,0.09000000000000001,6.51,0.11063135001865765,0,
development_validation,2,price_aware_positive_ev_secondary,0.6,moneyline,8,8,0,0.75,0.2556761540700127,0.7045766779345124,0.26143188336561296,0.26143188336561296,5.08,0.635,2.0,0.09031890977365681,0,
development_validation,2,price_aware_positive_ev_secondary,0.6,puck_line,10,10,0,0.7,0.2006792217029036,0.5856613024115871,-0.04721627489196889,0.1105718537706625,0.79,0.079,2.0,0.17995115755541208,0,
development_validation,2,price_aware_positive_ev_secondary,0.6,total,9,9,0,0.3333333333333333,0.26949678503546104,0.7322223225126536,-0.2344352997043732,0.4063909263931929,-3.44,-0.38222222222222224,4.49,0.05166484408448683,0,
development_validation,2,reject_high_disagreement,0.7,all,24,24,0,0.5833333333333334,0.23931977229178827,0.6684075918948311,-0.011258357476007896,0.14199194535288673,2.1999999999999993,0.09166666666666663,6.279999999999999,0.10297998258251351,0,
development_validation,2,reject_high_disagreement,0.7,moneyline,8,8,0,0.75,0.24726893602679262,0.6876038765314181,0.2706540470993224,0.2706540470993223,5.08,0.635,1.0499999999999998,0.09399336536198788,0,
development_validation,2,reject_high_disagreement,0.7,puck_line,7,7,0,0.7142857142857143,0.1914359973527755,0.5644214700872454,-0.04650217983991578,0.04650217983991578,0.56,0.08,2.0,0.1792270089034342,0,
development_validation,2,reject_high_disagreement,0.7,total,9,9,0,0.3333333333333333,0.26949678503546104,0.7322223225126536,-0.2344352997043732,0.4063909263931929,-3.44,-0.38222222222222224,4.49,0.05166484408448683,0,
development_validation,2,require_sdv_support,0.7,all,30,30,0,0.5333333333333333,0.24179363611888205,0.673813920401474,-0.06684501396040399,0.15970343907365,-0.569999999999999,-0.018999999999999965,8.51,0.1033421180033503,0,
development_validation,2,require_sdv_support,0.7,moneyline,9,9,0,0.6666666666666666,0.24676769818868888,0.6866103066165042,0.1858364227308058,0.18583642273080575,4.08,0.45333333333333337,2.05,0.08740294717247653,0,
development_validation,2,require_sdv_support,0.7,puck_line,10,10,0,0.7,0.2006792217029036,0.5856613024115871,-0.04721627489196889,0.1105718537706625,0.79,0.079,2.0,0.17995115755541208,0,
development_validation,2,require_sdv_support,0.7,total,11,11,0,0.2727272727272727,0.2751006893490206,0.7434828934890743,-0.2914286794972445,0.432119646788097,-5.4399999999999995,-0.4945454545454545,6.49,0.04673867636309998,0,
development_validation,2,require_weighted_support,0.7,all,29,29,0,0.5172413793103449,0.24189031239168746,0.673750601836944,-0.07290053592993251,0.16896097570225593,-1.0299999999999998,-0.03551724137931034,7.5600000000000005,0.1003112127232181,0,
development_validation,2,require_weighted_support,0.7,moneyline,9,9,0,0.6666666666666666,0.24676769818868888,0.6866103066165042,0.1858364227308058,0.18583642273080575,4.08,0.45333333333333337,2.05,0.08740294717247653,0,
development_validation,2,require_weighted_support,0.7,puck_line,8,8,0,0.75,0.1800500269807235,0.5414856964575601,-0.0010921705607427334,0.08028664415910988,1.33,0.16625,2.0,0.18298652365595,0,
development_validation,2,require_weighted_support,0.7,total,12,12,0,0.25,0.27945912998457906,0.7522824268385303,-0.31482549850494645,0.4437922185215613,-6.4399999999999995,-0.5366666666666666,7.49,0.054875537931119746,0,
development_validation,2,require_meta_support,0.7,all,29,29,0,0.5172413793103449,0.2405398275300665,0.6704135488140266,-0.07529445132874624,0.149508139763589,-1.3399999999999994,-0.046206896551724115,8.329999999999998,0.09650292049038178,0,
development_validation,2,require_meta_support,0.7,moneyline,9,9,0,0.6666666666666666,0.24676769818868888,0.6866103066165042,0.1858364227308058,0.18583642273080575,4.08,0.45333333333333337,2.05,0.08740294717247653,0,
development_validation,2,require_meta_support,0.7,puck_line,8,8,0,0.75,0.17515451935734755,0.5293888792494843,-0.009770113881442333,0.009770113881442333,1.02,0.1275,2.0,0.16918146431191827,0,
development_validation,2,require_meta_support,0.7,total,12,12,0,0.25,0.27945912998457906,0.7522824268385303,-0.31482549850494645,0.4437922185215613,-6.4399999999999995,-0.5366666666666666,7.49,0.054875537931119746,0,
development_validation,2,price_aware_positive_ev_secondary,0.7,all,28,28,0,0.5714285714285714,0.23761330593022797,0.6652180959385104,-0.03248402291720687,0.1319751926813989,1.43,0.051071428571428566,7.51,0.10896863203095679,0,
development_validation,2,price_aware_positive_ev_secondary,0.7,moneyline,9,9,0,0.6666666666666666,0.24676769818868888,0.6866103066165042,0.1858364227308058,0.18583642273080575,4.08,0.45333333333333337,2.05,0.08740294717247653,0,
development_validation,2,price_aware_positive_ev_secondary,0.7,puck_line,10,10,0,0.7,0.2006792217029036,0.5856613024115871,-0.04721627489196889,0.1105718537706625,0.79,0.079,2.0,0.17995115755541208,0,
development_validation,2,price_aware_positive_ev_secondary,0.7,total,9,9,0,0.3333333333333333,0.26949678503546104,0.7322223225126536,-0.2344352997043732,0.4063909263931929,-3.44,-0.38222222222222224,4.49,0.05166484408448683,0,
development_validation,2,reject_high_disagreement,0.75,all,26,26,0,0.6153846153846154,0.2271233439526396,0.6425722396119563,0.011305063953736538,0.1337396244244184,3.4299999999999997,0.13192307692307692,5.51,0.10691097542596888,0,
development_validation,2,reject_high_disagreement,0.75,moneyline,8,8,0,0.75,0.24726893602679262,0.6876038765314181,0.2706540470993224,0.2706540470993223,5.08,0.635,1.0499999999999998,0.09399336536198788,0,
development_validation,2,reject_high_disagreement,0.75,puck_line,9,9,0,0.7777777777777778,0.16684270991501554,0.5128940350050709,0.02651299814910346,0.04388208949388969,1.79,0.1988888888888889,2.0,0.17363942682432298,0,
development_validation,2,reject_high_disagreement,0.75,total,9,9,0,0.3333333333333333,0.26949678503546104,0.7322223225126536,-0.2344352997043732,0.4063909263931929,-3.44,-0.38222222222222224,4.49,0.05166484408448683,0,
development_validation,2,require_sdv_support,0.75,all,30,30,0,0.5333333333333333,0.24179363611888205,0.673813920401474,-0.06684501396040399,0.15970343907365,-0.569999999999999,-0.018999999999999965,8.51,0.1033421180033503,0,
development_validation,2,require_sdv_support,0.75,moneyline,9,9,0,0.6666666666666666,0.24676769818868888,0.6866103066165042,0.1858364227308058,0.18583642273080575,4.08,0.45333333333333337,2.05,0.08740294717247653,0,
development_validation,2,require_sdv_support,0.75,puck_line,10,10,0,0.7,0.2006792217029036,0.5856613024115871,-0.04721627489196889,0.1105718537706625,0.79,0.079,2.0,0.17995115755541208,0,
development_validation,2,require_sdv_support,0.75,total,11,11,0,0.2727272727272727,0.2751006893490206,0.7434828934890743,-0.2914286794972445,0.432119646788097,-5.4399999999999995,-0.4945454545454545,6.49,0.04673867636309998,0,
development_validation,2,require_weighted_support,0.75,all,30,30,0,0.5333333333333333,0.23586677442494294,0.6607642732218845,-0.06222537313800569,0.1550837982512517,-0.5699999999999998,-0.018999999999999996,7.56,0.10026292737148772,0,
development_validation,2,require_weighted_support,0.75,moneyline,9,9,0,0.6666666666666666,0.24676769818868888,0.6866103066165042,0.1858364227308058,0.18583642273080575,4.08,0.45333333333333337,2.05,0.08740294717247653,0,
development_validation,2,require_weighted_support,0.75,puck_line,9,9,0,0.7777777777777778,0.16684270991501554,0.5128940350050709,0.02651299814910346,0.04388208949388969,1.79,0.1988888888888889,2.0,0.17363942682432298,0,
development_validation,2,require_weighted_support,0.75,total,12,12,0,0.25,0.27945912998457906,0.7522824268385303,-0.31482549850494645,0.4437922185215613,-6.4399999999999995,-0.5366666666666666,7.49,0.054875537931119746,0,
development_validation,2,require_meta_support,0.75,all,30,30,0,0.5333333333333333,0.23586677442494294,0.6607642732218845,-0.06222537313800569,0.1550837982512517,-0.5699999999999998,-0.018999999999999996,7.56,0.10026292737148772,0,
development_validation,2,require_meta_support,0.75,moneyline,9,9,0,0.6666666666666666,0.24676769818868888,0.6866103066165042,0.1858364227308058,0.18583642273080575,4.08,0.45333333333333337,2.05,0.08740294717247653,0,
development_validation,2,require_meta_support,0.75,puck_line,9,9,0,0.7777777777777778,0.16684270991501554,0.5128940350050709,0.02651299814910346,0.04388208949388969,1.79,0.1988888888888889,2.0,0.17363942682432298,0,
development_validation,2,require_meta_support,0.75,total,12,12,0,0.25,0.27945912998457906,0.7522824268385303,-0.31482549850494645,0.4437922185215613,-6.4399999999999995,-0.5366666666666666,7.49,0.054875537931119746,0,
development_validation,2,price_aware_positive_ev_secondary,0.75,all,28,28,0,0.5714285714285714,0.23761330593022797,0.6652180959385104,-0.03248402291720687,0.1319751926813989,1.43,0.051071428571428566,7.51,0.10896863203095679,0,
development_validation,2,price_aware_positive_ev_secondary,0.75,moneyline,9,9,0,0.6666666666666666,0.24676769818868888,0.6866103066165042,0.1858364227308058,0.18583642273080575,4.08,0.45333333333333337,2.05,0.08740294717247653,0,
development_validation,2,price_aware_positive_ev_secondary,0.75,puck_line,10,10,0,0.7,0.2006792217029036,0.5856613024115871,-0.04721627489196889,0.1105718537706625,0.79,0.079,2.0,0.17995115755541208,0,
development_validation,2,price_aware_positive_ev_secondary,0.75,total,9,9,0,0.3333333333333333,0.26949678503546104,0.7322223225126536,-0.2344352997043732,0.4063909263931929,-3.44,-0.38222222222222224,4.49,0.05166484408448683,0,
development_validation,2,reject_high_disagreement,0.8,all,28,28,0,0.5714285714285714,0.22985815495339273,0.6483912166343632,-0.02626744560581129,0.12575861537000319,1.4300000000000002,0.05107142857142858,6.51,0.10064368121557576,0,
development_validation,2,reject_high_disagreement,0.8,moneyline,9,9,0,0.6666666666666666,0.24676769818868888,0.6866103066165042,0.1858364227308058,0.18583642273080575,4.08,0.45333333333333337,2.05,0.08740294717247653,0,
development_validation,2,reject_high_disagreement,0.8,puck_line,9,9,0,0.7777777777777778,0.16684270991501554,0.5128940350050709,0.02651299814910346,0.04388208949388969,1.79,0.1988888888888889,2.0,0.17363942682432298,0,
development_validation,2,reject_high_disagreement,0.8,total,10,10,0,0.3,0.27135346657616577,0.7359414991167997,-0.26466332648818963,0.4194233905081274,-4.4399999999999995,-0.44399999999999995,5.49,0.046864170806492654,0,
development_validation,2,require_sdv_support,0.8,all,30,30,0,0.5333333333333333,0.24179363611888205,0.673813920401474,-0.06684501396040399,0.15970343907365,-0.569999999999999,-0.018999999999999965,8.51,0.1033421180033503,0,
development_validation,2,require_sdv_support,0.8,moneyline,9,9,0,0.6666666666666666,0.24676769818868888,0.6866103066165042,0.1858364227308058,0.18583642273080575,4.08,0.45333333333333337,2.05,0.08740294717247653,0,
development_validation,2,require_sdv_support,0.8,puck_line,10,10,0,0.7,0.2006792217029036,0.5856613024115871,-0.04721627489196889,0.1105718537706625,0.79,0.079,2.0,0.17995115755541208,0,
development_validation,2,require_sdv_support,0.8,total,11,11,0,0.2727272727272727,0.2751006893490206,0.7434828934890743,-0.2914286794972445,0.432119646788097,-5.4399999999999995,-0.4945454545454545,6.49,0.04673867636309998,0,
development_validation,2,require_weighted_support,0.8,all,30,30,0,0.5333333333333333,0.23586677442494294,0.6607642732218845,-0.06222537313800569,0.1550837982512517,-0.5699999999999998,-0.018999999999999996,7.56,0.10026292737148772,0,
development_validation,2,require_weighted_support,0.8,moneyline,9,9,0,0.6666666666666666,0.24676769818868888,0.6866103066165042,0.1858364227308058,0.18583642273080575,4.08,0.45333333333333337,2.05,0.08740294717247653,0,
development_validation,2,require_weighted_support,0.8,puck_line,9,9,0,0.7777777777777778,0.16684270991501554,0.5128940350050709,0.02651299814910346,0.04388208949388969,1.79,0.1988888888888889,2.0,0.17363942682432298,0,
development_validation,2,require_weighted_support,0.8,total,12,12,0,0.25,0.27945912998457906,0.7522824268385303,-0.31482549850494645,0.4437922185215613,-6.4399999999999995,-0.5366666666666666,7.49,0.054875537931119746,0,
development_validation,2,require_meta_support,0.8,all,30,30,0,0.5333333333333333,0.23586677442494294,0.6607642732218845,-0.06222537313800569,0.1550837982512517,-0.5699999999999998,-0.018999999999999996,7.56,0.10026292737148772,0,
development_validation,2,require_meta_support,0.8,moneyline,9,9,0,0.6666666666666666,0.24676769818868888,0.6866103066165042,0.1858364227308058,0.18583642273080575,4.08,0.45333333333333337,2.05,0.08740294717247653,0,
development_validation,2,require_meta_support,0.8,puck_line,9,9,0,0.7777777777777778,0.16684270991501554,0.5128940350050709,0.02651299814910346,0.04388208949388969,1.79,0.1988888888888889,2.0,0.17363942682432298,0,
development_validation,2,require_meta_support,0.8,total,12,12,0,0.25,0.27945912998457906,0.7522824268385303,-0.31482549850494645,0.4437922185215613,-6.4399999999999995,-0.5366666666666666,7.49,0.054875537931119746,0,
development_validation,2,price_aware_positive_ev_secondary,0.8,all,29,29,0,0.5517241379310345,0.23935297125823765,0.6688110612011174,-0.049871317559459616,0.145931757331783,0.42999999999999994,0.014827586206896549,7.51,0.1053372347645288,0,
development_validation,2,price_aware_positive_ev_secondary,0.8,moneyline,9,9,0,0.6666666666666666,0.24676769818868888,0.6866103066165042,0.1858364227308058,0.18583642273080575,4.08,0.45333333333333337,2.05,0.08740294717247653,0,
development_validation,2,price_aware_positive_ev_secondary,0.8,puck_line,10,10,0,0.7,0.2006792217029036,0.5856613024115871,-0.04721627489196889,0.1105718537706625,0.79,0.079,2.0,0.17995115755541208,0,
development_validation,2,price_aware_positive_ev_secondary,0.8,total,10,10,0,0.3,0.27135346657616577,0.7359414991167997,-0.26466332648818963,0.4194233905081274,-4.4399999999999995,-0.44399999999999995,5.49,0.046864170806492654,0,
development_validation,2,reject_high_disagreement,0.85,all,30,30,0,0.5666666666666667,0.23126912696703622,0.6515094676864298,-0.028642874520029116,0.12150129963327505,1.3800000000000003,0.04600000000000001,7.51,0.09882340422045051,0,
development_validation,2,reject_high_disagreement,0.85,moneyline,10,10,0,0.7,0.24103818369367214,0.6750925887167447,0.2107812255526883,0.21078122555268825,5.03,0.503,2.05,0.0887821845200509,0,
development_validation,2,reject_high_disagreement,0.85,puck_line,9,9,0,0.7777777777777778,0.16684270991501554,0.5128940350050709,0.02651299814910346,0.04388208949388969,1.79,0.1988888888888889,2.0,0.17363942682432298,0,
development_validation,2,reject_high_disagreement,0.85,total,11,11,0,0.2727272727272727,0.2751006893490206,0.7434828934890743,-0.2914286794972445,0.432119646788097,-5.4399999999999995,-0.4945454545454545,6.49,0.04673867636309998,0,
development_validation,2,require_sdv_support,0.85,all,31,31,0,0.5483870967741935,0.24010585925177363,0.6705113141826817,-0.0506472892858868,0.14051028133096352,0.380000000000001,0.012258064516129064,8.51,0.10327286647576547,0,
development_validation,2,require_sdv_support,0.85,moneyline,10,10,0,0.7,0.24103818369367214,0.6750925887167447,0.2107812255526883,0.21078122555268825,5.03,0.503,2.05,0.0887821845200509,0,
development_validation,2,require_sdv_support,0.85,puck_line,10,10,0,0.7,0.2006792217029036,0.5856613024115871,-0.04721627489196889,0.1105718537706625,0.79,0.079,2.0,0.17995115755541208,0,
development_validation,2,require_sdv_support,0.85,total,11,11,0,0.2727272727272727,0.2751006893490206,0.7434828934890743,-0.2914286794972445,0.432119646788097,-5.4399999999999995,-0.4945454545454545,6.49,0.04673867636309998,0,
development_validation,2,require_weighted_support,0.85,all,31,31,0,0.5483870967741935,0.23437018664473577,0.6578826233637239,-0.046176669135178705,0.13603966118025548,0.3800000000000001,0.012258064516129036,7.56,0.10029300457396298,0,
development_validation,2,require_weighted_support,0.85,moneyline,10,10,0,0.7,0.24103818369367214,0.6750925887167447,0.2107812255526883,0.21078122555268825,5.03,0.503,2.05,0.0887821845200509,0,
development_validation,2,require_weighted_support,0.85,puck_line,9,9,0,0.7777777777777778,0.16684270991501554,0.5128940350050709,0.02651299814910346,0.04388208949388969,1.79,0.1988888888888889,2.0,0.17363942682432298,0,
development_validation,2,require_weighted_support,0.85,total,12,12,0,0.25,0.27945912998457906,0.7522824268385303,-0.31482549850494645,0.4437922185215613,-6.4399999999999995,-0.5366666666666666,7.49,0.054875537931119746,0,
development_validation,2,require_meta_support,0.85,all,31,31,0,0.5483870967741935,0.23437018664473577,0.6578826233637239,-0.046176669135178705,0.13603966118025548,0.3800000000000001,0.012258064516129036,7.56,0.10029300457396298,0,
development_validation,2,require_meta_support,0.85,moneyline,10,10,0,0.7,0.24103818369367214,0.6750925887167447,0.2107812255526883,0.21078122555268825,5.03,0.503,2.05,0.0887821845200509,0,
development_validation,2,require_meta_support,0.85,puck_line,9,9,0,0.7777777777777778,0.16684270991501554,0.5128940350050709,0.02651299814910346,0.04388208949388969,1.79,0.1988888888888889,2.0,0.17363942682432298,0,
development_validation,2,require_meta_support,0.85,total,12,12,0,0.25,0.27945912998457906,0.7522824268385303,-0.31482549850494645,0.4437922185215613,-6.4399999999999995,-0.5366666666666666,7.49,0.054875537931119746,0,
development_validation,2,price_aware_positive_ev_secondary,0.85,all,31,31,0,0.5483870967741935,0.24010585925177363,0.6705113141826817,-0.0506472892858868,0.14051028133096352,0.380000000000001,0.012258064516129064,8.51,0.10327286647576547,0,
development_validation,2,price_aware_positive_ev_secondary,0.85,moneyline,10,10,0,0.7,0.24103818369367214,0.6750925887167447,0.2107812255526883,0.21078122555268825,5.03,0.503,2.05,0.0887821845200509,0,
development_validation,2,price_aware_positive_ev_secondary,0.85,puck_line,10,10,0,0.7,0.2006792217029036,0.5856613024115871,-0.04721627489196889,0.1105718537706625,0.79,0.079,2.0,0.17995115755541208,0,
development_validation,2,price_aware_positive_ev_secondary,0.85,total,11,11,0,0.2727272727272727,0.2751006893490206,0.7434828934890743,-0.2914286794972445,0.432119646788097,-5.4399999999999995,-0.4945454545454545,6.49,0.04673867636309998,0,
development_validation,2,reject_high_disagreement,0.9,all,30,30,0,0.5666666666666667,0.23126912696703622,0.6515094676864298,-0.028642874520029116,0.12150129963327505,1.3800000000000003,0.04600000000000001,7.51,0.09882340422045051,0,
development_validation,2,reject_high_disagreement,0.9,moneyline,10,10,0,0.7,0.24103818369367214,0.6750925887167447,0.2107812255526883,0.21078122555268825,5.03,0.503,2.05,0.0887821845200509,0,
development_validation,2,reject_high_disagreement,0.9,puck_line,9,9,0,0.7777777777777778,0.16684270991501554,0.5128940350050709,0.02651299814910346,0.04388208949388969,1.79,0.1988888888888889,2.0,0.17363942682432298,0,
development_validation,2,reject_high_disagreement,0.9,total,11,11,0,0.2727272727272727,0.2751006893490206,0.7434828934890743,-0.2914286794972445,0.432119646788097,-5.4399999999999995,-0.4945454545454545,6.49,0.04673867636309998,0,
development_validation,2,require_sdv_support,0.9,all,31,31,0,0.5483870967741935,0.24010585925177363,0.6705113141826817,-0.0506472892858868,0.14051028133096352,0.380000000000001,0.012258064516129064,8.51,0.10327286647576547,0,
development_validation,2,require_sdv_support,0.9,moneyline,10,10,0,0.7,0.24103818369367214,0.6750925887167447,0.2107812255526883,0.21078122555268825,5.03,0.503,2.05,0.0887821845200509,0,
development_validation,2,require_sdv_support,0.9,puck_line,10,10,0,0.7,0.2006792217029036,0.5856613024115871,-0.04721627489196889,0.1105718537706625,0.79,0.079,2.0,0.17995115755541208,0,
development_validation,2,require_sdv_support,0.9,total,11,11,0,0.2727272727272727,0.2751006893490206,0.7434828934890743,-0.2914286794972445,0.432119646788097,-5.4399999999999995,-0.4945454545454545,6.49,0.04673867636309998,0,
development_validation,2,require_weighted_support,0.9,all,31,31,0,0.5483870967741935,0.23437018664473577,0.6578826233637239,-0.046176669135178705,0.13603966118025548,0.3800000000000001,0.012258064516129036,7.56,0.10029300457396298,0,
development_validation,2,require_weighted_support,0.9,moneyline,10,10,0,0.7,0.24103818369367214,0.6750925887167447,0.2107812255526883,0.21078122555268825,5.03,0.503,2.05,0.0887821845200509,0,
development_validation,2,require_weighted_support,0.9,puck_line,9,9,0,0.7777777777777778,0.16684270991501554,0.5128940350050709,0.02651299814910346,0.04388208949388969,1.79,0.1988888888888889,2.0,0.17363942682432298,0,
development_validation,2,require_weighted_support,0.9,total,12,12,0,0.25,0.27945912998457906,0.7522824268385303,-0.31482549850494645,0.4437922185215613,-6.4399999999999995,-0.5366666666666666,7.49,0.054875537931119746,0,
development_validation,2,require_meta_support,0.9,all,31,31,0,0.5483870967741935,0.23437018664473577,0.6578826233637239,-0.046176669135178705,0.13603966118025548,0.3800000000000001,0.012258064516129036,7.56,0.10029300457396298,0,
development_validation,2,require_meta_support,0.9,moneyline,10,10,0,0.7,0.24103818369367214,0.6750925887167447,0.2107812255526883,0.21078122555268825,5.03,0.503,2.05,0.0887821845200509,0,
development_validation,2,require_meta_support,0.9,puck_line,9,9,0,0.7777777777777778,0.16684270991501554,0.5128940350050709,0.02651299814910346,0.04388208949388969,1.79,0.1988888888888889,2.0,0.17363942682432298,0,
development_validation,2,require_meta_support,0.9,total,12,12,0,0.25,0.27945912998457906,0.7522824268385303,-0.31482549850494645,0.4437922185215613,-6.4399999999999995,-0.5366666666666666,7.49,0.054875537931119746,0,
development_validation,2,price_aware_positive_ev_secondary,0.9,all,31,31,0,0.5483870967741935,0.24010585925177363,0.6705113141826817,-0.0506472892858868,0.14051028133096352,0.380000000000001,0.012258064516129064,8.51,0.10327286647576547,0,
development_validation,2,price_aware_positive_ev_secondary,0.9,moneyline,10,10,0,0.7,0.24103818369367214,0.6750925887167447,0.2107812255526883,0.21078122555268825,5.03,0.503,2.05,0.0887821845200509,0,
development_validation,2,price_aware_positive_ev_secondary,0.9,puck_line,10,10,0,0.7,0.2006792217029036,0.5856613024115871,-0.04721627489196889,0.1105718537706625,0.79,0.079,2.0,0.17995115755541208,0,
development_validation,2,price_aware_positive_ev_secondary,0.9,total,11,11,0,0.2727272727272727,0.2751006893490206,0.7434828934890743,-0.2914286794972445,0.432119646788097,-5.4399999999999995,-0.4945454545454545,6.49,0.04673867636309998,0,
development_validation,2,continuous_disagreement,,all,32,32,0,0.53125,0.24283386293064707,0.6760915010420527,-0.06694551485788003,0.15400028840154809,-0.6199999999999999,-0.019374999999999996,8.559999999999999,0.10455749612275209,0,
development_validation,2,continuous_disagreement,,moneyline,10,10,0,0.7,0.24103818369367214,0.6750925887167447,0.2107812255526883,0.21078122555268825,5.03,0.503,2.05,0.0887821845200509,0,
development_validation,2,continuous_disagreement,,puck_line,10,10,0,0.7,0.2006792217029036,0.5856613024115871,-0.04721627489196889,0.1105718537706625,0.79,0.079,2.0,0.17995115755541208,0,
development_validation,2,continuous_disagreement,,total,12,12,0,0.25,0.27945912998457906,0.7522824268385303,-0.31482549850494645,0.4437922185215613,-6.4399999999999995,-0.5366666666666666,7.49,0.054875537931119746,0,
development_validation,3,primary_only,,all,39,39,0,0.6153846153846154,0.21810164938954088,0.6281064075319249,-0.0019072353177183032,0.0801923122036884,2.82,0.07230769230769231,4.62,0.10640624061336086,0,
development_validation,3,primary_only,,moneyline,10,10,0,0.6,0.17298577593881018,0.5345794016788001,0.06509129320239693,0.41079626316990747,0.6399999999999997,0.06399999999999997,2.0,0.07908909867602162,0,
development_validation,3,primary_only,,puck_line,16,16,0,0.6875,0.21844560948620453,0.6298146699226203,-0.04450000275581523,0.04450000275581527,1.65,0.103125,1.58,0.1757569573713384,0,
development_validation,3,primary_only,,total,13,13,0,0.5384615384615384,0.2523828319249785,0.697947781399627,-0.0010226973324570787,0.08357867762488036,0.5300000000000005,0.04076923076923081,4.23,0.04206469840149559,0,
development_validation,3,reject_high_disagreement,0.6,all,14,14,0,0.6428571428571429,0.20064491470314452,0.5896813094509781,0.019129158325546736,0.08050315761130634,1.3900000000000003,0.09928571428571431,3.23,0.10270462909268772,0,
development_validation,3,reject_high_disagreement,0.6,moneyline,4,4,0,0.75,0.18346373266327465,0.5589215078209797,0.20683010100282717,0.4277684679016795,1.55,0.3875,1.0,0.12585374628301904,0,
development_validation,3,reject_high_disagreement,0.6,puck_line,5,5,0,0.8,0.16046982545814314,0.5016427027178331,0.02326530247694414,0.02326530247694414,0.97,0.194,1.0,0.15083263885314854,0,
development_validation,3,reject_high_disagreement,0.6,total,5,5,0,0.4,0.2545649495800418,0.7023277574881217,-0.1351677399676754,0.14007123548663003,-1.13,-0.22599999999999998,2.23,0.036057325579961844,0,
development_validation,3,require_sdv_support,0.6,all,34,34,0,0.6176470588235294,0.22652614498480866,0.6459006250745469,-0.007549277090766138,0.054134180248474516,2.8300000000000005,0.08323529411764707,5.27,0.11614059316269044,0,
development_validation,3,require_sdv_support,0.6,moneyline,6,6,0,0.6666666666666666,0.18918330439538464,0.5703091932833937,0.15435532392779405,0.43357092124412117,1.5999999999999999,0.26666666666666666,1.0,0.10794647877614154,0,
development_validation,3,require_sdv_support,0.6,puck_line,16,16,0,0.6875,0.21844560948620453,0.6298146699226203,-0.04450000275581523,0.04450000275581527,1.65,0.103125,1.58,0.1757569573713384,0,
development_validation,3,require_sdv_support,0.6,total,12,12,0,0.5,0.25597161261099294,0.7051442811726929,-0.039233943379980984,0.12866958869677292,-0.4199999999999995,-0.034999999999999955,4.23,0.04074916474443433,0,
development_validation,3,require_weighted_support,0.6,all,30,30,0,0.6,0.22509759045164335,0.6431677752700788,-0.018829260048830454,0.08762775348680943,1.6399999999999997,0.054666666666666655,4.46,0.11965783099607531,0,
development_validation,3,require_weighted_support,0.6,moneyline,6,6,0,0.6666666666666666,0.17145904136466927,0.5340746159218791,0.13389847905343732,0.4131140763697644,1.2,0.19999999999999998,1.05,0.10800571266594572,0,
development_validation,3,require_weighted_support,0.6,puck_line,12,12,0,0.6666666666666666,0.2265120796623676,0.6466956821274638,-0.06921820644668597,0.069218206446686,1.05,0.08750000000000001,1.23,0.20106163248549502,0,
development_validation,3,require_weighted_support,0.6,total,12,12,0,0.5,0.2505023757844061,0.694186448086794,-0.04480418320210877,0.046847306335006625,-0.6099999999999997,-0.05083333333333331,4.23,0.04408008867172033,0,
development_validation,3,require_meta_support,0.6,all,26,26,0,0.5769230769230769,0.22785454010250072,0.6481387949299057,-0.02818767075983608,0.059444159558026816,0.3000000000000005,0.011538461538461556,5.040000000000001,0.10424891170701445,0,
development_validation,3,require_meta_support,0.6,moneyline,6,6,0,0.6666666666666666,0.17145904136466927,0.5340746159218791,0.13389847905343732,0.4131140763697644,1.2,0.19999999999999998,1.05,0.10800571266594572,0,
development_validation,3,require_meta_support,0.6,puck_line,8,8,0,0.625,0.23617941063301628,0.6646154494505934,-0.12482751445638174,0.12482751445638184,-0.29000000000000004,-0.036250000000000004,2.0,0.19168454554075717,0,
development_validation,3,require_meta_support,0.6,total,12,12,0,0.5,0.2505023757844061,0.694186448086794,-0.04480418320210877,0.046847306335006625,-0.6099999999999997,-0.05083333333333331,4.23,0.04408008867172033,0,
development_validation,3,price_aware_positive_ev_secondary,0.6,all,32,32,0,0.59375,0.22414245214526388,0.6409959362082377,-0.04047543339782278,0.08439729538954216,0.7199999999999998,0.022499999999999992,4.62,0.1234452201765682,0,
development_validation,3,price_aware_positive_ev_secondary,0.6,moneyline,7,7,0,0.7142857142857143,0.18190931499687998,0.5552594812683107,0.18542463886105098,0.424752293703617,2.25,0.32142857142857145,1.0,0.09773457152812466,0,
development_validation,3,price_aware_positive_ev_secondary,0.6,puck_line,16,16,0,0.6875,0.21844560948620453,0.6298146699226203,-0.04450000275581523,0.04450000275581527,1.65,0.103125,1.58,0.1757569573713384,0,
development_validation,3,price_aware_positive_ev_secondary,0.6,total,9,9,0,0.3333333333333333,0.2671181679878902,0.7275576523359453,-0.20902069962940478,0.21174486380660174,-3.1799999999999997,-0.3533333333333333,4.23,0.05044374744576621,0,
development_validation,3,reject_high_disagreement,0.7,all,20,20,0,0.6,0.1989698500897889,0.5871118711285538,-0.027624356160253938,0.1044252491286351,-0.04999999999999982,-0.002499999999999991,3.0,0.09846663406350967,0,
development_validation,3,reject_high_disagreement,0.7,moneyline,7,7,0,0.5714285714285714,0.17004964072329146,0.5278090970276782,0.025751552001131772,0.4065386353400677,-0.05999999999999983,-0.008571428571428548,2.05,0.0871662815993457,0,
development_validation,3,reject_high_disagreement,0.7,puck_line,8,8,0,0.75,0.18952809610406612,0.56699186949209,-0.007113660921827858,0.007113660921827858,1.14,0.1425,1.01,0.14736026027187055,0,
development_validation,3,reject_high_disagreement,0.7,total,5,5,0,0.4,0.2545649495800418,0.7023277574881217,-0.1351677399676754,0.14007123548663003,-1.13,-0.22599999999999998,2.23,0.036057325579961844,0,
development_validation,3,require_sdv_support,0.7,all,37,37,0,0.5945945945945946,0.2204967968619848,0.632962132444444,-0.024425269218633416,0.06211209168230879,1.2200000000000004,0.03297297297297298,5.27,0.10960889604310323,0,
development_validation,3,require_sdv_support,0.7,moneyline,9,9,0,0.5555555555555556,0.1768435978646944,0.5423147564011322,0.031008044840375337,0.4151246781376092,-0.010000000000000231,-0.0011111111111111367,2.0,0.08382531763557699,0,
development_validation,3,require_sdv_support,0.7,puck_line,16,16,0,0.6875,0.21844560948620453,0.6298146699226203,-0.04450000275581523,0.04450000275581527,1.65,0.103125,1.58,0.1757569573713384,0,
development_validation,3,require_sdv_support,0.7,total,12,12,0,0.5,0.25597161261099294,0.7051442811726929,-0.039233943379980984,0.12866958869677292,-0.4199999999999995,-0.034999999999999955,4.23,0.04074916474443433,0,
development_validation,3,require_weighted_support,0.7,all,35,35,0,0.6,0.21062124111682778,0.612124364318061,-0.018357352992710574,0.07971499620958479,1.2000000000000002,0.03428571428571429,4.46,0.11321840505547688,0,
development_validation,3,require_weighted_support,0.7,moneyline,9,9,0,0.5555555555555556,0.16502742251088418,0.5181583714934557,0.01737014825747074,0.40148678155470474,-0.4099999999999999,-0.045555555555555544,3.05,0.08386480689544645,0,
development_validation,3,require_weighted_support,0.7,puck_line,14,14,0,0.7142857142857143,0.20574772336272443,0.602192145046394,-0.018656320759771194,0.018656320759771226,2.2199999999999998,0.15857142857142856,1.0,0.19134998934443065,0,
development_validation,3,require_weighted_support,0.7,total,12,12,0,0.5,0.2505023757844061,0.694186448086794,-0.04480418320210877,0.046847306335006625,-0.6099999999999997,-0.05083333333333331,4.23,0.04408008867172033,0,
development_validation,3,require_meta_support,0.7,all,32,32,0,0.5625,0.22170581995677419,0.6355721174510915,-0.04853671185995201,0.07393260900848206,-1.1399999999999997,-0.03562499999999999,4.74,0.10131061182359191,0,
development_validation,3,require_meta_support,0.7,moneyline,9,9,0,0.5555555555555556,0.16502742251088418,0.5181583714934557,0.01737014825747074,0.40148678155470474,-0.4099999999999999,-0.045555555555555544,3.05,0.08386480689544645,0,
development_validation,3,require_meta_support,0.7,puck_line,11,11,0,0.6363636363636364,0.2366646296914494,0.6676950034502094,-0.10653235594639976,0.10653235594639981,-0.1200000000000001,-0.010909090909090919,1.35,0.17801775020320718,0,
development_validation,3,require_meta_support,0.7,total,12,12,0,0.5,0.2505023757844061,0.694186448086794,-0.04480418320210877,0.046847306335006625,-0.6099999999999997,-0.05083333333333331,4.23,0.04408008867172033,0,
development_validation,3,price_aware_positive_ev_secondary,0.7,all,35,35,0,0.5714285714285714,0.21797288637309675,0.6277385030449553,-0.05549352596382051,0.09565065692767813,-0.8900000000000001,-0.025428571428571432,4.81,0.11591417233467219,0,
development_validation,3,price_aware_positive_ev_secondary,0.7,moneyline,10,10,0,0.6,0.17298577593881018,0.5345794016788001,0.06509129320239693,0.41079626316990747,0.6399999999999997,0.06399999999999997,2.0,0.07908909867602162,0,
development_validation,3,price_aware_positive_ev_secondary,0.7,puck_line,16,16,0,0.6875,0.21844560948620453,0.6298146699226203,-0.04450000275581523,0.04450000275581527,1.65,0.103125,1.58,0.1757569573713384,0,
development_validation,3,price_aware_positive_ev_secondary,0.7,total,9,9,0,0.3333333333333333,0.2671181679878902,0.7275576523359453,-0.20902069962940478,0.21174486380660174,-3.1799999999999997,-0.3533333333333333,4.23,0.05044374744576621,0,
development_validation,3,reject_high_disagreement,0.75,all,21,21,0,0.5714285714285714,0.21471369029460488,0.6211046344527832,-0.060962705151337726,0.1163055336440283,-1.0499999999999998,-0.04999999999999999,3.1799999999999997,0.10922860513909918,0,
development_validation,3,reject_high_disagreement,0.75,moneyline,7,7,0,0.5714285714285714,0.17004964072329146,0.5278090970276782,0.025751552001131772,0.4065386353400677,-0.05999999999999983,-0.008571428571428548,2.05,0.0871662815993457,0,
development_validation,3,reject_high_disagreement,0.75,puck_line,9,9,0,0.6666666666666666,0.22731280702482815,0.6485438729860106,-0.08718210803862658,0.08718210803862658,0.1399999999999999,0.015555555555555545,1.03,0.16703890098065033,0,
development_validation,3,reject_high_disagreement,0.75,total,5,5,0,0.4,0.2545649495800418,0.7023277574881217,-0.1351677399676754,0.14007123548663003,-1.13,-0.22599999999999998,2.23,0.036057325579961844,0,
development_validation,3,require_sdv_support,0.75,all,37,37,0,0.5945945945945946,0.2204967968619848,0.632962132444444,-0.024425269218633416,0.06211209168230879,1.2200000000000004,0.03297297297297298,5.27,0.10960889604310323,0,
development_validation,3,require_sdv_support,0.75,moneyline,9,9,0,0.5555555555555556,0.1768435978646944,0.5423147564011322,0.031008044840375337,0.4151246781376092,-0.010000000000000231,-0.0011111111111111367,2.0,0.08382531763557699,0,
development_validation,3,require_sdv_support,0.75,puck_line,16,16,0,0.6875,0.21844560948620453,0.6298146699226203,-0.04450000275581523,0.04450000275581527,1.65,0.103125,1.58,0.1757569573713384,0,
development_validation,3,require_sdv_support,0.75,total,12,12,0,0.5,0.25597161261099294,0.7051442811726929,-0.039233943379980984,0.12866958869677292,-0.4199999999999995,-0.034999999999999955,4.23,0.04074916474443433,0,
development_validation,3,require_weighted_support,0.75,all,35,35,0,0.6,0.21062124111682778,0.612124364318061,-0.018357352992710574,0.07971499620958479,1.2000000000000002,0.03428571428571429,4.46,0.11321840505547688,0,
development_validation,3,require_weighted_support,0.75,moneyline,9,9,0,0.5555555555555556,0.16502742251088418,0.5181583714934557,0.01737014825747074,0.40148678155470474,-0.4099999999999999,-0.045555555555555544,3.05,0.08386480689544645,0,
development_validation,3,require_weighted_support,0.75,puck_line,14,14,0,0.7142857142857143,0.20574772336272443,0.602192145046394,-0.018656320759771194,0.018656320759771226,2.2199999999999998,0.15857142857142856,1.0,0.19134998934443065,0,
development_validation,3,require_weighted_support,0.75,total,12,12,0,0.5,0.2505023757844061,0.694186448086794,-0.04480418320210877,0.046847306335006625,-0.6099999999999997,-0.05083333333333331,4.23,0.04408008867172033,0,
development_validation,3,require_meta_support,0.75,all,32,32,0,0.5625,0.22170581995677419,0.6355721174510915,-0.04853671185995201,0.07393260900848206,-1.1399999999999997,-0.03562499999999999,4.74,0.10131061182359191,0,
development_validation,3,require_meta_support,0.75,moneyline,9,9,0,0.5555555555555556,0.16502742251088418,0.5181583714934557,0.01737014825747074,0.40148678155470474,-0.4099999999999999,-0.045555555555555544,3.05,0.08386480689544645,0,
development_validation,3,require_meta_support,0.75,puck_line,11,11,0,0.6363636363636364,0.2366646296914494,0.6676950034502094,-0.10653235594639976,0.10653235594639981,-0.1200000000000001,-0.010909090909090919,1.35,0.17801775020320718,0,
development_validation,3,require_meta_support,0.75,total,12,12,0,0.5,0.2505023757844061,0.694186448086794,-0.04480418320210877,0.046847306335006625,-0.6099999999999997,-0.05083333333333331,4.23,0.04408008867172033,0,
development_validation,3,price_aware_positive_ev_secondary,0.75,all,35,35,0,0.5714285714285714,0.21797288637309675,0.6277385030449553,-0.05549352596382051,0.09565065692767813,-0.8900000000000001,-0.025428571428571432,4.81,0.11591417233467219,0,
development_validation,3,price_aware_positive_ev_secondary,0.75,moneyline,10,10,0,0.6,0.17298577593881018,0.5345794016788001,0.06509129320239693,0.41079626316990747,0.6399999999999997,0.06399999999999997,2.0,0.07908909867602162,0,
development_validation,3,price_aware_positive_ev_secondary,0.75,puck_line,16,16,0,0.6875,0.21844560948620453,0.6298146699226203,-0.04450000275581523,0.04450000275581527,1.65,0.103125,1.58,0.1757569573713384,0,
development_validation,3,price_aware_positive_ev_secondary,0.75,total,9,9,0,0.3333333333333333,0.2671181679878902,0.7275576523359453,-0.20902069962940478,0.21174486380660174,-3.1799999999999997,-0.3533333333333333,4.23,0.05044374744576621,0,
development_validation,3,reject_high_disagreement,0.8,all,28,28,0,0.6071428571428571,0.2086279593502482,0.6082784133758187,-0.007234738536053054,0.13390892560658596,0.7800000000000005,0.027857142857142875,4.0,0.09625321940164265,0,
development_validation,3,reject_high_disagreement,0.8,moneyline,10,10,0,0.6,0.17298577593881018,0.5345794016788001,0.06509129320239693,0.41079626316990747,0.6399999999999997,0.06399999999999997,2.0,0.07908909867602162,0,
development_validation,3,reject_high_disagreement,0.8,puck_line,10,10,0,0.7,0.21248185692268393,0.6166893467211103,-0.05035637048419661,0.05035637048419661,0.5699999999999998,0.05699999999999998,1.03,0.153141247629274,0,
development_validation,3,reject_high_disagreement,0.8,total,8,8,0,0.5,0.24836331664900108,0.6898885113154771,-0.04374023827393625,0.04680492297328302,-0.4299999999999997,-0.053749999999999964,2.23,0.046598335024129744,0,
development_validation,3,require_sdv_support,0.8,all,38,38,0,0.6052631578947368,0.21833281217103387,0.6285410555163747,-0.013997221911285385,0.0702628400185794,1.87,0.049210526315789475,4.62,0.10768400741144324,0,
development_validation,3,require_sdv_support,0.8,moneyline,10,10,0,0.6,0.17298577593881018,0.5345794016788001,0.06509129320239693,0.41079626316990747,0.6399999999999997,0.06399999999999997,2.0,0.07908909867602162,0,
development_validation,3,require_sdv_support,0.8,puck_line,16,16,0,0.6875,0.21844560948620453,0.6298146699226203,-0.04450000275581523,0.04450000275581527,1.65,0.103125,1.58,0.1757569573713384,0,
development_validation,3,require_sdv_support,0.8,total,12,12,0,0.5,0.25597161261099294,0.7051442811726929,-0.039233943379980984,0.12866958869677292,-0.4199999999999995,-0.034999999999999955,4.23,0.04074916474443433,0,
development_validation,3,require_weighted_support,0.8,all,37,37,0,0.6216216216216216,0.207982640591419,0.6063978387788121,0.003598635418041618,0.0963697765553479,2.68,0.07243243243243244,4.46,0.108832818084048,0,
development_validation,3,require_weighted_support,0.8,moneyline,10,10,0,0.6,0.17298577593881018,0.5345794016788001,0.06509129320239693,0.41079626316990747,0.6399999999999997,0.06399999999999997,2.0,0.07908909867602162,0,
development_validation,3,require_weighted_support,0.8,puck_line,15,15,0,0.7333333333333333,0.1972980955387685,0.5840459093991016,0.001325785124591694,0.009212628788222245,2.65,0.17666666666666667,1.0,0.1804641478859277,0,
development_validation,3,require_weighted_support,0.8,total,12,12,0,0.5,0.2505023757844061,0.694186448086794,-0.04480418320210877,0.046847306335006625,-0.6099999999999997,-0.05083333333333331,4.23,0.04408008867172033,0,
development_validation,3,require_meta_support,0.8,all,34,34,0,0.5882352941176471,0.21818236768853833,0.627961030650554,-0.02286817395017826,0.07808865611100801,0.3399999999999985,0.009999999999999957,4.46,0.09723851972126549,0,
development_validation,3,require_meta_support,0.8,moneyline,10,10,0,0.6,0.17298577593881018,0.5345794016788001,0.06509129320239693,0.41079626316990747,0.6399999999999997,0.06399999999999997,2.0,0.07908909867602162,0,
development_validation,3,require_meta_support,0.8,puck_line,12,12,0,0.6666666666666666,0.22352618605077745,0.6395536373574426,-0.07423172065872707,0.07423172065872705,0.30999999999999983,0.02583333333333332,1.35,0.16552146830851383,0,
development_validation,3,require_meta_support,0.8,total,12,12,0,0.5,0.2505023757844061,0.694186448086794,-0.04480418320210877,0.046847306335006625,-0.6099999999999997,-0.05083333333333331,4.23,0.04408008867172033,0,
development_validation,3,price_aware_positive_ev_secondary,0.8,all,37,37,0,0.5945945945945946,0.21689601319171742,0.6256334886748325,-0.02844484263178848,0.08643603897744369,0.8099999999999998,0.021891891891891887,4.62,0.11109252053597929,0,
development_validation,3,price_aware_positive_ev_secondary,0.8,moneyline,10,10,0,0.6,0.17298577593881018,0.5345794016788001,0.06509129320239693,0.41079626316990747,0.6399999999999997,0.06399999999999997,2.0,0.07908909867602162,0,
development_validation,3,price_aware_positive_ev_secondary,0.8,puck_line,16,16,0,0.6875,0.21844560948620453,0.6298146699226203,-0.04450000275581523,0.04450000275581527,1.65,0.103125,1.58,0.1757569573713384,0,
development_validation,3,price_aware_positive_ev_secondary,0.8,total,11,11,0,0.45454545454545453,0.25456045244783365,0.7023282132198982,-0.09012473320973652,0.09235359480926145,-1.4799999999999998,-0.13454545454545452,4.23,0.04612917773905483,0,
development_validation,3,reject_high_disagreement,0.85,all,29,29,0,0.6206896551724138,0.208532634285988,0.608152503660192,0.008660316823183134,0.14493695806435186,1.6500000000000006,0.05689655172413795,4.0,0.09367690524748397,0,
development_validation,3,reject_high_disagreement,0.85,moneyline,10,10,0,0.6,0.17298577593881018,0.5345794016788001,0.06509129320239693,0.41079626316990747,0.6399999999999997,0.06399999999999997,2.0,0.07908909867602162,0,
development_validation,3,reject_high_disagreement,0.85,puck_line,10,10,0,0.7,0.21248185692268393,0.6166893467211103,-0.05035637048419661,0.05035637048419661,0.5699999999999998,0.05699999999999998,1.03,0.153141247629274,0,
development_validation,3,reject_high_disagreement,0.85,total,9,9,0,0.5555555555555556,0.2436411184087457,0.6804150135718293,0.011533328965589673,0.01153332896558949,0.4400000000000004,0.04888888888888893,2.23,0.04381408768045319,0,
development_validation,3,require_sdv_support,0.85,all,38,38,0,0.6052631578947368,0.21833281217103387,0.6285410555163747,-0.013997221911285385,0.0702628400185794,1.87,0.049210526315789475,4.62,0.10768400741144324,0,
development_validation,3,require_sdv_support,0.85,moneyline,10,10,0,0.6,0.17298577593881018,0.5345794016788001,0.06509129320239693,0.41079626316990747,0.6399999999999997,0.06399999999999997,2.0,0.07908909867602162,0,
development_validation,3,require_sdv_support,0.85,puck_line,16,16,0,0.6875,0.21844560948620453,0.6298146699226203,-0.04450000275581523,0.04450000275581527,1.65,0.103125,1.58,0.1757569573713384,0,
development_validation,3,require_sdv_support,0.85,total,12,12,0,0.5,0.25597161261099294,0.7051442811726929,-0.039233943379980984,0.12866958869677292,-0.4199999999999995,-0.034999999999999955,4.23,0.04074916474443433,0,
development_validation,3,require_weighted_support,0.85,all,37,37,0,0.6216216216216216,0.207982640591419,0.6063978387788121,0.003598635418041618,0.0963697765553479,2.68,0.07243243243243244,4.46,0.108832818084048,0,
development_validation,3,require_weighted_support,0.85,moneyline,10,10,0,0.6,0.17298577593881018,0.5345794016788001,0.06509129320239693,0.41079626316990747,0.6399999999999997,0.06399999999999997,2.0,0.07908909867602162,0,
development_validation,3,require_weighted_support,0.85,puck_line,15,15,0,0.7333333333333333,0.1972980955387685,0.5840459093991016,0.001325785124591694,0.009212628788222245,2.65,0.17666666666666667,1.0,0.1804641478859277,0,
development_validation,3,require_weighted_support,0.85,total,12,12,0,0.5,0.2505023757844061,0.694186448086794,-0.04480418320210877,0.046847306335006625,-0.6099999999999997,-0.05083333333333331,4.23,0.04408008867172033,0,
development_validation,3,require_meta_support,0.85,all,34,34,0,0.5882352941176471,0.21818236768853833,0.627961030650554,-0.02286817395017826,0.07808865611100801,0.3399999999999985,0.009999999999999957,4.46,0.09723851972126549,0,
development_validation,3,require_meta_support,0.85,moneyline,10,10,0,0.6,0.17298577593881018,0.5345794016788001,0.06509129320239693,0.41079626316990747,0.6399999999999997,0.06399999999999997,2.0,0.07908909867602162,0,
development_validation,3,require_meta_support,0.85,puck_line,12,12,0,0.6666666666666666,0.22352618605077745,0.6395536373574426,-0.07423172065872707,0.07423172065872705,0.30999999999999983,0.02583333333333332,1.35,0.16552146830851383,0,
development_validation,3,require_meta_support,0.85,total,12,12,0,0.5,0.2505023757844061,0.694186448086794,-0.04480418320210877,0.046847306335006625,-0.6099999999999997,-0.05083333333333331,4.23,0.04408008867172033,0,
development_validation,3,price_aware_positive_ev_secondary,0.85,all,38,38,0,0.6052631578947368,0.21660568475211175,0.6250806871734591,-0.015756245013009984,0.09610145550124242,1.68,0.04421052631578947,4.62,0.10873587812532302,0,
development_validation,3,price_aware_positive_ev_secondary,0.85,moneyline,10,10,0,0.6,0.17298577593881018,0.5345794016788001,0.06509129320239693,0.41079626316990747,0.6399999999999997,0.06399999999999997,2.0,0.07908909867602162,0,
development_validation,3,price_aware_positive_ev_secondary,0.85,puck_line,16,16,0,0.6875,0.21844560948620453,0.6298146699226203,-0.04450000275581523,0.04450000275581527,1.65,0.103125,1.58,0.1757569573713384,0,
development_validation,3,price_aware_positive_ev_secondary,0.85,total,12,12,0,0.5,0.2505023757844061,0.694186448086794,-0.04480418320210877,0.046847306335006625,-0.6099999999999997,-0.05083333333333331,4.23,0.04408008867172033,0,
development_validation,3,reject_high_disagreement,0.9,all,33,33,0,0.6363636363636364,0.2137567067654652,0.6195875947389214,0.020280622642635193,0.15261656117933214,3.2999999999999994,0.09999999999999998,4.0,0.09854419928930926,0,
development_validation,3,reject_high_disagreement,0.9,moneyline,10,10,0,0.6,0.17298577593881018,0.5345794016788001,0.06509129320239693,0.41079626316990747,0.6399999999999997,0.06399999999999997,2.0,0.07908909867602162,0,
development_validation,3,reject_high_disagreement,0.9,puck_line,13,13,0,0.6923076923076923,0.21972270712166855,0.6333675158689476,-0.04690826758543698,0.14316104407669905,1.0799999999999998,0.08307692307692306,1.36,0.1576046758080086,0,
development_validation,3,reject_high_disagreement,0.9,total,10,10,0,0.6,0.24677183712905587,0.6866818903300087,0.06281550937936697,0.06281550937936706,1.5800000000000005,0.15800000000000006,2.23,0.04122068042828775,0,
development_validation,3,require_sdv_support,0.9,all,38,38,0,0.6052631578947368,0.21833281217103387,0.6285410555163747,-0.013997221911285385,0.0702628400185794,1.87,0.049210526315789475,4.62,0.10768400741144324,0,
development_validation,3,require_sdv_support,0.9,moneyline,10,10,0,0.6,0.17298577593881018,0.5345794016788001,0.06509129320239693,0.41079626316990747,0.6399999999999997,0.06399999999999997,2.0,0.07908909867602162,0,
development_validation,3,require_sdv_support,0.9,puck_line,16,16,0,0.6875,0.21844560948620453,0.6298146699226203,-0.04450000275581523,0.04450000275581527,1.65,0.103125,1.58,0.1757569573713384,0,
development_validation,3,require_sdv_support,0.9,total,12,12,0,0.5,0.25597161261099294,0.7051442811726929,-0.039233943379980984,0.12866958869677292,-0.4199999999999995,-0.034999999999999955,4.23,0.04074916474443433,0,
development_validation,3,require_weighted_support,0.9,all,39,39,0,0.6153846153846154,0.21810164938954088,0.6281064075319249,-0.0019072353177183032,0.0801923122036884,2.82,0.07230769230769231,4.62,0.10640624061336086,0,
development_validation,3,require_weighted_support,0.9,moneyline,10,10,0,0.6,0.17298577593881018,0.5345794016788001,0.06509129320239693,0.41079626316990747,0.6399999999999997,0.06399999999999997,2.0,0.07908909867602162,0,
development_validation,3,require_weighted_support,0.9,puck_line,16,16,0,0.6875,0.21844560948620453,0.6298146699226203,-0.04450000275581523,0.04450000275581527,1.65,0.103125,1.58,0.1757569573713384,0,
development_validation,3,require_weighted_support,0.9,total,13,13,0,0.5384615384615384,0.2523828319249785,0.697947781399627,-0.0010226973324570787,0.08357867762488036,0.5300000000000005,0.04076923076923081,4.23,0.04206469840149559,0,
development_validation,3,require_meta_support,0.9,all,38,38,0,0.6052631578947368,0.2217033007993948,0.6358063963778336,-0.009458067236089773,0.08980327772432221,1.99,0.05236842105263158,4.62,0.10109047354982098,0,
development_validation,3,require_meta_support,0.9,moneyline,10,10,0,0.6,0.17298577593881018,0.5345794016788001,0.06509129320239693,0.41079626316990747,0.6399999999999997,0.06399999999999997,2.0,0.07908909867602162,0,
development_validation,3,require_meta_support,0.9,puck_line,15,15,0,0.6666666666666666,0.22759272373094538,0.6494351924916352,-0.06646829477822935,0.06646829477822927,0.8199999999999998,0.054666666666666655,1.58,0.16691372859423587,0,
development_validation,3,require_meta_support,0.9,total,13,13,0,0.5384615384615384,0.2523828319249785,0.697947781399627,-0.0010226973324570787,0.08357867762488036,0.5300000000000005,0.04076923076923081,4.23,0.04206469840149559,0,
development_validation,3,price_aware_positive_ev_secondary,0.9,all,39,39,0,0.6153846153846154,0.21810164938954088,0.6281064075319249,-0.0019072353177183032,0.0801923122036884,2.82,0.07230769230769231,4.62,0.10640624061336086,0,
development_validation,3,price_aware_positive_ev_secondary,0.9,moneyline,10,10,0,0.6,0.17298577593881018,0.5345794016788001,0.06509129320239693,0.41079626316990747,0.6399999999999997,0.06399999999999997,2.0,0.07908909867602162,0,
development_validation,3,price_aware_positive_ev_secondary,0.9,puck_line,16,16,0,0.6875,0.21844560948620453,0.6298146699226203,-0.04450000275581523,0.04450000275581527,1.65,0.103125,1.58,0.1757569573713384,0,
development_validation,3,price_aware_positive_ev_secondary,0.9,total,13,13,0,0.5384615384615384,0.2523828319249785,0.697947781399627,-0.0010226973324570787,0.08357867762488036,0.5300000000000005,0.04076923076923081,4.23,0.04206469840149559,0,
development_validation,3,continuous_disagreement,,all,39,39,0,0.6153846153846154,0.21810164938954088,0.6281064075319249,-0.0019072353177183032,0.0801923122036884,2.82,0.07230769230769231,4.62,0.10640624061336086,0,
development_validation,3,continuous_disagreement,,moneyline,10,10,0,0.6,0.17298577593881018,0.5345794016788001,0.06509129320239693,0.41079626316990747,0.6399999999999997,0.06399999999999997,2.0,0.07908909867602162,0,
development_validation,3,continuous_disagreement,,puck_line,16,16,0,0.6875,0.21844560948620453,0.6298146699226203,-0.04450000275581523,0.04450000275581527,1.65,0.103125,1.58,0.1757569573713384,0,
development_validation,3,continuous_disagreement,,total,13,13,0,0.5384615384615384,0.2523828319249785,0.697947781399627,-0.0010226973324570787,0.08357867762488036,0.5300000000000005,0.04076923076923081,4.23,0.04206469840149559,0,
development_validation,4,primary_only,,all,32,32,0,0.3125,0.3001054785823667,0.8024304704177326,-0.2837943583105266,0.28379435831052663,-13.55,-0.4234375,14.290000000000001,0.1474389803834647,0,
development_validation,4,primary_only,,moneyline,9,9,0,0.2222222222222222,0.2158403709364322,0.6232326888028361,-0.23146774672253845,0.23146774672253845,-4.45,-0.49444444444444446,5.05,0.17317131120303764,0,
development_validation,4,primary_only,,puck_line,10,10,0,0.2,0.42104895421159794,1.064422317180259,-0.5270119438145104,0.5270119438145103,-7.0,-0.7,7.0,0.222008190257867,0,
development_validation,4,primary_only,,total,13,13,0,0.46153846153846156,0.2654094180070666,0.7249582832568717,-0.13293002363760775,0.13293002363760772,-2.0999999999999996,-0.16153846153846152,5.0,0.07226335914345089,0,
development_validation,4,reject_high_disagreement,0.6,all,19,19,0,0.3157894736842105,0.2739838640021281,0.7479120455988162,-0.25118956421182137,0.25118956421182137,-7.82,-0.41157894736842104,9.93,0.13097598772178395,0,
development_validation,4,reject_high_disagreement,0.6,moneyline,7,7,0,0.14285714285714285,0.21948310234022103,0.63014784054612,-0.2980102963006055,0.2980102963006055,-4.4,-0.6285714285714287,5.0,0.20812792930296342,0,
development_validation,4,reject_high_disagreement,0.6,puck_line,3,3,0,0.3333333333333333,0.40088245356856816,1.0376229080509136,-0.4355413712153536,0.4355413712153536,-1.6,-0.5333333333333333,1.6,0.1129753953923267,0,
development_validation,4,reject_high_disagreement,0.6,total,9,9,0,0.4444444444444444,0.2740738154392426,0.7429361398224361,-0.15332283691936732,0.17695356280391686,-1.8199999999999996,-0.2022222222222222,5.0,0.07696911949068563,0,
development_validation,4,require_sdv_support,0.6,all,30,30,0,0.26666666666666666,0.30814013080027464,0.8192065904066016,-0.33089795923439963,0.3308979592343997,-15.370000000000003,-0.5123333333333334,16.11,0.15051117582150056,0,
development_validation,4,require_sdv_support,0.6,moneyline,8,8,0,0.125,0.21727282464328634,0.625932412440289,-0.31691182541635476,0.31691182541635476,-5.4,-0.675,6.0,0.18626341529274043,0,
development_validation,4,require_sdv_support,0.6,puck_line,10,10,0,0.2,0.42104895421159794,1.064422317180259,-0.5270119438145104,0.5270119438145103,-7.0,-0.7,7.0,0.222008190257867,0,
development_validation,4,require_sdv_support,0.6,total,12,12,0,0.4166666666666667,0.2746276487288308,0.7437096034060958,-0.1767937279630039,0.17679372796300385,-2.9699999999999998,-0.24749999999999997,5.0,0.06709550414370202,0,
development_validation,4,require_weighted_support,0.6,all,28,28,0,0.2857142857142857,0.29652888076841954,0.7946835136003919,-0.2976483712211597,0.2976483712211596,-13.100000000000001,-0.4678571428571429,13.84,0.14416833033548107,0,
development_validation,4,require_weighted_support,0.6,moneyline,8,8,0,0.125,0.21727282464328634,0.625932412440289,-0.31691182541635476,0.31691182541635476,-5.4,-0.675,6.0,0.18626341529274043,0,
development_validation,4,require_weighted_support,0.6,puck_line,7,7,0,0.14285714285714285,0.44490051861108443,1.1170316284213326,-0.5815384976532472,0.5815384976532472,-5.6,-0.7999999999999999,5.6,0.22959746545524065,0,
development_validation,4,require_weighted_support,0.6,total,13,13,0,0.46153846153846156,0.2654094180070666,0.7249582832568717,-0.13293002363760775,0.13293002363760772,-2.0999999999999996,-0.16153846153846152,5.0,0.07226335914345089,0,
development_validation,4,require_meta_support,0.6,all,26,26,0,0.3076923076923077,0.2841606090975238,0.7690451600321171,-0.26852945132076,0.2685294513207601,-11.1,-0.4269230769230769,12.209999999999999,0.13157641053107702,0,
development_validation,4,require_meta_support,0.6,moneyline,8,8,0,0.125,0.21727282464328634,0.625932412440289,-0.31691182541635476,0.31691182541635476,-5.4,-0.675,6.0,0.18626341529274043,0,
development_validation,4,require_meta_support,0.6,puck_line,5,5,0,0.2,0.4399341610594923,1.1126514357946802,-0.5436761647440045,0.5436761647440046,-3.6,-0.72,3.6,0.1982911365202434,0,
development_validation,4,require_meta_support,0.6,total,13,13,0,0.46153846153846156,0.2654094180070666,0.7249582832568717,-0.13293002363760775,0.13293002363760772,-2.0999999999999996,-0.16153846153846152,5.0,0.07226335914345089,0,
development_validation,4,price_aware_positive_ev_secondary,0.6,all,28,28,0,0.2857142857142857,0.30651370542769824,0.8165558382995641,-0.313450192947332,0.313450192947332,-13.370000000000001,-0.47750000000000004,14.309999999999999,0.16059964584180722,0,
development_validation,4,price_aware_positive_ev_secondary,0.6,moneyline,8,8,0,0.125,0.21727282464328634,0.625932412440289,-0.31691182541635476,0.31691182541635476,-5.4,-0.675,6.0,0.18626341529274043,0,
development_validation,4,price_aware_positive_ev_secondary,0.6,puck_line,10,10,0,0.2,0.42104895421159794,1.064422317180259,-0.5270119438145104,0.5270119438145103,-7.0,-0.7,7.0,0.222008190257867,0,
development_validation,4,price_aware_positive_ev_secondary,0.6,total,10,10,0,0.5,0.2633711612713282,0.7211881001062894,-0.09711913610493528,0.20012962364602038,-0.97,-0.097,5.0,0.07866008586500088,0,
development_validation,4,reject_high_disagreement,0.7,all,21,21,0,0.3333333333333333,0.26027496877134626,0.718240502489644,-0.2371624590981531,0.23716245909815303,-8.22,-0.39142857142857146,10.929999999999998,0.13026168623005183,0,
development_validation,4,reject_high_disagreement,0.7,moneyline,8,8,0,0.125,0.21727282464328634,0.625932412440289,-0.31691182541635476,0.31691182541635476,-5.4,-0.675,6.0,0.18626341529274043,0,
development_validation,4,reject_high_disagreement,0.7,puck_line,4,4,0,0.5,0.3152318520246996,0.8472914985895719,-0.2663028763640174,0.2663028763640174,-1.0,-0.25,1.6,0.13816650326824864,0,
development_validation,4,reject_high_disagreement,0.7,total,9,9,0,0.4444444444444444,0.2740738154392426,0.7429361398224361,-0.15332283691936732,0.17695356280391686,-1.8199999999999996,-0.2022222222222222,5.0,0.07696911949068563,0,
development_validation,4,require_sdv_support,0.7,all,30,30,0,0.26666666666666666,0.30814013080027464,0.8192065904066016,-0.33089795923439963,0.3308979592343997,-15.370000000000003,-0.5123333333333334,16.11,0.15051117582150056,0,
development_validation,4,require_sdv_support,0.7,moneyline,8,8,0,0.125,0.21727282464328634,0.625932412440289,-0.31691182541635476,0.31691182541635476,-5.4,-0.675,6.0,0.18626341529274043,0,
development_validation,4,require_sdv_support,0.7,puck_line,10,10,0,0.2,0.42104895421159794,1.064422317180259,-0.5270119438145104,0.5270119438145103,-7.0,-0.7,7.0,0.222008190257867,0,
development_validation,4,require_sdv_support,0.7,total,12,12,0,0.4166666666666667,0.2746276487288308,0.7437096034060958,-0.1767937279630039,0.17679372796300385,-2.9699999999999998,-0.24749999999999997,5.0,0.06709550414370202,0,
development_validation,4,require_weighted_support,0.7,all,29,29,0,0.3103448275862069,0.2883134037554773,0.7768081258971214,-0.27906006158629243,0.2790600615862924,-12.500000000000002,-0.4310344827586208,13.24,0.14656734745825808,0,
development_validation,4,require_weighted_support,0.7,moneyline,8,8,0,0.125,0.21727282464328634,0.625932412440289,-0.31691182541635476,0.31691182541635476,-5.4,-0.675,6.0,0.18626341529274043,0,
development_validation,4,require_weighted_support,0.7,puck_line,8,8,0,0.25,0.3965729597088357,1.0119398336443592,-0.47866960942284253,0.47866960942284237,-5.0,-0.625,5.0,0.22761526063533738,0,
development_validation,4,require_weighted_support,0.7,total,13,13,0,0.46153846153846156,0.2654094180070666,0.7249582832568717,-0.13293002363760775,0.13293002363760772,-2.0999999999999996,-0.16153846153846152,5.0,0.07226335914345089,0,
development_validation,4,require_meta_support,0.7,all,27,27,0,0.3333333333333333,0.2757946623677301,0.7507952381866886,-0.24964270837591745,0.2496427083759174,-10.5,-0.3888888888888889,12.209999999999999,0.1346195000260747,0,
development_validation,4,require_meta_support,0.7,moneyline,8,8,0,0.125,0.21727282464328634,0.625932412440289,-0.31691182541635476,0.31691182541635476,-5.4,-0.675,6.0,0.18626341529274043,0,
development_validation,4,require_meta_support,0.7,puck_line,6,6,0,0.3333333333333333,0.3763251421150926,0.9732590748631579,-0.4128280359216719,0.41282803592167194,-3.0,-0.5,3.6,0.2008659182495386,0,
development_validation,4,require_meta_support,0.7,total,13,13,0,0.46153846153846156,0.2654094180070666,0.7249582832568717,-0.13293002363760775,0.13293002363760772,-2.0999999999999996,-0.16153846153846152,5.0,0.07226335914345089,0,
development_validation,4,price_aware_positive_ev_secondary,0.7,all,28,28,0,0.2857142857142857,0.30651370542769824,0.8165558382995641,-0.313450192947332,0.313450192947332,-13.370000000000001,-0.47750000000000004,14.309999999999999,0.16059964584180722,0,
development_validation,4,price_aware_positive_ev_secondary,0.7,moneyline,8,8,0,0.125,0.21727282464328634,0.625932412440289,-0.31691182541635476,0.31691182541635476,-5.4,-0.675,6.0,0.18626341529274043,0,
development_validation,4,price_aware_positive_ev_secondary,0.7,puck_line,10,10,0,0.2,0.42104895421159794,1.064422317180259,-0.5270119438145104,0.5270119438145103,-7.0,-0.7,7.0,0.222008190257867,0,
development_validation,4,price_aware_positive_ev_secondary,0.7,total,10,10,0,0.5,0.2633711612713282,0.7211881001062894,-0.09711913610493528,0.20012962364602038,-0.97,-0.097,5.0,0.07866008586500088,0,
development_validation,4,reject_high_disagreement,0.75,all,22,22,0,0.3181818181818182,0.2719063798454604,0.7432038603654738,-0.2590390266271893,0.25903902662718925,-9.22,-0.4190909090909091,11.159999999999998,0.1308102751346745,0,
development_validation,4,reject_high_disagreement,0.75,moneyline,8,8,0,0.125,0.21727282464328634,0.625932412440289,-0.31691182541635476,0.31691182541635476,-5.4,-0.675,6.0,0.18626341529274043,0,
development_validation,4,reject_high_disagreement,0.75,puck_line,5,5,0,0.4,0.3554186841001312,0.9313200740232368,-0.35673169003860394,0.35673169003860394,-2.0,-0.4,2.6,0.13899933104094897,0,
development_validation,4,reject_high_disagreement,0.75,total,9,9,0,0.4444444444444444,0.2740738154392426,0.7429361398224361,-0.15332283691936732,0.17695356280391686,-1.8199999999999996,-0.2022222222222222,5.0,0.07696911949068563,0,
development_validation,4,require_sdv_support,0.75,all,30,30,0,0.26666666666666666,0.30814013080027464,0.8192065904066016,-0.33089795923439963,0.3308979592343997,-15.370000000000003,-0.5123333333333334,16.11,0.15051117582150056,0,
development_validation,4,require_sdv_support,0.75,moneyline,8,8,0,0.125,0.21727282464328634,0.625932412440289,-0.31691182541635476,0.31691182541635476,-5.4,-0.675,6.0,0.18626341529274043,0,
development_validation,4,require_sdv_support,0.75,puck_line,10,10,0,0.2,0.42104895421159794,1.064422317180259,-0.5270119438145104,0.5270119438145103,-7.0,-0.7,7.0,0.222008190257867,0,
development_validation,4,require_sdv_support,0.75,total,12,12,0,0.4166666666666667,0.2746276487288308,0.7437096034060958,-0.1767937279630039,0.17679372796300385,-2.9699999999999998,-0.24749999999999997,5.0,0.06709550414370202,0,
development_validation,4,require_weighted_support,0.75,all,30,30,0,0.3,0.29590849071035663,0.793162334225814,-0.2937062910246477,0.2937062910246476,-13.500000000000002,-0.45000000000000007,14.24,0.14642612394737445,0,
development_validation,4,require_weighted_support,0.75,moneyline,8,8,0,0.125,0.21727282464328634,0.625932412440289,-0.31691182541635476,0.31691182541635476,-5.4,-0.675,6.0,0.18626341529274043,0,
development_validation,4,require_weighted_support,0.75,puck_line,9,9,0,0.2222222222222222,0.40986107667472704,1.040328116101419,-0.5053115355688546,0.5053115355688544,-6.0,-0.6666666666666666,6.0,0.21813919191271658,0,
development_validation,4,require_weighted_support,0.75,total,13,13,0,0.46153846153846156,0.2654094180070666,0.7249582832568717,-0.13293002363760775,0.13293002363760772,-2.0999999999999996,-0.16153846153846152,5.0,0.07226335914345089,0,
development_validation,4,require_meta_support,0.75,all,28,28,0,0.32142857142857145,0.28437935344037746,0.7692466359570888,-0.2663857168173828,0.2663857168173829,-11.5,-0.4107142857142857,12.44,0.13489489795842022,0,
development_validation,4,require_meta_support,0.75,moneyline,8,8,0,0.125,0.21727282464328634,0.625932412440289,-0.31691182541635476,0.31691182541635476,-5.4,-0.675,6.0,0.18626341529274043,0,
development_validation,4,require_meta_support,0.75,puck_line,7,7,0,0.2857142857142857,0.3963024092989162,1.0152841178481204,-0.4564878800381402,0.4564878800381403,-3.9999999999999996,-0.5714285714285714,4.6,0.1925037359469974,0,
development_validation,4,require_meta_support,0.75,total,13,13,0,0.46153846153846156,0.2654094180070666,0.7249582832568717,-0.13293002363760775,0.13293002363760772,-2.0999999999999996,-0.16153846153846152,5.0,0.07226335914345089,0,
development_validation,4,price_aware_positive_ev_secondary,0.75,all,28,28,0,0.2857142857142857,0.30651370542769824,0.8165558382995641,-0.313450192947332,0.313450192947332,-13.370000000000001,-0.47750000000000004,14.309999999999999,0.16059964584180722,0,
development_validation,4,price_aware_positive_ev_secondary,0.75,moneyline,8,8,0,0.125,0.21727282464328634,0.625932412440289,-0.31691182541635476,0.31691182541635476,-5.4,-0.675,6.0,0.18626341529274043,0,
development_validation,4,price_aware_positive_ev_secondary,0.75,puck_line,10,10,0,0.2,0.42104895421159794,1.064422317180259,-0.5270119438145104,0.5270119438145103,-7.0,-0.7,7.0,0.222008190257867,0,
development_validation,4,price_aware_positive_ev_secondary,0.75,total,10,10,0,0.5,0.2633711612713282,0.7211881001062894,-0.09711913610493528,0.20012962364602038,-0.97,-0.097,5.0,0.07866008586500088,0,
development_validation,4,reject_high_disagreement,0.8,all,23,23,0,0.30434782608695654,0.2827687047236332,0.7665980458665321,-0.27918148712276425,0.2791814871227643,-10.22,-0.44434782608695655,12.159999999999998,0.13628935775335044,0,
development_validation,4,reject_high_disagreement,0.8,moneyline,8,8,0,0.125,0.21727282464328634,0.625932412440289,-0.31691182541635476,0.31691182541635476,-5.4,-0.675,6.0,0.18626341529274043,0,
development_validation,4,reject_high_disagreement,0.8,puck_line,6,6,0,0.3333333333333333,0.3831388787573487,0.9896450828343335,-0.41766234470307234,0.41766234470307234,-3.0,-0.5,3.6,0.1586376384281609,0,
development_validation,4,reject_high_disagreement,0.8,total,9,9,0,0.4444444444444444,0.2740738154392426,0.7429361398224361,-0.15332283691936732,0.17695356280391686,-1.8199999999999996,-0.2022222222222222,5.0,0.07696911949068563,0,
development_validation,4,require_sdv_support,0.8,all,30,30,0,0.26666666666666666,0.30814013080027464,0.8192065904066016,-0.33089795923439963,0.3308979592343997,-15.370000000000003,-0.5123333333333334,16.11,0.15051117582150056,0,
development_validation,4,require_sdv_support,0.8,moneyline,8,8,0,0.125,0.21727282464328634,0.625932412440289,-0.31691182541635476,0.31691182541635476,-5.4,-0.675,6.0,0.18626341529274043,0,
development_validation,4,require_sdv_support,0.8,puck_line,10,10,0,0.2,0.42104895421159794,1.064422317180259,-0.5270119438145104,0.5270119438145103,-7.0,-0.7,7.0,0.222008190257867,0,
development_validation,4,require_sdv_support,0.8,total,12,12,0,0.4166666666666667,0.2746276487288308,0.7437096034060958,-0.1767937279630039,0.17679372796300385,-2.9699999999999998,-0.24749999999999997,5.0,0.06709550414370202,0,
development_validation,4,require_weighted_support,0.8,all,31,31,0,0.2903225806451613,0.3031933733340043,0.8089077468923946,-0.30753239834725304,0.307532398347253,-14.500000000000002,-0.46774193548387105,15.24,0.1499875127027566,0,
development_validation,4,require_weighted_support,0.8,moneyline,8,8,0,0.125,0.21727282464328634,0.625932412440289,-0.31691182541635476,0.31691182541635476,-5.4,-0.675,6.0,0.18626341529274043,0,
development_validation,4,require_weighted_support,0.8,puck_line,10,10,0,0.2,0.42104895421159794,1.064422317180259,-0.5270119438145104,0.5270119438145103,-7.0,-0.7,7.0,0.222008190257867,0,
development_validation,4,require_weighted_support,0.8,total,13,13,0,0.46153846153846156,0.2654094180070666,0.7249582832568717,-0.13293002363760775,0.13293002363760772,-2.0999999999999996,-0.16153846153846152,5.0,0.07226335914345089,0,
development_validation,4,require_meta_support,0.8,all,29,29,0,0.3103448275862069,0.2925641982197933,0.786902618403045,-0.2821074375486942,0.28210743754869433,-12.500000000000002,-0.4310344827586208,13.44,0.13909952821379265,0,
development_validation,4,require_meta_support,0.8,moneyline,8,8,0,0.125,0.21727282464328634,0.625932412440289,-0.31691182541635476,0.31691182541635476,-5.4,-0.675,6.0,0.18626341529274043,0,
development_validation,4,require_meta_support,0.8,puck_line,8,8,0,0.25,0.4119820896419812,1.0485323689783326,-0.48971634728654956,0.48971634728654956,-5.0,-0.625,5.6,0.20054441587415028,0,
development_validation,4,require_meta_support,0.8,total,13,13,0,0.46153846153846156,0.2654094180070666,0.7249582832568717,-0.13293002363760775,0.13293002363760772,-2.0999999999999996,-0.16153846153846152,5.0,0.07226335914345089,0,
development_validation,4,price_aware_positive_ev_secondary,0.8,all,28,28,0,0.2857142857142857,0.30651370542769824,0.8165558382995641,-0.313450192947332,0.313450192947332,-13.370000000000001,-0.47750000000000004,14.309999999999999,0.16059964584180722,0,
development_validation,4,price_aware_positive_ev_secondary,0.8,moneyline,8,8,0,0.125,0.21727282464328634,0.625932412440289,-0.31691182541635476,0.31691182541635476,-5.4,-0.675,6.0,0.18626341529274043,0,
development_validation,4,price_aware_positive_ev_secondary,0.8,puck_line,10,10,0,0.2,0.42104895421159794,1.064422317180259,-0.5270119438145104,0.5270119438145103,-7.0,-0.7,7.0,0.222008190257867,0,
development_validation,4,price_aware_positive_ev_secondary,0.8,total,10,10,0,0.5,0.2633711612713282,0.7211881001062894,-0.09711913610493528,0.20012962364602038,-0.97,-0.097,5.0,0.07866008586500088,0,
development_validation,4,reject_high_disagreement,0.85,all,26,26,0,0.2692307692307692,0.30534743700422473,0.8140942266892861,-0.32673740014851477,0.3267374001485148,-13.22,-0.5084615384615385,14.159999999999998,0.1565741254788945,0,
development_validation,4,reject_high_disagreement,0.85,moneyline,8,8,0,0.125,0.21727282464328634,0.625932412440289,-0.31691182541635476,0.31691182541635476,-5.4,-0.675,6.0,0.18626341529274043,0,
development_validation,4,reject_high_disagreement,0.85,puck_line,9,9,0,0.2222222222222222,0.4149096028900413,1.0525072595552447,-0.5088858075840268,0.5088858075840267,-6.0,-0.6666666666666666,6.0,0.20978865163257365,0,
development_validation,4,reject_high_disagreement,0.85,total,9,9,0,0.4444444444444444,0.2740738154392426,0.7429361398224361,-0.15332283691936732,0.17695356280391686,-1.8199999999999996,-0.2022222222222222,5.0,0.07696911949068563,0,
development_validation,4,require_sdv_support,0.85,all,30,30,0,0.26666666666666666,0.30814013080027464,0.8192065904066016,-0.33089795923439963,0.3308979592343997,-15.370000000000003,-0.5123333333333334,16.11,0.15051117582150056,0,
development_validation,4,require_sdv_support,0.85,moneyline,8,8,0,0.125,0.21727282464328634,0.625932412440289,-0.31691182541635476,0.31691182541635476,-5.4,-0.675,6.0,0.18626341529274043,0,
development_validation,4,require_sdv_support,0.85,puck_line,10,10,0,0.2,0.42104895421159794,1.064422317180259,-0.5270119438145104,0.5270119438145103,-7.0,-0.7,7.0,0.222008190257867,0,
development_validation,4,require_sdv_support,0.85,total,12,12,0,0.4166666666666667,0.2746276487288308,0.7437096034060958,-0.1767937279630039,0.17679372796300385,-2.9699999999999998,-0.24749999999999997,5.0,0.06709550414370202,0,
development_validation,4,require_weighted_support,0.85,all,31,31,0,0.2903225806451613,0.3031933733340043,0.8089077468923946,-0.30753239834725304,0.307532398347253,-14.500000000000002,-0.46774193548387105,15.24,0.1499875127027566,0,
development_validation,4,require_weighted_support,0.85,moneyline,8,8,0,0.125,0.21727282464328634,0.625932412440289,-0.31691182541635476,0.31691182541635476,-5.4,-0.675,6.0,0.18626341529274043,0,
development_validation,4,require_weighted_support,0.85,puck_line,10,10,0,0.2,0.42104895421159794,1.064422317180259,-0.5270119438145104,0.5270119438145103,-7.0,-0.7,7.0,0.222008190257867,0,
development_validation,4,require_weighted_support,0.85,total,13,13,0,0.46153846153846156,0.2654094180070666,0.7249582832568717,-0.13293002363760775,0.13293002363760772,-2.0999999999999996,-0.16153846153846152,5.0,0.07226335914345089,0,
development_validation,4,require_meta_support,0.85,all,31,31,0,0.2903225806451613,0.3031933733340043,0.8089077468923946,-0.30753239834725304,0.307532398347253,-14.500000000000002,-0.46774193548387105,15.24,0.1499875127027566,0,
development_validation,4,require_meta_support,0.85,moneyline,8,8,0,0.125,0.21727282464328634,0.625932412440289,-0.31691182541635476,0.31691182541635476,-5.4,-0.675,6.0,0.18626341529274043,0,
development_validation,4,require_meta_support,0.85,puck_line,10,10,0,0.2,0.42104895421159794,1.064422317180259,-0.5270119438145104,0.5270119438145103,-7.0,-0.7,7.0,0.222008190257867,0,
development_validation,4,require_meta_support,0.85,total,13,13,0,0.46153846153846156,0.2654094180070666,0.7249582832568717,-0.13293002363760775,0.13293002363760772,-2.0999999999999996,-0.16153846153846152,5.0,0.07226335914345089,0,
development_validation,4,price_aware_positive_ev_secondary,0.85,all,28,28,0,0.2857142857142857,0.30651370542769824,0.8165558382995641,-0.313450192947332,0.313450192947332,-13.370000000000001,-0.47750000000000004,14.309999999999999,0.16059964584180722,0,
development_validation,4,price_aware_positive_ev_secondary,0.85,moneyline,8,8,0,0.125,0.21727282464328634,0.625932412440289,-0.31691182541635476,0.31691182541635476,-5.4,-0.675,6.0,0.18626341529274043,0,
development_validation,4,price_aware_positive_ev_secondary,0.85,puck_line,10,10,0,0.2,0.42104895421159794,1.064422317180259,-0.5270119438145104,0.5270119438145103,-7.0,-0.7,7.0,0.222008190257867,0,
development_validation,4,price_aware_positive_ev_secondary,0.85,total,10,10,0,0.5,0.2633711612713282,0.7211881001062894,-0.09711913610493528,0.20012962364602038,-0.97,-0.097,5.0,0.07866008586500088,0,
development_validation,4,reject_high_disagreement,0.9,all,28,28,0,0.25,0.31276292491488894,0.8291847668839466,-0.3489338916844512,0.3489338916844512,-15.22,-0.5435714285714286,15.959999999999999,0.15787551588849272,0,
development_validation,4,reject_high_disagreement,0.9,moneyline,8,8,0,0.125,0.21727282464328634,0.625932412440289,-0.31691182541635476,0.31691182541635476,-5.4,-0.675,6.0,0.18626341529274043,0,
development_validation,4,reject_high_disagreement,0.9,puck_line,10,10,0,0.2,0.42104895421159794,1.064422317180259,-0.5270119438145104,0.5270119438145103,-7.0,-0.7,7.0,0.222008190257867,0,
development_validation,4,reject_high_disagreement,0.9,total,10,10,0,0.4,0.2808689758354622,0.7565491001425604,-0.19647349256886915,0.19647349256886923,-2.8199999999999994,-0.2819999999999999,5.0,0.07103252199572027,0,
development_validation,4,require_sdv_support,0.9,all,30,30,0,0.26666666666666666,0.30814013080027464,0.8192065904066016,-0.33089795923439963,0.3308979592343997,-15.370000000000003,-0.5123333333333334,16.11,0.15051117582150056,0,
development_validation,4,require_sdv_support,0.9,moneyline,8,8,0,0.125,0.21727282464328634,0.625932412440289,-0.31691182541635476,0.31691182541635476,-5.4,-0.675,6.0,0.18626341529274043,0,
development_validation,4,require_sdv_support,0.9,puck_line,10,10,0,0.2,0.42104895421159794,1.064422317180259,-0.5270119438145104,0.5270119438145103,-7.0,-0.7,7.0,0.222008190257867,0,
development_validation,4,require_sdv_support,0.9,total,12,12,0,0.4166666666666667,0.2746276487288308,0.7437096034060958,-0.1767937279630039,0.17679372796300385,-2.9699999999999998,-0.24749999999999997,5.0,0.06709550414370202,0,
development_validation,4,require_weighted_support,0.9,all,31,31,0,0.2903225806451613,0.3031933733340043,0.8089077468923946,-0.30753239834725304,0.307532398347253,-14.500000000000002,-0.46774193548387105,15.24,0.1499875127027566,0,
development_validation,4,require_weighted_support,0.9,moneyline,8,8,0,0.125,0.21727282464328634,0.625932412440289,-0.31691182541635476,0.31691182541635476,-5.4,-0.675,6.0,0.18626341529274043,0,
development_validation,4,require_weighted_support,0.9,puck_line,10,10,0,0.2,0.42104895421159794,1.064422317180259,-0.5270119438145104,0.5270119438145103,-7.0,-0.7,7.0,0.222008190257867,0,
development_validation,4,require_weighted_support,0.9,total,13,13,0,0.46153846153846156,0.2654094180070666,0.7249582832568717,-0.13293002363760775,0.13293002363760772,-2.0999999999999996,-0.16153846153846152,5.0,0.07226335914345089,0,
development_validation,4,require_meta_support,0.9,all,31,31,0,0.2903225806451613,0.3031933733340043,0.8089077468923946,-0.30753239834725304,0.307532398347253,-14.500000000000002,-0.46774193548387105,15.24,0.1499875127027566,0,
development_validation,4,require_meta_support,0.9,moneyline,8,8,0,0.125,0.21727282464328634,0.625932412440289,-0.31691182541635476,0.31691182541635476,-5.4,-0.675,6.0,0.18626341529274043,0,
development_validation,4,require_meta_support,0.9,puck_line,10,10,0,0.2,0.42104895421159794,1.064422317180259,-0.5270119438145104,0.5270119438145103,-7.0,-0.7,7.0,0.222008190257867,0,
development_validation,4,require_meta_support,0.9,total,13,13,0,0.46153846153846156,0.2654094180070666,0.7249582832568717,-0.13293002363760775,0.13293002363760772,-2.0999999999999996,-0.16153846153846152,5.0,0.07226335914345089,0,
development_validation,4,price_aware_positive_ev_secondary,0.9,all,29,29,0,0.27586206896551724,0.30773824728886173,0.818711352255568,-0.32280809641171326,0.32280809641171326,-14.370000000000001,-0.49551724137931036,15.11,0.1556687320038494,0,
development_validation,4,price_aware_positive_ev_secondary,0.9,moneyline,8,8,0,0.125,0.21727282464328634,0.625932412440289,-0.31691182541635476,0.31691182541635476,-5.4,-0.675,6.0,0.18626341529274043,0,
development_validation,4,price_aware_positive_ev_secondary,0.9,puck_line,10,10,0,0.2,0.42104895421159794,1.064422317180259,-0.5270119438145104,0.5270119438145103,-7.0,-0.7,7.0,0.222008190257867,0,
development_validation,4,price_aware_positive_ev_secondary,0.9,total,11,11,0,0.45454545454545453,0.27052154837406556,0.7355406130987793,-0.14145643222397636,0.14145643222397639,-1.97,-0.17909090909090908,5.0,0.07310945483554918,0,
development_validation,4,continuous_disagreement,,all,32,32,0,0.3125,0.2993164817952696,0.8012129063900435,-0.28197062215653645,0.28197062215653645,-13.55,-0.4234375,14.290000000000001,0.1474389803834647,0,
development_validation,4,continuous_disagreement,,moneyline,9,9,0,0.2222222222222222,0.2158403709364322,0.6232326888028361,-0.23146774672253845,0.23146774672253845,-4.45,-0.49444444444444446,5.05,0.17317131120303764,0,
development_validation,4,continuous_disagreement,,puck_line,10,10,0,0.2,0.40500644669048425,1.0322193195816376,-0.5099731450462692,0.5099731450462692,-7.0,-0.7,7.0,0.222008190257867,0,
development_validation,4,continuous_disagreement,,total,13,13,0,0.46153846153846156,0.2758076624704534,0.746732739187653,-0.1415475952341253,0.2207864318041907,-2.0999999999999996,-0.16153846153846152,5.0,0.07226335914345089,0,
