component,candidate_id,fold,game_id,game_date,target_column,actual,research_prediction,scikit_learn_version,seed,production_prediction,abs_diff
margin,"margin|robust_huber|sdv_only|{""alpha"":0.0001,""epsilon"":1.35}",1,2025020123,2025-10-24,actual_margin,2.0,0.1123358708927178,1.9.1,20260912,0.1123358708927178,0.0
margin,"margin|robust_huber|sdv_only|{""alpha"":0.0001,""epsilon"":1.35}",1,2025020124,2025-10-24,actual_margin,2.0,0.3722168769330842,1.9.1,20260912,0.37221687693308425,5.551115123125783e-17
margin,"margin|robust_huber|sdv_only|{""alpha"":0.0001,""epsilon"":1.35}",1,2025020125,2025-10-24,actual_margin,-4.0,-0.1133687086534829,1.9.1,20260912,-0.11336870865348292,1.3877787807814457e-17
margin,"margin|robust_huber|sdv_only|{""alpha"":0.0001,""epsilon"":1.35}",1,2025020126,2025-10-24,actual_margin,2.0,-0.0553811941014311,1.9.1,20260912,-0.05538119410143111,6.938893903907228e-18
margin,"margin|robust_huber|sdv_only|{""alpha"":0.0001,""epsilon"":1.35}",1,2025020127,2025-10-25,actual_margin,1.0,0.3897885026027643,1.9.1,20260912,0.3897885026027643,0.0
margin,"margin|robust_huber|sdv_only|{""alpha"":0.0001,""epsilon"":1.35}",1,2025020128,2025-10-25,actual_margin,1.0,-0.4129877811568108,1.9.1,20260912,-0.4129877811568108,0.0
margin,"margin|robust_huber|sdv_only|{""alpha"":0.0001,""epsilon"":1.35}",1,2025020129,2025-10-25,actual_margin,1.0,0.2905736433854883,1.9.1,20260912,0.2905736433854883,0.0
margin,"margin|robust_huber|sdv_only|{""alpha"":0.0001,""epsilon"":1.35}",1,2025020130,2025-10-25,actual_margin,3.0,0.1581634293599016,1.9.1,20260912,0.1581634293599016,0.0
margin,"margin|robust_huber|sdv_only|{""alpha"":0.0001,""epsilon"":1.35}",1,2025020131,2025-10-25,actual_margin,-4.0,-0.0188995056003643,1.9.1,20260912,-0.018899505600364394,9.367506770274758e-17
margin,"margin|robust_huber|sdv_only|{""alpha"":0.0001,""epsilon"":1.35}",1,2025020132,2025-10-25,actual_margin,1.0,0.0968019430184821,1.9.1,20260912,0.09680194301848218,6.938893903907228e-17
margin,"margin|robust_huber|sdv_only|{""alpha"":0.0001,""epsilon"":1.35}",1,2025020133,2025-10-25,actual_margin,2.0,0.0801869324397692,1.9.1,20260912,0.08018693243976924,4.163336342344337e-17
margin,"margin|robust_huber|sdv_only|{""alpha"":0.0001,""epsilon"":1.35}",1,2025020134,2025-10-25,actual_margin,-1.0,0.0097090309726914,1.9.1,20260912,0.009709030972691476,7.632783294297951e-17
margin,"margin|robust_huber|sdv_only|{""alpha"":0.0001,""epsilon"":1.35}",1,2025020135,2025-10-25,actual_margin,-6.0,0.2262006965286265,1.9.1,20260912,0.22620069652862657,5.551115123125783e-17
margin,"margin|robust_huber|sdv_only|{""alpha"":0.0001,""epsilon"":1.35}",1,2025020136,2025-10-25,actual_margin,-1.0,-0.1991932726382345,1.9.1,20260912,-0.19919327263823458,8.326672684688674e-17
margin,"margin|robust_huber|sdv_only|{""alpha"":0.0001,""epsilon"":1.35}",1,2025020137,2025-10-25,actual_margin,1.0,-0.1007961934653199,1.9.1,20260912,-0.10079619346531998,8.326672684688674e-17
margin,"margin|robust_huber|sdv_only|{""alpha"":0.0001,""epsilon"":1.35}",1,2025020138,2025-10-25,actual_margin,1.0,-0.0427718507726027,1.9.1,20260912,-0.04277185077260279,9.020562075079397e-17
margin,"margin|robust_huber|sdv_only|{""alpha"":0.0001,""epsilon"":1.35}",1,2025020139,2025-10-25,actual_margin,1.0,0.1408533907056707,1.9.1,20260912,0.1408533907056707,0.0
margin,"margin|robust_huber|sdv_only|{""alpha"":0.0001,""epsilon"":1.35}",1,2025020140,2025-10-26,actual_margin,1.0,-0.2302994300910956,1.9.1,20260912,-0.23029943009109563,2.7755575615628914e-17
margin,"margin|robust_huber|sdv_only|{""alpha"":0.0001,""epsilon"":1.35}",1,2025020141,2025-10-26,actual_margin,1.0,0.0992520987650737,1.9.1,20260912,0.09925209876507379,9.71445146547012e-17
margin,"margin|robust_huber|sdv_only|{""alpha"":0.0001,""epsilon"":1.35}",1,2025020142,2025-10-26,actual_margin,-1.0,0.1695202750324502,1.9.1,20260912,0.1695202750324502,0.0
margin,"margin|robust_huber|sdv_only|{""alpha"":0.0001,""epsilon"":1.35}",1,2025020143,2025-10-26,actual_margin,-1.0,-0.2415287218351752,1.9.1,20260912,-0.24152872183517524,2.7755575615628914e-17
margin,"margin|robust_huber|sdv_only|{""alpha"":0.0001,""epsilon"":1.35}",1,2025020144,2025-10-26,actual_margin,-2.0,-0.1305345733388825,1.9.1,20260912,-0.1305345733388825,0.0
margin,"margin|robust_huber|sdv_only|{""alpha"":0.0001,""epsilon"":1.35}",1,2025020145,2025-10-26,actual_margin,-1.0,-0.2477669445930364,1.9.1,20260912,-0.24776694459303641,2.7755575615628914e-17
margin,"margin|robust_huber|sdv_only|{""alpha"":0.0001,""epsilon"":1.35}",1,2025020146,2025-10-26,actual_margin,4.0,0.0834335662445571,1.9.1,20260912,0.08343356624455718,8.326672684688674e-17
margin,"margin|robust_huber|sdv_only|{""alpha"":0.0001,""epsilon"":1.35}",1,2025020147,2025-10-26,actual_margin,1.0,-0.0407037262856197,1.9.1,20260912,-0.04070372628561977,7.632783294297951e-17
margin,"margin|robust_huber|sdv_only|{""alpha"":0.0001,""epsilon"":1.35}",1,2025020148,2025-10-27,actual_margin,3.0,-0.0720472318327491,1.9.1,20260912,-0.07204723183274914,4.163336342344337e-17
margin,"margin|robust_huber|sdv_only|{""alpha"":0.0001,""epsilon"":1.35}",1,2025020149,2025-10-27,actual_margin,5.0,0.3179166124843818,1.9.1,20260912,0.31791661248438186,5.551115123125783e-17
margin,"margin|robust_huber|sdv_only|{""alpha"":0.0001,""epsilon"":1.35}",1,2025020150,2025-10-28,actual_margin,1.0,0.2020235829947222,1.9.1,20260912,0.20202358299472228,8.326672684688674e-17
margin,"margin|robust_huber|sdv_only|{""alpha"":0.0001,""epsilon"":1.35}",1,2025020151,2025-10-28,actual_margin,1.0,0.0712551085350203,1.9.1,20260912,0.07125510853502032,1.3877787807814457e-17
margin,"margin|robust_huber|sdv_only|{""alpha"":0.0001,""epsilon"":1.35}",1,2025020152,2025-10-28,actual_margin,-1.0,-0.0814017133819277,1.9.1,20260912,-0.0814017133819277,0.0
margin,"margin|robust_huber|sdv_only|{""alpha"":0.0001,""epsilon"":1.35}",1,2025020153,2025-10-28,actual_margin,-1.0,0.3969087129650648,1.9.1,20260912,0.3969087129650648,0.0
margin,"margin|robust_huber|sdv_only|{""alpha"":0.0001,""epsilon"":1.35}",1,2025020154,2025-10-28,actual_margin,3.0,0.1382415836583901,1.9.1,20260912,0.13824158365839015,5.551115123125783e-17
margin,"margin|robust_huber|sdv_only|{""alpha"":0.0001,""epsilon"":1.35}",1,2025020155,2025-10-28,actual_margin,-3.0,0.3309170474368547,1.9.1,20260912,0.3309170474368547,0.0
margin,"margin|robust_huber|sdv_only|{""alpha"":0.0001,""epsilon"":1.35}",1,2025020156,2025-10-28,actual_margin,-3.0,-0.2083720570382738,1.9.1,20260912,-0.20837205703827386,5.551115123125783e-17
margin,"margin|robust_huber|sdv_only|{""alpha"":0.0001,""epsilon"":1.35}",1,2025020157,2025-10-28,actual_margin,-1.0,0.1868069645352703,1.9.1,20260912,0.18680696453527035,5.551115123125783e-17
margin,"margin|robust_huber|sdv_only|{""alpha"":0.0001,""epsilon"":1.35}",1,2025020158,2025-10-28,actual_margin,-3.0,0.2056595518997217,1.9.1,20260912,0.20565955189972174,2.7755575615628914e-17
margin,"margin|robust_huber|sdv_only|{""alpha"":0.0001,""epsilon"":1.35}",1,2025020159,2025-10-28,actual_margin,1.0,0.1756059296724287,1.9.1,20260912,0.17560592967242872,2.7755575615628914e-17
margin,"margin|robust_huber|sdv_only|{""alpha"":0.0001,""epsilon"":1.35}",1,2025020160,2025-10-28,actual_margin,4.0,-0.181872201600475,1.9.1,20260912,-0.18187220160047504,5.551115123125783e-17
margin,"margin|robust_huber|sdv_only|{""alpha"":0.0001,""epsilon"":1.35}",1,2025020161,2025-10-28,actual_margin,4.0,0.3771580233243704,1.9.1,20260912,0.37715802332437043,5.551115123125783e-17
margin,"margin|robust_huber|sdv_only|{""alpha"":0.0001,""epsilon"":1.35}",1,2025020162,2025-10-28,actual_margin,3.0,0.0017061930900205,1.9.1,20260912,0.0017061930900205552,5.5294310796760726e-17
margin,"margin|robust_huber|sdv_only|{""alpha"":0.0001,""epsilon"":1.35}",1,2025020163,2025-10-28,actual_margin,-2.0,-0.243042962950946,1.9.1,20260912,-0.24304296295094605,5.551115123125783e-17
margin,"margin|robust_huber|sdv_only|{""alpha"":0.0001,""epsilon"":1.35}",1,2025020164,2025-10-28,actual_margin,-1.0,-0.0172592166942548,1.9.1,20260912,-0.017259216694254828,2.7755575615628914e-17
margin,"margin|robust_huber|sdv_only|{""alpha"":0.0001,""epsilon"":1.35}",1,2025020165,2025-10-28,actual_margin,-1.0,-0.0955794903861272,1.9.1,20260912,-0.09557949038612723,2.7755575615628914e-17
margin,"margin|robust_huber|sdv_only|{""alpha"":0.0001,""epsilon"":1.35}",1,2025020166,2025-10-29,actual_margin,3.0,0.3521384178736685,1.9.1,20260912,0.3521384178736685,0.0
margin,"margin|robust_huber|sdv_only|{""alpha"":0.0001,""epsilon"":1.35}",1,2025020167,2025-10-30,actual_margin,1.0,-0.0134337169820088,1.9.1,20260912,-0.013433716982008834,3.2959746043559335e-17
margin,"margin|robust_huber|sdv_only|{""alpha"":0.0001,""epsilon"":1.35}",1,2025020168,2025-10-30,actual_margin,1.0,0.1977476055827486,1.9.1,20260912,0.19774760558274868,8.326672684688674e-17
margin,"margin|robust_huber|sdv_only|{""alpha"":0.0001,""epsilon"":1.35}",1,2025020169,2025-10-30,actual_margin,1.0,0.2532582010640572,1.9.1,20260912,0.2532582010640572,0.0
margin,"margin|robust_huber|sdv_only|{""alpha"":0.0001,""epsilon"":1.35}",1,2025020170,2025-10-30,actual_margin,3.0,0.507280727317653,1.9.1,20260912,0.507280727317653,0.0
margin,"margin|robust_huber|sdv_only|{""alpha"":0.0001,""epsilon"":1.35}",1,2025020171,2025-10-30,actual_margin,4.0,0.4075611601443191,1.9.1,20260912,0.4075611601443191,0.0
margin,"margin|robust_huber|sdv_only|{""alpha"":0.0001,""epsilon"":1.35}",1,2025020172,2025-10-30,actual_margin,-1.0,0.3611343690281212,1.9.1,20260912,0.36113436902812124,5.551115123125783e-17
margin,"margin|robust_huber|sdv_only|{""alpha"":0.0001,""epsilon"":1.35}",1,2025020173,2025-10-30,actual_margin,-3.0,0.0623429918083222,1.9.1,20260912,0.06234299180832222,2.0816681711721685e-17
margin,"margin|robust_huber|sdv_only|{""alpha"":0.0001,""epsilon"":1.35}",1,2025020174,2025-10-30,actual_margin,3.0,0.0002066966364371,1.9.1,20260912,0.0002066966364371453,4.5319650809894085e-17
margin,"margin|robust_huber|sdv_only|{""alpha"":0.0001,""epsilon"":1.35}",1,2025020175,2025-10-30,actual_margin,-1.0,-0.0310556947158631,1.9.1,20260912,-0.03105569471586314,4.163336342344337e-17
margin,"margin|robust_huber|sdv_only|{""alpha"":0.0001,""epsilon"":1.35}",1,2025020176,2025-10-30,actual_margin,3.0,-0.1464264627534935,1.9.1,20260912,-0.14642646275349355,5.551115123125783e-17
margin,"margin|robust_huber|sdv_only|{""alpha"":0.0001,""epsilon"":1.35}",1,2025020177,2025-10-30,actual_margin,-1.0,0.1060421623431275,1.9.1,20260912,0.10604216234312755,5.551115123125783e-17
margin,"margin|robust_huber|sdv_only|{""alpha"":0.0001,""epsilon"":1.35}",1,2025020178,2025-10-31,actual_margin,-2.0,-0.165052900687889,1.9.1,20260912,-0.16505290068788905,5.551115123125783e-17
margin,"margin|robust_huber|sdv_only|{""alpha"":0.0001,""epsilon"":1.35}",1,2025020179,2025-10-31,actual_margin,-2.0,0.479092362447726,1.9.1,20260912,0.479092362447726,0.0
margin,"margin|robust_huber|sdv_only|{""alpha"":0.0001,""epsilon"":1.35}",1,2025020180,2025-10-31,actual_margin,3.0,-0.1436056455937534,1.9.1,20260912,-0.14360564559375347,5.551115123125783e-17
margin,"margin|robust_huber|sdv_only|{""alpha"":0.0001,""epsilon"":1.35}",1,2025020181,2025-11-01,actual_margin,1.0,-0.2487088135513811,1.9.1,20260912,-0.24870881355138116,5.551115123125783e-17
margin,"margin|robust_huber|sdv_only|{""alpha"":0.0001,""epsilon"":1.35}",1,2025020182,2025-11-01,actual_margin,3.0,-0.1074544783214745,1.9.1,20260912,-0.10745447832147456,5.551115123125783e-17
margin,"margin|robust_huber|sdv_only|{""alpha"":0.0001,""epsilon"":1.35}",1,2025020183,2025-11-01,actual_margin,2.0,-0.2457258520808839,1.9.1,20260912,-0.2457258520808839,0.0
margin,"margin|robust_huber|sdv_only|{""alpha"":0.0001,""epsilon"":1.35}",1,2025020184,2025-11-01,actual_margin,1.0,-0.3884716485180302,1.9.1,20260912,-0.3884716485180302,0.0
margin,"margin|robust_huber|sdv_only|{""alpha"":0.0001,""epsilon"":1.35}",1,2025020185,2025-11-01,actual_margin,1.0,0.2444559974581641,1.9.1,20260912,0.24445599745816413,2.7755575615628914e-17
margin,"margin|robust_huber|sdv_only|{""alpha"":0.0001,""epsilon"":1.35}",1,2025020186,2025-11-01,actual_margin,1.0,0.0136714649560705,1.9.1,20260912,0.013671464956070578,7.806255641895632e-17
margin,"margin|robust_huber|sdv_only|{""alpha"":0.0001,""epsilon"":1.35}",1,2025020187,2025-11-01,actual_margin,1.0,0.0782260386139662,1.9.1,20260912,0.07822603861396624,4.163336342344337e-17
margin,"margin|robust_huber|sdv_only|{""alpha"":0.0001,""epsilon"":1.35}",1,2025020188,2025-11-01,actual_margin,-3.0,0.0624930510643864,1.9.1,20260912,0.062493051064386476,7.632783294297951e-17
margin,"margin|robust_huber|sdv_only|{""alpha"":0.0001,""epsilon"":1.35}",1,2025020189,2025-11-01,actual_margin,1.0,0.1764245407726214,1.9.1,20260912,0.17642454077262143,2.7755575615628914e-17
margin,"margin|robust_huber|sdv_only|{""alpha"":0.0001,""epsilon"":1.35}",1,2025020190,2025-11-01,actual_margin,3.0,0.2250410263189009,1.9.1,20260912,0.22504102631890094,2.7755575615628914e-17
margin,"margin|robust_huber|sdv_only|{""alpha"":0.0001,""epsilon"":1.35}",1,2025020191,2025-11-01,actual_margin,-3.0,-0.0957606782458102,1.9.1,20260912,-0.09576067824581022,2.7755575615628914e-17
margin,"margin|robust_huber|sdv_only|{""alpha"":0.0001,""epsilon"":1.35}",1,2025020192,2025-11-01,actual_margin,1.0,0.241809676460807,1.9.1,20260912,0.24180967646080703,2.7755575615628914e-17
margin,"margin|robust_huber|sdv_only|{""alpha"":0.0001,""epsilon"":1.35}",1,2025020193,2025-11-01,actual_margin,-1.0,-0.1521099744465798,1.9.1,20260912,-0.15210997444657984,2.7755575615628914e-17
margin,"margin|robust_huber|sdv_only|{""alpha"":0.0001,""epsilon"":1.35}",1,2025020194,2025-11-02,actual_margin,-2.0,-0.0642697825612503,1.9.1,20260912,-0.06426978256125038,8.326672684688674e-17
margin,"margin|robust_huber|sdv_only|{""alpha"":0.0001,""epsilon"":1.35}",1,2025020195,2025-11-02,actual_margin,1.0,-0.1812286097871924,1.9.1,20260912,-0.18122860978719244,2.7755575615628914e-17
margin,"margin|robust_huber|sdv_only|{""alpha"":0.0001,""epsilon"":1.35}",1,2025020196,2025-11-02,actual_margin,-1.0,-0.0236952932709547,1.9.1,20260912,-0.02369529327095471,1.0408340855860843e-17
margin,"margin|robust_huber|sdv_only|{""alpha"":0.0001,""epsilon"":1.35}",1,2025020197,2025-11-02,actual_margin,3.0,-0.2010826637224982,1.9.1,20260912,-0.20108266372249825,5.551115123125783e-17
margin,"margin|robust_huber|sdv_only|{""alpha"":0.0001,""epsilon"":1.35}",1,2025020198,2025-11-02,actual_margin,-1.0,0.0114997704121479,1.9.1,20260912,0.011499770412147989,8.847089727481716e-17
margin,"margin|robust_huber|sdv_only|{""alpha"":0.0001,""epsilon"":1.35}",1,2025020199,2025-11-03,actual_margin,1.0,0.2669467181287911,1.9.1,20260912,0.2669467181287911,0.0
margin,"margin|robust_huber|sdv_only|{""alpha"":0.0001,""epsilon"":1.35}",1,2025020200,2025-11-03,actual_margin,1.0,0.1748482529754585,1.9.1,20260912,0.17484825297545853,2.7755575615628914e-17
margin,"margin|robust_huber|sdv_only|{""alpha"":0.0001,""epsilon"":1.35}",1,2025020201,2025-11-03,actual_margin,-1.0,0.0636514264617889,1.9.1,20260912,0.06365142646178894,4.163336342344337e-17
margin,"margin|robust_huber|sdv_only|{""alpha"":0.0001,""epsilon"":1.35}",1,2025020202,2025-11-03,actual_margin,2.0,0.1459295034268717,1.9.1,20260912,0.14592950342687178,8.326672684688674e-17
margin,"margin|robust_huber|sdv_only|{""alpha"":0.0001,""epsilon"":1.35}",1,2025020203,2025-11-04,actual_margin,-1.0,0.0088124763001711,1.9.1,20260912,0.008812476300171165,6.591949208711867e-17
margin,"margin|robust_huber|sdv_only|{""alpha"":0.0001,""epsilon"":1.35}",1,2025020204,2025-11-04,actual_margin,-1.0,0.2432526926048077,1.9.1,20260912,0.24325269260480772,2.7755575615628914e-17
margin,"margin|robust_huber|sdv_only|{""alpha"":0.0001,""epsilon"":1.35}",1,2025020205,2025-11-04,actual_margin,-1.0,0.095819248977541,1.9.1,20260912,0.095819248977541,0.0
margin,"margin|robust_huber|sdv_only|{""alpha"":0.0001,""epsilon"":1.35}",1,2025020206,2025-11-04,actual_margin,-3.0,0.1712694939950655,1.9.1,20260912,0.1712694939950655,0.0
margin,"margin|robust_huber|sdv_only|{""alpha"":0.0001,""epsilon"":1.35}",1,2025020207,2025-11-04,actual_margin,1.0,0.0792764009206685,1.9.1,20260912,0.07927640092066851,1.3877787807814457e-17
margin,"margin|robust_huber|sdv_only|{""alpha"":0.0001,""epsilon"":1.35}",1,2025020208,2025-11-04,actual_margin,1.0,0.2884785145584279,1.9.1,20260912,0.2884785145584279,0.0
margin,"margin|robust_huber|sdv_only|{""alpha"":0.0001,""epsilon"":1.35}",1,2025020209,2025-11-04,actual_margin,1.0,0.3403445554765926,1.9.1,20260912,0.3403445554765926,0.0
margin,"margin|robust_huber|sdv_only|{""alpha"":0.0001,""epsilon"":1.35}",1,2025020210,2025-11-04,actual_margin,1.0,0.1380301936782518,1.9.1,20260912,0.1380301936782518,0.0
margin,"margin|robust_huber|sdv_only|{""alpha"":0.0001,""epsilon"":1.35}",1,2025020211,2025-11-04,actual_margin,4.0,-0.1947708675610752,1.9.1,20260912,-0.19477086756107523,2.7755575615628914e-17
margin,"margin|robust_huber|sdv_only|{""alpha"":0.0001,""epsilon"":1.35}",1,2025020212,2025-11-04,actual_margin,3.0,0.3431335855686143,1.9.1,20260912,0.3431335855686143,0.0
margin,"margin|robust_huber|sdv_only|{""alpha"":0.0001,""epsilon"":1.35}",1,2025020213,2025-11-05,actual_margin,2.0,-0.0925356674308562,1.9.1,20260912,-0.09253566743085623,2.7755575615628914e-17
margin,"margin|robust_huber|sdv_only|{""alpha"":0.0001,""epsilon"":1.35}",1,2025020214,2025-11-05,actual_margin,5.0,0.2080187218427238,1.9.1,20260912,0.20801872184272385,5.551115123125783e-17
margin,"margin|robust_huber|sdv_only|{""alpha"":0.0001,""epsilon"":1.35}",1,2025020215,2025-11-05,actual_margin,4.0,0.1977309348336968,1.9.1,20260912,0.19773093483369686,5.551115123125783e-17
margin,"margin|robust_huber|sdv_only|{""alpha"":0.0001,""epsilon"":1.35}",1,2025020216,2025-11-05,actual_margin,-3.0,-0.1289981304382793,1.9.1,20260912,-0.12899813043827935,5.551115123125783e-17
margin,"margin|robust_huber|sdv_only|{""alpha"":0.0001,""epsilon"":1.35}",1,2025020217,2025-11-05,actual_margin,-5.0,0.0086578559098367,1.9.1,20260912,0.008657855909836712,1.214306433183765e-17
margin,"margin|robust_huber|sdv_only|{""alpha"":0.0001,""epsilon"":1.35}",1,2025020218,2025-11-06,actual_margin,1.0,-0.0930063775534669,1.9.1,20260912,-0.09300637755346694,4.163336342344337e-17
margin,"margin|robust_huber|sdv_only|{""alpha"":0.0001,""epsilon"":1.35}",1,2025020219,2025-11-06,actual_margin,-3.0,0.0718828991943883,1.9.1,20260912,0.07188289919438834,4.163336342344337e-17
margin,"margin|robust_huber|sdv_only|{""alpha"":0.0001,""epsilon"":1.35}",1,2025020220,2025-11-06,actual_margin,1.0,0.077189885036444,1.9.1,20260912,0.077189885036444,0.0
margin,"margin|robust_huber|sdv_only|{""alpha"":0.0001,""epsilon"":1.35}",1,2025020221,2025-11-06,actual_margin,2.0,-0.1462277937697302,1.9.1,20260912,-0.14622779376973025,5.551115123125783e-17
margin,"margin|robust_huber|sdv_only|{""alpha"":0.0001,""epsilon"":1.35}",1,2025020222,2025-11-06,actual_margin,1.0,0.4181273320934728,1.9.1,20260912,0.41812733209347286,5.551115123125783e-17
margin,"margin|robust_huber|sdv_only|{""alpha"":0.0001,""epsilon"":1.35}",1,2025020223,2025-11-06,actual_margin,-2.0,-0.2195986335277606,1.9.1,20260912,-0.21959863352776063,2.7755575615628914e-17
margin,"margin|robust_huber|sdv_only|{""alpha"":0.0001,""epsilon"":1.35}",1,2025020224,2025-11-06,actual_margin,-2.0,0.1725666969299916,1.9.1,20260912,0.17256669692999163,2.7755575615628914e-17
margin,"margin|robust_huber|sdv_only|{""alpha"":0.0001,""epsilon"":1.35}",1,2025020225,2025-11-06,actual_margin,-3.0,0.0194293143322652,1.9.1,20260912,0.019429314332265232,3.122502256758253e-17
margin,"margin|robust_huber|sdv_only|{""alpha"":0.0001,""epsilon"":1.35}",1,2025020226,2025-11-06,actual_margin,-3.0,0.0024027916508734,1.9.1,20260912,0.0024027916508734537,5.377642775528102e-17
margin,"margin|robust_huber|sdv_only|{""alpha"":0.0001,""epsilon"":1.35}",1,2025020227,2025-11-07,actual_margin,-3.0,-0.0634516909709214,1.9.1,20260912,-0.06345169097092149,8.326672684688674e-17
margin,"margin|robust_huber|sdv_only|{""alpha"":0.0001,""epsilon"":1.35}",1,2025020228,2025-11-07,actual_margin,-3.0,0.213985580468747,1.9.1,20260912,0.21398558046874702,2.7755575615628914e-17
margin,"margin|robust_huber|sdv_only|{""alpha"":0.0001,""epsilon"":1.35}",1,2025020229,2025-11-07,actual_margin,-4.0,0.2839410481195863,1.9.1,20260912,0.2839410481195863,0.0
margin,"margin|robust_huber|sdv_only|{""alpha"":0.0001,""epsilon"":1.35}",1,2025020230,2025-11-07,actual_margin,1.0,0.2720083442560124,1.9.1,20260912,0.2720083442560124,0.0
margin,"margin|robust_huber|sdv_only|{""alpha"":0.0001,""epsilon"":1.35}",1,2025020231,2025-11-08,actual_margin,1.0,0.2526758461695371,1.9.1,20260912,0.2526758461695371,0.0
margin,"margin|robust_huber|sdv_only|{""alpha"":0.0001,""epsilon"":1.35}",1,2025020232,2025-11-08,actual_margin,-1.0,0.0015619217922545,1.9.1,20260912,0.0015619217922545614,6.136584296267955e-17
margin,"margin|robust_huber|sdv_only|{""alpha"":0.0001,""epsilon"":1.35}",1,2025020233,2025-11-08,actual_margin,-1.0,-0.1302249932992472,1.9.1,20260912,-0.13022499329924722,2.7755575615628914e-17
margin,"margin|robust_huber|sdv_only|{""alpha"":0.0001,""epsilon"":1.35}",1,2025020234,2025-11-08,actual_margin,-2.0,0.2007159498174314,1.9.1,20260912,0.20071594981743146,5.551115123125783e-17
margin,"margin|robust_huber|sdv_only|{""alpha"":0.0001,""epsilon"":1.35}",1,2025020235,2025-11-08,actual_margin,4.0,0.0359264384883586,1.9.1,20260912,0.03592643848835868,7.632783294297951e-17
margin,"margin|robust_huber|sdv_only|{""alpha"":0.0001,""epsilon"":1.35}",1,2025020236,2025-11-08,actual_margin,1.0,0.1845978239468385,1.9.1,20260912,0.18459782394683855,5.551115123125783e-17
margin,"margin|robust_huber|sdv_only|{""alpha"":0.0001,""epsilon"":1.35}",1,2025020237,2025-11-08,actual_margin,-5.0,0.4627814996243354,1.9.1,20260912,0.46278149962433546,5.551115123125783e-17
margin,"margin|robust_huber|sdv_only|{""alpha"":0.0001,""epsilon"":1.35}",1,2025020238,2025-11-08,actual_margin,3.0,0.2809215905860903,1.9.1,20260912,0.28092159058609034,5.551115123125783e-17
margin,"margin|robust_huber|sdv_only|{""alpha"":0.0001,""epsilon"":1.35}",1,2025020239,2025-11-08,actual_margin,-1.0,0.2214298020860041,1.9.1,20260912,0.22142980208600413,2.7755575615628914e-17
margin,"margin|robust_huber|sdv_only|{""alpha"":0.0001,""epsilon"":1.35}",1,2025020240,2025-11-08,actual_margin,-8.0,-0.4649349475947687,1.9.1,20260912,-0.4649349475947687,0.0
margin,"margin|robust_huber|sdv_only|{""alpha"":0.0001,""epsilon"":1.35}",1,2025020241,2025-11-08,actual_margin,1.0,-0.1409017790890784,1.9.1,20260912,-0.1409017790890784,0.0
margin,"margin|robust_huber|sdv_only|{""alpha"":0.0001,""epsilon"":1.35}",1,2025020242,2025-11-08,actual_margin,-1.0,0.4058867855230363,1.9.1,20260912,0.40588678552303636,5.551115123125783e-17
margin,"margin|robust_huber|sdv_only|{""alpha"":0.0001,""epsilon"":1.35}",1,2025020243,2025-11-08,actual_margin,2.0,-0.0584929900150344,1.9.1,20260912,-0.05849299001503441,1.3877787807814457e-17
margin,"margin|robust_huber|sdv_only|{""alpha"":0.0001,""epsilon"":1.35}",1,2025020244,2025-11-09,actual_margin,-4.0,0.2083910901145292,1.9.1,20260912,0.20839109011452928,8.326672684688674e-17
margin,"margin|robust_huber|sdv_only|{""alpha"":0.0001,""epsilon"":1.35}",1,2025020245,2025-11-09,actual_margin,-1.0,0.0352937849321547,1.9.1,20260912,0.03529378493215474,3.469446951953614e-17
margin,"margin|robust_huber|sdv_only|{""alpha"":0.0001,""epsilon"":1.35}",1,2025020246,2025-11-09,actual_margin,-1.0,-0.0773252756294166,1.9.1,20260912,-0.07732527562941663,2.7755575615628914e-17
margin,"margin|robust_huber|sdv_only|{""alpha"":0.0001,""epsilon"":1.35}",1,2025020247,2025-11-09,actual_margin,2.0,0.012699614420631,1.9.1,20260912,0.012699614420631056,5.551115123125783e-17
margin,"margin|robust_huber|sdv_only|{""alpha"":0.0001,""epsilon"":1.35}",1,2025020248,2025-11-09,actual_margin,1.0,0.228006719500705,1.9.1,20260912,0.22800671950070503,2.7755575615628914e-17
margin,"margin|robust_huber|sdv_only|{""alpha"":0.0001,""epsilon"":1.35}",1,2025020249,2025-11-09,actual_margin,2.0,-0.1055259359592975,1.9.1,20260912,-0.10552593595929757,6.938893903907228e-17
margin,"margin|robust_huber|sdv_only|{""alpha"":0.0001,""epsilon"":1.35}",1,2025020250,2025-11-09,actual_margin,-1.0,-0.6803689312634673,1.9.1,20260912,-0.6803689312634673,0.0
margin,"margin|robust_huber|sdv_only|{""alpha"":0.0001,""epsilon"":1.35}",1,2025020251,2025-11-09,actual_margin,3.0,0.2774649325862942,1.9.1,20260912,0.27746493258629423,5.551115123125783e-17
margin,"margin|robust_huber|sdv_only|{""alpha"":0.0001,""epsilon"":1.35}",1,2025020252,2025-11-10,actual_margin,-1.0,0.2220681154367905,1.9.1,20260912,0.22206811543679053,2.7755575615628914e-17
margin,"margin|robust_huber|sdv_only|{""alpha"":0.0001,""epsilon"":1.35}",1,2025020253,2025-11-10,actual_margin,3.0,0.6125900114647738,1.9.1,20260912,0.6125900114647738,0.0
margin,"margin|robust_huber|sdv_only|{""alpha"":0.0001,""epsilon"":1.35}",1,2025020254,2025-11-10,actual_margin,1.0,0.1211836042930191,1.9.1,20260912,0.12118360429301911,1.3877787807814457e-17
margin,"margin|robust_huber|sdv_only|{""alpha"":0.0001,""epsilon"":1.35}",1,2025020255,2025-11-10,actual_margin,-1.0,0.1315602478459553,1.9.1,20260912,0.13156024784595532,2.7755575615628914e-17
margin,"margin|robust_huber|sdv_only|{""alpha"":0.0001,""epsilon"":1.35}",1,2025020256,2025-11-11,actual_margin,2.0,0.1061671360237395,1.9.1,20260912,0.1061671360237395,0.0
margin,"margin|robust_huber|sdv_only|{""alpha"":0.0001,""epsilon"":1.35}",1,2025020257,2025-11-11,actual_margin,-4.0,0.1993241808774012,1.9.1,20260912,0.1993241808774012,0.0
margin,"margin|robust_huber|sdv_only|{""alpha"":0.0001,""epsilon"":1.35}",1,2025020258,2025-11-11,actual_margin,-1.0,0.212113179990602,1.9.1,20260912,0.212113179990602,0.0
margin,"margin|robust_huber|sdv_only|{""alpha"":0.0001,""epsilon"":1.35}",1,2025020259,2025-11-11,actual_margin,-3.0,0.1374616423381913,1.9.1,20260912,0.13746164233819133,2.7755575615628914e-17
margin,"margin|robust_huber|sdv_only|{""alpha"":0.0001,""epsilon"":1.35}",1,2025020260,2025-11-11,actual_margin,1.0,0.0138654767126265,1.9.1,20260912,0.01386547671262657,7.112366251504909e-17
margin,"margin|robust_huber|sdv_only|{""alpha"":0.0001,""epsilon"":1.35}",1,2025020261,2025-11-11,actual_margin,-1.0,-0.0096461785563243,1.9.1,20260912,-0.009646178556324395,9.540979117872439e-17
margin,"margin|robust_huber|sdv_only|{""alpha"":0.0001,""epsilon"":1.35}",1,2025020262,2025-11-11,actual_margin,3.0,0.731927743007859,1.9.1,20260912,0.731927743007859,0.0
margin,"margin|robust_huber|sdv_only|{""alpha"":0.0001,""epsilon"":1.35}",1,2025020263,2025-11-11,actual_margin,-2.0,0.2002989196849822,1.9.1,20260912,0.20029891968498226,5.551115123125783e-17
margin,"margin|robust_huber|sdv_only|{""alpha"":0.0001,""epsilon"":1.35}",1,2025020264,2025-11-11,actual_margin,-1.0,-0.0795201201501017,1.9.1,20260912,-0.07952012015010179,9.71445146547012e-17
margin,"margin|robust_huber|sdv_only|{""alpha"":0.0001,""epsilon"":1.35}",1,2025020265,2025-11-12,actual_margin,-4.0,0.1824757163970842,1.9.1,20260912,0.1824757163970842,0.0
margin,"margin|robust_huber|sdv_only|{""alpha"":0.0001,""epsilon"":1.35}",1,2025020266,2025-11-12,actual_margin,-1.0,0.1273795941927342,1.9.1,20260912,0.12737959419273426,5.551115123125783e-17
margin,"margin|robust_huber|sdv_only|{""alpha"":0.0001,""epsilon"":1.35}",1,2025020267,2025-11-12,actual_margin,3.0,0.1991739880421231,1.9.1,20260912,0.1991739880421231,0.0
margin,"margin|robust_huber|sdv_only|{""alpha"":0.0001,""epsilon"":1.35}",1,2025020268,2025-11-12,actual_margin,-1.0,-0.1487429223639922,1.9.1,20260912,-0.1487429223639922,0.0
margin,"margin|robust_huber|sdv_only|{""alpha"":0.0001,""epsilon"":1.35}",1,2025020269,2025-11-13,actual_margin,-1.0,0.0092899801778081,1.9.1,20260912,0.009289980177808133,3.2959746043559335e-17
margin,"margin|robust_huber|sdv_only|{""alpha"":0.0001,""epsilon"":1.35}",1,2025020270,2025-11-13,actual_margin,-7.0,0.1547539869600385,1.9.1,20260912,0.1547539869600385,0.0
margin,"margin|robust_huber|sdv_only|{""alpha"":0.0001,""epsilon"":1.35}",1,2025020271,2025-11-13,actual_margin,2.0,0.2505083862441891,1.9.1,20260912,0.2505083862441891,0.0
margin,"margin|robust_huber|sdv_only|{""alpha"":0.0001,""epsilon"":1.35}",1,2025020272,2025-11-13,actual_margin,3.0,0.1828304547045023,1.9.1,20260912,0.18283045470450232,2.7755575615628914e-17
margin,"margin|robust_huber|sdv_only|{""alpha"":0.0001,""epsilon"":1.35}",1,2025020273,2025-11-13,actual_margin,3.0,0.0225669298676244,1.9.1,20260912,0.022566929867624444,4.5102810375396984e-17
margin,"margin|robust_huber|sdv_only|{""alpha"":0.0001,""epsilon"":1.35}",1,2025020274,2025-11-13,actual_margin,1.0,0.1409397996815539,1.9.1,20260912,0.1409397996815539,0.0
margin,"margin|robust_huber|sdv_only|{""alpha"":0.0001,""epsilon"":1.35}",1,2025020275,2025-11-13,actual_margin,3.0,0.5874616070948249,1.9.1,20260912,0.5874616070948249,0.0
margin,"margin|robust_huber|sdv_only|{""alpha"":0.0001,""epsilon"":1.35}",1,2025020276,2025-11-13,actual_margin,2.0,0.2116795740601113,1.9.1,20260912,0.21167957406011137,8.326672684688674e-17
margin,"margin|robust_huber|sdv_only|{""alpha"":0.0001,""epsilon"":1.35}",1,2025020277,2025-11-13,actual_margin,-1.0,0.4196521591230104,1.9.1,20260912,0.41965215912301046,5.551115123125783e-17
margin,"margin|robust_huber|sdv_only|{""alpha"":0.0001,""epsilon"":1.35}",1,2025020278,2025-11-13,actual_margin,2.0,0.2145815296951791,1.9.1,20260912,0.21458152969517916,5.551115123125783e-17
margin,"margin|robust_huber|sdv_only|{""alpha"":0.0001,""epsilon"":1.35}",1,2025020279,2025-11-14,actual_margin,1.0,0.5938424944391492,1.9.1,20260912,0.5938424944391492,0.0
margin,"margin|robust_huber|sdv_only|{""alpha"":0.0001,""epsilon"":1.35}",1,2025020280,2025-11-14,actual_margin,-1.0,0.126523596359315,1.9.1,20260912,0.126523596359315,0.0
margin,"margin|robust_huber|sdv_only|{""alpha"":0.0001,""epsilon"":1.35}",1,2025020281,2025-11-14,actual_margin,1.0,-0.0973224960600499,1.9.1,20260912,-0.09732249606004992,1.3877787807814457e-17
margin,"margin|robust_huber|sdv_only|{""alpha"":0.0001,""epsilon"":1.35}",1,2025020282,2025-11-14,actual_margin,-1.0,0.3409186737620449,1.9.1,20260912,0.3409186737620449,0.0
margin,"margin|robust_huber|sdv_only|{""alpha"":0.0001,""epsilon"":1.35}",1,2025020283,2025-11-15,actual_margin,-2.0,-0.0393343588435099,1.9.1,20260912,-0.03933435884350994,4.163336342344337e-17
margin,"margin|robust_huber|sdv_only|{""alpha"":0.0001,""epsilon"":1.35}",1,2025020284,2025-11-15,actual_margin,2.0,0.0114803999706259,1.9.1,20260912,0.011480399970625957,5.724587470723463e-17
margin,"margin|robust_huber|sdv_only|{""alpha"":0.0001,""epsilon"":1.35}",1,2025020285,2025-11-15,actual_margin,-1.0,0.1952704935966793,1.9.1,20260912,0.1952704935966793,0.0
margin,"margin|robust_huber|sdv_only|{""alpha"":0.0001,""epsilon"":1.35}",1,2025020286,2025-11-15,actual_margin,-1.0,0.0976084914855384,1.9.1,20260912,0.0976084914855384,0.0
margin,"margin|robust_huber|sdv_only|{""alpha"":0.0001,""epsilon"":1.35}",1,2025020287,2025-11-15,actual_margin,-1.0,0.0567173282272034,1.9.1,20260912,0.056717328227203455,5.551115123125783e-17
margin,"margin|robust_huber|sdv_only|{""alpha"":0.0001,""epsilon"":1.35}",1,2025020288,2025-11-15,actual_margin,-1.0,0.2124446971573763,1.9.1,20260912,0.21244469715737632,2.7755575615628914e-17
margin,"margin|robust_huber|sdv_only|{""alpha"":0.0001,""epsilon"":1.35}",1,2025020289,2025-11-15,actual_margin,-1.0,0.5008820537561929,1.9.1,20260912,0.5008820537561929,0.0
margin,"margin|robust_huber|sdv_only|{""alpha"":0.0001,""epsilon"":1.35}",1,2025020290,2025-11-15,actual_margin,-1.0,-0.0386520667276697,1.9.1,20260912,-0.03865206672766977,6.938893903907228e-17
margin,"margin|robust_huber|sdv_only|{""alpha"":0.0001,""epsilon"":1.35}",1,2025020291,2025-11-15,actual_margin,1.0,-0.0594718088916455,1.9.1,20260912,-0.05947180889164552,2.0816681711721685e-17
margin,"margin|robust_huber|sdv_only|{""alpha"":0.0001,""epsilon"":1.35}",1,2025020292,2025-11-15,actual_margin,-3.0,-0.1762227455437797,1.9.1,20260912,-0.17622274554377973,2.7755575615628914e-17
margin,"margin|robust_huber|sdv_only|{""alpha"":0.0001,""epsilon"":1.35}",1,2025020293,2025-11-15,actual_margin,4.0,0.1420197567167664,1.9.1,20260912,0.14201975671676645,5.551115123125783e-17
margin,"margin|robust_huber|sdv_only|{""alpha"":0.0001,""epsilon"":1.35}",1,2025020294,2025-11-15,actual_margin,-1.0,0.5047292247976509,1.9.1,20260912,0.5047292247976509,0.0
margin,"margin|robust_huber|sdv_only|{""alpha"":0.0001,""epsilon"":1.35}",1,2025020295,2025-11-15,actual_margin,3.0,0.0154179091674605,1.9.1,20260912,0.015417909167460511,1.0408340855860843e-17
margin,"margin|robust_huber|sdv_only|{""alpha"":0.0001,""epsilon"":1.35}",1,2025020296,2025-11-16,actual_margin,4.0,0.197133570619052,1.9.1,20260912,0.19713357061905207,5.551115123125783e-17
margin,"margin|robust_huber|sdv_only|{""alpha"":0.0001,""epsilon"":1.35}",1,2025020297,2025-11-16,actual_margin,-4.0,0.6989751689689592,1.9.1,20260912,0.6989751689689592,0.0
margin,"margin|robust_huber|sdv_only|{""alpha"":0.0001,""epsilon"":1.35}",1,2025020298,2025-11-16,actual_margin,1.0,-0.3474063464554275,1.9.1,20260912,-0.34740634645542756,5.551115123125783e-17
margin,"margin|robust_huber|sdv_only|{""alpha"":0.0001,""epsilon"":1.35}",1,2025020299,2025-11-16,actual_margin,-1.0,0.3219338242870623,1.9.1,20260912,0.3219338242870623,0.0
margin,"margin|robust_huber|sdv_only|{""alpha"":0.0001,""epsilon"":1.35}",1,2025020300,2025-11-16,actual_margin,3.0,0.7489732126710151,1.9.1,20260912,0.7489732126710151,0.0
margin,"margin|robust_huber|sdv_only|{""alpha"":0.0001,""epsilon"":1.35}",1,2025020301,2025-11-17,actual_margin,-2.0,-0.2522776593699606,1.9.1,20260912,-0.2522776593699606,0.0
margin,"margin|robust_huber|sdv_only|{""alpha"":0.0001,""epsilon"":1.35}",1,2025020302,2025-11-17,actual_margin,4.0,0.1605899088380876,1.9.1,20260912,0.16058990883808763,2.7755575615628914e-17
margin,"margin|robust_huber|sdv_only|{""alpha"":0.0001,""epsilon"":1.35}",1,2025020303,2025-11-17,actual_margin,3.0,0.5660026784628988,1.9.1,20260912,0.5660026784628988,0.0
margin,"margin|robust_huber|sdv_only|{""alpha"":0.0001,""epsilon"":1.35}",1,2025020304,2025-11-17,actual_margin,1.0,0.2881550513151939,1.9.1,20260912,0.2881550513151939,0.0
margin,"margin|robust_huber|sdv_only|{""alpha"":0.0001,""epsilon"":1.35}",1,2025020305,2025-11-17,actual_margin,1.0,0.0745981016012818,1.9.1,20260912,0.07459810160128189,8.326672684688674e-17
margin,"margin|robust_huber|sdv_only|{""alpha"":0.0001,""epsilon"":1.35}",1,2025020306,2025-11-17,actual_margin,1.0,-0.1099004743980684,1.9.1,20260912,-0.10990047439806849,9.71445146547012e-17
margin,"margin|robust_huber|sdv_only|{""alpha"":0.0001,""epsilon"":1.35}",1,2025020307,2025-11-18,actual_margin,1.0,0.103160738825554,1.9.1,20260912,0.10316073882555404,4.163336342344337e-17
margin,"margin|robust_huber|sdv_only|{""alpha"":0.0001,""epsilon"":1.35}",1,2025020308,2025-11-18,actual_margin,2.0,0.3242791940551209,1.9.1,20260912,0.32427919405512096,5.551115123125783e-17
margin,"margin|robust_huber|sdv_only|{""alpha"":0.0001,""epsilon"":1.35}",1,2025020309,2025-11-18,actual_margin,4.0,0.3735634592473513,1.9.1,20260912,0.37356345924735135,5.551115123125783e-17
margin,"margin|robust_huber|sdv_only|{""alpha"":0.0001,""epsilon"":1.35}",1,2025020310,2025-11-18,actual_margin,-1.0,0.2354236828076334,1.9.1,20260912,0.23542368280763343,2.7755575615628914e-17
margin,"margin|robust_huber|sdv_only|{""alpha"":0.0001,""epsilon"":1.35}",1,2025020311,2025-11-18,actual_margin,3.0,-0.1435794648260556,1.9.1,20260912,-0.14357946482605563,2.7755575615628914e-17
margin,"margin|robust_huber|sdv_only|{""alpha"":0.0001,""epsilon"":1.35}",1,2025020312,2025-11-18,actual_margin,3.0,-0.2260631272316066,1.9.1,20260912,-0.22606312723160668,8.326672684688674e-17
margin,"margin|robust_huber|sdv_only|{""alpha"":0.0001,""epsilon"":1.35}",1,2025020313,2025-11-18,actual_margin,1.0,0.2326178026699838,1.9.1,20260912,0.2326178026699838,0.0
margin,"margin|robust_huber|sdv_only|{""alpha"":0.0001,""epsilon"":1.35}",1,2025020314,2025-11-18,actual_margin,1.0,-0.1853703519958953,1.9.1,20260912,-0.18537035199589538,8.326672684688674e-17
margin,"margin|robust_huber|sdv_only|{""alpha"":0.0001,""epsilon"":1.35}",2,2025020315,2025-11-19,actual_margin,3.0,0.7413202388004395,1.9.1,20260912,0.7413202388004395,0.0
margin,"margin|robust_huber|sdv_only|{""alpha"":0.0001,""epsilon"":1.35}",2,2025020316,2025-11-19,actual_margin,-4.0,0.3098387075505159,1.9.1,20260912,0.3098387075505159,0.0
margin,"margin|robust_huber|sdv_only|{""alpha"":0.0001,""epsilon"":1.35}",2,2025020317,2025-11-19,actual_margin,1.0,-0.4774363625753602,1.9.1,20260912,-0.4774363625753602,0.0
margin,"margin|robust_huber|sdv_only|{""alpha"":0.0001,""epsilon"":1.35}",2,2025020318,2025-11-19,actual_margin,1.0,0.335864838993384,1.9.1,20260912,0.33586483899338404,5.551115123125783e-17
margin,"margin|robust_huber|sdv_only|{""alpha"":0.0001,""epsilon"":1.35}",2,2025020319,2025-11-20,actual_margin,-1.0,0.2664815092042807,1.9.1,20260912,0.26648150920428076,5.551115123125783e-17
margin,"margin|robust_huber|sdv_only|{""alpha"":0.0001,""epsilon"":1.35}",2,2025020320,2025-11-20,actual_margin,-4.0,0.1331639475409785,1.9.1,20260912,0.13316394754097852,2.7755575615628914e-17
margin,"margin|robust_huber|sdv_only|{""alpha"":0.0001,""epsilon"":1.35}",2,2025020321,2025-11-20,actual_margin,-5.0,0.4418950911939462,1.9.1,20260912,0.4418950911939462,0.0
margin,"margin|robust_huber|sdv_only|{""alpha"":0.0001,""epsilon"":1.35}",2,2025020322,2025-11-20,actual_margin,1.0,0.8061353149398551,1.9.1,20260912,0.8061353149398551,0.0
margin,"margin|robust_huber|sdv_only|{""alpha"":0.0001,""epsilon"":1.35}",2,2025020323,2025-11-20,actual_margin,1.0,0.3774417900681745,1.9.1,20260912,0.3774417900681745,0.0
margin,"margin|robust_huber|sdv_only|{""alpha"":0.0001,""epsilon"":1.35}",2,2025020324,2025-11-20,actual_margin,1.0,0.2786430400803543,1.9.1,20260912,0.27864304008035434,5.551115123125783e-17
margin,"margin|robust_huber|sdv_only|{""alpha"":0.0001,""epsilon"":1.35}",2,2025020325,2025-11-20,actual_margin,-1.0,0.3015398330129184,1.9.1,20260912,0.3015398330129184,0.0
margin,"margin|robust_huber|sdv_only|{""alpha"":0.0001,""epsilon"":1.35}",2,2025020326,2025-11-20,actual_margin,3.0,0.8034381187804112,1.9.1,20260912,0.8034381187804112,0.0
margin,"margin|robust_huber|sdv_only|{""alpha"":0.0001,""epsilon"":1.35}",2,2025020327,2025-11-20,actual_margin,-3.0,0.0982000365084821,1.9.1,20260912,0.09820003650848211,1.3877787807814457e-17
margin,"margin|robust_huber|sdv_only|{""alpha"":0.0001,""epsilon"":1.35}",2,2025020328,2025-11-20,actual_margin,-2.0,-0.2951601887839315,1.9.1,20260912,-0.2951601887839315,0.0
margin,"margin|robust_huber|sdv_only|{""alpha"":0.0001,""epsilon"":1.35}",2,2025020329,2025-11-20,actual_margin,-1.0,0.0004823616541064,1.9.1,20260912,0.0004823616541064224,2.2388774861825667e-17
margin,"margin|robust_huber|sdv_only|{""alpha"":0.0001,""epsilon"":1.35}",2,2025020330,2025-11-20,actual_margin,1.0,-0.0557485167112213,1.9.1,20260912,-0.05574851671122133,2.7755575615628914e-17
margin,"margin|robust_huber|sdv_only|{""alpha"":0.0001,""epsilon"":1.35}",2,2025020331,2025-11-21,actual_margin,6.0,0.654362930564194,1.9.1,20260912,0.654362930564194,0.0
margin,"margin|robust_huber|sdv_only|{""alpha"":0.0001,""epsilon"":1.35}",2,2025020332,2025-11-21,actual_margin,-5.0,0.412822023895277,1.9.1,20260912,0.41282202389527706,5.551115123125783e-17
margin,"margin|robust_huber|sdv_only|{""alpha"":0.0001,""epsilon"":1.35}",2,2025020333,2025-11-21,actual_margin,-1.0,-0.719256804441768,1.9.1,20260912,-0.719256804441768,0.0
margin,"margin|robust_huber|sdv_only|{""alpha"":0.0001,""epsilon"":1.35}",2,2025020334,2025-11-21,actual_margin,-1.0,0.4372818088398805,1.9.1,20260912,0.43728180883988055,5.551115123125783e-17
margin,"margin|robust_huber|sdv_only|{""alpha"":0.0001,""epsilon"":1.35}",2,2025020335,2025-11-22,actual_margin,1.0,0.3502499832922069,1.9.1,20260912,0.35024998329220697,5.551115123125783e-17
margin,"margin|robust_huber|sdv_only|{""alpha"":0.0001,""epsilon"":1.35}",2,2025020336,2025-11-22,actual_margin,-1.0,0.1892699330262684,1.9.1,20260912,0.18926993302626843,2.7755575615628914e-17
margin,"margin|robust_huber|sdv_only|{""alpha"":0.0001,""epsilon"":1.35}",2,2025020337,2025-11-22,actual_margin,3.0,0.5368203955444124,1.9.1,20260912,0.5368203955444124,0.0
margin,"margin|robust_huber|sdv_only|{""alpha"":0.0001,""epsilon"":1.35}",2,2025020338,2025-11-22,actual_margin,-3.0,0.6132735773562089,1.9.1,20260912,0.6132735773562089,0.0
margin,"margin|robust_huber|sdv_only|{""alpha"":0.0001,""epsilon"":1.35}",2,2025020339,2025-11-22,actual_margin,3.0,0.1337988697018635,1.9.1,20260912,0.1337988697018635,0.0
margin,"margin|robust_huber|sdv_only|{""alpha"":0.0001,""epsilon"":1.35}",2,2025020340,2025-11-22,actual_margin,-1.0,0.4490935346413421,1.9.1,20260912,0.44909353464134216,5.551115123125783e-17
margin,"margin|robust_huber|sdv_only|{""alpha"":0.0001,""epsilon"":1.35}",2,2025020341,2025-11-22,actual_margin,-2.0,0.1121200104451656,1.9.1,20260912,0.11212001044516567,6.938893903907228e-17
margin,"margin|robust_huber|sdv_only|{""alpha"":0.0001,""epsilon"":1.35}",2,2025020342,2025-11-22,actual_margin,-1.0,-0.1710940216792458,1.9.1,20260912,-0.1710940216792458,0.0
margin,"margin|robust_huber|sdv_only|{""alpha"":0.0001,""epsilon"":1.35}",2,2025020343,2025-11-22,actual_margin,-3.0,-0.911853734066534,1.9.1,20260912,-0.911853734066534,0.0
margin,"margin|robust_huber|sdv_only|{""alpha"":0.0001,""epsilon"":1.35}",2,2025020344,2025-11-22,actual_margin,1.0,0.3117273229344298,1.9.1,20260912,0.3117273229344298,0.0
margin,"margin|robust_huber|sdv_only|{""alpha"":0.0001,""epsilon"":1.35}",2,2025020345,2025-11-22,actual_margin,1.0,0.3724803999494199,1.9.1,20260912,0.3724803999494199,0.0
margin,"margin|robust_huber|sdv_only|{""alpha"":0.0001,""epsilon"":1.35}",2,2025020346,2025-11-22,actual_margin,1.0,-0.2852454699613557,1.9.1,20260912,-0.28524546996135575,5.551115123125783e-17
margin,"margin|robust_huber|sdv_only|{""alpha"":0.0001,""epsilon"":1.35}",2,2025020347,2025-11-23,actual_margin,3.0,-0.1328607237779888,1.9.1,20260912,-0.13286072377798885,5.551115123125783e-17
margin,"margin|robust_huber|sdv_only|{""alpha"":0.0001,""epsilon"":1.35}",2,2025020348,2025-11-23,actual_margin,-3.0,0.2497875912504573,1.9.1,20260912,0.24978759125045735,5.551115123125783e-17
margin,"margin|robust_huber|sdv_only|{""alpha"":0.0001,""epsilon"":1.35}",2,2025020349,2025-11-23,actual_margin,1.0,0.4648167229477948,1.9.1,20260912,0.4648167229477948,0.0
margin,"margin|robust_huber|sdv_only|{""alpha"":0.0001,""epsilon"":1.35}",2,2025020350,2025-11-23,actual_margin,-1.0,-0.8080971819977969,1.9.1,20260912,-0.8080971819977969,0.0
margin,"margin|robust_huber|sdv_only|{""alpha"":0.0001,""epsilon"":1.35}",2,2025020351,2025-11-23,actual_margin,2.0,0.0838628111372836,1.9.1,20260912,0.08386281113728361,1.3877787807814457e-17
margin,"margin|robust_huber|sdv_only|{""alpha"":0.0001,""epsilon"":1.35}",2,2025020352,2025-11-23,actual_margin,-3.0,-0.3939719734260378,1.9.1,20260912,-0.3939719734260378,0.0
margin,"margin|robust_huber|sdv_only|{""alpha"":0.0001,""epsilon"":1.35}",2,2025020353,2025-11-24,actual_margin,3.0,0.7748007916724435,1.9.1,20260912,0.7748007916724435,0.0
margin,"margin|robust_huber|sdv_only|{""alpha"":0.0001,""epsilon"":1.35}",2,2025020354,2025-11-24,actual_margin,1.0,0.3052411718440773,1.9.1,20260912,0.3052411718440773,0.0
margin,"margin|robust_huber|sdv_only|{""alpha"":0.0001,""epsilon"":1.35}",2,2025020355,2025-11-24,actual_margin,1.0,0.5842522318524883,1.9.1,20260912,0.5842522318524883,0.0
margin,"margin|robust_huber|sdv_only|{""alpha"":0.0001,""epsilon"":1.35}",2,2025020356,2025-11-24,actual_margin,4.0,0.7086727960476544,1.9.1,20260912,0.7086727960476544,0.0
margin,"margin|robust_huber|sdv_only|{""alpha"":0.0001,""epsilon"":1.35}",2,2025020357,2025-11-24,actual_margin,-5.0,-0.3547419230496397,1.9.1,20260912,-0.35474192304963975,5.551115123125783e-17
margin,"margin|robust_huber|sdv_only|{""alpha"":0.0001,""epsilon"":1.35}",2,2025020358,2025-11-24,actual_margin,4.0,0.161135480065501,1.9.1,20260912,0.161135480065501,0.0
margin,"margin|robust_huber|sdv_only|{""alpha"":0.0001,""epsilon"":1.35}",2,2025020359,2025-11-24,actual_margin,1.0,0.1140103027631853,1.9.1,20260912,0.11401030276318536,5.551115123125783e-17
margin,"margin|robust_huber|sdv_only|{""alpha"":0.0001,""epsilon"":1.35}",2,2025020360,2025-11-25,actual_margin,-5.0,0.2220779247342148,1.9.1,20260912,0.2220779247342148,0.0
margin,"margin|robust_huber|sdv_only|{""alpha"":0.0001,""epsilon"":1.35}",2,2025020361,2025-11-26,actual_margin,-3.0,0.6520461735037395,1.9.1,20260912,0.6520461735037395,0.0
margin,"margin|robust_huber|sdv_only|{""alpha"":0.0001,""epsilon"":1.35}",2,2025020362,2025-11-26,actual_margin,4.0,0.5712075345260557,1.9.1,20260912,0.5712075345260557,0.0
margin,"margin|robust_huber|sdv_only|{""alpha"":0.0001,""epsilon"":1.35}",2,2025020363,2025-11-26,actual_margin,-2.0,0.5937766537714769,1.9.1,20260912,0.5937766537714769,0.0
margin,"margin|robust_huber|sdv_only|{""alpha"":0.0001,""epsilon"":1.35}",2,2025020364,2025-11-26,actual_margin,1.0,0.3808407314046473,1.9.1,20260912,0.38084073140464736,5.551115123125783e-17
margin,"margin|robust_huber|sdv_only|{""alpha"":0.0001,""epsilon"":1.35}",2,2025020365,2025-11-26,actual_margin,-2.0,0.1996228630545628,1.9.1,20260912,0.19962286305456284,2.7755575615628914e-17
margin,"margin|robust_huber|sdv_only|{""alpha"":0.0001,""epsilon"":1.35}",2,2025020366,2025-11-26,actual_margin,2.0,0.0211707934590963,1.9.1,20260912,0.021170793459096338,3.8163916471489756e-17
margin,"margin|robust_huber|sdv_only|{""alpha"":0.0001,""epsilon"":1.35}",2,2025020367,2025-11-26,actual_margin,1.0,0.923742800172446,1.9.1,20260912,0.9237428001724461,1.1102230246251565e-16
margin,"margin|robust_huber|sdv_only|{""alpha"":0.0001,""epsilon"":1.35}",2,2025020368,2025-11-26,actual_margin,-2.0,0.59642293491096,1.9.1,20260912,0.59642293491096,0.0
margin,"margin|robust_huber|sdv_only|{""alpha"":0.0001,""epsilon"":1.35}",2,2025020369,2025-11-26,actual_margin,-1.0,0.3617553033989334,1.9.1,20260912,0.36175530339893347,5.551115123125783e-17
margin,"margin|robust_huber|sdv_only|{""alpha"":0.0001,""epsilon"":1.35}",2,2025020370,2025-11-26,actual_margin,-1.0,0.2508708765603298,1.9.1,20260912,0.25087087656032986,5.551115123125783e-17
margin,"margin|robust_huber|sdv_only|{""alpha"":0.0001,""epsilon"":1.35}",2,2025020371,2025-11-26,actual_margin,6.0,1.3268283852252496,1.9.1,20260912,1.3268283852252496,0.0
margin,"margin|robust_huber|sdv_only|{""alpha"":0.0001,""epsilon"":1.35}",2,2025020372,2025-11-26,actual_margin,-1.0,0.4060856990107193,1.9.1,20260912,0.40608569901071934,5.551115123125783e-17
margin,"margin|robust_huber|sdv_only|{""alpha"":0.0001,""epsilon"":1.35}",2,2025020373,2025-11-26,actual_margin,-1.0,0.4446605781639847,1.9.1,20260912,0.44466057816398474,5.551115123125783e-17
margin,"margin|robust_huber|sdv_only|{""alpha"":0.0001,""epsilon"":1.35}",2,2025020374,2025-11-26,actual_margin,-1.0,0.684713447053585,1.9.1,20260912,0.684713447053585,0.0
margin,"margin|robust_huber|sdv_only|{""alpha"":0.0001,""epsilon"":1.35}",2,2025020375,2025-11-26,actual_margin,-1.0,-0.2421074344350188,1.9.1,20260912,-0.24210743443501886,5.551115123125783e-17
margin,"margin|robust_huber|sdv_only|{""alpha"":0.0001,""epsilon"":1.35}",2,2025020376,2025-11-28,actual_margin,-4.0,-0.0273383178141704,1.9.1,20260912,-0.027338317814170454,5.551115123125783e-17
margin,"margin|robust_huber|sdv_only|{""alpha"":0.0001,""epsilon"":1.35}",2,2025020377,2025-11-28,actual_margin,-3.0,-0.0647734276362932,1.9.1,20260912,-0.06477342763629323,4.163336342344337e-17
margin,"margin|robust_huber|sdv_only|{""alpha"":0.0001,""epsilon"":1.35}",2,2025020378,2025-11-28,actual_margin,1.0,-0.7498250991459265,1.9.1,20260912,-0.7498250991459265,0.0
margin,"margin|robust_huber|sdv_only|{""alpha"":0.0001,""epsilon"":1.35}",2,2025020379,2025-11-28,actual_margin,-5.0,0.4186884011028712,1.9.1,20260912,0.4186884011028712,0.0
margin,"margin|robust_huber|sdv_only|{""alpha"":0.0001,""epsilon"":1.35}",2,2025020380,2025-11-28,actual_margin,-2.0,0.3373319425640656,1.9.1,20260912,0.3373319425640656,0.0
margin,"margin|robust_huber|sdv_only|{""alpha"":0.0001,""epsilon"":1.35}",2,2025020381,2025-11-28,actual_margin,-1.0,0.2244474930183695,1.9.1,20260912,0.22444749301836953,2.7755575615628914e-17
margin,"margin|robust_huber|sdv_only|{""alpha"":0.0001,""epsilon"":1.35}",2,2025020382,2025-11-28,actual_margin,1.0,-0.0449887030827872,1.9.1,20260912,-0.044988703082787296,9.71445146547012e-17
margin,"margin|robust_huber|sdv_only|{""alpha"":0.0001,""epsilon"":1.35}",2,2025020383,2025-11-28,actual_margin,-3.0,0.6919900077321113,1.9.1,20260912,0.6919900077321113,0.0
margin,"margin|robust_huber|sdv_only|{""alpha"":0.0001,""epsilon"":1.35}",2,2025020384,2025-11-28,actual_margin,1.0,0.087275859943885,1.9.1,20260912,0.08727585994388509,9.71445146547012e-17
margin,"margin|robust_huber|sdv_only|{""alpha"":0.0001,""epsilon"":1.35}",2,2025020385,2025-11-28,actual_margin,1.0,0.48586751376646,1.9.1,20260912,0.48586751376646004,5.551115123125783e-17
margin,"margin|robust_huber|sdv_only|{""alpha"":0.0001,""epsilon"":1.35}",2,2025020386,2025-11-28,actual_margin,2.0,0.7545570419540756,1.9.1,20260912,0.7545570419540756,0.0
margin,"margin|robust_huber|sdv_only|{""alpha"":0.0001,""epsilon"":1.35}",2,2025020387,2025-11-28,actual_margin,4.0,1.0515296713584008,1.9.1,20260912,1.0515296713584008,0.0
margin,"margin|robust_huber|sdv_only|{""alpha"":0.0001,""epsilon"":1.35}",2,2025020388,2025-11-28,actual_margin,-1.0,0.4602468380423471,1.9.1,20260912,0.4602468380423471,0.0
margin,"margin|robust_huber|sdv_only|{""alpha"":0.0001,""epsilon"":1.35}",2,2025020389,2025-11-28,actual_margin,-1.0,0.2361756534238611,1.9.1,20260912,0.23617565342386115,5.551115123125783e-17
margin,"margin|robust_huber|sdv_only|{""alpha"":0.0001,""epsilon"":1.35}",2,2025020390,2025-11-28,actual_margin,1.0,0.066793592168605,1.9.1,20260912,0.066793592168605,0.0
margin,"margin|robust_huber|sdv_only|{""alpha"":0.0001,""epsilon"":1.35}",2,2025020391,2025-11-29,actual_margin,-3.0,0.1868027427429093,1.9.1,20260912,0.1868027427429093,0.0
margin,"margin|robust_huber|sdv_only|{""alpha"":0.0001,""epsilon"":1.35}",2,2025020392,2025-11-29,actual_margin,5.0,0.9049913596628129,1.9.1,20260912,0.9049913596628127,1.1102230246251565e-16
margin,"margin|robust_huber|sdv_only|{""alpha"":0.0001,""epsilon"":1.35}",2,2025020393,2025-11-29,actual_margin,-4.0,-0.0703724337392029,1.9.1,20260912,-0.07037243373920299,8.326672684688674e-17
margin,"margin|robust_huber|sdv_only|{""alpha"":0.0001,""epsilon"":1.35}",2,2025020394,2025-11-29,actual_margin,1.0,0.105456900543837,1.9.1,20260912,0.105456900543837,0.0
margin,"margin|robust_huber|sdv_only|{""alpha"":0.0001,""epsilon"":1.35}",2,2025020395,2025-11-29,actual_margin,-2.0,0.3054578542437259,1.9.1,20260912,0.30545785424372596,5.551115123125783e-17
margin,"margin|robust_huber|sdv_only|{""alpha"":0.0001,""epsilon"":1.35}",2,2025020396,2025-11-29,actual_margin,-5.0,0.2193540732375,1.9.1,20260912,0.21935407323750006,5.551115123125783e-17
margin,"margin|robust_huber|sdv_only|{""alpha"":0.0001,""epsilon"":1.35}",2,2025020397,2025-11-29,actual_margin,-3.0,0.3013577334044786,1.9.1,20260912,0.3013577334044786,0.0
margin,"margin|robust_huber|sdv_only|{""alpha"":0.0001,""epsilon"":1.35}",2,2025020398,2025-11-29,actual_margin,1.0,-0.1353501107181533,1.9.1,20260912,-0.13535011071815334,2.7755575615628914e-17
margin,"margin|robust_huber|sdv_only|{""alpha"":0.0001,""epsilon"":1.35}",2,2025020399,2025-11-29,actual_margin,-1.0,-0.1346291288662238,1.9.1,20260912,-0.13462912886622386,5.551115123125783e-17
margin,"margin|robust_huber|sdv_only|{""alpha"":0.0001,""epsilon"":1.35}",2,2025020400,2025-11-29,actual_margin,1.0,1.1304542835917812,1.9.1,20260912,1.1304542835917812,0.0
margin,"margin|robust_huber|sdv_only|{""alpha"":0.0001,""epsilon"":1.35}",2,2025020401,2025-11-29,actual_margin,1.0,0.8133474163292631,1.9.1,20260912,0.8133474163292631,0.0
margin,"margin|robust_huber|sdv_only|{""alpha"":0.0001,""epsilon"":1.35}",2,2025020402,2025-11-30,actual_margin,-3.0,-0.0714224077925766,1.9.1,20260912,-0.07142240779257664,4.163336342344337e-17
margin,"margin|robust_huber|sdv_only|{""alpha"":0.0001,""epsilon"":1.35}",2,2025020403,2025-11-30,actual_margin,2.0,0.0309122507275566,1.9.1,20260912,0.030912250727556684,8.326672684688674e-17
margin,"margin|robust_huber|sdv_only|{""alpha"":0.0001,""epsilon"":1.35}",2,2025020404,2025-11-30,actual_margin,1.0,0.6218032238492706,1.9.1,20260912,0.6218032238492706,0.0
margin,"margin|robust_huber|sdv_only|{""alpha"":0.0001,""epsilon"":1.35}",2,2025020405,2025-11-30,actual_margin,5.0,0.180718583768742,1.9.1,20260912,0.18071858376874206,5.551115123125783e-17
margin,"margin|robust_huber|sdv_only|{""alpha"":0.0001,""epsilon"":1.35}",2,2025020406,2025-12-01,actual_margin,-2.0,0.2576911272666696,1.9.1,20260912,0.25769112726666965,5.551115123125783e-17
margin,"margin|robust_huber|sdv_only|{""alpha"":0.0001,""epsilon"":1.35}",2,2025020407,2025-12-01,actual_margin,-4.0,0.4312645346284353,1.9.1,20260912,0.4312645346284353,0.0
margin,"margin|robust_huber|sdv_only|{""alpha"":0.0001,""epsilon"":1.35}",2,2025020408,2025-12-01,actual_margin,4.0,0.7069786793312249,1.9.1,20260912,0.7069786793312249,0.0
margin,"margin|robust_huber|sdv_only|{""alpha"":0.0001,""epsilon"":1.35}",2,2025020409,2025-12-01,actual_margin,-3.0,0.3343123443271975,1.9.1,20260912,0.33431234432719753,5.551115123125783e-17
margin,"margin|robust_huber|sdv_only|{""alpha"":0.0001,""epsilon"":1.35}",2,2025020410,2025-12-01,actual_margin,3.0,-0.4059223339083325,1.9.1,20260912,-0.4059223339083325,0.0
margin,"margin|robust_huber|sdv_only|{""alpha"":0.0001,""epsilon"":1.35}",2,2025020411,2025-12-02,actual_margin,-3.0,0.1364425383069976,1.9.1,20260912,0.13644253830699768,8.326672684688674e-17
margin,"margin|robust_huber|sdv_only|{""alpha"":0.0001,""epsilon"":1.35}",2,2025020412,2025-12-02,actual_margin,1.0,0.5346723116281296,1.9.1,20260912,0.5346723116281296,0.0
margin,"margin|robust_huber|sdv_only|{""alpha"":0.0001,""epsilon"":1.35}",2,2025020413,2025-12-02,actual_margin,-3.0,0.7941351261644158,1.9.1,20260912,0.7941351261644158,0.0
margin,"margin|robust_huber|sdv_only|{""alpha"":0.0001,""epsilon"":1.35}",2,2025020414,2025-12-02,actual_margin,1.0,-0.1494352546983898,1.9.1,20260912,-0.1494352546983898,0.0
margin,"margin|robust_huber|sdv_only|{""alpha"":0.0001,""epsilon"":1.35}",2,2025020415,2025-12-02,actual_margin,1.0,0.3730496813815864,1.9.1,20260912,0.3730496813815864,0.0
margin,"margin|robust_huber|sdv_only|{""alpha"":0.0001,""epsilon"":1.35}",2,2025020416,2025-12-02,actual_margin,4.0,-0.1673809662335464,1.9.1,20260912,-0.16738096623354642,2.7755575615628914e-17
margin,"margin|robust_huber|sdv_only|{""alpha"":0.0001,""epsilon"":1.35}",2,2025020417,2025-12-02,actual_margin,2.0,1.4643912652522648,1.9.1,20260912,1.4643912652522648,0.0
margin,"margin|robust_huber|sdv_only|{""alpha"":0.0001,""epsilon"":1.35}",2,2025020418,2025-12-02,actual_margin,-1.0,0.4657783972237796,1.9.1,20260912,0.46577839722377967,5.551115123125783e-17
margin,"margin|robust_huber|sdv_only|{""alpha"":0.0001,""epsilon"":1.35}",2,2025020419,2025-12-02,actual_margin,1.0,1.1137816934618208,1.9.1,20260912,1.1137816934618208,0.0
margin,"margin|robust_huber|sdv_only|{""alpha"":0.0001,""epsilon"":1.35}",2,2025020420,2025-12-02,actual_margin,-2.0,0.060989086021612,1.9.1,20260912,0.06098908602161207,6.938893903907228e-17
margin,"margin|robust_huber|sdv_only|{""alpha"":0.0001,""epsilon"":1.35}",2,2025020421,2025-12-03,actual_margin,-3.0,0.1574052732012569,1.9.1,20260912,0.15740527320125697,5.551115123125783e-17
margin,"margin|robust_huber|sdv_only|{""alpha"":0.0001,""epsilon"":1.35}",2,2025020422,2025-12-03,actual_margin,1.0,0.5192251224445538,1.9.1,20260912,0.5192251224445538,0.0
margin,"margin|robust_huber|sdv_only|{""alpha"":0.0001,""epsilon"":1.35}",2,2025020423,2025-12-03,actual_margin,3.0,0.0625250026168526,1.9.1,20260912,0.06252500261685262,1.3877787807814457e-17
margin,"margin|robust_huber|sdv_only|{""alpha"":0.0001,""epsilon"":1.35}",2,2025020424,2025-12-03,actual_margin,-7.0,-0.1351109235918597,1.9.1,20260912,-0.13511092359185972,2.7755575615628914e-17
margin,"margin|robust_huber|sdv_only|{""alpha"":0.0001,""epsilon"":1.35}",2,2025020425,2025-12-03,actual_margin,-6.0,-0.3288370420045239,1.9.1,20260912,-0.32883704200452396,5.551115123125783e-17
margin,"margin|robust_huber|sdv_only|{""alpha"":0.0001,""epsilon"":1.35}",2,2025020426,2025-12-04,actual_margin,3.0,0.1634618005622353,1.9.1,20260912,0.16346180056223536,5.551115123125783e-17
margin,"margin|robust_huber|sdv_only|{""alpha"":0.0001,""epsilon"":1.35}",2,2025020427,2025-12-04,actual_margin,-2.0,0.4012417255900337,1.9.1,20260912,0.4012417255900337,0.0
margin,"margin|robust_huber|sdv_only|{""alpha"":0.0001,""epsilon"":1.35}",2,2025020428,2025-12-04,actual_margin,-1.0,0.8554132968750405,1.9.1,20260912,0.8554132968750405,0.0
margin,"margin|robust_huber|sdv_only|{""alpha"":0.0001,""epsilon"":1.35}",2,2025020429,2025-12-04,actual_margin,-1.0,0.7927844733485387,1.9.1,20260912,0.7927844733485387,0.0
margin,"margin|robust_huber|sdv_only|{""alpha"":0.0001,""epsilon"":1.35}",2,2025020430,2025-12-04,actual_margin,3.0,-0.4979445101907255,1.9.1,20260912,-0.49794451019072555,5.551115123125783e-17
margin,"margin|robust_huber|sdv_only|{""alpha"":0.0001,""epsilon"":1.35}",2,2025020431,2025-12-04,actual_margin,-4.0,0.9950700008808832,1.9.1,20260912,0.9950700008808833,1.1102230246251565e-16
margin,"margin|robust_huber|sdv_only|{""alpha"":0.0001,""epsilon"":1.35}",2,2025020432,2025-12-04,actual_margin,1.0,0.1041889218317626,1.9.1,20260912,0.10418892183176262,2.7755575615628914e-17
margin,"margin|robust_huber|sdv_only|{""alpha"":0.0001,""epsilon"":1.35}",2,2025020433,2025-12-04,actual_margin,3.0,0.6552128695052131,1.9.1,20260912,0.6552128695052131,0.0
margin,"margin|robust_huber|sdv_only|{""alpha"":0.0001,""epsilon"":1.35}",2,2025020434,2025-12-04,actual_margin,5.0,0.6748230943915212,1.9.1,20260912,0.6748230943915212,0.0
margin,"margin|robust_huber|sdv_only|{""alpha"":0.0001,""epsilon"":1.35}",2,2025020435,2025-12-04,actual_margin,-1.0,0.6132860906878734,1.9.1,20260912,0.6132860906878734,0.0
margin,"margin|robust_huber|sdv_only|{""alpha"":0.0001,""epsilon"":1.35}",2,2025020436,2025-12-05,actual_margin,-3.0,-0.2822594802689513,1.9.1,20260912,-0.28225948026895137,5.551115123125783e-17
margin,"margin|robust_huber|sdv_only|{""alpha"":0.0001,""epsilon"":1.35}",2,2025020437,2025-12-05,actual_margin,3.0,-0.1363111702505599,1.9.1,20260912,-0.1363111702505599,0.0
margin,"margin|robust_huber|sdv_only|{""alpha"":0.0001,""epsilon"":1.35}",2,2025020438,2025-12-05,actual_margin,3.0,0.7674409407284069,1.9.1,20260912,0.7674409407284069,0.0
margin,"margin|robust_huber|sdv_only|{""alpha"":0.0001,""epsilon"":1.35}",2,2025020439,2025-12-05,actual_margin,-3.0,-0.5094581216309748,1.9.1,20260912,-0.5094581216309748,0.0
margin,"margin|robust_huber|sdv_only|{""alpha"":0.0001,""epsilon"":1.35}",2,2025020440,2025-12-05,actual_margin,1.0,-0.1216535800285597,1.9.1,20260912,-0.12165358002855975,5.551115123125783e-17
margin,"margin|robust_huber|sdv_only|{""alpha"":0.0001,""epsilon"":1.35}",2,2025020441,2025-12-06,actual_margin,-1.0,-0.2515570279165232,1.9.1,20260912,-0.2515570279165232,0.0
margin,"margin|robust_huber|sdv_only|{""alpha"":0.0001,""epsilon"":1.35}",2,2025020442,2025-12-06,actual_margin,1.0,0.6092956699669443,1.9.1,20260912,0.6092956699669443,0.0
margin,"margin|robust_huber|sdv_only|{""alpha"":0.0001,""epsilon"":1.35}",2,2025020443,2025-12-06,actual_margin,3.0,0.1741023458240519,1.9.1,20260912,0.17410234582405193,2.7755575615628914e-17
margin,"margin|robust_huber|sdv_only|{""alpha"":0.0001,""epsilon"":1.35}",2,2025020444,2025-12-06,actual_margin,-1.0,0.0970340263709963,1.9.1,20260912,0.09703402637099637,6.938893903907228e-17
margin,"margin|robust_huber|sdv_only|{""alpha"":0.0001,""epsilon"":1.35}",2,2025020445,2025-12-06,actual_margin,-1.0,0.5600420017195231,1.9.1,20260912,0.5600420017195231,0.0
margin,"margin|robust_huber|sdv_only|{""alpha"":0.0001,""epsilon"":1.35}",2,2025020446,2025-12-06,actual_margin,-2.0,0.7394443833951518,1.9.1,20260912,0.7394443833951518,0.0
margin,"margin|robust_huber|sdv_only|{""alpha"":0.0001,""epsilon"":1.35}",2,2025020447,2025-12-06,actual_margin,3.0,1.0631479638706989,1.9.1,20260912,1.0631479638706989,0.0
margin,"margin|robust_huber|sdv_only|{""alpha"":0.0001,""epsilon"":1.35}",2,2025020448,2025-12-06,actual_margin,2.0,0.1527693408668111,1.9.1,20260912,0.15276934086681113,2.7755575615628914e-17
margin,"margin|robust_huber|sdv_only|{""alpha"":0.0001,""epsilon"":1.35}",2,2025020449,2025-12-06,actual_margin,6.0,0.5370660203905862,1.9.1,20260912,0.5370660203905862,0.0
margin,"margin|robust_huber|sdv_only|{""alpha"":0.0001,""epsilon"":1.35}",2,2025020450,2025-12-06,actual_margin,4.0,0.4402389760443566,1.9.1,20260912,0.4402389760443566,0.0
margin,"margin|robust_huber|sdv_only|{""alpha"":0.0001,""epsilon"":1.35}",2,2025020451,2025-12-06,actual_margin,2.0,0.1166854523891046,1.9.1,20260912,0.11668545238910466,5.551115123125783e-17
margin,"margin|robust_huber|sdv_only|{""alpha"":0.0001,""epsilon"":1.35}",2,2025020452,2025-12-06,actual_margin,-1.0,-0.2300367306715046,1.9.1,20260912,-0.2300367306715046,0.0
margin,"margin|robust_huber|sdv_only|{""alpha"":0.0001,""epsilon"":1.35}",2,2025020453,2025-12-07,actual_margin,-1.0,-0.490522410437683,1.9.1,20260912,-0.490522410437683,0.0
margin,"margin|robust_huber|sdv_only|{""alpha"":0.0001,""epsilon"":1.35}",2,2025020454,2025-12-07,actual_margin,3.0,0.5515043826414264,1.9.1,20260912,0.5515043826414264,0.0
margin,"margin|robust_huber|sdv_only|{""alpha"":0.0001,""epsilon"":1.35}",2,2025020455,2025-12-07,actual_margin,-3.0,1.2536445143341102,1.9.1,20260912,1.2536445143341102,0.0
margin,"margin|robust_huber|sdv_only|{""alpha"":0.0001,""epsilon"":1.35}",2,2025020456,2025-12-07,actual_margin,1.0,0.4775327008072766,1.9.1,20260912,0.47753270080727667,5.551115123125783e-17
margin,"margin|robust_huber|sdv_only|{""alpha"":0.0001,""epsilon"":1.35}",2,2025020457,2025-12-07,actual_margin,-1.0,0.37512795212493,1.9.1,20260912,0.37512795212493005,5.551115123125783e-17
margin,"margin|robust_huber|sdv_only|{""alpha"":0.0001,""epsilon"":1.35}",2,2025020458,2025-12-07,actual_margin,-1.0,-0.056310603180096,1.9.1,20260912,-0.056310603180096064,6.245004513516506e-17
margin,"margin|robust_huber|sdv_only|{""alpha"":0.0001,""epsilon"":1.35}",2,2025020459,2025-12-07,actual_margin,2.0,0.6147335364442204,1.9.1,20260912,0.6147335364442204,0.0
margin,"margin|robust_huber|sdv_only|{""alpha"":0.0001,""epsilon"":1.35}",2,2025020460,2025-12-07,actual_margin,6.0,0.4543888852845665,1.9.1,20260912,0.45438888528456656,5.551115123125783e-17
margin,"margin|robust_huber|sdv_only|{""alpha"":0.0001,""epsilon"":1.35}",2,2025020461,2025-12-08,actual_margin,2.0,-0.308361104147894,1.9.1,20260912,-0.308361104147894,0.0
margin,"margin|robust_huber|sdv_only|{""alpha"":0.0001,""epsilon"":1.35}",2,2025020462,2025-12-08,actual_margin,-2.0,0.5677444547203728,1.9.1,20260912,0.5677444547203728,0.0
margin,"margin|robust_huber|sdv_only|{""alpha"":0.0001,""epsilon"":1.35}",2,2025020463,2025-12-08,actual_margin,3.0,0.2558377597253261,1.9.1,20260912,0.25583775972532613,5.551115123125783e-17
margin,"margin|robust_huber|sdv_only|{""alpha"":0.0001,""epsilon"":1.35}",2,2025020464,2025-12-08,actual_margin,-4.0,-0.2393463079905445,1.9.1,20260912,-0.23934630799054452,2.7755575615628914e-17
margin,"margin|robust_huber|sdv_only|{""alpha"":0.0001,""epsilon"":1.35}",2,2025020465,2025-12-08,actual_margin,-3.0,0.1351755747549812,1.9.1,20260912,0.13517557475498124,2.7755575615628914e-17
margin,"margin|robust_huber|sdv_only|{""alpha"":0.0001,""epsilon"":1.35}",2,2025020466,2025-12-09,actual_margin,-5.0,-0.0690621834815939,1.9.1,20260912,-0.06906218348159393,2.7755575615628914e-17
margin,"margin|robust_huber|sdv_only|{""alpha"":0.0001,""epsilon"":1.35}",2,2025020467,2025-12-09,actual_margin,-1.0,0.6156013142363732,1.9.1,20260912,0.6156013142363732,0.0
margin,"margin|robust_huber|sdv_only|{""alpha"":0.0001,""epsilon"":1.35}",2,2025020468,2025-12-09,actual_margin,1.0,-0.2183258543124835,1.9.1,20260912,-0.21832585431248358,8.326672684688674e-17
margin,"margin|robust_huber|sdv_only|{""alpha"":0.0001,""epsilon"":1.35}",2,2025020469,2025-12-09,actual_margin,3.0,0.7357640997213213,1.9.1,20260912,0.7357640997213213,0.0
margin,"margin|robust_huber|sdv_only|{""alpha"":0.0001,""epsilon"":1.35}",2,2025020470,2025-12-09,actual_margin,-1.0,0.2380869447283327,1.9.1,20260912,0.23808694472833272,2.7755575615628914e-17
margin,"margin|robust_huber|sdv_only|{""alpha"":0.0001,""epsilon"":1.35}",2,2025020471,2025-12-09,actual_margin,3.0,0.9268465225799264,1.9.1,20260912,0.9268465225799263,1.1102230246251565e-16
margin,"margin|robust_huber|sdv_only|{""alpha"":0.0001,""epsilon"":1.35}",2,2025020472,2025-12-09,actual_margin,-3.0,0.4872268750563707,1.9.1,20260912,0.4872268750563707,0.0
margin,"margin|robust_huber|sdv_only|{""alpha"":0.0001,""epsilon"":1.35}",2,2025020473,2025-12-09,actual_margin,-1.0,-0.1406674588114698,1.9.1,20260912,-0.1406674588114698,0.0
margin,"margin|robust_huber|sdv_only|{""alpha"":0.0001,""epsilon"":1.35}",2,2025020474,2025-12-09,actual_margin,-1.0,0.0639814956837709,1.9.1,20260912,0.0639814956837709,0.0
margin,"margin|robust_huber|sdv_only|{""alpha"":0.0001,""epsilon"":1.35}",2,2025020475,2025-12-09,actual_margin,1.0,-0.6847218567327729,1.9.1,20260912,-0.6847218567327729,0.0
margin,"margin|robust_huber|sdv_only|{""alpha"":0.0001,""epsilon"":1.35}",2,2025020476,2025-12-10,actual_margin,3.0,-0.3183659805217629,1.9.1,20260912,-0.31836598052176296,5.551115123125783e-17
margin,"margin|robust_huber|sdv_only|{""alpha"":0.0001,""epsilon"":1.35}",2,2025020477,2025-12-10,actual_margin,-1.0,0.336637905634967,1.9.1,20260912,0.336637905634967,0.0
margin,"margin|robust_huber|sdv_only|{""alpha"":0.0001,""epsilon"":1.35}",2,2025020478,2025-12-10,actual_margin,-1.0,0.29996206616256,1.9.1,20260912,0.29996206616256005,5.551115123125783e-17
margin,"margin|robust_huber|sdv_only|{""alpha"":0.0001,""epsilon"":1.35}",2,2025020479,2025-12-10,actual_margin,1.0,-0.2276031265252031,1.9.1,20260912,-0.22760312652520315,5.551115123125783e-17
margin,"margin|robust_huber|sdv_only|{""alpha"":0.0001,""epsilon"":1.35}",2,2025020480,2025-12-11,actual_margin,-1.0,0.5329128035696776,1.9.1,20260912,0.5329128035696776,0.0
margin,"margin|robust_huber|sdv_only|{""alpha"":0.0001,""epsilon"":1.35}",2,2025020481,2025-12-11,actual_margin,-4.0,-0.2456634681489939,1.9.1,20260912,-0.24566346814899392,2.7755575615628914e-17
margin,"margin|robust_huber|sdv_only|{""alpha"":0.0001,""epsilon"":1.35}",2,2025020482,2025-12-11,actual_margin,3.0,0.377685597651617,1.9.1,20260912,0.377685597651617,0.0
margin,"margin|robust_huber|sdv_only|{""alpha"":0.0001,""epsilon"":1.35}",2,2025020483,2025-12-11,actual_margin,-1.0,-0.0718548657020983,1.9.1,20260912,-0.07185486570209831,1.3877787807814457e-17
margin,"margin|robust_huber|sdv_only|{""alpha"":0.0001,""epsilon"":1.35}",2,2025020484,2025-12-11,actual_margin,-2.0,0.2233348560348747,1.9.1,20260912,0.22333485603487477,5.551115123125783e-17
margin,"margin|robust_huber|sdv_only|{""alpha"":0.0001,""epsilon"":1.35}",2,2025020485,2025-12-11,actual_margin,-1.0,-0.0769850383026592,1.9.1,20260912,-0.07698503830265929,9.71445146547012e-17
margin,"margin|robust_huber|sdv_only|{""alpha"":0.0001,""epsilon"":1.35}",2,2025020486,2025-12-11,actual_margin,-3.0,-0.0752171007247384,1.9.1,20260912,-0.07521710072473842,1.3877787807814457e-17
margin,"margin|robust_huber|sdv_only|{""alpha"":0.0001,""epsilon"":1.35}",2,2025020487,2025-12-11,actual_margin,5.0,0.1720992619491099,1.9.1,20260912,0.17209926194910996,5.551115123125783e-17
margin,"margin|robust_huber|sdv_only|{""alpha"":0.0001,""epsilon"":1.35}",2,2025020488,2025-12-11,actual_margin,3.0,-0.0042728721113862,1.9.1,20260912,-0.004272872111386272,7.19910242530375e-17
margin,"margin|robust_huber|sdv_only|{""alpha"":0.0001,""epsilon"":1.35}",2,2025020489,2025-12-11,actual_margin,-3.0,0.1825829221070148,1.9.1,20260912,0.18258292210701482,2.7755575615628914e-17
margin,"margin|robust_huber|sdv_only|{""alpha"":0.0001,""epsilon"":1.35}",2,2025020490,2025-12-11,actual_margin,4.0,0.7671777800807145,1.9.1,20260912,0.7671777800807145,0.0
margin,"margin|robust_huber|sdv_only|{""alpha"":0.0001,""epsilon"":1.35}",2,2025020491,2025-12-11,actual_margin,3.0,0.113982838551058,1.9.1,20260912,0.11398283855105804,4.163336342344337e-17
margin,"margin|robust_huber|sdv_only|{""alpha"":0.0001,""epsilon"":1.35}",2,2025020492,2025-12-11,actual_margin,-1.0,-0.2443185315798431,1.9.1,20260912,-0.24431853157984312,2.7755575615628914e-17
margin,"margin|robust_huber|sdv_only|{""alpha"":0.0001,""epsilon"":1.35}",2,2025020493,2025-12-12,actual_margin,1.0,0.5778073025220805,1.9.1,20260912,0.5778073025220805,0.0
margin,"margin|robust_huber|sdv_only|{""alpha"":0.0001,""epsilon"":1.35}",2,2025020494,2025-12-12,actual_margin,2.0,0.9442719370966624,1.9.1,20260912,0.9442719370966624,0.0
margin,"margin|robust_huber|sdv_only|{""alpha"":0.0001,""epsilon"":1.35}",2,2025020495,2025-12-13,actual_margin,3.0,0.3352191163595856,1.9.1,20260912,0.3352191163595856,0.0
margin,"margin|robust_huber|sdv_only|{""alpha"":0.0001,""epsilon"":1.35}",2,2025020496,2025-12-13,actual_margin,1.0,-0.1758568943160495,1.9.1,20260912,-0.17585689431604956,5.551115123125783e-17
margin,"margin|robust_huber|sdv_only|{""alpha"":0.0001,""epsilon"":1.35}",2,2025020497,2025-12-13,actual_margin,-1.0,0.615368066609982,1.9.1,20260912,0.615368066609982,0.0
margin,"margin|robust_huber|sdv_only|{""alpha"":0.0001,""epsilon"":1.35}",2,2025020498,2025-12-13,actual_margin,1.0,-0.2000846588632879,1.9.1,20260912,-0.20008465886328797,5.551115123125783e-17
margin,"margin|robust_huber|sdv_only|{""alpha"":0.0001,""epsilon"":1.35}",2,2025020499,2025-12-13,actual_margin,-3.0,0.1974469044681314,1.9.1,20260912,0.19744690446813146,5.551115123125783e-17
margin,"margin|robust_huber|sdv_only|{""alpha"":0.0001,""epsilon"":1.35}",2,2025020500,2025-12-13,actual_margin,1.0,0.2961709606083891,1.9.1,20260912,0.2961709606083891,0.0
margin,"margin|robust_huber|sdv_only|{""alpha"":0.0001,""epsilon"":1.35}",2,2025020501,2025-12-13,actual_margin,-1.0,-0.2942564032002356,1.9.1,20260912,-0.29425640320023566,5.551115123125783e-17
margin,"margin|robust_huber|sdv_only|{""alpha"":0.0001,""epsilon"":1.35}",2,2025020502,2025-12-13,actual_margin,-1.0,-0.2472909886621072,1.9.1,20260912,-0.24729098866210725,5.551115123125783e-17
margin,"margin|robust_huber|sdv_only|{""alpha"":0.0001,""epsilon"":1.35}",2,2025020503,2025-12-13,actual_margin,4.0,-0.164514504107003,1.9.1,20260912,-0.16451450410700308,8.326672684688674e-17
margin,"margin|robust_huber|sdv_only|{""alpha"":0.0001,""epsilon"":1.35}",2,2025020504,2025-12-13,actual_margin,-4.0,-0.1921036347962501,1.9.1,20260912,-0.19210363479625014,5.551115123125783e-17
margin,"margin|robust_huber|sdv_only|{""alpha"":0.0001,""epsilon"":1.35}",2,2025020505,2025-12-13,actual_margin,-4.0,0.0510154507008709,1.9.1,20260912,0.05101545070087099,9.020562075079397e-17
margin,"margin|robust_huber|sdv_only|{""alpha"":0.0001,""epsilon"":1.35}",2,2025020506,2025-12-13,actual_margin,2.0,1.2298286581383866,1.9.1,20260912,1.2298286581383866,0.0
margin,"margin|robust_huber|sdv_only|{""alpha"":0.0001,""epsilon"":1.35}",2,2025020507,2025-12-13,actual_margin,-1.0,0.3070259716227322,1.9.1,20260912,0.30702597162273226,5.551115123125783e-17
margin,"margin|robust_huber|sdv_only|{""alpha"":0.0001,""epsilon"":1.35}",2,2025020508,2025-12-14,actual_margin,-1.0,0.5252314677965076,1.9.1,20260912,0.5252314677965076,0.0
margin,"margin|robust_huber|sdv_only|{""alpha"":0.0001,""epsilon"":1.35}",2,2025020509,2025-12-14,actual_margin,-1.0,-0.0787483840215829,1.9.1,20260912,-0.07874838402158296,5.551115123125783e-17
margin,"margin|robust_huber|sdv_only|{""alpha"":0.0001,""epsilon"":1.35}",2,2025020510,2025-12-14,actual_margin,1.0,0.9110000031647356,1.9.1,20260912,0.9110000031647356,0.0
margin,"margin|robust_huber|sdv_only|{""alpha"":0.0001,""epsilon"":1.35}",2,2025020511,2025-12-14,actual_margin,4.0,0.2912983912386552,1.9.1,20260912,0.2912983912386552,0.0
margin,"margin|robust_huber|sdv_only|{""alpha"":0.0001,""epsilon"":1.35}",2,2025020512,2025-12-14,actual_margin,3.0,0.4527076327085982,1.9.1,20260912,0.4527076327085982,0.0
margin,"margin|robust_huber|sdv_only|{""alpha"":0.0001,""epsilon"":1.35}",2,2025020513,2025-12-14,actual_margin,-2.0,-0.1970809296519217,1.9.1,20260912,-0.19708092965192175,5.551115123125783e-17
margin,"margin|robust_huber|sdv_only|{""alpha"":0.0001,""epsilon"":1.35}",3,2025020514,2025-12-15,actual_margin,-3.0,0.460566541536775,1.9.1,20260912,0.460566541536775,0.0
margin,"margin|robust_huber|sdv_only|{""alpha"":0.0001,""epsilon"":1.35}",3,2025020515,2025-12-15,actual_margin,-3.0,0.5309159765220304,1.9.1,20260912,0.5309159765220304,0.0
margin,"margin|robust_huber|sdv_only|{""alpha"":0.0001,""epsilon"":1.35}",3,2025020516,2025-12-15,actual_margin,-1.0,-0.5464668641417114,1.9.1,20260912,-0.5464668641417114,0.0
margin,"margin|robust_huber|sdv_only|{""alpha"":0.0001,""epsilon"":1.35}",3,2025020517,2025-12-15,actual_margin,-3.0,0.1889680925783829,1.9.1,20260912,0.18896809257838296,5.551115123125783e-17
margin,"margin|robust_huber|sdv_only|{""alpha"":0.0001,""epsilon"":1.35}",3,2025020518,2025-12-15,actual_margin,3.0,0.050036240821464,1.9.1,20260912,0.05003624082146407,7.632783294297951e-17
margin,"margin|robust_huber|sdv_only|{""alpha"":0.0001,""epsilon"":1.35}",3,2025020519,2025-12-16,actual_margin,3.0,-0.4054620491554926,1.9.1,20260912,-0.40546204915549267,5.551115123125783e-17
margin,"margin|robust_huber|sdv_only|{""alpha"":0.0001,""epsilon"":1.35}",3,2025020520,2025-12-16,actual_margin,1.0,0.4217890536052682,1.9.1,20260912,0.42178905360526825,5.551115123125783e-17
margin,"margin|robust_huber|sdv_only|{""alpha"":0.0001,""epsilon"":1.35}",3,2025020521,2025-12-16,actual_margin,-3.0,0.2244018123671003,1.9.1,20260912,0.22440181236710033,2.7755575615628914e-17
margin,"margin|robust_huber|sdv_only|{""alpha"":0.0001,""epsilon"":1.35}",3,2025020522,2025-12-16,actual_margin,1.0,0.3227913392720388,1.9.1,20260912,0.32279133927203885,5.551115123125783e-17
margin,"margin|robust_huber|sdv_only|{""alpha"":0.0001,""epsilon"":1.35}",3,2025020523,2025-12-16,actual_margin,-3.0,0.8010982372513468,1.9.1,20260912,0.8010982372513468,0.0
margin,"margin|robust_huber|sdv_only|{""alpha"":0.0001,""epsilon"":1.35}",3,2025020524,2025-12-16,actual_margin,-2.0,0.1232502172126673,1.9.1,20260912,0.12325021721266738,8.326672684688674e-17
margin,"margin|robust_huber|sdv_only|{""alpha"":0.0001,""epsilon"":1.35}",3,2025020525,2025-12-16,actual_margin,1.0,0.32819212449601,1.9.1,20260912,0.32819212449601,0.0
margin,"margin|robust_huber|sdv_only|{""alpha"":0.0001,""epsilon"":1.35}",3,2025020526,2025-12-16,actual_margin,5.0,-0.229066529884502,1.9.1,20260912,-0.229066529884502,0.0
margin,"margin|robust_huber|sdv_only|{""alpha"":0.0001,""epsilon"":1.35}",3,2025020527,2025-12-16,actual_margin,3.0,-0.4004318559937025,1.9.1,20260912,-0.40043185599370257,5.551115123125783e-17
margin,"margin|robust_huber|sdv_only|{""alpha"":0.0001,""epsilon"":1.35}",3,2025020528,2025-12-16,actual_margin,-2.0,-1.4268446384731337,1.9.1,20260912,-1.4268446384731335,2.220446049250313e-16
margin,"margin|robust_huber|sdv_only|{""alpha"":0.0001,""epsilon"":1.35}",3,2025020529,2025-12-17,actual_margin,1.0,0.4069167577106081,1.9.1,20260912,0.4069167577106081,0.0
margin,"margin|robust_huber|sdv_only|{""alpha"":0.0001,""epsilon"":1.35}",3,2025020530,2025-12-17,actual_margin,-3.0,-0.0273759587585347,1.9.1,20260912,-0.02737595875853477,6.938893903907228e-17
margin,"margin|robust_huber|sdv_only|{""alpha"":0.0001,""epsilon"":1.35}",3,2025020531,2025-12-17,actual_margin,1.0,0.3413951076598837,1.9.1,20260912,0.34139510765988373,5.551115123125783e-17
margin,"margin|robust_huber|sdv_only|{""alpha"":0.0001,""epsilon"":1.35}",3,2025020532,2025-12-17,actual_margin,-3.0,-0.877173410996459,1.9.1,20260912,-0.877173410996459,0.0
margin,"margin|robust_huber|sdv_only|{""alpha"":0.0001,""epsilon"":1.35}",3,2025020533,2025-12-17,actual_margin,-1.0,0.8399539485785389,1.9.1,20260912,0.8399539485785389,0.0
margin,"margin|robust_huber|sdv_only|{""alpha"":0.0001,""epsilon"":1.35}",3,2025020534,2025-12-18,actual_margin,-2.0,0.0550056115784187,1.9.1,20260912,0.05500561157841877,6.938893903907228e-17
margin,"margin|robust_huber|sdv_only|{""alpha"":0.0001,""epsilon"":1.35}",3,2025020535,2025-12-18,actual_margin,2.0,0.2765050783805916,1.9.1,20260912,0.27650507838059163,5.551115123125783e-17
margin,"margin|robust_huber|sdv_only|{""alpha"":0.0001,""epsilon"":1.35}",3,2025020536,2025-12-18,actual_margin,3.0,0.8307219246290334,1.9.1,20260912,0.8307219246290334,0.0
margin,"margin|robust_huber|sdv_only|{""alpha"":0.0001,""epsilon"":1.35}",3,2025020537,2025-12-18,actual_margin,4.0,0.7350085514627069,1.9.1,20260912,0.7350085514627069,0.0
margin,"margin|robust_huber|sdv_only|{""alpha"":0.0001,""epsilon"":1.35}",3,2025020538,2025-12-18,actual_margin,-1.0,0.5784387594204563,1.9.1,20260912,0.5784387594204563,0.0
margin,"margin|robust_huber|sdv_only|{""alpha"":0.0001,""epsilon"":1.35}",3,2025020539,2025-12-18,actual_margin,4.0,0.6583646249557422,1.9.1,20260912,0.6583646249557422,0.0
margin,"margin|robust_huber|sdv_only|{""alpha"":0.0001,""epsilon"":1.35}",3,2025020540,2025-12-18,actual_margin,-3.0,0.349079145822194,1.9.1,20260912,0.34907914582219407,5.551115123125783e-17
margin,"margin|robust_huber|sdv_only|{""alpha"":0.0001,""epsilon"":1.35}",3,2025020541,2025-12-18,actual_margin,-1.0,-0.0908229178144804,1.9.1,20260912,-0.09082291781448046,5.551115123125783e-17
margin,"margin|robust_huber|sdv_only|{""alpha"":0.0001,""epsilon"":1.35}",3,2025020542,2025-12-18,actual_margin,2.0,0.640059681611196,1.9.1,20260912,0.640059681611196,0.0
margin,"margin|robust_huber|sdv_only|{""alpha"":0.0001,""epsilon"":1.35}",3,2025020543,2025-12-18,actual_margin,-2.0,-0.2459910713319623,1.9.1,20260912,-0.2459910713319623,0.0
margin,"margin|robust_huber|sdv_only|{""alpha"":0.0001,""epsilon"":1.35}",3,2025020544,2025-12-19,actual_margin,1.0,-0.5031999915701404,1.9.1,20260912,-0.5031999915701404,0.0
margin,"margin|robust_huber|sdv_only|{""alpha"":0.0001,""epsilon"":1.35}",3,2025020545,2025-12-19,actual_margin,-3.0,0.4552618856463714,1.9.1,20260912,0.4552618856463714,0.0
margin,"margin|robust_huber|sdv_only|{""alpha"":0.0001,""epsilon"":1.35}",3,2025020546,2025-12-19,actual_margin,1.0,1.4802793712390163,1.9.1,20260912,1.4802793712390163,0.0
margin,"margin|robust_huber|sdv_only|{""alpha"":0.0001,""epsilon"":1.35}",3,2025020547,2025-12-19,actual_margin,-1.0,0.6228075265692161,1.9.1,20260912,0.6228075265692161,0.0
margin,"margin|robust_huber|sdv_only|{""alpha"":0.0001,""epsilon"":1.35}",3,2025020548,2025-12-19,actual_margin,-5.0,-0.043009955151805,1.9.1,20260912,-0.043009955151805,0.0
margin,"margin|robust_huber|sdv_only|{""alpha"":0.0001,""epsilon"":1.35}",3,2025020549,2025-12-20,actual_margin,1.0,0.3597997521028527,1.9.1,20260912,0.35979975210285275,5.551115123125783e-17
margin,"margin|robust_huber|sdv_only|{""alpha"":0.0001,""epsilon"":1.35}",3,2025020550,2025-12-20,actual_margin,-3.0,0.3182475943859164,1.9.1,20260912,0.31824759438591643,5.551115123125783e-17
margin,"margin|robust_huber|sdv_only|{""alpha"":0.0001,""epsilon"":1.35}",3,2025020551,2025-12-20,actual_margin,2.0,1.0854369392424332,1.9.1,20260912,1.0854369392424332,0.0
margin,"margin|robust_huber|sdv_only|{""alpha"":0.0001,""epsilon"":1.35}",3,2025020552,2025-12-20,actual_margin,3.0,0.0714778005109383,1.9.1,20260912,0.07147780051093834,4.163336342344337e-17
margin,"margin|robust_huber|sdv_only|{""alpha"":0.0001,""epsilon"":1.35}",3,2025020553,2025-12-20,actual_margin,1.0,0.3813338845067581,1.9.1,20260912,0.3813338845067581,0.0
margin,"margin|robust_huber|sdv_only|{""alpha"":0.0001,""epsilon"":1.35}",3,2025020554,2025-12-20,actual_margin,-4.0,0.5869332134517669,1.9.1,20260912,0.5869332134517669,0.0
margin,"margin|robust_huber|sdv_only|{""alpha"":0.0001,""epsilon"":1.35}",3,2025020555,2025-12-20,actual_margin,-1.0,0.3332397399020874,1.9.1,20260912,0.33323973990208744,5.551115123125783e-17
margin,"margin|robust_huber|sdv_only|{""alpha"":0.0001,""epsilon"":1.35}",3,2025020556,2025-12-20,actual_margin,4.0,0.5188384670417802,1.9.1,20260912,0.5188384670417802,0.0
margin,"margin|robust_huber|sdv_only|{""alpha"":0.0001,""epsilon"":1.35}",3,2025020557,2025-12-20,actual_margin,2.0,-0.149913032728076,1.9.1,20260912,-0.14991303272807605,5.551115123125783e-17
margin,"margin|robust_huber|sdv_only|{""alpha"":0.0001,""epsilon"":1.35}",3,2025020558,2025-12-20,actual_margin,2.0,0.3528646902425789,1.9.1,20260912,0.3528646902425789,0.0
margin,"margin|robust_huber|sdv_only|{""alpha"":0.0001,""epsilon"":1.35}",3,2025020559,2025-12-20,actual_margin,3.0,-0.2954633914044557,1.9.1,20260912,-0.2954633914044557,0.0
margin,"margin|robust_huber|sdv_only|{""alpha"":0.0001,""epsilon"":1.35}",3,2025020560,2025-12-20,actual_margin,1.0,0.0737053048111436,1.9.1,20260912,0.07370530481114364,4.163336342344337e-17
margin,"margin|robust_huber|sdv_only|{""alpha"":0.0001,""epsilon"":1.35}",3,2025020561,2025-12-20,actual_margin,-2.0,0.1683436797723852,1.9.1,20260912,0.16834367977238526,5.551115123125783e-17
margin,"margin|robust_huber|sdv_only|{""alpha"":0.0001,""epsilon"":1.35}",3,2025020562,2025-12-21,actual_margin,1.0,0.1868412906514427,1.9.1,20260912,0.18684129065144278,8.326672684688674e-17
margin,"margin|robust_huber|sdv_only|{""alpha"":0.0001,""epsilon"":1.35}",3,2025020563,2025-12-21,actual_margin,-4.0,-0.9499609636126524,1.9.1,20260912,-0.9499609636126524,0.0
margin,"margin|robust_huber|sdv_only|{""alpha"":0.0001,""epsilon"":1.35}",3,2025020564,2025-12-21,actual_margin,-4.0,-0.4931293548176908,1.9.1,20260912,-0.4931293548176908,0.0
margin,"margin|robust_huber|sdv_only|{""alpha"":0.0001,""epsilon"":1.35}",3,2025020565,2025-12-21,actual_margin,-2.0,0.0928898729584692,1.9.1,20260912,0.09288987295846929,8.326672684688674e-17
margin,"margin|robust_huber|sdv_only|{""alpha"":0.0001,""epsilon"":1.35}",3,2025020566,2025-12-21,actual_margin,1.0,-0.0288160188399504,1.9.1,20260912,-0.02881601883995044,4.163336342344337e-17
margin,"margin|robust_huber|sdv_only|{""alpha"":0.0001,""epsilon"":1.35}",3,2025020567,2025-12-21,actual_margin,1.0,-0.1431237695490844,1.9.1,20260912,-0.1431237695490844,0.0
margin,"margin|robust_huber|sdv_only|{""alpha"":0.0001,""epsilon"":1.35}",3,2025020568,2025-12-21,actual_margin,4.0,0.5071033730516428,1.9.1,20260912,0.5071033730516428,0.0
margin,"margin|robust_huber|sdv_only|{""alpha"":0.0001,""epsilon"":1.35}",3,2025020569,2025-12-21,actual_margin,1.0,1.008403563733527,1.9.1,20260912,1.008403563733527,0.0
margin,"margin|robust_huber|sdv_only|{""alpha"":0.0001,""epsilon"":1.35}",3,2025020570,2025-12-21,actual_margin,1.0,-0.5702791692525437,1.9.1,20260912,-0.5702791692525437,0.0
margin,"margin|robust_huber|sdv_only|{""alpha"":0.0001,""epsilon"":1.35}",3,2025020571,2025-12-22,actual_margin,3.0,0.8815153572868423,1.9.1,20260912,0.8815153572868423,0.0
margin,"margin|robust_huber|sdv_only|{""alpha"":0.0001,""epsilon"":1.35}",3,2025020572,2025-12-22,actual_margin,3.0,0.649419570136875,1.9.1,20260912,0.649419570136875,0.0
margin,"margin|robust_huber|sdv_only|{""alpha"":0.0001,""epsilon"":1.35}",3,2025020573,2025-12-22,actual_margin,-2.0,0.4229699991679351,1.9.1,20260912,0.4229699991679351,0.0
margin,"margin|robust_huber|sdv_only|{""alpha"":0.0001,""epsilon"":1.35}",3,2025020574,2025-12-22,actual_margin,-2.0,0.4980766745338199,1.9.1,20260912,0.4980766745338199,0.0
margin,"margin|robust_huber|sdv_only|{""alpha"":0.0001,""epsilon"":1.35}",3,2025020575,2025-12-23,actual_margin,3.0,-0.1080813501852269,1.9.1,20260912,-0.10808135018522691,1.3877787807814457e-17
margin,"margin|robust_huber|sdv_only|{""alpha"":0.0001,""epsilon"":1.35}",3,2025020576,2025-12-23,actual_margin,-4.0,0.3023764056160651,1.9.1,20260912,0.30237640561606516,5.551115123125783e-17
margin,"margin|robust_huber|sdv_only|{""alpha"":0.0001,""epsilon"":1.35}",3,2025020577,2025-12-23,actual_margin,-4.0,-0.1059131737961739,1.9.1,20260912,-0.10591317379617393,2.7755575615628914e-17
margin,"margin|robust_huber|sdv_only|{""alpha"":0.0001,""epsilon"":1.35}",3,2025020578,2025-12-23,actual_margin,-1.0,0.6803825622251427,1.9.1,20260912,0.6803825622251427,0.0
margin,"margin|robust_huber|sdv_only|{""alpha"":0.0001,""epsilon"":1.35}",3,2025020579,2025-12-23,actual_margin,1.0,0.2518725334433606,1.9.1,20260912,0.25187253344336064,5.551115123125783e-17
margin,"margin|robust_huber|sdv_only|{""alpha"":0.0001,""epsilon"":1.35}",3,2025020580,2025-12-23,actual_margin,1.0,0.0666641789949302,1.9.1,20260912,0.06666417899493027,6.938893903907228e-17
margin,"margin|robust_huber|sdv_only|{""alpha"":0.0001,""epsilon"":1.35}",3,2025020581,2025-12-23,actual_margin,-3.0,0.6947645774789306,1.9.1,20260912,0.6947645774789306,0.0
margin,"margin|robust_huber|sdv_only|{""alpha"":0.0001,""epsilon"":1.35}",3,2025020582,2025-12-23,actual_margin,-1.0,0.1914604829883607,1.9.1,20260912,0.19146048298836071,2.7755575615628914e-17
margin,"margin|robust_huber|sdv_only|{""alpha"":0.0001,""epsilon"":1.35}",3,2025020583,2025-12-23,actual_margin,-2.0,-0.5330814824468006,1.9.1,20260912,-0.5330814824468006,0.0
margin,"margin|robust_huber|sdv_only|{""alpha"":0.0001,""epsilon"":1.35}",3,2025020584,2025-12-23,actual_margin,1.0,0.7219042646395594,1.9.1,20260912,0.7219042646395594,0.0
margin,"margin|robust_huber|sdv_only|{""alpha"":0.0001,""epsilon"":1.35}",3,2025020585,2025-12-23,actual_margin,4.0,-0.0089614105807239,1.9.1,20260912,-0.008961410580723944,4.336808689942018e-17
margin,"margin|robust_huber|sdv_only|{""alpha"":0.0001,""epsilon"":1.35}",3,2025020587,2025-12-23,actual_margin,-1.0,0.8763220082991616,1.9.1,20260912,0.8763220082991616,0.0
margin,"margin|robust_huber|sdv_only|{""alpha"":0.0001,""epsilon"":1.35}",3,2025020588,2025-12-27,actual_margin,2.0,-0.1462684117259827,1.9.1,20260912,-0.14626841172598276,5.551115123125783e-17
margin,"margin|robust_huber|sdv_only|{""alpha"":0.0001,""epsilon"":1.35}",3,2025020589,2025-12-27,actual_margin,3.0,0.3719790960554701,1.9.1,20260912,0.3719790960554701,0.0
margin,"margin|robust_huber|sdv_only|{""alpha"":0.0001,""epsilon"":1.35}",3,2025020590,2025-12-27,actual_margin,2.0,-0.6822830788073261,1.9.1,20260912,-0.6822830788073261,0.0
margin,"margin|robust_huber|sdv_only|{""alpha"":0.0001,""epsilon"":1.35}",3,2025020591,2025-12-27,actual_margin,-2.0,-0.0723977419235656,1.9.1,20260912,-0.07239774192356568,8.326672684688674e-17
margin,"margin|robust_huber|sdv_only|{""alpha"":0.0001,""epsilon"":1.35}",3,2025020592,2025-12-27,actual_margin,-1.0,-0.1281592508010142,1.9.1,20260912,-0.12815925080101426,5.551115123125783e-17
margin,"margin|robust_huber|sdv_only|{""alpha"":0.0001,""epsilon"":1.35}",3,2025020593,2025-12-27,actual_margin,3.0,0.9371695886576366,1.9.1,20260912,0.9371695886576366,0.0
margin,"margin|robust_huber|sdv_only|{""alpha"":0.0001,""epsilon"":1.35}",3,2025020594,2025-12-27,actual_margin,-1.0,-0.0923121295020975,1.9.1,20260912,-0.0923121295020975,0.0
margin,"margin|robust_huber|sdv_only|{""alpha"":0.0001,""epsilon"":1.35}",3,2025020595,2025-12-27,actual_margin,1.0,0.2827534125766886,1.9.1,20260912,0.2827534125766886,0.0
margin,"margin|robust_huber|sdv_only|{""alpha"":0.0001,""epsilon"":1.35}",3,2025020596,2025-12-27,actual_margin,-1.0,0.8276237351294473,1.9.1,20260912,0.8276237351294473,0.0
margin,"margin|robust_huber|sdv_only|{""alpha"":0.0001,""epsilon"":1.35}",3,2025020597,2025-12-27,actual_margin,5.0,0.562042267285271,1.9.1,20260912,0.562042267285271,0.0
margin,"margin|robust_huber|sdv_only|{""alpha"":0.0001,""epsilon"":1.35}",3,2025020598,2025-12-27,actual_margin,1.0,0.175275497208651,1.9.1,20260912,0.175275497208651,0.0
margin,"margin|robust_huber|sdv_only|{""alpha"":0.0001,""epsilon"":1.35}",3,2025020599,2025-12-27,actual_margin,-3.0,0.0262182429004984,1.9.1,20260912,0.026218242900498484,8.326672684688674e-17
margin,"margin|robust_huber|sdv_only|{""alpha"":0.0001,""epsilon"":1.35}",3,2025020600,2025-12-27,actual_margin,-1.0,-0.2478214461776365,1.9.1,20260912,-0.24782144617763652,2.7755575615628914e-17
margin,"margin|robust_huber|sdv_only|{""alpha"":0.0001,""epsilon"":1.35}",3,2025020601,2025-12-28,actual_margin,1.0,0.3805544420005491,1.9.1,20260912,0.3805544420005491,0.0
margin,"margin|robust_huber|sdv_only|{""alpha"":0.0001,""epsilon"":1.35}",3,2025020602,2025-12-28,actual_margin,1.0,0.6950523494568159,1.9.1,20260912,0.6950523494568159,0.0
margin,"margin|robust_huber|sdv_only|{""alpha"":0.0001,""epsilon"":1.35}",3,2025020603,2025-12-28,actual_margin,2.0,0.1294430046984387,1.9.1,20260912,0.12944300469843872,2.7755575615628914e-17
margin,"margin|robust_huber|sdv_only|{""alpha"":0.0001,""epsilon"":1.35}",3,2025020604,2025-12-28,actual_margin,-4.0,-0.3636697309124423,1.9.1,20260912,-0.36366973091244237,5.551115123125783e-17
margin,"margin|robust_huber|sdv_only|{""alpha"":0.0001,""epsilon"":1.35}",3,2025020605,2025-12-28,actual_margin,3.0,-0.4533747053774755,1.9.1,20260912,-0.4533747053774755,0.0
margin,"margin|robust_huber|sdv_only|{""alpha"":0.0001,""epsilon"":1.35}",3,2025020606,2025-12-29,actual_margin,-3.0,0.8396146365200734,1.9.1,20260912,0.8396146365200734,0.0
margin,"margin|robust_huber|sdv_only|{""alpha"":0.0001,""epsilon"":1.35}",3,2025020607,2025-12-29,actual_margin,2.0,0.2491181268870351,1.9.1,20260912,0.2491181268870351,0.0
margin,"margin|robust_huber|sdv_only|{""alpha"":0.0001,""epsilon"":1.35}",3,2025020608,2025-12-29,actual_margin,1.0,0.91744263156166,1.9.1,20260912,0.91744263156166,0.0
margin,"margin|robust_huber|sdv_only|{""alpha"":0.0001,""epsilon"":1.35}",3,2025020609,2025-12-29,actual_margin,-2.0,-0.0410251736890298,1.9.1,20260912,-0.04102517368902989,9.020562075079397e-17
margin,"margin|robust_huber|sdv_only|{""alpha"":0.0001,""epsilon"":1.35}",3,2025020610,2025-12-29,actual_margin,-2.0,0.173883935522979,1.9.1,20260912,0.17388393552297907,5.551115123125783e-17
margin,"margin|robust_huber|sdv_only|{""alpha"":0.0001,""epsilon"":1.35}",3,2025020611,2025-12-29,actual_margin,3.0,0.967859077217507,1.9.1,20260912,0.967859077217507,0.0
margin,"margin|robust_huber|sdv_only|{""alpha"":0.0001,""epsilon"":1.35}",3,2025020612,2025-12-29,actual_margin,-1.0,0.7165389865760236,1.9.1,20260912,0.7165389865760236,0.0
margin,"margin|robust_huber|sdv_only|{""alpha"":0.0001,""epsilon"":1.35}",3,2025020613,2025-12-29,actual_margin,1.0,0.3525595507657643,1.9.1,20260912,0.3525595507657643,0.0
margin,"margin|robust_huber|sdv_only|{""alpha"":0.0001,""epsilon"":1.35}",3,2025020614,2025-12-29,actual_margin,-3.0,0.7648776289124952,1.9.1,20260912,0.7648776289124952,0.0
margin,"margin|robust_huber|sdv_only|{""alpha"":0.0001,""epsilon"":1.35}",3,2025020615,2025-12-29,actual_margin,-1.0,0.328870330674952,1.9.1,20260912,0.328870330674952,0.0
margin,"margin|robust_huber|sdv_only|{""alpha"":0.0001,""epsilon"":1.35}",3,2025020616,2025-12-29,actual_margin,-1.0,0.1773344020399424,1.9.1,20260912,0.17733440203994247,5.551115123125783e-17
margin,"margin|robust_huber|sdv_only|{""alpha"":0.0001,""epsilon"":1.35}",3,2025020617,2025-12-30,actual_margin,4.0,-0.0480702593964583,1.9.1,20260912,-0.04807025939645834,4.163336342344337e-17
margin,"margin|robust_huber|sdv_only|{""alpha"":0.0001,""epsilon"":1.35}",3,2025020618,2025-12-30,actual_margin,-1.0,0.4373377080683773,1.9.1,20260912,0.43733770806837735,5.551115123125783e-17
margin,"margin|robust_huber|sdv_only|{""alpha"":0.0001,""epsilon"":1.35}",3,2025020619,2025-12-30,actual_margin,4.0,-0.7903272578682861,1.9.1,20260912,-0.7903272578682861,0.0
margin,"margin|robust_huber|sdv_only|{""alpha"":0.0001,""epsilon"":1.35}",3,2025020620,2025-12-30,actual_margin,-1.0,-0.1916649746625812,1.9.1,20260912,-0.19166497466258126,5.551115123125783e-17
margin,"margin|robust_huber|sdv_only|{""alpha"":0.0001,""epsilon"":1.35}",3,2025020621,2025-12-30,actual_margin,-3.0,-0.5040078536066342,1.9.1,20260912,-0.5040078536066342,0.0
margin,"margin|robust_huber|sdv_only|{""alpha"":0.0001,""epsilon"":1.35}",3,2025020622,2025-12-31,actual_margin,3.0,0.3823287927692503,1.9.1,20260912,0.38232879276925036,5.551115123125783e-17
margin,"margin|robust_huber|sdv_only|{""alpha"":0.0001,""epsilon"":1.35}",3,2025020623,2025-12-31,actual_margin,-2.0,0.8071064083566486,1.9.1,20260912,0.8071064083566486,0.0
margin,"margin|robust_huber|sdv_only|{""alpha"":0.0001,""epsilon"":1.35}",3,2025020624,2025-12-31,actual_margin,-1.0,-0.4727215404767038,1.9.1,20260912,-0.4727215404767038,0.0
margin,"margin|robust_huber|sdv_only|{""alpha"":0.0001,""epsilon"":1.35}",3,2025020625,2025-12-31,actual_margin,1.0,-0.1783087798782058,1.9.1,20260912,-0.17830877987820587,8.326672684688674e-17
margin,"margin|robust_huber|sdv_only|{""alpha"":0.0001,""epsilon"":1.35}",3,2025020626,2025-12-31,actual_margin,1.0,0.421400624343372,1.9.1,20260912,0.421400624343372,0.0
margin,"margin|robust_huber|sdv_only|{""alpha"":0.0001,""epsilon"":1.35}",3,2025020627,2025-12-31,actual_margin,-1.0,0.1115995512318922,1.9.1,20260912,0.11159955123189229,8.326672684688674e-17
margin,"margin|robust_huber|sdv_only|{""alpha"":0.0001,""epsilon"":1.35}",3,2025020628,2025-12-31,actual_margin,-3.0,0.2104675879695901,1.9.1,20260912,0.21046758796959017,8.326672684688674e-17
margin,"margin|robust_huber|sdv_only|{""alpha"":0.0001,""epsilon"":1.35}",3,2025020629,2025-12-31,actual_margin,5.0,1.3334686571662888,1.9.1,20260912,1.3334686571662888,0.0
margin,"margin|robust_huber|sdv_only|{""alpha"":0.0001,""epsilon"":1.35}",3,2025020630,2025-12-31,actual_margin,4.0,-0.0474746003760721,1.9.1,20260912,-0.04747460037607218,7.632783294297951e-17
margin,"margin|robust_huber|sdv_only|{""alpha"":0.0001,""epsilon"":1.35}",3,2025020631,2025-12-31,actual_margin,-4.0,0.2964581415705289,1.9.1,20260912,0.29645814157052897,5.551115123125783e-17
margin,"margin|robust_huber|sdv_only|{""alpha"":0.0001,""epsilon"":1.35}",3,2025020632,2026-01-01,actual_margin,1.0,0.3750368142049076,1.9.1,20260912,0.37503681420490764,5.551115123125783e-17
margin,"margin|robust_huber|sdv_only|{""alpha"":0.0001,""epsilon"":1.35}",3,2025020633,2026-01-01,actual_margin,-5.0,-0.4931119552511611,1.9.1,20260912,-0.49311195525116114,5.551115123125783e-17
margin,"margin|robust_huber|sdv_only|{""alpha"":0.0001,""epsilon"":1.35}",3,2025020634,2026-01-01,actual_margin,1.0,0.1213415513013106,1.9.1,20260912,0.12134155130131066,6.938893903907228e-17
margin,"margin|robust_huber|sdv_only|{""alpha"":0.0001,""epsilon"":1.35}",3,2025020635,2026-01-01,actual_margin,1.0,0.1879937548696047,1.9.1,20260912,0.1879937548696047,0.0
margin,"margin|robust_huber|sdv_only|{""alpha"":0.0001,""epsilon"":1.35}",3,2025020636,2026-01-01,actual_margin,-2.0,0.8468541629383756,1.9.1,20260912,0.8468541629383756,0.0
margin,"margin|robust_huber|sdv_only|{""alpha"":0.0001,""epsilon"":1.35}",3,2025020637,2026-01-01,actual_margin,1.0,-0.4558594136544255,1.9.1,20260912,-0.4558594136544255,0.0
margin,"margin|robust_huber|sdv_only|{""alpha"":0.0001,""epsilon"":1.35}",3,2025020638,2026-01-01,actual_margin,3.0,-0.2387477649536571,1.9.1,20260912,-0.23874776495365713,2.7755575615628914e-17
margin,"margin|robust_huber|sdv_only|{""alpha"":0.0001,""epsilon"":1.35}",3,2025020639,2026-01-01,actual_margin,-2.0,-0.1030525455811194,1.9.1,20260912,-0.10305254558111943,2.7755575615628914e-17
margin,"margin|robust_huber|sdv_only|{""alpha"":0.0001,""epsilon"":1.35}",3,2025020640,2026-01-02,actual_margin,1.0,-0.4730935415828139,1.9.1,20260912,-0.4730935415828139,0.0
margin,"margin|robust_huber|sdv_only|{""alpha"":0.0001,""epsilon"":1.35}",3,2025020641,2026-01-02,actual_margin,-4.0,0.4561076817537985,1.9.1,20260912,0.45610768175379857,5.551115123125783e-17
margin,"margin|robust_huber|sdv_only|{""alpha"":0.0001,""epsilon"":1.35}",3,2025020642,2026-01-02,actual_margin,-1.0,0.1670668062891489,1.9.1,20260912,0.16706680628914894,2.7755575615628914e-17
margin,"margin|robust_huber|sdv_only|{""alpha"":0.0001,""epsilon"":1.35}",3,2025020643,2026-01-02,actual_margin,-3.0,0.1553535840660021,1.9.1,20260912,0.1553535840660021,0.0
margin,"margin|robust_huber|sdv_only|{""alpha"":0.0001,""epsilon"":1.35}",3,2025020644,2026-01-03,actual_margin,-3.0,0.0969450785023232,1.9.1,20260912,0.09694507850232328,8.326672684688674e-17
margin,"margin|robust_huber|sdv_only|{""alpha"":0.0001,""epsilon"":1.35}",3,2025020645,2026-01-03,actual_margin,3.0,-0.387775528472902,1.9.1,20260912,-0.387775528472902,0.0
margin,"margin|robust_huber|sdv_only|{""alpha"":0.0001,""epsilon"":1.35}",3,2025020646,2026-01-03,actual_margin,4.0,0.0886446084414632,1.9.1,20260912,0.08864460844146321,1.3877787807814457e-17
margin,"margin|robust_huber|sdv_only|{""alpha"":0.0001,""epsilon"":1.35}",3,2025020647,2026-01-03,actual_margin,-3.0,-0.0475924622821875,1.9.1,20260912,-0.04759246228218758,8.326672684688674e-17
margin,"margin|robust_huber|sdv_only|{""alpha"":0.0001,""epsilon"":1.35}",3,2025020648,2026-01-03,actual_margin,2.0,-0.1356840533698406,1.9.1,20260912,-0.13568405336984068,8.326672684688674e-17
margin,"margin|robust_huber|sdv_only|{""alpha"":0.0001,""epsilon"":1.35}",3,2025020649,2026-01-03,actual_margin,-4.0,-0.8421044601589017,1.9.1,20260912,-0.8421044601589017,0.0
margin,"margin|robust_huber|sdv_only|{""alpha"":0.0001,""epsilon"":1.35}",3,2025020650,2026-01-03,actual_margin,2.0,0.9473634782577272,1.9.1,20260912,0.9473634782577273,1.1102230246251565e-16
margin,"margin|robust_huber|sdv_only|{""alpha"":0.0001,""epsilon"":1.35}",3,2025020651,2026-01-03,actual_margin,1.0,0.2639113841608632,1.9.1,20260912,0.26391138416086324,5.551115123125783e-17
margin,"margin|robust_huber|sdv_only|{""alpha"":0.0001,""epsilon"":1.35}",3,2025020652,2026-01-03,actual_margin,-1.0,0.9915128873596112,1.9.1,20260912,0.9915128873596112,0.0
margin,"margin|robust_huber|sdv_only|{""alpha"":0.0001,""epsilon"":1.35}",3,2025020653,2026-01-03,actual_margin,-2.0,-0.1352478407230418,1.9.1,20260912,-0.13524784072304186,5.551115123125783e-17
margin,"margin|robust_huber|sdv_only|{""alpha"":0.0001,""epsilon"":1.35}",3,2025020654,2026-01-03,actual_margin,-1.0,0.1889497330338023,1.9.1,20260912,0.18894973303380236,5.551115123125783e-17
margin,"margin|robust_huber|sdv_only|{""alpha"":0.0001,""epsilon"":1.35}",3,2025020655,2026-01-03,actual_margin,1.0,0.4593247212018089,1.9.1,20260912,0.45932472120180895,5.551115123125783e-17
margin,"margin|robust_huber|sdv_only|{""alpha"":0.0001,""epsilon"":1.35}",3,2025020656,2026-01-03,actual_margin,-1.0,-0.0469826487445444,1.9.1,20260912,-0.04698264874454447,6.938893903907228e-17
margin,"margin|robust_huber|sdv_only|{""alpha"":0.0001,""epsilon"":1.35}",3,2025020657,2026-01-04,actual_margin,-1.0,0.0664918367465595,1.9.1,20260912,0.06649183674655958,8.326672684688674e-17
margin,"margin|robust_huber|sdv_only|{""alpha"":0.0001,""epsilon"":1.35}",3,2025020658,2026-01-04,actual_margin,-1.0,0.0868086978202923,1.9.1,20260912,0.08680869782029237,6.938893903907228e-17
margin,"margin|robust_huber|sdv_only|{""alpha"":0.0001,""epsilon"":1.35}",3,2025020659,2026-01-04,actual_margin,1.0,-0.6136514707480352,1.9.1,20260912,-0.6136514707480352,0.0
margin,"margin|robust_huber|sdv_only|{""alpha"":0.0001,""epsilon"":1.35}",3,2025020660,2026-01-04,actual_margin,-2.0,-0.7923879364216387,1.9.1,20260912,-0.7923879364216387,0.0
margin,"margin|robust_huber|sdv_only|{""alpha"":0.0001,""epsilon"":1.35}",3,2025020661,2026-01-04,actual_margin,1.0,-0.8419655369664046,1.9.1,20260912,-0.8419655369664046,0.0
margin,"margin|robust_huber|sdv_only|{""alpha"":0.0001,""epsilon"":1.35}",3,2025020662,2026-01-05,actual_margin,-1.0,-0.25859381262788,1.9.1,20260912,-0.25859381262788006,5.551115123125783e-17
margin,"margin|robust_huber|sdv_only|{""alpha"":0.0001,""epsilon"":1.35}",3,2025020663,2026-01-05,actual_margin,3.0,0.4673636563221385,1.9.1,20260912,0.4673636563221385,0.0
margin,"margin|robust_huber|sdv_only|{""alpha"":0.0001,""epsilon"":1.35}",3,2025020664,2026-01-05,actual_margin,-2.0,0.7890739200858864,1.9.1,20260912,0.7890739200858864,0.0
margin,"margin|robust_huber|sdv_only|{""alpha"":0.0001,""epsilon"":1.35}",3,2025020665,2026-01-05,actual_margin,-4.0,0.6084190985591108,1.9.1,20260912,0.6084190985591108,0.0
margin,"margin|robust_huber|sdv_only|{""alpha"":0.0001,""epsilon"":1.35}",3,2025020666,2026-01-05,actual_margin,2.0,0.4738199199448655,1.9.1,20260912,0.4738199199448655,0.0
margin,"margin|robust_huber|sdv_only|{""alpha"":0.0001,""epsilon"":1.35}",3,2025020667,2026-01-06,actual_margin,2.0,0.7254258655674648,1.9.1,20260912,0.7254258655674648,0.0
margin,"margin|robust_huber|sdv_only|{""alpha"":0.0001,""epsilon"":1.35}",3,2025020668,2026-01-06,actual_margin,2.0,-0.3740468351610528,1.9.1,20260912,-0.37404683516105286,5.551115123125783e-17
margin,"margin|robust_huber|sdv_only|{""alpha"":0.0001,""epsilon"":1.35}",3,2025020669,2026-01-06,actual_margin,9.0,0.0404978346786197,1.9.1,20260912,0.0404978346786197,0.0
margin,"margin|robust_huber|sdv_only|{""alpha"":0.0001,""epsilon"":1.35}",3,2025020670,2026-01-06,actual_margin,3.0,0.3372783591687104,1.9.1,20260912,0.3372783591687104,0.0
margin,"margin|robust_huber|sdv_only|{""alpha"":0.0001,""epsilon"":1.35}",3,2025020671,2026-01-06,actual_margin,3.0,0.858534910490937,1.9.1,20260912,0.858534910490937,0.0
margin,"margin|robust_huber|sdv_only|{""alpha"":0.0001,""epsilon"":1.35}",3,2025020672,2026-01-06,actual_margin,3.0,-0.510998119775307,1.9.1,20260912,-0.510998119775307,0.0
margin,"margin|robust_huber|sdv_only|{""alpha"":0.0001,""epsilon"":1.35}",3,2025020673,2026-01-06,actual_margin,-1.0,-0.5337207719110253,1.9.1,20260912,-0.5337207719110253,0.0
margin,"margin|robust_huber|sdv_only|{""alpha"":0.0001,""epsilon"":1.35}",3,2025020674,2026-01-06,actual_margin,4.0,0.1289489793949476,1.9.1,20260912,0.12894897939494765,5.551115123125783e-17
margin,"margin|robust_huber|sdv_only|{""alpha"":0.0001,""epsilon"":1.35}",3,2025020675,2026-01-06,actual_margin,3.0,-0.1773554106738364,1.9.1,20260912,-0.17735541067383642,2.7755575615628914e-17
margin,"margin|robust_huber|sdv_only|{""alpha"":0.0001,""epsilon"":1.35}",3,2025020676,2026-01-06,actual_margin,3.0,-0.0596542770768085,1.9.1,20260912,-0.05965427707680859,9.020562075079397e-17
margin,"margin|robust_huber|sdv_only|{""alpha"":0.0001,""epsilon"":1.35}",3,2025020677,2026-01-07,actual_margin,-3.0,0.2256035875325152,1.9.1,20260912,0.2256035875325152,0.0
margin,"margin|robust_huber|sdv_only|{""alpha"":0.0001,""epsilon"":1.35}",3,2025020678,2026-01-07,actual_margin,3.0,0.4633105476745691,1.9.1,20260912,0.46331054767456914,5.551115123125783e-17
margin,"margin|robust_huber|sdv_only|{""alpha"":0.0001,""epsilon"":1.35}",3,2025020679,2026-01-07,actual_margin,4.0,-0.2385629187218444,1.9.1,20260912,-0.23856291872184443,2.7755575615628914e-17
margin,"margin|robust_huber|sdv_only|{""alpha"":0.0001,""epsilon"":1.35}",3,2025020680,2026-01-07,actual_margin,2.0,0.2555739298996261,1.9.1,20260912,0.25557392989962613,5.551115123125783e-17
margin,"margin|robust_huber|sdv_only|{""alpha"":0.0001,""epsilon"":1.35}",3,2025020681,2026-01-07,actual_margin,-1.0,0.9468147186314056,1.9.1,20260912,0.9468147186314055,1.1102230246251565e-16
margin,"margin|robust_huber|sdv_only|{""alpha"":0.0001,""epsilon"":1.35}",3,2025020682,2026-01-08,actual_margin,3.0,0.094758512496492,1.9.1,20260912,0.094758512496492,0.0
margin,"margin|robust_huber|sdv_only|{""alpha"":0.0001,""epsilon"":1.35}",3,2025020683,2026-01-08,actual_margin,4.0,-0.0156419402045086,1.9.1,20260912,-0.015641940204508625,2.42861286636753e-17
margin,"margin|robust_huber|sdv_only|{""alpha"":0.0001,""epsilon"":1.35}",3,2025020684,2026-01-08,actual_margin,4.0,0.5413027693349983,1.9.1,20260912,0.5413027693349983,0.0
margin,"margin|robust_huber|sdv_only|{""alpha"":0.0001,""epsilon"":1.35}",3,2025020685,2026-01-08,actual_margin,-3.0,0.0864215779417664,1.9.1,20260912,0.08642157794176648,8.326672684688674e-17
margin,"margin|robust_huber|sdv_only|{""alpha"":0.0001,""epsilon"":1.35}",3,2025020686,2026-01-08,actual_margin,-1.0,0.5591509499423575,1.9.1,20260912,0.5591509499423575,0.0
margin,"margin|robust_huber|sdv_only|{""alpha"":0.0001,""epsilon"":1.35}",3,2025020687,2026-01-08,actual_margin,3.0,0.2925153075588864,1.9.1,20260912,0.2925153075588864,0.0
margin,"margin|robust_huber|sdv_only|{""alpha"":0.0001,""epsilon"":1.35}",3,2025020688,2026-01-08,actual_margin,3.0,1.0975381615115756,1.9.1,20260912,1.0975381615115756,0.0
margin,"margin|robust_huber|sdv_only|{""alpha"":0.0001,""epsilon"":1.35}",3,2025020689,2026-01-08,actual_margin,1.0,0.3042947559521823,1.9.1,20260912,0.3042947559521823,0.0
margin,"margin|robust_huber|sdv_only|{""alpha"":0.0001,""epsilon"":1.35}",3,2025020690,2026-01-08,actual_margin,-1.0,-0.0418689944522811,1.9.1,20260912,-0.04186899445228118,7.632783294297951e-17
margin,"margin|robust_huber|sdv_only|{""alpha"":0.0001,""epsilon"":1.35}",3,2025020691,2026-01-08,actual_margin,6.0,0.8384031108763434,1.9.1,20260912,0.8384031108763434,0.0
margin,"margin|robust_huber|sdv_only|{""alpha"":0.0001,""epsilon"":1.35}",3,2025020692,2026-01-08,actual_margin,2.0,0.8113020163294131,1.9.1,20260912,0.8113020163294131,0.0
margin,"margin|robust_huber|sdv_only|{""alpha"":0.0001,""epsilon"":1.35}",3,2025020693,2026-01-08,actual_margin,-1.0,-0.3611369728536054,1.9.1,20260912,-0.36113697285360546,5.551115123125783e-17
margin,"margin|robust_huber|sdv_only|{""alpha"":0.0001,""epsilon"":1.35}",3,2025020694,2026-01-09,actual_margin,-4.0,-0.4989098999437307,1.9.1,20260912,-0.4989098999437307,0.0
margin,"margin|robust_huber|sdv_only|{""alpha"":0.0001,""epsilon"":1.35}",3,2025020695,2026-01-09,actual_margin,4.0,-0.4492504626068586,1.9.1,20260912,-0.44925046260685864,5.551115123125783e-17
margin,"margin|robust_huber|sdv_only|{""alpha"":0.0001,""epsilon"":1.35}",3,2025020696,2026-01-09,actual_margin,2.0,0.8531023682538776,1.9.1,20260912,0.8531023682538776,0.0
margin,"margin|robust_huber|sdv_only|{""alpha"":0.0001,""epsilon"":1.35}",3,2025020697,2026-01-10,actual_margin,8.0,-0.0495310268399097,1.9.1,20260912,-0.0495310268399097,0.0
margin,"margin|robust_huber|sdv_only|{""alpha"":0.0001,""epsilon"":1.35}",3,2025020698,2026-01-10,actual_margin,-1.0,0.4636013273125149,1.9.1,20260912,0.4636013273125149,0.0
margin,"margin|robust_huber|sdv_only|{""alpha"":0.0001,""epsilon"":1.35}",3,2025020699,2026-01-10,actual_margin,4.0,1.3599255528808207,1.9.1,20260912,1.3599255528808207,0.0
margin,"margin|robust_huber|sdv_only|{""alpha"":0.0001,""epsilon"":1.35}",3,2025020700,2026-01-10,actual_margin,1.0,-0.4341455222389077,1.9.1,20260912,-0.4341455222389077,0.0
margin,"margin|robust_huber|sdv_only|{""alpha"":0.0001,""epsilon"":1.35}",3,2025020701,2026-01-10,actual_margin,2.0,0.3171865968921317,1.9.1,20260912,0.3171865968921317,0.0
margin,"margin|robust_huber|sdv_only|{""alpha"":0.0001,""epsilon"":1.35}",3,2025020702,2026-01-10,actual_margin,5.0,0.461595806865579,1.9.1,20260912,0.461595806865579,0.0
margin,"margin|robust_huber|sdv_only|{""alpha"":0.0001,""epsilon"":1.35}",3,2025020703,2026-01-10,actual_margin,-4.0,0.4844294519498692,1.9.1,20260912,0.4844294519498692,0.0
margin,"margin|robust_huber|sdv_only|{""alpha"":0.0001,""epsilon"":1.35}",3,2025020704,2026-01-10,actual_margin,-1.0,0.291736514060307,1.9.1,20260912,0.291736514060307,0.0
margin,"margin|robust_huber|sdv_only|{""alpha"":0.0001,""epsilon"":1.35}",3,2025020705,2026-01-10,actual_margin,-5.0,-0.3422878009697047,1.9.1,20260912,-0.3422878009697047,0.0
margin,"margin|robust_huber|sdv_only|{""alpha"":0.0001,""epsilon"":1.35}",3,2025020706,2026-01-10,actual_margin,1.0,1.630555101388842,1.9.1,20260912,1.630555101388842,0.0
margin,"margin|robust_huber|sdv_only|{""alpha"":0.0001,""epsilon"":1.35}",3,2025020707,2026-01-10,actual_margin,-3.0,0.5504352651133617,1.9.1,20260912,0.5504352651133617,0.0
margin,"margin|robust_huber|sdv_only|{""alpha"":0.0001,""epsilon"":1.35}",3,2025020708,2026-01-10,actual_margin,-1.0,0.3926451581429417,1.9.1,20260912,0.39264515814294176,5.551115123125783e-17
margin,"margin|robust_huber|sdv_only|{""alpha"":0.0001,""epsilon"":1.35}",3,2025020709,2026-01-10,actual_margin,-1.0,-0.187542250879975,1.9.1,20260912,-0.18754225087997506,5.551115123125783e-17
margin,"margin|robust_huber|sdv_only|{""alpha"":0.0001,""epsilon"":1.35}",3,2025020710,2026-01-10,actual_margin,2.0,0.7298180591329422,1.9.1,20260912,0.7298180591329422,0.0
margin,"margin|robust_huber|sdv_only|{""alpha"":0.0001,""epsilon"":1.35}",3,2025020711,2026-01-11,actual_margin,1.0,-0.087410893602019,1.9.1,20260912,-0.08741089360201906,6.938893903907228e-17
margin,"margin|robust_huber|sdv_only|{""alpha"":0.0001,""epsilon"":1.35}",3,2025020712,2026-01-11,actual_margin,1.0,-0.0963711949030363,1.9.1,20260912,-0.09637119490303636,5.551115123125783e-17
margin,"margin|robust_huber|sdv_only|{""alpha"":0.0001,""epsilon"":1.35}",3,2025020713,2026-01-11,actual_margin,1.0,-0.1300827830532275,1.9.1,20260912,-0.1300827830532275,0.0
margin,"margin|robust_huber|sdv_only|{""alpha"":0.0001,""epsilon"":1.35}",3,2025020714,2026-01-11,actual_margin,-1.0,0.704459380804055,1.9.1,20260912,0.704459380804055,0.0
margin,"margin|robust_huber|sdv_only|{""alpha"":0.0001,""epsilon"":1.35}",3,2025020715,2026-01-11,actual_margin,-5.0,-0.701168658163204,1.9.1,20260912,-0.701168658163204,0.0
margin,"margin|robust_huber|sdv_only|{""alpha"":0.0001,""epsilon"":1.35}",4,2025020716,2026-01-12,actual_margin,-1.0,-0.1003925836057606,1.9.1,20260912,-0.10039258360576067,6.938893903907228e-17
margin,"margin|robust_huber|sdv_only|{""alpha"":0.0001,""epsilon"":1.35}",4,2025020717,2026-01-12,actual_margin,1.0,-0.8106322097688335,1.9.1,20260912,-0.8106322097688335,0.0
margin,"margin|robust_huber|sdv_only|{""alpha"":0.0001,""epsilon"":1.35}",4,2025020718,2026-01-12,actual_margin,-2.0,0.676872494924974,1.9.1,20260912,0.676872494924974,0.0
margin,"margin|robust_huber|sdv_only|{""alpha"":0.0001,""epsilon"":1.35}",4,2025020719,2026-01-12,actual_margin,-4.0,-0.4264937807908122,1.9.1,20260912,-0.42649378079081224,5.551115123125783e-17
margin,"margin|robust_huber|sdv_only|{""alpha"":0.0001,""epsilon"":1.35}",4,2025020720,2026-01-12,actual_margin,3.0,0.82424860970659,1.9.1,20260912,0.82424860970659,0.0
margin,"margin|robust_huber|sdv_only|{""alpha"":0.0001,""epsilon"":1.35}",4,2025020721,2026-01-12,actual_margin,-3.0,0.2754077524537848,1.9.1,20260912,0.27540775245378485,5.551115123125783e-17
margin,"margin|robust_huber|sdv_only|{""alpha"":0.0001,""epsilon"":1.35}",4,2025020722,2026-01-12,actual_margin,-3.0,-0.2722559767019186,1.9.1,20260912,-0.2722559767019186,0.0
margin,"margin|robust_huber|sdv_only|{""alpha"":0.0001,""epsilon"":1.35}",4,2025020723,2026-01-12,actual_margin,-1.0,1.4493281868237726,1.9.1,20260912,1.4493281868237726,0.0
margin,"margin|robust_huber|sdv_only|{""alpha"":0.0001,""epsilon"":1.35}",4,2025020724,2026-01-12,actual_margin,-2.0,0.422288064193669,1.9.1,20260912,0.42228806419366904,5.551115123125783e-17
margin,"margin|robust_huber|sdv_only|{""alpha"":0.0001,""epsilon"":1.35}",4,2025020725,2026-01-13,actual_margin,1.0,1.241009614382289,1.9.1,20260912,1.241009614382289,0.0
margin,"margin|robust_huber|sdv_only|{""alpha"":0.0001,""epsilon"":1.35}",4,2025020726,2026-01-13,actual_margin,-1.0,-0.3715731337487091,1.9.1,20260912,-0.37157313374870915,5.551115123125783e-17
margin,"margin|robust_huber|sdv_only|{""alpha"":0.0001,""epsilon"":1.35}",4,2025020727,2026-01-13,actual_margin,1.0,0.1306900490719618,1.9.1,20260912,0.13069004907196186,5.551115123125783e-17
margin,"margin|robust_huber|sdv_only|{""alpha"":0.0001,""epsilon"":1.35}",4,2025020728,2026-01-13,actual_margin,2.0,0.4724433312451388,1.9.1,20260912,0.4724433312451388,0.0
margin,"margin|robust_huber|sdv_only|{""alpha"":0.0001,""epsilon"":1.35}",4,2025020729,2026-01-13,actual_margin,3.0,0.127838285485681,1.9.1,20260912,0.12783828548568105,5.551115123125783e-17
margin,"margin|robust_huber|sdv_only|{""alpha"":0.0001,""epsilon"":1.35}",4,2025020730,2026-01-13,actual_margin,3.0,-0.7962687778223155,1.9.1,20260912,-0.7962687778223155,0.0
margin,"margin|robust_huber|sdv_only|{""alpha"":0.0001,""epsilon"":1.35}",4,2025020731,2026-01-13,actual_margin,1.0,0.0448037161277646,1.9.1,20260912,0.044803716127764626,2.7755575615628914e-17
margin,"margin|robust_huber|sdv_only|{""alpha"":0.0001,""epsilon"":1.35}",4,2025020732,2026-01-13,actual_margin,1.0,0.2093975351646606,1.9.1,20260912,0.20939753516466064,5.551115123125783e-17
margin,"margin|robust_huber|sdv_only|{""alpha"":0.0001,""epsilon"":1.35}",4,2025020733,2026-01-13,actual_margin,5.0,0.8527153002234845,1.9.1,20260912,0.8527153002234845,0.0
margin,"margin|robust_huber|sdv_only|{""alpha"":0.0001,""epsilon"":1.35}",4,2025020734,2026-01-13,actual_margin,2.0,0.0106416988261983,1.9.1,20260912,0.010641698826198392,9.194034422677078e-17
margin,"margin|robust_huber|sdv_only|{""alpha"":0.0001,""epsilon"":1.35}",4,2025020735,2026-01-14,actual_margin,1.0,0.6417518191273003,1.9.1,20260912,0.6417518191273003,0.0
margin,"margin|robust_huber|sdv_only|{""alpha"":0.0001,""epsilon"":1.35}",4,2025020736,2026-01-14,actual_margin,3.0,0.2344200416192892,1.9.1,20260912,0.23442004161928928,8.326672684688674e-17
margin,"margin|robust_huber|sdv_only|{""alpha"":0.0001,""epsilon"":1.35}",4,2025020737,2026-01-14,actual_margin,-4.0,-0.4390880269638941,1.9.1,20260912,-0.43908802696389415,5.551115123125783e-17
margin,"margin|robust_huber|sdv_only|{""alpha"":0.0001,""epsilon"":1.35}",4,2025020738,2026-01-14,actual_margin,-1.0,0.0807001032077012,1.9.1,20260912,0.08070010320770124,4.163336342344337e-17
margin,"margin|robust_huber|sdv_only|{""alpha"":0.0001,""epsilon"":1.35}",4,2025020739,2026-01-15,actual_margin,2.0,0.5204286626747636,1.9.1,20260912,0.5204286626747636,0.0
margin,"margin|robust_huber|sdv_only|{""alpha"":0.0001,""epsilon"":1.35}",4,2025020740,2026-01-15,actual_margin,2.0,0.0714198765915704,1.9.1,20260912,0.0714198765915704,0.0
margin,"margin|robust_huber|sdv_only|{""alpha"":0.0001,""epsilon"":1.35}",4,2025020741,2026-01-15,actual_margin,3.0,0.2183636197709044,1.9.1,20260912,0.2183636197709044,0.0
margin,"margin|robust_huber|sdv_only|{""alpha"":0.0001,""epsilon"":1.35}",4,2025020742,2026-01-15,actual_margin,-1.0,0.7876669235527298,1.9.1,20260912,0.7876669235527298,0.0
margin,"margin|robust_huber|sdv_only|{""alpha"":0.0001,""epsilon"":1.35}",4,2025020743,2026-01-15,actual_margin,3.0,0.7577238052017623,1.9.1,20260912,0.7577238052017623,0.0
margin,"margin|robust_huber|sdv_only|{""alpha"":0.0001,""epsilon"":1.35}",4,2025020744,2026-01-15,actual_margin,-4.0,0.5002587333182129,1.9.1,20260912,0.5002587333182129,0.0
margin,"margin|robust_huber|sdv_only|{""alpha"":0.0001,""epsilon"":1.35}",4,2025020745,2026-01-15,actual_margin,-2.0,-0.1322831037673562,1.9.1,20260912,-0.13228310376735622,2.7755575615628914e-17
margin,"margin|robust_huber|sdv_only|{""alpha"":0.0001,""epsilon"":1.35}",4,2025020746,2026-01-15,actual_margin,1.0,0.617463047969121,1.9.1,20260912,0.617463047969121,0.0
margin,"margin|robust_huber|sdv_only|{""alpha"":0.0001,""epsilon"":1.35}",4,2025020747,2026-01-15,actual_margin,-1.0,0.4764134024152013,1.9.1,20260912,0.47641340241520136,5.551115123125783e-17
margin,"margin|robust_huber|sdv_only|{""alpha"":0.0001,""epsilon"":1.35}",4,2025020748,2026-01-15,actual_margin,1.0,0.9512465740751448,1.9.1,20260912,0.9512465740751447,1.1102230246251565e-16
margin,"margin|robust_huber|sdv_only|{""alpha"":0.0001,""epsilon"":1.35}",4,2025020749,2026-01-16,actual_margin,2.0,0.3947345109447526,1.9.1,20260912,0.39473451094475265,5.551115123125783e-17
margin,"margin|robust_huber|sdv_only|{""alpha"":0.0001,""epsilon"":1.35}",4,2025020750,2026-01-16,actual_margin,8.0,0.6974866783519433,1.9.1,20260912,0.6974866783519433,0.0
margin,"margin|robust_huber|sdv_only|{""alpha"":0.0001,""epsilon"":1.35}",4,2025020751,2026-01-16,actual_margin,1.0,-0.5141203273431084,1.9.1,20260912,-0.5141203273431084,0.0
margin,"margin|robust_huber|sdv_only|{""alpha"":0.0001,""epsilon"":1.35}",4,2025020752,2026-01-16,actual_margin,-4.0,1.3244768240422264,1.9.1,20260912,1.3244768240422264,0.0
margin,"margin|robust_huber|sdv_only|{""alpha"":0.0001,""epsilon"":1.35}",4,2025020753,2026-01-16,actual_margin,-1.0,0.5602049624544451,1.9.1,20260912,0.5602049624544451,0.0
margin,"margin|robust_huber|sdv_only|{""alpha"":0.0001,""epsilon"":1.35}",4,2025020754,2026-01-17,actual_margin,-1.0,0.2783870487309163,1.9.1,20260912,0.27838704873091635,5.551115123125783e-17
margin,"margin|robust_huber|sdv_only|{""alpha"":0.0001,""epsilon"":1.35}",4,2025020755,2026-01-17,actual_margin,-3.0,0.3419613293763338,1.9.1,20260912,0.34196132937633383,5.551115123125783e-17
margin,"margin|robust_huber|sdv_only|{""alpha"":0.0001,""epsilon"":1.35}",4,2025020756,2026-01-17,actual_margin,2.0,0.391779764161587,1.9.1,20260912,0.391779764161587,0.0
margin,"margin|robust_huber|sdv_only|{""alpha"":0.0001,""epsilon"":1.35}",4,2025020757,2026-01-17,actual_margin,3.0,1.2419061097324606,1.9.1,20260912,1.2419061097324606,0.0
margin,"margin|robust_huber|sdv_only|{""alpha"":0.0001,""epsilon"":1.35}",4,2025020758,2026-01-17,actual_margin,-1.0,0.4559440673612474,1.9.1,20260912,0.4559440673612474,0.0
margin,"margin|robust_huber|sdv_only|{""alpha"":0.0001,""epsilon"":1.35}",4,2025020759,2026-01-17,actual_margin,-3.0,-0.8316718195865049,1.9.1,20260912,-0.8316718195865049,0.0
margin,"margin|robust_huber|sdv_only|{""alpha"":0.0001,""epsilon"":1.35}",4,2025020760,2026-01-17,actual_margin,-1.0,0.2172775902650544,1.9.1,20260912,0.21727759026505444,5.551115123125783e-17
margin,"margin|robust_huber|sdv_only|{""alpha"":0.0001,""epsilon"":1.35}",4,2025020761,2026-01-17,actual_margin,-3.0,-0.0279662028399878,1.9.1,20260912,-0.027966202839987853,5.204170427930421e-17
margin,"margin|robust_huber|sdv_only|{""alpha"":0.0001,""epsilon"":1.35}",4,2025020762,2026-01-17,actual_margin,-1.0,0.1463706936475372,1.9.1,20260912,0.14637069364753724,5.551115123125783e-17
margin,"margin|robust_huber|sdv_only|{""alpha"":0.0001,""epsilon"":1.35}",4,2025020763,2026-01-17,actual_margin,-3.0,-0.1176621643199612,1.9.1,20260912,-0.11766216431996121,1.3877787807814457e-17
margin,"margin|robust_huber|sdv_only|{""alpha"":0.0001,""epsilon"":1.35}",4,2025020764,2026-01-17,actual_margin,-6.0,-0.4140818003544694,1.9.1,20260912,-0.4140818003544694,0.0
margin,"margin|robust_huber|sdv_only|{""alpha"":0.0001,""epsilon"":1.35}",4,2025020765,2026-01-17,actual_margin,5.0,0.7472124082800582,1.9.1,20260912,0.7472124082800582,0.0
margin,"margin|robust_huber|sdv_only|{""alpha"":0.0001,""epsilon"":1.35}",4,2025020766,2026-01-17,actual_margin,1.0,-0.2104817031781103,1.9.1,20260912,-0.21048170317811035,5.551115123125783e-17
margin,"margin|robust_huber|sdv_only|{""alpha"":0.0001,""epsilon"":1.35}",4,2025020767,2026-01-18,actual_margin,-3.0,-0.3845254999138964,1.9.1,20260912,-0.3845254999138964,0.0
margin,"margin|robust_huber|sdv_only|{""alpha"":0.0001,""epsilon"":1.35}",4,2025020768,2026-01-18,actual_margin,1.0,-0.4621906676296897,1.9.1,20260912,-0.46219066762968974,5.551115123125783e-17
margin,"margin|robust_huber|sdv_only|{""alpha"":0.0001,""epsilon"":1.35}",4,2025020769,2026-01-18,actual_margin,5.0,0.3810368253670453,1.9.1,20260912,0.38103682536704536,5.551115123125783e-17
margin,"margin|robust_huber|sdv_only|{""alpha"":0.0001,""epsilon"":1.35}",4,2025020770,2026-01-19,actual_margin,1.0,1.1265808168789782,1.9.1,20260912,1.1265808168789782,0.0
margin,"margin|robust_huber|sdv_only|{""alpha"":0.0001,""epsilon"":1.35}",4,2025020771,2026-01-19,actual_margin,3.0,1.1158722527056937,1.9.1,20260912,1.1158722527056937,0.0
margin,"margin|robust_huber|sdv_only|{""alpha"":0.0001,""epsilon"":1.35}",4,2025020772,2026-01-19,actual_margin,-3.0,-0.3911734776270829,1.9.1,20260912,-0.3911734776270829,0.0
margin,"margin|robust_huber|sdv_only|{""alpha"":0.0001,""epsilon"":1.35}",4,2025020773,2026-01-19,actual_margin,-3.0,0.9090267188551004,1.9.1,20260912,0.9090267188551003,1.1102230246251565e-16
margin,"margin|robust_huber|sdv_only|{""alpha"":0.0001,""epsilon"":1.35}",4,2025020774,2026-01-19,actual_margin,-3.0,-0.1215760822212399,1.9.1,20260912,-0.12157608222123997,6.938893903907228e-17
margin,"margin|robust_huber|sdv_only|{""alpha"":0.0001,""epsilon"":1.35}",4,2025020775,2026-01-19,actual_margin,-1.0,0.6559739366030309,1.9.1,20260912,0.6559739366030309,0.0
margin,"margin|robust_huber|sdv_only|{""alpha"":0.0001,""epsilon"":1.35}",4,2025020776,2026-01-19,actual_margin,2.0,-0.0659880065894453,1.9.1,20260912,-0.06598800658944537,6.938893903907228e-17
margin,"margin|robust_huber|sdv_only|{""alpha"":0.0001,""epsilon"":1.35}",4,2025020777,2026-01-19,actual_margin,-1.0,0.0039487721735081,1.9.1,20260912,0.003948772173508142,4.163336342344337e-17
margin,"margin|robust_huber|sdv_only|{""alpha"":0.0001,""epsilon"":1.35}",4,2025020778,2026-01-19,actual_margin,-1.0,-0.0755239018532442,1.9.1,20260912,-0.07552390185324429,8.326672684688674e-17
margin,"margin|robust_huber|sdv_only|{""alpha"":0.0001,""epsilon"":1.35}",4,2025020779,2026-01-19,actual_margin,2.0,0.3411144843483455,1.9.1,20260912,0.34111448434834557,5.551115123125783e-17
margin,"margin|robust_huber|sdv_only|{""alpha"":0.0001,""epsilon"":1.35}",4,2025020780,2026-01-20,actual_margin,1.0,0.3747685554493277,1.9.1,20260912,0.37476855544932774,5.551115123125783e-17
margin,"margin|robust_huber|sdv_only|{""alpha"":0.0001,""epsilon"":1.35}",4,2025020781,2026-01-20,actual_margin,3.0,1.223250698571993,1.9.1,20260912,1.2232506985719933,2.220446049250313e-16
margin,"margin|robust_huber|sdv_only|{""alpha"":0.0001,""epsilon"":1.35}",4,2025020782,2026-01-20,actual_margin,-3.0,-0.2813863227733655,1.9.1,20260912,-0.2813863227733655,0.0
margin,"margin|robust_huber|sdv_only|{""alpha"":0.0001,""epsilon"":1.35}",4,2025020783,2026-01-20,actual_margin,4.0,0.4861776904354556,1.9.1,20260912,0.48617769043545567,5.551115123125783e-17
margin,"margin|robust_huber|sdv_only|{""alpha"":0.0001,""epsilon"":1.35}",4,2025020784,2026-01-20,actual_margin,-2.0,0.0463495395062057,1.9.1,20260912,0.04634953950620571,1.3877787807814457e-17
margin,"margin|robust_huber|sdv_only|{""alpha"":0.0001,""epsilon"":1.35}",4,2025020785,2026-01-20,actual_margin,2.0,0.0094250596565576,1.9.1,20260912,0.009425059656557655,5.551115123125783e-17
margin,"margin|robust_huber|sdv_only|{""alpha"":0.0001,""epsilon"":1.35}",4,2025020786,2026-01-20,actual_margin,-1.0,0.3947789957801824,1.9.1,20260912,0.3947789957801824,0.0
margin,"margin|robust_huber|sdv_only|{""alpha"":0.0001,""epsilon"":1.35}",4,2025020787,2026-01-20,actual_margin,1.0,0.6715200180858084,1.9.1,20260912,0.6715200180858084,0.0
margin,"margin|robust_huber|sdv_only|{""alpha"":0.0001,""epsilon"":1.35}",4,2025020788,2026-01-21,actual_margin,-1.0,0.0563899788942491,1.9.1,20260912,0.056389978894249196,9.71445146547012e-17
margin,"margin|robust_huber|sdv_only|{""alpha"":0.0001,""epsilon"":1.35}",4,2025020789,2026-01-21,actual_margin,-1.0,1.2378439022539636,1.9.1,20260912,1.2378439022539636,0.0
margin,"margin|robust_huber|sdv_only|{""alpha"":0.0001,""epsilon"":1.35}",4,2025020790,2026-01-21,actual_margin,1.0,0.6923444867583802,1.9.1,20260912,0.6923444867583802,0.0
margin,"margin|robust_huber|sdv_only|{""alpha"":0.0001,""epsilon"":1.35}",4,2025020791,2026-01-21,actual_margin,-3.0,-0.1678871447455249,1.9.1,20260912,-0.16788714474552494,2.7755575615628914e-17
margin,"margin|robust_huber|sdv_only|{""alpha"":0.0001,""epsilon"":1.35}",4,2025020792,2026-01-21,actual_margin,1.0,-0.4570725128705951,1.9.1,20260912,-0.45707251287059514,5.551115123125783e-17
margin,"margin|robust_huber|sdv_only|{""alpha"":0.0001,""epsilon"":1.35}",4,2025020793,2026-01-21,actual_margin,3.0,0.042862278076862,1.9.1,20260912,0.042862278076862076,7.632783294297951e-17
margin,"margin|robust_huber|sdv_only|{""alpha"":0.0001,""epsilon"":1.35}",4,2025020794,2026-01-22,actual_margin,1.0,-0.4885312507238597,1.9.1,20260912,-0.4885312507238597,0.0
margin,"margin|robust_huber|sdv_only|{""alpha"":0.0001,""epsilon"":1.35}",4,2025020795,2026-01-22,actual_margin,-2.0,0.4003044744008507,1.9.1,20260912,0.4003044744008507,0.0
margin,"margin|robust_huber|sdv_only|{""alpha"":0.0001,""epsilon"":1.35}",4,2025020796,2026-01-22,actual_margin,-1.0,1.7623360560932564,1.9.1,20260912,1.7623360560932564,0.0
margin,"margin|robust_huber|sdv_only|{""alpha"":0.0001,""epsilon"":1.35}",4,2025020797,2026-01-22,actual_margin,1.0,0.1331379186326564,1.9.1,20260912,0.1331379186326564,0.0
margin,"margin|robust_huber|sdv_only|{""alpha"":0.0001,""epsilon"":1.35}",4,2025020798,2026-01-22,actual_margin,2.0,-0.486775610238682,1.9.1,20260912,-0.486775610238682,0.0
margin,"margin|robust_huber|sdv_only|{""alpha"":0.0001,""epsilon"":1.35}",4,2025020799,2026-01-22,actual_margin,-1.0,-0.4571787062508108,1.9.1,20260912,-0.4571787062508108,0.0
margin,"margin|robust_huber|sdv_only|{""alpha"":0.0001,""epsilon"":1.35}",4,2025020800,2026-01-22,actual_margin,-4.0,0.1926591661121541,1.9.1,20260912,0.19265916611215417,5.551115123125783e-17
margin,"margin|robust_huber|sdv_only|{""alpha"":0.0001,""epsilon"":1.35}",4,2025020801,2026-01-22,actual_margin,1.0,0.3612608192741896,1.9.1,20260912,0.3612608192741896,0.0
margin,"margin|robust_huber|sdv_only|{""alpha"":0.0001,""epsilon"":1.35}",4,2025020802,2026-01-23,actual_margin,-3.0,-0.5432952908581732,1.9.1,20260912,-0.5432952908581732,0.0
margin,"margin|robust_huber|sdv_only|{""alpha"":0.0001,""epsilon"":1.35}",4,2025020803,2026-01-23,actual_margin,-1.0,-1.1588717488953082,1.9.1,20260912,-1.1588717488953082,0.0
margin,"margin|robust_huber|sdv_only|{""alpha"":0.0001,""epsilon"":1.35}",4,2025020804,2026-01-23,actual_margin,1.0,0.4165603517571216,1.9.1,20260912,0.4165603517571216,0.0
margin,"margin|robust_huber|sdv_only|{""alpha"":0.0001,""epsilon"":1.35}",4,2025020805,2026-01-23,actual_margin,-4.0,1.2696224972550854,1.9.1,20260912,1.2696224972550854,0.0
margin,"margin|robust_huber|sdv_only|{""alpha"":0.0001,""epsilon"":1.35}",4,2025020806,2026-01-23,actual_margin,-2.0,-0.1945475366151872,1.9.1,20260912,-0.19454753661518728,8.326672684688674e-17
margin,"margin|robust_huber|sdv_only|{""alpha"":0.0001,""epsilon"":1.35}",4,2025020807,2026-01-23,actual_margin,-1.0,-0.298020178103218,1.9.1,20260912,-0.298020178103218,0.0
margin,"margin|robust_huber|sdv_only|{""alpha"":0.0001,""epsilon"":1.35}",4,2025020808,2026-01-23,actual_margin,2.0,-0.0357752422619739,1.9.1,20260912,-0.03577524226197393,2.7755575615628914e-17
margin,"margin|robust_huber|sdv_only|{""alpha"":0.0001,""epsilon"":1.35}",4,2025020809,2026-01-23,actual_margin,-2.0,-0.2930442547360593,1.9.1,20260912,-0.29304425473605933,5.551115123125783e-17
margin,"margin|robust_huber|sdv_only|{""alpha"":0.0001,""epsilon"":1.35}",4,2025020810,2026-01-24,actual_margin,-5.0,-0.1989684288908067,1.9.1,20260912,-0.19896842889080676,5.551115123125783e-17
margin,"margin|robust_huber|sdv_only|{""alpha"":0.0001,""epsilon"":1.35}",4,2025020811,2026-01-24,actual_margin,-3.0,-0.4124732820919234,1.9.1,20260912,-0.41247328209192347,5.551115123125783e-17
margin,"margin|robust_huber|sdv_only|{""alpha"":0.0001,""epsilon"":1.35}",4,2025020812,2026-01-24,actual_margin,1.0,-0.2682039594308261,1.9.1,20260912,-0.2682039594308261,0.0
margin,"margin|robust_huber|sdv_only|{""alpha"":0.0001,""epsilon"":1.35}",4,2025020813,2026-01-24,actual_margin,-3.0,-0.2661085822226104,1.9.1,20260912,-0.26610858222261047,5.551115123125783e-17
margin,"margin|robust_huber|sdv_only|{""alpha"":0.0001,""epsilon"":1.35}",4,2025020814,2026-01-24,actual_margin,3.0,-0.5698373137784795,1.9.1,20260912,-0.5698373137784795,0.0
margin,"margin|robust_huber|sdv_only|{""alpha"":0.0001,""epsilon"":1.35}",4,2025020815,2026-01-24,actual_margin,-4.0,0.0302920483234639,1.9.1,20260912,0.030292048323463938,3.8163916471489756e-17
margin,"margin|robust_huber|sdv_only|{""alpha"":0.0001,""epsilon"":1.35}",4,2025020816,2026-01-24,actual_margin,-1.0,-0.2644283119163593,1.9.1,20260912,-0.2644283119163593,0.0
margin,"margin|robust_huber|sdv_only|{""alpha"":0.0001,""epsilon"":1.35}",4,2025020817,2026-01-24,actual_margin,-1.0,-0.1763830672043422,1.9.1,20260912,-0.17638306720434224,5.551115123125783e-17
margin,"margin|robust_huber|sdv_only|{""alpha"":0.0001,""epsilon"":1.35}",4,2025020818,2026-01-24,actual_margin,1.0,0.175566423637406,1.9.1,20260912,0.17556642363740604,5.551115123125783e-17
margin,"margin|robust_huber|sdv_only|{""alpha"":0.0001,""epsilon"":1.35}",4,2025020819,2026-01-25,actual_margin,-3.0,-1.2073015494866937,1.9.1,20260912,-1.2073015494866937,0.0
margin,"margin|robust_huber|sdv_only|{""alpha"":0.0001,""epsilon"":1.35}",4,2025020820,2026-01-25,actual_margin,2.0,-0.2080491116689085,1.9.1,20260912,-0.20804911166890858,8.326672684688674e-17
margin,"margin|robust_huber|sdv_only|{""alpha"":0.0001,""epsilon"":1.35}",4,2025020821,2026-01-25,actual_margin,6.0,0.2586527139008143,1.9.1,20260912,0.25865271390081435,5.551115123125783e-17
margin,"margin|robust_huber|sdv_only|{""alpha"":0.0001,""epsilon"":1.35}",4,2025020822,2026-01-25,actual_margin,-1.0,-0.501576546721779,1.9.1,20260912,-0.501576546721779,0.0
margin,"margin|robust_huber|sdv_only|{""alpha"":0.0001,""epsilon"":1.35}",4,2025020823,2026-01-25,actual_margin,-4.0,-0.811185439522713,1.9.1,20260912,-0.811185439522713,0.0
margin,"margin|robust_huber|sdv_only|{""alpha"":0.0001,""epsilon"":1.35}",4,2025020824,2026-01-25,actual_margin,-1.0,-0.201197042079984,1.9.1,20260912,-0.20119704207998404,2.7755575615628914e-17
margin,"margin|robust_huber|sdv_only|{""alpha"":0.0001,""epsilon"":1.35}",4,2025020825,2026-01-26,actual_margin,2.0,0.4672311290557769,1.9.1,20260912,0.4672311290557769,0.0
margin,"margin|robust_huber|sdv_only|{""alpha"":0.0001,""epsilon"":1.35}",4,2025020826,2026-01-26,actual_margin,1.0,0.2737592566113663,1.9.1,20260912,0.27375925661136635,5.551115123125783e-17
margin,"margin|robust_huber|sdv_only|{""alpha"":0.0001,""epsilon"":1.35}",4,2025020827,2026-01-26,actual_margin,-4.0,0.6689460782811057,1.9.1,20260912,0.6689460782811057,0.0
margin,"margin|robust_huber|sdv_only|{""alpha"":0.0001,""epsilon"":1.35}",4,2025020829,2026-01-26,actual_margin,3.0,0.2713129221371242,1.9.1,20260912,0.27131292213712427,5.551115123125783e-17
margin,"margin|robust_huber|sdv_only|{""alpha"":0.0001,""epsilon"":1.35}",4,2025020830,2026-01-27,actual_margin,1.0,0.0991411014184565,1.9.1,20260912,0.09914110141845654,4.163336342344337e-17
margin,"margin|robust_huber|sdv_only|{""alpha"":0.0001,""epsilon"":1.35}",4,2025020831,2026-01-27,actual_margin,-3.0,-0.1399861040180671,1.9.1,20260912,-0.13998610401806713,2.7755575615628914e-17
margin,"margin|robust_huber|sdv_only|{""alpha"":0.0001,""epsilon"":1.35}",4,2025020832,2026-01-27,actual_margin,1.0,0.0043942005402951,1.9.1,20260912,0.004394200540295129,2.862293735361732e-17
margin,"margin|robust_huber|sdv_only|{""alpha"":0.0001,""epsilon"":1.35}",4,2025020833,2026-01-27,actual_margin,-2.0,-0.3588022429022643,1.9.1,20260912,-0.35880224290226437,5.551115123125783e-17
margin,"margin|robust_huber|sdv_only|{""alpha"":0.0001,""epsilon"":1.35}",4,2025020834,2026-01-27,actual_margin,-1.0,-0.00172061585985,1.9.1,20260912,-0.001720615859850061,6.093216209368535e-17
margin,"margin|robust_huber|sdv_only|{""alpha"":0.0001,""epsilon"":1.35}",4,2025020835,2026-01-27,actual_margin,-1.0,0.4156783228638593,1.9.1,20260912,0.4156783228638593,0.0
margin,"margin|robust_huber|sdv_only|{""alpha"":0.0001,""epsilon"":1.35}",4,2025020836,2026-01-27,actual_margin,-1.0,0.0120822977608219,1.9.1,20260912,0.012082297760821953,5.204170427930421e-17
margin,"margin|robust_huber|sdv_only|{""alpha"":0.0001,""epsilon"":1.35}",4,2025020837,2026-01-27,actual_margin,1.0,0.7706540771835362,1.9.1,20260912,0.7706540771835362,0.0
margin,"margin|robust_huber|sdv_only|{""alpha"":0.0001,""epsilon"":1.35}",4,2025020838,2026-01-27,actual_margin,-3.0,0.0150120120367725,1.9.1,20260912,0.01501201203677252,2.0816681711721685e-17
margin,"margin|robust_huber|sdv_only|{""alpha"":0.0001,""epsilon"":1.35}",4,2025020839,2026-01-27,actual_margin,4.0,-0.4342417466886127,1.9.1,20260912,-0.4342417466886127,0.0
margin,"margin|robust_huber|sdv_only|{""alpha"":0.0001,""epsilon"":1.35}",4,2025020840,2026-01-28,actual_margin,2.0,0.1273278416265767,1.9.1,20260912,0.12732784162657673,2.7755575615628914e-17
margin,"margin|robust_huber|sdv_only|{""alpha"":0.0001,""epsilon"":1.35}",4,2025020841,2026-01-28,actual_margin,3.0,-0.3819513834966327,1.9.1,20260912,-0.3819513834966327,0.0
margin,"margin|robust_huber|sdv_only|{""alpha"":0.0001,""epsilon"":1.35}",4,2025020842,2026-01-28,actual_margin,3.0,-0.057693324690573,1.9.1,20260912,-0.057693324690573033,3.469446951953614e-17
margin,"margin|robust_huber|sdv_only|{""alpha"":0.0001,""epsilon"":1.35}",4,2025020843,2026-01-29,actual_margin,3.0,-0.1112089998300148,1.9.1,20260912,-0.11120899983001484,4.163336342344337e-17
margin,"margin|robust_huber|sdv_only|{""alpha"":0.0001,""epsilon"":1.35}",4,2025020844,2026-01-29,actual_margin,3.0,-0.1632712676259941,1.9.1,20260912,-0.16327126762599417,8.326672684688674e-17
margin,"margin|robust_huber|sdv_only|{""alpha"":0.0001,""epsilon"":1.35}",4,2025020845,2026-01-29,actual_margin,4.0,-0.691185054034249,1.9.1,20260912,-0.691185054034249,0.0
margin,"margin|robust_huber|sdv_only|{""alpha"":0.0001,""epsilon"":1.35}",4,2025020846,2026-01-29,actual_margin,-1.0,-0.0356173440676846,1.9.1,20260912,-0.0356173440676846,0.0
margin,"margin|robust_huber|sdv_only|{""alpha"":0.0001,""epsilon"":1.35}",4,2025020847,2026-01-29,actual_margin,3.0,1.2065258539332295,1.9.1,20260912,1.2065258539332295,0.0
margin,"margin|robust_huber|sdv_only|{""alpha"":0.0001,""epsilon"":1.35}",4,2025020848,2026-01-29,actual_margin,1.0,0.1340897347457805,1.9.1,20260912,0.1340897347457805,0.0
margin,"margin|robust_huber|sdv_only|{""alpha"":0.0001,""epsilon"":1.35}",4,2025020849,2026-01-29,actual_margin,-1.0,0.4049100942881249,1.9.1,20260912,0.40491009428812497,5.551115123125783e-17
margin,"margin|robust_huber|sdv_only|{""alpha"":0.0001,""epsilon"":1.35}",4,2025020850,2026-01-29,actual_margin,4.0,0.8738662376679844,1.9.1,20260912,0.8738662376679844,0.0
margin,"margin|robust_huber|sdv_only|{""alpha"":0.0001,""epsilon"":1.35}",4,2025020851,2026-01-29,actual_margin,1.0,0.6157696692633972,1.9.1,20260912,0.6157696692633972,0.0
margin,"margin|robust_huber|sdv_only|{""alpha"":0.0001,""epsilon"":1.35}",4,2025020852,2026-01-29,actual_margin,1.0,-0.2119163963413704,1.9.1,20260912,-0.2119163963413704,0.0
margin,"margin|robust_huber|sdv_only|{""alpha"":0.0001,""epsilon"":1.35}",4,2025020853,2026-01-29,actual_margin,3.0,0.446892455175591,1.9.1,20260912,0.44689245517559106,5.551115123125783e-17
margin,"margin|robust_huber|sdv_only|{""alpha"":0.0001,""epsilon"":1.35}",4,2025020854,2026-01-29,actual_margin,1.0,0.6468838404732051,1.9.1,20260912,0.6468838404732051,0.0
margin,"margin|robust_huber|sdv_only|{""alpha"":0.0001,""epsilon"":1.35}",4,2025020855,2026-01-29,actual_margin,2.0,-0.4530253876330118,1.9.1,20260912,-0.4530253876330118,0.0
margin,"margin|robust_huber|sdv_only|{""alpha"":0.0001,""epsilon"":1.35}",4,2025020856,2026-01-29,actual_margin,-1.0,0.5211007512875699,1.9.1,20260912,0.5211007512875699,0.0
margin,"margin|robust_huber|sdv_only|{""alpha"":0.0001,""epsilon"":1.35}",4,2025020857,2026-01-29,actual_margin,3.0,0.0108276708121812,1.9.1,20260912,0.01082767081218125,5.0306980803327406e-17
margin,"margin|robust_huber|sdv_only|{""alpha"":0.0001,""epsilon"":1.35}",4,2025020858,2026-01-30,actual_margin,-2.0,-0.5133637226419973,1.9.1,20260912,-0.5133637226419973,0.0
margin,"margin|robust_huber|sdv_only|{""alpha"":0.0001,""epsilon"":1.35}",4,2025020859,2026-01-31,actual_margin,-1.0,-0.0906232284595669,1.9.1,20260912,-0.09062322845956691,1.3877787807814457e-17
margin,"margin|robust_huber|sdv_only|{""alpha"":0.0001,""epsilon"":1.35}",4,2025020860,2026-01-31,actual_margin,-5.0,-1.1001750749566337,1.9.1,20260912,-1.1001750749566337,0.0
margin,"margin|robust_huber|sdv_only|{""alpha"":0.0001,""epsilon"":1.35}",4,2025020861,2026-01-31,actual_margin,1.0,0.5178395315224176,1.9.1,20260912,0.5178395315224176,0.0
margin,"margin|robust_huber|sdv_only|{""alpha"":0.0001,""epsilon"":1.35}",4,2025020862,2026-01-31,actual_margin,-1.0,0.8399649305627339,1.9.1,20260912,0.8399649305627339,0.0
margin,"margin|robust_huber|sdv_only|{""alpha"":0.0001,""epsilon"":1.35}",4,2025020863,2026-01-31,actual_margin,1.0,0.2321015342515069,1.9.1,20260912,0.23210153425150698,8.326672684688674e-17
margin,"margin|robust_huber|sdv_only|{""alpha"":0.0001,""epsilon"":1.35}",4,2025020864,2026-01-31,actual_margin,1.0,-0.6750872563534993,1.9.1,20260912,-0.6750872563534993,0.0
margin,"margin|robust_huber|sdv_only|{""alpha"":0.0001,""epsilon"":1.35}",4,2025020865,2026-01-31,actual_margin,-2.0,-0.0437237475192927,1.9.1,20260912,-0.0437237475192927,0.0
margin,"margin|robust_huber|sdv_only|{""alpha"":0.0001,""epsilon"":1.35}",4,2025020866,2026-01-31,actual_margin,3.0,0.8808044601709603,1.9.1,20260912,0.8808044601709603,0.0
margin,"margin|robust_huber|sdv_only|{""alpha"":0.0001,""epsilon"":1.35}",4,2025020867,2026-01-31,actual_margin,-1.0,-0.1381898274849995,1.9.1,20260912,-0.1381898274849995,0.0
margin,"margin|robust_huber|sdv_only|{""alpha"":0.0001,""epsilon"":1.35}",4,2025020868,2026-01-31,actual_margin,-2.0,0.0855381829410254,1.9.1,20260912,0.08553818294102546,5.551115123125783e-17
margin,"margin|robust_huber|sdv_only|{""alpha"":0.0001,""epsilon"":1.35}",4,2025020869,2026-01-31,actual_margin,-1.0,-0.182123770884206,1.9.1,20260912,-0.18212377088420603,2.7755575615628914e-17
margin,"margin|robust_huber|sdv_only|{""alpha"":0.0001,""epsilon"":1.35}",4,2025020870,2026-01-31,actual_margin,-1.0,0.5918828870439059,1.9.1,20260912,0.5918828870439059,0.0
margin,"margin|robust_huber|sdv_only|{""alpha"":0.0001,""epsilon"":1.35}",4,2025020871,2026-01-31,actual_margin,-4.0,0.3727094026481495,1.9.1,20260912,0.37270940264814956,5.551115123125783e-17
margin,"margin|robust_huber|sdv_only|{""alpha"":0.0001,""epsilon"":1.35}",4,2025020872,2026-01-31,actual_margin,-1.0,1.0844824862693117,1.9.1,20260912,1.0844824862693117,0.0
margin,"margin|robust_huber|sdv_only|{""alpha"":0.0001,""epsilon"":1.35}",4,2025020873,2026-02-01,actual_margin,1.0,1.0877760424452516,1.9.1,20260912,1.0877760424452516,0.0
margin,"margin|robust_huber|sdv_only|{""alpha"":0.0001,""epsilon"":1.35}",4,2025020874,2026-02-01,actual_margin,1.0,0.6978597765842445,1.9.1,20260912,0.6978597765842445,0.0
margin,"margin|robust_huber|sdv_only|{""alpha"":0.0001,""epsilon"":1.35}",4,2025020875,2026-02-01,actual_margin,1.0,-0.1706001061079566,1.9.1,20260912,-0.17060010610795664,5.551115123125783e-17
margin,"margin|robust_huber|sdv_only|{""alpha"":0.0001,""epsilon"":1.35}",4,2025020876,2026-02-02,actual_margin,-2.0,0.4486914091825771,1.9.1,20260912,0.4486914091825771,0.0
margin,"margin|robust_huber|sdv_only|{""alpha"":0.0001,""epsilon"":1.35}",4,2025020877,2026-02-02,actual_margin,-1.0,-0.245536484472023,1.9.1,20260912,-0.24553648447202306,5.551115123125783e-17
margin,"margin|robust_huber|sdv_only|{""alpha"":0.0001,""epsilon"":1.35}",4,2025020878,2026-02-02,actual_margin,3.0,0.7669880380860288,1.9.1,20260912,0.7669880380860288,0.0
margin,"margin|robust_huber|sdv_only|{""alpha"":0.0001,""epsilon"":1.35}",4,2025020879,2026-02-02,actual_margin,1.0,-0.163985376747281,1.9.1,20260912,-0.16398537674728106,5.551115123125783e-17
margin,"margin|robust_huber|sdv_only|{""alpha"":0.0001,""epsilon"":1.35}",4,2025020880,2026-02-02,actual_margin,1.0,0.2292307109958075,1.9.1,20260912,0.2292307109958075,0.0
margin,"margin|robust_huber|sdv_only|{""alpha"":0.0001,""epsilon"":1.35}",4,2025020881,2026-02-02,actual_margin,3.0,-0.0603269991945959,1.9.1,20260912,-0.06032699919459597,6.938893903907228e-17
margin,"margin|robust_huber|sdv_only|{""alpha"":0.0001,""epsilon"":1.35}",4,2025020882,2026-02-02,actual_margin,1.0,0.5995433880023104,1.9.1,20260912,0.5995433880023104,0.0
margin,"margin|robust_huber|sdv_only|{""alpha"":0.0001,""epsilon"":1.35}",4,2025020883,2026-02-02,actual_margin,-2.0,1.4527157753766775,1.9.1,20260912,1.4527157753766775,0.0
margin,"margin|robust_huber|sdv_only|{""alpha"":0.0001,""epsilon"":1.35}",4,2025020884,2026-02-02,actual_margin,4.0,1.3848054019692986,1.9.1,20260912,1.3848054019692986,0.0
margin,"margin|robust_huber|sdv_only|{""alpha"":0.0001,""epsilon"":1.35}",4,2025020885,2026-02-02,actual_margin,-2.0,0.0724294492878873,1.9.1,20260912,0.07242944928788739,8.326672684688674e-17
margin,"margin|robust_huber|sdv_only|{""alpha"":0.0001,""epsilon"":1.35}",4,2025020886,2026-02-03,actual_margin,1.0,0.7958147291177223,1.9.1,20260912,0.7958147291177223,0.0
margin,"margin|robust_huber|sdv_only|{""alpha"":0.0001,""epsilon"":1.35}",4,2025020887,2026-02-03,actual_margin,-3.0,0.0073430304659297,1.9.1,20260912,0.00734303046592974,3.9898639947466563e-17
margin,"margin|robust_huber|sdv_only|{""alpha"":0.0001,""epsilon"":1.35}",4,2025020888,2026-02-03,actual_margin,1.0,-0.3965492076649818,1.9.1,20260912,-0.3965492076649818,0.0
margin,"margin|robust_huber|sdv_only|{""alpha"":0.0001,""epsilon"":1.35}",4,2025020889,2026-02-03,actual_margin,2.0,0.2041400894653498,1.9.1,20260912,0.20414008946534987,5.551115123125783e-17
margin,"margin|robust_huber|sdv_only|{""alpha"":0.0001,""epsilon"":1.35}",4,2025020890,2026-02-03,actual_margin,1.0,0.4612151443095301,1.9.1,20260912,0.46121514430953015,5.551115123125783e-17
margin,"margin|robust_huber|sdv_only|{""alpha"":0.0001,""epsilon"":1.35}",4,2025020891,2026-02-03,actual_margin,-3.0,0.4910410071950458,1.9.1,20260912,0.49104100719504584,5.551115123125783e-17
margin,"margin|robust_huber|sdv_only|{""alpha"":0.0001,""epsilon"":1.35}",4,2025020892,2026-02-03,actual_margin,2.0,0.6685574566828011,1.9.1,20260912,0.6685574566828011,0.0
margin,"margin|robust_huber|sdv_only|{""alpha"":0.0001,""epsilon"":1.35}",4,2025020893,2026-02-04,actual_margin,1.0,0.6832906689941696,1.9.1,20260912,0.6832906689941696,0.0
margin,"margin|robust_huber|sdv_only|{""alpha"":0.0001,""epsilon"":1.35}",4,2025020894,2026-02-04,actual_margin,4.0,0.9239298741564368,1.9.1,20260912,0.9239298741564368,0.0
margin,"margin|robust_huber|sdv_only|{""alpha"":0.0001,""epsilon"":1.35}",4,2025020895,2026-02-04,actual_margin,-4.0,-0.3342622455201998,1.9.1,20260912,-0.3342622455201998,0.0
margin,"margin|robust_huber|sdv_only|{""alpha"":0.0001,""epsilon"":1.35}",4,2025020896,2026-02-04,actual_margin,-1.0,0.2611014995933663,1.9.1,20260912,0.26110149959336637,5.551115123125783e-17
margin,"margin|robust_huber|sdv_only|{""alpha"":0.0001,""epsilon"":1.35}",4,2025020897,2026-02-04,actual_margin,2.0,1.688436557649866,1.9.1,20260912,1.6884365576498659,2.220446049250313e-16
margin,"margin|robust_huber|sdv_only|{""alpha"":0.0001,""epsilon"":1.35}",4,2025020898,2026-02-04,actual_margin,3.0,0.751507846373835,1.9.1,20260912,0.751507846373835,0.0
margin,"margin|robust_huber|sdv_only|{""alpha"":0.0001,""epsilon"":1.35}",4,2025020899,2026-02-04,actual_margin,1.0,0.3742735757739479,1.9.1,20260912,0.37427357577394793,5.551115123125783e-17
margin,"margin|robust_huber|sdv_only|{""alpha"":0.0001,""epsilon"":1.35}",4,2025020900,2026-02-04,actual_margin,1.0,-0.2069230933012155,1.9.1,20260912,-0.20692309330121553,2.7755575615628914e-17
margin,"margin|robust_huber|sdv_only|{""alpha"":0.0001,""epsilon"":1.35}",4,2025020901,2026-02-04,actual_margin,3.0,1.2501134486785932,1.9.1,20260912,1.2501134486785932,0.0
margin,"margin|robust_huber|sdv_only|{""alpha"":0.0001,""epsilon"":1.35}",4,2025020902,2026-02-04,actual_margin,-2.0,1.0556059901301156,1.9.1,20260912,1.0556059901301156,0.0
margin,"margin|robust_huber|sdv_only|{""alpha"":0.0001,""epsilon"":1.35}",4,2025020903,2026-02-05,actual_margin,-3.0,0.0189837504126423,1.9.1,20260912,0.018983750412642303,3.469446951953614e-18
margin,"margin|robust_huber|sdv_only|{""alpha"":0.0001,""epsilon"":1.35}",4,2025020904,2026-02-05,actual_margin,5.0,0.5401239037851874,1.9.1,20260912,0.5401239037851874,0.0
margin,"margin|robust_huber|sdv_only|{""alpha"":0.0001,""epsilon"":1.35}",4,2025020905,2026-02-05,actual_margin,-2.0,0.4804548802186017,1.9.1,20260912,0.4804548802186017,0.0
margin,"margin|robust_huber|sdv_only|{""alpha"":0.0001,""epsilon"":1.35}",4,2025020906,2026-02-05,actual_margin,-2.0,-0.9138587591139486,1.9.1,20260912,-0.9138587591139486,0.0
margin,"margin|robust_huber|sdv_only|{""alpha"":0.0001,""epsilon"":1.35}",4,2025020907,2026-02-05,actual_margin,-1.0,-0.3744447260963518,1.9.1,20260912,-0.3744447260963518,0.0
margin,"margin|robust_huber|sdv_only|{""alpha"":0.0001,""epsilon"":1.35}",4,2025020908,2026-02-05,actual_margin,2.0,0.3617007425664936,1.9.1,20260912,0.36170074256649365,5.551115123125783e-17
margin,"margin|robust_huber|sdv_only|{""alpha"":0.0001,""epsilon"":1.35}",4,2025020909,2026-02-05,actual_margin,3.0,0.2342102877019881,1.9.1,20260912,0.2342102877019881,0.0
margin,"margin|robust_huber|sdv_only|{""alpha"":0.0001,""epsilon"":1.35}",5,2025020828,2026-03-09,actual_margin,-1.0,0.0459956610688974,1.9.1,20260912,0.04599566106889744,3.469446951953614e-17
margin,"margin|robust_huber|sdv_only|{""alpha"":0.0001,""epsilon"":1.35}",5,2025020910,2026-02-25,actual_margin,-1.0,-0.0284116923115601,1.9.1,20260912,-0.028411692311560183,8.326672684688674e-17
margin,"margin|robust_huber|sdv_only|{""alpha"":0.0001,""epsilon"":1.35}",5,2025020911,2026-02-25,actual_margin,2.0,0.1129150770659919,1.9.1,20260912,0.11291507706599199,9.71445146547012e-17
margin,"margin|robust_huber|sdv_only|{""alpha"":0.0001,""epsilon"":1.35}",5,2025020912,2026-02-25,actual_margin,2.0,1.0909178448395376,1.9.1,20260912,1.0909178448395376,0.0
margin,"margin|robust_huber|sdv_only|{""alpha"":0.0001,""epsilon"":1.35}",5,2025020913,2026-02-25,actual_margin,3.0,0.8392403094787331,1.9.1,20260912,0.8392403094787331,0.0
margin,"margin|robust_huber|sdv_only|{""alpha"":0.0001,""epsilon"":1.35}",5,2025020914,2026-02-25,actual_margin,-2.0,-0.565640754431552,1.9.1,20260912,-0.565640754431552,0.0
margin,"margin|robust_huber|sdv_only|{""alpha"":0.0001,""epsilon"":1.35}",5,2025020915,2026-02-25,actual_margin,-1.0,-0.2794072889681344,1.9.1,20260912,-0.2794072889681344,0.0
margin,"margin|robust_huber|sdv_only|{""alpha"":0.0001,""epsilon"":1.35}",5,2025020916,2026-02-25,actual_margin,-2.0,0.1104613241642973,1.9.1,20260912,0.11046132416429733,2.7755575615628914e-17
margin,"margin|robust_huber|sdv_only|{""alpha"":0.0001,""epsilon"":1.35}",5,2025020917,2026-02-25,actual_margin,1.0,0.0975340330977007,1.9.1,20260912,0.0975340330977007,0.0
margin,"margin|robust_huber|sdv_only|{""alpha"":0.0001,""epsilon"":1.35}",5,2025020918,2026-02-26,actual_margin,2.0,-0.0719942019677182,1.9.1,20260912,-0.07199420196771822,1.3877787807814457e-17
margin,"margin|robust_huber|sdv_only|{""alpha"":0.0001,""epsilon"":1.35}",5,2025020919,2026-02-26,actual_margin,-1.0,0.8596003546775537,1.9.1,20260912,0.8596003546775537,0.0
margin,"margin|robust_huber|sdv_only|{""alpha"":0.0001,""epsilon"":1.35}",5,2025020920,2026-02-26,actual_margin,-1.0,1.0185752022982557,1.9.1,20260912,1.0185752022982557,0.0
margin,"margin|robust_huber|sdv_only|{""alpha"":0.0001,""epsilon"":1.35}",5,2025020921,2026-02-26,actual_margin,4.0,0.8047984916882562,1.9.1,20260912,0.8047984916882562,0.0
margin,"margin|robust_huber|sdv_only|{""alpha"":0.0001,""epsilon"":1.35}",5,2025020922,2026-02-26,actual_margin,3.0,0.5906782238331489,1.9.1,20260912,0.5906782238331489,0.0
margin,"margin|robust_huber|sdv_only|{""alpha"":0.0001,""epsilon"":1.35}",5,2025020923,2026-02-26,actual_margin,1.0,0.4531320736028041,1.9.1,20260912,0.45313207360280416,5.551115123125783e-17
margin,"margin|robust_huber|sdv_only|{""alpha"":0.0001,""epsilon"":1.35}",5,2025020924,2026-02-26,actual_margin,-1.0,-0.2168618880916533,1.9.1,20260912,-0.2168618880916533,0.0
margin,"margin|robust_huber|sdv_only|{""alpha"":0.0001,""epsilon"":1.35}",5,2025020925,2026-02-26,actual_margin,4.0,0.6496354407560139,1.9.1,20260912,0.6496354407560139,0.0
margin,"margin|robust_huber|sdv_only|{""alpha"":0.0001,""epsilon"":1.35}",5,2025020926,2026-02-26,actual_margin,2.0,0.8988030279672359,1.9.1,20260912,0.8988030279672359,0.0
margin,"margin|robust_huber|sdv_only|{""alpha"":0.0001,""epsilon"":1.35}",5,2025020927,2026-02-26,actual_margin,-3.0,1.454155419038984,1.9.1,20260912,1.454155419038984,0.0
margin,"margin|robust_huber|sdv_only|{""alpha"":0.0001,""epsilon"":1.35}",5,2025020928,2026-02-26,actual_margin,-3.0,-0.0015760099619683,1.9.1,20260912,-0.0015760099619683277,2.7755575615628914e-17
margin,"margin|robust_huber|sdv_only|{""alpha"":0.0001,""epsilon"":1.35}",5,2025020929,2026-02-26,actual_margin,-7.0,0.4004125414835229,1.9.1,20260912,0.4004125414835229,0.0
margin,"margin|robust_huber|sdv_only|{""alpha"":0.0001,""epsilon"":1.35}",5,2025020930,2026-02-27,actual_margin,-1.0,0.5100278699117233,1.9.1,20260912,0.5100278699117233,0.0
margin,"margin|robust_huber|sdv_only|{""alpha"":0.0001,""epsilon"":1.35}",5,2025020931,2026-02-27,actual_margin,1.0,-0.2176645154159239,1.9.1,20260912,-0.21766451541592396,5.551115123125783e-17
margin,"margin|robust_huber|sdv_only|{""alpha"":0.0001,""epsilon"":1.35}",5,2025020932,2026-02-27,actual_margin,3.0,0.7091220227179116,1.9.1,20260912,0.7091220227179116,0.0
margin,"margin|robust_huber|sdv_only|{""alpha"":0.0001,""epsilon"":1.35}",5,2025020933,2026-02-27,actual_margin,1.0,0.3977612462106455,1.9.1,20260912,0.39776124621064557,5.551115123125783e-17
margin,"margin|robust_huber|sdv_only|{""alpha"":0.0001,""epsilon"":1.35}",5,2025020934,2026-02-28,actual_margin,1.0,-0.2921104727672832,1.9.1,20260912,-0.2921104727672832,0.0
margin,"margin|robust_huber|sdv_only|{""alpha"":0.0001,""epsilon"":1.35}",5,2025020935,2026-02-28,actual_margin,2.0,0.5121916757965705,1.9.1,20260912,0.5121916757965705,0.0
margin,"margin|robust_huber|sdv_only|{""alpha"":0.0001,""epsilon"":1.35}",5,2025020936,2026-02-28,actual_margin,1.0,-0.5157203394885517,1.9.1,20260912,-0.5157203394885517,0.0
margin,"margin|robust_huber|sdv_only|{""alpha"":0.0001,""epsilon"":1.35}",5,2025020937,2026-02-28,actual_margin,-1.0,0.719742193209107,1.9.1,20260912,0.719742193209107,0.0
margin,"margin|robust_huber|sdv_only|{""alpha"":0.0001,""epsilon"":1.35}",5,2025020938,2026-02-28,actual_margin,2.0,2.163183290112241,1.9.1,20260912,2.163183290112241,0.0
margin,"margin|robust_huber|sdv_only|{""alpha"":0.0001,""epsilon"":1.35}",5,2025020939,2026-02-28,actual_margin,-3.0,-0.8846011988091174,1.9.1,20260912,-0.8846011988091174,0.0
margin,"margin|robust_huber|sdv_only|{""alpha"":0.0001,""epsilon"":1.35}",5,2025020940,2026-02-28,actual_margin,4.0,0.271769531220028,1.9.1,20260912,0.27176953122002806,5.551115123125783e-17
margin,"margin|robust_huber|sdv_only|{""alpha"":0.0001,""epsilon"":1.35}",5,2025020941,2026-02-28,actual_margin,-4.0,0.8243197045318611,1.9.1,20260912,0.8243197045318611,0.0
margin,"margin|robust_huber|sdv_only|{""alpha"":0.0001,""epsilon"":1.35}",5,2025020942,2026-02-28,actual_margin,3.0,1.2668552995810072,1.9.1,20260912,1.2668552995810072,0.0
margin,"margin|robust_huber|sdv_only|{""alpha"":0.0001,""epsilon"":1.35}",5,2025020943,2026-02-28,actual_margin,-2.0,0.3312057856165725,1.9.1,20260912,0.3312057856165725,0.0
margin,"margin|robust_huber|sdv_only|{""alpha"":0.0001,""epsilon"":1.35}",5,2025020944,2026-02-28,actual_margin,2.0,0.8033567132994568,1.9.1,20260912,0.8033567132994568,0.0
margin,"margin|robust_huber|sdv_only|{""alpha"":0.0001,""epsilon"":1.35}",5,2025020945,2026-02-28,actual_margin,1.0,0.3360428680616971,1.9.1,20260912,0.33604286806169714,5.551115123125783e-17
margin,"margin|robust_huber|sdv_only|{""alpha"":0.0001,""epsilon"":1.35}",5,2025020946,2026-02-28,actual_margin,4.0,0.3921494779936476,1.9.1,20260912,0.39214947799364763,5.551115123125783e-17
margin,"margin|robust_huber|sdv_only|{""alpha"":0.0001,""epsilon"":1.35}",5,2025020947,2026-03-01,actual_margin,5.0,-0.1822240846714486,1.9.1,20260912,-0.18222408467144868,8.326672684688674e-17
margin,"margin|robust_huber|sdv_only|{""alpha"":0.0001,""epsilon"":1.35}",5,2025020948,2026-03-01,actual_margin,1.0,-0.643316452684221,1.9.1,20260912,-0.643316452684221,0.0
margin,"margin|robust_huber|sdv_only|{""alpha"":0.0001,""epsilon"":1.35}",5,2025020949,2026-03-01,actual_margin,-4.0,1.4239653968402812,1.9.1,20260912,1.4239653968402812,0.0
margin,"margin|robust_huber|sdv_only|{""alpha"":0.0001,""epsilon"":1.35}",5,2025020950,2026-03-01,actual_margin,1.0,-0.0103009420374706,1.9.1,20260912,-0.010300942037470617,1.734723475976807e-17
margin,"margin|robust_huber|sdv_only|{""alpha"":0.0001,""epsilon"":1.35}",5,2025020951,2026-03-01,actual_margin,-2.0,0.192251038036347,1.9.1,20260912,0.19225103803634702,2.7755575615628914e-17
margin,"margin|robust_huber|sdv_only|{""alpha"":0.0001,""epsilon"":1.35}",5,2025020952,2026-03-01,actual_margin,1.0,0.4161622412503971,1.9.1,20260912,0.41616224125039714,5.551115123125783e-17
margin,"margin|robust_huber|sdv_only|{""alpha"":0.0001,""epsilon"":1.35}",5,2025020953,2026-03-02,actual_margin,-1.0,-0.1756299429255187,1.9.1,20260912,-0.1756299429255187,0.0
margin,"margin|robust_huber|sdv_only|{""alpha"":0.0001,""epsilon"":1.35}",5,2025020954,2026-03-02,actual_margin,-1.0,-0.2729436927401,1.9.1,20260912,-0.2729436927401,0.0
margin,"margin|robust_huber|sdv_only|{""alpha"":0.0001,""epsilon"":1.35}",5,2025020955,2026-03-02,actual_margin,-2.0,0.2535134210852987,1.9.1,20260912,0.2535134210852987,0.0
margin,"margin|robust_huber|sdv_only|{""alpha"":0.0001,""epsilon"":1.35}",5,2025020956,2026-03-02,actual_margin,-5.0,-0.8218578444099967,1.9.1,20260912,-0.8218578444099967,0.0
margin,"margin|robust_huber|sdv_only|{""alpha"":0.0001,""epsilon"":1.35}",5,2025020957,2026-03-02,actual_margin,1.0,-1.3984294463912756,1.9.1,20260912,-1.3984294463912756,0.0
margin,"margin|robust_huber|sdv_only|{""alpha"":0.0001,""epsilon"":1.35}",5,2025020958,2026-03-02,actual_margin,-2.0,-0.7485011843877392,1.9.1,20260912,-0.7485011843877392,0.0
margin,"margin|robust_huber|sdv_only|{""alpha"":0.0001,""epsilon"":1.35}",5,2025020959,2026-03-03,actual_margin,1.0,-0.2194058550755115,1.9.1,20260912,-0.21940585507551158,8.326672684688674e-17
margin,"margin|robust_huber|sdv_only|{""alpha"":0.0001,""epsilon"":1.35}",5,2025020960,2026-03-03,actual_margin,1.0,-0.3026484356103732,1.9.1,20260912,-0.3026484356103732,0.0
margin,"margin|robust_huber|sdv_only|{""alpha"":0.0001,""epsilon"":1.35}",5,2025020961,2026-03-03,actual_margin,4.0,-0.3554869503142435,1.9.1,20260912,-0.35548695031424354,5.551115123125783e-17
margin,"margin|robust_huber|sdv_only|{""alpha"":0.0001,""epsilon"":1.35}",5,2025020962,2026-03-03,actual_margin,-1.0,-0.2445079546949418,1.9.1,20260912,-0.2445079546949418,0.0
margin,"margin|robust_huber|sdv_only|{""alpha"":0.0001,""epsilon"":1.35}",5,2025020963,2026-03-03,actual_margin,1.0,0.3025627059587774,1.9.1,20260912,0.3025627059587774,0.0
margin,"margin|robust_huber|sdv_only|{""alpha"":0.0001,""epsilon"":1.35}",5,2025020964,2026-03-03,actual_margin,1.0,0.6126216248182741,1.9.1,20260912,0.6126216248182741,0.0
margin,"margin|robust_huber|sdv_only|{""alpha"":0.0001,""epsilon"":1.35}",5,2025020965,2026-03-03,actual_margin,-5.0,-0.4184970737147729,1.9.1,20260912,-0.4184970737147729,0.0
margin,"margin|robust_huber|sdv_only|{""alpha"":0.0001,""epsilon"":1.35}",5,2025020966,2026-03-03,actual_margin,1.0,-0.489262598752021,1.9.1,20260912,-0.489262598752021,0.0
margin,"margin|robust_huber|sdv_only|{""alpha"":0.0001,""epsilon"":1.35}",5,2025020967,2026-03-03,actual_margin,4.0,-0.6264781402024409,1.9.1,20260912,-0.6264781402024409,0.0
margin,"margin|robust_huber|sdv_only|{""alpha"":0.0001,""epsilon"":1.35}",5,2025020968,2026-03-03,actual_margin,-4.0,-1.2145418132970829,1.9.1,20260912,-1.2145418132970829,0.0
margin,"margin|robust_huber|sdv_only|{""alpha"":0.0001,""epsilon"":1.35}",5,2025020969,2026-03-03,actual_margin,2.0,-0.4157961103465662,1.9.1,20260912,-0.4157961103465662,0.0
margin,"margin|robust_huber|sdv_only|{""alpha"":0.0001,""epsilon"":1.35}",5,2025020970,2026-03-04,actual_margin,-1.0,-0.520788631608208,1.9.1,20260912,-0.520788631608208,0.0
margin,"margin|robust_huber|sdv_only|{""alpha"":0.0001,""epsilon"":1.35}",5,2025020971,2026-03-04,actual_margin,1.0,0.3044881946375327,1.9.1,20260912,0.3044881946375327,0.0
margin,"margin|robust_huber|sdv_only|{""alpha"":0.0001,""epsilon"":1.35}",5,2025020972,2026-03-04,actual_margin,-2.0,-1.7239105150481702,1.9.1,20260912,-1.7239105150481702,0.0
margin,"margin|robust_huber|sdv_only|{""alpha"":0.0001,""epsilon"":1.35}",5,2025020973,2026-03-04,actual_margin,4.0,0.5700681303760826,1.9.1,20260912,0.5700681303760826,0.0
margin,"margin|robust_huber|sdv_only|{""alpha"":0.0001,""epsilon"":1.35}",5,2025020974,2026-03-04,actual_margin,-1.0,-0.3195253833023777,1.9.1,20260912,-0.3195253833023777,0.0
margin,"margin|robust_huber|sdv_only|{""alpha"":0.0001,""epsilon"":1.35}",5,2025020975,2026-03-05,actual_margin,4.0,0.2722254439226154,1.9.1,20260912,0.2722254439226154,0.0
margin,"margin|robust_huber|sdv_only|{""alpha"":0.0001,""epsilon"":1.35}",5,2025020976,2026-03-05,actual_margin,-3.0,-0.2245251759265386,1.9.1,20260912,-0.22452517592653864,5.551115123125783e-17
margin,"margin|robust_huber|sdv_only|{""alpha"":0.0001,""epsilon"":1.35}",5,2025020977,2026-03-05,actual_margin,-4.0,0.2417587377052995,1.9.1,20260912,0.2417587377052995,0.0
margin,"margin|robust_huber|sdv_only|{""alpha"":0.0001,""epsilon"":1.35}",5,2025020978,2026-03-05,actual_margin,2.0,-0.085884834858916,1.9.1,20260912,-0.08588483485891601,1.3877787807814457e-17
margin,"margin|robust_huber|sdv_only|{""alpha"":0.0001,""epsilon"":1.35}",5,2025020979,2026-03-05,actual_margin,3.0,0.3751446290316289,1.9.1,20260912,0.37514462903162893,5.551115123125783e-17
margin,"margin|robust_huber|sdv_only|{""alpha"":0.0001,""epsilon"":1.35}",5,2025020980,2026-03-05,actual_margin,3.0,-0.8873581336941507,1.9.1,20260912,-0.8873581336941507,0.0
margin,"margin|robust_huber|sdv_only|{""alpha"":0.0001,""epsilon"":1.35}",5,2025020981,2026-03-05,actual_margin,-3.0,-0.9194745116644164,1.9.1,20260912,-0.9194745116644163,1.1102230246251565e-16
margin,"margin|robust_huber|sdv_only|{""alpha"":0.0001,""epsilon"":1.35}",5,2025020982,2026-03-05,actual_margin,2.0,0.9195748913965374,1.9.1,20260912,0.9195748913965374,0.0
margin,"margin|robust_huber|sdv_only|{""alpha"":0.0001,""epsilon"":1.35}",5,2025020983,2026-03-06,actual_margin,-2.0,-0.3825038164674466,1.9.1,20260912,-0.38250381646744663,5.551115123125783e-17
margin,"margin|robust_huber|sdv_only|{""alpha"":0.0001,""epsilon"":1.35}",5,2025020984,2026-03-06,actual_margin,-1.0,-0.832061521448028,1.9.1,20260912,-0.832061521448028,0.0
margin,"margin|robust_huber|sdv_only|{""alpha"":0.0001,""epsilon"":1.35}",5,2025020985,2026-03-06,actual_margin,-3.0,0.2785592816334451,1.9.1,20260912,0.2785592816334451,0.0
margin,"margin|robust_huber|sdv_only|{""alpha"":0.0001,""epsilon"":1.35}",5,2025020986,2026-03-06,actual_margin,-3.0,-0.6882812693707969,1.9.1,20260912,-0.6882812693707969,0.0
margin,"margin|robust_huber|sdv_only|{""alpha"":0.0001,""epsilon"":1.35}",5,2025020987,2026-03-06,actual_margin,1.0,-0.0457265697308499,1.9.1,20260912,-0.0457265697308499,0.0
margin,"margin|robust_huber|sdv_only|{""alpha"":0.0001,""epsilon"":1.35}",5,2025020988,2026-03-06,actual_margin,-2.0,0.7442024442457917,1.9.1,20260912,0.7442024442457917,0.0
margin,"margin|robust_huber|sdv_only|{""alpha"":0.0001,""epsilon"":1.35}",5,2025020989,2026-03-06,actual_margin,-1.0,-0.1391010632129179,1.9.1,20260912,-0.13910106321291793,2.7755575615628914e-17
margin,"margin|robust_huber|sdv_only|{""alpha"":0.0001,""epsilon"":1.35}",5,2025020990,2026-03-07,actual_margin,2.0,-0.1461707358443089,1.9.1,20260912,-0.1461707358443089,0.0
margin,"margin|robust_huber|sdv_only|{""alpha"":0.0001,""epsilon"":1.35}",5,2025020991,2026-03-07,actual_margin,3.0,0.2834374921749871,1.9.1,20260912,0.28343749217498715,5.551115123125783e-17
margin,"margin|robust_huber|sdv_only|{""alpha"":0.0001,""epsilon"":1.35}",5,2025020992,2026-03-07,actual_margin,1.0,0.2855384726328518,1.9.1,20260912,0.2855384726328518,0.0
margin,"margin|robust_huber|sdv_only|{""alpha"":0.0001,""epsilon"":1.35}",5,2025020993,2026-03-07,actual_margin,-1.0,0.2040617687313982,1.9.1,20260912,0.20406176873139828,8.326672684688674e-17
margin,"margin|robust_huber|sdv_only|{""alpha"":0.0001,""epsilon"":1.35}",5,2025020994,2026-03-07,actual_margin,-3.0,-0.8622565131220787,1.9.1,20260912,-0.8622565131220787,0.0
margin,"margin|robust_huber|sdv_only|{""alpha"":0.0001,""epsilon"":1.35}",5,2025020995,2026-03-07,actual_margin,-1.0,-0.2388561332618721,1.9.1,20260912,-0.2388561332618721,0.0
margin,"margin|robust_huber|sdv_only|{""alpha"":0.0001,""epsilon"":1.35}",5,2025020996,2026-03-07,actual_margin,1.0,0.7802239965366979,1.9.1,20260912,0.7802239965366979,0.0
margin,"margin|robust_huber|sdv_only|{""alpha"":0.0001,""epsilon"":1.35}",5,2025020997,2026-03-07,actual_margin,-1.0,0.2542259578664056,1.9.1,20260912,0.25422595786640567,5.551115123125783e-17
margin,"margin|robust_huber|sdv_only|{""alpha"":0.0001,""epsilon"":1.35}",5,2025020998,2026-03-07,actual_margin,1.0,-1.215072557961509,1.9.1,20260912,-1.215072557961509,0.0
margin,"margin|robust_huber|sdv_only|{""alpha"":0.0001,""epsilon"":1.35}",5,2025020999,2026-03-07,actual_margin,-1.0,0.2228209587817661,1.9.1,20260912,0.2228209587817661,0.0
margin,"margin|robust_huber|sdv_only|{""alpha"":0.0001,""epsilon"":1.35}",5,2025021000,2026-03-07,actual_margin,-3.0,-1.1540478421953697,1.9.1,20260912,-1.1540478421953697,0.0
margin,"margin|robust_huber|sdv_only|{""alpha"":0.0001,""epsilon"":1.35}",5,2025021001,2026-03-08,actual_margin,1.0,1.4706573635719724,1.9.1,20260912,1.4706573635719724,0.0
margin,"margin|robust_huber|sdv_only|{""alpha"":0.0001,""epsilon"":1.35}",5,2025021002,2026-03-08,actual_margin,1.0,0.5468516694363801,1.9.1,20260912,0.5468516694363801,0.0
margin,"margin|robust_huber|sdv_only|{""alpha"":0.0001,""epsilon"":1.35}",5,2025021003,2026-03-08,actual_margin,1.0,-0.4185841576665663,1.9.1,20260912,-0.41858415766656637,5.551115123125783e-17
margin,"margin|robust_huber|sdv_only|{""alpha"":0.0001,""epsilon"":1.35}",5,2025021004,2026-03-08,actual_margin,1.0,1.2179672399128745,1.9.1,20260912,1.2179672399128745,0.0
margin,"margin|robust_huber|sdv_only|{""alpha"":0.0001,""epsilon"":1.35}",5,2025021005,2026-03-08,actual_margin,-3.0,0.2066668548111576,1.9.1,20260912,0.20666685481115762,2.7755575615628914e-17
margin,"margin|robust_huber|sdv_only|{""alpha"":0.0001,""epsilon"":1.35}",5,2025021006,2026-03-08,actual_margin,-4.0,0.2152985542918588,1.9.1,20260912,0.21529855429185887,8.326672684688674e-17
margin,"margin|robust_huber|sdv_only|{""alpha"":0.0001,""epsilon"":1.35}",5,2025021007,2026-03-08,actual_margin,-2.0,0.5250102907067007,1.9.1,20260912,0.5250102907067007,0.0
margin,"margin|robust_huber|sdv_only|{""alpha"":0.0001,""epsilon"":1.35}",5,2025021008,2026-03-09,actual_margin,-4.0,0.5126432290703795,1.9.1,20260912,0.5126432290703795,0.0
margin,"margin|robust_huber|sdv_only|{""alpha"":0.0001,""epsilon"":1.35}",5,2025021009,2026-03-09,actual_margin,4.0,0.598400862503173,1.9.1,20260912,0.598400862503173,0.0
margin,"margin|robust_huber|sdv_only|{""alpha"":0.0001,""epsilon"":1.35}",5,2025021010,2026-03-09,actual_margin,1.0,-1.0389582123884176,1.9.1,20260912,-1.0389582123884176,0.0
margin,"margin|robust_huber|sdv_only|{""alpha"":0.0001,""epsilon"":1.35}",5,2025021011,2026-03-09,actual_margin,-2.0,-1.5652088775150834,1.9.1,20260912,-1.5652088775150834,0.0
margin,"margin|robust_huber|sdv_only|{""alpha"":0.0001,""epsilon"":1.35}",5,2025021012,2026-03-10,actual_margin,1.0,-0.413735939262274,1.9.1,20260912,-0.413735939262274,0.0
margin,"margin|robust_huber|sdv_only|{""alpha"":0.0001,""epsilon"":1.35}",5,2025021013,2026-03-10,actual_margin,3.0,0.6667881069900654,1.9.1,20260912,0.6667881069900654,0.0
margin,"margin|robust_huber|sdv_only|{""alpha"":0.0001,""epsilon"":1.35}",5,2025021014,2026-03-10,actual_margin,2.0,0.6245341303461683,1.9.1,20260912,0.6245341303461683,0.0
margin,"margin|robust_huber|sdv_only|{""alpha"":0.0001,""epsilon"":1.35}",5,2025021015,2026-03-10,actual_margin,-3.0,0.7591805574546104,1.9.1,20260912,0.7591805574546104,0.0
margin,"margin|robust_huber|sdv_only|{""alpha"":0.0001,""epsilon"":1.35}",5,2025021016,2026-03-10,actual_margin,1.0,0.6107540249309965,1.9.1,20260912,0.6107540249309965,0.0
margin,"margin|robust_huber|sdv_only|{""alpha"":0.0001,""epsilon"":1.35}",5,2025021017,2026-03-10,actual_margin,4.0,0.2327360742128563,1.9.1,20260912,0.23273607421285636,5.551115123125783e-17
margin,"margin|robust_huber|sdv_only|{""alpha"":0.0001,""epsilon"":1.35}",5,2025021018,2026-03-10,actual_margin,1.0,1.007869309044521,1.9.1,20260912,1.007869309044521,0.0
margin,"margin|robust_huber|sdv_only|{""alpha"":0.0001,""epsilon"":1.35}",5,2025021019,2026-03-10,actual_margin,-1.0,0.5577275687566103,1.9.1,20260912,0.5577275687566103,0.0
margin,"margin|robust_huber|sdv_only|{""alpha"":0.0001,""epsilon"":1.35}",5,2025021020,2026-03-10,actual_margin,1.0,-0.0549579715303173,1.9.1,20260912,-0.05495797153031734,4.163336342344337e-17
margin,"margin|robust_huber|sdv_only|{""alpha"":0.0001,""epsilon"":1.35}",5,2025021021,2026-03-10,actual_margin,5.0,-0.3043257669506621,1.9.1,20260912,-0.30432576695066216,5.551115123125783e-17
margin,"margin|robust_huber|sdv_only|{""alpha"":0.0001,""epsilon"":1.35}",5,2025021022,2026-03-10,actual_margin,-3.0,0.0168691216442457,1.9.1,20260912,0.0168691216442457,0.0
margin,"margin|robust_huber|sdv_only|{""alpha"":0.0001,""epsilon"":1.35}",5,2025021023,2026-03-10,actual_margin,-1.0,1.224382865217148,1.9.1,20260912,1.224382865217148,0.0
margin,"margin|robust_huber|sdv_only|{""alpha"":0.0001,""epsilon"":1.35}",5,2025021024,2026-03-10,actual_margin,-2.0,-0.329526544631443,1.9.1,20260912,-0.32952654463144304,5.551115123125783e-17
margin,"margin|robust_huber|sdv_only|{""alpha"":0.0001,""epsilon"":1.35}",5,2025021025,2026-03-11,actual_margin,-1.0,0.7974256790972276,1.9.1,20260912,0.7974256790972276,0.0
margin,"margin|robust_huber|sdv_only|{""alpha"":0.0001,""epsilon"":1.35}",5,2025021026,2026-03-11,actual_margin,3.0,0.1693479528973402,1.9.1,20260912,0.1693479528973402,0.0
margin,"margin|robust_huber|sdv_only|{""alpha"":0.0001,""epsilon"":1.35}",5,2025021027,2026-03-12,actual_margin,-2.0,0.3561966163811424,1.9.1,20260912,0.3561966163811424,0.0
margin,"margin|robust_huber|sdv_only|{""alpha"":0.0001,""epsilon"":1.35}",5,2025021028,2026-03-12,actual_margin,-1.0,0.1825204705925482,1.9.1,20260912,0.18252047059254828,8.326672684688674e-17
margin,"margin|robust_huber|sdv_only|{""alpha"":0.0001,""epsilon"":1.35}",5,2025021029,2026-03-12,actual_margin,2.0,-0.1297234662063239,1.9.1,20260912,-0.1297234662063239,0.0
margin,"margin|robust_huber|sdv_only|{""alpha"":0.0001,""epsilon"":1.35}",5,2025021030,2026-03-12,actual_margin,3.0,0.87347595426044,1.9.1,20260912,0.87347595426044,0.0
margin,"margin|robust_huber|sdv_only|{""alpha"":0.0001,""epsilon"":1.35}",5,2025021031,2026-03-12,actual_margin,1.0,0.2762450048263661,1.9.1,20260912,0.27624500482636616,5.551115123125783e-17
margin,"margin|robust_huber|sdv_only|{""alpha"":0.0001,""epsilon"":1.35}",5,2025021032,2026-03-12,actual_margin,-1.0,0.4374844349097816,1.9.1,20260912,0.4374844349097816,0.0
margin,"margin|robust_huber|sdv_only|{""alpha"":0.0001,""epsilon"":1.35}",5,2025021033,2026-03-12,actual_margin,-2.0,1.3020455821513992,1.9.1,20260912,1.3020455821513992,0.0
margin,"margin|robust_huber|sdv_only|{""alpha"":0.0001,""epsilon"":1.35}",5,2025021034,2026-03-12,actual_margin,5.0,0.2366675080482223,1.9.1,20260912,0.23666750804822234,2.7755575615628914e-17
margin,"margin|robust_huber|sdv_only|{""alpha"":0.0001,""epsilon"":1.35}",5,2025021035,2026-03-12,actual_margin,-1.0,0.0663149188842544,1.9.1,20260912,0.06631491888425442,1.3877787807814457e-17
margin,"margin|robust_huber|sdv_only|{""alpha"":0.0001,""epsilon"":1.35}",5,2025021036,2026-03-12,actual_margin,-3.0,0.080275544411584,1.9.1,20260912,0.08027554441158406,6.938893903907228e-17
margin,"margin|robust_huber|sdv_only|{""alpha"":0.0001,""epsilon"":1.35}",5,2025021037,2026-03-12,actual_margin,-1.0,1.2763502966790037,1.9.1,20260912,1.2763502966790035,2.220446049250313e-16
margin,"margin|robust_huber|sdv_only|{""alpha"":0.0001,""epsilon"":1.35}",5,2025021038,2026-03-12,actual_margin,1.0,-0.6438111950051555,1.9.1,20260912,-0.6438111950051555,0.0
margin,"margin|robust_huber|sdv_only|{""alpha"":0.0001,""epsilon"":1.35}",5,2025021039,2026-03-12,actual_margin,4.0,0.5528245673222916,1.9.1,20260912,0.5528245673222916,0.0
margin,"margin|robust_huber|sdv_only|{""alpha"":0.0001,""epsilon"":1.35}",5,2025021040,2026-03-12,actual_margin,-4.0,-1.5926044470554277,1.9.1,20260912,-1.5926044470554277,0.0
margin,"margin|robust_huber|sdv_only|{""alpha"":0.0001,""epsilon"":1.35}",5,2025021041,2026-03-13,actual_margin,-1.0,-0.5689712427788065,1.9.1,20260912,-0.5689712427788065,0.0
margin,"margin|robust_huber|sdv_only|{""alpha"":0.0001,""epsilon"":1.35}",5,2025021042,2026-03-13,actual_margin,1.0,-0.1884450862533164,1.9.1,20260912,-0.18844508625331646,5.551115123125783e-17
margin,"margin|robust_huber|sdv_only|{""alpha"":0.0001,""epsilon"":1.35}",5,2025021043,2026-03-14,actual_margin,2.0,0.9860904360387148,1.9.1,20260912,0.9860904360387148,0.0
margin,"margin|robust_huber|sdv_only|{""alpha"":0.0001,""epsilon"":1.35}",5,2025021044,2026-03-14,actual_margin,-1.0,0.5100217956246689,1.9.1,20260912,0.5100217956246689,0.0
margin,"margin|robust_huber|sdv_only|{""alpha"":0.0001,""epsilon"":1.35}",5,2025021045,2026-03-14,actual_margin,2.0,-1.3425825380836858,1.9.1,20260912,-1.3425825380836858,0.0
margin,"margin|robust_huber|sdv_only|{""alpha"":0.0001,""epsilon"":1.35}",5,2025021046,2026-03-14,actual_margin,-2.0,0.4526610425880008,1.9.1,20260912,0.4526610425880008,0.0
margin,"margin|robust_huber|sdv_only|{""alpha"":0.0001,""epsilon"":1.35}",5,2025021047,2026-03-14,actual_margin,1.0,0.694684902097024,1.9.1,20260912,0.694684902097024,0.0
margin,"margin|robust_huber|sdv_only|{""alpha"":0.0001,""epsilon"":1.35}",5,2025021048,2026-03-14,actual_margin,-2.0,0.8143719489171064,1.9.1,20260912,0.8143719489171064,0.0
margin,"margin|robust_huber|sdv_only|{""alpha"":0.0001,""epsilon"":1.35}",5,2025021049,2026-03-14,actual_margin,-2.0,-0.2638927298079905,1.9.1,20260912,-0.2638927298079905,0.0
margin,"margin|robust_huber|sdv_only|{""alpha"":0.0001,""epsilon"":1.35}",5,2025021050,2026-03-14,actual_margin,2.0,-0.219251871766213,1.9.1,20260912,-0.21925187176621308,8.326672684688674e-17
margin,"margin|robust_huber|sdv_only|{""alpha"":0.0001,""epsilon"":1.35}",5,2025021051,2026-03-14,actual_margin,1.0,0.0833472694854338,1.9.1,20260912,0.08334726948543383,2.7755575615628914e-17
margin,"margin|robust_huber|sdv_only|{""alpha"":0.0001,""epsilon"":1.35}",5,2025021052,2026-03-14,actual_margin,-1.0,0.0220687753961649,1.9.1,20260912,0.022068775396164975,7.632783294297951e-17
margin,"margin|robust_huber|sdv_only|{""alpha"":0.0001,""epsilon"":1.35}",5,2025021053,2026-03-14,actual_margin,1.0,0.6112103353817817,1.9.1,20260912,0.6112103353817817,0.0
margin,"margin|robust_huber|sdv_only|{""alpha"":0.0001,""epsilon"":1.35}",5,2025021054,2026-03-14,actual_margin,-1.0,0.4333369015329969,1.9.1,20260912,0.4333369015329969,0.0
margin,"margin|robust_huber|sdv_only|{""alpha"":0.0001,""epsilon"":1.35}",5,2025021055,2026-03-14,actual_margin,-3.0,-0.2042001734203999,1.9.1,20260912,-0.20420017342039998,8.326672684688674e-17
margin,"margin|robust_huber|sdv_only|{""alpha"":0.0001,""epsilon"":1.35}",5,2025021056,2026-03-14,actual_margin,4.0,1.405879274391666,1.9.1,20260912,1.405879274391666,0.0
margin,"margin|robust_huber|sdv_only|{""alpha"":0.0001,""epsilon"":1.35}",5,2025021057,2026-03-15,actual_margin,1.0,-0.0146320775168896,1.9.1,20260912,-0.014632077516889663,6.245004513516506e-17
margin,"margin|robust_huber|sdv_only|{""alpha"":0.0001,""epsilon"":1.35}",5,2025021058,2026-03-15,actual_margin,3.0,1.389824147808414,1.9.1,20260912,1.3898241478084141,2.220446049250313e-16
margin,"margin|robust_huber|sdv_only|{""alpha"":0.0001,""epsilon"":1.35}",5,2025021059,2026-03-15,actual_margin,-1.0,0.3948651004872724,1.9.1,20260912,0.3948651004872724,0.0
margin,"margin|robust_huber|sdv_only|{""alpha"":0.0001,""epsilon"":1.35}",5,2025021060,2026-03-15,actual_margin,-2.0,0.639043108258945,1.9.1,20260912,0.639043108258945,0.0
margin,"margin|robust_huber|sdv_only|{""alpha"":0.0001,""epsilon"":1.35}",5,2025021061,2026-03-15,actual_margin,2.0,0.5819898508660566,1.9.1,20260912,0.5819898508660566,0.0
margin,"margin|robust_huber|sdv_only|{""alpha"":0.0001,""epsilon"":1.35}",5,2025021062,2026-03-15,actual_margin,4.0,-0.5988406014789696,1.9.1,20260912,-0.5988406014789696,0.0
margin,"margin|robust_huber|sdv_only|{""alpha"":0.0001,""epsilon"":1.35}",5,2025021063,2026-03-16,actual_margin,3.0,0.4506091772037839,1.9.1,20260912,0.4506091772037839,0.0
margin,"margin|robust_huber|sdv_only|{""alpha"":0.0001,""epsilon"":1.35}",5,2025021064,2026-03-16,actual_margin,1.0,0.2812166706167252,1.9.1,20260912,0.28121667061672523,5.551115123125783e-17
margin,"margin|robust_huber|sdv_only|{""alpha"":0.0001,""epsilon"":1.35}",5,2025021065,2026-03-16,actual_margin,-3.0,-0.4246534754801394,1.9.1,20260912,-0.4246534754801394,0.0
margin,"margin|robust_huber|sdv_only|{""alpha"":0.0001,""epsilon"":1.35}",5,2025021066,2026-03-16,actual_margin,-3.0,0.0248433765506092,1.9.1,20260912,0.024843376550609253,5.204170427930421e-17
margin,"margin|robust_huber|sdv_only|{""alpha"":0.0001,""epsilon"":1.35}",5,2025021067,2026-03-16,actual_margin,-5.0,1.2573679982161472,1.9.1,20260912,1.2573679982161472,0.0
margin,"margin|robust_huber|sdv_only|{""alpha"":0.0001,""epsilon"":1.35}",5,2025021068,2026-03-17,actual_margin,-2.0,0.0742083275512195,1.9.1,20260912,0.07420832755121956,5.551115123125783e-17
margin,"margin|robust_huber|sdv_only|{""alpha"":0.0001,""epsilon"":1.35}",5,2025021069,2026-03-17,actual_margin,1.0,0.5672686312882087,1.9.1,20260912,0.5672686312882087,0.0
margin,"margin|robust_huber|sdv_only|{""alpha"":0.0001,""epsilon"":1.35}",5,2025021070,2026-03-17,actual_margin,4.0,-0.673503191490695,1.9.1,20260912,-0.673503191490695,0.0
margin,"margin|robust_huber|sdv_only|{""alpha"":0.0001,""epsilon"":1.35}",5,2025021071,2026-03-17,actual_margin,-1.0,0.0359357924741633,1.9.1,20260912,0.0359357924741633,0.0
margin,"margin|robust_huber|sdv_only|{""alpha"":0.0001,""epsilon"":1.35}",5,2025021072,2026-03-17,actual_margin,-1.0,-0.6290019788969683,1.9.1,20260912,-0.6290019788969683,0.0
margin,"margin|robust_huber|sdv_only|{""alpha"":0.0001,""epsilon"":1.35}",5,2025021073,2026-03-17,actual_margin,2.0,0.8739232206645933,1.9.1,20260912,0.8739232206645933,0.0
margin,"margin|robust_huber|sdv_only|{""alpha"":0.0001,""epsilon"":1.35}",5,2025021074,2026-03-17,actual_margin,3.0,-0.9474121624570088,1.9.1,20260912,-0.9474121624570089,1.1102230246251565e-16
margin,"margin|robust_huber|sdv_only|{""alpha"":0.0001,""epsilon"":1.35}",5,2025021075,2026-03-17,actual_margin,-2.0,0.5825442832145478,1.9.1,20260912,0.5825442832145478,0.0
margin,"margin|robust_huber|sdv_only|{""alpha"":0.0001,""epsilon"":1.35}",5,2025021076,2026-03-17,actual_margin,-4.0,-0.9362828662244492,1.9.1,20260912,-0.9362828662244491,1.1102230246251565e-16
margin,"margin|robust_huber|sdv_only|{""alpha"":0.0001,""epsilon"":1.35}",5,2025021077,2026-03-18,actual_margin,-3.0,-0.0403637938663356,1.9.1,20260912,-0.04036379386633568,7.632783294297951e-17
margin,"margin|robust_huber|sdv_only|{""alpha"":0.0001,""epsilon"":1.35}",5,2025021078,2026-03-18,actual_margin,1.0,1.0795431951605523,1.9.1,20260912,1.0795431951605523,0.0
margin,"margin|robust_huber|sdv_only|{""alpha"":0.0001,""epsilon"":1.35}",5,2025021079,2026-03-18,actual_margin,3.0,-0.5672987902298816,1.9.1,20260912,-0.5672987902298816,0.0
margin,"margin|robust_huber|sdv_only|{""alpha"":0.0001,""epsilon"":1.35}",5,2025021080,2026-03-18,actual_margin,-1.0,1.0890236901883046,1.9.1,20260912,1.0890236901883046,0.0
margin,"margin|robust_huber|sdv_only|{""alpha"":0.0001,""epsilon"":1.35}",5,2025021081,2026-03-18,actual_margin,1.0,-0.0951134440755463,1.9.1,20260912,-0.09511344407554634,4.163336342344337e-17
margin,"margin|robust_huber|sdv_only|{""alpha"":0.0001,""epsilon"":1.35}",5,2025021082,2026-03-18,actual_margin,-1.0,0.1170349708175031,1.9.1,20260912,0.11703497081750312,2.7755575615628914e-17
margin,"margin|robust_huber|sdv_only|{""alpha"":0.0001,""epsilon"":1.35}",5,2025021083,2026-03-19,actual_margin,5.0,0.1790683018464427,1.9.1,20260912,0.17906830184644276,5.551115123125783e-17
margin,"margin|robust_huber|sdv_only|{""alpha"":0.0001,""epsilon"":1.35}",5,2025021084,2026-03-19,actual_margin,1.0,1.363788924656668,1.9.1,20260912,1.363788924656668,0.0
margin,"margin|robust_huber|sdv_only|{""alpha"":0.0001,""epsilon"":1.35}",5,2025021085,2026-03-19,actual_margin,2.0,-0.0784660737446062,1.9.1,20260912,-0.07846607374460621,1.3877787807814457e-17
margin,"margin|robust_huber|sdv_only|{""alpha"":0.0001,""epsilon"":1.35}",5,2025021086,2026-03-19,actual_margin,3.0,0.745137248989425,1.9.1,20260912,0.745137248989425,0.0
margin,"margin|robust_huber|sdv_only|{""alpha"":0.0001,""epsilon"":1.35}",5,2025021087,2026-03-19,actual_margin,2.0,0.4353299685379293,1.9.1,20260912,0.4353299685379293,0.0
margin,"margin|robust_huber|sdv_only|{""alpha"":0.0001,""epsilon"":1.35}",5,2025021088,2026-03-19,actual_margin,-1.0,0.9428696008185772,1.9.1,20260912,0.9428696008185773,1.1102230246251565e-16
margin,"margin|robust_huber|sdv_only|{""alpha"":0.0001,""epsilon"":1.35}",5,2025021089,2026-03-19,actual_margin,-4.0,0.1463797281296746,1.9.1,20260912,0.14637972812967462,2.7755575615628914e-17
margin,"margin|robust_huber|sdv_only|{""alpha"":0.0001,""epsilon"":1.35}",5,2025021090,2026-03-19,actual_margin,-4.0,-1.3198358325994042,1.9.1,20260912,-1.3198358325994042,0.0
margin,"margin|robust_huber|sdv_only|{""alpha"":0.0001,""epsilon"":1.35}",5,2025021091,2026-03-19,actual_margin,-4.0,0.2734800988395574,1.9.1,20260912,0.2734800988395574,0.0
margin,"margin|robust_huber|sdv_only|{""alpha"":0.0001,""epsilon"":1.35}",5,2025021092,2026-03-19,actual_margin,-5.0,-0.3556942262179506,1.9.1,20260912,-0.3556942262179506,0.0
margin,"margin|robust_huber|sdv_only|{""alpha"":0.0001,""epsilon"":1.35}",5,2025021093,2026-03-19,actual_margin,-1.0,0.4134168840791123,1.9.1,20260912,0.41341688407911237,5.551115123125783e-17
margin,"margin|robust_huber|sdv_only|{""alpha"":0.0001,""epsilon"":1.35}",5,2025021094,2026-03-20,actual_margin,-1.0,-1.4080783410547055,1.9.1,20260912,-1.4080783410547055,0.0
margin,"margin|robust_huber|sdv_only|{""alpha"":0.0001,""epsilon"":1.35}",5,2025021095,2026-03-20,actual_margin,1.0,0.336879307957232,1.9.1,20260912,0.336879307957232,0.0
margin,"margin|robust_huber|sdv_only|{""alpha"":0.0001,""epsilon"":1.35}",5,2025021096,2026-03-20,actual_margin,-3.0,-1.7743874929332593,1.9.1,20260912,-1.7743874929332593,0.0
margin,"margin|robust_huber|sdv_only|{""alpha"":0.0001,""epsilon"":1.35}",5,2025021097,2026-03-20,actual_margin,3.0,-0.4898228356252711,1.9.1,20260912,-0.4898228356252711,0.0
margin,"margin|robust_huber|sdv_only|{""alpha"":0.0001,""epsilon"":1.35}",5,2025021098,2026-03-20,actual_margin,-3.0,0.5998505233484541,1.9.1,20260912,0.5998505233484541,0.0
margin,"margin|robust_huber|sdv_only|{""alpha"":0.0001,""epsilon"":1.35}",5,2025021099,2026-03-21,actual_margin,1.0,0.6023013871571375,1.9.1,20260912,0.6023013871571375,0.0
margin,"margin|robust_huber|sdv_only|{""alpha"":0.0001,""epsilon"":1.35}",5,2025021100,2026-03-21,actual_margin,3.0,-0.6352889152699708,1.9.1,20260912,-0.6352889152699708,0.0
margin,"margin|robust_huber|sdv_only|{""alpha"":0.0001,""epsilon"":1.35}",5,2025021101,2026-03-21,actual_margin,1.0,-0.1275663196228354,1.9.1,20260912,-0.12756631962283543,2.7755575615628914e-17
margin,"margin|robust_huber|sdv_only|{""alpha"":0.0001,""epsilon"":1.35}",5,2025021102,2026-03-21,actual_margin,-3.0,0.3191493903131617,1.9.1,20260912,0.3191493903131617,0.0
margin,"margin|robust_huber|sdv_only|{""alpha"":0.0001,""epsilon"":1.35}",5,2025021103,2026-03-21,actual_margin,-3.0,-0.3013254141320345,1.9.1,20260912,-0.3013254141320345,0.0
margin,"margin|robust_huber|sdv_only|{""alpha"":0.0001,""epsilon"":1.35}",5,2025021104,2026-03-21,actual_margin,3.0,0.9073280057558062,1.9.1,20260912,0.9073280057558062,0.0
margin,"margin|robust_huber|sdv_only|{""alpha"":0.0001,""epsilon"":1.35}",5,2025021105,2026-03-21,actual_margin,4.0,0.7722718111448292,1.9.1,20260912,0.7722718111448292,0.0
margin,"margin|robust_huber|sdv_only|{""alpha"":0.0001,""epsilon"":1.35}",5,2025021106,2026-03-21,actual_margin,3.0,1.4647295453944125,1.9.1,20260912,1.4647295453944125,0.0
margin,"margin|robust_huber|sdv_only|{""alpha"":0.0001,""epsilon"":1.35}",5,2025021107,2026-03-21,actual_margin,-2.0,-0.6709985112393255,1.9.1,20260912,-0.6709985112393255,0.0
margin,"margin|robust_huber|sdv_only|{""alpha"":0.0001,""epsilon"":1.35}",5,2025021108,2026-03-21,actual_margin,-2.0,0.3472474508227108,1.9.1,20260912,0.3472474508227108,0.0
margin,"margin|robust_huber|sdv_only|{""alpha"":0.0001,""epsilon"":1.35}",5,2025021109,2026-03-21,actual_margin,-3.0,-0.1822203949167763,1.9.1,20260912,-0.18222039491677638,8.326672684688674e-17
margin,"margin|robust_huber|sdv_only|{""alpha"":0.0001,""epsilon"":1.35}",6,2025021110,2026-03-22,actual_margin,-1.0,0.1348272590010518,1.9.1,20260912,0.13482725900105186,5.551115123125783e-17
margin,"margin|robust_huber|sdv_only|{""alpha"":0.0001,""epsilon"":1.35}",6,2025021111,2026-03-22,actual_margin,-1.0,-1.0094867121762163,1.9.1,20260912,-1.0094867121762165,2.220446049250313e-16
margin,"margin|robust_huber|sdv_only|{""alpha"":0.0001,""epsilon"":1.35}",6,2025021112,2026-03-22,actual_margin,-4.0,-0.8024243916497208,1.9.1,20260912,-0.8024243916497208,0.0
margin,"margin|robust_huber|sdv_only|{""alpha"":0.0001,""epsilon"":1.35}",6,2025021113,2026-03-22,actual_margin,-1.0,-0.3119673004143054,1.9.1,20260912,-0.3119673004143054,0.0
margin,"margin|robust_huber|sdv_only|{""alpha"":0.0001,""epsilon"":1.35}",6,2025021114,2026-03-22,actual_margin,1.0,-0.5531441022176181,1.9.1,20260912,-0.5531441022176181,0.0
margin,"margin|robust_huber|sdv_only|{""alpha"":0.0001,""epsilon"":1.35}",6,2025021115,2026-03-22,actual_margin,-1.0,-0.1379400496590172,1.9.1,20260912,-0.13794004965901724,2.7755575615628914e-17
margin,"margin|robust_huber|sdv_only|{""alpha"":0.0001,""epsilon"":1.35}",6,2025021116,2026-03-22,actual_margin,1.0,-0.8517884880732328,1.9.1,20260912,-0.8517884880732328,0.0
margin,"margin|robust_huber|sdv_only|{""alpha"":0.0001,""epsilon"":1.35}",6,2025021117,2026-03-22,actual_margin,1.0,-0.050096645221493,1.9.1,20260912,-0.050096645221493014,1.3877787807814457e-17
margin,"margin|robust_huber|sdv_only|{""alpha"":0.0001,""epsilon"":1.35}",6,2025021118,2026-03-22,actual_margin,1.0,0.3160527465999158,1.9.1,20260912,0.3160527465999158,0.0
margin,"margin|robust_huber|sdv_only|{""alpha"":0.0001,""epsilon"":1.35}",6,2025021119,2026-03-23,actual_margin,-1.0,-1.0172765544700333,1.9.1,20260912,-1.0172765544700333,0.0
margin,"margin|robust_huber|sdv_only|{""alpha"":0.0001,""epsilon"":1.35}",6,2025021120,2026-03-24,actual_margin,-2.0,0.3719202460818696,1.9.1,20260912,0.37192024608186963,5.551115123125783e-17
margin,"margin|robust_huber|sdv_only|{""alpha"":0.0001,""epsilon"":1.35}",6,2025021121,2026-03-24,actual_margin,3.0,-0.648206485140441,1.9.1,20260912,-0.648206485140441,0.0
margin,"margin|robust_huber|sdv_only|{""alpha"":0.0001,""epsilon"":1.35}",6,2025021122,2026-03-24,actual_margin,-1.0,-0.7574504304803069,1.9.1,20260912,-0.7574504304803069,0.0
margin,"margin|robust_huber|sdv_only|{""alpha"":0.0001,""epsilon"":1.35}",6,2025021123,2026-03-24,actual_margin,1.0,0.8912027833958209,1.9.1,20260912,0.8912027833958209,0.0
margin,"margin|robust_huber|sdv_only|{""alpha"":0.0001,""epsilon"":1.35}",6,2025021124,2026-03-24,actual_margin,-1.0,0.371531553624437,1.9.1,20260912,0.371531553624437,0.0
margin,"margin|robust_huber|sdv_only|{""alpha"":0.0001,""epsilon"":1.35}",6,2025021125,2026-03-24,actual_margin,-1.0,-0.0766188789587115,1.9.1,20260912,-0.07661887895871153,2.7755575615628914e-17
margin,"margin|robust_huber|sdv_only|{""alpha"":0.0001,""epsilon"":1.35}",6,2025021126,2026-03-24,actual_margin,-4.0,-0.9830800796709426,1.9.1,20260912,-0.9830800796709426,0.0
margin,"margin|robust_huber|sdv_only|{""alpha"":0.0001,""epsilon"":1.35}",6,2025021127,2026-03-24,actual_margin,3.0,0.6842009714753903,1.9.1,20260912,0.6842009714753903,0.0
margin,"margin|robust_huber|sdv_only|{""alpha"":0.0001,""epsilon"":1.35}",6,2025021128,2026-03-24,actual_margin,3.0,-0.0070598326927349,1.9.1,20260912,-0.007059832692734941,4.0766001685454967e-17
margin,"margin|robust_huber|sdv_only|{""alpha"":0.0001,""epsilon"":1.35}",6,2025021129,2026-03-24,actual_margin,3.0,0.2754796810104372,1.9.1,20260912,0.2754796810104372,0.0
margin,"margin|robust_huber|sdv_only|{""alpha"":0.0001,""epsilon"":1.35}",6,2025021130,2026-03-24,actual_margin,-2.0,0.4686723340369085,1.9.1,20260912,0.46867233403690856,5.551115123125783e-17
margin,"margin|robust_huber|sdv_only|{""alpha"":0.0001,""epsilon"":1.35}",6,2025021131,2026-03-24,actual_margin,3.0,-0.77039474589066,1.9.1,20260912,-0.77039474589066,0.0
margin,"margin|robust_huber|sdv_only|{""alpha"":0.0001,""epsilon"":1.35}",6,2025021132,2026-03-24,actual_margin,-3.0,0.3053906404831236,1.9.1,20260912,0.3053906404831236,0.0
margin,"margin|robust_huber|sdv_only|{""alpha"":0.0001,""epsilon"":1.35}",6,2025021133,2026-03-24,actual_margin,1.0,-0.5032804036521751,1.9.1,20260912,-0.5032804036521751,0.0
margin,"margin|robust_huber|sdv_only|{""alpha"":0.0001,""epsilon"":1.35}",6,2025021134,2026-03-24,actual_margin,-2.0,-0.7590745140981817,1.9.1,20260912,-0.7590745140981817,0.0
margin,"margin|robust_huber|sdv_only|{""alpha"":0.0001,""epsilon"":1.35}",6,2025021135,2026-03-25,actual_margin,-1.0,0.6081234089836153,1.9.1,20260912,0.6081234089836153,0.0
margin,"margin|robust_huber|sdv_only|{""alpha"":0.0001,""epsilon"":1.35}",6,2025021136,2026-03-25,actual_margin,1.0,0.01029494096312,1.9.1,20260912,0.010294940963120072,7.28583859910259e-17
margin,"margin|robust_huber|sdv_only|{""alpha"":0.0001,""epsilon"":1.35}",6,2025021137,2026-03-26,actual_margin,1.0,0.0927285604369451,1.9.1,20260912,0.09272856043694519,8.326672684688674e-17
margin,"margin|robust_huber|sdv_only|{""alpha"":0.0001,""epsilon"":1.35}",6,2025021138,2026-03-26,actual_margin,-1.0,0.829711908995033,1.9.1,20260912,0.829711908995033,0.0
margin,"margin|robust_huber|sdv_only|{""alpha"":0.0001,""epsilon"":1.35}",6,2025021139,2026-03-26,actual_margin,-1.0,1.2314817966697973,1.9.1,20260912,1.2314817966697973,0.0
margin,"margin|robust_huber|sdv_only|{""alpha"":0.0001,""epsilon"":1.35}",6,2025021140,2026-03-26,actual_margin,-1.0,0.322495816417484,1.9.1,20260912,0.322495816417484,0.0
margin,"margin|robust_huber|sdv_only|{""alpha"":0.0001,""epsilon"":1.35}",6,2025021141,2026-03-26,actual_margin,1.0,-0.4968584181337613,1.9.1,20260912,-0.4968584181337613,0.0
margin,"margin|robust_huber|sdv_only|{""alpha"":0.0001,""epsilon"":1.35}",6,2025021142,2026-03-26,actual_margin,4.0,0.8959420336215212,1.9.1,20260912,0.8959420336215212,0.0
margin,"margin|robust_huber|sdv_only|{""alpha"":0.0001,""epsilon"":1.35}",6,2025021143,2026-03-26,actual_margin,1.0,0.5245384806028811,1.9.1,20260912,0.5245384806028811,0.0
margin,"margin|robust_huber|sdv_only|{""alpha"":0.0001,""epsilon"":1.35}",6,2025021144,2026-03-26,actual_margin,-2.0,-0.0844542194528552,1.9.1,20260912,-0.08445421945285522,2.7755575615628914e-17
margin,"margin|robust_huber|sdv_only|{""alpha"":0.0001,""epsilon"":1.35}",6,2025021145,2026-03-26,actual_margin,-1.0,-1.32939338866746,1.9.1,20260912,-1.32939338866746,0.0
margin,"margin|robust_huber|sdv_only|{""alpha"":0.0001,""epsilon"":1.35}",6,2025021146,2026-03-26,actual_margin,-3.0,0.4206488621274543,1.9.1,20260912,0.4206488621274543,0.0
margin,"margin|robust_huber|sdv_only|{""alpha"":0.0001,""epsilon"":1.35}",6,2025021147,2026-03-26,actual_margin,-1.0,-0.206410316364075,1.9.1,20260912,-0.20641031636407509,8.326672684688674e-17
margin,"margin|robust_huber|sdv_only|{""alpha"":0.0001,""epsilon"":1.35}",6,2025021148,2026-03-26,actual_margin,-1.0,0.4741169633670615,1.9.1,20260912,0.47411696336706155,5.551115123125783e-17
margin,"margin|robust_huber|sdv_only|{""alpha"":0.0001,""epsilon"":1.35}",6,2025021149,2026-03-26,actual_margin,-4.0,-1.0680751365019878,1.9.1,20260912,-1.0680751365019878,0.0
margin,"margin|robust_huber|sdv_only|{""alpha"":0.0001,""epsilon"":1.35}",6,2025021150,2026-03-27,actual_margin,-3.0,0.3300605872654097,1.9.1,20260912,0.33006058726540977,5.551115123125783e-17
margin,"margin|robust_huber|sdv_only|{""alpha"":0.0001,""epsilon"":1.35}",6,2025021151,2026-03-27,actual_margin,5.0,0.610813896302391,1.9.1,20260912,0.610813896302391,0.0
margin,"margin|robust_huber|sdv_only|{""alpha"":0.0001,""epsilon"":1.35}",6,2025021152,2026-03-28,actual_margin,2.0,-0.0344394562985138,1.9.1,20260912,-0.03443945629851389,9.020562075079397e-17
margin,"margin|robust_huber|sdv_only|{""alpha"":0.0001,""epsilon"":1.35}",6,2025021153,2026-03-28,actual_margin,3.0,-0.4192794595450121,1.9.1,20260912,-0.4192794595450121,0.0
margin,"margin|robust_huber|sdv_only|{""alpha"":0.0001,""epsilon"":1.35}",6,2025021154,2026-03-28,actual_margin,2.0,0.4475851824947039,1.9.1,20260912,0.44758518249470397,5.551115123125783e-17
margin,"margin|robust_huber|sdv_only|{""alpha"":0.0001,""epsilon"":1.35}",6,2025021155,2026-03-28,actual_margin,3.0,-0.2924232910236807,1.9.1,20260912,-0.29242329102368075,5.551115123125783e-17
margin,"margin|robust_huber|sdv_only|{""alpha"":0.0001,""epsilon"":1.35}",6,2025021156,2026-03-28,actual_margin,-3.0,0.1050675015084005,1.9.1,20260912,0.10506750150840057,6.938893903907228e-17
margin,"margin|robust_huber|sdv_only|{""alpha"":0.0001,""epsilon"":1.35}",6,2025021157,2026-03-28,actual_margin,3.0,1.2072932467258894,1.9.1,20260912,1.2072932467258894,0.0
margin,"margin|robust_huber|sdv_only|{""alpha"":0.0001,""epsilon"":1.35}",6,2025021158,2026-03-28,actual_margin,-1.0,0.7929311980075264,1.9.1,20260912,0.7929311980075264,0.0
margin,"margin|robust_huber|sdv_only|{""alpha"":0.0001,""epsilon"":1.35}",6,2025021159,2026-03-28,actual_margin,1.0,0.7585753539289002,1.9.1,20260912,0.7585753539289002,0.0
margin,"margin|robust_huber|sdv_only|{""alpha"":0.0001,""epsilon"":1.35}",6,2025021160,2026-03-28,actual_margin,4.0,0.5919181732055674,1.9.1,20260912,0.5919181732055674,0.0
margin,"margin|robust_huber|sdv_only|{""alpha"":0.0001,""epsilon"":1.35}",6,2025021161,2026-03-28,actual_margin,-3.0,-0.2977215808522146,1.9.1,20260912,-0.2977215808522146,0.0
margin,"margin|robust_huber|sdv_only|{""alpha"":0.0001,""epsilon"":1.35}",6,2025021162,2026-03-28,actual_margin,-2.0,1.636445113282699,1.9.1,20260912,1.636445113282699,0.0
margin,"margin|robust_huber|sdv_only|{""alpha"":0.0001,""epsilon"":1.35}",6,2025021163,2026-03-28,actual_margin,-2.0,-0.0764753536546371,1.9.1,20260912,-0.07647535365463712,1.3877787807814457e-17
margin,"margin|robust_huber|sdv_only|{""alpha"":0.0001,""epsilon"":1.35}",6,2025021164,2026-03-28,actual_margin,-4.0,-0.0354079074654735,1.9.1,20260912,-0.035407907465473565,6.245004513516506e-17
margin,"margin|robust_huber|sdv_only|{""alpha"":0.0001,""epsilon"":1.35}",6,2025021165,2026-03-28,actual_margin,4.0,0.7038321618882271,1.9.1,20260912,0.7038321618882271,0.0
margin,"margin|robust_huber|sdv_only|{""alpha"":0.0001,""epsilon"":1.35}",6,2025021166,2026-03-28,actual_margin,-1.0,0.6669642010258938,1.9.1,20260912,0.6669642010258938,0.0
margin,"margin|robust_huber|sdv_only|{""alpha"":0.0001,""epsilon"":1.35}",6,2025021167,2026-03-29,actual_margin,2.0,-0.2590307768211522,1.9.1,20260912,-0.2590307768211522,0.0
margin,"margin|robust_huber|sdv_only|{""alpha"":0.0001,""epsilon"":1.35}",6,2025021168,2026-03-29,actual_margin,1.0,1.043313175443334,1.9.1,20260912,1.043313175443334,0.0
margin,"margin|robust_huber|sdv_only|{""alpha"":0.0001,""epsilon"":1.35}",6,2025021169,2026-03-29,actual_margin,-2.0,1.0010501630636677,1.9.1,20260912,1.0010501630636677,0.0
margin,"margin|robust_huber|sdv_only|{""alpha"":0.0001,""epsilon"":1.35}",6,2025021170,2026-03-29,actual_margin,-1.0,0.6939419197446177,1.9.1,20260912,0.6939419197446177,0.0
margin,"margin|robust_huber|sdv_only|{""alpha"":0.0001,""epsilon"":1.35}",6,2025021171,2026-03-29,actual_margin,2.0,0.8664903144382522,1.9.1,20260912,0.8664903144382522,0.0
margin,"margin|robust_huber|sdv_only|{""alpha"":0.0001,""epsilon"":1.35}",6,2025021172,2026-03-29,actual_margin,1.0,0.0542128991081299,1.9.1,20260912,0.0542128991081299,0.0
margin,"margin|robust_huber|sdv_only|{""alpha"":0.0001,""epsilon"":1.35}",6,2025021173,2026-03-30,actual_margin,-5.0,-0.3644720995840227,1.9.1,20260912,-0.3644720995840227,0.0
margin,"margin|robust_huber|sdv_only|{""alpha"":0.0001,""epsilon"":1.35}",6,2025021174,2026-03-30,actual_margin,7.0,1.7533079827991678,1.9.1,20260912,1.7533079827991678,0.0
margin,"margin|robust_huber|sdv_only|{""alpha"":0.0001,""epsilon"":1.35}",6,2025021175,2026-03-30,actual_margin,2.0,1.6481468330497098,1.9.1,20260912,1.6481468330497098,0.0
margin,"margin|robust_huber|sdv_only|{""alpha"":0.0001,""epsilon"":1.35}",6,2025021176,2026-03-30,actual_margin,-1.0,0.6460614169207705,1.9.1,20260912,0.6460614169207705,0.0
margin,"margin|robust_huber|sdv_only|{""alpha"":0.0001,""epsilon"":1.35}",6,2025021177,2026-03-30,actual_margin,1.0,-0.1708014840957072,1.9.1,20260912,-0.17080148409570722,2.7755575615628914e-17
margin,"margin|robust_huber|sdv_only|{""alpha"":0.0001,""epsilon"":1.35}",6,2025021178,2026-03-31,actual_margin,3.0,-0.3436137319131628,1.9.1,20260912,-0.34361373191316286,5.551115123125783e-17
margin,"margin|robust_huber|sdv_only|{""alpha"":0.0001,""epsilon"":1.35}",6,2025021179,2026-03-31,actual_margin,1.0,0.6760838875952019,1.9.1,20260912,0.6760838875952019,0.0
margin,"margin|robust_huber|sdv_only|{""alpha"":0.0001,""epsilon"":1.35}",6,2025021180,2026-03-31,actual_margin,-3.0,0.62971999872485,1.9.1,20260912,0.62971999872485,0.0
margin,"margin|robust_huber|sdv_only|{""alpha"":0.0001,""epsilon"":1.35}",6,2025021181,2026-03-31,actual_margin,3.0,-0.5334719488395032,1.9.1,20260912,-0.5334719488395032,0.0
margin,"margin|robust_huber|sdv_only|{""alpha"":0.0001,""epsilon"":1.35}",6,2025021182,2026-03-31,actual_margin,3.0,-0.1160376391631329,1.9.1,20260912,-0.11603763916313292,2.7755575615628914e-17
margin,"margin|robust_huber|sdv_only|{""alpha"":0.0001,""epsilon"":1.35}",6,2025021183,2026-03-31,actual_margin,4.0,0.4912508885441863,1.9.1,20260912,0.49125088854418636,5.551115123125783e-17
margin,"margin|robust_huber|sdv_only|{""alpha"":0.0001,""epsilon"":1.35}",6,2025021184,2026-03-31,actual_margin,2.0,0.0761775533297043,1.9.1,20260912,0.07617755332970431,1.3877787807814457e-17
margin,"margin|robust_huber|sdv_only|{""alpha"":0.0001,""epsilon"":1.35}",6,2025021185,2026-03-31,actual_margin,-3.0,-0.7485851702220435,1.9.1,20260912,-0.7485851702220435,0.0
margin,"margin|robust_huber|sdv_only|{""alpha"":0.0001,""epsilon"":1.35}",6,2025021186,2026-03-31,actual_margin,-1.0,-0.4526982320710647,1.9.1,20260912,-0.45269823207106474,5.551115123125783e-17
margin,"margin|robust_huber|sdv_only|{""alpha"":0.0001,""epsilon"":1.35}",6,2025021187,2026-03-31,actual_margin,3.0,0.8983002805804495,1.9.1,20260912,0.8983002805804495,0.0
margin,"margin|robust_huber|sdv_only|{""alpha"":0.0001,""epsilon"":1.35}",6,2025021188,2026-04-01,actual_margin,-2.0,2.2984529827038944,1.9.1,20260912,2.2984529827038944,0.0
margin,"margin|robust_huber|sdv_only|{""alpha"":0.0001,""epsilon"":1.35}",6,2025021189,2026-04-01,actual_margin,1.0,0.4106399079991762,1.9.1,20260912,0.41063990799917627,5.551115123125783e-17
margin,"margin|robust_huber|sdv_only|{""alpha"":0.0001,""epsilon"":1.35}",6,2025021190,2026-04-01,actual_margin,1.0,-0.1499909899873088,1.9.1,20260912,-0.14999098998730886,5.551115123125783e-17
margin,"margin|robust_huber|sdv_only|{""alpha"":0.0001,""epsilon"":1.35}",6,2025021191,2026-04-02,actual_margin,3.0,0.7189678606982862,1.9.1,20260912,0.7189678606982862,0.0
margin,"margin|robust_huber|sdv_only|{""alpha"":0.0001,""epsilon"":1.35}",6,2025021192,2026-04-02,actual_margin,3.0,0.5526626764538588,1.9.1,20260912,0.5526626764538588,0.0
margin,"margin|robust_huber|sdv_only|{""alpha"":0.0001,""epsilon"":1.35}",6,2025021193,2026-04-02,actual_margin,1.0,0.546704368408834,1.9.1,20260912,0.546704368408834,0.0
margin,"margin|robust_huber|sdv_only|{""alpha"":0.0001,""epsilon"":1.35}",6,2025021194,2026-04-02,actual_margin,4.0,0.0348016676380461,1.9.1,20260912,0.034801667638046166,6.938893903907228e-17
margin,"margin|robust_huber|sdv_only|{""alpha"":0.0001,""epsilon"":1.35}",6,2025021195,2026-04-02,actual_margin,-1.0,-0.3028995455950483,1.9.1,20260912,-0.3028995455950483,0.0
margin,"margin|robust_huber|sdv_only|{""alpha"":0.0001,""epsilon"":1.35}",6,2025021196,2026-04-02,actual_margin,-2.0,0.4156974945622653,1.9.1,20260912,0.4156974945622653,0.0
margin,"margin|robust_huber|sdv_only|{""alpha"":0.0001,""epsilon"":1.35}",6,2025021197,2026-04-02,actual_margin,4.0,1.001270614958982,1.9.1,20260912,1.001270614958982,0.0
margin,"margin|robust_huber|sdv_only|{""alpha"":0.0001,""epsilon"":1.35}",6,2025021198,2026-04-02,actual_margin,3.0,0.5811625774814921,1.9.1,20260912,0.5811625774814921,0.0
margin,"margin|robust_huber|sdv_only|{""alpha"":0.0001,""epsilon"":1.35}",6,2025021199,2026-04-02,actual_margin,3.0,1.1483221167969848,1.9.1,20260912,1.1483221167969848,0.0
margin,"margin|robust_huber|sdv_only|{""alpha"":0.0001,""epsilon"":1.35}",6,2025021200,2026-04-02,actual_margin,2.0,1.256416854083238,1.9.1,20260912,1.256416854083238,0.0
margin,"margin|robust_huber|sdv_only|{""alpha"":0.0001,""epsilon"":1.35}",6,2025021201,2026-04-02,actual_margin,3.0,1.1876943925641543,1.9.1,20260912,1.1876943925641545,2.220446049250313e-16
margin,"margin|robust_huber|sdv_only|{""alpha"":0.0001,""epsilon"":1.35}",6,2025021202,2026-04-02,actual_margin,3.0,0.3415887184251285,1.9.1,20260912,0.34158871842512856,5.551115123125783e-17
margin,"margin|robust_huber|sdv_only|{""alpha"":0.0001,""epsilon"":1.35}",6,2025021203,2026-04-02,actual_margin,-4.0,-0.7738916915218764,1.9.1,20260912,-0.7738916915218764,0.0
margin,"margin|robust_huber|sdv_only|{""alpha"":0.0001,""epsilon"":1.35}",6,2025021204,2026-04-02,actual_margin,-1.0,0.68068037077957,1.9.1,20260912,0.68068037077957,0.0
margin,"margin|robust_huber|sdv_only|{""alpha"":0.0001,""epsilon"":1.35}",6,2025021205,2026-04-03,actual_margin,-3.0,-0.4605780514213996,1.9.1,20260912,-0.4605780514213996,0.0
margin,"margin|robust_huber|sdv_only|{""alpha"":0.0001,""epsilon"":1.35}",6,2025021206,2026-04-03,actual_margin,-4.0,0.097465559162335,1.9.1,20260912,0.09746555916233507,6.938893903907228e-17
margin,"margin|robust_huber|sdv_only|{""alpha"":0.0001,""epsilon"":1.35}",6,2025021207,2026-04-04,actual_margin,3.0,-0.006269233268592,1.9.1,20260912,-0.006269233268592078,7.806255641895632e-17
margin,"margin|robust_huber|sdv_only|{""alpha"":0.0001,""epsilon"":1.35}",6,2025021208,2026-04-04,actual_margin,-3.0,0.7894212462232675,1.9.1,20260912,0.7894212462232675,0.0
margin,"margin|robust_huber|sdv_only|{""alpha"":0.0001,""epsilon"":1.35}",6,2025021209,2026-04-04,actual_margin,-2.0,-0.867273345470555,1.9.1,20260912,-0.867273345470555,0.0
margin,"margin|robust_huber|sdv_only|{""alpha"":0.0001,""epsilon"":1.35}",6,2025021210,2026-04-04,actual_margin,2.0,1.0599784767738925,1.9.1,20260912,1.0599784767738925,0.0
margin,"margin|robust_huber|sdv_only|{""alpha"":0.0001,""epsilon"":1.35}",6,2025021211,2026-04-04,actual_margin,5.0,0.1800377194105046,1.9.1,20260912,0.18003771941050467,8.326672684688674e-17
margin,"margin|robust_huber|sdv_only|{""alpha"":0.0001,""epsilon"":1.35}",6,2025021212,2026-04-04,actual_margin,-1.0,-0.0923972894292526,1.9.1,20260912,-0.09239728942925265,5.551115123125783e-17
margin,"margin|robust_huber|sdv_only|{""alpha"":0.0001,""epsilon"":1.35}",6,2025021213,2026-04-04,actual_margin,4.0,-0.0096299989247264,1.9.1,20260912,-0.009629998924726435,3.469446951953614e-17
margin,"margin|robust_huber|sdv_only|{""alpha"":0.0001,""epsilon"":1.35}",6,2025021214,2026-04-04,actual_margin,1.0,1.6373384676367575,1.9.1,20260912,1.6373384676367575,0.0
margin,"margin|robust_huber|sdv_only|{""alpha"":0.0001,""epsilon"":1.35}",6,2025021215,2026-04-04,actual_margin,-1.0,0.6775106795877154,1.9.1,20260912,0.6775106795877154,0.0
margin,"margin|robust_huber|sdv_only|{""alpha"":0.0001,""epsilon"":1.35}",6,2025021216,2026-04-04,actual_margin,-3.0,-1.2365349442537643,1.9.1,20260912,-1.2365349442537643,0.0
margin,"margin|robust_huber|sdv_only|{""alpha"":0.0001,""epsilon"":1.35}",6,2025021217,2026-04-04,actual_margin,1.0,0.8722441483437346,1.9.1,20260912,0.8722441483437346,0.0
margin,"margin|robust_huber|sdv_only|{""alpha"":0.0001,""epsilon"":1.35}",6,2025021218,2026-04-04,actual_margin,-4.0,-0.2359794350082099,1.9.1,20260912,-0.23597943500820995,5.551115123125783e-17
margin,"margin|robust_huber|sdv_only|{""alpha"":0.0001,""epsilon"":1.35}",6,2025021219,2026-04-04,actual_margin,-2.0,0.535884317506212,1.9.1,20260912,0.535884317506212,0.0
margin,"margin|robust_huber|sdv_only|{""alpha"":0.0001,""epsilon"":1.35}",6,2025021220,2026-04-04,actual_margin,-3.0,0.1186131852775415,1.9.1,20260912,0.11861318527754156,5.551115123125783e-17
margin,"margin|robust_huber|sdv_only|{""alpha"":0.0001,""epsilon"":1.35}",6,2025021221,2026-04-04,actual_margin,-2.0,0.4978798897845852,1.9.1,20260912,0.4978798897845852,0.0
margin,"margin|robust_huber|sdv_only|{""alpha"":0.0001,""epsilon"":1.35}",6,2025021222,2026-04-05,actual_margin,-1.0,-0.1387641478424602,1.9.1,20260912,-0.13876414784246027,8.326672684688674e-17
margin,"margin|robust_huber|sdv_only|{""alpha"":0.0001,""epsilon"":1.35}",6,2025021223,2026-04-05,actual_margin,3.0,0.2300031091182086,1.9.1,20260912,0.23000310911820862,2.7755575615628914e-17
margin,"margin|robust_huber|sdv_only|{""alpha"":0.0001,""epsilon"":1.35}",6,2025021224,2026-04-05,actual_margin,1.0,0.5403821039250074,1.9.1,20260912,0.5403821039250074,0.0
margin,"margin|robust_huber|sdv_only|{""alpha"":0.0001,""epsilon"":1.35}",6,2025021225,2026-04-05,actual_margin,3.0,-0.1953497860385035,1.9.1,20260912,-0.1953497860385035,0.0
margin,"margin|robust_huber|sdv_only|{""alpha"":0.0001,""epsilon"":1.35}",6,2025021226,2026-04-05,actual_margin,-3.0,0.383082232755992,1.9.1,20260912,0.383082232755992,0.0
margin,"margin|robust_huber|sdv_only|{""alpha"":0.0001,""epsilon"":1.35}",6,2025021227,2026-04-05,actual_margin,7.0,-0.2069197667846159,1.9.1,20260912,-0.20691976678461593,2.7755575615628914e-17
margin,"margin|robust_huber|sdv_only|{""alpha"":0.0001,""epsilon"":1.35}",6,2025021228,2026-04-05,actual_margin,-1.0,1.311695858125355,1.9.1,20260912,1.311695858125355,0.0
margin,"margin|robust_huber|sdv_only|{""alpha"":0.0001,""epsilon"":1.35}",6,2025021229,2026-04-06,actual_margin,2.0,-0.3175441714517199,1.9.1,20260912,-0.3175441714517199,0.0
margin,"margin|robust_huber|sdv_only|{""alpha"":0.0001,""epsilon"":1.35}",6,2025021230,2026-04-06,actual_margin,4.0,0.3616525502533057,1.9.1,20260912,0.3616525502533057,0.0
margin,"margin|robust_huber|sdv_only|{""alpha"":0.0001,""epsilon"":1.35}",6,2025021231,2026-04-06,actual_margin,1.0,0.6366980433854587,1.9.1,20260912,0.6366980433854587,0.0
margin,"margin|robust_huber|sdv_only|{""alpha"":0.0001,""epsilon"":1.35}",6,2025021232,2026-04-06,actual_margin,1.0,0.668103628009564,1.9.1,20260912,0.668103628009564,0.0
margin,"margin|robust_huber|sdv_only|{""alpha"":0.0001,""epsilon"":1.35}",6,2025021233,2026-04-07,actual_margin,1.0,0.1430714251650211,1.9.1,20260912,0.14307142516502114,2.7755575615628914e-17
margin,"margin|robust_huber|sdv_only|{""alpha"":0.0001,""epsilon"":1.35}",6,2025021234,2026-04-07,actual_margin,4.0,0.2742040483457634,1.9.1,20260912,0.2742040483457634,0.0
margin,"margin|robust_huber|sdv_only|{""alpha"":0.0001,""epsilon"":1.35}",6,2025021235,2026-04-07,actual_margin,-1.0,-0.2330424385828142,1.9.1,20260912,-0.23304243858281426,5.551115123125783e-17
margin,"margin|robust_huber|sdv_only|{""alpha"":0.0001,""epsilon"":1.35}",6,2025021236,2026-04-07,actual_margin,-4.0,-0.1192554284175811,1.9.1,20260912,-0.11925542841758119,8.326672684688674e-17
margin,"margin|robust_huber|sdv_only|{""alpha"":0.0001,""epsilon"":1.35}",6,2025021237,2026-04-07,actual_margin,1.0,1.4583822932511326,1.9.1,20260912,1.4583822932511326,0.0
margin,"margin|robust_huber|sdv_only|{""alpha"":0.0001,""epsilon"":1.35}",6,2025021238,2026-04-07,actual_margin,-2.0,-0.9593794612988484,1.9.1,20260912,-0.9593794612988485,1.1102230246251565e-16
margin,"margin|robust_huber|sdv_only|{""alpha"":0.0001,""epsilon"":1.35}",6,2025021239,2026-04-07,actual_margin,1.0,0.7711283038856246,1.9.1,20260912,0.7711283038856246,0.0
margin,"margin|robust_huber|sdv_only|{""alpha"":0.0001,""epsilon"":1.35}",6,2025021240,2026-04-07,actual_margin,3.0,0.7567090488773677,1.9.1,20260912,0.7567090488773677,0.0
margin,"margin|robust_huber|sdv_only|{""alpha"":0.0001,""epsilon"":1.35}",6,2025021241,2026-04-07,actual_margin,1.0,0.3308770833742951,1.9.1,20260912,0.3308770833742951,0.0
margin,"margin|robust_huber|sdv_only|{""alpha"":0.0001,""epsilon"":1.35}",6,2025021242,2026-04-07,actual_margin,-1.0,-1.422920581951756,1.9.1,20260912,-1.422920581951756,0.0
margin,"margin|robust_huber|sdv_only|{""alpha"":0.0001,""epsilon"":1.35}",6,2025021243,2026-04-07,actual_margin,-5.0,0.3855719987506045,1.9.1,20260912,0.38557199875060455,5.551115123125783e-17
margin,"margin|robust_huber|sdv_only|{""alpha"":0.0001,""epsilon"":1.35}",6,2025021244,2026-04-08,actual_margin,-2.0,-0.3397148600824047,1.9.1,20260912,-0.3397148600824047,0.0
margin,"margin|robust_huber|sdv_only|{""alpha"":0.0001,""epsilon"":1.35}",6,2025021245,2026-04-08,actual_margin,-4.0,-0.3820732703819716,1.9.1,20260912,-0.3820732703819716,0.0
margin,"margin|robust_huber|sdv_only|{""alpha"":0.0001,""epsilon"":1.35}",6,2025021246,2026-04-08,actual_margin,-3.0,-0.4087827825782137,1.9.1,20260912,-0.40878278257821377,5.551115123125783e-17
margin,"margin|robust_huber|sdv_only|{""alpha"":0.0001,""epsilon"":1.35}",6,2025021247,2026-04-09,actual_margin,5.0,0.0837201173657193,1.9.1,20260912,0.08372011736571937,6.938893903907228e-17
margin,"margin|robust_huber|sdv_only|{""alpha"":0.0001,""epsilon"":1.35}",6,2025021248,2026-04-09,actual_margin,1.0,-0.368631582602118,1.9.1,20260912,-0.36863158260211804,5.551115123125783e-17
margin,"margin|robust_huber|sdv_only|{""alpha"":0.0001,""epsilon"":1.35}",6,2025021249,2026-04-09,actual_margin,4.0,0.7927320291982652,1.9.1,20260912,0.7927320291982652,0.0
margin,"margin|robust_huber|sdv_only|{""alpha"":0.0001,""epsilon"":1.35}",6,2025021250,2026-04-09,actual_margin,3.0,-0.1541915711366238,1.9.1,20260912,-0.15419157113662385,5.551115123125783e-17
margin,"margin|robust_huber|sdv_only|{""alpha"":0.0001,""epsilon"":1.35}",6,2025021251,2026-04-09,actual_margin,-3.0,-0.1575652688294297,1.9.1,20260912,-0.15756526882942978,8.326672684688674e-17
margin,"margin|robust_huber|sdv_only|{""alpha"":0.0001,""epsilon"":1.35}",6,2025021252,2026-04-09,actual_margin,2.0,0.2187448351119582,1.9.1,20260912,0.21874483511195825,5.551115123125783e-17
margin,"margin|robust_huber|sdv_only|{""alpha"":0.0001,""epsilon"":1.35}",6,2025021253,2026-04-09,actual_margin,-1.0,0.4696891836349681,1.9.1,20260912,0.4696891836349681,0.0
margin,"margin|robust_huber|sdv_only|{""alpha"":0.0001,""epsilon"":1.35}",6,2025021254,2026-04-09,actual_margin,1.0,0.2037248933032579,1.9.1,20260912,0.20372489330325796,5.551115123125783e-17
margin,"margin|robust_huber|sdv_only|{""alpha"":0.0001,""epsilon"":1.35}",6,2025021255,2026-04-09,actual_margin,-5.0,-1.8464607507804665,1.9.1,20260912,-1.8464607507804662,2.220446049250313e-16
margin,"margin|robust_huber|sdv_only|{""alpha"":0.0001,""epsilon"":1.35}",6,2025021256,2026-04-09,actual_margin,2.0,1.744868244676237,1.9.1,20260912,1.744868244676237,0.0
margin,"margin|robust_huber|sdv_only|{""alpha"":0.0001,""epsilon"":1.35}",6,2025021257,2026-04-09,actual_margin,3.0,0.8961827864241508,1.9.1,20260912,0.8961827864241508,0.0
margin,"margin|robust_huber|sdv_only|{""alpha"":0.0001,""epsilon"":1.35}",6,2025021258,2026-04-09,actual_margin,5.0,0.4661951951341599,1.9.1,20260912,0.46619519513415997,5.551115123125783e-17
margin,"margin|robust_huber|sdv_only|{""alpha"":0.0001,""epsilon"":1.35}",6,2025021259,2026-04-09,actual_margin,1.0,-1.0608720500153246,1.9.1,20260912,-1.0608720500153246,0.0
margin,"margin|robust_huber|sdv_only|{""alpha"":0.0001,""epsilon"":1.35}",6,2025021260,2026-04-09,actual_margin,3.0,1.3452774610774991,1.9.1,20260912,1.3452774610774991,0.0
margin,"margin|robust_huber|sdv_only|{""alpha"":0.0001,""epsilon"":1.35}",6,2025021261,2026-04-11,actual_margin,-1.0,-0.7558071644716429,1.9.1,20260912,-0.7558071644716429,0.0
margin,"margin|robust_huber|sdv_only|{""alpha"":0.0001,""epsilon"":1.35}",6,2025021262,2026-04-11,actual_margin,-3.0,-1.0881196352470597,1.9.1,20260912,-1.0881196352470597,0.0
margin,"margin|robust_huber|sdv_only|{""alpha"":0.0001,""epsilon"":1.35}",6,2025021263,2026-04-11,actual_margin,-3.0,0.3778985731069977,1.9.1,20260912,0.3778985731069977,0.0
margin,"margin|robust_huber|sdv_only|{""alpha"":0.0001,""epsilon"":1.35}",6,2025021264,2026-04-11,actual_margin,1.0,0.1145223468337161,1.9.1,20260912,0.11452234683371613,4.163336342344337e-17
margin,"margin|robust_huber|sdv_only|{""alpha"":0.0001,""epsilon"":1.35}",6,2025021265,2026-04-11,actual_margin,-2.0,0.0766050181599874,1.9.1,20260912,0.07660501815998749,9.71445146547012e-17
margin,"margin|robust_huber|sdv_only|{""alpha"":0.0001,""epsilon"":1.35}",6,2025021266,2026-04-11,actual_margin,-2.0,-0.7418905189052408,1.9.1,20260912,-0.7418905189052408,0.0
margin,"margin|robust_huber|sdv_only|{""alpha"":0.0001,""epsilon"":1.35}",6,2025021267,2026-04-11,actual_margin,1.0,-0.3014650594355108,1.9.1,20260912,-0.30146505943551083,5.551115123125783e-17
margin,"margin|robust_huber|sdv_only|{""alpha"":0.0001,""epsilon"":1.35}",6,2025021268,2026-04-11,actual_margin,2.0,0.6012613416763057,1.9.1,20260912,0.6012613416763057,0.0
margin,"margin|robust_huber|sdv_only|{""alpha"":0.0001,""epsilon"":1.35}",6,2025021269,2026-04-11,actual_margin,-3.0,-0.5439657986214114,1.9.1,20260912,-0.5439657986214114,0.0
margin,"margin|robust_huber|sdv_only|{""alpha"":0.0001,""epsilon"":1.35}",6,2025021270,2026-04-11,actual_margin,-4.0,-0.539889490667983,1.9.1,20260912,-0.539889490667983,0.0
margin,"margin|robust_huber|sdv_only|{""alpha"":0.0001,""epsilon"":1.35}",6,2025021271,2026-04-11,actual_margin,-3.0,0.03741564930482,1.9.1,20260912,0.03741564930482008,8.326672684688674e-17
margin,"margin|robust_huber|sdv_only|{""alpha"":0.0001,""epsilon"":1.35}",6,2025021272,2026-04-11,actual_margin,-6.0,-0.299404761504362,1.9.1,20260912,-0.29940476150436207,5.551115123125783e-17
margin,"margin|robust_huber|sdv_only|{""alpha"":0.0001,""epsilon"":1.35}",6,2025021273,2026-04-11,actual_margin,3.0,0.0753981162995217,1.9.1,20260912,0.0753981162995217,0.0
margin,"margin|robust_huber|sdv_only|{""alpha"":0.0001,""epsilon"":1.35}",6,2025021274,2026-04-11,actual_margin,-1.0,0.6670655769189786,1.9.1,20260912,0.6670655769189786,0.0
margin,"margin|robust_huber|sdv_only|{""alpha"":0.0001,""epsilon"":1.35}",6,2025021275,2026-04-11,actual_margin,-1.0,0.752341012504437,1.9.1,20260912,0.752341012504437,0.0
margin,"margin|robust_huber|sdv_only|{""alpha"":0.0001,""epsilon"":1.35}",6,2025021276,2026-04-12,actual_margin,3.0,-0.0405209519321868,1.9.1,20260912,-0.04052095193218683,2.7755575615628914e-17
margin,"margin|robust_huber|sdv_only|{""alpha"":0.0001,""epsilon"":1.35}",6,2025021277,2026-04-12,actual_margin,-3.0,-0.3665504147796603,1.9.1,20260912,-0.3665504147796603,0.0
margin,"margin|robust_huber|sdv_only|{""alpha"":0.0001,""epsilon"":1.35}",6,2025021278,2026-04-12,actual_margin,-1.0,0.7056308841336878,1.9.1,20260912,0.7056308841336878,0.0
margin,"margin|robust_huber|sdv_only|{""alpha"":0.0001,""epsilon"":1.35}",6,2025021279,2026-04-12,actual_margin,1.0,-0.7127420003831559,1.9.1,20260912,-0.7127420003831559,0.0
margin,"margin|robust_huber|sdv_only|{""alpha"":0.0001,""epsilon"":1.35}",6,2025021280,2026-04-12,actual_margin,-1.0,1.121558654302372,1.9.1,20260912,1.121558654302372,0.0
margin,"margin|robust_huber|sdv_only|{""alpha"":0.0001,""epsilon"":1.35}",6,2025021281,2026-04-12,actual_margin,3.0,-0.7953996786286887,1.9.1,20260912,-0.7953996786286887,0.0
margin,"margin|robust_huber|sdv_only|{""alpha"":0.0001,""epsilon"":1.35}",6,2025021282,2026-04-13,actual_margin,1.0,0.9544533386425696,1.9.1,20260912,0.9544533386425696,0.0
margin,"margin|robust_huber|sdv_only|{""alpha"":0.0001,""epsilon"":1.35}",6,2025021283,2026-04-13,actual_margin,1.0,0.5227219516130561,1.9.1,20260912,0.5227219516130561,0.0
margin,"margin|robust_huber|sdv_only|{""alpha"":0.0001,""epsilon"":1.35}",6,2025021284,2026-04-13,actual_margin,1.0,-0.8325743578777743,1.9.1,20260912,-0.8325743578777743,0.0
margin,"margin|robust_huber|sdv_only|{""alpha"":0.0001,""epsilon"":1.35}",6,2025021285,2026-04-13,actual_margin,-1.0,-0.5610974147995104,1.9.1,20260912,-0.5610974147995104,0.0
margin,"margin|robust_huber|sdv_only|{""alpha"":0.0001,""epsilon"":1.35}",6,2025021286,2026-04-13,actual_margin,3.0,0.0233073995078456,1.9.1,20260912,0.02330739950784562,2.0816681711721685e-17
margin,"margin|robust_huber|sdv_only|{""alpha"":0.0001,""epsilon"":1.35}",6,2025021287,2026-04-13,actual_margin,-1.0,0.1627135127698685,1.9.1,20260912,0.16271351276986856,5.551115123125783e-17
margin,"margin|robust_huber|sdv_only|{""alpha"":0.0001,""epsilon"":1.35}",6,2025021288,2026-04-13,actual_margin,-4.0,-0.9157343533062492,1.9.1,20260912,-0.9157343533062491,1.1102230246251565e-16
margin,"margin|robust_huber|sdv_only|{""alpha"":0.0001,""epsilon"":1.35}",6,2025021289,2026-04-13,actual_margin,-1.0,-0.7942472674303314,1.9.1,20260912,-0.7942472674303314,0.0
margin,"margin|robust_huber|sdv_only|{""alpha"":0.0001,""epsilon"":1.35}",6,2025021290,2026-04-13,actual_margin,4.0,1.0830127688487974,1.9.1,20260912,1.0830127688487974,0.0
margin,"margin|robust_huber|sdv_only|{""alpha"":0.0001,""epsilon"":1.35}",6,2025021291,2026-04-13,actual_margin,-2.0,-0.5630730590421604,1.9.1,20260912,-0.5630730590421604,0.0
margin,"margin|robust_huber|sdv_only|{""alpha"":0.0001,""epsilon"":1.35}",6,2025021292,2026-04-14,actual_margin,4.0,-0.0600845906157415,1.9.1,20260912,-0.06008459061574151,6.938893903907228e-18
margin,"margin|robust_huber|sdv_only|{""alpha"":0.0001,""epsilon"":1.35}",6,2025021293,2026-04-14,actual_margin,-1.0,-1.2788231721343997,1.9.1,20260912,-1.2788231721343997,0.0
margin,"margin|robust_huber|sdv_only|{""alpha"":0.0001,""epsilon"":1.35}",6,2025021294,2026-04-14,actual_margin,2.0,0.2162121987525264,1.9.1,20260912,0.2162121987525264,0.0
margin,"margin|robust_huber|sdv_only|{""alpha"":0.0001,""epsilon"":1.35}",6,2025021295,2026-04-14,actual_margin,-1.0,0.4099522589890281,1.9.1,20260912,0.4099522589890281,0.0
margin,"margin|robust_huber|sdv_only|{""alpha"":0.0001,""epsilon"":1.35}",6,2025021296,2026-04-14,actual_margin,1.0,0.2627897735164525,1.9.1,20260912,0.2627897735164525,0.0
margin,"margin|robust_huber|sdv_only|{""alpha"":0.0001,""epsilon"":1.35}",6,2025021297,2026-04-14,actual_margin,2.0,0.8386421020772487,1.9.1,20260912,0.8386421020772487,0.0
margin,"margin|robust_huber|sdv_only|{""alpha"":0.0001,""epsilon"":1.35}",6,2025021298,2026-04-14,actual_margin,-2.0,-1.5316877541915352,1.9.1,20260912,-1.5316877541915352,0.0
margin,"margin|robust_huber|sdv_only|{""alpha"":0.0001,""epsilon"":1.35}",6,2025021299,2026-04-14,actual_margin,2.0,-0.0539340962725591,1.9.1,20260912,-0.05393409627255913,2.7755575615628914e-17
margin,"margin|robust_huber|sdv_only|{""alpha"":0.0001,""epsilon"":1.35}",6,2025021300,2026-04-14,actual_margin,1.0,-1.0681317509405606,1.9.1,20260912,-1.0681317509405606,0.0
margin,"margin|robust_huber|sdv_only|{""alpha"":0.0001,""epsilon"":1.35}",6,2025021301,2026-04-15,actual_margin,-1.0,0.1892921079355867,1.9.1,20260912,0.18929210793558673,2.7755575615628914e-17
margin,"margin|robust_huber|sdv_only|{""alpha"":0.0001,""epsilon"":1.35}",6,2025021302,2026-04-15,actual_margin,-2.0,0.981695669521977,1.9.1,20260912,0.981695669521977,0.0
margin,"margin|robust_huber|sdv_only|{""alpha"":0.0001,""epsilon"":1.35}",6,2025021303,2026-04-15,actual_margin,7.0,0.4030010650540706,1.9.1,20260912,0.4030010650540706,0.0
margin,"margin|robust_huber|sdv_only|{""alpha"":0.0001,""epsilon"":1.35}",6,2025021304,2026-04-15,actual_margin,2.0,1.464173873467932,1.9.1,20260912,1.464173873467932,0.0
margin,"margin|robust_huber|sdv_only|{""alpha"":0.0001,""epsilon"":1.35}",6,2025021305,2026-04-15,actual_margin,3.0,-0.4046330116027147,1.9.1,20260912,-0.4046330116027147,0.0
margin,"margin|robust_huber|sdv_only|{""alpha"":0.0001,""epsilon"":1.35}",6,2025021306,2026-04-15,actual_margin,3.0,1.332014412625048,1.9.1,20260912,1.332014412625048,0.0
margin,"margin|robust_huber|sdv_only|{""alpha"":0.0001,""epsilon"":1.35}",6,2025021307,2026-04-16,actual_margin,-1.0,-0.2124617599390739,1.9.1,20260912,-0.2124617599390739,0.0
margin,"margin|robust_huber|sdv_only|{""alpha"":0.0001,""epsilon"":1.35}",6,2025021308,2026-04-16,actual_margin,-5.0,0.266792202046431,1.9.1,20260912,0.26679220204643106,5.551115123125783e-17
margin,"margin|robust_huber|sdv_only|{""alpha"":0.0001,""epsilon"":1.35}",6,2025021309,2026-04-16,actual_margin,-2.0,0.538359743517272,1.9.1,20260912,0.538359743517272,0.0
margin,"margin|robust_huber|sdv_only|{""alpha"":0.0001,""epsilon"":1.35}",6,2025021310,2026-04-16,actual_margin,2.0,-0.5456531085319245,1.9.1,20260912,-0.5456531085319245,0.0
margin,"margin|robust_huber|sdv_only|{""alpha"":0.0001,""epsilon"":1.35}",6,2025021311,2026-04-16,actual_margin,5.0,1.400447796984691,1.9.1,20260912,1.400447796984691,0.0
margin,"margin|robust_huber|sdv_only|{""alpha"":0.0001,""epsilon"":1.35}",6,2025021312,2026-04-16,actual_margin,2.0,1.873977597606276,1.9.1,20260912,1.873977597606276,0.0
moneyline,moneyline|logistic|sdv_only|{},1,2025020123,2025-10-24,actual_home_win,1.0,0.5152137447975125,1.9.1,20260912,0.5152137447975125,0.0
moneyline,moneyline|logistic|sdv_only|{},1,2025020124,2025-10-24,actual_home_win,1.0,0.5768284456123721,1.9.1,20260912,0.5768284456123721,0.0
moneyline,moneyline|logistic|sdv_only|{},1,2025020125,2025-10-24,actual_home_win,0.0,0.4599448341714941,1.9.1,20260912,0.4599448341714941,0.0
moneyline,moneyline|logistic|sdv_only|{},1,2025020126,2025-10-24,actual_home_win,1.0,0.474177646738705,1.9.1,20260912,0.47417764673870505,5.551115123125783e-17
moneyline,moneyline|logistic|sdv_only|{},1,2025020127,2025-10-25,actual_home_win,1.0,0.5808493067728098,1.9.1,20260912,0.5808493067728098,0.0
moneyline,moneyline|logistic|sdv_only|{},1,2025020128,2025-10-25,actual_home_win,1.0,0.3877525655055219,1.9.1,20260912,0.3877525655055219,0.0
moneyline,moneyline|logistic|sdv_only|{},1,2025020129,2025-10-25,actual_home_win,1.0,0.5578693113401436,1.9.1,20260912,0.5578693113401436,0.0
moneyline,moneyline|logistic|sdv_only|{},1,2025020130,2025-10-25,actual_home_win,1.0,0.5263125006930842,1.9.1,20260912,0.5263125006930842,0.0
moneyline,moneyline|logistic|sdv_only|{},1,2025020131,2025-10-25,actual_home_win,0.0,0.4831340509589545,1.9.1,20260912,0.4831340509589545,0.0
moneyline,moneyline|logistic|sdv_only|{},1,2025020132,2025-10-25,actual_home_win,1.0,0.5114362274011481,1.9.1,20260912,0.5114362274011481,0.0
moneyline,moneyline|logistic|sdv_only|{},1,2025020133,2025-10-25,actual_home_win,1.0,0.5073883865158392,1.9.1,20260912,0.5073883865158392,0.0
moneyline,moneyline|logistic|sdv_only|{},1,2025020134,2025-10-25,actual_home_win,0.0,0.4901516310692784,1.9.1,20260912,0.49015163106927845,5.551115123125783e-17
moneyline,moneyline|logistic|sdv_only|{},1,2025020135,2025-10-25,actual_home_win,0.0,0.542636075318056,1.9.1,20260912,0.542636075318056,0.0
moneyline,moneyline|logistic|sdv_only|{},1,2025020136,2025-10-25,actual_home_win,0.0,0.4389557341475801,1.9.1,20260912,0.43895573414758016,5.551115123125783e-17
moneyline,moneyline|logistic|sdv_only|{},1,2025020137,2025-10-25,actual_home_win,1.0,0.4630289139811414,1.9.1,20260912,0.4630289139811414,0.0
moneyline,moneyline|logistic|sdv_only|{},1,2025020138,2025-10-25,actual_home_win,1.0,0.477273764392318,1.9.1,20260912,0.47727376439231806,5.551115123125783e-17
moneyline,moneyline|logistic|sdv_only|{},1,2025020139,2025-10-25,actual_home_win,1.0,0.5221288874405591,1.9.1,20260912,0.5221288874405591,0.0
moneyline,moneyline|logistic|sdv_only|{},1,2025020140,2025-10-26,actual_home_win,1.0,0.4313903717092857,1.9.1,20260912,0.43139037170928574,5.551115123125783e-17
moneyline,moneyline|logistic|sdv_only|{},1,2025020141,2025-10-26,actual_home_win,1.0,0.5120325164249643,1.9.1,20260912,0.5120325164249643,0.0
moneyline,moneyline|logistic|sdv_only|{},1,2025020142,2025-10-26,actual_home_win,0.0,0.5290510844013936,1.9.1,20260912,0.5290510844013936,0.0
moneyline,moneyline|logistic|sdv_only|{},1,2025020143,2025-10-26,actual_home_win,0.0,0.428666594694039,1.9.1,20260912,0.42866659469403906,5.551115123125783e-17
moneyline,moneyline|logistic|sdv_only|{},1,2025020144,2025-10-26,actual_home_win,0.0,0.4557367803880481,1.9.1,20260912,0.45573678038804816,5.551115123125783e-17
moneyline,moneyline|logistic|sdv_only|{},1,2025020145,2025-10-26,actual_home_win,0.0,0.4271552841620293,1.9.1,20260912,0.4271552841620293,0.0
moneyline,moneyline|logistic|sdv_only|{},1,2025020146,2025-10-26,actual_home_win,1.0,0.5081799158010192,1.9.1,20260912,0.5081799158010192,0.0
moneyline,moneyline|logistic|sdv_only|{},1,2025020147,2025-10-26,actual_home_win,1.0,0.4777815477014933,1.9.1,20260912,0.4777815477014933,0.0
moneyline,moneyline|logistic|sdv_only|{},1,2025020148,2025-10-27,actual_home_win,1.0,0.4700854779623874,1.9.1,20260912,0.4700854779623874,0.0
moneyline,moneyline|logistic|sdv_only|{},1,2025020149,2025-10-27,actual_home_win,1.0,0.5642671683587719,1.9.1,20260912,0.5642671683587719,0.0
moneyline,moneyline|logistic|sdv_only|{},1,2025020150,2025-10-28,actual_home_win,1.0,0.5368592241760062,1.9.1,20260912,0.5368592241760062,0.0
moneyline,moneyline|logistic|sdv_only|{},1,2025020151,2025-10-28,actual_home_win,1.0,0.505209471164876,1.9.1,20260912,0.505209471164876,0.0
moneyline,moneyline|logistic|sdv_only|{},1,2025020152,2025-10-28,actual_home_win,0.0,0.4677888929000446,1.9.1,20260912,0.4677888929000446,0.0
moneyline,moneyline|logistic|sdv_only|{},1,2025020153,2025-10-28,actual_home_win,0.0,0.5824721704367501,1.9.1,20260912,0.5824721704367501,0.0
moneyline,moneyline|logistic|sdv_only|{},1,2025020154,2025-10-28,actual_home_win,1.0,0.5214966997378857,1.9.1,20260912,0.5214966997378857,0.0
moneyline,moneyline|logistic|sdv_only|{},1,2025020155,2025-10-28,actual_home_win,0.0,0.5672925347545129,1.9.1,20260912,0.5672925347545129,0.0
moneyline,moneyline|logistic|sdv_only|{},1,2025020156,2025-10-28,actual_home_win,0.0,0.4367204555682503,1.9.1,20260912,0.4367204555682503,0.0
moneyline,moneyline|logistic|sdv_only|{},1,2025020157,2025-10-28,actual_home_win,0.0,0.5332094853635416,1.9.1,20260912,0.5332094853635416,0.0
moneyline,moneyline|logistic|sdv_only|{},1,2025020158,2025-10-28,actual_home_win,0.0,0.5377297683251346,1.9.1,20260912,0.5377297683251346,0.0
moneyline,moneyline|logistic|sdv_only|{},1,2025020159,2025-10-28,actual_home_win,1.0,0.5305164436177433,1.9.1,20260912,0.5305164436177433,0.0
moneyline,moneyline|logistic|sdv_only|{},1,2025020160,2025-10-28,actual_home_win,1.0,0.4431798148248309,1.9.1,20260912,0.44317981482483093,5.551115123125783e-17
moneyline,moneyline|logistic|sdv_only|{},1,2025020161,2025-10-28,actual_home_win,1.0,0.5779613694417959,1.9.1,20260912,0.5779613694417959,0.0
moneyline,moneyline|logistic|sdv_only|{},1,2025020162,2025-10-28,actual_home_win,1.0,0.4881893762695701,1.9.1,20260912,0.4881893762695701,0.0
moneyline,moneyline|logistic|sdv_only|{},1,2025020163,2025-10-28,actual_home_win,0.0,0.4282996222474189,1.9.1,20260912,0.4282996222474189,0.0
moneyline,moneyline|logistic|sdv_only|{},1,2025020164,2025-10-28,actual_home_win,0.0,0.4835366013149129,1.9.1,20260912,0.48353660131491294,5.551115123125783e-17
moneyline,moneyline|logistic|sdv_only|{},1,2025020165,2025-10-28,actual_home_win,0.0,0.4643089957306956,1.9.1,20260912,0.4643089957306956,0.0
moneyline,moneyline|logistic|sdv_only|{},1,2025020166,2025-10-29,actual_home_win,1.0,0.5722070400946982,1.9.1,20260912,0.5722070400946982,0.0
moneyline,moneyline|logistic|sdv_only|{},1,2025020167,2025-10-30,actual_home_win,1.0,0.4844753573628867,1.9.1,20260912,0.4844753573628867,0.0
moneyline,moneyline|logistic|sdv_only|{},1,2025020168,2025-10-30,actual_home_win,1.0,0.5358346700093432,1.9.1,20260912,0.5358346700093432,0.0
moneyline,moneyline|logistic|sdv_only|{},1,2025020169,2025-10-30,actual_home_win,1.0,0.5490665388177803,1.9.1,20260912,0.5490665388177803,0.0
moneyline,moneyline|logistic|sdv_only|{},1,2025020170,2025-10-30,actual_home_win,1.0,0.6071180590301757,1.9.1,20260912,0.6071180590301757,0.0
moneyline,moneyline|logistic|sdv_only|{},1,2025020171,2025-10-30,actual_home_win,1.0,0.5848930437231499,1.9.1,20260912,0.5848930437231499,0.0
moneyline,moneyline|logistic|sdv_only|{},1,2025020172,2025-10-30,actual_home_win,0.0,0.5742810999665485,1.9.1,20260912,0.5742810999665485,0.0
moneyline,moneyline|logistic|sdv_only|{},1,2025020173,2025-10-30,actual_home_win,0.0,0.5030335092596633,1.9.1,20260912,0.5030335092596633,0.0
moneyline,moneyline|logistic|sdv_only|{},1,2025020174,2025-10-30,actual_home_win,1.0,0.4878216286496875,1.9.1,20260912,0.48782162864968753,5.551115123125783e-17
moneyline,moneyline|logistic|sdv_only|{},1,2025020175,2025-10-30,actual_home_win,0.0,0.4801502273943573,1.9.1,20260912,0.48015022739435737,5.551115123125783e-17
moneyline,moneyline|logistic|sdv_only|{},1,2025020176,2025-10-30,actual_home_win,1.0,0.4518446390760915,1.9.1,20260912,0.45184463907609157,5.551115123125783e-17
moneyline,moneyline|logistic|sdv_only|{},1,2025020177,2025-10-30,actual_home_win,0.0,0.5136841031587801,1.9.1,20260912,0.5136841031587801,0.0
moneyline,moneyline|logistic|sdv_only|{},1,2025020178,2025-10-31,actual_home_win,0.0,0.447288206206696,1.9.1,20260912,0.447288206206696,0.0
moneyline,moneyline|logistic|sdv_only|{},1,2025020179,2025-10-31,actual_home_win,0.0,0.6009188945529547,1.9.1,20260912,0.6009188945529547,0.0
moneyline,moneyline|logistic|sdv_only|{},1,2025020180,2025-10-31,actual_home_win,1.0,0.4525352082639743,1.9.1,20260912,0.4525352082639743,0.0
moneyline,moneyline|logistic|sdv_only|{},1,2025020181,2025-11-01,actual_home_win,1.0,0.4269272185614741,1.9.1,20260912,0.42692721856147414,5.551115123125783e-17
moneyline,moneyline|logistic|sdv_only|{},1,2025020182,2025-11-01,actual_home_win,1.0,0.4613954273592182,1.9.1,20260912,0.46139542735921824,5.551115123125783e-17
moneyline,moneyline|logistic|sdv_only|{},1,2025020183,2025-11-01,actual_home_win,1.0,0.4276496239071462,1.9.1,20260912,0.4276496239071462,0.0
moneyline,moneyline|logistic|sdv_only|{},1,2025020184,2025-11-01,actual_home_win,1.0,0.3935091580127621,1.9.1,20260912,0.39350915801276215,5.551115123125783e-17
moneyline,moneyline|logistic|sdv_only|{},1,2025020185,2025-11-01,actual_home_win,1.0,0.5469788093254494,1.9.1,20260912,0.5469788093254494,0.0
moneyline,moneyline|logistic|sdv_only|{},1,2025020186,2025-11-01,actual_home_win,1.0,0.4911229178661805,1.9.1,20260912,0.49112291786618056,5.551115123125783e-17
moneyline,moneyline|logistic|sdv_only|{},1,2025020187,2025-11-01,actual_home_win,1.0,0.5069101930085189,1.9.1,20260912,0.5069101930085189,0.0
moneyline,moneyline|logistic|sdv_only|{},1,2025020188,2025-11-01,actual_home_win,0.0,0.5030701620149879,1.9.1,20260912,0.5030701620149879,0.0
moneyline,moneyline|logistic|sdv_only|{},1,2025020189,2025-11-01,actual_home_win,1.0,0.5307134397996528,1.9.1,20260912,0.5307134397996528,0.0
moneyline,moneyline|logistic|sdv_only|{},1,2025020190,2025-11-01,actual_home_win,1.0,0.5423596316523644,1.9.1,20260912,0.5423596316523644,0.0
moneyline,moneyline|logistic|sdv_only|{},1,2025020191,2025-11-01,actual_home_win,0.0,0.4642645320988074,1.9.1,20260912,0.46426453209880747,5.551115123125783e-17
moneyline,moneyline|logistic|sdv_only|{},1,2025020192,2025-11-01,actual_home_win,1.0,0.5463503447112349,1.9.1,20260912,0.5463503447112349,0.0
moneyline,moneyline|logistic|sdv_only|{},1,2025020193,2025-11-01,actual_home_win,0.0,0.4504536575593974,1.9.1,20260912,0.4504536575593974,0.0
moneyline,moneyline|logistic|sdv_only|{},1,2025020194,2025-11-02,actual_home_win,0.0,0.4719950970953397,1.9.1,20260912,0.47199509709533977,5.551115123125783e-17
moneyline,moneyline|logistic|sdv_only|{},1,2025020195,2025-11-02,actual_home_win,1.0,0.443336907340408,1.9.1,20260912,0.443336907340408,0.0
moneyline,moneyline|logistic|sdv_only|{},1,2025020196,2025-11-02,actual_home_win,0.0,0.4819569932101943,1.9.1,20260912,0.48195699321019436,5.551115123125783e-17
moneyline,moneyline|logistic|sdv_only|{},1,2025020197,2025-11-02,actual_home_win,1.0,0.4384954309260896,1.9.1,20260912,0.4384954309260896,0.0
moneyline,moneyline|logistic|sdv_only|{},1,2025020198,2025-11-02,actual_home_win,0.0,0.4905906081615538,1.9.1,20260912,0.4905906081615538,0.0
moneyline,moneyline|logistic|sdv_only|{},1,2025020199,2025-11-03,actual_home_win,1.0,0.5523048521235302,1.9.1,20260912,0.5523048521235302,0.0
moneyline,moneyline|logistic|sdv_only|{},1,2025020200,2025-11-03,actual_home_win,1.0,0.5303340863252232,1.9.1,20260912,0.5303340863252232,0.0
moneyline,moneyline|logistic|sdv_only|{},1,2025020201,2025-11-03,actual_home_win,0.0,0.5033530847206961,1.9.1,20260912,0.5033530847206961,0.0
moneyline,moneyline|logistic|sdv_only|{},1,2025020202,2025-11-03,actual_home_win,1.0,0.5233568631084692,1.9.1,20260912,0.5233568631084692,0.0
moneyline,moneyline|logistic|sdv_only|{},1,2025020203,2025-11-04,actual_home_win,0.0,0.4899318373682673,1.9.1,20260912,0.4899318373682673,0.0
moneyline,moneyline|logistic|sdv_only|{},1,2025020204,2025-11-04,actual_home_win,0.0,0.5466930866618784,1.9.1,20260912,0.5466930866618784,0.0
moneyline,moneyline|logistic|sdv_only|{},1,2025020205,2025-11-04,actual_home_win,0.0,0.5111970241452117,1.9.1,20260912,0.5111970241452117,0.0
moneyline,moneyline|logistic|sdv_only|{},1,2025020206,2025-11-04,actual_home_win,0.0,0.5294724324076157,1.9.1,20260912,0.5294724324076157,0.0
moneyline,moneyline|logistic|sdv_only|{},1,2025020207,2025-11-04,actual_home_win,1.0,0.5071663515182404,1.9.1,20260912,0.5071663515182404,0.0
moneyline,moneyline|logistic|sdv_only|{},1,2025020208,2025-11-04,actual_home_win,1.0,0.5573771996641255,1.9.1,20260912,0.5573771996641255,0.0
moneyline,moneyline|logistic|sdv_only|{},1,2025020209,2025-11-04,actual_home_win,1.0,0.569479513250958,1.9.1,20260912,0.569479513250958,0.0
moneyline,moneyline|logistic|sdv_only|{},1,2025020210,2025-11-04,actual_home_win,1.0,0.5214455222846448,1.9.1,20260912,0.5214455222846448,0.0
moneyline,moneyline|logistic|sdv_only|{},1,2025020211,2025-11-04,actual_home_win,1.0,0.4400335091863185,1.9.1,20260912,0.44003350918631856,5.551115123125783e-17
moneyline,moneyline|logistic|sdv_only|{},1,2025020212,2025-11-04,actual_home_win,1.0,0.5701253723599863,1.9.1,20260912,0.5701253723599863,0.0
moneyline,moneyline|logistic|sdv_only|{},1,2025020213,2025-11-05,actual_home_win,1.0,0.4650559873097785,1.9.1,20260912,0.46505598730977854,5.551115123125783e-17
moneyline,moneyline|logistic|sdv_only|{},1,2025020214,2025-11-05,actual_home_win,1.0,0.5382942858694049,1.9.1,20260912,0.5382942858694049,0.0
moneyline,moneyline|logistic|sdv_only|{},1,2025020215,2025-11-05,actual_home_win,1.0,0.5358306739559926,1.9.1,20260912,0.5358306739559926,0.0
moneyline,moneyline|logistic|sdv_only|{},1,2025020216,2025-11-05,actual_home_win,0.0,0.4561132731221149,1.9.1,20260912,0.45611327312211497,5.551115123125783e-17
moneyline,moneyline|logistic|sdv_only|{},1,2025020217,2025-11-05,actual_home_win,0.0,0.4898939306303853,1.9.1,20260912,0.4898939306303853,0.0
moneyline,moneyline|logistic|sdv_only|{},1,2025020218,2025-11-06,actual_home_win,1.0,0.4649404650150676,1.9.1,20260912,0.46494046501506764,5.551115123125783e-17
moneyline,moneyline|logistic|sdv_only|{},1,2025020219,2025-11-06,actual_home_win,0.0,0.5053626827483213,1.9.1,20260912,0.5053626827483213,0.0
moneyline,moneyline|logistic|sdv_only|{},1,2025020220,2025-11-06,actual_home_win,1.0,0.5066574731141608,1.9.1,20260912,0.5066574731141608,0.0
moneyline,moneyline|logistic|sdv_only|{},1,2025020221,2025-11-06,actual_home_win,1.0,0.4518932712643229,1.9.1,20260912,0.4518932712643229,0.0
moneyline,moneyline|logistic|sdv_only|{},1,2025020222,2025-11-06,actual_home_win,1.0,0.5872858033131357,1.9.1,20260912,0.5872858033131357,0.0
moneyline,moneyline|logistic|sdv_only|{},1,2025020223,2025-11-06,actual_home_win,0.0,0.4339897085075409,1.9.1,20260912,0.43398970850754093,5.551115123125783e-17
moneyline,moneyline|logistic|sdv_only|{},1,2025020224,2025-11-06,actual_home_win,0.0,0.5297848192857283,1.9.1,20260912,0.5297848192857283,0.0
moneyline,moneyline|logistic|sdv_only|{},1,2025020225,2025-11-06,actual_home_win,0.0,0.4925339407991065,1.9.1,20260912,0.4925339407991065,0.0
moneyline,moneyline|logistic|sdv_only|{},1,2025020226,2025-11-06,actual_home_win,0.0,0.4883602071460298,1.9.1,20260912,0.48836020714602985,5.551115123125783e-17
moneyline,moneyline|logistic|sdv_only|{},1,2025020227,2025-11-07,actual_home_win,0.0,0.472195972385233,1.9.1,20260912,0.472195972385233,0.0
moneyline,moneyline|logistic|sdv_only|{},1,2025020228,2025-11-07,actual_home_win,0.0,0.5397209056209071,1.9.1,20260912,0.5397209056209071,0.0
moneyline,moneyline|logistic|sdv_only|{},1,2025020229,2025-11-07,actual_home_win,0.0,0.5563105295739487,1.9.1,20260912,0.5563105295739487,0.0
moneyline,moneyline|logistic|sdv_only|{},1,2025020230,2025-11-07,actual_home_win,1.0,0.5534996426140059,1.9.1,20260912,0.5534996426140059,0.0
moneyline,moneyline|logistic|sdv_only|{},1,2025020231,2025-11-08,actual_home_win,1.0,0.5489285426592658,1.9.1,20260912,0.5489285426592658,0.0
moneyline,moneyline|logistic|sdv_only|{},1,2025020232,2025-11-08,actual_home_win,0.0,0.4881539951398151,1.9.1,20260912,0.48815399513981517,5.551115123125783e-17
moneyline,moneyline|logistic|sdv_only|{},1,2025020233,2025-11-08,actual_home_win,0.0,0.4558126378354403,1.9.1,20260912,0.4558126378354403,0.0
moneyline,moneyline|logistic|sdv_only|{},1,2025020234,2025-11-08,actual_home_win,0.0,0.5365459945566324,1.9.1,20260912,0.5365459945566324,0.0
moneyline,moneyline|logistic|sdv_only|{},1,2025020235,2025-11-08,actual_home_win,1.0,0.4965740644055611,1.9.1,20260912,0.4965740644055611,0.0
moneyline,moneyline|logistic|sdv_only|{},1,2025020236,2025-11-08,actual_home_win,1.0,0.5326787695962312,1.9.1,20260912,0.5326787695962312,0.0
moneyline,moneyline|logistic|sdv_only|{},1,2025020237,2025-11-08,actual_home_win,0.0,0.597301074155649,1.9.1,20260912,0.597301074155649,0.0
moneyline,moneyline|logistic|sdv_only|{},1,2025020238,2025-11-08,actual_home_win,1.0,0.5556000422610925,1.9.1,20260912,0.5556000422610925,0.0
moneyline,moneyline|logistic|sdv_only|{},1,2025020239,2025-11-08,actual_home_win,0.0,0.5414983570725449,1.9.1,20260912,0.5414983570725449,0.0
moneyline,moneyline|logistic|sdv_only|{},1,2025020240,2025-11-08,actual_home_win,0.0,0.3756814294969753,1.9.1,20260912,0.3756814294969753,0.0
moneyline,moneyline|logistic|sdv_only|{},1,2025020241,2025-11-08,actual_home_win,1.0,0.4531972678098207,1.9.1,20260912,0.4531972678098207,0.0
moneyline,moneyline|logistic|sdv_only|{},1,2025020242,2025-11-08,actual_home_win,0.0,0.5845130921707159,1.9.1,20260912,0.5845130921707159,0.0
moneyline,moneyline|logistic|sdv_only|{},1,2025020243,2025-11-08,actual_home_win,1.0,0.4734135546582393,1.9.1,20260912,0.47341355465823937,5.551115123125783e-17
moneyline,moneyline|logistic|sdv_only|{},1,2025020244,2025-11-09,actual_home_win,0.0,0.5383833647942301,1.9.1,20260912,0.5383833647942301,0.0
moneyline,moneyline|logistic|sdv_only|{},1,2025020245,2025-11-09,actual_home_win,0.0,0.4964192081110295,1.9.1,20260912,0.4964192081110295,0.0
moneyline,moneyline|logistic|sdv_only|{},1,2025020246,2025-11-09,actual_home_win,0.0,0.4687896425621023,1.9.1,20260912,0.46878964256210237,5.551115123125783e-17
moneyline,moneyline|logistic|sdv_only|{},1,2025020247,2025-11-09,actual_home_win,1.0,0.4908847124350742,1.9.1,20260912,0.4908847124350742,0.0
moneyline,moneyline|logistic|sdv_only|{},1,2025020248,2025-11-09,actual_home_win,1.0,0.5430664638983215,1.9.1,20260912,0.5430664638983215,0.0
moneyline,moneyline|logistic|sdv_only|{},1,2025020249,2025-11-09,actual_home_win,1.0,0.4618685182842404,1.9.1,20260912,0.4618685182842404,0.0
moneyline,moneyline|logistic|sdv_only|{},1,2025020250,2025-11-09,actual_home_win,0.0,0.3278394228754917,1.9.1,20260912,0.3278394228754917,0.0
moneyline,moneyline|logistic|sdv_only|{},1,2025020251,2025-11-09,actual_home_win,1.0,0.5547860277056915,1.9.1,20260912,0.5547860277056915,0.0
moneyline,moneyline|logistic|sdv_only|{},1,2025020252,2025-11-10,actual_home_win,0.0,0.5416506411306977,1.9.1,20260912,0.5416506411306977,0.0
moneyline,moneyline|logistic|sdv_only|{},1,2025020253,2025-11-10,actual_home_win,1.0,0.6296465559155284,1.9.1,20260912,0.6296465559155284,0.0
moneyline,moneyline|logistic|sdv_only|{},1,2025020254,2025-11-10,actual_home_win,1.0,0.517362063400297,1.9.1,20260912,0.517362063400297,0.0
moneyline,moneyline|logistic|sdv_only|{},1,2025020255,2025-11-10,actual_home_win,0.0,0.519878399537523,1.9.1,20260912,0.519878399537523,0.0
moneyline,moneyline|logistic|sdv_only|{},1,2025020256,2025-11-11,actual_home_win,1.0,0.5137144886538368,1.9.1,20260912,0.5137144886538368,0.0
moneyline,moneyline|logistic|sdv_only|{},1,2025020257,2025-11-11,actual_home_win,0.0,0.5362125253288471,1.9.1,20260912,0.5362125253288471,0.0
moneyline,moneyline|logistic|sdv_only|{},1,2025020258,2025-11-11,actual_home_win,0.0,0.5392734140291086,1.9.1,20260912,0.5392734140291086,0.0
moneyline,moneyline|logistic|sdv_only|{},1,2025020259,2025-11-11,actual_home_win,0.0,0.5213078683926635,1.9.1,20260912,0.5213078683926635,0.0
moneyline,moneyline|logistic|sdv_only|{},1,2025020260,2025-11-11,actual_home_win,1.0,0.4911704696701484,1.9.1,20260912,0.4911704696701484,0.0
moneyline,moneyline|logistic|sdv_only|{},1,2025020261,2025-11-11,actual_home_win,0.0,0.4854046845071864,1.9.1,20260912,0.4854046845071864,0.0
moneyline,moneyline|logistic|sdv_only|{},1,2025020262,2025-11-11,actual_home_win,1.0,0.653876248885136,1.9.1,20260912,0.653876248885136,0.0
moneyline,moneyline|logistic|sdv_only|{},1,2025020263,2025-11-11,actual_home_win,0.0,0.5364460829826727,1.9.1,20260912,0.5364460829826727,0.0
moneyline,moneyline|logistic|sdv_only|{},1,2025020264,2025-11-11,actual_home_win,0.0,0.468250807748965,1.9.1,20260912,0.46825080774896505,5.551115123125783e-17
moneyline,moneyline|logistic|sdv_only|{},1,2025020265,2025-11-12,actual_home_win,0.0,0.5321687646776053,1.9.1,20260912,0.5321687646776053,0.0
moneyline,moneyline|logistic|sdv_only|{},1,2025020266,2025-11-12,actual_home_win,0.0,0.518865020088198,1.9.1,20260912,0.518865020088198,0.0
moneyline,moneyline|logistic|sdv_only|{},1,2025020267,2025-11-12,actual_home_win,1.0,0.5361765337057499,1.9.1,20260912,0.5361765337057499,0.0
moneyline,moneyline|logistic|sdv_only|{},1,2025020268,2025-11-12,actual_home_win,0.0,0.4512776419979117,1.9.1,20260912,0.4512776419979117,0.0
moneyline,moneyline|logistic|sdv_only|{},1,2025020269,2025-11-13,actual_home_win,0.0,0.4900489004192868,1.9.1,20260912,0.4900489004192868,0.0
moneyline,moneyline|logistic|sdv_only|{},1,2025020270,2025-11-13,actual_home_win,0.0,0.525489367901428,1.9.1,20260912,0.525489367901428,0.0
moneyline,moneyline|logistic|sdv_only|{},1,2025020271,2025-11-13,actual_home_win,1.0,0.5484147756884313,1.9.1,20260912,0.5484147756884313,0.0
moneyline,moneyline|logistic|sdv_only|{},1,2025020272,2025-11-13,actual_home_win,1.0,0.532254032148716,1.9.1,20260912,0.532254032148716,0.0
moneyline,moneyline|logistic|sdv_only|{},1,2025020273,2025-11-13,actual_home_win,1.0,0.4933026553179698,1.9.1,20260912,0.49330265531796985,5.551115123125783e-17
moneyline,moneyline|logistic|sdv_only|{},1,2025020274,2025-11-13,actual_home_win,1.0,0.5221497985957881,1.9.1,20260912,0.5221497985957881,0.0
moneyline,moneyline|logistic|sdv_only|{},1,2025020275,2025-11-13,actual_home_win,1.0,0.6243647666218145,1.9.1,20260912,0.6243647666218145,0.0
moneyline,moneyline|logistic|sdv_only|{},1,2025020276,2025-11-13,actual_home_win,1.0,0.5391697612158157,1.9.1,20260912,0.5391697612158157,0.0
moneyline,moneyline|logistic|sdv_only|{},1,2025020277,2025-11-13,actual_home_win,0.0,0.5876303993337592,1.9.1,20260912,0.5876303993337592,0.0
moneyline,moneyline|logistic|sdv_only|{},1,2025020278,2025-11-13,actual_home_win,1.0,0.5398632984937487,1.9.1,20260912,0.5398632984937487,0.0
moneyline,moneyline|logistic|sdv_only|{},1,2025020279,2025-11-14,actual_home_win,1.0,0.6257117008447197,1.9.1,20260912,0.6257117008447197,0.0
moneyline,moneyline|logistic|sdv_only|{},1,2025020280,2025-11-14,actual_home_win,0.0,0.5186574563784557,1.9.1,20260912,0.5186574563784557,0.0
moneyline,moneyline|logistic|sdv_only|{},1,2025020281,2025-11-14,actual_home_win,1.0,0.4638812710475433,1.9.1,20260912,0.4638812710475433,0.0
moneyline,moneyline|logistic|sdv_only|{},1,2025020282,2025-11-14,actual_home_win,0.0,0.5696125052070454,1.9.1,20260912,0.5696125052070454,0.0
moneyline,moneyline|logistic|sdv_only|{},1,2025020283,2025-11-15,actual_home_win,0.0,0.4781177597596581,1.9.1,20260912,0.47811775975965815,5.551115123125783e-17
moneyline,moneyline|logistic|sdv_only|{},1,2025020284,2025-11-15,actual_home_win,1.0,0.4905858599550068,1.9.1,20260912,0.4905858599550068,0.0
moneyline,moneyline|logistic|sdv_only|{},1,2025020285,2025-11-15,actual_home_win,0.0,0.5352407578826445,1.9.1,20260912,0.5352407578826445,0.0
moneyline,moneyline|logistic|sdv_only|{},1,2025020286,2025-11-15,actual_home_win,0.0,0.5116325339348284,1.9.1,20260912,0.5116325339348284,0.0
moneyline,moneyline|logistic|sdv_only|{},1,2025020287,2025-11-15,actual_home_win,0.0,0.5016590641914072,1.9.1,20260912,0.5016590641914072,0.0
moneyline,moneyline|logistic|sdv_only|{},1,2025020288,2025-11-15,actual_home_win,0.0,0.5393526566568256,1.9.1,20260912,0.5393526566568256,0.0
moneyline,moneyline|logistic|sdv_only|{},1,2025020289,2025-11-15,actual_home_win,0.0,0.6057168690618405,1.9.1,20260912,0.6057168690618405,0.0
moneyline,moneyline|logistic|sdv_only|{},1,2025020290,2025-11-15,actual_home_win,0.0,0.4782852764679834,1.9.1,20260912,0.4782852764679834,0.0
moneyline,moneyline|logistic|sdv_only|{},1,2025020291,2025-11-15,actual_home_win,1.0,0.4731732093254688,1.9.1,20260912,0.4731732093254688,0.0
moneyline,moneyline|logistic|sdv_only|{},1,2025020292,2025-11-15,actual_home_win,0.0,0.4445590977127899,1.9.1,20260912,0.4445590977127899,0.0
moneyline,moneyline|logistic|sdv_only|{},1,2025020293,2025-11-15,actual_home_win,1.0,0.5224111280312344,1.9.1,20260912,0.5224111280312344,0.0
moneyline,moneyline|logistic|sdv_only|{},1,2025020294,2025-11-15,actual_home_win,0.0,0.6065597545940736,1.9.1,20260912,0.6065597545940736,0.0
moneyline,moneyline|logistic|sdv_only|{},1,2025020295,2025-11-15,actual_home_win,1.0,0.4915509494528299,1.9.1,20260912,0.4915509494528299,0.0
moneyline,moneyline|logistic|sdv_only|{},1,2025020296,2025-11-16,actual_home_win,1.0,0.5356874747933071,1.9.1,20260912,0.5356874747933071,0.0
moneyline,moneyline|logistic|sdv_only|{},1,2025020297,2025-11-16,actual_home_win,0.0,0.6473303615761573,1.9.1,20260912,0.6473303615761573,0.0
moneyline,moneyline|logistic|sdv_only|{},1,2025020298,2025-11-16,actual_home_win,1.0,0.4032292867210469,1.9.1,20260912,0.40322928672104696,5.551115123125783e-17
moneyline,moneyline|logistic|sdv_only|{},1,2025020299,2025-11-16,actual_home_win,0.0,0.5652031903344362,1.9.1,20260912,0.5652031903344362,0.0
moneyline,moneyline|logistic|sdv_only|{},1,2025020300,2025-11-16,actual_home_win,1.0,0.6572178213353894,1.9.1,20260912,0.6572178213353894,0.0
moneyline,moneyline|logistic|sdv_only|{},1,2025020301,2025-11-17,actual_home_win,0.0,0.4260633373128279,1.9.1,20260912,0.4260633373128279,0.0
moneyline,moneyline|logistic|sdv_only|{},1,2025020302,2025-11-17,actual_home_win,1.0,0.5268980467709977,1.9.1,20260912,0.5268980467709977,0.0
moneyline,moneyline|logistic|sdv_only|{},1,2025020303,2025-11-17,actual_home_win,1.0,0.6198068343626704,1.9.1,20260912,0.6198068343626704,0.0
moneyline,moneyline|logistic|sdv_only|{},1,2025020304,2025-11-17,actual_home_win,1.0,0.5573012001136948,1.9.1,20260912,0.5573012001136948,0.0
moneyline,moneyline|logistic|sdv_only|{},1,2025020305,2025-11-17,actual_home_win,1.0,0.5060252178477717,1.9.1,20260912,0.5060252178477717,0.0
moneyline,moneyline|logistic|sdv_only|{},1,2025020306,2025-11-17,actual_home_win,1.0,0.4607954510916466,1.9.1,20260912,0.46079545109164666,5.551115123125783e-17
moneyline,moneyline|logistic|sdv_only|{},1,2025020307,2025-11-18,actual_home_win,1.0,0.5129834006947781,1.9.1,20260912,0.5129834006947781,0.0
moneyline,moneyline|logistic|sdv_only|{},1,2025020308,2025-11-18,actual_home_win,1.0,0.5657491885871607,1.9.1,20260912,0.5657491885871607,0.0
moneyline,moneyline|logistic|sdv_only|{},1,2025020309,2025-11-18,actual_home_win,1.0,0.5771373681360777,1.9.1,20260912,0.5771373681360777,0.0
moneyline,moneyline|logistic|sdv_only|{},1,2025020310,2025-11-18,actual_home_win,0.0,0.5448322571650726,1.9.1,20260912,0.5448322571650726,0.0
moneyline,moneyline|logistic|sdv_only|{},1,2025020311,2025-11-18,actual_home_win,1.0,0.4525416182346906,1.9.1,20260912,0.4525416182346906,0.0
moneyline,moneyline|logistic|sdv_only|{},1,2025020312,2025-11-18,actual_home_win,1.0,0.4324189892935429,1.9.1,20260912,0.4324189892935429,0.0
moneyline,moneyline|logistic|sdv_only|{},1,2025020313,2025-11-18,actual_home_win,1.0,0.5441645755844366,1.9.1,20260912,0.5441645755844366,0.0
moneyline,moneyline|logistic|sdv_only|{},1,2025020314,2025-11-18,actual_home_win,1.0,0.4423261306526029,1.9.1,20260912,0.44232613065260296,5.551115123125783e-17
moneyline,moneyline|logistic|sdv_only|{},2,2025020315,2025-11-19,actual_home_win,1.0,0.6076291048000846,1.9.1,20260912,0.6076291048000846,0.0
moneyline,moneyline|logistic|sdv_only|{},2,2025020316,2025-11-19,actual_home_win,0.0,0.5468769042094491,1.9.1,20260912,0.5468769042094491,0.0
moneyline,moneyline|logistic|sdv_only|{},2,2025020317,2025-11-19,actual_home_win,1.0,0.4301457762020485,1.9.1,20260912,0.4301457762020485,0.0
moneyline,moneyline|logistic|sdv_only|{},2,2025020318,2025-11-19,actual_home_win,1.0,0.5506640799068264,1.9.1,20260912,0.5506640799068264,0.0
moneyline,moneyline|logistic|sdv_only|{},2,2025020319,2025-11-20,actual_home_win,0.0,0.5405416776181415,1.9.1,20260912,0.5405416776181415,0.0
moneyline,moneyline|logistic|sdv_only|{},2,2025020320,2025-11-20,actual_home_win,0.0,0.5208895909459279,1.9.1,20260912,0.5208895909459279,0.0
moneyline,moneyline|logistic|sdv_only|{},2,2025020321,2025-11-20,actual_home_win,0.0,0.5659553408109238,1.9.1,20260912,0.5659553408109238,0.0
moneyline,moneyline|logistic|sdv_only|{},2,2025020322,2025-11-20,actual_home_win,1.0,0.6162969381488458,1.9.1,20260912,0.6162969381488458,0.0
moneyline,moneyline|logistic|sdv_only|{},2,2025020323,2025-11-20,actual_home_win,1.0,0.5566876515319256,1.9.1,20260912,0.5566876515319256,0.0
moneyline,moneyline|logistic|sdv_only|{},2,2025020324,2025-11-20,actual_home_win,1.0,0.5423218353602277,1.9.1,20260912,0.5423218353602277,0.0
moneyline,moneyline|logistic|sdv_only|{},2,2025020325,2025-11-20,actual_home_win,0.0,0.5456667578282097,1.9.1,20260912,0.5456667578282097,0.0
moneyline,moneyline|logistic|sdv_only|{},2,2025020326,2025-11-20,actual_home_win,1.0,0.6159390312243358,1.9.1,20260912,0.6159390312243358,0.0
moneyline,moneyline|logistic|sdv_only|{},2,2025020327,2025-11-20,actual_home_win,0.0,0.5157013335690085,1.9.1,20260912,0.5157013335690085,0.0
moneyline,moneyline|logistic|sdv_only|{},2,2025020328,2025-11-20,actual_home_win,0.0,0.4570384259309826,1.9.1,20260912,0.45703842593098265,5.551115123125783e-17
moneyline,moneyline|logistic|sdv_only|{},2,2025020329,2025-11-20,actual_home_win,0.0,0.5011503078446395,1.9.1,20260912,0.5011503078446395,0.0
moneyline,moneyline|logistic|sdv_only|{},2,2025020330,2025-11-20,actual_home_win,1.0,0.4927551005405164,1.9.1,20260912,0.49275510054051647,5.551115123125783e-17
moneyline,moneyline|logistic|sdv_only|{},2,2025020331,2025-11-21,actual_home_win,1.0,0.5957888468789025,1.9.1,20260912,0.5957888468789025,0.0
moneyline,moneyline|logistic|sdv_only|{},2,2025020332,2025-11-21,actual_home_win,0.0,0.5617860062027574,1.9.1,20260912,0.5617860062027574,0.0
moneyline,moneyline|logistic|sdv_only|{},2,2025020333,2025-11-21,actual_home_win,0.0,0.395347380135067,1.9.1,20260912,0.395347380135067,0.0
moneyline,moneyline|logistic|sdv_only|{},2,2025020334,2025-11-21,actual_home_win,0.0,0.565295010413296,1.9.1,20260912,0.565295010413296,0.0
moneyline,moneyline|logistic|sdv_only|{},2,2025020335,2025-11-22,actual_home_win,1.0,0.5527519528925551,1.9.1,20260912,0.5527519528925551,0.0
moneyline,moneyline|logistic|sdv_only|{},2,2025020336,2025-11-22,actual_home_win,0.0,0.5291881067267069,1.9.1,20260912,0.5291881067267069,0.0
moneyline,moneyline|logistic|sdv_only|{},2,2025020337,2025-11-22,actual_home_win,1.0,0.5794304997984157,1.9.1,20260912,0.5794304997984157,0.0
moneyline,moneyline|logistic|sdv_only|{},2,2025020338,2025-11-22,actual_home_win,0.0,0.5901146099195822,1.9.1,20260912,0.5901146099195822,0.0
moneyline,moneyline|logistic|sdv_only|{},2,2025020339,2025-11-22,actual_home_win,1.0,0.5209836959408627,1.9.1,20260912,0.5209836959408627,0.0
moneyline,moneyline|logistic|sdv_only|{},2,2025020340,2025-11-22,actual_home_win,0.0,0.566984738292732,1.9.1,20260912,0.566984738292732,0.0
moneyline,moneyline|logistic|sdv_only|{},2,2025020341,2025-11-22,actual_home_win,0.0,0.5177682890263535,1.9.1,20260912,0.5177682890263535,0.0
moneyline,moneyline|logistic|sdv_only|{},2,2025020342,2025-11-22,actual_home_win,0.0,0.4755235019106174,1.9.1,20260912,0.4755235019106174,0.0
moneyline,moneyline|logistic|sdv_only|{},2,2025020343,2025-11-22,actual_home_win,0.0,0.3686753760806558,1.9.1,20260912,0.3686753760806558,0.0
moneyline,moneyline|logistic|sdv_only|{},2,2025020344,2025-11-22,actual_home_win,1.0,0.5471521345746748,1.9.1,20260912,0.5471521345746748,0.0
moneyline,moneyline|logistic|sdv_only|{},2,2025020345,2025-11-22,actual_home_win,1.0,0.555970641670279,1.9.1,20260912,0.555970641670279,0.0
moneyline,moneyline|logistic|sdv_only|{},2,2025020346,2025-11-22,actual_home_win,1.0,0.458511855605464,1.9.1,20260912,0.45851185560546404,5.551115123125783e-17
moneyline,moneyline|logistic|sdv_only|{},2,2025020347,2025-11-23,actual_home_win,1.0,0.4812338781639498,1.9.1,20260912,0.4812338781639498,0.0
moneyline,moneyline|logistic|sdv_only|{},2,2025020348,2025-11-23,actual_home_win,0.0,0.5380942818848876,1.9.1,20260912,0.5380942818848876,0.0
moneyline,moneyline|logistic|sdv_only|{},2,2025020349,2025-11-23,actual_home_win,1.0,0.5692290494056085,1.9.1,20260912,0.5692290494056085,0.0
moneyline,moneyline|logistic|sdv_only|{},2,2025020350,2025-11-23,actual_home_win,0.0,0.3829118088180924,1.9.1,20260912,0.38291180881809245,5.551115123125783e-17
moneyline,moneyline|logistic|sdv_only|{},2,2025020351,2025-11-23,actual_home_win,1.0,0.5135706493712812,1.9.1,20260912,0.5135706493712812,0.0
moneyline,moneyline|logistic|sdv_only|{},2,2025020352,2025-11-23,actual_home_win,0.0,0.4424075190865452,1.9.1,20260912,0.44240751908654524,5.551115123125783e-17
moneyline,moneyline|logistic|sdv_only|{},2,2025020353,2025-11-24,actual_home_win,1.0,0.6121238828443545,1.9.1,20260912,0.6121238828443545,0.0
moneyline,moneyline|logistic|sdv_only|{},2,2025020354,2025-11-24,actual_home_win,1.0,0.5462066374048888,1.9.1,20260912,0.5462066374048888,0.0
moneyline,moneyline|logistic|sdv_only|{},2,2025020355,2025-11-24,actual_home_win,1.0,0.5860777947643779,1.9.1,20260912,0.5860777947643779,0.0
moneyline,moneyline|logistic|sdv_only|{},2,2025020356,2025-11-24,actual_home_win,1.0,0.6032113668067804,1.9.1,20260912,0.6032113668067804,0.0
moneyline,moneyline|logistic|sdv_only|{},2,2025020357,2025-11-24,actual_home_win,0.0,0.4482034304490216,1.9.1,20260912,0.4482034304490216,0.0
moneyline,moneyline|logistic|sdv_only|{},2,2025020358,2025-11-24,actual_home_win,1.0,0.5250313110314638,1.9.1,20260912,0.5250313110314638,0.0
moneyline,moneyline|logistic|sdv_only|{},2,2025020359,2025-11-24,actual_home_win,1.0,0.5180488383994057,1.9.1,20260912,0.5180488383994057,0.0
moneyline,moneyline|logistic|sdv_only|{},2,2025020360,2025-11-25,actual_home_win,0.0,0.5340226902526486,1.9.1,20260912,0.5340226902526486,0.0
moneyline,moneyline|logistic|sdv_only|{},2,2025020361,2025-11-26,actual_home_win,0.0,0.5954702307514186,1.9.1,20260912,0.5954702307514186,0.0
moneyline,moneyline|logistic|sdv_only|{},2,2025020362,2025-11-26,actual_home_win,1.0,0.5842556914293783,1.9.1,20260912,0.5842556914293783,0.0
moneyline,moneyline|logistic|sdv_only|{},2,2025020363,2025-11-26,actual_home_win,0.0,0.5874052219138135,1.9.1,20260912,0.5874052219138135,0.0
moneyline,moneyline|logistic|sdv_only|{},2,2025020364,2025-11-26,actual_home_win,1.0,0.5571785721424277,1.9.1,20260912,0.5571785721424277,0.0
moneyline,moneyline|logistic|sdv_only|{},2,2025020365,2025-11-26,actual_home_win,0.0,0.5307152551345939,1.9.1,20260912,0.5307152551345939,0.0
moneyline,moneyline|logistic|sdv_only|{},2,2025020366,2025-11-26,actual_home_win,1.0,0.504235939283257,1.9.1,20260912,0.504235939283257,0.0
moneyline,moneyline|logistic|sdv_only|{},2,2025020367,2025-11-26,actual_home_win,1.0,0.631656550377865,1.9.1,20260912,0.631656550377865,0.0
moneyline,moneyline|logistic|sdv_only|{},2,2025020368,2025-11-26,actual_home_win,0.0,0.5877735887986405,1.9.1,20260912,0.5877735887986405,0.0
moneyline,moneyline|logistic|sdv_only|{},2,2025020369,2025-11-26,actual_home_win,0.0,0.5544189919468273,1.9.1,20260912,0.5544189919468273,0.0
moneyline,moneyline|logistic|sdv_only|{},2,2025020370,2025-11-26,actual_home_win,0.0,0.5382532262525191,1.9.1,20260912,0.5382532262525191,0.0
moneyline,moneyline|logistic|sdv_only|{},2,2025020371,2025-11-26,actual_home_win,1.0,0.6802930650156932,1.9.1,20260912,0.6802930650156932,0.0
moneyline,moneyline|logistic|sdv_only|{},2,2025020372,2025-11-26,actual_home_win,0.0,0.5608173211998181,1.9.1,20260912,0.5608173211998181,0.0
moneyline,moneyline|logistic|sdv_only|{},2,2025020373,2025-11-26,actual_home_win,0.0,0.5663509527809105,1.9.1,20260912,0.5663509527809105,0.0
moneyline,moneyline|logistic|sdv_only|{},2,2025020374,2025-11-26,actual_home_win,0.0,0.5999479675742871,1.9.1,20260912,0.5999479675742871,0.0
moneyline,moneyline|logistic|sdv_only|{},2,2025020375,2025-11-26,actual_home_win,0.0,0.4649314945418714,1.9.1,20260912,0.46493149454187144,5.551115123125783e-17
moneyline,moneyline|logistic|sdv_only|{},2,2025020376,2025-11-28,actual_home_win,0.0,0.4969979813275887,1.9.1,20260912,0.4969979813275887,0.0
moneyline,moneyline|logistic|sdv_only|{},2,2025020377,2025-11-28,actual_home_win,0.0,0.4914069089067236,1.9.1,20260912,0.49140690890672367,5.551115123125783e-17
moneyline,moneyline|logistic|sdv_only|{},2,2025020378,2025-11-28,actual_home_win,1.0,0.3910445061127693,1.9.1,20260912,0.3910445061127693,0.0
moneyline,moneyline|logistic|sdv_only|{},2,2025020379,2025-11-28,actual_home_win,0.0,0.5626287950960043,1.9.1,20260912,0.5626287950960043,0.0
moneyline,moneyline|logistic|sdv_only|{},2,2025020380,2025-11-28,actual_home_win,0.0,0.5508771952086153,1.9.1,20260912,0.5508771952086153,0.0
moneyline,moneyline|logistic|sdv_only|{},2,2025020381,2025-11-28,actual_home_win,0.0,0.5343713026040444,1.9.1,20260912,0.5343713026040444,0.0
moneyline,moneyline|logistic|sdv_only|{},2,2025020382,2025-11-28,actual_home_win,1.0,0.4943622506620934,1.9.1,20260912,0.49436225066209344,5.551115123125783e-17
moneyline,moneyline|logistic|sdv_only|{},2,2025020383,2025-11-28,actual_home_win,0.0,0.6009409549927791,1.9.1,20260912,0.6009409549927791,0.0
moneyline,moneyline|logistic|sdv_only|{},2,2025020384,2025-11-28,actual_home_win,1.0,0.5140780258295377,1.9.1,20260912,0.5140780258295377,0.0
moneyline,moneyline|logistic|sdv_only|{},2,2025020385,2025-11-28,actual_home_win,1.0,0.5722247013166619,1.9.1,20260912,0.5722247013166619,0.0
moneyline,moneyline|logistic|sdv_only|{},2,2025020386,2025-11-28,actual_home_win,1.0,0.6094105263731,1.9.1,20260912,0.6094105263731,0.0
moneyline,moneyline|logistic|sdv_only|{},2,2025020387,2025-11-28,actual_home_win,1.0,0.6477714094747186,1.9.1,20260912,0.6477714094747186,0.0
moneyline,moneyline|logistic|sdv_only|{},2,2025020388,2025-11-28,actual_home_win,0.0,0.5685773412765174,1.9.1,20260912,0.5685773412765174,0.0
moneyline,moneyline|logistic|sdv_only|{},2,2025020389,2025-11-28,actual_home_win,0.0,0.5360955781159414,1.9.1,20260912,0.5360955781159414,0.0
moneyline,moneyline|logistic|sdv_only|{},2,2025020390,2025-11-28,actual_home_win,1.0,0.5110317900216764,1.9.1,20260912,0.5110317900216764,0.0
moneyline,moneyline|logistic|sdv_only|{},2,2025020391,2025-11-29,actual_home_win,0.0,0.5288239725255633,1.9.1,20260912,0.5288239725255633,0.0
moneyline,moneyline|logistic|sdv_only|{},2,2025020392,2025-11-29,actual_home_win,1.0,0.6292406046136787,1.9.1,20260912,0.6292406046136787,0.0
moneyline,moneyline|logistic|sdv_only|{},2,2025020393,2025-11-29,actual_home_win,0.0,0.4905704323923698,1.9.1,20260912,0.49057043239236986,5.551115123125783e-17
moneyline,moneyline|logistic|sdv_only|{},2,2025020394,2025-11-29,actual_home_win,1.0,0.5167791131342973,1.9.1,20260912,0.5167791131342973,0.0
moneyline,moneyline|logistic|sdv_only|{},2,2025020395,2025-11-29,actual_home_win,0.0,0.5462382354580796,1.9.1,20260912,0.5462382354580796,0.0
moneyline,moneyline|logistic|sdv_only|{},2,2025020396,2025-11-29,actual_home_win,0.0,0.5336218582470539,1.9.1,20260912,0.5336218582470539,0.0
moneyline,moneyline|logistic|sdv_only|{},2,2025020397,2025-11-29,actual_home_win,0.0,0.5456401905417083,1.9.1,20260912,0.5456401905417083,0.0
moneyline,moneyline|logistic|sdv_only|{},2,2025020398,2025-11-29,actual_home_win,1.0,0.4808619798421378,1.9.1,20260912,0.48086197984213785,5.551115123125783e-17
moneyline,moneyline|logistic|sdv_only|{},2,2025020399,2025-11-29,actual_home_win,0.0,0.4809696888822898,1.9.1,20260912,0.4809696888822898,0.0
moneyline,moneyline|logistic|sdv_only|{},2,2025020400,2025-11-29,actual_home_win,1.0,0.6574091485258646,1.9.1,20260912,0.6574091485258646,0.0
moneyline,moneyline|logistic|sdv_only|{},2,2025020401,2025-11-29,actual_home_win,1.0,0.6172527410964141,1.9.1,20260912,0.6172527410964141,0.0
moneyline,moneyline|logistic|sdv_only|{},2,2025020402,2025-11-30,actual_home_win,0.0,0.490413564294404,1.9.1,20260912,0.490413564294404,0.0
moneyline,moneyline|logistic|sdv_only|{},2,2025020403,2025-11-30,actual_home_win,1.0,0.5056880823485982,1.9.1,20260912,0.5056880823485982,0.0
moneyline,moneyline|logistic|sdv_only|{},2,2025020404,2025-11-30,actual_home_win,1.0,0.5912965396706703,1.9.1,20260912,0.5912965396706703,0.0
moneyline,moneyline|logistic|sdv_only|{},2,2025020405,2025-11-30,actual_home_win,1.0,0.5279256824063945,1.9.1,20260912,0.5279256824063945,0.0
moneyline,moneyline|logistic|sdv_only|{},2,2025020406,2025-12-01,actual_home_win,0.0,0.5392535109948211,1.9.1,20260912,0.5392535109948211,0.0
moneyline,moneyline|logistic|sdv_only|{},2,2025020407,2025-12-01,actual_home_win,0.0,0.5644329984349711,1.9.1,20260912,0.5644329984349711,0.0
moneyline,moneyline|logistic|sdv_only|{},2,2025020408,2025-12-01,actual_home_win,1.0,0.6029812049150656,1.9.1,20260912,0.6029812049150656,0.0
moneyline,moneyline|logistic|sdv_only|{},2,2025020409,2025-12-01,actual_home_win,0.0,0.5504385167936406,1.9.1,20260912,0.5504385167936406,0.0
moneyline,moneyline|logistic|sdv_only|{},2,2025020410,2025-12-01,actual_home_win,1.0,0.4406457922680948,1.9.1,20260912,0.44064579226809486,5.551115123125783e-17
moneyline,moneyline|logistic|sdv_only|{},2,2025020411,2025-12-02,actual_home_win,0.0,0.5213754825839347,1.9.1,20260912,0.5213754825839347,0.0
moneyline,moneyline|logistic|sdv_only|{},2,2025020412,2025-12-02,actual_home_win,1.0,0.5791280470736776,1.9.1,20260912,0.5791280470736776,0.0
moneyline,moneyline|logistic|sdv_only|{},2,2025020413,2025-12-02,actual_home_win,0.0,0.614702675401532,1.9.1,20260912,0.614702675401532,0.0
moneyline,moneyline|logistic|sdv_only|{},2,2025020414,2025-12-02,actual_home_win,1.0,0.4787579572429735,1.9.1,20260912,0.47875795724297354,5.551115123125783e-17
moneyline,moneyline|logistic|sdv_only|{},2,2025020415,2025-12-02,actual_home_win,1.0,0.5560529382101314,1.9.1,20260912,0.5560529382101314,0.0
moneyline,moneyline|logistic|sdv_only|{},2,2025020416,2025-12-02,actual_home_win,1.0,0.4760779045925562,1.9.1,20260912,0.4760779045925562,0.0
moneyline,moneyline|logistic|sdv_only|{},2,2025020417,2025-12-02,actual_home_win,1.0,0.6953619447025926,1.9.1,20260912,0.6953619447025926,0.0
moneyline,moneyline|logistic|sdv_only|{},2,2025020418,2025-12-02,actual_home_win,0.0,0.5693661307527607,1.9.1,20260912,0.5693661307527607,0.0
moneyline,moneyline|logistic|sdv_only|{},2,2025020419,2025-12-02,actual_home_win,1.0,0.655393784700355,1.9.1,20260912,0.655393784700355,0.0
moneyline,moneyline|logistic|sdv_only|{},2,2025020420,2025-12-02,actual_home_win,0.0,0.5101679323384579,1.9.1,20260912,0.5101679323384579,0.0
moneyline,moneyline|logistic|sdv_only|{},2,2025020421,2025-12-03,actual_home_win,0.0,0.5244794804363597,1.9.1,20260912,0.5244794804363597,0.0
moneyline,moneyline|logistic|sdv_only|{},2,2025020422,2025-12-03,actual_home_win,1.0,0.5769495620120912,1.9.1,20260912,0.5769495620120912,0.0
moneyline,moneyline|logistic|sdv_only|{},2,2025020423,2025-12-03,actual_home_win,1.0,0.5103965393869379,1.9.1,20260912,0.5103965393869379,0.0
moneyline,moneyline|logistic|sdv_only|{},2,2025020424,2025-12-03,actual_home_win,0.0,0.480897712433543,1.9.1,20260912,0.48089771243354307,5.551115123125783e-17
moneyline,moneyline|logistic|sdv_only|{},2,2025020425,2025-12-03,actual_home_win,0.0,0.4520403233360864,1.9.1,20260912,0.4520403233360864,0.0
moneyline,moneyline|logistic|sdv_only|{},2,2025020426,2025-12-04,actual_home_win,1.0,0.5253753761681965,1.9.1,20260912,0.5253753761681965,0.0
moneyline,moneyline|logistic|sdv_only|{},2,2025020427,2025-12-04,actual_home_win,0.0,0.5601201578126326,1.9.1,20260912,0.5601201578126326,0.0
moneyline,moneyline|logistic|sdv_only|{},2,2025020428,2025-12-04,actual_home_win,0.0,0.6227919993274683,1.9.1,20260912,0.6227919993274683,0.0
moneyline,moneyline|logistic|sdv_only|{},2,2025020429,2025-12-04,actual_home_win,0.0,0.6145229329934946,1.9.1,20260912,0.6145229329934946,0.0
moneyline,moneyline|logistic|sdv_only|{},2,2025020430,2025-12-04,actual_home_win,1.0,0.4271495070197041,1.9.1,20260912,0.42714950701970417,5.551115123125783e-17
moneyline,moneyline|logistic|sdv_only|{},2,2025020431,2025-12-04,actual_home_win,0.0,0.6407276963403239,1.9.1,20260912,0.6407276963403239,0.0
moneyline,moneyline|logistic|sdv_only|{},2,2025020432,2025-12-04,actual_home_win,1.0,0.5165908286235117,1.9.1,20260912,0.5165908286235117,0.0
moneyline,moneyline|logistic|sdv_only|{},2,2025020433,2025-12-04,actual_home_win,1.0,0.595905696219309,1.9.1,20260912,0.595905696219309,0.0
moneyline,moneyline|logistic|sdv_only|{},2,2025020434,2025-12-04,actual_home_win,1.0,0.598595692219196,1.9.1,20260912,0.598595692219196,0.0
moneyline,moneyline|logistic|sdv_only|{},2,2025020435,2025-12-04,actual_home_win,0.0,0.5901163453806978,1.9.1,20260912,0.5901163453806978,0.0
moneyline,moneyline|logistic|sdv_only|{},2,2025020436,2025-12-05,actual_home_win,0.0,0.4589557653319752,1.9.1,20260912,0.4589557653319752,0.0
moneyline,moneyline|logistic|sdv_only|{},2,2025020437,2025-12-05,actual_home_win,1.0,0.4807184063733382,1.9.1,20260912,0.4807184063733382,0.0
moneyline,moneyline|logistic|sdv_only|{},2,2025020438,2025-12-05,actual_home_win,1.0,0.6111389697032924,1.9.1,20260912,0.6111389697032924,0.0
moneyline,moneyline|logistic|sdv_only|{},2,2025020439,2025-12-05,actual_home_win,0.0,0.4254705103265868,1.9.1,20260912,0.42547051032658684,5.551115123125783e-17
moneyline,moneyline|logistic|sdv_only|{},2,2025020440,2025-12-05,actual_home_win,1.0,0.4829082572959722,1.9.1,20260912,0.4829082572959722,0.0
moneyline,moneyline|logistic|sdv_only|{},2,2025020441,2025-12-06,actual_home_win,0.0,0.4635241082206315,1.9.1,20260912,0.46352410822063156,5.551115123125783e-17
moneyline,moneyline|logistic|sdv_only|{},2,2025020442,2025-12-06,actual_home_win,1.0,0.5895626922306967,1.9.1,20260912,0.5895626922306967,0.0
moneyline,moneyline|logistic|sdv_only|{},2,2025020443,2025-12-06,actual_home_win,1.0,0.5269483177586866,1.9.1,20260912,0.5269483177586866,0.0
moneyline,moneyline|logistic|sdv_only|{},2,2025020444,2025-12-06,actual_home_win,0.0,0.5155281159173519,1.9.1,20260912,0.5155281159173519,0.0
moneyline,moneyline|logistic|sdv_only|{},2,2025020445,2025-12-06,actual_home_win,0.0,0.5826924014062607,1.9.1,20260912,0.5826924014062607,0.0
moneyline,moneyline|logistic|sdv_only|{},2,2025020446,2025-12-06,actual_home_win,0.0,0.6073761919701718,1.9.1,20260912,0.6073761919701718,0.0
moneyline,moneyline|logistic|sdv_only|{},2,2025020447,2025-12-06,actual_home_win,1.0,0.6492055647412313,1.9.1,20260912,0.6492055647412313,0.0
moneyline,moneyline|logistic|sdv_only|{},2,2025020448,2025-12-06,actual_home_win,1.0,0.5237934418005578,1.9.1,20260912,0.5237934418005578,0.0
moneyline,moneyline|logistic|sdv_only|{},2,2025020449,2025-12-06,actual_home_win,1.0,0.5794650764271035,1.9.1,20260912,0.5794650764271035,0.0
moneyline,moneyline|logistic|sdv_only|{},2,2025020450,2025-12-06,actual_home_win,1.0,0.565718345108779,1.9.1,20260912,0.565718345108779,0.0
moneyline,moneyline|logistic|sdv_only|{},2,2025020451,2025-12-06,actual_home_win,1.0,0.51844581534499,1.9.1,20260912,0.51844581534499,0.0
moneyline,moneyline|logistic|sdv_only|{},2,2025020452,2025-12-06,actual_home_win,0.0,0.4667300786192466,1.9.1,20260912,0.46673007861924665,5.551115123125783e-17
moneyline,moneyline|logistic|sdv_only|{},2,2025020453,2025-12-07,actual_home_win,0.0,0.4282330666899747,1.9.1,20260912,0.42823306668997474,5.551115123125783e-17
moneyline,moneyline|logistic|sdv_only|{},2,2025020454,2025-12-07,actual_home_win,1.0,0.5814947920538784,1.9.1,20260912,0.5814947920538784,0.0
moneyline,moneyline|logistic|sdv_only|{},2,2025020455,2025-12-07,actual_home_win,0.0,0.671950989925651,1.9.1,20260912,0.671950989925651,0.0
moneyline,moneyline|logistic|sdv_only|{},2,2025020456,2025-12-07,actual_home_win,1.0,0.5710398741689829,1.9.1,20260912,0.5710398741689829,0.0
moneyline,moneyline|logistic|sdv_only|{},2,2025020457,2025-12-07,actual_home_win,0.0,0.556353322177103,1.9.1,20260912,0.556353322177103,0.0
moneyline,moneyline|logistic|sdv_only|{},2,2025020458,2025-12-07,actual_home_win,0.0,0.4926711372361613,1.9.1,20260912,0.4926711372361613,0.0
moneyline,moneyline|logistic|sdv_only|{},2,2025020459,2025-12-07,actual_home_win,1.0,0.5903170600255633,1.9.1,20260912,0.5903170600255633,0.0
moneyline,moneyline|logistic|sdv_only|{},2,2025020460,2025-12-07,actual_home_win,1.0,0.5677412307965385,1.9.1,20260912,0.5677412307965385,0.0
moneyline,moneyline|logistic|sdv_only|{},2,2025020461,2025-12-08,actual_home_win,1.0,0.4550779653358624,1.9.1,20260912,0.4550779653358624,0.0
moneyline,moneyline|logistic|sdv_only|{},2,2025020462,2025-12-08,actual_home_win,0.0,0.5837711843193825,1.9.1,20260912,0.5837711843193825,0.0
moneyline,moneyline|logistic|sdv_only|{},2,2025020463,2025-12-08,actual_home_win,1.0,0.5389817596314624,1.9.1,20260912,0.5389817596314624,0.0
moneyline,moneyline|logistic|sdv_only|{},2,2025020464,2025-12-08,actual_home_win,0.0,0.4653428348480635,1.9.1,20260912,0.46534283484806355,5.551115123125783e-17
moneyline,moneyline|logistic|sdv_only|{},2,2025020465,2025-12-08,actual_home_win,0.0,0.5211877300290297,1.9.1,20260912,0.5211877300290297,0.0
moneyline,moneyline|logistic|sdv_only|{},2,2025020466,2025-12-09,actual_home_win,0.0,0.4907661842229437,1.9.1,20260912,0.49076618422294377,5.551115123125783e-17
moneyline,moneyline|logistic|sdv_only|{},2,2025020467,2025-12-09,actual_home_win,0.0,0.5904373645175194,1.9.1,20260912,0.5904373645175194,0.0
moneyline,moneyline|logistic|sdv_only|{},2,2025020468,2025-12-09,actual_home_win,1.0,0.4684758574441792,1.9.1,20260912,0.4684758574441792,0.0
moneyline,moneyline|logistic|sdv_only|{},2,2025020469,2025-12-09,actual_home_win,1.0,0.6068796675706014,1.9.1,20260912,0.6068796675706014,0.0
moneyline,moneyline|logistic|sdv_only|{},2,2025020470,2025-12-09,actual_home_win,0.0,0.5363763876592166,1.9.1,20260912,0.5363763876592166,0.0
moneyline,moneyline|logistic|sdv_only|{},2,2025020471,2025-12-09,actual_home_win,1.0,0.6320551981349684,1.9.1,20260912,0.6320551981349684,0.0
moneyline,moneyline|logistic|sdv_only|{},2,2025020472,2025-12-09,actual_home_win,0.0,0.5724177808291459,1.9.1,20260912,0.5724177808291459,0.0
moneyline,moneyline|logistic|sdv_only|{},2,2025020473,2025-12-09,actual_home_win,0.0,0.4800676364769963,1.9.1,20260912,0.48006763647699635,5.551115123125783e-17
moneyline,moneyline|logistic|sdv_only|{},2,2025020474,2025-12-09,actual_home_win,0.0,0.5106133092970973,1.9.1,20260912,0.5106133092970973,0.0
moneyline,moneyline|logistic|sdv_only|{},2,2025020475,2025-12-09,actual_home_win,1.0,0.4002373600628986,1.9.1,20260912,0.4002373600628986,0.0
moneyline,moneyline|logistic|sdv_only|{},2,2025020476,2025-12-10,actual_home_win,1.0,0.4535932159697143,1.9.1,20260912,0.4535932159697143,0.0
moneyline,moneyline|logistic|sdv_only|{},2,2025020477,2025-12-10,actual_home_win,0.0,0.5507763825961914,1.9.1,20260912,0.5507763825961914,0.0
moneyline,moneyline|logistic|sdv_only|{},2,2025020478,2025-12-10,actual_home_win,0.0,0.5454365517168106,1.9.1,20260912,0.5454365517168106,0.0
moneyline,moneyline|logistic|sdv_only|{},2,2025020479,2025-12-10,actual_home_win,1.0,0.4670928006997347,1.9.1,20260912,0.4670928006997347,0.0
moneyline,moneyline|logistic|sdv_only|{},2,2025020480,2025-12-11,actual_home_win,0.0,0.5788802171437647,1.9.1,20260912,0.5788802171437647,0.0
moneyline,moneyline|logistic|sdv_only|{},2,2025020481,2025-12-11,actual_home_win,0.0,0.4644018039397034,1.9.1,20260912,0.46440180393970343,5.551115123125783e-17
moneyline,moneyline|logistic|sdv_only|{},2,2025020482,2025-12-11,actual_home_win,1.0,0.5567228732920558,1.9.1,20260912,0.5567228732920558,0.0
moneyline,moneyline|logistic|sdv_only|{},2,2025020483,2025-12-11,actual_home_win,0.0,0.490348953863726,1.9.1,20260912,0.49034895386372607,5.551115123125783e-17
moneyline,moneyline|logistic|sdv_only|{},2,2025020484,2025-12-11,actual_home_win,0.0,0.5342076206085162,1.9.1,20260912,0.5342076206085162,0.0
moneyline,moneyline|logistic|sdv_only|{},2,2025020485,2025-12-11,actual_home_win,0.0,0.4895824749575558,1.9.1,20260912,0.48958247495755586,5.551115123125783e-17
moneyline,moneyline|logistic|sdv_only|{},2,2025020486,2025-12-11,actual_home_win,0.0,0.4898466188581276,1.9.1,20260912,0.4898466188581276,0.0
moneyline,moneyline|logistic|sdv_only|{},2,2025020487,2025-12-11,actual_home_win,1.0,0.5266523137033331,1.9.1,20260912,0.5266523137033331,0.0
moneyline,moneyline|logistic|sdv_only|{},2,2025020488,2025-12-11,actual_home_win,1.0,0.5004407918623965,1.9.1,20260912,0.5004407918623965,0.0
moneyline,moneyline|logistic|sdv_only|{},2,2025020489,2025-12-11,actual_home_win,0.0,0.5282009897457314,1.9.1,20260912,0.5282009897457314,0.0
moneyline,moneyline|logistic|sdv_only|{},2,2025020490,2025-12-11,actual_home_win,1.0,0.6111037198088441,1.9.1,20260912,0.6111037198088441,0.0
moneyline,moneyline|logistic|sdv_only|{},2,2025020491,2025-12-11,actual_home_win,1.0,0.5180447625152838,1.9.1,20260912,0.5180447625152838,0.0
moneyline,moneyline|logistic|sdv_only|{},2,2025020492,2025-12-11,actual_home_win,0.0,0.4646021300048972,1.9.1,20260912,0.4646021300048972,0.0
moneyline,moneyline|logistic|sdv_only|{},2,2025020493,2025-12-12,actual_home_win,1.0,0.5851781389392261,1.9.1,20260912,0.5851781389392261,0.0
moneyline,moneyline|logistic|sdv_only|{},2,2025020494,2025-12-12,actual_home_win,1.0,0.634286775525745,1.9.1,20260912,0.634286775525745,0.0
moneyline,moneyline|logistic|sdv_only|{},2,2025020495,2025-12-13,actual_home_win,1.0,0.5505702678288451,1.9.1,20260912,0.5505702678288451,0.0
moneyline,moneyline|logistic|sdv_only|{},2,2025020496,2025-12-13,actual_home_win,1.0,0.4748124140325503,1.9.1,20260912,0.47481241403255037,5.551115123125783e-17
moneyline,moneyline|logistic|sdv_only|{},2,2025020497,2025-12-13,actual_home_win,0.0,0.5904050303141318,1.9.1,20260912,0.5904050303141318,0.0
moneyline,moneyline|logistic|sdv_only|{},2,2025020498,2025-12-13,actual_home_win,1.0,0.4711965527970577,1.9.1,20260912,0.47119655279705774,5.551115123125783e-17
moneyline,moneyline|logistic|sdv_only|{},2,2025020499,2025-12-13,actual_home_win,0.0,0.5303943969699356,1.9.1,20260912,0.5303943969699356,0.0
moneyline,moneyline|logistic|sdv_only|{},2,2025020500,2025-12-13,actual_home_win,1.0,0.5448832306999876,1.9.1,20260912,0.5448832306999876,0.0
moneyline,moneyline|logistic|sdv_only|{},2,2025020501,2025-12-13,actual_home_win,0.0,0.4571727030999564,1.9.1,20260912,0.45717270309995645,5.551115123125783e-17
moneyline,moneyline|logistic|sdv_only|{},2,2025020502,2025-12-13,actual_home_win,0.0,0.4641594032137039,1.9.1,20260912,0.4641594032137039,0.0
moneyline,moneyline|logistic|sdv_only|{},2,2025020503,2025-12-13,actual_home_win,1.0,0.4765059296613094,1.9.1,20260912,0.4765059296613094,0.0
moneyline,moneyline|logistic|sdv_only|{},2,2025020504,2025-12-13,actual_home_win,0.0,0.4723874170727136,1.9.1,20260912,0.47238741707271364,5.551115123125783e-17
moneyline,moneyline|logistic|sdv_only|{},2,2025020505,2025-12-13,actual_home_win,0.0,0.5086830464983065,1.9.1,20260912,0.5086830464983065,0.0
moneyline,moneyline|logistic|sdv_only|{},2,2025020506,2025-12-13,actual_home_win,1.0,0.669188181059371,1.9.1,20260912,0.669188181059371,0.0
moneyline,moneyline|logistic|sdv_only|{},2,2025020507,2025-12-13,actual_home_win,0.0,0.5464668842333471,1.9.1,20260912,0.5464668842333471,0.0
moneyline,moneyline|logistic|sdv_only|{},2,2025020508,2025-12-14,actual_home_win,0.0,0.5777973514985295,1.9.1,20260912,0.5777973514985295,0.0
moneyline,moneyline|logistic|sdv_only|{},2,2025020509,2025-12-14,actual_home_win,0.0,0.4893190139775309,1.9.1,20260912,0.4893190139775309,0.0
moneyline,moneyline|logistic|sdv_only|{},2,2025020510,2025-12-14,actual_home_win,1.0,0.6300161541483211,1.9.1,20260912,0.6300161541483211,0.0
moneyline,moneyline|logistic|sdv_only|{},2,2025020511,2025-12-14,actual_home_win,1.0,0.5441717076516824,1.9.1,20260912,0.5441717076516824,0.0
moneyline,moneyline|logistic|sdv_only|{},2,2025020512,2025-12-14,actual_home_win,1.0,0.5675011174223603,1.9.1,20260912,0.5675011174223603,0.0
moneyline,moneyline|logistic|sdv_only|{},2,2025020513,2025-12-14,actual_home_win,0.0,0.4716447128145354,1.9.1,20260912,0.47164471281453546,5.551115123125783e-17
moneyline,moneyline|logistic|sdv_only|{},3,2025020514,2025-12-15,actual_home_win,0.0,0.5661878488419815,1.9.1,20260912,0.5661878488419815,0.0
moneyline,moneyline|logistic|sdv_only|{},3,2025020515,2025-12-15,actual_home_win,0.0,0.5765249783681384,1.9.1,20260912,0.5765249783681384,0.0
moneyline,moneyline|logistic|sdv_only|{},3,2025020516,2025-12-15,actual_home_win,0.0,0.4127062186328124,1.9.1,20260912,0.4127062186328124,0.0
moneyline,moneyline|logistic|sdv_only|{},3,2025020517,2025-12-15,actual_home_win,0.0,0.5253834930306129,1.9.1,20260912,0.5253834930306129,0.0
moneyline,moneyline|logistic|sdv_only|{},3,2025020518,2025-12-15,actual_home_win,1.0,0.5041228050942158,1.9.1,20260912,0.5041228050942158,0.0
moneyline,moneyline|logistic|sdv_only|{},3,2025020519,2025-12-16,actual_home_win,1.0,0.4340834165741811,1.9.1,20260912,0.4340834165741811,0.0
moneyline,moneyline|logistic|sdv_only|{},3,2025020520,2025-12-16,actual_home_win,1.0,0.5604435457339436,1.9.1,20260912,0.5604435457339436,0.0
moneyline,moneyline|logistic|sdv_only|{},3,2025020521,2025-12-16,actual_home_win,0.0,0.5307728495810149,1.9.1,20260912,0.5307728495810149,0.0
moneyline,moneyline|logistic|sdv_only|{},3,2025020522,2025-12-16,actual_home_win,1.0,0.5456447444729973,1.9.1,20260912,0.5456447444729973,0.0
moneyline,moneyline|logistic|sdv_only|{},3,2025020523,2025-12-16,actual_home_win,0.0,0.6150427093400902,1.9.1,20260912,0.6150427093400902,0.0
moneyline,moneyline|logistic|sdv_only|{},3,2025020524,2025-12-16,actual_home_win,0.0,0.5153493583946059,1.9.1,20260912,0.5153493583946059,0.0
moneyline,moneyline|logistic|sdv_only|{},3,2025020525,2025-12-16,actual_home_win,1.0,0.5464566653357178,1.9.1,20260912,0.5464566653357178,0.0
moneyline,moneyline|logistic|sdv_only|{},3,2025020526,2025-12-16,actual_home_win,1.0,0.4611312661122868,1.9.1,20260912,0.46113126611228683,5.551115123125783e-17
moneyline,moneyline|logistic|sdv_only|{},3,2025020527,2025-12-16,actual_home_win,1.0,0.4348508393613511,1.9.1,20260912,0.4348508393613511,0.0
moneyline,moneyline|logistic|sdv_only|{},3,2025020528,2025-12-16,actual_home_win,0.0,0.2902279169328881,1.9.1,20260912,0.29022791693288813,5.551115123125783e-17
moneyline,moneyline|logistic|sdv_only|{},3,2025020529,2025-12-17,actual_home_win,1.0,0.558232235556277,1.9.1,20260912,0.558232235556277,0.0
moneyline,moneyline|logistic|sdv_only|{},3,2025020530,2025-12-17,actual_home_win,0.0,0.4922139456034858,1.9.1,20260912,0.4922139456034858,0.0
moneyline,moneyline|logistic|sdv_only|{},3,2025020531,2025-12-17,actual_home_win,1.0,0.548439410731797,1.9.1,20260912,0.548439410731797,0.0
moneyline,moneyline|logistic|sdv_only|{},3,2025020532,2025-12-17,actual_home_win,0.0,0.3640406028481698,1.9.1,20260912,0.36404060284816986,5.551115123125783e-17
moneyline,moneyline|logistic|sdv_only|{},3,2025020533,2025-12-17,actual_home_win,0.0,0.6204069318653901,1.9.1,20260912,0.6204069318653901,0.0
moneyline,moneyline|logistic|sdv_only|{},3,2025020534,2025-12-18,actual_home_win,0.0,0.5048861068360508,1.9.1,20260912,0.5048861068360508,0.0
moneyline,moneyline|logistic|sdv_only|{},3,2025020535,2025-12-18,actual_home_win,1.0,0.538666718234482,1.9.1,20260912,0.538666718234482,0.0
moneyline,moneyline|logistic|sdv_only|{},3,2025020536,2025-12-18,actual_home_win,1.0,0.6191367325498504,1.9.1,20260912,0.6191367325498504,0.0
moneyline,moneyline|logistic|sdv_only|{},3,2025020537,2025-12-18,actual_home_win,1.0,0.6058115436867445,1.9.1,20260912,0.6058115436867445,0.0
moneyline,moneyline|logistic|sdv_only|{},3,2025020538,2025-12-18,actual_home_win,0.0,0.5834420029553228,1.9.1,20260912,0.5834420029553228,0.0
moneyline,moneyline|logistic|sdv_only|{},3,2025020539,2025-12-18,actual_home_win,1.0,0.5949453124407962,1.9.1,20260912,0.5949453124407962,0.0
moneyline,moneyline|logistic|sdv_only|{},3,2025020540,2025-12-18,actual_home_win,0.0,0.5495919504621054,1.9.1,20260912,0.5495919504621054,0.0
moneyline,moneyline|logistic|sdv_only|{},3,2025020541,2025-12-18,actual_home_win,0.0,0.482436480616371,1.9.1,20260912,0.482436480616371,0.0
moneyline,moneyline|logistic|sdv_only|{},3,2025020542,2025-12-18,actual_home_win,1.0,0.5923257706548638,1.9.1,20260912,0.5923257706548638,0.0
moneyline,moneyline|logistic|sdv_only|{},3,2025020543,2025-12-18,actual_home_win,0.0,0.4585266751524142,1.9.1,20260912,0.45852667515241424,5.551115123125783e-17
moneyline,moneyline|logistic|sdv_only|{},3,2025020544,2025-12-19,actual_home_win,1.0,0.4192352884007397,1.9.1,20260912,0.4192352884007397,0.0
moneyline,moneyline|logistic|sdv_only|{},3,2025020545,2025-12-19,actual_home_win,0.0,0.5654039162171642,1.9.1,20260912,0.5654039162171642,0.0
moneyline,moneyline|logistic|sdv_only|{},3,2025020546,2025-12-19,actual_home_win,1.0,0.7010861577054185,1.9.1,20260912,0.7010861577054185,0.0
moneyline,moneyline|logistic|sdv_only|{},3,2025020547,2025-12-19,actual_home_win,0.0,0.589848607066537,1.9.1,20260912,0.589848607066537,0.0
moneyline,moneyline|logistic|sdv_only|{},3,2025020548,2025-12-19,actual_home_win,0.0,0.4898056352065325,1.9.1,20260912,0.48980563520653253,5.551115123125783e-17
moneyline,moneyline|logistic|sdv_only|{},3,2025020549,2025-12-20,actual_home_win,1.0,0.5511981877961077,1.9.1,20260912,0.5511981877961077,0.0
moneyline,moneyline|logistic|sdv_only|{},3,2025020550,2025-12-20,actual_home_win,0.0,0.5449612837812975,1.9.1,20260912,0.5449612837812975,0.0
moneyline,moneyline|logistic|sdv_only|{},3,2025020551,2025-12-20,actual_home_win,1.0,0.6531312235684279,1.9.1,20260912,0.6531312235684279,0.0
moneyline,moneyline|logistic|sdv_only|{},3,2025020552,2025-12-20,actual_home_win,1.0,0.5074150171865609,1.9.1,20260912,0.5074150171865609,0.0
moneyline,moneyline|logistic|sdv_only|{},3,2025020553,2025-12-20,actual_home_win,1.0,0.5544182231565352,1.9.1,20260912,0.5544182231565352,0.0
moneyline,moneyline|logistic|sdv_only|{},3,2025020554,2025-12-20,actual_home_win,0.0,0.5846724767537557,1.9.1,20260912,0.5846724767537557,0.0
moneyline,moneyline|logistic|sdv_only|{},3,2025020555,2025-12-20,actual_home_win,0.0,0.5472150422983687,1.9.1,20260912,0.5472150422983687,0.0
moneyline,moneyline|logistic|sdv_only|{},3,2025020556,2025-12-20,actual_home_win,1.0,0.5747583831080565,1.9.1,20260912,0.5747583831080565,0.0
moneyline,moneyline|logistic|sdv_only|{},3,2025020557,2025-12-20,actual_home_win,1.0,0.4733262806535515,1.9.1,20260912,0.47332628065355153,5.551115123125783e-17
moneyline,moneyline|logistic|sdv_only|{},3,2025020558,2025-12-20,actual_home_win,1.0,0.5501593637262574,1.9.1,20260912,0.5501593637262574,0.0
moneyline,moneyline|logistic|sdv_only|{},3,2025020559,2025-12-20,actual_home_win,1.0,0.4509222776219797,1.9.1,20260912,0.45092227762197973,5.551115123125783e-17
moneyline,moneyline|logistic|sdv_only|{},3,2025020560,2025-12-20,actual_home_win,1.0,0.5077568446079559,1.9.1,20260912,0.5077568446079559,0.0
moneyline,moneyline|logistic|sdv_only|{},3,2025020561,2025-12-20,actual_home_win,0.0,0.5222395342362368,1.9.1,20260912,0.5222395342362368,0.0
moneyline,moneyline|logistic|sdv_only|{},3,2025020562,2025-12-21,actual_home_win,1.0,0.5250595167765024,1.9.1,20260912,0.5250595167765024,0.0
moneyline,moneyline|logistic|sdv_only|{},3,2025020563,2025-12-21,actual_home_win,0.0,0.3536957670629749,1.9.1,20260912,0.35369576706297495,5.551115123125783e-17
moneyline,moneyline|logistic|sdv_only|{},3,2025020564,2025-12-21,actual_home_win,0.0,0.4207591329513636,1.9.1,20260912,0.4207591329513636,0.0
moneyline,moneyline|logistic|sdv_only|{},3,2025020565,2025-12-21,actual_home_win,0.0,0.5106992565549072,1.9.1,20260912,0.5106992565549072,0.0
moneyline,moneyline|logistic|sdv_only|{},3,2025020566,2025-12-21,actual_home_win,1.0,0.4919921488295701,1.9.1,20260912,0.4919921488295701,0.0
moneyline,moneyline|logistic|sdv_only|{},3,2025020567,2025-12-21,actual_home_win,1.0,0.4743729425252938,1.9.1,20260912,0.47437294252529383,5.551115123125783e-17
moneyline,moneyline|logistic|sdv_only|{},3,2025020568,2025-12-21,actual_home_win,1.0,0.5730386007437901,1.9.1,20260912,0.5730386007437901,0.0
moneyline,moneyline|logistic|sdv_only|{},3,2025020569,2025-12-21,actual_home_win,1.0,0.6430876795042705,1.9.1,20260912,0.6430876795042705,0.0
moneyline,moneyline|logistic|sdv_only|{},3,2025020570,2025-12-21,actual_home_win,1.0,0.409126022447024,1.9.1,20260912,0.40912602244702406,5.551115123125783e-17
moneyline,moneyline|logistic|sdv_only|{},3,2025020571,2025-12-22,actual_home_win,1.0,0.6260911786672931,1.9.1,20260912,0.6260911786672931,0.0
moneyline,moneyline|logistic|sdv_only|{},3,2025020572,2025-12-22,actual_home_win,1.0,0.5936663647479592,1.9.1,20260912,0.5936663647479592,0.0
moneyline,moneyline|logistic|sdv_only|{},3,2025020573,2025-12-22,actual_home_win,0.0,0.5606189454831145,1.9.1,20260912,0.5606189454831145,0.0
moneyline,moneyline|logistic|sdv_only|{},3,2025020574,2025-12-22,actual_home_win,0.0,0.571713571803814,1.9.1,20260912,0.571713571803814,0.0
moneyline,moneyline|logistic|sdv_only|{},3,2025020575,2025-12-23,actual_home_win,1.0,0.4797756923194566,1.9.1,20260912,0.47977569231945666,5.551115123125783e-17
moneyline,moneyline|logistic|sdv_only|{},3,2025020576,2025-12-23,actual_home_win,0.0,0.5425712825948522,1.9.1,20260912,0.5425712825948522,0.0
moneyline,moneyline|logistic|sdv_only|{},3,2025020577,2025-12-23,actual_home_win,0.0,0.480109977819031,1.9.1,20260912,0.480109977819031,0.0
moneyline,moneyline|logistic|sdv_only|{},3,2025020578,2025-12-23,actual_home_win,0.0,0.5980839834943008,1.9.1,20260912,0.5980839834943008,0.0
moneyline,moneyline|logistic|sdv_only|{},3,2025020579,2025-12-23,actual_home_win,1.0,0.5349396237816902,1.9.1,20260912,0.5349396237816902,0.0
moneyline,moneyline|logistic|sdv_only|{},3,2025020580,2025-12-23,actual_home_win,1.0,0.5066762037749923,1.9.1,20260912,0.5066762037749923,0.0
moneyline,moneyline|logistic|sdv_only|{},3,2025020581,2025-12-23,actual_home_win,0.0,0.6001268133464764,1.9.1,20260912,0.6001268133464764,0.0
moneyline,moneyline|logistic|sdv_only|{},3,2025020582,2025-12-23,actual_home_win,0.0,0.5257630902904554,1.9.1,20260912,0.5257630902904554,0.0
moneyline,moneyline|logistic|sdv_only|{},3,2025020583,2025-12-23,actual_home_win,0.0,0.4147229051742274,1.9.1,20260912,0.4147229051742274,0.0
moneyline,moneyline|logistic|sdv_only|{},3,2025020584,2025-12-23,actual_home_win,1.0,0.6039656431954971,1.9.1,20260912,0.6039656431954971,0.0
moneyline,moneyline|logistic|sdv_only|{},3,2025020585,2025-12-23,actual_home_win,1.0,0.4950494357746661,1.9.1,20260912,0.49504943577466615,5.551115123125783e-17
moneyline,moneyline|logistic|sdv_only|{},3,2025020587,2025-12-23,actual_home_win,0.0,0.6253839735014826,1.9.1,20260912,0.6253839735014826,0.0
moneyline,moneyline|logistic|sdv_only|{},3,2025020588,2025-12-27,actual_home_win,1.0,0.4738881445070325,1.9.1,20260912,0.4738881445070325,0.0
moneyline,moneyline|logistic|sdv_only|{},3,2025020589,2025-12-27,actual_home_win,1.0,0.5530204442251614,1.9.1,20260912,0.5530204442251614,0.0
moneyline,moneyline|logistic|sdv_only|{},3,2025020590,2025-12-27,actual_home_win,1.0,0.3924276085624191,1.9.1,20260912,0.3924276085624191,0.0
moneyline,moneyline|logistic|sdv_only|{},3,2025020591,2025-12-27,actual_home_win,0.0,0.485276786930209,1.9.1,20260912,0.48527678693020904,5.551115123125783e-17
moneyline,moneyline|logistic|sdv_only|{},3,2025020592,2025-12-27,actual_home_win,0.0,0.4766800826484528,1.9.1,20260912,0.47668008264845285,5.551115123125783e-17
moneyline,moneyline|logistic|sdv_only|{},3,2025020593,2025-12-27,actual_home_win,1.0,0.6336136073866859,1.9.1,20260912,0.6336136073866859,0.0
moneyline,moneyline|logistic|sdv_only|{},3,2025020594,2025-12-27,actual_home_win,0.0,0.4822068938735729,1.9.1,20260912,0.4822068938735729,0.0
moneyline,moneyline|logistic|sdv_only|{},3,2025020595,2025-12-27,actual_home_win,1.0,0.5396106903550956,1.9.1,20260912,0.5396106903550956,0.0
moneyline,moneyline|logistic|sdv_only|{},3,2025020596,2025-12-27,actual_home_win,0.0,0.6187098561090868,1.9.1,20260912,0.6187098561090868,0.0
moneyline,moneyline|logistic|sdv_only|{},3,2025020597,2025-12-27,actual_home_win,1.0,0.5810617391351172,1.9.1,20260912,0.5810617391351172,0.0
moneyline,moneyline|logistic|sdv_only|{},3,2025020598,2025-12-27,actual_home_win,1.0,0.5232967611584641,1.9.1,20260912,0.5232967611584641,0.0
moneyline,moneyline|logistic|sdv_only|{},3,2025020599,2025-12-27,actual_home_win,0.0,0.5004621271342529,1.9.1,20260912,0.5004621271342529,0.0
moneyline,moneyline|logistic|sdv_only|{},3,2025020600,2025-12-27,actual_home_win,0.0,0.4582450752269432,1.9.1,20260912,0.45824507522694324,5.551115123125783e-17
moneyline,moneyline|logistic|sdv_only|{},3,2025020601,2025-12-28,actual_home_win,1.0,0.554301822875022,1.9.1,20260912,0.554301822875022,0.0
moneyline,moneyline|logistic|sdv_only|{},3,2025020602,2025-12-28,actual_home_win,1.0,0.6001676288019766,1.9.1,20260912,0.6001676288019766,0.0
moneyline,moneyline|logistic|sdv_only|{},3,2025020603,2025-12-28,actual_home_win,1.0,0.5162968267380443,1.9.1,20260912,0.5162968267380443,0.0
moneyline,moneyline|logistic|sdv_only|{},3,2025020604,2025-12-28,actual_home_win,0.0,0.440467668718832,1.9.1,20260912,0.44046766871883203,5.551115123125783e-17
moneyline,moneyline|logistic|sdv_only|{},3,2025020605,2025-12-28,actual_home_win,1.0,0.4267888351145214,1.9.1,20260912,0.4267888351145214,0.0
moneyline,moneyline|logistic|sdv_only|{},3,2025020606,2025-12-29,actual_home_win,0.0,0.6203602953787953,1.9.1,20260912,0.6203602953787953,0.0
moneyline,moneyline|logistic|sdv_only|{},3,2025020607,2025-12-29,actual_home_win,1.0,0.5345223096249864,1.9.1,20260912,0.5345223096249864,0.0
moneyline,moneyline|logistic|sdv_only|{},3,2025020608,2025-12-29,actual_home_win,1.0,0.6309591207027536,1.9.1,20260912,0.6309591207027536,0.0
moneyline,moneyline|logistic|sdv_only|{},3,2025020609,2025-12-29,actual_home_win,0.0,0.4901114209699869,1.9.1,20260912,0.4901114209699869,0.0
moneyline,moneyline|logistic|sdv_only|{},3,2025020610,2025-12-29,actual_home_win,0.0,0.523084566869365,1.9.1,20260912,0.523084566869365,0.0
moneyline,moneyline|logistic|sdv_only|{},3,2025020611,2025-12-29,actual_home_win,1.0,0.6377168527364596,1.9.1,20260912,0.6377168527364596,0.0
moneyline,moneyline|logistic|sdv_only|{},3,2025020612,2025-12-29,actual_home_win,0.0,0.6032084284575433,1.9.1,20260912,0.6032084284575433,0.0
moneyline,moneyline|logistic|sdv_only|{},3,2025020613,2025-12-29,actual_home_win,1.0,0.5501136360379207,1.9.1,20260912,0.5501136360379207,0.0
moneyline,moneyline|logistic|sdv_only|{},3,2025020614,2025-12-29,actual_home_win,0.0,0.6099999401590782,1.9.1,20260912,0.6099999401590782,0.0
moneyline,moneyline|logistic|sdv_only|{},3,2025020615,2025-12-29,actual_home_win,0.0,0.5465585875723237,1.9.1,20260912,0.5465585875723237,0.0
moneyline,moneyline|logistic|sdv_only|{},3,2025020616,2025-12-29,actual_home_win,0.0,0.5236106753609483,1.9.1,20260912,0.5236106753609483,0.0
moneyline,moneyline|logistic|sdv_only|{},3,2025020617,2025-12-30,actual_home_win,1.0,0.4890259657378217,1.9.1,20260912,0.4890259657378217,0.0
moneyline,moneyline|logistic|sdv_only|{},3,2025020618,2025-12-30,actual_home_win,0.0,0.5627506192219326,1.9.1,20260912,0.5627506192219326,0.0
moneyline,moneyline|logistic|sdv_only|{},3,2025020619,2025-12-30,actual_home_win,1.0,0.3765740807609772,1.9.1,20260912,0.37657408076097726,5.551115123125783e-17
moneyline,moneyline|logistic|sdv_only|{},3,2025020620,2025-12-30,actual_home_win,0.0,0.4668913894750087,1.9.1,20260912,0.46689138947500874,5.551115123125783e-17
moneyline,moneyline|logistic|sdv_only|{},3,2025020621,2025-12-30,actual_home_win,0.0,0.4191131120584508,1.9.1,20260912,0.4191131120584508,0.0
moneyline,moneyline|logistic|sdv_only|{},3,2025020622,2025-12-31,actual_home_win,1.0,0.554566783920957,1.9.1,20260912,0.554566783920957,0.0
moneyline,moneyline|logistic|sdv_only|{},3,2025020623,2025-12-31,actual_home_win,0.0,0.6158752718119147,1.9.1,20260912,0.6158752718119147,0.0
moneyline,moneyline|logistic|sdv_only|{},3,2025020624,2025-12-31,actual_home_win,0.0,0.4238516892251209,1.9.1,20260912,0.4238516892251209,0.0
moneyline,moneyline|logistic|sdv_only|{},3,2025020625,2025-12-31,actual_home_win,1.0,0.468949452738684,1.9.1,20260912,0.468949452738684,0.0
moneyline,moneyline|logistic|sdv_only|{},3,2025020626,2025-12-31,actual_home_win,1.0,0.5603858481511914,1.9.1,20260912,0.5603858481511914,0.0
moneyline,moneyline|logistic|sdv_only|{},3,2025020627,2025-12-31,actual_home_win,0.0,0.5135658777643834,1.9.1,20260912,0.5135658777643834,0.0
moneyline,moneyline|logistic|sdv_only|{},3,2025020628,2025-12-31,actual_home_win,0.0,0.528655403929315,1.9.1,20260912,0.528655403929315,0.0
moneyline,moneyline|logistic|sdv_only|{},3,2025020629,2025-12-31,actual_home_win,1.0,0.6839657912889495,1.9.1,20260912,0.6839657912889495,0.0
moneyline,moneyline|logistic|sdv_only|{},3,2025020630,2025-12-31,actual_home_win,1.0,0.4891177460796159,1.9.1,20260912,0.4891177460796159,0.0
moneyline,moneyline|logistic|sdv_only|{},3,2025020631,2025-12-31,actual_home_win,0.0,0.5416790161213033,1.9.1,20260912,0.5416790161213033,0.0
moneyline,moneyline|logistic|sdv_only|{},3,2025020632,2026-01-01,actual_home_win,1.0,0.5534775045952014,1.9.1,20260912,0.5534775045952014,0.0
moneyline,moneyline|logistic|sdv_only|{},3,2025020633,2026-01-01,actual_home_win,0.0,0.420761767079615,1.9.1,20260912,0.420761767079615,0.0
moneyline,moneyline|logistic|sdv_only|{},3,2025020634,2026-01-01,actual_home_win,1.0,0.515057267199825,1.9.1,20260912,0.515057267199825,0.0
moneyline,moneyline|logistic|sdv_only|{},3,2025020635,2026-01-01,actual_home_win,1.0,0.5252350786534578,1.9.1,20260912,0.5252350786534578,0.0
moneyline,moneyline|logistic|sdv_only|{},3,2025020636,2026-01-01,actual_home_win,0.0,0.621354525960701,1.9.1,20260912,0.621354525960701,0.0
moneyline,moneyline|logistic|sdv_only|{},3,2025020637,2026-01-01,actual_home_win,1.0,0.4264113357433736,1.9.1,20260912,0.42641133574337364,5.551115123125783e-17
moneyline,moneyline|logistic|sdv_only|{},3,2025020638,2026-01-01,actual_home_win,1.0,0.4596412107819199,1.9.1,20260912,0.4596412107819199,0.0
moneyline,moneyline|logistic|sdv_only|{},3,2025020639,2026-01-01,actual_home_win,0.0,0.4805510207353747,1.9.1,20260912,0.48055102073537476,5.551115123125783e-17
moneyline,moneyline|logistic|sdv_only|{},3,2025020640,2026-01-02,actual_home_win,1.0,0.4237952640339287,1.9.1,20260912,0.42379526403392875,5.551115123125783e-17
moneyline,moneyline|logistic|sdv_only|{},3,2025020641,2026-01-02,actual_home_win,0.0,0.5655289501295123,1.9.1,20260912,0.5655289501295123,0.0
moneyline,moneyline|logistic|sdv_only|{},3,2025020642,2026-01-02,actual_home_win,0.0,0.5220447287957986,1.9.1,20260912,0.5220447287957986,0.0
moneyline,moneyline|logistic|sdv_only|{},3,2025020643,2026-01-02,actual_home_win,0.0,0.5202568670373197,1.9.1,20260912,0.5202568670373197,0.0
moneyline,moneyline|logistic|sdv_only|{},3,2025020644,2026-01-03,actual_home_win,0.0,0.5113208353509182,1.9.1,20260912,0.5113208353509182,0.0
moneyline,moneyline|logistic|sdv_only|{},3,2025020645,2026-01-03,actual_home_win,1.0,0.4367829712904231,1.9.1,20260912,0.4367829712904231,0.0
moneyline,moneyline|logistic|sdv_only|{},3,2025020646,2026-01-03,actual_home_win,1.0,0.5100483987263905,1.9.1,20260912,0.5100483987263905,0.0
moneyline,moneyline|logistic|sdv_only|{},3,2025020647,2026-01-03,actual_home_win,0.0,0.4890995857587488,1.9.1,20260912,0.4890995857587488,0.0
moneyline,moneyline|logistic|sdv_only|{},3,2025020648,2026-01-03,actual_home_win,1.0,0.4755199337630038,1.9.1,20260912,0.4755199337630038,0.0
moneyline,moneyline|logistic|sdv_only|{},3,2025020649,2026-01-03,actual_home_win,0.0,0.3690776913187718,1.9.1,20260912,0.36907769131877183,5.551115123125783e-17
moneyline,moneyline|logistic|sdv_only|{},3,2025020650,2026-01-03,actual_home_win,1.0,0.6349801320241797,1.9.1,20260912,0.6349801320241797,0.0
moneyline,moneyline|logistic|sdv_only|{},3,2025020651,2026-01-03,actual_home_win,1.0,0.5367623163250375,1.9.1,20260912,0.5367623163250375,0.0
moneyline,moneyline|logistic|sdv_only|{},3,2025020652,2026-01-03,actual_home_win,0.0,0.6408572033731113,1.9.1,20260912,0.6408572033731113,0.0
moneyline,moneyline|logistic|sdv_only|{},3,2025020653,2026-01-03,actual_home_win,0.0,0.4755871866401422,1.9.1,20260912,0.47558718664014227,5.551115123125783e-17
moneyline,moneyline|logistic|sdv_only|{},3,2025020654,2026-01-03,actual_home_win,0.0,0.5253806965487143,1.9.1,20260912,0.5253806965487143,0.0
moneyline,moneyline|logistic|sdv_only|{},3,2025020655,2026-01-03,actual_home_win,1.0,0.5660043843957493,1.9.1,20260912,0.5660043843957493,0.0
moneyline,moneyline|logistic|sdv_only|{},3,2025020656,2026-01-03,actual_home_win,0.0,0.4891935462247295,1.9.1,20260912,0.48919354622472955,5.551115123125783e-17
moneyline,moneyline|logistic|sdv_only|{},3,2025020657,2026-01-04,actual_home_win,0.0,0.5066497488424128,1.9.1,20260912,0.5066497488424128,0.0
moneyline,moneyline|logistic|sdv_only|{},3,2025020658,2026-01-04,actual_home_win,0.0,0.5097668823852635,1.9.1,20260912,0.5097668823852635,0.0
moneyline,moneyline|logistic|sdv_only|{},3,2025020659,2026-01-04,actual_home_win,1.0,0.4026308790703553,1.9.1,20260912,0.40263087907035533,5.551115123125783e-17
moneyline,moneyline|logistic|sdv_only|{},3,2025020660,2026-01-04,actual_home_win,0.0,0.3762744224583207,1.9.1,20260912,0.3762744224583207,0.0
moneyline,moneyline|logistic|sdv_only|{},3,2025020661,2026-01-04,actual_home_win,1.0,0.3690977113088066,1.9.1,20260912,0.36909771130880664,5.551115123125783e-17
moneyline,moneyline|logistic|sdv_only|{},3,2025020662,2026-01-05,actual_home_win,0.0,0.4565881260695832,1.9.1,20260912,0.45658812606958327,5.551115123125783e-17
moneyline,moneyline|logistic|sdv_only|{},3,2025020663,2026-01-05,actual_home_win,1.0,0.5671914521510201,1.9.1,20260912,0.5671914521510201,0.0
moneyline,moneyline|logistic|sdv_only|{},3,2025020664,2026-01-05,actual_home_win,0.0,0.6133731105505872,1.9.1,20260912,0.6133731105505872,0.0
moneyline,moneyline|logistic|sdv_only|{},3,2025020665,2026-01-05,actual_home_win,0.0,0.5877765939835778,1.9.1,20260912,0.5877765939835778,0.0
moneyline,moneyline|logistic|sdv_only|{},3,2025020666,2026-01-05,actual_home_win,1.0,0.5681437961673261,1.9.1,20260912,0.5681437961673261,0.0
moneyline,moneyline|logistic|sdv_only|{},3,2025020667,2026-01-06,actual_home_win,1.0,0.604462198910268,1.9.1,20260912,0.604462198910268,0.0
moneyline,moneyline|logistic|sdv_only|{},3,2025020668,2026-01-06,actual_home_win,1.0,0.4388807468842788,1.9.1,20260912,0.4388807468842788,0.0
moneyline,moneyline|logistic|sdv_only|{},3,2025020669,2026-01-06,actual_home_win,1.0,0.5026572361346603,1.9.1,20260912,0.5026572361346603,0.0
moneyline,moneyline|logistic|sdv_only|{},3,2025020670,2026-01-06,actual_home_win,1.0,0.5478215064518386,1.9.1,20260912,0.5478215064518386,0.0
moneyline,moneyline|logistic|sdv_only|{},3,2025020671,2026-01-06,actual_home_win,1.0,0.6229551286663441,1.9.1,20260912,0.6229551286663441,0.0
moneyline,moneyline|logistic|sdv_only|{},3,2025020672,2026-01-06,actual_home_win,1.0,0.4180563591292559,1.9.1,20260912,0.4180563591292559,0.0
moneyline,moneyline|logistic|sdv_only|{},3,2025020673,2026-01-06,actual_home_win,0.0,0.4146265209976872,1.9.1,20260912,0.41462652099768726,5.551115123125783e-17
moneyline,moneyline|logistic|sdv_only|{},3,2025020674,2026-01-06,actual_home_win,1.0,0.5162212567188869,1.9.1,20260912,0.5162212567188869,0.0
moneyline,moneyline|logistic|sdv_only|{},3,2025020675,2026-01-06,actual_home_win,1.0,0.4690963755071649,1.9.1,20260912,0.46909637550716493,5.551115123125783e-17
moneyline,moneyline|logistic|sdv_only|{},3,2025020676,2026-01-06,actual_home_win,1.0,0.4872408901890169,1.9.1,20260912,0.48724089018901695,5.551115123125783e-17
moneyline,moneyline|logistic|sdv_only|{},3,2025020677,2026-01-07,actual_home_win,0.0,0.530955351564234,1.9.1,20260912,0.530955351564234,0.0
moneyline,moneyline|logistic|sdv_only|{},3,2025020678,2026-01-07,actual_home_win,1.0,0.5665931256362862,1.9.1,20260912,0.5665931256362862,0.0
moneyline,moneyline|logistic|sdv_only|{},3,2025020679,2026-01-07,actual_home_win,1.0,0.4596696566567962,1.9.1,20260912,0.45966965665679627,5.551115123125783e-17
moneyline,moneyline|logistic|sdv_only|{},3,2025020680,2026-01-07,actual_home_win,1.0,0.5355002427750514,1.9.1,20260912,0.5355002427750514,0.0
moneyline,moneyline|logistic|sdv_only|{},3,2025020681,2026-01-07,actual_home_win,0.0,0.6349066593572302,1.9.1,20260912,0.6349066593572302,0.0
moneyline,moneyline|logistic|sdv_only|{},3,2025020682,2026-01-08,actual_home_win,1.0,0.5109856973896595,1.9.1,20260912,0.5109856973896595,0.0
moneyline,moneyline|logistic|sdv_only|{},3,2025020683,2026-01-08,actual_home_win,1.0,0.4940209186568783,1.9.1,20260912,0.49402091865687836,5.551115123125783e-17
moneyline,moneyline|logistic|sdv_only|{},3,2025020684,2026-01-08,actual_home_win,1.0,0.5780414962340811,1.9.1,20260912,0.5780414962340811,0.0
moneyline,moneyline|logistic|sdv_only|{},3,2025020685,2026-01-08,actual_home_win,0.0,0.5097075183894504,1.9.1,20260912,0.5097075183894504,0.0
moneyline,moneyline|logistic|sdv_only|{},3,2025020686,2026-01-08,actual_home_win,0.0,0.5806413157411292,1.9.1,20260912,0.5806413157411292,0.0
moneyline,moneyline|logistic|sdv_only|{},3,2025020687,2026-01-08,actual_home_win,1.0,0.5410842644019398,1.9.1,20260912,0.5410842644019398,0.0
moneyline,moneyline|logistic|sdv_only|{},3,2025020688,2026-01-08,actual_home_win,1.0,0.6546894323489414,1.9.1,20260912,0.6546894323489414,0.0
moneyline,moneyline|logistic|sdv_only|{},3,2025020689,2026-01-08,actual_home_win,1.0,0.5428603812772121,1.9.1,20260912,0.5428603812772121,0.0
moneyline,moneyline|logistic|sdv_only|{},3,2025020690,2026-01-08,actual_home_win,0.0,0.4899814190125356,1.9.1,20260912,0.4899814190125356,0.0
moneyline,moneyline|logistic|sdv_only|{},3,2025020691,2026-01-08,actual_home_win,1.0,0.6201937481091665,1.9.1,20260912,0.6201937481091665,0.0
moneyline,moneyline|logistic|sdv_only|{},3,2025020692,2026-01-08,actual_home_win,1.0,0.6164559955047674,1.9.1,20260912,0.6164559955047674,0.0
moneyline,moneyline|logistic|sdv_only|{},3,2025020693,2026-01-08,actual_home_win,0.0,0.4408551527470542,1.9.1,20260912,0.4408551527470542,0.0
moneyline,moneyline|logistic|sdv_only|{},3,2025020694,2026-01-09,actual_home_win,0.0,0.4198842613592622,1.9.1,20260912,0.41988426135926227,5.551115123125783e-17
moneyline,moneyline|logistic|sdv_only|{},3,2025020695,2026-01-09,actual_home_win,1.0,0.4274156072119823,1.9.1,20260912,0.4274156072119823,0.0
moneyline,moneyline|logistic|sdv_only|{},3,2025020696,2026-01-09,actual_home_win,1.0,0.6222112601016877,1.9.1,20260912,0.6222112601016877,0.0
moneyline,moneyline|logistic|sdv_only|{},3,2025020697,2026-01-10,actual_home_win,1.0,0.4888008835690531,1.9.1,20260912,0.4888008835690531,0.0
moneyline,moneyline|logistic|sdv_only|{},3,2025020698,2026-01-10,actual_home_win,0.0,0.5666360628750358,1.9.1,20260912,0.5666360628750358,0.0
moneyline,moneyline|logistic|sdv_only|{},3,2025020699,2026-01-10,actual_home_win,1.0,0.6871144110479235,1.9.1,20260912,0.6871144110479235,0.0
moneyline,moneyline|logistic|sdv_only|{},3,2025020700,2026-01-10,actual_home_win,1.0,0.4297130210824426,1.9.1,20260912,0.42971302108244264,5.551115123125783e-17
moneyline,moneyline|logistic|sdv_only|{},3,2025020701,2026-01-10,actual_home_win,1.0,0.544801640848241,1.9.1,20260912,0.544801640848241,0.0
moneyline,moneyline|logistic|sdv_only|{},3,2025020702,2026-01-10,actual_home_win,1.0,0.5663398855597397,1.9.1,20260912,0.5663398855597397,0.0
moneyline,moneyline|logistic|sdv_only|{},3,2025020703,2026-01-10,actual_home_win,0.0,0.5697067807193699,1.9.1,20260912,0.5697067807193699,0.0
moneyline,moneyline|logistic|sdv_only|{},3,2025020704,2026-01-10,actual_home_win,0.0,0.5409667591434562,1.9.1,20260912,0.5409667591434562,0.0
moneyline,moneyline|logistic|sdv_only|{},3,2025020705,2026-01-10,actual_home_win,0.0,0.4437407720662392,1.9.1,20260912,0.44374077206623924,5.551115123125783e-17
moneyline,moneyline|logistic|sdv_only|{},3,2025020706,2026-01-10,actual_home_win,1.0,0.7177126281596173,1.9.1,20260912,0.7177126281596173,0.0
moneyline,moneyline|logistic|sdv_only|{},3,2025020707,2026-01-10,actual_home_win,0.0,0.5793727333550358,1.9.1,20260912,0.5793727333550358,0.0
moneyline,moneyline|logistic|sdv_only|{},3,2025020708,2026-01-10,actual_home_win,0.0,0.556106121793883,1.9.1,20260912,0.556106121793883,0.0
moneyline,moneyline|logistic|sdv_only|{},3,2025020709,2026-01-10,actual_home_win,0.0,0.4675266105307646,1.9.1,20260912,0.46752661053076466,5.551115123125783e-17
moneyline,moneyline|logistic|sdv_only|{},3,2025020710,2026-01-10,actual_home_win,1.0,0.6050810018033768,1.9.1,20260912,0.6050810018033768,0.0
moneyline,moneyline|logistic|sdv_only|{},3,2025020711,2026-01-11,actual_home_win,1.0,0.4829624915728299,1.9.1,20260912,0.48296249157282994,5.551115123125783e-17
moneyline,moneyline|logistic|sdv_only|{},3,2025020712,2026-01-11,actual_home_win,1.0,0.4815811102616328,1.9.1,20260912,0.4815811102616328,0.0
moneyline,moneyline|logistic|sdv_only|{},3,2025020713,2026-01-11,actual_home_win,1.0,0.4763835160140913,1.9.1,20260912,0.47638351601409135,5.551115123125783e-17
moneyline,moneyline|logistic|sdv_only|{},3,2025020714,2026-01-11,actual_home_win,0.0,0.60150055027073,1.9.1,20260912,0.60150055027073,0.0
moneyline,moneyline|logistic|sdv_only|{},3,2025020715,2026-01-11,actual_home_win,0.0,0.3896372218119863,1.9.1,20260912,0.3896372218119863,0.0
moneyline,moneyline|logistic|sdv_only|{},4,2025020716,2026-01-12,actual_home_win,0.0,0.4845955959445816,1.9.1,20260912,0.4845955959445816,0.0
moneyline,moneyline|logistic|sdv_only|{},4,2025020717,2026-01-12,actual_home_win,1.0,0.381623539777027,1.9.1,20260912,0.38162353977702707,5.551115123125783e-17
moneyline,moneyline|logistic|sdv_only|{},4,2025020718,2026-01-12,actual_home_win,0.0,0.5961020206980017,1.9.1,20260912,0.5961020206980017,0.0
moneyline,moneyline|logistic|sdv_only|{},4,2025020719,2026-01-12,actual_home_win,0.0,0.4366239331222127,1.9.1,20260912,0.43662393312221276,5.551115123125783e-17
moneyline,moneyline|logistic|sdv_only|{},4,2025020720,2026-01-12,actual_home_win,1.0,0.6158634675696352,1.9.1,20260912,0.6158634675696352,0.0
moneyline,moneyline|logistic|sdv_only|{},4,2025020721,2026-01-12,actual_home_win,0.0,0.5396202106932237,1.9.1,20260912,0.5396202106932237,0.0
moneyline,moneyline|logistic|sdv_only|{},4,2025020722,2026-01-12,actual_home_win,0.0,0.45925096707032,1.9.1,20260912,0.45925096707032004,5.551115123125783e-17
moneyline,moneyline|logistic|sdv_only|{},4,2025020723,2026-01-12,actual_home_win,0.0,0.6918669912210409,1.9.1,20260912,0.6918669912210409,0.0
moneyline,moneyline|logistic|sdv_only|{},4,2025020724,2026-01-12,actual_home_win,0.0,0.560665213131882,1.9.1,20260912,0.560665213131882,0.0
moneyline,moneyline|logistic|sdv_only|{},4,2025020725,2026-01-13,actual_home_win,1.0,0.6680641761853416,1.9.1,20260912,0.6680641761853416,0.0
moneyline,moneyline|logistic|sdv_only|{},4,2025020726,2026-01-13,actual_home_win,0.0,0.4446591072893536,1.9.1,20260912,0.44465910728935365,5.551115123125783e-17
moneyline,moneyline|logistic|sdv_only|{},4,2025020727,2026-01-13,actual_home_win,1.0,0.5185757196704293,1.9.1,20260912,0.5185757196704293,0.0
moneyline,moneyline|logistic|sdv_only|{},4,2025020728,2026-01-13,actual_home_win,1.0,0.5677608642059402,1.9.1,20260912,0.5677608642059402,0.0
moneyline,moneyline|logistic|sdv_only|{},4,2025020729,2026-01-13,actual_home_win,1.0,0.5181586331253555,1.9.1,20260912,0.5181586331253555,0.0
moneyline,moneyline|logistic|sdv_only|{},4,2025020730,2026-01-13,actual_home_win,1.0,0.3836298564621103,1.9.1,20260912,0.38362985646211034,5.551115123125783e-17
moneyline,moneyline|logistic|sdv_only|{},4,2025020731,2026-01-13,actual_home_win,1.0,0.5059834268088644,1.9.1,20260912,0.5059834268088644,0.0
moneyline,moneyline|logistic|sdv_only|{},4,2025020732,2026-01-13,actual_home_win,1.0,0.5300531069678649,1.9.1,20260912,0.5300531069678649,0.0
moneyline,moneyline|logistic|sdv_only|{},4,2025020733,2026-01-13,actual_home_win,1.0,0.6196082468111267,1.9.1,20260912,0.6196082468111267,0.0
moneyline,moneyline|logistic|sdv_only|{},4,2025020734,2026-01-13,actual_home_win,1.0,0.5009598027155028,1.9.1,20260912,0.5009598027155028,0.0
moneyline,moneyline|logistic|sdv_only|{},4,2025020735,2026-01-14,actual_home_win,1.0,0.591305339376736,1.9.1,20260912,0.591305339376736,0.0
moneyline,moneyline|logistic|sdv_only|{},4,2025020736,2026-01-14,actual_home_win,1.0,0.5336866198619239,1.9.1,20260912,0.5336866198619239,0.0
moneyline,moneyline|logistic|sdv_only|{},4,2025020737,2026-01-14,actual_home_win,0.0,0.4347855777017345,1.9.1,20260912,0.43478557770173454,5.551115123125783e-17
moneyline,moneyline|logistic|sdv_only|{},4,2025020738,2026-01-14,actual_home_win,0.0,0.5112536870042496,1.9.1,20260912,0.5112536870042496,0.0
moneyline,moneyline|logistic|sdv_only|{},4,2025020739,2026-01-15,actual_home_win,1.0,0.5745005023467844,1.9.1,20260912,0.5745005023467844,0.0
moneyline,moneyline|logistic|sdv_only|{},4,2025020740,2026-01-15,actual_home_win,1.0,0.5098920919678905,1.9.1,20260912,0.5098920919678905,0.0
moneyline,moneyline|logistic|sdv_only|{},4,2025020741,2026-01-15,actual_home_win,1.0,0.5313559938134648,1.9.1,20260912,0.5313559938134648,0.0
moneyline,moneyline|logistic|sdv_only|{},4,2025020742,2026-01-15,actual_home_win,0.0,0.6110158437206951,1.9.1,20260912,0.6110158437206951,0.0
moneyline,moneyline|logistic|sdv_only|{},4,2025020743,2026-01-15,actual_home_win,1.0,0.6070190363625892,1.9.1,20260912,0.6070190363625892,0.0
moneyline,moneyline|logistic|sdv_only|{},4,2025020744,2026-01-15,actual_home_win,0.0,0.5716736483459615,1.9.1,20260912,0.5716736483459615,0.0
moneyline,moneyline|logistic|sdv_only|{},4,2025020745,2026-01-15,actual_home_win,0.0,0.4798902265499702,1.9.1,20260912,0.4798902265499702,0.0
moneyline,moneyline|logistic|sdv_only|{},4,2025020746,2026-01-15,actual_home_win,1.0,0.5879695812756945,1.9.1,20260912,0.5879695812756945,0.0
moneyline,moneyline|logistic|sdv_only|{},4,2025020747,2026-01-15,actual_home_win,0.0,0.5683203342945093,1.9.1,20260912,0.5683203342945093,0.0
moneyline,moneyline|logistic|sdv_only|{},4,2025020748,2026-01-15,actual_home_win,1.0,0.632377397029352,1.9.1,20260912,0.632377397029352,0.0
moneyline,moneyline|logistic|sdv_only|{},4,2025020749,2026-01-16,actual_home_win,1.0,0.5567461591185667,1.9.1,20260912,0.5567461591185667,0.0
moneyline,moneyline|logistic|sdv_only|{},4,2025020750,2026-01-16,actual_home_win,1.0,0.598902357865113,1.9.1,20260912,0.598902357865113,0.0
moneyline,moneyline|logistic|sdv_only|{},4,2025020751,2026-01-16,actual_home_win,1.0,0.4238716319786668,1.9.1,20260912,0.4238716319786668,0.0
moneyline,moneyline|logistic|sdv_only|{},4,2025020752,2026-01-16,actual_home_win,0.0,0.6777938224985385,1.9.1,20260912,0.6777938224985385,0.0
moneyline,moneyline|logistic|sdv_only|{},4,2025020753,2026-01-16,actual_home_win,0.0,0.580048501694344,1.9.1,20260912,0.580048501694344,0.0
moneyline,moneyline|logistic|sdv_only|{},4,2025020754,2026-01-17,actual_home_win,0.0,0.5400505759622966,1.9.1,20260912,0.5400505759622966,0.0
moneyline,moneyline|logistic|sdv_only|{},4,2025020755,2026-01-17,actual_home_win,0.0,0.5492013701421106,1.9.1,20260912,0.5492013701421106,0.0
moneyline,moneyline|logistic|sdv_only|{},4,2025020756,2026-01-17,actual_home_win,1.0,0.556325048372146,1.9.1,20260912,0.556325048372146,0.0
moneyline,moneyline|logistic|sdv_only|{},4,2025020757,2026-01-17,actual_home_win,1.0,0.6681700264533966,1.9.1,20260912,0.6681700264533966,0.0
moneyline,moneyline|logistic|sdv_only|{},4,2025020758,2026-01-17,actual_home_win,0.0,0.5654322568376844,1.9.1,20260912,0.5654322568376844,0.0
moneyline,moneyline|logistic|sdv_only|{},4,2025020759,2026-01-17,actual_home_win,0.0,0.3786932795989273,1.9.1,20260912,0.3786932795989273,0.0
moneyline,moneyline|logistic|sdv_only|{},4,2025020760,2026-01-17,actual_home_win,0.0,0.5311982338992934,1.9.1,20260912,0.5311982338992934,0.0
moneyline,moneyline|logistic|sdv_only|{},4,2025020761,2026-01-17,actual_home_win,0.0,0.4952748406294512,1.9.1,20260912,0.49527484062945126,5.551115123125783e-17
moneyline,moneyline|logistic|sdv_only|{},4,2025020762,2026-01-17,actual_home_win,0.0,0.5208676685196771,1.9.1,20260912,0.5208676685196771,0.0
moneyline,moneyline|logistic|sdv_only|{},4,2025020763,2026-01-17,actual_home_win,0.0,0.4820476094935862,1.9.1,20260912,0.48204760949358627,5.551115123125783e-17
moneyline,moneyline|logistic|sdv_only|{},4,2025020764,2026-01-17,actual_home_win,0.0,0.4384373123421931,1.9.1,20260912,0.4384373123421931,0.0
moneyline,moneyline|logistic|sdv_only|{},4,2025020765,2026-01-17,actual_home_win,1.0,0.6056099274628096,1.9.1,20260912,0.6056099274628096,0.0
moneyline,moneyline|logistic|sdv_only|{},4,2025020766,2026-01-17,actual_home_win,1.0,0.4683537483978662,1.9.1,20260912,0.46835374839786625,5.551115123125783e-17
moneyline,moneyline|logistic|sdv_only|{},4,2025020767,2026-01-18,actual_home_win,0.0,0.4427615698264749,1.9.1,20260912,0.4427615698264749,0.0
moneyline,moneyline|logistic|sdv_only|{},4,2025020768,2026-01-18,actual_home_win,1.0,0.4314178955550293,1.9.1,20260912,0.43141789555502935,5.551115123125783e-17
moneyline,moneyline|logistic|sdv_only|{},4,2025020769,2026-01-18,actual_home_win,1.0,0.554792615663369,1.9.1,20260912,0.554792615663369,0.0
moneyline,moneyline|logistic|sdv_only|{},4,2025020770,2026-01-19,actual_home_win,1.0,0.6543176480141915,1.9.1,20260912,0.6543176480141915,0.0
moneyline,moneyline|logistic|sdv_only|{},4,2025020771,2026-01-19,actual_home_win,1.0,0.6530075878442926,1.9.1,20260912,0.6530075878442926,0.0
moneyline,moneyline|logistic|sdv_only|{},4,2025020772,2026-01-19,actual_home_win,0.0,0.4417882142749532,1.9.1,20260912,0.4417882142749532,0.0
moneyline,moneyline|logistic|sdv_only|{},4,2025020773,2026-01-19,actual_home_win,0.0,0.6269431582110895,1.9.1,20260912,0.6269431582110895,0.0
moneyline,moneyline|logistic|sdv_only|{},4,2025020774,2026-01-19,actual_home_win,0.0,0.48147010487614,1.9.1,20260912,0.48147010487614,0.0
moneyline,moneyline|logistic|sdv_only|{},4,2025020775,2026-01-19,actual_home_win,0.0,0.593251607713795,1.9.1,20260912,0.593251607713795,0.0
moneyline,moneyline|logistic|sdv_only|{},4,2025020776,2026-01-19,actual_home_win,1.0,0.4896702967533704,1.9.1,20260912,0.4896702967533704,0.0
moneyline,moneyline|logistic|sdv_only|{},4,2025020777,2026-01-19,actual_home_win,0.0,0.4999748001289282,1.9.1,20260912,0.49997480012892825,5.551115123125783e-17
moneyline,moneyline|logistic|sdv_only|{},4,2025020778,2026-01-19,actual_home_win,0.0,0.488263994952553,1.9.1,20260912,0.488263994952553,0.0
moneyline,moneyline|logistic|sdv_only|{},4,2025020779,2026-01-19,actual_home_win,1.0,0.5490799051335159,1.9.1,20260912,0.5490799051335159,0.0
moneyline,moneyline|logistic|sdv_only|{},4,2025020780,2026-01-20,actual_home_win,1.0,0.5538975087960165,1.9.1,20260912,0.5538975087960165,0.0
moneyline,moneyline|logistic|sdv_only|{},4,2025020781,2026-01-20,actual_home_win,1.0,0.6659613834418295,1.9.1,20260912,0.6659613834418295,0.0
moneyline,moneyline|logistic|sdv_only|{},4,2025020782,2026-01-20,actual_home_win,0.0,0.4579069478410154,1.9.1,20260912,0.45790694784101543,5.551115123125783e-17
moneyline,moneyline|logistic|sdv_only|{},4,2025020783,2026-01-20,actual_home_win,1.0,0.5696949272208999,1.9.1,20260912,0.5696949272208999,0.0
moneyline,moneyline|logistic|sdv_only|{},4,2025020784,2026-01-20,actual_home_win,0.0,0.506210571444439,1.9.1,20260912,0.506210571444439,0.0
moneyline,moneyline|logistic|sdv_only|{},4,2025020785,2026-01-20,actual_home_win,1.0,0.5007807668842487,1.9.1,20260912,0.5007807668842487,0.0
moneyline,moneyline|logistic|sdv_only|{},4,2025020786,2026-01-20,actual_home_win,0.0,0.5567524978689523,1.9.1,20260912,0.5567524978689523,0.0
moneyline,moneyline|logistic|sdv_only|{},4,2025020787,2026-01-20,actual_home_win,1.0,0.5953730701870068,1.9.1,20260912,0.5953730701870068,0.0
moneyline,moneyline|logistic|sdv_only|{},4,2025020788,2026-01-21,actual_home_win,0.0,0.5076855254448812,1.9.1,20260912,0.5076855254448812,0.0
moneyline,moneyline|logistic|sdv_only|{},4,2025020789,2026-01-21,actual_home_win,0.0,0.6676901645063182,1.9.1,20260912,0.6676901645063182,0.0
moneyline,moneyline|logistic|sdv_only|{},4,2025020790,2026-01-21,actual_home_win,1.0,0.5982048774049584,1.9.1,20260912,0.5982048774049584,0.0
moneyline,moneyline|logistic|sdv_only|{},4,2025020791,2026-01-21,actual_home_win,0.0,0.4746367376016474,1.9.1,20260912,0.47463673760164743,5.551115123125783e-17
moneyline,moneyline|logistic|sdv_only|{},4,2025020792,2026-01-21,actual_home_win,1.0,0.4321634456036504,1.9.1,20260912,0.4321634456036504,0.0
moneyline,moneyline|logistic|sdv_only|{},4,2025020793,2026-01-21,actual_home_win,1.0,0.5056981276562688,1.9.1,20260912,0.5056981276562688,0.0
moneyline,moneyline|logistic|sdv_only|{},4,2025020794,2026-01-22,actual_home_win,1.0,0.427585893539262,1.9.1,20260912,0.427585893539262,0.0
moneyline,moneyline|logistic|sdv_only|{},4,2025020795,2026-01-22,actual_home_win,0.0,0.5575395509840805,1.9.1,20260912,0.5575395509840805,0.0
moneyline,moneyline|logistic|sdv_only|{},4,2025020796,2026-01-22,actual_home_win,0.0,0.7245571344046609,1.9.1,20260912,0.7245571344046609,0.0
moneyline,moneyline|logistic|sdv_only|{},4,2025020797,2026-01-22,actual_home_win,1.0,0.518933671415835,1.9.1,20260912,0.518933671415835,0.0
moneyline,moneyline|logistic|sdv_only|{},4,2025020798,2026-01-22,actual_home_win,1.0,0.4278410359811888,1.9.1,20260912,0.4278410359811888,0.0
moneyline,moneyline|logistic|sdv_only|{},4,2025020799,2026-01-22,actual_home_win,0.0,0.4321479735579924,1.9.1,20260912,0.4321479735579924,0.0
moneyline,moneyline|logistic|sdv_only|{},4,2025020800,2026-01-22,actual_home_win,0.0,0.527618149458871,1.9.1,20260912,0.527618149458871,0.0
moneyline,moneyline|logistic|sdv_only|{},4,2025020801,2026-01-22,actual_home_win,1.0,0.5519662314248905,1.9.1,20260912,0.5519662314248905,0.0
moneyline,moneyline|logistic|sdv_only|{},4,2025020802,2026-01-23,actual_home_win,0.0,0.419647738521577,1.9.1,20260912,0.41964773852157705,5.551115123125783e-17
moneyline,moneyline|logistic|sdv_only|{},4,2025020803,2026-01-23,actual_home_win,0.0,0.3346244101123766,1.9.1,20260912,0.33462441011237665,5.551115123125783e-17
moneyline,moneyline|logistic|sdv_only|{},4,2025020804,2026-01-23,actual_home_win,1.0,0.5598517251414408,1.9.1,20260912,0.5598517251414408,0.0
moneyline,moneyline|logistic|sdv_only|{},4,2025020805,2026-01-23,actual_home_win,0.0,0.671428166940931,1.9.1,20260912,0.671428166940931,0.0
moneyline,moneyline|logistic|sdv_only|{},4,2025020806,2026-01-23,actual_home_win,0.0,0.4707037333827548,1.9.1,20260912,0.47070373338275484,5.551115123125783e-17
moneyline,moneyline|logistic|sdv_only|{},4,2025020807,2026-01-23,actual_home_win,0.0,0.4554595329485015,1.9.1,20260912,0.45545953294850156,5.551115123125783e-17
moneyline,moneyline|logistic|sdv_only|{},4,2025020808,2026-01-23,actual_home_win,1.0,0.494124171476366,1.9.1,20260912,0.494124171476366,0.0
moneyline,moneyline|logistic|sdv_only|{},4,2025020809,2026-01-23,actual_home_win,0.0,0.4561915005669071,1.9.1,20260912,0.45619150056690716,5.551115123125783e-17
moneyline,moneyline|logistic|sdv_only|{},4,2025020810,2026-01-24,actual_home_win,0.0,0.4700516770080825,1.9.1,20260912,0.4700516770080825,0.0
moneyline,moneyline|logistic|sdv_only|{},4,2025020811,2026-01-24,actual_home_win,0.0,0.4386724302169236,1.9.1,20260912,0.43867243021692365,5.551115123125783e-17
moneyline,moneyline|logistic|sdv_only|{},4,2025020812,2026-01-24,actual_home_win,1.0,0.4598475716631997,1.9.1,20260912,0.4598475716631997,0.0
moneyline,moneyline|logistic|sdv_only|{},4,2025020813,2026-01-24,actual_home_win,0.0,0.4601561184928106,1.9.1,20260912,0.46015611849281063,5.551115123125783e-17
moneyline,moneyline|logistic|sdv_only|{},4,2025020814,2026-01-24,actual_home_win,1.0,0.415815774587207,1.9.1,20260912,0.415815774587207,0.0
moneyline,moneyline|logistic|sdv_only|{},4,2025020815,2026-01-24,actual_home_win,0.0,0.5038503110472166,1.9.1,20260912,0.5038503110472166,0.0
moneyline,moneyline|logistic|sdv_only|{},4,2025020816,2026-01-24,actual_home_win,0.0,0.4604035552700954,1.9.1,20260912,0.4604035552700954,0.0
moneyline,moneyline|logistic|sdv_only|{},4,2025020817,2026-01-24,actual_home_win,0.0,0.4733832809248787,1.9.1,20260912,0.47338328092487875,5.551115123125783e-17
moneyline,moneyline|logistic|sdv_only|{},4,2025020818,2026-01-24,actual_home_win,1.0,0.5251282092295079,1.9.1,20260912,0.5251282092295079,0.0
moneyline,moneyline|logistic|sdv_only|{},4,2025020819,2026-01-25,actual_home_win,0.0,0.3283707399519003,1.9.1,20260912,0.32837073995190036,5.551115123125783e-17
moneyline,moneyline|logistic|sdv_only|{},4,2025020820,2026-01-25,actual_home_win,1.0,0.4687124690737486,1.9.1,20260912,0.4687124690737486,0.0
moneyline,moneyline|logistic|sdv_only|{},4,2025020821,2026-01-25,actual_home_win,1.0,0.537197512669142,1.9.1,20260912,0.537197512669142,0.0
moneyline,moneyline|logistic|sdv_only|{},4,2025020822,2026-01-25,actual_home_win,0.0,0.425691292061,1.9.1,20260912,0.425691292061,0.0
moneyline,moneyline|logistic|sdv_only|{},4,2025020823,2026-01-25,actual_home_win,0.0,0.3815463578555088,1.9.1,20260912,0.38154635785550883,5.551115123125783e-17
moneyline,moneyline|logistic|sdv_only|{},4,2025020824,2026-01-25,actual_home_win,0.0,0.46972298569771,1.9.1,20260912,0.46972298569771,0.0
moneyline,moneyline|logistic|sdv_only|{},4,2025020825,2026-01-26,actual_home_win,1.0,0.5670258520752708,1.9.1,20260912,0.5670258520752708,0.0
moneyline,moneyline|logistic|sdv_only|{},4,2025020826,2026-01-26,actual_home_win,1.0,0.539382026194529,1.9.1,20260912,0.539382026194529,0.0
moneyline,moneyline|logistic|sdv_only|{},4,2025020827,2026-01-26,actual_home_win,0.0,0.5950222588540832,1.9.1,20260912,0.5950222588540832,0.0
moneyline,moneyline|logistic|sdv_only|{},4,2025020829,2026-01-26,actual_home_win,1.0,0.5390284920801981,1.9.1,20260912,0.5390284920801981,0.0
moneyline,moneyline|logistic|sdv_only|{},4,2025020830,2026-01-27,actual_home_win,1.0,0.5139572904852118,1.9.1,20260912,0.5139572904852118,0.0
moneyline,moneyline|logistic|sdv_only|{},4,2025020831,2026-01-27,actual_home_win,0.0,0.4787535900816257,1.9.1,20260912,0.47875359008162577,5.551115123125783e-17
moneyline,moneyline|logistic|sdv_only|{},4,2025020832,2026-01-27,actual_home_win,1.0,0.5000403614702172,1.9.1,20260912,0.5000403614702172,0.0
moneyline,moneyline|logistic|sdv_only|{},4,2025020833,2026-01-27,actual_home_win,0.0,0.4465314603149593,1.9.1,20260912,0.4465314603149593,0.0
moneyline,moneyline|logistic|sdv_only|{},4,2025020834,2026-01-27,actual_home_win,0.0,0.4991402500369872,1.9.1,20260912,0.4991402500369872,0.0
moneyline,moneyline|logistic|sdv_only|{},4,2025020835,2026-01-27,actual_home_win,0.0,0.5597263974844158,1.9.1,20260912,0.5597263974844158,0.0
moneyline,moneyline|logistic|sdv_only|{},4,2025020836,2026-01-27,actual_home_win,0.0,0.5011717851772952,1.9.1,20260912,0.5011717851772952,0.0
moneyline,moneyline|logistic|sdv_only|{},4,2025020837,2026-01-27,actual_home_win,1.0,0.6087481168487278,1.9.1,20260912,0.6087481168487278,0.0
moneyline,moneyline|logistic|sdv_only|{},4,2025020838,2026-01-27,actual_home_win,0.0,0.5016028539938091,1.9.1,20260912,0.5016028539938091,0.0
moneyline,moneyline|logistic|sdv_only|{},4,2025020839,2026-01-27,actual_home_win,1.0,0.4354927774520557,1.9.1,20260912,0.4354927774520557,0.0
moneyline,moneyline|logistic|sdv_only|{},4,2025020840,2026-01-28,actual_home_win,1.0,0.5180839695473557,1.9.1,20260912,0.5180839695473557,0.0
moneyline,moneyline|logistic|sdv_only|{},4,2025020841,2026-01-28,actual_home_win,1.0,0.4431385633178777,1.9.1,20260912,0.4431385633178777,0.0
moneyline,moneyline|logistic|sdv_only|{},4,2025020842,2026-01-28,actual_home_win,1.0,0.4908933567843296,1.9.1,20260912,0.4908933567843296,0.0
moneyline,moneyline|logistic|sdv_only|{},4,2025020843,2026-01-29,actual_home_win,1.0,0.4829997577865817,1.9.1,20260912,0.4829997577865817,0.0
moneyline,moneyline|logistic|sdv_only|{},4,2025020844,2026-01-29,actual_home_win,1.0,0.4753177815685884,1.9.1,20260912,0.4753177815685884,0.0
moneyline,moneyline|logistic|sdv_only|{},4,2025020845,2026-01-29,actual_home_win,1.0,0.3984443915264217,1.9.1,20260912,0.3984443915264217,0.0
moneyline,moneyline|logistic|sdv_only|{},4,2025020846,2026-01-29,actual_home_win,0.0,0.4941474402431376,1.9.1,20260912,0.4941474402431376,0.0
moneyline,moneyline|logistic|sdv_only|{},4,2025020847,2026-01-29,actual_home_win,1.0,0.6639706632884081,1.9.1,20260912,0.6639706632884081,0.0
moneyline,moneyline|logistic|sdv_only|{},4,2025020848,2026-01-29,actual_home_win,1.0,0.5190728395637697,1.9.1,20260912,0.5190728395637697,0.0
moneyline,moneyline|logistic|sdv_only|{},4,2025020849,2026-01-29,actual_home_win,0.0,0.5581951434417187,1.9.1,20260912,0.5581951434417187,0.0
moneyline,moneyline|logistic|sdv_only|{},4,2025020850,2026-01-29,actual_home_win,1.0,0.6223747542678486,1.9.1,20260912,0.6223747542678486,0.0
moneyline,moneyline|logistic|sdv_only|{},4,2025020851,2026-01-29,actual_home_win,1.0,0.5877364653480095,1.9.1,20260912,0.5877364653480095,0.0
moneyline,moneyline|logistic|sdv_only|{},4,2025020852,2026-01-29,actual_home_win,1.0,0.4681421895743695,1.9.1,20260912,0.46814218957436954,5.551115123125783e-17
moneyline,moneyline|logistic|sdv_only|{},4,2025020853,2026-01-29,actual_home_win,1.0,0.5641524038765271,1.9.1,20260912,0.5641524038765271,0.0
moneyline,moneyline|logistic|sdv_only|{},4,2025020854,2026-01-29,actual_home_win,1.0,0.5920082449934944,1.9.1,20260912,0.5920082449934944,0.0
moneyline,moneyline|logistic|sdv_only|{},4,2025020855,2026-01-29,actual_home_win,1.0,0.4327531960472255,1.9.1,20260912,0.43275319604722556,5.551115123125783e-17
moneyline,moneyline|logistic|sdv_only|{},4,2025020856,2026-01-29,actual_home_win,0.0,0.5745945424277081,1.9.1,20260912,0.5745945424277081,0.0
moneyline,moneyline|logistic|sdv_only|{},4,2025020857,2026-01-29,actual_home_win,1.0,0.5009871689137663,1.9.1,20260912,0.5009871689137663,0.0
moneyline,moneyline|logistic|sdv_only|{},4,2025020858,2026-01-30,actual_home_win,0.0,0.4239813288703223,1.9.1,20260912,0.4239813288703223,0.0
moneyline,moneyline|logistic|sdv_only|{},4,2025020859,2026-01-31,actual_home_win,0.0,0.486036814509292,1.9.1,20260912,0.48603681450929204,5.551115123125783e-17
moneyline,moneyline|logistic|sdv_only|{},4,2025020860,2026-01-31,actual_home_win,0.0,0.3423031875043265,1.9.1,20260912,0.34230318750432653,5.551115123125783e-17
moneyline,moneyline|logistic|sdv_only|{},4,2025020861,2026-01-31,actual_home_win,1.0,0.5741381317729605,1.9.1,20260912,0.5741381317729605,0.0
moneyline,moneyline|logistic|sdv_only|{},4,2025020862,2026-01-31,actual_home_win,0.0,0.617933952715201,1.9.1,20260912,0.617933952715201,0.0
moneyline,moneyline|logistic|sdv_only|{},4,2025020863,2026-01-31,actual_home_win,1.0,0.5333502916879896,1.9.1,20260912,0.5333502916879896,0.0
moneyline,moneyline|logistic|sdv_only|{},4,2025020864,2026-01-31,actual_home_win,1.0,0.4007336575668126,1.9.1,20260912,0.4007336575668126,0.0
moneyline,moneyline|logistic|sdv_only|{},4,2025020865,2026-01-31,actual_home_win,0.0,0.4929527173046595,1.9.1,20260912,0.4929527173046595,0.0
moneyline,moneyline|logistic|sdv_only|{},4,2025020866,2026-01-31,actual_home_win,1.0,0.6232792750567637,1.9.1,20260912,0.6232792750567637,0.0
moneyline,moneyline|logistic|sdv_only|{},4,2025020867,2026-01-31,actual_home_win,0.0,0.4790186446248975,1.9.1,20260912,0.47901864462489757,5.551115123125783e-17
moneyline,moneyline|logistic|sdv_only|{},4,2025020868,2026-01-31,actual_home_win,0.0,0.5119632604029432,1.9.1,20260912,0.5119632604029432,0.0
moneyline,moneyline|logistic|sdv_only|{},4,2025020869,2026-01-31,actual_home_win,0.0,0.4725363752333678,1.9.1,20260912,0.4725363752333678,0.0
moneyline,moneyline|logistic|sdv_only|{},4,2025020870,2026-01-31,actual_home_win,0.0,0.5844406068005289,1.9.1,20260912,0.5844406068005289,0.0
moneyline,moneyline|logistic|sdv_only|{},4,2025020871,2026-01-31,actual_home_win,0.0,0.553603308838597,1.9.1,20260912,0.553603308838597,0.0
moneyline,moneyline|logistic|sdv_only|{},4,2025020872,2026-01-31,actual_home_win,0.0,0.6491445726153098,1.9.1,20260912,0.6491445726153098,0.0
moneyline,moneyline|logistic|sdv_only|{},4,2025020873,2026-02-01,actual_home_win,1.0,0.6495514908266586,1.9.1,20260912,0.6495514908266586,0.0
moneyline,moneyline|logistic|sdv_only|{},4,2025020874,2026-02-01,actual_home_win,1.0,0.5989529368170746,1.9.1,20260912,0.5989529368170746,0.0
moneyline,moneyline|logistic|sdv_only|{},4,2025020875,2026-02-01,actual_home_win,1.0,0.4742364677140956,1.9.1,20260912,0.4742364677140956,0.0
moneyline,moneyline|logistic|sdv_only|{},4,2025020876,2026-02-02,actual_home_win,0.0,0.564406898773918,1.9.1,20260912,0.564406898773918,0.0
moneyline,moneyline|logistic|sdv_only|{},4,2025020877,2026-02-02,actual_home_win,0.0,0.4631864292899556,1.9.1,20260912,0.4631864292899556,0.0
moneyline,moneyline|logistic|sdv_only|{},4,2025020878,2026-02-02,actual_home_win,1.0,0.6082583648664251,1.9.1,20260912,0.6082583648664251,0.0
moneyline,moneyline|logistic|sdv_only|{},4,2025020879,2026-02-02,actual_home_win,1.0,0.475212417822841,1.9.1,20260912,0.475212417822841,0.0
moneyline,moneyline|logistic|sdv_only|{},4,2025020880,2026-02-02,actual_home_win,1.0,0.5329337448620433,1.9.1,20260912,0.5329337448620433,0.0
moneyline,moneyline|logistic|sdv_only|{},4,2025020881,2026-02-02,actual_home_win,1.0,0.4905050395408036,1.9.1,20260912,0.4905050395408036,0.0
moneyline,moneyline|logistic|sdv_only|{},4,2025020882,2026-02-02,actual_home_win,1.0,0.5854991115696224,1.9.1,20260912,0.5854991115696224,0.0
moneyline,moneyline|logistic|sdv_only|{},4,2025020883,2026-02-02,actual_home_win,0.0,0.692240707596378,1.9.1,20260912,0.692240707596378,0.0
moneyline,moneyline|logistic|sdv_only|{},4,2025020884,2026-02-02,actual_home_win,1.0,0.6846666147221222,1.9.1,20260912,0.6846666147221222,0.0
moneyline,moneyline|logistic|sdv_only|{},4,2025020885,2026-02-02,actual_home_win,0.0,0.510040248819622,1.9.1,20260912,0.510040248819622,0.0
moneyline,moneyline|logistic|sdv_only|{},4,2025020886,2026-02-03,actual_home_win,1.0,0.6120989429802176,1.9.1,20260912,0.6120989429802176,0.0
moneyline,moneyline|logistic|sdv_only|{},4,2025020887,2026-02-03,actual_home_win,0.0,0.5004743651889496,1.9.1,20260912,0.5004743651889496,0.0
moneyline,moneyline|logistic|sdv_only|{},4,2025020888,2026-02-03,actual_home_win,1.0,0.4410014313052791,1.9.1,20260912,0.44100143130527913,5.551115123125783e-17
moneyline,moneyline|logistic|sdv_only|{},4,2025020889,2026-02-03,actual_home_win,1.0,0.5292886659148649,1.9.1,20260912,0.5292886659148649,0.0
moneyline,moneyline|logistic|sdv_only|{},4,2025020890,2026-02-03,actual_home_win,1.0,0.5661767938867978,1.9.1,20260912,0.5661767938867978,0.0
moneyline,moneyline|logistic|sdv_only|{},4,2025020891,2026-02-03,actual_home_win,0.0,0.5703788191569821,1.9.1,20260912,0.5703788191569821,0.0
moneyline,moneyline|logistic|sdv_only|{},4,2025020892,2026-02-03,actual_home_win,1.0,0.5949692771584741,1.9.1,20260912,0.5949692771584741,0.0
moneyline,moneyline|logistic|sdv_only|{},4,2025020893,2026-02-04,actual_home_win,1.0,0.5969751107964537,1.9.1,20260912,0.5969751107964537,0.0
moneyline,moneyline|logistic|sdv_only|{},4,2025020894,2026-02-04,actual_home_win,1.0,0.6288678526976476,1.9.1,20260912,0.6288678526976476,0.0
moneyline,moneyline|logistic|sdv_only|{},4,2025020895,2026-02-04,actual_home_win,0.0,0.4501329249601492,1.9.1,20260912,0.4501329249601492,0.0
moneyline,moneyline|logistic|sdv_only|{},4,2025020896,2026-02-04,actual_home_win,0.0,0.5375518461738935,1.9.1,20260912,0.5375518461738935,0.0
moneyline,moneyline|logistic|sdv_only|{},4,2025020897,2026-02-04,actual_home_win,1.0,0.7171760497063773,1.9.1,20260912,0.7171760497063773,0.0
moneyline,moneyline|logistic|sdv_only|{},4,2025020898,2026-02-04,actual_home_win,1.0,0.6061861299881675,1.9.1,20260912,0.6061861299881675,0.0
moneyline,moneyline|logistic|sdv_only|{},4,2025020899,2026-02-04,actual_home_win,1.0,0.5538267958440293,1.9.1,20260912,0.5538267958440293,0.0
moneyline,moneyline|logistic|sdv_only|{},4,2025020900,2026-02-04,actual_home_win,1.0,0.4688785219027035,1.9.1,20260912,0.4688785219027035,0.0
moneyline,moneyline|logistic|sdv_only|{},4,2025020901,2026-02-04,actual_home_win,1.0,0.6691377254828887,1.9.1,20260912,0.6691377254828887,0.0
moneyline,moneyline|logistic|sdv_only|{},4,2025020902,2026-02-04,actual_home_win,0.0,0.6455610231015999,1.9.1,20260912,0.6455610231015999,0.0
moneyline,moneyline|logistic|sdv_only|{},4,2025020903,2026-02-05,actual_home_win,0.0,0.50218716609213,1.9.1,20260912,0.50218716609213,0.0
moneyline,moneyline|logistic|sdv_only|{},4,2025020904,2026-02-05,actual_home_win,1.0,0.5772521018702711,1.9.1,20260912,0.5772521018702711,0.0
moneyline,moneyline|logistic|sdv_only|{},4,2025020905,2026-02-05,actual_home_win,0.0,0.568889527768793,1.9.1,20260912,0.568889527768793,0.0
moneyline,moneyline|logistic|sdv_only|{},4,2025020906,2026-02-05,actual_home_win,0.0,0.3673495007675373,1.9.1,20260912,0.3673495007675373,0.0
moneyline,moneyline|logistic|sdv_only|{},4,2025020907,2026-02-05,actual_home_win,0.0,0.4442382892559575,1.9.1,20260912,0.4442382892559575,0.0
moneyline,moneyline|logistic|sdv_only|{},4,2025020908,2026-02-05,actual_home_win,1.0,0.5520291803181525,1.9.1,20260912,0.5520291803181525,0.0
moneyline,moneyline|logistic|sdv_only|{},4,2025020909,2026-02-05,actual_home_win,1.0,0.5336561953954961,1.9.1,20260912,0.5336561953954961,0.0
moneyline,moneyline|logistic|sdv_only|{},5,2025020828,2026-03-09,actual_home_win,0.0,0.5094282686143573,1.9.1,20260912,0.5094282686143573,0.0
moneyline,moneyline|logistic|sdv_only|{},5,2025020910,2026-02-25,actual_home_win,0.0,0.4985970280261713,1.9.1,20260912,0.49859702802617134,5.551115123125783e-17
moneyline,moneyline|logistic|sdv_only|{},5,2025020911,2026-02-25,actual_home_win,1.0,0.5191363259475911,1.9.1,20260912,0.5191363259475911,0.0
moneyline,moneyline|logistic|sdv_only|{},5,2025020912,2026-02-25,actual_home_win,1.0,0.6517532632565876,1.9.1,20260912,0.6517532632565876,0.0
moneyline,moneyline|logistic|sdv_only|{},5,2025020913,2026-02-25,actual_home_win,1.0,0.6199101697929792,1.9.1,20260912,0.6199101697929792,0.0
moneyline,moneyline|logistic|sdv_only|{},5,2025020914,2026-02-25,actual_home_win,0.0,0.4205043661202228,1.9.1,20260912,0.42050436612022285,5.551115123125783e-17
moneyline,moneyline|logistic|sdv_only|{},5,2025020915,2026-02-25,actual_home_win,0.0,0.4619546726117845,1.9.1,20260912,0.4619546726117845,0.0
moneyline,moneyline|logistic|sdv_only|{},5,2025020916,2026-02-25,actual_home_win,0.0,0.5187810347509516,1.9.1,20260912,0.5187810347509516,0.0
moneyline,moneyline|logistic|sdv_only|{},5,2025020917,2026-02-25,actual_home_win,1.0,0.516908320276675,1.9.1,20260912,0.516908320276675,0.0
moneyline,moneyline|logistic|sdv_only|{},5,2025020918,2026-02-26,actual_home_win,1.0,0.4922401420176432,1.9.1,20260912,0.4922401420176432,0.0
moneyline,moneyline|logistic|sdv_only|{},5,2025020919,2026-02-26,actual_home_win,0.0,0.6225577695831375,1.9.1,20260912,0.6225577695831375,0.0
moneyline,moneyline|logistic|sdv_only|{},5,2025020920,2026-02-26,actual_home_win,0.0,0.6428030574431153,1.9.1,20260912,0.6428030574431153,0.0
moneyline,moneyline|logistic|sdv_only|{},5,2025020921,2026-02-26,actual_home_win,1.0,0.6154043014405336,1.9.1,20260912,0.6154043014405336,0.0
moneyline,moneyline|logistic|sdv_only|{},5,2025020922,2026-02-26,actual_home_win,1.0,0.5866775140859832,1.9.1,20260912,0.5866775140859832,0.0
moneyline,moneyline|logistic|sdv_only|{},5,2025020923,2026-02-26,actual_home_win,1.0,0.5676465584340927,1.9.1,20260912,0.5676465584340927,0.0
moneyline,moneyline|logistic|sdv_only|{},5,2025020924,2026-02-26,actual_home_win,0.0,0.4710831472966948,1.9.1,20260912,0.4710831472966948,0.0
moneyline,moneyline|logistic|sdv_only|{},5,2025020925,2026-02-26,actual_home_win,1.0,0.5947037735492253,1.9.1,20260912,0.5947037735492253,0.0
moneyline,moneyline|logistic|sdv_only|{},5,2025020926,2026-02-26,actual_home_win,1.0,0.6276214420041496,1.9.1,20260912,0.6276214420041496,0.0
moneyline,moneyline|logistic|sdv_only|{},5,2025020927,2026-02-26,actual_home_win,0.0,0.6940104306196747,1.9.1,20260912,0.6940104306196747,0.0
moneyline,moneyline|logistic|sdv_only|{},5,2025020928,2026-02-26,actual_home_win,0.0,0.5025070767296849,1.9.1,20260912,0.5025070767296849,0.0
moneyline,moneyline|logistic|sdv_only|{},5,2025020929,2026-02-26,actual_home_win,0.0,0.5602497027369127,1.9.1,20260912,0.5602497027369127,0.0
moneyline,moneyline|logistic|sdv_only|{},5,2025020930,2026-02-27,actual_home_win,0.0,0.5755678665252728,1.9.1,20260912,0.5755678665252728,0.0
moneyline,moneyline|logistic|sdv_only|{},5,2025020931,2026-02-27,actual_home_win,1.0,0.4709659404058485,1.9.1,20260912,0.4709659404058485,0.0
moneyline,moneyline|logistic|sdv_only|{},5,2025020932,2026-02-27,actual_home_win,1.0,0.602714962945408,1.9.1,20260912,0.602714962945408,0.0
moneyline,moneyline|logistic|sdv_only|{},5,2025020933,2026-02-27,actual_home_win,1.0,0.5598763396590312,1.9.1,20260912,0.5598763396590312,0.0
moneyline,moneyline|logistic|sdv_only|{},5,2025020934,2026-02-28,actual_home_win,1.0,0.4601022852053387,1.9.1,20260912,0.4601022852053387,0.0
moneyline,moneyline|logistic|sdv_only|{},5,2025020935,2026-02-28,actual_home_win,1.0,0.5758677966701349,1.9.1,20260912,0.5758677966701349,0.0
moneyline,moneyline|logistic|sdv_only|{},5,2025020936,2026-02-28,actual_home_win,1.0,0.42767531509636,1.9.1,20260912,0.42767531509636,0.0
moneyline,moneyline|logistic|sdv_only|{},5,2025020937,2026-02-28,actual_home_win,0.0,0.6041356255224972,1.9.1,20260912,0.6041356255224972,0.0
moneyline,moneyline|logistic|sdv_only|{},5,2025020938,2026-02-28,actual_home_win,1.0,0.7627979874584144,1.9.1,20260912,0.7627979874584144,0.0
moneyline,moneyline|logistic|sdv_only|{},5,2025020939,2026-02-28,actual_home_win,0.0,0.3756450734243567,1.9.1,20260912,0.37564507342435677,5.551115123125783e-17
moneyline,moneyline|logistic|sdv_only|{},5,2025020940,2026-02-28,actual_home_win,1.0,0.5419966628132824,1.9.1,20260912,0.5419966628132824,0.0
moneyline,moneyline|logistic|sdv_only|{},5,2025020941,2026-02-28,actual_home_win,0.0,0.6179623211869805,1.9.1,20260912,0.6179623211869805,0.0
moneyline,moneyline|logistic|sdv_only|{},5,2025020942,2026-02-28,actual_home_win,1.0,0.672793701343363,1.9.1,20260912,0.672793701343363,0.0
moneyline,moneyline|logistic|sdv_only|{},5,2025020943,2026-02-28,actual_home_win,0.0,0.550463481149511,1.9.1,20260912,0.550463481149511,0.0
moneyline,moneyline|logistic|sdv_only|{},5,2025020944,2026-02-28,actual_home_win,1.0,0.6152149469773007,1.9.1,20260912,0.6152149469773007,0.0
moneyline,moneyline|logistic|sdv_only|{},5,2025020945,2026-02-28,actual_home_win,1.0,0.5511501038471437,1.9.1,20260912,0.5511501038471437,0.0
moneyline,moneyline|logistic|sdv_only|{},5,2025020946,2026-02-28,actual_home_win,1.0,0.5590856545756449,1.9.1,20260912,0.5590856545756449,0.0
moneyline,moneyline|logistic|sdv_only|{},5,2025020947,2026-03-01,actual_home_win,1.0,0.4761421692086487,1.9.1,20260912,0.47614216920864877,5.551115123125783e-17
moneyline,moneyline|logistic|sdv_only|{},5,2025020948,2026-03-01,actual_home_win,1.0,0.4094149405776472,1.9.1,20260912,0.40941494057764727,5.551115123125783e-17
moneyline,moneyline|logistic|sdv_only|{},5,2025020949,2026-03-01,actual_home_win,0.0,0.6906751615439148,1.9.1,20260912,0.6906751615439148,0.0
moneyline,moneyline|logistic|sdv_only|{},5,2025020950,2026-03-01,actual_home_win,1.0,0.5012362284957604,1.9.1,20260912,0.5012362284957604,0.0
moneyline,moneyline|logistic|sdv_only|{},5,2025020951,2026-03-01,actual_home_win,0.0,0.5305908342965268,1.9.1,20260912,0.5305908342965268,0.0
moneyline,moneyline|logistic|sdv_only|{},5,2025020952,2026-03-01,actual_home_win,1.0,0.5624649651909887,1.9.1,20260912,0.5624649651909887,0.0
moneyline,moneyline|logistic|sdv_only|{},5,2025020953,2026-03-02,actual_home_win,0.0,0.4771054093443189,1.9.1,20260912,0.4771054093443189,0.0
moneyline,moneyline|logistic|sdv_only|{},5,2025020954,2026-03-02,actual_home_win,0.0,0.4628974506837907,1.9.1,20260912,0.46289745068379073,5.551115123125783e-17
moneyline,moneyline|logistic|sdv_only|{},5,2025020955,2026-03-02,actual_home_win,0.0,0.5393855492946463,1.9.1,20260912,0.5393855492946463,0.0
moneyline,moneyline|logistic|sdv_only|{},5,2025020956,2026-03-02,actual_home_win,0.0,0.3843138351331702,1.9.1,20260912,0.38431383513317025,5.551115123125783e-17
moneyline,moneyline|logistic|sdv_only|{},5,2025020957,2026-03-02,actual_home_win,1.0,0.3085808488623924,1.9.1,20260912,0.3085808488623924,0.0
moneyline,moneyline|logistic|sdv_only|{},5,2025020958,2026-03-02,actual_home_win,0.0,0.3945544329429181,1.9.1,20260912,0.3945544329429181,0.0
moneyline,moneyline|logistic|sdv_only|{},5,2025020959,2026-03-03,actual_home_win,1.0,0.4707116584419135,1.9.1,20260912,0.4707116584419135,0.0
moneyline,moneyline|logistic|sdv_only|{},5,2025020960,2026-03-03,actual_home_win,1.0,0.4585661711720997,1.9.1,20260912,0.4585661711720997,0.0
moneyline,moneyline|logistic|sdv_only|{},5,2025020961,2026-03-03,actual_home_win,1.0,0.4508727477500638,1.9.1,20260912,0.45087274775006386,5.551115123125783e-17
moneyline,moneyline|logistic|sdv_only|{},5,2025020962,2026-03-03,actual_home_win,0.0,0.4670468258550823,1.9.1,20260912,0.4670468258550823,0.0
moneyline,moneyline|logistic|sdv_only|{},5,2025020963,2026-03-03,actual_home_win,1.0,0.5463899595014182,1.9.1,20260912,0.5463899595014182,0.0
moneyline,moneyline|logistic|sdv_only|{},5,2025020964,2026-03-03,actual_home_win,1.0,0.5896745570873217,1.9.1,20260912,0.5896745570873217,0.0
moneyline,moneyline|logistic|sdv_only|{},5,2025020965,2026-03-03,actual_home_win,0.0,0.4417227654885102,1.9.1,20260912,0.4417227654885102,0.0
moneyline,moneyline|logistic|sdv_only|{},5,2025020966,2026-03-03,actual_home_win,1.0,0.4314882079346599,1.9.1,20260912,0.4314882079346599,0.0
moneyline,moneyline|logistic|sdv_only|{},5,2025020967,2026-03-03,actual_home_win,1.0,0.4118111945042689,1.9.1,20260912,0.41181119450426895,5.551115123125783e-17
moneyline,moneyline|logistic|sdv_only|{},5,2025020968,2026-03-03,actual_home_win,0.0,0.3316890380896804,1.9.1,20260912,0.3316890380896804,0.0
moneyline,moneyline|logistic|sdv_only|{},5,2025020969,2026-03-03,actual_home_win,1.0,0.4421143350239689,1.9.1,20260912,0.44211433502396896,5.551115123125783e-17
moneyline,moneyline|logistic|sdv_only|{},5,2025020970,2026-03-04,actual_home_win,0.0,0.4269458443906517,1.9.1,20260912,0.4269458443906517,0.0
moneyline,moneyline|logistic|sdv_only|{},5,2025020971,2026-03-04,actual_home_win,1.0,0.5466641978690421,1.9.1,20260912,0.5466641978690421,0.0
moneyline,moneyline|logistic|sdv_only|{},5,2025020972,2026-03-04,actual_home_win,0.0,0.2705069373405718,1.9.1,20260912,0.27050693734057185,5.551115123125783e-17
moneyline,moneyline|logistic|sdv_only|{},5,2025020973,2026-03-04,actual_home_win,1.0,0.583852349819764,1.9.1,20260912,0.583852349819764,0.0
moneyline,moneyline|logistic|sdv_only|{},5,2025020974,2026-03-04,actual_home_win,0.0,0.4561071507013591,1.9.1,20260912,0.45610715070135915,5.551115123125783e-17
moneyline,moneyline|logistic|sdv_only|{},5,2025020975,2026-03-05,actual_home_win,1.0,0.5420618100183583,1.9.1,20260912,0.5420618100183583,0.0
moneyline,moneyline|logistic|sdv_only|{},5,2025020976,2026-03-05,actual_home_win,0.0,0.4699641359472322,1.9.1,20260912,0.46996413594723224,5.551115123125783e-17
moneyline,moneyline|logistic|sdv_only|{},5,2025020977,2026-03-05,actual_home_win,0.0,0.5377018661660263,1.9.1,20260912,0.5377018661660263,0.0
moneyline,moneyline|logistic|sdv_only|{},5,2025020978,2026-03-05,actual_home_win,1.0,0.4902126936738765,1.9.1,20260912,0.4902126936738765,0.0
moneyline,moneyline|logistic|sdv_only|{},5,2025020979,2026-03-05,actual_home_win,1.0,0.5566862772067702,1.9.1,20260912,0.5566862772067702,0.0
moneyline,moneyline|logistic|sdv_only|{},5,2025020980,2026-03-05,actual_home_win,1.0,0.3752661922887355,1.9.1,20260912,0.37526619228873553,5.551115123125783e-17
moneyline,moneyline|logistic|sdv_only|{},5,2025020981,2026-03-05,actual_home_win,0.0,0.3708655254119806,1.9.1,20260912,0.37086552541198065,5.551115123125783e-17
moneyline,moneyline|logistic|sdv_only|{},5,2025020982,2026-03-05,actual_home_win,1.0,0.6302859187963292,1.9.1,20260912,0.6302859187963292,0.0
moneyline,moneyline|logistic|sdv_only|{},5,2025020983,2026-03-06,actual_home_win,0.0,0.4469458121300527,1.9.1,20260912,0.4469458121300527,0.0
moneyline,moneyline|logistic|sdv_only|{},5,2025020984,2026-03-06,actual_home_win,0.0,0.3828982005120342,1.9.1,20260912,0.3828982005120342,0.0
moneyline,moneyline|logistic|sdv_only|{},5,2025020985,2026-03-06,actual_home_win,0.0,0.5429665669100028,1.9.1,20260912,0.5429665669100028,0.0
moneyline,moneyline|logistic|sdv_only|{},5,2025020986,2026-03-06,actual_home_win,0.0,0.4030386133203015,1.9.1,20260912,0.4030386133203015,0.0
moneyline,moneyline|logistic|sdv_only|{},5,2025020987,2026-03-06,actual_home_win,1.0,0.4960723928788583,1.9.1,20260912,0.4960723928788583,0.0
moneyline,moneyline|logistic|sdv_only|{},5,2025020988,2026-03-06,actual_home_win,0.0,0.6073963370245693,1.9.1,20260912,0.6073963370245693,0.0
moneyline,moneyline|logistic|sdv_only|{},5,2025020989,2026-03-06,actual_home_win,0.0,0.4824414408865563,1.9.1,20260912,0.4824414408865563,0.0
moneyline,moneyline|logistic|sdv_only|{},5,2025020990,2026-03-07,actual_home_win,1.0,0.4814087575044197,1.9.1,20260912,0.48140875750441975,5.551115123125783e-17
moneyline,moneyline|logistic|sdv_only|{},5,2025020991,2026-03-07,actual_home_win,1.0,0.543662996320208,1.9.1,20260912,0.543662996320208,0.0
moneyline,moneyline|logistic|sdv_only|{},5,2025020992,2026-03-07,actual_home_win,1.0,0.5439628313938002,1.9.1,20260912,0.5439628313938002,0.0
moneyline,moneyline|logistic|sdv_only|{},5,2025020993,2026-03-07,actual_home_win,0.0,0.5322900569847954,1.9.1,20260912,0.5322900569847954,0.0
moneyline,moneyline|logistic|sdv_only|{},5,2025020994,2026-03-07,actual_home_win,0.0,0.3787222537423782,1.9.1,20260912,0.3787222537423782,0.0
moneyline,moneyline|logistic|sdv_only|{},5,2025020995,2026-03-07,actual_home_win,0.0,0.4678718406768488,1.9.1,20260912,0.46787184067684884,5.551115123125783e-17
moneyline,moneyline|logistic|sdv_only|{},5,2025020996,2026-03-07,actual_home_win,1.0,0.6121688923109118,1.9.1,20260912,0.6121688923109118,0.0
moneyline,moneyline|logistic|sdv_only|{},5,2025020997,2026-03-07,actual_home_win,0.0,0.5394875487233257,1.9.1,20260912,0.5394875487233257,0.0
moneyline,moneyline|logistic|sdv_only|{},5,2025020998,2026-03-07,actual_home_win,1.0,0.3316208038182363,1.9.1,20260912,0.3316208038182363,0.0
moneyline,moneyline|logistic|sdv_only|{},5,2025020999,2026-03-07,actual_home_win,0.0,0.5349854256897973,1.9.1,20260912,0.5349854256897973,0.0
moneyline,moneyline|logistic|sdv_only|{},5,2025021000,2026-03-07,actual_home_win,0.0,0.3395219525248511,1.9.1,20260912,0.3395219525248511,0.0
moneyline,moneyline|logistic|sdv_only|{},5,2025021001,2026-03-08,actual_home_win,1.0,0.6958196069434632,1.9.1,20260912,0.6958196069434632,0.0
moneyline,moneyline|logistic|sdv_only|{},5,2025021002,2026-03-08,actual_home_win,1.0,0.5806583303523724,1.9.1,20260912,0.5806583303523724,0.0
moneyline,moneyline|logistic|sdv_only|{},5,2025021003,2026-03-08,actual_home_win,1.0,0.4417101416311433,1.9.1,20260912,0.4417101416311433,0.0
moneyline,moneyline|logistic|sdv_only|{},5,2025021004,2026-03-08,actual_home_win,1.0,0.6670528752468019,1.9.1,20260912,0.6670528752468019,0.0
moneyline,moneyline|logistic|sdv_only|{},5,2025021005,2026-03-08,actual_home_win,0.0,0.5326646251728476,1.9.1,20260912,0.5326646251728476,0.0
moneyline,moneyline|logistic|sdv_only|{},5,2025021006,2026-03-08,actual_home_win,0.0,0.5339051187878499,1.9.1,20260912,0.5339051187878499,0.0
moneyline,moneyline|logistic|sdv_only|{},5,2025021007,2026-03-08,actual_home_win,0.0,0.5776425611548881,1.9.1,20260912,0.5776425611548881,0.0
moneyline,moneyline|logistic|sdv_only|{},5,2025021008,2026-03-09,actual_home_win,0.0,0.5759303749527703,1.9.1,20260912,0.5759303749527703,0.0
moneyline,moneyline|logistic|sdv_only|{},5,2025021009,2026-03-09,actual_home_win,1.0,0.5877335700321815,1.9.1,20260912,0.5877335700321815,0.0
moneyline,moneyline|logistic|sdv_only|{},5,2025021010,2026-03-09,actual_home_win,1.0,0.3547163221509201,1.9.1,20260912,0.35471632215092014,5.551115123125783e-17
moneyline,moneyline|logistic|sdv_only|{},5,2025021011,2026-03-09,actual_home_win,0.0,0.2886006509793304,1.9.1,20260912,0.2886006509793304,0.0
moneyline,moneyline|logistic|sdv_only|{},5,2025021012,2026-03-10,actual_home_win,1.0,0.4424130486287245,1.9.1,20260912,0.4424130486287245,0.0
moneyline,moneyline|logistic|sdv_only|{},5,2025021013,2026-03-10,actual_home_win,1.0,0.5970229575698653,1.9.1,20260912,0.5970229575698653,0.0
moneyline,moneyline|logistic|sdv_only|{},5,2025021014,2026-03-10,actual_home_win,1.0,0.5912967817859454,1.9.1,20260912,0.5912967817859454,0.0
moneyline,moneyline|logistic|sdv_only|{},5,2025021015,2026-03-10,actual_home_win,0.0,0.609385102814101,1.9.1,20260912,0.609385102814101,0.0
moneyline,moneyline|logistic|sdv_only|{},5,2025021016,2026-03-10,actual_home_win,1.0,0.5894199225927731,1.9.1,20260912,0.5894199225927731,0.0
moneyline,moneyline|logistic|sdv_only|{},5,2025021017,2026-03-10,actual_home_win,1.0,0.5364082411278296,1.9.1,20260912,0.5364082411278296,0.0
moneyline,moneyline|logistic|sdv_only|{},5,2025021018,2026-03-10,actual_home_win,1.0,0.6414642390861326,1.9.1,20260912,0.6414642390861326,0.0
moneyline,moneyline|logistic|sdv_only|{},5,2025021019,2026-03-10,actual_home_win,0.0,0.582156098295526,1.9.1,20260912,0.582156098295526,0.0
moneyline,moneyline|logistic|sdv_only|{},5,2025021020,2026-03-10,actual_home_win,1.0,0.4947258843817847,1.9.1,20260912,0.4947258843817847,0.0
moneyline,moneyline|logistic|sdv_only|{},5,2025021021,2026-03-10,actual_home_win,1.0,0.458321715372789,1.9.1,20260912,0.458321715372789,0.0
moneyline,moneyline|logistic|sdv_only|{},5,2025021022,2026-03-10,actual_home_win,0.0,0.5051923333555509,1.9.1,20260912,0.5051923333555509,0.0
moneyline,moneyline|logistic|sdv_only|{},5,2025021023,2026-03-10,actual_home_win,0.0,0.6678109507280241,1.9.1,20260912,0.6678109507280241,0.0
moneyline,moneyline|logistic|sdv_only|{},5,2025021024,2026-03-10,actual_home_win,0.0,0.4546506628441636,1.9.1,20260912,0.45465066284416367,5.551115123125783e-17
moneyline,moneyline|logistic|sdv_only|{},5,2025021025,2026-03-11,actual_home_win,0.0,0.6144353872198646,1.9.1,20260912,0.6144353872198646,0.0
moneyline,moneyline|logistic|sdv_only|{},5,2025021026,2026-03-11,actual_home_win,1.0,0.5272910649815767,1.9.1,20260912,0.5272910649815767,0.0
moneyline,moneyline|logistic|sdv_only|{},5,2025021027,2026-03-12,actual_home_win,0.0,0.5540067749348775,1.9.1,20260912,0.5540067749348775,0.0
moneyline,moneyline|logistic|sdv_only|{},5,2025021028,2026-03-12,actual_home_win,0.0,0.52918963908094,1.9.1,20260912,0.52918963908094,0.0
moneyline,moneyline|logistic|sdv_only|{},5,2025021029,2026-03-12,actual_home_win,1.0,0.4838111826800367,1.9.1,20260912,0.4838111826800367,0.0
moneyline,moneyline|logistic|sdv_only|{},5,2025021030,2026-03-12,actual_home_win,1.0,0.6243552171988351,1.9.1,20260912,0.6243552171988351,0.0
moneyline,moneyline|logistic|sdv_only|{},5,2025021031,2026-03-12,actual_home_win,1.0,0.5426360515227179,1.9.1,20260912,0.5426360515227179,0.0
moneyline,moneyline|logistic|sdv_only|{},5,2025021032,2026-03-12,actual_home_win,0.0,0.5654566300261846,1.9.1,20260912,0.5654566300261846,0.0
moneyline,moneyline|logistic|sdv_only|{},5,2025021033,2026-03-12,actual_home_win,0.0,0.6768746191736338,1.9.1,20260912,0.6768746191736338,0.0
moneyline,moneyline|logistic|sdv_only|{},5,2025021034,2026-03-12,actual_home_win,1.0,0.536972043840218,1.9.1,20260912,0.536972043840218,0.0
moneyline,moneyline|logistic|sdv_only|{},5,2025021035,2026-03-12,actual_home_win,0.0,0.5123798221989861,1.9.1,20260912,0.5123798221989861,0.0
moneyline,moneyline|logistic|sdv_only|{},5,2025021036,2026-03-12,actual_home_win,0.0,0.5144058825422645,1.9.1,20260912,0.5144058825422645,0.0
moneyline,moneyline|logistic|sdv_only|{},5,2025021037,2026-03-12,actual_home_win,0.0,0.673899069603582,1.9.1,20260912,0.673899069603582,0.0
moneyline,moneyline|logistic|sdv_only|{},5,2025021038,2026-03-12,actual_home_win,1.0,0.4093446017619276,1.9.1,20260912,0.4093446017619276,0.0
moneyline,moneyline|logistic|sdv_only|{},5,2025021039,2026-03-12,actual_home_win,1.0,0.581481211530715,1.9.1,20260912,0.581481211530715,0.0
moneyline,moneyline|logistic|sdv_only|{},5,2025021040,2026-03-12,actual_home_win,0.0,0.2854120905981471,1.9.1,20260912,0.2854120905981471,0.0
moneyline,moneyline|logistic|sdv_only|{},5,2025021041,2026-03-13,actual_home_win,0.0,0.4200271051739743,1.9.1,20260912,0.42002710517397435,5.551115123125783e-17
moneyline,moneyline|logistic|sdv_only|{},5,2025021042,2026-03-13,actual_home_win,1.0,0.475233461665395,1.9.1,20260912,0.47523346166539504,5.551115123125783e-17
moneyline,moneyline|logistic|sdv_only|{},5,2025021043,2026-03-14,actual_home_win,1.0,0.6387295077502263,1.9.1,20260912,0.6387295077502263,0.0
moneyline,moneyline|logistic|sdv_only|{},5,2025021044,2026-03-14,actual_home_win,0.0,0.5755670244142247,1.9.1,20260912,0.5755670244142247,0.0
moneyline,moneyline|logistic|sdv_only|{},5,2025021045,2026-03-14,actual_home_win,1.0,0.3154831985473902,1.9.1,20260912,0.31548319854739026,5.551115123125783e-17
moneyline,moneyline|logistic|sdv_only|{},5,2025021046,2026-03-14,actual_home_win,0.0,0.5675807062397747,1.9.1,20260912,0.5675807062397747,0.0
moneyline,moneyline|logistic|sdv_only|{},5,2025021047,2026-03-14,actual_home_win,1.0,0.6007789904073484,1.9.1,20260912,0.6007789904073484,0.0
moneyline,moneyline|logistic|sdv_only|{},5,2025021048,2026-03-14,actual_home_win,0.0,0.6166601358876812,1.9.1,20260912,0.6166601358876812,0.0
moneyline,moneyline|logistic|sdv_only|{},5,2025021049,2026-03-14,actual_home_win,0.0,0.4642178840535481,1.9.1,20260912,0.4642178840535481,0.0
moneyline,moneyline|logistic|sdv_only|{},5,2025021050,2026-03-14,actual_home_win,1.0,0.4707341438718139,1.9.1,20260912,0.47073414387181395,5.551115123125783e-17
moneyline,moneyline|logistic|sdv_only|{},5,2025021051,2026-03-14,actual_home_win,1.0,0.5148514595216478,1.9.1,20260912,0.5148514595216478,0.0
moneyline,moneyline|logistic|sdv_only|{},5,2025021052,2026-03-14,actual_home_win,0.0,0.5059489353439893,1.9.1,20260912,0.5059489353439893,0.0
moneyline,moneyline|logistic|sdv_only|{},5,2025021053,2026-03-14,actual_home_win,1.0,0.5894821450779025,1.9.1,20260912,0.5894821450779025,0.0
moneyline,moneyline|logistic|sdv_only|{},5,2025021054,2026-03-14,actual_home_win,0.0,0.5648753770085673,1.9.1,20260912,0.5648753770085673,0.0
moneyline,moneyline|logistic|sdv_only|{},5,2025021055,2026-03-14,actual_home_win,0.0,0.4729322712555617,1.9.1,20260912,0.47293227125556175,5.551115123125783e-17
moneyline,moneyline|logistic|sdv_only|{},5,2025021056,2026-03-14,actual_home_win,1.0,0.6886613896482584,1.9.1,20260912,0.6886613896482584,0.0
moneyline,moneyline|logistic|sdv_only|{},5,2025021057,2026-03-15,actual_home_win,1.0,0.5006052190868937,1.9.1,20260912,0.5006052190868937,0.0
moneyline,moneyline|logistic|sdv_only|{},5,2025021058,2026-03-15,actual_home_win,1.0,0.6868639376608471,1.9.1,20260912,0.6868639376608471,0.0
moneyline,moneyline|logistic|sdv_only|{},5,2025021059,2026-03-15,actual_home_win,0.0,0.5594683504303981,1.9.1,20260912,0.5594683504303981,0.0
moneyline,moneyline|logistic|sdv_only|{},5,2025021060,2026-03-15,actual_home_win,0.0,0.5932679591940748,1.9.1,20260912,0.5932679591940748,0.0
moneyline,moneyline|logistic|sdv_only|{},5,2025021061,2026-03-15,actual_home_win,1.0,0.5854877347640143,1.9.1,20260912,0.5854877347640143,0.0
moneyline,moneyline|logistic|sdv_only|{},5,2025021062,2026-03-15,actual_home_win,1.0,0.4157537107917569,1.9.1,20260912,0.41575371079175694,5.551115123125783e-17
moneyline,moneyline|logistic|sdv_only|{},5,2025021063,2026-03-16,actual_home_win,1.0,0.5672937956024748,1.9.1,20260912,0.5672937956024748,0.0
moneyline,moneyline|logistic|sdv_only|{},5,2025021064,2026-03-16,actual_home_win,1.0,0.5433459877817566,1.9.1,20260912,0.5433459877817566,0.0
moneyline,moneyline|logistic|sdv_only|{},5,2025021065,2026-03-16,actual_home_win,0.0,0.4408304856516178,1.9.1,20260912,0.4408304856516178,0.0
moneyline,moneyline|logistic|sdv_only|{},5,2025021066,2026-03-16,actual_home_win,0.0,0.5063525983170446,1.9.1,20260912,0.5063525983170446,0.0
moneyline,moneyline|logistic|sdv_only|{},5,2025021067,2026-03-16,actual_home_win,0.0,0.6716860960471538,1.9.1,20260912,0.6716860960471538,0.0
moneyline,moneyline|logistic|sdv_only|{},5,2025021068,2026-03-17,actual_home_win,0.0,0.5135255591443992,1.9.1,20260912,0.5135255591443992,0.0
moneyline,moneyline|logistic|sdv_only|{},5,2025021069,2026-03-17,actual_home_win,1.0,0.5834678519486924,1.9.1,20260912,0.5834678519486924,0.0
moneyline,moneyline|logistic|sdv_only|{},5,2025021070,2026-03-17,actual_home_win,1.0,0.4051305136208679,1.9.1,20260912,0.40513051362086794,5.551115123125783e-17
moneyline,moneyline|logistic|sdv_only|{},5,2025021071,2026-03-17,actual_home_win,0.0,0.5079658797962842,1.9.1,20260912,0.5079658797962842,0.0
moneyline,moneyline|logistic|sdv_only|{},5,2025021072,2026-03-17,actual_home_win,0.0,0.4114517451901142,1.9.1,20260912,0.41145174519011424,5.551115123125783e-17
moneyline,moneyline|logistic|sdv_only|{},5,2025021073,2026-03-17,actual_home_win,1.0,0.6244130621391343,1.9.1,20260912,0.6244130621391343,0.0
moneyline,moneyline|logistic|sdv_only|{},5,2025021074,2026-03-17,actual_home_win,1.0,0.3670574236815514,1.9.1,20260912,0.3670574236815514,0.0
moneyline,moneyline|logistic|sdv_only|{},5,2025021075,2026-03-17,actual_home_win,0.0,0.5855637105566021,1.9.1,20260912,0.5855637105566021,0.0
moneyline,moneyline|logistic|sdv_only|{},5,2025021076,2026-03-17,actual_home_win,0.0,0.3685721587015239,1.9.1,20260912,0.36857215870152393,5.551115123125783e-17
moneyline,moneyline|logistic|sdv_only|{},5,2025021077,2026-03-18,actual_home_win,0.0,0.4968544614702337,1.9.1,20260912,0.49685446147023377,5.551115123125783e-17
moneyline,moneyline|logistic|sdv_only|{},5,2025021078,2026-03-18,actual_home_win,1.0,0.6503572576966814,1.9.1,20260912,0.6503572576966814,0.0
moneyline,moneyline|logistic|sdv_only|{},5,2025021079,2026-03-18,actual_home_win,1.0,0.4202667497747169,1.9.1,20260912,0.4202667497747169,0.0
moneyline,moneyline|logistic|sdv_only|{},5,2025021080,2026-03-18,actual_home_win,0.0,0.6515210890142206,1.9.1,20260912,0.6515210890142206,0.0
moneyline,moneyline|logistic|sdv_only|{},5,2025021081,2026-03-18,actual_home_win,1.0,0.4888654170008528,1.9.1,20260912,0.4888654170008528,0.0
moneyline,moneyline|logistic|sdv_only|{},5,2025021082,2026-03-18,actual_home_win,0.0,0.5197327395947456,1.9.1,20260912,0.5197327395947456,0.0
moneyline,moneyline|logistic|sdv_only|{},5,2025021083,2026-03-19,actual_home_win,1.0,0.5286922642016195,1.9.1,20260912,0.5286922642016195,0.0
moneyline,moneyline|logistic|sdv_only|{},5,2025021084,2026-03-19,actual_home_win,1.0,0.6839296021841672,1.9.1,20260912,0.6839296021841672,0.0
moneyline,moneyline|logistic|sdv_only|{},5,2025021085,2026-03-19,actual_home_win,1.0,0.4912955901669106,1.9.1,20260912,0.49129559016691066,5.551115123125783e-17
moneyline,moneyline|logistic|sdv_only|{},5,2025021086,2026-03-19,actual_home_win,1.0,0.607520635732211,1.9.1,20260912,0.607520635732211,0.0
moneyline,moneyline|logistic|sdv_only|{},5,2025021087,2026-03-19,actual_home_win,1.0,0.565154735130387,1.9.1,20260912,0.565154735130387,0.0
moneyline,moneyline|logistic|sdv_only|{},5,2025021088,2026-03-19,actual_home_win,0.0,0.6332584719842207,1.9.1,20260912,0.6332584719842207,0.0
moneyline,moneyline|logistic|sdv_only|{},5,2025021089,2026-03-19,actual_home_win,0.0,0.5239760366806139,1.9.1,20260912,0.5239760366806139,0.0
moneyline,moneyline|logistic|sdv_only|{},5,2025021090,2026-03-19,actual_home_win,0.0,0.3183239837402938,1.9.1,20260912,0.3183239837402938,0.0
moneyline,moneyline|logistic|sdv_only|{},5,2025021091,2026-03-19,actual_home_win,0.0,0.5422410772693121,1.9.1,20260912,0.5422410772693121,0.0
moneyline,moneyline|logistic|sdv_only|{},5,2025021092,2026-03-19,actual_home_win,0.0,0.4508426007810561,1.9.1,20260912,0.45084260078105615,5.551115123125783e-17
moneyline,moneyline|logistic|sdv_only|{},5,2025021093,2026-03-19,actual_home_win,0.0,0.5620791488288244,1.9.1,20260912,0.5620791488288244,0.0
moneyline,moneyline|logistic|sdv_only|{},5,2025021094,2026-03-20,actual_home_win,0.0,0.3073988456569425,1.9.1,20260912,0.3073988456569425,0.0
moneyline,moneyline|logistic|sdv_only|{},5,2025021095,2026-03-20,actual_home_win,1.0,0.5512687976548,1.9.1,20260912,0.5512687976548,0.0
moneyline,moneyline|logistic|sdv_only|{},5,2025021096,2026-03-20,actual_home_win,0.0,0.2649458265517908,1.9.1,20260912,0.26494582655179083,5.551115123125783e-17
moneyline,moneyline|logistic|sdv_only|{},5,2025021097,2026-03-20,actual_home_win,1.0,0.4314073884127946,1.9.1,20260912,0.43140738841279463,5.551115123125783e-17
moneyline,moneyline|logistic|sdv_only|{},5,2025021098,2026-03-20,actual_home_win,0.0,0.5879316524713901,1.9.1,20260912,0.5879316524713901,0.0
moneyline,moneyline|logistic|sdv_only|{},5,2025021099,2026-03-21,actual_home_win,1.0,0.5882664272913162,1.9.1,20260912,0.5882664272913162,0.0
moneyline,moneyline|logistic|sdv_only|{},5,2025021100,2026-03-21,actual_home_win,1.0,0.4105567805011083,1.9.1,20260912,0.41055678050110833,5.551115123125783e-17
moneyline,moneyline|logistic|sdv_only|{},5,2025021101,2026-03-21,actual_home_win,1.0,0.4841262538046387,1.9.1,20260912,0.48412625380463875,5.551115123125783e-17
moneyline,moneyline|logistic|sdv_only|{},5,2025021102,2026-03-21,actual_home_win,0.0,0.5487504384795425,1.9.1,20260912,0.5487504384795425,0.0
moneyline,moneyline|logistic|sdv_only|{},5,2025021103,2026-03-21,actual_home_win,0.0,0.4587589990414195,1.9.1,20260912,0.4587589990414195,0.0
moneyline,moneyline|logistic|sdv_only|{},5,2025021104,2026-03-21,actual_home_win,1.0,0.6287165391637795,1.9.1,20260912,0.6287165391637795,0.0
moneyline,moneyline|logistic|sdv_only|{},5,2025021105,2026-03-21,actual_home_win,1.0,0.6111183428680369,1.9.1,20260912,0.6111183428680369,0.0
moneyline,moneyline|logistic|sdv_only|{},5,2025021106,2026-03-21,actual_home_win,1.0,0.6951708478227333,1.9.1,20260912,0.6951708478227333,0.0
moneyline,moneyline|logistic|sdv_only|{},5,2025021107,2026-03-21,actual_home_win,0.0,0.4054854303844322,1.9.1,20260912,0.4054854303844322,0.0
moneyline,moneyline|logistic|sdv_only|{},5,2025021108,2026-03-21,actual_home_win,0.0,0.5527391191127529,1.9.1,20260912,0.5527391191127529,0.0
moneyline,moneyline|logistic|sdv_only|{},5,2025021109,2026-03-21,actual_home_win,0.0,0.4761427081829627,1.9.1,20260912,0.4761427081829627,0.0
moneyline,moneyline|logistic|sdv_only|{},6,2025021110,2026-03-22,actual_home_win,0.0,0.5243899683502264,1.9.1,20260912,0.5243899683502264,0.0
moneyline,moneyline|logistic|sdv_only|{},6,2025021111,2026-03-22,actual_home_win,0.0,0.3632712380356677,1.9.1,20260912,0.3632712380356677,0.0
moneyline,moneyline|logistic|sdv_only|{},6,2025021112,2026-03-22,actual_home_win,0.0,0.391269578706043,1.9.1,20260912,0.39126957870604306,5.551115123125783e-17
moneyline,moneyline|logistic|sdv_only|{},6,2025021113,2026-03-22,actual_home_win,0.0,0.4604274648902292,1.9.1,20260912,0.46042746489022923,5.551115123125783e-17
moneyline,moneyline|logistic|sdv_only|{},6,2025021114,2026-03-22,actual_home_win,1.0,0.4260573968546168,1.9.1,20260912,0.42605739685461685,5.551115123125783e-17
moneyline,moneyline|logistic|sdv_only|{},6,2025021115,2026-03-22,actual_home_win,0.0,0.4854052939528974,1.9.1,20260912,0.48540529395289744,5.551115123125783e-17
moneyline,moneyline|logistic|sdv_only|{},6,2025021116,2026-03-22,actual_home_win,1.0,0.3845099611820694,1.9.1,20260912,0.3845099611820694,0.0
moneyline,moneyline|logistic|sdv_only|{},6,2025021117,2026-03-22,actual_home_win,1.0,0.4980055865517871,1.9.1,20260912,0.49800558655178717,5.551115123125783e-17
moneyline,moneyline|logistic|sdv_only|{},6,2025021118,2026-03-22,actual_home_win,1.0,0.5499001520369639,1.9.1,20260912,0.5499001520369639,0.0
moneyline,moneyline|logistic|sdv_only|{},6,2025021119,2026-03-23,actual_home_win,0.0,0.3622373268503623,1.9.1,20260912,0.3622373268503623,0.0
moneyline,moneyline|logistic|sdv_only|{},6,2025021120,2026-03-24,actual_home_win,0.0,0.5576666146304463,1.9.1,20260912,0.5576666146304463,0.0
moneyline,moneyline|logistic|sdv_only|{},6,2025021121,2026-03-24,actual_home_win,1.0,0.4126771853810582,1.9.1,20260912,0.4126771853810582,0.0
moneyline,moneyline|logistic|sdv_only|{},6,2025021122,2026-03-24,actual_home_win,0.0,0.3974694270172209,1.9.1,20260912,0.3974694270172209,0.0
moneyline,moneyline|logistic|sdv_only|{},6,2025021123,2026-03-24,actual_home_win,1.0,0.6266403391377103,1.9.1,20260912,0.6266403391377103,0.0
moneyline,moneyline|logistic|sdv_only|{},6,2025021124,2026-03-24,actual_home_win,0.0,0.5576127641805279,1.9.1,20260912,0.5576127641805279,0.0
moneyline,moneyline|logistic|sdv_only|{},6,2025021125,2026-03-24,actual_home_win,0.0,0.4942038970402739,1.9.1,20260912,0.49420389704027395,5.551115123125783e-17
moneyline,moneyline|logistic|sdv_only|{},6,2025021126,2026-03-24,actual_home_win,0.0,0.3667872249469794,1.9.1,20260912,0.3667872249469794,0.0
moneyline,moneyline|logistic|sdv_only|{},6,2025021127,2026-03-24,actual_home_win,1.0,0.5999372340032989,1.9.1,20260912,0.5999372340032989,0.0
moneyline,moneyline|logistic|sdv_only|{},6,2025021128,2026-03-24,actual_home_win,1.0,0.5041673979802953,1.9.1,20260912,0.5041673979802953,0.0
moneyline,moneyline|logistic|sdv_only|{},6,2025021129,2026-03-24,actual_home_win,1.0,0.5442282778387056,1.9.1,20260912,0.5442282778387056,0.0
moneyline,moneyline|logistic|sdv_only|{},6,2025021130,2026-03-24,actual_home_win,0.0,0.570984080122282,1.9.1,20260912,0.570984080122282,0.0
moneyline,moneyline|logistic|sdv_only|{},6,2025021131,2026-03-24,actual_home_win,1.0,0.3956811123114415,1.9.1,20260912,0.39568111231144154,5.551115123125783e-17
moneyline,moneyline|logistic|sdv_only|{},6,2025021132,2026-03-24,actual_home_win,0.0,0.5484121242755723,1.9.1,20260912,0.5484121242755723,0.0
moneyline,moneyline|logistic|sdv_only|{},6,2025021133,2026-03-24,actual_home_win,1.0,0.4331209592678969,1.9.1,20260912,0.4331209592678969,0.0
moneyline,moneyline|logistic|sdv_only|{},6,2025021134,2026-03-24,actual_home_win,0.0,0.3972448840712687,1.9.1,20260912,0.39724488407126873,5.551115123125783e-17
moneyline,moneyline|logistic|sdv_only|{},6,2025021135,2026-03-25,actual_home_win,0.0,0.589840179601754,1.9.1,20260912,0.589840179601754,0.0
moneyline,moneyline|logistic|sdv_only|{},6,2025021136,2026-03-25,actual_home_win,1.0,0.5066491989421045,1.9.1,20260912,0.5066491989421045,0.0
moneyline,moneyline|logistic|sdv_only|{},6,2025021137,2026-03-26,actual_home_win,1.0,0.5184078049597615,1.9.1,20260912,0.5184078049597615,0.0
moneyline,moneyline|logistic|sdv_only|{},6,2025021138,2026-03-26,actual_home_win,0.0,0.6188323495127074,1.9.1,20260912,0.6188323495127074,0.0
moneyline,moneyline|logistic|sdv_only|{},6,2025021139,2026-03-26,actual_home_win,0.0,0.6677421972638641,1.9.1,20260912,0.6677421972638641,0.0
moneyline,moneyline|logistic|sdv_only|{},6,2025021140,2026-03-26,actual_home_win,0.0,0.5507984822543512,1.9.1,20260912,0.5507984822543512,0.0
moneyline,moneyline|logistic|sdv_only|{},6,2025021141,2026-03-26,actual_home_win,1.0,0.4340326519105219,1.9.1,20260912,0.4340326519105219,0.0
moneyline,moneyline|logistic|sdv_only|{},6,2025021142,2026-03-26,actual_home_win,1.0,0.6272375539676533,1.9.1,20260912,0.6272375539676533,0.0
moneyline,moneyline|logistic|sdv_only|{},6,2025021143,2026-03-26,actual_home_win,1.0,0.5785891833283031,1.9.1,20260912,0.5785891833283031,0.0
moneyline,moneyline|logistic|sdv_only|{},6,2025021144,2026-03-26,actual_home_win,0.0,0.4930802600282161,1.9.1,20260912,0.49308026002821614,5.551115123125783e-17
moneyline,moneyline|logistic|sdv_only|{},6,2025021145,2026-03-26,actual_home_win,0.0,0.3221723030889634,1.9.1,20260912,0.32217230308896344,5.551115123125783e-17
moneyline,moneyline|logistic|sdv_only|{},6,2025021146,2026-03-26,actual_home_win,0.0,0.5643960179062222,1.9.1,20260912,0.5643960179062222,0.0
moneyline,moneyline|logistic|sdv_only|{},6,2025021147,2026-03-26,actual_home_win,0.0,0.475574018226433,1.9.1,20260912,0.475574018226433,0.0
moneyline,moneyline|logistic|sdv_only|{},6,2025021148,2026-03-26,actual_home_win,0.0,0.5717281095626832,1.9.1,20260912,0.5717281095626832,0.0
moneyline,moneyline|logistic|sdv_only|{},6,2025021149,2026-03-26,actual_home_win,0.0,0.3555328079317932,1.9.1,20260912,0.35553280793179326,5.551115123125783e-17
moneyline,moneyline|logistic|sdv_only|{},6,2025021150,2026-03-27,actual_home_win,0.0,0.5518523485575064,1.9.1,20260912,0.5518523485575064,0.0
moneyline,moneyline|logistic|sdv_only|{},6,2025021151,2026-03-27,actual_home_win,1.0,0.5901996602009797,1.9.1,20260912,0.5901996602009797,0.0
moneyline,moneyline|logistic|sdv_only|{},6,2025021152,2026-03-28,actual_home_win,1.0,0.5002484224160448,1.9.1,20260912,0.5002484224160448,0.0
moneyline,moneyline|logistic|sdv_only|{},6,2025021153,2026-03-28,actual_home_win,1.0,0.4450769539318381,1.9.1,20260912,0.44507695393183816,5.551115123125783e-17
moneyline,moneyline|logistic|sdv_only|{},6,2025021154,2026-03-28,actual_home_win,1.0,0.5680968235904145,1.9.1,20260912,0.5680968235904145,0.0
moneyline,moneyline|logistic|sdv_only|{},6,2025021155,2026-03-28,actual_home_win,1.0,0.4632295258484294,1.9.1,20260912,0.46322952584842947,5.551115123125783e-17
moneyline,moneyline|logistic|sdv_only|{},6,2025021156,2026-03-28,actual_home_win,0.0,0.5201629419935687,1.9.1,20260912,0.5201629419935687,0.0
moneyline,moneyline|logistic|sdv_only|{},6,2025021157,2026-03-28,actual_home_win,1.0,0.6649447931246678,1.9.1,20260912,0.6649447931246678,0.0
moneyline,moneyline|logistic|sdv_only|{},6,2025021158,2026-03-28,actual_home_win,0.0,0.6141105425658383,1.9.1,20260912,0.6141105425658383,0.0
moneyline,moneyline|logistic|sdv_only|{},6,2025021159,2026-03-28,actual_home_win,1.0,0.6096662466217269,1.9.1,20260912,0.6096662466217269,0.0
moneyline,moneyline|logistic|sdv_only|{},6,2025021160,2026-03-28,actual_home_win,1.0,0.587671360693402,1.9.1,20260912,0.587671360693402,0.0
moneyline,moneyline|logistic|sdv_only|{},6,2025021161,2026-03-28,actual_home_win,0.0,0.46246975669748,1.9.1,20260912,0.46246975669748,0.0
moneyline,moneyline|logistic|sdv_only|{},6,2025021162,2026-03-28,actual_home_win,0.0,0.7115571247329677,1.9.1,20260912,0.7115571247329677,0.0
moneyline,moneyline|logistic|sdv_only|{},6,2025021163,2026-03-28,actual_home_win,0.0,0.4942244774178984,1.9.1,20260912,0.4942244774178984,0.0
moneyline,moneyline|logistic|sdv_only|{},6,2025021164,2026-03-28,actual_home_win,0.0,0.5001097299724717,1.9.1,20260912,0.5001097299724717,0.0
moneyline,moneyline|logistic|sdv_only|{},6,2025021165,2026-03-28,actual_home_win,1.0,0.6025192250280885,1.9.1,20260912,0.6025192250280885,0.0
moneyline,moneyline|logistic|sdv_only|{},6,2025021166,2026-03-28,actual_home_win,0.0,0.5976620922294427,1.9.1,20260912,0.5976620922294427,0.0
moneyline,moneyline|logistic|sdv_only|{},6,2025021167,2026-03-29,actual_home_win,1.0,0.4680200533235953,1.9.1,20260912,0.46802005332359536,5.551115123125783e-17
moneyline,moneyline|logistic|sdv_only|{},6,2025021168,2026-03-29,actual_home_win,1.0,0.6454692580628911,1.9.1,20260912,0.6454692580628911,0.0
moneyline,moneyline|logistic|sdv_only|{},6,2025021169,2026-03-29,actual_home_win,0.0,0.6403092575239617,1.9.1,20260912,0.6403092575239617,0.0
moneyline,moneyline|logistic|sdv_only|{},6,2025021170,2026-03-29,actual_home_win,0.0,0.6012196454178187,1.9.1,20260912,0.6012196454178187,0.0
moneyline,moneyline|logistic|sdv_only|{},6,2025021171,2026-03-29,actual_home_win,1.0,0.6235155415075145,1.9.1,20260912,0.6235155415075145,0.0
moneyline,moneyline|logistic|sdv_only|{},6,2025021172,2026-03-29,actual_home_win,1.0,0.5129204744428585,1.9.1,20260912,0.5129204744428585,0.0
moneyline,moneyline|logistic|sdv_only|{},6,2025021173,2026-03-30,actual_home_win,0.0,0.4529083448721862,1.9.1,20260912,0.45290834487218623,5.551115123125783e-17
moneyline,moneyline|logistic|sdv_only|{},6,2025021174,2026-03-30,actual_home_win,1.0,0.723117160844331,1.9.1,20260912,0.723117160844331,0.0
moneyline,moneyline|logistic|sdv_only|{},6,2025021175,2026-03-30,actual_home_win,1.0,0.7127367227016949,1.9.1,20260912,0.7127367227016949,0.0
moneyline,moneyline|logistic|sdv_only|{},6,2025021176,2026-03-30,actual_home_win,0.0,0.5948930967824143,1.9.1,20260912,0.5948930967824143,0.0
moneyline,moneyline|logistic|sdv_only|{},6,2025021177,2026-03-30,actual_home_win,1.0,0.4806871932654675,1.9.1,20260912,0.48068719326546755,5.551115123125783e-17
moneyline,moneyline|logistic|sdv_only|{},6,2025021178,2026-03-31,actual_home_win,1.0,0.4558937490501512,1.9.1,20260912,0.45589374905015123,5.551115123125783e-17
moneyline,moneyline|logistic|sdv_only|{},6,2025021179,2026-03-31,actual_home_win,1.0,0.5988667649979341,1.9.1,20260912,0.5988667649979341,0.0
moneyline,moneyline|logistic|sdv_only|{},6,2025021180,2026-03-31,actual_home_win,0.0,0.5927208633562157,1.9.1,20260912,0.5927208633562157,0.0
moneyline,moneyline|logistic|sdv_only|{},6,2025021181,2026-03-31,actual_home_win,1.0,0.4288407494241186,1.9.1,20260912,0.4288407494241186,0.0
moneyline,moneyline|logistic|sdv_only|{},6,2025021182,2026-03-31,actual_home_win,1.0,0.4885490407426761,1.9.1,20260912,0.4885490407426761,0.0
moneyline,moneyline|logistic|sdv_only|{},6,2025021183,2026-03-31,actual_home_win,1.0,0.5740655685691747,1.9.1,20260912,0.5740655685691747,0.0
moneyline,moneyline|logistic|sdv_only|{},6,2025021184,2026-03-31,actual_home_win,1.0,0.516051343473541,1.9.1,20260912,0.516051343473541,0.0
moneyline,moneyline|logistic|sdv_only|{},6,2025021185,2026-03-31,actual_home_win,0.0,0.3986959652745833,1.9.1,20260912,0.3986959652745833,0.0
moneyline,moneyline|logistic|sdv_only|{},6,2025021186,2026-03-31,actual_home_win,0.0,0.4403128018153668,1.9.1,20260912,0.44031280181536686,5.551115123125783e-17
moneyline,moneyline|logistic|sdv_only|{},6,2025021187,2026-03-31,actual_home_win,1.0,0.6275344807867728,1.9.1,20260912,0.6275344807867728,0.0
moneyline,moneyline|logistic|sdv_only|{},6,2025021188,2026-04-01,actual_home_win,0.0,0.7706521972560819,1.9.1,20260912,0.7706521972560819,0.0
moneyline,moneyline|logistic|sdv_only|{},6,2025021189,2026-04-01,actual_home_win,1.0,0.5630173498891863,1.9.1,20260912,0.5630173498891863,0.0
moneyline,moneyline|logistic|sdv_only|{},6,2025021190,2026-04-01,actual_home_win,1.0,0.483675214746405,1.9.1,20260912,0.483675214746405,0.0
moneyline,moneyline|logistic|sdv_only|{},6,2025021191,2026-04-02,actual_home_win,1.0,0.6045031604798883,1.9.1,20260912,0.6045031604798883,0.0
moneyline,moneyline|logistic|sdv_only|{},6,2025021192,2026-04-02,actual_home_win,1.0,0.5823924596743101,1.9.1,20260912,0.5823924596743101,0.0
moneyline,moneyline|logistic|sdv_only|{},6,2025021193,2026-04-02,actual_home_win,1.0,0.5815881663332821,1.9.1,20260912,0.5815881663332821,0.0
moneyline,moneyline|logistic|sdv_only|{},6,2025021194,2026-04-02,actual_home_win,1.0,0.5101503709751428,1.9.1,20260912,0.5101503709751428,0.0
moneyline,moneyline|logistic|sdv_only|{},6,2025021195,2026-04-02,actual_home_win,0.0,0.4617273424316516,1.9.1,20260912,0.46172734243165164,5.551115123125783e-17
moneyline,moneyline|logistic|sdv_only|{},6,2025021196,2026-04-02,actual_home_win,0.0,0.5637142347405071,1.9.1,20260912,0.5637142347405071,0.0
moneyline,moneyline|logistic|sdv_only|{},6,2025021197,2026-04-02,actual_home_win,1.0,0.6403363183495506,1.9.1,20260912,0.6403363183495506,0.0
moneyline,moneyline|logistic|sdv_only|{},6,2025021198,2026-04-02,actual_home_win,1.0,0.586228506876886,1.9.1,20260912,0.586228506876886,0.0
moneyline,moneyline|logistic|sdv_only|{},6,2025021199,2026-04-02,actual_home_win,1.0,0.6580426033906267,1.9.1,20260912,0.6580426033906267,0.0
moneyline,moneyline|logistic|sdv_only|{},6,2025021200,2026-04-02,actual_home_win,1.0,0.6706051959014759,1.9.1,20260912,0.6706051959014759,0.0
moneyline,moneyline|logistic|sdv_only|{},6,2025021201,2026-04-02,actual_home_win,1.0,0.6626637491221894,1.9.1,20260912,0.6626637491221894,0.0
moneyline,moneyline|logistic|sdv_only|{},6,2025021202,2026-04-02,actual_home_win,1.0,0.5534565509638119,1.9.1,20260912,0.5534565509638119,0.0
moneyline,moneyline|logistic|sdv_only|{},6,2025021203,2026-04-02,actual_home_win,0.0,0.3951985249622872,1.9.1,20260912,0.39519852496228725,5.551115123125783e-17
moneyline,moneyline|logistic|sdv_only|{},6,2025021204,2026-04-02,actual_home_win,0.0,0.5994731472448589,1.9.1,20260912,0.5994731472448589,0.0
moneyline,moneyline|logistic|sdv_only|{},6,2025021205,2026-04-03,actual_home_win,0.0,0.4391908498712456,1.9.1,20260912,0.4391908498712456,0.0
moneyline,moneyline|logistic|sdv_only|{},6,2025021206,2026-04-03,actual_home_win,0.0,0.5190817819232418,1.9.1,20260912,0.5190817819232418,0.0
moneyline,moneyline|logistic|sdv_only|{},6,2025021207,2026-04-04,actual_home_win,1.0,0.5042804971164382,1.9.1,20260912,0.5042804971164382,0.0
moneyline,moneyline|logistic|sdv_only|{},6,2025021208,2026-04-04,actual_home_win,0.0,0.6136579754738924,1.9.1,20260912,0.6136579754738924,0.0
moneyline,moneyline|logistic|sdv_only|{},6,2025021209,2026-04-04,actual_home_win,0.0,0.3823998630960659,1.9.1,20260912,0.3823998630960659,0.0
moneyline,moneyline|logistic|sdv_only|{},6,2025021210,2026-04-04,actual_home_win,1.0,0.6474884408194931,1.9.1,20260912,0.6474884408194931,0.0
moneyline,moneyline|logistic|sdv_only|{},6,2025021211,2026-04-04,actual_home_win,1.0,0.5307934967282409,1.9.1,20260912,0.5307934967282409,0.0
moneyline,moneyline|logistic|sdv_only|{},6,2025021212,2026-04-04,actual_home_win,0.0,0.4919409603821852,1.9.1,20260912,0.49194096038218527,5.551115123125783e-17
moneyline,moneyline|logistic|sdv_only|{},6,2025021213,2026-04-04,actual_home_win,1.0,0.5037996974116148,1.9.1,20260912,0.5037996974116148,0.0
moneyline,moneyline|logistic|sdv_only|{},6,2025021214,2026-04-04,actual_home_win,1.0,0.7116473528606706,1.9.1,20260912,0.7116473528606706,0.0
moneyline,moneyline|logistic|sdv_only|{},6,2025021215,2026-04-04,actual_home_win,0.0,0.5990550489397737,1.9.1,20260912,0.5990550489397737,0.0
moneyline,moneyline|logistic|sdv_only|{},6,2025021216,2026-04-04,actual_home_win,0.0,0.3337986600864294,1.9.1,20260912,0.33379866008642944,5.551115123125783e-17
moneyline,moneyline|logistic|sdv_only|{},6,2025021217,2026-04-04,actual_home_win,1.0,0.6242446829451205,1.9.1,20260912,0.6242446829451205,0.0
moneyline,moneyline|logistic|sdv_only|{},6,2025021218,2026-04-04,actual_home_win,0.0,0.4713286688727233,1.9.1,20260912,0.4713286688727233,0.0
moneyline,moneyline|logistic|sdv_only|{},6,2025021219,2026-04-04,actual_home_win,0.0,0.5801255896861909,1.9.1,20260912,0.5801255896861909,0.0
moneyline,moneyline|logistic|sdv_only|{},6,2025021220,2026-04-04,actual_home_win,0.0,0.5220880499112319,1.9.1,20260912,0.5220880499112319,0.0
moneyline,moneyline|logistic|sdv_only|{},6,2025021221,2026-04-04,actual_home_win,0.0,0.5749682844993966,1.9.1,20260912,0.5749682844993966,0.0
moneyline,moneyline|logistic|sdv_only|{},6,2025021222,2026-04-05,actual_home_win,0.0,0.4852869901425358,1.9.1,20260912,0.48528699014253585,5.551115123125783e-17
moneyline,moneyline|logistic|sdv_only|{},6,2025021223,2026-04-05,actual_home_win,1.0,0.5378420450529291,1.9.1,20260912,0.5378420450529291,0.0
moneyline,moneyline|logistic|sdv_only|{},6,2025021224,2026-04-05,actual_home_win,1.0,0.5807338817894239,1.9.1,20260912,0.5807338817894239,0.0
moneyline,moneyline|logistic|sdv_only|{},6,2025021225,2026-04-05,actual_home_win,1.0,0.4771622134426105,1.9.1,20260912,0.4771622134426105,0.0
moneyline,moneyline|logistic|sdv_only|{},6,2025021226,2026-04-05,actual_home_win,0.0,0.5592118846038377,1.9.1,20260912,0.5592118846038377,0.0
moneyline,moneyline|logistic|sdv_only|{},6,2025021227,2026-04-05,actual_home_win,1.0,0.4755008671932046,1.9.1,20260912,0.47550086719320467,5.551115123125783e-17
moneyline,moneyline|logistic|sdv_only|{},6,2025021228,2026-04-05,actual_home_win,0.0,0.6768764859635492,1.9.1,20260912,0.6768764859635492,0.0
moneyline,moneyline|logistic|sdv_only|{},6,2025021229,2026-04-06,actual_home_win,1.0,0.4596281802596615,1.9.1,20260912,0.4596281802596615,0.0
moneyline,moneyline|logistic|sdv_only|{},6,2025021230,2026-04-06,actual_home_win,1.0,0.5562432147449562,1.9.1,20260912,0.5562432147449562,0.0
moneyline,moneyline|logistic|sdv_only|{},6,2025021231,2026-04-06,actual_home_win,1.0,0.5936492373299046,1.9.1,20260912,0.5936492373299046,0.0
moneyline,moneyline|logistic|sdv_only|{},6,2025021232,2026-04-06,actual_home_win,1.0,0.5978127199207053,1.9.1,20260912,0.5978127199207053,0.0
moneyline,moneyline|logistic|sdv_only|{},6,2025021233,2026-04-07,actual_home_win,1.0,0.5255593442873759,1.9.1,20260912,0.5255593442873759,0.0
moneyline,moneyline|logistic|sdv_only|{},6,2025021234,2026-04-07,actual_home_win,1.0,0.5440495463718857,1.9.1,20260912,0.5440495463718857,0.0
moneyline,moneyline|logistic|sdv_only|{},6,2025021235,2026-04-07,actual_home_win,0.0,0.4717502943966186,1.9.1,20260912,0.47175029439661864,5.551115123125783e-17
moneyline,moneyline|logistic|sdv_only|{},6,2025021236,2026-04-07,actual_home_win,0.0,0.4880872402538107,1.9.1,20260912,0.48808724025381073,5.551115123125783e-17
moneyline,moneyline|logistic|sdv_only|{},6,2025021237,2026-04-07,actual_home_win,1.0,0.6930034773902529,1.9.1,20260912,0.6930034773902529,0.0
moneyline,moneyline|logistic|sdv_only|{},6,2025021238,2026-04-07,actual_home_win,0.0,0.3699573002693841,1.9.1,20260912,0.3699573002693841,0.0
moneyline,moneyline|logistic|sdv_only|{},6,2025021239,2026-04-07,actual_home_win,1.0,0.6112938367614723,1.9.1,20260912,0.6112938367614723,0.0
moneyline,moneyline|logistic|sdv_only|{},6,2025021240,2026-04-07,actual_home_win,1.0,0.6094239015718249,1.9.1,20260912,0.6094239015718249,0.0
moneyline,moneyline|logistic|sdv_only|{},6,2025021241,2026-04-07,actual_home_win,1.0,0.55196604068584,1.9.1,20260912,0.55196604068584,0.0
moneyline,moneyline|logistic|sdv_only|{},6,2025021242,2026-04-07,actual_home_win,0.0,0.3107350322898952,1.9.1,20260912,0.3107350322898952,0.0
moneyline,moneyline|logistic|sdv_only|{},6,2025021243,2026-04-07,actual_home_win,0.0,0.5595562659843046,1.9.1,20260912,0.5595562659843046,0.0
moneyline,moneyline|logistic|sdv_only|{},6,2025021244,2026-04-08,actual_home_win,0.0,0.4564520458284676,1.9.1,20260912,0.4564520458284676,0.0
moneyline,moneyline|logistic|sdv_only|{},6,2025021245,2026-04-08,actual_home_win,0.0,0.4503911257443918,1.9.1,20260912,0.45039112574439183,5.551115123125783e-17
moneyline,moneyline|logistic|sdv_only|{},6,2025021246,2026-04-08,actual_home_win,0.0,0.4465751884059534,1.9.1,20260912,0.44657518840595345,5.551115123125783e-17
moneyline,moneyline|logistic|sdv_only|{},6,2025021247,2026-04-09,actual_home_win,1.0,0.5171255241316481,1.9.1,20260912,0.5171255241316481,0.0
moneyline,moneyline|logistic|sdv_only|{},6,2025021248,2026-04-09,actual_home_win,1.0,0.4523133071796525,1.9.1,20260912,0.4523133071796525,0.0
moneyline,moneyline|logistic|sdv_only|{},6,2025021249,2026-04-09,actual_home_win,1.0,0.6140848711890071,1.9.1,20260912,0.6140848711890071,0.0
moneyline,moneyline|logistic|sdv_only|{},6,2025021250,2026-04-09,actual_home_win,1.0,0.4830721182584598,1.9.1,20260912,0.48307211825845986,5.551115123125783e-17
moneyline,moneyline|logistic|sdv_only|{},6,2025021251,2026-04-09,actual_home_win,0.0,0.4825877271405667,1.9.1,20260912,0.48258772714056675,5.551115123125783e-17
moneyline,moneyline|logistic|sdv_only|{},6,2025021252,2026-04-09,actual_home_win,1.0,0.5362566512370943,1.9.1,20260912,0.5362566512370943,0.0
moneyline,moneyline|logistic|sdv_only|{},6,2025021253,2026-04-09,actual_home_win,0.0,0.5711230821479982,1.9.1,20260912,0.5711230821479982,0.0
moneyline,moneyline|logistic|sdv_only|{},6,2025021254,2026-04-09,actual_home_win,1.0,0.5341389587679325,1.9.1,20260912,0.5341389587679325,0.0
moneyline,moneyline|logistic|sdv_only|{},6,2025021255,2026-04-09,actual_home_win,0.0,0.2626644520646926,1.9.1,20260912,0.26266445206469263,5.551115123125783e-17
moneyline,moneyline|logistic|sdv_only|{},6,2025021256,2026-04-09,actual_home_win,1.0,0.7222987142252182,1.9.1,20260912,0.7222987142252182,0.0
moneyline,moneyline|logistic|sdv_only|{},6,2025021257,2026-04-09,actual_home_win,1.0,0.6272678746709769,1.9.1,20260912,0.6272678746709769,0.0
moneyline,moneyline|logistic|sdv_only|{},6,2025021258,2026-04-09,actual_home_win,1.0,0.5706453710090782,1.9.1,20260912,0.5706453710090782,0.0
moneyline,moneyline|logistic|sdv_only|{},6,2025021259,2026-04-09,actual_home_win,1.0,0.3564794429903469,1.9.1,20260912,0.35647944299034695,5.551115123125783e-17
moneyline,moneyline|logistic|sdv_only|{},6,2025021260,2026-04-09,actual_home_win,1.0,0.6806348257895646,1.9.1,20260912,0.6806348257895646,0.0
moneyline,moneyline|logistic|sdv_only|{},6,2025021261,2026-04-11,actual_home_win,0.0,0.397696670943471,1.9.1,20260912,0.397696670943471,0.0
moneyline,moneyline|logistic|sdv_only|{},6,2025021262,2026-04-11,actual_home_win,0.0,0.3529057280192552,1.9.1,20260912,0.35290572801925524,5.551115123125783e-17
moneyline,moneyline|logistic|sdv_only|{},6,2025021263,2026-04-11,actual_home_win,0.0,0.5584945316559886,1.9.1,20260912,0.5584945316559886,0.0
moneyline,moneyline|logistic|sdv_only|{},6,2025021264,2026-04-11,actual_home_win,1.0,0.5215068512157469,1.9.1,20260912,0.5215068512157469,0.0
moneyline,moneyline|logistic|sdv_only|{},6,2025021265,2026-04-11,actual_home_win,0.0,0.5161122345285772,1.9.1,20260912,0.5161122345285772,0.0
moneyline,moneyline|logistic|sdv_only|{},6,2025021266,2026-04-11,actual_home_win,0.0,0.3996231282538726,1.9.1,20260912,0.3996231282538726,0.0
moneyline,moneyline|logistic|sdv_only|{},6,2025021267,2026-04-11,actual_home_win,1.0,0.461933008206788,1.9.1,20260912,0.46193300820678806,5.551115123125783e-17
moneyline,moneyline|logistic|sdv_only|{},6,2025021268,2026-04-11,actual_home_win,1.0,0.5889225519514955,1.9.1,20260912,0.5889225519514955,0.0
moneyline,moneyline|logistic|sdv_only|{},6,2025021269,2026-04-11,actual_home_win,0.0,0.4273554422539466,1.9.1,20260912,0.4273554422539466,0.0
moneyline,moneyline|logistic|sdv_only|{},6,2025021270,2026-04-11,actual_home_win,0.0,0.4279322543446435,1.9.1,20260912,0.42793225434464355,5.551115123125783e-17
moneyline,moneyline|logistic|sdv_only|{},6,2025021271,2026-04-11,actual_home_win,0.0,0.5105235683452073,1.9.1,20260912,0.5105235683452073,0.0
moneyline,moneyline|logistic|sdv_only|{},6,2025021272,2026-04-11,actual_home_win,0.0,0.4622284118946797,1.9.1,20260912,0.4622284118946797,0.0
moneyline,moneyline|logistic|sdv_only|{},6,2025021273,2026-04-11,actual_home_win,1.0,0.5159403109890208,1.9.1,20260912,0.5159403109890208,0.0
moneyline,moneyline|logistic|sdv_only|{},6,2025021274,2026-04-11,actual_home_win,0.0,0.5976754950343053,1.9.1,20260912,0.5976754950343053,0.0
moneyline,moneyline|logistic|sdv_only|{},6,2025021275,2026-04-11,actual_home_win,0.0,0.6088563332184624,1.9.1,20260912,0.6088563332184624,0.0
moneyline,moneyline|logistic|sdv_only|{},6,2025021276,2026-04-12,actual_home_win,1.0,0.4993774104887546,1.9.1,20260912,0.49937741048875467,5.551115123125783e-17
moneyline,moneyline|logistic|sdv_only|{},6,2025021277,2026-04-12,actual_home_win,0.0,0.4526110171206806,1.9.1,20260912,0.45261101712068064,5.551115123125783e-17
moneyline,moneyline|logistic|sdv_only|{},6,2025021278,2026-04-12,actual_home_win,0.0,0.6027553065728708,1.9.1,20260912,0.6027553065728708,0.0
moneyline,moneyline|logistic|sdv_only|{},6,2025021279,2026-04-12,actual_home_win,1.0,0.4036691558921975,1.9.1,20260912,0.4036691558921975,0.0
moneyline,moneyline|logistic|sdv_only|{},6,2025021280,2026-04-12,actual_home_win,0.0,0.6548720960953055,1.9.1,20260912,0.6548720960953055,0.0
moneyline,moneyline|logistic|sdv_only|{},6,2025021281,2026-04-12,actual_home_win,1.0,0.3922354341473605,1.9.1,20260912,0.3922354341473605,0.0
moneyline,moneyline|logistic|sdv_only|{},6,2025021282,2026-04-13,actual_home_win,1.0,0.634555693595557,1.9.1,20260912,0.634555693595557,0.0
moneyline,moneyline|logistic|sdv_only|{},6,2025021283,2026-04-13,actual_home_win,1.0,0.5783429366813647,1.9.1,20260912,0.5783429366813647,0.0
moneyline,moneyline|logistic|sdv_only|{},6,2025021284,2026-04-13,actual_home_win,1.0,0.3871351739712361,1.9.1,20260912,0.3871351739712361,0.0
moneyline,moneyline|logistic|sdv_only|{},6,2025021285,2026-04-13,actual_home_win,0.0,0.4249334148315464,1.9.1,20260912,0.42493341483154645,5.551115123125783e-17
moneyline,moneyline|logistic|sdv_only|{},6,2025021286,2026-04-13,actual_home_win,1.0,0.5085087520147209,1.9.1,20260912,0.5085087520147209,0.0
moneyline,moneyline|logistic|sdv_only|{},6,2025021287,2026-04-13,actual_home_win,0.0,0.5283424509069323,1.9.1,20260912,0.5283424509069323,0.0
moneyline,moneyline|logistic|sdv_only|{},6,2025021288,2026-04-13,actual_home_win,0.0,0.3758295253954332,1.9.1,20260912,0.3758295253954332,0.0
moneyline,moneyline|logistic|sdv_only|{},6,2025021289,2026-04-13,actual_home_win,0.0,0.3923939747811327,1.9.1,20260912,0.3923939747811327,0.0
moneyline,moneyline|logistic|sdv_only|{},6,2025021290,2026-04-13,actual_home_win,1.0,0.6502646710430213,1.9.1,20260912,0.6502646710430213,0.0
moneyline,moneyline|logistic|sdv_only|{},6,2025021291,2026-04-13,actual_home_win,0.0,0.4246543316543954,1.9.1,20260912,0.4246543316543954,0.0
moneyline,moneyline|logistic|sdv_only|{},6,2025021292,2026-04-14,actual_home_win,1.0,0.4965742593703591,1.9.1,20260912,0.4965742593703591,0.0
moneyline,moneyline|logistic|sdv_only|{},6,2025021293,2026-04-14,actual_home_win,0.0,0.3284713461326488,1.9.1,20260912,0.32847134613264883,5.551115123125783e-17
moneyline,moneyline|logistic|sdv_only|{},6,2025021294,2026-04-14,actual_home_win,1.0,0.5358997740972675,1.9.1,20260912,0.5358997740972675,0.0
moneyline,moneyline|logistic|sdv_only|{},6,2025021295,2026-04-14,actual_home_win,0.0,0.5629225617936862,1.9.1,20260912,0.5629225617936862,0.0
moneyline,moneyline|logistic|sdv_only|{},6,2025021296,2026-04-14,actual_home_win,1.0,0.5424492067292023,1.9.1,20260912,0.5424492067292023,0.0
moneyline,moneyline|logistic|sdv_only|{},6,2025021297,2026-04-14,actual_home_win,1.0,0.6199730362836772,1.9.1,20260912,0.6199730362836772,0.0
moneyline,moneyline|logistic|sdv_only|{},6,2025021298,2026-04-14,actual_home_win,0.0,0.2977948882025921,1.9.1,20260912,0.2977948882025921,0.0
moneyline,moneyline|logistic|sdv_only|{},6,2025021299,2026-04-14,actual_home_win,1.0,0.4974557106748221,1.9.1,20260912,0.49745571067482214,5.551115123125783e-17
moneyline,moneyline|logistic|sdv_only|{},6,2025021300,2026-04-14,actual_home_win,1.0,0.3555253729943577,1.9.1,20260912,0.35552537299435777,5.551115123125783e-17
moneyline,moneyline|logistic|sdv_only|{},6,2025021301,2026-04-15,actual_home_win,0.0,0.5321013606851792,1.9.1,20260912,0.5321013606851792,0.0
moneyline,moneyline|logistic|sdv_only|{},6,2025021302,2026-04-15,actual_home_win,0.0,0.6379275791498576,1.9.1,20260912,0.6379275791498576,0.0
moneyline,moneyline|logistic|sdv_only|{},6,2025021303,2026-04-15,actual_home_win,1.0,0.5619638899885195,1.9.1,20260912,0.5619638899885195,0.0
moneyline,moneyline|logistic|sdv_only|{},6,2025021304,2026-04-15,actual_home_win,1.0,0.6936246987778798,1.9.1,20260912,0.6936246987778798,0.0
moneyline,moneyline|logistic|sdv_only|{},6,2025021305,2026-04-15,actual_home_win,1.0,0.4471677288133556,1.9.1,20260912,0.44716772881335565,5.551115123125783e-17
moneyline,moneyline|logistic|sdv_only|{},6,2025021306,2026-04-15,actual_home_win,1.0,0.6791551392154044,1.9.1,20260912,0.6791551392154044,0.0
moneyline,moneyline|logistic|sdv_only|{},6,2025021307,2026-04-16,actual_home_win,0.0,0.4747051149579124,1.9.1,20260912,0.4747051149579124,0.0
moneyline,moneyline|logistic|sdv_only|{},6,2025021308,2026-04-16,actual_home_win,0.0,0.5430105840018161,1.9.1,20260912,0.5430105840018161,0.0
moneyline,moneyline|logistic|sdv_only|{},6,2025021309,2026-04-16,actual_home_win,0.0,0.5804604276637918,1.9.1,20260912,0.5804604276637918,0.0
moneyline,moneyline|logistic|sdv_only|{},6,2025021310,2026-04-16,actual_home_win,1.0,0.42711673884538,1.9.1,20260912,0.42711673884538,0.0
moneyline,moneyline|logistic|sdv_only|{},6,2025021311,2026-04-16,actual_home_win,1.0,0.6867240981342664,1.9.1,20260912,0.6867240981342664,0.0
moneyline,moneyline|logistic|sdv_only|{},6,2025021312,2026-04-16,actual_home_win,1.0,0.7345403343486644,1.9.1,20260912,0.7345403343486644,0.0
total,"total|bootstrap_ridge_simulation|sdv_only|{""alpha"":1,""n_bootstrap"":25}",1,2025020123,2025-10-24,actual_total,8.0,6.239262689775199,1.9.1,20260912,6.239262689775199,0.0
total,"total|bootstrap_ridge_simulation|sdv_only|{""alpha"":1,""n_bootstrap"":25}",1,2025020124,2025-10-24,actual_total,4.0,6.113667283570217,1.9.1,20260912,6.113667283570217,0.0
total,"total|bootstrap_ridge_simulation|sdv_only|{""alpha"":1,""n_bootstrap"":25}",1,2025020125,2025-10-24,actual_total,6.0,6.368538457909852,1.9.1,20260912,6.368538457909852,0.0
total,"total|bootstrap_ridge_simulation|sdv_only|{""alpha"":1,""n_bootstrap"":25}",1,2025020126,2025-10-24,actual_total,8.0,5.914725772554951,1.9.1,20260912,5.9147257725549505,8.881784197001252e-16
total,"total|bootstrap_ridge_simulation|sdv_only|{""alpha"":1,""n_bootstrap"":25}",1,2025020127,2025-10-25,actual_total,7.0,6.122102539373858,1.9.1,20260912,6.122102539373858,0.0
total,"total|bootstrap_ridge_simulation|sdv_only|{""alpha"":1,""n_bootstrap"":25}",1,2025020128,2025-10-25,actual_total,5.0,6.102041403257643,1.9.1,20260912,6.102041403257643,0.0
total,"total|bootstrap_ridge_simulation|sdv_only|{""alpha"":1,""n_bootstrap"":25}",1,2025020129,2025-10-25,actual_total,7.0,6.340647214596129,1.9.1,20260912,6.340647214596129,0.0
total,"total|bootstrap_ridge_simulation|sdv_only|{""alpha"":1,""n_bootstrap"":25}",1,2025020130,2025-10-25,actual_total,3.0,6.198859131056663,1.9.1,20260912,6.198859131056663,0.0
total,"total|bootstrap_ridge_simulation|sdv_only|{""alpha"":1,""n_bootstrap"":25}",1,2025020131,2025-10-25,actual_total,8.0,6.150996189824285,1.9.1,20260912,6.150996189824285,0.0
total,"total|bootstrap_ridge_simulation|sdv_only|{""alpha"":1,""n_bootstrap"":25}",1,2025020132,2025-10-25,actual_total,7.0,6.228663376782846,1.9.1,20260912,6.228663376782846,0.0
total,"total|bootstrap_ridge_simulation|sdv_only|{""alpha"":1,""n_bootstrap"":25}",1,2025020133,2025-10-25,actual_total,10.0,6.2532740340618975,1.9.1,20260912,6.2532740340618975,0.0
total,"total|bootstrap_ridge_simulation|sdv_only|{""alpha"":1,""n_bootstrap"":25}",1,2025020134,2025-10-25,actual_total,9.0,6.3923314053429054,1.9.1,20260912,6.3923314053429054,0.0
total,"total|bootstrap_ridge_simulation|sdv_only|{""alpha"":1,""n_bootstrap"":25}",1,2025020135,2025-10-25,actual_total,8.0,6.28454367191981,1.9.1,20260912,6.28454367191981,0.0
total,"total|bootstrap_ridge_simulation|sdv_only|{""alpha"":1,""n_bootstrap"":25}",1,2025020136,2025-10-25,actual_total,7.0,6.215482028447566,1.9.1,20260912,6.215482028447566,0.0
total,"total|bootstrap_ridge_simulation|sdv_only|{""alpha"":1,""n_bootstrap"":25}",1,2025020137,2025-10-25,actual_total,9.0,5.969516308759185,1.9.1,20260912,5.969516308759185,0.0
total,"total|bootstrap_ridge_simulation|sdv_only|{""alpha"":1,""n_bootstrap"":25}",1,2025020138,2025-10-25,actual_total,5.0,6.322197270829983,1.9.1,20260912,6.322197270829983,0.0
total,"total|bootstrap_ridge_simulation|sdv_only|{""alpha"":1,""n_bootstrap"":25}",1,2025020139,2025-10-25,actual_total,5.0,6.103123833390889,1.9.1,20260912,6.103123833390889,0.0
total,"total|bootstrap_ridge_simulation|sdv_only|{""alpha"":1,""n_bootstrap"":25}",1,2025020140,2025-10-26,actual_total,7.0,6.120783130374137,1.9.1,20260912,6.120783130374137,0.0
total,"total|bootstrap_ridge_simulation|sdv_only|{""alpha"":1,""n_bootstrap"":25}",1,2025020141,2025-10-26,actual_total,3.0,6.156220204463438,1.9.1,20260912,6.156220204463438,0.0
total,"total|bootstrap_ridge_simulation|sdv_only|{""alpha"":1,""n_bootstrap"":25}",1,2025020142,2025-10-26,actual_total,11.0,6.13588898603552,1.9.1,20260912,6.1358889860355195,8.881784197001252e-16
total,"total|bootstrap_ridge_simulation|sdv_only|{""alpha"":1,""n_bootstrap"":25}",1,2025020143,2025-10-26,actual_total,5.0,6.024427428820403,1.9.1,20260912,6.024427428820403,0.0
total,"total|bootstrap_ridge_simulation|sdv_only|{""alpha"":1,""n_bootstrap"":25}",1,2025020144,2025-10-26,actual_total,4.0,6.085387350826075,1.9.1,20260912,6.085387350826075,0.0
total,"total|bootstrap_ridge_simulation|sdv_only|{""alpha"":1,""n_bootstrap"":25}",1,2025020145,2025-10-26,actual_total,5.0,6.186748432421082,1.9.1,20260912,6.186748432421082,0.0
total,"total|bootstrap_ridge_simulation|sdv_only|{""alpha"":1,""n_bootstrap"":25}",1,2025020146,2025-10-26,actual_total,6.0,5.878233315001897,1.9.1,20260912,5.878233315001897,0.0
total,"total|bootstrap_ridge_simulation|sdv_only|{""alpha"":1,""n_bootstrap"":25}",1,2025020147,2025-10-26,actual_total,7.0,6.234026072924726,1.9.1,20260912,6.234026072924726,0.0
total,"total|bootstrap_ridge_simulation|sdv_only|{""alpha"":1,""n_bootstrap"":25}",1,2025020148,2025-10-27,actual_total,9.0,6.341560703122058,1.9.1,20260912,6.341560703122058,0.0
total,"total|bootstrap_ridge_simulation|sdv_only|{""alpha"":1,""n_bootstrap"":25}",1,2025020149,2025-10-27,actual_total,9.0,6.062216393109235,1.9.1,20260912,6.062216393109235,0.0
total,"total|bootstrap_ridge_simulation|sdv_only|{""alpha"":1,""n_bootstrap"":25}",1,2025020150,2025-10-28,actual_total,5.0,6.080959386528757,1.9.1,20260912,6.0809593865287574,8.881784197001252e-16
total,"total|bootstrap_ridge_simulation|sdv_only|{""alpha"":1,""n_bootstrap"":25}",1,2025020151,2025-10-28,actual_total,7.0,5.982480174088739,1.9.1,20260912,5.982480174088739,0.0
total,"total|bootstrap_ridge_simulation|sdv_only|{""alpha"":1,""n_bootstrap"":25}",1,2025020152,2025-10-28,actual_total,7.0,6.227342823668445,1.9.1,20260912,6.227342823668445,0.0
total,"total|bootstrap_ridge_simulation|sdv_only|{""alpha"":1,""n_bootstrap"":25}",1,2025020153,2025-10-28,actual_total,5.0,6.364166811558834,1.9.1,20260912,6.364166811558834,0.0
total,"total|bootstrap_ridge_simulation|sdv_only|{""alpha"":1,""n_bootstrap"":25}",1,2025020154,2025-10-28,actual_total,7.0,6.210910262271057,1.9.1,20260912,6.210910262271057,0.0
total,"total|bootstrap_ridge_simulation|sdv_only|{""alpha"":1,""n_bootstrap"":25}",1,2025020155,2025-10-28,actual_total,9.0,6.249338650081786,1.9.1,20260912,6.249338650081786,0.0
total,"total|bootstrap_ridge_simulation|sdv_only|{""alpha"":1,""n_bootstrap"":25}",1,2025020156,2025-10-28,actual_total,7.0,6.156819524168388,1.9.1,20260912,6.156819524168388,0.0
total,"total|bootstrap_ridge_simulation|sdv_only|{""alpha"":1,""n_bootstrap"":25}",1,2025020157,2025-10-28,actual_total,7.0,6.1452264658525575,1.9.1,20260912,6.1452264658525575,0.0
total,"total|bootstrap_ridge_simulation|sdv_only|{""alpha"":1,""n_bootstrap"":25}",1,2025020158,2025-10-28,actual_total,7.0,6.341223694806971,1.9.1,20260912,6.341223694806971,0.0
total,"total|bootstrap_ridge_simulation|sdv_only|{""alpha"":1,""n_bootstrap"":25}",1,2025020159,2025-10-28,actual_total,1.0,6.297781601210423,1.9.1,20260912,6.297781601210423,0.0
total,"total|bootstrap_ridge_simulation|sdv_only|{""alpha"":1,""n_bootstrap"":25}",1,2025020160,2025-10-28,actual_total,10.0,6.157521672565395,1.9.1,20260912,6.157521672565395,0.0
total,"total|bootstrap_ridge_simulation|sdv_only|{""alpha"":1,""n_bootstrap"":25}",1,2025020161,2025-10-28,actual_total,12.0,6.176646879384752,1.9.1,20260912,6.1766468793847515,8.881784197001252e-16
total,"total|bootstrap_ridge_simulation|sdv_only|{""alpha"":1,""n_bootstrap"":25}",1,2025020162,2025-10-28,actual_total,9.0,6.169908192550195,1.9.1,20260912,6.169908192550195,0.0
total,"total|bootstrap_ridge_simulation|sdv_only|{""alpha"":1,""n_bootstrap"":25}",1,2025020163,2025-10-28,actual_total,2.0,6.11042951461931,1.9.1,20260912,6.11042951461931,0.0
total,"total|bootstrap_ridge_simulation|sdv_only|{""alpha"":1,""n_bootstrap"":25}",1,2025020164,2025-10-28,actual_total,7.0,6.07059204150153,1.9.1,20260912,6.07059204150153,0.0
total,"total|bootstrap_ridge_simulation|sdv_only|{""alpha"":1,""n_bootstrap"":25}",1,2025020165,2025-10-28,actual_total,7.0,5.949455338398082,1.9.1,20260912,5.949455338398082,0.0
total,"total|bootstrap_ridge_simulation|sdv_only|{""alpha"":1,""n_bootstrap"":25}",1,2025020166,2025-10-29,actual_total,9.0,6.284867640802247,1.9.1,20260912,6.284867640802247,0.0
total,"total|bootstrap_ridge_simulation|sdv_only|{""alpha"":1,""n_bootstrap"":25}",1,2025020167,2025-10-30,actual_total,7.0,6.071083800131464,1.9.1,20260912,6.071083800131464,0.0
total,"total|bootstrap_ridge_simulation|sdv_only|{""alpha"":1,""n_bootstrap"":25}",1,2025020168,2025-10-30,actual_total,7.0,5.993296427026341,1.9.1,20260912,5.993296427026341,0.0
total,"total|bootstrap_ridge_simulation|sdv_only|{""alpha"":1,""n_bootstrap"":25}",1,2025020169,2025-10-30,actual_total,3.0,6.010939984956947,1.9.1,20260912,6.010939984956947,0.0
total,"total|bootstrap_ridge_simulation|sdv_only|{""alpha"":1,""n_bootstrap"":25}",1,2025020170,2025-10-30,actual_total,5.0,6.008563852785239,1.9.1,20260912,6.0085638527852385,8.881784197001252e-16
total,"total|bootstrap_ridge_simulation|sdv_only|{""alpha"":1,""n_bootstrap"":25}",1,2025020171,2025-10-30,actual_total,8.0,6.414332552380118,1.9.1,20260912,6.414332552380118,0.0
total,"total|bootstrap_ridge_simulation|sdv_only|{""alpha"":1,""n_bootstrap"":25}",1,2025020172,2025-10-30,actual_total,7.0,6.280279982355803,1.9.1,20260912,6.280279982355803,0.0
total,"total|bootstrap_ridge_simulation|sdv_only|{""alpha"":1,""n_bootstrap"":25}",1,2025020173,2025-10-30,actual_total,5.0,6.3939944914392575,1.9.1,20260912,6.3939944914392575,0.0
total,"total|bootstrap_ridge_simulation|sdv_only|{""alpha"":1,""n_bootstrap"":25}",1,2025020174,2025-10-30,actual_total,9.0,6.137387971446191,1.9.1,20260912,6.137387971446191,0.0
total,"total|bootstrap_ridge_simulation|sdv_only|{""alpha"":1,""n_bootstrap"":25}",1,2025020175,2025-10-30,actual_total,7.0,6.149724102445708,1.9.1,20260912,6.149724102445708,0.0
total,"total|bootstrap_ridge_simulation|sdv_only|{""alpha"":1,""n_bootstrap"":25}",1,2025020176,2025-10-30,actual_total,7.0,6.076809226986404,1.9.1,20260912,6.076809226986404,0.0
total,"total|bootstrap_ridge_simulation|sdv_only|{""alpha"":1,""n_bootstrap"":25}",1,2025020177,2025-10-30,actual_total,7.0,6.055455273521175,1.9.1,20260912,6.055455273521175,0.0
total,"total|bootstrap_ridge_simulation|sdv_only|{""alpha"":1,""n_bootstrap"":25}",1,2025020178,2025-10-31,actual_total,6.0,6.133634100300048,1.9.1,20260912,6.133634100300048,0.0
total,"total|bootstrap_ridge_simulation|sdv_only|{""alpha"":1,""n_bootstrap"":25}",1,2025020179,2025-10-31,actual_total,4.0,6.363820240282737,1.9.1,20260912,6.363820240282737,0.0
total,"total|bootstrap_ridge_simulation|sdv_only|{""alpha"":1,""n_bootstrap"":25}",1,2025020180,2025-10-31,actual_total,7.0,6.3771155861004365,1.9.1,20260912,6.3771155861004365,0.0
total,"total|bootstrap_ridge_simulation|sdv_only|{""alpha"":1,""n_bootstrap"":25}",1,2025020181,2025-11-01,actual_total,3.0,6.281668969754468,1.9.1,20260912,6.281668969754468,0.0
total,"total|bootstrap_ridge_simulation|sdv_only|{""alpha"":1,""n_bootstrap"":25}",1,2025020182,2025-11-01,actual_total,7.0,6.231282518509188,1.9.1,20260912,6.231282518509188,0.0
total,"total|bootstrap_ridge_simulation|sdv_only|{""alpha"":1,""n_bootstrap"":25}",1,2025020183,2025-11-01,actual_total,6.0,6.053005110635879,1.9.1,20260912,6.053005110635879,0.0
total,"total|bootstrap_ridge_simulation|sdv_only|{""alpha"":1,""n_bootstrap"":25}",1,2025020184,2025-11-01,actual_total,5.0,6.11811027056139,1.9.1,20260912,6.11811027056139,0.0
total,"total|bootstrap_ridge_simulation|sdv_only|{""alpha"":1,""n_bootstrap"":25}",1,2025020185,2025-11-01,actual_total,7.0,6.0507601806517926,1.9.1,20260912,6.0507601806517926,0.0
total,"total|bootstrap_ridge_simulation|sdv_only|{""alpha"":1,""n_bootstrap"":25}",1,2025020186,2025-11-01,actual_total,7.0,6.310384603069343,1.9.1,20260912,6.310384603069343,0.0
total,"total|bootstrap_ridge_simulation|sdv_only|{""alpha"":1,""n_bootstrap"":25}",1,2025020187,2025-11-01,actual_total,7.0,6.048548901150273,1.9.1,20260912,6.048548901150273,0.0
total,"total|bootstrap_ridge_simulation|sdv_only|{""alpha"":1,""n_bootstrap"":25}",1,2025020188,2025-11-01,actual_total,7.0,5.97767758086116,1.9.1,20260912,5.97767758086116,0.0
total,"total|bootstrap_ridge_simulation|sdv_only|{""alpha"":1,""n_bootstrap"":25}",1,2025020189,2025-11-01,actual_total,5.0,6.448242324770245,1.9.1,20260912,6.448242324770245,0.0
total,"total|bootstrap_ridge_simulation|sdv_only|{""alpha"":1,""n_bootstrap"":25}",1,2025020190,2025-11-01,actual_total,7.0,6.317374196100994,1.9.1,20260912,6.317374196100994,0.0
total,"total|bootstrap_ridge_simulation|sdv_only|{""alpha"":1,""n_bootstrap"":25}",1,2025020191,2025-11-01,actual_total,5.0,5.9981214484555805,1.9.1,20260912,5.9981214484555805,0.0
total,"total|bootstrap_ridge_simulation|sdv_only|{""alpha"":1,""n_bootstrap"":25}",1,2025020192,2025-11-01,actual_total,5.0,6.3020318553367245,1.9.1,20260912,6.3020318553367245,0.0
total,"total|bootstrap_ridge_simulation|sdv_only|{""alpha"":1,""n_bootstrap"":25}",1,2025020193,2025-11-01,actual_total,5.0,5.971142719083511,1.9.1,20260912,5.971142719083511,0.0
total,"total|bootstrap_ridge_simulation|sdv_only|{""alpha"":1,""n_bootstrap"":25}",1,2025020194,2025-11-02,actual_total,6.0,6.11333772940608,1.9.1,20260912,6.11333772940608,0.0
total,"total|bootstrap_ridge_simulation|sdv_only|{""alpha"":1,""n_bootstrap"":25}",1,2025020195,2025-11-02,actual_total,5.0,6.422486486393797,1.9.1,20260912,6.422486486393797,0.0
total,"total|bootstrap_ridge_simulation|sdv_only|{""alpha"":1,""n_bootstrap"":25}",1,2025020196,2025-11-02,actual_total,3.0,5.82934066136852,1.9.1,20260912,5.82934066136852,0.0
total,"total|bootstrap_ridge_simulation|sdv_only|{""alpha"":1,""n_bootstrap"":25}",1,2025020197,2025-11-02,actual_total,5.0,6.278373364170632,1.9.1,20260912,6.278373364170632,0.0
total,"total|bootstrap_ridge_simulation|sdv_only|{""alpha"":1,""n_bootstrap"":25}",1,2025020198,2025-11-02,actual_total,5.0,6.07721997672317,1.9.1,20260912,6.07721997672317,0.0
total,"total|bootstrap_ridge_simulation|sdv_only|{""alpha"":1,""n_bootstrap"":25}",1,2025020199,2025-11-03,actual_total,7.0,6.338854695955242,1.9.1,20260912,6.338854695955242,0.0
total,"total|bootstrap_ridge_simulation|sdv_only|{""alpha"":1,""n_bootstrap"":25}",1,2025020200,2025-11-03,actual_total,5.0,6.416479323820649,1.9.1,20260912,6.416479323820649,0.0
total,"total|bootstrap_ridge_simulation|sdv_only|{""alpha"":1,""n_bootstrap"":25}",1,2025020201,2025-11-03,actual_total,9.0,6.199993168570257,1.9.1,20260912,6.199993168570257,0.0
total,"total|bootstrap_ridge_simulation|sdv_only|{""alpha"":1,""n_bootstrap"":25}",1,2025020202,2025-11-03,actual_total,4.0,6.013488200087675,1.9.1,20260912,6.013488200087675,0.0
total,"total|bootstrap_ridge_simulation|sdv_only|{""alpha"":1,""n_bootstrap"":25}",1,2025020203,2025-11-04,actual_total,3.0,6.143813352664413,1.9.1,20260912,6.143813352664413,0.0
total,"total|bootstrap_ridge_simulation|sdv_only|{""alpha"":1,""n_bootstrap"":25}",1,2025020204,2025-11-04,actual_total,9.0,5.911300889025075,1.9.1,20260912,5.911300889025075,0.0
total,"total|bootstrap_ridge_simulation|sdv_only|{""alpha"":1,""n_bootstrap"":25}",1,2025020205,2025-11-04,actual_total,7.0,6.161983717572118,1.9.1,20260912,6.161983717572118,0.0
total,"total|bootstrap_ridge_simulation|sdv_only|{""alpha"":1,""n_bootstrap"":25}",1,2025020206,2025-11-04,actual_total,3.0,6.320733872243375,1.9.1,20260912,6.320733872243375,0.0
total,"total|bootstrap_ridge_simulation|sdv_only|{""alpha"":1,""n_bootstrap"":25}",1,2025020207,2025-11-04,actual_total,7.0,6.204339777008005,1.9.1,20260912,6.204339777008005,0.0
total,"total|bootstrap_ridge_simulation|sdv_only|{""alpha"":1,""n_bootstrap"":25}",1,2025020208,2025-11-04,actual_total,5.0,6.321567435419779,1.9.1,20260912,6.321567435419779,0.0
total,"total|bootstrap_ridge_simulation|sdv_only|{""alpha"":1,""n_bootstrap"":25}",1,2025020209,2025-11-04,actual_total,5.0,6.125359837417745,1.9.1,20260912,6.125359837417745,0.0
total,"total|bootstrap_ridge_simulation|sdv_only|{""alpha"":1,""n_bootstrap"":25}",1,2025020210,2025-11-04,actual_total,1.0,6.088832210924876,1.9.1,20260912,6.088832210924876,0.0
total,"total|bootstrap_ridge_simulation|sdv_only|{""alpha"":1,""n_bootstrap"":25}",1,2025020211,2025-11-04,actual_total,10.0,6.242779907261032,1.9.1,20260912,6.242779907261032,0.0
total,"total|bootstrap_ridge_simulation|sdv_only|{""alpha"":1,""n_bootstrap"":25}",1,2025020212,2025-11-04,actual_total,3.0,6.017821033067215,1.9.1,20260912,6.017821033067215,0.0
total,"total|bootstrap_ridge_simulation|sdv_only|{""alpha"":1,""n_bootstrap"":25}",1,2025020213,2025-11-05,actual_total,8.0,6.173640321610276,1.9.1,20260912,6.173640321610276,0.0
total,"total|bootstrap_ridge_simulation|sdv_only|{""alpha"":1,""n_bootstrap"":25}",1,2025020214,2025-11-05,actual_total,7.0,6.366946917690402,1.9.1,20260912,6.366946917690402,0.0
total,"total|bootstrap_ridge_simulation|sdv_only|{""alpha"":1,""n_bootstrap"":25}",1,2025020215,2025-11-05,actual_total,6.0,6.223082544693345,1.9.1,20260912,6.223082544693345,0.0
total,"total|bootstrap_ridge_simulation|sdv_only|{""alpha"":1,""n_bootstrap"":25}",1,2025020216,2025-11-05,actual_total,7.0,6.193685147308544,1.9.1,20260912,6.1936851473085435,8.881784197001252e-16
total,"total|bootstrap_ridge_simulation|sdv_only|{""alpha"":1,""n_bootstrap"":25}",1,2025020217,2025-11-05,actual_total,7.0,5.877076583479552,1.9.1,20260912,5.877076583479552,0.0
total,"total|bootstrap_ridge_simulation|sdv_only|{""alpha"":1,""n_bootstrap"":25}",1,2025020218,2025-11-06,actual_total,5.0,6.022884271326468,1.9.1,20260912,6.022884271326468,0.0
total,"total|bootstrap_ridge_simulation|sdv_only|{""alpha"":1,""n_bootstrap"":25}",1,2025020219,2025-11-06,actual_total,3.0,6.289078766580981,1.9.1,20260912,6.289078766580981,0.0
total,"total|bootstrap_ridge_simulation|sdv_only|{""alpha"":1,""n_bootstrap"":25}",1,2025020220,2025-11-06,actual_total,7.0,6.137881931309669,1.9.1,20260912,6.137881931309669,0.0
total,"total|bootstrap_ridge_simulation|sdv_only|{""alpha"":1,""n_bootstrap"":25}",1,2025020221,2025-11-06,actual_total,8.0,6.425184943722957,1.9.1,20260912,6.425184943722957,0.0
total,"total|bootstrap_ridge_simulation|sdv_only|{""alpha"":1,""n_bootstrap"":25}",1,2025020222,2025-11-06,actual_total,7.0,6.4764926401904,1.9.1,20260912,6.4764926401904,0.0
total,"total|bootstrap_ridge_simulation|sdv_only|{""alpha"":1,""n_bootstrap"":25}",1,2025020223,2025-11-06,actual_total,4.0,5.99689522709034,1.9.1,20260912,5.99689522709034,0.0
total,"total|bootstrap_ridge_simulation|sdv_only|{""alpha"":1,""n_bootstrap"":25}",1,2025020224,2025-11-06,actual_total,12.0,6.284937352665732,1.9.1,20260912,6.2849373526657315,8.881784197001252e-16
total,"total|bootstrap_ridge_simulation|sdv_only|{""alpha"":1,""n_bootstrap"":25}",1,2025020225,2025-11-06,actual_total,9.0,6.08361614535024,1.9.1,20260912,6.08361614535024,0.0
total,"total|bootstrap_ridge_simulation|sdv_only|{""alpha"":1,""n_bootstrap"":25}",1,2025020226,2025-11-06,actual_total,7.0,5.874101266274944,1.9.1,20260912,5.874101266274944,0.0
total,"total|bootstrap_ridge_simulation|sdv_only|{""alpha"":1,""n_bootstrap"":25}",1,2025020227,2025-11-07,actual_total,5.0,6.039297583360622,1.9.1,20260912,6.039297583360622,0.0
total,"total|bootstrap_ridge_simulation|sdv_only|{""alpha"":1,""n_bootstrap"":25}",1,2025020228,2025-11-07,actual_total,7.0,6.329235192918245,1.9.1,20260912,6.329235192918245,0.0
total,"total|bootstrap_ridge_simulation|sdv_only|{""alpha"":1,""n_bootstrap"":25}",1,2025020229,2025-11-07,actual_total,4.0,6.071195321377655,1.9.1,20260912,6.071195321377655,0.0
total,"total|bootstrap_ridge_simulation|sdv_only|{""alpha"":1,""n_bootstrap"":25}",1,2025020230,2025-11-07,actual_total,3.0,6.007250450211287,1.9.1,20260912,6.007250450211287,0.0
total,"total|bootstrap_ridge_simulation|sdv_only|{""alpha"":1,""n_bootstrap"":25}",1,2025020231,2025-11-08,actual_total,3.0,6.339678996260294,1.9.1,20260912,6.339678996260294,0.0
total,"total|bootstrap_ridge_simulation|sdv_only|{""alpha"":1,""n_bootstrap"":25}",1,2025020232,2025-11-08,actual_total,5.0,5.912072009435626,1.9.1,20260912,5.912072009435626,0.0
total,"total|bootstrap_ridge_simulation|sdv_only|{""alpha"":1,""n_bootstrap"":25}",1,2025020233,2025-11-08,actual_total,9.0,6.147484684630623,1.9.1,20260912,6.147484684630623,0.0
total,"total|bootstrap_ridge_simulation|sdv_only|{""alpha"":1,""n_bootstrap"":25}",1,2025020234,2025-11-08,actual_total,8.0,6.076262062033498,1.9.1,20260912,6.076262062033498,0.0
total,"total|bootstrap_ridge_simulation|sdv_only|{""alpha"":1,""n_bootstrap"":25}",1,2025020235,2025-11-08,actual_total,8.0,6.07200496946567,1.9.1,20260912,6.07200496946567,0.0
total,"total|bootstrap_ridge_simulation|sdv_only|{""alpha"":1,""n_bootstrap"":25}",1,2025020236,2025-11-08,actual_total,5.0,6.22698303478439,1.9.1,20260912,6.22698303478439,0.0
total,"total|bootstrap_ridge_simulation|sdv_only|{""alpha"":1,""n_bootstrap"":25}",1,2025020237,2025-11-08,actual_total,5.0,6.071306553642142,1.9.1,20260912,6.071306553642142,0.0
total,"total|bootstrap_ridge_simulation|sdv_only|{""alpha"":1,""n_bootstrap"":25}",1,2025020238,2025-11-08,actual_total,9.0,6.361307480513899,1.9.1,20260912,6.361307480513899,0.0
total,"total|bootstrap_ridge_simulation|sdv_only|{""alpha"":1,""n_bootstrap"":25}",1,2025020239,2025-11-08,actual_total,7.0,6.061983972454977,1.9.1,20260912,6.061983972454977,0.0
total,"total|bootstrap_ridge_simulation|sdv_only|{""alpha"":1,""n_bootstrap"":25}",1,2025020240,2025-11-08,actual_total,10.0,6.331591378803163,1.9.1,20260912,6.331591378803163,0.0
total,"total|bootstrap_ridge_simulation|sdv_only|{""alpha"":1,""n_bootstrap"":25}",1,2025020241,2025-11-08,actual_total,7.0,6.47574452672168,1.9.1,20260912,6.47574452672168,0.0
total,"total|bootstrap_ridge_simulation|sdv_only|{""alpha"":1,""n_bootstrap"":25}",1,2025020242,2025-11-08,actual_total,7.0,6.3545571639183205,1.9.1,20260912,6.3545571639183205,0.0
total,"total|bootstrap_ridge_simulation|sdv_only|{""alpha"":1,""n_bootstrap"":25}",1,2025020243,2025-11-08,actual_total,4.0,5.90729979983807,1.9.1,20260912,5.90729979983807,0.0
total,"total|bootstrap_ridge_simulation|sdv_only|{""alpha"":1,""n_bootstrap"":25}",1,2025020244,2025-11-09,actual_total,6.0,6.2955660779001485,1.9.1,20260912,6.2955660779001485,0.0
total,"total|bootstrap_ridge_simulation|sdv_only|{""alpha"":1,""n_bootstrap"":25}",1,2025020245,2025-11-09,actual_total,5.0,6.141094643162138,1.9.1,20260912,6.141094643162138,0.0
total,"total|bootstrap_ridge_simulation|sdv_only|{""alpha"":1,""n_bootstrap"":25}",1,2025020246,2025-11-09,actual_total,9.0,6.402416501036422,1.9.1,20260912,6.402416501036422,0.0
total,"total|bootstrap_ridge_simulation|sdv_only|{""alpha"":1,""n_bootstrap"":25}",1,2025020247,2025-11-09,actual_total,6.0,6.082885154045382,1.9.1,20260912,6.082885154045382,0.0
total,"total|bootstrap_ridge_simulation|sdv_only|{""alpha"":1,""n_bootstrap"":25}",1,2025020248,2025-11-09,actual_total,3.0,5.837613305295677,1.9.1,20260912,5.837613305295677,0.0
total,"total|bootstrap_ridge_simulation|sdv_only|{""alpha"":1,""n_bootstrap"":25}",1,2025020249,2025-11-09,actual_total,2.0,6.034612099578208,1.9.1,20260912,6.034612099578208,0.0
total,"total|bootstrap_ridge_simulation|sdv_only|{""alpha"":1,""n_bootstrap"":25}",1,2025020250,2025-11-09,actual_total,9.0,6.219139316229445,1.9.1,20260912,6.219139316229445,0.0
total,"total|bootstrap_ridge_simulation|sdv_only|{""alpha"":1,""n_bootstrap"":25}",1,2025020251,2025-11-09,actual_total,5.0,6.368222361464616,1.9.1,20260912,6.368222361464616,0.0
total,"total|bootstrap_ridge_simulation|sdv_only|{""alpha"":1,""n_bootstrap"":25}",1,2025020252,2025-11-10,actual_total,5.0,6.18885738534699,1.9.1,20260912,6.18885738534699,0.0
total,"total|bootstrap_ridge_simulation|sdv_only|{""alpha"":1,""n_bootstrap"":25}",1,2025020253,2025-11-10,actual_total,9.0,6.073711714431121,1.9.1,20260912,6.073711714431121,0.0
total,"total|bootstrap_ridge_simulation|sdv_only|{""alpha"":1,""n_bootstrap"":25}",1,2025020254,2025-11-10,actual_total,9.0,6.577756718642895,1.9.1,20260912,6.577756718642895,0.0
total,"total|bootstrap_ridge_simulation|sdv_only|{""alpha"":1,""n_bootstrap"":25}",1,2025020255,2025-11-10,actual_total,5.0,6.077027247477275,1.9.1,20260912,6.077027247477275,0.0
total,"total|bootstrap_ridge_simulation|sdv_only|{""alpha"":1,""n_bootstrap"":25}",1,2025020256,2025-11-11,actual_total,8.0,6.106668842002352,1.9.1,20260912,6.106668842002352,0.0
total,"total|bootstrap_ridge_simulation|sdv_only|{""alpha"":1,""n_bootstrap"":25}",1,2025020257,2025-11-11,actual_total,6.0,5.930795873251315,1.9.1,20260912,5.930795873251315,0.0
total,"total|bootstrap_ridge_simulation|sdv_only|{""alpha"":1,""n_bootstrap"":25}",1,2025020258,2025-11-11,actual_total,5.0,5.993170340587253,1.9.1,20260912,5.993170340587253,0.0
total,"total|bootstrap_ridge_simulation|sdv_only|{""alpha"":1,""n_bootstrap"":25}",1,2025020259,2025-11-11,actual_total,5.0,6.479230279587125,1.9.1,20260912,6.479230279587125,0.0
total,"total|bootstrap_ridge_simulation|sdv_only|{""alpha"":1,""n_bootstrap"":25}",1,2025020260,2025-11-11,actual_total,5.0,5.990141656249541,1.9.1,20260912,5.990141656249541,0.0
total,"total|bootstrap_ridge_simulation|sdv_only|{""alpha"":1,""n_bootstrap"":25}",1,2025020261,2025-11-11,actual_total,3.0,6.138260745815457,1.9.1,20260912,6.138260745815457,0.0
total,"total|bootstrap_ridge_simulation|sdv_only|{""alpha"":1,""n_bootstrap"":25}",1,2025020262,2025-11-11,actual_total,5.0,6.363849876598494,1.9.1,20260912,6.363849876598494,0.0
total,"total|bootstrap_ridge_simulation|sdv_only|{""alpha"":1,""n_bootstrap"":25}",1,2025020263,2025-11-11,actual_total,8.0,6.245108106049864,1.9.1,20260912,6.245108106049864,0.0
total,"total|bootstrap_ridge_simulation|sdv_only|{""alpha"":1,""n_bootstrap"":25}",1,2025020264,2025-11-11,actual_total,3.0,6.263881495510661,1.9.1,20260912,6.263881495510661,0.0
total,"total|bootstrap_ridge_simulation|sdv_only|{""alpha"":1,""n_bootstrap"":25}",1,2025020265,2025-11-12,actual_total,10.0,5.956025021363819,1.9.1,20260912,5.956025021363819,0.0
total,"total|bootstrap_ridge_simulation|sdv_only|{""alpha"":1,""n_bootstrap"":25}",1,2025020266,2025-11-12,actual_total,3.0,6.114519704744101,1.9.1,20260912,6.114519704744101,0.0
total,"total|bootstrap_ridge_simulation|sdv_only|{""alpha"":1,""n_bootstrap"":25}",1,2025020267,2025-11-12,actual_total,7.0,6.213850331494903,1.9.1,20260912,6.213850331494903,0.0
total,"total|bootstrap_ridge_simulation|sdv_only|{""alpha"":1,""n_bootstrap"":25}",1,2025020268,2025-11-12,actual_total,7.0,6.256604014455769,1.9.1,20260912,6.256604014455769,0.0
total,"total|bootstrap_ridge_simulation|sdv_only|{""alpha"":1,""n_bootstrap"":25}",1,2025020269,2025-11-13,actual_total,7.0,6.000672226118954,1.9.1,20260912,6.000672226118954,0.0
total,"total|bootstrap_ridge_simulation|sdv_only|{""alpha"":1,""n_bootstrap"":25}",1,2025020270,2025-11-13,actual_total,7.0,6.02745253587057,1.9.1,20260912,6.02745253587057,0.0
total,"total|bootstrap_ridge_simulation|sdv_only|{""alpha"":1,""n_bootstrap"":25}",1,2025020271,2025-11-13,actual_total,8.0,6.0188957789786,1.9.1,20260912,6.0188957789785995,8.881784197001252e-16
total,"total|bootstrap_ridge_simulation|sdv_only|{""alpha"":1,""n_bootstrap"":25}",1,2025020272,2025-11-13,actual_total,9.0,6.367521886648792,1.9.1,20260912,6.367521886648792,0.0
total,"total|bootstrap_ridge_simulation|sdv_only|{""alpha"":1,""n_bootstrap"":25}",1,2025020273,2025-11-13,actual_total,9.0,6.113758768892708,1.9.1,20260912,6.1137587688927075,8.881784197001252e-16
total,"total|bootstrap_ridge_simulation|sdv_only|{""alpha"":1,""n_bootstrap"":25}",1,2025020274,2025-11-13,actual_total,9.0,6.531631868452066,1.9.1,20260912,6.531631868452066,0.0
total,"total|bootstrap_ridge_simulation|sdv_only|{""alpha"":1,""n_bootstrap"":25}",1,2025020275,2025-11-13,actual_total,9.0,6.16632688162453,1.9.1,20260912,6.16632688162453,0.0
total,"total|bootstrap_ridge_simulation|sdv_only|{""alpha"":1,""n_bootstrap"":25}",1,2025020276,2025-11-13,actual_total,2.0,5.762511039105544,1.9.1,20260912,5.762511039105544,0.0
total,"total|bootstrap_ridge_simulation|sdv_only|{""alpha"":1,""n_bootstrap"":25}",1,2025020277,2025-11-13,actual_total,7.0,6.217210426614257,1.9.1,20260912,6.217210426614257,0.0
total,"total|bootstrap_ridge_simulation|sdv_only|{""alpha"":1,""n_bootstrap"":25}",1,2025020278,2025-11-13,actual_total,8.0,5.967039707249125,1.9.1,20260912,5.967039707249125,0.0
total,"total|bootstrap_ridge_simulation|sdv_only|{""alpha"":1,""n_bootstrap"":25}",1,2025020279,2025-11-14,actual_total,7.0,6.455301134780022,1.9.1,20260912,6.455301134780022,0.0
total,"total|bootstrap_ridge_simulation|sdv_only|{""alpha"":1,""n_bootstrap"":25}",1,2025020280,2025-11-14,actual_total,11.0,6.098844230908269,1.9.1,20260912,6.098844230908269,0.0
total,"total|bootstrap_ridge_simulation|sdv_only|{""alpha"":1,""n_bootstrap"":25}",1,2025020281,2025-11-14,actual_total,3.0,6.3445244233757565,1.9.1,20260912,6.3445244233757565,0.0
total,"total|bootstrap_ridge_simulation|sdv_only|{""alpha"":1,""n_bootstrap"":25}",1,2025020282,2025-11-14,actual_total,5.0,6.258621462757066,1.9.1,20260912,6.258621462757066,0.0
total,"total|bootstrap_ridge_simulation|sdv_only|{""alpha"":1,""n_bootstrap"":25}",1,2025020283,2025-11-15,actual_total,4.0,6.02106665684914,1.9.1,20260912,6.02106665684914,0.0
total,"total|bootstrap_ridge_simulation|sdv_only|{""alpha"":1,""n_bootstrap"":25}",1,2025020284,2025-11-15,actual_total,2.0,6.493228864674258,1.9.1,20260912,6.493228864674258,0.0
total,"total|bootstrap_ridge_simulation|sdv_only|{""alpha"":1,""n_bootstrap"":25}",1,2025020285,2025-11-15,actual_total,5.0,6.018172916404166,1.9.1,20260912,6.018172916404166,0.0
total,"total|bootstrap_ridge_simulation|sdv_only|{""alpha"":1,""n_bootstrap"":25}",1,2025020286,2025-11-15,actual_total,1.0,5.911183312858353,1.9.1,20260912,5.911183312858353,0.0
total,"total|bootstrap_ridge_simulation|sdv_only|{""alpha"":1,""n_bootstrap"":25}",1,2025020287,2025-11-15,actual_total,9.0,6.151502592393298,1.9.1,20260912,6.151502592393298,0.0
total,"total|bootstrap_ridge_simulation|sdv_only|{""alpha"":1,""n_bootstrap"":25}",1,2025020288,2025-11-15,actual_total,5.0,6.222967670598918,1.9.1,20260912,6.222967670598918,0.0
total,"total|bootstrap_ridge_simulation|sdv_only|{""alpha"":1,""n_bootstrap"":25}",1,2025020289,2025-11-15,actual_total,7.0,6.447182905208933,1.9.1,20260912,6.447182905208933,0.0
total,"total|bootstrap_ridge_simulation|sdv_only|{""alpha"":1,""n_bootstrap"":25}",1,2025020290,2025-11-15,actual_total,3.0,6.319660178315697,1.9.1,20260912,6.319660178315697,0.0
total,"total|bootstrap_ridge_simulation|sdv_only|{""alpha"":1,""n_bootstrap"":25}",1,2025020291,2025-11-15,actual_total,5.0,6.322881532787159,1.9.1,20260912,6.322881532787159,0.0
total,"total|bootstrap_ridge_simulation|sdv_only|{""alpha"":1,""n_bootstrap"":25}",1,2025020292,2025-11-15,actual_total,5.0,6.251954233345277,1.9.1,20260912,6.251954233345277,0.0
total,"total|bootstrap_ridge_simulation|sdv_only|{""alpha"":1,""n_bootstrap"":25}",1,2025020293,2025-11-15,actual_total,6.0,5.880758348738668,1.9.1,20260912,5.880758348738668,0.0
total,"total|bootstrap_ridge_simulation|sdv_only|{""alpha"":1,""n_bootstrap"":25}",1,2025020294,2025-11-15,actual_total,7.0,5.928353243362633,1.9.1,20260912,5.928353243362633,0.0
total,"total|bootstrap_ridge_simulation|sdv_only|{""alpha"":1,""n_bootstrap"":25}",1,2025020295,2025-11-15,actual_total,5.0,5.8043674887471886,1.9.1,20260912,5.8043674887471886,0.0
total,"total|bootstrap_ridge_simulation|sdv_only|{""alpha"":1,""n_bootstrap"":25}",1,2025020296,2025-11-16,actual_total,4.0,6.36926048756354,1.9.1,20260912,6.3692604875635395,8.881784197001252e-16
total,"total|bootstrap_ridge_simulation|sdv_only|{""alpha"":1,""n_bootstrap"":25}",1,2025020297,2025-11-16,actual_total,8.0,6.197727736806699,1.9.1,20260912,6.197727736806699,0.0
total,"total|bootstrap_ridge_simulation|sdv_only|{""alpha"":1,""n_bootstrap"":25}",1,2025020298,2025-11-16,actual_total,5.0,6.22745641199564,1.9.1,20260912,6.2274564119956395,8.881784197001252e-16
total,"total|bootstrap_ridge_simulation|sdv_only|{""alpha"":1,""n_bootstrap"":25}",1,2025020299,2025-11-16,actual_total,3.0,6.024305511953861,1.9.1,20260912,6.024305511953861,0.0
total,"total|bootstrap_ridge_simulation|sdv_only|{""alpha"":1,""n_bootstrap"":25}",1,2025020300,2025-11-16,actual_total,5.0,6.194966076022237,1.9.1,20260912,6.194966076022237,0.0
total,"total|bootstrap_ridge_simulation|sdv_only|{""alpha"":1,""n_bootstrap"":25}",1,2025020301,2025-11-17,actual_total,4.0,6.263308733803816,1.9.1,20260912,6.263308733803816,0.0
total,"total|bootstrap_ridge_simulation|sdv_only|{""alpha"":1,""n_bootstrap"":25}",1,2025020302,2025-11-17,actual_total,6.0,6.293787641185131,1.9.1,20260912,6.293787641185131,0.0
total,"total|bootstrap_ridge_simulation|sdv_only|{""alpha"":1,""n_bootstrap"":25}",1,2025020303,2025-11-17,actual_total,13.0,6.163796362958632,1.9.1,20260912,6.163796362958632,0.0
total,"total|bootstrap_ridge_simulation|sdv_only|{""alpha"":1,""n_bootstrap"":25}",1,2025020304,2025-11-17,actual_total,3.0,6.115837918459724,1.9.1,20260912,6.115837918459724,0.0
total,"total|bootstrap_ridge_simulation|sdv_only|{""alpha"":1,""n_bootstrap"":25}",1,2025020305,2025-11-17,actual_total,7.0,6.412545996520537,1.9.1,20260912,6.412545996520537,0.0
total,"total|bootstrap_ridge_simulation|sdv_only|{""alpha"":1,""n_bootstrap"":25}",1,2025020306,2025-11-17,actual_total,5.0,6.431298713676972,1.9.1,20260912,6.431298713676972,0.0
total,"total|bootstrap_ridge_simulation|sdv_only|{""alpha"":1,""n_bootstrap"":25}",1,2025020307,2025-11-18,actual_total,5.0,6.322647525511622,1.9.1,20260912,6.322647525511622,0.0
total,"total|bootstrap_ridge_simulation|sdv_only|{""alpha"":1,""n_bootstrap"":25}",1,2025020308,2025-11-18,actual_total,6.0,5.954441587370925,1.9.1,20260912,5.954441587370925,0.0
total,"total|bootstrap_ridge_simulation|sdv_only|{""alpha"":1,""n_bootstrap"":25}",1,2025020309,2025-11-18,actual_total,6.0,6.061359651010613,1.9.1,20260912,6.061359651010613,0.0
total,"total|bootstrap_ridge_simulation|sdv_only|{""alpha"":1,""n_bootstrap"":25}",1,2025020310,2025-11-18,actual_total,5.0,6.079368901570739,1.9.1,20260912,6.079368901570739,0.0
total,"total|bootstrap_ridge_simulation|sdv_only|{""alpha"":1,""n_bootstrap"":25}",1,2025020311,2025-11-18,actual_total,7.0,6.438212338187418,1.9.1,20260912,6.438212338187418,0.0
total,"total|bootstrap_ridge_simulation|sdv_only|{""alpha"":1,""n_bootstrap"":25}",1,2025020312,2025-11-18,actual_total,7.0,6.073499373664751,1.9.1,20260912,6.073499373664751,0.0
total,"total|bootstrap_ridge_simulation|sdv_only|{""alpha"":1,""n_bootstrap"":25}",1,2025020313,2025-11-18,actual_total,5.0,5.963427150959446,1.9.1,20260912,5.963427150959446,0.0
total,"total|bootstrap_ridge_simulation|sdv_only|{""alpha"":1,""n_bootstrap"":25}",1,2025020314,2025-11-18,actual_total,5.0,6.123393473714366,1.9.1,20260912,6.123393473714366,0.0
total,"total|bootstrap_ridge_simulation|sdv_only|{""alpha"":1,""n_bootstrap"":25}",2,2025020315,2025-11-19,actual_total,11.0,6.694173985728432,1.9.1,20260912,6.6941739857284315,8.881784197001252e-16
total,"total|bootstrap_ridge_simulation|sdv_only|{""alpha"":1,""n_bootstrap"":25}",2,2025020316,2025-11-19,actual_total,8.0,5.840842241556324,1.9.1,20260912,5.840842241556324,0.0
total,"total|bootstrap_ridge_simulation|sdv_only|{""alpha"":1,""n_bootstrap"":25}",2,2025020317,2025-11-19,actual_total,7.0,6.68187549782363,1.9.1,20260912,6.68187549782363,0.0
total,"total|bootstrap_ridge_simulation|sdv_only|{""alpha"":1,""n_bootstrap"":25}",2,2025020318,2025-11-19,actual_total,7.0,6.31067031683121,1.9.1,20260912,6.31067031683121,0.0
total,"total|bootstrap_ridge_simulation|sdv_only|{""alpha"":1,""n_bootstrap"":25}",2,2025020319,2025-11-20,actual_total,5.0,6.729192139662082,1.9.1,20260912,6.729192139662082,0.0
total,"total|bootstrap_ridge_simulation|sdv_only|{""alpha"":1,""n_bootstrap"":25}",2,2025020320,2025-11-20,actual_total,12.0,6.442619383636031,1.9.1,20260912,6.442619383636031,0.0
total,"total|bootstrap_ridge_simulation|sdv_only|{""alpha"":1,""n_bootstrap"":25}",2,2025020321,2025-11-20,actual_total,5.0,6.211642374714191,1.9.1,20260912,6.211642374714191,0.0
total,"total|bootstrap_ridge_simulation|sdv_only|{""alpha"":1,""n_bootstrap"":25}",2,2025020322,2025-11-20,actual_total,3.0,6.413889645306403,1.9.1,20260912,6.413889645306403,0.0
total,"total|bootstrap_ridge_simulation|sdv_only|{""alpha"":1,""n_bootstrap"":25}",2,2025020323,2025-11-20,actual_total,1.0,5.9395616526610295,1.9.1,20260912,5.9395616526610295,0.0
total,"total|bootstrap_ridge_simulation|sdv_only|{""alpha"":1,""n_bootstrap"":25}",2,2025020324,2025-11-20,actual_total,5.0,6.075660711345218,1.9.1,20260912,6.075660711345218,0.0
total,"total|bootstrap_ridge_simulation|sdv_only|{""alpha"":1,""n_bootstrap"":25}",2,2025020325,2025-11-20,actual_total,5.0,6.05245354649235,1.9.1,20260912,6.05245354649235,0.0
total,"total|bootstrap_ridge_simulation|sdv_only|{""alpha"":1,""n_bootstrap"":25}",2,2025020326,2025-11-20,actual_total,9.0,5.9518073270080265,1.9.1,20260912,5.9518073270080265,0.0
total,"total|bootstrap_ridge_simulation|sdv_only|{""alpha"":1,""n_bootstrap"":25}",2,2025020327,2025-11-20,actual_total,5.0,6.161201229502114,1.9.1,20260912,6.161201229502114,0.0
total,"total|bootstrap_ridge_simulation|sdv_only|{""alpha"":1,""n_bootstrap"":25}",2,2025020328,2025-11-20,actual_total,6.0,6.269300412130439,1.9.1,20260912,6.2693004121304385,8.881784197001252e-16
total,"total|bootstrap_ridge_simulation|sdv_only|{""alpha"":1,""n_bootstrap"":25}",2,2025020329,2025-11-20,actual_total,5.0,6.328569268765714,1.9.1,20260912,6.328569268765714,0.0
total,"total|bootstrap_ridge_simulation|sdv_only|{""alpha"":1,""n_bootstrap"":25}",2,2025020330,2025-11-20,actual_total,7.0,5.723761106055864,1.9.1,20260912,5.723761106055864,0.0
total,"total|bootstrap_ridge_simulation|sdv_only|{""alpha"":1,""n_bootstrap"":25}",2,2025020331,2025-11-21,actual_total,12.0,6.46505990580422,1.9.1,20260912,6.46505990580422,0.0
total,"total|bootstrap_ridge_simulation|sdv_only|{""alpha"":1,""n_bootstrap"":25}",2,2025020332,2025-11-21,actual_total,5.0,6.5781306632164265,1.9.1,20260912,6.5781306632164265,0.0
total,"total|bootstrap_ridge_simulation|sdv_only|{""alpha"":1,""n_bootstrap"":25}",2,2025020333,2025-11-21,actual_total,7.0,6.54377521014268,1.9.1,20260912,6.54377521014268,0.0
total,"total|bootstrap_ridge_simulation|sdv_only|{""alpha"":1,""n_bootstrap"":25}",2,2025020334,2025-11-21,actual_total,3.0,5.7913368809125565,1.9.1,20260912,5.7913368809125565,0.0
total,"total|bootstrap_ridge_simulation|sdv_only|{""alpha"":1,""n_bootstrap"":25}",2,2025020335,2025-11-22,actual_total,7.0,6.681406847179201,1.9.1,20260912,6.681406847179201,0.0
total,"total|bootstrap_ridge_simulation|sdv_only|{""alpha"":1,""n_bootstrap"":25}",2,2025020336,2025-11-22,actual_total,3.0,6.380651131217894,1.9.1,20260912,6.380651131217894,0.0
total,"total|bootstrap_ridge_simulation|sdv_only|{""alpha"":1,""n_bootstrap"":25}",2,2025020337,2025-11-22,actual_total,7.0,6.152558491662316,1.9.1,20260912,6.152558491662316,0.0
total,"total|bootstrap_ridge_simulation|sdv_only|{""alpha"":1,""n_bootstrap"":25}",2,2025020338,2025-11-22,actual_total,9.0,6.279944650529208,1.9.1,20260912,6.279944650529208,0.0
total,"total|bootstrap_ridge_simulation|sdv_only|{""alpha"":1,""n_bootstrap"":25}",2,2025020339,2025-11-22,actual_total,9.0,5.972209671807024,1.9.1,20260912,5.972209671807024,0.0
total,"total|bootstrap_ridge_simulation|sdv_only|{""alpha"":1,""n_bootstrap"":25}",2,2025020340,2025-11-22,actual_total,5.0,6.143339396683555,1.9.1,20260912,6.143339396683555,0.0
total,"total|bootstrap_ridge_simulation|sdv_only|{""alpha"":1,""n_bootstrap"":25}",2,2025020341,2025-11-22,actual_total,8.0,6.411645835873284,1.9.1,20260912,6.411645835873284,0.0
total,"total|bootstrap_ridge_simulation|sdv_only|{""alpha"":1,""n_bootstrap"":25}",2,2025020342,2025-11-22,actual_total,5.0,5.763816898213233,1.9.1,20260912,5.763816898213233,0.0
total,"total|bootstrap_ridge_simulation|sdv_only|{""alpha"":1,""n_bootstrap"":25}",2,2025020343,2025-11-22,actual_total,3.0,6.248899696501729,1.9.1,20260912,6.248899696501729,0.0
total,"total|bootstrap_ridge_simulation|sdv_only|{""alpha"":1,""n_bootstrap"":25}",2,2025020344,2025-11-22,actual_total,5.0,6.021236699561055,1.9.1,20260912,6.0212366995610545,8.881784197001252e-16
total,"total|bootstrap_ridge_simulation|sdv_only|{""alpha"":1,""n_bootstrap"":25}",2,2025020345,2025-11-22,actual_total,5.0,5.674198797412118,1.9.1,20260912,5.674198797412118,0.0
total,"total|bootstrap_ridge_simulation|sdv_only|{""alpha"":1,""n_bootstrap"":25}",2,2025020346,2025-11-22,actual_total,7.0,6.462149057052012,1.9.1,20260912,6.462149057052012,0.0
total,"total|bootstrap_ridge_simulation|sdv_only|{""alpha"":1,""n_bootstrap"":25}",2,2025020347,2025-11-23,actual_total,5.0,6.564547802492785,1.9.1,20260912,6.564547802492785,0.0
total,"total|bootstrap_ridge_simulation|sdv_only|{""alpha"":1,""n_bootstrap"":25}",2,2025020348,2025-11-23,actual_total,3.0,6.138714161138348,1.9.1,20260912,6.138714161138348,0.0
total,"total|bootstrap_ridge_simulation|sdv_only|{""alpha"":1,""n_bootstrap"":25}",2,2025020349,2025-11-23,actual_total,1.0,5.891184942585711,1.9.1,20260912,5.891184942585711,0.0
total,"total|bootstrap_ridge_simulation|sdv_only|{""alpha"":1,""n_bootstrap"":25}",2,2025020350,2025-11-23,actual_total,1.0,6.427542474252374,1.9.1,20260912,6.427542474252374,0.0
total,"total|bootstrap_ridge_simulation|sdv_only|{""alpha"":1,""n_bootstrap"":25}",2,2025020351,2025-11-23,actual_total,4.0,5.863783381696371,1.9.1,20260912,5.863783381696371,0.0
total,"total|bootstrap_ridge_simulation|sdv_only|{""alpha"":1,""n_bootstrap"":25}",2,2025020352,2025-11-23,actual_total,7.0,6.008448882218225,1.9.1,20260912,6.008448882218225,0.0
total,"total|bootstrap_ridge_simulation|sdv_only|{""alpha"":1,""n_bootstrap"":25}",2,2025020353,2025-11-24,actual_total,3.0,5.85218677605742,1.9.1,20260912,5.85218677605742,0.0
total,"total|bootstrap_ridge_simulation|sdv_only|{""alpha"":1,""n_bootstrap"":25}",2,2025020354,2025-11-24,actual_total,7.0,6.255192828611554,1.9.1,20260912,6.255192828611554,0.0
total,"total|bootstrap_ridge_simulation|sdv_only|{""alpha"":1,""n_bootstrap"":25}",2,2025020355,2025-11-24,actual_total,5.0,6.099575063495852,1.9.1,20260912,6.099575063495852,0.0
total,"total|bootstrap_ridge_simulation|sdv_only|{""alpha"":1,""n_bootstrap"":25}",2,2025020356,2025-11-24,actual_total,6.0,6.949544449081148,1.9.1,20260912,6.949544449081148,0.0
total,"total|bootstrap_ridge_simulation|sdv_only|{""alpha"":1,""n_bootstrap"":25}",2,2025020357,2025-11-24,actual_total,11.0,6.123915984279615,1.9.1,20260912,6.1239159842796145,8.881784197001252e-16
total,"total|bootstrap_ridge_simulation|sdv_only|{""alpha"":1,""n_bootstrap"":25}",2,2025020358,2025-11-24,actual_total,6.0,6.240290315466931,1.9.1,20260912,6.240290315466931,0.0
total,"total|bootstrap_ridge_simulation|sdv_only|{""alpha"":1,""n_bootstrap"":25}",2,2025020359,2025-11-24,actual_total,3.0,5.704786566678569,1.9.1,20260912,5.704786566678569,0.0
total,"total|bootstrap_ridge_simulation|sdv_only|{""alpha"":1,""n_bootstrap"":25}",2,2025020360,2025-11-25,actual_total,11.0,6.367348860417726,1.9.1,20260912,6.367348860417726,0.0
total,"total|bootstrap_ridge_simulation|sdv_only|{""alpha"":1,""n_bootstrap"":25}",2,2025020361,2025-11-26,actual_total,9.0,6.3577459405391,1.9.1,20260912,6.3577459405391,0.0
total,"total|bootstrap_ridge_simulation|sdv_only|{""alpha"":1,""n_bootstrap"":25}",2,2025020362,2025-11-26,actual_total,6.0,5.664502383794035,1.9.1,20260912,5.664502383794035,0.0
total,"total|bootstrap_ridge_simulation|sdv_only|{""alpha"":1,""n_bootstrap"":25}",2,2025020363,2025-11-26,actual_total,6.0,5.86688370699193,1.9.1,20260912,5.86688370699193,0.0
total,"total|bootstrap_ridge_simulation|sdv_only|{""alpha"":1,""n_bootstrap"":25}",2,2025020364,2025-11-26,actual_total,5.0,6.386869058240646,1.9.1,20260912,6.386869058240646,0.0
total,"total|bootstrap_ridge_simulation|sdv_only|{""alpha"":1,""n_bootstrap"":25}",2,2025020365,2025-11-26,actual_total,4.0,6.12273097258588,1.9.1,20260912,6.12273097258588,0.0
total,"total|bootstrap_ridge_simulation|sdv_only|{""alpha"":1,""n_bootstrap"":25}",2,2025020366,2025-11-26,actual_total,6.0,6.509013533885313,1.9.1,20260912,6.509013533885313,0.0
total,"total|bootstrap_ridge_simulation|sdv_only|{""alpha"":1,""n_bootstrap"":25}",2,2025020367,2025-11-26,actual_total,7.0,6.3554806153605385,1.9.1,20260912,6.3554806153605385,0.0
total,"total|bootstrap_ridge_simulation|sdv_only|{""alpha"":1,""n_bootstrap"":25}",2,2025020368,2025-11-26,actual_total,6.0,6.207688935977395,1.9.1,20260912,6.207688935977395,0.0
total,"total|bootstrap_ridge_simulation|sdv_only|{""alpha"":1,""n_bootstrap"":25}",2,2025020369,2025-11-26,actual_total,3.0,6.572700714452603,1.9.1,20260912,6.572700714452603,0.0
total,"total|bootstrap_ridge_simulation|sdv_only|{""alpha"":1,""n_bootstrap"":25}",2,2025020370,2025-11-26,actual_total,7.0,6.378817432961073,1.9.1,20260912,6.378817432961073,0.0
total,"total|bootstrap_ridge_simulation|sdv_only|{""alpha"":1,""n_bootstrap"":25}",2,2025020371,2025-11-26,actual_total,6.0,5.975158414830414,1.9.1,20260912,5.975158414830414,0.0
total,"total|bootstrap_ridge_simulation|sdv_only|{""alpha"":1,""n_bootstrap"":25}",2,2025020372,2025-11-26,actual_total,7.0,6.306247465528088,1.9.1,20260912,6.306247465528088,0.0
total,"total|bootstrap_ridge_simulation|sdv_only|{""alpha"":1,""n_bootstrap"":25}",2,2025020373,2025-11-26,actual_total,7.0,5.871072979649041,1.9.1,20260912,5.871072979649041,0.0
total,"total|bootstrap_ridge_simulation|sdv_only|{""alpha"":1,""n_bootstrap"":25}",2,2025020374,2025-11-26,actual_total,9.0,6.76249732314702,1.9.1,20260912,6.76249732314702,0.0
total,"total|bootstrap_ridge_simulation|sdv_only|{""alpha"":1,""n_bootstrap"":25}",2,2025020375,2025-11-26,actual_total,5.0,5.753001954119429,1.9.1,20260912,5.753001954119429,0.0
total,"total|bootstrap_ridge_simulation|sdv_only|{""alpha"":1,""n_bootstrap"":25}",2,2025020376,2025-11-28,actual_total,8.0,5.637006533722172,1.9.1,20260912,5.637006533722172,0.0
total,"total|bootstrap_ridge_simulation|sdv_only|{""alpha"":1,""n_bootstrap"":25}",2,2025020377,2025-11-28,actual_total,9.0,6.135158469554978,1.9.1,20260912,6.135158469554978,0.0
total,"total|bootstrap_ridge_simulation|sdv_only|{""alpha"":1,""n_bootstrap"":25}",2,2025020378,2025-11-28,actual_total,5.0,6.304283020408376,1.9.1,20260912,6.304283020408376,0.0
total,"total|bootstrap_ridge_simulation|sdv_only|{""alpha"":1,""n_bootstrap"":25}",2,2025020379,2025-11-28,actual_total,5.0,6.198316367817958,1.9.1,20260912,6.198316367817958,0.0
total,"total|bootstrap_ridge_simulation|sdv_only|{""alpha"":1,""n_bootstrap"":25}",2,2025020380,2025-11-28,actual_total,8.0,5.714121159993365,1.9.1,20260912,5.714121159993365,0.0
total,"total|bootstrap_ridge_simulation|sdv_only|{""alpha"":1,""n_bootstrap"":25}",2,2025020381,2025-11-28,actual_total,7.0,6.079160343980448,1.9.1,20260912,6.079160343980448,0.0
total,"total|bootstrap_ridge_simulation|sdv_only|{""alpha"":1,""n_bootstrap"":25}",2,2025020382,2025-11-28,actual_total,7.0,6.017388160204922,1.9.1,20260912,6.017388160204922,0.0
total,"total|bootstrap_ridge_simulation|sdv_only|{""alpha"":1,""n_bootstrap"":25}",2,2025020383,2025-11-28,actual_total,5.0,6.029437073752486,1.9.1,20260912,6.029437073752486,0.0
total,"total|bootstrap_ridge_simulation|sdv_only|{""alpha"":1,""n_bootstrap"":25}",2,2025020384,2025-11-28,actual_total,9.0,6.304425434186498,1.9.1,20260912,6.304425434186498,0.0
total,"total|bootstrap_ridge_simulation|sdv_only|{""alpha"":1,""n_bootstrap"":25}",2,2025020385,2025-11-28,actual_total,5.0,6.235146528969647,1.9.1,20260912,6.235146528969647,0.0
total,"total|bootstrap_ridge_simulation|sdv_only|{""alpha"":1,""n_bootstrap"":25}",2,2025020386,2025-11-28,actual_total,6.0,6.460311771989616,1.9.1,20260912,6.460311771989616,0.0
total,"total|bootstrap_ridge_simulation|sdv_only|{""alpha"":1,""n_bootstrap"":25}",2,2025020387,2025-11-28,actual_total,6.0,6.430641913859091,1.9.1,20260912,6.430641913859091,0.0
total,"total|bootstrap_ridge_simulation|sdv_only|{""alpha"":1,""n_bootstrap"":25}",2,2025020388,2025-11-28,actual_total,7.0,6.897387526871352,1.9.1,20260912,6.897387526871352,0.0
total,"total|bootstrap_ridge_simulation|sdv_only|{""alpha"":1,""n_bootstrap"":25}",2,2025020389,2025-11-28,actual_total,7.0,6.437740971353432,1.9.1,20260912,6.437740971353432,0.0
total,"total|bootstrap_ridge_simulation|sdv_only|{""alpha"":1,""n_bootstrap"":25}",2,2025020390,2025-11-28,actual_total,7.0,6.270886053844192,1.9.1,20260912,6.270886053844192,0.0
total,"total|bootstrap_ridge_simulation|sdv_only|{""alpha"":1,""n_bootstrap"":25}",2,2025020391,2025-11-29,actual_total,5.0,5.825813026009302,1.9.1,20260912,5.825813026009302,0.0
total,"total|bootstrap_ridge_simulation|sdv_only|{""alpha"":1,""n_bootstrap"":25}",2,2025020392,2025-11-29,actual_total,9.0,6.161857173589983,1.9.1,20260912,6.161857173589983,0.0
total,"total|bootstrap_ridge_simulation|sdv_only|{""alpha"":1,""n_bootstrap"":25}",2,2025020393,2025-11-29,actual_total,4.0,6.163636051834777,1.9.1,20260912,6.163636051834777,0.0
total,"total|bootstrap_ridge_simulation|sdv_only|{""alpha"":1,""n_bootstrap"":25}",2,2025020394,2025-11-29,actual_total,5.0,6.110127697389829,1.9.1,20260912,6.110127697389829,0.0
total,"total|bootstrap_ridge_simulation|sdv_only|{""alpha"":1,""n_bootstrap"":25}",2,2025020395,2025-11-29,actual_total,8.0,5.941244402837865,1.9.1,20260912,5.941244402837865,0.0
total,"total|bootstrap_ridge_simulation|sdv_only|{""alpha"":1,""n_bootstrap"":25}",2,2025020396,2025-11-29,actual_total,9.0,6.438426054488781,1.9.1,20260912,6.438426054488781,0.0
total,"total|bootstrap_ridge_simulation|sdv_only|{""alpha"":1,""n_bootstrap"":25}",2,2025020397,2025-11-29,actual_total,7.0,6.084571149007461,1.9.1,20260912,6.084571149007461,0.0
total,"total|bootstrap_ridge_simulation|sdv_only|{""alpha"":1,""n_bootstrap"":25}",2,2025020398,2025-11-29,actual_total,1.0,6.501843563854181,1.9.1,20260912,6.501843563854181,0.0
total,"total|bootstrap_ridge_simulation|sdv_only|{""alpha"":1,""n_bootstrap"":25}",2,2025020399,2025-11-29,actual_total,5.0,6.381648269324846,1.9.1,20260912,6.381648269324846,0.0
total,"total|bootstrap_ridge_simulation|sdv_only|{""alpha"":1,""n_bootstrap"":25}",2,2025020400,2025-11-29,actual_total,7.0,5.816804770115792,1.9.1,20260912,5.816804770115792,0.0
total,"total|bootstrap_ridge_simulation|sdv_only|{""alpha"":1,""n_bootstrap"":25}",2,2025020401,2025-11-29,actual_total,3.0,6.102303194318313,1.9.1,20260912,6.102303194318313,0.0
total,"total|bootstrap_ridge_simulation|sdv_only|{""alpha"":1,""n_bootstrap"":25}",2,2025020402,2025-11-30,actual_total,5.0,6.562764691951834,1.9.1,20260912,6.562764691951834,0.0
total,"total|bootstrap_ridge_simulation|sdv_only|{""alpha"":1,""n_bootstrap"":25}",2,2025020403,2025-11-30,actual_total,8.0,6.75046445441954,1.9.1,20260912,6.75046445441954,0.0
total,"total|bootstrap_ridge_simulation|sdv_only|{""alpha"":1,""n_bootstrap"":25}",2,2025020404,2025-11-30,actual_total,1.0,6.188546456014999,1.9.1,20260912,6.188546456014999,0.0
total,"total|bootstrap_ridge_simulation|sdv_only|{""alpha"":1,""n_bootstrap"":25}",2,2025020405,2025-11-30,actual_total,7.0,5.860347958170407,1.9.1,20260912,5.860347958170407,0.0
total,"total|bootstrap_ridge_simulation|sdv_only|{""alpha"":1,""n_bootstrap"":25}",2,2025020406,2025-12-01,actual_total,8.0,6.639160928376237,1.9.1,20260912,6.639160928376237,0.0
total,"total|bootstrap_ridge_simulation|sdv_only|{""alpha"":1,""n_bootstrap"":25}",2,2025020407,2025-12-01,actual_total,6.0,6.234543227231752,1.9.1,20260912,6.234543227231752,0.0
total,"total|bootstrap_ridge_simulation|sdv_only|{""alpha"":1,""n_bootstrap"":25}",2,2025020408,2025-12-01,actual_total,6.0,6.096999194194336,1.9.1,20260912,6.096999194194336,0.0
total,"total|bootstrap_ridge_simulation|sdv_only|{""alpha"":1,""n_bootstrap"":25}",2,2025020409,2025-12-01,actual_total,5.0,6.564425017394622,1.9.1,20260912,6.564425017394622,0.0
total,"total|bootstrap_ridge_simulation|sdv_only|{""alpha"":1,""n_bootstrap"":25}",2,2025020410,2025-12-01,actual_total,9.0,6.178620603322949,1.9.1,20260912,6.178620603322949,0.0
total,"total|bootstrap_ridge_simulation|sdv_only|{""alpha"":1,""n_bootstrap"":25}",2,2025020411,2025-12-02,actual_total,7.0,5.877285245831148,1.9.1,20260912,5.877285245831148,0.0
total,"total|bootstrap_ridge_simulation|sdv_only|{""alpha"":1,""n_bootstrap"":25}",2,2025020412,2025-12-02,actual_total,9.0,6.1060740130232025,1.9.1,20260912,6.1060740130232025,0.0
total,"total|bootstrap_ridge_simulation|sdv_only|{""alpha"":1,""n_bootstrap"":25}",2,2025020413,2025-12-02,actual_total,5.0,6.124698905674915,1.9.1,20260912,6.124698905674915,0.0
total,"total|bootstrap_ridge_simulation|sdv_only|{""alpha"":1,""n_bootstrap"":25}",2,2025020414,2025-12-02,actual_total,3.0,6.211693470490349,1.9.1,20260912,6.211693470490349,0.0
total,"total|bootstrap_ridge_simulation|sdv_only|{""alpha"":1,""n_bootstrap"":25}",2,2025020415,2025-12-02,actual_total,5.0,5.77084634056448,1.9.1,20260912,5.77084634056448,0.0
total,"total|bootstrap_ridge_simulation|sdv_only|{""alpha"":1,""n_bootstrap"":25}",2,2025020416,2025-12-02,actual_total,6.0,5.921906723236768,1.9.1,20260912,5.921906723236768,0.0
total,"total|bootstrap_ridge_simulation|sdv_only|{""alpha"":1,""n_bootstrap"":25}",2,2025020417,2025-12-02,actual_total,4.0,6.497142593599498,1.9.1,20260912,6.497142593599498,0.0
total,"total|bootstrap_ridge_simulation|sdv_only|{""alpha"":1,""n_bootstrap"":25}",2,2025020418,2025-12-02,actual_total,1.0,6.604302783018726,1.9.1,20260912,6.604302783018726,0.0
total,"total|bootstrap_ridge_simulation|sdv_only|{""alpha"":1,""n_bootstrap"":25}",2,2025020419,2025-12-02,actual_total,7.0,6.330379742718231,1.9.1,20260912,6.330379742718231,0.0
total,"total|bootstrap_ridge_simulation|sdv_only|{""alpha"":1,""n_bootstrap"":25}",2,2025020420,2025-12-02,actual_total,4.0,6.1646899465349225,1.9.1,20260912,6.1646899465349225,0.0
total,"total|bootstrap_ridge_simulation|sdv_only|{""alpha"":1,""n_bootstrap"":25}",2,2025020421,2025-12-03,actual_total,3.0,6.077179565655652,1.9.1,20260912,6.077179565655652,0.0
total,"total|bootstrap_ridge_simulation|sdv_only|{""alpha"":1,""n_bootstrap"":25}",2,2025020422,2025-12-03,actual_total,5.0,5.9915639429977015,1.9.1,20260912,5.9915639429977015,0.0
total,"total|bootstrap_ridge_simulation|sdv_only|{""alpha"":1,""n_bootstrap"":25}",2,2025020423,2025-12-03,actual_total,7.0,5.948358018147493,1.9.1,20260912,5.948358018147493,0.0
total,"total|bootstrap_ridge_simulation|sdv_only|{""alpha"":1,""n_bootstrap"":25}",2,2025020424,2025-12-03,actual_total,7.0,6.728345073996927,1.9.1,20260912,6.728345073996927,0.0
total,"total|bootstrap_ridge_simulation|sdv_only|{""alpha"":1,""n_bootstrap"":25}",2,2025020425,2025-12-03,actual_total,8.0,6.290876973970435,1.9.1,20260912,6.290876973970435,0.0
total,"total|bootstrap_ridge_simulation|sdv_only|{""alpha"":1,""n_bootstrap"":25}",2,2025020426,2025-12-04,actual_total,7.0,5.940139998988554,1.9.1,20260912,5.940139998988554,0.0
total,"total|bootstrap_ridge_simulation|sdv_only|{""alpha"":1,""n_bootstrap"":25}",2,2025020427,2025-12-04,actual_total,6.0,5.68086407217294,1.9.1,20260912,5.68086407217294,0.0
total,"total|bootstrap_ridge_simulation|sdv_only|{""alpha"":1,""n_bootstrap"":25}",2,2025020428,2025-12-04,actual_total,7.0,6.492410282776087,1.9.1,20260912,6.492410282776087,0.0
total,"total|bootstrap_ridge_simulation|sdv_only|{""alpha"":1,""n_bootstrap"":25}",2,2025020429,2025-12-04,actual_total,3.0,6.09801866332258,1.9.1,20260912,6.09801866332258,0.0
total,"total|bootstrap_ridge_simulation|sdv_only|{""alpha"":1,""n_bootstrap"":25}",2,2025020430,2025-12-04,actual_total,9.0,6.368444331052879,1.9.1,20260912,6.368444331052879,0.0
total,"total|bootstrap_ridge_simulation|sdv_only|{""alpha"":1,""n_bootstrap"":25}",2,2025020431,2025-12-04,actual_total,6.0,6.485579492949835,1.9.1,20260912,6.485579492949835,0.0
total,"total|bootstrap_ridge_simulation|sdv_only|{""alpha"":1,""n_bootstrap"":25}",2,2025020432,2025-12-04,actual_total,11.0,6.724728628120074,1.9.1,20260912,6.724728628120074,0.0
total,"total|bootstrap_ridge_simulation|sdv_only|{""alpha"":1,""n_bootstrap"":25}",2,2025020433,2025-12-04,actual_total,5.0,5.931250234009792,1.9.1,20260912,5.931250234009792,0.0
total,"total|bootstrap_ridge_simulation|sdv_only|{""alpha"":1,""n_bootstrap"":25}",2,2025020434,2025-12-04,actual_total,13.0,6.066862690212041,1.9.1,20260912,6.066862690212041,0.0
total,"total|bootstrap_ridge_simulation|sdv_only|{""alpha"":1,""n_bootstrap"":25}",2,2025020435,2025-12-04,actual_total,3.0,5.926444650444044,1.9.1,20260912,5.926444650444044,0.0
total,"total|bootstrap_ridge_simulation|sdv_only|{""alpha"":1,""n_bootstrap"":25}",2,2025020436,2025-12-05,actual_total,3.0,6.107604357894138,1.9.1,20260912,6.107604357894138,0.0
total,"total|bootstrap_ridge_simulation|sdv_only|{""alpha"":1,""n_bootstrap"":25}",2,2025020437,2025-12-05,actual_total,5.0,6.186451464823586,1.9.1,20260912,6.186451464823586,0.0
total,"total|bootstrap_ridge_simulation|sdv_only|{""alpha"":1,""n_bootstrap"":25}",2,2025020438,2025-12-05,actual_total,5.0,5.794701636864252,1.9.1,20260912,5.794701636864252,0.0
total,"total|bootstrap_ridge_simulation|sdv_only|{""alpha"":1,""n_bootstrap"":25}",2,2025020439,2025-12-05,actual_total,5.0,6.622446661135277,1.9.1,20260912,6.622446661135277,0.0
total,"total|bootstrap_ridge_simulation|sdv_only|{""alpha"":1,""n_bootstrap"":25}",2,2025020440,2025-12-05,actual_total,7.0,6.758105077430985,1.9.1,20260912,6.758105077430985,0.0
total,"total|bootstrap_ridge_simulation|sdv_only|{""alpha"":1,""n_bootstrap"":25}",2,2025020441,2025-12-06,actual_total,5.0,6.059279600548522,1.9.1,20260912,6.059279600548522,0.0
total,"total|bootstrap_ridge_simulation|sdv_only|{""alpha"":1,""n_bootstrap"":25}",2,2025020442,2025-12-06,actual_total,13.0,6.479462597202415,1.9.1,20260912,6.479462597202415,0.0
total,"total|bootstrap_ridge_simulation|sdv_only|{""alpha"":1,""n_bootstrap"":25}",2,2025020443,2025-12-06,actual_total,5.0,5.944172496036966,1.9.1,20260912,5.944172496036966,0.0
total,"total|bootstrap_ridge_simulation|sdv_only|{""alpha"":1,""n_bootstrap"":25}",2,2025020444,2025-12-06,actual_total,3.0,6.195297353485463,1.9.1,20260912,6.195297353485463,0.0
total,"total|bootstrap_ridge_simulation|sdv_only|{""alpha"":1,""n_bootstrap"":25}",2,2025020445,2025-12-06,actual_total,3.0,6.017116047973738,1.9.1,20260912,6.0171160479737384,8.881784197001252e-16
total,"total|bootstrap_ridge_simulation|sdv_only|{""alpha"":1,""n_bootstrap"":25}",2,2025020446,2025-12-06,actual_total,2.0,6.270319239954092,1.9.1,20260912,6.270319239954092,0.0
total,"total|bootstrap_ridge_simulation|sdv_only|{""alpha"":1,""n_bootstrap"":25}",2,2025020447,2025-12-06,actual_total,9.0,6.5153581394075015,1.9.1,20260912,6.5153581394075015,0.0
total,"total|bootstrap_ridge_simulation|sdv_only|{""alpha"":1,""n_bootstrap"":25}",2,2025020448,2025-12-06,actual_total,2.0,6.106552342678546,1.9.1,20260912,6.106552342678546,0.0
total,"total|bootstrap_ridge_simulation|sdv_only|{""alpha"":1,""n_bootstrap"":25}",2,2025020449,2025-12-06,actual_total,6.0,5.90767123686684,1.9.1,20260912,5.90767123686684,0.0
total,"total|bootstrap_ridge_simulation|sdv_only|{""alpha"":1,""n_bootstrap"":25}",2,2025020450,2025-12-06,actual_total,8.0,6.423818864577758,1.9.1,20260912,6.423818864577758,0.0
total,"total|bootstrap_ridge_simulation|sdv_only|{""alpha"":1,""n_bootstrap"":25}",2,2025020451,2025-12-06,actual_total,6.0,6.467929014001843,1.9.1,20260912,6.467929014001843,0.0
total,"total|bootstrap_ridge_simulation|sdv_only|{""alpha"":1,""n_bootstrap"":25}",2,2025020452,2025-12-06,actual_total,7.0,5.994337269613802,1.9.1,20260912,5.994337269613802,0.0
total,"total|bootstrap_ridge_simulation|sdv_only|{""alpha"":1,""n_bootstrap"":25}",2,2025020453,2025-12-07,actual_total,5.0,6.179169504057842,1.9.1,20260912,6.179169504057842,0.0
total,"total|bootstrap_ridge_simulation|sdv_only|{""alpha"":1,""n_bootstrap"":25}",2,2025020454,2025-12-07,actual_total,5.0,6.115353506020496,1.9.1,20260912,6.115353506020496,0.0
total,"total|bootstrap_ridge_simulation|sdv_only|{""alpha"":1,""n_bootstrap"":25}",2,2025020455,2025-12-07,actual_total,5.0,6.193983933312733,1.9.1,20260912,6.193983933312733,0.0
total,"total|bootstrap_ridge_simulation|sdv_only|{""alpha"":1,""n_bootstrap"":25}",2,2025020456,2025-12-07,actual_total,5.0,6.320400684832594,1.9.1,20260912,6.320400684832594,0.0
total,"total|bootstrap_ridge_simulation|sdv_only|{""alpha"":1,""n_bootstrap"":25}",2,2025020457,2025-12-07,actual_total,7.0,6.104819321931451,1.9.1,20260912,6.104819321931451,0.0
total,"total|bootstrap_ridge_simulation|sdv_only|{""alpha"":1,""n_bootstrap"":25}",2,2025020458,2025-12-07,actual_total,5.0,5.835965065307141,1.9.1,20260912,5.835965065307141,0.0
total,"total|bootstrap_ridge_simulation|sdv_only|{""alpha"":1,""n_bootstrap"":25}",2,2025020459,2025-12-07,actual_total,2.0,6.842249042456202,1.9.1,20260912,6.842249042456202,0.0
total,"total|bootstrap_ridge_simulation|sdv_only|{""alpha"":1,""n_bootstrap"":25}",2,2025020460,2025-12-07,actual_total,8.0,6.64476642950252,1.9.1,20260912,6.6447664295025195,8.881784197001252e-16
total,"total|bootstrap_ridge_simulation|sdv_only|{""alpha"":1,""n_bootstrap"":25}",2,2025020461,2025-12-08,actual_total,2.0,6.159012854242593,1.9.1,20260912,6.159012854242593,0.0
total,"total|bootstrap_ridge_simulation|sdv_only|{""alpha"":1,""n_bootstrap"":25}",2,2025020462,2025-12-08,actual_total,6.0,6.083444451011595,1.9.1,20260912,6.083444451011595,0.0
total,"total|bootstrap_ridge_simulation|sdv_only|{""alpha"":1,""n_bootstrap"":25}",2,2025020463,2025-12-08,actual_total,11.0,5.945335646621908,1.9.1,20260912,5.945335646621908,0.0
total,"total|bootstrap_ridge_simulation|sdv_only|{""alpha"":1,""n_bootstrap"":25}",2,2025020464,2025-12-08,actual_total,4.0,6.530526816250725,1.9.1,20260912,6.530526816250725,0.0
total,"total|bootstrap_ridge_simulation|sdv_only|{""alpha"":1,""n_bootstrap"":25}",2,2025020465,2025-12-08,actual_total,5.0,5.970162696465793,1.9.1,20260912,5.970162696465793,0.0
total,"total|bootstrap_ridge_simulation|sdv_only|{""alpha"":1,""n_bootstrap"":25}",2,2025020466,2025-12-09,actual_total,7.0,6.0754998664151705,1.9.1,20260912,6.0754998664151705,0.0
total,"total|bootstrap_ridge_simulation|sdv_only|{""alpha"":1,""n_bootstrap"":25}",2,2025020467,2025-12-09,actual_total,7.0,6.022035610905083,1.9.1,20260912,6.022035610905083,0.0
total,"total|bootstrap_ridge_simulation|sdv_only|{""alpha"":1,""n_bootstrap"":25}",2,2025020468,2025-12-09,actual_total,9.0,6.1413777760327575,1.9.1,20260912,6.1413777760327575,0.0
total,"total|bootstrap_ridge_simulation|sdv_only|{""alpha"":1,""n_bootstrap"":25}",2,2025020469,2025-12-09,actual_total,5.0,5.693265895854442,1.9.1,20260912,5.693265895854442,0.0
total,"total|bootstrap_ridge_simulation|sdv_only|{""alpha"":1,""n_bootstrap"":25}",2,2025020470,2025-12-09,actual_total,7.0,6.783056903364471,1.9.1,20260912,6.7830569033644705,8.881784197001252e-16
total,"total|bootstrap_ridge_simulation|sdv_only|{""alpha"":1,""n_bootstrap"":25}",2,2025020471,2025-12-09,actual_total,5.0,6.893251073608322,1.9.1,20260912,6.893251073608322,0.0
total,"total|bootstrap_ridge_simulation|sdv_only|{""alpha"":1,""n_bootstrap"":25}",2,2025020472,2025-12-09,actual_total,7.0,5.971155538898212,1.9.1,20260912,5.971155538898212,0.0
total,"total|bootstrap_ridge_simulation|sdv_only|{""alpha"":1,""n_bootstrap"":25}",2,2025020473,2025-12-09,actual_total,7.0,5.994094130269706,1.9.1,20260912,5.994094130269706,0.0
total,"total|bootstrap_ridge_simulation|sdv_only|{""alpha"":1,""n_bootstrap"":25}",2,2025020474,2025-12-09,actual_total,7.0,6.593052980166218,1.9.1,20260912,6.593052980166218,0.0
total,"total|bootstrap_ridge_simulation|sdv_only|{""alpha"":1,""n_bootstrap"":25}",2,2025020475,2025-12-09,actual_total,7.0,6.334954132626352,1.9.1,20260912,6.334954132626352,0.0
total,"total|bootstrap_ridge_simulation|sdv_only|{""alpha"":1,""n_bootstrap"":25}",2,2025020476,2025-12-10,actual_total,3.0,6.058114189207563,1.9.1,20260912,6.058114189207563,0.0
total,"total|bootstrap_ridge_simulation|sdv_only|{""alpha"":1,""n_bootstrap"":25}",2,2025020477,2025-12-10,actual_total,7.0,6.039062183753551,1.9.1,20260912,6.039062183753551,0.0
total,"total|bootstrap_ridge_simulation|sdv_only|{""alpha"":1,""n_bootstrap"":25}",2,2025020478,2025-12-10,actual_total,7.0,6.359633785289902,1.9.1,20260912,6.359633785289902,0.0
total,"total|bootstrap_ridge_simulation|sdv_only|{""alpha"":1,""n_bootstrap"":25}",2,2025020479,2025-12-10,actual_total,5.0,5.461430525773378,1.9.1,20260912,5.461430525773378,0.0
total,"total|bootstrap_ridge_simulation|sdv_only|{""alpha"":1,""n_bootstrap"":25}",2,2025020480,2025-12-11,actual_total,5.0,5.877188725301312,1.9.1,20260912,5.877188725301312,0.0
total,"total|bootstrap_ridge_simulation|sdv_only|{""alpha"":1,""n_bootstrap"":25}",2,2025020481,2025-12-11,actual_total,12.0,6.133868828709884,1.9.1,20260912,6.133868828709884,0.0
total,"total|bootstrap_ridge_simulation|sdv_only|{""alpha"":1,""n_bootstrap"":25}",2,2025020482,2025-12-11,actual_total,7.0,6.543566135336299,1.9.1,20260912,6.543566135336299,0.0
total,"total|bootstrap_ridge_simulation|sdv_only|{""alpha"":1,""n_bootstrap"":25}",2,2025020483,2025-12-11,actual_total,5.0,5.926708410837545,1.9.1,20260912,5.926708410837545,0.0
total,"total|bootstrap_ridge_simulation|sdv_only|{""alpha"":1,""n_bootstrap"":25}",2,2025020484,2025-12-11,actual_total,6.0,6.379015272789087,1.9.1,20260912,6.379015272789087,0.0
total,"total|bootstrap_ridge_simulation|sdv_only|{""alpha"":1,""n_bootstrap"":25}",2,2025020485,2025-12-11,actual_total,5.0,6.75584548760095,1.9.1,20260912,6.75584548760095,0.0
total,"total|bootstrap_ridge_simulation|sdv_only|{""alpha"":1,""n_bootstrap"":25}",2,2025020486,2025-12-11,actual_total,9.0,6.425344203498493,1.9.1,20260912,6.425344203498493,0.0
total,"total|bootstrap_ridge_simulation|sdv_only|{""alpha"":1,""n_bootstrap"":25}",2,2025020487,2025-12-11,actual_total,9.0,6.165181051912608,1.9.1,20260912,6.165181051912608,0.0
total,"total|bootstrap_ridge_simulation|sdv_only|{""alpha"":1,""n_bootstrap"":25}",2,2025020488,2025-12-11,actual_total,7.0,6.0871087199362695,1.9.1,20260912,6.0871087199362695,0.0
total,"total|bootstrap_ridge_simulation|sdv_only|{""alpha"":1,""n_bootstrap"":25}",2,2025020489,2025-12-11,actual_total,9.0,5.958883252250322,1.9.1,20260912,5.958883252250322,0.0
total,"total|bootstrap_ridge_simulation|sdv_only|{""alpha"":1,""n_bootstrap"":25}",2,2025020490,2025-12-11,actual_total,8.0,6.2857442304027815,1.9.1,20260912,6.2857442304027815,0.0
total,"total|bootstrap_ridge_simulation|sdv_only|{""alpha"":1,""n_bootstrap"":25}",2,2025020491,2025-12-11,actual_total,5.0,6.7080638668026165,1.9.1,20260912,6.7080638668026165,0.0
total,"total|bootstrap_ridge_simulation|sdv_only|{""alpha"":1,""n_bootstrap"":25}",2,2025020492,2025-12-11,actual_total,5.0,6.381804993281417,1.9.1,20260912,6.381804993281417,0.0
total,"total|bootstrap_ridge_simulation|sdv_only|{""alpha"":1,""n_bootstrap"":25}",2,2025020493,2025-12-12,actual_total,5.0,6.362294799265284,1.9.1,20260912,6.362294799265284,0.0
total,"total|bootstrap_ridge_simulation|sdv_only|{""alpha"":1,""n_bootstrap"":25}",2,2025020494,2025-12-12,actual_total,8.0,6.169613848491694,1.9.1,20260912,6.169613848491694,0.0
total,"total|bootstrap_ridge_simulation|sdv_only|{""alpha"":1,""n_bootstrap"":25}",2,2025020495,2025-12-13,actual_total,5.0,6.535927140681999,1.9.1,20260912,6.535927140681999,0.0
total,"total|bootstrap_ridge_simulation|sdv_only|{""alpha"":1,""n_bootstrap"":25}",2,2025020496,2025-12-13,actual_total,5.0,6.039804699099121,1.9.1,20260912,6.039804699099121,0.0
total,"total|bootstrap_ridge_simulation|sdv_only|{""alpha"":1,""n_bootstrap"":25}",2,2025020497,2025-12-13,actual_total,11.0,6.145190809745616,1.9.1,20260912,6.145190809745616,0.0
total,"total|bootstrap_ridge_simulation|sdv_only|{""alpha"":1,""n_bootstrap"":25}",2,2025020498,2025-12-13,actual_total,5.0,6.130696120414128,1.9.1,20260912,6.130696120414128,0.0
total,"total|bootstrap_ridge_simulation|sdv_only|{""alpha"":1,""n_bootstrap"":25}",2,2025020499,2025-12-13,actual_total,9.0,6.490039837857117,1.9.1,20260912,6.490039837857117,0.0
total,"total|bootstrap_ridge_simulation|sdv_only|{""alpha"":1,""n_bootstrap"":25}",2,2025020500,2025-12-13,actual_total,9.0,5.8080029769784165,1.9.1,20260912,5.8080029769784165,0.0
total,"total|bootstrap_ridge_simulation|sdv_only|{""alpha"":1,""n_bootstrap"":25}",2,2025020501,2025-12-13,actual_total,7.0,6.354875040258352,1.9.1,20260912,6.354875040258352,0.0
total,"total|bootstrap_ridge_simulation|sdv_only|{""alpha"":1,""n_bootstrap"":25}",2,2025020502,2025-12-13,actual_total,5.0,6.492148474969039,1.9.1,20260912,6.492148474969039,0.0
total,"total|bootstrap_ridge_simulation|sdv_only|{""alpha"":1,""n_bootstrap"":25}",2,2025020503,2025-12-13,actual_total,6.0,6.408362875964036,1.9.1,20260912,6.408362875964036,0.0
total,"total|bootstrap_ridge_simulation|sdv_only|{""alpha"":1,""n_bootstrap"":25}",2,2025020504,2025-12-13,actual_total,4.0,6.561848481079426,1.9.1,20260912,6.561848481079426,0.0
total,"total|bootstrap_ridge_simulation|sdv_only|{""alpha"":1,""n_bootstrap"":25}",2,2025020505,2025-12-13,actual_total,4.0,5.949493561467393,1.9.1,20260912,5.949493561467393,0.0
total,"total|bootstrap_ridge_simulation|sdv_only|{""alpha"":1,""n_bootstrap"":25}",2,2025020506,2025-12-13,actual_total,6.0,6.3797793392940685,1.9.1,20260912,6.3797793392940685,0.0
total,"total|bootstrap_ridge_simulation|sdv_only|{""alpha"":1,""n_bootstrap"":25}",2,2025020507,2025-12-13,actual_total,3.0,5.456091911074832,1.9.1,20260912,5.456091911074832,0.0
total,"total|bootstrap_ridge_simulation|sdv_only|{""alpha"":1,""n_bootstrap"":25}",2,2025020508,2025-12-14,actual_total,3.0,6.362818834017989,1.9.1,20260912,6.362818834017989,0.0
total,"total|bootstrap_ridge_simulation|sdv_only|{""alpha"":1,""n_bootstrap"":25}",2,2025020509,2025-12-14,actual_total,9.0,6.863027170316831,1.9.1,20260912,6.863027170316831,0.0
total,"total|bootstrap_ridge_simulation|sdv_only|{""alpha"":1,""n_bootstrap"":25}",2,2025020510,2025-12-14,actual_total,5.0,6.36612897698624,1.9.1,20260912,6.36612897698624,0.0
total,"total|bootstrap_ridge_simulation|sdv_only|{""alpha"":1,""n_bootstrap"":25}",2,2025020511,2025-12-14,actual_total,8.0,6.075511440962349,1.9.1,20260912,6.075511440962349,0.0
total,"total|bootstrap_ridge_simulation|sdv_only|{""alpha"":1,""n_bootstrap"":25}",2,2025020512,2025-12-14,actual_total,5.0,6.434739112443709,1.9.1,20260912,6.434739112443709,0.0
total,"total|bootstrap_ridge_simulation|sdv_only|{""alpha"":1,""n_bootstrap"":25}",2,2025020513,2025-12-14,actual_total,4.0,5.870749608110258,1.9.1,20260912,5.870749608110258,0.0
total,"total|bootstrap_ridge_simulation|sdv_only|{""alpha"":1,""n_bootstrap"":25}",3,2025020514,2025-12-15,actual_total,7.0,6.025968066414572,1.9.1,20260912,6.025968066414572,0.0
total,"total|bootstrap_ridge_simulation|sdv_only|{""alpha"":1,""n_bootstrap"":25}",3,2025020515,2025-12-15,actual_total,5.0,6.226346422337242,1.9.1,20260912,6.226346422337242,0.0
total,"total|bootstrap_ridge_simulation|sdv_only|{""alpha"":1,""n_bootstrap"":25}",3,2025020516,2025-12-15,actual_total,5.0,5.90817764736365,1.9.1,20260912,5.90817764736365,0.0
total,"total|bootstrap_ridge_simulation|sdv_only|{""alpha"":1,""n_bootstrap"":25}",3,2025020517,2025-12-15,actual_total,7.0,6.15394036517004,1.9.1,20260912,6.15394036517004,0.0
total,"total|bootstrap_ridge_simulation|sdv_only|{""alpha"":1,""n_bootstrap"":25}",3,2025020518,2025-12-15,actual_total,5.0,5.626791751577802,1.9.1,20260912,5.626791751577802,0.0
total,"total|bootstrap_ridge_simulation|sdv_only|{""alpha"":1,""n_bootstrap"":25}",3,2025020519,2025-12-16,actual_total,5.0,6.251300267211098,1.9.1,20260912,6.251300267211098,0.0
total,"total|bootstrap_ridge_simulation|sdv_only|{""alpha"":1,""n_bootstrap"":25}",3,2025020520,2025-12-16,actual_total,5.0,6.281777863462993,1.9.1,20260912,6.281777863462993,0.0
total,"total|bootstrap_ridge_simulation|sdv_only|{""alpha"":1,""n_bootstrap"":25}",3,2025020521,2025-12-16,actual_total,5.0,5.886101587613095,1.9.1,20260912,5.886101587613095,0.0
total,"total|bootstrap_ridge_simulation|sdv_only|{""alpha"":1,""n_bootstrap"":25}",3,2025020522,2025-12-16,actual_total,5.0,6.316440137333408,1.9.1,20260912,6.316440137333408,0.0
total,"total|bootstrap_ridge_simulation|sdv_only|{""alpha"":1,""n_bootstrap"":25}",3,2025020523,2025-12-16,actual_total,3.0,6.026773499883436,1.9.1,20260912,6.0267734998834355,8.881784197001252e-16
total,"total|bootstrap_ridge_simulation|sdv_only|{""alpha"":1,""n_bootstrap"":25}",3,2025020524,2025-12-16,actual_total,10.0,6.641375543561508,1.9.1,20260912,6.641375543561508,0.0
total,"total|bootstrap_ridge_simulation|sdv_only|{""alpha"":1,""n_bootstrap"":25}",3,2025020525,2025-12-16,actual_total,7.0,6.711134592373711,1.9.1,20260912,6.711134592373711,0.0
total,"total|bootstrap_ridge_simulation|sdv_only|{""alpha"":1,""n_bootstrap"":25}",3,2025020526,2025-12-16,actual_total,5.0,6.42616031789143,1.9.1,20260912,6.42616031789143,0.0
total,"total|bootstrap_ridge_simulation|sdv_only|{""alpha"":1,""n_bootstrap"":25}",3,2025020527,2025-12-16,actual_total,9.0,5.7025903315747,1.9.1,20260912,5.7025903315747,0.0
total,"total|bootstrap_ridge_simulation|sdv_only|{""alpha"":1,""n_bootstrap"":25}",3,2025020528,2025-12-16,actual_total,8.0,6.1271367950633895,1.9.1,20260912,6.1271367950633895,0.0
total,"total|bootstrap_ridge_simulation|sdv_only|{""alpha"":1,""n_bootstrap"":25}",3,2025020529,2025-12-17,actual_total,5.0,5.710998451388085,1.9.1,20260912,5.710998451388085,0.0
total,"total|bootstrap_ridge_simulation|sdv_only|{""alpha"":1,""n_bootstrap"":25}",3,2025020530,2025-12-17,actual_total,5.0,6.537021898015999,1.9.1,20260912,6.537021898015999,0.0
total,"total|bootstrap_ridge_simulation|sdv_only|{""alpha"":1,""n_bootstrap"":25}",3,2025020531,2025-12-17,actual_total,1.0,6.083732696337759,1.9.1,20260912,6.0837326963377585,8.881784197001252e-16
total,"total|bootstrap_ridge_simulation|sdv_only|{""alpha"":1,""n_bootstrap"":25}",3,2025020532,2025-12-17,actual_total,5.0,6.428388348531066,1.9.1,20260912,6.428388348531066,0.0
total,"total|bootstrap_ridge_simulation|sdv_only|{""alpha"":1,""n_bootstrap"":25}",3,2025020533,2025-12-17,actual_total,3.0,6.028148131474946,1.9.1,20260912,6.028148131474946,0.0
total,"total|bootstrap_ridge_simulation|sdv_only|{""alpha"":1,""n_bootstrap"":25}",3,2025020534,2025-12-18,actual_total,4.0,6.211614309829706,1.9.1,20260912,6.211614309829706,0.0
total,"total|bootstrap_ridge_simulation|sdv_only|{""alpha"":1,""n_bootstrap"":25}",3,2025020535,2025-12-18,actual_total,8.0,5.9965827930192575,1.9.1,20260912,5.9965827930192575,0.0
total,"total|bootstrap_ridge_simulation|sdv_only|{""alpha"":1,""n_bootstrap"":25}",3,2025020536,2025-12-18,actual_total,5.0,6.130882229562743,1.9.1,20260912,6.130882229562743,0.0
total,"total|bootstrap_ridge_simulation|sdv_only|{""alpha"":1,""n_bootstrap"":25}",3,2025020537,2025-12-18,actual_total,4.0,6.2186112808517295,1.9.1,20260912,6.2186112808517295,0.0
total,"total|bootstrap_ridge_simulation|sdv_only|{""alpha"":1,""n_bootstrap"":25}",3,2025020538,2025-12-18,actual_total,3.0,5.757653920314148,1.9.1,20260912,5.757653920314148,0.0
total,"total|bootstrap_ridge_simulation|sdv_only|{""alpha"":1,""n_bootstrap"":25}",3,2025020539,2025-12-18,actual_total,4.0,6.350575848445379,1.9.1,20260912,6.350575848445379,0.0
total,"total|bootstrap_ridge_simulation|sdv_only|{""alpha"":1,""n_bootstrap"":25}",3,2025020540,2025-12-18,actual_total,7.0,6.488876082731955,1.9.1,20260912,6.488876082731955,0.0
total,"total|bootstrap_ridge_simulation|sdv_only|{""alpha"":1,""n_bootstrap"":25}",3,2025020541,2025-12-18,actual_total,3.0,5.885902885405654,1.9.1,20260912,5.885902885405654,0.0
total,"total|bootstrap_ridge_simulation|sdv_only|{""alpha"":1,""n_bootstrap"":25}",3,2025020542,2025-12-18,actual_total,6.0,5.77012404907247,1.9.1,20260912,5.77012404907247,0.0
total,"total|bootstrap_ridge_simulation|sdv_only|{""alpha"":1,""n_bootstrap"":25}",3,2025020543,2025-12-18,actual_total,8.0,5.819183252480531,1.9.1,20260912,5.819183252480531,0.0
total,"total|bootstrap_ridge_simulation|sdv_only|{""alpha"":1,""n_bootstrap"":25}",3,2025020544,2025-12-19,actual_total,7.0,6.327227430398767,1.9.1,20260912,6.327227430398767,0.0
total,"total|bootstrap_ridge_simulation|sdv_only|{""alpha"":1,""n_bootstrap"":25}",3,2025020545,2025-12-19,actual_total,5.0,6.261659639865397,1.9.1,20260912,6.261659639865397,0.0
total,"total|bootstrap_ridge_simulation|sdv_only|{""alpha"":1,""n_bootstrap"":25}",3,2025020546,2025-12-19,actual_total,5.0,6.371023183717044,1.9.1,20260912,6.371023183717044,0.0
total,"total|bootstrap_ridge_simulation|sdv_only|{""alpha"":1,""n_bootstrap"":25}",3,2025020547,2025-12-19,actual_total,3.0,6.365750806682872,1.9.1,20260912,6.365750806682872,0.0
total,"total|bootstrap_ridge_simulation|sdv_only|{""alpha"":1,""n_bootstrap"":25}",3,2025020548,2025-12-19,actual_total,11.0,6.269538269771442,1.9.1,20260912,6.269538269771442,0.0
total,"total|bootstrap_ridge_simulation|sdv_only|{""alpha"":1,""n_bootstrap"":25}",3,2025020549,2025-12-20,actual_total,9.0,5.733301774758802,1.9.1,20260912,5.733301774758802,0.0
total,"total|bootstrap_ridge_simulation|sdv_only|{""alpha"":1,""n_bootstrap"":25}",3,2025020550,2025-12-20,actual_total,7.0,6.510863000011253,1.9.1,20260912,6.510863000011253,0.0
total,"total|bootstrap_ridge_simulation|sdv_only|{""alpha"":1,""n_bootstrap"":25}",3,2025020551,2025-12-20,actual_total,10.0,6.083284000437564,1.9.1,20260912,6.083284000437564,0.0
total,"total|bootstrap_ridge_simulation|sdv_only|{""alpha"":1,""n_bootstrap"":25}",3,2025020552,2025-12-20,actual_total,7.0,6.464570897412002,1.9.1,20260912,6.464570897412002,0.0
total,"total|bootstrap_ridge_simulation|sdv_only|{""alpha"":1,""n_bootstrap"":25}",3,2025020553,2025-12-20,actual_total,5.0,6.177552835744029,1.9.1,20260912,6.177552835744029,0.0
total,"total|bootstrap_ridge_simulation|sdv_only|{""alpha"":1,""n_bootstrap"":25}",3,2025020554,2025-12-20,actual_total,8.0,6.052173112035447,1.9.1,20260912,6.0521731120354465,8.881784197001252e-16
total,"total|bootstrap_ridge_simulation|sdv_only|{""alpha"":1,""n_bootstrap"":25}",3,2025020555,2025-12-20,actual_total,9.0,6.020983487464817,1.9.1,20260912,6.020983487464817,0.0
total,"total|bootstrap_ridge_simulation|sdv_only|{""alpha"":1,""n_bootstrap"":25}",3,2025020556,2025-12-20,actual_total,4.0,6.270118638385466,1.9.1,20260912,6.270118638385466,0.0
total,"total|bootstrap_ridge_simulation|sdv_only|{""alpha"":1,""n_bootstrap"":25}",3,2025020557,2025-12-20,actual_total,10.0,6.352852526811608,1.9.1,20260912,6.352852526811608,0.0
total,"total|bootstrap_ridge_simulation|sdv_only|{""alpha"":1,""n_bootstrap"":25}",3,2025020558,2025-12-20,actual_total,8.0,6.116295735215759,1.9.1,20260912,6.1162957352157585,8.881784197001252e-16
total,"total|bootstrap_ridge_simulation|sdv_only|{""alpha"":1,""n_bootstrap"":25}",3,2025020559,2025-12-20,actual_total,9.0,5.8923623295542775,1.9.1,20260912,5.8923623295542775,0.0
total,"total|bootstrap_ridge_simulation|sdv_only|{""alpha"":1,""n_bootstrap"":25}",3,2025020560,2025-12-20,actual_total,7.0,6.700136674559251,1.9.1,20260912,6.700136674559251,0.0
total,"total|bootstrap_ridge_simulation|sdv_only|{""alpha"":1,""n_bootstrap"":25}",3,2025020561,2025-12-20,actual_total,6.0,5.808100815137761,1.9.1,20260912,5.808100815137761,0.0
total,"total|bootstrap_ridge_simulation|sdv_only|{""alpha"":1,""n_bootstrap"":25}",3,2025020562,2025-12-21,actual_total,5.0,6.516949768550066,1.9.1,20260912,6.516949768550066,0.0
total,"total|bootstrap_ridge_simulation|sdv_only|{""alpha"":1,""n_bootstrap"":25}",3,2025020563,2025-12-21,actual_total,6.0,6.507903175250025,1.9.1,20260912,6.507903175250025,0.0
total,"total|bootstrap_ridge_simulation|sdv_only|{""alpha"":1,""n_bootstrap"":25}",3,2025020564,2025-12-21,actual_total,8.0,5.769383031505038,1.9.1,20260912,5.769383031505038,0.0
total,"total|bootstrap_ridge_simulation|sdv_only|{""alpha"":1,""n_bootstrap"":25}",3,2025020565,2025-12-21,actual_total,4.0,6.145858620529041,1.9.1,20260912,6.145858620529041,0.0
total,"total|bootstrap_ridge_simulation|sdv_only|{""alpha"":1,""n_bootstrap"":25}",3,2025020566,2025-12-21,actual_total,7.0,6.258438496553356,1.9.1,20260912,6.258438496553356,0.0
total,"total|bootstrap_ridge_simulation|sdv_only|{""alpha"":1,""n_bootstrap"":25}",3,2025020567,2025-12-21,actual_total,3.0,5.8638905615456425,1.9.1,20260912,5.8638905615456425,0.0
total,"total|bootstrap_ridge_simulation|sdv_only|{""alpha"":1,""n_bootstrap"":25}",3,2025020568,2025-12-21,actual_total,6.0,6.0168113778325285,1.9.1,20260912,6.0168113778325285,0.0
total,"total|bootstrap_ridge_simulation|sdv_only|{""alpha"":1,""n_bootstrap"":25}",3,2025020569,2025-12-21,actual_total,7.0,6.227575426539111,1.9.1,20260912,6.227575426539111,0.0
total,"total|bootstrap_ridge_simulation|sdv_only|{""alpha"":1,""n_bootstrap"":25}",3,2025020570,2025-12-21,actual_total,7.0,6.381164282456484,1.9.1,20260912,6.381164282456484,0.0
total,"total|bootstrap_ridge_simulation|sdv_only|{""alpha"":1,""n_bootstrap"":25}",3,2025020571,2025-12-22,actual_total,5.0,6.056645312049817,1.9.1,20260912,6.056645312049817,0.0
total,"total|bootstrap_ridge_simulation|sdv_only|{""alpha"":1,""n_bootstrap"":25}",3,2025020572,2025-12-22,actual_total,7.0,6.039754053135183,1.9.1,20260912,6.039754053135183,0.0
total,"total|bootstrap_ridge_simulation|sdv_only|{""alpha"":1,""n_bootstrap"":25}",3,2025020573,2025-12-22,actual_total,4.0,6.239980983298392,1.9.1,20260912,6.239980983298392,0.0
total,"total|bootstrap_ridge_simulation|sdv_only|{""alpha"":1,""n_bootstrap"":25}",3,2025020574,2025-12-22,actual_total,4.0,6.1285453904216896,1.9.1,20260912,6.1285453904216896,0.0
total,"total|bootstrap_ridge_simulation|sdv_only|{""alpha"":1,""n_bootstrap"":25}",3,2025020575,2025-12-23,actual_total,9.0,6.359509110165251,1.9.1,20260912,6.359509110165251,0.0
total,"total|bootstrap_ridge_simulation|sdv_only|{""alpha"":1,""n_bootstrap"":25}",3,2025020576,2025-12-23,actual_total,10.0,6.125109736170897,1.9.1,20260912,6.125109736170897,0.0
total,"total|bootstrap_ridge_simulation|sdv_only|{""alpha"":1,""n_bootstrap"":25}",3,2025020577,2025-12-23,actual_total,8.0,5.827906384743387,1.9.1,20260912,5.827906384743387,0.0
total,"total|bootstrap_ridge_simulation|sdv_only|{""alpha"":1,""n_bootstrap"":25}",3,2025020578,2025-12-23,actual_total,5.0,6.01180404181814,1.9.1,20260912,6.01180404181814,0.0
total,"total|bootstrap_ridge_simulation|sdv_only|{""alpha"":1,""n_bootstrap"":25}",3,2025020579,2025-12-23,actual_total,7.0,6.177662140702179,1.9.1,20260912,6.177662140702179,0.0
total,"total|bootstrap_ridge_simulation|sdv_only|{""alpha"":1,""n_bootstrap"":25}",3,2025020580,2025-12-23,actual_total,3.0,6.091336113285025,1.9.1,20260912,6.091336113285025,0.0
total,"total|bootstrap_ridge_simulation|sdv_only|{""alpha"":1,""n_bootstrap"":25}",3,2025020581,2025-12-23,actual_total,7.0,6.284305894511758,1.9.1,20260912,6.284305894511758,0.0
total,"total|bootstrap_ridge_simulation|sdv_only|{""alpha"":1,""n_bootstrap"":25}",3,2025020582,2025-12-23,actual_total,5.0,6.217547112397166,1.9.1,20260912,6.217547112397166,0.0
total,"total|bootstrap_ridge_simulation|sdv_only|{""alpha"":1,""n_bootstrap"":25}",3,2025020583,2025-12-23,actual_total,4.0,6.120300109951613,1.9.1,20260912,6.120300109951613,0.0
total,"total|bootstrap_ridge_simulation|sdv_only|{""alpha"":1,""n_bootstrap"":25}",3,2025020584,2025-12-23,actual_total,1.0,6.556624032960263,1.9.1,20260912,6.556624032960263,0.0
total,"total|bootstrap_ridge_simulation|sdv_only|{""alpha"":1,""n_bootstrap"":25}",3,2025020585,2025-12-23,actual_total,6.0,6.23250347068942,1.9.1,20260912,6.23250347068942,0.0
total,"total|bootstrap_ridge_simulation|sdv_only|{""alpha"":1,""n_bootstrap"":25}",3,2025020587,2025-12-23,actual_total,5.0,5.617383505848994,1.9.1,20260912,5.617383505848994,0.0
total,"total|bootstrap_ridge_simulation|sdv_only|{""alpha"":1,""n_bootstrap"":25}",3,2025020588,2025-12-27,actual_total,2.0,5.946087309716778,1.9.1,20260912,5.946087309716778,0.0
total,"total|bootstrap_ridge_simulation|sdv_only|{""alpha"":1,""n_bootstrap"":25}",3,2025020589,2025-12-27,actual_total,5.0,5.917332114190321,1.9.1,20260912,5.917332114190321,0.0
total,"total|bootstrap_ridge_simulation|sdv_only|{""alpha"":1,""n_bootstrap"":25}",3,2025020590,2025-12-27,actual_total,12.0,6.000711503637961,1.9.1,20260912,6.000711503637961,0.0
total,"total|bootstrap_ridge_simulation|sdv_only|{""alpha"":1,""n_bootstrap"":25}",3,2025020591,2025-12-27,actual_total,6.0,5.907512696381764,1.9.1,20260912,5.9075126963817635,8.881784197001252e-16
total,"total|bootstrap_ridge_simulation|sdv_only|{""alpha"":1,""n_bootstrap"":25}",3,2025020592,2025-12-27,actual_total,7.0,6.422216998904848,1.9.1,20260912,6.422216998904848,0.0
total,"total|bootstrap_ridge_simulation|sdv_only|{""alpha"":1,""n_bootstrap"":25}",3,2025020593,2025-12-27,actual_total,7.0,6.584253026765557,1.9.1,20260912,6.584253026765557,0.0
total,"total|bootstrap_ridge_simulation|sdv_only|{""alpha"":1,""n_bootstrap"":25}",3,2025020594,2025-12-27,actual_total,7.0,6.1250155543249925,1.9.1,20260912,6.1250155543249925,0.0
total,"total|bootstrap_ridge_simulation|sdv_only|{""alpha"":1,""n_bootstrap"":25}",3,2025020595,2025-12-27,actual_total,5.0,6.0843152763724495,1.9.1,20260912,6.0843152763724495,0.0
total,"total|bootstrap_ridge_simulation|sdv_only|{""alpha"":1,""n_bootstrap"":25}",3,2025020596,2025-12-27,actual_total,7.0,6.049315451217463,1.9.1,20260912,6.049315451217463,0.0
total,"total|bootstrap_ridge_simulation|sdv_only|{""alpha"":1,""n_bootstrap"":25}",3,2025020597,2025-12-27,actual_total,7.0,6.098507648582605,1.9.1,20260912,6.098507648582605,0.0
total,"total|bootstrap_ridge_simulation|sdv_only|{""alpha"":1,""n_bootstrap"":25}",3,2025020598,2025-12-27,actual_total,5.0,6.217115572369331,1.9.1,20260912,6.217115572369331,0.0
total,"total|bootstrap_ridge_simulation|sdv_only|{""alpha"":1,""n_bootstrap"":25}",3,2025020599,2025-12-27,actual_total,9.0,6.139762613607058,1.9.1,20260912,6.139762613607058,0.0
total,"total|bootstrap_ridge_simulation|sdv_only|{""alpha"":1,""n_bootstrap"":25}",3,2025020600,2025-12-27,actual_total,11.0,6.370908461583928,1.9.1,20260912,6.370908461583928,0.0
total,"total|bootstrap_ridge_simulation|sdv_only|{""alpha"":1,""n_bootstrap"":25}",3,2025020601,2025-12-28,actual_total,5.0,6.343504243773687,1.9.1,20260912,6.343504243773687,0.0
total,"total|bootstrap_ridge_simulation|sdv_only|{""alpha"":1,""n_bootstrap"":25}",3,2025020602,2025-12-28,actual_total,9.0,5.872737218003951,1.9.1,20260912,5.872737218003951,0.0
total,"total|bootstrap_ridge_simulation|sdv_only|{""alpha"":1,""n_bootstrap"":25}",3,2025020603,2025-12-28,actual_total,6.0,6.504865042019162,1.9.1,20260912,6.504865042019162,0.0
total,"total|bootstrap_ridge_simulation|sdv_only|{""alpha"":1,""n_bootstrap"":25}",3,2025020604,2025-12-28,actual_total,10.0,6.405535448275019,1.9.1,20260912,6.405535448275019,0.0
total,"total|bootstrap_ridge_simulation|sdv_only|{""alpha"":1,""n_bootstrap"":25}",3,2025020605,2025-12-28,actual_total,5.0,5.830106869105935,1.9.1,20260912,5.830106869105935,0.0
total,"total|bootstrap_ridge_simulation|sdv_only|{""alpha"":1,""n_bootstrap"":25}",3,2025020606,2025-12-29,actual_total,5.0,6.2918203168106,1.9.1,20260912,6.2918203168105995,8.881784197001252e-16
total,"total|bootstrap_ridge_simulation|sdv_only|{""alpha"":1,""n_bootstrap"":25}",3,2025020607,2025-12-29,actual_total,8.0,6.247658964436402,1.9.1,20260912,6.247658964436402,0.0
total,"total|bootstrap_ridge_simulation|sdv_only|{""alpha"":1,""n_bootstrap"":25}",3,2025020608,2025-12-29,actual_total,5.0,6.154984840130675,1.9.1,20260912,6.154984840130675,0.0
total,"total|bootstrap_ridge_simulation|sdv_only|{""alpha"":1,""n_bootstrap"":25}",3,2025020609,2025-12-29,actual_total,4.0,6.300662079770955,1.9.1,20260912,6.300662079770955,0.0
total,"total|bootstrap_ridge_simulation|sdv_only|{""alpha"":1,""n_bootstrap"":25}",3,2025020610,2025-12-29,actual_total,6.0,6.137221968833861,1.9.1,20260912,6.137221968833861,0.0
total,"total|bootstrap_ridge_simulation|sdv_only|{""alpha"":1,""n_bootstrap"":25}",3,2025020611,2025-12-29,actual_total,7.0,6.046948793020514,1.9.1,20260912,6.046948793020514,0.0
total,"total|bootstrap_ridge_simulation|sdv_only|{""alpha"":1,""n_bootstrap"":25}",3,2025020612,2025-12-29,actual_total,7.0,6.250676719139984,1.9.1,20260912,6.2506767191399835,8.881784197001252e-16
total,"total|bootstrap_ridge_simulation|sdv_only|{""alpha"":1,""n_bootstrap"":25}",3,2025020613,2025-12-29,actual_total,3.0,5.717245962527495,1.9.1,20260912,5.717245962527495,0.0
total,"total|bootstrap_ridge_simulation|sdv_only|{""alpha"":1,""n_bootstrap"":25}",3,2025020614,2025-12-29,actual_total,7.0,6.19217851947376,1.9.1,20260912,6.19217851947376,0.0
total,"total|bootstrap_ridge_simulation|sdv_only|{""alpha"":1,""n_bootstrap"":25}",3,2025020615,2025-12-29,actual_total,9.0,6.305473317503324,1.9.1,20260912,6.305473317503324,0.0
total,"total|bootstrap_ridge_simulation|sdv_only|{""alpha"":1,""n_bootstrap"":25}",3,2025020616,2025-12-29,actual_total,5.0,6.075794211630156,1.9.1,20260912,6.075794211630156,0.0
total,"total|bootstrap_ridge_simulation|sdv_only|{""alpha"":1,""n_bootstrap"":25}",3,2025020617,2025-12-30,actual_total,4.0,6.212632836690217,1.9.1,20260912,6.212632836690217,0.0
total,"total|bootstrap_ridge_simulation|sdv_only|{""alpha"":1,""n_bootstrap"":25}",3,2025020618,2025-12-30,actual_total,5.0,5.886787536350848,1.9.1,20260912,5.886787536350848,0.0
total,"total|bootstrap_ridge_simulation|sdv_only|{""alpha"":1,""n_bootstrap"":25}",3,2025020619,2025-12-30,actual_total,6.0,6.673002195784477,1.9.1,20260912,6.673002195784477,0.0
total,"total|bootstrap_ridge_simulation|sdv_only|{""alpha"":1,""n_bootstrap"":25}",3,2025020620,2025-12-30,actual_total,5.0,6.318723659435854,1.9.1,20260912,6.318723659435854,0.0
total,"total|bootstrap_ridge_simulation|sdv_only|{""alpha"":1,""n_bootstrap"":25}",3,2025020621,2025-12-30,actual_total,9.0,6.083363580756593,1.9.1,20260912,6.083363580756593,0.0
total,"total|bootstrap_ridge_simulation|sdv_only|{""alpha"":1,""n_bootstrap"":25}",3,2025020622,2025-12-31,actual_total,9.0,6.121046420126334,1.9.1,20260912,6.121046420126334,0.0
total,"total|bootstrap_ridge_simulation|sdv_only|{""alpha"":1,""n_bootstrap"":25}",3,2025020623,2025-12-31,actual_total,6.0,6.112166149115904,1.9.1,20260912,6.112166149115904,0.0
total,"total|bootstrap_ridge_simulation|sdv_only|{""alpha"":1,""n_bootstrap"":25}",3,2025020624,2025-12-31,actual_total,7.0,6.3797127703862575,1.9.1,20260912,6.3797127703862575,0.0
total,"total|bootstrap_ridge_simulation|sdv_only|{""alpha"":1,""n_bootstrap"":25}",3,2025020625,2025-12-31,actual_total,7.0,6.094596837177562,1.9.1,20260912,6.094596837177562,0.0
total,"total|bootstrap_ridge_simulation|sdv_only|{""alpha"":1,""n_bootstrap"":25}",3,2025020626,2025-12-31,actual_total,3.0,6.236266367004329,1.9.1,20260912,6.236266367004329,0.0
total,"total|bootstrap_ridge_simulation|sdv_only|{""alpha"":1,""n_bootstrap"":25}",3,2025020627,2025-12-31,actual_total,5.0,6.461613965308321,1.9.1,20260912,6.461613965308321,0.0
total,"total|bootstrap_ridge_simulation|sdv_only|{""alpha"":1,""n_bootstrap"":25}",3,2025020628,2025-12-31,actual_total,5.0,5.996535643366421,1.9.1,20260912,5.996535643366421,0.0
total,"total|bootstrap_ridge_simulation|sdv_only|{""alpha"":1,""n_bootstrap"":25}",3,2025020629,2025-12-31,actual_total,7.0,6.399157707418738,1.9.1,20260912,6.399157707418738,0.0
total,"total|bootstrap_ridge_simulation|sdv_only|{""alpha"":1,""n_bootstrap"":25}",3,2025020630,2025-12-31,actual_total,6.0,5.796269468038791,1.9.1,20260912,5.7962694680387905,8.881784197001252e-16
total,"total|bootstrap_ridge_simulation|sdv_only|{""alpha"":1,""n_bootstrap"":25}",3,2025020631,2025-12-31,actual_total,8.0,6.15309138905811,1.9.1,20260912,6.15309138905811,0.0
total,"total|bootstrap_ridge_simulation|sdv_only|{""alpha"":1,""n_bootstrap"":25}",3,2025020632,2026-01-01,actual_total,7.0,6.243291800010063,1.9.1,20260912,6.243291800010063,0.0
total,"total|bootstrap_ridge_simulation|sdv_only|{""alpha"":1,""n_bootstrap"":25}",3,2025020633,2026-01-01,actual_total,9.0,6.30542107074278,1.9.1,20260912,6.30542107074278,0.0
total,"total|bootstrap_ridge_simulation|sdv_only|{""alpha"":1,""n_bootstrap"":25}",3,2025020634,2026-01-01,actual_total,11.0,6.035282201701213,1.9.1,20260912,6.035282201701213,0.0
total,"total|bootstrap_ridge_simulation|sdv_only|{""alpha"":1,""n_bootstrap"":25}",3,2025020635,2026-01-01,actual_total,7.0,6.497171209175078,1.9.1,20260912,6.497171209175078,0.0
total,"total|bootstrap_ridge_simulation|sdv_only|{""alpha"":1,""n_bootstrap"":25}",3,2025020636,2026-01-01,actual_total,12.0,6.369048130528114,1.9.1,20260912,6.369048130528114,0.0
total,"total|bootstrap_ridge_simulation|sdv_only|{""alpha"":1,""n_bootstrap"":25}",3,2025020637,2026-01-01,actual_total,7.0,6.115629973923046,1.9.1,20260912,6.115629973923046,0.0
total,"total|bootstrap_ridge_simulation|sdv_only|{""alpha"":1,""n_bootstrap"":25}",3,2025020638,2026-01-01,actual_total,5.0,5.895193347735594,1.9.1,20260912,5.895193347735594,0.0
total,"total|bootstrap_ridge_simulation|sdv_only|{""alpha"":1,""n_bootstrap"":25}",3,2025020639,2026-01-01,actual_total,8.0,5.666724219448406,1.9.1,20260912,5.666724219448406,0.0
total,"total|bootstrap_ridge_simulation|sdv_only|{""alpha"":1,""n_bootstrap"":25}",3,2025020640,2026-01-02,actual_total,7.0,6.118414290968498,1.9.1,20260912,6.118414290968498,0.0
total,"total|bootstrap_ridge_simulation|sdv_only|{""alpha"":1,""n_bootstrap"":25}",3,2025020641,2026-01-02,actual_total,6.0,5.694841354590414,1.9.1,20260912,5.694841354590414,0.0
total,"total|bootstrap_ridge_simulation|sdv_only|{""alpha"":1,""n_bootstrap"":25}",3,2025020642,2026-01-02,actual_total,7.0,6.105795399248883,1.9.1,20260912,6.105795399248883,0.0
total,"total|bootstrap_ridge_simulation|sdv_only|{""alpha"":1,""n_bootstrap"":25}",3,2025020643,2026-01-02,actual_total,7.0,6.518900954864527,1.9.1,20260912,6.5189009548645265,8.881784197001252e-16
total,"total|bootstrap_ridge_simulation|sdv_only|{""alpha"":1,""n_bootstrap"":25}",3,2025020644,2026-01-03,actual_total,5.0,6.434094260829136,1.9.1,20260912,6.434094260829136,0.0
total,"total|bootstrap_ridge_simulation|sdv_only|{""alpha"":1,""n_bootstrap"":25}",3,2025020645,2026-01-03,actual_total,5.0,6.311332671752528,1.9.1,20260912,6.311332671752528,0.0
total,"total|bootstrap_ridge_simulation|sdv_only|{""alpha"":1,""n_bootstrap"":25}",3,2025020646,2026-01-03,actual_total,6.0,6.47036045620384,1.9.1,20260912,6.47036045620384,0.0
total,"total|bootstrap_ridge_simulation|sdv_only|{""alpha"":1,""n_bootstrap"":25}",3,2025020647,2026-01-03,actual_total,7.0,6.274851766988762,1.9.1,20260912,6.274851766988762,0.0
total,"total|bootstrap_ridge_simulation|sdv_only|{""alpha"":1,""n_bootstrap"":25}",3,2025020648,2026-01-03,actual_total,2.0,6.088769774675784,1.9.1,20260912,6.088769774675784,0.0
total,"total|bootstrap_ridge_simulation|sdv_only|{""alpha"":1,""n_bootstrap"":25}",3,2025020649,2026-01-03,actual_total,10.0,5.956237455899143,1.9.1,20260912,5.956237455899143,0.0
total,"total|bootstrap_ridge_simulation|sdv_only|{""alpha"":1,""n_bootstrap"":25}",3,2025020650,2026-01-03,actual_total,6.0,5.859016700679091,1.9.1,20260912,5.859016700679091,0.0
total,"total|bootstrap_ridge_simulation|sdv_only|{""alpha"":1,""n_bootstrap"":25}",3,2025020651,2026-01-03,actual_total,7.0,6.192950315629841,1.9.1,20260912,6.192950315629841,0.0
total,"total|bootstrap_ridge_simulation|sdv_only|{""alpha"":1,""n_bootstrap"":25}",3,2025020652,2026-01-03,actual_total,5.0,6.478667304381017,1.9.1,20260912,6.478667304381017,0.0
total,"total|bootstrap_ridge_simulation|sdv_only|{""alpha"":1,""n_bootstrap"":25}",3,2025020653,2026-01-03,actual_total,8.0,6.7214842148534695,1.9.1,20260912,6.7214842148534695,0.0
total,"total|bootstrap_ridge_simulation|sdv_only|{""alpha"":1,""n_bootstrap"":25}",3,2025020654,2026-01-03,actual_total,7.0,5.920232954376992,1.9.1,20260912,5.920232954376992,0.0
total,"total|bootstrap_ridge_simulation|sdv_only|{""alpha"":1,""n_bootstrap"":25}",3,2025020655,2026-01-03,actual_total,9.0,5.833758779080752,1.9.1,20260912,5.8337587790807515,8.881784197001252e-16
total,"total|bootstrap_ridge_simulation|sdv_only|{""alpha"":1,""n_bootstrap"":25}",3,2025020656,2026-01-03,actual_total,5.0,6.027275159009762,1.9.1,20260912,6.027275159009762,0.0
total,"total|bootstrap_ridge_simulation|sdv_only|{""alpha"":1,""n_bootstrap"":25}",3,2025020657,2026-01-04,actual_total,7.0,5.976301514363937,1.9.1,20260912,5.976301514363937,0.0
total,"total|bootstrap_ridge_simulation|sdv_only|{""alpha"":1,""n_bootstrap"":25}",3,2025020658,2026-01-04,actual_total,9.0,6.6266197709652,1.9.1,20260912,6.6266197709652,0.0
total,"total|bootstrap_ridge_simulation|sdv_only|{""alpha"":1,""n_bootstrap"":25}",3,2025020659,2026-01-04,actual_total,3.0,6.211522551183435,1.9.1,20260912,6.211522551183435,0.0
total,"total|bootstrap_ridge_simulation|sdv_only|{""alpha"":1,""n_bootstrap"":25}",3,2025020660,2026-01-04,actual_total,4.0,6.532638539043913,1.9.1,20260912,6.532638539043913,0.0
total,"total|bootstrap_ridge_simulation|sdv_only|{""alpha"":1,""n_bootstrap"":25}",3,2025020661,2026-01-04,actual_total,5.0,6.182367067854987,1.9.1,20260912,6.182367067854987,0.0
total,"total|bootstrap_ridge_simulation|sdv_only|{""alpha"":1,""n_bootstrap"":25}",3,2025020662,2026-01-05,actual_total,5.0,5.969489276179215,1.9.1,20260912,5.969489276179215,0.0
total,"total|bootstrap_ridge_simulation|sdv_only|{""alpha"":1,""n_bootstrap"":25}",3,2025020663,2026-01-05,actual_total,11.0,6.726178845535475,1.9.1,20260912,6.726178845535475,0.0
total,"total|bootstrap_ridge_simulation|sdv_only|{""alpha"":1,""n_bootstrap"":25}",3,2025020664,2026-01-05,actual_total,8.0,6.020763469370649,1.9.1,20260912,6.020763469370649,0.0
total,"total|bootstrap_ridge_simulation|sdv_only|{""alpha"":1,""n_bootstrap"":25}",3,2025020665,2026-01-05,actual_total,6.0,5.791449806694391,1.9.1,20260912,5.791449806694391,0.0
total,"total|bootstrap_ridge_simulation|sdv_only|{""alpha"":1,""n_bootstrap"":25}",3,2025020666,2026-01-05,actual_total,6.0,5.8533036203111575,1.9.1,20260912,5.8533036203111575,0.0
total,"total|bootstrap_ridge_simulation|sdv_only|{""alpha"":1,""n_bootstrap"":25}",3,2025020667,2026-01-06,actual_total,8.0,6.30126571712807,1.9.1,20260912,6.30126571712807,0.0
total,"total|bootstrap_ridge_simulation|sdv_only|{""alpha"":1,""n_bootstrap"":25}",3,2025020668,2026-01-06,actual_total,6.0,6.323183523241165,1.9.1,20260912,6.323183523241165,0.0
total,"total|bootstrap_ridge_simulation|sdv_only|{""alpha"":1,""n_bootstrap"":25}",3,2025020669,2026-01-06,actual_total,9.0,6.185647690484437,1.9.1,20260912,6.185647690484437,0.0
total,"total|bootstrap_ridge_simulation|sdv_only|{""alpha"":1,""n_bootstrap"":25}",3,2025020670,2026-01-06,actual_total,7.0,6.297717782547244,1.9.1,20260912,6.2977177825472435,8.881784197001252e-16
total,"total|bootstrap_ridge_simulation|sdv_only|{""alpha"":1,""n_bootstrap"":25}",3,2025020671,2026-01-06,actual_total,9.0,6.342114615072378,1.9.1,20260912,6.342114615072378,0.0
total,"total|bootstrap_ridge_simulation|sdv_only|{""alpha"":1,""n_bootstrap"":25}",3,2025020672,2026-01-06,actual_total,5.0,5.97643085978772,1.9.1,20260912,5.97643085978772,0.0
total,"total|bootstrap_ridge_simulation|sdv_only|{""alpha"":1,""n_bootstrap"":25}",3,2025020673,2026-01-06,actual_total,7.0,5.954811703771773,1.9.1,20260912,5.954811703771773,0.0
total,"total|bootstrap_ridge_simulation|sdv_only|{""alpha"":1,""n_bootstrap"":25}",3,2025020674,2026-01-06,actual_total,8.0,6.3509458913046215,1.9.1,20260912,6.3509458913046215,0.0
total,"total|bootstrap_ridge_simulation|sdv_only|{""alpha"":1,""n_bootstrap"":25}",3,2025020675,2026-01-06,actual_total,7.0,6.416249197992541,1.9.1,20260912,6.416249197992541,0.0
total,"total|bootstrap_ridge_simulation|sdv_only|{""alpha"":1,""n_bootstrap"":25}",3,2025020676,2026-01-06,actual_total,11.0,5.729285954250463,1.9.1,20260912,5.729285954250463,0.0
total,"total|bootstrap_ridge_simulation|sdv_only|{""alpha"":1,""n_bootstrap"":25}",3,2025020677,2026-01-07,actual_total,5.0,6.311603365949046,1.9.1,20260912,6.311603365949046,0.0
total,"total|bootstrap_ridge_simulation|sdv_only|{""alpha"":1,""n_bootstrap"":25}",3,2025020678,2026-01-07,actual_total,5.0,5.97199345243169,1.9.1,20260912,5.97199345243169,0.0
total,"total|bootstrap_ridge_simulation|sdv_only|{""alpha"":1,""n_bootstrap"":25}",3,2025020679,2026-01-07,actual_total,10.0,6.227567562494695,1.9.1,20260912,6.227567562494695,0.0
total,"total|bootstrap_ridge_simulation|sdv_only|{""alpha"":1,""n_bootstrap"":25}",3,2025020680,2026-01-07,actual_total,4.0,6.01731098369512,1.9.1,20260912,6.01731098369512,0.0
total,"total|bootstrap_ridge_simulation|sdv_only|{""alpha"":1,""n_bootstrap"":25}",3,2025020681,2026-01-07,actual_total,7.0,5.762195703517202,1.9.1,20260912,5.762195703517202,0.0
total,"total|bootstrap_ridge_simulation|sdv_only|{""alpha"":1,""n_bootstrap"":25}",3,2025020682,2026-01-08,actual_total,5.0,5.773001655743327,1.9.1,20260912,5.773001655743327,0.0
total,"total|bootstrap_ridge_simulation|sdv_only|{""alpha"":1,""n_bootstrap"":25}",3,2025020683,2026-01-08,actual_total,8.0,5.896634278352696,1.9.1,20260912,5.896634278352696,0.0
total,"total|bootstrap_ridge_simulation|sdv_only|{""alpha"":1,""n_bootstrap"":25}",3,2025020684,2026-01-08,actual_total,6.0,6.307536804811506,1.9.1,20260912,6.307536804811506,0.0
total,"total|bootstrap_ridge_simulation|sdv_only|{""alpha"":1,""n_bootstrap"":25}",3,2025020685,2026-01-08,actual_total,7.0,5.910252006495803,1.9.1,20260912,5.910252006495803,0.0
total,"total|bootstrap_ridge_simulation|sdv_only|{""alpha"":1,""n_bootstrap"":25}",3,2025020686,2026-01-08,actual_total,3.0,5.949725793214966,1.9.1,20260912,5.949725793214966,0.0
total,"total|bootstrap_ridge_simulation|sdv_only|{""alpha"":1,""n_bootstrap"":25}",3,2025020687,2026-01-08,actual_total,5.0,6.347117941117207,1.9.1,20260912,6.347117941117207,0.0
total,"total|bootstrap_ridge_simulation|sdv_only|{""alpha"":1,""n_bootstrap"":25}",3,2025020688,2026-01-08,actual_total,7.0,6.737047905344068,1.9.1,20260912,6.737047905344068,0.0
total,"total|bootstrap_ridge_simulation|sdv_only|{""alpha"":1,""n_bootstrap"":25}",3,2025020689,2026-01-08,actual_total,3.0,6.1598509637308645,1.9.1,20260912,6.1598509637308645,0.0
total,"total|bootstrap_ridge_simulation|sdv_only|{""alpha"":1,""n_bootstrap"":25}",3,2025020690,2026-01-08,actual_total,7.0,6.320696211479676,1.9.1,20260912,6.320696211479676,0.0
total,"total|bootstrap_ridge_simulation|sdv_only|{""alpha"":1,""n_bootstrap"":25}",3,2025020691,2026-01-08,actual_total,10.0,6.141767516371703,1.9.1,20260912,6.141767516371703,0.0
total,"total|bootstrap_ridge_simulation|sdv_only|{""alpha"":1,""n_bootstrap"":25}",3,2025020692,2026-01-08,actual_total,8.0,6.437769859214038,1.9.1,20260912,6.437769859214038,0.0
total,"total|bootstrap_ridge_simulation|sdv_only|{""alpha"":1,""n_bootstrap"":25}",3,2025020693,2026-01-08,actual_total,5.0,6.100526869906913,1.9.1,20260912,6.100526869906913,0.0
total,"total|bootstrap_ridge_simulation|sdv_only|{""alpha"":1,""n_bootstrap"":25}",3,2025020694,2026-01-09,actual_total,6.0,6.478630142403493,1.9.1,20260912,6.478630142403493,0.0
total,"total|bootstrap_ridge_simulation|sdv_only|{""alpha"":1,""n_bootstrap"":25}",3,2025020695,2026-01-09,actual_total,6.0,5.698081226893914,1.9.1,20260912,5.698081226893914,0.0
total,"total|bootstrap_ridge_simulation|sdv_only|{""alpha"":1,""n_bootstrap"":25}",3,2025020696,2026-01-09,actual_total,6.0,6.211212517408842,1.9.1,20260912,6.211212517408842,0.0
total,"total|bootstrap_ridge_simulation|sdv_only|{""alpha"":1,""n_bootstrap"":25}",3,2025020697,2026-01-10,actual_total,12.0,5.6479603181697575,1.9.1,20260912,5.6479603181697575,0.0
total,"total|bootstrap_ridge_simulation|sdv_only|{""alpha"":1,""n_bootstrap"":25}",3,2025020698,2026-01-10,actual_total,3.0,6.214296111515402,1.9.1,20260912,6.214296111515402,0.0
total,"total|bootstrap_ridge_simulation|sdv_only|{""alpha"":1,""n_bootstrap"":25}",3,2025020699,2026-01-10,actual_total,4.0,6.758952090095926,1.9.1,20260912,6.758952090095926,0.0
total,"total|bootstrap_ridge_simulation|sdv_only|{""alpha"":1,""n_bootstrap"":25}",3,2025020700,2026-01-10,actual_total,9.0,5.991509897480188,1.9.1,20260912,5.991509897480188,0.0
total,"total|bootstrap_ridge_simulation|sdv_only|{""alpha"":1,""n_bootstrap"":25}",3,2025020701,2026-01-10,actual_total,8.0,6.449032039005343,1.9.1,20260912,6.449032039005343,0.0
total,"total|bootstrap_ridge_simulation|sdv_only|{""alpha"":1,""n_bootstrap"":25}",3,2025020702,2026-01-10,actual_total,5.0,6.256464172350922,1.9.1,20260912,6.256464172350922,0.0
total,"total|bootstrap_ridge_simulation|sdv_only|{""alpha"":1,""n_bootstrap"":25}",3,2025020703,2026-01-10,actual_total,4.0,6.1813065189661245,1.9.1,20260912,6.1813065189661245,0.0
total,"total|bootstrap_ridge_simulation|sdv_only|{""alpha"":1,""n_bootstrap"":25}",3,2025020704,2026-01-10,actual_total,5.0,5.679126361745486,1.9.1,20260912,5.679126361745486,0.0
total,"total|bootstrap_ridge_simulation|sdv_only|{""alpha"":1,""n_bootstrap"":25}",3,2025020705,2026-01-10,actual_total,9.0,5.87528772997259,1.9.1,20260912,5.87528772997259,0.0
total,"total|bootstrap_ridge_simulation|sdv_only|{""alpha"":1,""n_bootstrap"":25}",3,2025020706,2026-01-10,actual_total,5.0,6.339296245977298,1.9.1,20260912,6.339296245977298,0.0
total,"total|bootstrap_ridge_simulation|sdv_only|{""alpha"":1,""n_bootstrap"":25}",3,2025020707,2026-01-10,actual_total,3.0,6.166308635653287,1.9.1,20260912,6.166308635653287,0.0
total,"total|bootstrap_ridge_simulation|sdv_only|{""alpha"":1,""n_bootstrap"":25}",3,2025020708,2026-01-10,actual_total,7.0,6.2379424684226485,1.9.1,20260912,6.2379424684226485,0.0
total,"total|bootstrap_ridge_simulation|sdv_only|{""alpha"":1,""n_bootstrap"":25}",3,2025020709,2026-01-10,actual_total,7.0,6.170369193711638,1.9.1,20260912,6.170369193711638,0.0
total,"total|bootstrap_ridge_simulation|sdv_only|{""alpha"":1,""n_bootstrap"":25}",3,2025020710,2026-01-10,actual_total,6.0,6.036906999153262,1.9.1,20260912,6.036906999153262,0.0
total,"total|bootstrap_ridge_simulation|sdv_only|{""alpha"":1,""n_bootstrap"":25}",3,2025020711,2026-01-11,actual_total,7.0,6.091353711757351,1.9.1,20260912,6.091353711757351,0.0
total,"total|bootstrap_ridge_simulation|sdv_only|{""alpha"":1,""n_bootstrap"":25}",3,2025020712,2026-01-11,actual_total,1.0,6.079755375417038,1.9.1,20260912,6.079755375417038,0.0
total,"total|bootstrap_ridge_simulation|sdv_only|{""alpha"":1,""n_bootstrap"":25}",3,2025020713,2026-01-11,actual_total,5.0,6.31553725961034,1.9.1,20260912,6.31553725961034,0.0
total,"total|bootstrap_ridge_simulation|sdv_only|{""alpha"":1,""n_bootstrap"":25}",3,2025020714,2026-01-11,actual_total,5.0,6.634159652871332,1.9.1,20260912,6.634159652871332,0.0
total,"total|bootstrap_ridge_simulation|sdv_only|{""alpha"":1,""n_bootstrap"":25}",3,2025020715,2026-01-11,actual_total,9.0,6.00431592562048,1.9.1,20260912,6.00431592562048,0.0
total,"total|bootstrap_ridge_simulation|sdv_only|{""alpha"":1,""n_bootstrap"":25}",4,2025020716,2026-01-12,actual_total,7.0,6.055569024630978,1.9.1,20260912,6.055569024630978,0.0
total,"total|bootstrap_ridge_simulation|sdv_only|{""alpha"":1,""n_bootstrap"":25}",4,2025020717,2026-01-12,actual_total,7.0,6.447275303651702,1.9.1,20260912,6.447275303651702,0.0
total,"total|bootstrap_ridge_simulation|sdv_only|{""alpha"":1,""n_bootstrap"":25}",4,2025020718,2026-01-12,actual_total,6.0,5.973558149739829,1.9.1,20260912,5.973558149739829,0.0
total,"total|bootstrap_ridge_simulation|sdv_only|{""alpha"":1,""n_bootstrap"":25}",4,2025020719,2026-01-12,actual_total,6.0,6.022424183635003,1.9.1,20260912,6.022424183635003,0.0
total,"total|bootstrap_ridge_simulation|sdv_only|{""alpha"":1,""n_bootstrap"":25}",4,2025020720,2026-01-12,actual_total,9.0,6.236986216924293,1.9.1,20260912,6.236986216924293,0.0
total,"total|bootstrap_ridge_simulation|sdv_only|{""alpha"":1,""n_bootstrap"":25}",4,2025020721,2026-01-12,actual_total,7.0,6.305439768043296,1.9.1,20260912,6.305439768043296,0.0
total,"total|bootstrap_ridge_simulation|sdv_only|{""alpha"":1,""n_bootstrap"":25}",4,2025020722,2026-01-12,actual_total,5.0,6.426942124265431,1.9.1,20260912,6.426942124265431,0.0
total,"total|bootstrap_ridge_simulation|sdv_only|{""alpha"":1,""n_bootstrap"":25}",4,2025020723,2026-01-12,actual_total,7.0,6.344500210365724,1.9.1,20260912,6.344500210365724,0.0
total,"total|bootstrap_ridge_simulation|sdv_only|{""alpha"":1,""n_bootstrap"":25}",4,2025020724,2026-01-12,actual_total,4.0,5.921969242119544,1.9.1,20260912,5.921969242119544,0.0
total,"total|bootstrap_ridge_simulation|sdv_only|{""alpha"":1,""n_bootstrap"":25}",4,2025020725,2026-01-13,actual_total,3.0,6.092028628553802,1.9.1,20260912,6.092028628553802,0.0
total,"total|bootstrap_ridge_simulation|sdv_only|{""alpha"":1,""n_bootstrap"":25}",4,2025020726,2026-01-13,actual_total,3.0,6.226738911241141,1.9.1,20260912,6.226738911241141,0.0
total,"total|bootstrap_ridge_simulation|sdv_only|{""alpha"":1,""n_bootstrap"":25}",4,2025020727,2026-01-13,actual_total,5.0,6.336254689905383,1.9.1,20260912,6.336254689905383,0.0
total,"total|bootstrap_ridge_simulation|sdv_only|{""alpha"":1,""n_bootstrap"":25}",4,2025020728,2026-01-13,actual_total,8.0,6.383798674891292,1.9.1,20260912,6.383798674891292,0.0
total,"total|bootstrap_ridge_simulation|sdv_only|{""alpha"":1,""n_bootstrap"":25}",4,2025020729,2026-01-13,actual_total,3.0,6.056336884359167,1.9.1,20260912,6.056336884359167,0.0
total,"total|bootstrap_ridge_simulation|sdv_only|{""alpha"":1,""n_bootstrap"":25}",4,2025020730,2026-01-13,actual_total,3.0,6.384929428602131,1.9.1,20260912,6.384929428602131,0.0
total,"total|bootstrap_ridge_simulation|sdv_only|{""alpha"":1,""n_bootstrap"":25}",4,2025020731,2026-01-13,actual_total,7.0,6.363525030536163,1.9.1,20260912,6.363525030536163,0.0
total,"total|bootstrap_ridge_simulation|sdv_only|{""alpha"":1,""n_bootstrap"":25}",4,2025020732,2026-01-13,actual_total,9.0,6.176970545321226,1.9.1,20260912,6.176970545321226,0.0
total,"total|bootstrap_ridge_simulation|sdv_only|{""alpha"":1,""n_bootstrap"":25}",4,2025020733,2026-01-13,actual_total,7.0,6.223696655946599,1.9.1,20260912,6.223696655946599,0.0
total,"total|bootstrap_ridge_simulation|sdv_only|{""alpha"":1,""n_bootstrap"":25}",4,2025020734,2026-01-13,actual_total,4.0,6.289857693247734,1.9.1,20260912,6.289857693247734,0.0
total,"total|bootstrap_ridge_simulation|sdv_only|{""alpha"":1,""n_bootstrap"":25}",4,2025020735,2026-01-14,actual_total,5.0,6.181709772045067,1.9.1,20260912,6.181709772045067,0.0
total,"total|bootstrap_ridge_simulation|sdv_only|{""alpha"":1,""n_bootstrap"":25}",4,2025020736,2026-01-14,actual_total,7.0,6.073053069968541,1.9.1,20260912,6.073053069968541,0.0
total,"total|bootstrap_ridge_simulation|sdv_only|{""alpha"":1,""n_bootstrap"":25}",4,2025020737,2026-01-14,actual_total,12.0,5.852198950994687,1.9.1,20260912,5.852198950994687,0.0
total,"total|bootstrap_ridge_simulation|sdv_only|{""alpha"":1,""n_bootstrap"":25}",4,2025020738,2026-01-14,actual_total,5.0,5.891672945696943,1.9.1,20260912,5.891672945696943,0.0
total,"total|bootstrap_ridge_simulation|sdv_only|{""alpha"":1,""n_bootstrap"":25}",4,2025020739,2026-01-15,actual_total,6.0,6.001453199191149,1.9.1,20260912,6.001453199191149,0.0
total,"total|bootstrap_ridge_simulation|sdv_only|{""alpha"":1,""n_bootstrap"":25}",4,2025020740,2026-01-15,actual_total,8.0,6.215506155346338,1.9.1,20260912,6.215506155346338,0.0
total,"total|bootstrap_ridge_simulation|sdv_only|{""alpha"":1,""n_bootstrap"":25}",4,2025020741,2026-01-15,actual_total,9.0,6.1390192337681,1.9.1,20260912,6.1390192337681,0.0
total,"total|bootstrap_ridge_simulation|sdv_only|{""alpha"":1,""n_bootstrap"":25}",4,2025020742,2026-01-15,actual_total,5.0,6.252647258957593,1.9.1,20260912,6.252647258957593,0.0
total,"total|bootstrap_ridge_simulation|sdv_only|{""alpha"":1,""n_bootstrap"":25}",4,2025020743,2026-01-15,actual_total,5.0,6.572265150179063,1.9.1,20260912,6.572265150179063,0.0
total,"total|bootstrap_ridge_simulation|sdv_only|{""alpha"":1,""n_bootstrap"":25}",4,2025020744,2026-01-15,actual_total,8.0,6.220567349102156,1.9.1,20260912,6.220567349102156,0.0
total,"total|bootstrap_ridge_simulation|sdv_only|{""alpha"":1,""n_bootstrap"":25}",4,2025020745,2026-01-15,actual_total,4.0,6.17102851353022,1.9.1,20260912,6.17102851353022,0.0
total,"total|bootstrap_ridge_simulation|sdv_only|{""alpha"":1,""n_bootstrap"":25}",4,2025020746,2026-01-15,actual_total,3.0,6.177354292396562,1.9.1,20260912,6.177354292396562,0.0
total,"total|bootstrap_ridge_simulation|sdv_only|{""alpha"":1,""n_bootstrap"":25}",4,2025020747,2026-01-15,actual_total,1.0,6.433994511170608,1.9.1,20260912,6.433994511170608,0.0
total,"total|bootstrap_ridge_simulation|sdv_only|{""alpha"":1,""n_bootstrap"":25}",4,2025020748,2026-01-15,actual_total,11.0,6.112770182326027,1.9.1,20260912,6.112770182326027,0.0
total,"total|bootstrap_ridge_simulation|sdv_only|{""alpha"":1,""n_bootstrap"":25}",4,2025020749,2026-01-16,actual_total,6.0,6.186771700156815,1.9.1,20260912,6.186771700156815,0.0
total,"total|bootstrap_ridge_simulation|sdv_only|{""alpha"":1,""n_bootstrap"":25}",4,2025020750,2026-01-16,actual_total,10.0,6.273720396843983,1.9.1,20260912,6.2737203968439825,8.881784197001252e-16
total,"total|bootstrap_ridge_simulation|sdv_only|{""alpha"":1,""n_bootstrap"":25}",4,2025020751,2026-01-16,actual_total,5.0,6.093081794208592,1.9.1,20260912,6.093081794208592,0.0
total,"total|bootstrap_ridge_simulation|sdv_only|{""alpha"":1,""n_bootstrap"":25}",4,2025020752,2026-01-16,actual_total,10.0,6.267895360454608,1.9.1,20260912,6.267895360454608,0.0
total,"total|bootstrap_ridge_simulation|sdv_only|{""alpha"":1,""n_bootstrap"":25}",4,2025020753,2026-01-16,actual_total,5.0,6.157483866015051,1.9.1,20260912,6.157483866015051,0.0
total,"total|bootstrap_ridge_simulation|sdv_only|{""alpha"":1,""n_bootstrap"":25}",4,2025020754,2026-01-17,actual_total,9.0,6.22999350516815,1.9.1,20260912,6.22999350516815,0.0
total,"total|bootstrap_ridge_simulation|sdv_only|{""alpha"":1,""n_bootstrap"":25}",4,2025020755,2026-01-17,actual_total,9.0,5.923118990326548,1.9.1,20260912,5.923118990326548,0.0
total,"total|bootstrap_ridge_simulation|sdv_only|{""alpha"":1,""n_bootstrap"":25}",4,2025020756,2026-01-17,actual_total,6.0,6.15074692965158,1.9.1,20260912,6.15074692965158,0.0
total,"total|bootstrap_ridge_simulation|sdv_only|{""alpha"":1,""n_bootstrap"":25}",4,2025020757,2026-01-17,actual_total,9.0,6.174421103717887,1.9.1,20260912,6.174421103717887,0.0
total,"total|bootstrap_ridge_simulation|sdv_only|{""alpha"":1,""n_bootstrap"":25}",4,2025020758,2026-01-17,actual_total,11.0,6.002859943381971,1.9.1,20260912,6.002859943381971,0.0
total,"total|bootstrap_ridge_simulation|sdv_only|{""alpha"":1,""n_bootstrap"":25}",4,2025020759,2026-01-17,actual_total,5.0,6.43852944444223,1.9.1,20260912,6.43852944444223,0.0
total,"total|bootstrap_ridge_simulation|sdv_only|{""alpha"":1,""n_bootstrap"":25}",4,2025020760,2026-01-17,actual_total,7.0,6.572068164454255,1.9.1,20260912,6.5720681644542545,8.881784197001252e-16
total,"total|bootstrap_ridge_simulation|sdv_only|{""alpha"":1,""n_bootstrap"":25}",4,2025020761,2026-01-17,actual_total,7.0,6.145901529182488,1.9.1,20260912,6.145901529182488,0.0
total,"total|bootstrap_ridge_simulation|sdv_only|{""alpha"":1,""n_bootstrap"":25}",4,2025020762,2026-01-17,actual_total,7.0,6.155676808238565,1.9.1,20260912,6.155676808238565,0.0
total,"total|bootstrap_ridge_simulation|sdv_only|{""alpha"":1,""n_bootstrap"":25}",4,2025020763,2026-01-17,actual_total,7.0,6.100936469960248,1.9.1,20260912,6.1009364699602475,8.881784197001252e-16
total,"total|bootstrap_ridge_simulation|sdv_only|{""alpha"":1,""n_bootstrap"":25}",4,2025020764,2026-01-17,actual_total,6.0,6.550005258750027,1.9.1,20260912,6.550005258750027,0.0
total,"total|bootstrap_ridge_simulation|sdv_only|{""alpha"":1,""n_bootstrap"":25}",4,2025020765,2026-01-17,actual_total,9.0,6.045215167272277,1.9.1,20260912,6.045215167272277,0.0
total,"total|bootstrap_ridge_simulation|sdv_only|{""alpha"":1,""n_bootstrap"":25}",4,2025020766,2026-01-17,actual_total,3.0,6.173191111212648,1.9.1,20260912,6.173191111212648,0.0
total,"total|bootstrap_ridge_simulation|sdv_only|{""alpha"":1,""n_bootstrap"":25}",4,2025020767,2026-01-18,actual_total,5.0,5.997034204135214,1.9.1,20260912,5.997034204135214,0.0
total,"total|bootstrap_ridge_simulation|sdv_only|{""alpha"":1,""n_bootstrap"":25}",4,2025020768,2026-01-18,actual_total,7.0,6.032955342811313,1.9.1,20260912,6.032955342811313,0.0
total,"total|bootstrap_ridge_simulation|sdv_only|{""alpha"":1,""n_bootstrap"":25}",4,2025020769,2026-01-18,actual_total,5.0,6.425599778415918,1.9.1,20260912,6.425599778415918,0.0
total,"total|bootstrap_ridge_simulation|sdv_only|{""alpha"":1,""n_bootstrap"":25}",4,2025020770,2026-01-19,actual_total,3.0,6.4040207900561406,1.9.1,20260912,6.4040207900561406,0.0
total,"total|bootstrap_ridge_simulation|sdv_only|{""alpha"":1,""n_bootstrap"":25}",4,2025020771,2026-01-19,actual_total,7.0,6.420498409023633,1.9.1,20260912,6.420498409023633,0.0
total,"total|bootstrap_ridge_simulation|sdv_only|{""alpha"":1,""n_bootstrap"":25}",4,2025020772,2026-01-19,actual_total,9.0,6.216645590858548,1.9.1,20260912,6.216645590858548,0.0
total,"total|bootstrap_ridge_simulation|sdv_only|{""alpha"":1,""n_bootstrap"":25}",4,2025020773,2026-01-19,actual_total,5.0,6.036585904819038,1.9.1,20260912,6.036585904819038,0.0
total,"total|bootstrap_ridge_simulation|sdv_only|{""alpha"":1,""n_bootstrap"":25}",4,2025020774,2026-01-19,actual_total,9.0,6.246725202269493,1.9.1,20260912,6.246725202269493,0.0
total,"total|bootstrap_ridge_simulation|sdv_only|{""alpha"":1,""n_bootstrap"":25}",4,2025020775,2026-01-19,actual_total,3.0,6.003841265428698,1.9.1,20260912,6.003841265428698,0.0
total,"total|bootstrap_ridge_simulation|sdv_only|{""alpha"":1,""n_bootstrap"":25}",4,2025020776,2026-01-19,actual_total,2.0,6.169912682388718,1.9.1,20260912,6.169912682388718,0.0
total,"total|bootstrap_ridge_simulation|sdv_only|{""alpha"":1,""n_bootstrap"":25}",4,2025020777,2026-01-19,actual_total,3.0,6.150648396846103,1.9.1,20260912,6.150648396846103,0.0
total,"total|bootstrap_ridge_simulation|sdv_only|{""alpha"":1,""n_bootstrap"":25}",4,2025020778,2026-01-19,actual_total,7.0,6.373905651207017,1.9.1,20260912,6.373905651207017,0.0
total,"total|bootstrap_ridge_simulation|sdv_only|{""alpha"":1,""n_bootstrap"":25}",4,2025020779,2026-01-19,actual_total,8.0,6.219163630727801,1.9.1,20260912,6.219163630727801,0.0
total,"total|bootstrap_ridge_simulation|sdv_only|{""alpha"":1,""n_bootstrap"":25}",4,2025020780,2026-01-20,actual_total,7.0,6.247189097171185,1.9.1,20260912,6.247189097171185,0.0
total,"total|bootstrap_ridge_simulation|sdv_only|{""alpha"":1,""n_bootstrap"":25}",4,2025020781,2026-01-20,actual_total,5.0,6.092552728925671,1.9.1,20260912,6.0925527289256705,8.881784197001252e-16
total,"total|bootstrap_ridge_simulation|sdv_only|{""alpha"":1,""n_bootstrap"":25}",4,2025020782,2026-01-20,actual_total,5.0,6.247082036370733,1.9.1,20260912,6.247082036370733,0.0
total,"total|bootstrap_ridge_simulation|sdv_only|{""alpha"":1,""n_bootstrap"":25}",4,2025020783,2026-01-20,actual_total,8.0,5.937036036336956,1.9.1,20260912,5.937036036336956,0.0
total,"total|bootstrap_ridge_simulation|sdv_only|{""alpha"":1,""n_bootstrap"":25}",4,2025020784,2026-01-20,actual_total,8.0,6.130300140957685,1.9.1,20260912,6.130300140957685,0.0
total,"total|bootstrap_ridge_simulation|sdv_only|{""alpha"":1,""n_bootstrap"":25}",4,2025020785,2026-01-20,actual_total,4.0,6.119176906046466,1.9.1,20260912,6.119176906046466,0.0
total,"total|bootstrap_ridge_simulation|sdv_only|{""alpha"":1,""n_bootstrap"":25}",4,2025020786,2026-01-20,actual_total,3.0,6.498545223373992,1.9.1,20260912,6.498545223373992,0.0
total,"total|bootstrap_ridge_simulation|sdv_only|{""alpha"":1,""n_bootstrap"":25}",4,2025020787,2026-01-20,actual_total,7.0,5.82022705706214,1.9.1,20260912,5.82022705706214,0.0
total,"total|bootstrap_ridge_simulation|sdv_only|{""alpha"":1,""n_bootstrap"":25}",4,2025020788,2026-01-21,actual_total,3.0,6.239718670689144,1.9.1,20260912,6.239718670689144,0.0
total,"total|bootstrap_ridge_simulation|sdv_only|{""alpha"":1,""n_bootstrap"":25}",4,2025020789,2026-01-21,actual_total,3.0,6.5031060220296295,1.9.1,20260912,6.5031060220296295,0.0
total,"total|bootstrap_ridge_simulation|sdv_only|{""alpha"":1,""n_bootstrap"":25}",4,2025020790,2026-01-21,actual_total,9.0,6.1600009736940615,1.9.1,20260912,6.1600009736940615,0.0
total,"total|bootstrap_ridge_simulation|sdv_only|{""alpha"":1,""n_bootstrap"":25}",4,2025020791,2026-01-21,actual_total,5.0,6.172567643538635,1.9.1,20260912,6.172567643538635,0.0
total,"total|bootstrap_ridge_simulation|sdv_only|{""alpha"":1,""n_bootstrap"":25}",4,2025020792,2026-01-21,actual_total,7.0,6.451701679009261,1.9.1,20260912,6.451701679009261,0.0
total,"total|bootstrap_ridge_simulation|sdv_only|{""alpha"":1,""n_bootstrap"":25}",4,2025020793,2026-01-21,actual_total,5.0,6.191492786366561,1.9.1,20260912,6.191492786366561,0.0
total,"total|bootstrap_ridge_simulation|sdv_only|{""alpha"":1,""n_bootstrap"":25}",4,2025020794,2026-01-22,actual_total,7.0,5.965557216932089,1.9.1,20260912,5.965557216932089,0.0
total,"total|bootstrap_ridge_simulation|sdv_only|{""alpha"":1,""n_bootstrap"":25}",4,2025020795,2026-01-22,actual_total,6.0,6.189198609858149,1.9.1,20260912,6.189198609858149,0.0
total,"total|bootstrap_ridge_simulation|sdv_only|{""alpha"":1,""n_bootstrap"":25}",4,2025020796,2026-01-22,actual_total,7.0,6.432491944414632,1.9.1,20260912,6.432491944414632,0.0
total,"total|bootstrap_ridge_simulation|sdv_only|{""alpha"":1,""n_bootstrap"":25}",4,2025020797,2026-01-22,actual_total,1.0,6.3352382520497725,1.9.1,20260912,6.3352382520497725,0.0
total,"total|bootstrap_ridge_simulation|sdv_only|{""alpha"":1,""n_bootstrap"":25}",4,2025020798,2026-01-22,actual_total,8.0,5.902621535293252,1.9.1,20260912,5.902621535293252,0.0
total,"total|bootstrap_ridge_simulation|sdv_only|{""alpha"":1,""n_bootstrap"":25}",4,2025020799,2026-01-22,actual_total,3.0,6.009308408474085,1.9.1,20260912,6.009308408474085,0.0
total,"total|bootstrap_ridge_simulation|sdv_only|{""alpha"":1,""n_bootstrap"":25}",4,2025020800,2026-01-22,actual_total,8.0,6.570449763353715,1.9.1,20260912,6.570449763353715,0.0
total,"total|bootstrap_ridge_simulation|sdv_only|{""alpha"":1,""n_bootstrap"":25}",4,2025020801,2026-01-22,actual_total,7.0,6.295183741129332,1.9.1,20260912,6.295183741129332,0.0
total,"total|bootstrap_ridge_simulation|sdv_only|{""alpha"":1,""n_bootstrap"":25}",4,2025020802,2026-01-23,actual_total,9.0,6.124108593775021,1.9.1,20260912,6.124108593775021,0.0
total,"total|bootstrap_ridge_simulation|sdv_only|{""alpha"":1,""n_bootstrap"":25}",4,2025020803,2026-01-23,actual_total,3.0,6.134886817274468,1.9.1,20260912,6.1348868172744675,8.881784197001252e-16
total,"total|bootstrap_ridge_simulation|sdv_only|{""alpha"":1,""n_bootstrap"":25}",4,2025020804,2026-01-23,actual_total,5.0,6.028549147414321,1.9.1,20260912,6.028549147414321,0.0
total,"total|bootstrap_ridge_simulation|sdv_only|{""alpha"":1,""n_bootstrap"":25}",4,2025020805,2026-01-23,actual_total,10.0,6.219224435326263,1.9.1,20260912,6.219224435326263,0.0
total,"total|bootstrap_ridge_simulation|sdv_only|{""alpha"":1,""n_bootstrap"":25}",4,2025020806,2026-01-23,actual_total,4.0,6.18762877735578,1.9.1,20260912,6.18762877735578,0.0
total,"total|bootstrap_ridge_simulation|sdv_only|{""alpha"":1,""n_bootstrap"":25}",4,2025020807,2026-01-23,actual_total,9.0,6.360181455703745,1.9.1,20260912,6.360181455703745,0.0
total,"total|bootstrap_ridge_simulation|sdv_only|{""alpha"":1,""n_bootstrap"":25}",4,2025020808,2026-01-23,actual_total,4.0,6.0347899822563855,1.9.1,20260912,6.0347899822563855,0.0
total,"total|bootstrap_ridge_simulation|sdv_only|{""alpha"":1,""n_bootstrap"":25}",4,2025020809,2026-01-23,actual_total,6.0,6.288642424863954,1.9.1,20260912,6.288642424863954,0.0
total,"total|bootstrap_ridge_simulation|sdv_only|{""alpha"":1,""n_bootstrap"":25}",4,2025020810,2026-01-24,actual_total,5.0,6.261215558159681,1.9.1,20260912,6.261215558159681,0.0
total,"total|bootstrap_ridge_simulation|sdv_only|{""alpha"":1,""n_bootstrap"":25}",4,2025020811,2026-01-24,actual_total,7.0,6.242149309725692,1.9.1,20260912,6.242149309725692,0.0
total,"total|bootstrap_ridge_simulation|sdv_only|{""alpha"":1,""n_bootstrap"":25}",4,2025020812,2026-01-24,actual_total,7.0,6.064582908068847,1.9.1,20260912,6.064582908068847,0.0
total,"total|bootstrap_ridge_simulation|sdv_only|{""alpha"":1,""n_bootstrap"":25}",4,2025020813,2026-01-24,actual_total,5.0,6.19200757881852,1.9.1,20260912,6.19200757881852,0.0
total,"total|bootstrap_ridge_simulation|sdv_only|{""alpha"":1,""n_bootstrap"":25}",4,2025020814,2026-01-24,actual_total,13.0,6.3568788917109655,1.9.1,20260912,6.3568788917109655,0.0
total,"total|bootstrap_ridge_simulation|sdv_only|{""alpha"":1,""n_bootstrap"":25}",4,2025020815,2026-01-24,actual_total,6.0,6.16127870297688,1.9.1,20260912,6.16127870297688,0.0
total,"total|bootstrap_ridge_simulation|sdv_only|{""alpha"":1,""n_bootstrap"":25}",4,2025020816,2026-01-24,actual_total,9.0,5.933161418407619,1.9.1,20260912,5.933161418407619,0.0
total,"total|bootstrap_ridge_simulation|sdv_only|{""alpha"":1,""n_bootstrap"":25}",4,2025020817,2026-01-24,actual_total,7.0,6.119161428083035,1.9.1,20260912,6.119161428083035,0.0
total,"total|bootstrap_ridge_simulation|sdv_only|{""alpha"":1,""n_bootstrap"":25}",4,2025020818,2026-01-24,actual_total,11.0,6.572858744547708,1.9.1,20260912,6.572858744547708,0.0
total,"total|bootstrap_ridge_simulation|sdv_only|{""alpha"":1,""n_bootstrap"":25}",4,2025020819,2026-01-25,actual_total,5.0,6.353403599126825,1.9.1,20260912,6.353403599126825,0.0
total,"total|bootstrap_ridge_simulation|sdv_only|{""alpha"":1,""n_bootstrap"":25}",4,2025020820,2026-01-25,actual_total,6.0,6.145706637576402,1.9.1,20260912,6.145706637576402,0.0
total,"total|bootstrap_ridge_simulation|sdv_only|{""alpha"":1,""n_bootstrap"":25}",4,2025020821,2026-01-25,actual_total,8.0,5.90390010282929,1.9.1,20260912,5.90390010282929,0.0
total,"total|bootstrap_ridge_simulation|sdv_only|{""alpha"":1,""n_bootstrap"":25}",4,2025020822,2026-01-25,actual_total,5.0,6.431161460476063,1.9.1,20260912,6.431161460476063,0.0
total,"total|bootstrap_ridge_simulation|sdv_only|{""alpha"":1,""n_bootstrap"":25}",4,2025020823,2026-01-25,actual_total,6.0,6.07751043364849,1.9.1,20260912,6.07751043364849,0.0
total,"total|bootstrap_ridge_simulation|sdv_only|{""alpha"":1,""n_bootstrap"":25}",4,2025020824,2026-01-25,actual_total,7.0,6.263559751851518,1.9.1,20260912,6.263559751851518,0.0
total,"total|bootstrap_ridge_simulation|sdv_only|{""alpha"":1,""n_bootstrap"":25}",4,2025020825,2026-01-26,actual_total,2.0,6.207054927301508,1.9.1,20260912,6.207054927301508,0.0
total,"total|bootstrap_ridge_simulation|sdv_only|{""alpha"":1,""n_bootstrap"":25}",4,2025020826,2026-01-26,actual_total,7.0,5.901833739850211,1.9.1,20260912,5.901833739850211,0.0
total,"total|bootstrap_ridge_simulation|sdv_only|{""alpha"":1,""n_bootstrap"":25}",4,2025020827,2026-01-26,actual_total,4.0,6.136988247194886,1.9.1,20260912,6.136988247194886,0.0
total,"total|bootstrap_ridge_simulation|sdv_only|{""alpha"":1,""n_bootstrap"":25}",4,2025020829,2026-01-26,actual_total,11.0,6.6530714169338765,1.9.1,20260912,6.6530714169338765,0.0
total,"total|bootstrap_ridge_simulation|sdv_only|{""alpha"":1,""n_bootstrap"":25}",4,2025020830,2026-01-27,actual_total,5.0,6.022393656543379,1.9.1,20260912,6.022393656543379,0.0
total,"total|bootstrap_ridge_simulation|sdv_only|{""alpha"":1,""n_bootstrap"":25}",4,2025020831,2026-01-27,actual_total,11.0,6.225604470744184,1.9.1,20260912,6.225604470744184,0.0
total,"total|bootstrap_ridge_simulation|sdv_only|{""alpha"":1,""n_bootstrap"":25}",4,2025020832,2026-01-27,actual_total,5.0,6.132685176167861,1.9.1,20260912,6.132685176167861,0.0
total,"total|bootstrap_ridge_simulation|sdv_only|{""alpha"":1,""n_bootstrap"":25}",4,2025020833,2026-01-27,actual_total,4.0,6.0230049108628325,1.9.1,20260912,6.0230049108628325,0.0
total,"total|bootstrap_ridge_simulation|sdv_only|{""alpha"":1,""n_bootstrap"":25}",4,2025020834,2026-01-27,actual_total,7.0,6.1489949456481545,1.9.1,20260912,6.1489949456481545,0.0
total,"total|bootstrap_ridge_simulation|sdv_only|{""alpha"":1,""n_bootstrap"":25}",4,2025020835,2026-01-27,actual_total,7.0,6.142834415139377,1.9.1,20260912,6.142834415139377,0.0
total,"total|bootstrap_ridge_simulation|sdv_only|{""alpha"":1,""n_bootstrap"":25}",4,2025020836,2026-01-27,actual_total,7.0,6.002459517371277,1.9.1,20260912,6.002459517371277,0.0
total,"total|bootstrap_ridge_simulation|sdv_only|{""alpha"":1,""n_bootstrap"":25}",4,2025020837,2026-01-27,actual_total,7.0,6.271346850877929,1.9.1,20260912,6.271346850877929,0.0
total,"total|bootstrap_ridge_simulation|sdv_only|{""alpha"":1,""n_bootstrap"":25}",4,2025020838,2026-01-27,actual_total,7.0,6.324500097854076,1.9.1,20260912,6.3245000978540755,8.881784197001252e-16
total,"total|bootstrap_ridge_simulation|sdv_only|{""alpha"":1,""n_bootstrap"":25}",4,2025020839,2026-01-27,actual_total,6.0,6.217124774082438,1.9.1,20260912,6.217124774082438,0.0
total,"total|bootstrap_ridge_simulation|sdv_only|{""alpha"":1,""n_bootstrap"":25}",4,2025020840,2026-01-28,actual_total,8.0,6.282689295424424,1.9.1,20260912,6.282689295424424,0.0
total,"total|bootstrap_ridge_simulation|sdv_only|{""alpha"":1,""n_bootstrap"":25}",4,2025020841,2026-01-28,actual_total,7.0,6.124318872562489,1.9.1,20260912,6.124318872562489,0.0
total,"total|bootstrap_ridge_simulation|sdv_only|{""alpha"":1,""n_bootstrap"":25}",4,2025020842,2026-01-28,actual_total,7.0,6.07592860274371,1.9.1,20260912,6.07592860274371,0.0
total,"total|bootstrap_ridge_simulation|sdv_only|{""alpha"":1,""n_bootstrap"":25}",4,2025020843,2026-01-29,actual_total,9.0,5.901078827140595,1.9.1,20260912,5.901078827140595,0.0
total,"total|bootstrap_ridge_simulation|sdv_only|{""alpha"":1,""n_bootstrap"":25}",4,2025020844,2026-01-29,actual_total,5.0,6.013052822918435,1.9.1,20260912,6.013052822918435,0.0
total,"total|bootstrap_ridge_simulation|sdv_only|{""alpha"":1,""n_bootstrap"":25}",4,2025020845,2026-01-29,actual_total,10.0,6.337647659373038,1.9.1,20260912,6.337647659373038,0.0
total,"total|bootstrap_ridge_simulation|sdv_only|{""alpha"":1,""n_bootstrap"":25}",4,2025020846,2026-01-29,actual_total,7.0,6.369275755677041,1.9.1,20260912,6.369275755677041,0.0
total,"total|bootstrap_ridge_simulation|sdv_only|{""alpha"":1,""n_bootstrap"":25}",4,2025020847,2026-01-29,actual_total,5.0,6.042907734901644,1.9.1,20260912,6.042907734901644,0.0
total,"total|bootstrap_ridge_simulation|sdv_only|{""alpha"":1,""n_bootstrap"":25}",4,2025020848,2026-01-29,actual_total,5.0,6.179015609578173,1.9.1,20260912,6.179015609578173,0.0
total,"total|bootstrap_ridge_simulation|sdv_only|{""alpha"":1,""n_bootstrap"":25}",4,2025020849,2026-01-29,actual_total,3.0,6.062105526875952,1.9.1,20260912,6.062105526875952,0.0
total,"total|bootstrap_ridge_simulation|sdv_only|{""alpha"":1,""n_bootstrap"":25}",4,2025020850,2026-01-29,actual_total,8.0,6.3625159204007,1.9.1,20260912,6.3625159204007,0.0
total,"total|bootstrap_ridge_simulation|sdv_only|{""alpha"":1,""n_bootstrap"":25}",4,2025020851,2026-01-29,actual_total,9.0,6.505332150198317,1.9.1,20260912,6.505332150198317,0.0
total,"total|bootstrap_ridge_simulation|sdv_only|{""alpha"":1,""n_bootstrap"":25}",4,2025020852,2026-01-29,actual_total,9.0,5.967586838178939,1.9.1,20260912,5.967586838178939,0.0
total,"total|bootstrap_ridge_simulation|sdv_only|{""alpha"":1,""n_bootstrap"":25}",4,2025020853,2026-01-29,actual_total,5.0,6.15181129826922,1.9.1,20260912,6.15181129826922,0.0
total,"total|bootstrap_ridge_simulation|sdv_only|{""alpha"":1,""n_bootstrap"":25}",4,2025020854,2026-01-29,actual_total,7.0,6.461404183607208,1.9.1,20260912,6.461404183607208,0.0
total,"total|bootstrap_ridge_simulation|sdv_only|{""alpha"":1,""n_bootstrap"":25}",4,2025020855,2026-01-29,actual_total,2.0,6.504176538231191,1.9.1,20260912,6.5041765382311905,8.881784197001252e-16
total,"total|bootstrap_ridge_simulation|sdv_only|{""alpha"":1,""n_bootstrap"":25}",4,2025020856,2026-01-29,actual_total,9.0,6.022493140295102,1.9.1,20260912,6.022493140295102,0.0
total,"total|bootstrap_ridge_simulation|sdv_only|{""alpha"":1,""n_bootstrap"":25}",4,2025020857,2026-01-29,actual_total,7.0,6.133485834003897,1.9.1,20260912,6.133485834003897,0.0
total,"total|bootstrap_ridge_simulation|sdv_only|{""alpha"":1,""n_bootstrap"":25}",4,2025020858,2026-01-30,actual_total,6.0,6.477293855410767,1.9.1,20260912,6.477293855410767,0.0
total,"total|bootstrap_ridge_simulation|sdv_only|{""alpha"":1,""n_bootstrap"":25}",4,2025020859,2026-01-31,actual_total,5.0,5.871057533798713,1.9.1,20260912,5.871057533798713,0.0
total,"total|bootstrap_ridge_simulation|sdv_only|{""alpha"":1,""n_bootstrap"":25}",4,2025020860,2026-01-31,actual_total,5.0,6.372764187676962,1.9.1,20260912,6.372764187676962,0.0
total,"total|bootstrap_ridge_simulation|sdv_only|{""alpha"":1,""n_bootstrap"":25}",4,2025020861,2026-01-31,actual_total,11.0,6.178763629429496,1.9.1,20260912,6.178763629429496,0.0
total,"total|bootstrap_ridge_simulation|sdv_only|{""alpha"":1,""n_bootstrap"":25}",4,2025020862,2026-01-31,actual_total,3.0,5.930257393656832,1.9.1,20260912,5.930257393656832,0.0
total,"total|bootstrap_ridge_simulation|sdv_only|{""alpha"":1,""n_bootstrap"":25}",4,2025020863,2026-01-31,actual_total,5.0,6.038514719128549,1.9.1,20260912,6.038514719128549,0.0
total,"total|bootstrap_ridge_simulation|sdv_only|{""alpha"":1,""n_bootstrap"":25}",4,2025020864,2026-01-31,actual_total,7.0,6.522382459101023,1.9.1,20260912,6.522382459101023,0.0
total,"total|bootstrap_ridge_simulation|sdv_only|{""alpha"":1,""n_bootstrap"":25}",4,2025020865,2026-01-31,actual_total,6.0,6.2518538289512415,1.9.1,20260912,6.2518538289512415,0.0
total,"total|bootstrap_ridge_simulation|sdv_only|{""alpha"":1,""n_bootstrap"":25}",4,2025020866,2026-01-31,actual_total,5.0,6.000735370524823,1.9.1,20260912,6.000735370524823,0.0
total,"total|bootstrap_ridge_simulation|sdv_only|{""alpha"":1,""n_bootstrap"":25}",4,2025020867,2026-01-31,actual_total,7.0,6.178837859314146,1.9.1,20260912,6.178837859314146,0.0
total,"total|bootstrap_ridge_simulation|sdv_only|{""alpha"":1,""n_bootstrap"":25}",4,2025020868,2026-01-31,actual_total,8.0,6.337437608603485,1.9.1,20260912,6.337437608603485,0.0
total,"total|bootstrap_ridge_simulation|sdv_only|{""alpha"":1,""n_bootstrap"":25}",4,2025020869,2026-01-31,actual_total,5.0,6.358425454894477,1.9.1,20260912,6.358425454894477,0.0
total,"total|bootstrap_ridge_simulation|sdv_only|{""alpha"":1,""n_bootstrap"":25}",4,2025020870,2026-01-31,actual_total,5.0,6.1738048887292685,1.9.1,20260912,6.1738048887292685,0.0
total,"total|bootstrap_ridge_simulation|sdv_only|{""alpha"":1,""n_bootstrap"":25}",4,2025020871,2026-01-31,actual_total,10.0,6.530698761816618,1.9.1,20260912,6.530698761816618,0.0
total,"total|bootstrap_ridge_simulation|sdv_only|{""alpha"":1,""n_bootstrap"":25}",4,2025020872,2026-01-31,actual_total,5.0,6.0526516606581735,1.9.1,20260912,6.0526516606581735,0.0
total,"total|bootstrap_ridge_simulation|sdv_only|{""alpha"":1,""n_bootstrap"":25}",4,2025020873,2026-02-01,actual_total,11.0,5.99162762502311,1.9.1,20260912,5.99162762502311,0.0
total,"total|bootstrap_ridge_simulation|sdv_only|{""alpha"":1,""n_bootstrap"":25}",4,2025020874,2026-02-01,actual_total,5.0,6.229513390412618,1.9.1,20260912,6.229513390412618,0.0
total,"total|bootstrap_ridge_simulation|sdv_only|{""alpha"":1,""n_bootstrap"":25}",4,2025020875,2026-02-01,actual_total,7.0,6.308590936040447,1.9.1,20260912,6.308590936040447,0.0
total,"total|bootstrap_ridge_simulation|sdv_only|{""alpha"":1,""n_bootstrap"":25}",4,2025020876,2026-02-02,actual_total,8.0,6.040322043232163,1.9.1,20260912,6.040322043232163,0.0
total,"total|bootstrap_ridge_simulation|sdv_only|{""alpha"":1,""n_bootstrap"":25}",4,2025020877,2026-02-02,actual_total,5.0,6.122133114622933,1.9.1,20260912,6.122133114622933,0.0
total,"total|bootstrap_ridge_simulation|sdv_only|{""alpha"":1,""n_bootstrap"":25}",4,2025020878,2026-02-02,actual_total,5.0,6.351265189188599,1.9.1,20260912,6.351265189188599,0.0
total,"total|bootstrap_ridge_simulation|sdv_only|{""alpha"":1,""n_bootstrap"":25}",4,2025020879,2026-02-02,actual_total,7.0,6.304028712466666,1.9.1,20260912,6.304028712466666,0.0
total,"total|bootstrap_ridge_simulation|sdv_only|{""alpha"":1,""n_bootstrap"":25}",4,2025020880,2026-02-02,actual_total,11.0,6.1068145799359215,1.9.1,20260912,6.1068145799359215,0.0
total,"total|bootstrap_ridge_simulation|sdv_only|{""alpha"":1,""n_bootstrap"":25}",4,2025020881,2026-02-02,actual_total,9.0,6.199972847790531,1.9.1,20260912,6.199972847790531,0.0
total,"total|bootstrap_ridge_simulation|sdv_only|{""alpha"":1,""n_bootstrap"":25}",4,2025020882,2026-02-02,actual_total,7.0,5.946777074278244,1.9.1,20260912,5.946777074278244,0.0
total,"total|bootstrap_ridge_simulation|sdv_only|{""alpha"":1,""n_bootstrap"":25}",4,2025020883,2026-02-02,actual_total,2.0,6.371472028211382,1.9.1,20260912,6.371472028211382,0.0
total,"total|bootstrap_ridge_simulation|sdv_only|{""alpha"":1,""n_bootstrap"":25}",4,2025020884,2026-02-02,actual_total,8.0,6.445583799868332,1.9.1,20260912,6.445583799868332,0.0
total,"total|bootstrap_ridge_simulation|sdv_only|{""alpha"":1,""n_bootstrap"":25}",4,2025020885,2026-02-02,actual_total,6.0,6.118326633352525,1.9.1,20260912,6.118326633352525,0.0
total,"total|bootstrap_ridge_simulation|sdv_only|{""alpha"":1,""n_bootstrap"":25}",4,2025020886,2026-02-03,actual_total,7.0,6.188175312670516,1.9.1,20260912,6.1881753126705155,8.881784197001252e-16
total,"total|bootstrap_ridge_simulation|sdv_only|{""alpha"":1,""n_bootstrap"":25}",4,2025020887,2026-02-03,actual_total,3.0,6.399177373853345,1.9.1,20260912,6.399177373853345,0.0
total,"total|bootstrap_ridge_simulation|sdv_only|{""alpha"":1,""n_bootstrap"":25}",4,2025020888,2026-02-03,actual_total,9.0,6.4002296952661695,1.9.1,20260912,6.4002296952661695,0.0
total,"total|bootstrap_ridge_simulation|sdv_only|{""alpha"":1,""n_bootstrap"":25}",4,2025020889,2026-02-03,actual_total,6.0,6.159811525660597,1.9.1,20260912,6.159811525660597,0.0
total,"total|bootstrap_ridge_simulation|sdv_only|{""alpha"":1,""n_bootstrap"":25}",4,2025020890,2026-02-03,actual_total,7.0,6.212392745391246,1.9.1,20260912,6.212392745391246,0.0
total,"total|bootstrap_ridge_simulation|sdv_only|{""alpha"":1,""n_bootstrap"":25}",4,2025020891,2026-02-03,actual_total,7.0,6.535895597092059,1.9.1,20260912,6.535895597092059,0.0
total,"total|bootstrap_ridge_simulation|sdv_only|{""alpha"":1,""n_bootstrap"":25}",4,2025020892,2026-02-03,actual_total,6.0,6.218005148419456,1.9.1,20260912,6.218005148419456,0.0
total,"total|bootstrap_ridge_simulation|sdv_only|{""alpha"":1,""n_bootstrap"":25}",4,2025020893,2026-02-04,actual_total,9.0,5.866296881255862,1.9.1,20260912,5.866296881255862,0.0
total,"total|bootstrap_ridge_simulation|sdv_only|{""alpha"":1,""n_bootstrap"":25}",4,2025020894,2026-02-04,actual_total,4.0,6.404771326969872,1.9.1,20260912,6.404771326969872,0.0
total,"total|bootstrap_ridge_simulation|sdv_only|{""alpha"":1,""n_bootstrap"":25}",4,2025020895,2026-02-04,actual_total,6.0,6.127057662719725,1.9.1,20260912,6.127057662719725,0.0
total,"total|bootstrap_ridge_simulation|sdv_only|{""alpha"":1,""n_bootstrap"":25}",4,2025020896,2026-02-04,actual_total,11.0,6.293420632883268,1.9.1,20260912,6.293420632883268,0.0
total,"total|bootstrap_ridge_simulation|sdv_only|{""alpha"":1,""n_bootstrap"":25}",4,2025020897,2026-02-04,actual_total,6.0,6.294379788860879,1.9.1,20260912,6.294379788860879,0.0
total,"total|bootstrap_ridge_simulation|sdv_only|{""alpha"":1,""n_bootstrap"":25}",4,2025020898,2026-02-04,actual_total,5.0,6.300962294807047,1.9.1,20260912,6.3009622948070465,8.881784197001252e-16
total,"total|bootstrap_ridge_simulation|sdv_only|{""alpha"":1,""n_bootstrap"":25}",4,2025020899,2026-02-04,actual_total,9.0,5.988036481012909,1.9.1,20260912,5.988036481012909,0.0
total,"total|bootstrap_ridge_simulation|sdv_only|{""alpha"":1,""n_bootstrap"":25}",4,2025020900,2026-02-04,actual_total,7.0,6.391755358366853,1.9.1,20260912,6.391755358366853,0.0
total,"total|bootstrap_ridge_simulation|sdv_only|{""alpha"":1,""n_bootstrap"":25}",4,2025020901,2026-02-04,actual_total,7.0,6.284834861382653,1.9.1,20260912,6.284834861382653,0.0
total,"total|bootstrap_ridge_simulation|sdv_only|{""alpha"":1,""n_bootstrap"":25}",4,2025020902,2026-02-04,actual_total,6.0,5.874571894299813,1.9.1,20260912,5.874571894299813,0.0
total,"total|bootstrap_ridge_simulation|sdv_only|{""alpha"":1,""n_bootstrap"":25}",4,2025020903,2026-02-05,actual_total,7.0,6.415317886257661,1.9.1,20260912,6.415317886257661,0.0
total,"total|bootstrap_ridge_simulation|sdv_only|{""alpha"":1,""n_bootstrap"":25}",4,2025020904,2026-02-05,actual_total,7.0,5.906539074236951,1.9.1,20260912,5.906539074236951,0.0
total,"total|bootstrap_ridge_simulation|sdv_only|{""alpha"":1,""n_bootstrap"":25}",4,2025020905,2026-02-05,actual_total,4.0,6.23175986203135,1.9.1,20260912,6.23175986203135,0.0
total,"total|bootstrap_ridge_simulation|sdv_only|{""alpha"":1,""n_bootstrap"":25}",4,2025020906,2026-02-05,actual_total,2.0,6.253957709975135,1.9.1,20260912,6.253957709975135,0.0
total,"total|bootstrap_ridge_simulation|sdv_only|{""alpha"":1,""n_bootstrap"":25}",4,2025020907,2026-02-05,actual_total,3.0,5.847032461906723,1.9.1,20260912,5.847032461906723,0.0
total,"total|bootstrap_ridge_simulation|sdv_only|{""alpha"":1,""n_bootstrap"":25}",4,2025020908,2026-02-05,actual_total,6.0,6.352370865590798,1.9.1,20260912,6.352370865590798,0.0
total,"total|bootstrap_ridge_simulation|sdv_only|{""alpha"":1,""n_bootstrap"":25}",4,2025020909,2026-02-05,actual_total,5.0,5.927715169954954,1.9.1,20260912,5.927715169954954,0.0
total,"total|bootstrap_ridge_simulation|sdv_only|{""alpha"":1,""n_bootstrap"":25}",5,2025020828,2026-03-09,actual_total,9.0,6.2132181217443625,1.9.1,20260912,6.2132181217443625,0.0
total,"total|bootstrap_ridge_simulation|sdv_only|{""alpha"":1,""n_bootstrap"":25}",5,2025020910,2026-02-25,actual_total,3.0,6.255953074445083,1.9.1,20260912,6.255953074445083,0.0
total,"total|bootstrap_ridge_simulation|sdv_only|{""alpha"":1,""n_bootstrap"":25}",5,2025020911,2026-02-25,actual_total,4.0,6.1998741342953085,1.9.1,20260912,6.1998741342953085,0.0
total,"total|bootstrap_ridge_simulation|sdv_only|{""alpha"":1,""n_bootstrap"":25}",5,2025020912,2026-02-25,actual_total,6.0,6.183867835984214,1.9.1,20260912,6.183867835984214,0.0
total,"total|bootstrap_ridge_simulation|sdv_only|{""alpha"":1,""n_bootstrap"":25}",5,2025020913,2026-02-25,actual_total,5.0,5.992272567171153,1.9.1,20260912,5.992272567171153,0.0
total,"total|bootstrap_ridge_simulation|sdv_only|{""alpha"":1,""n_bootstrap"":25}",5,2025020914,2026-02-25,actual_total,6.0,6.415467894103744,1.9.1,20260912,6.415467894103744,0.0
total,"total|bootstrap_ridge_simulation|sdv_only|{""alpha"":1,""n_bootstrap"":25}",5,2025020915,2026-02-25,actual_total,5.0,6.271559479467563,1.9.1,20260912,6.271559479467563,0.0
total,"total|bootstrap_ridge_simulation|sdv_only|{""alpha"":1,""n_bootstrap"":25}",5,2025020916,2026-02-25,actual_total,10.0,6.003020235418233,1.9.1,20260912,6.003020235418233,0.0
total,"total|bootstrap_ridge_simulation|sdv_only|{""alpha"":1,""n_bootstrap"":25}",5,2025020917,2026-02-25,actual_total,11.0,6.604374797873219,1.9.1,20260912,6.604374797873219,0.0
total,"total|bootstrap_ridge_simulation|sdv_only|{""alpha"":1,""n_bootstrap"":25}",5,2025020918,2026-02-26,actual_total,6.0,6.236593278874946,1.9.1,20260912,6.236593278874946,0.0
total,"total|bootstrap_ridge_simulation|sdv_only|{""alpha"":1,""n_bootstrap"":25}",5,2025020919,2026-02-26,actual_total,7.0,6.273610842293636,1.9.1,20260912,6.273610842293636,0.0
total,"total|bootstrap_ridge_simulation|sdv_only|{""alpha"":1,""n_bootstrap"":25}",5,2025020920,2026-02-26,actual_total,3.0,6.051486604368048,1.9.1,20260912,6.051486604368048,0.0
total,"total|bootstrap_ridge_simulation|sdv_only|{""alpha"":1,""n_bootstrap"":25}",5,2025020921,2026-02-26,actual_total,6.0,6.089721356535005,1.9.1,20260912,6.089721356535005,0.0
total,"total|bootstrap_ridge_simulation|sdv_only|{""alpha"":1,""n_bootstrap"":25}",5,2025020922,2026-02-26,actual_total,5.0,6.362128322901908,1.9.1,20260912,6.362128322901908,0.0
total,"total|bootstrap_ridge_simulation|sdv_only|{""alpha"":1,""n_bootstrap"":25}",5,2025020923,2026-02-26,actual_total,9.0,6.344248114862508,1.9.1,20260912,6.344248114862508,0.0
total,"total|bootstrap_ridge_simulation|sdv_only|{""alpha"":1,""n_bootstrap"":25}",5,2025020924,2026-02-26,actual_total,5.0,5.960630235381898,1.9.1,20260912,5.960630235381898,0.0
total,"total|bootstrap_ridge_simulation|sdv_only|{""alpha"":1,""n_bootstrap"":25}",5,2025020925,2026-02-26,actual_total,6.0,6.06733619066135,1.9.1,20260912,6.06733619066135,0.0
total,"total|bootstrap_ridge_simulation|sdv_only|{""alpha"":1,""n_bootstrap"":25}",5,2025020926,2026-02-26,actual_total,6.0,6.278760045288206,1.9.1,20260912,6.278760045288206,0.0
total,"total|bootstrap_ridge_simulation|sdv_only|{""alpha"":1,""n_bootstrap"":25}",5,2025020927,2026-02-26,actual_total,7.0,6.418590505917908,1.9.1,20260912,6.418590505917908,0.0
total,"total|bootstrap_ridge_simulation|sdv_only|{""alpha"":1,""n_bootstrap"":25}",5,2025020928,2026-02-26,actual_total,5.0,6.088481038878818,1.9.1,20260912,6.088481038878818,0.0
total,"total|bootstrap_ridge_simulation|sdv_only|{""alpha"":1,""n_bootstrap"":25}",5,2025020929,2026-02-26,actual_total,9.0,6.295034544451908,1.9.1,20260912,6.295034544451908,0.0
total,"total|bootstrap_ridge_simulation|sdv_only|{""alpha"":1,""n_bootstrap"":25}",5,2025020930,2026-02-27,actual_total,5.0,6.089656933860875,1.9.1,20260912,6.089656933860875,0.0
total,"total|bootstrap_ridge_simulation|sdv_only|{""alpha"":1,""n_bootstrap"":25}",5,2025020931,2026-02-27,actual_total,5.0,6.277819957596284,1.9.1,20260912,6.277819957596284,0.0
total,"total|bootstrap_ridge_simulation|sdv_only|{""alpha"":1,""n_bootstrap"":25}",5,2025020932,2026-02-27,actual_total,7.0,6.351579025632677,1.9.1,20260912,6.351579025632677,0.0
total,"total|bootstrap_ridge_simulation|sdv_only|{""alpha"":1,""n_bootstrap"":25}",5,2025020933,2026-02-27,actual_total,9.0,6.27521948655588,1.9.1,20260912,6.27521948655588,0.0
total,"total|bootstrap_ridge_simulation|sdv_only|{""alpha"":1,""n_bootstrap"":25}",5,2025020934,2026-02-28,actual_total,5.0,6.19816749875381,1.9.1,20260912,6.19816749875381,0.0
total,"total|bootstrap_ridge_simulation|sdv_only|{""alpha"":1,""n_bootstrap"":25}",5,2025020935,2026-02-28,actual_total,4.0,6.007835667816109,1.9.1,20260912,6.007835667816109,0.0
total,"total|bootstrap_ridge_simulation|sdv_only|{""alpha"":1,""n_bootstrap"":25}",5,2025020936,2026-02-28,actual_total,9.0,6.443217125008126,1.9.1,20260912,6.443217125008126,0.0
total,"total|bootstrap_ridge_simulation|sdv_only|{""alpha"":1,""n_bootstrap"":25}",5,2025020937,2026-02-28,actual_total,7.0,6.389919155646066,1.9.1,20260912,6.389919155646066,0.0
total,"total|bootstrap_ridge_simulation|sdv_only|{""alpha"":1,""n_bootstrap"":25}",5,2025020938,2026-02-28,actual_total,4.0,6.354329130845439,1.9.1,20260912,6.354329130845439,0.0
total,"total|bootstrap_ridge_simulation|sdv_only|{""alpha"":1,""n_bootstrap"":25}",5,2025020939,2026-02-28,actual_total,7.0,6.080770591287468,1.9.1,20260912,6.080770591287468,0.0
total,"total|bootstrap_ridge_simulation|sdv_only|{""alpha"":1,""n_bootstrap"":25}",5,2025020940,2026-02-28,actual_total,8.0,6.352414757413403,1.9.1,20260912,6.352414757413403,0.0
total,"total|bootstrap_ridge_simulation|sdv_only|{""alpha"":1,""n_bootstrap"":25}",5,2025020941,2026-02-28,actual_total,8.0,6.20301044378477,1.9.1,20260912,6.20301044378477,0.0
total,"total|bootstrap_ridge_simulation|sdv_only|{""alpha"":1,""n_bootstrap"":25}",5,2025020942,2026-02-28,actual_total,7.0,6.39949527878895,1.9.1,20260912,6.39949527878895,0.0
total,"total|bootstrap_ridge_simulation|sdv_only|{""alpha"":1,""n_bootstrap"":25}",5,2025020943,2026-02-28,actual_total,4.0,6.167359967024744,1.9.1,20260912,6.167359967024744,0.0
total,"total|bootstrap_ridge_simulation|sdv_only|{""alpha"":1,""n_bootstrap"":25}",5,2025020944,2026-02-28,actual_total,2.0,5.919747994833188,1.9.1,20260912,5.919747994833188,0.0
total,"total|bootstrap_ridge_simulation|sdv_only|{""alpha"":1,""n_bootstrap"":25}",5,2025020945,2026-02-28,actual_total,5.0,6.138709710683855,1.9.1,20260912,6.138709710683855,0.0
total,"total|bootstrap_ridge_simulation|sdv_only|{""alpha"":1,""n_bootstrap"":25}",5,2025020946,2026-02-28,actual_total,6.0,6.247205847785084,1.9.1,20260912,6.247205847785084,0.0
total,"total|bootstrap_ridge_simulation|sdv_only|{""alpha"":1,""n_bootstrap"":25}",5,2025020947,2026-03-01,actual_total,5.0,6.325206625028832,1.9.1,20260912,6.325206625028832,0.0
total,"total|bootstrap_ridge_simulation|sdv_only|{""alpha"":1,""n_bootstrap"":25}",5,2025020948,2026-03-01,actual_total,9.0,6.074026047270361,1.9.1,20260912,6.074026047270361,0.0
total,"total|bootstrap_ridge_simulation|sdv_only|{""alpha"":1,""n_bootstrap"":25}",5,2025020949,2026-03-01,actual_total,4.0,6.28266972506127,1.9.1,20260912,6.28266972506127,0.0
total,"total|bootstrap_ridge_simulation|sdv_only|{""alpha"":1,""n_bootstrap"":25}",5,2025020950,2026-03-01,actual_total,3.0,6.132342333553631,1.9.1,20260912,6.132342333553631,0.0
total,"total|bootstrap_ridge_simulation|sdv_only|{""alpha"":1,""n_bootstrap"":25}",5,2025020951,2026-03-01,actual_total,4.0,6.238711693430941,1.9.1,20260912,6.238711693430941,0.0
total,"total|bootstrap_ridge_simulation|sdv_only|{""alpha"":1,""n_bootstrap"":25}",5,2025020952,2026-03-01,actual_total,5.0,6.264834825408457,1.9.1,20260912,6.264834825408457,0.0
total,"total|bootstrap_ridge_simulation|sdv_only|{""alpha"":1,""n_bootstrap"":25}",5,2025020953,2026-03-02,actual_total,9.0,6.199299070708269,1.9.1,20260912,6.199299070708269,0.0
total,"total|bootstrap_ridge_simulation|sdv_only|{""alpha"":1,""n_bootstrap"":25}",5,2025020954,2026-03-02,actual_total,5.0,6.157502099046228,1.9.1,20260912,6.157502099046228,0.0
total,"total|bootstrap_ridge_simulation|sdv_only|{""alpha"":1,""n_bootstrap"":25}",5,2025020955,2026-03-02,actual_total,6.0,6.245362704784062,1.9.1,20260912,6.245362704784062,0.0
total,"total|bootstrap_ridge_simulation|sdv_only|{""alpha"":1,""n_bootstrap"":25}",5,2025020956,2026-03-02,actual_total,7.0,6.220639729263536,1.9.1,20260912,6.220639729263536,0.0
total,"total|bootstrap_ridge_simulation|sdv_only|{""alpha"":1,""n_bootstrap"":25}",5,2025020957,2026-03-02,actual_total,3.0,6.326431928138764,1.9.1,20260912,6.3264319281387635,8.881784197001252e-16
total,"total|bootstrap_ridge_simulation|sdv_only|{""alpha"":1,""n_bootstrap"":25}",5,2025020958,2026-03-02,actual_total,6.0,6.172101796594753,1.9.1,20260912,6.172101796594753,0.0
total,"total|bootstrap_ridge_simulation|sdv_only|{""alpha"":1,""n_bootstrap"":25}",5,2025020959,2026-03-03,actual_total,3.0,6.254055670906227,1.9.1,20260912,6.254055670906227,0.0
total,"total|bootstrap_ridge_simulation|sdv_only|{""alpha"":1,""n_bootstrap"":25}",5,2025020960,2026-03-03,actual_total,5.0,6.208032066238499,1.9.1,20260912,6.208032066238499,0.0
total,"total|bootstrap_ridge_simulation|sdv_only|{""alpha"":1,""n_bootstrap"":25}",5,2025020961,2026-03-03,actual_total,6.0,6.049366105752167,1.9.1,20260912,6.049366105752167,0.0
total,"total|bootstrap_ridge_simulation|sdv_only|{""alpha"":1,""n_bootstrap"":25}",5,2025020962,2026-03-03,actual_total,5.0,6.377899426544953,1.9.1,20260912,6.377899426544953,0.0
total,"total|bootstrap_ridge_simulation|sdv_only|{""alpha"":1,""n_bootstrap"":25}",5,2025020963,2026-03-03,actual_total,5.0,6.389811863803474,1.9.1,20260912,6.389811863803474,0.0
total,"total|bootstrap_ridge_simulation|sdv_only|{""alpha"":1,""n_bootstrap"":25}",5,2025020964,2026-03-03,actual_total,5.0,6.161214591285955,1.9.1,20260912,6.161214591285955,0.0
total,"total|bootstrap_ridge_simulation|sdv_only|{""alpha"":1,""n_bootstrap"":25}",5,2025020965,2026-03-03,actual_total,7.0,6.025970666174178,1.9.1,20260912,6.025970666174178,0.0
total,"total|bootstrap_ridge_simulation|sdv_only|{""alpha"":1,""n_bootstrap"":25}",5,2025020966,2026-03-03,actual_total,9.0,6.282395433790442,1.9.1,20260912,6.282395433790442,0.0
total,"total|bootstrap_ridge_simulation|sdv_only|{""alpha"":1,""n_bootstrap"":25}",5,2025020967,2026-03-03,actual_total,6.0,6.225614506321645,1.9.1,20260912,6.225614506321645,0.0
total,"total|bootstrap_ridge_simulation|sdv_only|{""alpha"":1,""n_bootstrap"":25}",5,2025020968,2026-03-03,actual_total,6.0,6.495850293218703,1.9.1,20260912,6.495850293218703,0.0
total,"total|bootstrap_ridge_simulation|sdv_only|{""alpha"":1,""n_bootstrap"":25}",5,2025020969,2026-03-03,actual_total,12.0,6.214698674023561,1.9.1,20260912,6.214698674023561,0.0
total,"total|bootstrap_ridge_simulation|sdv_only|{""alpha"":1,""n_bootstrap"":25}",5,2025020970,2026-03-04,actual_total,7.0,6.1807300712944375,1.9.1,20260912,6.1807300712944375,0.0
total,"total|bootstrap_ridge_simulation|sdv_only|{""alpha"":1,""n_bootstrap"":25}",5,2025020971,2026-03-04,actual_total,7.0,6.25698106889977,1.9.1,20260912,6.25698106889977,0.0
total,"total|bootstrap_ridge_simulation|sdv_only|{""alpha"":1,""n_bootstrap"":25}",5,2025020972,2026-03-04,actual_total,10.0,6.538910269224425,1.9.1,20260912,6.538910269224425,0.0
total,"total|bootstrap_ridge_simulation|sdv_only|{""alpha"":1,""n_bootstrap"":25}",5,2025020973,2026-03-04,actual_total,6.0,6.404140061354602,1.9.1,20260912,6.404140061354602,0.0
total,"total|bootstrap_ridge_simulation|sdv_only|{""alpha"":1,""n_bootstrap"":25}",5,2025020974,2026-03-04,actual_total,5.0,6.072866765381482,1.9.1,20260912,6.072866765381482,0.0
total,"total|bootstrap_ridge_simulation|sdv_only|{""alpha"":1,""n_bootstrap"":25}",5,2025020975,2026-03-05,actual_total,8.0,6.104822148186225,1.9.1,20260912,6.104822148186225,0.0
total,"total|bootstrap_ridge_simulation|sdv_only|{""alpha"":1,""n_bootstrap"":25}",5,2025020976,2026-03-05,actual_total,3.0,6.139313363610422,1.9.1,20260912,6.139313363610422,0.0
total,"total|bootstrap_ridge_simulation|sdv_only|{""alpha"":1,""n_bootstrap"":25}",5,2025020977,2026-03-05,actual_total,6.0,6.42603292320941,1.9.1,20260912,6.42603292320941,0.0
total,"total|bootstrap_ridge_simulation|sdv_only|{""alpha"":1,""n_bootstrap"":25}",5,2025020978,2026-03-05,actual_total,6.0,6.190853401743617,1.9.1,20260912,6.190853401743617,0.0
total,"total|bootstrap_ridge_simulation|sdv_only|{""alpha"":1,""n_bootstrap"":25}",5,2025020979,2026-03-05,actual_total,9.0,6.140215845391902,1.9.1,20260912,6.140215845391902,0.0
total,"total|bootstrap_ridge_simulation|sdv_only|{""alpha"":1,""n_bootstrap"":25}",5,2025020980,2026-03-05,actual_total,5.0,6.105863355881455,1.9.1,20260912,6.105863355881455,0.0
total,"total|bootstrap_ridge_simulation|sdv_only|{""alpha"":1,""n_bootstrap"":25}",5,2025020981,2026-03-05,actual_total,5.0,5.965404715883402,1.9.1,20260912,5.965404715883402,0.0
total,"total|bootstrap_ridge_simulation|sdv_only|{""alpha"":1,""n_bootstrap"":25}",5,2025020982,2026-03-05,actual_total,8.0,6.091342133618943,1.9.1,20260912,6.091342133618943,0.0
total,"total|bootstrap_ridge_simulation|sdv_only|{""alpha"":1,""n_bootstrap"":25}",5,2025020983,2026-03-06,actual_total,4.0,6.070501664459422,1.9.1,20260912,6.070501664459422,0.0
total,"total|bootstrap_ridge_simulation|sdv_only|{""alpha"":1,""n_bootstrap"":25}",5,2025020984,2026-03-06,actual_total,9.0,6.239911905781023,1.9.1,20260912,6.239911905781023,0.0
total,"total|bootstrap_ridge_simulation|sdv_only|{""alpha"":1,""n_bootstrap"":25}",5,2025020985,2026-03-06,actual_total,9.0,6.334389585917761,1.9.1,20260912,6.334389585917761,0.0
total,"total|bootstrap_ridge_simulation|sdv_only|{""alpha"":1,""n_bootstrap"":25}",5,2025020986,2026-03-06,actual_total,9.0,6.638825594519853,1.9.1,20260912,6.638825594519853,0.0
total,"total|bootstrap_ridge_simulation|sdv_only|{""alpha"":1,""n_bootstrap"":25}",5,2025020987,2026-03-06,actual_total,11.0,6.388700378843874,1.9.1,20260912,6.388700378843874,0.0
total,"total|bootstrap_ridge_simulation|sdv_only|{""alpha"":1,""n_bootstrap"":25}",5,2025020988,2026-03-06,actual_total,6.0,6.238398271945174,1.9.1,20260912,6.238398271945174,0.0
total,"total|bootstrap_ridge_simulation|sdv_only|{""alpha"":1,""n_bootstrap"":25}",5,2025020989,2026-03-06,actual_total,5.0,6.120424128983979,1.9.1,20260912,6.120424128983979,0.0
total,"total|bootstrap_ridge_simulation|sdv_only|{""alpha"":1,""n_bootstrap"":25}",5,2025020990,2026-03-07,actual_total,4.0,6.208527954481793,1.9.1,20260912,6.208527954481793,0.0
total,"total|bootstrap_ridge_simulation|sdv_only|{""alpha"":1,""n_bootstrap"":25}",5,2025020991,2026-03-07,actual_total,9.0,6.067420989269737,1.9.1,20260912,6.067420989269737,0.0
total,"total|bootstrap_ridge_simulation|sdv_only|{""alpha"":1,""n_bootstrap"":25}",5,2025020992,2026-03-07,actual_total,5.0,6.290574574518737,1.9.1,20260912,6.290574574518737,0.0
total,"total|bootstrap_ridge_simulation|sdv_only|{""alpha"":1,""n_bootstrap"":25}",5,2025020993,2026-03-07,actual_total,7.0,6.20959492803859,1.9.1,20260912,6.20959492803859,0.0
total,"total|bootstrap_ridge_simulation|sdv_only|{""alpha"":1,""n_bootstrap"":25}",5,2025020994,2026-03-07,actual_total,7.0,6.215718874337524,1.9.1,20260912,6.215718874337524,0.0
total,"total|bootstrap_ridge_simulation|sdv_only|{""alpha"":1,""n_bootstrap"":25}",5,2025020995,2026-03-07,actual_total,9.0,6.397200929036058,1.9.1,20260912,6.397200929036058,0.0
total,"total|bootstrap_ridge_simulation|sdv_only|{""alpha"":1,""n_bootstrap"":25}",5,2025020996,2026-03-07,actual_total,5.0,6.297067223804988,1.9.1,20260912,6.297067223804988,0.0
total,"total|bootstrap_ridge_simulation|sdv_only|{""alpha"":1,""n_bootstrap"":25}",5,2025020997,2026-03-07,actual_total,7.0,6.082769419040083,1.9.1,20260912,6.082769419040083,0.0
total,"total|bootstrap_ridge_simulation|sdv_only|{""alpha"":1,""n_bootstrap"":25}",5,2025020998,2026-03-07,actual_total,9.0,6.308194203638563,1.9.1,20260912,6.308194203638563,0.0
total,"total|bootstrap_ridge_simulation|sdv_only|{""alpha"":1,""n_bootstrap"":25}",5,2025020999,2026-03-07,actual_total,3.0,6.207577079814663,1.9.1,20260912,6.207577079814663,0.0
total,"total|bootstrap_ridge_simulation|sdv_only|{""alpha"":1,""n_bootstrap"":25}",5,2025021000,2026-03-07,actual_total,11.0,5.968615348250892,1.9.1,20260912,5.968615348250892,0.0
total,"total|bootstrap_ridge_simulation|sdv_only|{""alpha"":1,""n_bootstrap"":25}",5,2025021001,2026-03-08,actual_total,5.0,6.414417795335071,1.9.1,20260912,6.414417795335071,0.0
total,"total|bootstrap_ridge_simulation|sdv_only|{""alpha"":1,""n_bootstrap"":25}",5,2025021002,2026-03-08,actual_total,9.0,6.225952619288925,1.9.1,20260912,6.225952619288925,0.0
total,"total|bootstrap_ridge_simulation|sdv_only|{""alpha"":1,""n_bootstrap"":25}",5,2025021003,2026-03-08,actual_total,15.0,6.205829618640923,1.9.1,20260912,6.205829618640923,0.0
total,"total|bootstrap_ridge_simulation|sdv_only|{""alpha"":1,""n_bootstrap"":25}",5,2025021004,2026-03-08,actual_total,7.0,6.082127879745955,1.9.1,20260912,6.082127879745955,0.0
total,"total|bootstrap_ridge_simulation|sdv_only|{""alpha"":1,""n_bootstrap"":25}",5,2025021005,2026-03-08,actual_total,3.0,6.240509514202812,1.9.1,20260912,6.240509514202812,0.0
total,"total|bootstrap_ridge_simulation|sdv_only|{""alpha"":1,""n_bootstrap"":25}",5,2025021006,2026-03-08,actual_total,4.0,6.312871503320981,1.9.1,20260912,6.312871503320981,0.0
total,"total|bootstrap_ridge_simulation|sdv_only|{""alpha"":1,""n_bootstrap"":25}",5,2025021007,2026-03-08,actual_total,6.0,6.428043357510063,1.9.1,20260912,6.428043357510063,0.0
total,"total|bootstrap_ridge_simulation|sdv_only|{""alpha"":1,""n_bootstrap"":25}",5,2025021008,2026-03-09,actual_total,8.0,5.90752995643304,1.9.1,20260912,5.90752995643304,0.0
total,"total|bootstrap_ridge_simulation|sdv_only|{""alpha"":1,""n_bootstrap"":25}",5,2025021009,2026-03-09,actual_total,10.0,6.240924434895826,1.9.1,20260912,6.240924434895826,0.0
total,"total|bootstrap_ridge_simulation|sdv_only|{""alpha"":1,""n_bootstrap"":25}",5,2025021010,2026-03-09,actual_total,5.0,6.2425669714950445,1.9.1,20260912,6.2425669714950445,0.0
total,"total|bootstrap_ridge_simulation|sdv_only|{""alpha"":1,""n_bootstrap"":25}",5,2025021011,2026-03-09,actual_total,2.0,6.184314701764142,1.9.1,20260912,6.184314701764142,0.0
total,"total|bootstrap_ridge_simulation|sdv_only|{""alpha"":1,""n_bootstrap"":25}",5,2025021012,2026-03-10,actual_total,3.0,5.951686657783057,1.9.1,20260912,5.951686657783057,0.0
total,"total|bootstrap_ridge_simulation|sdv_only|{""alpha"":1,""n_bootstrap"":25}",5,2025021013,2026-03-10,actual_total,9.0,6.226507411792262,1.9.1,20260912,6.226507411792262,0.0
total,"total|bootstrap_ridge_simulation|sdv_only|{""alpha"":1,""n_bootstrap"":25}",5,2025021014,2026-03-10,actual_total,4.0,6.30310347137652,1.9.1,20260912,6.30310347137652,0.0
total,"total|bootstrap_ridge_simulation|sdv_only|{""alpha"":1,""n_bootstrap"":25}",5,2025021015,2026-03-10,actual_total,7.0,6.293388805096925,1.9.1,20260912,6.293388805096925,0.0
total,"total|bootstrap_ridge_simulation|sdv_only|{""alpha"":1,""n_bootstrap"":25}",5,2025021016,2026-03-10,actual_total,7.0,6.078315865043489,1.9.1,20260912,6.078315865043489,0.0
total,"total|bootstrap_ridge_simulation|sdv_only|{""alpha"":1,""n_bootstrap"":25}",5,2025021017,2026-03-10,actual_total,4.0,6.007986130005413,1.9.1,20260912,6.007986130005413,0.0
total,"total|bootstrap_ridge_simulation|sdv_only|{""alpha"":1,""n_bootstrap"":25}",5,2025021018,2026-03-10,actual_total,9.0,6.51019718497634,1.9.1,20260912,6.51019718497634,0.0
total,"total|bootstrap_ridge_simulation|sdv_only|{""alpha"":1,""n_bootstrap"":25}",5,2025021019,2026-03-10,actual_total,7.0,6.2075523897648,1.9.1,20260912,6.2075523897648,0.0
total,"total|bootstrap_ridge_simulation|sdv_only|{""alpha"":1,""n_bootstrap"":25}",5,2025021020,2026-03-10,actual_total,3.0,6.062178081397337,1.9.1,20260912,6.062178081397337,0.0
total,"total|bootstrap_ridge_simulation|sdv_only|{""alpha"":1,""n_bootstrap"":25}",5,2025021021,2026-03-10,actual_total,5.0,6.333828784024296,1.9.1,20260912,6.333828784024296,0.0
total,"total|bootstrap_ridge_simulation|sdv_only|{""alpha"":1,""n_bootstrap"":25}",5,2025021022,2026-03-10,actual_total,5.0,6.324885568108682,1.9.1,20260912,6.324885568108682,0.0
total,"total|bootstrap_ridge_simulation|sdv_only|{""alpha"":1,""n_bootstrap"":25}",5,2025021023,2026-03-10,actual_total,7.0,6.586759293224791,1.9.1,20260912,6.586759293224791,0.0
total,"total|bootstrap_ridge_simulation|sdv_only|{""alpha"":1,""n_bootstrap"":25}",5,2025021024,2026-03-10,actual_total,6.0,6.151283982758835,1.9.1,20260912,6.151283982758835,0.0
total,"total|bootstrap_ridge_simulation|sdv_only|{""alpha"":1,""n_bootstrap"":25}",5,2025021025,2026-03-11,actual_total,5.0,6.091321793419053,1.9.1,20260912,6.091321793419053,0.0
total,"total|bootstrap_ridge_simulation|sdv_only|{""alpha"":1,""n_bootstrap"":25}",5,2025021026,2026-03-11,actual_total,5.0,6.173766168685362,1.9.1,20260912,6.173766168685362,0.0
total,"total|bootstrap_ridge_simulation|sdv_only|{""alpha"":1,""n_bootstrap"":25}",5,2025021027,2026-03-12,actual_total,6.0,6.056022416350356,1.9.1,20260912,6.0560224163503555,8.881784197001252e-16
total,"total|bootstrap_ridge_simulation|sdv_only|{""alpha"":1,""n_bootstrap"":25}",5,2025021028,2026-03-12,actual_total,3.0,6.378347450489058,1.9.1,20260912,6.378347450489058,0.0
total,"total|bootstrap_ridge_simulation|sdv_only|{""alpha"":1,""n_bootstrap"":25}",5,2025021029,2026-03-12,actual_total,10.0,6.431724057057307,1.9.1,20260912,6.431724057057307,0.0
total,"total|bootstrap_ridge_simulation|sdv_only|{""alpha"":1,""n_bootstrap"":25}",5,2025021030,2026-03-12,actual_total,5.0,6.175671064100374,1.9.1,20260912,6.175671064100374,0.0
total,"total|bootstrap_ridge_simulation|sdv_only|{""alpha"":1,""n_bootstrap"":25}",5,2025021031,2026-03-12,actual_total,3.0,6.191959916364206,1.9.1,20260912,6.191959916364206,0.0
total,"total|bootstrap_ridge_simulation|sdv_only|{""alpha"":1,""n_bootstrap"":25}",5,2025021032,2026-03-12,actual_total,9.0,6.162354772690126,1.9.1,20260912,6.162354772690126,0.0
total,"total|bootstrap_ridge_simulation|sdv_only|{""alpha"":1,""n_bootstrap"":25}",5,2025021033,2026-03-12,actual_total,4.0,6.35143317338461,1.9.1,20260912,6.35143317338461,0.0
total,"total|bootstrap_ridge_simulation|sdv_only|{""alpha"":1,""n_bootstrap"":25}",5,2025021034,2026-03-12,actual_total,9.0,6.309625022776096,1.9.1,20260912,6.309625022776096,0.0
total,"total|bootstrap_ridge_simulation|sdv_only|{""alpha"":1,""n_bootstrap"":25}",5,2025021035,2026-03-12,actual_total,5.0,6.130263486225594,1.9.1,20260912,6.130263486225594,0.0
total,"total|bootstrap_ridge_simulation|sdv_only|{""alpha"":1,""n_bootstrap"":25}",5,2025021036,2026-03-12,actual_total,9.0,6.018729720700694,1.9.1,20260912,6.018729720700694,0.0
total,"total|bootstrap_ridge_simulation|sdv_only|{""alpha"":1,""n_bootstrap"":25}",5,2025021037,2026-03-12,actual_total,5.0,6.2434064066747865,1.9.1,20260912,6.2434064066747865,0.0
total,"total|bootstrap_ridge_simulation|sdv_only|{""alpha"":1,""n_bootstrap"":25}",5,2025021038,2026-03-12,actual_total,7.0,6.342256989670525,1.9.1,20260912,6.342256989670525,0.0
total,"total|bootstrap_ridge_simulation|sdv_only|{""alpha"":1,""n_bootstrap"":25}",5,2025021039,2026-03-12,actual_total,8.0,6.304775852549795,1.9.1,20260912,6.304775852549795,0.0
total,"total|bootstrap_ridge_simulation|sdv_only|{""alpha"":1,""n_bootstrap"":25}",5,2025021040,2026-03-12,actual_total,6.0,6.260791538396141,1.9.1,20260912,6.260791538396141,0.0
total,"total|bootstrap_ridge_simulation|sdv_only|{""alpha"":1,""n_bootstrap"":25}",5,2025021041,2026-03-13,actual_total,5.0,6.11834344609087,1.9.1,20260912,6.11834344609087,0.0
total,"total|bootstrap_ridge_simulation|sdv_only|{""alpha"":1,""n_bootstrap"":25}",5,2025021042,2026-03-13,actual_total,5.0,6.393050563240122,1.9.1,20260912,6.393050563240122,0.0
total,"total|bootstrap_ridge_simulation|sdv_only|{""alpha"":1,""n_bootstrap"":25}",5,2025021043,2026-03-14,actual_total,2.0,6.209501908068559,1.9.1,20260912,6.209501908068559,0.0
total,"total|bootstrap_ridge_simulation|sdv_only|{""alpha"":1,""n_bootstrap"":25}",5,2025021044,2026-03-14,actual_total,5.0,6.216351748222995,1.9.1,20260912,6.216351748222995,0.0
total,"total|bootstrap_ridge_simulation|sdv_only|{""alpha"":1,""n_bootstrap"":25}",5,2025021045,2026-03-14,actual_total,4.0,6.2746131121186455,1.9.1,20260912,6.2746131121186455,0.0
total,"total|bootstrap_ridge_simulation|sdv_only|{""alpha"":1,""n_bootstrap"":25}",5,2025021046,2026-03-14,actual_total,6.0,6.129001457655869,1.9.1,20260912,6.129001457655869,0.0
total,"total|bootstrap_ridge_simulation|sdv_only|{""alpha"":1,""n_bootstrap"":25}",5,2025021047,2026-03-14,actual_total,5.0,6.332544040962518,1.9.1,20260912,6.332544040962518,0.0
total,"total|bootstrap_ridge_simulation|sdv_only|{""alpha"":1,""n_bootstrap"":25}",5,2025021048,2026-03-14,actual_total,6.0,6.2235380393488375,1.9.1,20260912,6.2235380393488375,0.0
total,"total|bootstrap_ridge_simulation|sdv_only|{""alpha"":1,""n_bootstrap"":25}",5,2025021049,2026-03-14,actual_total,6.0,6.339094128087432,1.9.1,20260912,6.3390941280874324,8.881784197001252e-16
total,"total|bootstrap_ridge_simulation|sdv_only|{""alpha"":1,""n_bootstrap"":25}",5,2025021050,2026-03-14,actual_total,10.0,6.065168499992133,1.9.1,20260912,6.065168499992133,0.0
total,"total|bootstrap_ridge_simulation|sdv_only|{""alpha"":1,""n_bootstrap"":25}",5,2025021051,2026-03-14,actual_total,5.0,6.218453321966512,1.9.1,20260912,6.2184533219665115,8.881784197001252e-16
total,"total|bootstrap_ridge_simulation|sdv_only|{""alpha"":1,""n_bootstrap"":25}",5,2025021052,2026-03-14,actual_total,3.0,6.196109179127599,1.9.1,20260912,6.196109179127599,0.0
total,"total|bootstrap_ridge_simulation|sdv_only|{""alpha"":1,""n_bootstrap"":25}",5,2025021053,2026-03-14,actual_total,5.0,6.108463684240962,1.9.1,20260912,6.108463684240962,0.0
total,"total|bootstrap_ridge_simulation|sdv_only|{""alpha"":1,""n_bootstrap"":25}",5,2025021054,2026-03-14,actual_total,7.0,6.386113825321471,1.9.1,20260912,6.386113825321471,0.0
total,"total|bootstrap_ridge_simulation|sdv_only|{""alpha"":1,""n_bootstrap"":25}",5,2025021055,2026-03-14,actual_total,7.0,6.261290971988152,1.9.1,20260912,6.261290971988152,0.0
total,"total|bootstrap_ridge_simulation|sdv_only|{""alpha"":1,""n_bootstrap"":25}",5,2025021056,2026-03-14,actual_total,4.0,6.1413632360003785,1.9.1,20260912,6.1413632360003785,0.0
total,"total|bootstrap_ridge_simulation|sdv_only|{""alpha"":1,""n_bootstrap"":25}",5,2025021057,2026-03-15,actual_total,5.0,6.11212218965597,1.9.1,20260912,6.11212218965597,0.0
total,"total|bootstrap_ridge_simulation|sdv_only|{""alpha"":1,""n_bootstrap"":25}",5,2025021058,2026-03-15,actual_total,11.0,6.039192621652258,1.9.1,20260912,6.039192621652258,0.0
total,"total|bootstrap_ridge_simulation|sdv_only|{""alpha"":1,""n_bootstrap"":25}",5,2025021059,2026-03-15,actual_total,7.0,6.428249721535105,1.9.1,20260912,6.428249721535105,0.0
total,"total|bootstrap_ridge_simulation|sdv_only|{""alpha"":1,""n_bootstrap"":25}",5,2025021060,2026-03-15,actual_total,6.0,6.335231424141703,1.9.1,20260912,6.335231424141703,0.0
total,"total|bootstrap_ridge_simulation|sdv_only|{""alpha"":1,""n_bootstrap"":25}",5,2025021061,2026-03-15,actual_total,4.0,6.455853565381226,1.9.1,20260912,6.455853565381226,0.0
total,"total|bootstrap_ridge_simulation|sdv_only|{""alpha"":1,""n_bootstrap"":25}",5,2025021062,2026-03-15,actual_total,8.0,5.990091056713538,1.9.1,20260912,5.990091056713538,0.0
total,"total|bootstrap_ridge_simulation|sdv_only|{""alpha"":1,""n_bootstrap"":25}",5,2025021063,2026-03-16,actual_total,7.0,6.19437208091168,1.9.1,20260912,6.19437208091168,0.0
total,"total|bootstrap_ridge_simulation|sdv_only|{""alpha"":1,""n_bootstrap"":25}",5,2025021064,2026-03-16,actual_total,7.0,6.105300581320822,1.9.1,20260912,6.105300581320822,0.0
total,"total|bootstrap_ridge_simulation|sdv_only|{""alpha"":1,""n_bootstrap"":25}",5,2025021065,2026-03-16,actual_total,5.0,5.926737447567619,1.9.1,20260912,5.926737447567619,0.0
total,"total|bootstrap_ridge_simulation|sdv_only|{""alpha"":1,""n_bootstrap"":25}",5,2025021066,2026-03-16,actual_total,9.0,6.121838330843669,1.9.1,20260912,6.121838330843669,0.0
total,"total|bootstrap_ridge_simulation|sdv_only|{""alpha"":1,""n_bootstrap"":25}",5,2025021067,2026-03-16,actual_total,9.0,6.449310936704758,1.9.1,20260912,6.449310936704758,0.0
total,"total|bootstrap_ridge_simulation|sdv_only|{""alpha"":1,""n_bootstrap"":25}",5,2025021068,2026-03-17,actual_total,4.0,6.339390405363331,1.9.1,20260912,6.339390405363331,0.0
total,"total|bootstrap_ridge_simulation|sdv_only|{""alpha"":1,""n_bootstrap"":25}",5,2025021069,2026-03-17,actual_total,5.0,6.163474646451846,1.9.1,20260912,6.163474646451846,0.0
total,"total|bootstrap_ridge_simulation|sdv_only|{""alpha"":1,""n_bootstrap"":25}",5,2025021070,2026-03-17,actual_total,6.0,6.509985370747893,1.9.1,20260912,6.509985370747893,0.0
total,"total|bootstrap_ridge_simulation|sdv_only|{""alpha"":1,""n_bootstrap"":25}",5,2025021071,2026-03-17,actual_total,7.0,6.167394483722487,1.9.1,20260912,6.167394483722487,0.0
total,"total|bootstrap_ridge_simulation|sdv_only|{""alpha"":1,""n_bootstrap"":25}",5,2025021072,2026-03-17,actual_total,7.0,6.246585575541377,1.9.1,20260912,6.246585575541377,0.0
total,"total|bootstrap_ridge_simulation|sdv_only|{""alpha"":1,""n_bootstrap"":25}",5,2025021073,2026-03-17,actual_total,8.0,6.414434329761039,1.9.1,20260912,6.414434329761039,0.0
total,"total|bootstrap_ridge_simulation|sdv_only|{""alpha"":1,""n_bootstrap"":25}",5,2025021074,2026-03-17,actual_total,7.0,6.1829740013325445,1.9.1,20260912,6.1829740013325445,0.0
total,"total|bootstrap_ridge_simulation|sdv_only|{""alpha"":1,""n_bootstrap"":25}",5,2025021075,2026-03-17,actual_total,2.0,6.2159592496015765,1.9.1,20260912,6.2159592496015765,0.0
total,"total|bootstrap_ridge_simulation|sdv_only|{""alpha"":1,""n_bootstrap"":25}",5,2025021076,2026-03-17,actual_total,8.0,6.091579603284536,1.9.1,20260912,6.091579603284536,0.0
total,"total|bootstrap_ridge_simulation|sdv_only|{""alpha"":1,""n_bootstrap"":25}",5,2025021077,2026-03-18,actual_total,9.0,6.063381475607499,1.9.1,20260912,6.063381475607499,0.0
total,"total|bootstrap_ridge_simulation|sdv_only|{""alpha"":1,""n_bootstrap"":25}",5,2025021078,2026-03-18,actual_total,11.0,6.5009707969076445,1.9.1,20260912,6.5009707969076445,0.0
total,"total|bootstrap_ridge_simulation|sdv_only|{""alpha"":1,""n_bootstrap"":25}",5,2025021079,2026-03-18,actual_total,5.0,6.165566202140752,1.9.1,20260912,6.165566202140752,0.0
total,"total|bootstrap_ridge_simulation|sdv_only|{""alpha"":1,""n_bootstrap"":25}",5,2025021080,2026-03-18,actual_total,3.0,6.183063485617496,1.9.1,20260912,6.183063485617496,0.0
total,"total|bootstrap_ridge_simulation|sdv_only|{""alpha"":1,""n_bootstrap"":25}",5,2025021081,2026-03-18,actual_total,3.0,6.117345743187896,1.9.1,20260912,6.117345743187896,0.0
total,"total|bootstrap_ridge_simulation|sdv_only|{""alpha"":1,""n_bootstrap"":25}",5,2025021082,2026-03-18,actual_total,5.0,6.223028113890965,1.9.1,20260912,6.223028113890965,0.0
total,"total|bootstrap_ridge_simulation|sdv_only|{""alpha"":1,""n_bootstrap"":25}",5,2025021083,2026-03-19,actual_total,7.0,6.0518662511031085,1.9.1,20260912,6.0518662511031085,0.0
total,"total|bootstrap_ridge_simulation|sdv_only|{""alpha"":1,""n_bootstrap"":25}",5,2025021084,2026-03-19,actual_total,5.0,6.127808425651528,1.9.1,20260912,6.127808425651528,0.0
total,"total|bootstrap_ridge_simulation|sdv_only|{""alpha"":1,""n_bootstrap"":25}",5,2025021085,2026-03-19,actual_total,4.0,6.306239019362051,1.9.1,20260912,6.306239019362051,0.0
total,"total|bootstrap_ridge_simulation|sdv_only|{""alpha"":1,""n_bootstrap"":25}",5,2025021086,2026-03-19,actual_total,9.0,6.178448414394228,1.9.1,20260912,6.178448414394228,0.0
total,"total|bootstrap_ridge_simulation|sdv_only|{""alpha"":1,""n_bootstrap"":25}",5,2025021087,2026-03-19,actual_total,4.0,6.144785912515233,1.9.1,20260912,6.144785912515233,0.0
total,"total|bootstrap_ridge_simulation|sdv_only|{""alpha"":1,""n_bootstrap"":25}",5,2025021088,2026-03-19,actual_total,3.0,6.248285856540925,1.9.1,20260912,6.248285856540925,0.0
total,"total|bootstrap_ridge_simulation|sdv_only|{""alpha"":1,""n_bootstrap"":25}",5,2025021089,2026-03-19,actual_total,4.0,6.29730610450977,1.9.1,20260912,6.29730610450977,0.0
total,"total|bootstrap_ridge_simulation|sdv_only|{""alpha"":1,""n_bootstrap"":25}",5,2025021090,2026-03-19,actual_total,8.0,6.280542435914897,1.9.1,20260912,6.280542435914897,0.0
total,"total|bootstrap_ridge_simulation|sdv_only|{""alpha"":1,""n_bootstrap"":25}",5,2025021091,2026-03-19,actual_total,4.0,6.197717623917955,1.9.1,20260912,6.197717623917955,0.0
total,"total|bootstrap_ridge_simulation|sdv_only|{""alpha"":1,""n_bootstrap"":25}",5,2025021092,2026-03-19,actual_total,5.0,6.258883706849491,1.9.1,20260912,6.258883706849491,0.0
total,"total|bootstrap_ridge_simulation|sdv_only|{""alpha"":1,""n_bootstrap"":25}",5,2025021093,2026-03-19,actual_total,7.0,5.901272043662727,1.9.1,20260912,5.901272043662727,0.0
total,"total|bootstrap_ridge_simulation|sdv_only|{""alpha"":1,""n_bootstrap"":25}",5,2025021094,2026-03-20,actual_total,7.0,6.451322478383893,1.9.1,20260912,6.451322478383893,0.0
total,"total|bootstrap_ridge_simulation|sdv_only|{""alpha"":1,""n_bootstrap"":25}",5,2025021095,2026-03-20,actual_total,3.0,6.318298300972355,1.9.1,20260912,6.318298300972355,0.0
total,"total|bootstrap_ridge_simulation|sdv_only|{""alpha"":1,""n_bootstrap"":25}",5,2025021096,2026-03-20,actual_total,5.0,6.290554205249622,1.9.1,20260912,6.290554205249622,0.0
total,"total|bootstrap_ridge_simulation|sdv_only|{""alpha"":1,""n_bootstrap"":25}",5,2025021097,2026-03-20,actual_total,5.0,6.013302836285256,1.9.1,20260912,6.013302836285256,0.0
total,"total|bootstrap_ridge_simulation|sdv_only|{""alpha"":1,""n_bootstrap"":25}",5,2025021098,2026-03-20,actual_total,5.0,6.427543705151805,1.9.1,20260912,6.427543705151805,0.0
total,"total|bootstrap_ridge_simulation|sdv_only|{""alpha"":1,""n_bootstrap"":25}",5,2025021099,2026-03-21,actual_total,9.0,6.2963760123026224,1.9.1,20260912,6.2963760123026224,0.0
total,"total|bootstrap_ridge_simulation|sdv_only|{""alpha"":1,""n_bootstrap"":25}",5,2025021100,2026-03-21,actual_total,5.0,6.176039915430785,1.9.1,20260912,6.176039915430785,0.0
total,"total|bootstrap_ridge_simulation|sdv_only|{""alpha"":1,""n_bootstrap"":25}",5,2025021101,2026-03-21,actual_total,3.0,6.121732873761812,1.9.1,20260912,6.121732873761812,0.0
total,"total|bootstrap_ridge_simulation|sdv_only|{""alpha"":1,""n_bootstrap"":25}",5,2025021102,2026-03-21,actual_total,5.0,6.128322346703954,1.9.1,20260912,6.128322346703954,0.0
total,"total|bootstrap_ridge_simulation|sdv_only|{""alpha"":1,""n_bootstrap"":25}",5,2025021103,2026-03-21,actual_total,5.0,6.028533058183098,1.9.1,20260912,6.028533058183098,0.0
total,"total|bootstrap_ridge_simulation|sdv_only|{""alpha"":1,""n_bootstrap"":25}",5,2025021104,2026-03-21,actual_total,7.0,6.25697606067912,1.9.1,20260912,6.25697606067912,0.0
total,"total|bootstrap_ridge_simulation|sdv_only|{""alpha"":1,""n_bootstrap"":25}",5,2025021105,2026-03-21,actual_total,10.0,6.336290655200572,1.9.1,20260912,6.336290655200572,0.0
total,"total|bootstrap_ridge_simulation|sdv_only|{""alpha"":1,""n_bootstrap"":25}",5,2025021106,2026-03-21,actual_total,7.0,6.123638800944375,1.9.1,20260912,6.1236388009443745,8.881784197001252e-16
total,"total|bootstrap_ridge_simulation|sdv_only|{""alpha"":1,""n_bootstrap"":25}",5,2025021107,2026-03-21,actual_total,4.0,6.295584013447271,1.9.1,20260912,6.295584013447271,0.0
total,"total|bootstrap_ridge_simulation|sdv_only|{""alpha"":1,""n_bootstrap"":25}",5,2025021108,2026-03-21,actual_total,6.0,6.149063687019079,1.9.1,20260912,6.149063687019079,0.0
total,"total|bootstrap_ridge_simulation|sdv_only|{""alpha"":1,""n_bootstrap"":25}",5,2025021109,2026-03-21,actual_total,7.0,6.384904439027917,1.9.1,20260912,6.384904439027917,0.0
total,"total|bootstrap_ridge_simulation|sdv_only|{""alpha"":1,""n_bootstrap"":25}",6,2025021110,2026-03-22,actual_total,5.0,5.914087158473698,1.9.1,20260912,5.914087158473698,0.0
total,"total|bootstrap_ridge_simulation|sdv_only|{""alpha"":1,""n_bootstrap"":25}",6,2025021111,2026-03-22,actual_total,5.0,6.567624621720966,1.9.1,20260912,6.567624621720966,0.0
total,"total|bootstrap_ridge_simulation|sdv_only|{""alpha"":1,""n_bootstrap"":25}",6,2025021112,2026-03-22,actual_total,6.0,6.709408599135409,1.9.1,20260912,6.709408599135409,0.0
total,"total|bootstrap_ridge_simulation|sdv_only|{""alpha"":1,""n_bootstrap"":25}",6,2025021113,2026-03-22,actual_total,5.0,6.206655694914615,1.9.1,20260912,6.206655694914615,0.0
total,"total|bootstrap_ridge_simulation|sdv_only|{""alpha"":1,""n_bootstrap"":25}",6,2025021114,2026-03-22,actual_total,1.0,6.486514290835938,1.9.1,20260912,6.486514290835938,0.0
total,"total|bootstrap_ridge_simulation|sdv_only|{""alpha"":1,""n_bootstrap"":25}",6,2025021115,2026-03-22,actual_total,5.0,5.903381299698002,1.9.1,20260912,5.903381299698002,0.0
total,"total|bootstrap_ridge_simulation|sdv_only|{""alpha"":1,""n_bootstrap"":25}",6,2025021116,2026-03-22,actual_total,7.0,6.021553314108469,1.9.1,20260912,6.021553314108469,0.0
total,"total|bootstrap_ridge_simulation|sdv_only|{""alpha"":1,""n_bootstrap"":25}",6,2025021117,2026-03-22,actual_total,11.0,6.546629407332119,1.9.1,20260912,6.546629407332119,0.0
total,"total|bootstrap_ridge_simulation|sdv_only|{""alpha"":1,""n_bootstrap"":25}",6,2025021118,2026-03-22,actual_total,7.0,6.057789438016613,1.9.1,20260912,6.057789438016613,0.0
total,"total|bootstrap_ridge_simulation|sdv_only|{""alpha"":1,""n_bootstrap"":25}",6,2025021119,2026-03-23,actual_total,3.0,5.763590500625011,1.9.1,20260912,5.763590500625011,0.0
total,"total|bootstrap_ridge_simulation|sdv_only|{""alpha"":1,""n_bootstrap"":25}",6,2025021120,2026-03-24,actual_total,6.0,6.157628900389946,1.9.1,20260912,6.157628900389946,0.0
total,"total|bootstrap_ridge_simulation|sdv_only|{""alpha"":1,""n_bootstrap"":25}",6,2025021121,2026-03-24,actual_total,7.0,6.596112935526694,1.9.1,20260912,6.596112935526694,0.0
total,"total|bootstrap_ridge_simulation|sdv_only|{""alpha"":1,""n_bootstrap"":25}",6,2025021122,2026-03-24,actual_total,5.0,6.019421894932821,1.9.1,20260912,6.019421894932821,0.0
total,"total|bootstrap_ridge_simulation|sdv_only|{""alpha"":1,""n_bootstrap"":25}",6,2025021123,2026-03-24,actual_total,9.0,5.860147949711032,1.9.1,20260912,5.860147949711032,0.0
total,"total|bootstrap_ridge_simulation|sdv_only|{""alpha"":1,""n_bootstrap"":25}",6,2025021124,2026-03-24,actual_total,7.0,6.268928480744812,1.9.1,20260912,6.268928480744812,0.0
total,"total|bootstrap_ridge_simulation|sdv_only|{""alpha"":1,""n_bootstrap"":25}",6,2025021125,2026-03-24,actual_total,5.0,6.108566323326556,1.9.1,20260912,6.1085663233265555,8.881784197001252e-16
total,"total|bootstrap_ridge_simulation|sdv_only|{""alpha"":1,""n_bootstrap"":25}",6,2025021126,2026-03-24,actual_total,8.0,6.608193185408539,1.9.1,20260912,6.608193185408539,0.0
total,"total|bootstrap_ridge_simulation|sdv_only|{""alpha"":1,""n_bootstrap"":25}",6,2025021127,2026-03-24,actual_total,9.0,6.201083284356916,1.9.1,20260912,6.2010832843569155,8.881784197001252e-16
total,"total|bootstrap_ridge_simulation|sdv_only|{""alpha"":1,""n_bootstrap"":25}",6,2025021128,2026-03-24,actual_total,3.0,6.293522105742303,1.9.1,20260912,6.293522105742303,0.0
total,"total|bootstrap_ridge_simulation|sdv_only|{""alpha"":1,""n_bootstrap"":25}",6,2025021129,2026-03-24,actual_total,9.0,6.219619205217865,1.9.1,20260912,6.219619205217865,0.0
total,"total|bootstrap_ridge_simulation|sdv_only|{""alpha"":1,""n_bootstrap"":25}",6,2025021130,2026-03-24,actual_total,10.0,6.011639332672563,1.9.1,20260912,6.011639332672563,0.0
total,"total|bootstrap_ridge_simulation|sdv_only|{""alpha"":1,""n_bootstrap"":25}",6,2025021131,2026-03-24,actual_total,5.0,6.064396067916221,1.9.1,20260912,6.064396067916221,0.0
total,"total|bootstrap_ridge_simulation|sdv_only|{""alpha"":1,""n_bootstrap"":25}",6,2025021132,2026-03-24,actual_total,7.0,6.643608873612599,1.9.1,20260912,6.643608873612599,0.0
total,"total|bootstrap_ridge_simulation|sdv_only|{""alpha"":1,""n_bootstrap"":25}",6,2025021133,2026-03-24,actual_total,5.0,5.918877994118381,1.9.1,20260912,5.918877994118381,0.0
total,"total|bootstrap_ridge_simulation|sdv_only|{""alpha"":1,""n_bootstrap"":25}",6,2025021134,2026-03-24,actual_total,8.0,6.674915515180009,1.9.1,20260912,6.674915515180009,0.0
total,"total|bootstrap_ridge_simulation|sdv_only|{""alpha"":1,""n_bootstrap"":25}",6,2025021135,2026-03-25,actual_total,7.0,6.185572314886769,1.9.1,20260912,6.185572314886769,0.0
total,"total|bootstrap_ridge_simulation|sdv_only|{""alpha"":1,""n_bootstrap"":25}",6,2025021136,2026-03-25,actual_total,7.0,6.075234801903101,1.9.1,20260912,6.075234801903101,0.0
total,"total|bootstrap_ridge_simulation|sdv_only|{""alpha"":1,""n_bootstrap"":25}",6,2025021137,2026-03-26,actual_total,3.0,6.486975934485547,1.9.1,20260912,6.486975934485547,0.0
total,"total|bootstrap_ridge_simulation|sdv_only|{""alpha"":1,""n_bootstrap"":25}",6,2025021138,2026-03-26,actual_total,7.0,6.1836272201420055,1.9.1,20260912,6.1836272201420055,0.0
total,"total|bootstrap_ridge_simulation|sdv_only|{""alpha"":1,""n_bootstrap"":25}",6,2025021139,2026-03-26,actual_total,7.0,6.016934129694935,1.9.1,20260912,6.016934129694935,0.0
total,"total|bootstrap_ridge_simulation|sdv_only|{""alpha"":1,""n_bootstrap"":25}",6,2025021140,2026-03-26,actual_total,5.0,6.055134560366064,1.9.1,20260912,6.055134560366064,0.0
total,"total|bootstrap_ridge_simulation|sdv_only|{""alpha"":1,""n_bootstrap"":25}",6,2025021141,2026-03-26,actual_total,3.0,6.118731704802217,1.9.1,20260912,6.118731704802217,0.0
total,"total|bootstrap_ridge_simulation|sdv_only|{""alpha"":1,""n_bootstrap"":25}",6,2025021142,2026-03-26,actual_total,6.0,5.936095819311841,1.9.1,20260912,5.936095819311841,0.0
total,"total|bootstrap_ridge_simulation|sdv_only|{""alpha"":1,""n_bootstrap"":25}",6,2025021143,2026-03-26,actual_total,3.0,6.091060284865965,1.9.1,20260912,6.091060284865965,0.0
total,"total|bootstrap_ridge_simulation|sdv_only|{""alpha"":1,""n_bootstrap"":25}",6,2025021144,2026-03-26,actual_total,6.0,6.252694922742481,1.9.1,20260912,6.252694922742481,0.0
total,"total|bootstrap_ridge_simulation|sdv_only|{""alpha"":1,""n_bootstrap"":25}",6,2025021145,2026-03-26,actual_total,5.0,6.302869262055216,1.9.1,20260912,6.302869262055216,0.0
total,"total|bootstrap_ridge_simulation|sdv_only|{""alpha"":1,""n_bootstrap"":25}",6,2025021146,2026-03-26,actual_total,11.0,6.435146894579471,1.9.1,20260912,6.4351468945794705,8.881784197001252e-16
total,"total|bootstrap_ridge_simulation|sdv_only|{""alpha"":1,""n_bootstrap"":25}",6,2025021147,2026-03-26,actual_total,5.0,6.395135955818209,1.9.1,20260912,6.395135955818209,0.0
total,"total|bootstrap_ridge_simulation|sdv_only|{""alpha"":1,""n_bootstrap"":25}",6,2025021148,2026-03-26,actual_total,7.0,6.460778874533435,1.9.1,20260912,6.460778874533435,0.0
total,"total|bootstrap_ridge_simulation|sdv_only|{""alpha"":1,""n_bootstrap"":25}",6,2025021149,2026-03-26,actual_total,4.0,6.218701375924617,1.9.1,20260912,6.218701375924617,0.0
total,"total|bootstrap_ridge_simulation|sdv_only|{""alpha"":1,""n_bootstrap"":25}",6,2025021150,2026-03-27,actual_total,7.0,6.350999867106663,1.9.1,20260912,6.350999867106663,0.0
total,"total|bootstrap_ridge_simulation|sdv_only|{""alpha"":1,""n_bootstrap"":25}",6,2025021151,2026-03-27,actual_total,7.0,6.000416555086877,1.9.1,20260912,6.000416555086877,0.0
total,"total|bootstrap_ridge_simulation|sdv_only|{""alpha"":1,""n_bootstrap"":25}",6,2025021152,2026-03-28,actual_total,6.0,5.901625287844241,1.9.1,20260912,5.901625287844241,0.0
total,"total|bootstrap_ridge_simulation|sdv_only|{""alpha"":1,""n_bootstrap"":25}",6,2025021153,2026-03-28,actual_total,7.0,6.111201145869181,1.9.1,20260912,6.111201145869181,0.0
total,"total|bootstrap_ridge_simulation|sdv_only|{""alpha"":1,""n_bootstrap"":25}",6,2025021154,2026-03-28,actual_total,6.0,6.816499371123115,1.9.1,20260912,6.816499371123115,0.0
total,"total|bootstrap_ridge_simulation|sdv_only|{""alpha"":1,""n_bootstrap"":25}",6,2025021155,2026-03-28,actual_total,9.0,6.157518851061545,1.9.1,20260912,6.157518851061545,0.0
total,"total|bootstrap_ridge_simulation|sdv_only|{""alpha"":1,""n_bootstrap"":25}",6,2025021156,2026-03-28,actual_total,9.0,6.220117674558443,1.9.1,20260912,6.220117674558443,0.0
total,"total|bootstrap_ridge_simulation|sdv_only|{""alpha"":1,""n_bootstrap"":25}",6,2025021157,2026-03-28,actual_total,7.0,6.4790257151227335,1.9.1,20260912,6.4790257151227335,0.0
total,"total|bootstrap_ridge_simulation|sdv_only|{""alpha"":1,""n_bootstrap"":25}",6,2025021158,2026-03-28,actual_total,5.0,6.308936918805951,1.9.1,20260912,6.308936918805951,0.0
total,"total|bootstrap_ridge_simulation|sdv_only|{""alpha"":1,""n_bootstrap"":25}",6,2025021159,2026-03-28,actual_total,5.0,6.202811146553314,1.9.1,20260912,6.202811146553314,0.0
total,"total|bootstrap_ridge_simulation|sdv_only|{""alpha"":1,""n_bootstrap"":25}",6,2025021160,2026-03-28,actual_total,6.0,6.2224423110859535,1.9.1,20260912,6.2224423110859535,0.0
total,"total|bootstrap_ridge_simulation|sdv_only|{""alpha"":1,""n_bootstrap"":25}",6,2025021161,2026-03-28,actual_total,5.0,6.342033058082768,1.9.1,20260912,6.342033058082768,0.0
total,"total|bootstrap_ridge_simulation|sdv_only|{""alpha"":1,""n_bootstrap"":25}",6,2025021162,2026-03-28,actual_total,6.0,6.306472565945135,1.9.1,20260912,6.306472565945135,0.0
total,"total|bootstrap_ridge_simulation|sdv_only|{""alpha"":1,""n_bootstrap"":25}",6,2025021163,2026-03-28,actual_total,8.0,5.99330148388794,1.9.1,20260912,5.99330148388794,0.0
total,"total|bootstrap_ridge_simulation|sdv_only|{""alpha"":1,""n_bootstrap"":25}",6,2025021164,2026-03-28,actual_total,8.0,6.062145304380594,1.9.1,20260912,6.062145304380594,0.0
total,"total|bootstrap_ridge_simulation|sdv_only|{""alpha"":1,""n_bootstrap"":25}",6,2025021165,2026-03-28,actual_total,10.0,6.314668704646464,1.9.1,20260912,6.314668704646464,0.0
total,"total|bootstrap_ridge_simulation|sdv_only|{""alpha"":1,""n_bootstrap"":25}",6,2025021166,2026-03-28,actual_total,9.0,6.258860317044436,1.9.1,20260912,6.258860317044436,0.0
total,"total|bootstrap_ridge_simulation|sdv_only|{""alpha"":1,""n_bootstrap"":25}",6,2025021167,2026-03-29,actual_total,4.0,5.77072978702153,1.9.1,20260912,5.77072978702153,0.0
total,"total|bootstrap_ridge_simulation|sdv_only|{""alpha"":1,""n_bootstrap"":25}",6,2025021168,2026-03-29,actual_total,5.0,6.14151212889658,1.9.1,20260912,6.14151212889658,0.0
total,"total|bootstrap_ridge_simulation|sdv_only|{""alpha"":1,""n_bootstrap"":25}",6,2025021169,2026-03-29,actual_total,4.0,6.594366209982106,1.9.1,20260912,6.594366209982106,0.0
total,"total|bootstrap_ridge_simulation|sdv_only|{""alpha"":1,""n_bootstrap"":25}",6,2025021170,2026-03-29,actual_total,7.0,6.24756529251176,1.9.1,20260912,6.2475652925117595,8.881784197001252e-16
total,"total|bootstrap_ridge_simulation|sdv_only|{""alpha"":1,""n_bootstrap"":25}",6,2025021171,2026-03-29,actual_total,8.0,6.272492412355197,1.9.1,20260912,6.272492412355197,0.0
total,"total|bootstrap_ridge_simulation|sdv_only|{""alpha"":1,""n_bootstrap"":25}",6,2025021172,2026-03-29,actual_total,3.0,5.733558127807853,1.9.1,20260912,5.733558127807853,0.0
total,"total|bootstrap_ridge_simulation|sdv_only|{""alpha"":1,""n_bootstrap"":25}",6,2025021173,2026-03-30,actual_total,11.0,6.523463074255676,1.9.1,20260912,6.523463074255676,0.0
total,"total|bootstrap_ridge_simulation|sdv_only|{""alpha"":1,""n_bootstrap"":25}",6,2025021174,2026-03-30,actual_total,11.0,6.250806698429629,1.9.1,20260912,6.250806698429629,0.0
total,"total|bootstrap_ridge_simulation|sdv_only|{""alpha"":1,""n_bootstrap"":25}",6,2025021175,2026-03-30,actual_total,6.0,6.298080367868331,1.9.1,20260912,6.298080367868331,0.0
total,"total|bootstrap_ridge_simulation|sdv_only|{""alpha"":1,""n_bootstrap"":25}",6,2025021176,2026-03-30,actual_total,9.0,6.586251519972953,1.9.1,20260912,6.586251519972953,0.0
total,"total|bootstrap_ridge_simulation|sdv_only|{""alpha"":1,""n_bootstrap"":25}",6,2025021177,2026-03-30,actual_total,9.0,6.084838316677679,1.9.1,20260912,6.084838316677679,0.0
total,"total|bootstrap_ridge_simulation|sdv_only|{""alpha"":1,""n_bootstrap"":25}",6,2025021178,2026-03-31,actual_total,9.0,5.863036582775729,1.9.1,20260912,5.863036582775729,0.0
total,"total|bootstrap_ridge_simulation|sdv_only|{""alpha"":1,""n_bootstrap"":25}",6,2025021179,2026-03-31,actual_total,7.0,6.470798431084392,1.9.1,20260912,6.470798431084392,0.0
total,"total|bootstrap_ridge_simulation|sdv_only|{""alpha"":1,""n_bootstrap"":25}",6,2025021180,2026-03-31,actual_total,5.0,6.232077619042232,1.9.1,20260912,6.232077619042232,0.0
total,"total|bootstrap_ridge_simulation|sdv_only|{""alpha"":1,""n_bootstrap"":25}",6,2025021181,2026-03-31,actual_total,9.0,5.790711353212892,1.9.1,20260912,5.790711353212892,0.0
total,"total|bootstrap_ridge_simulation|sdv_only|{""alpha"":1,""n_bootstrap"":25}",6,2025021182,2026-03-31,actual_total,5.0,6.003449708474147,1.9.1,20260912,6.003449708474147,0.0
total,"total|bootstrap_ridge_simulation|sdv_only|{""alpha"":1,""n_bootstrap"":25}",6,2025021183,2026-03-31,actual_total,6.0,6.431096821612851,1.9.1,20260912,6.431096821612851,0.0
total,"total|bootstrap_ridge_simulation|sdv_only|{""alpha"":1,""n_bootstrap"":25}",6,2025021184,2026-03-31,actual_total,10.0,6.0671863541104925,1.9.1,20260912,6.0671863541104925,0.0
total,"total|bootstrap_ridge_simulation|sdv_only|{""alpha"":1,""n_bootstrap"":25}",6,2025021185,2026-03-31,actual_total,7.0,6.634630119877373,1.9.1,20260912,6.634630119877373,0.0
total,"total|bootstrap_ridge_simulation|sdv_only|{""alpha"":1,""n_bootstrap"":25}",6,2025021186,2026-03-31,actual_total,7.0,6.181957629494796,1.9.1,20260912,6.181957629494796,0.0
total,"total|bootstrap_ridge_simulation|sdv_only|{""alpha"":1,""n_bootstrap"":25}",6,2025021187,2026-03-31,actual_total,3.0,6.433625278768846,1.9.1,20260912,6.433625278768846,0.0
total,"total|bootstrap_ridge_simulation|sdv_only|{""alpha"":1,""n_bootstrap"":25}",6,2025021188,2026-04-01,actual_total,14.0,6.607222464696354,1.9.1,20260912,6.607222464696354,0.0
total,"total|bootstrap_ridge_simulation|sdv_only|{""alpha"":1,""n_bootstrap"":25}",6,2025021189,2026-04-01,actual_total,3.0,5.880009465142125,1.9.1,20260912,5.880009465142125,0.0
total,"total|bootstrap_ridge_simulation|sdv_only|{""alpha"":1,""n_bootstrap"":25}",6,2025021190,2026-04-01,actual_total,7.0,6.434749733950748,1.9.1,20260912,6.434749733950748,0.0
total,"total|bootstrap_ridge_simulation|sdv_only|{""alpha"":1,""n_bootstrap"":25}",6,2025021191,2026-04-02,actual_total,5.0,6.108812525145291,1.9.1,20260912,6.108812525145291,0.0
total,"total|bootstrap_ridge_simulation|sdv_only|{""alpha"":1,""n_bootstrap"":25}",6,2025021192,2026-04-02,actual_total,9.0,6.342843503811326,1.9.1,20260912,6.342843503811326,0.0
total,"total|bootstrap_ridge_simulation|sdv_only|{""alpha"":1,""n_bootstrap"":25}",6,2025021193,2026-04-02,actual_total,3.0,5.888400376605569,1.9.1,20260912,5.888400376605569,0.0
total,"total|bootstrap_ridge_simulation|sdv_only|{""alpha"":1,""n_bootstrap"":25}",6,2025021194,2026-04-02,actual_total,10.0,6.382307921929096,1.9.1,20260912,6.382307921929096,0.0
total,"total|bootstrap_ridge_simulation|sdv_only|{""alpha"":1,""n_bootstrap"":25}",6,2025021195,2026-04-02,actual_total,5.0,6.064417468958099,1.9.1,20260912,6.064417468958099,0.0
total,"total|bootstrap_ridge_simulation|sdv_only|{""alpha"":1,""n_bootstrap"":25}",6,2025021196,2026-04-02,actual_total,6.0,5.961463741025398,1.9.1,20260912,5.961463741025398,0.0
total,"total|bootstrap_ridge_simulation|sdv_only|{""alpha"":1,""n_bootstrap"":25}",6,2025021197,2026-04-02,actual_total,6.0,6.637407927243272,1.9.1,20260912,6.637407927243272,0.0
total,"total|bootstrap_ridge_simulation|sdv_only|{""alpha"":1,""n_bootstrap"":25}",6,2025021198,2026-04-02,actual_total,3.0,5.887207315693765,1.9.1,20260912,5.887207315693765,0.0
total,"total|bootstrap_ridge_simulation|sdv_only|{""alpha"":1,""n_bootstrap"":25}",6,2025021199,2026-04-02,actual_total,7.0,6.503727570186487,1.9.1,20260912,6.503727570186487,0.0
total,"total|bootstrap_ridge_simulation|sdv_only|{""alpha"":1,""n_bootstrap"":25}",6,2025021200,2026-04-02,actual_total,4.0,6.602072505722703,1.9.1,20260912,6.602072505722703,0.0
total,"total|bootstrap_ridge_simulation|sdv_only|{""alpha"":1,""n_bootstrap"":25}",6,2025021201,2026-04-02,actual_total,9.0,6.006150937944764,1.9.1,20260912,6.006150937944764,0.0
total,"total|bootstrap_ridge_simulation|sdv_only|{""alpha"":1,""n_bootstrap"":25}",6,2025021202,2026-04-02,actual_total,5.0,6.242890964797941,1.9.1,20260912,6.242890964797941,0.0
total,"total|bootstrap_ridge_simulation|sdv_only|{""alpha"":1,""n_bootstrap"":25}",6,2025021203,2026-04-02,actual_total,8.0,6.169053110097836,1.9.1,20260912,6.169053110097836,0.0
total,"total|bootstrap_ridge_simulation|sdv_only|{""alpha"":1,""n_bootstrap"":25}",6,2025021204,2026-04-02,actual_total,9.0,5.997475960093944,1.9.1,20260912,5.997475960093944,0.0
total,"total|bootstrap_ridge_simulation|sdv_only|{""alpha"":1,""n_bootstrap"":25}",6,2025021205,2026-04-03,actual_total,5.0,6.073979805437928,1.9.1,20260912,6.073979805437928,0.0
total,"total|bootstrap_ridge_simulation|sdv_only|{""alpha"":1,""n_bootstrap"":25}",6,2025021206,2026-04-03,actual_total,8.0,6.386011903742275,1.9.1,20260912,6.386011903742275,0.0
total,"total|bootstrap_ridge_simulation|sdv_only|{""alpha"":1,""n_bootstrap"":25}",6,2025021207,2026-04-04,actual_total,5.0,5.997172827318079,1.9.1,20260912,5.997172827318079,0.0
total,"total|bootstrap_ridge_simulation|sdv_only|{""alpha"":1,""n_bootstrap"":25}",6,2025021208,2026-04-04,actual_total,5.0,6.080506112101431,1.9.1,20260912,6.080506112101431,0.0
total,"total|bootstrap_ridge_simulation|sdv_only|{""alpha"":1,""n_bootstrap"":25}",6,2025021209,2026-04-04,actual_total,2.0,6.185245403917959,1.9.1,20260912,6.185245403917959,0.0
total,"total|bootstrap_ridge_simulation|sdv_only|{""alpha"":1,""n_bootstrap"":25}",6,2025021210,2026-04-04,actual_total,4.0,6.032580466383063,1.9.1,20260912,6.032580466383063,0.0
total,"total|bootstrap_ridge_simulation|sdv_only|{""alpha"":1,""n_bootstrap"":25}",6,2025021211,2026-04-04,actual_total,13.0,6.2447477349000975,1.9.1,20260912,6.2447477349000975,0.0
total,"total|bootstrap_ridge_simulation|sdv_only|{""alpha"":1,""n_bootstrap"":25}",6,2025021212,2026-04-04,actual_total,7.0,6.352944246272273,1.9.1,20260912,6.352944246272273,0.0
total,"total|bootstrap_ridge_simulation|sdv_only|{""alpha"":1,""n_bootstrap"":25}",6,2025021213,2026-04-04,actual_total,8.0,6.439070979150625,1.9.1,20260912,6.439070979150625,0.0
total,"total|bootstrap_ridge_simulation|sdv_only|{""alpha"":1,""n_bootstrap"":25}",6,2025021214,2026-04-04,actual_total,7.0,6.587465873136562,1.9.1,20260912,6.587465873136562,0.0
total,"total|bootstrap_ridge_simulation|sdv_only|{""alpha"":1,""n_bootstrap"":25}",6,2025021215,2026-04-04,actual_total,3.0,6.233650207374338,1.9.1,20260912,6.233650207374338,0.0
total,"total|bootstrap_ridge_simulation|sdv_only|{""alpha"":1,""n_bootstrap"":25}",6,2025021216,2026-04-04,actual_total,11.0,6.503938966902121,1.9.1,20260912,6.503938966902121,0.0
total,"total|bootstrap_ridge_simulation|sdv_only|{""alpha"":1,""n_bootstrap"":25}",6,2025021217,2026-04-04,actual_total,13.0,6.069406522451914,1.9.1,20260912,6.069406522451914,0.0
total,"total|bootstrap_ridge_simulation|sdv_only|{""alpha"":1,""n_bootstrap"":25}",6,2025021218,2026-04-04,actual_total,6.0,6.404062599246729,1.9.1,20260912,6.404062599246729,0.0
total,"total|bootstrap_ridge_simulation|sdv_only|{""alpha"":1,""n_bootstrap"":25}",6,2025021219,2026-04-04,actual_total,8.0,6.407482153318068,1.9.1,20260912,6.4074821533180675,8.881784197001252e-16
total,"total|bootstrap_ridge_simulation|sdv_only|{""alpha"":1,""n_bootstrap"":25}",6,2025021220,2026-04-04,actual_total,9.0,6.177394359407003,1.9.1,20260912,6.177394359407003,0.0
total,"total|bootstrap_ridge_simulation|sdv_only|{""alpha"":1,""n_bootstrap"":25}",6,2025021221,2026-04-04,actual_total,6.0,6.170452309902262,1.9.1,20260912,6.170452309902262,0.0
total,"total|bootstrap_ridge_simulation|sdv_only|{""alpha"":1,""n_bootstrap"":25}",6,2025021222,2026-04-05,actual_total,9.0,6.3293920218382285,1.9.1,20260912,6.3293920218382285,0.0
total,"total|bootstrap_ridge_simulation|sdv_only|{""alpha"":1,""n_bootstrap"":25}",6,2025021223,2026-04-05,actual_total,7.0,6.256199621889151,1.9.1,20260912,6.256199621889151,0.0
total,"total|bootstrap_ridge_simulation|sdv_only|{""alpha"":1,""n_bootstrap"":25}",6,2025021224,2026-04-05,actual_total,3.0,5.82383813101503,1.9.1,20260912,5.82383813101503,0.0
total,"total|bootstrap_ridge_simulation|sdv_only|{""alpha"":1,""n_bootstrap"":25}",6,2025021225,2026-04-05,actual_total,9.0,6.250101740634842,1.9.1,20260912,6.250101740634842,0.0
total,"total|bootstrap_ridge_simulation|sdv_only|{""alpha"":1,""n_bootstrap"":25}",6,2025021226,2026-04-05,actual_total,3.0,6.369454399693402,1.9.1,20260912,6.369454399693402,0.0
total,"total|bootstrap_ridge_simulation|sdv_only|{""alpha"":1,""n_bootstrap"":25}",6,2025021227,2026-04-05,actual_total,9.0,6.097675192783154,1.9.1,20260912,6.097675192783154,0.0
total,"total|bootstrap_ridge_simulation|sdv_only|{""alpha"":1,""n_bootstrap"":25}",6,2025021228,2026-04-05,actual_total,5.0,6.3044753494203984,1.9.1,20260912,6.3044753494203984,0.0
total,"total|bootstrap_ridge_simulation|sdv_only|{""alpha"":1,""n_bootstrap"":25}",6,2025021229,2026-04-06,actual_total,6.0,6.246540298442965,1.9.1,20260912,6.246540298442965,0.0
total,"total|bootstrap_ridge_simulation|sdv_only|{""alpha"":1,""n_bootstrap"":25}",6,2025021230,2026-04-06,actual_total,8.0,5.992009087758013,1.9.1,20260912,5.992009087758013,0.0
total,"total|bootstrap_ridge_simulation|sdv_only|{""alpha"":1,""n_bootstrap"":25}",6,2025021231,2026-04-06,actual_total,5.0,6.224794566389989,1.9.1,20260912,6.224794566389989,0.0
total,"total|bootstrap_ridge_simulation|sdv_only|{""alpha"":1,""n_bootstrap"":25}",6,2025021232,2026-04-06,actual_total,5.0,6.012195959623643,1.9.1,20260912,6.012195959623643,0.0
total,"total|bootstrap_ridge_simulation|sdv_only|{""alpha"":1,""n_bootstrap"":25}",6,2025021233,2026-04-07,actual_total,7.0,6.091900951876332,1.9.1,20260912,6.091900951876332,0.0
total,"total|bootstrap_ridge_simulation|sdv_only|{""alpha"":1,""n_bootstrap"":25}",6,2025021234,2026-04-07,actual_total,8.0,5.921940451343874,1.9.1,20260912,5.921940451343874,0.0
total,"total|bootstrap_ridge_simulation|sdv_only|{""alpha"":1,""n_bootstrap"":25}",6,2025021235,2026-04-07,actual_total,7.0,6.38037978873123,1.9.1,20260912,6.38037978873123,0.0
total,"total|bootstrap_ridge_simulation|sdv_only|{""alpha"":1,""n_bootstrap"":25}",6,2025021236,2026-04-07,actual_total,6.0,5.971647163588864,1.9.1,20260912,5.971647163588864,0.0
total,"total|bootstrap_ridge_simulation|sdv_only|{""alpha"":1,""n_bootstrap"":25}",6,2025021237,2026-04-07,actual_total,11.0,6.360222838979168,1.9.1,20260912,6.360222838979168,0.0
total,"total|bootstrap_ridge_simulation|sdv_only|{""alpha"":1,""n_bootstrap"":25}",6,2025021238,2026-04-07,actual_total,4.0,6.3173617230051535,1.9.1,20260912,6.3173617230051535,0.0
total,"total|bootstrap_ridge_simulation|sdv_only|{""alpha"":1,""n_bootstrap"":25}",6,2025021239,2026-04-07,actual_total,7.0,5.902923487650229,1.9.1,20260912,5.902923487650229,0.0
total,"total|bootstrap_ridge_simulation|sdv_only|{""alpha"":1,""n_bootstrap"":25}",6,2025021240,2026-04-07,actual_total,7.0,6.212140262237122,1.9.1,20260912,6.212140262237122,0.0
total,"total|bootstrap_ridge_simulation|sdv_only|{""alpha"":1,""n_bootstrap"":25}",6,2025021241,2026-04-07,actual_total,11.0,6.588460785491764,1.9.1,20260912,6.588460785491764,0.0
total,"total|bootstrap_ridge_simulation|sdv_only|{""alpha"":1,""n_bootstrap"":25}",6,2025021242,2026-04-07,actual_total,3.0,6.287105250412578,1.9.1,20260912,6.287105250412578,0.0
total,"total|bootstrap_ridge_simulation|sdv_only|{""alpha"":1,""n_bootstrap"":25}",6,2025021243,2026-04-07,actual_total,5.0,6.552472206856842,1.9.1,20260912,6.552472206856842,0.0
total,"total|bootstrap_ridge_simulation|sdv_only|{""alpha"":1,""n_bootstrap"":25}",6,2025021244,2026-04-08,actual_total,8.0,6.066818443922668,1.9.1,20260912,6.066818443922668,0.0
total,"total|bootstrap_ridge_simulation|sdv_only|{""alpha"":1,""n_bootstrap"":25}",6,2025021245,2026-04-08,actual_total,4.0,6.406884840306147,1.9.1,20260912,6.406884840306147,0.0
total,"total|bootstrap_ridge_simulation|sdv_only|{""alpha"":1,""n_bootstrap"":25}",6,2025021246,2026-04-08,actual_total,7.0,6.464120363793243,1.9.1,20260912,6.464120363793243,0.0
total,"total|bootstrap_ridge_simulation|sdv_only|{""alpha"":1,""n_bootstrap"":25}",6,2025021247,2026-04-09,actual_total,5.0,6.451897689431556,1.9.1,20260912,6.451897689431556,0.0
total,"total|bootstrap_ridge_simulation|sdv_only|{""alpha"":1,""n_bootstrap"":25}",6,2025021248,2026-04-09,actual_total,3.0,6.214245356245824,1.9.1,20260912,6.214245356245824,0.0
total,"total|bootstrap_ridge_simulation|sdv_only|{""alpha"":1,""n_bootstrap"":25}",6,2025021249,2026-04-09,actual_total,6.0,5.80718899376319,1.9.1,20260912,5.80718899376319,0.0
total,"total|bootstrap_ridge_simulation|sdv_only|{""alpha"":1,""n_bootstrap"":25}",6,2025021250,2026-04-09,actual_total,9.0,5.940091577370815,1.9.1,20260912,5.940091577370815,0.0
total,"total|bootstrap_ridge_simulation|sdv_only|{""alpha"":1,""n_bootstrap"":25}",6,2025021251,2026-04-09,actual_total,7.0,6.4637892894355256,1.9.1,20260912,6.4637892894355256,0.0
total,"total|bootstrap_ridge_simulation|sdv_only|{""alpha"":1,""n_bootstrap"":25}",6,2025021252,2026-04-09,actual_total,8.0,6.3892403081052125,1.9.1,20260912,6.3892403081052125,0.0
total,"total|bootstrap_ridge_simulation|sdv_only|{""alpha"":1,""n_bootstrap"":25}",6,2025021253,2026-04-09,actual_total,5.0,6.031179634121177,1.9.1,20260912,6.031179634121177,0.0
total,"total|bootstrap_ridge_simulation|sdv_only|{""alpha"":1,""n_bootstrap"":25}",6,2025021254,2026-04-09,actual_total,9.0,6.067526764091395,1.9.1,20260912,6.067526764091395,0.0
total,"total|bootstrap_ridge_simulation|sdv_only|{""alpha"":1,""n_bootstrap"":25}",6,2025021255,2026-04-09,actual_total,9.0,6.55724654570628,1.9.1,20260912,6.55724654570628,0.0
total,"total|bootstrap_ridge_simulation|sdv_only|{""alpha"":1,""n_bootstrap"":25}",6,2025021256,2026-04-09,actual_total,4.0,6.3081716738165365,1.9.1,20260912,6.3081716738165365,0.0
total,"total|bootstrap_ridge_simulation|sdv_only|{""alpha"":1,""n_bootstrap"":25}",6,2025021257,2026-04-09,actual_total,5.0,6.330165425808353,1.9.1,20260912,6.330165425808353,0.0
total,"total|bootstrap_ridge_simulation|sdv_only|{""alpha"":1,""n_bootstrap"":25}",6,2025021258,2026-04-09,actual_total,7.0,6.426087039747952,1.9.1,20260912,6.426087039747952,0.0
total,"total|bootstrap_ridge_simulation|sdv_only|{""alpha"":1,""n_bootstrap"":25}",6,2025021259,2026-04-09,actual_total,7.0,6.011714463614293,1.9.1,20260912,6.011714463614293,0.0
total,"total|bootstrap_ridge_simulation|sdv_only|{""alpha"":1,""n_bootstrap"":25}",6,2025021260,2026-04-09,actual_total,5.0,6.187100746113084,1.9.1,20260912,6.187100746113084,0.0
total,"total|bootstrap_ridge_simulation|sdv_only|{""alpha"":1,""n_bootstrap"":25}",6,2025021261,2026-04-11,actual_total,3.0,6.024845516508885,1.9.1,20260912,6.024845516508885,0.0
total,"total|bootstrap_ridge_simulation|sdv_only|{""alpha"":1,""n_bootstrap"":25}",6,2025021262,2026-04-11,actual_total,3.0,6.161652750814791,1.9.1,20260912,6.161652750814791,0.0
total,"total|bootstrap_ridge_simulation|sdv_only|{""alpha"":1,""n_bootstrap"":25}",6,2025021263,2026-04-11,actual_total,9.0,6.562201873297451,1.9.1,20260912,6.562201873297451,0.0
total,"total|bootstrap_ridge_simulation|sdv_only|{""alpha"":1,""n_bootstrap"":25}",6,2025021264,2026-04-11,actual_total,1.0,6.306607263197759,1.9.1,20260912,6.306607263197759,0.0
total,"total|bootstrap_ridge_simulation|sdv_only|{""alpha"":1,""n_bootstrap"":25}",6,2025021265,2026-04-11,actual_total,8.0,6.268381422191986,1.9.1,20260912,6.268381422191986,0.0
total,"total|bootstrap_ridge_simulation|sdv_only|{""alpha"":1,""n_bootstrap"":25}",6,2025021266,2026-04-11,actual_total,8.0,6.19458438392847,1.9.1,20260912,6.19458438392847,0.0
total,"total|bootstrap_ridge_simulation|sdv_only|{""alpha"":1,""n_bootstrap"":25}",6,2025021267,2026-04-11,actual_total,3.0,6.353134718612165,1.9.1,20260912,6.353134718612165,0.0
total,"total|bootstrap_ridge_simulation|sdv_only|{""alpha"":1,""n_bootstrap"":25}",6,2025021268,2026-04-11,actual_total,2.0,5.7255498755293495,1.9.1,20260912,5.7255498755293495,0.0
total,"total|bootstrap_ridge_simulation|sdv_only|{""alpha"":1,""n_bootstrap"":25}",6,2025021269,2026-04-11,actual_total,5.0,6.550628587937768,1.9.1,20260912,6.5506285879377675,8.881784197001252e-16
total,"total|bootstrap_ridge_simulation|sdv_only|{""alpha"":1,""n_bootstrap"":25}",6,2025021270,2026-04-11,actual_total,8.0,6.085956434997248,1.9.1,20260912,6.085956434997248,0.0
total,"total|bootstrap_ridge_simulation|sdv_only|{""alpha"":1,""n_bootstrap"":25}",6,2025021271,2026-04-11,actual_total,7.0,6.421712224267672,1.9.1,20260912,6.421712224267672,0.0
total,"total|bootstrap_ridge_simulation|sdv_only|{""alpha"":1,""n_bootstrap"":25}",6,2025021272,2026-04-11,actual_total,8.0,5.7872913157510615,1.9.1,20260912,5.7872913157510615,0.0
total,"total|bootstrap_ridge_simulation|sdv_only|{""alpha"":1,""n_bootstrap"":25}",6,2025021273,2026-04-11,actual_total,5.0,6.071792778578237,1.9.1,20260912,6.071792778578237,0.0
total,"total|bootstrap_ridge_simulation|sdv_only|{""alpha"":1,""n_bootstrap"":25}",6,2025021274,2026-04-11,actual_total,5.0,6.303716040508093,1.9.1,20260912,6.303716040508093,0.0
total,"total|bootstrap_ridge_simulation|sdv_only|{""alpha"":1,""n_bootstrap"":25}",6,2025021275,2026-04-11,actual_total,7.0,6.313477667498397,1.9.1,20260912,6.313477667498397,0.0
total,"total|bootstrap_ridge_simulation|sdv_only|{""alpha"":1,""n_bootstrap"":25}",6,2025021276,2026-04-12,actual_total,3.0,6.545388166097665,1.9.1,20260912,6.545388166097665,0.0
total,"total|bootstrap_ridge_simulation|sdv_only|{""alpha"":1,""n_bootstrap"":25}",6,2025021277,2026-04-12,actual_total,5.0,6.402471054951165,1.9.1,20260912,6.402471054951165,0.0
total,"total|bootstrap_ridge_simulation|sdv_only|{""alpha"":1,""n_bootstrap"":25}",6,2025021278,2026-04-12,actual_total,5.0,6.279166442156329,1.9.1,20260912,6.279166442156329,0.0
total,"total|bootstrap_ridge_simulation|sdv_only|{""alpha"":1,""n_bootstrap"":25}",6,2025021279,2026-04-12,actual_total,7.0,6.07881667359596,1.9.1,20260912,6.07881667359596,0.0
total,"total|bootstrap_ridge_simulation|sdv_only|{""alpha"":1,""n_bootstrap"":25}",6,2025021280,2026-04-12,actual_total,7.0,6.709546058896945,1.9.1,20260912,6.709546058896945,0.0
total,"total|bootstrap_ridge_simulation|sdv_only|{""alpha"":1,""n_bootstrap"":25}",6,2025021281,2026-04-12,actual_total,5.0,6.20285353218439,1.9.1,20260912,6.20285353218439,0.0
total,"total|bootstrap_ridge_simulation|sdv_only|{""alpha"":1,""n_bootstrap"":25}",6,2025021282,2026-04-13,actual_total,7.0,6.156104245228583,1.9.1,20260912,6.156104245228583,0.0
total,"total|bootstrap_ridge_simulation|sdv_only|{""alpha"":1,""n_bootstrap"":25}",6,2025021283,2026-04-13,actual_total,5.0,5.768502641301751,1.9.1,20260912,5.768502641301751,0.0
total,"total|bootstrap_ridge_simulation|sdv_only|{""alpha"":1,""n_bootstrap"":25}",6,2025021284,2026-04-13,actual_total,5.0,6.14646112926321,1.9.1,20260912,6.14646112926321,0.0
total,"total|bootstrap_ridge_simulation|sdv_only|{""alpha"":1,""n_bootstrap"":25}",6,2025021285,2026-04-13,actual_total,11.0,6.026549330521524,1.9.1,20260912,6.026549330521524,0.0
total,"total|bootstrap_ridge_simulation|sdv_only|{""alpha"":1,""n_bootstrap"":25}",6,2025021286,2026-04-13,actual_total,9.0,6.223124737963642,1.9.1,20260912,6.223124737963642,0.0
total,"total|bootstrap_ridge_simulation|sdv_only|{""alpha"":1,""n_bootstrap"":25}",6,2025021287,2026-04-13,actual_total,5.0,6.163569647541301,1.9.1,20260912,6.163569647541301,0.0
total,"total|bootstrap_ridge_simulation|sdv_only|{""alpha"":1,""n_bootstrap"":25}",6,2025021288,2026-04-13,actual_total,6.0,6.371359639536647,1.9.1,20260912,6.371359639536647,0.0
total,"total|bootstrap_ridge_simulation|sdv_only|{""alpha"":1,""n_bootstrap"":25}",6,2025021289,2026-04-13,actual_total,3.0,6.720792483482573,1.9.1,20260912,6.720792483482573,0.0
total,"total|bootstrap_ridge_simulation|sdv_only|{""alpha"":1,""n_bootstrap"":25}",6,2025021290,2026-04-13,actual_total,8.0,6.024492929591524,1.9.1,20260912,6.024492929591524,0.0
total,"total|bootstrap_ridge_simulation|sdv_only|{""alpha"":1,""n_bootstrap"":25}",6,2025021291,2026-04-13,actual_total,8.0,5.903600022949725,1.9.1,20260912,5.903600022949725,0.0
total,"total|bootstrap_ridge_simulation|sdv_only|{""alpha"":1,""n_bootstrap"":25}",6,2025021292,2026-04-14,actual_total,4.0,6.192041281385186,1.9.1,20260912,6.192041281385186,0.0
total,"total|bootstrap_ridge_simulation|sdv_only|{""alpha"":1,""n_bootstrap"":25}",6,2025021293,2026-04-14,actual_total,3.0,6.594903171548404,1.9.1,20260912,6.594903171548404,0.0
total,"total|bootstrap_ridge_simulation|sdv_only|{""alpha"":1,""n_bootstrap"":25}",6,2025021294,2026-04-14,actual_total,6.0,5.977328412607332,1.9.1,20260912,5.977328412607332,0.0
total,"total|bootstrap_ridge_simulation|sdv_only|{""alpha"":1,""n_bootstrap"":25}",6,2025021295,2026-04-14,actual_total,3.0,6.490978835125924,1.9.1,20260912,6.490978835125924,0.0
total,"total|bootstrap_ridge_simulation|sdv_only|{""alpha"":1,""n_bootstrap"":25}",6,2025021296,2026-04-14,actual_total,5.0,6.582170046577812,1.9.1,20260912,6.582170046577812,0.0
total,"total|bootstrap_ridge_simulation|sdv_only|{""alpha"":1,""n_bootstrap"":25}",6,2025021297,2026-04-14,actual_total,8.0,6.158954253167158,1.9.1,20260912,6.158954253167158,0.0
total,"total|bootstrap_ridge_simulation|sdv_only|{""alpha"":1,""n_bootstrap"":25}",6,2025021298,2026-04-14,actual_total,4.0,6.334042938704573,1.9.1,20260912,6.334042938704573,0.0
total,"total|bootstrap_ridge_simulation|sdv_only|{""alpha"":1,""n_bootstrap"":25}",6,2025021299,2026-04-14,actual_total,12.0,6.3481825985368205,1.9.1,20260912,6.3481825985368205,0.0
total,"total|bootstrap_ridge_simulation|sdv_only|{""alpha"":1,""n_bootstrap"":25}",6,2025021300,2026-04-14,actual_total,7.0,6.190083052596963,1.9.1,20260912,6.190083052596963,0.0
total,"total|bootstrap_ridge_simulation|sdv_only|{""alpha"":1,""n_bootstrap"":25}",6,2025021301,2026-04-15,actual_total,7.0,6.0330907481552085,1.9.1,20260912,6.0330907481552085,0.0
total,"total|bootstrap_ridge_simulation|sdv_only|{""alpha"":1,""n_bootstrap"":25}",6,2025021302,2026-04-15,actual_total,6.0,5.868093288268888,1.9.1,20260912,5.868093288268888,0.0
total,"total|bootstrap_ridge_simulation|sdv_only|{""alpha"":1,""n_bootstrap"":25}",6,2025021303,2026-04-15,actual_total,9.0,6.072504951570561,1.9.1,20260912,6.072504951570561,0.0
total,"total|bootstrap_ridge_simulation|sdv_only|{""alpha"":1,""n_bootstrap"":25}",6,2025021304,2026-04-15,actual_total,4.0,6.079122072040081,1.9.1,20260912,6.079122072040081,0.0
total,"total|bootstrap_ridge_simulation|sdv_only|{""alpha"":1,""n_bootstrap"":25}",6,2025021305,2026-04-15,actual_total,7.0,6.172188928590361,1.9.1,20260912,6.172188928590361,0.0
total,"total|bootstrap_ridge_simulation|sdv_only|{""alpha"":1,""n_bootstrap"":25}",6,2025021306,2026-04-15,actual_total,5.0,6.045752079743798,1.9.1,20260912,6.045752079743798,0.0
total,"total|bootstrap_ridge_simulation|sdv_only|{""alpha"":1,""n_bootstrap"":25}",6,2025021307,2026-04-16,actual_total,9.0,6.562570143933389,1.9.1,20260912,6.562570143933389,0.0
total,"total|bootstrap_ridge_simulation|sdv_only|{""alpha"":1,""n_bootstrap"":25}",6,2025021308,2026-04-16,actual_total,7.0,6.001840486910201,1.9.1,20260912,6.001840486910201,0.0
total,"total|bootstrap_ridge_simulation|sdv_only|{""alpha"":1,""n_bootstrap"":25}",6,2025021309,2026-04-16,actual_total,8.0,6.196412889118135,1.9.1,20260912,6.196412889118135,0.0
total,"total|bootstrap_ridge_simulation|sdv_only|{""alpha"":1,""n_bootstrap"":25}",6,2025021310,2026-04-16,actual_total,4.0,5.921212380531855,1.9.1,20260912,5.921212380531855,0.0
total,"total|bootstrap_ridge_simulation|sdv_only|{""alpha"":1,""n_bootstrap"":25}",6,2025021311,2026-04-16,actual_total,7.0,6.706662962320393,1.9.1,20260912,6.706662962320393,0.0
total,"total|bootstrap_ridge_simulation|sdv_only|{""alpha"":1,""n_bootstrap"":25}",6,2025021312,2026-04-16,actual_total,2.0,6.359104424943375,1.9.1,20260912,6.359104424943375,0.0
