"game_id","sport","league","game_date","game_time","home_team","away_team","sportsbook_event_id"
"2025020001","hockey","nhl","2025_10_07","17:00","Florida Panthers","Chicago Blackhawks","2025_10_07_Florida Panthers_Chicago Blackhawks"
"2025020002","hockey","nhl","2025_10_07","20:00","New York Rangers","Pittsburgh Penguins","2025_10_07_New York Rangers_Pittsburgh Penguins"
"2025020003","hockey","nhl","2025_10_07","22:30","Los Angeles Kings","Colorado Avalanche","2025_10_07_Los Angeles Kings_Colorado Avalanche"
"2025020004","hockey","nhl","2025_10_08","19:00","Toronto Maple Leafs","Montréal Canadiens","2025_10_08_Toronto Maple Leafs_Montreal Canadiens"
"2025020005","hockey","nhl","2025_10_08","19:30","Washington Capitals","Boston Bruins","2025_10_08_Washington Capitals_Boston Bruins"
"2025020006","hockey","nhl","2025_10_08","22:00","Edmonton Oilers","Calgary Flames","2025_10_08_Edmonton Oilers_Calgary Flames"
"2025020007","hockey","nhl","2025_10_08","22:00","Vegas Golden Knights","Los Angeles Kings","2025_10_08_Vegas Golden Knights_Los Angeles Kings"
"2025020008","hockey","nhl","2025_10_09","19:00","Boston Bruins","Chicago Blackhawks","2025_10_09_Boston Bruins_Chicago Blackhawks"
"2025020009","hockey","nhl","2025_10_09","19:00","Buffalo Sabres","New York Rangers","2025_10_09_Buffalo Sabres_New York Rangers"
"2025020010","hockey","nhl","2025_10_09","19:00","Detroit Red Wings","Montréal Canadiens","2025_10_09_Detroit Red Wings_Montreal Canadiens"
"2025020011","hockey","nhl","2025_10_09","19:00","Tampa Bay Lightning","Ottawa Senators","2025_10_09_Tampa Bay Lightning_Ottawa Senators"
"2025020012","hockey","nhl","2025_10_09","19:00","Florida Panthers","Philadelphia Flyers","2025_10_09_Florida Panthers_Philadelphia Flyers"
"2025020013","hockey","nhl","2025_10_09","19:00","Pittsburgh Penguins","New York Islanders","2025_10_09_Pittsburgh Penguins_New York Islanders"
"2025020014","hockey","nhl","2025_10_09","19:30","Carolina Hurricanes","New Jersey Devils","2025_10_09_Carolina Hurricanes_New Jersey Devils"
"2025020015","hockey","nhl","2025_10_09","20:00","St. Louis Blues","Minnesota Wild","2025_10_09_St Louis Blues_Minnesota Wild"
"2025020016","hockey","nhl","2025_10_09","20:00","Nashville Predators","Columbus Blue Jackets","2025_10_09_Nashville Predators_Columbus Blue Jackets"
"2025020017","hockey","nhl","2025_10_09","20:00","Winnipeg Jets","Dallas Stars","2025_10_09_Winnipeg Jets_Dallas Stars"
"2025020018","hockey","nhl","2025_10_09","21:00","Colorado Avalanche","Utah Mammoth","2025_10_09_Colorado Avalanche_Utah Mammoth"
"2025020019","hockey","nhl","2025_10_09","22:00","Vancouver Canucks","Calgary Flames","2025_10_09_Vancouver Canucks_Calgary Flames"
"2025020020","hockey","nhl","2025_10_09","22:00","San Jose Sharks","Vegas Golden Knights","2025_10_09_San Jose Sharks_Vegas Golden Knights"
"2025020021","hockey","nhl","2025_10_09","22:00","Seattle Kraken","Anaheim Ducks","2025_10_09_Seattle Kraken_Anaheim Ducks"
"2025020022","hockey","nhl","2025_10_11","13:30","Winnipeg Jets","Los Angeles Kings","2025_10_11_Winnipeg Jets_Los Angeles Kings"
"2025020023","hockey","nhl","2025_10_11","16:00","Calgary Flames","St. Louis Blues","2025_10_11_Calgary Flames_St Louis Blues"
"2025020024","hockey","nhl","2025_10_11","19:00","Boston Bruins","Buffalo Sabres","2025_10_11_Boston Bruins_Buffalo Sabres"
"2025020025","hockey","nhl","2025_10_11","19:00","Detroit Red Wings","Toronto Maple Leafs","2025_10_11_Detroit Red Wings_Toronto Maple Leafs"
"2025020026","hockey","nhl","2025_10_11","19:00","Tampa Bay Lightning","New Jersey Devils","2025_10_11_Tampa Bay Lightning_New Jersey Devils"
"2025020027","hockey","nhl","2025_10_11","19:00","Florida Panthers","Ottawa Senators","2025_10_11_Florida Panthers_Ottawa Senators"
"2025020028","hockey","nhl","2025_10_11","19:00","New York Islanders","Washington Capitals","2025_10_11_New York Islanders_Washington Capitals"
"2025020029","hockey","nhl","2025_10_11","19:00","Pittsburgh Penguins","New York Rangers","2025_10_11_Pittsburgh Penguins_New York Rangers"
"2025020030","hockey","nhl","2025_10_11","19:00","Carolina Hurricanes","Philadelphia Flyers","2025_10_11_Carolina Hurricanes_Philadelphia Flyers"
"2025020031","hockey","nhl","2025_10_11","19:00","Chicago Blackhawks","Montréal Canadiens","2025_10_11_Chicago Blackhawks_Montreal Canadiens"
"2025020032","hockey","nhl","2025_10_11","20:00","Nashville Predators","Utah Mammoth","2025_10_11_Nashville Predators_Utah Mammoth"
"2025020033","hockey","nhl","2025_10_11","20:00","Minnesota Wild","Columbus Blue Jackets","2025_10_11_Minnesota Wild_Columbus Blue Jackets"
"2025020034","hockey","nhl","2025_10_11","21:00","Colorado Avalanche","Dallas Stars","2025_10_11_Colorado Avalanche_Dallas Stars"
"2025020035","hockey","nhl","2025_10_11","22:00","Edmonton Oilers","Vancouver Canucks","2025_10_11_Edmonton Oilers_Vancouver Canucks"
"2025020036","hockey","nhl","2025_10_11","22:00","San Jose Sharks","Anaheim Ducks","2025_10_11_San Jose Sharks_Anaheim Ducks"
"2025020037","hockey","nhl","2025_10_11","22:00","Seattle Kraken","Vegas Golden Knights","2025_10_11_Seattle Kraken_Vegas Golden Knights"
"2025020038","hockey","nhl","2025_10_12","19:00","New York Rangers","Washington Capitals","2025_10_12_New York Rangers_Washington Capitals"
"2025020039","hockey","nhl","2025_10_13","12:30","Buffalo Sabres","Colorado Avalanche","2025_10_13_Buffalo Sabres_Colorado Avalanche"
"2025020040","hockey","nhl","2025_10_13","13:00","Boston Bruins","Tampa Bay Lightning","2025_10_13_Boston Bruins_Tampa Bay Lightning"
"2025020041","hockey","nhl","2025_10_13","13:00","Ottawa Senators","Nashville Predators","2025_10_13_Ottawa Senators_Nashville Predators"
"2025020042","hockey","nhl","2025_10_13","13:00","New York Islanders","Winnipeg Jets","2025_10_13_New York Islanders_Winnipeg Jets"
"2025020043","hockey","nhl","2025_10_13","14:00","Toronto Maple Leafs","Detroit Red Wings","2025_10_13_Toronto Maple Leafs_Detroit Red Wings"
"2025020044","hockey","nhl","2025_10_13","19:00","Philadelphia Flyers","Florida Panthers","2025_10_13_Philadelphia Flyers_Florida Panthers"
"2025020045","hockey","nhl","2025_10_13","19:00","Columbus Blue Jackets","New Jersey Devils","2025_10_13_Columbus Blue Jackets_New Jersey Devils"
"2025020046","hockey","nhl","2025_10_13","19:30","Vancouver Canucks","St. Louis Blues","2025_10_13_Vancouver Canucks_St Louis Blues"
"2025020047","hockey","nhl","2025_10_13","20:00","Minnesota Wild","Los Angeles Kings","2025_10_13_Minnesota Wild_Los Angeles Kings"
"2025020048","hockey","nhl","2025_10_13","20:30","Chicago Blackhawks","Utah Mammoth","2025_10_13_Chicago Blackhawks_Utah Mammoth"
"2025020049","hockey","nhl","2025_10_14","19:00","Toronto Maple Leafs","Nashville Predators","2025_10_14_Toronto Maple Leafs_Nashville Predators"
"2025020050","hockey","nhl","2025_10_14","19:00","Montréal Canadiens","Seattle Kraken","2025_10_14_Montreal Canadiens_Seattle Kraken"
"2025020051","hockey","nhl","2025_10_14","19:00","New York Rangers","Edmonton Oilers","2025_10_14_New York Rangers_Edmonton Oilers"
"2025020052","hockey","nhl","2025_10_14","19:00","Washington Capitals","Tampa Bay Lightning","2025_10_14_Washington Capitals_Tampa Bay Lightning"
"2025020053","hockey","nhl","2025_10_14","21:00","Calgary Flames","Vegas Golden Knights","2025_10_14_Calgary Flames_Vegas Golden Knights"
"2025020054","hockey","nhl","2025_10_14","21:30","Dallas Stars","Minnesota Wild","2025_10_14_Dallas Stars_Minnesota Wild"
"2025020055","hockey","nhl","2025_10_14","22:00","San Jose Sharks","Carolina Hurricanes","2025_10_14_San Jose Sharks_Carolina Hurricanes"
"2025020056","hockey","nhl","2025_10_14","22:30","Anaheim Ducks","Pittsburgh Penguins","2025_10_14_Anaheim Ducks_Pittsburgh Penguins"
"2025020057","hockey","nhl","2025_10_15","19:00","Buffalo Sabres","Ottawa Senators","2025_10_15_Buffalo Sabres_Ottawa Senators"
"2025020058","hockey","nhl","2025_10_15","19:00","Detroit Red Wings","Florida Panthers","2025_10_15_Detroit Red Wings_Florida Panthers"
"2025020059","hockey","nhl","2025_10_15","21:30","St. Louis Blues","Chicago Blackhawks","2025_10_15_St Louis Blues_Chicago Blackhawks"
"2025020060","hockey","nhl","2025_10_15","21:30","Utah Mammoth","Calgary Flames","2025_10_15_Utah Mammoth_Calgary Flames"
"2025020061","hockey","nhl","2025_10_16","19:00","Toronto Maple Leafs","New York Rangers","2025_10_16_Toronto Maple Leafs_New York Rangers"
"2025020062","hockey","nhl","2025_10_16","19:00","Montréal Canadiens","Nashville Predators","2025_10_16_Montreal Canadiens_Nashville Predators"
"2025020063","hockey","nhl","2025_10_16","19:00","Ottawa Senators","Seattle Kraken","2025_10_16_Ottawa Senators_Seattle Kraken"
"2025020064","hockey","nhl","2025_10_16","19:00","New Jersey Devils","Florida Panthers","2025_10_16_New Jersey Devils_Florida Panthers"
"2025020066","hockey","nhl","2025_10_16","19:00","Philadelphia Flyers","Winnipeg Jets","2025_10_16_Philadelphia Flyers_Winnipeg Jets"
"2025020067","hockey","nhl","2025_10_16","19:00","Columbus Blue Jackets","Colorado Avalanche","2025_10_16_Columbus Blue Jackets_Colorado Avalanche"
"2025020065","hockey","nhl","2025_10_16","19:30","New York Islanders","Edmonton Oilers","2025_10_16_New York Islanders_Edmonton Oilers"
"2025020068","hockey","nhl","2025_10_16","20:00","Dallas Stars","Vancouver Canucks","2025_10_16_Dallas Stars_Vancouver Canucks"
"2025020069","hockey","nhl","2025_10_16","22:00","Vegas Golden Knights","Boston Bruins","2025_10_16_Vegas Golden Knights_Boston Bruins"
"2025020070","hockey","nhl","2025_10_16","22:00","Anaheim Ducks","Carolina Hurricanes","2025_10_16_Anaheim Ducks_Carolina Hurricanes"
"2025020071","hockey","nhl","2025_10_16","22:00","Los Angeles Kings","Pittsburgh Penguins","2025_10_16_Los Angeles Kings_Pittsburgh Penguins"
"2025020072","hockey","nhl","2025_10_17","19:00","Detroit Red Wings","Tampa Bay Lightning","2025_10_17_Detroit Red Wings_Tampa Bay Lightning"
"2025020073","hockey","nhl","2025_10_17","19:00","Washington Capitals","Minnesota Wild","2025_10_17_Washington Capitals_Minnesota Wild"
"2025020074","hockey","nhl","2025_10_17","20:30","Chicago Blackhawks","Vancouver Canucks","2025_10_17_Chicago Blackhawks_Vancouver Canucks"
"2025020075","hockey","nhl","2025_10_17","21:00","Utah Mammoth","San Jose Sharks","2025_10_17_Utah Mammoth_San Jose Sharks"
"2025020076","hockey","nhl","2025_10_18","13:00","Buffalo Sabres","Florida Panthers","2025_10_18_Buffalo Sabres_Florida Panthers"
"2025020077","hockey","nhl","2025_10_18","15:00","Ottawa Senators","New York Islanders","2025_10_18_Ottawa Senators_New York Islanders"
"2025020078","hockey","nhl","2025_10_18","15:30","New Jersey Devils","Edmonton Oilers","2025_10_18_New Jersey Devils_Edmonton Oilers"
"2025020079","hockey","nhl","2025_10_18","19:00","Toronto Maple Leafs","Seattle Kraken","2025_10_18_Toronto Maple Leafs_Seattle Kraken"
"2025020080","hockey","nhl","2025_10_18","19:00","Montréal Canadiens","New York Rangers","2025_10_18_Montreal Canadiens_New York Rangers"
"2025020081","hockey","nhl","2025_10_18","19:00","Philadelphia Flyers","Minnesota Wild","2025_10_18_Philadelphia Flyers_Minnesota Wild"
"2025020082","hockey","nhl","2025_10_18","19:00","Columbus Blue Jackets","Tampa Bay Lightning","2025_10_18_Columbus Blue Jackets_Tampa Bay Lightning"
"2025020083","hockey","nhl","2025_10_18","19:00","St. Louis Blues","Dallas Stars","2025_10_18_St Louis Blues_Dallas Stars"
"2025020084","hockey","nhl","2025_10_18","19:00","Winnipeg Jets","Nashville Predators","2025_10_18_Winnipeg Jets_Nashville Predators"
"2025020085","hockey","nhl","2025_10_18","21:00","Colorado Avalanche","Boston Bruins","2025_10_18_Colorado Avalanche_Boston Bruins"
"2025020086","hockey","nhl","2025_10_18","21:00","Los Angeles Kings","Carolina Hurricanes","2025_10_18_Los Angeles Kings_Carolina Hurricanes"
"2025020087","hockey","nhl","2025_10_18","22:00","Vegas Golden Knights","Calgary Flames","2025_10_18_Vegas Golden Knights_Calgary Flames"
"2025020088","hockey","nhl","2025_10_18","22:00","San Jose Sharks","Pittsburgh Penguins","2025_10_18_San Jose Sharks_Pittsburgh Penguins"
"2025020089","hockey","nhl","2025_10_19","12:30","Washington Capitals","Vancouver Canucks","2025_10_19_Washington Capitals_Vancouver Canucks"
"2025020090","hockey","nhl","2025_10_19","15:00","Detroit Red Wings","Edmonton Oilers","2025_10_19_Detroit Red Wings_Edmonton Oilers"
"2025020091","hockey","nhl","2025_10_19","19:00","Chicago Blackhawks","Anaheim Ducks","2025_10_19_Chicago Blackhawks_Anaheim Ducks"
"2025020092","hockey","nhl","2025_10_19","19:00","Utah Mammoth","Boston Bruins","2025_10_19_Utah Mammoth_Boston Bruins"
"2025020093","hockey","nhl","2025_10_20","19:00","New York Rangers","Minnesota Wild","2025_10_20_New York Rangers_Minnesota Wild"
"2025020094","hockey","nhl","2025_10_20","19:00","Philadelphia Flyers","Seattle Kraken","2025_10_20_Philadelphia Flyers_Seattle Kraken"
"2025020095","hockey","nhl","2025_10_20","19:30","Montréal Canadiens","Buffalo Sabres","2025_10_20_Montreal Canadiens_Buffalo Sabres"
"2025020096","hockey","nhl","2025_10_20","21:30","Calgary Flames","Winnipeg Jets","2025_10_20_Calgary Flames_Winnipeg Jets"
"2025020097","hockey","nhl","2025_10_20","22:00","Vegas Golden Knights","Carolina Hurricanes","2025_10_20_Vegas Golden Knights_Carolina Hurricanes"
"2025020098","hockey","nhl","2025_10_21","19:00","Toronto Maple Leafs","New Jersey Devils","2025_10_21_Toronto Maple Leafs_New Jersey Devils"
"2025020099","hockey","nhl","2025_10_21","19:00","Ottawa Senators","Edmonton Oilers","2025_10_21_Ottawa Senators_Edmonton Oilers"
"2025020100","hockey","nhl","2025_10_21","19:00","New York Islanders","San Jose Sharks","2025_10_21_New York Islanders_San Jose Sharks"
"2025020101","hockey","nhl","2025_10_21","19:00","Pittsburgh Penguins","Vancouver Canucks","2025_10_21_Pittsburgh Penguins_Vancouver Canucks"
"2025020102","hockey","nhl","2025_10_21","19:00","Washington Capitals","Seattle Kraken","2025_10_21_Washington Capitals_Seattle Kraken"
"2025020103","hockey","nhl","2025_10_21","19:30","Boston Bruins","Florida Panthers","2025_10_21_Boston Bruins_Florida Panthers"
"2025020104","hockey","nhl","2025_10_21","20:00","St. Louis Blues","Los Angeles Kings","2025_10_21_St Louis Blues_Los Angeles Kings"
"2025020105","hockey","nhl","2025_10_21","20:00","Nashville Predators","Anaheim Ducks","2025_10_21_Nashville Predators_Anaheim Ducks"
"2025020106","hockey","nhl","2025_10_21","20:00","Dallas Stars","Columbus Blue Jackets","2025_10_21_Dallas Stars_Columbus Blue Jackets"
"2025020107","hockey","nhl","2025_10_21","22:00","Utah Mammoth","Colorado Avalanche","2025_10_21_Utah Mammoth_Colorado Avalanche"
"2025020108","hockey","nhl","2025_10_22","19:00","New Jersey Devils","Minnesota Wild","2025_10_22_New Jersey Devils_Minnesota Wild"
"2025020109","hockey","nhl","2025_10_22","19:30","Buffalo Sabres","Detroit Red Wings","2025_10_22_Buffalo Sabres_Detroit Red Wings"
"2025020110","hockey","nhl","2025_10_22","20:30","Calgary Flames","Montréal Canadiens","2025_10_22_Calgary Flames_Montreal Canadiens"
"2025020113","hockey","nhl","2025_10_23","18:45","Tampa Bay Lightning","Chicago Blackhawks","2025_10_23_Tampa Bay Lightning_Chicago Blackhawks"
"2025020111","hockey","nhl","2025_10_23","19:00","Boston Bruins","Anaheim Ducks","2025_10_23_Boston Bruins_Anaheim Ducks"
"2025020112","hockey","nhl","2025_10_23","19:00","Ottawa Senators","Philadelphia Flyers","2025_10_23_Ottawa Senators_Philadelphia Flyers"
"2025020114","hockey","nhl","2025_10_23","19:00","Florida Panthers","Pittsburgh Penguins","2025_10_23_Florida Panthers_Pittsburgh Penguins"
"2025020115","hockey","nhl","2025_10_23","19:00","New York Islanders","Detroit Red Wings","2025_10_23_New York Islanders_Detroit Red Wings"
"2025020116","hockey","nhl","2025_10_23","19:00","New York Rangers","San Jose Sharks","2025_10_23_New York Rangers_San Jose Sharks"
"2025020117","hockey","nhl","2025_10_23","20:00","St. Louis Blues","Utah Mammoth","2025_10_23_St Louis Blues_Utah Mammoth"
"2025020118","hockey","nhl","2025_10_23","20:00","Nashville Predators","Vancouver Canucks","2025_10_23_Nashville Predators_Vancouver Canucks"
"2025020120","hockey","nhl","2025_10_23","20:00","Winnipeg Jets","Seattle Kraken","2025_10_23_Winnipeg Jets_Seattle Kraken"
"2025020119","hockey","nhl","2025_10_23","21:00","Dallas Stars","Los Angeles Kings","2025_10_23_Dallas Stars_Los Angeles Kings"
"2025020121","hockey","nhl","2025_10_23","21:00","Colorado Avalanche","Carolina Hurricanes","2025_10_23_Colorado Avalanche_Carolina Hurricanes"
"2025020122","hockey","nhl","2025_10_23","21:00","Edmonton Oilers","Montréal Canadiens","2025_10_23_Edmonton Oilers_Montreal Canadiens"
"2025020123","hockey","nhl","2025_10_24","19:00","Buffalo Sabres","Toronto Maple Leafs","2025_10_24_Buffalo Sabres_Toronto Maple Leafs"
"2025020124","hockey","nhl","2025_10_24","19:00","New Jersey Devils","San Jose Sharks","2025_10_24_New Jersey Devils_San Jose Sharks"
"2025020125","hockey","nhl","2025_10_24","19:00","Columbus Blue Jackets","Washington Capitals","2025_10_24_Columbus Blue Jackets_Washington Capitals"
"2025020126","hockey","nhl","2025_10_24","20:00","Winnipeg Jets","Calgary Flames","2025_10_24_Winnipeg Jets_Calgary Flames"
"2025020127","hockey","nhl","2025_10_25","12:30","Philadelphia Flyers","New York Islanders","2025_10_25_Philadelphia Flyers_New York Islanders"
"2025020128","hockey","nhl","2025_10_25","15:00","Boston Bruins","Colorado Avalanche","2025_10_25_Boston Bruins_Colorado Avalanche"
"2025020129","hockey","nhl","2025_10_25","17:00","Tampa Bay Lightning","Anaheim Ducks","2025_10_25_Tampa Bay Lightning_Anaheim Ducks"
"2025020132","hockey","nhl","2025_10_25","17:00","Toronto Maple Leafs","Buffalo Sabres","2025_10_25_Toronto Maple Leafs_Buffalo Sabres"
"2025020130","hockey","nhl","2025_10_25","18:00","Florida Panthers","Vegas Golden Knights","2025_10_25_Florida Panthers_Vegas Golden Knights"
"2025020131","hockey","nhl","2025_10_25","18:00","Minnesota Wild","Utah Mammoth","2025_10_25_Minnesota Wild_Utah Mammoth"
"2025020133","hockey","nhl","2025_10_25","19:00","Detroit Red Wings","St. Louis Blues","2025_10_25_Detroit Red Wings_St Louis Blues"
"2025020134","hockey","nhl","2025_10_25","19:00","Pittsburgh Penguins","Columbus Blue Jackets","2025_10_25_Pittsburgh Penguins_Columbus Blue Jackets"
"2025020135","hockey","nhl","2025_10_25","19:00","Washington Capitals","Ottawa Senators","2025_10_25_Washington Capitals_Ottawa Senators"
"2025020136","hockey","nhl","2025_10_25","19:00","Vancouver Canucks","Montréal Canadiens","2025_10_25_Vancouver Canucks_Montreal Canadiens"
"2025020137","hockey","nhl","2025_10_25","20:00","Nashville Predators","Los Angeles Kings","2025_10_25_Nashville Predators_Los Angeles Kings"
"2025020138","hockey","nhl","2025_10_25","20:00","Dallas Stars","Carolina Hurricanes","2025_10_25_Dallas Stars_Carolina Hurricanes"
"2025020139","hockey","nhl","2025_10_25","22:00","Seattle Kraken","Edmonton Oilers","2025_10_25_Seattle Kraken_Edmonton Oilers"
"2025020140","hockey","nhl","2025_10_26","13:00","New Jersey Devils","Colorado Avalanche","2025_10_26_New Jersey Devils_Colorado Avalanche"
"2025020141","hockey","nhl","2025_10_26","17:00","Tampa Bay Lightning","Vegas Golden Knights","2025_10_26_Tampa Bay Lightning_Vegas Golden Knights"
"2025020142","hockey","nhl","2025_10_26","18:00","Minnesota Wild","San Jose Sharks","2025_10_26_Minnesota Wild_San Jose Sharks"
"2025020143","hockey","nhl","2025_10_26","18:00","Winnipeg Jets","Utah Mammoth","2025_10_26_Winnipeg Jets_Utah Mammoth"
"2025020144","hockey","nhl","2025_10_26","19:00","Chicago Blackhawks","Los Angeles Kings","2025_10_26_Chicago Blackhawks_Los Angeles Kings"
"2025020145","hockey","nhl","2025_10_26","19:00","Nashville Predators","Dallas Stars","2025_10_26_Nashville Predators_Dallas Stars"
"2025020146","hockey","nhl","2025_10_26","20:00","Calgary Flames","New York Rangers","2025_10_26_Calgary Flames_New York Rangers"
"2025020147","hockey","nhl","2025_10_26","22:00","Vancouver Canucks","Edmonton Oilers","2025_10_26_Vancouver Canucks_Edmonton Oilers"
"2025020148","hockey","nhl","2025_10_27","19:00","Pittsburgh Penguins","St. Louis Blues","2025_10_27_Pittsburgh Penguins_St Louis Blues"
"2025020149","hockey","nhl","2025_10_27","19:30","Ottawa Senators","Boston Bruins","2025_10_27_Ottawa Senators_Boston Bruins"
"2025020150","hockey","nhl","2025_10_28","18:00","Philadelphia Flyers","Pittsburgh Penguins","2025_10_28_Philadelphia Flyers_Pittsburgh Penguins"
"2025020151","hockey","nhl","2025_10_28","18:00","Toronto Maple Leafs","Calgary Flames","2025_10_28_Toronto Maple Leafs_Calgary Flames"
"2025020155","hockey","nhl","2025_10_28","18:30","Carolina Hurricanes","Vegas Golden Knights","2025_10_28_Carolina Hurricanes_Vegas Golden Knights"
"2025020152","hockey","nhl","2025_10_28","18:45","Buffalo Sabres","Columbus Blue Jackets","2025_10_28_Buffalo Sabres_Columbus Blue Jackets"
"2025020153","hockey","nhl","2025_10_28","19:00","Florida Panthers","Anaheim Ducks","2025_10_28_Florida Panthers_Anaheim Ducks"
"2025020154","hockey","nhl","2025_10_28","19:15","Boston Bruins","New York Islanders","2025_10_28_Boston Bruins_New York Islanders"
"2025020156","hockey","nhl","2025_10_28","19:45","Nashville Predators","Tampa Bay Lightning","2025_10_28_Nashville Predators_Tampa Bay Lightning"
"2025020157","hockey","nhl","2025_10_28","20:00","Minnesota Wild","Winnipeg Jets","2025_10_28_Minnesota Wild_Winnipeg Jets"
"2025020158","hockey","nhl","2025_10_28","20:15","St. Louis Blues","Detroit Red Wings","2025_10_28_St Louis Blues_Detroit Red Wings"
"2025020159","hockey","nhl","2025_10_28","20:30","Dallas Stars","Washington Capitals","2025_10_28_Dallas Stars_Washington Capitals"
"2025020160","hockey","nhl","2025_10_28","20:45","Chicago Blackhawks","Ottawa Senators","2025_10_28_Chicago Blackhawks_Ottawa Senators"
"2025020161","hockey","nhl","2025_10_28","21:00","Colorado Avalanche","New Jersey Devils","2025_10_28_Colorado Avalanche_New Jersey Devils"
"2025020162","hockey","nhl","2025_10_28","21:30","Edmonton Oilers","Utah Mammoth","2025_10_28_Edmonton Oilers_Utah Mammoth"
"2025020163","hockey","nhl","2025_10_28","22:00","Vancouver Canucks","New York Rangers","2025_10_28_Vancouver Canucks_New York Rangers"
"2025020164","hockey","nhl","2025_10_28","22:30","Seattle Kraken","Montréal Canadiens","2025_10_28_Seattle Kraken_Montreal Canadiens"
"2025020165","hockey","nhl","2025_10_28","23:00","San Jose Sharks","Los Angeles Kings","2025_10_28_San Jose Sharks_Los Angeles Kings"
"2025020166","hockey","nhl","2025_10_29","19:30","Columbus Blue Jackets","Toronto Maple Leafs","2025_10_29_Columbus Blue Jackets_Toronto Maple Leafs"
"2025020167","hockey","nhl","2025_10_30","19:00","Boston Bruins","Buffalo Sabres","2025_10_30_Boston Bruins_Buffalo Sabres"
"2025020168","hockey","nhl","2025_10_30","19:00","Ottawa Senators","Calgary Flames","2025_10_30_Ottawa Senators_Calgary Flames"
"2025020169","hockey","nhl","2025_10_30","19:00","Tampa Bay Lightning","Dallas Stars","2025_10_30_Tampa Bay Lightning_Dallas Stars"
"2025020170","hockey","nhl","2025_10_30","19:00","Philadelphia Flyers","Nashville Predators","2025_10_30_Philadelphia Flyers_Nashville Predators"
"2025020171","hockey","nhl","2025_10_30","19:30","Carolina Hurricanes","New York Islanders","2025_10_30_Carolina Hurricanes_New York Islanders"
"2025020172","hockey","nhl","2025_10_30","20:00","St. Louis Blues","Vancouver Canucks","2025_10_30_St Louis Blues_Vancouver Canucks"
"2025020173","hockey","nhl","2025_10_30","20:00","Minnesota Wild","Pittsburgh Penguins","2025_10_30_Minnesota Wild_Pittsburgh Penguins"
"2025020174","hockey","nhl","2025_10_30","20:00","Winnipeg Jets","Chicago Blackhawks","2025_10_30_Winnipeg Jets_Chicago Blackhawks"
"2025020175","hockey","nhl","2025_10_30","21:00","Edmonton Oilers","New York Rangers","2025_10_30_Edmonton Oilers_New York Rangers"
"2025020176","hockey","nhl","2025_10_30","22:00","San Jose Sharks","New Jersey Devils","2025_10_30_San Jose Sharks_New Jersey Devils"
"2025020177","hockey","nhl","2025_10_30","22:30","Los Angeles Kings","Detroit Red Wings","2025_10_30_Los Angeles Kings_Detroit Red Wings"
"2025020178","hockey","nhl","2025_10_31","16:00","Vegas Golden Knights","Colorado Avalanche","2025_10_31_Vegas Golden Knights_Colorado Avalanche"
"2025020179","hockey","nhl","2025_10_31","19:00","Washington Capitals","New York Islanders","2025_10_31_Washington Capitals_New York Islanders"
"2025020180","hockey","nhl","2025_10_31","22:00","Anaheim Ducks","Detroit Red Wings","2025_10_31_Anaheim Ducks_Detroit Red Wings"
"2025020181","hockey","nhl","2025_11_01","13:00","Boston Bruins","Carolina Hurricanes","2025_11_01_Boston Bruins_Carolina Hurricanes"
"2025020182","hockey","nhl","2025_11_01","15:00","Winnipeg Jets","Pittsburgh Penguins","2025_11_01_Winnipeg Jets_Pittsburgh Penguins"
"2025020183","hockey","nhl","2025_11_01","15:30","Nashville Predators","Calgary Flames","2025_11_01_Nashville Predators_Calgary Flames"
"2025020184","hockey","nhl","2025_11_01","16:00","San Jose Sharks","Colorado Avalanche","2025_11_01_San Jose Sharks_Colorado Avalanche"
"2025020185","hockey","nhl","2025_11_01","18:00","Florida Panthers","Dallas Stars","2025_11_01_Florida Panthers_Dallas Stars"
"2025020186","hockey","nhl","2025_11_01","19:00","Buffalo Sabres","Washington Capitals","2025_11_01_Buffalo Sabres_Washington Capitals"
"2025020187","hockey","nhl","2025_11_01","19:00","Montréal Canadiens","Ottawa Senators","2025_11_01_Montreal Canadiens_Ottawa Senators"
"2025020188","hockey","nhl","2025_11_01","19:00","Philadelphia Flyers","Toronto Maple Leafs","2025_11_01_Philadelphia Flyers_Toronto Maple Leafs"
"2025020189","hockey","nhl","2025_11_01","19:00","Columbus Blue Jackets","St. Louis Blues","2025_11_01_Columbus Blue Jackets_St Louis Blues"
"2025020190","hockey","nhl","2025_11_01","19:00","Minnesota Wild","Vancouver Canucks","2025_11_01_Minnesota Wild_Vancouver Canucks"
"2025020191","hockey","nhl","2025_11_01","21:00","Los Angeles Kings","New Jersey Devils","2025_11_01_Los Angeles Kings_New Jersey Devils"
"2025020192","hockey","nhl","2025_11_01","22:00","Edmonton Oilers","Chicago Blackhawks","2025_11_01_Edmonton Oilers_Chicago Blackhawks"
"2025020193","hockey","nhl","2025_11_01","22:00","Seattle Kraken","New York Rangers","2025_11_01_Seattle Kraken_New York Rangers"
"2025020194","hockey","nhl","2025_11_02","15:30","Utah Mammoth","Tampa Bay Lightning","2025_11_02_Utah Mammoth_Tampa Bay Lightning"
"2025020195","hockey","nhl","2025_11_02","17:00","New York Islanders","Columbus Blue Jackets","2025_11_02_New York Islanders_Columbus Blue Jackets"
"2025020196","hockey","nhl","2025_11_02","19:00","Philadelphia Flyers","Calgary Flames","2025_11_02_Philadelphia Flyers_Calgary Flames"
"2025020197","hockey","nhl","2025_11_02","20:00","Anaheim Ducks","New Jersey Devils","2025_11_02_Anaheim Ducks_New Jersey Devils"
"2025020198","hockey","nhl","2025_11_02","20:00","San Jose Sharks","Detroit Red Wings","2025_11_02_San Jose Sharks_Detroit Red Wings"
"2025020199","hockey","nhl","2025_11_03","19:30","Toronto Maple Leafs","Pittsburgh Penguins","2025_11_03_Toronto Maple Leafs_Pittsburgh Penguins"
"2025020200","hockey","nhl","2025_11_03","20:30","St. Louis Blues","Edmonton Oilers","2025_11_03_St Louis Blues_Edmonton Oilers"
"2025020201","hockey","nhl","2025_11_03","20:30","Nashville Predators","Vancouver Canucks","2025_11_03_Nashville Predators_Vancouver Canucks"
"2025020202","hockey","nhl","2025_11_03","22:00","Seattle Kraken","Chicago Blackhawks","2025_11_03_Seattle Kraken_Chicago Blackhawks"
"2025020203","hockey","nhl","2025_11_04","19:00","Buffalo Sabres","Utah Mammoth","2025_11_04_Buffalo Sabres_Utah Mammoth"
"2025020204","hockey","nhl","2025_11_04","19:00","Montréal Canadiens","Philadelphia Flyers","2025_11_04_Montreal Canadiens_Philadelphia Flyers"
"2025020205","hockey","nhl","2025_11_04","19:00","New York Islanders","Boston Bruins","2025_11_04_New York Islanders_Boston Bruins"
"2025020206","hockey","nhl","2025_11_04","19:00","New York Rangers","Carolina Hurricanes","2025_11_04_New York Rangers_Carolina Hurricanes"
"2025020207","hockey","nhl","2025_11_04","20:00","Dallas Stars","Edmonton Oilers","2025_11_04_Dallas Stars_Edmonton Oilers"
"2025020208","hockey","nhl","2025_11_04","20:00","Minnesota Wild","Nashville Predators","2025_11_04_Minnesota Wild_Nashville Predators"
"2025020209","hockey","nhl","2025_11_04","21:30","Colorado Avalanche","Tampa Bay Lightning","2025_11_04_Colorado Avalanche_Tampa Bay Lightning"
"2025020210","hockey","nhl","2025_11_04","22:00","Vegas Golden Knights","Detroit Red Wings","2025_11_04_Vegas Golden Knights_Detroit Red Wings"
"2025020211","hockey","nhl","2025_11_04","22:00","Anaheim Ducks","Florida Panthers","2025_11_04_Anaheim Ducks_Florida Panthers"
"2025020212","hockey","nhl","2025_11_04","22:30","Los Angeles Kings","Winnipeg Jets","2025_11_04_Los Angeles Kings_Winnipeg Jets"
"2025020213","hockey","nhl","2025_11_05","19:00","Toronto Maple Leafs","Utah Mammoth","2025_11_05_Toronto Maple Leafs_Utah Mammoth"
"2025020214","hockey","nhl","2025_11_05","19:30","Washington Capitals","St. Louis Blues","2025_11_05_Washington Capitals_St Louis Blues"
"2025020215","hockey","nhl","2025_11_05","21:30","Calgary Flames","Columbus Blue Jackets","2025_11_05_Calgary Flames_Columbus Blue Jackets"
"2025020216","hockey","nhl","2025_11_05","22:00","Vancouver Canucks","Chicago Blackhawks","2025_11_05_Vancouver Canucks_Chicago Blackhawks"
"2025020217","hockey","nhl","2025_11_05","22:00","Seattle Kraken","San Jose Sharks","2025_11_05_Seattle Kraken_San Jose Sharks"
"2025020218","hockey","nhl","2025_11_06","19:00","Boston Bruins","Ottawa Senators","2025_11_06_Boston Bruins_Ottawa Senators"
"2025020219","hockey","nhl","2025_11_06","19:00","Buffalo Sabres","St. Louis Blues","2025_11_06_Buffalo Sabres_St Louis Blues"
"2025020220","hockey","nhl","2025_11_06","19:00","New Jersey Devils","Montréal Canadiens","2025_11_06_New Jersey Devils_Montreal Canadiens"
"2025020222","hockey","nhl","2025_11_06","19:00","Carolina Hurricanes","Minnesota Wild","2025_11_06_Carolina Hurricanes_Minnesota Wild"
"2025020221","hockey","nhl","2025_11_06","19:30","Pittsburgh Penguins","Washington Capitals","2025_11_06_Pittsburgh Penguins_Washington Capitals"
"2025020223","hockey","nhl","2025_11_06","20:00","Nashville Predators","Philadelphia Flyers","2025_11_06_Nashville Predators_Philadelphia Flyers"
"2025020224","hockey","nhl","2025_11_06","20:00","Dallas Stars","Anaheim Ducks","2025_11_06_Dallas Stars_Anaheim Ducks"
"2025020225","hockey","nhl","2025_11_06","22:00","Vegas Golden Knights","Tampa Bay Lightning","2025_11_06_Vegas Golden Knights_Tampa Bay Lightning"
"2025020226","hockey","nhl","2025_11_06","22:00","Los Angeles Kings","Florida Panthers","2025_11_06_Los Angeles Kings_Florida Panthers"
"2025020227","hockey","nhl","2025_11_07","19:00","Detroit Red Wings","New York Rangers","2025_11_07_Detroit Red Wings_New York Rangers"
"2025020228","hockey","nhl","2025_11_07","19:00","New York Islanders","Minnesota Wild","2025_11_07_New York Islanders_Minnesota Wild"
"2025020229","hockey","nhl","2025_11_07","21:00","Calgary Flames","Chicago Blackhawks","2025_11_07_Calgary Flames_Chicago Blackhawks"
"2025020230","hockey","nhl","2025_11_07","22:00","San Jose Sharks","Winnipeg Jets","2025_11_07_San Jose Sharks_Winnipeg Jets"
"2025020231","hockey","nhl","2025_11_08","12:30","New Jersey Devils","Pittsburgh Penguins","2025_11_08_New Jersey Devils_Pittsburgh Penguins"
"2025020232","hockey","nhl","2025_11_08","13:00","Philadelphia Flyers","Ottawa Senators","2025_11_08_Philadelphia Flyers_Ottawa Senators"
"2025020233","hockey","nhl","2025_11_08","15:30","Nashville Predators","Dallas Stars","2025_11_08_Nashville Predators_Dallas Stars"
"2025020234","hockey","nhl","2025_11_08","19:00","Toronto Maple Leafs","Boston Bruins","2025_11_08_Toronto Maple Leafs_Boston Bruins"
"2025020235","hockey","nhl","2025_11_08","19:00","Montréal Canadiens","Utah Mammoth","2025_11_08_Montreal Canadiens_Utah Mammoth"
"2025020236","hockey","nhl","2025_11_08","19:00","Tampa Bay Lightning","Washington Capitals","2025_11_08_Tampa Bay Lightning_Washington Capitals"
"2025020237","hockey","nhl","2025_11_08","19:00","New York Rangers","New York Islanders","2025_11_08_New York Rangers_New York Islanders"
"2025020238","hockey","nhl","2025_11_08","19:00","Carolina Hurricanes","Buffalo Sabres","2025_11_08_Carolina Hurricanes_Buffalo Sabres"
"2025020239","hockey","nhl","2025_11_08","19:00","St. Louis Blues","Seattle Kraken","2025_11_08_St Louis Blues_Seattle Kraken"
"2025020240","hockey","nhl","2025_11_08","22:00","Edmonton Oilers","Colorado Avalanche","2025_11_08_Edmonton Oilers_Colorado Avalanche"
"2025020241","hockey","nhl","2025_11_08","22:00","Vancouver Canucks","Columbus Blue Jackets","2025_11_08_Vancouver Canucks_Columbus Blue Jackets"
"2025020242","hockey","nhl","2025_11_08","22:00","Vegas Golden Knights","Anaheim Ducks","2025_11_08_Vegas Golden Knights_Anaheim Ducks"
"2025020243","hockey","nhl","2025_11_08","22:00","San Jose Sharks","Florida Panthers","2025_11_08_San Jose Sharks_Florida Panthers"
"2025020244","hockey","nhl","2025_11_09","13:00","Detroit Red Wings","Chicago Blackhawks","2025_11_09_Detroit Red Wings_Chicago Blackhawks"
"2025020245","hockey","nhl","2025_11_09","14:00","Pittsburgh Penguins","Los Angeles Kings","2025_11_09_Pittsburgh Penguins_Los Angeles Kings"
"2025020246","hockey","nhl","2025_11_09","19:00","Toronto Maple Leafs","Carolina Hurricanes","2025_11_09_Toronto Maple Leafs_Carolina Hurricanes"
"2025020247","hockey","nhl","2025_11_09","19:00","Ottawa Senators","Utah Mammoth","2025_11_09_Ottawa Senators_Utah Mammoth"
"2025020248","hockey","nhl","2025_11_09","19:00","Dallas Stars","Seattle Kraken","2025_11_09_Dallas Stars_Seattle Kraken"
"2025020249","hockey","nhl","2025_11_09","20:00","Minnesota Wild","Calgary Flames","2025_11_09_Minnesota Wild_Calgary Flames"
"2025020250","hockey","nhl","2025_11_09","22:00","Vancouver Canucks","Colorado Avalanche","2025_11_09_Vancouver Canucks_Colorado Avalanche"
"2025020251","hockey","nhl","2025_11_09","22:00","Anaheim Ducks","Winnipeg Jets","2025_11_09_Anaheim Ducks_Winnipeg Jets"
"2025020252","hockey","nhl","2025_11_10","19:00","New Jersey Devils","New York Islanders","2025_11_10_New Jersey Devils_New York Islanders"
"2025020253","hockey","nhl","2025_11_10","19:00","New York Rangers","Nashville Predators","2025_11_10_New York Rangers_Nashville Predators"
"2025020254","hockey","nhl","2025_11_10","20:30","Edmonton Oilers","Columbus Blue Jackets","2025_11_10_Edmonton Oilers_Columbus Blue Jackets"
"2025020255","hockey","nhl","2025_11_10","22:00","Vegas Golden Knights","Florida Panthers","2025_11_10_Vegas Golden Knights_Florida Panthers"
"2025020256","hockey","nhl","2025_11_11","19:00","Boston Bruins","Toronto Maple Leafs","2025_11_11_Boston Bruins_Toronto Maple Leafs"
"2025020257","hockey","nhl","2025_11_11","19:00","Montréal Canadiens","Los Angeles Kings","2025_11_11_Montreal Canadiens_Los Angeles Kings"
"2025020258","hockey","nhl","2025_11_11","19:00","Ottawa Senators","Dallas Stars","2025_11_11_Ottawa Senators_Dallas Stars"
"2025020259","hockey","nhl","2025_11_11","19:00","Carolina Hurricanes","Washington Capitals","2025_11_11_Carolina Hurricanes_Washington Capitals"
"2025020260","hockey","nhl","2025_11_11","20:00","St. Louis Blues","Calgary Flames","2025_11_11_St Louis Blues_Calgary Flames"
"2025020261","hockey","nhl","2025_11_11","20:00","Minnesota Wild","San Jose Sharks","2025_11_11_Minnesota Wild_San Jose Sharks"
"2025020262","hockey","nhl","2025_11_11","21:30","Colorado Avalanche","Anaheim Ducks","2025_11_11_Colorado Avalanche_Anaheim Ducks"
"2025020263","hockey","nhl","2025_11_11","22:00","Vancouver Canucks","Winnipeg Jets","2025_11_11_Vancouver Canucks_Winnipeg Jets"
"2025020264","hockey","nhl","2025_11_11","22:00","Seattle Kraken","Columbus Blue Jackets","2025_11_11_Seattle Kraken_Columbus Blue Jackets"
"2025020265","hockey","nhl","2025_11_12","19:00","Tampa Bay Lightning","New York Rangers","2025_11_12_Tampa Bay Lightning_New York Rangers"
"2025020266","hockey","nhl","2025_11_12","19:30","Philadelphia Flyers","Edmonton Oilers","2025_11_12_Philadelphia Flyers_Edmonton Oilers"
"2025020267","hockey","nhl","2025_11_12","21:00","Utah Mammoth","Buffalo Sabres","2025_11_12_Utah Mammoth_Buffalo Sabres"
"2025020268","hockey","nhl","2025_11_12","21:30","Chicago Blackhawks","New Jersey Devils","2025_11_12_Chicago Blackhawks_New Jersey Devils"
"2025020269","hockey","nhl","2025_11_13","19:00","Toronto Maple Leafs","Los Angeles Kings","2025_11_13_Toronto Maple Leafs_Los Angeles Kings"
"2025020270","hockey","nhl","2025_11_13","19:00","Montréal Canadiens","Dallas Stars","2025_11_13_Montreal Canadiens_Dallas Stars"
"2025020271","hockey","nhl","2025_11_13","19:00","Ottawa Senators","Boston Bruins","2025_11_13_Ottawa Senators_Boston Bruins"
"2025020272","hockey","nhl","2025_11_13","19:00","Detroit Red Wings","Anaheim Ducks","2025_11_13_Detroit Red Wings_Anaheim Ducks"
"2025020273","hockey","nhl","2025_11_13","19:00","Florida Panthers","Washington Capitals","2025_11_13_Florida Panthers_Washington Capitals"
"2025020274","hockey","nhl","2025_11_13","19:30","Columbus Blue Jackets","Edmonton Oilers","2025_11_13_Columbus Blue Jackets_Edmonton Oilers"
"2025020275","hockey","nhl","2025_11_13","21:00","Colorado Avalanche","Buffalo Sabres","2025_11_13_Colorado Avalanche_Buffalo Sabres"
"2025020276","hockey","nhl","2025_11_13","21:00","Calgary Flames","San Jose Sharks","2025_11_13_Calgary Flames_San Jose Sharks"
"2025020277","hockey","nhl","2025_11_13","22:00","Vegas Golden Knights","New York Islanders","2025_11_13_Vegas Golden Knights_New York Islanders"
"2025020278","hockey","nhl","2025_11_13","22:00","Seattle Kraken","Winnipeg Jets","2025_11_13_Seattle Kraken_Winnipeg Jets"
"2025020281","hockey","nhl","2025_11_14","14:00","Nashville Predators","Pittsburgh Penguins","2025_11_14_Nashville Predators_Pittsburgh Penguins"
"2025020279","hockey","nhl","2025_11_14","19:00","Carolina Hurricanes","Vancouver Canucks","2025_11_14_Carolina Hurricanes_Vancouver Canucks"
"2025020280","hockey","nhl","2025_11_14","20:00","St. Louis Blues","Philadelphia Flyers","2025_11_14_St Louis Blues_Philadelphia Flyers"
"2025020282","hockey","nhl","2025_11_14","21:00","Utah Mammoth","New York Islanders","2025_11_14_Utah Mammoth_New York Islanders"
"2025020283","hockey","nhl","2025_11_15","17:00","Florida Panthers","Tampa Bay Lightning","2025_11_15_Florida Panthers_Tampa Bay Lightning"
"2025020284","hockey","nhl","2025_11_15","18:00","Minnesota Wild","Anaheim Ducks","2025_11_15_Minnesota Wild_Anaheim Ducks"
"2025020285","hockey","nhl","2025_11_15","19:00","Montréal Canadiens","Boston Bruins","2025_11_15_Montreal Canadiens_Boston Bruins"
"2025020286","hockey","nhl","2025_11_15","19:00","Ottawa Senators","Los Angeles Kings","2025_11_15_Ottawa Senators_Los Angeles Kings"
"2025020287","hockey","nhl","2025_11_15","19:00","Detroit Red Wings","Buffalo Sabres","2025_11_15_Detroit Red Wings_Buffalo Sabres"
"2025020288","hockey","nhl","2025_11_15","19:00","Washington Capitals","New Jersey Devils","2025_11_15_Washington Capitals_New Jersey Devils"
"2025020289","hockey","nhl","2025_11_15","19:00","Carolina Hurricanes","Edmonton Oilers","2025_11_15_Carolina Hurricanes_Edmonton Oilers"
"2025020290","hockey","nhl","2025_11_15","19:00","Columbus Blue Jackets","New York Rangers","2025_11_15_Columbus Blue Jackets_New York Rangers"
"2025020291","hockey","nhl","2025_11_15","19:00","Chicago Blackhawks","Toronto Maple Leafs","2025_11_15_Chicago Blackhawks_Toronto Maple Leafs"
"2025020292","hockey","nhl","2025_11_15","20:00","St. Louis Blues","Vegas Golden Knights","2025_11_15_St Louis Blues_Vegas Golden Knights"
"2025020293","hockey","nhl","2025_11_15","20:00","Dallas Stars","Philadelphia Flyers","2025_11_15_Dallas Stars_Philadelphia Flyers"
"2025020294","hockey","nhl","2025_11_15","22:00","Calgary Flames","Winnipeg Jets","2025_11_15_Calgary Flames_Winnipeg Jets"
"2025020295","hockey","nhl","2025_11_15","22:00","Seattle Kraken","San Jose Sharks","2025_11_15_Seattle Kraken_San Jose Sharks"
"2025020296","hockey","nhl","2025_11_16","09:00","Pittsburgh Penguins","Nashville Predators","2025_11_16_Pittsburgh Penguins_Nashville Predators"
"2025020297","hockey","nhl","2025_11_16","17:00","Tampa Bay Lightning","Vancouver Canucks","2025_11_16_Tampa Bay Lightning_Vancouver Canucks"
"2025020298","hockey","nhl","2025_11_16","18:00","Minnesota Wild","Vegas Golden Knights","2025_11_16_Minnesota Wild_Vegas Golden Knights"
"2025020299","hockey","nhl","2025_11_16","19:00","New York Rangers","Detroit Red Wings","2025_11_16_New York Rangers_Detroit Red Wings"
"2025020300","hockey","nhl","2025_11_16","21:00","Colorado Avalanche","New York Islanders","2025_11_16_Colorado Avalanche_New York Islanders"
"2025020301","hockey","nhl","2025_11_17","19:00","Boston Bruins","Carolina Hurricanes","2025_11_17_Boston Bruins_Carolina Hurricanes"
"2025020302","hockey","nhl","2025_11_17","19:00","Buffalo Sabres","Edmonton Oilers","2025_11_17_Buffalo Sabres_Edmonton Oilers"
"2025020303","hockey","nhl","2025_11_17","19:00","Florida Panthers","Vancouver Canucks","2025_11_17_Florida Panthers_Vancouver Canucks"
"2025020304","hockey","nhl","2025_11_17","19:00","Washington Capitals","Los Angeles Kings","2025_11_17_Washington Capitals_Los Angeles Kings"
"2025020305","hockey","nhl","2025_11_17","19:30","Columbus Blue Jackets","Montréal Canadiens","2025_11_17_Columbus Blue Jackets_Montreal Canadiens"
"2025020306","hockey","nhl","2025_11_17","22:00","Anaheim Ducks","Utah Mammoth","2025_11_17_Anaheim Ducks_Utah Mammoth"
"2025020307","hockey","nhl","2025_11_18","19:00","Toronto Maple Leafs","St. Louis Blues","2025_11_18_Toronto Maple Leafs_St Louis Blues"
"2025020308","hockey","nhl","2025_11_18","19:00","Detroit Red Wings","Seattle Kraken","2025_11_18_Detroit Red Wings_Seattle Kraken"
"2025020309","hockey","nhl","2025_11_18","19:00","Tampa Bay Lightning","New Jersey Devils","2025_11_18_Tampa Bay Lightning_New Jersey Devils"
"2025020310","hockey","nhl","2025_11_18","20:00","Dallas Stars","New York Islanders","2025_11_18_Dallas Stars_New York Islanders"
"2025020311","hockey","nhl","2025_11_18","20:00","Winnipeg Jets","Columbus Blue Jackets","2025_11_18_Winnipeg Jets_Columbus Blue Jackets"
"2025020312","hockey","nhl","2025_11_18","20:30","Chicago Blackhawks","Calgary Flames","2025_11_18_Chicago Blackhawks_Calgary Flames"
"2025020313","hockey","nhl","2025_11_18","22:00","Vegas Golden Knights","New York Rangers","2025_11_18_Vegas Golden Knights_New York Rangers"
"2025020314","hockey","nhl","2025_11_18","22:00","San Jose Sharks","Utah Mammoth","2025_11_18_San Jose Sharks_Utah Mammoth"
"2025020315","hockey","nhl","2025_11_19","19:00","Washington Capitals","Edmonton Oilers","2025_11_19_Washington Capitals_Edmonton Oilers"
"2025020316","hockey","nhl","2025_11_19","19:30","Buffalo Sabres","Calgary Flames","2025_11_19_Buffalo Sabres_Calgary Flames"
"2025020317","hockey","nhl","2025_11_19","21:30","Minnesota Wild","Carolina Hurricanes","2025_11_19_Minnesota Wild_Carolina Hurricanes"
"2025020318","hockey","nhl","2025_11_19","22:00","Anaheim Ducks","Boston Bruins","2025_11_19_Anaheim Ducks_Boston Bruins"
"2025020319","hockey","nhl","2025_11_20","19:00","Toronto Maple Leafs","Columbus Blue Jackets","2025_11_20_Toronto Maple Leafs_Columbus Blue Jackets"
"2025020320","hockey","nhl","2025_11_20","19:00","Montréal Canadiens","Washington Capitals","2025_11_20_Montreal Canadiens_Washington Capitals"
"2025020321","hockey","nhl","2025_11_20","19:00","Detroit Red Wings","New York Islanders","2025_11_20_Detroit Red Wings_New York Islanders"
"2025020323","hockey","nhl","2025_11_20","19:00","Florida Panthers","New Jersey Devils","2025_11_20_Florida Panthers_New Jersey Devils"
"2025020324","hockey","nhl","2025_11_20","19:00","Philadelphia Flyers","St. Louis Blues","2025_11_20_Philadelphia Flyers_St Louis Blues"
"2025020322","hockey","nhl","2025_11_20","19:30","Tampa Bay Lightning","Edmonton Oilers","2025_11_20_Tampa Bay Lightning_Edmonton Oilers"
"2025020325","hockey","nhl","2025_11_20","20:00","Chicago Blackhawks","Seattle Kraken","2025_11_20_Chicago Blackhawks_Seattle Kraken"
"2025020326","hockey","nhl","2025_11_20","21:00","Colorado Avalanche","New York Rangers","2025_11_20_Colorado Avalanche_New York Rangers"
"2025020327","hockey","nhl","2025_11_20","21:00","Utah Mammoth","Vegas Golden Knights","2025_11_20_Utah Mammoth_Vegas Golden Knights"
"2025020328","hockey","nhl","2025_11_20","22:00","Vancouver Canucks","Dallas Stars","2025_11_20_Vancouver Canucks_Dallas Stars"
"2025020329","hockey","nhl","2025_11_20","22:00","Anaheim Ducks","Ottawa Senators","2025_11_20_Anaheim Ducks_Ottawa Senators"
"2025020330","hockey","nhl","2025_11_20","22:00","San Jose Sharks","Los Angeles Kings","2025_11_20_San Jose Sharks_Los Angeles Kings"
"2025020331","hockey","nhl","2025_11_21","19:00","Buffalo Sabres","Chicago Blackhawks","2025_11_21_Buffalo Sabres_Chicago Blackhawks"
"2025020332","hockey","nhl","2025_11_21","19:00","Pittsburgh Penguins","Minnesota Wild","2025_11_21_Pittsburgh Penguins_Minnesota Wild"
"2025020333","hockey","nhl","2025_11_21","20:00","Winnipeg Jets","Carolina Hurricanes","2025_11_21_Winnipeg Jets_Carolina Hurricanes"
"2025020334","hockey","nhl","2025_11_21","22:30","Los Angeles Kings","Boston Bruins","2025_11_21_Los Angeles Kings_Boston Bruins"
"2025020335","hockey","nhl","2025_11_22","13:00","Detroit Red Wings","Columbus Blue Jackets","2025_11_22_Detroit Red Wings_Columbus Blue Jackets"
"2025020336","hockey","nhl","2025_11_22","15:30","New York Islanders","St. Louis Blues","2025_11_22_New York Islanders_St Louis Blues"
"2025020337","hockey","nhl","2025_11_22","19:00","Montréal Canadiens","Toronto Maple Leafs","2025_11_22_Montreal Canadiens_Toronto Maple Leafs"
"2025020338","hockey","nhl","2025_11_22","19:00","Florida Panthers","Edmonton Oilers","2025_11_22_Florida Panthers_Edmonton Oilers"
"2025020339","hockey","nhl","2025_11_22","19:00","Philadelphia Flyers","New Jersey Devils","2025_11_22_Philadelphia Flyers_New Jersey Devils"
"2025020340","hockey","nhl","2025_11_22","19:00","Pittsburgh Penguins","Seattle Kraken","2025_11_22_Pittsburgh Penguins_Seattle Kraken"
"2025020341","hockey","nhl","2025_11_22","19:00","Washington Capitals","Tampa Bay Lightning","2025_11_22_Washington Capitals_Tampa Bay Lightning"
"2025020342","hockey","nhl","2025_11_22","19:00","San Jose Sharks","Ottawa Senators","2025_11_22_San Jose Sharks_Ottawa Senators"
"2025020343","hockey","nhl","2025_11_22","20:00","Nashville Predators","Colorado Avalanche","2025_11_22_Nashville Predators_Colorado Avalanche"
"2025020344","hockey","nhl","2025_11_22","21:00","Utah Mammoth","New York Rangers","2025_11_22_Utah Mammoth_New York Rangers"
"2025020345","hockey","nhl","2025_11_22","22:00","Calgary Flames","Dallas Stars","2025_11_22_Calgary Flames_Dallas Stars"
"2025020346","hockey","nhl","2025_11_22","22:00","Anaheim Ducks","Vegas Golden Knights","2025_11_22_Anaheim Ducks_Vegas Golden Knights"
"2025020347","hockey","nhl","2025_11_23","13:00","Buffalo Sabres","Carolina Hurricanes","2025_11_23_Buffalo Sabres_Carolina Hurricanes"
"2025020348","hockey","nhl","2025_11_23","16:00","Winnipeg Jets","Minnesota Wild","2025_11_23_Winnipeg Jets_Minnesota Wild"
"2025020349","hockey","nhl","2025_11_23","17:00","New York Islanders","Seattle Kraken","2025_11_23_New York Islanders_Seattle Kraken"
"2025020350","hockey","nhl","2025_11_23","19:00","Chicago Blackhawks","Colorado Avalanche","2025_11_23_Chicago Blackhawks_Colorado Avalanche"
"2025020351","hockey","nhl","2025_11_23","20:00","San Jose Sharks","Boston Bruins","2025_11_23_San Jose Sharks_Boston Bruins"
"2025020352","hockey","nhl","2025_11_23","21:00","Vancouver Canucks","Calgary Flames","2025_11_23_Vancouver Canucks_Calgary Flames"
"2025020353","hockey","nhl","2025_11_24","19:00","Tampa Bay Lightning","Philadelphia Flyers","2025_11_24_Tampa Bay Lightning_Philadelphia Flyers"
"2025020354","hockey","nhl","2025_11_24","19:00","New Jersey Devils","Detroit Red Wings","2025_11_24_New Jersey Devils_Detroit Red Wings"
"2025020355","hockey","nhl","2025_11_24","19:00","New York Rangers","St. Louis Blues","2025_11_24_New York Rangers_St Louis Blues"
"2025020356","hockey","nhl","2025_11_24","19:00","Washington Capitals","Columbus Blue Jackets","2025_11_24_Washington Capitals_Columbus Blue Jackets"
"2025020357","hockey","nhl","2025_11_24","20:00","Nashville Predators","Florida Panthers","2025_11_24_Nashville Predators_Florida Panthers"
"2025020358","hockey","nhl","2025_11_24","21:00","Utah Mammoth","Vegas Golden Knights","2025_11_24_Utah Mammoth_Vegas Golden Knights"
"2025020359","hockey","nhl","2025_11_24","21:00","Los Angeles Kings","Ottawa Senators","2025_11_24_Los Angeles Kings_Ottawa Senators"
"2025020360","hockey","nhl","2025_11_25","21:00","Edmonton Oilers","Dallas Stars","2025_11_25_Edmonton Oilers_Dallas Stars"
"2025020361","hockey","nhl","2025_11_26","19:00","Detroit Red Wings","Nashville Predators","2025_11_26_Detroit Red Wings_Nashville Predators"
"2025020362","hockey","nhl","2025_11_26","19:00","Tampa Bay Lightning","Calgary Flames","2025_11_26_Tampa Bay Lightning_Calgary Flames"
"2025020363","hockey","nhl","2025_11_26","19:00","Florida Panthers","Philadelphia Flyers","2025_11_26_Florida Panthers_Philadelphia Flyers"
"2025020364","hockey","nhl","2025_11_26","19:00","New Jersey Devils","St. Louis Blues","2025_11_26_New Jersey Devils_St Louis Blues"
"2025020365","hockey","nhl","2025_11_26","19:00","New York Islanders","Boston Bruins","2025_11_26_New York Islanders_Boston Bruins"
"2025020366","hockey","nhl","2025_11_26","19:00","Pittsburgh Penguins","Buffalo Sabres","2025_11_26_Pittsburgh Penguins_Buffalo Sabres"
"2025020367","hockey","nhl","2025_11_26","19:00","Washington Capitals","Winnipeg Jets","2025_11_26_Washington Capitals_Winnipeg Jets"
"2025020368","hockey","nhl","2025_11_26","19:00","Carolina Hurricanes","New York Rangers","2025_11_26_Carolina Hurricanes_New York Rangers"
"2025020369","hockey","nhl","2025_11_26","19:00","Columbus Blue Jackets","Toronto Maple Leafs","2025_11_26_Columbus Blue Jackets_Toronto Maple Leafs"
"2025020370","hockey","nhl","2025_11_26","20:30","Chicago Blackhawks","Minnesota Wild","2025_11_26_Chicago Blackhawks_Minnesota Wild"
"2025020371","hockey","nhl","2025_11_26","21:00","Colorado Avalanche","San Jose Sharks","2025_11_26_Colorado Avalanche_San Jose Sharks"
"2025020372","hockey","nhl","2025_11_26","21:30","Utah Mammoth","Montréal Canadiens","2025_11_26_Utah Mammoth_Montreal Canadiens"
"2025020373","hockey","nhl","2025_11_26","22:00","Vegas Golden Knights","Ottawa Senators","2025_11_26_Vegas Golden Knights_Ottawa Senators"
"2025020374","hockey","nhl","2025_11_26","22:00","Anaheim Ducks","Vancouver Canucks","2025_11_26_Anaheim Ducks_Vancouver Canucks"
"2025020375","hockey","nhl","2025_11_26","22:00","Seattle Kraken","Dallas Stars","2025_11_26_Seattle Kraken_Dallas Stars"
"2025020377","hockey","nhl","2025_11_28","12:00","Detroit Red Wings","Tampa Bay Lightning","2025_11_28_Detroit Red Wings_Tampa Bay Lightning"
"2025020376","hockey","nhl","2025_11_28","13:00","Boston Bruins","New York Rangers","2025_11_28_Boston Bruins_New York Rangers"
"2025020378","hockey","nhl","2025_11_28","15:30","Minnesota Wild","Colorado Avalanche","2025_11_28_Minnesota Wild_Colorado Avalanche"
"2025020379","hockey","nhl","2025_11_28","16:00","Buffalo Sabres","New Jersey Devils","2025_11_28_Buffalo Sabres_New Jersey Devils"
"2025020380","hockey","nhl","2025_11_28","16:00","Florida Panthers","Calgary Flames","2025_11_28_Florida Panthers_Calgary Flames"
"2025020381","hockey","nhl","2025_11_28","16:00","New York Islanders","Philadelphia Flyers","2025_11_28_New York Islanders_Philadelphia Flyers"
"2025020382","hockey","nhl","2025_11_28","16:00","St. Louis Blues","Ottawa Senators","2025_11_28_St Louis Blues_Ottawa Senators"
"2025020383","hockey","nhl","2025_11_28","16:00","Vegas Golden Knights","Montréal Canadiens","2025_11_28_Vegas Golden Knights_Montreal Canadiens"
"2025020384","hockey","nhl","2025_11_28","16:00","Anaheim Ducks","Los Angeles Kings","2025_11_28_Anaheim Ducks_Los Angeles Kings"
"2025020385","hockey","nhl","2025_11_28","16:00","San Jose Sharks","Vancouver Canucks","2025_11_28_San Jose Sharks_Vancouver Canucks"
"2025020386","hockey","nhl","2025_11_28","17:00","Washington Capitals","Toronto Maple Leafs","2025_11_28_Washington Capitals_Toronto Maple Leafs"
"2025020387","hockey","nhl","2025_11_28","17:00","Carolina Hurricanes","Winnipeg Jets","2025_11_28_Carolina Hurricanes_Winnipeg Jets"
"2025020388","hockey","nhl","2025_11_28","19:00","Columbus Blue Jackets","Pittsburgh Penguins","2025_11_28_Columbus Blue Jackets_Pittsburgh Penguins"
"2025020389","hockey","nhl","2025_11_28","20:00","Chicago Blackhawks","Nashville Predators","2025_11_28_Chicago Blackhawks_Nashville Predators"
"2025020390","hockey","nhl","2025_11_28","20:00","Dallas Stars","Utah Mammoth","2025_11_28_Dallas Stars_Utah Mammoth"
"2025020391","hockey","nhl","2025_11_29","14:00","New York Rangers","Tampa Bay Lightning","2025_11_29_New York Rangers_Tampa Bay Lightning"
"2025020392","hockey","nhl","2025_11_29","15:00","Colorado Avalanche","Montréal Canadiens","2025_11_29_Colorado Avalanche_Montreal Canadiens"
"2025020393","hockey","nhl","2025_11_29","16:00","Seattle Kraken","Edmonton Oilers","2025_11_29_Seattle Kraken_Edmonton Oilers"
"2025020394","hockey","nhl","2025_11_29","19:00","Boston Bruins","Detroit Red Wings","2025_11_29_Boston Bruins_Detroit Red Wings"
"2025020395","hockey","nhl","2025_11_29","19:00","New Jersey Devils","Philadelphia Flyers","2025_11_29_New Jersey Devils_Philadelphia Flyers"
"2025020396","hockey","nhl","2025_11_29","19:00","Pittsburgh Penguins","Toronto Maple Leafs","2025_11_29_Pittsburgh Penguins_Toronto Maple Leafs"
"2025020397","hockey","nhl","2025_11_29","19:00","Nashville Predators","Winnipeg Jets","2025_11_29_Nashville Predators_Winnipeg Jets"
"2025020398","hockey","nhl","2025_11_29","20:00","St. Louis Blues","Utah Mammoth","2025_11_29_St Louis Blues_Utah Mammoth"
"2025020399","hockey","nhl","2025_11_29","20:00","Minnesota Wild","Buffalo Sabres","2025_11_29_Minnesota Wild_Buffalo Sabres"
"2025020400","hockey","nhl","2025_11_29","22:00","Vegas Golden Knights","San Jose Sharks","2025_11_29_Vegas Golden Knights_San Jose Sharks"
"2025020401","hockey","nhl","2025_11_29","22:00","Los Angeles Kings","Vancouver Canucks","2025_11_29_Los Angeles Kings_Vancouver Canucks"
"2025020402","hockey","nhl","2025_11_30","13:00","New York Islanders","Washington Capitals","2025_11_30_New York Islanders_Washington Capitals"
"2025020403","hockey","nhl","2025_11_30","15:30","Chicago Blackhawks","Anaheim Ducks","2025_11_30_Chicago Blackhawks_Anaheim Ducks"
"2025020404","hockey","nhl","2025_11_30","17:00","Carolina Hurricanes","Calgary Flames","2025_11_30_Carolina Hurricanes_Calgary Flames"
"2025020405","hockey","nhl","2025_11_30","18:00","Dallas Stars","Ottawa Senators","2025_11_30_Dallas Stars_Ottawa Senators"
"2025020406","hockey","nhl","2025_12_01","19:00","New Jersey Devils","Columbus Blue Jackets","2025_12_01_New Jersey Devils_Columbus Blue Jackets"
"2025020407","hockey","nhl","2025_12_01","19:00","Philadelphia Flyers","Pittsburgh Penguins","2025_12_01_Philadelphia Flyers_Pittsburgh Penguins"
"2025020408","hockey","nhl","2025_12_01","19:30","Buffalo Sabres","Winnipeg Jets","2025_12_01_Buffalo Sabres_Winnipeg Jets"
"2025020409","hockey","nhl","2025_12_01","20:00","St. Louis Blues","Anaheim Ducks","2025_12_01_St Louis Blues_Anaheim Ducks"
"2025020410","hockey","nhl","2025_12_01","22:00","San Jose Sharks","Utah Mammoth","2025_12_01_San Jose Sharks_Utah Mammoth"
"2025020411","hockey","nhl","2025_12_02","19:00","Montréal Canadiens","Ottawa Senators","2025_12_02_Montreal Canadiens_Ottawa Senators"
"2025020412","hockey","nhl","2025_12_02","19:00","Detroit Red Wings","Boston Bruins","2025_12_02_Detroit Red Wings_Boston Bruins"
"2025020414","hockey","nhl","2025_12_02","19:00","New York Islanders","Tampa Bay Lightning","2025_12_02_New York Islanders_Tampa Bay Lightning"
"2025020415","hockey","nhl","2025_12_02","19:00","New York Rangers","Dallas Stars","2025_12_02_New York Rangers_Dallas Stars"
"2025020413","hockey","nhl","2025_12_02","19:30","Florida Panthers","Toronto Maple Leafs","2025_12_02_Florida Panthers_Toronto Maple Leafs"
"2025020416","hockey","nhl","2025_12_02","20:00","Nashville Predators","Calgary Flames","2025_12_02_Nashville Predators_Calgary Flames"
"2025020417","hockey","nhl","2025_12_02","21:00","Colorado Avalanche","Vancouver Canucks","2025_12_02_Colorado Avalanche_Vancouver Canucks"
"2025020418","hockey","nhl","2025_12_02","21:00","Edmonton Oilers","Minnesota Wild","2025_12_02_Edmonton Oilers_Minnesota Wild"
"2025020419","hockey","nhl","2025_12_02","22:00","Vegas Golden Knights","Chicago Blackhawks","2025_12_02_Vegas Golden Knights_Chicago Blackhawks"
"2025020420","hockey","nhl","2025_12_02","22:30","Los Angeles Kings","Washington Capitals","2025_12_02_Los Angeles Kings_Washington Capitals"
"2025020421","hockey","nhl","2025_12_03","19:00","New Jersey Devils","Dallas Stars","2025_12_03_New Jersey Devils_Dallas Stars"
"2025020422","hockey","nhl","2025_12_03","19:30","Montréal Canadiens","Winnipeg Jets","2025_12_03_Montreal Canadiens_Winnipeg Jets"
"2025020423","hockey","nhl","2025_12_03","19:30","Philadelphia Flyers","Buffalo Sabres","2025_12_03_Philadelphia Flyers_Buffalo Sabres"
"2025020424","hockey","nhl","2025_12_03","22:00","Anaheim Ducks","Utah Mammoth","2025_12_03_Anaheim Ducks_Utah Mammoth"
"2025020425","hockey","nhl","2025_12_03","22:00","San Jose Sharks","Washington Capitals","2025_12_03_San Jose Sharks_Washington Capitals"
"2025020426","hockey","nhl","2025_12_04","19:00","Boston Bruins","St. Louis Blues","2025_12_04_Boston Bruins_St Louis Blues"
"2025020427","hockey","nhl","2025_12_04","19:00","Ottawa Senators","New York Rangers","2025_12_04_Ottawa Senators_New York Rangers"
"2025020428","hockey","nhl","2025_12_04","19:00","Tampa Bay Lightning","Pittsburgh Penguins","2025_12_04_Tampa Bay Lightning_Pittsburgh Penguins"
"2025020429","hockey","nhl","2025_12_04","19:00","Florida Panthers","Nashville Predators","2025_12_04_Florida Panthers_Nashville Predators"
"2025020430","hockey","nhl","2025_12_04","19:00","New York Islanders","Colorado Avalanche","2025_12_04_New York Islanders_Colorado Avalanche"
"2025020431","hockey","nhl","2025_12_04","19:00","Carolina Hurricanes","Toronto Maple Leafs","2025_12_04_Carolina Hurricanes_Toronto Maple Leafs"
"2025020432","hockey","nhl","2025_12_04","19:30","Columbus Blue Jackets","Detroit Red Wings","2025_12_04_Columbus Blue Jackets_Detroit Red Wings"
"2025020433","hockey","nhl","2025_12_04","21:00","Calgary Flames","Minnesota Wild","2025_12_04_Calgary Flames_Minnesota Wild"
"2025020434","hockey","nhl","2025_12_04","21:00","Edmonton Oilers","Seattle Kraken","2025_12_04_Edmonton Oilers_Seattle Kraken"
"2025020435","hockey","nhl","2025_12_04","22:00","Los Angeles Kings","Chicago Blackhawks","2025_12_04_Los Angeles Kings_Chicago Blackhawks"
"2025020436","hockey","nhl","2025_12_05","19:00","New Jersey Devils","Vegas Golden Knights","2025_12_05_New Jersey Devils_Vegas Golden Knights"
"2025020437","hockey","nhl","2025_12_05","19:00","Winnipeg Jets","Buffalo Sabres","2025_12_05_Winnipeg Jets_Buffalo Sabres"
"2025020438","hockey","nhl","2025_12_05","20:00","Dallas Stars","San Jose Sharks","2025_12_05_Dallas Stars_San Jose Sharks"
"2025020439","hockey","nhl","2025_12_05","21:00","Vancouver Canucks","Utah Mammoth","2025_12_05_Vancouver Canucks_Utah Mammoth"
"2025020440","hockey","nhl","2025_12_05","22:00","Anaheim Ducks","Washington Capitals","2025_12_05_Anaheim Ducks_Washington Capitals"
"2025020441","hockey","nhl","2025_12_06","12:30","New York Rangers","Colorado Avalanche","2025_12_06_New York Rangers_Colorado Avalanche"
"2025020442","hockey","nhl","2025_12_06","15:30","Florida Panthers","Columbus Blue Jackets","2025_12_06_Florida Panthers_Columbus Blue Jackets"
"2025020443","hockey","nhl","2025_12_06","19:00","Boston Bruins","New Jersey Devils","2025_12_06_Boston Bruins_New Jersey Devils"
"2025020444","hockey","nhl","2025_12_06","19:00","Toronto Maple Leafs","Montréal Canadiens","2025_12_06_Toronto Maple Leafs_Montreal Canadiens"
"2025020445","hockey","nhl","2025_12_06","19:00","Ottawa Senators","St. Louis Blues","2025_12_06_Ottawa Senators_St Louis Blues"
"2025020446","hockey","nhl","2025_12_06","19:00","Tampa Bay Lightning","New York Islanders","2025_12_06_Tampa Bay Lightning_New York Islanders"
"2025020447","hockey","nhl","2025_12_06","19:00","Carolina Hurricanes","Nashville Predators","2025_12_06_Carolina Hurricanes_Nashville Predators"
"2025020448","hockey","nhl","2025_12_06","19:00","Calgary Flames","Utah Mammoth","2025_12_06_Calgary Flames_Utah Mammoth"
"2025020449","hockey","nhl","2025_12_06","21:00","Los Angeles Kings","Chicago Blackhawks","2025_12_06_Los Angeles Kings_Chicago Blackhawks"
"2025020450","hockey","nhl","2025_12_06","22:00","Edmonton Oilers","Winnipeg Jets","2025_12_06_Edmonton Oilers_Winnipeg Jets"
"2025020451","hockey","nhl","2025_12_06","22:00","Vancouver Canucks","Minnesota Wild","2025_12_06_Vancouver Canucks_Minnesota Wild"
"2025020452","hockey","nhl","2025_12_06","22:00","Seattle Kraken","Detroit Red Wings","2025_12_06_Seattle Kraken_Detroit Red Wings"
"2025020453","hockey","nhl","2025_12_07","13:00","Philadelphia Flyers","Colorado Avalanche","2025_12_07_Philadelphia Flyers_Colorado Avalanche"
"2025020454","hockey","nhl","2025_12_07","17:00","Florida Panthers","New York Islanders","2025_12_07_Florida Panthers_New York Islanders"
"2025020455","hockey","nhl","2025_12_07","17:00","Carolina Hurricanes","San Jose Sharks","2025_12_07_Carolina Hurricanes_San Jose Sharks"
"2025020456","hockey","nhl","2025_12_07","18:00","Dallas Stars","Pittsburgh Penguins","2025_12_07_Dallas Stars_Pittsburgh Penguins"
"2025020457","hockey","nhl","2025_12_07","19:00","Montréal Canadiens","St. Louis Blues","2025_12_07_Montreal Canadiens_St Louis Blues"
"2025020458","hockey","nhl","2025_12_07","19:00","New York Rangers","Vegas Golden Knights","2025_12_07_New York Rangers_Vegas Golden Knights"
"2025020459","hockey","nhl","2025_12_07","19:00","Washington Capitals","Columbus Blue Jackets","2025_12_07_Washington Capitals_Columbus Blue Jackets"
"2025020460","hockey","nhl","2025_12_07","20:00","Anaheim Ducks","Chicago Blackhawks","2025_12_07_Anaheim Ducks_Chicago Blackhawks"
"2025020461","hockey","nhl","2025_12_08","19:30","Toronto Maple Leafs","Tampa Bay Lightning","2025_12_08_Toronto Maple Leafs_Tampa Bay Lightning"
"2025020462","hockey","nhl","2025_12_08","21:00","Utah Mammoth","Los Angeles Kings","2025_12_08_Utah Mammoth_Los Angeles Kings"
"2025020463","hockey","nhl","2025_12_08","21:00","Calgary Flames","Buffalo Sabres","2025_12_08_Calgary Flames_Buffalo Sabres"
"2025020464","hockey","nhl","2025_12_08","22:00","Vancouver Canucks","Detroit Red Wings","2025_12_08_Vancouver Canucks_Detroit Red Wings"
"2025020465","hockey","nhl","2025_12_08","22:00","Seattle Kraken","Minnesota Wild","2025_12_08_Seattle Kraken_Minnesota Wild"
"2025020466","hockey","nhl","2025_12_09","19:00","Montréal Canadiens","Tampa Bay Lightning","2025_12_09_Montreal Canadiens_Tampa Bay Lightning"
"2025020467","hockey","nhl","2025_12_09","19:00","Ottawa Senators","New Jersey Devils","2025_12_09_Ottawa Senators_New Jersey Devils"
"2025020468","hockey","nhl","2025_12_09","19:00","New York Islanders","Vegas Golden Knights","2025_12_09_New York Islanders_Vegas Golden Knights"
"2025020469","hockey","nhl","2025_12_09","19:00","Philadelphia Flyers","San Jose Sharks","2025_12_09_Philadelphia Flyers_San Jose Sharks"
"2025020470","hockey","nhl","2025_12_09","19:00","Pittsburgh Penguins","Anaheim Ducks","2025_12_09_Pittsburgh Penguins_Anaheim Ducks"
"2025020471","hockey","nhl","2025_12_09","19:30","Carolina Hurricanes","Columbus Blue Jackets","2025_12_09_Carolina Hurricanes_Columbus Blue Jackets"
"2025020472","hockey","nhl","2025_12_09","20:00","St. Louis Blues","Boston Bruins","2025_12_09_St Louis Blues_Boston Bruins"
"2025020473","hockey","nhl","2025_12_09","20:00","Winnipeg Jets","Dallas Stars","2025_12_09_Winnipeg Jets_Dallas Stars"
"2025020474","hockey","nhl","2025_12_09","21:00","Edmonton Oilers","Buffalo Sabres","2025_12_09_Edmonton Oilers_Buffalo Sabres"
"2025020475","hockey","nhl","2025_12_09","21:30","Nashville Predators","Colorado Avalanche","2025_12_09_Nashville Predators_Colorado Avalanche"
"2025020476","hockey","nhl","2025_12_10","19:30","Chicago Blackhawks","New York Rangers","2025_12_10_Chicago Blackhawks_New York Rangers"
"2025020477","hockey","nhl","2025_12_10","20:30","Calgary Flames","Detroit Red Wings","2025_12_10_Calgary Flames_Detroit Red Wings"
"2025020478","hockey","nhl","2025_12_10","21:00","Utah Mammoth","Florida Panthers","2025_12_10_Utah Mammoth_Florida Panthers"
"2025020479","hockey","nhl","2025_12_10","22:00","Seattle Kraken","Los Angeles Kings","2025_12_10_Seattle Kraken_Los Angeles Kings"
"2025020480","hockey","nhl","2025_12_11","19:00","Toronto Maple Leafs","San Jose Sharks","2025_12_11_Toronto Maple Leafs_San Jose Sharks"
"2025020481","hockey","nhl","2025_12_11","19:00","New Jersey Devils","Tampa Bay Lightning","2025_12_11_New Jersey Devils_Tampa Bay Lightning"
"2025020482","hockey","nhl","2025_12_11","19:00","New York Islanders","Anaheim Ducks","2025_12_11_New York Islanders_Anaheim Ducks"
"2025020483","hockey","nhl","2025_12_11","19:00","Philadelphia Flyers","Vegas Golden Knights","2025_12_11_Philadelphia Flyers_Vegas Golden Knights"
"2025020484","hockey","nhl","2025_12_11","19:00","Pittsburgh Penguins","Montréal Canadiens","2025_12_11_Pittsburgh Penguins_Montreal Canadiens"
"2025020485","hockey","nhl","2025_12_11","19:00","Washington Capitals","Carolina Hurricanes","2025_12_11_Washington Capitals_Carolina Hurricanes"
"2025020486","hockey","nhl","2025_12_11","19:00","Columbus Blue Jackets","Ottawa Senators","2025_12_11_Columbus Blue Jackets_Ottawa Senators"
"2025020487","hockey","nhl","2025_12_11","20:00","Nashville Predators","St. Louis Blues","2025_12_11_Nashville Predators_St Louis Blues"
"2025020488","hockey","nhl","2025_12_11","20:00","Minnesota Wild","Dallas Stars","2025_12_11_Minnesota Wild_Dallas Stars"
"2025020489","hockey","nhl","2025_12_11","20:00","Winnipeg Jets","Boston Bruins","2025_12_11_Winnipeg Jets_Boston Bruins"
"2025020491","hockey","nhl","2025_12_11","21:00","Edmonton Oilers","Detroit Red Wings","2025_12_11_Edmonton Oilers_Detroit Red Wings"
"2025020490","hockey","nhl","2025_12_11","21:30","Colorado Avalanche","Florida Panthers","2025_12_11_Colorado Avalanche_Florida Panthers"
"2025020492","hockey","nhl","2025_12_11","22:00","Vancouver Canucks","Buffalo Sabres","2025_12_11_Vancouver Canucks_Buffalo Sabres"
"2025020493","hockey","nhl","2025_12_12","20:00","St. Louis Blues","Chicago Blackhawks","2025_12_12_St Louis Blues_Chicago Blackhawks"
"2025020494","hockey","nhl","2025_12_12","21:00","Utah Mammoth","Seattle Kraken","2025_12_12_Utah Mammoth_Seattle Kraken"
"2025020495","hockey","nhl","2025_12_13","12:30","New Jersey Devils","Anaheim Ducks","2025_12_13_New Jersey Devils_Anaheim Ducks"
"2025020496","hockey","nhl","2025_12_13","14:00","Minnesota Wild","Ottawa Senators","2025_12_13_Minnesota Wild_Ottawa Senators"
"2025020497","hockey","nhl","2025_12_13","15:00","Pittsburgh Penguins","San Jose Sharks","2025_12_13_Pittsburgh Penguins_San Jose Sharks"
"2025020498","hockey","nhl","2025_12_13","15:30","New York Islanders","Tampa Bay Lightning","2025_12_13_New York Islanders_Tampa Bay Lightning"
"2025020499","hockey","nhl","2025_12_13","19:00","Toronto Maple Leafs","Edmonton Oilers","2025_12_13_Toronto Maple Leafs_Edmonton Oilers"
"2025020500","hockey","nhl","2025_12_13","19:00","New York Rangers","Montréal Canadiens","2025_12_13_New York Rangers_Montreal Canadiens"
"2025020501","hockey","nhl","2025_12_13","19:00","Philadelphia Flyers","Carolina Hurricanes","2025_12_13_Philadelphia Flyers_Carolina Hurricanes"
"2025020502","hockey","nhl","2025_12_13","19:00","Columbus Blue Jackets","Vegas Golden Knights","2025_12_13_Columbus Blue Jackets_Vegas Golden Knights"
"2025020503","hockey","nhl","2025_12_13","19:00","Winnipeg Jets","Washington Capitals","2025_12_13_Winnipeg Jets_Washington Capitals"
"2025020504","hockey","nhl","2025_12_13","20:00","Chicago Blackhawks","Detroit Red Wings","2025_12_13_Chicago Blackhawks_Detroit Red Wings"
"2025020505","hockey","nhl","2025_12_13","20:00","Dallas Stars","Florida Panthers","2025_12_13_Dallas Stars_Florida Panthers"
"2025020506","hockey","nhl","2025_12_13","21:00","Colorado Avalanche","Nashville Predators","2025_12_13_Colorado Avalanche_Nashville Predators"
"2025020507","hockey","nhl","2025_12_13","22:00","Los Angeles Kings","Calgary Flames","2025_12_13_Los Angeles Kings_Calgary Flames"
"2025020508","hockey","nhl","2025_12_14","12:30","New Jersey Devils","Vancouver Canucks","2025_12_14_New Jersey Devils_Vancouver Canucks"
"2025020509","hockey","nhl","2025_12_14","15:00","Pittsburgh Penguins","Utah Mammoth","2025_12_14_Pittsburgh Penguins_Utah Mammoth"
"2025020510","hockey","nhl","2025_12_14","17:00","Carolina Hurricanes","Philadelphia Flyers","2025_12_14_Carolina Hurricanes_Philadelphia Flyers"
"2025020511","hockey","nhl","2025_12_14","18:00","Minnesota Wild","Boston Bruins","2025_12_14_Minnesota Wild_Boston Bruins"
"2025020512","hockey","nhl","2025_12_14","19:00","Montréal Canadiens","Edmonton Oilers","2025_12_14_Montreal Canadiens_Edmonton Oilers"
"2025020513","hockey","nhl","2025_12_14","20:00","Seattle Kraken","Buffalo Sabres","2025_12_14_Seattle Kraken_Buffalo Sabres"
"2025020514","hockey","nhl","2025_12_15","19:00","Tampa Bay Lightning","Florida Panthers","2025_12_15_Tampa Bay Lightning_Florida Panthers"
"2025020515","hockey","nhl","2025_12_15","19:00","New York Rangers","Anaheim Ducks","2025_12_15_New York Rangers_Anaheim Ducks"
"2025020516","hockey","nhl","2025_12_15","19:30","Winnipeg Jets","Ottawa Senators","2025_12_15_Winnipeg Jets_Ottawa Senators"
"2025020517","hockey","nhl","2025_12_15","20:00","St. Louis Blues","Nashville Predators","2025_12_15_St Louis Blues_Nashville Predators"
"2025020518","hockey","nhl","2025_12_15","20:00","Dallas Stars","Los Angeles Kings","2025_12_15_Dallas Stars_Los Angeles Kings"
"2025020519","hockey","nhl","2025_12_16","19:00","Boston Bruins","Utah Mammoth","2025_12_16_Boston Bruins_Utah Mammoth"
"2025020520","hockey","nhl","2025_12_16","19:00","Toronto Maple Leafs","Chicago Blackhawks","2025_12_16_Toronto Maple Leafs_Chicago Blackhawks"
"2025020521","hockey","nhl","2025_12_16","19:00","Montréal Canadiens","Philadelphia Flyers","2025_12_16_Montreal Canadiens_Philadelphia Flyers"
"2025020522","hockey","nhl","2025_12_16","19:00","Detroit Red Wings","New York Islanders","2025_12_16_Detroit Red Wings_New York Islanders"
"2025020523","hockey","nhl","2025_12_16","19:00","New York Rangers","Vancouver Canucks","2025_12_16_New York Rangers_Vancouver Canucks"
"2025020525","hockey","nhl","2025_12_16","19:00","Columbus Blue Jackets","Anaheim Ducks","2025_12_16_Columbus Blue Jackets_Anaheim Ducks"
"2025020524","hockey","nhl","2025_12_16","19:30","Pittsburgh Penguins","Edmonton Oilers","2025_12_16_Pittsburgh Penguins_Edmonton Oilers"
"2025020526","hockey","nhl","2025_12_16","20:00","Minnesota Wild","Washington Capitals","2025_12_16_Minnesota Wild_Washington Capitals"
"2025020527","hockey","nhl","2025_12_16","22:00","San Jose Sharks","Calgary Flames","2025_12_16_San Jose Sharks_Calgary Flames"
"2025020528","hockey","nhl","2025_12_16","22:00","Seattle Kraken","Colorado Avalanche","2025_12_16_Seattle Kraken_Colorado Avalanche"
"2025020529","hockey","nhl","2025_12_17","19:00","Florida Panthers","Los Angeles Kings","2025_12_17_Florida Panthers_Los Angeles Kings"
"2025020530","hockey","nhl","2025_12_17","19:30","Detroit Red Wings","Utah Mammoth","2025_12_17_Detroit Red Wings_Utah Mammoth"
"2025020531","hockey","nhl","2025_12_17","20:00","St. Louis Blues","Winnipeg Jets","2025_12_17_St Louis Blues_Winnipeg Jets"
"2025020532","hockey","nhl","2025_12_17","20:00","Nashville Predators","Carolina Hurricanes","2025_12_17_Nashville Predators_Carolina Hurricanes"
"2025020533","hockey","nhl","2025_12_17","22:00","Vegas Golden Knights","New Jersey Devils","2025_12_17_Vegas Golden Knights_New Jersey Devils"
"2025020534","hockey","nhl","2025_12_18","19:00","Boston Bruins","Edmonton Oilers","2025_12_18_Boston Bruins_Edmonton Oilers"
"2025020536","hockey","nhl","2025_12_18","19:00","Montréal Canadiens","Chicago Blackhawks","2025_12_18_Montreal Canadiens_Chicago Blackhawks"
"2025020537","hockey","nhl","2025_12_18","19:00","Ottawa Senators","Pittsburgh Penguins","2025_12_18_Ottawa Senators_Pittsburgh Penguins"
"2025020538","hockey","nhl","2025_12_18","19:00","Tampa Bay Lightning","Los Angeles Kings","2025_12_18_Tampa Bay Lightning_Los Angeles Kings"
"2025020539","hockey","nhl","2025_12_18","19:00","Washington Capitals","Toronto Maple Leafs","2025_12_18_Washington Capitals_Toronto Maple Leafs"
"2025020540","hockey","nhl","2025_12_18","19:00","Columbus Blue Jackets","Minnesota Wild","2025_12_18_Columbus Blue Jackets_Minnesota Wild"
"2025020535","hockey","nhl","2025_12_18","19:30","Buffalo Sabres","Philadelphia Flyers","2025_12_18_Buffalo Sabres_Philadelphia Flyers"
"2025020541","hockey","nhl","2025_12_18","20:00","St. Louis Blues","New York Rangers","2025_12_18_St Louis Blues_New York Rangers"
"2025020542","hockey","nhl","2025_12_18","21:00","Calgary Flames","Seattle Kraken","2025_12_18_Calgary Flames_Seattle Kraken"
"2025020543","hockey","nhl","2025_12_18","22:00","San Jose Sharks","Dallas Stars","2025_12_18_San Jose Sharks_Dallas Stars"
"2025020544","hockey","nhl","2025_12_19","19:00","Florida Panthers","Carolina Hurricanes","2025_12_19_Florida Panthers_Carolina Hurricanes"
"2025020545","hockey","nhl","2025_12_19","19:00","New York Islanders","Vancouver Canucks","2025_12_19_New York Islanders_Vancouver Canucks"
"2025020546","hockey","nhl","2025_12_19","21:00","Colorado Avalanche","Winnipeg Jets","2025_12_19_Colorado Avalanche_Winnipeg Jets"
"2025020547","hockey","nhl","2025_12_19","21:00","Utah Mammoth","New Jersey Devils","2025_12_19_Utah Mammoth_New Jersey Devils"
"2025020548","hockey","nhl","2025_12_19","22:00","Anaheim Ducks","Dallas Stars","2025_12_19_Anaheim Ducks_Dallas Stars"
"2025020549","hockey","nhl","2025_12_20","12:30","New York Rangers","Philadelphia Flyers","2025_12_20_New York Rangers_Philadelphia Flyers"
"2025020550","hockey","nhl","2025_12_20","12:30","Washington Capitals","Detroit Red Wings","2025_12_20_Washington Capitals_Detroit Red Wings"
"2025020551","hockey","nhl","2025_12_20","15:00","Ottawa Senators","Chicago Blackhawks","2025_12_20_Ottawa Senators_Chicago Blackhawks"
"2025020552","hockey","nhl","2025_12_20","15:00","Minnesota Wild","Edmonton Oilers","2025_12_20_Minnesota Wild_Edmonton Oilers"
"2025020553","hockey","nhl","2025_12_20","17:00","Buffalo Sabres","New York Islanders","2025_12_20_Buffalo Sabres_New York Islanders"
"2025020554","hockey","nhl","2025_12_20","18:00","Florida Panthers","St. Louis Blues","2025_12_20_Florida Panthers_St Louis Blues"
"2025020555","hockey","nhl","2025_12_20","19:00","Boston Bruins","Vancouver Canucks","2025_12_20_Boston Bruins_Vancouver Canucks"
"2025020556","hockey","nhl","2025_12_20","19:00","Montréal Canadiens","Pittsburgh Penguins","2025_12_20_Montreal Canadiens_Pittsburgh Penguins"
"2025020557","hockey","nhl","2025_12_20","19:00","Tampa Bay Lightning","Carolina Hurricanes","2025_12_20_Tampa Bay Lightning_Carolina Hurricanes"
"2025020558","hockey","nhl","2025_12_20","19:00","Nashville Predators","Toronto Maple Leafs","2025_12_20_Nashville Predators_Toronto Maple Leafs"
"2025020559","hockey","nhl","2025_12_20","22:00","Calgary Flames","Vegas Golden Knights","2025_12_20_Calgary Flames_Vegas Golden Knights"
"2025020560","hockey","nhl","2025_12_20","22:00","Anaheim Ducks","Columbus Blue Jackets","2025_12_20_Anaheim Ducks_Columbus Blue Jackets"
"2025020561","hockey","nhl","2025_12_20","22:00","San Jose Sharks","Seattle Kraken","2025_12_20_San Jose Sharks_Seattle Kraken"
"2025020562","hockey","nhl","2025_12_21","13:00","Detroit Red Wings","Washington Capitals","2025_12_21_Detroit Red Wings_Washington Capitals"
"2025020563","hockey","nhl","2025_12_21","18:00","Minnesota Wild","Colorado Avalanche","2025_12_21_Minnesota Wild_Colorado Avalanche"
"2025020564","hockey","nhl","2025_12_21","19:00","Boston Bruins","Ottawa Senators","2025_12_21_Boston Bruins_Ottawa Senators"
"2025020565","hockey","nhl","2025_12_21","19:00","New Jersey Devils","Buffalo Sabres","2025_12_21_New Jersey Devils_Buffalo Sabres"
"2025020566","hockey","nhl","2025_12_21","19:00","Pittsburgh Penguins","Montréal Canadiens","2025_12_21_Pittsburgh Penguins_Montreal Canadiens"
"2025020567","hockey","nhl","2025_12_21","19:00","Nashville Predators","New York Rangers","2025_12_21_Nashville Predators_New York Rangers"
"2025020568","hockey","nhl","2025_12_21","19:00","Dallas Stars","Toronto Maple Leafs","2025_12_21_Dallas Stars_Toronto Maple Leafs"
"2025020569","hockey","nhl","2025_12_21","19:00","Utah Mammoth","Winnipeg Jets","2025_12_21_Utah Mammoth_Winnipeg Jets"
"2025020570","hockey","nhl","2025_12_21","20:00","Edmonton Oilers","Vegas Golden Knights","2025_12_21_Edmonton Oilers_Vegas Golden Knights"
"2025020571","hockey","nhl","2025_12_22","19:00","Tampa Bay Lightning","St. Louis Blues","2025_12_22_Tampa Bay Lightning_St Louis Blues"
"2025020572","hockey","nhl","2025_12_22","19:30","Philadelphia Flyers","Vancouver Canucks","2025_12_22_Philadelphia Flyers_Vancouver Canucks"
"2025020573","hockey","nhl","2025_12_22","22:00","Anaheim Ducks","Seattle Kraken","2025_12_22_Anaheim Ducks_Seattle Kraken"
"2025020574","hockey","nhl","2025_12_22","22:00","Los Angeles Kings","Columbus Blue Jackets","2025_12_22_Los Angeles Kings_Columbus Blue Jackets"
"2025020575","hockey","nhl","2025_12_23","16:00","Toronto Maple Leafs","Pittsburgh Penguins","2025_12_23_Toronto Maple Leafs_Pittsburgh Penguins"
"2025020579","hockey","nhl","2025_12_23","18:30","Detroit Red Wings","Dallas Stars","2025_12_23_Detroit Red Wings_Dallas Stars"
"2025020576","hockey","nhl","2025_12_23","19:00","Washington Capitals","New York Rangers","2025_12_23_Washington Capitals_New York Rangers"
"2025020577","hockey","nhl","2025_12_23","19:00","Boston Bruins","Montréal Canadiens","2025_12_23_Boston Bruins_Montreal Canadiens"
"2025020578","hockey","nhl","2025_12_23","19:00","Ottawa Senators","Buffalo Sabres","2025_12_23_Ottawa Senators_Buffalo Sabres"
"2025020580","hockey","nhl","2025_12_23","19:00","New York Islanders","New Jersey Devils","2025_12_23_New York Islanders_New Jersey Devils"
"2025020581","hockey","nhl","2025_12_23","19:00","Carolina Hurricanes","Florida Panthers","2025_12_23_Carolina Hurricanes_Florida Panthers"
"2025020582","hockey","nhl","2025_12_23","20:00","Minnesota Wild","Nashville Predators","2025_12_23_Minnesota Wild_Nashville Predators"
"2025020583","hockey","nhl","2025_12_23","21:00","Chicago Blackhawks","Philadelphia Flyers","2025_12_23_Chicago Blackhawks_Philadelphia Flyers"
"2025020584","hockey","nhl","2025_12_23","21:00","Colorado Avalanche","Utah Mammoth","2025_12_23_Colorado Avalanche_Utah Mammoth"
"2025020585","hockey","nhl","2025_12_23","21:00","Edmonton Oilers","Calgary Flames","2025_12_23_Edmonton Oilers_Calgary Flames"
"2025020586","hockey","nhl","2025_12_23","22:00","Vegas Golden Knights","San Jose Sharks",""
"2025020587","hockey","nhl","2025_12_23","22:00","Los Angeles Kings","Seattle Kraken","2025_12_23_Los Angeles Kings_Seattle Kraken"
"2025020588","hockey","nhl","2025_12_27","18:00","New York Islanders","New York Rangers","2025_12_27_New York Islanders_New York Rangers"
"2025020589","hockey","nhl","2025_12_27","19:00","Buffalo Sabres","Boston Bruins","2025_12_27_Buffalo Sabres_Boston Bruins"
"2025020590","hockey","nhl","2025_12_27","19:00","Toronto Maple Leafs","Ottawa Senators","2025_12_27_Toronto Maple Leafs_Ottawa Senators"
"2025020591","hockey","nhl","2025_12_27","19:00","Florida Panthers","Tampa Bay Lightning","2025_12_27_Florida Panthers_Tampa Bay Lightning"
"2025020592","hockey","nhl","2025_12_27","19:00","New Jersey Devils","Washington Capitals","2025_12_27_New Jersey Devils_Washington Capitals"
"2025020593","hockey","nhl","2025_12_27","19:00","Carolina Hurricanes","Detroit Red Wings","2025_12_27_Carolina Hurricanes_Detroit Red Wings"
"2025020594","hockey","nhl","2025_12_27","19:00","Winnipeg Jets","Minnesota Wild","2025_12_27_Winnipeg Jets_Minnesota Wild"
"2025020595","hockey","nhl","2025_12_27","20:00","St. Louis Blues","Nashville Predators","2025_12_27_St Louis Blues_Nashville Predators"
"2025020596","hockey","nhl","2025_12_27","20:00","Dallas Stars","Chicago Blackhawks","2025_12_27_Dallas Stars_Chicago Blackhawks"
"2025020597","hockey","nhl","2025_12_27","21:00","Los Angeles Kings","Anaheim Ducks","2025_12_27_Los Angeles Kings_Anaheim Ducks"
"2025020598","hockey","nhl","2025_12_27","22:00","Calgary Flames","Edmonton Oilers","2025_12_27_Calgary Flames_Edmonton Oilers"
"2025020599","hockey","nhl","2025_12_27","22:00","Vancouver Canucks","San Jose Sharks","2025_12_27_Vancouver Canucks_San Jose Sharks"
"2025020600","hockey","nhl","2025_12_27","22:00","Vegas Golden Knights","Colorado Avalanche","2025_12_27_Vegas Golden Knights_Colorado Avalanche"
"2025020602","hockey","nhl","2025_12_28","17:00","Tampa Bay Lightning","Montréal Canadiens","2025_12_28_Tampa Bay Lightning_Montreal Canadiens"
"2025020603","hockey","nhl","2025_12_28","17:00","Columbus Blue Jackets","New York Islanders","2025_12_28_Columbus Blue Jackets_New York Islanders"
"2025020601","hockey","nhl","2025_12_28","19:00","Detroit Red Wings","Toronto Maple Leafs","2025_12_28_Detroit Red Wings_Toronto Maple Leafs"
"2025020604","hockey","nhl","2025_12_28","19:00","Chicago Blackhawks","Pittsburgh Penguins","2025_12_28_Chicago Blackhawks_Pittsburgh Penguins"
"2025020605","hockey","nhl","2025_12_28","20:00","Seattle Kraken","Philadelphia Flyers","2025_12_28_Seattle Kraken_Philadelphia Flyers"
"2025020607","hockey","nhl","2025_12_29","19:00","Florida Panthers","Washington Capitals","2025_12_29_Florida Panthers_Washington Capitals"
"2025020608","hockey","nhl","2025_12_29","19:00","Carolina Hurricanes","New York Rangers","2025_12_29_Carolina Hurricanes_New York Rangers"
"2025020606","hockey","nhl","2025_12_29","19:30","Ottawa Senators","Columbus Blue Jackets","2025_12_29_Ottawa Senators_Columbus Blue Jackets"
"2025020609","hockey","nhl","2025_12_29","19:30","Winnipeg Jets","Edmonton Oilers","2025_12_29_Winnipeg Jets_Edmonton Oilers"
"2025020610","hockey","nhl","2025_12_29","20:00","St. Louis Blues","Buffalo Sabres","2025_12_29_St Louis Blues_Buffalo Sabres"
"2025020611","hockey","nhl","2025_12_29","21:00","Colorado Avalanche","Los Angeles Kings","2025_12_29_Colorado Avalanche_Los Angeles Kings"
"2025020612","hockey","nhl","2025_12_29","21:00","Utah Mammoth","Nashville Predators","2025_12_29_Utah Mammoth_Nashville Predators"
"2025020613","hockey","nhl","2025_12_29","21:00","Calgary Flames","Boston Bruins","2025_12_29_Calgary Flames_Boston Bruins"
"2025020614","hockey","nhl","2025_12_29","22:00","Vegas Golden Knights","Minnesota Wild","2025_12_29_Vegas Golden Knights_Minnesota Wild"
"2025020615","hockey","nhl","2025_12_29","22:00","Anaheim Ducks","San Jose Sharks","2025_12_29_Anaheim Ducks_San Jose Sharks"
"2025020616","hockey","nhl","2025_12_29","22:00","Seattle Kraken","Vancouver Canucks","2025_12_29_Seattle Kraken_Vancouver Canucks"
"2025020617","hockey","nhl","2025_12_30","19:00","Toronto Maple Leafs","New Jersey Devils","2025_12_30_Toronto Maple Leafs_New Jersey Devils"
"2025020618","hockey","nhl","2025_12_30","19:00","Florida Panthers","Montréal Canadiens","2025_12_30_Florida Panthers_Montreal Canadiens"
"2025020619","hockey","nhl","2025_12_30","19:00","Pittsburgh Penguins","Carolina Hurricanes","2025_12_30_Pittsburgh Penguins_Carolina Hurricanes"
"2025020620","hockey","nhl","2025_12_30","20:30","Chicago Blackhawks","New York Islanders","2025_12_30_Chicago Blackhawks_New York Islanders"
"2025020621","hockey","nhl","2025_12_30","22:00","Vancouver Canucks","Philadelphia Flyers","2025_12_30_Vancouver Canucks_Philadelphia Flyers"
"2025020622","hockey","nhl","2025_12_31","12:30","Washington Capitals","New York Rangers","2025_12_31_Washington Capitals_New York Rangers"
"2025020623","hockey","nhl","2025_12_31","15:00","Vegas Golden Knights","Nashville Predators","2025_12_31_Vegas Golden Knights_Nashville Predators"
"2025020624","hockey","nhl","2025_12_31","16:00","Anaheim Ducks","Tampa Bay Lightning","2025_12_31_Anaheim Ducks_Tampa Bay Lightning"
"2025020625","hockey","nhl","2025_12_31","16:00","San Jose Sharks","Minnesota Wild","2025_12_31_San Jose Sharks_Minnesota Wild"
"2025020626","hockey","nhl","2025_12_31","18:30","Detroit Red Wings","Winnipeg Jets","2025_12_31_Detroit Red Wings_Winnipeg Jets"
"2025020627","hockey","nhl","2025_12_31","19:00","Columbus Blue Jackets","New Jersey Devils","2025_12_31_Columbus Blue Jackets_New Jersey Devils"
"2025020628","hockey","nhl","2025_12_31","20:00","Dallas Stars","Buffalo Sabres","2025_12_31_Dallas Stars_Buffalo Sabres"
"2025020629","hockey","nhl","2025_12_31","21:00","Colorado Avalanche","St. Louis Blues","2025_12_31_Colorado Avalanche_St Louis Blues"
"2025020630","hockey","nhl","2025_12_31","21:30","Calgary Flames","Philadelphia Flyers","2025_12_31_Calgary Flames_Philadelphia Flyers"
"2025020631","hockey","nhl","2025_12_31","21:30","Edmonton Oilers","Boston Bruins","2025_12_31_Edmonton Oilers_Boston Bruins"
"2025020632","hockey","nhl","2026_01_01","13:00","Ottawa Senators","Washington Capitals","2026_01_01_Ottawa Senators_Washington Capitals"
"2025020633","hockey","nhl","2026_01_01","15:00","New York Islanders","Utah Mammoth","2026_01_01_New York Islanders_Utah Mammoth"
"2025020634","hockey","nhl","2026_01_01","19:00","Toronto Maple Leafs","Winnipeg Jets","2026_01_01_Toronto Maple Leafs_Winnipeg Jets"
"2025020635","hockey","nhl","2026_01_01","19:00","Pittsburgh Penguins","Detroit Red Wings","2026_01_01_Pittsburgh Penguins_Detroit Red Wings"
"2025020636","hockey","nhl","2026_01_01","19:00","Carolina Hurricanes","Montréal Canadiens","2026_01_01_Carolina Hurricanes_Montreal Canadiens"
"2025020639","hockey","nhl","2026_01_01","19:00","Los Angeles Kings","Tampa Bay Lightning","2026_01_01_Los Angeles Kings_Tampa Bay Lightning"
"2025020637","hockey","nhl","2026_01_01","20:30","Chicago Blackhawks","Dallas Stars","2026_01_01_Chicago Blackhawks_Dallas Stars"
"2025020638","hockey","nhl","2026_01_01","22:00","Seattle Kraken","Nashville Predators","2026_01_01_Seattle Kraken_Nashville Predators"
"2025020640","hockey","nhl","2026_01_02","15:00","St. Louis Blues","Vegas Golden Knights","2026_01_02_St Louis Blues_Vegas Golden Knights"
"2025020641","hockey","nhl","2026_01_02","20:00","Florida Panthers","New York Rangers",""
"2025020642","hockey","nhl","2026_01_02","22:30","Vancouver Canucks","Seattle Kraken","2026_01_02_Vancouver Canucks_Seattle Kraken"
"2025020643","hockey","nhl","2026_01_02","22:30","Anaheim Ducks","Minnesota Wild","2026_01_02_Anaheim Ducks_Minnesota Wild"
"2025020644","hockey","nhl","2026_01_03","12:00","Detroit Red Wings","Pittsburgh Penguins","2026_01_03_Detroit Red Wings_Pittsburgh Penguins"
"2025020645","hockey","nhl","2026_01_03","15:00","New Jersey Devils","Utah Mammoth","2026_01_03_New Jersey Devils_Utah Mammoth"
"2025020646","hockey","nhl","2026_01_03","15:00","Columbus Blue Jackets","Buffalo Sabres","2026_01_03_Columbus Blue Jackets_Buffalo Sabres"
"2025020647","hockey","nhl","2026_01_03","15:30","Edmonton Oilers","Philadelphia Flyers","2026_01_03_Edmonton Oilers_Philadelphia Flyers"
"2025020648","hockey","nhl","2026_01_03","16:00","St. Louis Blues","Montréal Canadiens","2026_01_03_St Louis Blues_Montreal Canadiens"
"2025020649","hockey","nhl","2026_01_03","16:00","San Jose Sharks","Tampa Bay Lightning","2026_01_03_San Jose Sharks_Tampa Bay Lightning"
"2025020650","hockey","nhl","2026_01_03","19:00","Ottawa Senators","Winnipeg Jets","2026_01_03_Ottawa Senators_Winnipeg Jets"
"2025020651","hockey","nhl","2026_01_03","19:00","New York Islanders","Toronto Maple Leafs","2026_01_03_New York Islanders_Toronto Maple Leafs"
"2025020652","hockey","nhl","2026_01_03","19:00","Washington Capitals","Chicago Blackhawks","2026_01_03_Washington Capitals_Chicago Blackhawks"
"2025020653","hockey","nhl","2026_01_03","19:00","Carolina Hurricanes","Colorado Avalanche","2026_01_03_Carolina Hurricanes_Colorado Avalanche"
"2025020654","hockey","nhl","2026_01_03","19:00","Calgary Flames","Nashville Predators","2026_01_03_Calgary Flames_Nashville Predators"
"2025020655","hockey","nhl","2026_01_03","21:00","Los Angeles Kings","Minnesota Wild","2026_01_03_Los Angeles Kings_Minnesota Wild"
"2025020656","hockey","nhl","2026_01_03","22:00","Vancouver Canucks","Boston Bruins","2026_01_03_Vancouver Canucks_Boston Bruins"
"2025020657","hockey","nhl","2026_01_04","14:00","Dallas Stars","Montréal Canadiens","2026_01_04_Dallas Stars_Montreal Canadiens"
"2025020658","hockey","nhl","2026_01_04","15:00","Columbus Blue Jackets","Pittsburgh Penguins","2026_01_04_Columbus Blue Jackets_Pittsburgh Penguins"
"2025020659","hockey","nhl","2026_01_04","17:00","Florida Panthers","Colorado Avalanche","2026_01_04_Florida Panthers_Colorado Avalanche"
"2025020660","hockey","nhl","2026_01_04","19:00","New Jersey Devils","Carolina Hurricanes","2026_01_04_New Jersey Devils_Carolina Hurricanes"
"2025020661","hockey","nhl","2026_01_04","19:00","Chicago Blackhawks","Vegas Golden Knights","2026_01_04_Chicago Blackhawks_Vegas Golden Knights"
"2025020662","hockey","nhl","2026_01_05","19:00","New York Rangers","Utah Mammoth","2026_01_05_New York Rangers_Utah Mammoth"
"2025020663","hockey","nhl","2026_01_05","19:00","Washington Capitals","Anaheim Ducks","2026_01_05_Washington Capitals_Anaheim Ducks"
"2025020664","hockey","nhl","2026_01_05","19:30","Ottawa Senators","Detroit Red Wings","2026_01_05_Ottawa Senators_Detroit Red Wings"
"2025020665","hockey","nhl","2026_01_05","21:30","Calgary Flames","Seattle Kraken","2026_01_05_Calgary Flames_Seattle Kraken"
"2025020666","hockey","nhl","2026_01_05","22:30","Los Angeles Kings","Minnesota Wild","2026_01_05_Los Angeles Kings_Minnesota Wild"
"2025020667","hockey","nhl","2026_01_06","19:00","Buffalo Sabres","Vancouver Canucks","2026_01_06_Buffalo Sabres_Vancouver Canucks"
"2025020668","hockey","nhl","2026_01_06","19:00","Tampa Bay Lightning","Colorado Avalanche","2026_01_06_Tampa Bay Lightning_Colorado Avalanche"
"2025020670","hockey","nhl","2026_01_06","19:00","Philadelphia Flyers","Anaheim Ducks","2026_01_06_Philadelphia Flyers_Anaheim Ducks"
"2025020671","hockey","nhl","2026_01_06","19:00","Carolina Hurricanes","Dallas Stars","2026_01_06_Carolina Hurricanes_Dallas Stars"
"2025020669","hockey","nhl","2026_01_06","19:30","New York Islanders","New Jersey Devils","2026_01_06_New York Islanders_New Jersey Devils"
"2025020672","hockey","nhl","2026_01_06","19:30","Toronto Maple Leafs","Florida Panthers","2026_01_06_Toronto Maple Leafs_Florida Panthers"
"2025020673","hockey","nhl","2026_01_06","20:00","Winnipeg Jets","Vegas Golden Knights","2026_01_06_Winnipeg Jets_Vegas Golden Knights"
"2025020674","hockey","nhl","2026_01_06","21:00","Edmonton Oilers","Nashville Predators","2026_01_06_Edmonton Oilers_Nashville Predators"
"2025020675","hockey","nhl","2026_01_06","22:00","San Jose Sharks","Columbus Blue Jackets","2026_01_06_San Jose Sharks_Columbus Blue Jackets"
"2025020676","hockey","nhl","2026_01_06","22:00","Seattle Kraken","Boston Bruins","2026_01_06_Seattle Kraken_Boston Bruins"
"2025020677","hockey","nhl","2026_01_07","19:00","Washington Capitals","Dallas Stars","2026_01_07_Washington Capitals_Dallas Stars"
"2025020678","hockey","nhl","2026_01_07","19:30","Montréal Canadiens","Calgary Flames","2026_01_07_Montreal Canadiens_Calgary Flames"
"2025020679","hockey","nhl","2026_01_07","21:30","Chicago Blackhawks","St. Louis Blues","2026_01_07_Chicago Blackhawks_St Louis Blues"
"2025020680","hockey","nhl","2026_01_07","21:30","Utah Mammoth","Ottawa Senators","2026_01_07_Utah Mammoth_Ottawa Senators"
"2025020681","hockey","nhl","2026_01_07","22:30","Los Angeles Kings","San Jose Sharks","2026_01_07_Los Angeles Kings_San Jose Sharks"
"2025020682","hockey","nhl","2026_01_08","19:00","Boston Bruins","Calgary Flames","2026_01_08_Boston Bruins_Calgary Flames"
"2025020683","hockey","nhl","2026_01_08","19:00","Montréal Canadiens","Florida Panthers","2026_01_08_Montreal Canadiens_Florida Panthers"
"2025020684","hockey","nhl","2026_01_08","19:00","Detroit Red Wings","Vancouver Canucks","2026_01_08_Detroit Red Wings_Vancouver Canucks"
"2025020685","hockey","nhl","2026_01_08","19:00","New York Rangers","Buffalo Sabres","2026_01_08_New York Rangers_Buffalo Sabres"
"2025020686","hockey","nhl","2026_01_08","19:00","Philadelphia Flyers","Toronto Maple Leafs","2026_01_08_Philadelphia Flyers_Toronto Maple Leafs"
"2025020687","hockey","nhl","2026_01_08","19:00","Pittsburgh Penguins","New Jersey Devils","2026_01_08_Pittsburgh Penguins_New Jersey Devils"
"2025020688","hockey","nhl","2026_01_08","19:00","Carolina Hurricanes","Anaheim Ducks","2026_01_08_Carolina Hurricanes_Anaheim Ducks"
"2025020689","hockey","nhl","2026_01_08","20:00","Nashville Predators","New York Islanders","2026_01_08_Nashville Predators_New York Islanders"
"2025020690","hockey","nhl","2026_01_08","20:00","Winnipeg Jets","Edmonton Oilers","2026_01_08_Winnipeg Jets_Edmonton Oilers"
"2025020691","hockey","nhl","2026_01_08","21:00","Colorado Avalanche","Ottawa Senators","2026_01_08_Colorado Avalanche_Ottawa Senators"
"2025020692","hockey","nhl","2026_01_08","22:00","Vegas Golden Knights","Columbus Blue Jackets","2026_01_08_Vegas Golden Knights_Columbus Blue Jackets"
"2025020693","hockey","nhl","2026_01_08","22:00","Seattle Kraken","Minnesota Wild","2026_01_08_Seattle Kraken_Minnesota Wild"
"2025020694","hockey","nhl","2026_01_09","20:00","Chicago Blackhawks","Washington Capitals","2026_01_09_Chicago Blackhawks_Washington Capitals"
"2025020695","hockey","nhl","2026_01_09","20:00","Winnipeg Jets","Los Angeles Kings","2026_01_09_Winnipeg Jets_Los Angeles Kings"
"2025020696","hockey","nhl","2026_01_09","21:00","Utah Mammoth","St. Louis Blues","2026_01_09_Utah Mammoth_St Louis Blues"
"2025020697","hockey","nhl","2026_01_10","13:00","Boston Bruins","New York Rangers","2026_01_10_Boston Bruins_New York Rangers"
"2025020698","hockey","nhl","2026_01_10","15:30","Pittsburgh Penguins","Calgary Flames","2026_01_10_Pittsburgh Penguins_Calgary Flames"
"2025020699","hockey","nhl","2026_01_10","16:00","Colorado Avalanche","Columbus Blue Jackets","2026_01_10_Colorado Avalanche_Columbus Blue Jackets"
"2025020700","hockey","nhl","2026_01_10","16:00","San Jose Sharks","Dallas Stars","2026_01_10_San Jose Sharks_Dallas Stars"
"2025020701","hockey","nhl","2026_01_10","19:00","Buffalo Sabres","Anaheim Ducks","2026_01_10_Buffalo Sabres_Anaheim Ducks"
"2025020702","hockey","nhl","2026_01_10","19:00","Toronto Maple Leafs","Vancouver Canucks","2026_01_10_Toronto Maple Leafs_Vancouver Canucks"
"2025020703","hockey","nhl","2026_01_10","19:00","Montréal Canadiens","Detroit Red Wings","2026_01_10_Montreal Canadiens_Detroit Red Wings"
"2025020704","hockey","nhl","2026_01_10","19:00","Ottawa Senators","Florida Panthers","2026_01_10_Ottawa Senators_Florida Panthers"
"2025020705","hockey","nhl","2026_01_10","19:00","Philadelphia Flyers","Tampa Bay Lightning","2026_01_10_Philadelphia Flyers_Tampa Bay Lightning"
"2025020706","hockey","nhl","2026_01_10","19:00","Carolina Hurricanes","Seattle Kraken","2026_01_10_Carolina Hurricanes_Seattle Kraken"
"2025020707","hockey","nhl","2026_01_10","20:00","Nashville Predators","Chicago Blackhawks","2026_01_10_Nashville Predators_Chicago Blackhawks"
"2025020708","hockey","nhl","2026_01_10","20:00","Minnesota Wild","New York Islanders","2026_01_10_Minnesota Wild_New York Islanders"
"2025020709","hockey","nhl","2026_01_10","22:00","Edmonton Oilers","Los Angeles Kings","2026_01_10_Edmonton Oilers_Los Angeles Kings"
"2025020710","hockey","nhl","2026_01_10","22:00","Vegas Golden Knights","St. Louis Blues","2026_01_10_Vegas Golden Knights_St Louis Blues"
"2025020711","hockey","nhl","2026_01_11","14:00","Winnipeg Jets","New Jersey Devils","2026_01_11_Winnipeg Jets_New Jersey Devils"
"2025020712","hockey","nhl","2026_01_11","17:00","Boston Bruins","Pittsburgh Penguins","2026_01_11_Boston Bruins_Pittsburgh Penguins"
"2025020713","hockey","nhl","2026_01_11","19:00","Nashville Predators","Washington Capitals","2026_01_11_Nashville Predators_Washington Capitals"
"2025020714","hockey","nhl","2026_01_11","19:00","Utah Mammoth","Columbus Blue Jackets","2026_01_11_Utah Mammoth_Columbus Blue Jackets"
"2025020715","hockey","nhl","2026_01_11","20:00","San Jose Sharks","Vegas Golden Knights","2026_01_11_San Jose Sharks_Vegas Golden Knights"
"2025020716","hockey","nhl","2026_01_12","19:00","Buffalo Sabres","Florida Panthers","2026_01_12_Buffalo Sabres_Florida Panthers"
"2025020717","hockey","nhl","2026_01_12","19:00","Detroit Red Wings","Carolina Hurricanes","2026_01_12_Detroit Red Wings_Carolina Hurricanes"
"2025020718","hockey","nhl","2026_01_12","19:00","New York Rangers","Seattle Kraken","2026_01_12_New York Rangers_Seattle Kraken"
"2025020719","hockey","nhl","2026_01_12","19:00","Philadelphia Flyers","Tampa Bay Lightning","2026_01_12_Philadelphia Flyers_Tampa Bay Lightning"
"2025020720","hockey","nhl","2026_01_12","19:30","Montréal Canadiens","Vancouver Canucks","2026_01_12_Montreal Canadiens_Vancouver Canucks"
"2025020721","hockey","nhl","2026_01_12","20:00","Minnesota Wild","New Jersey Devils","2026_01_12_Minnesota Wild_New Jersey Devils"
"2025020722","hockey","nhl","2026_01_12","20:30","Chicago Blackhawks","Edmonton Oilers","2026_01_12_Chicago Blackhawks_Edmonton Oilers"
"2025020723","hockey","nhl","2026_01_12","22:00","Colorado Avalanche","Toronto Maple Leafs","2026_01_12_Colorado Avalanche_Toronto Maple Leafs"
"2025020724","hockey","nhl","2026_01_12","22:00","Los Angeles Kings","Dallas Stars","2026_01_12_Los Angeles Kings_Dallas Stars"
"2025020725","hockey","nhl","2026_01_13","19:00","Ottawa Senators","Vancouver Canucks","2026_01_13_Ottawa Senators_Vancouver Canucks"
"2025020726","hockey","nhl","2026_01_13","19:00","Pittsburgh Penguins","Tampa Bay Lightning","2026_01_13_Pittsburgh Penguins_Tampa Bay Lightning"
"2025020727","hockey","nhl","2026_01_13","19:00","Washington Capitals","Montréal Canadiens","2026_01_13_Washington Capitals_Montreal Canadiens"
"2025020728","hockey","nhl","2026_01_13","19:00","Columbus Blue Jackets","Calgary Flames","2026_01_13_Columbus Blue Jackets_Calgary Flames"
"2025020729","hockey","nhl","2026_01_13","19:30","Boston Bruins","Detroit Red Wings","2026_01_13_Boston Bruins_Detroit Red Wings"
"2025020730","hockey","nhl","2026_01_13","19:30","St. Louis Blues","Carolina Hurricanes","2026_01_13_St Louis Blues_Carolina Hurricanes"
"2025020731","hockey","nhl","2026_01_13","20:00","Nashville Predators","Edmonton Oilers","2026_01_13_Nashville Predators_Edmonton Oilers"
"2025020732","hockey","nhl","2026_01_13","20:00","Winnipeg Jets","New York Islanders","2026_01_13_Winnipeg Jets_New York Islanders"
"2025020733","hockey","nhl","2026_01_13","22:00","Utah Mammoth","Toronto Maple Leafs","2026_01_13_Utah Mammoth_Toronto Maple Leafs"
"2025020734","hockey","nhl","2026_01_13","22:00","Anaheim Ducks","Dallas Stars","2026_01_13_Anaheim Ducks_Dallas Stars"
"2025020735","hockey","nhl","2026_01_14","19:00","New Jersey Devils","Seattle Kraken","2026_01_14_New Jersey Devils_Seattle Kraken"
"2025020736","hockey","nhl","2026_01_14","19:30","Buffalo Sabres","Philadelphia Flyers","2026_01_14_Buffalo Sabres_Philadelphia Flyers"
"2025020737","hockey","nhl","2026_01_14","19:30","New York Rangers","Ottawa Senators","2026_01_14_New York Rangers_Ottawa Senators"
"2025020738","hockey","nhl","2026_01_14","22:00","Los Angeles Kings","Vegas Golden Knights","2026_01_14_Los Angeles Kings_Vegas Golden Knights"
"2025020740","hockey","nhl","2026_01_15","19:00","Buffalo Sabres","Montréal Canadiens","2026_01_15_Buffalo Sabres_Montreal Canadiens"
"2025020741","hockey","nhl","2026_01_15","19:00","Pittsburgh Penguins","Philadelphia Flyers","2026_01_15_Pittsburgh Penguins_Philadelphia Flyers"
"2025020742","hockey","nhl","2026_01_15","19:00","Washington Capitals","San Jose Sharks","2026_01_15_Washington Capitals_San Jose Sharks"
"2025020743","hockey","nhl","2026_01_15","19:00","Columbus Blue Jackets","Vancouver Canucks","2026_01_15_Columbus Blue Jackets_Vancouver Canucks"
"2025020739","hockey","nhl","2026_01_15","20:00","Boston Bruins","Seattle Kraken","2026_01_15_Boston Bruins_Seattle Kraken"
"2025020744","hockey","nhl","2026_01_15","20:00","Minnesota Wild","Winnipeg Jets","2026_01_15_Minnesota Wild_Winnipeg Jets"
"2025020745","hockey","nhl","2026_01_15","20:30","Chicago Blackhawks","Calgary Flames","2026_01_15_Chicago Blackhawks_Calgary Flames"
"2025020746","hockey","nhl","2026_01_15","21:00","Utah Mammoth","Dallas Stars","2026_01_15_Utah Mammoth_Dallas Stars"
"2025020747","hockey","nhl","2026_01_15","21:00","Edmonton Oilers","New York Islanders","2026_01_15_Edmonton Oilers_New York Islanders"
"2025020748","hockey","nhl","2026_01_15","21:30","Vegas Golden Knights","Toronto Maple Leafs","2026_01_15_Vegas Golden Knights_Toronto Maple Leafs"
"2025020749","hockey","nhl","2026_01_16","19:00","Detroit Red Wings","San Jose Sharks","2026_01_16_Detroit Red Wings_San Jose Sharks"
"2025020750","hockey","nhl","2026_01_16","19:00","Carolina Hurricanes","Florida Panthers","2026_01_16_Carolina Hurricanes_Florida Panthers"
"2025020751","hockey","nhl","2026_01_16","20:00","St. Louis Blues","Tampa Bay Lightning","2026_01_16_St Louis Blues_Tampa Bay Lightning"
"2025020752","hockey","nhl","2026_01_16","21:00","Colorado Avalanche","Nashville Predators","2026_01_16_Colorado Avalanche_Nashville Predators"
"2025020753","hockey","nhl","2026_01_16","22:30","Los Angeles Kings","Anaheim Ducks","2026_01_16_Los Angeles Kings_Anaheim Ducks"
"2025020754","hockey","nhl","2026_01_17","12:30","Buffalo Sabres","Minnesota Wild","2026_01_17_Buffalo Sabres_Minnesota Wild"
"2025020755","hockey","nhl","2026_01_17","13:00","Philadelphia Flyers","New York Rangers","2026_01_17_Philadelphia Flyers_New York Rangers"
"2025020756","hockey","nhl","2026_01_17","15:00","Calgary Flames","New York Islanders","2026_01_17_Calgary Flames_New York Islanders"
"2025020757","hockey","nhl","2026_01_17","17:00","Utah Mammoth","Seattle Kraken","2026_01_17_Utah Mammoth_Seattle Kraken"
"2025020758","hockey","nhl","2026_01_17","19:00","Ottawa Senators","Montréal Canadiens","2026_01_17_Ottawa Senators_Montreal Canadiens"
"2025020759","hockey","nhl","2026_01_17","19:00","New Jersey Devils","Carolina Hurricanes","2026_01_17_New Jersey Devils_Carolina Hurricanes"
"2025020760","hockey","nhl","2026_01_17","19:00","Pittsburgh Penguins","Columbus Blue Jackets","2026_01_17_Pittsburgh Penguins_Columbus Blue Jackets"
"2025020761","hockey","nhl","2026_01_17","19:00","Washington Capitals","Florida Panthers","2026_01_17_Washington Capitals_Florida Panthers"
"2025020762","hockey","nhl","2026_01_17","19:00","Winnipeg Jets","Toronto Maple Leafs","2026_01_17_Winnipeg Jets_Toronto Maple Leafs"
"2025020763","hockey","nhl","2026_01_17","20:00","Chicago Blackhawks","Boston Bruins","2026_01_17_Chicago Blackhawks_Boston Bruins"
"2025020764","hockey","nhl","2026_01_17","22:00","Vancouver Canucks","Edmonton Oilers","2026_01_17_Vancouver Canucks_Edmonton Oilers"
"2025020765","hockey","nhl","2026_01_17","22:00","Vegas Golden Knights","Nashville Predators","2026_01_17_Vegas Golden Knights_Nashville Predators"
"2025020766","hockey","nhl","2026_01_17","22:00","Anaheim Ducks","Los Angeles Kings","2026_01_17_Anaheim Ducks_Los Angeles Kings"
"2025020767","hockey","nhl","2026_01_18","14:00","Dallas Stars","Tampa Bay Lightning","2026_01_18_Dallas Stars_Tampa Bay Lightning"
"2025020768","hockey","nhl","2026_01_18","17:00","Detroit Red Wings","Ottawa Senators","2026_01_18_Detroit Red Wings_Ottawa Senators"
"2025020769","hockey","nhl","2026_01_18","20:00","Edmonton Oilers","St. Louis Blues","2026_01_18_Edmonton Oilers_St Louis Blues"
"2025020770","hockey","nhl","2026_01_19","13:30","Carolina Hurricanes","Buffalo Sabres","2026_01_19_Carolina Hurricanes_Buffalo Sabres"
"2025020771","hockey","nhl","2026_01_19","16:00","Colorado Avalanche","Washington Capitals","2026_01_19_Colorado Avalanche_Washington Capitals"
"2025020772","hockey","nhl","2026_01_19","17:00","Seattle Kraken","Pittsburgh Penguins","2026_01_19_Seattle Kraken_Pittsburgh Penguins"
"2025020773","hockey","nhl","2026_01_19","18:00","Florida Panthers","San Jose Sharks","2026_01_19_Florida Panthers_San Jose Sharks"
"2025020774","hockey","nhl","2026_01_19","19:30","Toronto Maple Leafs","Minnesota Wild","2026_01_19_Toronto Maple Leafs_Minnesota Wild"
"2025020775","hockey","nhl","2026_01_19","20:00","Vegas Golden Knights","Philadelphia Flyers","2026_01_19_Vegas Golden Knights_Philadelphia Flyers"
"2025020776","hockey","nhl","2026_01_19","20:30","Chicago Blackhawks","Winnipeg Jets","2026_01_19_Chicago Blackhawks_Winnipeg Jets"
"2025020777","hockey","nhl","2026_01_19","21:00","Calgary Flames","New Jersey Devils","2026_01_19_Calgary Flames_New Jersey Devils"
"2025020778","hockey","nhl","2026_01_19","22:00","Vancouver Canucks","New York Islanders","2026_01_19_Vancouver Canucks_New York Islanders"
"2025020779","hockey","nhl","2026_01_19","22:00","Anaheim Ducks","New York Rangers","2026_01_19_Anaheim Ducks_New York Rangers"
"2025020780","hockey","nhl","2026_01_20","19:00","Montréal Canadiens","Minnesota Wild","2026_01_20_Montreal Canadiens_Minnesota Wild"
"2025020781","hockey","nhl","2026_01_20","19:00","Tampa Bay Lightning","San Jose Sharks","2026_01_20_Tampa Bay Lightning_San Jose Sharks"
"2025020782","hockey","nhl","2026_01_20","19:00","Columbus Blue Jackets","Ottawa Senators","2026_01_20_Columbus Blue Jackets_Ottawa Senators"
"2025020783","hockey","nhl","2026_01_20","19:30","Dallas Stars","Boston Bruins","2026_01_20_Dallas Stars_Boston Bruins"
"2025020784","hockey","nhl","2026_01_20","20:00","Nashville Predators","Buffalo Sabres","2026_01_20_Nashville Predators_Buffalo Sabres"
"2025020785","hockey","nhl","2026_01_20","20:00","Winnipeg Jets","St. Louis Blues","2026_01_20_Winnipeg Jets_St Louis Blues"
"2025020786","hockey","nhl","2026_01_20","22:00","Edmonton Oilers","New Jersey Devils","2026_01_20_Edmonton Oilers_New Jersey Devils"
"2025020787","hockey","nhl","2026_01_20","22:00","Los Angeles Kings","New York Rangers","2026_01_20_Los Angeles Kings_New York Rangers"
"2025020788","hockey","nhl","2026_01_21","19:00","Toronto Maple Leafs","Detroit Red Wings","2026_01_21_Toronto Maple Leafs_Detroit Red Wings"
"2025020789","hockey","nhl","2026_01_21","21:00","Colorado Avalanche","Anaheim Ducks","2026_01_21_Colorado Avalanche_Anaheim Ducks"
"2025020790","hockey","nhl","2026_01_21","21:00","Utah Mammoth","Philadelphia Flyers","2026_01_21_Utah Mammoth_Philadelphia Flyers"
"2025020791","hockey","nhl","2026_01_21","21:30","Calgary Flames","Pittsburgh Penguins","2026_01_21_Calgary Flames_Pittsburgh Penguins"
"2025020793","hockey","nhl","2026_01_21","21:30","Seattle Kraken","New York Islanders","2026_01_21_Seattle Kraken_New York Islanders"
"2025020792","hockey","nhl","2026_01_21","22:00","Vancouver Canucks","Washington Capitals","2026_01_21_Vancouver Canucks_Washington Capitals"
"2025020794","hockey","nhl","2026_01_22","19:00","Boston Bruins","Vegas Golden Knights","2026_01_22_Boston Bruins_Vegas Golden Knights"
"2025020795","hockey","nhl","2026_01_22","19:00","Montréal Canadiens","Buffalo Sabres","2026_01_22_Montreal Canadiens_Buffalo Sabres"
"2025020796","hockey","nhl","2026_01_22","19:00","Carolina Hurricanes","Chicago Blackhawks","2026_01_22_Carolina Hurricanes_Chicago Blackhawks"
"2025020797","hockey","nhl","2026_01_22","19:00","Columbus Blue Jackets","Dallas Stars","2026_01_22_Columbus Blue Jackets_Dallas Stars"
"2025020798","hockey","nhl","2026_01_22","20:00","Nashville Predators","Ottawa Senators","2026_01_22_Nashville Predators_Ottawa Senators"
"2025020799","hockey","nhl","2026_01_22","20:00","Winnipeg Jets","Florida Panthers","2026_01_22_Winnipeg Jets_Florida Panthers"
"2025020800","hockey","nhl","2026_01_22","21:00","Edmonton Oilers","Pittsburgh Penguins","2026_01_22_Edmonton Oilers_Pittsburgh Penguins"
"2025020801","hockey","nhl","2026_01_22","21:30","Minnesota Wild","Detroit Red Wings","2026_01_22_Minnesota Wild_Detroit Red Wings"
"2025020802","hockey","nhl","2026_01_23","19:00","Toronto Maple Leafs","Vegas Golden Knights","2026_01_23_Toronto Maple Leafs_Vegas Golden Knights"
"2025020803","hockey","nhl","2026_01_23","19:00","Chicago Blackhawks","Tampa Bay Lightning","2026_01_23_Chicago Blackhawks_Tampa Bay Lightning"
"2025020804","hockey","nhl","2026_01_23","20:00","Dallas Stars","St. Louis Blues","2026_01_23_Dallas Stars_St Louis Blues"
"2025020805","hockey","nhl","2026_01_23","21:00","Colorado Avalanche","Philadelphia Flyers","2026_01_23_Colorado Avalanche_Philadelphia Flyers"
"2025020806","hockey","nhl","2026_01_23","21:00","Calgary Flames","Washington Capitals","2026_01_23_Calgary Flames_Washington Capitals"
"2025020807","hockey","nhl","2026_01_23","22:00","Vancouver Canucks","New Jersey Devils","2026_01_23_Vancouver Canucks_New Jersey Devils"
"2025020808","hockey","nhl","2026_01_23","22:00","San Jose Sharks","New York Rangers","2026_01_23_San Jose Sharks_New York Rangers"
"2025020809","hockey","nhl","2026_01_23","22:00","Seattle Kraken","Anaheim Ducks","2026_01_23_Seattle Kraken_Anaheim Ducks"
"2025020810","hockey","nhl","2026_01_24","13:00","New York Islanders","Buffalo Sabres","2026_01_24_New York Islanders_Buffalo Sabres"
"2025020811","hockey","nhl","2026_01_24","13:30","Nashville Predators","Utah Mammoth","2026_01_24_Nashville Predators_Utah Mammoth"
"2025020812","hockey","nhl","2026_01_24","19:00","Boston Bruins","Montréal Canadiens","2026_01_24_Boston Bruins_Montreal Canadiens"
"2025020813","hockey","nhl","2026_01_24","19:00","Ottawa Senators","Carolina Hurricanes","2026_01_24_Ottawa Senators_Carolina Hurricanes"
"2025020814","hockey","nhl","2026_01_24","19:00","Columbus Blue Jackets","Tampa Bay Lightning","2026_01_24_Columbus Blue Jackets_Tampa Bay Lightning"
"2025020815","hockey","nhl","2026_01_24","19:00","Winnipeg Jets","Detroit Red Wings","2026_01_24_Winnipeg Jets_Detroit Red Wings"
"2025020816","hockey","nhl","2026_01_24","20:00","St. Louis Blues","Los Angeles Kings","2026_01_24_St Louis Blues_Los Angeles Kings"
"2025020817","hockey","nhl","2026_01_24","21:00","Minnesota Wild","Florida Panthers","2026_01_24_Minnesota Wild_Florida Panthers"
"2025020818","hockey","nhl","2026_01_24","22:00","Edmonton Oilers","Washington Capitals","2026_01_24_Edmonton Oilers_Washington Capitals"
"2025020819","hockey","nhl","2026_01_25","13:30","Toronto Maple Leafs","Colorado Avalanche","2026_01_25_Toronto Maple Leafs_Colorado Avalanche"
"2025020820","hockey","nhl","2026_01_25","15:00","Seattle Kraken","New Jersey Devils","2026_01_25_Seattle Kraken_New Jersey Devils"
"2025020821","hockey","nhl","2026_01_25","17:00","Ottawa Senators","Vegas Golden Knights","2026_01_25_Ottawa Senators_Vegas Golden Knights"
"2025020822","hockey","nhl","2026_01_25","18:00","Vancouver Canucks","Pittsburgh Penguins","2026_01_25_Vancouver Canucks_Pittsburgh Penguins"
"2025020823","hockey","nhl","2026_01_25","19:00","Chicago Blackhawks","Florida Panthers","2026_01_25_Chicago Blackhawks_Florida Panthers"
"2025020824","hockey","nhl","2026_01_25","20:00","Calgary Flames","Anaheim Ducks","2026_01_25_Calgary Flames_Anaheim Ducks"
"2025020825","hockey","nhl","2026_01_26","19:00","Tampa Bay Lightning","Utah Mammoth","2026_01_26_Tampa Bay Lightning_Utah Mammoth"
"2025020826","hockey","nhl","2026_01_26","19:00","New York Rangers","Boston Bruins","2026_01_26_New York Rangers_Boston Bruins"
"2025020827","hockey","nhl","2026_01_26","19:00","Philadelphia Flyers","New York Islanders","2026_01_26_Philadelphia Flyers_New York Islanders"
"2025020829","hockey","nhl","2026_01_26","20:30","Edmonton Oilers","Anaheim Ducks","2026_01_26_Edmonton Oilers_Anaheim Ducks"
"2025020830","hockey","nhl","2026_01_27","19:00","Boston Bruins","Nashville Predators","2026_01_27_Boston Bruins_Nashville Predators"
"2025020831","hockey","nhl","2026_01_27","19:00","Toronto Maple Leafs","Buffalo Sabres","2026_01_27_Toronto Maple Leafs_Buffalo Sabres"
"2025020832","hockey","nhl","2026_01_27","19:00","Montréal Canadiens","Vegas Golden Knights","2026_01_27_Montreal Canadiens_Vegas Golden Knights"
"2025020833","hockey","nhl","2026_01_27","19:00","Detroit Red Wings","Los Angeles Kings","2026_01_27_Detroit Red Wings_Los Angeles Kings"
"2025020834","hockey","nhl","2026_01_27","19:00","Florida Panthers","Utah Mammoth","2026_01_27_Florida Panthers_Utah Mammoth"
"2025020835","hockey","nhl","2026_01_27","19:00","New Jersey Devils","Winnipeg Jets","2026_01_27_New Jersey Devils_Winnipeg Jets"
"2025020836","hockey","nhl","2026_01_27","20:00","St. Louis Blues","Dallas Stars","2026_01_27_St Louis Blues_Dallas Stars"
"2025020837","hockey","nhl","2026_01_27","20:00","Minnesota Wild","Chicago Blackhawks","2026_01_27_Minnesota Wild_Chicago Blackhawks"
"2025020838","hockey","nhl","2026_01_27","22:00","Vancouver Canucks","San Jose Sharks","2026_01_27_Vancouver Canucks_San Jose Sharks"
"2025020839","hockey","nhl","2026_01_27","22:00","Seattle Kraken","Washington Capitals","2026_01_27_Seattle Kraken_Washington Capitals"
"2025020842","hockey","nhl","2026_01_28","19:00","New York Islanders","New York Rangers","2026_01_28_New York Islanders_New York Rangers"
"2025020840","hockey","nhl","2026_01_28","19:30","Columbus Blue Jackets","Philadelphia Flyers","2026_01_28_Columbus Blue Jackets_Philadelphia Flyers"
"2025020841","hockey","nhl","2026_01_28","19:30","Ottawa Senators","Colorado Avalanche","2026_01_28_Ottawa Senators_Colorado Avalanche"
"2025020843","hockey","nhl","2026_01_29","19:00","Boston Bruins","Philadelphia Flyers","2026_01_29_Boston Bruins_Philadelphia Flyers"
"2025020844","hockey","nhl","2026_01_29","19:00","Buffalo Sabres","Los Angeles Kings","2026_01_29_Buffalo Sabres_Los Angeles Kings"
"2025020845","hockey","nhl","2026_01_29","19:00","Montréal Canadiens","Colorado Avalanche","2026_01_29_Montreal Canadiens_Colorado Avalanche"
"2025020847","hockey","nhl","2026_01_29","19:00","Tampa Bay Lightning","Winnipeg Jets","2026_01_29_Tampa Bay Lightning_Winnipeg Jets"
"2025020848","hockey","nhl","2026_01_29","19:00","New Jersey Devils","Nashville Predators","2026_01_29_New Jersey Devils_Nashville Predators"
"2025020849","hockey","nhl","2026_01_29","19:00","New York Rangers","New York Islanders","2026_01_29_New York Rangers_New York Islanders"
"2025020850","hockey","nhl","2026_01_29","19:00","Pittsburgh Penguins","Chicago Blackhawks","2026_01_29_Pittsburgh Penguins_Chicago Blackhawks"
"2025020851","hockey","nhl","2026_01_29","19:00","Carolina Hurricanes","Utah Mammoth","2026_01_29_Carolina Hurricanes_Utah Mammoth"
"2025020846","hockey","nhl","2026_01_29","19:30","Detroit Red Wings","Washington Capitals","2026_01_29_Detroit Red Wings_Washington Capitals"
"2025020852","hockey","nhl","2026_01_29","20:00","St. Louis Blues","Florida Panthers","2026_01_29_St Louis Blues_Florida Panthers"
"2025020853","hockey","nhl","2026_01_29","20:00","Minnesota Wild","Calgary Flames","2026_01_29_Minnesota Wild_Calgary Flames"
"2025020854","hockey","nhl","2026_01_29","21:00","Edmonton Oilers","San Jose Sharks","2026_01_29_Edmonton Oilers_San Jose Sharks"
"2025020855","hockey","nhl","2026_01_29","22:00","Vancouver Canucks","Anaheim Ducks","2026_01_29_Vancouver Canucks_Anaheim Ducks"
"2025020856","hockey","nhl","2026_01_29","22:00","Vegas Golden Knights","Dallas Stars","2026_01_29_Vegas Golden Knights_Dallas Stars"
"2025020857","hockey","nhl","2026_01_29","22:00","Seattle Kraken","Toronto Maple Leafs","2026_01_29_Seattle Kraken_Toronto Maple Leafs"
"2025020858","hockey","nhl","2026_01_30","20:30","Chicago Blackhawks","Columbus Blue Jackets","2026_01_30_Chicago Blackhawks_Columbus Blue Jackets"
"2025020859","hockey","nhl","2026_01_31","12:30","Philadelphia Flyers","Los Angeles Kings","2026_01_31_Philadelphia Flyers_Los Angeles Kings"
"2025020860","hockey","nhl","2026_01_31","13:00","Detroit Red Wings","Colorado Avalanche","2026_01_31_Detroit Red Wings_Colorado Avalanche"
"2025020861","hockey","nhl","2026_01_31","15:30","Pittsburgh Penguins","New York Rangers","2026_01_31_Pittsburgh Penguins_New York Rangers"
"2025020862","hockey","nhl","2026_01_31","16:00","Florida Panthers","Winnipeg Jets","2026_01_31_Florida Panthers_Winnipeg Jets"
"2025020863","hockey","nhl","2026_01_31","16:00","Calgary Flames","San Jose Sharks","2026_01_31_Calgary Flames_San Jose Sharks"
"2025020864","hockey","nhl","2026_01_31","17:00","Washington Capitals","Carolina Hurricanes","2026_01_31_Washington Capitals_Carolina Hurricanes"
"2025020865","hockey","nhl","2026_01_31","19:00","Buffalo Sabres","Montréal Canadiens","2026_01_31_Buffalo Sabres_Montreal Canadiens"
"2025020866","hockey","nhl","2026_01_31","19:00","Ottawa Senators","New Jersey Devils","2026_01_31_Ottawa Senators_New Jersey Devils"
"2025020867","hockey","nhl","2026_01_31","19:00","New York Islanders","Nashville Predators","2026_01_31_New York Islanders_Nashville Predators"
"2025020868","hockey","nhl","2026_01_31","19:00","St. Louis Blues","Columbus Blue Jackets","2026_01_31_St Louis Blues_Columbus Blue Jackets"
"2025020869","hockey","nhl","2026_01_31","19:00","Vancouver Canucks","Toronto Maple Leafs","2026_01_31_Vancouver Canucks_Toronto Maple Leafs"
"2025020870","hockey","nhl","2026_01_31","21:00","Utah Mammoth","Dallas Stars","2026_01_31_Utah Mammoth_Dallas Stars"
"2025020871","hockey","nhl","2026_01_31","22:00","Edmonton Oilers","Minnesota Wild","2026_01_31_Edmonton Oilers_Minnesota Wild"
"2025020872","hockey","nhl","2026_01_31","22:00","Vegas Golden Knights","Seattle Kraken","2026_01_31_Vegas Golden Knights_Seattle Kraken"
"2025020874","hockey","nhl","2026_02_01","15:00","Carolina Hurricanes","Los Angeles Kings","2026_02_01_Carolina Hurricanes_Los Angeles Kings"
"2025020873","hockey","nhl","2026_02_01","18:30","Tampa Bay Lightning","Boston Bruins",""
"2025020875","hockey","nhl","2026_02_01","21:30","Anaheim Ducks","Vegas Golden Knights","2026_02_01_Anaheim Ducks_Vegas Golden Knights"
"2025020876","hockey","nhl","2026_02_02","19:00","Florida Panthers","Buffalo Sabres","2026_02_02_Florida Panthers_Buffalo Sabres"
"2025020877","hockey","nhl","2026_02_02","19:00","Pittsburgh Penguins","Ottawa Senators","2026_02_02_Pittsburgh Penguins_Ottawa Senators"
"2025020878","hockey","nhl","2026_02_02","19:00","Washington Capitals","New York Islanders","2026_02_02_Washington Capitals_New York Islanders"
"2025020879","hockey","nhl","2026_02_02","19:30","Minnesota Wild","Montréal Canadiens","2026_02_02_Minnesota Wild_Montreal Canadiens"
"2025020880","hockey","nhl","2026_02_02","20:00","Nashville Predators","St. Louis Blues","2026_02_02_Nashville Predators_St Louis Blues"
"2025020881","hockey","nhl","2026_02_02","20:30","Chicago Blackhawks","San Jose Sharks","2026_02_02_Chicago Blackhawks_San Jose Sharks"
"2025020882","hockey","nhl","2026_02_02","20:30","Dallas Stars","Winnipeg Jets","2026_02_02_Dallas Stars_Winnipeg Jets"
"2025020883","hockey","nhl","2026_02_02","21:00","Colorado Avalanche","Detroit Red Wings","2026_02_02_Colorado Avalanche_Detroit Red Wings"
"2025020884","hockey","nhl","2026_02_02","21:30","Utah Mammoth","Vancouver Canucks","2026_02_02_Utah Mammoth_Vancouver Canucks"
"2025020885","hockey","nhl","2026_02_02","22:00","Calgary Flames","Toronto Maple Leafs","2026_02_02_Calgary Flames_Toronto Maple Leafs"
"2025020887","hockey","nhl","2026_02_03","19:00","New Jersey Devils","Columbus Blue Jackets","2026_02_03_New Jersey Devils_Columbus Blue Jackets"
"2025020889","hockey","nhl","2026_02_03","19:00","Philadelphia Flyers","Washington Capitals","2026_02_03_Philadelphia Flyers_Washington Capitals"
"2025020890","hockey","nhl","2026_02_03","19:00","Carolina Hurricanes","Ottawa Senators","2026_02_03_Carolina Hurricanes_Ottawa Senators"
"2025020886","hockey","nhl","2026_02_03","19:30","Tampa Bay Lightning","Buffalo Sabres","2026_02_03_Tampa Bay Lightning_Buffalo Sabres"
"2025020888","hockey","nhl","2026_02_03","19:30","New York Islanders","Pittsburgh Penguins","2026_02_03_New York Islanders_Pittsburgh Penguins"
"2025020891","hockey","nhl","2026_02_03","20:30","Edmonton Oilers","Toronto Maple Leafs","2026_02_03_Edmonton Oilers_Toronto Maple Leafs"
"2025020892","hockey","nhl","2026_02_03","22:00","Anaheim Ducks","Seattle Kraken","2026_02_03_Anaheim Ducks_Seattle Kraken"
"2025020893","hockey","nhl","2026_02_04","19:00","Florida Panthers","Boston Bruins","2026_02_04_Florida Panthers_Boston Bruins"
"2025020894","hockey","nhl","2026_02_04","19:00","Columbus Blue Jackets","Chicago Blackhawks","2026_02_04_Columbus Blue Jackets_Chicago Blackhawks"
"2025020895","hockey","nhl","2026_02_04","19:00","Winnipeg Jets","Montréal Canadiens","2026_02_04_Winnipeg Jets_Montreal Canadiens"
"2025020896","hockey","nhl","2026_02_04","20:00","Nashville Predators","Minnesota Wild","2026_02_04_Nashville Predators_Minnesota Wild"
"2025020897","hockey","nhl","2026_02_04","21:00","Colorado Avalanche","San Jose Sharks","2026_02_04_Colorado Avalanche_San Jose Sharks"
"2025020898","hockey","nhl","2026_02_04","21:00","Utah Mammoth","Detroit Red Wings","2026_02_04_Utah Mammoth_Detroit Red Wings"
"2025020899","hockey","nhl","2026_02_04","21:30","Dallas Stars","St. Louis Blues","2026_02_04_Dallas Stars_St Louis Blues"
"2025020900","hockey","nhl","2026_02_04","22:00","Calgary Flames","Edmonton Oilers","2026_02_04_Calgary Flames_Edmonton Oilers"
"2025020901","hockey","nhl","2026_02_04","22:00","Vegas Golden Knights","Vancouver Canucks","2026_02_04_Vegas Golden Knights_Vancouver Canucks"
"2025020902","hockey","nhl","2026_02_04","22:00","Los Angeles Kings","Seattle Kraken","2026_02_04_Los Angeles Kings_Seattle Kraken"
"2025020903","hockey","nhl","2026_02_05","19:00","Buffalo Sabres","Pittsburgh Penguins","2026_02_05_Buffalo Sabres_Pittsburgh Penguins"
"2025020905","hockey","nhl","2026_02_05","19:00","New Jersey Devils","New York Islanders","2026_02_05_New Jersey Devils_New York Islanders"
"2025020906","hockey","nhl","2026_02_05","19:00","New York Rangers","Carolina Hurricanes","2026_02_05_New York Rangers_Carolina Hurricanes"
"2025020907","hockey","nhl","2026_02_05","19:00","Philadelphia Flyers","Ottawa Senators","2026_02_05_Philadelphia Flyers_Ottawa Senators"
"2025020908","hockey","nhl","2026_02_05","19:00","Washington Capitals","Nashville Predators","2026_02_05_Washington Capitals_Nashville Predators"
"2025020904","hockey","nhl","2026_02_05","19:30","Tampa Bay Lightning","Florida Panthers","2026_02_05_Tampa Bay Lightning_Florida Panthers"
"2025020909","hockey","nhl","2026_02_05","22:00","Vegas Golden Knights","Los Angeles Kings","2026_02_05_Vegas Golden Knights_Los Angeles Kings"
"2025020910","hockey","nhl","2026_02_25","19:00","New Jersey Devils","Buffalo Sabres","2026_02_25_New Jersey Devils_Buffalo Sabres"
"2025020911","hockey","nhl","2026_02_25","19:00","Washington Capitals","Philadelphia Flyers","2026_02_25_Washington Capitals_Philadelphia Flyers"
"2025020912","hockey","nhl","2026_02_25","19:30","Tampa Bay Lightning","Toronto Maple Leafs","2026_02_25_Tampa Bay Lightning_Toronto Maple Leafs"
"2025020913","hockey","nhl","2026_02_25","20:00","Dallas Stars","Seattle Kraken","2026_02_25_Dallas Stars_Seattle Kraken"
"2025020914","hockey","nhl","2026_02_25","21:00","Utah Mammoth","Colorado Avalanche","2026_02_25_Utah Mammoth_Colorado Avalanche"
"2025020915","hockey","nhl","2026_02_25","22:00","Vancouver Canucks","Winnipeg Jets","2026_02_25_Vancouver Canucks_Winnipeg Jets"
"2025020916","hockey","nhl","2026_02_25","22:00","Los Angeles Kings","Vegas Golden Knights","2026_02_25_Los Angeles Kings_Vegas Golden Knights"
"2025020917","hockey","nhl","2026_02_25","22:30","Anaheim Ducks","Edmonton Oilers","2026_02_25_Anaheim Ducks_Edmonton Oilers"
"2025020918","hockey","nhl","2026_02_26","19:00","Boston Bruins","Columbus Blue Jackets","2026_02_26_Boston Bruins_Columbus Blue Jackets"
"2025020919","hockey","nhl","2026_02_26","19:00","Montréal Canadiens","New York Islanders","2026_02_26_Montreal Canadiens_New York Islanders"
"2025020920","hockey","nhl","2026_02_26","19:00","Ottawa Senators","Detroit Red Wings","2026_02_26_Ottawa Senators_Detroit Red Wings"
"2025020921","hockey","nhl","2026_02_26","19:00","Florida Panthers","Toronto Maple Leafs","2026_02_26_Florida Panthers_Toronto Maple Leafs"
"2025020922","hockey","nhl","2026_02_26","19:00","Pittsburgh Penguins","New Jersey Devils","2026_02_26_Pittsburgh Penguins_New Jersey Devils"
"2025020923","hockey","nhl","2026_02_26","19:00","Carolina Hurricanes","Tampa Bay Lightning","2026_02_26_Carolina Hurricanes_Tampa Bay Lightning"
"2025020924","hockey","nhl","2026_02_26","20:00","New York Rangers","Philadelphia Flyers","2026_02_26_New York Rangers_Philadelphia Flyers"
"2025020925","hockey","nhl","2026_02_26","20:00","St. Louis Blues","Seattle Kraken","2026_02_26_St Louis Blues_Seattle Kraken"
"2025020926","hockey","nhl","2026_02_26","20:00","Nashville Predators","Chicago Blackhawks","2026_02_26_Nashville Predators_Chicago Blackhawks"
"2025020927","hockey","nhl","2026_02_26","21:00","Colorado Avalanche","Minnesota Wild","2026_02_26_Colorado Avalanche_Minnesota Wild"
"2025020928","hockey","nhl","2026_02_26","22:00","San Jose Sharks","Calgary Flames","2026_02_26_San Jose Sharks_Calgary Flames"
"2025020929","hockey","nhl","2026_02_26","22:30","Los Angeles Kings","Edmonton Oilers","2026_02_26_Los Angeles Kings_Edmonton Oilers"
"2025020930","hockey","nhl","2026_02_27","19:00","Florida Panthers","Buffalo Sabres","2026_02_27_Florida Panthers_Buffalo Sabres"
"2025020931","hockey","nhl","2026_02_27","19:00","Washington Capitals","Vegas Golden Knights","2026_02_27_Washington Capitals_Vegas Golden Knights"
"2025020932","hockey","nhl","2026_02_27","21:00","Utah Mammoth","Minnesota Wild","2026_02_27_Utah Mammoth_Minnesota Wild"
"2025020933","hockey","nhl","2026_02_27","22:00","Anaheim Ducks","Winnipeg Jets","2026_02_27_Anaheim Ducks_Winnipeg Jets"
"2025020934","hockey","nhl","2026_02_28","12:30","New York Rangers","Pittsburgh Penguins","2026_02_28_New York Rangers_Pittsburgh Penguins"
"2025020935","hockey","nhl","2026_02_28","15:00","Philadelphia Flyers","Boston Bruins","2026_02_28_Philadelphia Flyers_Boston Bruins"
"2025020936","hockey","nhl","2026_02_28","16:00","San Jose Sharks","Edmonton Oilers","2026_02_28_San Jose Sharks_Edmonton Oilers"
"2025020943","hockey","nhl","2026_02_28","17:00","St. Louis Blues","New Jersey Devils","2026_02_28_St Louis Blues_New Jersey Devils"
"2025020937","hockey","nhl","2026_02_28","18:00","Columbus Blue Jackets","New York Islanders","2026_02_28_Columbus Blue Jackets_New York Islanders"
"2025020938","hockey","nhl","2026_02_28","18:00","Colorado Avalanche","Chicago Blackhawks","2026_02_28_Colorado Avalanche_Chicago Blackhawks"
"2025020939","hockey","nhl","2026_02_28","19:00","Toronto Maple Leafs","Ottawa Senators","2026_02_28_Toronto Maple Leafs_Ottawa Senators"
"2025020940","hockey","nhl","2026_02_28","19:00","Montréal Canadiens","Washington Capitals","2026_02_28_Montreal Canadiens_Washington Capitals"
"2025020941","hockey","nhl","2026_02_28","19:00","Tampa Bay Lightning","Buffalo Sabres","2026_02_28_Tampa Bay Lightning_Buffalo Sabres"
"2025020942","hockey","nhl","2026_02_28","19:00","Carolina Hurricanes","Detroit Red Wings","2026_02_28_Carolina Hurricanes_Detroit Red Wings"
"2025020944","hockey","nhl","2026_02_28","19:00","Los Angeles Kings","Calgary Flames","2026_02_28_Los Angeles Kings_Calgary Flames"
"2025020945","hockey","nhl","2026_02_28","20:00","Dallas Stars","Nashville Predators","2026_02_28_Dallas Stars_Nashville Predators"
"2025020946","hockey","nhl","2026_02_28","22:00","Seattle Kraken","Vancouver Canucks","2026_02_28_Seattle Kraken_Vancouver Canucks"
"2025020947","hockey","nhl","2026_03_01","13:00","Pittsburgh Penguins","Vegas Golden Knights","2026_03_01_Pittsburgh Penguins_Vegas Golden Knights"
"2025020949","hockey","nhl","2026_03_01","16:00","Utah Mammoth","Chicago Blackhawks","2026_03_01_Utah Mammoth_Chicago Blackhawks"
"2025020950","hockey","nhl","2026_03_01","16:00","San Jose Sharks","Winnipeg Jets","2026_03_01_San Jose Sharks_Winnipeg Jets"
"2025020951","hockey","nhl","2026_03_01","17:00","Minnesota Wild","St. Louis Blues","2026_03_01_Minnesota Wild_St Louis Blues"
"2025020948","hockey","nhl","2026_03_01","18:30","New York Islanders","Florida Panthers","2026_03_01_New York Islanders_Florida Panthers"
"2025020952","hockey","nhl","2026_03_01","20:00","Anaheim Ducks","Calgary Flames","2026_03_01_Anaheim Ducks_Calgary Flames"
"2025020955","hockey","nhl","2026_03_02","14:00","Nashville Predators","Detroit Red Wings","2026_03_02_Nashville Predators_Detroit Red Wings"
"2025020953","hockey","nhl","2026_03_02","19:00","New York Rangers","Columbus Blue Jackets","2026_03_02_New York Rangers_Columbus Blue Jackets"
"2025020954","hockey","nhl","2026_03_02","19:30","Toronto Maple Leafs","Philadelphia Flyers","2026_03_02_Toronto Maple Leafs_Philadelphia Flyers"
"2025020956","hockey","nhl","2026_03_02","22:00","Vancouver Canucks","Dallas Stars","2026_03_02_Vancouver Canucks_Dallas Stars"
"2025020957","hockey","nhl","2026_03_02","22:00","Seattle Kraken","Carolina Hurricanes","2026_03_02_Seattle Kraken_Carolina Hurricanes"
"2025020958","hockey","nhl","2026_03_02","22:30","Los Angeles Kings","Colorado Avalanche","2026_03_02_Los Angeles Kings_Colorado Avalanche"
"2025020959","hockey","nhl","2026_03_03","19:00","Boston Bruins","Pittsburgh Penguins","2026_03_03_Boston Bruins_Pittsburgh Penguins"
"2025020960","hockey","nhl","2026_03_03","19:00","Buffalo Sabres","Vegas Golden Knights","2026_03_03_Buffalo Sabres_Vegas Golden Knights"
"2025020961","hockey","nhl","2026_03_03","19:00","New Jersey Devils","Florida Panthers","2026_03_03_New Jersey Devils_Florida Panthers"
"2025020962","hockey","nhl","2026_03_03","19:00","Washington Capitals","Utah Mammoth","2026_03_03_Washington Capitals_Utah Mammoth"
"2025020963","hockey","nhl","2026_03_03","19:00","Columbus Blue Jackets","Nashville Predators","2026_03_03_Columbus Blue Jackets_Nashville Predators"
"2025020964","hockey","nhl","2026_03_03","20:00","Winnipeg Jets","Chicago Blackhawks","2026_03_03_Winnipeg Jets_Chicago Blackhawks"
"2025020965","hockey","nhl","2026_03_03","21:00","Calgary Flames","Dallas Stars","2026_03_03_Calgary Flames_Dallas Stars"
"2025020966","hockey","nhl","2026_03_03","21:00","Edmonton Oilers","Ottawa Senators","2026_03_03_Edmonton Oilers_Ottawa Senators"
"2025020967","hockey","nhl","2026_03_03","21:30","Minnesota Wild","Tampa Bay Lightning","2026_03_03_Minnesota Wild_Tampa Bay Lightning"
"2025020968","hockey","nhl","2026_03_03","22:00","Anaheim Ducks","Colorado Avalanche","2026_03_03_Anaheim Ducks_Colorado Avalanche"
"2025020969","hockey","nhl","2026_03_03","22:00","San Jose Sharks","Montréal Canadiens","2026_03_03_San Jose Sharks_Montreal Canadiens"
"2025020970","hockey","nhl","2026_03_04","19:00","Detroit Red Wings","Vegas Golden Knights","2026_03_04_Detroit Red Wings_Vegas Golden Knights"
"2025020971","hockey","nhl","2026_03_04","19:00","New Jersey Devils","Toronto Maple Leafs","2026_03_04_New Jersey Devils_Toronto Maple Leafs"
"2025020972","hockey","nhl","2026_03_04","22:00","Vancouver Canucks","Carolina Hurricanes","2026_03_04_Vancouver Canucks_Carolina Hurricanes"
"2025020973","hockey","nhl","2026_03_04","22:00","Anaheim Ducks","New York Islanders","2026_03_04_Anaheim Ducks_New York Islanders"
"2025020974","hockey","nhl","2026_03_04","22:00","Seattle Kraken","St. Louis Blues","2026_03_04_Seattle Kraken_St Louis Blues"
"2025020975","hockey","nhl","2026_03_05","19:00","New York Rangers","Toronto Maple Leafs","2026_03_05_New York Rangers_Toronto Maple Leafs"
"2025020976","hockey","nhl","2026_03_05","19:00","Philadelphia Flyers","Utah Mammoth","2026_03_05_Philadelphia Flyers_Utah Mammoth"
"2025020977","hockey","nhl","2026_03_05","19:00","Pittsburgh Penguins","Buffalo Sabres","2026_03_05_Pittsburgh Penguins_Buffalo Sabres"
"2025020978","hockey","nhl","2026_03_05","19:00","Columbus Blue Jackets","Florida Panthers","2026_03_05_Columbus Blue Jackets_Florida Panthers"
"2025020979","hockey","nhl","2026_03_05","20:00","Nashville Predators","Boston Bruins","2026_03_05_Nashville Predators_Boston Bruins"
"2025020980","hockey","nhl","2026_03_05","20:00","Winnipeg Jets","Tampa Bay Lightning","2026_03_05_Winnipeg Jets_Tampa Bay Lightning"
"2025020981","hockey","nhl","2026_03_05","21:00","Calgary Flames","Ottawa Senators","2026_03_05_Calgary Flames_Ottawa Senators"
"2025020982","hockey","nhl","2026_03_05","21:30","Los Angeles Kings","New York Islanders","2026_03_05_Los Angeles Kings_New York Islanders"
"2025020983","hockey","nhl","2026_03_06","19:00","Detroit Red Wings","Florida Panthers","2026_03_06_Detroit Red Wings_Florida Panthers"
"2025020984","hockey","nhl","2026_03_06","20:00","Dallas Stars","Colorado Avalanche","2026_03_06_Dallas Stars_Colorado Avalanche"
"2025020985","hockey","nhl","2026_03_06","20:30","Chicago Blackhawks","Vancouver Canucks","2026_03_06_Chicago Blackhawks_Vancouver Canucks"
"2025020986","hockey","nhl","2026_03_06","21:00","Edmonton Oilers","Carolina Hurricanes","2026_03_06_Edmonton Oilers_Carolina Hurricanes"
"2025020987","hockey","nhl","2026_03_06","21:00","Anaheim Ducks","Montréal Canadiens","2026_03_06_Anaheim Ducks_Montreal Canadiens"
"2025020988","hockey","nhl","2026_03_06","22:00","Vegas Golden Knights","Minnesota Wild","2026_03_06_Vegas Golden Knights_Minnesota Wild"
"2025020989","hockey","nhl","2026_03_06","22:00","San Jose Sharks","St. Louis Blues","2026_03_06_San Jose Sharks_St Louis Blues"
"2025020990","hockey","nhl","2026_03_07","12:30","Boston Bruins","Washington Capitals","2026_03_07_Boston Bruins_Washington Capitals"
"2025020991","hockey","nhl","2026_03_07","15:00","New Jersey Devils","New York Rangers","2026_03_07_New Jersey Devils_New York Rangers"
"2025020992","hockey","nhl","2026_03_07","17:30","Buffalo Sabres","Nashville Predators","2026_03_07_Buffalo Sabres_Nashville Predators"
"2025020993","hockey","nhl","2026_03_07","17:30","Pittsburgh Penguins","Philadelphia Flyers","2026_03_07_Pittsburgh Penguins_Philadelphia Flyers"
"2025020994","hockey","nhl","2026_03_07","19:00","Toronto Maple Leafs","Tampa Bay Lightning","2026_03_07_Toronto Maple Leafs_Tampa Bay Lightning"
"2025020995","hockey","nhl","2026_03_07","19:00","Columbus Blue Jackets","Utah Mammoth","2026_03_07_Columbus Blue Jackets_Utah Mammoth"
"2025020996","hockey","nhl","2026_03_07","19:00","Winnipeg Jets","Vancouver Canucks","2026_03_07_Winnipeg Jets_Vancouver Canucks"
"2025020997","hockey","nhl","2026_03_07","19:00","Los Angeles Kings","Montréal Canadiens","2026_03_07_Los Angeles Kings_Montreal Canadiens"
"2025020998","hockey","nhl","2026_03_07","22:00","Calgary Flames","Carolina Hurricanes","2026_03_07_Calgary Flames_Carolina Hurricanes"
"2025020999","hockey","nhl","2026_03_07","22:00","San Jose Sharks","New York Islanders","2026_03_07_San Jose Sharks_New York Islanders"
"2025021000","hockey","nhl","2026_03_07","22:00","Seattle Kraken","Ottawa Senators","2026_03_07_Seattle Kraken_Ottawa Senators"
"2025021001","hockey","nhl","2026_03_08","14:00","Colorado Avalanche","Minnesota Wild","2026_03_08_Colorado Avalanche_Minnesota Wild"
"2025021002","hockey","nhl","2026_03_08","16:30","Pittsburgh Penguins","Boston Bruins","2026_03_08_Pittsburgh Penguins_Boston Bruins"
"2025021003","hockey","nhl","2026_03_08","18:00","Buffalo Sabres","Tampa Bay Lightning","2026_03_08_Buffalo Sabres_Tampa Bay Lightning"
"2025021004","hockey","nhl","2026_03_08","18:00","Dallas Stars","Chicago Blackhawks","2026_03_08_Dallas Stars_Chicago Blackhawks"
"2025021005","hockey","nhl","2026_03_08","19:00","New Jersey Devils","Detroit Red Wings","2026_03_08_New Jersey Devils_Detroit Red Wings"
"2025021006","hockey","nhl","2026_03_08","21:00","Anaheim Ducks","St. Louis Blues","2026_03_08_Anaheim Ducks_St Louis Blues"
"2025021007","hockey","nhl","2026_03_08","21:30","Vegas Golden Knights","Edmonton Oilers","2026_03_08_Vegas Golden Knights_Edmonton Oilers"
"2025020828","hockey","nhl","2026_03_09","16:00","Columbus Blue Jackets","Los Angeles Kings","2026_03_09_Columbus Blue Jackets_Los Angeles Kings"
"2025021008","hockey","nhl","2026_03_09","19:00","Philadelphia Flyers","New York Rangers","2026_03_09_Philadelphia Flyers_New York Rangers"
"2025021009","hockey","nhl","2026_03_09","19:00","Washington Capitals","Calgary Flames","2026_03_09_Washington Capitals_Calgary Flames"
"2025021010","hockey","nhl","2026_03_09","20:30","Chicago Blackhawks","Utah Mammoth","2026_03_09_Chicago Blackhawks_Utah Mammoth"
"2025021011","hockey","nhl","2026_03_09","21:00","Vancouver Canucks","Ottawa Senators","2026_03_09_Vancouver Canucks_Ottawa Senators"
"2025021012","hockey","nhl","2026_03_10","19:00","Boston Bruins","Los Angeles Kings","2026_03_10_Boston Bruins_Los Angeles Kings"
"2025021013","hockey","nhl","2026_03_10","19:00","Buffalo Sabres","San Jose Sharks","2026_03_10_Buffalo Sabres_San Jose Sharks"
"2025021014","hockey","nhl","2026_03_10","19:00","Montréal Canadiens","Toronto Maple Leafs","2026_03_10_Montreal Canadiens_Toronto Maple Leafs"
"2025021015","hockey","nhl","2026_03_10","19:00","Tampa Bay Lightning","Columbus Blue Jackets","2026_03_10_Tampa Bay Lightning_Columbus Blue Jackets"
"2025021016","hockey","nhl","2026_03_10","19:00","Florida Panthers","Detroit Red Wings","2026_03_10_Florida Panthers_Detroit Red Wings"
"2025021017","hockey","nhl","2026_03_10","19:00","New York Rangers","Calgary Flames","2026_03_10_New York Rangers_Calgary Flames"
"2025021018","hockey","nhl","2026_03_10","19:00","Carolina Hurricanes","Pittsburgh Penguins","2026_03_10_Carolina Hurricanes_Pittsburgh Penguins"
"2025021019","hockey","nhl","2026_03_10","19:30","St. Louis Blues","New York Islanders","2026_03_10_St Louis Blues_New York Islanders"
"2025021020","hockey","nhl","2026_03_10","20:00","Dallas Stars","Vegas Golden Knights","2026_03_10_Dallas Stars_Vegas Golden Knights"
"2025021021","hockey","nhl","2026_03_10","20:00","Minnesota Wild","Utah Mammoth","2026_03_10_Minnesota Wild_Utah Mammoth"
"2025021022","hockey","nhl","2026_03_10","20:30","Winnipeg Jets","Anaheim Ducks","2026_03_10_Winnipeg Jets_Anaheim Ducks"
"2025021023","hockey","nhl","2026_03_10","22:00","Colorado Avalanche","Edmonton Oilers","2026_03_10_Colorado Avalanche_Edmonton Oilers"
"2025021024","hockey","nhl","2026_03_10","22:00","Seattle Kraken","Nashville Predators","2026_03_10_Seattle Kraken_Nashville Predators"
"2025021025","hockey","nhl","2026_03_11","19:30","Ottawa Senators","Montréal Canadiens","2026_03_11_Ottawa Senators_Montreal Canadiens"
"2025021026","hockey","nhl","2026_03_11","19:30","Philadelphia Flyers","Washington Capitals","2026_03_11_Philadelphia Flyers_Washington Capitals"
"2025021027","hockey","nhl","2026_03_12","19:00","Boston Bruins","San Jose Sharks","2026_03_12_Boston Bruins_San Jose Sharks"
"2025021028","hockey","nhl","2026_03_12","19:00","Buffalo Sabres","Washington Capitals","2026_03_12_Buffalo Sabres_Washington Capitals"
"2025021029","hockey","nhl","2026_03_12","19:00","Toronto Maple Leafs","Anaheim Ducks","2026_03_12_Toronto Maple Leafs_Anaheim Ducks"
"2025021030","hockey","nhl","2026_03_12","19:00","Tampa Bay Lightning","Detroit Red Wings","2026_03_12_Tampa Bay Lightning_Detroit Red Wings"
"2025021031","hockey","nhl","2026_03_12","19:00","Florida Panthers","Columbus Blue Jackets","2026_03_12_Florida Panthers_Columbus Blue Jackets"
"2025021032","hockey","nhl","2026_03_12","19:00","New Jersey Devils","Calgary Flames","2026_03_12_New Jersey Devils_Calgary Flames"
"2025021033","hockey","nhl","2026_03_12","19:00","Carolina Hurricanes","St. Louis Blues","2026_03_12_Carolina Hurricanes_St Louis Blues"
"2025021034","hockey","nhl","2026_03_12","20:00","Dallas Stars","Edmonton Oilers","2026_03_12_Dallas Stars_Edmonton Oilers"
"2025021035","hockey","nhl","2026_03_12","20:00","Minnesota Wild","Philadelphia Flyers","2026_03_12_Minnesota Wild_Philadelphia Flyers"
"2025021036","hockey","nhl","2026_03_12","20:00","Winnipeg Jets","New York Rangers","2026_03_12_Winnipeg Jets_New York Rangers"
"2025021037","hockey","nhl","2026_03_12","21:00","Utah Mammoth","Chicago Blackhawks","2026_03_12_Utah Mammoth_Chicago Blackhawks"
"2025021038","hockey","nhl","2026_03_12","22:00","Vancouver Canucks","Nashville Predators","2026_03_12_Vancouver Canucks_Nashville Predators"
"2025021039","hockey","nhl","2026_03_12","22:00","Vegas Golden Knights","Pittsburgh Penguins","2026_03_12_Vegas Golden Knights_Pittsburgh Penguins"
"2025021040","hockey","nhl","2026_03_12","22:00","Seattle Kraken","Colorado Avalanche","2026_03_12_Seattle Kraken_Colorado Avalanche"
"2025021041","hockey","nhl","2026_03_13","19:00","New York Islanders","Los Angeles Kings","2026_03_13_New York Islanders_Los Angeles Kings"
"2025021042","hockey","nhl","2026_03_13","20:00","St. Louis Blues","Edmonton Oilers","2026_03_13_St Louis Blues_Edmonton Oilers"
"2025021043","hockey","nhl","2026_03_14","13:00","Ottawa Senators","Anaheim Ducks","2026_03_14_Ottawa Senators_Anaheim Ducks"
"2025021044","hockey","nhl","2026_03_14","15:00","Washington Capitals","Boston Bruins","2026_03_14_Washington Capitals_Boston Bruins"
"2025021045","hockey","nhl","2026_03_14","16:00","Winnipeg Jets","Colorado Avalanche","2026_03_14_Winnipeg Jets_Colorado Avalanche"
"2025021046","hockey","nhl","2026_03_14","18:00","Minnesota Wild","New York Rangers","2026_03_14_Minnesota Wild_New York Rangers"
"2025021047","hockey","nhl","2026_03_14","19:00","Buffalo Sabres","Toronto Maple Leafs","2026_03_14_Buffalo Sabres_Toronto Maple Leafs"
"2025021048","hockey","nhl","2026_03_14","19:00","Montréal Canadiens","San Jose Sharks","2026_03_14_Montreal Canadiens_San Jose Sharks"
"2025021049","hockey","nhl","2026_03_14","19:00","Tampa Bay Lightning","Carolina Hurricanes","2026_03_14_Tampa Bay Lightning_Carolina Hurricanes"
"2025021050","hockey","nhl","2026_03_14","19:00","New Jersey Devils","Los Angeles Kings","2026_03_14_New Jersey Devils_Los Angeles Kings"
"2025021051","hockey","nhl","2026_03_14","19:00","New York Islanders","Calgary Flames","2026_03_14_New York Islanders_Calgary Flames"
"2025021052","hockey","nhl","2026_03_14","19:30","Philadelphia Flyers","Columbus Blue Jackets","2026_03_14_Philadelphia Flyers_Columbus Blue Jackets"
"2025021053","hockey","nhl","2026_03_14","20:00","Dallas Stars","Detroit Red Wings","2026_03_14_Dallas Stars_Detroit Red Wings"
"2025021054","hockey","nhl","2026_03_14","21:00","Utah Mammoth","Pittsburgh Penguins","2026_03_14_Utah Mammoth_Pittsburgh Penguins"
"2025021055","hockey","nhl","2026_03_14","22:00","Vancouver Canucks","Seattle Kraken","2026_03_14_Vancouver Canucks_Seattle Kraken"
"2025021056","hockey","nhl","2026_03_14","22:00","Vegas Golden Knights","Chicago Blackhawks","2026_03_14_Vegas Golden Knights_Chicago Blackhawks"
"2025021057","hockey","nhl","2026_03_15","15:00","Winnipeg Jets","St. Louis Blues","2026_03_15_Winnipeg Jets_St Louis Blues"
"2025021058","hockey","nhl","2026_03_15","17:00","Ottawa Senators","San Jose Sharks","2026_03_15_Ottawa Senators_San Jose Sharks"
"2025021059","hockey","nhl","2026_03_15","19:00","Montréal Canadiens","Anaheim Ducks","2026_03_15_Montreal Canadiens_Anaheim Ducks"
"2025021060","hockey","nhl","2026_03_15","19:30","Minnesota Wild","Toronto Maple Leafs","2026_03_15_Minnesota Wild_Toronto Maple Leafs"
"2025021061","hockey","nhl","2026_03_15","20:00","Edmonton Oilers","Nashville Predators","2026_03_15_Edmonton Oilers_Nashville Predators"
"2025021062","hockey","nhl","2026_03_15","20:00","Seattle Kraken","Florida Panthers","2026_03_15_Seattle Kraken_Florida Panthers"
"2025021063","hockey","nhl","2026_03_16","19:00","Detroit Red Wings","Calgary Flames","2026_03_16_Detroit Red Wings_Calgary Flames"
"2025021064","hockey","nhl","2026_03_16","19:00","New Jersey Devils","Boston Bruins","2026_03_16_New Jersey Devils_Boston Bruins"
"2025021065","hockey","nhl","2026_03_16","19:00","New York Rangers","Los Angeles Kings","2026_03_16_New York Rangers_Los Angeles Kings"
"2025021066","hockey","nhl","2026_03_16","20:00","Dallas Stars","Utah Mammoth","2026_03_16_Dallas Stars_Utah Mammoth"
"2025021067","hockey","nhl","2026_03_16","21:30","Colorado Avalanche","Pittsburgh Penguins","2026_03_16_Colorado Avalanche_Pittsburgh Penguins"
"2025021068","hockey","nhl","2026_03_17","19:00","Toronto Maple Leafs","New York Islanders","2026_03_17_Toronto Maple Leafs_New York Islanders"
"2025021069","hockey","nhl","2026_03_17","19:00","Montréal Canadiens","Boston Bruins","2026_03_17_Montreal Canadiens_Boston Bruins"
"2025021070","hockey","nhl","2026_03_17","19:00","Columbus Blue Jackets","Carolina Hurricanes","2026_03_17_Columbus Blue Jackets_Carolina Hurricanes"
"2025021072","hockey","nhl","2026_03_17","19:30","Chicago Blackhawks","Minnesota Wild","2026_03_17_Chicago Blackhawks_Minnesota Wild"
"2025021071","hockey","nhl","2026_03_17","20:00","Winnipeg Jets","Nashville Predators","2026_03_17_Winnipeg Jets_Nashville Predators"
"2025021073","hockey","nhl","2026_03_17","21:00","Edmonton Oilers","San Jose Sharks","2026_03_17_Edmonton Oilers_San Jose Sharks"
"2025021074","hockey","nhl","2026_03_17","22:00","Vancouver Canucks","Florida Panthers","2026_03_17_Vancouver Canucks_Florida Panthers"
"2025021075","hockey","nhl","2026_03_17","22:00","Vegas Golden Knights","Buffalo Sabres","2026_03_17_Vegas Golden Knights_Buffalo Sabres"
"2025021076","hockey","nhl","2026_03_17","22:00","Seattle Kraken","Tampa Bay Lightning","2026_03_17_Seattle Kraken_Tampa Bay Lightning"
"2025021077","hockey","nhl","2026_03_18","19:00","New York Rangers","New Jersey Devils","2026_03_18_New York Rangers_New Jersey Devils"
"2025021078","hockey","nhl","2026_03_18","19:00","Carolina Hurricanes","Pittsburgh Penguins","2026_03_18_Carolina Hurricanes_Pittsburgh Penguins"
"2025021079","hockey","nhl","2026_03_18","19:30","Washington Capitals","Ottawa Senators","2026_03_18_Washington Capitals_Ottawa Senators"
"2025021080","hockey","nhl","2026_03_18","21:30","Colorado Avalanche","Dallas Stars","2026_03_18_Colorado Avalanche_Dallas Stars"
"2025021081","hockey","nhl","2026_03_18","21:30","Calgary Flames","St. Louis Blues","2026_03_18_Calgary Flames_St Louis Blues"
"2025021082","hockey","nhl","2026_03_18","22:00","Anaheim Ducks","Philadelphia Flyers","2026_03_18_Anaheim Ducks_Philadelphia Flyers"
"2025021083","hockey","nhl","2026_03_19","19:00","Boston Bruins","Winnipeg Jets","2026_03_19_Boston Bruins_Winnipeg Jets"
"2025021084","hockey","nhl","2026_03_19","19:00","Ottawa Senators","New York Islanders","2026_03_19_Ottawa Senators_New York Islanders"
"2025021085","hockey","nhl","2026_03_19","19:00","Detroit Red Wings","Montréal Canadiens","2026_03_19_Detroit Red Wings_Montreal Canadiens"
"2025021086","hockey","nhl","2026_03_19","19:00","Columbus Blue Jackets","New York Rangers","2026_03_19_Columbus Blue Jackets_New York Rangers"
"2025021088","hockey","nhl","2026_03_19","19:30","Minnesota Wild","Chicago Blackhawks","2026_03_19_Minnesota Wild_Chicago Blackhawks"
"2025021087","hockey","nhl","2026_03_19","20:00","Nashville Predators","Seattle Kraken","2026_03_19_Nashville Predators_Seattle Kraken"
"2025021089","hockey","nhl","2026_03_19","21:00","Edmonton Oilers","Florida Panthers","2026_03_19_Edmonton Oilers_Florida Panthers"
"2025021090","hockey","nhl","2026_03_19","22:00","Vancouver Canucks","Tampa Bay Lightning","2026_03_19_Vancouver Canucks_Tampa Bay Lightning"
"2025021091","hockey","nhl","2026_03_19","22:00","Vegas Golden Knights","Utah Mammoth","2026_03_19_Vegas Golden Knights_Utah Mammoth"
"2025021092","hockey","nhl","2026_03_19","22:00","San Jose Sharks","Buffalo Sabres","2026_03_19_San Jose Sharks_Buffalo Sabres"
"2025021093","hockey","nhl","2026_03_19","22:30","Los Angeles Kings","Philadelphia Flyers","2026_03_19_Los Angeles Kings_Philadelphia Flyers"
"2025021094","hockey","nhl","2026_03_20","19:00","Toronto Maple Leafs","Carolina Hurricanes","2026_03_20_Toronto Maple Leafs_Carolina Hurricanes"
"2025021095","hockey","nhl","2026_03_20","19:00","Washington Capitals","New Jersey Devils","2026_03_20_Washington Capitals_New Jersey Devils"
"2025021096","hockey","nhl","2026_03_20","20:30","Chicago Blackhawks","Colorado Avalanche","2026_03_20_Chicago Blackhawks_Colorado Avalanche"
"2025021097","hockey","nhl","2026_03_20","21:00","Calgary Flames","Florida Panthers","2026_03_20_Calgary Flames_Florida Panthers"
"2025021098","hockey","nhl","2026_03_20","22:00","Utah Mammoth","Anaheim Ducks","2026_03_20_Utah Mammoth_Anaheim Ducks"
"2025021099","hockey","nhl","2026_03_21","13:00","Pittsburgh Penguins","Winnipeg Jets","2026_03_21_Pittsburgh Penguins_Winnipeg Jets"
"2025021100","hockey","nhl","2026_03_21","14:00","Nashville Predators","Vegas Golden Knights","2026_03_21_Nashville Predators_Vegas Golden Knights"
"2025021101","hockey","nhl","2026_03_21","16:00","Minnesota Wild","Dallas Stars","2026_03_21_Minnesota Wild_Dallas Stars"
"2025021102","hockey","nhl","2026_03_21","16:00","Los Angeles Kings","Buffalo Sabres","2026_03_21_Los Angeles Kings_Buffalo Sabres"
"2025021103","hockey","nhl","2026_03_21","16:00","San Jose Sharks","Philadelphia Flyers","2026_03_21_San Jose Sharks_Philadelphia Flyers"
"2025021104","hockey","nhl","2026_03_21","17:00","Columbus Blue Jackets","Seattle Kraken","2026_03_21_Columbus Blue Jackets_Seattle Kraken"
"2025021105","hockey","nhl","2026_03_21","19:00","Montréal Canadiens","New York Islanders","2026_03_21_Montreal Canadiens_New York Islanders"
"2025021106","hockey","nhl","2026_03_21","19:00","Ottawa Senators","Toronto Maple Leafs","2026_03_21_Ottawa Senators_Toronto Maple Leafs"
"2025021107","hockey","nhl","2026_03_21","19:00","Vancouver Canucks","St. Louis Blues","2026_03_21_Vancouver Canucks_St Louis Blues"
"2025021108","hockey","nhl","2026_03_21","20:00","Detroit Red Wings","Boston Bruins","2026_03_21_Detroit Red Wings_Boston Bruins"
"2025021109","hockey","nhl","2026_03_21","22:00","Edmonton Oilers","Tampa Bay Lightning","2026_03_21_Edmonton Oilers_Tampa Bay Lightning"
"2025021110","hockey","nhl","2026_03_22","12:00","New York Rangers","Winnipeg Jets","2026_03_22_New York Rangers_Winnipeg Jets"
"2025021111","hockey","nhl","2026_03_22","12:30","Washington Capitals","Colorado Avalanche","2026_03_22_Washington Capitals_Colorado Avalanche"
"2025021112","hockey","nhl","2026_03_22","15:00","Pittsburgh Penguins","Carolina Hurricanes","2026_03_22_Pittsburgh Penguins_Carolina Hurricanes"
"2025021113","hockey","nhl","2026_03_22","15:00","Chicago Blackhawks","Nashville Predators","2026_03_22_Chicago Blackhawks_Nashville Predators"
"2025021114","hockey","nhl","2026_03_22","19:00","New York Islanders","Columbus Blue Jackets","2026_03_22_New York Islanders_Columbus Blue Jackets"
"2025021115","hockey","nhl","2026_03_22","19:00","Dallas Stars","Vegas Golden Knights","2026_03_22_Dallas Stars_Vegas Golden Knights"
"2025021116","hockey","nhl","2026_03_22","20:00","Calgary Flames","Tampa Bay Lightning","2026_03_22_Calgary Flames_Tampa Bay Lightning"
"2025021117","hockey","nhl","2026_03_22","20:00","Anaheim Ducks","Buffalo Sabres","2026_03_22_Anaheim Ducks_Buffalo Sabres"
"2025021118","hockey","nhl","2026_03_22","21:00","Utah Mammoth","Los Angeles Kings","2026_03_22_Utah Mammoth_Los Angeles Kings"
"2025021119","hockey","nhl","2026_03_23","19:30","New York Rangers","Ottawa Senators","ad8a6f75d8948ad130c35a041d855645"
"2025021120","hockey","nhl","2026_03_24","19:00","Boston Bruins","Toronto Maple Leafs","8ac88260e7f6e514200daef093a10e95"
"2025021121","hockey","nhl","2026_03_24","19:00","Montréal Canadiens","Carolina Hurricanes","b51774fa8e39ee424d20cf28862fa8e6"
"2025021122","hockey","nhl","2026_03_24","19:00","Detroit Red Wings","Ottawa Senators","d6742168b83a5f7b60921f4a77422d4d"
"2025021123","hockey","nhl","2026_03_24","19:00","Florida Panthers","Seattle Kraken","c38fb7e74adb36818b56b38cad851d56"
"2025021124","hockey","nhl","2026_03_24","19:00","New York Islanders","Chicago Blackhawks","e3b53c7d36e6b34c84b5d64084e8022d"
"2025021125","hockey","nhl","2026_03_24","19:00","Philadelphia Flyers","Columbus Blue Jackets","3978c8cb74be58dbfd560b5a920c202e"
"2025021126","hockey","nhl","2026_03_24","19:00","Pittsburgh Penguins","Colorado Avalanche","0a39e6dffc7507394d752f81e6147615"
"2025021127","hockey","nhl","2026_03_24","19:30","Tampa Bay Lightning","Minnesota Wild","c4562bec7d3dd2283876ab856c887765"
"2025021128","hockey","nhl","2026_03_24","20:00","St. Louis Blues","Washington Capitals","a2ed97ee6dbc9d2dfa6fb42709ed3251"
"2025021129","hockey","nhl","2026_03_24","20:00","Nashville Predators","San Jose Sharks","351e519c57cfbc590c31ddf7456f12fe"
"2025021130","hockey","nhl","2026_03_24","20:00","Dallas Stars","New Jersey Devils","321c46ee4915d84877d9116089323e6c"
"2025021131","hockey","nhl","2026_03_24","20:00","Winnipeg Jets","Vegas Golden Knights","058954c285fbfd3f7ecc651b36c4700b"
"2025021133","hockey","nhl","2026_03_24","21:00","Calgary Flames","Los Angeles Kings","eaa7752f14bf975ca0d695298a7f33b8"
"2025021132","hockey","nhl","2026_03_24","21:30","Utah Mammoth","Edmonton Oilers","12f4644e10706c79b4bbc7e2ca3765be"
"2025021134","hockey","nhl","2026_03_24","22:00","Vancouver Canucks","Anaheim Ducks","e01ce333fee77885df691ec74a3a93e7"
"2025021135","hockey","nhl","2026_03_25","19:30","Buffalo Sabres","Boston Bruins","ab6aee6f5e7e50ae68276b27c22fd0b1"
"2025021136","hockey","nhl","2026_03_25","19:30","Toronto Maple Leafs","New York Rangers","91a31dec3fbc976904dd2e42901f5fa8"
"2025021137","hockey","nhl","2026_03_26","19:00","Montréal Canadiens","Columbus Blue Jackets","e177659727b1af9292acb2a8a17a5a8a"
"2025021138","hockey","nhl","2026_03_26","19:00","Ottawa Senators","Pittsburgh Penguins","8642b100ab8ed115ed6acecb443e230e"
"2025021139","hockey","nhl","2026_03_26","19:00","Tampa Bay Lightning","Seattle Kraken","63ff0b1c118990abba7fba4bdded8c57"
"2025021140","hockey","nhl","2026_03_26","19:00","Florida Panthers","Minnesota Wild","86b9d3367318cc518bb08f3eb5b94e7b"
"2025021141","hockey","nhl","2026_03_26","19:00","New York Islanders","Dallas Stars","6f154e5425ac7de91c666137975d388d"
"2025021142","hockey","nhl","2026_03_26","19:00","Philadelphia Flyers","Chicago Blackhawks","0d07b0bc16914cd16d27e6efdda5709c"
"2025021143","hockey","nhl","2026_03_26","20:00","St. Louis Blues","San Jose Sharks","10559c030c7293bc53b2d0f326c45262"
"2025021144","hockey","nhl","2026_03_26","20:00","Nashville Predators","New Jersey Devils","e22bc7bc35798e005e96cc45e87a2d42"
"2025021145","hockey","nhl","2026_03_26","20:00","Winnipeg Jets","Colorado Avalanche","6d199999a290c76b534d073c7abfdcd7"
"2025021146","hockey","nhl","2026_03_26","21:00","Utah Mammoth","Washington Capitals","3959df0512860392efd8dc3a1066f611"
"2025021147","hockey","nhl","2026_03_26","21:00","Calgary Flames","Anaheim Ducks","6fd356a13c8665331b6f21b565459901"
"2025021148","hockey","nhl","2026_03_26","21:30","Vegas Golden Knights","Edmonton Oilers","f6d65306910a9e6269ab476bdfa69cb1"
"2025021149","hockey","nhl","2026_03_26","22:00","Vancouver Canucks","Los Angeles Kings","cd42b2a632ccfc158be49e864b62b3c8"
"2025021150","hockey","nhl","2026_03_27","19:00","Buffalo Sabres","Detroit Red Wings","c8944643107edfc1012baabcaa72614c"
"2025021151","hockey","nhl","2026_03_27","19:00","New York Rangers","Chicago Blackhawks","d1b771dc57d6a0d3b0c0ec52d0b99dbf"
"2025021152","hockey","nhl","2026_03_28","13:00","Tampa Bay Lightning","Ottawa Senators","394c593042fe9fe839d6c58647c093df"
"2025021153","hockey","nhl","2026_03_28","13:00","New York Islanders","Florida Panthers","9aaeedabcec3cd78e36ce1f5a44d513d"
"2025021154","hockey","nhl","2026_03_28","15:30","Edmonton Oilers","Anaheim Ducks","f45b4166c05f76d1695468da00b89b63"
"2025021155","hockey","nhl","2026_03_28","17:00","Boston Bruins","Minnesota Wild","0239b57a2eab58422b627445646022d5"
"2025021156","hockey","nhl","2026_03_28","17:00","Pittsburgh Penguins","Dallas Stars","f3e3cc3e6294cf13fed8a7d33adc8956"
"2025021157","hockey","nhl","2026_03_28","17:00","Carolina Hurricanes","New Jersey Devils","70c07fd4bbfc8a4b0caa8904186da57a"
"2025021158","hockey","nhl","2026_03_28","17:00","Columbus Blue Jackets","San Jose Sharks","05bbc266ec222eeb545ad47a2eab94e0"
"2025021159","hockey","nhl","2026_03_28","17:30","Buffalo Sabres","Seattle Kraken","bd12a6cf2fbc34af92080f5d4cb8c142"
"2025021160","hockey","nhl","2026_03_28","19:00","St. Louis Blues","Toronto Maple Leafs","8bab68b12c9382d84d3e1f0a1d58621e"
"2025021161","hockey","nhl","2026_03_28","19:00","Nashville Predators","Montréal Canadiens","35e32918fc1dcb6bac7fcdf851867029"
"2025021162","hockey","nhl","2026_03_28","19:00","Colorado Avalanche","Winnipeg Jets","a805b62b105fd0aa26de4061e2b53337"
"2025021163","hockey","nhl","2026_03_28","20:00","Detroit Red Wings","Philadelphia Flyers","370bf3bc5ac52a0421972e9a954378f6"
"2025021164","hockey","nhl","2026_03_28","21:00","Los Angeles Kings","Utah Mammoth","01cd56053db51e1cd6f4c9ea60fc009d"
"2025021165","hockey","nhl","2026_03_28","22:00","Calgary Flames","Vancouver Canucks","7f882304b0ce0db9fa478ba23ceb0ad1"
"2025021166","hockey","nhl","2026_03_28","22:30","Vegas Golden Knights","Washington Capitals","88beeeb0b117f3587fb9311c1e81d35e"
"2025021167","hockey","nhl","2026_03_29","13:00","New York Rangers","Florida Panthers","234e07ca5a6aa75da94b75dabce4eade"
"2025021168","hockey","nhl","2026_03_29","17:00","Tampa Bay Lightning","Nashville Predators","1790fa92fa3f53f9547a2114c06cfbed"
"2025021169","hockey","nhl","2026_03_29","17:00","Carolina Hurricanes","Montréal Canadiens","24108b60bfa8824523b3cfb70ea6fd53"
"2025021170","hockey","nhl","2026_03_29","17:00","Columbus Blue Jackets","Boston Bruins","709a97a11c79cdacda229a81aa0f7fdd"
"2025021171","hockey","nhl","2026_03_29","19:00","New Jersey Devils","Chicago Blackhawks","4b1b7e72da2cb32b6056a2feee9187c4"
"2025021172","hockey","nhl","2026_03_29","19:00","Philadelphia Flyers","Dallas Stars","b221479b627d3a8d9e9aff945d63cf46"
"2025021173","hockey","nhl","2026_03_30","19:00","New York Islanders","Pittsburgh Penguins","0edf2e1dfaf8c8ff0b583a60913e17f8"
"2025021174","hockey","nhl","2026_03_30","20:30","Colorado Avalanche","Calgary Flames","29827972b39eb13518d4cd9fd2962bbe"
"2025021175","hockey","nhl","2026_03_30","22:00","Vegas Golden Knights","Vancouver Canucks","92e007535e73b24db74fa534ef960845"
"2025021176","hockey","nhl","2026_03_30","22:00","Anaheim Ducks","Toronto Maple Leafs","13095d16b56b868a3d8966899240afe5"
"2025021177","hockey","nhl","2026_03_30","22:00","San Jose Sharks","St. Louis Blues","f4d072c37cf82f7ed923377f6bbd4879"
"2025021178","hockey","nhl","2026_03_31","19:00","Boston Bruins","Dallas Stars","daebb8d0910fcac722afe480770ebf09"
"2025021179","hockey","nhl","2026_03_31","19:00","Buffalo Sabres","New York Islanders","de03c565dccad66683fabb7adbde6a03"
"2025021180","hockey","nhl","2026_03_31","19:00","Tampa Bay Lightning","Montréal Canadiens","8b316c9640300bedb485a6556bbdd1f5"
"2025021181","hockey","nhl","2026_03_31","19:00","Florida Panthers","Ottawa Senators","12be8eff2290751a9e28c2cb3da3ba42"
"2025021182","hockey","nhl","2026_03_31","19:00","New York Rangers","New Jersey Devils","e8b33f9489e018bf61d55e3862f41831"
"2025021183","hockey","nhl","2026_03_31","19:00","Pittsburgh Penguins","Detroit Red Wings","ff972e427e6e1837407bfcfc6d64844d"
"2025021184","hockey","nhl","2026_03_31","19:00","Washington Capitals","Philadelphia Flyers","b5c10ea05734cf28866ef55dd068ba63"
"2025021185","hockey","nhl","2026_03_31","19:30","Columbus Blue Jackets","Carolina Hurricanes","ade39773836ad914294bb9660ae31a85"
"2025021186","hockey","nhl","2026_03_31","20:30","Chicago Blackhawks","Winnipeg Jets","6ab93a48138c49071cc0c76f5fa04c81"
"2025021187","hockey","nhl","2026_03_31","21:00","Edmonton Oilers","Seattle Kraken","8a5ff06eaed1de4d1a11137b32051fd8"
"2025021188","hockey","nhl","2026_04_01","20:30","Colorado Avalanche","Vancouver Canucks","902c8f6ff45c6855541ed7cef351aed8"
"2025021189","hockey","nhl","2026_04_01","21:00","Los Angeles Kings","St. Louis Blues","643d656ddcc5756af5e6115f9f134a28"
"2025021190","hockey","nhl","2026_04_01","21:00","San Jose Sharks","Anaheim Ducks","96ceffc5fa63fb301b4128bb29041f01"
"2025021191","hockey","nhl","2026_04_02","19:00","Ottawa Senators","Buffalo Sabres","8dfcddea4566e363d9f50771c615aede"
"2025021192","hockey","nhl","2026_04_02","19:00","Tampa Bay Lightning","Pittsburgh Penguins","beca38517178597e4784b16060b4c049"
"2025021193","hockey","nhl","2026_04_02","19:00","Florida Panthers","Boston Bruins","337ca057ae2c7187f73c3acd0744a201"
"2025021195","hockey","nhl","2026_04_02","19:00","New York Rangers","Montréal Canadiens","247cdb2add511f7fefc68ffa559c6370"
"2025021196","hockey","nhl","2026_04_02","19:00","Philadelphia Flyers","Detroit Red Wings","a86a1fc91cde72afa2abc09c894c4795"
"2025021197","hockey","nhl","2026_04_02","19:00","Carolina Hurricanes","Columbus Blue Jackets","f373660dedf5402b53d298932fd3b7b0"
"2025021194","hockey","nhl","2026_04_02","19:30","New Jersey Devils","Washington Capitals","99ec77079fba15d7b1feccbe48ab9895"
"2025021198","hockey","nhl","2026_04_02","20:00","Dallas Stars","Winnipeg Jets","01060baa72bf643120a46cda7c3e04c1"
"2025021199","hockey","nhl","2026_04_02","20:00","Minnesota Wild","Vancouver Canucks","368adafaca3fc7fa4f0f7b7d354f21bb"
"2025021200","hockey","nhl","2026_04_02","21:00","Edmonton Oilers","Chicago Blackhawks","3962012b389d372db01b0f38a6ea361a"
"2025021201","hockey","nhl","2026_04_02","22:00","Vegas Golden Knights","Calgary Flames","1e6e5a0666727130d468f7f5aafb900a"
"2025021202","hockey","nhl","2026_04_02","22:00","San Jose Sharks","Toronto Maple Leafs","008d53bdada49368316a58be02b8b6a6"
"2025021203","hockey","nhl","2026_04_02","22:00","Seattle Kraken","Utah Mammoth","d69c93371d04bfbb4ff6695c194ce6a6"
"2025021204","hockey","nhl","2026_04_02","22:30","Los Angeles Kings","Nashville Predators","800373ddaa41ee52279a143a60219336"
"2025021205","hockey","nhl","2026_04_03","19:00","New York Islanders","Philadelphia Flyers","1de936f832a2d7aed41e05852cacadcb"
"2025021206","hockey","nhl","2026_04_03","22:00","Anaheim Ducks","St. Louis Blues","d45f9e5f21f7e0880b1a5c17ccf1d1c7"
"2025021207","hockey","nhl","2026_04_04","12:30","New York Rangers","Detroit Red Wings","87131d2c1470ca45e97a786b1d493dd1"
"2025021208","hockey","nhl","2026_04_04","13:00","Ottawa Senators","Minnesota Wild","ac4f66d3e9136c3cfdc9fe87dac43605"
"2025021209","hockey","nhl","2026_04_04","15:00","Dallas Stars","Colorado Avalanche","a383435cbbba66da650781837ddb1720"
"2025021210","hockey","nhl","2026_04_04","17:00","Tampa Bay Lightning","Boston Bruins","675b2a5b971984b9db671086c8506641"
"2025021211","hockey","nhl","2026_04_04","17:00","Pittsburgh Penguins","Florida Panthers","64e14f827ab380b85a4caa6d0ecf2e01"
"2025021212","hockey","nhl","2026_04_04","19:00","New Jersey Devils","Montréal Canadiens","d6ba018d03f358ce5b9d7ae71dee158b"
"2025021213","hockey","nhl","2026_04_04","19:00","Washington Capitals","Buffalo Sabres","09760738a34b94ba4ba415e0bddf1247"
"2025021214","hockey","nhl","2026_04_04","19:00","Carolina Hurricanes","New York Islanders","af25a136197dda17504d12b2e718e064"
"2025021215","hockey","nhl","2026_04_04","19:00","Columbus Blue Jackets","Winnipeg Jets","dd1a78e5e92c976caf37a08360a2aafc"
"2025021216","hockey","nhl","2026_04_04","19:00","Vancouver Canucks","Utah Mammoth","c81b746ea655695add0802e3fc1e429e"
"2025021217","hockey","nhl","2026_04_04","19:00","Los Angeles Kings","Toronto Maple Leafs","7768959b2f03475f8b98c0c2fb98daf2"
"2025021218","hockey","nhl","2026_04_04","22:00","Edmonton Oilers","Vegas Golden Knights","b222a97178c30b2c7bc2338b4347790d"
"2025021219","hockey","nhl","2026_04_04","22:00","Anaheim Ducks","Calgary Flames","4ed3c0ed86d423636d9b952394d07287"
"2025021220","hockey","nhl","2026_04_04","22:00","San Jose Sharks","Nashville Predators","f9c046179b41e26a68b983a8377ec9a2"
"2025021221","hockey","nhl","2026_04_04","22:00","Seattle Kraken","Chicago Blackhawks","4ad55216cedd32a30c0f186ae9ebef8e"
"2025021222","hockey","nhl","2026_04_05","13:00","Detroit Red Wings","Minnesota Wild","c36637b0713ec3bed157fe2f29f74598"
"2025021223","hockey","nhl","2026_04_05","15:00","Pittsburgh Penguins","Florida Panthers","d3523216577286ba8513401af981de1e"
"2025021224","hockey","nhl","2026_04_05","15:30","Philadelphia Flyers","Boston Bruins","4ee0a58e1700d2f73d808677a7499755"
"2025021225","hockey","nhl","2026_04_05","17:00","Ottawa Senators","Carolina Hurricanes","5525381fbde73b776cadf83541822b62"
"2025021226","hockey","nhl","2026_04_05","19:00","Montréal Canadiens","New Jersey Devils","e9ee86ad4d39a43c99e29bc6c07b424c"
"2025021227","hockey","nhl","2026_04_05","19:00","New York Rangers","Washington Capitals","a47587923d1b10469803a4ec5171b621"
"2025021228","hockey","nhl","2026_04_05","21:30","Colorado Avalanche","St. Louis Blues","6e1c8f2b345c36cffadaf88c2bb4b58a"
"2025021229","hockey","nhl","2026_04_06","19:00","Buffalo Sabres","Tampa Bay Lightning","fe2964a4d81fc7d5106b2adb91a0eea7"
"2025021230","hockey","nhl","2026_04_06","19:30","Winnipeg Jets","Seattle Kraken","6d82b1e5218e93552d9ecf472339de25"
"2025021231","hockey","nhl","2026_04_06","22:00","San Jose Sharks","Chicago Blackhawks","8ebdedac2e58e94bed89333cd792d164"
"2025021232","hockey","nhl","2026_04_06","22:30","Los Angeles Kings","Nashville Predators","39339d355c5e85fc42b06ea3c942c5b4"
"2025021233","hockey","nhl","2026_04_07","19:00","Montréal Canadiens","Florida Panthers","3f60dcfe32d694bfae603a7492b52ba8"
"2025021234","hockey","nhl","2026_04_07","19:00","Ottawa Senators","Tampa Bay Lightning","bde40f819599e65e652b610e8d432443"
"2025021235","hockey","nhl","2026_04_07","19:00","Detroit Red Wings","Columbus Blue Jackets","39bc325ac739bd492dbbcaa90a2c5509"
"2025021236","hockey","nhl","2026_04_07","19:00","New Jersey Devils","Philadelphia Flyers","993d990862fb6ef19333051ac60532a8"
"2025021237","hockey","nhl","2026_04_07","19:00","Carolina Hurricanes","Boston Bruins","eede7f403d57255adaf06898839877f5"
"2025021238","hockey","nhl","2026_04_07","20:00","St. Louis Blues","Colorado Avalanche","2bd67f320d03b8425ffadedfc06b0f9d"
"2025021239","hockey","nhl","2026_04_07","20:00","Dallas Stars","Calgary Flames","c8c5fb2bd5f0be83e4b00cec09880f04"
"2025021240","hockey","nhl","2026_04_07","20:00","Minnesota Wild","Seattle Kraken","407de8ffdfaaa208792ae0340562a239"
"2025021241","hockey","nhl","2026_04_07","21:30","Utah Mammoth","Edmonton Oilers","9d923fbab75545cbb36a00c74a2a9ca0"
"2025021242","hockey","nhl","2026_04_07","22:00","Vancouver Canucks","Vegas Golden Knights","c4713cf9e15a5728b9fa4f2f65a1cdcf"
"2025021243","hockey","nhl","2026_04_07","22:00","Anaheim Ducks","Nashville Predators","c05d043f37c433bbf2546bfdd8c345ae"
"2025021244","hockey","nhl","2026_04_08","19:00","New York Rangers","Buffalo Sabres","6fa535997519071d94f8b99009c37323"
"2025021245","hockey","nhl","2026_04_08","19:30","Toronto Maple Leafs","Washington Capitals","ddad431e590f1bcd2f9d5838a22cd080"
"2025021246","hockey","nhl","2026_04_08","22:00","San Jose Sharks","Edmonton Oilers","a02ab4eeac994c0c08264e1685e2e7bc"
"2025021252","hockey","nhl","2026_04_09","18:45","New York Islanders","Toronto Maple Leafs","fb766e54b0a14ca21d484c5e8ddc3591"
"2025021247","hockey","nhl","2026_04_09","19:00","Buffalo Sabres","Columbus Blue Jackets","91b731ceb12765cc2cf31bc88c62ddcc"
"2025021248","hockey","nhl","2026_04_09","19:00","Montréal Canadiens","Tampa Bay Lightning","c97e180419eb29cd5e3234e483c0bc4e"
"2025021249","hockey","nhl","2026_04_09","19:00","Ottawa Senators","Florida Panthers","75835360f31f3ff85dc9b062c3e8da53"
"2025021250","hockey","nhl","2026_04_09","19:00","Detroit Red Wings","Philadelphia Flyers","dc243d1b2411a10113098df0ba8dff78"
"2025021251","hockey","nhl","2026_04_09","19:00","New Jersey Devils","Pittsburgh Penguins","43a055110fcbee75aac3e44262272fa4"
"2025021253","hockey","nhl","2026_04_09","20:00","St. Louis Blues","Winnipeg Jets","b4e3dc83eb1af79a503eec940e778634"
"2025021255","hockey","nhl","2026_04_09","20:30","Chicago Blackhawks","Carolina Hurricanes","e675fb92144f6351784a23641d216a85"
"2025021254","hockey","nhl","2026_04_09","21:00","Dallas Stars","Minnesota Wild","f255a0384f562221ddf3d6fe476f711c"
"2025021256","hockey","nhl","2026_04_09","21:00","Colorado Avalanche","Calgary Flames","c3a2149dc9e1d5fecaaa643deb3f7ce0"
"2025021257","hockey","nhl","2026_04_09","21:00","Utah Mammoth","Nashville Predators","d48a33067b0606510eded93556c2e7ca"
"2025021258","hockey","nhl","2026_04_09","22:00","Anaheim Ducks","San Jose Sharks","0733f00e907520c4ea82951ff14d8a13"
"2025021259","hockey","nhl","2026_04_09","22:00","Seattle Kraken","Vegas Golden Knights","909695e38b1570b08da7d4636db2d775"
"2025021260","hockey","nhl","2026_04_09","22:30","Los Angeles Kings","Vancouver Canucks","70acbfc016bd945470b87f3799a0650f"
"2025021261","hockey","nhl","2026_04_11","12:30","Boston Bruins","Tampa Bay Lightning","b9f8b0e5f73a2b853613de9f9349f802"
"2025021262","hockey","nhl","2026_04_11","13:00","New York Islanders","Ottawa Senators","705a57dffd10478fbab59b211c54ee19"
"2025021263","hockey","nhl","2026_04_11","15:00","Pittsburgh Penguins","Washington Capitals","6b7f5c39f42d1d9e4091b0c5f011711e"
"2025021264","hockey","nhl","2026_04_11","16:00","Los Angeles Kings","Edmonton Oilers","c41c5268371cb927b4a4817e53ebe98c"
"2025021265","hockey","nhl","2026_04_11","17:00","Detroit Red Wings","New Jersey Devils","a3ce07b80e1bdb4c4be7fead2bc1bb34"
"2025021266","hockey","nhl","2026_04_11","17:00","Chicago Blackhawks","St. Louis Blues","1202108d90d74b3dcae725f88457dd39"
"2025021267","hockey","nhl","2026_04_11","17:00","Nashville Predators","Minnesota Wild","71e645a6f544e0eb4543265a1613ca61"
"2025021268","hockey","nhl","2026_04_11","17:00","Dallas Stars","New York Rangers","5ef60096243b0d089602fdf1f288c8bb"
"2025021269","hockey","nhl","2026_04_11","17:00","Utah Mammoth","Carolina Hurricanes","7fe1fbea33dee61b8d438e780410bdb4"
"2025021270","hockey","nhl","2026_04_11","19:00","Toronto Maple Leafs","Florida Panthers","eebb39173865292b81fa96bc35dfb2da"
"2025021271","hockey","nhl","2026_04_11","19:00","Montréal Canadiens","Columbus Blue Jackets","bc41d925859e950fdee85ddc0d04f5f7"
"2025021272","hockey","nhl","2026_04_11","19:00","Winnipeg Jets","Philadelphia Flyers","6916a35afd0031cd8bac65ce41826fb8"
"2025021273","hockey","nhl","2026_04_11","19:00","Seattle Kraken","Calgary Flames","f8cbbebc53cf688786fb747d110376c4"
"2025021274","hockey","nhl","2026_04_11","20:00","Colorado Avalanche","Vegas Golden Knights","589e8e7f45909b6c4b71110f0aa61d3b"
"2025021275","hockey","nhl","2026_04_11","22:00","San Jose Sharks","Vancouver Canucks","0b2041c964c8c6d47aa6eb31e9095564"
"2025021276","hockey","nhl","2026_04_12","15:00","Washington Capitals","Pittsburgh Penguins","eb2e9eeee862cc6668c7304236c8b6a2"
"2025021277","hockey","nhl","2026_04_12","18:00","New York Islanders","Montréal Canadiens","89ad13fce8722c03cc9adfd62246b139"
"2025021278","hockey","nhl","2026_04_12","18:00","Columbus Blue Jackets","Boston Bruins","1d4358a4cd2a67836ece95826721475d"
"2025021279","hockey","nhl","2026_04_12","19:00","New Jersey Devils","Ottawa Senators","ed6cfdc51af955fef6aef5a50b31a653"
"2025021280","hockey","nhl","2026_04_12","20:00","Anaheim Ducks","Vancouver Canucks","85a783c58b0e8c374840728506c370ce"
"2025021281","hockey","nhl","2026_04_12","21:00","Calgary Flames","Utah Mammoth","89b1cd5af8c961cacf717aa39b626f47"
"2025021282","hockey","nhl","2026_04_13","19:00","Tampa Bay Lightning","Detroit Red Wings","f85edd1853a7f222a98966be1584348d"
"2025021283","hockey","nhl","2026_04_13","19:00","Florida Panthers","New York Rangers","71a2a22f2aeb6a68b093f9d31ffe835a"
"2025021284","hockey","nhl","2026_04_13","19:00","Philadelphia Flyers","Carolina Hurricanes","efd342f9176c794b9effd595260264d0"
"2025021285","hockey","nhl","2026_04_13","19:30","Toronto Maple Leafs","Dallas Stars","7c23e65aed95672326f5b51d78a18746"
"2025021286","hockey","nhl","2026_04_13","20:00","St. Louis Blues","Minnesota Wild","3f7ae1ea8cc82f1934f0db4da52eb8cb"
"2025021287","hockey","nhl","2026_04_13","20:00","Nashville Predators","San Jose Sharks","472be2fa83d65418ccd23cfe75d5ae49"
"2025021288","hockey","nhl","2026_04_13","20:30","Chicago Blackhawks","Buffalo Sabres","543fd68bbc58d6300577c48ced1fe675"
"2025021289","hockey","nhl","2026_04_13","21:30","Edmonton Oilers","Colorado Avalanche","63a04dd550f7203005f749be9394826c"
"2025021291","hockey","nhl","2026_04_13","21:30","Seattle Kraken","Los Angeles Kings","a4e642bde213d01b2ee7c67659ab1b7f"
"2025021290","hockey","nhl","2026_04_13","22:00","Vegas Golden Knights","Winnipeg Jets","02cd436c4433adc651fc51ef06898b6d"
"2025021292","hockey","nhl","2026_04_14","19:00","Boston Bruins","New Jersey Devils","fe7dc6268aa33b2db407b7fc8225779d"
"2025021293","hockey","nhl","2026_04_14","19:00","New York Islanders","Carolina Hurricanes","c5183f20670c0165bbc80f9c43145e9c"
"2025021294","hockey","nhl","2026_04_14","19:00","Philadelphia Flyers","Montréal Canadiens","7fec03ec7dd616e297e93e176f87b761"
"2025021295","hockey","nhl","2026_04_14","19:00","Columbus Blue Jackets","Washington Capitals","d1584d51876615dbdd70d6b5f29ea77d"
"2025021296","hockey","nhl","2026_04_14","20:00","Minnesota Wild","Anaheim Ducks","d98f95763dabfa28c6fbe9b9cbb5d5fb"
"2025021297","hockey","nhl","2026_04_14","21:00","Utah Mammoth","Winnipeg Jets","eddd0daf23e8cb700d1bf764bab4e4d6"
"2025021298","hockey","nhl","2026_04_14","21:00","Calgary Flames","Colorado Avalanche","b051baa705c134e97ed62acc5754d71a"
"2025021299","hockey","nhl","2026_04_14","21:30","St. Louis Blues","Pittsburgh Penguins","3e0abbe52fa5655dea933eae959c06da"
"2025021300","hockey","nhl","2026_04_14","22:00","Vancouver Canucks","Los Angeles Kings","7b0380f27550cb8fe448fe638e0f94e1"
"2025021301","hockey","nhl","2026_04_15","19:00","Buffalo Sabres","Dallas Stars","c36f011df8ff2ff994bb46373c5831ea"
"2025021302","hockey","nhl","2026_04_15","19:00","Tampa Bay Lightning","New York Rangers","7db68d6db2127f93ee8278eca727ff32"
"2025021303","hockey","nhl","2026_04_15","19:00","Florida Panthers","Detroit Red Wings","aab12987f6385f068a9b1c6feb785ecc"
"2025021304","hockey","nhl","2026_04_15","19:30","Ottawa Senators","Toronto Maple Leafs","ecf6c5f973a42e5dcd559cd2ac2e0d3a"
"2025021305","hockey","nhl","2026_04_15","20:30","Chicago Blackhawks","San Jose Sharks","c6dc2eb7ca9bcce1e2735b4673fc88b1"
"2025021306","hockey","nhl","2026_04_15","22:00","Vegas Golden Knights","Seattle Kraken","95e2cb9751126776827294c1530f4823"
"2025021309","hockey","nhl","2026_04_16","19:30","Utah Mammoth","St. Louis Blues","2aa3249b78d693529c951547a82f134f"
"2025021307","hockey","nhl","2026_04_16","20:00","Nashville Predators","Anaheim Ducks","112a39ac7f4a08fcb78fe38362f343ed"
"2025021308","hockey","nhl","2026_04_16","20:00","Winnipeg Jets","San Jose Sharks","72aacc9aeb0595468a61d147df27e838"
"2025021310","hockey","nhl","2026_04_16","21:00","Calgary Flames","Los Angeles Kings","88586e525b98a2c062f1f6d75e8d0fe1"
"2025021311","hockey","nhl","2026_04_16","21:00","Edmonton Oilers","Vancouver Canucks","9d37384a47dfd1b17638086559bb3726"
"2025021312","hockey","nhl","2026_04_16","22:00","Colorado Avalanche","Seattle Kraken","96784cc6006a3540914823666e6561d1"
"2025030131","hockey","nhl","2026_04_18","15:00","Carolina Hurricanes","Ottawa Senators","76d3bd29c4c5d001c2404fb6d3010c36"
"2025030161","hockey","nhl","2026_04_18","17:30","Dallas Stars","Minnesota Wild","ccf74c5469950496a135719b827ce942"
"2025030141","hockey","nhl","2026_04_18","20:00","Pittsburgh Penguins","Philadelphia Flyers","7de0e0d303dfec588c53877e7150225b"
"2025030151","hockey","nhl","2026_04_19","15:00","Colorado Avalanche","Los Angeles Kings","56ea1b51afea8960ca60b6d48714a1a3"
"2025030121","hockey","nhl","2026_04_19","17:45","Tampa Bay Lightning","Montréal Canadiens","bedd26005f98ad01c4994501ba28ddf3"
"2025030111","hockey","nhl","2026_04_19","19:30","Buffalo Sabres","Boston Bruins","e9eba9dd49f3a5847fe4689a6014e1c0"
"2025030171","hockey","nhl","2026_04_19","22:00","Vegas Golden Knights","Utah Mammoth","bd7a28ff5a090949dde37ef2292ead64"
"2025030142","hockey","nhl","2026_04_20","19:00","Pittsburgh Penguins","Philadelphia Flyers","c6747886204aa9fee72f8f417533d92d"
"2025030132","hockey","nhl","2026_04_20","19:30","Carolina Hurricanes","Ottawa Senators","f8d13ed95a66c1dc6b5999ccab91bd36"
"2025030162","hockey","nhl","2026_04_20","21:30","Dallas Stars","Minnesota Wild","f9880d72af7d608cd1aaa81db25e2604"
"2025030181","hockey","nhl","2026_04_20","22:00","Edmonton Oilers","Anaheim Ducks","dae0fa13fc78fd0dde5c02e1626ff783"
"2025030122","hockey","nhl","2026_04_21","19:00","Tampa Bay Lightning","Montréal Canadiens","1d633a4529dd3295143cce78465e6313"
"2025030112","hockey","nhl","2026_04_21","19:30","Buffalo Sabres","Boston Bruins","dd192d18a37648709a73ed89dfbf6c26"
"2025030172","hockey","nhl","2026_04_21","21:30","Vegas Golden Knights","Utah Mammoth","2aad80ef484a176946601aba6b11c312"
"2025030152","hockey","nhl","2026_04_21","22:00","Colorado Avalanche","Los Angeles Kings","f2408a67fccdac7c1dd7821143e730c6"
"2025030143","hockey","nhl","2026_04_22","19:00","Philadelphia Flyers","Pittsburgh Penguins","f0b24d77783a06281b031dd344143437"
"2025030163","hockey","nhl","2026_04_22","21:30","Minnesota Wild","Dallas Stars","5f5b84958bdfdccd00b3c51b7c26f1a1"
"2025030182","hockey","nhl","2026_04_22","22:00","Edmonton Oilers","Anaheim Ducks","36ed21131d3e0f66cdddfaf605807019"
"2025030113","hockey","nhl","2026_04_23","19:00","Boston Bruins","Buffalo Sabres","d618bdbd532e173a5e9e0f985de4af4c"
"2025030133","hockey","nhl","2026_04_23","19:30","Ottawa Senators","Carolina Hurricanes","51287ae15947cf3f02665904d8b8be9d"
"2025030153","hockey","nhl","2026_04_23","22:00","Los Angeles Kings","Colorado Avalanche","524a4ecbfee90fb1259c3e30014629ab"
"2025030123","hockey","nhl","2026_04_24","19:00","Montréal Canadiens","Tampa Bay Lightning","ae9003a3e6fcbb6dcb1aa2bb4ce6947a"
"2025030173","hockey","nhl","2026_04_24","21:30","Utah Mammoth","Vegas Golden Knights","863fdb33769ad2bb155134384e205a7a"
"2025030183","hockey","nhl","2026_04_24","22:00","Anaheim Ducks","Edmonton Oilers","e2d2c01a1afa073fc70698a37554c36e"
"2025030134","hockey","nhl","2026_04_25","15:00","Ottawa Senators","Carolina Hurricanes","ba2e152d04d7eb0f5891169a17d654d6"
"2025030164","hockey","nhl","2026_04_25","17:30","Minnesota Wild","Dallas Stars","6031286e148baa9052fdb432c6534b8e"
"2025030144","hockey","nhl","2026_04_25","20:00","Philadelphia Flyers","Pittsburgh Penguins","63dc13d149982e8f2c908b42b236c912"
"2025030114","hockey","nhl","2026_04_26","14:00","Boston Bruins","Buffalo Sabres","22d202aee787bcd6f4488f76fa15c3fd"
"2025030154","hockey","nhl","2026_04_26","16:30","Los Angeles Kings","Colorado Avalanche","a8961751f4e2ecfa35e82df7de5f2269"
"2025030124","hockey","nhl","2026_04_26","19:00","Montréal Canadiens","Tampa Bay Lightning","f852249347a7ae69bc8a8d2b0097a030"
"2025030184","hockey","nhl","2026_04_26","21:30","Anaheim Ducks","Edmonton Oilers","87206a7bb3286137bec3f9aef8d52f4d"
"2025030145","hockey","nhl","2026_04_27","19:00","Pittsburgh Penguins","Philadelphia Flyers","d907fb8cd63fbde63d560602dec6d6ab"
"2025030174","hockey","nhl","2026_04_27","21:30","Utah Mammoth","Vegas Golden Knights","8ac64c0fb7471af7aaeb79ec29b21108"
"2025030115","hockey","nhl","2026_04_28","19:30","Buffalo Sabres","Boston Bruins","dd8f3e272072c61a152ca09488cca7c8"
"2025030165","hockey","nhl","2026_04_28","20:00","Dallas Stars","Minnesota Wild","e8322a50bcedf7972380cade07b6278d"
"2025030185","hockey","nhl","2026_04_28","22:00","Edmonton Oilers","Anaheim Ducks","31e4aee667b88ad646e816ee99e31915"
"2025030125","hockey","nhl","2026_04_29","19:00","Tampa Bay Lightning","Montréal Canadiens","380c27de2b84a263be1c51bd96c29a4c"
"2025030146","hockey","nhl","2026_04_29","19:30","Philadelphia Flyers","Pittsburgh Penguins","5c15c0058458a00ae3cce4d5171e658e"
"2025030175","hockey","nhl","2026_04_29","22:00","Vegas Golden Knights","Utah Mammoth","4868659ab89eec9f59b336ce39d0d61e"
"2025030166","hockey","nhl","2026_04_30","19:30","Minnesota Wild","Dallas Stars","d91a1a692308bcc3e5e624a34c62ff28"
"2025030186","hockey","nhl","2026_04_30","22:00","Anaheim Ducks","Edmonton Oilers","d89705412ebe2b5f2281fb9e44b12459"
"2025030126","hockey","nhl","2026_05_01","19:00","Montréal Canadiens","Tampa Bay Lightning","666be81702350734d3483a03c4603f67"
"2025030116","hockey","nhl","2026_05_01","19:30","Boston Bruins","Buffalo Sabres","e8e7f71bd27bb8061fbbd5af896ae23c"
"2025030176","hockey","nhl","2026_05_01","22:00","Utah Mammoth","Vegas Golden Knights","c5c914c5b8c28d64ff00b6e65dbd3831"
"2025030221","hockey","nhl","2026_05_02","20:00","Carolina Hurricanes","Philadelphia Flyers","e525b26df615c89d31e7affabdb475e3"
"2025030127","hockey","nhl","2026_05_03","18:00","Tampa Bay Lightning","Montréal Canadiens","6ff22480704fc10dca4fb5f56513a4f4"
"2025030231","hockey","nhl","2026_05_03","21:00","Colorado Avalanche","Minnesota Wild","dd40fd7156c9a60a0ce8365206fc9310"
"2025030222","hockey","nhl","2026_05_04","19:00","Carolina Hurricanes","Philadelphia Flyers","70558164"
"2025030241","hockey","nhl","2026_05_04","21:30","Vegas Golden Knights","Anaheim Ducks","70558020"
"2025030232","hockey","nhl","2026_05_05","20:00","Colorado Avalanche","Minnesota Wild","70558036"
"2025030211","hockey","nhl","2026_05_06","19:00","Buffalo Sabres","Montréal Canadiens","70558180"
"2025030242","hockey","nhl","2026_05_06","21:30","Vegas Golden Knights","Anaheim Ducks","70558012"
"2025030223","hockey","nhl","2026_05_07","20:00","Philadelphia Flyers","Carolina Hurricanes","70558166"
"2025030212","hockey","nhl","2026_05_08","19:00","Buffalo Sabres","Montréal Canadiens","70558174"
"2025030243","hockey","nhl","2026_05_08","21:30","Anaheim Ducks","Vegas Golden Knights","70558022"
"2025030224","hockey","nhl","2026_05_09","18:00","Philadelphia Flyers","Carolina Hurricanes","70558162"
"2025030233","hockey","nhl","2026_05_09","21:00","Minnesota Wild","Colorado Avalanche","70558038"
"2025030213","hockey","nhl","2026_05_10","19:00","Montréal Canadiens","Buffalo Sabres","70558182"
"2025030244","hockey","nhl","2026_05_10","21:30","Anaheim Ducks","Vegas Golden Knights","70558016"
"2025030234","hockey","nhl","2026_05_11","20:00","Minnesota Wild","Colorado Avalanche","70558034"
"2025030214","hockey","nhl","2026_05_12","19:00","Montréal Canadiens","Buffalo Sabres","70558178"
"2025030245","hockey","nhl","2026_05_12","21:30","Vegas Golden Knights","Anaheim Ducks","70558014"
"2025030235","hockey","nhl","2026_05_13","20:00","Colorado Avalanche","Minnesota Wild","70558028"
"2025030215","hockey","nhl","2026_05_14","19:00","Buffalo Sabres","Montréal Canadiens","70558172"
"2025030246","hockey","nhl","2026_05_14","21:30","Anaheim Ducks","Vegas Golden Knights","70558018"
"2025030216","hockey","nhl","2026_05_16","20:00","Montréal Canadiens","Buffalo Sabres","70558176"
"2025030217","hockey","nhl","2026_05_18","19:30","Buffalo Sabres","Montréal Canadiens","70558184"
"2025030321","hockey","nhl","2026_05_20","20:00","Colorado Avalanche","Vegas Golden Knights","70557984"
"2025030311","hockey","nhl","2026_05_21","20:00","Carolina Hurricanes","Montréal Canadiens","70558006"
"2025030322","hockey","nhl","2026_05_22","20:00","Colorado Avalanche","Vegas Golden Knights","70557980"
"2025030312","hockey","nhl","2026_05_23","19:00","Carolina Hurricanes","Montréal Canadiens","70558000"
"2025030323","hockey","nhl","2026_05_24","20:00","Vegas Golden Knights","Colorado Avalanche","70557986"
"2025030313","hockey","nhl","2026_05_25","20:00","Montréal Canadiens","Carolina Hurricanes","70558004"
"2025030324","hockey","nhl","2026_05_26","21:00","Vegas Golden Knights","Colorado Avalanche","70557982"
"2025030314","hockey","nhl","2026_05_27","20:00","Montréal Canadiens","Carolina Hurricanes","70557998"
"2025030315","hockey","nhl","2026_05_29","20:00","Carolina Hurricanes","Montréal Canadiens","70558002"
"2025030411","hockey","nhl","2026_06_02","20:00","Carolina Hurricanes","Vegas Golden Knights","70558084"
"2025030412","hockey","nhl","2026_06_04","20:00","Carolina Hurricanes","Vegas Golden Knights","70558076"
"2025030413","hockey","nhl","2026_06_06","20:00","Vegas Golden Knights","Carolina Hurricanes","70558086"
"2025030414","hockey","nhl","2026_06_09","20:00","Vegas Golden Knights","Carolina Hurricanes","70558082"
"2025030415","hockey","nhl","2026_06_11","20:00","Carolina Hurricanes","Vegas Golden Knights","70558078"
"2025030416","hockey","nhl","2026_06_14","20:00","Vegas Golden Knights","Carolina Hurricanes","70558080"
