espn_event_id,$ref,details,over_under,spread,over_odds,under_odds,moneyline_winner,spread_winner,provider_$ref,provider_id,provider_name,provider_priority,away_team_odds_favorite,away_team_odds_underdog,away_team_odds_money_line,away_team_odds_spread_odds,away_team_odds_open_favorite,away_team_odds_open_point_spread_alternate_display_value,away_team_odds_open_point_spread_american,away_team_odds_open_spread_value,away_team_odds_open_spread_display_value,away_team_odds_open_spread_alternate_display_value,away_team_odds_open_spread_decimal,away_team_odds_open_spread_fraction,away_team_odds_open_spread_american,away_team_odds_open_money_line_value,away_team_odds_open_money_line_display_value,away_team_odds_open_money_line_alternate_display_value,away_team_odds_open_money_line_decimal,away_team_odds_open_money_line_fraction,away_team_odds_open_money_line_american,away_team_odds_close_point_spread_alternate_display_value,away_team_odds_close_point_spread_american,away_team_odds_close_spread_value,away_team_odds_close_spread_display_value,away_team_odds_close_spread_alternate_display_value,away_team_odds_close_spread_decimal,away_team_odds_close_spread_fraction,away_team_odds_close_spread_american,away_team_odds_close_money_line_value,away_team_odds_close_money_line_display_value,away_team_odds_close_money_line_alternate_display_value,away_team_odds_close_money_line_decimal,away_team_odds_close_money_line_fraction,away_team_odds_close_money_line_american,away_team_odds_current_point_spread_alternate_display_value,away_team_odds_current_point_spread_american,away_team_odds_current_spread_value,away_team_odds_current_spread_display_value,away_team_odds_current_spread_alternate_display_value,away_team_odds_current_spread_decimal,away_team_odds_current_spread_fraction,away_team_odds_current_spread_american,away_team_odds_current_money_line_value,away_team_odds_current_money_line_display_value,away_team_odds_current_money_line_alternate_display_value,away_team_odds_current_money_line_decimal,away_team_odds_current_money_line_fraction,away_team_odds_current_money_line_american,away_team_odds_team_$ref,home_team_odds_favorite,home_team_odds_underdog,home_team_odds_money_line,home_team_odds_spread_odds,home_team_odds_open_favorite,home_team_odds_open_point_spread_value,home_team_odds_open_point_spread_display_value,home_team_odds_open_point_spread_alternate_display_value,home_team_odds_open_point_spread_decimal,home_team_odds_open_point_spread_fraction,home_team_odds_open_point_spread_american,home_team_odds_open_spread_value,home_team_odds_open_spread_display_value,home_team_odds_open_spread_alternate_display_value,home_team_odds_open_spread_decimal,home_team_odds_open_spread_fraction,home_team_odds_open_spread_american,home_team_odds_open_money_line_value,home_team_odds_open_money_line_display_value,home_team_odds_open_money_line_alternate_display_value,home_team_odds_open_money_line_decimal,home_team_odds_open_money_line_fraction,home_team_odds_open_money_line_american,home_team_odds_close_point_spread_value,home_team_odds_close_point_spread_display_value,home_team_odds_close_point_spread_alternate_display_value,home_team_odds_close_point_spread_decimal,home_team_odds_close_point_spread_fraction,home_team_odds_close_point_spread_american,home_team_odds_close_spread_value,home_team_odds_close_spread_display_value,home_team_odds_close_spread_alternate_display_value,home_team_odds_close_spread_decimal,home_team_odds_close_spread_fraction,home_team_odds_close_spread_american,home_team_odds_close_money_line_value,home_team_odds_close_money_line_display_value,home_team_odds_close_money_line_alternate_display_value,home_team_odds_close_money_line_decimal,home_team_odds_close_money_line_fraction,home_team_odds_close_money_line_american,home_team_odds_current_point_spread_value,home_team_odds_current_point_spread_display_value,home_team_odds_current_point_spread_alternate_display_value,home_team_odds_current_point_spread_decimal,home_team_odds_current_point_spread_fraction,home_team_odds_current_point_spread_american,home_team_odds_current_spread_value,home_team_odds_current_spread_display_value,home_team_odds_current_spread_alternate_display_value,home_team_odds_current_spread_decimal,home_team_odds_current_spread_fraction,home_team_odds_current_spread_american,home_team_odds_current_money_line_value,home_team_odds_current_money_line_display_value,home_team_odds_current_money_line_alternate_display_value,home_team_odds_current_money_line_decimal,home_team_odds_current_money_line_fraction,home_team_odds_current_money_line_american,home_team_odds_team_$ref,open_over_value,open_over_display_value,open_over_alternate_display_value,open_over_decimal,open_over_fraction,open_over_american,open_under_value,open_under_display_value,open_under_alternate_display_value,open_under_decimal,open_under_fraction,open_under_american,open_total_value,open_total_display_value,open_total_alternate_display_value,open_total_decimal,open_total_fraction,open_total_american,close_over_value,close_over_display_value,close_over_alternate_display_value,close_over_decimal,close_over_fraction,close_over_american,close_under_value,close_under_display_value,close_under_alternate_display_value,close_under_decimal,close_under_fraction,close_under_american,close_total_value,close_total_display_value,close_total_alternate_display_value,close_total_decimal,close_total_fraction,close_total_american,current_over_value,current_over_display_value,current_over_alternate_display_value,current_over_decimal,current_over_fraction,current_over_american,current_under_value,current_under_display_value,current_under_alternate_display_value,current_under_decimal,current_under_fraction,current_under_american,current_total_value,current_total_display_value,current_total_alternate_display_value,current_total_decimal,current_total_fraction,current_total_american,links
401555902,http://sports.core.api.espn.com/v2/sports/hockey/leagues/nhl/events/401555902/competitions/401555902/odds/1001?lang=en&region=us,VGK +125,6.0,1.5,100.0,-120.0,False,False,http://sports.core.api.espn.com/v2/sports/hockey/leagues/nhl/providers/1001?lang=en&region=us,1001,Bet365,0,True,False,125,185.0,True,-1.5,-1.5,2.8,9/5,+180,2.8,9/5,+180,2.25,5/4,+125,2.25,5/4,+125,-1.5,-1.5,2.85,37/20,+185,2.85,37/20,+185,2.25,5/4,+125,2.25,5/4,+125,-1.5,-1.5,2.85,37/20,+185,2.85,37/20,+185,2.25,5/4,+125,2.25,5/4,+125,http://sports.core.api.espn.com/v2/sports/hockey/leagues/nhl/seasons/2024/teams/37?lang=en&region=us,False,True,170,-225.0,False,1.5,1.5,+1.5,1.5,1.5,+1.5,1.45,5/11,-220,1.45,5/11,-220,2.7,17/10,+170,2.7,17/10,+170,1.5,1.5,+1.5,1.5,1.5,+1.5,1.44,4/9,-225,1.44,4/9,-225,2.7,17/10,+170,2.7,17/10,+170,1.5,1.5,+1.5,1.5,1.5,+1.5,1.44,4/9,-225,1.44,4/9,-225,2.7,17/10,+170,2.7,17/10,+170,http://sports.core.api.espn.com/v2/sports/hockey/leagues/nhl/seasons/2024/teams/124292?lang=en&region=us,1.95,20/21,-105,1.95,20/21,-105,1.87,20/23,-115,1.87,20/23,-115,6.0,6,6,6.0,6,6,2.0,1/1,+100,2.0,1/1,+100,1.83,5/6,-120,1.83,5/6,-120,6.0,6,6,6.0,6,6,2.0,1/1,+100,2.0,1/1,+100,1.83,5/6,-120,1.83,5/6,-120,6.0,6,6,6.0,6,6,
401555902,http://sports.core.api.espn.com/v2/sports/hockey/leagues/nhl/events/401555902/competitions/401555902/odds/50?lang=en&region=us,VGK -140,5.5,1.5,-125.0,105.0,False,False,http://sports.core.api.espn.com/v2/sports/hockey/leagues/nhl/providers/50?lang=en&region=us,50,BetfairSportsbook,0,True,False,-140,175.0,,,,,,,,,,,,,,,,-1.5,-1.5,2.75,7/4,+175,2.75,7/4,+175,1.71,5/7,-140,1.71,5/7,-140,-1.5,-1.5,2.75,7/4,+175,2.75,7/4,+175,1.71,5/7,-140,1.71,5/7,-140,http://sports.core.api.espn.com/v2/sports/hockey/leagues/nhl/seasons/2024/teams/37?lang=en&region=us,False,True,118,-210.0,,,,,,,,,,,,,,,,,,,,1.5,1.5,+1.5,1.5,1.5,+1.5,1.48,10/21,-210,1.48,10/21,-210,2.18,59/50,+118,2.18,59/50,+118,1.5,1.5,+1.5,1.5,1.5,+1.5,1.48,10/21,-210,1.48,10/21,-210,2.18,59/50,+118,2.18,59/50,+118,http://sports.core.api.espn.com/v2/sports/hockey/leagues/nhl/seasons/2024/teams/124292?lang=en&region=us,,,,,,,,,,,,,,,,,,,1.8,4/5,-125,1.8,4/5,-125,2.05,21/20,+105,2.05,21/20,+105,5.5,5.5,5.5,5.5,5.5,5.5,1.8,4/5,-125,1.8,4/5,-125,2.05,21/20,+105,2.05,21/20,+105,5.5,5.5,5.5,5.5,5.5,5.5,
401555902,http://sports.core.api.espn.com/v2/sports/hockey/leagues/nhl/events/401555902/competitions/401555902/odds/52?lang=en&region=us,VGK -135,6.0,1.5,100.0,-120.0,False,False,http://sports.core.api.espn.com/v2/sports/hockey/leagues/nhl/providers/52?lang=en&region=us,52,Caesars Sportsbook (Colorado),0,True,False,-135,185.0,,,,,,,,,,,,,,,,-1.5,-1.5,2.85,37/20,+185,2.85,37/20,+185,1.74,20/27,-135,1.74,20/27,-135,-1.5,-1.5,2.85,37/20,+185,2.85,37/20,+185,1.74,20/27,-135,1.74,20/27,-135,http://sports.core.api.espn.com/v2/sports/hockey/leagues/nhl/seasons/2024/teams/37?lang=en&region=us,False,True,115,-225.0,,,,,,,,,,,,,,,,,,,,1.5,1.5,+1.5,1.5,1.5,+1.5,1.44,4/9,-225,1.44,4/9,-225,2.15,23/20,+115,2.15,23/20,+115,1.5,1.5,+1.5,1.5,1.5,+1.5,1.44,4/9,-225,1.44,4/9,-225,2.15,23/20,+115,2.15,23/20,+115,http://sports.core.api.espn.com/v2/sports/hockey/leagues/nhl/seasons/2024/teams/124292?lang=en&region=us,,,,,,,,,,,,,,,,,,,2.0,1/1,+100,2.0,1/1,+100,1.83,5/6,-120,1.83,5/6,-120,6.0,6,6,6.0,6,6,2.0,1/1,+100,2.0,1/1,+100,1.83,5/6,-120,1.83,5/6,-120,6.0,6,6,6.0,6,6,
401555902,http://sports.core.api.espn.com/v2/sports/hockey/leagues/nhl/events/401555902/competitions/401555902/odds/45?lang=en&region=us,VGK -135,6.0,1.5,100.0,-120.0,False,False,http://sports.core.api.espn.com/v2/sports/hockey/leagues/nhl/providers/45?lang=en&region=us,45,Caesars Sportsbook (New Jersey),0,True,False,-135,185.0,,,,,,,,,,,,,,,,-1.5,-1.5,2.85,37/20,+185,2.85,37/20,+185,1.74,20/27,-135,1.74,20/27,-135,-1.5,-1.5,2.85,37/20,+185,2.85,37/20,+185,1.74,20/27,-135,1.74,20/27,-135,http://sports.core.api.espn.com/v2/sports/hockey/leagues/nhl/seasons/2024/teams/37?lang=en&region=us,False,True,115,-225.0,,,,,,,,,,,,,,,,,,,,1.5,1.5,+1.5,1.5,1.5,+1.5,1.44,4/9,-225,1.44,4/9,-225,2.15,23/20,+115,2.15,23/20,+115,1.5,1.5,+1.5,1.5,1.5,+1.5,1.44,4/9,-225,1.44,4/9,-225,2.15,23/20,+115,2.15,23/20,+115,http://sports.core.api.espn.com/v2/sports/hockey/leagues/nhl/seasons/2024/teams/124292?lang=en&region=us,,,,,,,,,,,,,,,,,,,2.0,1/1,+100,2.0,1/1,+100,1.83,5/6,-120,1.83,5/6,-120,6.0,6,6,6.0,6,6,2.0,1/1,+100,2.0,1/1,+100,1.83,5/6,-120,1.83,5/6,-120,6.0,6,6,6.0,6,6,
401555902,http://sports.core.api.espn.com/v2/sports/hockey/leagues/nhl/events/401555902/competitions/401555902/odds/57?lang=en&region=us,VGK -145,6.0,1.5,-106.0,-129.0,False,False,http://sports.core.api.espn.com/v2/sports/hockey/leagues/nhl/providers/57?lang=en&region=us,57,Caesars Sportsbook (Tennessee),0,True,False,-145,178.0,,,,,,,,,,,,,,,,-1.5,-1.5,2.78,89/50,+178,2.78,89/50,+178,1.69,20/29,-145,1.69,20/29,-145,-1.5,-1.5,2.78,89/50,+178,2.78,89/50,+178,1.69,20/29,-145,1.69,20/29,-145,http://sports.core.api.espn.com/v2/sports/hockey/leagues/nhl/seasons/2024/teams/37?lang=en&region=us,False,True,106,-254.0,,,,,,,,,,,,,,,,,,,,1.5,1.5,+1.5,1.5,1.5,+1.5,1.39,50/127,-254,1.39,50/127,-254,2.06,53/50,+106,2.06,53/50,+106,1.5,1.5,+1.5,1.5,1.5,+1.5,1.39,50/127,-254,1.39,50/127,-254,2.06,53/50,+106,2.06,53/50,+106,http://sports.core.api.espn.com/v2/sports/hockey/leagues/nhl/seasons/2024/teams/124292?lang=en&region=us,,,,,,,,,,,,,,,,,,,1.94,50/53,-106,1.94,50/53,-106,1.78,100/129,-129,1.78,100/129,-129,6.0,6,6,6.0,6,6,1.94,50/53,-106,1.94,50/53,-106,1.78,100/129,-129,1.78,100/129,-129,6.0,6,6,6.0,6,6,
401555902,http://sports.core.api.espn.com/v2/sports/hockey/leagues/nhl/events/401555902/competitions/401555902/odds/40?lang=en&region=us,VGK +100,,1.5,,,False,False,http://sports.core.api.espn.com/v2/sports/hockey/leagues/nhl/providers/40?lang=en&region=us,40,DraftKings,0,True,False,100,185.0,,,,,,,,,,,,,,,,-1.5,-1.5,2.85,37/20,+185,2.85,37/20,+185,2.0,1/1,+100,2.0,1/1,+100,-1.5,-1.5,2.85,37/20,+185,2.85,37/20,+185,2.0,1/1,+100,2.0,1/1,+100,http://sports.core.api.espn.com/v2/sports/hockey/leagues/nhl/seasons/2024/teams/37?lang=en&region=us,False,True,180,-225.0,,,,,,,,,,,,,,,,,,,,1.5,1.5,+1.5,1.5,1.5,+1.5,1.44,4/9,-225,1.44,4/9,-225,2.8,9/5,+180,2.8,9/5,+180,1.5,1.5,+1.5,1.5,1.5,+1.5,1.44,4/9,-225,1.44,4/9,-225,2.8,9/5,+180,2.8,9/5,+180,http://sports.core.api.espn.com/v2/sports/hockey/leagues/nhl/seasons/2024/teams/124292?lang=en&region=us,,,,,,,,,,,,,,,,,,,,,,,,,,,,,,,,,,,,,,,,,,,,,,,,,,,,,,,
401555902,http://sports.core.api.espn.com/v2/sports/hockey/leagues/nhl/events/401555902/competitions/401555902/odds/58?lang=en&region=us,VGK -135,5.5,1.5,-125.0,105.0,False,False,http://sports.core.api.espn.com/v2/sports/hockey/leagues/nhl/providers/58?lang=en&region=us,58,ESPN BET,0,True,False,-135,180.0,True,-1.5,-1.5,2.75,7/4,+175,2.75,7/4,+175,1.74,20/27,-135,1.74,20/27,-135,-1.5,-1.5,2.8,9/5,+180,2.8,9/5,+180,1.74,20/27,-135,1.74,20/27,-135,-1.5,-1.5,2.8,9/5,+180,2.8,9/5,+180,1.74,20/27,-135,1.74,20/27,-135,http://sports.core.api.espn.com/v2/sports/hockey/leagues/nhl/seasons/2024/teams/37?lang=en&region=us,False,True,115,-235.0,False,,,+1.5,,,+1.5,1.44,4/9,-225,1.44,4/9,-225,2.15,23/20,+115,2.15,23/20,+115,,,+1.5,,,+1.5,1.43,20/47,-235,1.43,20/47,-235,2.15,23/20,+115,2.15,23/20,+115,,,+1.5,,,+1.5,1.43,20/47,-235,1.43,20/47,-235,2.15,23/20,+115,2.15,23/20,+115,http://sports.core.api.espn.com/v2/sports/hockey/leagues/nhl/seasons/2024/teams/124292?lang=en&region=us,1.83,5/6,-120,1.83,5/6,-120,2.0,1/1,+100,2.0,1/1,+100,,,5.5,,,5.5,1.8,4/5,-125,1.8,4/5,-125,2.05,21/20,+105,2.05,21/20,+105,,,5.5,,,5.5,1.8,4/5,-125,1.8,4/5,-125,2.05,21/20,+105,2.05,21/20,+105,,,5.5,,,5.5,"[{'language': 'en-US', 'rel': ['home', 'desktop', 'bets', 'espn-bet'], 'href': 'https://espnbet.app.link?$canonical_url=/sport/hockey/organization/united-states/competition/nhl/event/59b38ebb-12af-4346-ac8e-258b24be78fa', 'text': 'Home Bet', 'shortText': 'Home Bet', 'isExternal': True, 'isPremium': False}, {'language': 'en-US', 'rel': ['away', 'desktop', 'bets', 'espn-bet'], 'href': 'https://espnbet.app.link?$canonical_url=/sport/hockey/organization/united-states/competition/nhl/event/59b38ebb-12af-4346-ac8e-258b24be78fa', 'text': 'Away Bet', 'shortText': 'Away Bet', 'isExternal': True, 'isPremium': False}, {'language': 'en-US', 'rel': ['homeSpread', 'desktop', 'bets'], 'href': 'https://espnbet.app.link?$canonical_url=/sport/hockey/organization/united-states/competition/nhl/event/59b38ebb-12af-4346-ac8e-258b24be78fa', 'text': 'Home Point Spread', 'shortText': 'Home Point Spread', 'isExternal': True, 'isPremium': False}, {'language': 'en-US', 'rel': ['awaySpread', 'desktop', 'bets'], 'href': 'https://espnbet.app.link?$canonical_url=/sport/hockey/organization/united-states/competition/nhl/event/59b38ebb-12af-4346-ac8e-258b24be78fa', 'text': 'Away Point Spread', 'shortText': 'Away Point Spread', 'isExternal': True, 'isPremium': False}, {'language': 'en-US', 'rel': ['over', 'desktop', 'bets'], 'href': 'https://espnbet.app.link?$canonical_url=/sport/hockey/organization/united-states/competition/nhl/event/59b38ebb-12af-4346-ac8e-258b24be78fa', 'text': 'Over Odds', 'shortText': 'Over Odds', 'isExternal': True, 'isPremium': False}, {'language': 'en-US', 'rel': ['under', 'desktop', 'bets'], 'href': 'https://espnbet.app.link?$canonical_url=/sport/hockey/organization/united-states/competition/nhl/event/59b38ebb-12af-4346-ac8e-258b24be78fa', 'text': 'Under Odds', 'shortText': 'Under Odds', 'isExternal': True, 'isPremium': False}, {'language': 'en-US', 'rel': ['game', 'desktop', 'bets'], 'href': 'https://espnbet.app.link?$canonical_url=/sport/hockey/organization/united-states/competition/nhl/event/59b38ebb-12af-4346-ac8e-258b24be78fa', 'text': 'Game', 'shortText': 'Game', 'isExternal': True, 'isPremium': False}]"
401555902,http://sports.core.api.espn.com/v2/sports/hockey/leagues/nhl/events/401555902/competitions/401555902/odds/47?lang=en&region=us,VGK -135,6.0,1.5,100.0,-120.0,False,False,http://sports.core.api.espn.com/v2/sports/hockey/leagues/nhl/providers/47?lang=en&region=us,47,MGM,0,True,False,-135,185.0,True,-1.5,-1.5,2.8,9/5,+180,2.8,9/5,+180,1.74,20/27,-135,1.74,20/27,-135,-1.5,-1.5,2.85,37/20,+185,2.85,37/20,+185,1.74,20/27,-135,1.74,20/27,-135,-1.5,-1.5,2.85,37/20,+185,2.85,37/20,+185,1.74,20/27,-135,1.74,20/27,-135,http://sports.core.api.espn.com/v2/sports/hockey/leagues/nhl/seasons/2024/teams/37?lang=en&region=us,False,True,115,-225.0,False,1.5,1.5,+1.5,1.5,1.5,+1.5,1.44,4/9,-225,1.44,4/9,-225,2.15,23/20,+115,2.15,23/20,+115,1.5,1.5,+1.5,1.5,1.5,+1.5,1.44,4/9,-225,1.44,4/9,-225,2.15,23/20,+115,2.15,23/20,+115,1.5,1.5,+1.5,1.5,1.5,+1.5,1.44,4/9,-225,1.44,4/9,-225,2.15,23/20,+115,2.15,23/20,+115,http://sports.core.api.espn.com/v2/sports/hockey/leagues/nhl/seasons/2024/teams/124292?lang=en&region=us,1.95,20/21,-105,1.95,20/21,-105,1.87,20/23,-115,1.87,20/23,-115,6.0,6,6,6.0,6,6,2.0,1/1,+100,2.0,1/1,+100,1.83,5/6,-120,1.83,5/6,-120,6.0,6,6,6.0,6,6,2.0,1/1,+100,2.0,1/1,+100,1.83,5/6,-120,1.83,5/6,-120,6.0,6,6,6.0,6,6,
401555902,http://sports.core.api.espn.com/v2/sports/hockey/leagues/nhl/events/401555902/competitions/401555902/odds/41?lang=en&region=us,VGK -137,5.5,1.5,-127.0,105.0,False,False,http://sports.core.api.espn.com/v2/sports/hockey/leagues/nhl/providers/41?lang=en&region=us,41,SugarHouse,0,True,False,-137,180.0,True,-1.5,-1.5,2.7,17/10,+170,2.7,17/10,+170,1.79,100/127,-127,1.79,100/127,-127,-1.5,-1.5,2.8,9/5,+180,2.8,9/5,+180,1.73,100/137,-137,1.73,100/137,-137,-1.5,-1.5,2.8,9/5,+180,2.8,9/5,+180,1.73,100/137,-137,1.73,100/137,-137,http://sports.core.api.espn.com/v2/sports/hockey/leagues/nhl/seasons/2024/teams/37?lang=en&region=us,False,True,114,-222.0,False,1.5,1.5,+1.5,1.5,1.5,+1.5,1.47,100/213,-213,1.47,100/213,-213,2.06,53/50,+106,2.06,53/50,+106,1.5,1.5,+1.5,1.5,1.5,+1.5,1.45,50/111,-222,1.45,50/111,-222,2.14,57/50,+114,2.14,57/50,+114,1.5,1.5,+1.5,1.5,1.5,+1.5,1.45,50/111,-222,1.45,50/111,-222,2.14,57/50,+114,2.14,57/50,+114,http://sports.core.api.espn.com/v2/sports/hockey/leagues/nhl/seasons/2024/teams/124292?lang=en&region=us,1.84,100/119,-119,1.84,100/119,-119,1.98,50/51,-102,1.98,50/51,-102,5.5,5.5,5.5,5.5,5.5,5.5,1.79,100/127,-127,1.79,100/127,-127,2.05,21/20,+105,2.05,21/20,+105,5.5,5.5,5.5,5.5,5.5,5.5,1.79,100/127,-127,1.79,100/127,-127,2.05,21/20,+105,2.05,21/20,+105,5.5,5.5,5.5,5.5,5.5,5.5,
401555902,http://sports.core.api.espn.com/v2/sports/hockey/leagues/nhl/events/401555902/competitions/401555902/odds/53?lang=en&region=us,VGK +110,5.5,1.5,-133.0,-105.0,False,False,http://sports.core.api.espn.com/v2/sports/hockey/leagues/nhl/providers/53?lang=en&region=us,53,Titanbets,0,True,False,110,185.0,True,-1.5,-1.5,2.8,9/5,+180,2.8,9/5,+180,2.3,13/10,+130,2.3,13/10,+130,-1.5,-1.5,2.85,37/20,+185,2.85,37/20,+185,2.1,11/10,+110,2.1,11/10,+110,-1.5,-1.5,2.85,37/20,+185,2.85,37/20,+185,2.1,11/10,+110,2.1,11/10,+110,http://sports.core.api.espn.com/v2/sports/hockey/leagues/nhl/seasons/2024/teams/37?lang=en&region=us,False,True,175,-238.0,False,1.5,1.5,+1.5,1.5,1.5,+1.5,1.45,50/111,-222,1.45,50/111,-222,2.45,29/20,+145,2.45,29/20,+145,1.5,1.5,+1.5,1.5,1.5,+1.5,1.42,50/119,-238,1.42,50/119,-238,2.75,7/4,+175,2.75,7/4,+175,1.5,1.5,+1.5,1.5,1.5,+1.5,1.42,50/119,-238,1.42,50/119,-238,2.75,7/4,+175,2.75,7/4,+175,http://sports.core.api.espn.com/v2/sports/hockey/leagues/nhl/seasons/2024/teams/124292?lang=en&region=us,1.72,50/69,-138,1.72,50/69,-138,2.0,1/1,+100,2.0,1/1,+100,5.5,5.5,5.5,5.5,5.5,5.5,1.75,100/133,-133,1.75,100/133,-133,1.95,20/21,-105,1.95,20/21,-105,5.5,5.5,5.5,5.5,5.5,5.5,1.75,100/133,-133,1.75,100/133,-133,1.95,20/21,-105,1.95,20/21,-105,5.5,5.5,5.5,5.5,5.5,5.5,
401555902,http://sports.core.api.espn.com/v2/sports/hockey/leagues/nhl/events/401555902/competitions/401555902/odds/36?lang=en&region=us,VGK +117,5.5,1.5,-127.0,105.0,False,False,http://sports.core.api.espn.com/v2/sports/hockey/leagues/nhl/providers/36?lang=en&region=us,36,Unibet,0,True,False,117,180.0,True,-1.5,-1.5,2.7,17/10,+170,2.7,17/10,+170,2.25,5/4,+125,2.25,5/4,+125,-1.5,-1.5,2.8,9/5,+180,2.8,9/5,+180,2.17,117/100,+117,2.17,117/100,+117,-1.5,-1.5,2.8,9/5,+180,2.8,9/5,+180,2.17,117/100,+117,2.17,117/100,+117,http://sports.core.api.espn.com/v2/sports/hockey/leagues/nhl/seasons/2024/teams/37?lang=en&region=us,False,True,180,-225.0,False,1.5,1.5,+1.5,1.5,1.5,+1.5,1.47,20/43,-215,1.47,20/43,-215,2.65,33/20,+165,2.65,33/20,+165,1.5,1.5,+1.5,1.5,1.5,+1.5,1.44,4/9,-225,1.44,4/9,-225,2.8,9/5,+180,2.8,9/5,+180,1.5,1.5,+1.5,1.5,1.5,+1.5,1.44,4/9,-225,1.44,4/9,-225,2.8,9/5,+180,2.8,9/5,+180,http://sports.core.api.espn.com/v2/sports/hockey/leagues/nhl/seasons/2024/teams/124292?lang=en&region=us,1.83,5/6,-120,1.83,5/6,-120,1.97,100/103,-103,1.97,100/103,-103,5.5,5.5,5.5,5.5,5.5,5.5,1.79,100/127,-127,1.79,100/127,-127,2.05,21/20,+105,2.05,21/20,+105,5.5,5.5,5.5,5.5,5.5,5.5,1.79,100/127,-127,1.79,100/127,-127,2.05,21/20,+105,2.05,21/20,+105,5.5,5.5,5.5,5.5,5.5,5.5,
401559802,http://sports.core.api.espn.com/v2/sports/hockey/leagues/nhl/events/401559802/competitions/401559802/odds/1001?lang=en&region=us,NYR +135,6.0,-1.5,-105.0,-115.0,False,False,http://sports.core.api.espn.com/v2/sports/hockey/leagues/nhl/providers/1001?lang=en&region=us,1001,Bet365,0,False,True,155,-245.0,False,+1.5,+1.5,1.42,5/12,-240,1.42,5/12,-240,2.6,8/5,+160,2.6,8/5,+160,+1.5,+1.5,1.41,20/49,-245,1.41,20/49,-245,2.55,31/20,+155,2.55,31/20,+155,+1.5,+1.5,1.41,20/49,-245,1.41,20/49,-245,2.55,31/20,+155,2.55,31/20,+155,http://sports.core.api.espn.com/v2/sports/hockey/leagues/nhl/seasons/2024/teams/7?lang=en&region=us,True,False,135,200.0,True,-1.5,-1.5,-1.5,-1.5,-1.5,-1.5,2.95,39/20,+195,2.95,39/20,+195,2.35,27/20,+135,2.35,27/20,+135,-1.5,-1.5,-1.5,-1.5,-1.5,-1.5,3.0,2/1,+200,3.0,2/1,+200,2.35,27/20,+135,2.35,27/20,+135,-1.5,-1.5,-1.5,-1.5,-1.5,-1.5,3.0,2/1,+200,3.0,2/1,+200,2.35,27/20,+135,2.35,27/20,+135,http://sports.core.api.espn.com/v2/sports/hockey/leagues/nhl/seasons/2024/teams/13?lang=en&region=us,1.95,20/21,-105,1.95,20/21,-105,1.87,20/23,-115,1.87,20/23,-115,6.0,6,6,6.0,6,6,1.95,20/21,-105,1.95,20/21,-105,1.87,20/23,-115,1.87,20/23,-115,6.0,6,6,6.0,6,6,1.95,20/21,-105,1.95,20/21,-105,1.87,20/23,-115,1.87,20/23,-115,6.0,6,6,6.0,6,6,
401559802,http://sports.core.api.espn.com/v2/sports/hockey/leagues/nhl/events/401559802/competitions/401559802/odds/50?lang=en&region=us,NYR -130,5.5,-1.5,-130.0,110.0,False,False,http://sports.core.api.espn.com/v2/sports/hockey/leagues/nhl/providers/50?lang=en&region=us,50,BetfairSportsbook,0,False,True,110,-230.0,False,+1.5,+1.5,1.49,20/41,-205,1.49,20/41,-205,2.18,59/50,+118,2.18,59/50,+118,+1.5,+1.5,1.43,10/23,-230,1.43,10/23,-230,2.1,11/10,+110,2.1,11/10,+110,+1.5,+1.5,1.43,10/23,-230,1.43,10/23,-230,2.1,11/10,+110,2.1,11/10,+110,http://sports.core.api.espn.com/v2/sports/hockey/leagues/nhl/seasons/2024/teams/7?lang=en&region=us,True,False,-130,188.0,True,-1.5,-1.5,-1.5,-1.5,-1.5,-1.5,2.7,17/10,+170,2.7,17/10,+170,1.71,5/7,-140,1.71,5/7,-140,-1.5,-1.5,-1.5,-1.5,-1.5,-1.5,2.88,47/25,+188,2.88,47/25,+188,1.77,10/13,-130,1.77,10/13,-130,-1.5,-1.5,-1.5,-1.5,-1.5,-1.5,2.88,47/25,+188,2.88,47/25,+188,1.77,10/13,-130,1.77,10/13,-130,http://sports.core.api.espn.com/v2/sports/hockey/leagues/nhl/seasons/2024/teams/13?lang=en&region=us,1.91,10/11,-110,1.91,10/11,-110,1.91,10/11,-110,1.91,10/11,-110,6.5,6.5,6.5,6.5,6.5,6.5,1.77,10/13,-130,1.77,10/13,-130,2.1,11/10,+110,2.1,11/10,+110,5.5,5.5,5.5,5.5,5.5,5.5,1.77,10/13,-130,1.77,10/13,-130,2.1,11/10,+110,2.1,11/10,+110,5.5,5.5,5.5,5.5,5.5,5.5,
401559802,http://sports.core.api.espn.com/v2/sports/hockey/leagues/nhl/events/401559802/competitions/401559802/odds/52?lang=en&region=us,NYR -130,6.0,-1.5,-105.0,-115.0,False,False,http://sports.core.api.espn.com/v2/sports/hockey/leagues/nhl/providers/52?lang=en&region=us,52,Caesars Sportsbook (Colorado),0,False,True,110,-240.0,False,+1.5,+1.5,1.4,2/5,-250,1.4,2/5,-250,2.0,1/1,+100,2.0,1/1,+100,+1.5,+1.5,1.42,5/12,-240,1.42,5/12,-240,2.1,11/10,+110,2.1,11/10,+110,+1.5,+1.5,1.42,5/12,-240,1.42,5/12,-240,2.1,11/10,+110,2.1,11/10,+110,http://sports.core.api.espn.com/v2/sports/hockey/leagues/nhl/seasons/2024/teams/7?lang=en&region=us,True,False,-130,196.0,True,-1.5,-1.5,-1.5,-1.5,-1.5,-1.5,3.05,41/20,+205,3.05,41/20,+205,1.83,5/6,-120,1.83,5/6,-120,-1.5,-1.5,-1.5,-1.5,-1.5,-1.5,2.96,49/25,+196,2.96,49/25,+196,1.77,10/13,-130,1.77,10/13,-130,-1.5,-1.5,-1.5,-1.5,-1.5,-1.5,2.96,49/25,+196,2.96,49/25,+196,1.77,10/13,-130,1.77,10/13,-130,http://sports.core.api.espn.com/v2/sports/hockey/leagues/nhl/seasons/2024/teams/13?lang=en&region=us,1.91,10/11,-110,1.91,10/11,-110,1.91,10/11,-110,1.91,10/11,-110,6.0,6,6,6.0,6,6,1.95,20/21,-105,1.95,20/21,-105,1.87,20/23,-115,1.87,20/23,-115,6.0,6,6,6.0,6,6,1.95,20/21,-105,1.95,20/21,-105,1.87,20/23,-115,1.87,20/23,-115,6.0,6,6,6.0,6,6,
401559802,http://sports.core.api.espn.com/v2/sports/hockey/leagues/nhl/events/401559802/competitions/401559802/odds/45?lang=en&region=us,NYR -130,6.0,-1.5,-105.0,-115.0,False,False,http://sports.core.api.espn.com/v2/sports/hockey/leagues/nhl/providers/45?lang=en&region=us,45,Caesars Sportsbook (New Jersey),0,False,True,110,-240.0,False,+1.5,+1.5,1.4,2/5,-250,1.4,2/5,-250,2.0,1/1,+100,2.0,1/1,+100,+1.5,+1.5,1.42,5/12,-240,1.42,5/12,-240,2.1,11/10,+110,2.1,11/10,+110,+1.5,+1.5,1.42,5/12,-240,1.42,5/12,-240,2.1,11/10,+110,2.1,11/10,+110,http://sports.core.api.espn.com/v2/sports/hockey/leagues/nhl/seasons/2024/teams/7?lang=en&region=us,True,False,-130,196.0,True,-1.5,-1.5,-1.5,-1.5,-1.5,-1.5,3.05,41/20,+205,3.05,41/20,+205,1.83,5/6,-120,1.83,5/6,-120,-1.5,-1.5,-1.5,-1.5,-1.5,-1.5,2.96,49/25,+196,2.96,49/25,+196,1.77,10/13,-130,1.77,10/13,-130,-1.5,-1.5,-1.5,-1.5,-1.5,-1.5,2.96,49/25,+196,2.96,49/25,+196,1.77,10/13,-130,1.77,10/13,-130,http://sports.core.api.espn.com/v2/sports/hockey/leagues/nhl/seasons/2024/teams/13?lang=en&region=us,1.91,10/11,-110,1.91,10/11,-110,1.91,10/11,-110,1.91,10/11,-110,6.0,6,6,6.0,6,6,1.95,20/21,-105,1.95,20/21,-105,1.87,20/23,-115,1.87,20/23,-115,6.0,6,6,6.0,6,6,1.95,20/21,-105,1.95,20/21,-105,1.87,20/23,-115,1.87,20/23,-115,6.0,6,6,6.0,6,6,
401559802,http://sports.core.api.espn.com/v2/sports/hockey/leagues/nhl/events/401559802/competitions/401559802/odds/57?lang=en&region=us,NYR -139,6.0,-1.5,-105.0,-115.0,False,False,http://sports.core.api.espn.com/v2/sports/hockey/leagues/nhl/providers/57?lang=en&region=us,57,Caesars Sportsbook (Tennessee),0,False,True,102,-240.0,False,+1.5,+1.5,1.4,2/5,-250,1.4,2/5,-250,1.94,50/53,-106,1.94,50/53,-106,+1.5,+1.5,1.42,5/12,-240,1.42,5/12,-240,2.02,51/50,+102,2.02,51/50,+102,+1.5,+1.5,1.42,5/12,-240,1.42,5/12,-240,2.02,51/50,+102,2.02,51/50,+102,http://sports.core.api.espn.com/v2/sports/hockey/leagues/nhl/seasons/2024/teams/7?lang=en&region=us,True,False,-139,196.0,True,-1.5,-1.5,-1.5,-1.5,-1.5,-1.5,3.05,41/20,+205,3.05,41/20,+205,1.78,100/129,-129,1.78,100/129,-129,-1.5,-1.5,-1.5,-1.5,-1.5,-1.5,2.96,49/25,+196,2.96,49/25,+196,1.72,100/139,-139,1.72,100/139,-139,-1.5,-1.5,-1.5,-1.5,-1.5,-1.5,2.96,49/25,+196,2.96,49/25,+196,1.72,100/139,-139,1.72,100/139,-139,http://sports.core.api.espn.com/v2/sports/hockey/leagues/nhl/seasons/2024/teams/13?lang=en&region=us,1.91,10/11,-110,1.91,10/11,-110,1.91,10/11,-110,1.91,10/11,-110,6.0,6,6,6.0,6,6,1.95,20/21,-105,1.95,20/21,-105,1.87,20/23,-115,1.87,20/23,-115,6.0,6,6,6.0,6,6,1.95,20/21,-105,1.95,20/21,-105,1.87,20/23,-115,1.87,20/23,-115,6.0,6,6,6.0,6,6,
401559802,http://sports.core.api.espn.com/v2/sports/hockey/leagues/nhl/events/401559802/competitions/401559802/odds/40?lang=en&region=us,NYR +115,,-1.5,,,False,False,http://sports.core.api.espn.com/v2/sports/hockey/leagues/nhl/providers/40?lang=en&region=us,40,DraftKings,0,False,True,155,-230.0,False,+1.5,+1.5,1.44,4/9,-225,1.44,4/9,-225,2.75,7/4,+175,2.75,7/4,+175,+1.5,+1.5,1.43,10/23,-230,1.43,10/23,-230,2.55,31/20,+155,2.55,31/20,+155,+1.5,+1.5,1.43,10/23,-230,1.43,10/23,-230,2.55,31/20,+155,2.55,31/20,+155,http://sports.core.api.espn.com/v2/sports/hockey/leagues/nhl/seasons/2024/teams/7?lang=en&region=us,True,False,115,190.0,True,-1.5,-1.5,-1.5,-1.5,-1.5,-1.5,2.85,37/20,+185,2.85,37/20,+185,2.05,21/20,+105,2.05,21/20,+105,-1.5,-1.5,-1.5,-1.5,-1.5,-1.5,2.9,19/10,+190,2.9,19/10,+190,2.15,23/20,+115,2.15,23/20,+115,-1.5,-1.5,-1.5,-1.5,-1.5,-1.5,2.9,19/10,+190,2.9,19/10,+190,2.15,23/20,+115,2.15,23/20,+115,http://sports.core.api.espn.com/v2/sports/hockey/leagues/nhl/seasons/2024/teams/13?lang=en&region=us,,,,,,,,,,,,,,,,,,,,,,,,,,,,,,,,,,,,,,,,,,,,,,,,,,,,,,,
401559802,http://sports.core.api.espn.com/v2/sports/hockey/leagues/nhl/events/401559802/competitions/401559802/odds/58?lang=en&region=us,NYR -130,5.5,-1.5,-135.0,115.0,False,False,http://sports.core.api.espn.com/v2/sports/hockey/leagues/nhl/providers/58?lang=en&region=us,58,ESPN BET,0,False,True,110,-275.0,False,+1.5,+1.5,1.4,2/5,-250,1.4,2/5,-250,2.1,11/10,+110,2.1,11/10,+110,+1.5,+1.5,1.36,4/11,-275,1.36,4/11,-275,2.1,11/10,+110,2.1,11/10,+110,+1.5,+1.5,1.36,4/11,-275,1.36,4/11,-275,2.1,11/10,+110,2.1,11/10,+110,http://sports.core.api.espn.com/v2/sports/hockey/leagues/nhl/seasons/2024/teams/7?lang=en&region=us,True,False,-130,200.0,True,,,-1.5,,,-1.5,2.85,37/20,+185,2.85,37/20,+185,1.77,10/13,-130,1.77,10/13,-130,,,-1.5,,,-1.5,3.0,2/1,+200,3.0,2/1,+200,1.77,10/13,-130,1.77,10/13,-130,,,-1.5,,,-1.5,3.0,2/1,+200,3.0,2/1,+200,1.77,10/13,-130,1.77,10/13,-130,http://sports.core.api.espn.com/v2/sports/hockey/leagues/nhl/seasons/2024/teams/13?lang=en&region=us,1.77,10/13,-130,1.77,10/13,-130,2.1,11/10,+110,2.1,11/10,+110,,,5.5,,,5.5,1.74,20/27,-135,1.74,20/27,-135,2.15,23/20,+115,2.15,23/20,+115,,,5.5,,,5.5,1.74,20/27,-135,1.74,20/27,-135,2.15,23/20,+115,2.15,23/20,+115,,,5.5,,,5.5,"[{'language': 'en-US', 'rel': ['home', 'desktop', 'bets', 'espn-bet'], 'href': 'https://espnbet.app.link?$canonical_url=/sport/hockey/organization/united-states/competition/nhl/event/67c26a4f-b3a8-4d58-a750-a15994cda3b2', 'text': 'Home Bet', 'shortText': 'Home Bet', 'isExternal': True, 'isPremium': False}, {'language': 'en-US', 'rel': ['away', 'desktop', 'bets', 'espn-bet'], 'href': 'https://espnbet.app.link?$canonical_url=/sport/hockey/organization/united-states/competition/nhl/event/67c26a4f-b3a8-4d58-a750-a15994cda3b2', 'text': 'Away Bet', 'shortText': 'Away Bet', 'isExternal': True, 'isPremium': False}, {'language': 'en-US', 'rel': ['homeSpread', 'desktop', 'bets'], 'href': 'https://espnbet.app.link?$canonical_url=/sport/hockey/organization/united-states/competition/nhl/event/67c26a4f-b3a8-4d58-a750-a15994cda3b2', 'text': 'Home Point Spread', 'shortText': 'Home Point Spread', 'isExternal': True, 'isPremium': False}, {'language': 'en-US', 'rel': ['awaySpread', 'desktop', 'bets'], 'href': 'https://espnbet.app.link?$canonical_url=/sport/hockey/organization/united-states/competition/nhl/event/67c26a4f-b3a8-4d58-a750-a15994cda3b2', 'text': 'Away Point Spread', 'shortText': 'Away Point Spread', 'isExternal': True, 'isPremium': False}, {'language': 'en-US', 'rel': ['over', 'desktop', 'bets'], 'href': 'https://espnbet.app.link?$canonical_url=/sport/hockey/organization/united-states/competition/nhl/event/67c26a4f-b3a8-4d58-a750-a15994cda3b2', 'text': 'Over Odds', 'shortText': 'Over Odds', 'isExternal': True, 'isPremium': False}, {'language': 'en-US', 'rel': ['under', 'desktop', 'bets'], 'href': 'https://espnbet.app.link?$canonical_url=/sport/hockey/organization/united-states/competition/nhl/event/67c26a4f-b3a8-4d58-a750-a15994cda3b2', 'text': 'Under Odds', 'shortText': 'Under Odds', 'isExternal': True, 'isPremium': False}, {'language': 'en-US', 'rel': ['game', 'desktop', 'bets'], 'href': 'https://espnbet.app.link?$canonical_url=/sport/hockey/organization/united-states/competition/nhl/event/67c26a4f-b3a8-4d58-a750-a15994cda3b2', 'text': 'Game', 'shortText': 'Game', 'isExternal': True, 'isPremium': False}]"
401559802,http://sports.core.api.espn.com/v2/sports/hockey/leagues/nhl/events/401559802/competitions/401559802/odds/47?lang=en&region=us,NYR -130,6.0,-1.5,-105.0,-115.0,False,False,http://sports.core.api.espn.com/v2/sports/hockey/leagues/nhl/providers/47?lang=en&region=us,47,MGM,0,False,True,110,-225.0,False,+1.5,+1.5,1.4,2/5,-250,1.4,2/5,-250,2.0,1/1,+100,2.0,1/1,+100,+1.5,+1.5,1.44,4/9,-225,1.44,4/9,-225,2.1,11/10,+110,2.1,11/10,+110,+1.5,+1.5,1.44,4/9,-225,1.44,4/9,-225,2.1,11/10,+110,2.1,11/10,+110,http://sports.core.api.espn.com/v2/sports/hockey/leagues/nhl/seasons/2024/teams/7?lang=en&region=us,True,False,-130,180.0,True,-1.5,-1.5,-1.5,-1.5,-1.5,-1.5,2.9,19/10,+190,2.9,19/10,+190,1.83,5/6,-120,1.83,5/6,-120,-1.5,-1.5,-1.5,-1.5,-1.5,-1.5,2.8,9/5,+180,2.8,9/5,+180,1.77,10/13,-130,1.77,10/13,-130,-1.5,-1.5,-1.5,-1.5,-1.5,-1.5,2.8,9/5,+180,2.8,9/5,+180,1.77,10/13,-130,1.77,10/13,-130,http://sports.core.api.espn.com/v2/sports/hockey/leagues/nhl/seasons/2024/teams/13?lang=en&region=us,1.95,20/21,-105,1.95,20/21,-105,1.87,20/23,-115,1.87,20/23,-115,6.0,6,6,6.0,6,6,1.95,20/21,-105,1.95,20/21,-105,1.87,20/23,-115,1.87,20/23,-115,6.0,6,6,6.0,6,6,1.95,20/21,-105,1.95,20/21,-105,1.87,20/23,-115,1.87,20/23,-115,6.0,6,6,6.0,6,6,
401559802,http://sports.core.api.espn.com/v2/sports/hockey/leagues/nhl/events/401559802/competitions/401559802/odds/41?lang=en&region=us,NYR +123,5.5,-1.5,-132.0,108.0,False,False,http://sports.core.api.espn.com/v2/sports/hockey/leagues/nhl/providers/41?lang=en&region=us,41,SugarHouse,0,False,True,170,-227.0,False,+1.5,+1.5,1.41,25/61,-244,1.41,25/61,-244,2.7,17/10,+170,2.7,17/10,+170,+1.5,+1.5,1.44,100/227,-227,1.44,100/227,-227,2.7,17/10,+170,2.7,17/10,+170,+1.5,+1.5,1.44,100/227,-227,1.44,100/227,-227,2.7,17/10,+170,2.7,17/10,+170,http://sports.core.api.espn.com/v2/sports/hockey/leagues/nhl/seasons/2024/teams/7?lang=en&region=us,True,False,123,185.0,True,-1.5,-1.5,-1.5,-1.5,-1.5,-1.5,2.95,39/20,+195,2.95,39/20,+195,2.23,123/100,+123,2.23,123/100,+123,-1.5,-1.5,-1.5,-1.5,-1.5,-1.5,2.85,37/20,+185,2.85,37/20,+185,2.23,123/100,+123,2.23,123/100,+123,-1.5,-1.5,-1.5,-1.5,-1.5,-1.5,2.85,37/20,+185,2.85,37/20,+185,2.23,123/100,+123,2.23,123/100,+123,http://sports.core.api.espn.com/v2/sports/hockey/leagues/nhl/seasons/2024/teams/13?lang=en&region=us,1.77,10/13,-130,1.77,10/13,-130,2.08,27/25,+108,2.08,27/25,+108,5.5,5.5,5.5,5.5,5.5,5.5,1.76,25/33,-132,1.76,25/33,-132,2.08,27/25,+108,2.08,27/25,+108,5.5,5.5,5.5,5.5,5.5,5.5,1.76,25/33,-132,1.76,25/33,-132,2.08,27/25,+108,2.08,27/25,+108,5.5,5.5,5.5,5.5,5.5,5.5,
401559802,http://sports.core.api.espn.com/v2/sports/hockey/leagues/nhl/events/401559802/competitions/401559802/odds/53?lang=en&region=us,NYR +115,5.5,-1.5,-138.0,100.0,False,False,http://sports.core.api.espn.com/v2/sports/hockey/leagues/nhl/providers/53?lang=en&region=us,53,Titanbets,0,False,True,165,-250.0,False,+1.5,+1.5,1.42,50/119,-238,1.42,50/119,-238,2.5,3/2,+150,2.5,3/2,+150,+1.5,+1.5,1.4,2/5,-250,1.4,2/5,-250,2.65,33/20,+165,2.65,33/20,+165,+1.5,+1.5,1.4,2/5,-250,1.4,2/5,-250,2.65,33/20,+165,2.65,33/20,+165,http://sports.core.api.espn.com/v2/sports/hockey/leagues/nhl/seasons/2024/teams/7?lang=en&region=us,True,False,115,195.0,True,-1.5,-1.5,-1.5,-1.5,-1.5,-1.5,2.9,19/10,+190,2.9,19/10,+190,2.25,5/4,+125,2.25,5/4,+125,-1.5,-1.5,-1.5,-1.5,-1.5,-1.5,2.95,39/20,+195,2.95,39/20,+195,2.15,23/20,+115,2.15,23/20,+115,-1.5,-1.5,-1.5,-1.5,-1.5,-1.5,2.95,39/20,+195,2.95,39/20,+195,2.15,23/20,+115,2.15,23/20,+115,http://sports.core.api.espn.com/v2/sports/hockey/leagues/nhl/seasons/2024/teams/13?lang=en&region=us,1.7,100/143,-143,1.7,100/143,-143,2.05,21/20,+105,2.05,21/20,+105,5.5,5.5,5.5,5.5,5.5,5.5,1.72,50/69,-138,1.72,50/69,-138,2.0,1/1,+100,2.0,1/1,+100,5.5,5.5,5.5,5.5,5.5,5.5,1.72,50/69,-138,1.72,50/69,-138,2.0,1/1,+100,2.0,1/1,+100,5.5,5.5,5.5,5.5,5.5,5.5,
401559802,http://sports.core.api.espn.com/v2/sports/hockey/leagues/nhl/events/401559802/competitions/401559802/odds/36?lang=en&region=us,NYR +123,5.5,-1.5,-132.0,108.0,False,False,http://sports.core.api.espn.com/v2/sports/hockey/leagues/nhl/providers/36?lang=en&region=us,36,Unibet,0,False,True,170,-230.0,False,+1.5,+1.5,1.41,20/49,-245,1.41,20/49,-245,2.7,17/10,+170,2.7,17/10,+170,+1.5,+1.5,1.43,10/23,-230,1.43,10/23,-230,2.7,17/10,+170,2.7,17/10,+170,+1.5,+1.5,1.43,10/23,-230,1.43,10/23,-230,2.7,17/10,+170,2.7,17/10,+170,http://sports.core.api.espn.com/v2/sports/hockey/leagues/nhl/seasons/2024/teams/7?lang=en&region=us,True,False,123,185.0,True,-1.5,-1.5,-1.5,-1.5,-1.5,-1.5,2.95,39/20,+195,2.95,39/20,+195,2.23,123/100,+123,2.23,123/100,+123,-1.5,-1.5,-1.5,-1.5,-1.5,-1.5,2.85,37/20,+185,2.85,37/20,+185,2.23,123/100,+123,2.23,123/100,+123,-1.5,-1.5,-1.5,-1.5,-1.5,-1.5,2.85,37/20,+185,2.85,37/20,+185,2.23,123/100,+123,2.23,123/100,+123,http://sports.core.api.espn.com/v2/sports/hockey/leagues/nhl/seasons/2024/teams/13?lang=en&region=us,1.14,50/357,-714,1.14,50/357,-714,5.6,23/5,+460,5.6,23/5,+460,3.5,3.5,3.5,3.5,3.5,3.5,1.76,25/33,-132,1.76,25/33,-132,2.08,27/25,+108,2.08,27/25,+108,5.5,5.5,5.5,5.5,5.5,5.5,1.76,25/33,-132,1.76,25/33,-132,2.08,27/25,+108,2.08,27/25,+108,5.5,5.5,5.5,5.5,5.5,5.5,
401559803,http://sports.core.api.espn.com/v2/sports/hockey/leagues/nhl/events/401559803/competitions/401559803/odds/1001?lang=en&region=us,PIT -105,6.0,-1.5,-105.0,-115.0,False,False,http://sports.core.api.espn.com/v2/sports/hockey/leagues/nhl/providers/1001?lang=en&region=us,1001,Bet365,0,False,True,230,-165.0,False,+1.5,+1.5,1.56,5/9,-180,1.56,5/9,-180,3.1,21/10,+210,3.1,21/10,+210,+1.5,+1.5,1.61,20/33,-165,1.61,20/33,-165,3.3,23/10,+230,3.3,23/10,+230,+1.5,+1.5,1.61,20/33,-165,1.61,20/33,-165,3.3,23/10,+230,3.3,23/10,+230,http://sports.core.api.espn.com/v2/sports/hockey/leagues/nhl/seasons/2024/teams/23?lang=en&region=us,True,False,-105,140.0,True,-1.5,-1.5,-1.5,-1.5,-1.5,-1.5,2.5,3/2,+150,2.5,3/2,+150,2.0,1/1,+100,2.0,1/1,+100,-1.5,-1.5,-1.5,-1.5,-1.5,-1.5,2.4,7/5,+140,2.4,7/5,+140,1.95,20/21,-105,1.95,20/21,-105,-1.5,-1.5,-1.5,-1.5,-1.5,-1.5,2.4,7/5,+140,2.4,7/5,+140,1.95,20/21,-105,1.95,20/21,-105,http://sports.core.api.espn.com/v2/sports/hockey/leagues/nhl/seasons/2024/teams/16?lang=en&region=us,1.91,10/11,-110,1.91,10/11,-110,1.91,10/11,-110,1.91,10/11,-110,6.0,6,6,6.0,6,6,1.95,20/21,-105,1.95,20/21,-105,1.87,20/23,-115,1.87,20/23,-115,6.0,6,6,6.0,6,6,1.95,20/21,-105,1.95,20/21,-105,1.87,20/23,-115,1.87,20/23,-115,6.0,6,6,6.0,6,6,
401559803,http://sports.core.api.espn.com/v2/sports/hockey/leagues/nhl/events/401559803/competitions/401559803/odds/50?lang=en&region=us,PIT -185,5.5,-1.5,-130.0,110.0,False,False,http://sports.core.api.espn.com/v2/sports/hockey/leagues/nhl/providers/50?lang=en&region=us,50,BetfairSportsbook,0,False,True,155,-165.0,False,+1.5,+1.5,1.59,10/17,-170,1.59,10/17,-170,2.43,143/100,+143,2.43,143/100,+143,+1.5,+1.5,1.61,20/33,-165,1.61,20/33,-165,2.55,31/20,+155,2.55,31/20,+155,+1.5,+1.5,1.61,20/33,-165,1.61,20/33,-165,2.55,31/20,+155,2.55,31/20,+155,http://sports.core.api.espn.com/v2/sports/hockey/leagues/nhl/seasons/2024/teams/23?lang=en&region=us,True,False,-185,140.0,True,-1.5,-1.5,-1.5,-1.5,-1.5,-1.5,2.43,143/100,+143,2.43,143/100,+143,1.59,10/17,-170,1.59,10/17,-170,-1.5,-1.5,-1.5,-1.5,-1.5,-1.5,2.4,7/5,+140,2.4,7/5,+140,1.54,20/37,-185,1.54,20/37,-185,-1.5,-1.5,-1.5,-1.5,-1.5,-1.5,2.4,7/5,+140,2.4,7/5,+140,1.54,20/37,-185,1.54,20/37,-185,http://sports.core.api.espn.com/v2/sports/hockey/leagues/nhl/seasons/2024/teams/16?lang=en&region=us,1.91,10/11,-110,1.91,10/11,-110,1.91,10/11,-110,1.91,10/11,-110,6.5,6.5,6.5,6.5,6.5,6.5,1.77,10/13,-130,1.77,10/13,-130,2.1,11/10,+110,2.1,11/10,+110,5.5,5.5,5.5,5.5,5.5,5.5,1.77,10/13,-130,1.77,10/13,-130,2.1,11/10,+110,2.1,11/10,+110,5.5,5.5,5.5,5.5,5.5,5.5,
401559803,http://sports.core.api.espn.com/v2/sports/hockey/leagues/nhl/events/401559803/competitions/401559803/odds/52?lang=en&region=us,PIT -190,6.0,-1.5,-105.0,-115.0,False,False,http://sports.core.api.espn.com/v2/sports/hockey/leagues/nhl/providers/52?lang=en&region=us,52,Caesars Sportsbook (Colorado),0,False,True,158,-165.0,False,+1.5,+1.5,1.59,10/17,-170,1.59,10/17,-170,2.43,143/100,+143,2.43,143/100,+143,+1.5,+1.5,1.61,20/33,-165,1.61,20/33,-165,2.58,79/50,+158,2.58,79/50,+158,+1.5,+1.5,1.61,20/33,-165,1.61,20/33,-165,2.58,79/50,+158,2.58,79/50,+158,http://sports.core.api.espn.com/v2/sports/hockey/leagues/nhl/seasons/2024/teams/23?lang=en&region=us,True,False,-190,140.0,True,-1.5,-1.5,-1.5,-1.5,-1.5,-1.5,2.43,143/100,+143,2.43,143/100,+143,1.59,10/17,-170,1.59,10/17,-170,-1.5,-1.5,-1.5,-1.5,-1.5,-1.5,2.4,7/5,+140,2.4,7/5,+140,1.53,10/19,-190,1.53,10/19,-190,-1.5,-1.5,-1.5,-1.5,-1.5,-1.5,2.4,7/5,+140,2.4,7/5,+140,1.53,10/19,-190,1.53,10/19,-190,http://sports.core.api.espn.com/v2/sports/hockey/leagues/nhl/seasons/2024/teams/16?lang=en&region=us,1.91,10/11,-110,1.91,10/11,-110,1.91,10/11,-110,1.91,10/11,-110,6.0,6,6,6.0,6,6,1.95,20/21,-105,1.95,20/21,-105,1.87,20/23,-115,1.87,20/23,-115,6.0,6,6,6.0,6,6,1.95,20/21,-105,1.95,20/21,-105,1.87,20/23,-115,1.87,20/23,-115,6.0,6,6,6.0,6,6,
401559803,http://sports.core.api.espn.com/v2/sports/hockey/leagues/nhl/events/401559803/competitions/401559803/odds/45?lang=en&region=us,PIT -190,6.0,-1.5,-105.0,-115.0,False,False,http://sports.core.api.espn.com/v2/sports/hockey/leagues/nhl/providers/45?lang=en&region=us,45,Caesars Sportsbook (New Jersey),0,False,True,158,-165.0,False,+1.5,+1.5,1.59,10/17,-170,1.59,10/17,-170,2.43,143/100,+143,2.43,143/100,+143,+1.5,+1.5,1.61,20/33,-165,1.61,20/33,-165,2.58,79/50,+158,2.58,79/50,+158,+1.5,+1.5,1.61,20/33,-165,1.61,20/33,-165,2.58,79/50,+158,2.58,79/50,+158,http://sports.core.api.espn.com/v2/sports/hockey/leagues/nhl/seasons/2024/teams/23?lang=en&region=us,True,False,-190,140.0,True,-1.5,-1.5,-1.5,-1.5,-1.5,-1.5,2.43,143/100,+143,2.43,143/100,+143,1.59,10/17,-170,1.59,10/17,-170,-1.5,-1.5,-1.5,-1.5,-1.5,-1.5,2.4,7/5,+140,2.4,7/5,+140,1.53,10/19,-190,1.53,10/19,-190,-1.5,-1.5,-1.5,-1.5,-1.5,-1.5,2.4,7/5,+140,2.4,7/5,+140,1.53,10/19,-190,1.53,10/19,-190,http://sports.core.api.espn.com/v2/sports/hockey/leagues/nhl/seasons/2024/teams/16?lang=en&region=us,1.91,10/11,-110,1.91,10/11,-110,1.91,10/11,-110,1.91,10/11,-110,6.0,6,6,6.0,6,6,1.95,20/21,-105,1.95,20/21,-105,1.87,20/23,-115,1.87,20/23,-115,6.0,6,6,6.0,6,6,1.95,20/21,-105,1.95,20/21,-105,1.87,20/23,-115,1.87,20/23,-115,6.0,6,6,6.0,6,6,
401559803,http://sports.core.api.espn.com/v2/sports/hockey/leagues/nhl/events/401559803/competitions/401559803/odds/57?lang=en&region=us,PIT -199,6.0,-1.5,-105.0,-115.0,False,False,http://sports.core.api.espn.com/v2/sports/hockey/leagues/nhl/providers/57?lang=en&region=us,57,Caesars Sportsbook (Tennessee),0,False,True,143,-165.0,False,+1.5,+1.5,1.59,10/17,-170,1.59,10/17,-170,2.36,34/25,+136,2.36,34/25,+136,+1.5,+1.5,1.61,20/33,-165,1.61,20/33,-165,2.43,143/100,+143,2.43,143/100,+143,+1.5,+1.5,1.61,20/33,-165,1.61,20/33,-165,2.43,143/100,+143,2.43,143/100,+143,http://sports.core.api.espn.com/v2/sports/hockey/leagues/nhl/seasons/2024/teams/23?lang=en&region=us,True,False,-199,140.0,True,-1.5,-1.5,-1.5,-1.5,-1.5,-1.5,2.43,143/100,+143,2.43,143/100,+143,1.53,100/189,-189,1.53,100/189,-189,-1.5,-1.5,-1.5,-1.5,-1.5,-1.5,2.4,7/5,+140,2.4,7/5,+140,1.5,100/199,-199,1.5,100/199,-199,-1.5,-1.5,-1.5,-1.5,-1.5,-1.5,2.4,7/5,+140,2.4,7/5,+140,1.5,100/199,-199,1.5,100/199,-199,http://sports.core.api.espn.com/v2/sports/hockey/leagues/nhl/seasons/2024/teams/16?lang=en&region=us,1.91,10/11,-110,1.91,10/11,-110,1.91,10/11,-110,1.91,10/11,-110,6.0,6,6,6.0,6,6,1.95,20/21,-105,1.95,20/21,-105,1.87,20/23,-115,1.87,20/23,-115,6.0,6,6,6.0,6,6,1.95,20/21,-105,1.95,20/21,-105,1.87,20/23,-115,1.87,20/23,-115,6.0,6,6,6.0,6,6,
401559803,http://sports.core.api.espn.com/v2/sports/hockey/leagues/nhl/events/401559803/competitions/401559803/odds/40?lang=en&region=us,PIT -125,,-1.5,,,False,False,http://sports.core.api.espn.com/v2/sports/hockey/leagues/nhl/providers/40?lang=en&region=us,40,DraftKings,0,False,True,225,-166.0,False,,,,,,,,,3.1,21/10,+210,3.1,21/10,+210,+1.5,+1.5,1.6,50/83,-166,1.6,50/83,-166,3.25,9/4,+225,3.25,9/4,+225,+1.5,+1.5,1.6,50/83,-166,1.6,50/83,-166,3.25,9/4,+225,3.25,9/4,+225,http://sports.core.api.espn.com/v2/sports/hockey/leagues/nhl/seasons/2024/teams/23?lang=en&region=us,True,False,-125,140.0,False,,,,,,,,,,,,,1.87,20/23,-115,1.87,20/23,-115,-1.5,-1.5,-1.5,-1.5,-1.5,-1.5,2.4,7/5,+140,2.4,7/5,+140,1.8,4/5,-125,1.8,4/5,-125,-1.5,-1.5,-1.5,-1.5,-1.5,-1.5,2.4,7/5,+140,2.4,7/5,+140,1.8,4/5,-125,1.8,4/5,-125,http://sports.core.api.espn.com/v2/sports/hockey/leagues/nhl/seasons/2024/teams/16?lang=en&region=us,,,,,,,,,,,,,,,,,,,,,,,,,,,,,,,,,,,,,,,,,,,,,,,,,,,,,,,
401559803,http://sports.core.api.espn.com/v2/sports/hockey/leagues/nhl/events/401559803/competitions/401559803/odds/58?lang=en&region=us,PIT -185,5.5,-1.5,-130.0,110.0,False,False,http://sports.core.api.espn.com/v2/sports/hockey/leagues/nhl/providers/58?lang=en&region=us,58,ESPN BET,0,False,True,155,-175.0,False,+1.5,+1.5,1.57,4/7,-175,1.57,4/7,-175,2.4,7/5,+140,2.4,7/5,+140,+1.5,+1.5,1.57,4/7,-175,1.57,4/7,-175,2.55,31/20,+155,2.55,31/20,+155,+1.5,+1.5,1.57,4/7,-175,1.57,4/7,-175,2.55,31/20,+155,2.55,31/20,+155,http://sports.core.api.espn.com/v2/sports/hockey/leagues/nhl/seasons/2024/teams/23?lang=en&region=us,True,False,-185,145.0,True,,,-1.5,,,-1.5,2.45,29/20,+145,2.45,29/20,+145,1.61,20/33,-165,1.61,20/33,-165,,,-1.5,,,-1.5,2.45,29/20,+145,2.45,29/20,+145,1.54,20/37,-185,1.54,20/37,-185,,,-1.5,,,-1.5,2.45,29/20,+145,2.45,29/20,+145,1.54,20/37,-185,1.54,20/37,-185,http://sports.core.api.espn.com/v2/sports/hockey/leagues/nhl/seasons/2024/teams/16?lang=en&region=us,2.15,23/20,+115,2.15,23/20,+115,1.74,20/27,-135,1.74,20/27,-135,,,6.5,,,6.5,1.77,10/13,-130,1.77,10/13,-130,2.1,11/10,+110,2.1,11/10,+110,,,5.5,,,5.5,1.77,10/13,-130,1.77,10/13,-130,2.1,11/10,+110,2.1,11/10,+110,,,5.5,,,5.5,"[{'language': 'en-US', 'rel': ['home', 'desktop', 'bets', 'espn-bet'], 'href': 'https://espnbet.app.link?$canonical_url=/sport/hockey/organization/united-states/competition/nhl/event/c3dbd644-f26a-47c4-aa67-332ba3230a71', 'text': 'Home Bet', 'shortText': 'Home Bet', 'isExternal': True, 'isPremium': False}, {'language': 'en-US', 'rel': ['away', 'desktop', 'bets', 'espn-bet'], 'href': 'https://espnbet.app.link?$canonical_url=/sport/hockey/organization/united-states/competition/nhl/event/c3dbd644-f26a-47c4-aa67-332ba3230a71', 'text': 'Away Bet', 'shortText': 'Away Bet', 'isExternal': True, 'isPremium': False}, {'language': 'en-US', 'rel': ['homeSpread', 'desktop', 'bets'], 'href': 'https://espnbet.app.link?$canonical_url=/sport/hockey/organization/united-states/competition/nhl/event/c3dbd644-f26a-47c4-aa67-332ba3230a71', 'text': 'Home Point Spread', 'shortText': 'Home Point Spread', 'isExternal': True, 'isPremium': False}, {'language': 'en-US', 'rel': ['awaySpread', 'desktop', 'bets'], 'href': 'https://espnbet.app.link?$canonical_url=/sport/hockey/organization/united-states/competition/nhl/event/c3dbd644-f26a-47c4-aa67-332ba3230a71', 'text': 'Away Point Spread', 'shortText': 'Away Point Spread', 'isExternal': True, 'isPremium': False}, {'language': 'en-US', 'rel': ['over', 'desktop', 'bets'], 'href': 'https://espnbet.app.link?$canonical_url=/sport/hockey/organization/united-states/competition/nhl/event/c3dbd644-f26a-47c4-aa67-332ba3230a71', 'text': 'Over Odds', 'shortText': 'Over Odds', 'isExternal': True, 'isPremium': False}, {'language': 'en-US', 'rel': ['under', 'desktop', 'bets'], 'href': 'https://espnbet.app.link?$canonical_url=/sport/hockey/organization/united-states/competition/nhl/event/c3dbd644-f26a-47c4-aa67-332ba3230a71', 'text': 'Under Odds', 'shortText': 'Under Odds', 'isExternal': True, 'isPremium': False}, {'language': 'en-US', 'rel': ['game', 'desktop', 'bets'], 'href': 'https://espnbet.app.link?$canonical_url=/sport/hockey/organization/united-states/competition/nhl/event/c3dbd644-f26a-47c4-aa67-332ba3230a71', 'text': 'Game', 'shortText': 'Game', 'isExternal': True, 'isPremium': False}]"
401559803,http://sports.core.api.espn.com/v2/sports/hockey/leagues/nhl/events/401559803/competitions/401559803/odds/47?lang=en&region=us,PIT -185,6.0,-1.5,100.0,-120.0,False,False,http://sports.core.api.espn.com/v2/sports/hockey/leagues/nhl/providers/47?lang=en&region=us,47,MGM,0,False,True,150,-175.0,False,+1.5,+1.5,1.61,20/33,-165,1.61,20/33,-165,2.45,29/20,+145,2.45,29/20,+145,+1.5,+1.5,1.57,4/7,-175,1.57,4/7,-175,2.5,3/2,+150,2.5,3/2,+150,+1.5,+1.5,1.57,4/7,-175,1.57,4/7,-175,2.5,3/2,+150,2.5,3/2,+150,http://sports.core.api.espn.com/v2/sports/hockey/leagues/nhl/seasons/2024/teams/23?lang=en&region=us,True,False,-185,145.0,True,-1.5,-1.5,-1.5,-1.5,-1.5,-1.5,2.35,27/20,+135,2.35,27/20,+135,1.57,4/7,-175,1.57,4/7,-175,-1.5,-1.5,-1.5,-1.5,-1.5,-1.5,2.45,29/20,+145,2.45,29/20,+145,1.54,20/37,-185,1.54,20/37,-185,-1.5,-1.5,-1.5,-1.5,-1.5,-1.5,2.45,29/20,+145,2.45,29/20,+145,1.54,20/37,-185,1.54,20/37,-185,http://sports.core.api.espn.com/v2/sports/hockey/leagues/nhl/seasons/2024/teams/16?lang=en&region=us,1.91,10/11,-110,1.91,10/11,-110,1.91,10/11,-110,1.91,10/11,-110,6.0,6,6,6.0,6,6,2.0,1/1,+100,2.0,1/1,+100,1.83,5/6,-120,1.83,5/6,-120,6.0,6,6,6.0,6,6,2.0,1/1,+100,2.0,1/1,+100,1.83,5/6,-120,1.83,5/6,-120,6.0,6,6,6.0,6,6,
401559803,http://sports.core.api.espn.com/v2/sports/hockey/leagues/nhl/events/401559803/competitions/401559803/odds/41?lang=en&region=us,PIT -182,5.5,-1.5,-130.0,108.0,False,False,http://sports.core.api.espn.com/v2/sports/hockey/leagues/nhl/providers/41?lang=en&region=us,41,SugarHouse,0,False,True,150,-164.0,False,+1.5,+1.5,1.58,25/43,-172,1.58,25/43,-172,2.5,3/2,+150,2.5,3/2,+150,+1.5,+1.5,1.61,25/41,-164,1.61,25/41,-164,2.5,3/2,+150,2.5,3/2,+150,+1.5,+1.5,1.61,25/41,-164,1.61,25/41,-164,2.5,3/2,+150,2.5,3/2,+150,http://sports.core.api.espn.com/v2/sports/hockey/leagues/nhl/seasons/2024/teams/23?lang=en&region=us,True,False,-182,135.0,True,-1.5,-1.5,-1.5,-1.5,-1.5,-1.5,2.43,143/100,+143,2.43,143/100,+143,1.54,20/37,-185,1.54,20/37,-185,-1.5,-1.5,-1.5,-1.5,-1.5,-1.5,2.35,27/20,+135,2.35,27/20,+135,1.55,50/91,-182,1.55,50/91,-182,-1.5,-1.5,-1.5,-1.5,-1.5,-1.5,2.35,27/20,+135,2.35,27/20,+135,1.55,50/91,-182,1.55,50/91,-182,http://sports.core.api.espn.com/v2/sports/hockey/leagues/nhl/seasons/2024/teams/16?lang=en&region=us,1.77,10/13,-130,1.77,10/13,-130,2.08,27/25,+108,2.08,27/25,+108,5.5,5.5,5.5,5.5,5.5,5.5,1.77,10/13,-130,1.77,10/13,-130,2.08,27/25,+108,2.08,27/25,+108,5.5,5.5,5.5,5.5,5.5,5.5,1.77,10/13,-130,1.77,10/13,-130,2.08,27/25,+108,2.08,27/25,+108,5.5,5.5,5.5,5.5,5.5,5.5,
401559803,http://sports.core.api.espn.com/v2/sports/hockey/leagues/nhl/events/401559803/competitions/401559803/odds/53?lang=en&region=us,PIT -118,5.5,-1.5,-138.0,100.0,False,False,http://sports.core.api.espn.com/v2/sports/hockey/leagues/nhl/providers/53?lang=en&region=us,53,Titanbets,0,False,True,225,-167.0,False,+1.5,+1.5,1.57,4/7,-175,1.57,4/7,-175,3.1,21/10,+210,3.1,21/10,+210,+1.5,+1.5,1.6,100/167,-167,1.6,100/167,-167,3.25,9/4,+225,3.25,9/4,+225,+1.5,+1.5,1.6,100/167,-167,1.6,100/167,-167,3.25,9/4,+225,3.25,9/4,+225,http://sports.core.api.espn.com/v2/sports/hockey/leagues/nhl/seasons/2024/teams/23?lang=en&region=us,True,False,-118,138.0,True,-1.5,-1.5,-1.5,-1.5,-1.5,-1.5,2.4,7/5,+140,2.4,7/5,+140,1.91,10/11,-110,1.91,10/11,-110,-1.5,-1.5,-1.5,-1.5,-1.5,-1.5,2.38,69/50,+138,2.38,69/50,+138,1.85,50/59,-118,1.85,50/59,-118,-1.5,-1.5,-1.5,-1.5,-1.5,-1.5,2.38,69/50,+138,2.38,69/50,+138,1.85,50/59,-118,1.85,50/59,-118,http://sports.core.api.espn.com/v2/sports/hockey/leagues/nhl/seasons/2024/teams/16?lang=en&region=us,1.7,100/143,-143,1.7,100/143,-143,2.05,21/20,+105,2.05,21/20,+105,5.5,5.5,5.5,5.5,5.5,5.5,1.72,50/69,-138,1.72,50/69,-138,2.0,1/1,+100,2.0,1/1,+100,5.5,5.5,5.5,5.5,5.5,5.5,1.72,50/69,-138,1.72,50/69,-138,2.0,1/1,+100,2.0,1/1,+100,5.5,5.5,5.5,5.5,5.5,5.5,
401559803,http://sports.core.api.espn.com/v2/sports/hockey/leagues/nhl/events/401559803/competitions/401559803/odds/36?lang=en&region=us,PIT -113,5.5,-1.5,-130.0,108.0,False,False,http://sports.core.api.espn.com/v2/sports/hockey/leagues/nhl/providers/36?lang=en&region=us,36,Unibet,0,False,True,240,-165.0,False,+1.5,+1.5,1.57,4/7,-175,1.57,4/7,-175,3.4,12/5,+240,3.4,12/5,+240,+1.5,+1.5,1.61,20/33,-165,1.61,20/33,-165,3.4,12/5,+240,3.4,12/5,+240,+1.5,+1.5,1.61,20/33,-165,1.61,20/33,-165,3.4,12/5,+240,3.4,12/5,+240,http://sports.core.api.espn.com/v2/sports/hockey/leagues/nhl/seasons/2024/teams/23?lang=en&region=us,True,False,-113,135.0,True,-1.5,-1.5,-1.5,-1.5,-1.5,-1.5,2.43,143/100,+143,2.43,143/100,+143,1.88,100/113,-113,1.88,100/113,-113,-1.5,-1.5,-1.5,-1.5,-1.5,-1.5,2.35,27/20,+135,2.35,27/20,+135,1.88,100/113,-113,1.88,100/113,-113,-1.5,-1.5,-1.5,-1.5,-1.5,-1.5,2.35,27/20,+135,2.35,27/20,+135,1.88,100/113,-113,1.88,100/113,-113,http://sports.core.api.espn.com/v2/sports/hockey/leagues/nhl/seasons/2024/teams/16?lang=en&region=us,1.77,10/13,-130,1.77,10/13,-130,2.08,27/25,+108,2.08,27/25,+108,5.5,5.5,5.5,5.5,5.5,5.5,1.77,10/13,-130,1.77,10/13,-130,2.08,27/25,+108,2.08,27/25,+108,5.5,5.5,5.5,5.5,5.5,5.5,1.77,10/13,-130,1.77,10/13,-130,2.08,27/25,+108,2.08,27/25,+108,5.5,5.5,5.5,5.5,5.5,5.5,
401559804,http://sports.core.api.espn.com/v2/sports/hockey/leagues/nhl/events/401559804/competitions/401559804/odds/1001?lang=en&region=us,BOS -140,6.5,1.5,-105.0,-115.0,False,False,http://sports.core.api.espn.com/v2/sports/hockey/leagues/nhl/providers/1001?lang=en&region=us,1001,Bet365,0,True,False,-140,105.0,True,-1.5,-1.5,2.05,21/20,+105,2.05,21/20,+105,1.71,5/7,-140,1.71,5/7,-140,-1.5,-1.5,2.05,21/20,+105,2.05,21/20,+105,1.71,5/7,-140,1.71,5/7,-140,-1.5,-1.5,2.05,21/20,+105,2.05,21/20,+105,1.71,5/7,-140,1.71,5/7,-140,http://sports.core.api.espn.com/v2/sports/hockey/leagues/nhl/seasons/2024/teams/1?lang=en&region=us,False,True,300,-125.0,False,1.5,1.5,+1.5,1.5,1.5,+1.5,1.8,4/5,-125,1.8,4/5,-125,4.0,3/1,+300,4.0,3/1,+300,1.5,1.5,+1.5,1.5,1.5,+1.5,1.8,4/5,-125,1.8,4/5,-125,4.0,3/1,+300,4.0,3/1,+300,1.5,1.5,+1.5,1.5,1.5,+1.5,1.8,4/5,-125,1.8,4/5,-125,4.0,3/1,+300,4.0,3/1,+300,http://sports.core.api.espn.com/v2/sports/hockey/leagues/nhl/seasons/2024/teams/29?lang=en&region=us,2.0,1/1,+100,2.0,1/1,+100,1.83,5/6,-120,1.83,5/6,-120,6.5,6.5,6.5,6.5,6.5,6.5,1.95,20/21,-105,1.95,20/21,-105,1.87,20/23,-115,1.87,20/23,-115,6.5,6.5,6.5,6.5,6.5,6.5,1.95,20/21,-105,1.95,20/21,-105,1.87,20/23,-115,1.87,20/23,-115,6.5,6.5,6.5,6.5,6.5,6.5,
401559804,http://sports.core.api.espn.com/v2/sports/hockey/leagues/nhl/events/401559804/competitions/401559804/odds/50?lang=en&region=us,BOS -230,6.5,1.5,-110.0,-110.0,False,False,http://sports.core.api.espn.com/v2/sports/hockey/leagues/nhl/providers/50?lang=en&region=us,50,BetfairSportsbook,0,True,False,-230,105.0,True,-1.5,-1.5,2.05,21/20,+105,2.05,21/20,+105,1.42,5/12,-240,1.42,5/12,-240,-1.5,-1.5,2.05,21/20,+105,2.05,21/20,+105,1.43,10/23,-230,1.43,10/23,-230,-1.5,-1.5,2.05,21/20,+105,2.05,21/20,+105,1.43,10/23,-230,1.43,10/23,-230,http://sports.core.api.espn.com/v2/sports/hockey/leagues/nhl/seasons/2024/teams/1?lang=en&region=us,False,True,190,-125.0,False,1.5,1.5,+1.5,1.5,1.5,+1.5,1.83,5/6,-120,1.83,5/6,-120,3.0,2/1,+200,3.0,2/1,+200,1.5,1.5,+1.5,1.5,1.5,+1.5,1.8,4/5,-125,1.8,4/5,-125,2.9,19/10,+190,2.9,19/10,+190,1.5,1.5,+1.5,1.5,1.5,+1.5,1.8,4/5,-125,1.8,4/5,-125,2.9,19/10,+190,2.9,19/10,+190,http://sports.core.api.espn.com/v2/sports/hockey/leagues/nhl/seasons/2024/teams/29?lang=en&region=us,1.87,20/23,-115,1.87,20/23,-115,1.95,20/21,-105,1.95,20/21,-105,6.5,6.5,6.5,6.5,6.5,6.5,1.91,10/11,-110,1.91,10/11,-110,1.91,10/11,-110,1.91,10/11,-110,6.5,6.5,6.5,6.5,6.5,6.5,1.91,10/11,-110,1.91,10/11,-110,1.91,10/11,-110,1.91,10/11,-110,6.5,6.5,6.5,6.5,6.5,6.5,
401559804,http://sports.core.api.espn.com/v2/sports/hockey/leagues/nhl/events/401559804/competitions/401559804/odds/52?lang=en&region=us,BOS -235,6.5,1.5,-105.0,-115.0,False,False,http://sports.core.api.espn.com/v2/sports/hockey/leagues/nhl/providers/52?lang=en&region=us,52,Caesars Sportsbook (Colorado),0,True,False,-235,110.0,True,-1.5,-1.5,2.05,21/20,+105,2.05,21/20,+105,1.43,20/47,-235,1.43,20/47,-235,-1.5,-1.5,2.1,11/10,+110,2.1,11/10,+110,1.43,20/47,-235,1.43,20/47,-235,-1.5,-1.5,2.1,11/10,+110,2.1,11/10,+110,1.43,20/47,-235,1.43,20/47,-235,http://sports.core.api.espn.com/v2/sports/hockey/leagues/nhl/seasons/2024/teams/1?lang=en&region=us,False,True,192,-130.0,False,1.5,1.5,+1.5,1.5,1.5,+1.5,1.8,4/5,-125,1.8,4/5,-125,2.92,48/25,+192,2.92,48/25,+192,1.5,1.5,+1.5,1.5,1.5,+1.5,1.77,10/13,-130,1.77,10/13,-130,2.92,48/25,+192,2.92,48/25,+192,1.5,1.5,+1.5,1.5,1.5,+1.5,1.77,10/13,-130,1.77,10/13,-130,2.92,48/25,+192,2.92,48/25,+192,http://sports.core.api.espn.com/v2/sports/hockey/leagues/nhl/seasons/2024/teams/29?lang=en&region=us,2.0,1/1,+100,2.0,1/1,+100,1.83,5/6,-120,1.83,5/6,-120,6.5,6.5,6.5,6.5,6.5,6.5,1.95,20/21,-105,1.95,20/21,-105,1.87,20/23,-115,1.87,20/23,-115,6.5,6.5,6.5,6.5,6.5,6.5,1.95,20/21,-105,1.95,20/21,-105,1.87,20/23,-115,1.87,20/23,-115,6.5,6.5,6.5,6.5,6.5,6.5,
401559804,http://sports.core.api.espn.com/v2/sports/hockey/leagues/nhl/events/401559804/competitions/401559804/odds/45?lang=en&region=us,BOS -235,6.5,1.5,-105.0,-115.0,False,False,http://sports.core.api.espn.com/v2/sports/hockey/leagues/nhl/providers/45?lang=en&region=us,45,Caesars Sportsbook (New Jersey),0,True,False,-235,110.0,True,-1.5,-1.5,2.05,21/20,+105,2.05,21/20,+105,1.43,20/47,-235,1.43,20/47,-235,-1.5,-1.5,2.1,11/10,+110,2.1,11/10,+110,1.43,20/47,-235,1.43,20/47,-235,-1.5,-1.5,2.1,11/10,+110,2.1,11/10,+110,1.43,20/47,-235,1.43,20/47,-235,http://sports.core.api.espn.com/v2/sports/hockey/leagues/nhl/seasons/2024/teams/1?lang=en&region=us,False,True,192,-130.0,False,1.5,1.5,+1.5,1.5,1.5,+1.5,1.8,4/5,-125,1.8,4/5,-125,2.92,48/25,+192,2.92,48/25,+192,1.5,1.5,+1.5,1.5,1.5,+1.5,1.77,10/13,-130,1.77,10/13,-130,2.92,48/25,+192,2.92,48/25,+192,1.5,1.5,+1.5,1.5,1.5,+1.5,1.77,10/13,-130,1.77,10/13,-130,2.92,48/25,+192,2.92,48/25,+192,http://sports.core.api.espn.com/v2/sports/hockey/leagues/nhl/seasons/2024/teams/29?lang=en&region=us,2.0,1/1,+100,2.0,1/1,+100,1.83,5/6,-120,1.83,5/6,-120,6.5,6.5,6.5,6.5,6.5,6.5,1.95,20/21,-105,1.95,20/21,-105,1.87,20/23,-115,1.87,20/23,-115,6.5,6.5,6.5,6.5,6.5,6.5,1.95,20/21,-105,1.95,20/21,-105,1.87,20/23,-115,1.87,20/23,-115,6.5,6.5,6.5,6.5,6.5,6.5,
401559804,http://sports.core.api.espn.com/v2/sports/hockey/leagues/nhl/events/401559804/competitions/401559804/odds/57?lang=en&region=us,BOS -264,6.5,1.5,-105.0,-115.0,False,False,http://sports.core.api.espn.com/v2/sports/hockey/leagues/nhl/providers/57?lang=en&region=us,57,Caesars Sportsbook (Tennessee),0,True,False,-264,110.0,True,-1.5,-1.5,2.05,21/20,+105,2.05,21/20,+105,1.38,25/66,-264,1.38,25/66,-264,-1.5,-1.5,2.1,11/10,+110,2.1,11/10,+110,1.38,25/66,-264,1.38,25/66,-264,-1.5,-1.5,2.1,11/10,+110,2.1,11/10,+110,1.38,25/66,-264,1.38,25/66,-264,http://sports.core.api.espn.com/v2/sports/hockey/leagues/nhl/seasons/2024/teams/1?lang=en&region=us,False,True,184,-130.0,False,1.5,1.5,+1.5,1.5,1.5,+1.5,1.8,4/5,-125,1.8,4/5,-125,2.84,46/25,+184,2.84,46/25,+184,1.5,1.5,+1.5,1.5,1.5,+1.5,1.77,10/13,-130,1.77,10/13,-130,2.84,46/25,+184,2.84,46/25,+184,1.5,1.5,+1.5,1.5,1.5,+1.5,1.77,10/13,-130,1.77,10/13,-130,2.84,46/25,+184,2.84,46/25,+184,http://sports.core.api.espn.com/v2/sports/hockey/leagues/nhl/seasons/2024/teams/29?lang=en&region=us,2.0,1/1,+100,2.0,1/1,+100,1.83,5/6,-120,1.83,5/6,-120,6.5,6.5,6.5,6.5,6.5,6.5,1.95,20/21,-105,1.95,20/21,-105,1.87,20/23,-115,1.87,20/23,-115,6.5,6.5,6.5,6.5,6.5,6.5,1.95,20/21,-105,1.95,20/21,-105,1.87,20/23,-115,1.87,20/23,-115,6.5,6.5,6.5,6.5,6.5,6.5,
401559804,http://sports.core.api.espn.com/v2/sports/hockey/leagues/nhl/events/401559804/competitions/401559804/odds/40?lang=en&region=us,BOS -155,,1.5,,,False,False,http://sports.core.api.espn.com/v2/sports/hockey/leagues/nhl/providers/40?lang=en&region=us,40,DraftKings,0,True,False,-155,110.0,True,-1.5,-1.5,2.0,1/1,+100,2.0,1/1,+100,1.61,20/33,-165,1.61,20/33,-165,-1.5,-1.5,2.1,11/10,+110,2.1,11/10,+110,1.65,20/31,-155,1.65,20/31,-155,-1.5,-1.5,2.1,11/10,+110,2.1,11/10,+110,1.65,20/31,-155,1.65,20/31,-155,http://sports.core.api.espn.com/v2/sports/hockey/leagues/nhl/seasons/2024/teams/1?lang=en&region=us,False,True,280,-130.0,False,1.5,1.5,+1.5,1.5,1.5,+1.5,1.83,5/6,-120,1.83,5/6,-120,4.0,3/1,+300,4.0,3/1,+300,1.5,1.5,+1.5,1.5,1.5,+1.5,1.77,10/13,-130,1.77,10/13,-130,3.8,14/5,+280,3.8,14/5,+280,1.5,1.5,+1.5,1.5,1.5,+1.5,1.77,10/13,-130,1.77,10/13,-130,3.8,14/5,+280,3.8,14/5,+280,http://sports.core.api.espn.com/v2/sports/hockey/leagues/nhl/seasons/2024/teams/29?lang=en&region=us,,,,,,,,,,,,,,,,,,,,,,,,,,,,,,,,,,,,,,,,,,,,,,,,,,,,,,,
401559804,http://sports.core.api.espn.com/v2/sports/hockey/leagues/nhl/events/401559804/competitions/401559804/odds/58?lang=en&region=us,BOS -230,6.5,1.5,-105.0,-115.0,False,False,http://sports.core.api.espn.com/v2/sports/hockey/leagues/nhl/providers/58?lang=en&region=us,58,ESPN BET,0,True,False,-230,105.0,True,-1.5,-1.5,2.05,21/20,+105,2.05,21/20,+105,1.43,10/23,-230,1.43,10/23,-230,-1.5,-1.5,2.05,21/20,+105,2.05,21/20,+105,1.43,10/23,-230,1.43,10/23,-230,-1.5,-1.5,2.05,21/20,+105,2.05,21/20,+105,1.43,10/23,-230,1.43,10/23,-230,http://sports.core.api.espn.com/v2/sports/hockey/leagues/nhl/seasons/2024/teams/1?lang=en&region=us,False,True,190,-125.0,False,,,+1.5,,,+1.5,1.8,4/5,-125,1.8,4/5,-125,2.95,39/20,+195,2.95,39/20,+195,,,+1.5,,,+1.5,1.8,4/5,-125,1.8,4/5,-125,2.9,19/10,+190,2.9,19/10,+190,,,+1.5,,,+1.5,1.8,4/5,-125,1.8,4/5,-125,2.9,19/10,+190,2.9,19/10,+190,http://sports.core.api.espn.com/v2/sports/hockey/leagues/nhl/seasons/2024/teams/29?lang=en&region=us,1.95,20/21,-105,1.95,20/21,-105,1.87,20/23,-115,1.87,20/23,-115,,,6.5,,,6.5,1.95,20/21,-105,1.95,20/21,-105,1.87,20/23,-115,1.87,20/23,-115,,,6.5,,,6.5,1.95,20/21,-105,1.95,20/21,-105,1.87,20/23,-115,1.87,20/23,-115,,,6.5,,,6.5,"[{'language': 'en-US', 'rel': ['home', 'desktop', 'bets', 'espn-bet'], 'href': 'https://espnbet.app.link?$canonical_url=/sport/hockey/organization/united-states/competition/nhl/event/97b9faf5-2d19-4487-888f-79fce0fd8869', 'text': 'Home Bet', 'shortText': 'Home Bet', 'isExternal': True, 'isPremium': False}, {'language': 'en-US', 'rel': ['away', 'desktop', 'bets', 'espn-bet'], 'href': 'https://espnbet.app.link?$canonical_url=/sport/hockey/organization/united-states/competition/nhl/event/97b9faf5-2d19-4487-888f-79fce0fd8869', 'text': 'Away Bet', 'shortText': 'Away Bet', 'isExternal': True, 'isPremium': False}, {'language': 'en-US', 'rel': ['homeSpread', 'desktop', 'bets'], 'href': 'https://espnbet.app.link?$canonical_url=/sport/hockey/organization/united-states/competition/nhl/event/97b9faf5-2d19-4487-888f-79fce0fd8869', 'text': 'Home Point Spread', 'shortText': 'Home Point Spread', 'isExternal': True, 'isPremium': False}, {'language': 'en-US', 'rel': ['awaySpread', 'desktop', 'bets'], 'href': 'https://espnbet.app.link?$canonical_url=/sport/hockey/organization/united-states/competition/nhl/event/97b9faf5-2d19-4487-888f-79fce0fd8869', 'text': 'Away Point Spread', 'shortText': 'Away Point Spread', 'isExternal': True, 'isPremium': False}, {'language': 'en-US', 'rel': ['over', 'desktop', 'bets'], 'href': 'https://espnbet.app.link?$canonical_url=/sport/hockey/organization/united-states/competition/nhl/event/97b9faf5-2d19-4487-888f-79fce0fd8869', 'text': 'Over Odds', 'shortText': 'Over Odds', 'isExternal': True, 'isPremium': False}, {'language': 'en-US', 'rel': ['under', 'desktop', 'bets'], 'href': 'https://espnbet.app.link?$canonical_url=/sport/hockey/organization/united-states/competition/nhl/event/97b9faf5-2d19-4487-888f-79fce0fd8869', 'text': 'Under Odds', 'shortText': 'Under Odds', 'isExternal': True, 'isPremium': False}, {'language': 'en-US', 'rel': ['game', 'desktop', 'bets'], 'href': 'https://espnbet.app.link?$canonical_url=/sport/hockey/organization/united-states/competition/nhl/event/97b9faf5-2d19-4487-888f-79fce0fd8869', 'text': 'Game', 'shortText': 'Game', 'isExternal': True, 'isPremium': False}]"
401559804,http://sports.core.api.espn.com/v2/sports/hockey/leagues/nhl/events/401559804/competitions/401559804/odds/47?lang=en&region=us,BOS -225,6.5,1.5,100.0,-120.0,False,False,http://sports.core.api.espn.com/v2/sports/hockey/leagues/nhl/providers/47?lang=en&region=us,47,MGM,0,True,False,-225,105.0,True,-1.5,-1.5,2.05,21/20,+105,2.05,21/20,+105,1.4,2/5,-250,1.4,2/5,-250,-1.5,-1.5,2.05,21/20,+105,2.05,21/20,+105,1.44,4/9,-225,1.44,4/9,-225,-1.5,-1.5,2.05,21/20,+105,2.05,21/20,+105,1.44,4/9,-225,1.44,4/9,-225,http://sports.core.api.espn.com/v2/sports/hockey/leagues/nhl/seasons/2024/teams/1?lang=en&region=us,False,True,185,-130.0,False,1.5,1.5,+1.5,1.5,1.5,+1.5,1.77,10/13,-130,1.77,10/13,-130,3.0,2/1,+200,3.0,2/1,+200,1.5,1.5,+1.5,1.5,1.5,+1.5,1.77,10/13,-130,1.77,10/13,-130,2.85,37/20,+185,2.85,37/20,+185,1.5,1.5,+1.5,1.5,1.5,+1.5,1.77,10/13,-130,1.77,10/13,-130,2.85,37/20,+185,2.85,37/20,+185,http://sports.core.api.espn.com/v2/sports/hockey/leagues/nhl/seasons/2024/teams/29?lang=en&region=us,1.8,4/5,-125,1.8,4/5,-125,2.05,21/20,+105,2.05,21/20,+105,6.0,6,6,6.0,6,6,2.0,1/1,+100,2.0,1/1,+100,1.83,5/6,-120,1.83,5/6,-120,6.5,6.5,6.5,6.5,6.5,6.5,2.0,1/1,+100,2.0,1/1,+100,1.83,5/6,-120,1.83,5/6,-120,6.5,6.5,6.5,6.5,6.5,6.5,
401559804,http://sports.core.api.espn.com/v2/sports/hockey/leagues/nhl/events/401559804/competitions/401559804/odds/41?lang=en&region=us,BOS -222,6.0,1.5,-118.0,-103.0,False,False,http://sports.core.api.espn.com/v2/sports/hockey/leagues/nhl/providers/41?lang=en&region=us,41,SugarHouse,0,True,False,-222,110.0,True,-1.5,-1.5,2.12,28/25,+112,2.12,28/25,+112,1.46,100/217,-217,1.46,100/217,-217,-1.5,-1.5,2.1,11/10,+110,2.1,11/10,+110,1.45,50/111,-222,1.45,50/111,-222,-1.5,-1.5,2.1,11/10,+110,2.1,11/10,+110,1.45,50/111,-222,1.45,50/111,-222,http://sports.core.api.espn.com/v2/sports/hockey/leagues/nhl/seasons/2024/teams/1?lang=en&region=us,False,True,180,-133.0,False,1.5,1.5,+1.5,1.5,1.5,+1.5,1.74,20/27,-135,1.74,20/27,-135,2.75,7/4,+175,2.75,7/4,+175,1.5,1.5,+1.5,1.5,1.5,+1.5,1.75,100/133,-133,1.75,100/133,-133,2.8,9/5,+180,2.8,9/5,+180,1.5,1.5,+1.5,1.5,1.5,+1.5,1.75,100/133,-133,1.75,100/133,-133,2.8,9/5,+180,2.8,9/5,+180,http://sports.core.api.espn.com/v2/sports/hockey/leagues/nhl/seasons/2024/teams/29?lang=en&region=us,1.85,50/59,-118,1.85,50/59,-118,1.97,100/103,-103,1.97,100/103,-103,6.0,6,6,6.0,6,6,1.85,50/59,-118,1.85,50/59,-118,1.97,100/103,-103,1.97,100/103,-103,6.0,6,6,6.0,6,6,1.85,50/59,-118,1.85,50/59,-118,1.97,100/103,-103,1.97,100/103,-103,6.0,6,6,6.0,6,6,
401559804,http://sports.core.api.espn.com/v2/sports/hockey/leagues/nhl/events/401559804/competitions/401559804/odds/53?lang=en&region=us,BOS -167,6.5,1.5,120.0,-167.0,False,False,http://sports.core.api.espn.com/v2/sports/hockey/leagues/nhl/providers/53?lang=en&region=us,53,Titanbets,0,True,False,-167,110.0,True,-1.5,-1.5,2.0,1/1,+100,2.0,1/1,+100,1.67,2/3,-150,1.67,2/3,-150,-1.5,-1.5,2.1,11/10,+110,2.1,11/10,+110,1.6,100/167,-167,1.6,100/167,-167,-1.5,-1.5,2.1,11/10,+110,2.1,11/10,+110,1.6,100/167,-167,1.6,100/167,-167,http://sports.core.api.espn.com/v2/sports/hockey/leagues/nhl/seasons/2024/teams/1?lang=en&region=us,False,True,300,-133.0,False,1.5,1.5,+1.5,1.5,1.5,+1.5,1.83,5/6,-120,1.83,5/6,-120,3.8,14/5,+280,3.8,14/5,+280,1.5,1.5,+1.5,1.5,1.5,+1.5,1.75,100/133,-133,1.75,100/133,-133,4.0,3/1,+300,4.0,3/1,+300,1.5,1.5,+1.5,1.5,1.5,+1.5,1.75,100/133,-133,1.75,100/133,-133,4.0,3/1,+300,4.0,3/1,+300,http://sports.core.api.espn.com/v2/sports/hockey/leagues/nhl/seasons/2024/teams/29?lang=en&region=us,2.2,6/5,+120,2.2,6/5,+120,1.6,100/167,-167,1.6,100/167,-167,6.5,6.5,6.5,6.5,6.5,6.5,2.2,6/5,+120,2.2,6/5,+120,1.6,100/167,-167,1.6,100/167,-167,6.5,6.5,6.5,6.5,6.5,6.5,2.2,6/5,+120,2.2,6/5,+120,1.6,100/167,-167,1.6,100/167,-167,6.5,6.5,6.5,6.5,6.5,6.5,
401559804,http://sports.core.api.espn.com/v2/sports/hockey/leagues/nhl/events/401559804/competitions/401559804/odds/36?lang=en&region=us,BOS -139,5.5,1.5,-167.0,138.0,False,False,http://sports.core.api.espn.com/v2/sports/hockey/leagues/nhl/providers/36?lang=en&region=us,36,Unibet,0,True,False,-139,110.0,True,-1.5,-1.5,2.12,28/25,+112,2.12,28/25,+112,1.74,25/34,-136,1.74,25/34,-136,-1.5,-1.5,2.1,11/10,+110,2.1,11/10,+110,1.72,100/139,-139,1.72,100/139,-139,-1.5,-1.5,2.1,11/10,+110,2.1,11/10,+110,1.72,100/139,-139,1.72,100/139,-139,http://sports.core.api.espn.com/v2/sports/hockey/leagues/nhl/seasons/2024/teams/1?lang=en&region=us,False,True,290,-134.0,False,1.5,1.5,+1.5,1.5,1.5,+1.5,1.74,25/34,-136,1.74,25/34,-136,3.8,14/5,+280,3.8,14/5,+280,1.5,1.5,+1.5,1.5,1.5,+1.5,1.75,50/67,-134,1.75,50/67,-134,3.9,29/10,+290,3.9,29/10,+290,1.5,1.5,+1.5,1.5,1.5,+1.5,1.75,50/67,-134,1.75,50/67,-134,3.9,29/10,+290,3.9,29/10,+290,http://sports.core.api.espn.com/v2/sports/hockey/leagues/nhl/seasons/2024/teams/29?lang=en&region=us,1.6,100/167,-167,1.6,100/167,-167,2.38,69/50,+138,2.38,69/50,+138,5.5,5.5,5.5,5.5,5.5,5.5,1.6,100/167,-167,1.6,100/167,-167,2.38,69/50,+138,2.38,69/50,+138,5.5,5.5,5.5,5.5,5.5,5.5,1.6,100/167,-167,1.6,100/167,-167,2.38,69/50,+138,2.38,69/50,+138,5.5,5.5,5.5,5.5,5.5,5.5,
401559805,http://sports.core.api.espn.com/v2/sports/hockey/leagues/nhl/events/401559805/competitions/401559805/odds/1001?lang=en&region=us,NSH -160,6.5,-1.5,-115.0,-105.0,False,False,http://sports.core.api.espn.com/v2/sports/hockey/leagues/nhl/providers/1001?lang=en&region=us,1001,Bet365,0,False,True,325,-110.0,False,+1.5,+1.5,1.87,20/23,-115,1.87,20/23,-115,4.2,16/5,+320,4.2,16/5,+320,+1.5,+1.5,1.91,10/11,-110,1.91,10/11,-110,4.25,13/4,+325,4.25,13/4,+325,+1.5,+1.5,1.91,10/11,-110,1.91,10/11,-110,4.25,13/4,+325,4.25,13/4,+325,http://sports.core.api.espn.com/v2/sports/hockey/leagues/nhl/seasons/2024/teams/4?lang=en&region=us,True,False,-160,-110.0,True,-1.5,-1.5,-1.5,-1.5,-1.5,-1.5,1.95,20/21,-105,1.95,20/21,-105,1.67,2/3,-150,1.67,2/3,-150,-1.5,-1.5,-1.5,-1.5,-1.5,-1.5,1.91,10/11,-110,1.91,10/11,-110,1.63,5/8,-160,1.63,5/8,-160,-1.5,-1.5,-1.5,-1.5,-1.5,-1.5,1.91,10/11,-110,1.91,10/11,-110,1.63,5/8,-160,1.63,5/8,-160,http://sports.core.api.espn.com/v2/sports/hockey/leagues/nhl/seasons/2024/teams/27?lang=en&region=us,2.0,1/1,+100,2.0,1/1,+100,1.83,5/6,-120,1.83,5/6,-120,6.5,6.5,6.5,6.5,6.5,6.5,1.87,20/23,-115,1.87,20/23,-115,1.95,20/21,-105,1.95,20/21,-105,6.5,6.5,6.5,6.5,6.5,6.5,1.87,20/23,-115,1.87,20/23,-115,1.95,20/21,-105,1.95,20/21,-105,6.5,6.5,6.5,6.5,6.5,6.5,
401559805,http://sports.core.api.espn.com/v2/sports/hockey/leagues/nhl/events/401559805/competitions/401559805/odds/50?lang=en&region=us,NSH -280,6.5,-1.5,100.0,-120.0,False,False,http://sports.core.api.espn.com/v2/sports/hockey/leagues/nhl/providers/50?lang=en&region=us,50,BetfairSportsbook,0,False,True,230,-105.0,False,+1.5,+1.5,1.91,10/11,-110,1.91,10/11,-110,3.25,9/4,+225,3.25,9/4,+225,+1.5,+1.5,1.95,20/21,-105,1.95,20/21,-105,3.3,23/10,+230,3.3,23/10,+230,+1.5,+1.5,1.95,20/21,-105,1.95,20/21,-105,3.3,23/10,+230,3.3,23/10,+230,http://sports.core.api.espn.com/v2/sports/hockey/leagues/nhl/seasons/2024/teams/4?lang=en&region=us,True,False,-280,-115.0,True,-1.5,-1.5,-1.5,-1.5,-1.5,-1.5,1.91,10/11,-110,1.91,10/11,-110,1.36,4/11,-275,1.36,4/11,-275,-1.5,-1.5,-1.5,-1.5,-1.5,-1.5,1.87,20/23,-115,1.87,20/23,-115,1.36,5/14,-280,1.36,5/14,-280,-1.5,-1.5,-1.5,-1.5,-1.5,-1.5,1.87,20/23,-115,1.87,20/23,-115,1.36,5/14,-280,1.36,5/14,-280,http://sports.core.api.espn.com/v2/sports/hockey/leagues/nhl/seasons/2024/teams/27?lang=en&region=us,1.87,20/23,-115,1.87,20/23,-115,1.91,10/11,-110,1.91,10/11,-110,6.5,6.5,6.5,6.5,6.5,6.5,2.0,1/1,+100,2.0,1/1,+100,1.83,5/6,-120,1.83,5/6,-120,6.5,6.5,6.5,6.5,6.5,6.5,2.0,1/1,+100,2.0,1/1,+100,1.83,5/6,-120,1.83,5/6,-120,6.5,6.5,6.5,6.5,6.5,6.5,
401559805,http://sports.core.api.espn.com/v2/sports/hockey/leagues/nhl/events/401559805/competitions/401559805/odds/52?lang=en&region=us,NSH -305,6.5,-1.5,100.0,-120.0,False,False,http://sports.core.api.espn.com/v2/sports/hockey/leagues/nhl/providers/52?lang=en&region=us,52,Caesars Sportsbook (Colorado),0,False,True,240,-110.0,False,+1.5,+1.5,1.87,20/23,-115,1.87,20/23,-115,3.15,43/20,+215,3.15,43/20,+215,+1.5,+1.5,1.91,10/11,-110,1.91,10/11,-110,3.4,12/5,+240,3.4,12/5,+240,+1.5,+1.5,1.91,10/11,-110,1.91,10/11,-110,3.4,12/5,+240,3.4,12/5,+240,http://sports.core.api.espn.com/v2/sports/hockey/leagues/nhl/seasons/2024/teams/4?lang=en&region=us,True,False,-305,-110.0,True,-1.5,-1.5,-1.5,-1.5,-1.5,-1.5,1.95,20/21,-105,1.95,20/21,-105,1.37,100/267,-267,1.37,100/267,-267,-1.5,-1.5,-1.5,-1.5,-1.5,-1.5,1.91,10/11,-110,1.91,10/11,-110,1.33,20/61,-305,1.33,20/61,-305,-1.5,-1.5,-1.5,-1.5,-1.5,-1.5,1.91,10/11,-110,1.91,10/11,-110,1.33,20/61,-305,1.33,20/61,-305,http://sports.core.api.espn.com/v2/sports/hockey/leagues/nhl/seasons/2024/teams/27?lang=en&region=us,2.0,1/1,+100,2.0,1/1,+100,1.83,5/6,-120,1.83,5/6,-120,6.5,6.5,6.5,6.5,6.5,6.5,2.0,1/1,+100,2.0,1/1,+100,1.83,5/6,-120,1.83,5/6,-120,6.5,6.5,6.5,6.5,6.5,6.5,2.0,1/1,+100,2.0,1/1,+100,1.83,5/6,-120,1.83,5/6,-120,6.5,6.5,6.5,6.5,6.5,6.5,
401559805,http://sports.core.api.espn.com/v2/sports/hockey/leagues/nhl/events/401559805/competitions/401559805/odds/45?lang=en&region=us,NSH -305,6.5,-1.5,100.0,-120.0,False,False,http://sports.core.api.espn.com/v2/sports/hockey/leagues/nhl/providers/45?lang=en&region=us,45,Caesars Sportsbook (New Jersey),0,False,True,240,-110.0,False,+1.5,+1.5,1.87,20/23,-115,1.87,20/23,-115,3.15,43/20,+215,3.15,43/20,+215,+1.5,+1.5,1.91,10/11,-110,1.91,10/11,-110,3.4,12/5,+240,3.4,12/5,+240,+1.5,+1.5,1.91,10/11,-110,1.91,10/11,-110,3.4,12/5,+240,3.4,12/5,+240,http://sports.core.api.espn.com/v2/sports/hockey/leagues/nhl/seasons/2024/teams/4?lang=en&region=us,True,False,-305,-110.0,True,-1.5,-1.5,-1.5,-1.5,-1.5,-1.5,1.95,20/21,-105,1.95,20/21,-105,1.37,100/267,-267,1.37,100/267,-267,-1.5,-1.5,-1.5,-1.5,-1.5,-1.5,1.91,10/11,-110,1.91,10/11,-110,1.33,20/61,-305,1.33,20/61,-305,-1.5,-1.5,-1.5,-1.5,-1.5,-1.5,1.91,10/11,-110,1.91,10/11,-110,1.33,20/61,-305,1.33,20/61,-305,http://sports.core.api.espn.com/v2/sports/hockey/leagues/nhl/seasons/2024/teams/27?lang=en&region=us,2.0,1/1,+100,2.0,1/1,+100,1.83,5/6,-120,1.83,5/6,-120,6.5,6.5,6.5,6.5,6.5,6.5,2.0,1/1,+100,2.0,1/1,+100,1.83,5/6,-120,1.83,5/6,-120,6.5,6.5,6.5,6.5,6.5,6.5,2.0,1/1,+100,2.0,1/1,+100,1.83,5/6,-120,1.83,5/6,-120,6.5,6.5,6.5,6.5,6.5,6.5,
401559805,http://sports.core.api.espn.com/v2/sports/hockey/leagues/nhl/events/401559805/competitions/401559805/odds/57?lang=en&region=us,NSH -324,6.5,-1.5,100.0,-120.0,False,False,http://sports.core.api.espn.com/v2/sports/hockey/leagues/nhl/providers/57?lang=en&region=us,57,Caesars Sportsbook (Tennessee),0,False,True,219,-110.0,False,+1.5,+1.5,1.87,20/23,-115,1.87,20/23,-115,3.02,101/50,+202,3.02,101/50,+202,+1.5,+1.5,1.91,10/11,-110,1.91,10/11,-110,3.19,219/100,+219,3.19,219/100,+219,+1.5,+1.5,1.91,10/11,-110,1.91,10/11,-110,3.19,219/100,+219,3.19,219/100,+219,http://sports.core.api.espn.com/v2/sports/hockey/leagues/nhl/seasons/2024/teams/4?lang=en&region=us,True,False,-324,-110.0,True,-1.5,-1.5,-1.5,-1.5,-1.5,-1.5,1.95,20/21,-105,1.95,20/21,-105,1.34,50/147,-294,1.34,50/147,-294,-1.5,-1.5,-1.5,-1.5,-1.5,-1.5,1.91,10/11,-110,1.91,10/11,-110,1.31,25/81,-324,1.31,25/81,-324,-1.5,-1.5,-1.5,-1.5,-1.5,-1.5,1.91,10/11,-110,1.91,10/11,-110,1.31,25/81,-324,1.31,25/81,-324,http://sports.core.api.espn.com/v2/sports/hockey/leagues/nhl/seasons/2024/teams/27?lang=en&region=us,2.0,1/1,+100,2.0,1/1,+100,1.83,5/6,-120,1.83,5/6,-120,6.5,6.5,6.5,6.5,6.5,6.5,2.0,1/1,+100,2.0,1/1,+100,1.83,5/6,-120,1.83,5/6,-120,6.5,6.5,6.5,6.5,6.5,6.5,2.0,1/1,+100,2.0,1/1,+100,1.83,5/6,-120,1.83,5/6,-120,6.5,6.5,6.5,6.5,6.5,6.5,
401559805,http://sports.core.api.espn.com/v2/sports/hockey/leagues/nhl/events/401559805/competitions/401559805/odds/40?lang=en&region=us,NSH -190,,-1.5,,,False,False,http://sports.core.api.espn.com/v2/sports/hockey/leagues/nhl/providers/40?lang=en&region=us,40,DraftKings,0,False,True,340,-108.0,False,+1.5,+1.5,1.91,10/11,-110,1.91,10/11,-110,4.4,17/5,+340,4.4,17/5,+340,+1.5,+1.5,1.93,25/27,-108,1.93,25/27,-108,4.4,17/5,+340,4.4,17/5,+340,+1.5,+1.5,1.93,25/27,-108,1.93,25/27,-108,4.4,17/5,+340,4.4,17/5,+340,http://sports.core.api.espn.com/v2/sports/hockey/leagues/nhl/seasons/2024/teams/4?lang=en&region=us,True,False,-190,-112.0,True,-1.5,-1.5,-1.5,-1.5,-1.5,-1.5,1.91,10/11,-110,1.91,10/11,-110,1.53,10/19,-190,1.53,10/19,-190,-1.5,-1.5,-1.5,-1.5,-1.5,-1.5,1.89,25/28,-112,1.89,25/28,-112,1.53,10/19,-190,1.53,10/19,-190,-1.5,-1.5,-1.5,-1.5,-1.5,-1.5,1.89,25/28,-112,1.89,25/28,-112,1.53,10/19,-190,1.53,10/19,-190,http://sports.core.api.espn.com/v2/sports/hockey/leagues/nhl/seasons/2024/teams/27?lang=en&region=us,,,,,,,,,,,,,,,,,,,,,,,,,,,,,,,,,,,,,,,,,,,,,,,,,,,,,,,
401559805,http://sports.core.api.espn.com/v2/sports/hockey/leagues/nhl/events/401559805/competitions/401559805/odds/58?lang=en&region=us,NSH -285,6.5,-1.5,100.0,-120.0,False,False,http://sports.core.api.espn.com/v2/sports/hockey/leagues/nhl/providers/58?lang=en&region=us,58,ESPN BET,0,False,True,240,-110.0,False,+1.5,+1.5,1.87,20/23,-115,1.87,20/23,-115,3.1,21/10,+210,3.1,21/10,+210,+1.5,+1.5,1.91,10/11,-110,1.91,10/11,-110,3.4,12/5,+240,3.4,12/5,+240,+1.5,+1.5,1.91,10/11,-110,1.91,10/11,-110,3.4,12/5,+240,3.4,12/5,+240,http://sports.core.api.espn.com/v2/sports/hockey/leagues/nhl/seasons/2024/teams/4?lang=en&region=us,True,False,-285,-110.0,True,,,-1.5,,,-1.5,1.95,20/21,-105,1.95,20/21,-105,1.4,2/5,-250,1.4,2/5,-250,,,-1.5,,,-1.5,1.91,10/11,-110,1.91,10/11,-110,1.35,20/57,-285,1.35,20/57,-285,,,-1.5,,,-1.5,1.91,10/11,-110,1.91,10/11,-110,1.35,20/57,-285,1.35,20/57,-285,http://sports.core.api.espn.com/v2/sports/hockey/leagues/nhl/seasons/2024/teams/27?lang=en&region=us,1.95,20/21,-105,1.95,20/21,-105,1.87,20/23,-115,1.87,20/23,-115,,,6.5,,,6.5,2.0,1/1,+100,2.0,1/1,+100,1.83,5/6,-120,1.83,5/6,-120,,,6.5,,,6.5,2.0,1/1,+100,2.0,1/1,+100,1.83,5/6,-120,1.83,5/6,-120,,,6.5,,,6.5,"[{'language': 'en-US', 'rel': ['home', 'desktop', 'bets', 'espn-bet'], 'href': 'https://espnbet.app.link?$canonical_url=/sport/hockey/organization/united-states/competition/nhl/event/70f3fb5f-5f9b-4898-ae47-f1accf7e6203', 'text': 'Home Bet', 'shortText': 'Home Bet', 'isExternal': True, 'isPremium': False}, {'language': 'en-US', 'rel': ['away', 'desktop', 'bets', 'espn-bet'], 'href': 'https://espnbet.app.link?$canonical_url=/sport/hockey/organization/united-states/competition/nhl/event/70f3fb5f-5f9b-4898-ae47-f1accf7e6203', 'text': 'Away Bet', 'shortText': 'Away Bet', 'isExternal': True, 'isPremium': False}, {'language': 'en-US', 'rel': ['homeSpread', 'desktop', 'bets'], 'href': 'https://espnbet.app.link?$canonical_url=/sport/hockey/organization/united-states/competition/nhl/event/70f3fb5f-5f9b-4898-ae47-f1accf7e6203', 'text': 'Home Point Spread', 'shortText': 'Home Point Spread', 'isExternal': True, 'isPremium': False}, {'language': 'en-US', 'rel': ['awaySpread', 'desktop', 'bets'], 'href': 'https://espnbet.app.link?$canonical_url=/sport/hockey/organization/united-states/competition/nhl/event/70f3fb5f-5f9b-4898-ae47-f1accf7e6203', 'text': 'Away Point Spread', 'shortText': 'Away Point Spread', 'isExternal': True, 'isPremium': False}, {'language': 'en-US', 'rel': ['over', 'desktop', 'bets'], 'href': 'https://espnbet.app.link?$canonical_url=/sport/hockey/organization/united-states/competition/nhl/event/70f3fb5f-5f9b-4898-ae47-f1accf7e6203', 'text': 'Over Odds', 'shortText': 'Over Odds', 'isExternal': True, 'isPremium': False}, {'language': 'en-US', 'rel': ['under', 'desktop', 'bets'], 'href': 'https://espnbet.app.link?$canonical_url=/sport/hockey/organization/united-states/competition/nhl/event/70f3fb5f-5f9b-4898-ae47-f1accf7e6203', 'text': 'Under Odds', 'shortText': 'Under Odds', 'isExternal': True, 'isPremium': False}, {'language': 'en-US', 'rel': ['game', 'desktop', 'bets'], 'href': 'https://espnbet.app.link?$canonical_url=/sport/hockey/organization/united-states/competition/nhl/event/70f3fb5f-5f9b-4898-ae47-f1accf7e6203', 'text': 'Game', 'shortText': 'Game', 'isExternal': True, 'isPremium': False}]"
401559805,http://sports.core.api.espn.com/v2/sports/hockey/leagues/nhl/events/401559805/competitions/401559805/odds/47?lang=en&region=us,NSH -300,6.5,-1.5,100.0,-120.0,False,False,http://sports.core.api.espn.com/v2/sports/hockey/leagues/nhl/providers/47?lang=en&region=us,47,MGM,0,False,True,240,-110.0,False,+1.5,+1.5,1.91,10/11,-110,1.91,10/11,-110,3.2,11/5,+220,3.2,11/5,+220,+1.5,+1.5,1.91,10/11,-110,1.91,10/11,-110,3.4,12/5,+240,3.4,12/5,+240,+1.5,+1.5,1.91,10/11,-110,1.91,10/11,-110,3.4,12/5,+240,3.4,12/5,+240,http://sports.core.api.espn.com/v2/sports/hockey/leagues/nhl/seasons/2024/teams/4?lang=en&region=us,True,False,-300,-110.0,True,-1.5,-1.5,-1.5,-1.5,-1.5,-1.5,1.91,10/11,-110,1.91,10/11,-110,1.36,4/11,-275,1.36,4/11,-275,-1.5,-1.5,-1.5,-1.5,-1.5,-1.5,1.91,10/11,-110,1.91,10/11,-110,1.33,1/3,-300,1.33,1/3,-300,-1.5,-1.5,-1.5,-1.5,-1.5,-1.5,1.91,10/11,-110,1.91,10/11,-110,1.33,1/3,-300,1.33,1/3,-300,http://sports.core.api.espn.com/v2/sports/hockey/leagues/nhl/seasons/2024/teams/27?lang=en&region=us,1.8,4/5,-125,1.8,4/5,-125,2.05,21/20,+105,2.05,21/20,+105,6.0,6,6,6.0,6,6,2.0,1/1,+100,2.0,1/1,+100,1.83,5/6,-120,1.83,5/6,-120,6.5,6.5,6.5,6.5,6.5,6.5,2.0,1/1,+100,2.0,1/1,+100,1.83,5/6,-120,1.83,5/6,-120,6.5,6.5,6.5,6.5,6.5,6.5,
401559805,http://sports.core.api.espn.com/v2/sports/hockey/leagues/nhl/events/401559805/competitions/401559805/odds/41?lang=en&region=us,NSH -167,6.0,-1.5,-114.0,-106.0,False,False,http://sports.core.api.espn.com/v2/sports/hockey/leagues/nhl/providers/41?lang=en&region=us,41,SugarHouse,0,False,True,375,-114.0,False,+1.5,+1.5,1.81,100/123,-123,1.81,100/123,-123,4.3,33/10,+330,4.3,33/10,+330,+1.5,+1.5,1.88,50/57,-114,1.88,50/57,-114,4.75,15/4,+375,4.75,15/4,+375,+1.5,+1.5,1.88,50/57,-114,1.88,50/57,-114,4.75,15/4,+375,4.75,15/4,+375,http://sports.core.api.espn.com/v2/sports/hockey/leagues/nhl/seasons/2024/teams/4?lang=en&region=us,True,False,-167,-106.0,True,-1.5,-1.5,-1.5,-1.5,-1.5,-1.5,2.02,51/50,+102,2.02,51/50,+102,1.65,50/77,-154,1.65,50/77,-154,-1.5,-1.5,-1.5,-1.5,-1.5,-1.5,1.94,50/53,-106,1.94,50/53,-106,1.6,100/167,-167,1.6,100/167,-167,-1.5,-1.5,-1.5,-1.5,-1.5,-1.5,1.94,50/53,-106,1.94,50/53,-106,1.6,100/167,-167,1.6,100/167,-167,http://sports.core.api.espn.com/v2/sports/hockey/leagues/nhl/seasons/2024/teams/27?lang=en&region=us,1.92,100/109,-109,1.92,100/109,-109,1.9,100/111,-111,1.9,100/111,-111,6.0,6,6,6.0,6,6,1.88,50/57,-114,1.88,50/57,-114,1.94,50/53,-106,1.94,50/53,-106,6.0,6,6,6.0,6,6,1.88,50/57,-114,1.88,50/57,-114,1.94,50/53,-106,1.94,50/53,-106,6.0,6,6,6.0,6,6,
401559805,http://sports.core.api.espn.com/v2/sports/hockey/leagues/nhl/events/401559805/competitions/401559805/odds/53?lang=en&region=us,NSH -188,6.5,-1.5,115.0,-163.0,False,False,http://sports.core.api.espn.com/v2/sports/hockey/leagues/nhl/providers/53?lang=en&region=us,53,Titanbets,0,False,True,350,-110.0,False,+1.5,+1.5,1.91,10/11,-110,1.91,10/11,-110,4.0,3/1,+300,4.0,3/1,+300,+1.5,+1.5,1.91,10/11,-110,1.91,10/11,-110,4.5,7/2,+350,4.5,7/2,+350,+1.5,+1.5,1.91,10/11,-110,1.91,10/11,-110,4.5,7/2,+350,4.5,7/2,+350,http://sports.core.api.espn.com/v2/sports/hockey/leagues/nhl/seasons/2024/teams/4?lang=en&region=us,True,False,-188,-110.0,True,-1.5,-1.5,-1.5,-1.5,-1.5,-1.5,1.91,10/11,-110,1.91,10/11,-110,1.6,100/167,-167,1.6,100/167,-167,-1.5,-1.5,-1.5,-1.5,-1.5,-1.5,1.91,10/11,-110,1.91,10/11,-110,1.53,25/47,-188,1.53,25/47,-188,-1.5,-1.5,-1.5,-1.5,-1.5,-1.5,1.91,10/11,-110,1.91,10/11,-110,1.53,25/47,-188,1.53,25/47,-188,http://sports.core.api.espn.com/v2/sports/hockey/leagues/nhl/seasons/2024/teams/27?lang=en&region=us,1.6,100/167,-167,1.6,100/167,-167,2.2,6/5,+120,2.2,6/5,+120,5.5,5.5,5.5,5.5,5.5,5.5,2.15,23/20,+115,2.15,23/20,+115,1.61,100/163,-163,1.61,100/163,-163,6.5,6.5,6.5,6.5,6.5,6.5,2.15,23/20,+115,2.15,23/20,+115,1.61,100/163,-163,1.61,100/163,-163,6.5,6.5,6.5,6.5,6.5,6.5,
401559805,http://sports.core.api.espn.com/v2/sports/hockey/leagues/nhl/events/401559805/competitions/401559805/odds/36?lang=en&region=us,NSH -167,5.5,-1.5,-165.0,133.0,False,False,http://sports.core.api.espn.com/v2/sports/hockey/leagues/nhl/providers/36?lang=en&region=us,36,Unibet,0,False,True,375,-113.0,False,+1.5,+1.5,1.81,25/31,-124,1.81,25/31,-124,4.3,33/10,+330,4.3,33/10,+330,+1.5,+1.5,1.88,100/113,-113,1.88,100/113,-113,4.75,15/4,+375,4.75,15/4,+375,+1.5,+1.5,1.88,100/113,-113,1.88,100/113,-113,4.75,15/4,+375,4.75,15/4,+375,http://sports.core.api.espn.com/v2/sports/hockey/leagues/nhl/seasons/2024/teams/4?lang=en&region=us,True,False,-167,-108.0,True,-1.5,-1.5,-1.5,-1.5,-1.5,-1.5,2.02,51/50,+102,2.02,51/50,+102,1.65,20/31,-155,1.65,20/31,-155,-1.5,-1.5,-1.5,-1.5,-1.5,-1.5,1.93,25/27,-108,1.93,25/27,-108,1.6,100/167,-167,1.6,100/167,-167,-1.5,-1.5,-1.5,-1.5,-1.5,-1.5,1.93,25/27,-108,1.93,25/27,-108,1.6,100/167,-167,1.6,100/167,-167,http://sports.core.api.espn.com/v2/sports/hockey/leagues/nhl/seasons/2024/teams/27?lang=en&region=us,1.63,100/159,-159,1.63,100/159,-159,2.3,13/10,+130,2.3,13/10,+130,5.5,5.5,5.5,5.5,5.5,5.5,1.61,20/33,-165,1.61,20/33,-165,2.33,133/100,+133,2.33,133/100,+133,5.5,5.5,5.5,5.5,5.5,5.5,1.61,20/33,-165,1.61,20/33,-165,2.33,133/100,+133,2.33,133/100,+133,5.5,5.5,5.5,5.5,5.5,5.5,
401559806,http://sports.core.api.espn.com/v2/sports/hockey/leagues/nhl/events/401559806/competitions/401559806/odds/1001?lang=en&region=us,DAL -175,6.5,-1.5,-125.0,105.0,False,False,http://sports.core.api.espn.com/v2/sports/hockey/leagues/nhl/providers/1001?lang=en&region=us,1001,Bet365,0,False,True,350,-105.0,False,+1.5,+1.5,2.0,1/1,+100,2.0,1/1,+100,5.0,4/1,+400,5.0,4/1,+400,+1.5,+1.5,1.95,20/21,-105,1.95,20/21,-105,4.5,7/2,+350,4.5,7/2,+350,+1.5,+1.5,1.95,20/21,-105,1.95,20/21,-105,4.5,7/2,+350,4.5,7/2,+350,http://sports.core.api.espn.com/v2/sports/hockey/leagues/nhl/seasons/2024/teams/10?lang=en&region=us,True,False,-175,-115.0,True,-1.5,-1.5,-1.5,-1.5,-1.5,-1.5,1.83,5/6,-120,1.83,5/6,-120,1.53,10/19,-190,1.53,10/19,-190,-1.5,-1.5,-1.5,-1.5,-1.5,-1.5,1.87,20/23,-115,1.87,20/23,-115,1.57,4/7,-175,1.57,4/7,-175,-1.5,-1.5,-1.5,-1.5,-1.5,-1.5,1.87,20/23,-115,1.87,20/23,-115,1.57,4/7,-175,1.57,4/7,-175,http://sports.core.api.espn.com/v2/sports/hockey/leagues/nhl/seasons/2024/teams/9?lang=en&region=us,2.0,1/1,+100,2.0,1/1,+100,1.83,5/6,-120,1.83,5/6,-120,6.5,6.5,6.5,6.5,6.5,6.5,1.8,4/5,-125,1.8,4/5,-125,2.05,21/20,+105,2.05,21/20,+105,6.5,6.5,6.5,6.5,6.5,6.5,1.8,4/5,-125,1.8,4/5,-125,2.05,21/20,+105,2.05,21/20,+105,6.5,6.5,6.5,6.5,6.5,6.5,
401559806,http://sports.core.api.espn.com/v2/sports/hockey/leagues/nhl/events/401559806/competitions/401559806/odds/50?lang=en&region=us,DAL -330,6.5,-1.5,-105.0,-115.0,False,False,http://sports.core.api.espn.com/v2/sports/hockey/leagues/nhl/providers/50?lang=en&region=us,50,BetfairSportsbook,0,False,True,270,100.0,False,+1.5,+1.5,2.05,21/20,+105,2.05,21/20,+105,3.6,13/5,+260,3.6,13/5,+260,+1.5,+1.5,2.0,1/1,+100,2.0,1/1,+100,3.7,27/10,+270,3.7,27/10,+270,+1.5,+1.5,2.0,1/1,+100,2.0,1/1,+100,3.7,27/10,+270,3.7,27/10,+270,http://sports.core.api.espn.com/v2/sports/hockey/leagues/nhl/seasons/2024/teams/10?lang=en&region=us,True,False,-330,-120.0,True,-1.5,-1.5,-1.5,-1.5,-1.5,-1.5,1.8,4/5,-125,1.8,4/5,-125,1.3,100/333,-333,1.3,100/333,-333,-1.5,-1.5,-1.5,-1.5,-1.5,-1.5,1.83,5/6,-120,1.83,5/6,-120,1.3,10/33,-330,1.3,10/33,-330,-1.5,-1.5,-1.5,-1.5,-1.5,-1.5,1.83,5/6,-120,1.83,5/6,-120,1.3,10/33,-330,1.3,10/33,-330,http://sports.core.api.espn.com/v2/sports/hockey/leagues/nhl/seasons/2024/teams/9?lang=en&region=us,1.91,10/11,-110,1.91,10/11,-110,1.91,10/11,-110,1.91,10/11,-110,6.5,6.5,6.5,6.5,6.5,6.5,1.95,20/21,-105,1.95,20/21,-105,1.87,20/23,-115,1.87,20/23,-115,6.5,6.5,6.5,6.5,6.5,6.5,1.95,20/21,-105,1.95,20/21,-105,1.87,20/23,-115,1.87,20/23,-115,6.5,6.5,6.5,6.5,6.5,6.5,
401559806,http://sports.core.api.espn.com/v2/sports/hockey/leagues/nhl/events/401559806/competitions/401559806/odds/52?lang=en&region=us,DAL -305,6.5,-1.5,-120.0,100.0,False,False,http://sports.core.api.espn.com/v2/sports/hockey/leagues/nhl/providers/52?lang=en&region=us,52,Caesars Sportsbook (Colorado),0,False,True,240,-105.0,False,+1.5,+1.5,1.95,20/21,-105,1.95,20/21,-105,3.4,12/5,+240,3.4,12/5,+240,+1.5,+1.5,1.95,20/21,-105,1.95,20/21,-105,3.4,12/5,+240,3.4,12/5,+240,+1.5,+1.5,1.95,20/21,-105,1.95,20/21,-105,3.4,12/5,+240,3.4,12/5,+240,http://sports.core.api.espn.com/v2/sports/hockey/leagues/nhl/seasons/2024/teams/10?lang=en&region=us,True,False,-305,-115.0,True,-1.5,-1.5,-1.5,-1.5,-1.5,-1.5,1.87,20/23,-115,1.87,20/23,-115,1.33,20/61,-305,1.33,20/61,-305,-1.5,-1.5,-1.5,-1.5,-1.5,-1.5,1.87,20/23,-115,1.87,20/23,-115,1.33,20/61,-305,1.33,20/61,-305,-1.5,-1.5,-1.5,-1.5,-1.5,-1.5,1.87,20/23,-115,1.87,20/23,-115,1.33,20/61,-305,1.33,20/61,-305,http://sports.core.api.espn.com/v2/sports/hockey/leagues/nhl/seasons/2024/teams/9?lang=en&region=us,2.05,21/20,+105,2.05,21/20,+105,1.8,4/5,-125,1.8,4/5,-125,6.5,6.5,6.5,6.5,6.5,6.5,1.83,5/6,-120,1.83,5/6,-120,2.0,1/1,+100,2.0,1/1,+100,6.5,6.5,6.5,6.5,6.5,6.5,1.83,5/6,-120,1.83,5/6,-120,2.0,1/1,+100,2.0,1/1,+100,6.5,6.5,6.5,6.5,6.5,6.5,
401559806,http://sports.core.api.espn.com/v2/sports/hockey/leagues/nhl/events/401559806/competitions/401559806/odds/45?lang=en&region=us,DAL -305,6.5,-1.5,-120.0,100.0,False,False,http://sports.core.api.espn.com/v2/sports/hockey/leagues/nhl/providers/45?lang=en&region=us,45,Caesars Sportsbook (New Jersey),0,False,True,240,-105.0,False,+1.5,+1.5,1.95,20/21,-105,1.95,20/21,-105,3.4,12/5,+240,3.4,12/5,+240,+1.5,+1.5,1.95,20/21,-105,1.95,20/21,-105,3.4,12/5,+240,3.4,12/5,+240,+1.5,+1.5,1.95,20/21,-105,1.95,20/21,-105,3.4,12/5,+240,3.4,12/5,+240,http://sports.core.api.espn.com/v2/sports/hockey/leagues/nhl/seasons/2024/teams/10?lang=en&region=us,True,False,-305,-115.0,True,-1.5,-1.5,-1.5,-1.5,-1.5,-1.5,1.87,20/23,-115,1.87,20/23,-115,1.33,20/61,-305,1.33,20/61,-305,-1.5,-1.5,-1.5,-1.5,-1.5,-1.5,1.87,20/23,-115,1.87,20/23,-115,1.33,20/61,-305,1.33,20/61,-305,-1.5,-1.5,-1.5,-1.5,-1.5,-1.5,1.87,20/23,-115,1.87,20/23,-115,1.33,20/61,-305,1.33,20/61,-305,http://sports.core.api.espn.com/v2/sports/hockey/leagues/nhl/seasons/2024/teams/9?lang=en&region=us,2.05,21/20,+105,2.05,21/20,+105,1.8,4/5,-125,1.8,4/5,-125,6.5,6.5,6.5,6.5,6.5,6.5,1.83,5/6,-120,1.83,5/6,-120,2.0,1/1,+100,2.0,1/1,+100,6.5,6.5,6.5,6.5,6.5,6.5,1.83,5/6,-120,1.83,5/6,-120,2.0,1/1,+100,2.0,1/1,+100,6.5,6.5,6.5,6.5,6.5,6.5,
401559806,http://sports.core.api.espn.com/v2/sports/hockey/leagues/nhl/events/401559806/competitions/401559806/odds/57?lang=en&region=us,DAL -339,6.5,-1.5,-120.0,100.0,False,False,http://sports.core.api.espn.com/v2/sports/hockey/leagues/nhl/providers/57?lang=en&region=us,57,Caesars Sportsbook (Tennessee),0,False,True,227,-105.0,False,+1.5,+1.5,1.95,20/21,-105,1.95,20/21,-105,3.19,219/100,+219,3.19,219/100,+219,+1.5,+1.5,1.95,20/21,-105,1.95,20/21,-105,3.27,227/100,+227,3.27,227/100,+227,+1.5,+1.5,1.95,20/21,-105,1.95,20/21,-105,3.27,227/100,+227,3.27,227/100,+227,http://sports.core.api.espn.com/v2/sports/hockey/leagues/nhl/seasons/2024/teams/10?lang=en&region=us,True,False,-339,-115.0,True,-1.5,-1.5,-1.5,-1.5,-1.5,-1.5,1.87,20/23,-115,1.87,20/23,-115,1.31,25/81,-324,1.31,25/81,-324,-1.5,-1.5,-1.5,-1.5,-1.5,-1.5,1.87,20/23,-115,1.87,20/23,-115,1.29,100/339,-339,1.29,100/339,-339,-1.5,-1.5,-1.5,-1.5,-1.5,-1.5,1.87,20/23,-115,1.87,20/23,-115,1.29,100/339,-339,1.29,100/339,-339,http://sports.core.api.espn.com/v2/sports/hockey/leagues/nhl/seasons/2024/teams/9?lang=en&region=us,2.05,21/20,+105,2.05,21/20,+105,1.8,4/5,-125,1.8,4/5,-125,6.5,6.5,6.5,6.5,6.5,6.5,1.83,5/6,-120,1.83,5/6,-120,2.0,1/1,+100,2.0,1/1,+100,6.5,6.5,6.5,6.5,6.5,6.5,1.83,5/6,-120,1.83,5/6,-120,2.0,1/1,+100,2.0,1/1,+100,6.5,6.5,6.5,6.5,6.5,6.5,
401559806,http://sports.core.api.espn.com/v2/sports/hockey/leagues/nhl/events/401559806/competitions/401559806/odds/40?lang=en&region=us,DAL -210,,-1.5,,,False,False,http://sports.core.api.espn.com/v2/sports/hockey/leagues/nhl/providers/40?lang=en&region=us,40,DraftKings,0,False,True,370,-105.0,False,+1.5,+1.5,2.1,11/10,+110,2.1,11/10,+110,5.0,4/1,+400,5.0,4/1,+400,+1.5,+1.5,1.95,20/21,-105,1.95,20/21,-105,4.7,37/10,+370,4.7,37/10,+370,+1.5,+1.5,1.95,20/21,-105,1.95,20/21,-105,4.7,37/10,+370,4.7,37/10,+370,http://sports.core.api.espn.com/v2/sports/hockey/leagues/nhl/seasons/2024/teams/10?lang=en&region=us,True,False,-210,-115.0,True,-1.5,-1.5,-1.5,-1.5,-1.5,-1.5,1.77,10/13,-130,1.77,10/13,-130,1.43,10/23,-230,1.43,10/23,-230,-1.5,-1.5,-1.5,-1.5,-1.5,-1.5,1.87,20/23,-115,1.87,20/23,-115,1.48,10/21,-210,1.48,10/21,-210,-1.5,-1.5,-1.5,-1.5,-1.5,-1.5,1.87,20/23,-115,1.87,20/23,-115,1.48,10/21,-210,1.48,10/21,-210,http://sports.core.api.espn.com/v2/sports/hockey/leagues/nhl/seasons/2024/teams/9?lang=en&region=us,,,,,,,,,,,,,,,,,,,,,,,,,,,,,,,,,,,,,,,,,,,,,,,,,,,,,,,
401559806,http://sports.core.api.espn.com/v2/sports/hockey/leagues/nhl/events/401559806/competitions/401559806/odds/58?lang=en&region=us,DAL -290,6.5,-1.5,-115.0,-105.0,False,False,http://sports.core.api.espn.com/v2/sports/hockey/leagues/nhl/providers/58?lang=en&region=us,58,ESPN BET,0,False,True,240,100.0,False,+1.5,+1.5,2.0,1/1,+100,2.0,1/1,+100,3.4,12/5,+240,3.4,12/5,+240,+1.5,+1.5,2.0,1/1,+100,2.0,1/1,+100,3.4,12/5,+240,3.4,12/5,+240,+1.5,+1.5,2.0,1/1,+100,2.0,1/1,+100,3.4,12/5,+240,3.4,12/5,+240,http://sports.core.api.espn.com/v2/sports/hockey/leagues/nhl/seasons/2024/teams/10?lang=en&region=us,True,False,-290,-120.0,True,,,-1.5,,,-1.5,1.83,5/6,-120,1.83,5/6,-120,1.34,10/29,-290,1.34,10/29,-290,,,-1.5,,,-1.5,1.83,5/6,-120,1.83,5/6,-120,1.34,10/29,-290,1.34,10/29,-290,,,-1.5,,,-1.5,1.83,5/6,-120,1.83,5/6,-120,1.34,10/29,-290,1.34,10/29,-290,http://sports.core.api.espn.com/v2/sports/hockey/leagues/nhl/seasons/2024/teams/9?lang=en&region=us,2.0,1/1,+100,2.0,1/1,+100,1.83,5/6,-120,1.83,5/6,-120,,,6.5,,,6.5,1.87,20/23,-115,1.87,20/23,-115,1.95,20/21,-105,1.95,20/21,-105,,,6.5,,,6.5,1.87,20/23,-115,1.87,20/23,-115,1.95,20/21,-105,1.95,20/21,-105,,,6.5,,,6.5,"[{'language': 'en-US', 'rel': ['home', 'desktop', 'bets', 'espn-bet'], 'href': 'https://espnbet.app.link?$canonical_url=/sport/hockey/organization/united-states/competition/nhl/event/31676d91-dcc9-4aea-aea1-8cc2fb2527a9', 'text': 'Home Bet', 'shortText': 'Home Bet', 'isExternal': True, 'isPremium': False}, {'language': 'en-US', 'rel': ['away', 'desktop', 'bets', 'espn-bet'], 'href': 'https://espnbet.app.link?$canonical_url=/sport/hockey/organization/united-states/competition/nhl/event/31676d91-dcc9-4aea-aea1-8cc2fb2527a9', 'text': 'Away Bet', 'shortText': 'Away Bet', 'isExternal': True, 'isPremium': False}, {'language': 'en-US', 'rel': ['homeSpread', 'desktop', 'bets'], 'href': 'https://espnbet.app.link?$canonical_url=/sport/hockey/organization/united-states/competition/nhl/event/31676d91-dcc9-4aea-aea1-8cc2fb2527a9', 'text': 'Home Point Spread', 'shortText': 'Home Point Spread', 'isExternal': True, 'isPremium': False}, {'language': 'en-US', 'rel': ['awaySpread', 'desktop', 'bets'], 'href': 'https://espnbet.app.link?$canonical_url=/sport/hockey/organization/united-states/competition/nhl/event/31676d91-dcc9-4aea-aea1-8cc2fb2527a9', 'text': 'Away Point Spread', 'shortText': 'Away Point Spread', 'isExternal': True, 'isPremium': False}, {'language': 'en-US', 'rel': ['over', 'desktop', 'bets'], 'href': 'https://espnbet.app.link?$canonical_url=/sport/hockey/organization/united-states/competition/nhl/event/31676d91-dcc9-4aea-aea1-8cc2fb2527a9', 'text': 'Over Odds', 'shortText': 'Over Odds', 'isExternal': True, 'isPremium': False}, {'language': 'en-US', 'rel': ['under', 'desktop', 'bets'], 'href': 'https://espnbet.app.link?$canonical_url=/sport/hockey/organization/united-states/competition/nhl/event/31676d91-dcc9-4aea-aea1-8cc2fb2527a9', 'text': 'Under Odds', 'shortText': 'Under Odds', 'isExternal': True, 'isPremium': False}, {'language': 'en-US', 'rel': ['game', 'desktop', 'bets'], 'href': 'https://espnbet.app.link?$canonical_url=/sport/hockey/organization/united-states/competition/nhl/event/31676d91-dcc9-4aea-aea1-8cc2fb2527a9', 'text': 'Game', 'shortText': 'Game', 'isExternal': True, 'isPremium': False}]"
401559806,http://sports.core.api.espn.com/v2/sports/hockey/leagues/nhl/events/401559806/competitions/401559806/odds/47?lang=en&region=us,DAL -300,6.0,-1.5,-135.0,110.0,False,False,http://sports.core.api.espn.com/v2/sports/hockey/leagues/nhl/providers/47?lang=en&region=us,47,MGM,0,False,True,240,-110.0,False,+1.5,+1.5,2.0,1/1,+100,2.0,1/1,+100,3.4,12/5,+240,3.4,12/5,+240,+1.5,+1.5,1.91,10/11,-110,1.91,10/11,-110,3.4,12/5,+240,3.4,12/5,+240,+1.5,+1.5,1.91,10/11,-110,1.91,10/11,-110,3.4,12/5,+240,3.4,12/5,+240,http://sports.core.api.espn.com/v2/sports/hockey/leagues/nhl/seasons/2024/teams/10?lang=en&region=us,True,False,-300,-110.0,True,-1.5,-1.5,-1.5,-1.5,-1.5,-1.5,1.83,5/6,-120,1.83,5/6,-120,1.33,1/3,-300,1.33,1/3,-300,-1.5,-1.5,-1.5,-1.5,-1.5,-1.5,1.91,10/11,-110,1.91,10/11,-110,1.33,1/3,-300,1.33,1/3,-300,-1.5,-1.5,-1.5,-1.5,-1.5,-1.5,1.91,10/11,-110,1.91,10/11,-110,1.33,1/3,-300,1.33,1/3,-300,http://sports.core.api.espn.com/v2/sports/hockey/leagues/nhl/seasons/2024/teams/9?lang=en&region=us,1.83,5/6,-120,1.83,5/6,-120,2.0,1/1,+100,2.0,1/1,+100,6.0,6,6,6.0,6,6,1.74,20/27,-135,1.74,20/27,-135,2.1,11/10,+110,2.1,11/10,+110,6.0,6,6,6.0,6,6,1.74,20/27,-135,1.74,20/27,-135,2.1,11/10,+110,2.1,11/10,+110,6.0,6,6,6.0,6,6,
401559806,http://sports.core.api.espn.com/v2/sports/hockey/leagues/nhl/events/401559806/competitions/401559806/odds/41?lang=en&region=us,DAL -303,6.0,-1.5,-130.0,107.0,False,False,http://sports.core.api.espn.com/v2/sports/hockey/leagues/nhl/providers/41?lang=en&region=us,41,SugarHouse,0,False,True,240,100.0,False,+1.5,+1.5,2.0,1/1,+100,2.0,1/1,+100,3.2,11/5,+220,3.2,11/5,+220,+1.5,+1.5,2.0,1/1,+100,2.0,1/1,+100,3.4,12/5,+240,3.4,12/5,+240,+1.5,+1.5,2.0,1/1,+100,2.0,1/1,+100,3.4,12/5,+240,3.4,12/5,+240,http://sports.core.api.espn.com/v2/sports/hockey/leagues/nhl/seasons/2024/teams/10?lang=en&region=us,True,False,-303,-122.0,True,-1.5,-1.5,-1.5,-1.5,-1.5,-1.5,1.83,5/6,-120,1.83,5/6,-120,1.36,50/139,-278,1.36,50/139,-278,-1.5,-1.5,-1.5,-1.5,-1.5,-1.5,1.82,50/61,-122,1.82,50/61,-122,1.33,100/303,-303,1.33,100/303,-303,-1.5,-1.5,-1.5,-1.5,-1.5,-1.5,1.82,50/61,-122,1.82,50/61,-122,1.33,100/303,-303,1.33,100/303,-303,http://sports.core.api.espn.com/v2/sports/hockey/leagues/nhl/seasons/2024/teams/9?lang=en&region=us,1.87,20/23,-115,1.87,20/23,-115,1.95,20/21,-105,1.95,20/21,-105,6.0,6,6,6.0,6,6,1.77,10/13,-130,1.77,10/13,-130,2.07,107/100,+107,2.07,107/100,+107,6.0,6,6,6.0,6,6,1.77,10/13,-130,1.77,10/13,-130,2.07,107/100,+107,2.07,107/100,+107,6.0,6,6,6.0,6,6,
401559806,http://sports.core.api.espn.com/v2/sports/hockey/leagues/nhl/events/401559806/competitions/401559806/odds/53?lang=en&region=us,DAL -188,6.5,-1.5,-105.0,-133.0,False,False,http://sports.core.api.espn.com/v2/sports/hockey/leagues/nhl/providers/53?lang=en&region=us,53,Titanbets,0,False,True,350,-105.0,False,+1.5,+1.5,2.0,1/1,+100,2.0,1/1,+100,4.5,7/2,+350,4.5,7/2,+350,+1.5,+1.5,1.95,20/21,-105,1.95,20/21,-105,4.5,7/2,+350,4.5,7/2,+350,+1.5,+1.5,1.95,20/21,-105,1.95,20/21,-105,4.5,7/2,+350,4.5,7/2,+350,http://sports.core.api.espn.com/v2/sports/hockey/leagues/nhl/seasons/2024/teams/10?lang=en&region=us,True,False,-188,-118.0,True,-1.5,-1.5,-1.5,-1.5,-1.5,-1.5,1.8,4/5,-125,1.8,4/5,-125,1.55,50/91,-182,1.55,50/91,-182,-1.5,-1.5,-1.5,-1.5,-1.5,-1.5,1.85,50/59,-118,1.85,50/59,-118,1.53,25/47,-188,1.53,25/47,-188,-1.5,-1.5,-1.5,-1.5,-1.5,-1.5,1.85,50/59,-118,1.85,50/59,-118,1.53,25/47,-188,1.53,25/47,-188,http://sports.core.api.espn.com/v2/sports/hockey/leagues/nhl/seasons/2024/teams/9?lang=en&region=us,2.25,5/4,+125,2.25,5/4,+125,1.57,4/7,-175,1.57,4/7,-175,6.5,6.5,6.5,6.5,6.5,6.5,1.95,20/21,-105,1.95,20/21,-105,1.75,100/133,-133,1.75,100/133,-133,6.5,6.5,6.5,6.5,6.5,6.5,1.95,20/21,-105,1.95,20/21,-105,1.75,100/133,-133,1.75,100/133,-133,6.5,6.5,6.5,6.5,6.5,6.5,
401559806,http://sports.core.api.espn.com/v2/sports/hockey/leagues/nhl/events/401559806/competitions/401559806/odds/36?lang=en&region=us,DAL -186,5.5,-1.5,-190.0,150.0,False,False,http://sports.core.api.espn.com/v2/sports/hockey/leagues/nhl/providers/36?lang=en&region=us,36,Unibet,0,False,True,390,-103.0,False,+1.5,+1.5,2.0,1/1,+100,2.0,1/1,+100,4.5,7/2,+350,4.5,7/2,+350,+1.5,+1.5,1.97,100/103,-103,1.97,100/103,-103,4.9,39/10,+390,4.9,39/10,+390,+1.5,+1.5,1.97,100/103,-103,1.97,100/103,-103,4.9,39/10,+390,4.9,39/10,+390,http://sports.core.api.espn.com/v2/sports/hockey/leagues/nhl/seasons/2024/teams/10?lang=en&region=us,True,False,-186,-120.0,True,-1.5,-1.5,-1.5,-1.5,-1.5,-1.5,1.83,100/121,-121,1.83,100/121,-121,1.6,100/167,-167,1.6,100/167,-167,-1.5,-1.5,-1.5,-1.5,-1.5,-1.5,1.83,5/6,-120,1.83,5/6,-120,1.54,50/93,-186,1.54,50/93,-186,-1.5,-1.5,-1.5,-1.5,-1.5,-1.5,1.83,5/6,-120,1.83,5/6,-120,1.54,50/93,-186,1.54,50/93,-186,http://sports.core.api.espn.com/v2/sports/hockey/leagues/nhl/seasons/2024/teams/9?lang=en&region=us,1.61,20/33,-165,1.61,20/33,-165,2.35,27/20,+135,2.35,27/20,+135,5.5,5.5,5.5,5.5,5.5,5.5,1.53,10/19,-190,1.53,10/19,-190,2.5,3/2,+150,2.5,3/2,+150,5.5,5.5,5.5,5.5,5.5,5.5,1.53,10/19,-190,1.53,10/19,-190,2.5,3/2,+150,2.5,3/2,+150,5.5,5.5,5.5,5.5,5.5,5.5,
401559807,http://sports.core.api.espn.com/v2/sports/hockey/leagues/nhl/events/401559807/competitions/401559807/odds/1001?lang=en&region=us,MIN +150,6.0,-1.5,-115.0,-105.0,False,False,http://sports.core.api.espn.com/v2/sports/hockey/leagues/nhl/providers/1001?lang=en&region=us,1001,Bet365,0,False,True,140,-270.0,False,+1.5,+1.5,1.45,5/11,-220,1.45,5/11,-220,2.65,33/20,+165,2.65,33/20,+165,+1.5,+1.5,1.37,10/27,-270,1.37,10/27,-270,2.4,7/5,+140,2.4,7/5,+140,+1.5,+1.5,1.37,10/27,-270,1.37,10/27,-270,2.4,7/5,+140,2.4,7/5,+140,http://sports.core.api.espn.com/v2/sports/hockey/leagues/nhl/seasons/2024/teams/3?lang=en&region=us,True,False,150,220.0,True,-1.5,-1.5,-1.5,-1.5,-1.5,-1.5,2.8,9/5,+180,2.8,9/5,+180,2.25,5/4,+125,2.25,5/4,+125,-1.5,-1.5,-1.5,-1.5,-1.5,-1.5,3.2,11/5,+220,3.2,11/5,+220,2.5,3/2,+150,2.5,3/2,+150,-1.5,-1.5,-1.5,-1.5,-1.5,-1.5,3.2,11/5,+220,3.2,11/5,+220,2.5,3/2,+150,2.5,3/2,+150,http://sports.core.api.espn.com/v2/sports/hockey/leagues/nhl/seasons/2024/teams/30?lang=en&region=us,1.83,5/6,-120,1.83,5/6,-120,2.0,1/1,+100,2.0,1/1,+100,6.0,6,6,6.0,6,6,1.87,20/23,-115,1.87,20/23,-115,1.95,20/21,-105,1.95,20/21,-105,6.0,6,6,6.0,6,6,1.87,20/23,-115,1.87,20/23,-115,1.95,20/21,-105,1.95,20/21,-105,6.0,6,6,6.0,6,6,
401559807,http://sports.core.api.espn.com/v2/sports/hockey/leagues/nhl/events/401559807/competitions/401559807/odds/50?lang=en&region=us,CGY -120,6.5,1.5,110.0,-130.0,False,False,http://sports.core.api.espn.com/v2/sports/hockey/leagues/nhl/providers/50?lang=en&region=us,50,BetfairSportsbook,0,True,False,-120,210.0,False,+1.5,+1.5,1.54,20/37,-185,1.54,20/37,-185,2.25,5/4,+125,2.25,5/4,+125,-1.5,-1.5,3.1,21/10,+210,3.1,21/10,+210,1.83,5/6,-120,1.83,5/6,-120,-1.5,-1.5,3.1,21/10,+210,3.1,21/10,+210,1.83,5/6,-120,1.83,5/6,-120,http://sports.core.api.espn.com/v2/sports/hockey/leagues/nhl/seasons/2024/teams/3?lang=en&region=us,False,True,100,-250.0,True,-1.5,-1.5,-1.5,-1.5,-1.5,-1.5,2.55,31/20,+155,2.55,31/20,+155,1.67,2/3,-150,1.67,2/3,-150,1.5,1.5,+1.5,1.5,1.5,+1.5,1.4,2/5,-250,1.4,2/5,-250,2.0,1/1,+100,2.0,1/1,+100,1.5,1.5,+1.5,1.5,1.5,+1.5,1.4,2/5,-250,1.4,2/5,-250,2.0,1/1,+100,2.0,1/1,+100,http://sports.core.api.espn.com/v2/sports/hockey/leagues/nhl/seasons/2024/teams/30?lang=en&region=us,1.91,10/11,-110,1.91,10/11,-110,1.91,10/11,-110,1.91,10/11,-110,6.5,6.5,6.5,6.5,6.5,6.5,2.1,11/10,+110,2.1,11/10,+110,1.77,10/13,-130,1.77,10/13,-130,6.5,6.5,6.5,6.5,6.5,6.5,2.1,11/10,+110,2.1,11/10,+110,1.77,10/13,-130,1.77,10/13,-130,6.5,6.5,6.5,6.5,6.5,6.5,
401559807,http://sports.core.api.espn.com/v2/sports/hockey/leagues/nhl/events/401559807/competitions/401559807/odds/52?lang=en&region=us,MIN -105,6.0,-1.5,-115.0,-105.0,False,False,http://sports.core.api.espn.com/v2/sports/hockey/leagues/nhl/providers/52?lang=en&region=us,52,Caesars Sportsbook (Colorado),0,False,True,-115,-267.0,False,+1.5,+1.5,1.48,10/21,-210,1.48,10/21,-210,2.15,23/20,+115,2.15,23/20,+115,+1.5,+1.5,1.37,100/267,-267,1.37,100/267,-267,1.87,20/23,-115,1.87,20/23,-115,+1.5,+1.5,1.37,100/267,-267,1.37,100/267,-267,1.87,20/23,-115,1.87,20/23,-115,http://sports.core.api.espn.com/v2/sports/hockey/leagues/nhl/seasons/2024/teams/3?lang=en&region=us,True,False,-105,215.0,True,-1.5,-1.5,-1.5,-1.5,-1.5,-1.5,2.75,7/4,+175,2.75,7/4,+175,1.74,20/27,-135,1.74,20/27,-135,-1.5,-1.5,-1.5,-1.5,-1.5,-1.5,3.15,43/20,+215,3.15,43/20,+215,1.95,20/21,-105,1.95,20/21,-105,-1.5,-1.5,-1.5,-1.5,-1.5,-1.5,3.15,43/20,+215,3.15,43/20,+215,1.95,20/21,-105,1.95,20/21,-105,http://sports.core.api.espn.com/v2/sports/hockey/leagues/nhl/seasons/2024/teams/30?lang=en&region=us,1.83,5/6,-120,1.83,5/6,-120,2.0,1/1,+100,2.0,1/1,+100,6.0,6,6,6.0,6,6,1.87,20/23,-115,1.87,20/23,-115,1.95,20/21,-105,1.95,20/21,-105,6.0,6,6,6.0,6,6,1.87,20/23,-115,1.87,20/23,-115,1.95,20/21,-105,1.95,20/21,-105,6.0,6,6,6.0,6,6,
401559807,http://sports.core.api.espn.com/v2/sports/hockey/leagues/nhl/events/401559807/competitions/401559807/odds/45?lang=en&region=us,MIN -105,6.0,-1.5,-115.0,-105.0,False,False,http://sports.core.api.espn.com/v2/sports/hockey/leagues/nhl/providers/45?lang=en&region=us,45,Caesars Sportsbook (New Jersey),0,False,True,-115,-267.0,False,+1.5,+1.5,1.48,10/21,-210,1.48,10/21,-210,2.15,23/20,+115,2.15,23/20,+115,+1.5,+1.5,1.37,100/267,-267,1.37,100/267,-267,1.87,20/23,-115,1.87,20/23,-115,+1.5,+1.5,1.37,100/267,-267,1.37,100/267,-267,1.87,20/23,-115,1.87,20/23,-115,http://sports.core.api.espn.com/v2/sports/hockey/leagues/nhl/seasons/2024/teams/3?lang=en&region=us,True,False,-105,215.0,True,-1.5,-1.5,-1.5,-1.5,-1.5,-1.5,2.75,7/4,+175,2.75,7/4,+175,1.74,20/27,-135,1.74,20/27,-135,-1.5,-1.5,-1.5,-1.5,-1.5,-1.5,3.15,43/20,+215,3.15,43/20,+215,1.95,20/21,-105,1.95,20/21,-105,-1.5,-1.5,-1.5,-1.5,-1.5,-1.5,3.15,43/20,+215,3.15,43/20,+215,1.95,20/21,-105,1.95,20/21,-105,http://sports.core.api.espn.com/v2/sports/hockey/leagues/nhl/seasons/2024/teams/30?lang=en&region=us,1.83,5/6,-120,1.83,5/6,-120,2.0,1/1,+100,2.0,1/1,+100,6.0,6,6,6.0,6,6,1.87,20/23,-115,1.87,20/23,-115,1.95,20/21,-105,1.95,20/21,-105,6.0,6,6,6.0,6,6,1.87,20/23,-115,1.87,20/23,-115,1.95,20/21,-105,1.95,20/21,-105,6.0,6,6,6.0,6,6,
401559807,http://sports.core.api.espn.com/v2/sports/hockey/leagues/nhl/events/401559807/competitions/401559807/odds/57?lang=en&region=us,MIN -111,6.0,-1.5,-115.0,-105.0,False,False,http://sports.core.api.espn.com/v2/sports/hockey/leagues/nhl/providers/57?lang=en&region=us,57,Caesars Sportsbook (Tennessee),0,False,True,-123,-267.0,False,+1.5,+1.5,1.48,10/21,-210,1.48,10/21,-210,2.06,53/50,+106,2.06,53/50,+106,+1.5,+1.5,1.37,100/267,-267,1.37,100/267,-267,1.81,100/123,-123,1.81,100/123,-123,+1.5,+1.5,1.37,100/267,-267,1.37,100/267,-267,1.81,100/123,-123,1.81,100/123,-123,http://sports.core.api.espn.com/v2/sports/hockey/leagues/nhl/seasons/2024/teams/3?lang=en&region=us,True,False,-111,215.0,True,-1.5,-1.5,-1.5,-1.5,-1.5,-1.5,2.75,7/4,+175,2.75,7/4,+175,1.69,20/29,-145,1.69,20/29,-145,-1.5,-1.5,-1.5,-1.5,-1.5,-1.5,3.15,43/20,+215,3.15,43/20,+215,1.9,100/111,-111,1.9,100/111,-111,-1.5,-1.5,-1.5,-1.5,-1.5,-1.5,3.15,43/20,+215,3.15,43/20,+215,1.9,100/111,-111,1.9,100/111,-111,http://sports.core.api.espn.com/v2/sports/hockey/leagues/nhl/seasons/2024/teams/30?lang=en&region=us,1.83,5/6,-120,1.83,5/6,-120,2.0,1/1,+100,2.0,1/1,+100,6.0,6,6,6.0,6,6,1.87,20/23,-115,1.87,20/23,-115,1.95,20/21,-105,1.95,20/21,-105,6.0,6,6,6.0,6,6,1.87,20/23,-115,1.87,20/23,-115,1.95,20/21,-105,1.95,20/21,-105,6.0,6,6,6.0,6,6,
401559807,http://sports.core.api.espn.com/v2/sports/hockey/leagues/nhl/events/401559807/competitions/401559807/odds/40?lang=en&region=us,MIN +125,,-1.5,,,False,False,http://sports.core.api.espn.com/v2/sports/hockey/leagues/nhl/providers/40?lang=en&region=us,40,DraftKings,0,False,True,140,-270.0,False,+1.5,+1.5,1.49,20/41,-205,1.49,20/41,-205,2.85,37/20,+185,2.85,37/20,+185,+1.5,+1.5,1.37,10/27,-270,1.37,10/27,-270,2.4,7/5,+140,2.4,7/5,+140,+1.5,+1.5,1.37,10/27,-270,1.37,10/27,-270,2.4,7/5,+140,2.4,7/5,+140,http://sports.core.api.espn.com/v2/sports/hockey/leagues/nhl/seasons/2024/teams/3?lang=en&region=us,True,False,125,220.0,True,-1.5,-1.5,-1.5,-1.5,-1.5,-1.5,2.7,17/10,+170,2.7,17/10,+170,1.95,20/21,-105,1.95,20/21,-105,-1.5,-1.5,-1.5,-1.5,-1.5,-1.5,3.2,11/5,+220,3.2,11/5,+220,2.25,5/4,+125,2.25,5/4,+125,-1.5,-1.5,-1.5,-1.5,-1.5,-1.5,3.2,11/5,+220,3.2,11/5,+220,2.25,5/4,+125,2.25,5/4,+125,http://sports.core.api.espn.com/v2/sports/hockey/leagues/nhl/seasons/2024/teams/30?lang=en&region=us,,,,,,,,,,,,,,,,,,,,,,,,,,,,,,,,,,,,,,,,,,,,,,,,,,,,,,,
401559807,http://sports.core.api.espn.com/v2/sports/hockey/leagues/nhl/events/401559807/competitions/401559807/odds/58?lang=en&region=us,CGY -120,5.5,1.5,-135.0,115.0,False,False,http://sports.core.api.espn.com/v2/sports/hockey/leagues/nhl/providers/58?lang=en&region=us,58,ESPN BET,0,True,False,-120,210.0,False,+1.5,+1.5,1.47,20/43,-215,1.47,20/43,-215,2.2,6/5,+120,2.2,6/5,+120,-1.5,-1.5,3.1,21/10,+210,3.1,21/10,+210,1.83,5/6,-120,1.83,5/6,-120,-1.5,-1.5,3.1,21/10,+210,3.1,21/10,+210,1.83,5/6,-120,1.83,5/6,-120,http://sports.core.api.espn.com/v2/sports/hockey/leagues/nhl/seasons/2024/teams/3?lang=en&region=us,False,True,100,-300.0,True,,,-1.5,,,-1.5,2.7,17/10,+170,2.7,17/10,+170,1.71,5/7,-140,1.71,5/7,-140,,,+1.5,,,+1.5,1.33,1/3,-300,1.33,1/3,-300,2.0,1/1,+100,2.0,1/1,+100,,,+1.5,,,+1.5,1.33,1/3,-300,1.33,1/3,-300,2.0,1/1,+100,2.0,1/1,+100,http://sports.core.api.espn.com/v2/sports/hockey/leagues/nhl/seasons/2024/teams/30?lang=en&region=us,2.1,11/10,+110,2.1,11/10,+110,1.77,10/13,-130,1.77,10/13,-130,,,6.5,,,6.5,1.74,20/27,-135,1.74,20/27,-135,2.15,23/20,+115,2.15,23/20,+115,,,5.5,,,5.5,1.74,20/27,-135,1.74,20/27,-135,2.15,23/20,+115,2.15,23/20,+115,,,5.5,,,5.5,"[{'language': 'en-US', 'rel': ['home', 'desktop', 'bets', 'espn-bet'], 'href': 'https://espnbet.app.link?$canonical_url=/sport/hockey/organization/united-states/competition/nhl/event/6cdaba01-8a79-49d7-8e48-4a80f0ef8a76', 'text': 'Home Bet', 'shortText': 'Home Bet', 'isExternal': True, 'isPremium': False}, {'language': 'en-US', 'rel': ['away', 'desktop', 'bets', 'espn-bet'], 'href': 'https://espnbet.app.link?$canonical_url=/sport/hockey/organization/united-states/competition/nhl/event/6cdaba01-8a79-49d7-8e48-4a80f0ef8a76', 'text': 'Away Bet', 'shortText': 'Away Bet', 'isExternal': True, 'isPremium': False}, {'language': 'en-US', 'rel': ['homeSpread', 'desktop', 'bets'], 'href': 'https://espnbet.app.link?$canonical_url=/sport/hockey/organization/united-states/competition/nhl/event/6cdaba01-8a79-49d7-8e48-4a80f0ef8a76', 'text': 'Home Point Spread', 'shortText': 'Home Point Spread', 'isExternal': True, 'isPremium': False}, {'language': 'en-US', 'rel': ['awaySpread', 'desktop', 'bets'], 'href': 'https://espnbet.app.link?$canonical_url=/sport/hockey/organization/united-states/competition/nhl/event/6cdaba01-8a79-49d7-8e48-4a80f0ef8a76', 'text': 'Away Point Spread', 'shortText': 'Away Point Spread', 'isExternal': True, 'isPremium': False}, {'language': 'en-US', 'rel': ['over', 'desktop', 'bets'], 'href': 'https://espnbet.app.link?$canonical_url=/sport/hockey/organization/united-states/competition/nhl/event/6cdaba01-8a79-49d7-8e48-4a80f0ef8a76', 'text': 'Over Odds', 'shortText': 'Over Odds', 'isExternal': True, 'isPremium': False}, {'language': 'en-US', 'rel': ['under', 'desktop', 'bets'], 'href': 'https://espnbet.app.link?$canonical_url=/sport/hockey/organization/united-states/competition/nhl/event/6cdaba01-8a79-49d7-8e48-4a80f0ef8a76', 'text': 'Under Odds', 'shortText': 'Under Odds', 'isExternal': True, 'isPremium': False}, {'language': 'en-US', 'rel': ['game', 'desktop', 'bets'], 'href': 'https://espnbet.app.link?$canonical_url=/sport/hockey/organization/united-states/competition/nhl/event/6cdaba01-8a79-49d7-8e48-4a80f0ef8a76', 'text': 'Game', 'shortText': 'Game', 'isExternal': True, 'isPremium': False}]"
401559807,http://sports.core.api.espn.com/v2/sports/hockey/leagues/nhl/events/401559807/competitions/401559807/odds/47?lang=en&region=us,MIN -105,6.0,-1.5,-110.0,-110.0,False,False,http://sports.core.api.espn.com/v2/sports/hockey/leagues/nhl/providers/47?lang=en&region=us,47,MGM,0,False,True,-115,-275.0,False,+1.5,+1.5,1.48,10/21,-210,1.48,10/21,-210,2.15,23/20,+115,2.15,23/20,+115,+1.5,+1.5,1.36,4/11,-275,1.36,4/11,-275,1.87,20/23,-115,1.87,20/23,-115,+1.5,+1.5,1.36,4/11,-275,1.36,4/11,-275,1.87,20/23,-115,1.87,20/23,-115,http://sports.core.api.espn.com/v2/sports/hockey/leagues/nhl/seasons/2024/teams/3?lang=en&region=us,True,False,-105,220.0,True,-1.5,-1.5,-1.5,-1.5,-1.5,-1.5,2.7,17/10,+170,2.7,17/10,+170,1.74,20/27,-135,1.74,20/27,-135,-1.5,-1.5,-1.5,-1.5,-1.5,-1.5,3.2,11/5,+220,3.2,11/5,+220,1.95,20/21,-105,1.95,20/21,-105,-1.5,-1.5,-1.5,-1.5,-1.5,-1.5,3.2,11/5,+220,3.2,11/5,+220,1.95,20/21,-105,1.95,20/21,-105,http://sports.core.api.espn.com/v2/sports/hockey/leagues/nhl/seasons/2024/teams/30?lang=en&region=us,1.83,5/6,-120,1.83,5/6,-120,2.0,1/1,+100,2.0,1/1,+100,6.0,6,6,6.0,6,6,1.91,10/11,-110,1.91,10/11,-110,1.91,10/11,-110,1.91,10/11,-110,6.0,6,6,6.0,6,6,1.91,10/11,-110,1.91,10/11,-110,1.91,10/11,-110,1.91,10/11,-110,6.0,6,6,6.0,6,6,
401559807,http://sports.core.api.espn.com/v2/sports/hockey/leagues/nhl/events/401559807/competitions/401559807/odds/41?lang=en&region=us,MIN -106,5.5,-1.5,-133.0,110.0,False,False,http://sports.core.api.espn.com/v2/sports/hockey/leagues/nhl/providers/41?lang=en&region=us,41,SugarHouse,0,False,True,-114,-286.0,False,+1.5,+1.5,1.41,25/61,-244,1.41,25/61,-244,1.95,20/21,-105,1.95,20/21,-105,+1.5,+1.5,1.35,50/143,-286,1.35,50/143,-286,1.88,50/57,-114,1.88,50/57,-114,+1.5,+1.5,1.35,50/143,-286,1.35,50/143,-286,1.88,50/57,-114,1.88,50/57,-114,http://sports.core.api.espn.com/v2/sports/hockey/leagues/nhl/seasons/2024/teams/3?lang=en&region=us,True,False,-106,225.0,True,-1.5,-1.5,-1.5,-1.5,-1.5,-1.5,2.95,39/20,+195,2.95,39/20,+195,1.87,20/23,-115,1.87,20/23,-115,-1.5,-1.5,-1.5,-1.5,-1.5,-1.5,3.25,9/4,+225,3.25,9/4,+225,1.94,50/53,-106,1.94,50/53,-106,-1.5,-1.5,-1.5,-1.5,-1.5,-1.5,3.25,9/4,+225,3.25,9/4,+225,1.94,50/53,-106,1.94,50/53,-106,http://sports.core.api.espn.com/v2/sports/hockey/leagues/nhl/seasons/2024/teams/30?lang=en&region=us,2.02,51/50,+102,2.02,51/50,+102,1.81,100/123,-123,1.81,100/123,-123,6.0,6,6,6.0,6,6,1.75,100/133,-133,1.75,100/133,-133,2.1,11/10,+110,2.1,11/10,+110,5.5,5.5,5.5,5.5,5.5,5.5,1.75,100/133,-133,1.75,100/133,-133,2.1,11/10,+110,2.1,11/10,+110,5.5,5.5,5.5,5.5,5.5,5.5,
401559807,http://sports.core.api.espn.com/v2/sports/hockey/leagues/nhl/events/401559807/competitions/401559807/odds/53?lang=en&region=us,MIN +145,5.5,-1.5,-143.0,105.0,False,False,http://sports.core.api.espn.com/v2/sports/hockey/leagues/nhl/providers/53?lang=en&region=us,53,Titanbets,0,False,True,130,-275.0,False,+1.5,+1.5,1.45,50/111,-222,1.45,50/111,-222,2.7,17/10,+170,2.7,17/10,+170,+1.5,+1.5,1.36,4/11,-275,1.36,4/11,-275,2.3,13/10,+130,2.3,13/10,+130,+1.5,+1.5,1.36,4/11,-275,1.36,4/11,-275,2.3,13/10,+130,2.3,13/10,+130,http://sports.core.api.espn.com/v2/sports/hockey/leagues/nhl/seasons/2024/teams/3?lang=en&region=us,True,False,145,220.0,True,-1.5,-1.5,-1.5,-1.5,-1.5,-1.5,2.8,9/5,+180,2.8,9/5,+180,2.1,11/10,+110,2.1,11/10,+110,-1.5,-1.5,-1.5,-1.5,-1.5,-1.5,3.2,11/5,+220,3.2,11/5,+220,2.45,29/20,+145,2.45,29/20,+145,-1.5,-1.5,-1.5,-1.5,-1.5,-1.5,3.2,11/5,+220,3.2,11/5,+220,2.45,29/20,+145,2.45,29/20,+145,http://sports.core.api.espn.com/v2/sports/hockey/leagues/nhl/seasons/2024/teams/30?lang=en&region=us,1.61,100/163,-163,1.61,100/163,-163,2.15,23/20,+115,2.15,23/20,+115,5.5,5.5,5.5,5.5,5.5,5.5,1.7,100/143,-143,1.7,100/143,-143,2.05,21/20,+105,2.05,21/20,+105,5.5,5.5,5.5,5.5,5.5,5.5,1.7,100/143,-143,1.7,100/143,-143,2.05,21/20,+105,2.05,21/20,+105,5.5,5.5,5.5,5.5,5.5,5.5,
401559807,http://sports.core.api.espn.com/v2/sports/hockey/leagues/nhl/events/401559807/competitions/401559807/odds/36?lang=en&region=us,MIN +150,5.5,-1.5,-134.0,110.0,False,False,http://sports.core.api.espn.com/v2/sports/hockey/leagues/nhl/providers/36?lang=en&region=us,36,Unibet,0,False,True,140,-278.0,False,+1.5,+1.5,1.41,20/49,-245,1.41,20/49,-245,2.5,3/2,+150,2.5,3/2,+150,+1.5,+1.5,1.36,50/139,-278,1.36,50/139,-278,2.4,7/5,+140,2.4,7/5,+140,+1.5,+1.5,1.36,50/139,-278,1.36,50/139,-278,2.4,7/5,+140,2.4,7/5,+140,http://sports.core.api.espn.com/v2/sports/hockey/leagues/nhl/seasons/2024/teams/3?lang=en&region=us,True,False,150,225.0,True,-1.5,-1.5,-1.5,-1.5,-1.5,-1.5,2.95,39/20,+195,2.95,39/20,+195,2.38,69/50,+138,2.38,69/50,+138,-1.5,-1.5,-1.5,-1.5,-1.5,-1.5,3.25,9/4,+225,3.25,9/4,+225,2.5,3/2,+150,2.5,3/2,+150,-1.5,-1.5,-1.5,-1.5,-1.5,-1.5,3.25,9/4,+225,3.25,9/4,+225,2.5,3/2,+150,2.5,3/2,+150,http://sports.core.api.espn.com/v2/sports/hockey/leagues/nhl/seasons/2024/teams/30?lang=en&region=us,1.7,100/143,-143,1.7,100/143,-143,2.18,59/50,+118,2.18,59/50,+118,5.5,5.5,5.5,5.5,5.5,5.5,1.75,50/67,-134,1.75,50/67,-134,2.1,11/10,+110,2.1,11/10,+110,5.5,5.5,5.5,5.5,5.5,5.5,1.75,50/67,-134,1.75,50/67,-134,2.1,11/10,+110,2.1,11/10,+110,5.5,5.5,5.5,5.5,5.5,5.5,
401559808,http://sports.core.api.espn.com/v2/sports/hockey/leagues/nhl/events/401559808/competitions/401559808/odds/1001?lang=en&region=us,WPG +120,6.0,-1.5,-115.0,-105.0,False,False,http://sports.core.api.espn.com/v2/sports/hockey/leagues/nhl/providers/1001?lang=en&region=us,1001,Bet365,0,False,True,175,-210.0,False,+1.5,+1.5,1.44,4/9,-225,1.44,4/9,-225,2.65,33/20,+165,2.65,33/20,+165,+1.5,+1.5,1.48,10/21,-210,1.48,10/21,-210,2.75,7/4,+175,2.75,7/4,+175,+1.5,+1.5,1.48,10/21,-210,1.48,10/21,-210,2.75,7/4,+175,2.75,7/4,+175,http://sports.core.api.espn.com/v2/sports/hockey/leagues/nhl/seasons/2024/teams/20?lang=en&region=us,True,False,120,175.0,True,-1.5,-1.5,-1.5,-1.5,-1.5,-1.5,2.85,37/20,+185,2.85,37/20,+185,2.25,5/4,+125,2.25,5/4,+125,-1.5,-1.5,-1.5,-1.5,-1.5,-1.5,2.75,7/4,+175,2.75,7/4,+175,2.2,6/5,+120,2.2,6/5,+120,-1.5,-1.5,-1.5,-1.5,-1.5,-1.5,2.75,7/4,+175,2.75,7/4,+175,2.2,6/5,+120,2.2,6/5,+120,http://sports.core.api.espn.com/v2/sports/hockey/leagues/nhl/seasons/2024/teams/28?lang=en&region=us,2.05,21/20,+105,2.05,21/20,+105,1.8,4/5,-125,1.8,4/5,-125,6.5,6.5,6.5,6.5,6.5,6.5,1.87,20/23,-115,1.87,20/23,-115,1.95,20/21,-105,1.95,20/21,-105,6.0,6,6,6.0,6,6,1.87,20/23,-115,1.87,20/23,-115,1.95,20/21,-105,1.95,20/21,-105,6.0,6,6,6.0,6,6,
401559808,http://sports.core.api.espn.com/v2/sports/hockey/leagues/nhl/events/401559808/competitions/401559808/odds/50?lang=en&region=us,WPG -138,6.5,-1.5,110.0,-130.0,False,False,http://sports.core.api.espn.com/v2/sports/hockey/leagues/nhl/providers/50?lang=en&region=us,50,BetfairSportsbook,0,False,True,115,-205.0,False,+1.5,+1.5,1.49,20/41,-205,1.49,20/41,-205,2.1,11/10,+110,2.1,11/10,+110,+1.5,+1.5,1.49,20/41,-205,1.49,20/41,-205,2.15,23/20,+115,2.15,23/20,+115,+1.5,+1.5,1.49,20/41,-205,1.49,20/41,-205,2.15,23/20,+115,2.15,23/20,+115,http://sports.core.api.espn.com/v2/sports/hockey/leagues/nhl/seasons/2024/teams/20?lang=en&region=us,True,False,-138,170.0,True,-1.5,-1.5,-1.5,-1.5,-1.5,-1.5,2.7,17/10,+170,2.7,17/10,+170,1.77,10/13,-130,1.77,10/13,-130,-1.5,-1.5,-1.5,-1.5,-1.5,-1.5,2.7,17/10,+170,2.7,17/10,+170,1.72,50/69,-138,1.72,50/69,-138,-1.5,-1.5,-1.5,-1.5,-1.5,-1.5,2.7,17/10,+170,2.7,17/10,+170,1.72,50/69,-138,1.72,50/69,-138,http://sports.core.api.espn.com/v2/sports/hockey/leagues/nhl/seasons/2024/teams/28?lang=en&region=us,1.91,10/11,-110,1.91,10/11,-110,1.91,10/11,-110,1.91,10/11,-110,6.5,6.5,6.5,6.5,6.5,6.5,2.1,11/10,+110,2.1,11/10,+110,1.77,10/13,-130,1.77,10/13,-130,6.5,6.5,6.5,6.5,6.5,6.5,2.1,11/10,+110,2.1,11/10,+110,1.77,10/13,-130,1.77,10/13,-130,6.5,6.5,6.5,6.5,6.5,6.5,
401559808,http://sports.core.api.espn.com/v2/sports/hockey/leagues/nhl/events/401559808/competitions/401559808/odds/52?lang=en&region=us,WPG -140,6.0,-1.5,-115.0,-105.0,False,False,http://sports.core.api.espn.com/v2/sports/hockey/leagues/nhl/providers/52?lang=en&region=us,52,Caesars Sportsbook (Colorado),0,False,True,118,-210.0,False,+1.5,+1.5,1.45,5/11,-220,1.45,5/11,-220,2.1,11/10,+110,2.1,11/10,+110,+1.5,+1.5,1.48,10/21,-210,1.48,10/21,-210,2.18,59/50,+118,2.18,59/50,+118,+1.5,+1.5,1.48,10/21,-210,1.48,10/21,-210,2.18,59/50,+118,2.18,59/50,+118,http://sports.core.api.espn.com/v2/sports/hockey/leagues/nhl/seasons/2024/teams/20?lang=en&region=us,True,False,-140,175.0,True,-1.5,-1.5,-1.5,-1.5,-1.5,-1.5,2.8,9/5,+180,2.8,9/5,+180,1.77,10/13,-130,1.77,10/13,-130,-1.5,-1.5,-1.5,-1.5,-1.5,-1.5,2.75,7/4,+175,2.75,7/4,+175,1.71,5/7,-140,1.71,5/7,-140,-1.5,-1.5,-1.5,-1.5,-1.5,-1.5,2.75,7/4,+175,2.75,7/4,+175,1.71,5/7,-140,1.71,5/7,-140,http://sports.core.api.espn.com/v2/sports/hockey/leagues/nhl/seasons/2024/teams/28?lang=en&region=us,2.1,11/10,+110,2.1,11/10,+110,1.77,10/13,-130,1.77,10/13,-130,6.5,6.5,6.5,6.5,6.5,6.5,1.87,20/23,-115,1.87,20/23,-115,1.95,20/21,-105,1.95,20/21,-105,6.0,6,6,6.0,6,6,1.87,20/23,-115,1.87,20/23,-115,1.95,20/21,-105,1.95,20/21,-105,6.0,6,6,6.0,6,6,
401559808,http://sports.core.api.espn.com/v2/sports/hockey/leagues/nhl/events/401559808/competitions/401559808/odds/45?lang=en&region=us,WPG -140,6.0,-1.5,-115.0,-105.0,False,False,http://sports.core.api.espn.com/v2/sports/hockey/leagues/nhl/providers/45?lang=en&region=us,45,Caesars Sportsbook (New Jersey),0,False,True,118,-210.0,False,+1.5,+1.5,1.45,5/11,-220,1.45,5/11,-220,2.1,11/10,+110,2.1,11/10,+110,+1.5,+1.5,1.48,10/21,-210,1.48,10/21,-210,2.18,59/50,+118,2.18,59/50,+118,+1.5,+1.5,1.48,10/21,-210,1.48,10/21,-210,2.18,59/50,+118,2.18,59/50,+118,http://sports.core.api.espn.com/v2/sports/hockey/leagues/nhl/seasons/2024/teams/20?lang=en&region=us,True,False,-140,175.0,True,-1.5,-1.5,-1.5,-1.5,-1.5,-1.5,2.8,9/5,+180,2.8,9/5,+180,1.77,10/13,-130,1.77,10/13,-130,-1.5,-1.5,-1.5,-1.5,-1.5,-1.5,2.75,7/4,+175,2.75,7/4,+175,1.71,5/7,-140,1.71,5/7,-140,-1.5,-1.5,-1.5,-1.5,-1.5,-1.5,2.75,7/4,+175,2.75,7/4,+175,1.71,5/7,-140,1.71,5/7,-140,http://sports.core.api.espn.com/v2/sports/hockey/leagues/nhl/seasons/2024/teams/28?lang=en&region=us,2.1,11/10,+110,2.1,11/10,+110,1.77,10/13,-130,1.77,10/13,-130,6.5,6.5,6.5,6.5,6.5,6.5,1.87,20/23,-115,1.87,20/23,-115,1.95,20/21,-105,1.95,20/21,-105,6.0,6,6,6.0,6,6,1.87,20/23,-115,1.87,20/23,-115,1.95,20/21,-105,1.95,20/21,-105,6.0,6,6,6.0,6,6,
401559808,http://sports.core.api.espn.com/v2/sports/hockey/leagues/nhl/events/401559808/competitions/401559808/odds/57?lang=en&region=us,WPG -154,6.0,-1.5,-115.0,-105.0,False,False,http://sports.core.api.espn.com/v2/sports/hockey/leagues/nhl/providers/57?lang=en&region=us,57,Caesars Sportsbook (Tennessee),0,False,True,112,-210.0,False,+1.5,+1.5,1.45,5/11,-220,1.45,5/11,-220,2.02,51/50,+102,2.02,51/50,+102,+1.5,+1.5,1.48,10/21,-210,1.48,10/21,-210,2.12,28/25,+112,2.12,28/25,+112,+1.5,+1.5,1.48,10/21,-210,1.48,10/21,-210,2.12,28/25,+112,2.12,28/25,+112,http://sports.core.api.espn.com/v2/sports/hockey/leagues/nhl/seasons/2024/teams/20?lang=en&region=us,True,False,-154,175.0,True,-1.5,-1.5,-1.5,-1.5,-1.5,-1.5,2.8,9/5,+180,2.8,9/5,+180,1.72,100/139,-139,1.72,100/139,-139,-1.5,-1.5,-1.5,-1.5,-1.5,-1.5,2.75,7/4,+175,2.75,7/4,+175,1.65,50/77,-154,1.65,50/77,-154,-1.5,-1.5,-1.5,-1.5,-1.5,-1.5,2.75,7/4,+175,2.75,7/4,+175,1.65,50/77,-154,1.65,50/77,-154,http://sports.core.api.espn.com/v2/sports/hockey/leagues/nhl/seasons/2024/teams/28?lang=en&region=us,2.1,11/10,+110,2.1,11/10,+110,1.77,10/13,-130,1.77,10/13,-130,6.5,6.5,6.5,6.5,6.5,6.5,1.87,20/23,-115,1.87,20/23,-115,1.95,20/21,-105,1.95,20/21,-105,6.0,6,6,6.0,6,6,1.87,20/23,-115,1.87,20/23,-115,1.95,20/21,-105,1.95,20/21,-105,6.0,6,6,6.0,6,6,
401559808,http://sports.core.api.espn.com/v2/sports/hockey/leagues/nhl/events/401559808/competitions/401559808/odds/40?lang=en&region=us,WPG +105,,-1.5,,,False,False,http://sports.core.api.espn.com/v2/sports/hockey/leagues/nhl/providers/40?lang=en&region=us,40,DraftKings,0,False,True,175,-205.0,False,+1.5,+1.5,1.44,4/9,-225,1.44,4/9,-225,2.65,33/20,+165,2.65,33/20,+165,+1.5,+1.5,1.49,20/41,-205,1.49,20/41,-205,2.75,7/4,+175,2.75,7/4,+175,+1.5,+1.5,1.49,20/41,-205,1.49,20/41,-205,2.75,7/4,+175,2.75,7/4,+175,http://sports.core.api.espn.com/v2/sports/hockey/leagues/nhl/seasons/2024/teams/20?lang=en&region=us,True,False,105,170.0,True,-1.5,-1.5,-1.5,-1.5,-1.5,-1.5,2.85,37/20,+185,2.85,37/20,+185,2.1,11/10,+110,2.1,11/10,+110,-1.5,-1.5,-1.5,-1.5,-1.5,-1.5,2.7,17/10,+170,2.7,17/10,+170,2.05,21/20,+105,2.05,21/20,+105,-1.5,-1.5,-1.5,-1.5,-1.5,-1.5,2.7,17/10,+170,2.7,17/10,+170,2.05,21/20,+105,2.05,21/20,+105,http://sports.core.api.espn.com/v2/sports/hockey/leagues/nhl/seasons/2024/teams/28?lang=en&region=us,,,,,,,,,,,,,,,,,,,,,,,,,,,,,,,,,,,,,,,,,,,,,,,,,,,,,,,
401559808,http://sports.core.api.espn.com/v2/sports/hockey/leagues/nhl/events/401559808/competitions/401559808/odds/58?lang=en&region=us,WPG -140,6.5,-1.5,110.0,-130.0,False,False,http://sports.core.api.espn.com/v2/sports/hockey/leagues/nhl/providers/58?lang=en&region=us,58,ESPN BET,0,False,True,120,-215.0,False,+1.5,+1.5,1.43,20/47,-235,1.43,20/47,-235,2.1,11/10,+110,2.1,11/10,+110,+1.5,+1.5,1.47,20/43,-215,1.47,20/43,-215,2.2,6/5,+120,2.2,6/5,+120,+1.5,+1.5,1.47,20/43,-215,1.47,20/43,-215,2.2,6/5,+120,2.2,6/5,+120,http://sports.core.api.espn.com/v2/sports/hockey/leagues/nhl/seasons/2024/teams/20?lang=en&region=us,True,False,-140,170.0,True,,,-1.5,,,-1.5,2.8,9/5,+180,2.8,9/5,+180,1.77,10/13,-130,1.77,10/13,-130,,,-1.5,,,-1.5,2.7,17/10,+170,2.7,17/10,+170,1.71,5/7,-140,1.71,5/7,-140,,,-1.5,,,-1.5,2.7,17/10,+170,2.7,17/10,+170,1.71,5/7,-140,1.71,5/7,-140,http://sports.core.api.espn.com/v2/sports/hockey/leagues/nhl/seasons/2024/teams/28?lang=en&region=us,2.05,21/20,+105,2.05,21/20,+105,1.8,4/5,-125,1.8,4/5,-125,,,6.5,,,6.5,2.1,11/10,+110,2.1,11/10,+110,1.77,10/13,-130,1.77,10/13,-130,,,6.5,,,6.5,2.1,11/10,+110,2.1,11/10,+110,1.77,10/13,-130,1.77,10/13,-130,,,6.5,,,6.5,"[{'language': 'en-US', 'rel': ['home', 'desktop', 'bets', 'espn-bet'], 'href': 'https://espnbet.app.link?$canonical_url=/sport/hockey/organization/united-states/competition/nhl/event/49095662-12e0-4fa1-bef8-b5a53a5f77b7', 'text': 'Home Bet', 'shortText': 'Home Bet', 'isExternal': True, 'isPremium': False}, {'language': 'en-US', 'rel': ['away', 'desktop', 'bets', 'espn-bet'], 'href': 'https://espnbet.app.link?$canonical_url=/sport/hockey/organization/united-states/competition/nhl/event/49095662-12e0-4fa1-bef8-b5a53a5f77b7', 'text': 'Away Bet', 'shortText': 'Away Bet', 'isExternal': True, 'isPremium': False}, {'language': 'en-US', 'rel': ['homeSpread', 'desktop', 'bets'], 'href': 'https://espnbet.app.link?$canonical_url=/sport/hockey/organization/united-states/competition/nhl/event/49095662-12e0-4fa1-bef8-b5a53a5f77b7', 'text': 'Home Point Spread', 'shortText': 'Home Point Spread', 'isExternal': True, 'isPremium': False}, {'language': 'en-US', 'rel': ['awaySpread', 'desktop', 'bets'], 'href': 'https://espnbet.app.link?$canonical_url=/sport/hockey/organization/united-states/competition/nhl/event/49095662-12e0-4fa1-bef8-b5a53a5f77b7', 'text': 'Away Point Spread', 'shortText': 'Away Point Spread', 'isExternal': True, 'isPremium': False}, {'language': 'en-US', 'rel': ['over', 'desktop', 'bets'], 'href': 'https://espnbet.app.link?$canonical_url=/sport/hockey/organization/united-states/competition/nhl/event/49095662-12e0-4fa1-bef8-b5a53a5f77b7', 'text': 'Over Odds', 'shortText': 'Over Odds', 'isExternal': True, 'isPremium': False}, {'language': 'en-US', 'rel': ['under', 'desktop', 'bets'], 'href': 'https://espnbet.app.link?$canonical_url=/sport/hockey/organization/united-states/competition/nhl/event/49095662-12e0-4fa1-bef8-b5a53a5f77b7', 'text': 'Under Odds', 'shortText': 'Under Odds', 'isExternal': True, 'isPremium': False}, {'language': 'en-US', 'rel': ['game', 'desktop', 'bets'], 'href': 'https://espnbet.app.link?$canonical_url=/sport/hockey/organization/united-states/competition/nhl/event/49095662-12e0-4fa1-bef8-b5a53a5f77b7', 'text': 'Game', 'shortText': 'Game', 'isExternal': True, 'isPremium': False}]"
401559808,http://sports.core.api.espn.com/v2/sports/hockey/leagues/nhl/events/401559808/competitions/401559808/odds/47?lang=en&region=us,WPG -135,6.0,-1.5,-120.0,100.0,False,False,http://sports.core.api.espn.com/v2/sports/hockey/leagues/nhl/providers/47?lang=en&region=us,47,MGM,0,False,True,115,-225.0,False,+1.5,+1.5,1.44,4/9,-225,1.44,4/9,-225,2.1,11/10,+110,2.1,11/10,+110,+1.5,+1.5,1.44,4/9,-225,1.44,4/9,-225,2.15,23/20,+115,2.15,23/20,+115,+1.5,+1.5,1.44,4/9,-225,1.44,4/9,-225,2.15,23/20,+115,2.15,23/20,+115,http://sports.core.api.espn.com/v2/sports/hockey/leagues/nhl/seasons/2024/teams/20?lang=en&region=us,True,False,-135,180.0,True,-1.5,-1.5,-1.5,-1.5,-1.5,-1.5,2.8,9/5,+180,2.8,9/5,+180,1.77,10/13,-130,1.77,10/13,-130,-1.5,-1.5,-1.5,-1.5,-1.5,-1.5,2.8,9/5,+180,2.8,9/5,+180,1.74,20/27,-135,1.74,20/27,-135,-1.5,-1.5,-1.5,-1.5,-1.5,-1.5,2.8,9/5,+180,2.8,9/5,+180,1.74,20/27,-135,1.74,20/27,-135,http://sports.core.api.espn.com/v2/sports/hockey/leagues/nhl/seasons/2024/teams/28?lang=en&region=us,1.87,20/23,-115,1.87,20/23,-115,1.95,20/21,-105,1.95,20/21,-105,6.0,6,6,6.0,6,6,1.83,5/6,-120,1.83,5/6,-120,2.0,1/1,+100,2.0,1/1,+100,6.0,6,6,6.0,6,6,1.83,5/6,-120,1.83,5/6,-120,2.0,1/1,+100,2.0,1/1,+100,6.0,6,6,6.0,6,6,
401559808,http://sports.core.api.espn.com/v2/sports/hockey/leagues/nhl/events/401559808/competitions/401559808/odds/41?lang=en&region=us,WPG -141,6.0,-1.5,104.0,-125.0,False,False,http://sports.core.api.espn.com/v2/sports/hockey/leagues/nhl/providers/41?lang=en&region=us,41,SugarHouse,0,False,True,116,-213.0,False,+1.5,+1.5,1.46,100/217,-217,1.46,100/217,-217,2.12,28/25,+112,2.12,28/25,+112,+1.5,+1.5,1.47,100/213,-213,1.47,100/213,-213,2.16,29/25,+116,2.16,29/25,+116,+1.5,+1.5,1.47,100/213,-213,1.47,100/213,-213,2.16,29/25,+116,2.16,29/25,+116,http://sports.core.api.espn.com/v2/sports/hockey/leagues/nhl/seasons/2024/teams/20?lang=en&region=us,True,False,-141,175.0,True,-1.5,-1.5,-1.5,-1.5,-1.5,-1.5,2.75,7/4,+175,2.75,7/4,+175,1.74,20/27,-135,1.74,20/27,-135,-1.5,-1.5,-1.5,-1.5,-1.5,-1.5,2.75,7/4,+175,2.75,7/4,+175,1.71,100/141,-141,1.71,100/141,-141,-1.5,-1.5,-1.5,-1.5,-1.5,-1.5,2.75,7/4,+175,2.75,7/4,+175,1.71,100/141,-141,1.71,100/141,-141,http://sports.core.api.espn.com/v2/sports/hockey/leagues/nhl/seasons/2024/teams/28?lang=en&region=us,2.04,26/25,+104,2.04,26/25,+104,1.8,4/5,-125,1.8,4/5,-125,6.0,6,6,6.0,6,6,2.04,26/25,+104,2.04,26/25,+104,1.8,4/5,-125,1.8,4/5,-125,6.0,6,6,6.0,6,6,2.04,26/25,+104,2.04,26/25,+104,1.8,4/5,-125,1.8,4/5,-125,6.0,6,6,6.0,6,6,
401559808,http://sports.core.api.espn.com/v2/sports/hockey/leagues/nhl/events/401559808/competitions/401559808/odds/53?lang=en&region=us,WPG +105,5.5,-1.5,-150.0,110.0,False,False,http://sports.core.api.espn.com/v2/sports/hockey/leagues/nhl/providers/53?lang=en&region=us,53,Titanbets,0,False,True,180,-222.0,False,+1.5,+1.5,1.42,50/119,-238,1.42,50/119,-238,2.65,33/20,+165,2.65,33/20,+165,+1.5,+1.5,1.45,50/111,-222,1.45,50/111,-222,2.8,9/5,+180,2.8,9/5,+180,+1.5,+1.5,1.45,50/111,-222,1.45,50/111,-222,2.8,9/5,+180,2.8,9/5,+180,http://sports.core.api.espn.com/v2/sports/hockey/leagues/nhl/seasons/2024/teams/20?lang=en&region=us,True,False,105,175.0,True,-1.5,-1.5,-1.5,-1.5,-1.5,-1.5,2.85,37/20,+185,2.85,37/20,+185,2.15,23/20,+115,2.15,23/20,+115,-1.5,-1.5,-1.5,-1.5,-1.5,-1.5,2.75,7/4,+175,2.75,7/4,+175,2.05,21/20,+105,2.05,21/20,+105,-1.5,-1.5,-1.5,-1.5,-1.5,-1.5,2.75,7/4,+175,2.75,7/4,+175,2.05,21/20,+105,2.05,21/20,+105,http://sports.core.api.espn.com/v2/sports/hockey/leagues/nhl/seasons/2024/teams/28?lang=en&region=us,1.67,2/3,-150,1.67,2/3,-150,2.1,11/10,+110,2.1,11/10,+110,5.5,5.5,5.5,5.5,5.5,5.5,1.67,2/3,-150,1.67,2/3,-150,2.1,11/10,+110,2.1,11/10,+110,5.5,5.5,5.5,5.5,5.5,5.5,1.67,2/3,-150,1.67,2/3,-150,2.1,11/10,+110,2.1,11/10,+110,5.5,5.5,5.5,5.5,5.5,5.5,
401559808,http://sports.core.api.espn.com/v2/sports/hockey/leagues/nhl/events/401559808/competitions/401559808/odds/36?lang=en&region=us,WPG +114,5.5,-1.5,-141.0,117.0,False,False,http://sports.core.api.espn.com/v2/sports/hockey/leagues/nhl/providers/36?lang=en&region=us,36,Unibet,0,False,True,185,-215.0,False,+1.5,+1.5,1.45,5/11,-220,1.45,5/11,-220,2.75,7/4,+175,2.75,7/4,+175,+1.5,+1.5,1.47,20/43,-215,1.47,20/43,-215,2.85,37/20,+185,2.85,37/20,+185,+1.5,+1.5,1.47,20/43,-215,1.47,20/43,-215,2.85,37/20,+185,2.85,37/20,+185,http://sports.core.api.espn.com/v2/sports/hockey/leagues/nhl/seasons/2024/teams/20?lang=en&region=us,True,False,114,175.0,True,-1.5,-1.5,-1.5,-1.5,-1.5,-1.5,2.75,7/4,+175,2.75,7/4,+175,2.18,59/50,+118,2.18,59/50,+118,-1.5,-1.5,-1.5,-1.5,-1.5,-1.5,2.75,7/4,+175,2.75,7/4,+175,2.14,57/50,+114,2.14,57/50,+114,-1.5,-1.5,-1.5,-1.5,-1.5,-1.5,2.75,7/4,+175,2.75,7/4,+175,2.14,57/50,+114,2.14,57/50,+114,http://sports.core.api.espn.com/v2/sports/hockey/leagues/nhl/seasons/2024/teams/28?lang=en&region=us,1.71,100/141,-141,1.71,100/141,-141,2.17,117/100,+117,2.17,117/100,+117,5.5,5.5,5.5,5.5,5.5,5.5,1.71,100/141,-141,1.71,100/141,-141,2.17,117/100,+117,2.17,117/100,+117,5.5,5.5,5.5,5.5,5.5,5.5,1.71,100/141,-141,1.71,100/141,-141,2.17,117/100,+117,2.17,117/100,+117,5.5,5.5,5.5,5.5,5.5,5.5,
401559809,http://sports.core.api.espn.com/v2/sports/hockey/leagues/nhl/events/401559809/competitions/401559809/odds/1001?lang=en&region=us,COL -110,6.0,-1.5,-125.0,105.0,False,False,http://sports.core.api.espn.com/v2/sports/hockey/leagues/nhl/providers/1001?lang=en&region=us,1001,Bet365,0,False,True,225,-160.0,False,+1.5,+1.5,1.56,5/9,-180,1.56,5/9,-180,3.0,2/1,+200,3.0,2/1,+200,+1.5,+1.5,1.63,5/8,-160,1.63,5/8,-160,3.25,9/4,+225,3.25,9/4,+225,+1.5,+1.5,1.63,5/8,-160,1.63,5/8,-160,3.25,9/4,+225,3.25,9/4,+225,http://sports.core.api.espn.com/v2/sports/hockey/leagues/nhl/seasons/2024/teams/12?lang=en&region=us,True,False,-110,135.0,True,-1.5,-1.5,-1.5,-1.5,-1.5,-1.5,2.5,3/2,+150,2.5,3/2,+150,2.0,1/1,+100,2.0,1/1,+100,-1.5,-1.5,-1.5,-1.5,-1.5,-1.5,2.35,27/20,+135,2.35,27/20,+135,1.91,10/11,-110,1.91,10/11,-110,-1.5,-1.5,-1.5,-1.5,-1.5,-1.5,2.35,27/20,+135,2.35,27/20,+135,1.91,10/11,-110,1.91,10/11,-110,http://sports.core.api.espn.com/v2/sports/hockey/leagues/nhl/seasons/2024/teams/17?lang=en&region=us,1.8,4/5,-125,1.8,4/5,-125,2.05,21/20,+105,2.05,21/20,+105,6.0,6,6,6.0,6,6,1.8,4/5,-125,1.8,4/5,-125,2.05,21/20,+105,2.05,21/20,+105,6.0,6,6,6.0,6,6,1.8,4/5,-125,1.8,4/5,-125,2.05,21/20,+105,2.05,21/20,+105,6.0,6,6,6.0,6,6,
401559809,http://sports.core.api.espn.com/v2/sports/hockey/leagues/nhl/events/401559809/competitions/401559809/odds/52?lang=en&region=us,COL -190,6.0,-1.5,-125.0,105.0,False,False,http://sports.core.api.espn.com/v2/sports/hockey/leagues/nhl/providers/52?lang=en&region=us,52,Caesars Sportsbook (Colorado),0,False,True,158,-160.0,False,+1.5,+1.5,1.61,20/33,-165,1.61,20/33,-165,2.43,143/100,+143,2.43,143/100,+143,+1.5,+1.5,1.63,5/8,-160,1.63,5/8,-160,2.58,79/50,+158,2.58,79/50,+158,+1.5,+1.5,1.63,5/8,-160,1.63,5/8,-160,2.58,79/50,+158,2.58,79/50,+158,http://sports.core.api.espn.com/v2/sports/hockey/leagues/nhl/seasons/2024/teams/12?lang=en&region=us,True,False,-190,135.0,True,-1.5,-1.5,-1.5,-1.5,-1.5,-1.5,2.4,7/5,+140,2.4,7/5,+140,1.59,10/17,-170,1.59,10/17,-170,-1.5,-1.5,-1.5,-1.5,-1.5,-1.5,2.35,27/20,+135,2.35,27/20,+135,1.53,10/19,-190,1.53,10/19,-190,-1.5,-1.5,-1.5,-1.5,-1.5,-1.5,2.35,27/20,+135,2.35,27/20,+135,1.53,10/19,-190,1.53,10/19,-190,http://sports.core.api.espn.com/v2/sports/hockey/leagues/nhl/seasons/2024/teams/17?lang=en&region=us,1.83,5/6,-120,1.83,5/6,-120,2.0,1/1,+100,2.0,1/1,+100,6.0,6,6,6.0,6,6,1.8,4/5,-125,1.8,4/5,-125,2.05,21/20,+105,2.05,21/20,+105,6.0,6,6,6.0,6,6,1.8,4/5,-125,1.8,4/5,-125,2.05,21/20,+105,2.05,21/20,+105,6.0,6,6,6.0,6,6,
401559809,http://sports.core.api.espn.com/v2/sports/hockey/leagues/nhl/events/401559809/competitions/401559809/odds/45?lang=en&region=us,COL -190,6.0,-1.5,-125.0,105.0,False,False,http://sports.core.api.espn.com/v2/sports/hockey/leagues/nhl/providers/45?lang=en&region=us,45,Caesars Sportsbook (New Jersey),0,False,True,158,-160.0,False,+1.5,+1.5,1.61,20/33,-165,1.61,20/33,-165,2.43,143/100,+143,2.43,143/100,+143,+1.5,+1.5,1.63,5/8,-160,1.63,5/8,-160,2.58,79/50,+158,2.58,79/50,+158,+1.5,+1.5,1.63,5/8,-160,1.63,5/8,-160,2.58,79/50,+158,2.58,79/50,+158,http://sports.core.api.espn.com/v2/sports/hockey/leagues/nhl/seasons/2024/teams/12?lang=en&region=us,True,False,-190,135.0,True,-1.5,-1.5,-1.5,-1.5,-1.5,-1.5,2.4,7/5,+140,2.4,7/5,+140,1.59,10/17,-170,1.59,10/17,-170,-1.5,-1.5,-1.5,-1.5,-1.5,-1.5,2.35,27/20,+135,2.35,27/20,+135,1.53,10/19,-190,1.53,10/19,-190,-1.5,-1.5,-1.5,-1.5,-1.5,-1.5,2.35,27/20,+135,2.35,27/20,+135,1.53,10/19,-190,1.53,10/19,-190,http://sports.core.api.espn.com/v2/sports/hockey/leagues/nhl/seasons/2024/teams/17?lang=en&region=us,1.83,5/6,-120,1.83,5/6,-120,2.0,1/1,+100,2.0,1/1,+100,6.0,6,6,6.0,6,6,1.8,4/5,-125,1.8,4/5,-125,2.05,21/20,+105,2.05,21/20,+105,6.0,6,6,6.0,6,6,1.8,4/5,-125,1.8,4/5,-125,2.05,21/20,+105,2.05,21/20,+105,6.0,6,6,6.0,6,6,
401559809,http://sports.core.api.espn.com/v2/sports/hockey/leagues/nhl/events/401559809/competitions/401559809/odds/57?lang=en&region=us,COL -204,6.0,-1.5,-125.0,105.0,False,False,http://sports.core.api.espn.com/v2/sports/hockey/leagues/nhl/providers/57?lang=en&region=us,57,Caesars Sportsbook (Tennessee),0,False,True,146,-160.0,False,+1.5,+1.5,1.61,20/33,-165,1.61,20/33,-165,2.36,34/25,+136,2.36,34/25,+136,+1.5,+1.5,1.63,5/8,-160,1.63,5/8,-160,2.46,73/50,+146,2.46,73/50,+146,+1.5,+1.5,1.63,5/8,-160,1.63,5/8,-160,2.46,73/50,+146,2.46,73/50,+146,http://sports.core.api.espn.com/v2/sports/hockey/leagues/nhl/seasons/2024/teams/12?lang=en&region=us,True,False,-204,135.0,True,-1.5,-1.5,-1.5,-1.5,-1.5,-1.5,2.4,7/5,+140,2.4,7/5,+140,1.53,100/189,-189,1.53,100/189,-189,-1.5,-1.5,-1.5,-1.5,-1.5,-1.5,2.35,27/20,+135,2.35,27/20,+135,1.49,25/51,-204,1.49,25/51,-204,-1.5,-1.5,-1.5,-1.5,-1.5,-1.5,2.35,27/20,+135,2.35,27/20,+135,1.49,25/51,-204,1.49,25/51,-204,http://sports.core.api.espn.com/v2/sports/hockey/leagues/nhl/seasons/2024/teams/17?lang=en&region=us,1.83,5/6,-120,1.83,5/6,-120,2.0,1/1,+100,2.0,1/1,+100,6.0,6,6,6.0,6,6,1.8,4/5,-125,1.8,4/5,-125,2.05,21/20,+105,2.05,21/20,+105,6.0,6,6,6.0,6,6,1.8,4/5,-125,1.8,4/5,-125,2.05,21/20,+105,2.05,21/20,+105,6.0,6,6,6.0,6,6,
401559809,http://sports.core.api.espn.com/v2/sports/hockey/leagues/nhl/events/401559809/competitions/401559809/odds/40?lang=en&region=us,COL -130,,-1.5,,,False,False,http://sports.core.api.espn.com/v2/sports/hockey/leagues/nhl/providers/40?lang=en&region=us,40,DraftKings,0,False,True,235,-162.0,False,+1.5,+1.5,1.54,20/37,-185,1.54,20/37,-185,3.1,21/10,+210,3.1,21/10,+210,+1.5,+1.5,1.62,50/81,-162,1.62,50/81,-162,3.35,47/20,+235,3.35,47/20,+235,+1.5,+1.5,1.62,50/81,-162,1.62,50/81,-162,3.35,47/20,+235,3.35,47/20,+235,http://sports.core.api.espn.com/v2/sports/hockey/leagues/nhl/seasons/2024/teams/12?lang=en&region=us,True,False,-130,136.0,True,-1.5,-1.5,-1.5,-1.5,-1.5,-1.5,2.54,77/50,+154,2.54,77/50,+154,1.87,20/23,-115,1.87,20/23,-115,-1.5,-1.5,-1.5,-1.5,-1.5,-1.5,2.36,34/25,+136,2.36,34/25,+136,1.77,10/13,-130,1.77,10/13,-130,-1.5,-1.5,-1.5,-1.5,-1.5,-1.5,2.36,34/25,+136,2.36,34/25,+136,1.77,10/13,-130,1.77,10/13,-130,http://sports.core.api.espn.com/v2/sports/hockey/leagues/nhl/seasons/2024/teams/17?lang=en&region=us,,,,,,,,,,,,,,,,,,,,,,,,,,,,,,,,,,,,,,,,,,,,,,,,,,,,,,,
401559809,http://sports.core.api.espn.com/v2/sports/hockey/leagues/nhl/events/401559809/competitions/401559809/odds/58?lang=en&region=us,COL -190,6.5,-1.5,100.0,-120.0,False,False,http://sports.core.api.espn.com/v2/sports/hockey/leagues/nhl/providers/58?lang=en&region=us,58,ESPN BET,0,False,True,160,-160.0,False,+1.5,+1.5,1.57,4/7,-175,1.57,4/7,-175,2.45,29/20,+145,2.45,29/20,+145,+1.5,+1.5,1.63,5/8,-160,1.63,5/8,-160,2.6,8/5,+160,2.6,8/5,+160,+1.5,+1.5,1.63,5/8,-160,1.63,5/8,-160,2.6,8/5,+160,2.6,8/5,+160,http://sports.core.api.espn.com/v2/sports/hockey/leagues/nhl/seasons/2024/teams/12?lang=en&region=us,True,False,-190,135.0,True,,,-1.5,,,-1.5,2.45,29/20,+145,2.45,29/20,+145,1.59,10/17,-170,1.59,10/17,-170,,,-1.5,,,-1.5,2.35,27/20,+135,2.35,27/20,+135,1.53,10/19,-190,1.53,10/19,-190,,,-1.5,,,-1.5,2.35,27/20,+135,2.35,27/20,+135,1.53,10/19,-190,1.53,10/19,-190,http://sports.core.api.espn.com/v2/sports/hockey/leagues/nhl/seasons/2024/teams/17?lang=en&region=us,2.15,23/20,+115,2.15,23/20,+115,1.74,20/27,-135,1.74,20/27,-135,,,6.5,,,6.5,2.0,1/1,+100,2.0,1/1,+100,1.83,5/6,-120,1.83,5/6,-120,,,6.5,,,6.5,2.0,1/1,+100,2.0,1/1,+100,1.83,5/6,-120,1.83,5/6,-120,,,6.5,,,6.5,"[{'language': 'en-US', 'rel': ['home', 'desktop', 'bets', 'espn-bet'], 'href': 'https://espnbet.app.link?$canonical_url=/sport/hockey/organization/united-states/competition/nhl/event/06083b34-d8ae-4139-af3c-fb31352c52b2', 'text': 'Home Bet', 'shortText': 'Home Bet', 'isExternal': True, 'isPremium': False}, {'language': 'en-US', 'rel': ['away', 'desktop', 'bets', 'espn-bet'], 'href': 'https://espnbet.app.link?$canonical_url=/sport/hockey/organization/united-states/competition/nhl/event/06083b34-d8ae-4139-af3c-fb31352c52b2', 'text': 'Away Bet', 'shortText': 'Away Bet', 'isExternal': True, 'isPremium': False}, {'language': 'en-US', 'rel': ['homeSpread', 'desktop', 'bets'], 'href': 'https://espnbet.app.link?$canonical_url=/sport/hockey/organization/united-states/competition/nhl/event/06083b34-d8ae-4139-af3c-fb31352c52b2', 'text': 'Home Point Spread', 'shortText': 'Home Point Spread', 'isExternal': True, 'isPremium': False}, {'language': 'en-US', 'rel': ['awaySpread', 'desktop', 'bets'], 'href': 'https://espnbet.app.link?$canonical_url=/sport/hockey/organization/united-states/competition/nhl/event/06083b34-d8ae-4139-af3c-fb31352c52b2', 'text': 'Away Point Spread', 'shortText': 'Away Point Spread', 'isExternal': True, 'isPremium': False}, {'language': 'en-US', 'rel': ['over', 'desktop', 'bets'], 'href': 'https://espnbet.app.link?$canonical_url=/sport/hockey/organization/united-states/competition/nhl/event/06083b34-d8ae-4139-af3c-fb31352c52b2', 'text': 'Over Odds', 'shortText': 'Over Odds', 'isExternal': True, 'isPremium': False}, {'language': 'en-US', 'rel': ['under', 'desktop', 'bets'], 'href': 'https://espnbet.app.link?$canonical_url=/sport/hockey/organization/united-states/competition/nhl/event/06083b34-d8ae-4139-af3c-fb31352c52b2', 'text': 'Under Odds', 'shortText': 'Under Odds', 'isExternal': True, 'isPremium': False}, {'language': 'en-US', 'rel': ['game', 'desktop', 'bets'], 'href': 'https://espnbet.app.link?$canonical_url=/sport/hockey/organization/united-states/competition/nhl/event/06083b34-d8ae-4139-af3c-fb31352c52b2', 'text': 'Game', 'shortText': 'Game', 'isExternal': True, 'isPremium': False}]"
401559809,http://sports.core.api.espn.com/v2/sports/hockey/leagues/nhl/events/401559809/competitions/401559809/odds/47?lang=en&region=us,COL -185,6.5,-1.5,100.0,-120.0,False,False,http://sports.core.api.espn.com/v2/sports/hockey/leagues/nhl/providers/47?lang=en&region=us,47,MGM,0,False,True,150,-150.0,False,+1.5,+1.5,1.63,5/8,-160,1.63,5/8,-160,2.45,29/20,+145,2.45,29/20,+145,+1.5,+1.5,1.67,2/3,-150,1.67,2/3,-150,2.5,3/2,+150,2.5,3/2,+150,+1.5,+1.5,1.67,2/3,-150,1.67,2/3,-150,2.5,3/2,+150,2.5,3/2,+150,http://sports.core.api.espn.com/v2/sports/hockey/leagues/nhl/seasons/2024/teams/12?lang=en&region=us,True,False,-185,125.0,True,-1.5,-1.5,-1.5,-1.5,-1.5,-1.5,2.35,27/20,+135,2.35,27/20,+135,1.57,4/7,-175,1.57,4/7,-175,-1.5,-1.5,-1.5,-1.5,-1.5,-1.5,2.25,5/4,+125,2.25,5/4,+125,1.54,20/37,-185,1.54,20/37,-185,-1.5,-1.5,-1.5,-1.5,-1.5,-1.5,2.25,5/4,+125,2.25,5/4,+125,1.54,20/37,-185,1.54,20/37,-185,http://sports.core.api.espn.com/v2/sports/hockey/leagues/nhl/seasons/2024/teams/17?lang=en&region=us,1.8,4/5,-125,1.8,4/5,-125,2.05,21/20,+105,2.05,21/20,+105,6.0,6,6,6.0,6,6,2.0,1/1,+100,2.0,1/1,+100,1.83,5/6,-120,1.83,5/6,-120,6.5,6.5,6.5,6.5,6.5,6.5,2.0,1/1,+100,2.0,1/1,+100,1.83,5/6,-120,1.83,5/6,-120,6.5,6.5,6.5,6.5,6.5,6.5,
401559809,http://sports.core.api.espn.com/v2/sports/hockey/leagues/nhl/events/401559809/competitions/401559809/odds/41?lang=en&region=us,COL -108,6.0,-1.5,-118.0,-103.0,False,False,http://sports.core.api.espn.com/v2/sports/hockey/leagues/nhl/providers/41?lang=en&region=us,41,SugarHouse,0,False,True,230,-172.0,False,+1.5,+1.5,1.58,25/43,-172,1.58,25/43,-172,3.4,12/5,+240,3.4,12/5,+240,+1.5,+1.5,1.58,25/43,-172,1.58,25/43,-172,3.3,23/10,+230,3.3,23/10,+230,+1.5,+1.5,1.58,25/43,-172,1.58,25/43,-172,3.3,23/10,+230,3.3,23/10,+230,http://sports.core.api.espn.com/v2/sports/hockey/leagues/nhl/seasons/2024/teams/12?lang=en&region=us,True,False,-108,143.0,True,-1.5,-1.5,-1.5,-1.5,-1.5,-1.5,2.43,143/100,+143,2.43,143/100,+143,1.89,25/28,-112,1.89,25/28,-112,-1.5,-1.5,-1.5,-1.5,-1.5,-1.5,2.43,143/100,+143,2.43,143/100,+143,1.93,25/27,-108,1.93,25/27,-108,-1.5,-1.5,-1.5,-1.5,-1.5,-1.5,2.43,143/100,+143,2.43,143/100,+143,1.93,25/27,-108,1.93,25/27,-108,http://sports.core.api.espn.com/v2/sports/hockey/leagues/nhl/seasons/2024/teams/17?lang=en&region=us,1.85,50/59,-118,1.85,50/59,-118,1.97,100/103,-103,1.97,100/103,-103,6.0,6,6,6.0,6,6,1.85,50/59,-118,1.85,50/59,-118,1.97,100/103,-103,1.97,100/103,-103,6.0,6,6,6.0,6,6,1.85,50/59,-118,1.85,50/59,-118,1.97,100/103,-103,1.97,100/103,-103,6.0,6,6,6.0,6,6,
401559809,http://sports.core.api.espn.com/v2/sports/hockey/leagues/nhl/events/401559809/competitions/401559809/odds/53?lang=en&region=us,COL -118,5.5,-1.5,-163.0,115.0,False,False,http://sports.core.api.espn.com/v2/sports/hockey/leagues/nhl/providers/53?lang=en&region=us,53,Titanbets,0,False,True,225,-163.0,False,+1.5,+1.5,1.55,50/91,-182,1.55,50/91,-182,3.1,21/10,+210,3.1,21/10,+210,+1.5,+1.5,1.61,100/163,-163,1.61,100/163,-163,3.25,9/4,+225,3.25,9/4,+225,+1.5,+1.5,1.61,100/163,-163,1.61,100/163,-163,3.25,9/4,+225,3.25,9/4,+225,http://sports.core.api.espn.com/v2/sports/hockey/leagues/nhl/seasons/2024/teams/12?lang=en&region=us,True,False,-118,130.0,True,-1.5,-1.5,-1.5,-1.5,-1.5,-1.5,2.45,29/20,+145,2.45,29/20,+145,1.9,100/111,-111,1.9,100/111,-111,-1.5,-1.5,-1.5,-1.5,-1.5,-1.5,2.3,13/10,+130,2.3,13/10,+130,1.85,50/59,-118,1.85,50/59,-118,-1.5,-1.5,-1.5,-1.5,-1.5,-1.5,2.3,13/10,+130,2.3,13/10,+130,1.85,50/59,-118,1.85,50/59,-118,http://sports.core.api.espn.com/v2/sports/hockey/leagues/nhl/seasons/2024/teams/17?lang=en&region=us,1.61,100/163,-163,1.61,100/163,-163,2.15,23/20,+115,2.15,23/20,+115,5.5,5.5,5.5,5.5,5.5,5.5,1.61,100/163,-163,1.61,100/163,-163,2.15,23/20,+115,2.15,23/20,+115,5.5,5.5,5.5,5.5,5.5,5.5,1.61,100/163,-163,1.61,100/163,-163,2.15,23/20,+115,2.15,23/20,+115,5.5,5.5,5.5,5.5,5.5,5.5,
401559809,http://sports.core.api.espn.com/v2/sports/hockey/leagues/nhl/events/401559809/competitions/401559809/odds/36?lang=en&region=us,COL -108,5.5,-1.5,-167.0,138.0,False,False,http://sports.core.api.espn.com/v2/sports/hockey/leagues/nhl/providers/36?lang=en&region=us,36,Unibet,0,False,True,230,-175.0,False,+1.5,+1.5,1.57,4/7,-175,1.57,4/7,-175,3.4,12/5,+240,3.4,12/5,+240,+1.5,+1.5,1.57,4/7,-175,1.57,4/7,-175,3.3,23/10,+230,3.3,23/10,+230,+1.5,+1.5,1.57,4/7,-175,1.57,4/7,-175,3.3,23/10,+230,3.3,23/10,+230,http://sports.core.api.espn.com/v2/sports/hockey/leagues/nhl/seasons/2024/teams/12?lang=en&region=us,True,False,-108,143.0,True,-1.5,-1.5,-1.5,-1.5,-1.5,-1.5,2.43,143/100,+143,2.43,143/100,+143,1.88,100/113,-113,1.88,100/113,-113,-1.5,-1.5,-1.5,-1.5,-1.5,-1.5,2.43,143/100,+143,2.43,143/100,+143,1.93,25/27,-108,1.93,25/27,-108,-1.5,-1.5,-1.5,-1.5,-1.5,-1.5,2.43,143/100,+143,2.43,143/100,+143,1.93,25/27,-108,1.93,25/27,-108,http://sports.core.api.espn.com/v2/sports/hockey/leagues/nhl/seasons/2024/teams/17?lang=en&region=us,1.6,100/167,-167,1.6,100/167,-167,2.38,69/50,+138,2.38,69/50,+138,5.5,5.5,5.5,5.5,5.5,5.5,1.6,100/167,-167,1.6,100/167,-167,2.38,69/50,+138,2.38,69/50,+138,5.5,5.5,5.5,5.5,5.5,5.5,1.6,100/167,-167,1.6,100/167,-167,2.38,69/50,+138,2.38,69/50,+138,5.5,5.5,5.5,5.5,5.5,5.5,
401559810,http://sports.core.api.espn.com/v2/sports/hockey/leagues/nhl/events/401559810/competitions/401559810/odds/1001?lang=en&region=us,EDM -110,6.5,-1.5,-115.0,-105.0,False,False,http://sports.core.api.espn.com/v2/sports/hockey/leagues/nhl/providers/1001?lang=en&region=us,1001,Bet365,0,False,True,220,-160.0,False,+1.5,+1.5,1.65,20/31,-155,1.65,20/31,-155,3.2,11/5,+220,3.2,11/5,+220,+1.5,+1.5,1.63,5/8,-160,1.63,5/8,-160,3.2,11/5,+220,3.2,11/5,+220,+1.5,+1.5,1.63,5/8,-160,1.63,5/8,-160,3.2,11/5,+220,3.2,11/5,+220,http://sports.core.api.espn.com/v2/sports/hockey/leagues/nhl/seasons/2024/teams/15?lang=en&region=us,True,False,-110,135.0,True,-1.5,-1.5,-1.5,-1.5,-1.5,-1.5,2.3,13/10,+130,2.3,13/10,+130,1.91,10/11,-110,1.91,10/11,-110,-1.5,-1.5,-1.5,-1.5,-1.5,-1.5,2.35,27/20,+135,2.35,27/20,+135,1.91,10/11,-110,1.91,10/11,-110,-1.5,-1.5,-1.5,-1.5,-1.5,-1.5,2.35,27/20,+135,2.35,27/20,+135,1.91,10/11,-110,1.91,10/11,-110,http://sports.core.api.espn.com/v2/sports/hockey/leagues/nhl/seasons/2024/teams/6?lang=en&region=us,1.8,4/5,-125,1.8,4/5,-125,2.05,21/20,+105,2.05,21/20,+105,6.5,6.5,6.5,6.5,6.5,6.5,1.87,20/23,-115,1.87,20/23,-115,1.95,20/21,-105,1.95,20/21,-105,6.5,6.5,6.5,6.5,6.5,6.5,1.87,20/23,-115,1.87,20/23,-115,1.95,20/21,-105,1.95,20/21,-105,6.5,6.5,6.5,6.5,6.5,6.5,
401559810,http://sports.core.api.espn.com/v2/sports/hockey/leagues/nhl/events/401559810/competitions/401559810/odds/52?lang=en&region=us,EDM -190,6.5,-1.5,-115.0,-105.0,False,False,http://sports.core.api.espn.com/v2/sports/hockey/leagues/nhl/providers/52?lang=en&region=us,52,Caesars Sportsbook (Colorado),0,False,True,158,-160.0,False,+1.5,+1.5,1.67,2/3,-150,1.67,2/3,-150,2.58,79/50,+158,2.58,79/50,+158,+1.5,+1.5,1.63,5/8,-160,1.63,5/8,-160,2.58,79/50,+158,2.58,79/50,+158,+1.5,+1.5,1.63,5/8,-160,1.63,5/8,-160,2.58,79/50,+158,2.58,79/50,+158,http://sports.core.api.espn.com/v2/sports/hockey/leagues/nhl/seasons/2024/teams/15?lang=en&region=us,True,False,-190,135.0,True,-1.5,-1.5,-1.5,-1.5,-1.5,-1.5,2.26,63/50,+126,2.26,63/50,+126,1.53,10/19,-190,1.53,10/19,-190,-1.5,-1.5,-1.5,-1.5,-1.5,-1.5,2.35,27/20,+135,2.35,27/20,+135,1.53,10/19,-190,1.53,10/19,-190,-1.5,-1.5,-1.5,-1.5,-1.5,-1.5,2.35,27/20,+135,2.35,27/20,+135,1.53,10/19,-190,1.53,10/19,-190,http://sports.core.api.espn.com/v2/sports/hockey/leagues/nhl/seasons/2024/teams/6?lang=en&region=us,1.83,5/6,-120,1.83,5/6,-120,2.0,1/1,+100,2.0,1/1,+100,6.5,6.5,6.5,6.5,6.5,6.5,1.87,20/23,-115,1.87,20/23,-115,1.95,20/21,-105,1.95,20/21,-105,6.5,6.5,6.5,6.5,6.5,6.5,1.87,20/23,-115,1.87,20/23,-115,1.95,20/21,-105,1.95,20/21,-105,6.5,6.5,6.5,6.5,6.5,6.5,
401559810,http://sports.core.api.espn.com/v2/sports/hockey/leagues/nhl/events/401559810/competitions/401559810/odds/45?lang=en&region=us,EDM -190,6.5,-1.5,-115.0,-105.0,False,False,http://sports.core.api.espn.com/v2/sports/hockey/leagues/nhl/providers/45?lang=en&region=us,45,Caesars Sportsbook (New Jersey),0,False,True,158,-165.0,False,+1.5,+1.5,1.67,2/3,-150,1.67,2/3,-150,2.58,79/50,+158,2.58,79/50,+158,+1.5,+1.5,1.61,20/33,-165,1.61,20/33,-165,2.58,79/50,+158,2.58,79/50,+158,+1.5,+1.5,1.61,20/33,-165,1.61,20/33,-165,2.58,79/50,+158,2.58,79/50,+158,http://sports.core.api.espn.com/v2/sports/hockey/leagues/nhl/seasons/2024/teams/15?lang=en&region=us,True,False,-190,140.0,True,-1.5,-1.5,-1.5,-1.5,-1.5,-1.5,2.26,63/50,+126,2.26,63/50,+126,1.53,10/19,-190,1.53,10/19,-190,-1.5,-1.5,-1.5,-1.5,-1.5,-1.5,2.4,7/5,+140,2.4,7/5,+140,1.53,10/19,-190,1.53,10/19,-190,-1.5,-1.5,-1.5,-1.5,-1.5,-1.5,2.4,7/5,+140,2.4,7/5,+140,1.53,10/19,-190,1.53,10/19,-190,http://sports.core.api.espn.com/v2/sports/hockey/leagues/nhl/seasons/2024/teams/6?lang=en&region=us,1.83,5/6,-120,1.83,5/6,-120,2.0,1/1,+100,2.0,1/1,+100,6.5,6.5,6.5,6.5,6.5,6.5,1.87,20/23,-115,1.87,20/23,-115,1.95,20/21,-105,1.95,20/21,-105,6.5,6.5,6.5,6.5,6.5,6.5,1.87,20/23,-115,1.87,20/23,-115,1.95,20/21,-105,1.95,20/21,-105,6.5,6.5,6.5,6.5,6.5,6.5,
401559810,http://sports.core.api.espn.com/v2/sports/hockey/leagues/nhl/events/401559810/competitions/401559810/odds/57?lang=en&region=us,EDM -199,6.5,-1.5,-115.0,-105.0,False,False,http://sports.core.api.espn.com/v2/sports/hockey/leagues/nhl/providers/57?lang=en&region=us,57,Caesars Sportsbook (Tennessee),0,False,True,143,-160.0,False,+1.5,+1.5,1.67,2/3,-150,1.67,2/3,-150,2.43,143/100,+143,2.43,143/100,+143,+1.5,+1.5,1.63,5/8,-160,1.63,5/8,-160,2.43,143/100,+143,2.43,143/100,+143,+1.5,+1.5,1.63,5/8,-160,1.63,5/8,-160,2.43,143/100,+143,2.43,143/100,+143,http://sports.core.api.espn.com/v2/sports/hockey/leagues/nhl/seasons/2024/teams/15?lang=en&region=us,True,False,-199,135.0,True,-1.5,-1.5,-1.5,-1.5,-1.5,-1.5,2.26,63/50,+126,2.26,63/50,+126,1.5,100/199,-199,1.5,100/199,-199,-1.5,-1.5,-1.5,-1.5,-1.5,-1.5,2.35,27/20,+135,2.35,27/20,+135,1.5,100/199,-199,1.5,100/199,-199,-1.5,-1.5,-1.5,-1.5,-1.5,-1.5,2.35,27/20,+135,2.35,27/20,+135,1.5,100/199,-199,1.5,100/199,-199,http://sports.core.api.espn.com/v2/sports/hockey/leagues/nhl/seasons/2024/teams/6?lang=en&region=us,1.83,5/6,-120,1.83,5/6,-120,2.0,1/1,+100,2.0,1/1,+100,6.5,6.5,6.5,6.5,6.5,6.5,1.87,20/23,-115,1.87,20/23,-115,1.95,20/21,-105,1.95,20/21,-105,6.5,6.5,6.5,6.5,6.5,6.5,1.87,20/23,-115,1.87,20/23,-115,1.95,20/21,-105,1.95,20/21,-105,6.5,6.5,6.5,6.5,6.5,6.5,
401559810,http://sports.core.api.espn.com/v2/sports/hockey/leagues/nhl/events/401559810/competitions/401559810/odds/40?lang=en&region=us,EDM -140,,-1.5,,,False,False,http://sports.core.api.espn.com/v2/sports/hockey/leagues/nhl/providers/40?lang=en&region=us,40,DraftKings,0,False,True,245,-155.0,False,+1.5,+1.5,1.68,25/37,-148,1.68,25/37,-148,3.6,13/5,+260,3.6,13/5,+260,+1.5,+1.5,1.65,20/31,-155,1.65,20/31,-155,3.45,49/20,+245,3.45,49/20,+245,+1.5,+1.5,1.65,20/31,-155,1.65,20/31,-155,3.45,49/20,+245,3.45,49/20,+245,http://sports.core.api.espn.com/v2/sports/hockey/leagues/nhl/seasons/2024/teams/15?lang=en&region=us,True,False,-140,130.0,True,-1.5,-1.5,-1.5,-1.5,-1.5,-1.5,2.24,31/25,+124,2.24,31/25,+124,1.67,2/3,-150,1.67,2/3,-150,-1.5,-1.5,-1.5,-1.5,-1.5,-1.5,2.3,13/10,+130,2.3,13/10,+130,1.71,5/7,-140,1.71,5/7,-140,-1.5,-1.5,-1.5,-1.5,-1.5,-1.5,2.3,13/10,+130,2.3,13/10,+130,1.71,5/7,-140,1.71,5/7,-140,http://sports.core.api.espn.com/v2/sports/hockey/leagues/nhl/seasons/2024/teams/6?lang=en&region=us,,,,,,,,,,,,,,,,,,,,,,,,,,,,,,,,,,,,,,,,,,,,,,,,,,,,,,,
401559810,http://sports.core.api.espn.com/v2/sports/hockey/leagues/nhl/events/401559810/competitions/401559810/odds/58?lang=en&region=us,EDM -190,6.5,-1.5,-115.0,-105.0,False,False,http://sports.core.api.espn.com/v2/sports/hockey/leagues/nhl/providers/58?lang=en&region=us,58,ESPN BET,0,False,True,160,-160.0,False,+1.5,+1.5,1.71,5/7,-140,1.71,5/7,-140,2.7,17/10,+170,2.7,17/10,+170,+1.5,+1.5,1.63,5/8,-160,1.63,5/8,-160,2.6,8/5,+160,2.6,8/5,+160,+1.5,+1.5,1.63,5/8,-160,1.63,5/8,-160,2.6,8/5,+160,2.6,8/5,+160,http://sports.core.api.espn.com/v2/sports/hockey/leagues/nhl/seasons/2024/teams/15?lang=en&region=us,True,False,-190,135.0,True,,,-1.5,,,-1.5,2.2,6/5,+120,2.2,6/5,+120,1.5,1/2,-200,1.5,1/2,-200,,,-1.5,,,-1.5,2.35,27/20,+135,2.35,27/20,+135,1.53,10/19,-190,1.53,10/19,-190,,,-1.5,,,-1.5,2.35,27/20,+135,2.35,27/20,+135,1.53,10/19,-190,1.53,10/19,-190,http://sports.core.api.espn.com/v2/sports/hockey/leagues/nhl/seasons/2024/teams/6?lang=en&region=us,1.74,20/27,-135,1.74,20/27,-135,2.15,23/20,+115,2.15,23/20,+115,,,6.5,,,6.5,1.87,20/23,-115,1.87,20/23,-115,1.95,20/21,-105,1.95,20/21,-105,,,6.5,,,6.5,1.87,20/23,-115,1.87,20/23,-115,1.95,20/21,-105,1.95,20/21,-105,,,6.5,,,6.5,"[{'language': 'en-US', 'rel': ['home', 'desktop', 'bets', 'espn-bet'], 'href': 'https://espnbet.app.link?$canonical_url=/sport/hockey/organization/united-states/competition/nhl/event/16b901c4-31e8-4471-b5de-32ab13793639', 'text': 'Home Bet', 'shortText': 'Home Bet', 'isExternal': True, 'isPremium': False}, {'language': 'en-US', 'rel': ['away', 'desktop', 'bets', 'espn-bet'], 'href': 'https://espnbet.app.link?$canonical_url=/sport/hockey/organization/united-states/competition/nhl/event/16b901c4-31e8-4471-b5de-32ab13793639', 'text': 'Away Bet', 'shortText': 'Away Bet', 'isExternal': True, 'isPremium': False}, {'language': 'en-US', 'rel': ['homeSpread', 'desktop', 'bets'], 'href': 'https://espnbet.app.link?$canonical_url=/sport/hockey/organization/united-states/competition/nhl/event/16b901c4-31e8-4471-b5de-32ab13793639', 'text': 'Home Point Spread', 'shortText': 'Home Point Spread', 'isExternal': True, 'isPremium': False}, {'language': 'en-US', 'rel': ['awaySpread', 'desktop', 'bets'], 'href': 'https://espnbet.app.link?$canonical_url=/sport/hockey/organization/united-states/competition/nhl/event/16b901c4-31e8-4471-b5de-32ab13793639', 'text': 'Away Point Spread', 'shortText': 'Away Point Spread', 'isExternal': True, 'isPremium': False}, {'language': 'en-US', 'rel': ['over', 'desktop', 'bets'], 'href': 'https://espnbet.app.link?$canonical_url=/sport/hockey/organization/united-states/competition/nhl/event/16b901c4-31e8-4471-b5de-32ab13793639', 'text': 'Over Odds', 'shortText': 'Over Odds', 'isExternal': True, 'isPremium': False}, {'language': 'en-US', 'rel': ['under', 'desktop', 'bets'], 'href': 'https://espnbet.app.link?$canonical_url=/sport/hockey/organization/united-states/competition/nhl/event/16b901c4-31e8-4471-b5de-32ab13793639', 'text': 'Under Odds', 'shortText': 'Under Odds', 'isExternal': True, 'isPremium': False}, {'language': 'en-US', 'rel': ['game', 'desktop', 'bets'], 'href': 'https://espnbet.app.link?$canonical_url=/sport/hockey/organization/united-states/competition/nhl/event/16b901c4-31e8-4471-b5de-32ab13793639', 'text': 'Game', 'shortText': 'Game', 'isExternal': True, 'isPremium': False}]"
401559810,http://sports.core.api.espn.com/v2/sports/hockey/leagues/nhl/events/401559810/competitions/401559810/odds/47?lang=en&region=us,EDM -185,6.5,-1.5,-115.0,-105.0,False,False,http://sports.core.api.espn.com/v2/sports/hockey/leagues/nhl/providers/47?lang=en&region=us,47,MGM,0,False,True,150,-155.0,False,+1.5,+1.5,1.67,2/3,-150,1.67,2/3,-150,2.5,3/2,+150,2.5,3/2,+150,+1.5,+1.5,1.65,20/31,-155,1.65,20/31,-155,2.5,3/2,+150,2.5,3/2,+150,+1.5,+1.5,1.65,20/31,-155,1.65,20/31,-155,2.5,3/2,+150,2.5,3/2,+150,http://sports.core.api.espn.com/v2/sports/hockey/leagues/nhl/seasons/2024/teams/15?lang=en&region=us,True,False,-185,125.0,True,-1.5,-1.5,-1.5,-1.5,-1.5,-1.5,2.25,5/4,+125,2.25,5/4,+125,1.54,20/37,-185,1.54,20/37,-185,-1.5,-1.5,-1.5,-1.5,-1.5,-1.5,2.25,5/4,+125,2.25,5/4,+125,1.54,20/37,-185,1.54,20/37,-185,-1.5,-1.5,-1.5,-1.5,-1.5,-1.5,2.25,5/4,+125,2.25,5/4,+125,1.54,20/37,-185,1.54,20/37,-185,http://sports.core.api.espn.com/v2/sports/hockey/leagues/nhl/seasons/2024/teams/6?lang=en&region=us,1.83,5/6,-120,1.83,5/6,-120,2.0,1/1,+100,2.0,1/1,+100,6.5,6.5,6.5,6.5,6.5,6.5,1.87,20/23,-115,1.87,20/23,-115,1.95,20/21,-105,1.95,20/21,-105,6.5,6.5,6.5,6.5,6.5,6.5,1.87,20/23,-115,1.87,20/23,-115,1.95,20/21,-105,1.95,20/21,-105,6.5,6.5,6.5,6.5,6.5,6.5,
401559810,http://sports.core.api.espn.com/v2/sports/hockey/leagues/nhl/events/401559810/competitions/401559810/odds/41?lang=en&region=us,EDM -123,6.0,-1.5,-130.0,107.0,False,False,http://sports.core.api.espn.com/v2/sports/hockey/leagues/nhl/providers/41?lang=en&region=us,41,SugarHouse,0,False,True,260,-152.0,False,+1.5,+1.5,1.63,100/159,-159,1.63,100/159,-159,4.0,3/1,+300,4.0,3/1,+300,+1.5,+1.5,1.66,25/38,-152,1.66,25/38,-152,3.6,13/5,+260,3.6,13/5,+260,+1.5,+1.5,1.66,25/38,-152,1.66,25/38,-152,3.6,13/5,+260,3.6,13/5,+260,http://sports.core.api.espn.com/v2/sports/hockey/leagues/nhl/seasons/2024/teams/15?lang=en&region=us,True,False,-123,125.0,True,-1.5,-1.5,-1.5,-1.5,-1.5,-1.5,2.3,13/10,+130,2.3,13/10,+130,1.74,20/27,-135,1.74,20/27,-135,-1.5,-1.5,-1.5,-1.5,-1.5,-1.5,2.25,5/4,+125,2.25,5/4,+125,1.81,100/123,-123,1.81,100/123,-123,-1.5,-1.5,-1.5,-1.5,-1.5,-1.5,2.25,5/4,+125,2.25,5/4,+125,1.81,100/123,-123,1.81,100/123,-123,http://sports.core.api.espn.com/v2/sports/hockey/leagues/nhl/seasons/2024/teams/6?lang=en&region=us,1.77,10/13,-130,1.77,10/13,-130,2.07,107/100,+107,2.07,107/100,+107,6.0,6,6,6.0,6,6,1.77,10/13,-130,1.77,10/13,-130,2.07,107/100,+107,2.07,107/100,+107,6.0,6,6,6.0,6,6,1.77,10/13,-130,1.77,10/13,-130,2.07,107/100,+107,2.07,107/100,+107,6.0,6,6,6.0,6,6,
401559810,http://sports.core.api.espn.com/v2/sports/hockey/leagues/nhl/events/401559810/competitions/401559810/odds/53?lang=en&region=us,EDM -125,6.5,-1.5,105.0,-143.0,False,False,http://sports.core.api.espn.com/v2/sports/hockey/leagues/nhl/providers/53?lang=en&region=us,53,Titanbets,0,False,True,235,-167.0,False,+1.5,+1.5,1.65,50/77,-154,1.65,50/77,-154,3.3,23/10,+230,3.3,23/10,+230,+1.5,+1.5,1.6,100/167,-167,1.6,100/167,-167,3.35,47/20,+235,3.35,47/20,+235,+1.5,+1.5,1.6,100/167,-167,1.6,100/167,-167,3.35,47/20,+235,3.35,47/20,+235,http://sports.core.api.espn.com/v2/sports/hockey/leagues/nhl/seasons/2024/teams/15?lang=en&region=us,True,False,-125,138.0,True,-1.5,-1.5,-1.5,-1.5,-1.5,-1.5,2.25,5/4,+125,2.25,5/4,+125,1.83,5/6,-120,1.83,5/6,-120,-1.5,-1.5,-1.5,-1.5,-1.5,-1.5,2.38,69/50,+138,2.38,69/50,+138,1.8,4/5,-125,1.8,4/5,-125,-1.5,-1.5,-1.5,-1.5,-1.5,-1.5,2.38,69/50,+138,2.38,69/50,+138,1.8,4/5,-125,1.8,4/5,-125,http://sports.core.api.espn.com/v2/sports/hockey/leagues/nhl/seasons/2024/teams/6?lang=en&region=us,2.0,1/1,+100,2.0,1/1,+100,1.72,50/69,-138,1.72,50/69,-138,6.5,6.5,6.5,6.5,6.5,6.5,2.05,21/20,+105,2.05,21/20,+105,1.7,100/143,-143,1.7,100/143,-143,6.5,6.5,6.5,6.5,6.5,6.5,2.05,21/20,+105,2.05,21/20,+105,1.7,100/143,-143,1.7,100/143,-143,6.5,6.5,6.5,6.5,6.5,6.5,
401559810,http://sports.core.api.espn.com/v2/sports/hockey/leagues/nhl/events/401559810/competitions/401559810/odds/36?lang=en&region=us,EDM -124,5.5,-1.5,-186.0,150.0,False,False,http://sports.core.api.espn.com/v2/sports/hockey/leagues/nhl/providers/36?lang=en&region=us,36,Unibet,0,False,True,260,-152.0,False,+1.5,+1.5,1.63,100/159,-159,1.63,100/159,-159,4.0,3/1,+300,4.0,3/1,+300,+1.5,+1.5,1.66,25/38,-152,1.66,25/38,-152,3.6,13/5,+260,3.6,13/5,+260,+1.5,+1.5,1.66,25/38,-152,1.66,25/38,-152,3.6,13/5,+260,3.6,13/5,+260,http://sports.core.api.espn.com/v2/sports/hockey/leagues/nhl/seasons/2024/teams/15?lang=en&region=us,True,False,-124,125.0,True,-1.5,-1.5,-1.5,-1.5,-1.5,-1.5,2.3,13/10,+130,2.3,13/10,+130,1.74,25/34,-136,1.74,25/34,-136,-1.5,-1.5,-1.5,-1.5,-1.5,-1.5,2.25,5/4,+125,2.25,5/4,+125,1.81,25/31,-124,1.81,25/31,-124,-1.5,-1.5,-1.5,-1.5,-1.5,-1.5,2.25,5/4,+125,2.25,5/4,+125,1.81,25/31,-124,1.81,25/31,-124,http://sports.core.api.espn.com/v2/sports/hockey/leagues/nhl/seasons/2024/teams/6?lang=en&region=us,1.55,50/91,-182,1.55,50/91,-182,2.5,3/2,+150,2.5,3/2,+150,5.5,5.5,5.5,5.5,5.5,5.5,1.54,50/93,-186,1.54,50/93,-186,2.5,3/2,+150,2.5,3/2,+150,5.5,5.5,5.5,5.5,5.5,5.5,1.54,50/93,-186,1.54,50/93,-186,2.5,3/2,+150,2.5,3/2,+150,5.5,5.5,5.5,5.5,5.5,5.5,
401559811,http://sports.core.api.espn.com/v2/sports/hockey/leagues/nhl/events/401559811/competitions/401559811/odds/1001?lang=en&region=us,FLA -105,6.0,1.5,-115.0,-105.0,False,False,http://sports.core.api.espn.com/v2/sports/hockey/leagues/nhl/providers/1001?lang=en&region=us,1001,Bet365,0,True,False,-105,145.0,True,-1.5,-1.5,2.55,31/20,+155,2.55,31/20,+155,2.05,21/20,+105,2.05,21/20,+105,-1.5,-1.5,2.45,29/20,+145,2.45,29/20,+145,1.95,20/21,-105,1.95,20/21,-105,-1.5,-1.5,2.45,29/20,+145,2.45,29/20,+145,1.95,20/21,-105,1.95,20/21,-105,http://sports.core.api.espn.com/v2/sports/hockey/leagues/nhl/seasons/2024/teams/26?lang=en&region=us,False,True,210,-170.0,False,1.5,1.5,+1.5,1.5,1.5,+1.5,1.54,20/37,-185,1.54,20/37,-185,3.0,2/1,+200,3.0,2/1,+200,1.5,1.5,+1.5,1.5,1.5,+1.5,1.59,10/17,-170,1.59,10/17,-170,3.1,21/10,+210,3.1,21/10,+210,1.5,1.5,+1.5,1.5,1.5,+1.5,1.59,10/17,-170,1.59,10/17,-170,3.1,21/10,+210,3.1,21/10,+210,http://sports.core.api.espn.com/v2/sports/hockey/leagues/nhl/seasons/2024/teams/24?lang=en&region=us,2.0,1/1,+100,2.0,1/1,+100,1.83,5/6,-120,1.83,5/6,-120,6.5,6.5,6.5,6.5,6.5,6.5,1.87,20/23,-115,1.87,20/23,-115,1.95,20/21,-105,1.95,20/21,-105,6.0,6,6,6.0,6,6,1.87,20/23,-115,1.87,20/23,-115,1.95,20/21,-105,1.95,20/21,-105,6.0,6,6,6.0,6,6,
401559811,http://sports.core.api.espn.com/v2/sports/hockey/leagues/nhl/events/401559811/competitions/401559811/odds/52?lang=en&region=us,FLA -178,6.0,1.5,-115.0,-105.0,False,False,http://sports.core.api.espn.com/v2/sports/hockey/leagues/nhl/providers/52?lang=en&region=us,52,Caesars Sportsbook (Colorado),0,True,False,-178,143.0,True,-1.5,-1.5,2.5,3/2,+150,2.5,3/2,+150,1.63,5/8,-160,1.63,5/8,-160,-1.5,-1.5,2.43,143/100,+143,2.43,143/100,+143,1.56,50/89,-178,1.56,50/89,-178,-1.5,-1.5,2.43,143/100,+143,2.43,143/100,+143,1.56,50/89,-178,1.56,50/89,-178,http://sports.core.api.espn.com/v2/sports/hockey/leagues/nhl/seasons/2024/teams/26?lang=en&region=us,False,True,150,-170.0,False,1.5,1.5,+1.5,1.5,1.5,+1.5,1.56,50/89,-178,1.56,50/89,-178,2.35,27/20,+135,2.35,27/20,+135,1.5,1.5,+1.5,1.5,1.5,+1.5,1.59,10/17,-170,1.59,10/17,-170,2.5,3/2,+150,2.5,3/2,+150,1.5,1.5,+1.5,1.5,1.5,+1.5,1.59,10/17,-170,1.59,10/17,-170,2.5,3/2,+150,2.5,3/2,+150,http://sports.core.api.espn.com/v2/sports/hockey/leagues/nhl/seasons/2024/teams/24?lang=en&region=us,1.95,20/21,-105,1.95,20/21,-105,1.87,20/23,-115,1.87,20/23,-115,6.5,6.5,6.5,6.5,6.5,6.5,1.87,20/23,-115,1.87,20/23,-115,1.95,20/21,-105,1.95,20/21,-105,6.0,6,6,6.0,6,6,1.87,20/23,-115,1.87,20/23,-115,1.95,20/21,-105,1.95,20/21,-105,6.0,6,6,6.0,6,6,
401559811,http://sports.core.api.espn.com/v2/sports/hockey/leagues/nhl/events/401559811/competitions/401559811/odds/45?lang=en&region=us,FLA -178,6.0,1.5,-115.0,-105.0,False,False,http://sports.core.api.espn.com/v2/sports/hockey/leagues/nhl/providers/45?lang=en&region=us,45,Caesars Sportsbook (New Jersey),0,True,False,-178,143.0,True,-1.5,-1.5,2.5,3/2,+150,2.5,3/2,+150,1.63,5/8,-160,1.63,5/8,-160,-1.5,-1.5,2.43,143/100,+143,2.43,143/100,+143,1.56,50/89,-178,1.56,50/89,-178,-1.5,-1.5,2.43,143/100,+143,2.43,143/100,+143,1.56,50/89,-178,1.56,50/89,-178,http://sports.core.api.espn.com/v2/sports/hockey/leagues/nhl/seasons/2024/teams/26?lang=en&region=us,False,True,150,-170.0,False,1.5,1.5,+1.5,1.5,1.5,+1.5,1.56,50/89,-178,1.56,50/89,-178,2.35,27/20,+135,2.35,27/20,+135,1.5,1.5,+1.5,1.5,1.5,+1.5,1.59,10/17,-170,1.59,10/17,-170,2.5,3/2,+150,2.5,3/2,+150,1.5,1.5,+1.5,1.5,1.5,+1.5,1.59,10/17,-170,1.59,10/17,-170,2.5,3/2,+150,2.5,3/2,+150,http://sports.core.api.espn.com/v2/sports/hockey/leagues/nhl/seasons/2024/teams/24?lang=en&region=us,1.95,20/21,-105,1.95,20/21,-105,1.87,20/23,-115,1.87,20/23,-115,6.5,6.5,6.5,6.5,6.5,6.5,1.87,20/23,-115,1.87,20/23,-115,1.95,20/21,-105,1.95,20/21,-105,6.0,6,6,6.0,6,6,1.87,20/23,-115,1.87,20/23,-115,1.95,20/21,-105,1.95,20/21,-105,6.0,6,6,6.0,6,6,
401559811,http://sports.core.api.espn.com/v2/sports/hockey/leagues/nhl/events/401559811/competitions/401559811/odds/57?lang=en&region=us,FLA -194,6.0,1.5,-115.0,-105.0,False,False,http://sports.core.api.espn.com/v2/sports/hockey/leagues/nhl/providers/57?lang=en&region=us,57,Caesars Sportsbook (Tennessee),0,True,False,-194,143.0,True,-1.5,-1.5,2.5,3/2,+150,2.5,3/2,+150,1.59,100/169,-169,1.59,100/169,-169,-1.5,-1.5,2.43,143/100,+143,2.43,143/100,+143,1.52,50/97,-194,1.52,50/97,-194,-1.5,-1.5,2.43,143/100,+143,2.43,143/100,+143,1.52,50/97,-194,1.52,50/97,-194,http://sports.core.api.espn.com/v2/sports/hockey/leagues/nhl/seasons/2024/teams/26?lang=en&region=us,False,True,139,-170.0,False,1.5,1.5,+1.5,1.5,1.5,+1.5,1.56,50/89,-178,1.56,50/89,-178,2.23,123/100,+123,2.23,123/100,+123,1.5,1.5,+1.5,1.5,1.5,+1.5,1.59,10/17,-170,1.59,10/17,-170,2.39,139/100,+139,2.39,139/100,+139,1.5,1.5,+1.5,1.5,1.5,+1.5,1.59,10/17,-170,1.59,10/17,-170,2.39,139/100,+139,2.39,139/100,+139,http://sports.core.api.espn.com/v2/sports/hockey/leagues/nhl/seasons/2024/teams/24?lang=en&region=us,1.95,20/21,-105,1.95,20/21,-105,1.87,20/23,-115,1.87,20/23,-115,6.5,6.5,6.5,6.5,6.5,6.5,1.87,20/23,-115,1.87,20/23,-115,1.95,20/21,-105,1.95,20/21,-105,6.0,6,6,6.0,6,6,1.87,20/23,-115,1.87,20/23,-115,1.95,20/21,-105,1.95,20/21,-105,6.0,6,6,6.0,6,6,
401559811,http://sports.core.api.espn.com/v2/sports/hockey/leagues/nhl/events/401559811/competitions/401559811/odds/40?lang=en&region=us,FLA -110,,1.5,,,False,False,http://sports.core.api.espn.com/v2/sports/hockey/leagues/nhl/providers/40?lang=en&region=us,40,DraftKings,0,True,False,-110,142.0,True,-1.5,-1.5,2.6,8/5,+160,2.6,8/5,+160,1.95,20/21,-105,1.95,20/21,-105,-1.5,-1.5,2.42,71/50,+142,2.42,71/50,+142,1.91,10/11,-110,1.91,10/11,-110,-1.5,-1.5,2.42,71/50,+142,2.42,71/50,+142,1.91,10/11,-110,1.91,10/11,-110,http://sports.core.api.espn.com/v2/sports/hockey/leagues/nhl/seasons/2024/teams/26?lang=en&region=us,False,True,205,-170.0,False,1.5,1.5,+1.5,1.5,1.5,+1.5,1.52,25/48,-192,1.52,25/48,-192,2.85,37/20,+185,2.85,37/20,+185,1.5,1.5,+1.5,1.5,1.5,+1.5,1.59,10/17,-170,1.59,10/17,-170,3.05,41/20,+205,3.05,41/20,+205,1.5,1.5,+1.5,1.5,1.5,+1.5,1.59,10/17,-170,1.59,10/17,-170,3.05,41/20,+205,3.05,41/20,+205,http://sports.core.api.espn.com/v2/sports/hockey/leagues/nhl/seasons/2024/teams/24?lang=en&region=us,,,,,,,,,,,,,,,,,,,,,,,,,,,,,,,,,,,,,,,,,,,,,,,,,,,,,,,
401559811,http://sports.core.api.espn.com/v2/sports/hockey/leagues/nhl/events/401559811/competitions/401559811/odds/58?lang=en&region=us,FLA -175,6.5,1.5,110.0,-130.0,False,False,http://sports.core.api.espn.com/v2/sports/hockey/leagues/nhl/providers/58?lang=en&region=us,58,ESPN BET,0,True,False,-175,140.0,True,-1.5,-1.5,2.5,3/2,+150,2.5,3/2,+150,1.67,2/3,-150,1.67,2/3,-150,-1.5,-1.5,2.4,7/5,+140,2.4,7/5,+140,1.57,4/7,-175,1.57,4/7,-175,-1.5,-1.5,2.4,7/5,+140,2.4,7/5,+140,1.57,4/7,-175,1.57,4/7,-175,http://sports.core.api.espn.com/v2/sports/hockey/leagues/nhl/seasons/2024/teams/26?lang=en&region=us,False,True,150,-165.0,False,,,+1.5,,,+1.5,1.56,5/9,-180,1.56,5/9,-180,2.3,13/10,+130,2.3,13/10,+130,,,+1.5,,,+1.5,1.61,20/33,-165,1.61,20/33,-165,2.5,3/2,+150,2.5,3/2,+150,,,+1.5,,,+1.5,1.61,20/33,-165,1.61,20/33,-165,2.5,3/2,+150,2.5,3/2,+150,http://sports.core.api.espn.com/v2/sports/hockey/leagues/nhl/seasons/2024/teams/24?lang=en&region=us,1.91,10/11,-110,1.91,10/11,-110,1.91,10/11,-110,1.91,10/11,-110,,,6.5,,,6.5,2.1,11/10,+110,2.1,11/10,+110,1.77,10/13,-130,1.77,10/13,-130,,,6.5,,,6.5,2.1,11/10,+110,2.1,11/10,+110,1.77,10/13,-130,1.77,10/13,-130,,,6.5,,,6.5,"[{'language': 'en-US', 'rel': ['home', 'desktop', 'bets', 'espn-bet'], 'href': 'https://espnbet.app.link?$canonical_url=/sport/hockey/organization/united-states/competition/nhl/event/f886bbf0-be47-4ad7-ac00-86883501933b', 'text': 'Home Bet', 'shortText': 'Home Bet', 'isExternal': True, 'isPremium': False}, {'language': 'en-US', 'rel': ['away', 'desktop', 'bets', 'espn-bet'], 'href': 'https://espnbet.app.link?$canonical_url=/sport/hockey/organization/united-states/competition/nhl/event/f886bbf0-be47-4ad7-ac00-86883501933b', 'text': 'Away Bet', 'shortText': 'Away Bet', 'isExternal': True, 'isPremium': False}, {'language': 'en-US', 'rel': ['homeSpread', 'desktop', 'bets'], 'href': 'https://espnbet.app.link?$canonical_url=/sport/hockey/organization/united-states/competition/nhl/event/f886bbf0-be47-4ad7-ac00-86883501933b', 'text': 'Home Point Spread', 'shortText': 'Home Point Spread', 'isExternal': True, 'isPremium': False}, {'language': 'en-US', 'rel': ['awaySpread', 'desktop', 'bets'], 'href': 'https://espnbet.app.link?$canonical_url=/sport/hockey/organization/united-states/competition/nhl/event/f886bbf0-be47-4ad7-ac00-86883501933b', 'text': 'Away Point Spread', 'shortText': 'Away Point Spread', 'isExternal': True, 'isPremium': False}, {'language': 'en-US', 'rel': ['over', 'desktop', 'bets'], 'href': 'https://espnbet.app.link?$canonical_url=/sport/hockey/organization/united-states/competition/nhl/event/f886bbf0-be47-4ad7-ac00-86883501933b', 'text': 'Over Odds', 'shortText': 'Over Odds', 'isExternal': True, 'isPremium': False}, {'language': 'en-US', 'rel': ['under', 'desktop', 'bets'], 'href': 'https://espnbet.app.link?$canonical_url=/sport/hockey/organization/united-states/competition/nhl/event/f886bbf0-be47-4ad7-ac00-86883501933b', 'text': 'Under Odds', 'shortText': 'Under Odds', 'isExternal': True, 'isPremium': False}, {'language': 'en-US', 'rel': ['game', 'desktop', 'bets'], 'href': 'https://espnbet.app.link?$canonical_url=/sport/hockey/organization/united-states/competition/nhl/event/f886bbf0-be47-4ad7-ac00-86883501933b', 'text': 'Game', 'shortText': 'Game', 'isExternal': True, 'isPremium': False}]"
401559811,http://sports.core.api.espn.com/v2/sports/hockey/leagues/nhl/events/401559811/competitions/401559811/odds/47?lang=en&region=us,FLA -175,6.0,1.5,-115.0,-105.0,False,False,http://sports.core.api.espn.com/v2/sports/hockey/leagues/nhl/providers/47?lang=en&region=us,47,MGM,0,True,False,-175,140.0,True,-1.5,-1.5,2.5,3/2,+150,2.5,3/2,+150,1.63,5/8,-160,1.63,5/8,-160,-1.5,-1.5,2.4,7/5,+140,2.4,7/5,+140,1.57,4/7,-175,1.57,4/7,-175,-1.5,-1.5,2.4,7/5,+140,2.4,7/5,+140,1.57,4/7,-175,1.57,4/7,-175,http://sports.core.api.espn.com/v2/sports/hockey/leagues/nhl/seasons/2024/teams/26?lang=en&region=us,False,True,145,-165.0,False,1.5,1.5,+1.5,1.5,1.5,+1.5,1.54,20/37,-185,1.54,20/37,-185,2.35,27/20,+135,2.35,27/20,+135,1.5,1.5,+1.5,1.5,1.5,+1.5,1.61,20/33,-165,1.61,20/33,-165,2.45,29/20,+145,2.45,29/20,+145,1.5,1.5,+1.5,1.5,1.5,+1.5,1.61,20/33,-165,1.61,20/33,-165,2.45,29/20,+145,2.45,29/20,+145,http://sports.core.api.espn.com/v2/sports/hockey/leagues/nhl/seasons/2024/teams/24?lang=en&region=us,1.95,20/21,-105,1.95,20/21,-105,1.87,20/23,-115,1.87,20/23,-115,6.5,6.5,6.5,6.5,6.5,6.5,1.87,20/23,-115,1.87,20/23,-115,1.95,20/21,-105,1.95,20/21,-105,6.0,6,6,6.0,6,6,1.87,20/23,-115,1.87,20/23,-115,1.95,20/21,-105,1.95,20/21,-105,6.0,6,6,6.0,6,6,
401559811,http://sports.core.api.espn.com/v2/sports/hockey/leagues/nhl/events/401559811/competitions/401559811/odds/41?lang=en&region=us,FLA -167,6.0,1.5,106.0,-128.0,False,False,http://sports.core.api.espn.com/v2/sports/hockey/leagues/nhl/providers/41?lang=en&region=us,41,SugarHouse,0,True,False,-167,148.0,True,-1.5,-1.5,2.55,31/20,+155,2.55,31/20,+155,1.66,25/38,-152,1.66,25/38,-152,-1.5,-1.5,2.48,37/25,+148,2.48,37/25,+148,1.6,100/167,-167,1.6,100/167,-167,-1.5,-1.5,2.48,37/25,+148,2.48,37/25,+148,1.6,100/167,-167,1.6,100/167,-167,http://sports.core.api.espn.com/v2/sports/hockey/leagues/nhl/seasons/2024/teams/26?lang=en&region=us,False,True,138,-182.0,False,1.5,1.5,+1.5,1.5,1.5,+1.5,1.53,100/189,-189,1.53,100/189,-189,2.25,5/4,+125,2.25,5/4,+125,1.5,1.5,+1.5,1.5,1.5,+1.5,1.55,50/91,-182,1.55,50/91,-182,2.38,69/50,+138,2.38,69/50,+138,1.5,1.5,+1.5,1.5,1.5,+1.5,1.55,50/91,-182,1.55,50/91,-182,2.38,69/50,+138,2.38,69/50,+138,http://sports.core.api.espn.com/v2/sports/hockey/leagues/nhl/seasons/2024/teams/24?lang=en&region=us,1.92,100/109,-109,1.92,100/109,-109,1.9,100/111,-111,1.9,100/111,-111,6.0,6,6,6.0,6,6,2.06,53/50,+106,2.06,53/50,+106,1.78,25/32,-128,1.78,25/32,-128,6.0,6,6,6.0,6,6,2.06,53/50,+106,2.06,53/50,+106,1.78,25/32,-128,1.78,25/32,-128,6.0,6,6,6.0,6,6,
401559811,http://sports.core.api.espn.com/v2/sports/hockey/leagues/nhl/events/401559811/competitions/401559811/odds/53?lang=en&region=us,FLA -110,6.5,1.5,130.0,-182.0,False,False,http://sports.core.api.espn.com/v2/sports/hockey/leagues/nhl/providers/53?lang=en&region=us,53,Titanbets,0,True,False,-110,140.0,True,-1.5,-1.5,2.5,3/2,+150,2.5,3/2,+150,1.95,20/21,-105,1.95,20/21,-105,-1.5,-1.5,2.4,7/5,+140,2.4,7/5,+140,1.91,10/11,-110,1.91,10/11,-110,-1.5,-1.5,2.4,7/5,+140,2.4,7/5,+140,1.91,10/11,-110,1.91,10/11,-110,http://sports.core.api.espn.com/v2/sports/hockey/leagues/nhl/seasons/2024/teams/26?lang=en&region=us,False,True,210,-175.0,False,1.5,1.5,+1.5,1.5,1.5,+1.5,1.53,25/47,-188,1.53,25/47,-188,3.0,2/1,+200,3.0,2/1,+200,1.5,1.5,+1.5,1.5,1.5,+1.5,1.57,4/7,-175,1.57,4/7,-175,3.1,21/10,+210,3.1,21/10,+210,1.5,1.5,+1.5,1.5,1.5,+1.5,1.57,4/7,-175,1.57,4/7,-175,3.1,21/10,+210,3.1,21/10,+210,http://sports.core.api.espn.com/v2/sports/hockey/leagues/nhl/seasons/2024/teams/24?lang=en&region=us,2.15,23/20,+115,2.15,23/20,+115,1.61,100/163,-163,1.61,100/163,-163,6.5,6.5,6.5,6.5,6.5,6.5,2.3,13/10,+130,2.3,13/10,+130,1.55,50/91,-182,1.55,50/91,-182,6.5,6.5,6.5,6.5,6.5,6.5,2.3,13/10,+130,2.3,13/10,+130,1.55,50/91,-182,1.55,50/91,-182,6.5,6.5,6.5,6.5,6.5,6.5,
401559811,http://sports.core.api.espn.com/v2/sports/hockey/leagues/nhl/events/401559811/competitions/401559811/odds/36?lang=en&region=us,FLA -104,5.5,1.5,-139.0,115.0,False,False,http://sports.core.api.espn.com/v2/sports/hockey/leagues/nhl/providers/36?lang=en&region=us,36,Unibet,0,True,False,-104,148.0,True,-1.5,-1.5,2.55,31/20,+155,2.55,31/20,+155,2.05,21/20,+105,2.05,21/20,+105,-1.5,-1.5,2.48,37/25,+148,2.48,37/25,+148,1.96,25/26,-104,1.96,25/26,-104,-1.5,-1.5,2.48,37/25,+148,2.48,37/25,+148,1.96,25/26,-104,1.96,25/26,-104,http://sports.core.api.espn.com/v2/sports/hockey/leagues/nhl/seasons/2024/teams/26?lang=en&region=us,False,True,220,-182.0,False,1.5,1.5,+1.5,1.5,1.5,+1.5,1.53,10/19,-190,1.53,10/19,-190,3.0,2/1,+200,3.0,2/1,+200,1.5,1.5,+1.5,1.5,1.5,+1.5,1.55,50/91,-182,1.55,50/91,-182,3.2,11/5,+220,3.2,11/5,+220,1.5,1.5,+1.5,1.5,1.5,+1.5,1.55,50/91,-182,1.55,50/91,-182,3.2,11/5,+220,3.2,11/5,+220,http://sports.core.api.espn.com/v2/sports/hockey/leagues/nhl/seasons/2024/teams/24?lang=en&region=us,1.64,100/157,-157,1.64,100/157,-157,2.3,13/10,+130,2.3,13/10,+130,5.5,5.5,5.5,5.5,5.5,5.5,1.72,100/139,-139,1.72,100/139,-139,2.15,23/20,+115,2.15,23/20,+115,5.5,5.5,5.5,5.5,5.5,5.5,1.72,100/139,-139,1.72,100/139,-139,2.15,23/20,+115,2.15,23/20,+115,5.5,5.5,5.5,5.5,5.5,5.5,
401559812,http://sports.core.api.espn.com/v2/sports/hockey/leagues/nhl/events/401559812/competitions/401559812/odds/1001?lang=en&region=us,VAN +110,6.5,-1.5,-135.0,115.0,False,False,http://sports.core.api.espn.com/v2/sports/hockey/leagues/nhl/providers/1001?lang=en&region=us,1001,Bet365,0,False,True,180,-185.0,False,+1.5,+1.5,1.56,5/9,-180,1.56,5/9,-180,2.9,19/10,+190,2.9,19/10,+190,+1.5,+1.5,1.54,20/37,-185,1.54,20/37,-185,2.8,9/5,+180,2.8,9/5,+180,+1.5,+1.5,1.54,20/37,-185,1.54,20/37,-185,2.8,9/5,+180,2.8,9/5,+180,http://sports.core.api.espn.com/v2/sports/hockey/leagues/nhl/seasons/2024/teams/14?lang=en&region=us,True,False,110,155.0,True,-1.5,-1.5,-1.5,-1.5,-1.5,-1.5,2.5,3/2,+150,2.5,3/2,+150,2.05,21/20,+105,2.05,21/20,+105,-1.5,-1.5,-1.5,-1.5,-1.5,-1.5,2.55,31/20,+155,2.55,31/20,+155,2.1,11/10,+110,2.1,11/10,+110,-1.5,-1.5,-1.5,-1.5,-1.5,-1.5,2.55,31/20,+155,2.55,31/20,+155,2.1,11/10,+110,2.1,11/10,+110,http://sports.core.api.espn.com/v2/sports/hockey/leagues/nhl/seasons/2024/teams/22?lang=en&region=us,1.8,4/5,-125,1.8,4/5,-125,2.05,21/20,+105,2.05,21/20,+105,6.5,6.5,6.5,6.5,6.5,6.5,1.74,20/27,-135,1.74,20/27,-135,2.15,23/20,+115,2.15,23/20,+115,6.5,6.5,6.5,6.5,6.5,6.5,1.74,20/27,-135,1.74,20/27,-135,2.15,23/20,+115,2.15,23/20,+115,6.5,6.5,6.5,6.5,6.5,6.5,
401559812,http://sports.core.api.espn.com/v2/sports/hockey/leagues/nhl/events/401559812/competitions/401559812/odds/52?lang=en&region=us,VAN -145,6.5,-1.5,-135.0,115.0,False,False,http://sports.core.api.espn.com/v2/sports/hockey/leagues/nhl/providers/52?lang=en&region=us,52,Caesars Sportsbook (Colorado),0,False,True,122,-190.0,False,+1.5,+1.5,1.63,5/8,-160,1.63,5/8,-160,2.4,7/5,+140,2.4,7/5,+140,+1.5,+1.5,1.53,10/19,-190,1.53,10/19,-190,2.22,61/50,+122,2.22,61/50,+122,+1.5,+1.5,1.53,10/19,-190,1.53,10/19,-190,2.22,61/50,+122,2.22,61/50,+122,http://sports.core.api.espn.com/v2/sports/hockey/leagues/nhl/seasons/2024/teams/14?lang=en&region=us,True,False,-145,158.0,True,-1.5,-1.5,-1.5,-1.5,-1.5,-1.5,2.35,27/20,+135,2.35,27/20,+135,1.61,20/33,-165,1.61,20/33,-165,-1.5,-1.5,-1.5,-1.5,-1.5,-1.5,2.58,79/50,+158,2.58,79/50,+158,1.69,20/29,-145,1.69,20/29,-145,-1.5,-1.5,-1.5,-1.5,-1.5,-1.5,2.58,79/50,+158,2.58,79/50,+158,1.69,20/29,-145,1.69,20/29,-145,http://sports.core.api.espn.com/v2/sports/hockey/leagues/nhl/seasons/2024/teams/22?lang=en&region=us,1.8,4/5,-125,1.8,4/5,-125,2.05,21/20,+105,2.05,21/20,+105,6.5,6.5,6.5,6.5,6.5,6.5,1.74,20/27,-135,1.74,20/27,-135,2.15,23/20,+115,2.15,23/20,+115,6.5,6.5,6.5,6.5,6.5,6.5,1.74,20/27,-135,1.74,20/27,-135,2.15,23/20,+115,2.15,23/20,+115,6.5,6.5,6.5,6.5,6.5,6.5,
401559812,http://sports.core.api.espn.com/v2/sports/hockey/leagues/nhl/events/401559812/competitions/401559812/odds/45?lang=en&region=us,VAN -145,6.5,-1.5,-135.0,115.0,False,False,http://sports.core.api.espn.com/v2/sports/hockey/leagues/nhl/providers/45?lang=en&region=us,45,Caesars Sportsbook (New Jersey),0,False,True,122,-190.0,False,+1.5,+1.5,1.63,5/8,-160,1.63,5/8,-160,2.4,7/5,+140,2.4,7/5,+140,+1.5,+1.5,1.53,10/19,-190,1.53,10/19,-190,2.22,61/50,+122,2.22,61/50,+122,+1.5,+1.5,1.53,10/19,-190,1.53,10/19,-190,2.22,61/50,+122,2.22,61/50,+122,http://sports.core.api.espn.com/v2/sports/hockey/leagues/nhl/seasons/2024/teams/14?lang=en&region=us,True,False,-145,158.0,True,-1.5,-1.5,-1.5,-1.5,-1.5,-1.5,2.35,27/20,+135,2.35,27/20,+135,1.61,20/33,-165,1.61,20/33,-165,-1.5,-1.5,-1.5,-1.5,-1.5,-1.5,2.58,79/50,+158,2.58,79/50,+158,1.69,20/29,-145,1.69,20/29,-145,-1.5,-1.5,-1.5,-1.5,-1.5,-1.5,2.58,79/50,+158,2.58,79/50,+158,1.69,20/29,-145,1.69,20/29,-145,http://sports.core.api.espn.com/v2/sports/hockey/leagues/nhl/seasons/2024/teams/22?lang=en&region=us,1.8,4/5,-125,1.8,4/5,-125,2.05,21/20,+105,2.05,21/20,+105,6.5,6.5,6.5,6.5,6.5,6.5,1.74,20/27,-135,1.74,20/27,-135,2.15,23/20,+115,2.15,23/20,+115,6.5,6.5,6.5,6.5,6.5,6.5,1.74,20/27,-135,1.74,20/27,-135,2.15,23/20,+115,2.15,23/20,+115,6.5,6.5,6.5,6.5,6.5,6.5,
401559812,http://sports.core.api.espn.com/v2/sports/hockey/leagues/nhl/events/401559812/competitions/401559812/odds/57?lang=en&region=us,VAN -160,6.5,-1.5,-135.0,115.0,False,False,http://sports.core.api.espn.com/v2/sports/hockey/leagues/nhl/providers/57?lang=en&region=us,57,Caesars Sportsbook (Tennessee),0,False,True,116,-190.0,False,+1.5,+1.5,1.63,5/8,-160,1.63,5/8,-160,2.29,129/100,+129,2.29,129/100,+129,+1.5,+1.5,1.53,10/19,-190,1.53,10/19,-190,2.16,29/25,+116,2.16,29/25,+116,+1.5,+1.5,1.53,10/19,-190,1.53,10/19,-190,2.16,29/25,+116,2.16,29/25,+116,http://sports.core.api.espn.com/v2/sports/hockey/leagues/nhl/seasons/2024/teams/14?lang=en&region=us,True,False,-160,158.0,True,-1.5,-1.5,-1.5,-1.5,-1.5,-1.5,2.35,27/20,+135,2.35,27/20,+135,1.56,100/179,-179,1.56,100/179,-179,-1.5,-1.5,-1.5,-1.5,-1.5,-1.5,2.58,79/50,+158,2.58,79/50,+158,1.63,5/8,-160,1.63,5/8,-160,-1.5,-1.5,-1.5,-1.5,-1.5,-1.5,2.58,79/50,+158,2.58,79/50,+158,1.63,5/8,-160,1.63,5/8,-160,http://sports.core.api.espn.com/v2/sports/hockey/leagues/nhl/seasons/2024/teams/22?lang=en&region=us,1.8,4/5,-125,1.8,4/5,-125,2.05,21/20,+105,2.05,21/20,+105,6.5,6.5,6.5,6.5,6.5,6.5,1.74,20/27,-135,1.74,20/27,-135,2.15,23/20,+115,2.15,23/20,+115,6.5,6.5,6.5,6.5,6.5,6.5,1.74,20/27,-135,1.74,20/27,-135,2.15,23/20,+115,2.15,23/20,+115,6.5,6.5,6.5,6.5,6.5,6.5,
401559812,http://sports.core.api.espn.com/v2/sports/hockey/leagues/nhl/events/401559812/competitions/401559812/odds/40?lang=en&region=us,VAN -110,,-1.5,,,False,False,http://sports.core.api.espn.com/v2/sports/hockey/leagues/nhl/providers/40?lang=en&region=us,40,DraftKings,0,False,True,190,-185.0,False,+1.5,+1.5,1.54,20/37,-185,1.54,20/37,-185,2.9,19/10,+190,2.9,19/10,+190,+1.5,+1.5,1.54,20/37,-185,1.54,20/37,-185,2.9,19/10,+190,2.9,19/10,+190,+1.5,+1.5,1.54,20/37,-185,1.54,20/37,-185,2.9,19/10,+190,2.9,19/10,+190,http://sports.core.api.espn.com/v2/sports/hockey/leagues/nhl/seasons/2024/teams/14?lang=en&region=us,True,False,-110,154.0,True,-1.5,-1.5,-1.5,-1.5,-1.5,-1.5,2.54,77/50,+154,2.54,77/50,+154,1.91,10/11,-110,1.91,10/11,-110,-1.5,-1.5,-1.5,-1.5,-1.5,-1.5,2.54,77/50,+154,2.54,77/50,+154,1.91,10/11,-110,1.91,10/11,-110,-1.5,-1.5,-1.5,-1.5,-1.5,-1.5,2.54,77/50,+154,2.54,77/50,+154,1.91,10/11,-110,1.91,10/11,-110,http://sports.core.api.espn.com/v2/sports/hockey/leagues/nhl/seasons/2024/teams/22?lang=en&region=us,,,,,,,,,,,,,,,,,,,,,,,,,,,,,,,,,,,,,,,,,,,,,,,,,,,,,,,
401559812,http://sports.core.api.espn.com/v2/sports/hockey/leagues/nhl/events/401559812/competitions/401559812/odds/58?lang=en&region=us,VAN -145,6.5,-1.5,-140.0,120.0,False,False,http://sports.core.api.espn.com/v2/sports/hockey/leagues/nhl/providers/58?lang=en&region=us,58,ESPN BET,0,False,True,125,-190.0,False,+1.5,+1.5,1.61,20/33,-165,1.61,20/33,-165,2.4,7/5,+140,2.4,7/5,+140,+1.5,+1.5,1.53,10/19,-190,1.53,10/19,-190,2.25,5/4,+125,2.25,5/4,+125,+1.5,+1.5,1.53,10/19,-190,1.53,10/19,-190,2.25,5/4,+125,2.25,5/4,+125,http://sports.core.api.espn.com/v2/sports/hockey/leagues/nhl/seasons/2024/teams/14?lang=en&region=us,True,False,-145,160.0,True,,,-1.5,,,-1.5,2.4,7/5,+140,2.4,7/5,+140,1.61,20/33,-165,1.61,20/33,-165,,,-1.5,,,-1.5,2.6,8/5,+160,2.6,8/5,+160,1.69,20/29,-145,1.69,20/29,-145,,,-1.5,,,-1.5,2.6,8/5,+160,2.6,8/5,+160,1.69,20/29,-145,1.69,20/29,-145,http://sports.core.api.espn.com/v2/sports/hockey/leagues/nhl/seasons/2024/teams/22?lang=en&region=us,1.67,2/3,-150,1.67,2/3,-150,2.2,6/5,+120,2.2,6/5,+120,,,6.5,,,6.5,1.71,5/7,-140,1.71,5/7,-140,2.2,6/5,+120,2.2,6/5,+120,,,6.5,,,6.5,1.71,5/7,-140,1.71,5/7,-140,2.2,6/5,+120,2.2,6/5,+120,,,6.5,,,6.5,"[{'language': 'en-US', 'rel': ['home', 'desktop', 'bets', 'espn-bet'], 'href': 'https://espnbet.app.link?$canonical_url=/sport/hockey/organization/united-states/competition/nhl/event/916f9ba5-5fb8-4985-ba99-3b94628ccea5', 'text': 'Home Bet', 'shortText': 'Home Bet', 'isExternal': True, 'isPremium': False}, {'language': 'en-US', 'rel': ['away', 'desktop', 'bets', 'espn-bet'], 'href': 'https://espnbet.app.link?$canonical_url=/sport/hockey/organization/united-states/competition/nhl/event/916f9ba5-5fb8-4985-ba99-3b94628ccea5', 'text': 'Away Bet', 'shortText': 'Away Bet', 'isExternal': True, 'isPremium': False}, {'language': 'en-US', 'rel': ['homeSpread', 'desktop', 'bets'], 'href': 'https://espnbet.app.link?$canonical_url=/sport/hockey/organization/united-states/competition/nhl/event/916f9ba5-5fb8-4985-ba99-3b94628ccea5', 'text': 'Home Point Spread', 'shortText': 'Home Point Spread', 'isExternal': True, 'isPremium': False}, {'language': 'en-US', 'rel': ['awaySpread', 'desktop', 'bets'], 'href': 'https://espnbet.app.link?$canonical_url=/sport/hockey/organization/united-states/competition/nhl/event/916f9ba5-5fb8-4985-ba99-3b94628ccea5', 'text': 'Away Point Spread', 'shortText': 'Away Point Spread', 'isExternal': True, 'isPremium': False}, {'language': 'en-US', 'rel': ['over', 'desktop', 'bets'], 'href': 'https://espnbet.app.link?$canonical_url=/sport/hockey/organization/united-states/competition/nhl/event/916f9ba5-5fb8-4985-ba99-3b94628ccea5', 'text': 'Over Odds', 'shortText': 'Over Odds', 'isExternal': True, 'isPremium': False}, {'language': 'en-US', 'rel': ['under', 'desktop', 'bets'], 'href': 'https://espnbet.app.link?$canonical_url=/sport/hockey/organization/united-states/competition/nhl/event/916f9ba5-5fb8-4985-ba99-3b94628ccea5', 'text': 'Under Odds', 'shortText': 'Under Odds', 'isExternal': True, 'isPremium': False}, {'language': 'en-US', 'rel': ['game', 'desktop', 'bets'], 'href': 'https://espnbet.app.link?$canonical_url=/sport/hockey/organization/united-states/competition/nhl/event/916f9ba5-5fb8-4985-ba99-3b94628ccea5', 'text': 'Game', 'shortText': 'Game', 'isExternal': True, 'isPremium': False}]"
401559812,http://sports.core.api.espn.com/v2/sports/hockey/leagues/nhl/events/401559812/competitions/401559812/odds/47?lang=en&region=us,VAN -145,6.5,-1.5,-135.0,110.0,False,False,http://sports.core.api.espn.com/v2/sports/hockey/leagues/nhl/providers/47?lang=en&region=us,47,MGM,0,False,True,120,-190.0,False,+1.5,+1.5,1.61,20/33,-165,1.61,20/33,-165,2.4,7/5,+140,2.4,7/5,+140,+1.5,+1.5,1.53,10/19,-190,1.53,10/19,-190,2.2,6/5,+120,2.2,6/5,+120,+1.5,+1.5,1.53,10/19,-190,1.53,10/19,-190,2.2,6/5,+120,2.2,6/5,+120,http://sports.core.api.espn.com/v2/sports/hockey/leagues/nhl/seasons/2024/teams/14?lang=en&region=us,True,False,-145,155.0,True,-1.5,-1.5,-1.5,-1.5,-1.5,-1.5,2.35,27/20,+135,2.35,27/20,+135,1.61,20/33,-165,1.61,20/33,-165,-1.5,-1.5,-1.5,-1.5,-1.5,-1.5,2.55,31/20,+155,2.55,31/20,+155,1.69,20/29,-145,1.69,20/29,-145,-1.5,-1.5,-1.5,-1.5,-1.5,-1.5,2.55,31/20,+155,2.55,31/20,+155,1.69,20/29,-145,1.69,20/29,-145,http://sports.core.api.espn.com/v2/sports/hockey/leagues/nhl/seasons/2024/teams/22?lang=en&region=us,1.71,5/7,-140,1.71,5/7,-140,2.15,23/20,+115,2.15,23/20,+115,6.5,6.5,6.5,6.5,6.5,6.5,1.74,20/27,-135,1.74,20/27,-135,2.1,11/10,+110,2.1,11/10,+110,6.5,6.5,6.5,6.5,6.5,6.5,1.74,20/27,-135,1.74,20/27,-135,2.1,11/10,+110,2.1,11/10,+110,6.5,6.5,6.5,6.5,6.5,6.5,
401559812,http://sports.core.api.espn.com/v2/sports/hockey/leagues/nhl/events/401559812/competitions/401559812/odds/41?lang=en&region=us,VAN -156,6.5,-1.5,104.0,-125.0,False,False,http://sports.core.api.espn.com/v2/sports/hockey/leagues/nhl/providers/41?lang=en&region=us,41,SugarHouse,0,False,True,130,-189.0,False,+1.5,+1.5,1.54,20/37,-185,1.54,20/37,-185,2.8,9/5,+180,2.8,9/5,+180,+1.5,+1.5,1.53,100/189,-189,1.53,100/189,-189,2.3,13/10,+130,2.3,13/10,+130,+1.5,+1.5,1.53,100/189,-189,1.53,100/189,-189,2.3,13/10,+130,2.3,13/10,+130,http://sports.core.api.espn.com/v2/sports/hockey/leagues/nhl/seasons/2024/teams/14?lang=en&region=us,True,False,-156,155.0,True,-1.5,-1.5,-1.5,-1.5,-1.5,-1.5,2.5,3/2,+150,2.5,3/2,+150,1.45,50/111,-222,1.45,50/111,-222,-1.5,-1.5,-1.5,-1.5,-1.5,-1.5,2.55,31/20,+155,2.55,31/20,+155,1.64,25/39,-156,1.64,25/39,-156,-1.5,-1.5,-1.5,-1.5,-1.5,-1.5,2.55,31/20,+155,2.55,31/20,+155,1.64,25/39,-156,1.64,25/39,-156,http://sports.core.api.espn.com/v2/sports/hockey/leagues/nhl/seasons/2024/teams/22?lang=en&region=us,2.08,27/25,+108,2.08,27/25,+108,1.77,10/13,-130,1.77,10/13,-130,6.5,6.5,6.5,6.5,6.5,6.5,2.04,26/25,+104,2.04,26/25,+104,1.8,4/5,-125,1.8,4/5,-125,6.5,6.5,6.5,6.5,6.5,6.5,2.04,26/25,+104,2.04,26/25,+104,1.8,4/5,-125,1.8,4/5,-125,6.5,6.5,6.5,6.5,6.5,6.5,
401559812,http://sports.core.api.espn.com/v2/sports/hockey/leagues/nhl/events/401559812/competitions/401559812/odds/53?lang=en&region=us,VAN -105,6.5,-1.5,-118.0,-120.0,False,False,http://sports.core.api.espn.com/v2/sports/hockey/leagues/nhl/providers/53?lang=en&region=us,53,Titanbets,0,False,True,195,-200.0,False,+1.5,+1.5,1.55,50/91,-182,1.55,50/91,-182,3.0,2/1,+200,3.0,2/1,+200,+1.5,+1.5,1.5,1/2,-200,1.5,1/2,-200,2.95,39/20,+195,2.95,39/20,+195,+1.5,+1.5,1.5,1/2,-200,1.5,1/2,-200,2.95,39/20,+195,2.95,39/20,+195,http://sports.core.api.espn.com/v2/sports/hockey/leagues/nhl/seasons/2024/teams/14?lang=en&region=us,True,False,-105,160.0,True,-1.5,-1.5,-1.5,-1.5,-1.5,-1.5,2.45,29/20,+145,2.45,29/20,+145,1.93,25/27,-108,1.93,25/27,-108,-1.5,-1.5,-1.5,-1.5,-1.5,-1.5,2.6,8/5,+160,2.6,8/5,+160,1.95,20/21,-105,1.95,20/21,-105,-1.5,-1.5,-1.5,-1.5,-1.5,-1.5,2.6,8/5,+160,2.6,8/5,+160,1.95,20/21,-105,1.95,20/21,-105,http://sports.core.api.espn.com/v2/sports/hockey/leagues/nhl/seasons/2024/teams/22?lang=en&region=us,1.95,20/21,-105,1.95,20/21,-105,1.75,100/133,-133,1.75,100/133,-133,6.5,6.5,6.5,6.5,6.5,6.5,1.85,50/59,-118,1.85,50/59,-118,1.83,5/6,-120,1.83,5/6,-120,6.5,6.5,6.5,6.5,6.5,6.5,1.85,50/59,-118,1.85,50/59,-118,1.83,5/6,-120,1.83,5/6,-120,6.5,6.5,6.5,6.5,6.5,6.5,
401559812,http://sports.core.api.espn.com/v2/sports/hockey/leagues/nhl/events/401559812/competitions/401559812/odds/36?lang=en&region=us,VAN +102,5.5,-1.5,-215.0,160.0,False,False,http://sports.core.api.espn.com/v2/sports/hockey/leagues/nhl/providers/36?lang=en&region=us,36,Unibet,0,False,True,205,-190.0,False,+1.5,+1.5,1.54,50/93,-186,1.54,50/93,-186,3.95,59/20,+295,3.95,59/20,+295,+1.5,+1.5,1.53,10/19,-190,1.53,10/19,-190,3.05,41/20,+205,3.05,41/20,+205,+1.5,+1.5,1.53,10/19,-190,1.53,10/19,-190,3.05,41/20,+205,3.05,41/20,+205,http://sports.core.api.espn.com/v2/sports/hockey/leagues/nhl/seasons/2024/teams/14?lang=en&region=us,True,False,102,155.0,True,-1.5,-1.5,-1.5,-1.5,-1.5,-1.5,2.5,3/2,+150,2.5,3/2,+150,1.75,50/67,-134,1.75,50/67,-134,-1.5,-1.5,-1.5,-1.5,-1.5,-1.5,2.55,31/20,+155,2.55,31/20,+155,2.02,51/50,+102,2.02,51/50,+102,-1.5,-1.5,-1.5,-1.5,-1.5,-1.5,2.55,31/20,+155,2.55,31/20,+155,2.02,51/50,+102,2.02,51/50,+102,http://sports.core.api.espn.com/v2/sports/hockey/leagues/nhl/seasons/2024/teams/22?lang=en&region=us,1.09,100/1111,-1111,1.09,100/1111,-1111,7.5,13/2,+650,7.5,13/2,+650,3.5,3.5,3.5,3.5,3.5,3.5,1.47,20/43,-215,1.47,20/43,-215,2.6,8/5,+160,2.6,8/5,+160,5.5,5.5,5.5,5.5,5.5,5.5,1.47,20/43,-215,1.47,20/43,-215,2.6,8/5,+160,2.6,8/5,+160,5.5,5.5,5.5,5.5,5.5,5.5,
401559813,http://sports.core.api.espn.com/v2/sports/hockey/leagues/nhl/events/401559813/competitions/401559813/odds/1001?lang=en&region=us,LA +120,6.5,-1.5,-115.0,-105.0,False,False,http://sports.core.api.espn.com/v2/sports/hockey/leagues/nhl/providers/1001?lang=en&region=us,1001,Bet365,0,False,True,165,-210.0,False,+1.5,+1.5,1.45,5/11,-220,1.45,5/11,-220,2.6,8/5,+160,2.6,8/5,+160,+1.5,+1.5,1.48,10/21,-210,1.48,10/21,-210,2.65,33/20,+165,2.65,33/20,+165,+1.5,+1.5,1.48,10/21,-210,1.48,10/21,-210,2.65,33/20,+165,2.65,33/20,+165,http://sports.core.api.espn.com/v2/sports/hockey/leagues/nhl/seasons/2024/teams/21?lang=en&region=us,True,False,120,175.0,True,-1.5,-1.5,-1.5,-1.5,-1.5,-1.5,2.8,9/5,+180,2.8,9/5,+180,2.25,5/4,+125,2.25,5/4,+125,-1.5,-1.5,-1.5,-1.5,-1.5,-1.5,2.75,7/4,+175,2.75,7/4,+175,2.2,6/5,+120,2.2,6/5,+120,-1.5,-1.5,-1.5,-1.5,-1.5,-1.5,2.75,7/4,+175,2.75,7/4,+175,2.2,6/5,+120,2.2,6/5,+120,http://sports.core.api.espn.com/v2/sports/hockey/leagues/nhl/seasons/2024/teams/8?lang=en&region=us,1.83,5/6,-120,1.83,5/6,-120,2.0,1/1,+100,2.0,1/1,+100,6.5,6.5,6.5,6.5,6.5,6.5,1.87,20/23,-115,1.87,20/23,-115,1.95,20/21,-105,1.95,20/21,-105,6.5,6.5,6.5,6.5,6.5,6.5,1.87,20/23,-115,1.87,20/23,-115,1.95,20/21,-105,1.95,20/21,-105,6.5,6.5,6.5,6.5,6.5,6.5,
401559813,http://sports.core.api.espn.com/v2/sports/hockey/leagues/nhl/events/401559813/competitions/401559813/odds/52?lang=en&region=us,LA -135,6.5,-1.5,-115.0,-105.0,False,False,http://sports.core.api.espn.com/v2/sports/hockey/leagues/nhl/providers/52?lang=en&region=us,52,Caesars Sportsbook (Colorado),0,False,True,115,-220.0,False,+1.5,+1.5,1.48,10/21,-210,1.48,10/21,-210,2.1,11/10,+110,2.1,11/10,+110,+1.5,+1.5,1.45,5/11,-220,1.45,5/11,-220,2.15,23/20,+115,2.15,23/20,+115,+1.5,+1.5,1.45,5/11,-220,1.45,5/11,-220,2.15,23/20,+115,2.15,23/20,+115,http://sports.core.api.espn.com/v2/sports/hockey/leagues/nhl/seasons/2024/teams/21?lang=en&region=us,True,False,-135,180.0,True,-1.5,-1.5,-1.5,-1.5,-1.5,-1.5,2.75,7/4,+175,2.75,7/4,+175,1.77,10/13,-130,1.77,10/13,-130,-1.5,-1.5,-1.5,-1.5,-1.5,-1.5,2.8,9/5,+180,2.8,9/5,+180,1.74,20/27,-135,1.74,20/27,-135,-1.5,-1.5,-1.5,-1.5,-1.5,-1.5,2.8,9/5,+180,2.8,9/5,+180,1.74,20/27,-135,1.74,20/27,-135,http://sports.core.api.espn.com/v2/sports/hockey/leagues/nhl/seasons/2024/teams/8?lang=en&region=us,1.83,5/6,-120,1.83,5/6,-120,2.0,1/1,+100,2.0,1/1,+100,6.5,6.5,6.5,6.5,6.5,6.5,1.87,20/23,-115,1.87,20/23,-115,1.95,20/21,-105,1.95,20/21,-105,6.5,6.5,6.5,6.5,6.5,6.5,1.87,20/23,-115,1.87,20/23,-115,1.95,20/21,-105,1.95,20/21,-105,6.5,6.5,6.5,6.5,6.5,6.5,
401559813,http://sports.core.api.espn.com/v2/sports/hockey/leagues/nhl/events/401559813/competitions/401559813/odds/45?lang=en&region=us,LA -135,6.5,-1.5,-115.0,-105.0,False,False,http://sports.core.api.espn.com/v2/sports/hockey/leagues/nhl/providers/45?lang=en&region=us,45,Caesars Sportsbook (New Jersey),0,False,True,115,-220.0,False,+1.5,+1.5,1.48,10/21,-210,1.48,10/21,-210,2.1,11/10,+110,2.1,11/10,+110,+1.5,+1.5,1.45,5/11,-220,1.45,5/11,-220,2.15,23/20,+115,2.15,23/20,+115,+1.5,+1.5,1.45,5/11,-220,1.45,5/11,-220,2.15,23/20,+115,2.15,23/20,+115,http://sports.core.api.espn.com/v2/sports/hockey/leagues/nhl/seasons/2024/teams/21?lang=en&region=us,True,False,-135,180.0,True,-1.5,-1.5,-1.5,-1.5,-1.5,-1.5,2.75,7/4,+175,2.75,7/4,+175,1.77,10/13,-130,1.77,10/13,-130,-1.5,-1.5,-1.5,-1.5,-1.5,-1.5,2.8,9/5,+180,2.8,9/5,+180,1.74,20/27,-135,1.74,20/27,-135,-1.5,-1.5,-1.5,-1.5,-1.5,-1.5,2.8,9/5,+180,2.8,9/5,+180,1.74,20/27,-135,1.74,20/27,-135,http://sports.core.api.espn.com/v2/sports/hockey/leagues/nhl/seasons/2024/teams/8?lang=en&region=us,1.83,5/6,-120,1.83,5/6,-120,2.0,1/1,+100,2.0,1/1,+100,6.5,6.5,6.5,6.5,6.5,6.5,1.87,20/23,-115,1.87,20/23,-115,1.95,20/21,-105,1.95,20/21,-105,6.5,6.5,6.5,6.5,6.5,6.5,1.87,20/23,-115,1.87,20/23,-115,1.95,20/21,-105,1.95,20/21,-105,6.5,6.5,6.5,6.5,6.5,6.5,
401559813,http://sports.core.api.espn.com/v2/sports/hockey/leagues/nhl/events/401559813/competitions/401559813/odds/57?lang=en&region=us,LA -145,6.5,-1.5,-115.0,-105.0,False,False,http://sports.core.api.espn.com/v2/sports/hockey/leagues/nhl/providers/57?lang=en&region=us,57,Caesars Sportsbook (Tennessee),0,False,True,106,-220.0,False,+1.5,+1.5,1.48,10/21,-210,1.48,10/21,-210,2.02,51/50,+102,2.02,51/50,+102,+1.5,+1.5,1.45,5/11,-220,1.45,5/11,-220,2.06,53/50,+106,2.06,53/50,+106,+1.5,+1.5,1.45,5/11,-220,1.45,5/11,-220,2.06,53/50,+106,2.06,53/50,+106,http://sports.core.api.espn.com/v2/sports/hockey/leagues/nhl/seasons/2024/teams/21?lang=en&region=us,True,False,-145,180.0,True,-1.5,-1.5,-1.5,-1.5,-1.5,-1.5,2.75,7/4,+175,2.75,7/4,+175,1.72,100/139,-139,1.72,100/139,-139,-1.5,-1.5,-1.5,-1.5,-1.5,-1.5,2.8,9/5,+180,2.8,9/5,+180,1.69,20/29,-145,1.69,20/29,-145,-1.5,-1.5,-1.5,-1.5,-1.5,-1.5,2.8,9/5,+180,2.8,9/5,+180,1.69,20/29,-145,1.69,20/29,-145,http://sports.core.api.espn.com/v2/sports/hockey/leagues/nhl/seasons/2024/teams/8?lang=en&region=us,1.83,5/6,-120,1.83,5/6,-120,2.0,1/1,+100,2.0,1/1,+100,6.5,6.5,6.5,6.5,6.5,6.5,1.87,20/23,-115,1.87,20/23,-115,1.95,20/21,-105,1.95,20/21,-105,6.5,6.5,6.5,6.5,6.5,6.5,1.87,20/23,-115,1.87,20/23,-115,1.95,20/21,-105,1.95,20/21,-105,6.5,6.5,6.5,6.5,6.5,6.5,
401559813,http://sports.core.api.espn.com/v2/sports/hockey/leagues/nhl/events/401559813/competitions/401559813/odds/40?lang=en&region=us,LA +115,,-1.5,,,False,False,http://sports.core.api.espn.com/v2/sports/hockey/leagues/nhl/providers/40?lang=en&region=us,40,DraftKings,0,False,True,150,-218.0,False,+1.5,+1.5,1.44,4/9,-225,1.44,4/9,-225,2.65,33/20,+165,2.65,33/20,+165,+1.5,+1.5,1.46,50/109,-218,1.46,50/109,-218,2.5,3/2,+150,2.5,3/2,+150,+1.5,+1.5,1.46,50/109,-218,1.46,50/109,-218,2.5,3/2,+150,2.5,3/2,+150,http://sports.core.api.espn.com/v2/sports/hockey/leagues/nhl/seasons/2024/teams/21?lang=en&region=us,True,False,115,180.0,True,-1.5,-1.5,-1.5,-1.5,-1.5,-1.5,2.85,37/20,+185,2.85,37/20,+185,2.05,21/20,+105,2.05,21/20,+105,-1.5,-1.5,-1.5,-1.5,-1.5,-1.5,2.8,9/5,+180,2.8,9/5,+180,2.15,23/20,+115,2.15,23/20,+115,-1.5,-1.5,-1.5,-1.5,-1.5,-1.5,2.8,9/5,+180,2.8,9/5,+180,2.15,23/20,+115,2.15,23/20,+115,http://sports.core.api.espn.com/v2/sports/hockey/leagues/nhl/seasons/2024/teams/8?lang=en&region=us,,,,,,,,,,,,,,,,,,,,,,,,,,,,,,,,,,,,,,,,,,,,,,,,,,,,,,,
401559813,http://sports.core.api.espn.com/v2/sports/hockey/leagues/nhl/events/401559813/competitions/401559813/odds/58?lang=en&region=us,LA -135,6.5,-1.5,-115.0,-105.0,False,False,http://sports.core.api.espn.com/v2/sports/hockey/leagues/nhl/providers/58?lang=en&region=us,58,ESPN BET,0,False,True,115,-250.0,False,+1.5,+1.5,1.4,2/5,-250,1.4,2/5,-250,2.05,21/20,+105,2.05,21/20,+105,+1.5,+1.5,1.4,2/5,-250,1.4,2/5,-250,2.15,23/20,+115,2.15,23/20,+115,+1.5,+1.5,1.4,2/5,-250,1.4,2/5,-250,2.15,23/20,+115,2.15,23/20,+115,http://sports.core.api.espn.com/v2/sports/hockey/leagues/nhl/seasons/2024/teams/21?lang=en&region=us,True,False,-135,185.0,True,,,-1.5,,,-1.5,2.85,37/20,+185,2.85,37/20,+185,1.8,4/5,-125,1.8,4/5,-125,,,-1.5,,,-1.5,2.85,37/20,+185,2.85,37/20,+185,1.74,20/27,-135,1.74,20/27,-135,,,-1.5,,,-1.5,2.85,37/20,+185,2.85,37/20,+185,1.74,20/27,-135,1.74,20/27,-135,http://sports.core.api.espn.com/v2/sports/hockey/leagues/nhl/seasons/2024/teams/8?lang=en&region=us,1.83,5/6,-120,1.83,5/6,-120,2.0,1/1,+100,2.0,1/1,+100,,,6.5,,,6.5,1.87,20/23,-115,1.87,20/23,-115,1.95,20/21,-105,1.95,20/21,-105,,,6.5,,,6.5,1.87,20/23,-115,1.87,20/23,-115,1.95,20/21,-105,1.95,20/21,-105,,,6.5,,,6.5,"[{'language': 'en-US', 'rel': ['home', 'desktop', 'bets', 'espn-bet'], 'href': 'https://espnbet.app.link?$canonical_url=/sport/hockey/organization/united-states/competition/nhl/event/b6737073-fd63-46a4-9d6d-5dc5f181679c', 'text': 'Home Bet', 'shortText': 'Home Bet', 'isExternal': True, 'isPremium': False}, {'language': 'en-US', 'rel': ['away', 'desktop', 'bets', 'espn-bet'], 'href': 'https://espnbet.app.link?$canonical_url=/sport/hockey/organization/united-states/competition/nhl/event/b6737073-fd63-46a4-9d6d-5dc5f181679c', 'text': 'Away Bet', 'shortText': 'Away Bet', 'isExternal': True, 'isPremium': False}, {'language': 'en-US', 'rel': ['homeSpread', 'desktop', 'bets'], 'href': 'https://espnbet.app.link?$canonical_url=/sport/hockey/organization/united-states/competition/nhl/event/b6737073-fd63-46a4-9d6d-5dc5f181679c', 'text': 'Home Point Spread', 'shortText': 'Home Point Spread', 'isExternal': True, 'isPremium': False}, {'language': 'en-US', 'rel': ['awaySpread', 'desktop', 'bets'], 'href': 'https://espnbet.app.link?$canonical_url=/sport/hockey/organization/united-states/competition/nhl/event/b6737073-fd63-46a4-9d6d-5dc5f181679c', 'text': 'Away Point Spread', 'shortText': 'Away Point Spread', 'isExternal': True, 'isPremium': False}, {'language': 'en-US', 'rel': ['over', 'desktop', 'bets'], 'href': 'https://espnbet.app.link?$canonical_url=/sport/hockey/organization/united-states/competition/nhl/event/b6737073-fd63-46a4-9d6d-5dc5f181679c', 'text': 'Over Odds', 'shortText': 'Over Odds', 'isExternal': True, 'isPremium': False}, {'language': 'en-US', 'rel': ['under', 'desktop', 'bets'], 'href': 'https://espnbet.app.link?$canonical_url=/sport/hockey/organization/united-states/competition/nhl/event/b6737073-fd63-46a4-9d6d-5dc5f181679c', 'text': 'Under Odds', 'shortText': 'Under Odds', 'isExternal': True, 'isPremium': False}, {'language': 'en-US', 'rel': ['game', 'desktop', 'bets'], 'href': 'https://espnbet.app.link?$canonical_url=/sport/hockey/organization/united-states/competition/nhl/event/b6737073-fd63-46a4-9d6d-5dc5f181679c', 'text': 'Game', 'shortText': 'Game', 'isExternal': True, 'isPremium': False}]"
401559813,http://sports.core.api.espn.com/v2/sports/hockey/leagues/nhl/events/401559813/competitions/401559813/odds/47?lang=en&region=us,LA -130,6.5,-1.5,-115.0,-105.0,False,False,http://sports.core.api.espn.com/v2/sports/hockey/leagues/nhl/providers/47?lang=en&region=us,47,MGM,0,False,True,110,-210.0,False,+1.5,+1.5,1.48,10/21,-210,1.48,10/21,-210,2.15,23/20,+115,2.15,23/20,+115,+1.5,+1.5,1.48,10/21,-210,1.48,10/21,-210,2.1,11/10,+110,2.1,11/10,+110,+1.5,+1.5,1.48,10/21,-210,1.48,10/21,-210,2.1,11/10,+110,2.1,11/10,+110,http://sports.core.api.espn.com/v2/sports/hockey/leagues/nhl/seasons/2024/teams/21?lang=en&region=us,True,False,-130,170.0,True,-1.5,-1.5,-1.5,-1.5,-1.5,-1.5,2.7,17/10,+170,2.7,17/10,+170,1.74,20/27,-135,1.74,20/27,-135,-1.5,-1.5,-1.5,-1.5,-1.5,-1.5,2.7,17/10,+170,2.7,17/10,+170,1.77,10/13,-130,1.77,10/13,-130,-1.5,-1.5,-1.5,-1.5,-1.5,-1.5,2.7,17/10,+170,2.7,17/10,+170,1.77,10/13,-130,1.77,10/13,-130,http://sports.core.api.espn.com/v2/sports/hockey/leagues/nhl/seasons/2024/teams/8?lang=en&region=us,1.83,5/6,-120,1.83,5/6,-120,2.0,1/1,+100,2.0,1/1,+100,6.5,6.5,6.5,6.5,6.5,6.5,1.87,20/23,-115,1.87,20/23,-115,1.95,20/21,-105,1.95,20/21,-105,6.5,6.5,6.5,6.5,6.5,6.5,1.87,20/23,-115,1.87,20/23,-115,1.95,20/21,-105,1.95,20/21,-105,6.5,6.5,6.5,6.5,6.5,6.5,
401559813,http://sports.core.api.espn.com/v2/sports/hockey/leagues/nhl/events/401559813/competitions/401559813/odds/41?lang=en&region=us,LA +115,6.0,-1.5,-130.0,107.0,False,False,http://sports.core.api.espn.com/v2/sports/hockey/leagues/nhl/providers/41?lang=en&region=us,41,SugarHouse,0,False,True,175,-213.0,False,+1.5,+1.5,1.48,25/52,-208,1.48,25/52,-208,2.88,47/25,+188,2.88,47/25,+188,+1.5,+1.5,1.47,100/213,-213,1.47,100/213,-213,2.75,7/4,+175,2.75,7/4,+175,+1.5,+1.5,1.47,100/213,-213,1.47,100/213,-213,2.75,7/4,+175,2.75,7/4,+175,http://sports.core.api.espn.com/v2/sports/hockey/leagues/nhl/seasons/2024/teams/21?lang=en&region=us,True,False,115,175.0,True,-1.5,-1.5,-1.5,-1.5,-1.5,-1.5,2.7,17/10,+170,2.7,17/10,+170,2.12,28/25,+112,2.12,28/25,+112,-1.5,-1.5,-1.5,-1.5,-1.5,-1.5,2.75,7/4,+175,2.75,7/4,+175,2.15,23/20,+115,2.15,23/20,+115,-1.5,-1.5,-1.5,-1.5,-1.5,-1.5,2.75,7/4,+175,2.75,7/4,+175,2.15,23/20,+115,2.15,23/20,+115,http://sports.core.api.espn.com/v2/sports/hockey/leagues/nhl/seasons/2024/teams/8?lang=en&region=us,1.77,10/13,-130,1.77,10/13,-130,2.07,107/100,+107,2.07,107/100,+107,6.0,6,6,6.0,6,6,1.77,10/13,-130,1.77,10/13,-130,2.07,107/100,+107,2.07,107/100,+107,6.0,6,6,6.0,6,6,1.77,10/13,-130,1.77,10/13,-130,2.07,107/100,+107,2.07,107/100,+107,6.0,6,6,6.0,6,6,
401559813,http://sports.core.api.espn.com/v2/sports/hockey/leagues/nhl/events/401559813/competitions/401559813/odds/53?lang=en&region=us,LA +110,6.5,-1.5,110.0,-150.0,False,False,http://sports.core.api.espn.com/v2/sports/hockey/leagues/nhl/providers/53?lang=en&region=us,53,Titanbets,0,False,True,170,-222.0,False,+1.5,+1.5,1.42,50/119,-238,1.42,50/119,-238,2.63,163/100,+163,2.63,163/100,+163,+1.5,+1.5,1.45,50/111,-222,1.45,50/111,-222,2.7,17/10,+170,2.7,17/10,+170,+1.5,+1.5,1.45,50/111,-222,1.45,50/111,-222,2.7,17/10,+170,2.7,17/10,+170,http://sports.core.api.espn.com/v2/sports/hockey/leagues/nhl/seasons/2024/teams/21?lang=en&region=us,True,False,110,180.0,True,-1.5,-1.5,-1.5,-1.5,-1.5,-1.5,2.85,37/20,+185,2.85,37/20,+185,2.15,23/20,+115,2.15,23/20,+115,-1.5,-1.5,-1.5,-1.5,-1.5,-1.5,2.8,9/5,+180,2.8,9/5,+180,2.1,11/10,+110,2.1,11/10,+110,-1.5,-1.5,-1.5,-1.5,-1.5,-1.5,2.8,9/5,+180,2.8,9/5,+180,2.1,11/10,+110,2.1,11/10,+110,http://sports.core.api.espn.com/v2/sports/hockey/leagues/nhl/seasons/2024/teams/8?lang=en&region=us,1.5,1/2,-200,1.5,1/2,-200,2.4,7/5,+140,2.4,7/5,+140,5.5,5.5,5.5,5.5,5.5,5.5,2.1,11/10,+110,2.1,11/10,+110,1.67,2/3,-150,1.67,2/3,-150,6.5,6.5,6.5,6.5,6.5,6.5,2.1,11/10,+110,2.1,11/10,+110,1.67,2/3,-150,1.67,2/3,-150,6.5,6.5,6.5,6.5,6.5,6.5,
401559813,http://sports.core.api.espn.com/v2/sports/hockey/leagues/nhl/events/401559813/competitions/401559813/odds/36?lang=en&region=us,LA +115,5.5,-1.5,-190.0,150.0,False,False,http://sports.core.api.espn.com/v2/sports/hockey/leagues/nhl/providers/36?lang=en&region=us,36,Unibet,0,False,True,175,-215.0,False,+1.5,+1.5,1.48,10/21,-210,1.48,10/21,-210,2.88,47/25,+188,2.88,47/25,+188,+1.5,+1.5,1.47,20/43,-215,1.47,20/43,-215,2.75,7/4,+175,2.75,7/4,+175,+1.5,+1.5,1.47,20/43,-215,1.47,20/43,-215,2.75,7/4,+175,2.75,7/4,+175,http://sports.core.api.espn.com/v2/sports/hockey/leagues/nhl/seasons/2024/teams/21?lang=en&region=us,True,False,115,175.0,True,-1.5,-1.5,-1.5,-1.5,-1.5,-1.5,2.7,17/10,+170,2.7,17/10,+170,2.12,28/25,+112,2.12,28/25,+112,-1.5,-1.5,-1.5,-1.5,-1.5,-1.5,2.75,7/4,+175,2.75,7/4,+175,2.15,23/20,+115,2.15,23/20,+115,-1.5,-1.5,-1.5,-1.5,-1.5,-1.5,2.75,7/4,+175,2.75,7/4,+175,2.15,23/20,+115,2.15,23/20,+115,http://sports.core.api.espn.com/v2/sports/hockey/leagues/nhl/seasons/2024/teams/8?lang=en&region=us,1.55,50/91,-182,1.55,50/91,-182,2.5,3/2,+150,2.5,3/2,+150,5.5,5.5,5.5,5.5,5.5,5.5,1.53,10/19,-190,1.53,10/19,-190,2.5,3/2,+150,2.5,3/2,+150,5.5,5.5,5.5,5.5,5.5,5.5,1.53,10/19,-190,1.53,10/19,-190,2.5,3/2,+150,2.5,3/2,+150,5.5,5.5,5.5,5.5,5.5,5.5,
401559814,http://sports.core.api.espn.com/v2/sports/hockey/leagues/nhl/events/401559814/competitions/401559814/odds/1001?lang=en&region=us,DET -115,6.5,1.5,-115.0,-105.0,False,False,http://sports.core.api.espn.com/v2/sports/hockey/leagues/nhl/providers/1001?lang=en&region=us,1001,Bet365,0,True,False,-115,125.0,True,-1.5,-1.5,2.25,5/4,+125,2.25,5/4,+125,1.87,20/23,-115,1.87,20/23,-115,-1.5,-1.5,2.25,5/4,+125,2.25,5/4,+125,1.87,20/23,-115,1.87,20/23,-115,-1.5,-1.5,2.25,5/4,+125,2.25,5/4,+125,1.87,20/23,-115,1.87,20/23,-115,http://sports.core.api.espn.com/v2/sports/hockey/leagues/nhl/seasons/2024/teams/5?lang=en&region=us,False,True,230,-150.0,False,1.5,1.5,+1.5,1.5,1.5,+1.5,1.67,2/3,-150,1.67,2/3,-150,3.3,23/10,+230,3.3,23/10,+230,1.5,1.5,+1.5,1.5,1.5,+1.5,1.67,2/3,-150,1.67,2/3,-150,3.3,23/10,+230,3.3,23/10,+230,1.5,1.5,+1.5,1.5,1.5,+1.5,1.67,2/3,-150,1.67,2/3,-150,3.3,23/10,+230,3.3,23/10,+230,http://sports.core.api.espn.com/v2/sports/hockey/leagues/nhl/seasons/2024/teams/18?lang=en&region=us,1.77,10/13,-130,1.77,10/13,-130,2.1,11/10,+110,2.1,11/10,+110,6.5,6.5,6.5,6.5,6.5,6.5,1.87,20/23,-115,1.87,20/23,-115,1.95,20/21,-105,1.95,20/21,-105,6.5,6.5,6.5,6.5,6.5,6.5,1.87,20/23,-115,1.87,20/23,-115,1.95,20/21,-105,1.95,20/21,-105,6.5,6.5,6.5,6.5,6.5,6.5,
401559814,http://sports.core.api.espn.com/v2/sports/hockey/leagues/nhl/events/401559814/competitions/401559814/odds/52?lang=en&region=us,DET -195,6.5,1.5,-110.0,-110.0,False,False,http://sports.core.api.espn.com/v2/sports/hockey/leagues/nhl/providers/52?lang=en&region=us,52,Caesars Sportsbook (Colorado),0,True,False,-195,122.0,True,-1.5,-1.5,2.26,63/50,+126,2.26,63/50,+126,1.53,10/19,-190,1.53,10/19,-190,-1.5,-1.5,2.22,61/50,+122,2.22,61/50,+122,1.51,20/39,-195,1.51,20/39,-195,-1.5,-1.5,2.22,61/50,+122,2.22,61/50,+122,1.51,20/39,-195,1.51,20/39,-195,http://sports.core.api.espn.com/v2/sports/hockey/leagues/nhl/seasons/2024/teams/5?lang=en&region=us,False,True,162,-145.0,False,1.5,1.5,+1.5,1.5,1.5,+1.5,1.67,2/3,-150,1.67,2/3,-150,2.58,79/50,+158,2.58,79/50,+158,1.5,1.5,+1.5,1.5,1.5,+1.5,1.69,20/29,-145,1.69,20/29,-145,2.62,81/50,+162,2.62,81/50,+162,1.5,1.5,+1.5,1.5,1.5,+1.5,1.69,20/29,-145,1.69,20/29,-145,2.62,81/50,+162,2.62,81/50,+162,http://sports.core.api.espn.com/v2/sports/hockey/leagues/nhl/seasons/2024/teams/18?lang=en&region=us,1.8,4/5,-125,1.8,4/5,-125,2.05,21/20,+105,2.05,21/20,+105,6.5,6.5,6.5,6.5,6.5,6.5,1.91,10/11,-110,1.91,10/11,-110,1.91,10/11,-110,1.91,10/11,-110,6.5,6.5,6.5,6.5,6.5,6.5,1.91,10/11,-110,1.91,10/11,-110,1.91,10/11,-110,1.91,10/11,-110,6.5,6.5,6.5,6.5,6.5,6.5,
401559814,http://sports.core.api.espn.com/v2/sports/hockey/leagues/nhl/events/401559814/competitions/401559814/odds/45?lang=en&region=us,DET -195,6.5,1.5,-110.0,-110.0,False,False,http://sports.core.api.espn.com/v2/sports/hockey/leagues/nhl/providers/45?lang=en&region=us,45,Caesars Sportsbook (New Jersey),0,True,False,-195,122.0,True,-1.5,-1.5,2.26,63/50,+126,2.26,63/50,+126,1.53,10/19,-190,1.53,10/19,-190,-1.5,-1.5,2.22,61/50,+122,2.22,61/50,+122,1.51,20/39,-195,1.51,20/39,-195,-1.5,-1.5,2.22,61/50,+122,2.22,61/50,+122,1.51,20/39,-195,1.51,20/39,-195,http://sports.core.api.espn.com/v2/sports/hockey/leagues/nhl/seasons/2024/teams/5?lang=en&region=us,False,True,162,-145.0,False,1.5,1.5,+1.5,1.5,1.5,+1.5,1.67,2/3,-150,1.67,2/3,-150,2.58,79/50,+158,2.58,79/50,+158,1.5,1.5,+1.5,1.5,1.5,+1.5,1.69,20/29,-145,1.69,20/29,-145,2.62,81/50,+162,2.62,81/50,+162,1.5,1.5,+1.5,1.5,1.5,+1.5,1.69,20/29,-145,1.69,20/29,-145,2.62,81/50,+162,2.62,81/50,+162,http://sports.core.api.espn.com/v2/sports/hockey/leagues/nhl/seasons/2024/teams/18?lang=en&region=us,1.8,4/5,-125,1.8,4/5,-125,2.05,21/20,+105,2.05,21/20,+105,6.5,6.5,6.5,6.5,6.5,6.5,1.91,10/11,-110,1.91,10/11,-110,1.91,10/11,-110,1.91,10/11,-110,6.5,6.5,6.5,6.5,6.5,6.5,1.91,10/11,-110,1.91,10/11,-110,1.91,10/11,-110,1.91,10/11,-110,6.5,6.5,6.5,6.5,6.5,6.5,
401559814,http://sports.core.api.espn.com/v2/sports/hockey/leagues/nhl/events/401559814/competitions/401559814/odds/57?lang=en&region=us,DET -214,6.5,1.5,-110.0,-110.0,False,False,http://sports.core.api.espn.com/v2/sports/hockey/leagues/nhl/providers/57?lang=en&region=us,57,Caesars Sportsbook (Tennessee),0,True,False,-214,122.0,True,-1.5,-1.5,2.26,63/50,+126,2.26,63/50,+126,1.5,100/199,-199,1.5,100/199,-199,-1.5,-1.5,2.22,61/50,+122,2.22,61/50,+122,1.47,50/107,-214,1.47,50/107,-214,-1.5,-1.5,2.22,61/50,+122,2.22,61/50,+122,1.47,50/107,-214,1.47,50/107,-214,http://sports.core.api.espn.com/v2/sports/hockey/leagues/nhl/seasons/2024/teams/5?lang=en&region=us,False,True,152,-145.0,False,1.5,1.5,+1.5,1.5,1.5,+1.5,1.67,2/3,-150,1.67,2/3,-150,2.43,143/100,+143,2.43,143/100,+143,1.5,1.5,+1.5,1.5,1.5,+1.5,1.69,20/29,-145,1.69,20/29,-145,2.52,38/25,+152,2.52,38/25,+152,1.5,1.5,+1.5,1.5,1.5,+1.5,1.69,20/29,-145,1.69,20/29,-145,2.52,38/25,+152,2.52,38/25,+152,http://sports.core.api.espn.com/v2/sports/hockey/leagues/nhl/seasons/2024/teams/18?lang=en&region=us,1.8,4/5,-125,1.8,4/5,-125,2.05,21/20,+105,2.05,21/20,+105,6.5,6.5,6.5,6.5,6.5,6.5,1.91,10/11,-110,1.91,10/11,-110,1.91,10/11,-110,1.91,10/11,-110,6.5,6.5,6.5,6.5,6.5,6.5,1.91,10/11,-110,1.91,10/11,-110,1.91,10/11,-110,1.91,10/11,-110,6.5,6.5,6.5,6.5,6.5,6.5,
401559814,http://sports.core.api.espn.com/v2/sports/hockey/leagues/nhl/events/401559814/competitions/401559814/odds/40?lang=en&region=us,DET -135,,1.5,,,False,False,http://sports.core.api.espn.com/v2/sports/hockey/leagues/nhl/providers/40?lang=en&region=us,40,DraftKings,0,True,False,-135,120.0,True,-1.5,-1.5,2.24,31/25,+124,2.24,31/25,+124,1.71,5/7,-140,1.71,5/7,-140,-1.5,-1.5,2.2,6/5,+120,2.2,6/5,+120,1.74,20/27,-135,1.74,20/27,-135,-1.5,-1.5,2.2,6/5,+120,2.2,6/5,+120,1.74,20/27,-135,1.74,20/27,-135,http://sports.core.api.espn.com/v2/sports/hockey/leagues/nhl/seasons/2024/teams/5?lang=en&region=us,False,True,235,-142.0,False,1.5,1.5,+1.5,1.5,1.5,+1.5,1.68,25/37,-148,1.68,25/37,-148,3.4,12/5,+240,3.4,12/5,+240,1.5,1.5,+1.5,1.5,1.5,+1.5,1.7,50/71,-142,1.7,50/71,-142,3.35,47/20,+235,3.35,47/20,+235,1.5,1.5,+1.5,1.5,1.5,+1.5,1.7,50/71,-142,1.7,50/71,-142,3.35,47/20,+235,3.35,47/20,+235,http://sports.core.api.espn.com/v2/sports/hockey/leagues/nhl/seasons/2024/teams/18?lang=en&region=us,,,,,,,,,,,,,,,,,,,,,,,,,,,,,,,,,,,,,,,,,,,,,,,,,,,,,,,
401559814,http://sports.core.api.espn.com/v2/sports/hockey/leagues/nhl/events/401559814/competitions/401559814/odds/58?lang=en&region=us,DET -200,6.5,1.5,-115.0,-105.0,False,False,http://sports.core.api.espn.com/v2/sports/hockey/leagues/nhl/providers/58?lang=en&region=us,58,ESPN BET,0,True,False,-200,120.0,True,-1.5,-1.5,2.25,5/4,+125,2.25,5/4,+125,1.53,10/19,-190,1.53,10/19,-190,-1.5,-1.5,2.2,6/5,+120,2.2,6/5,+120,1.5,1/2,-200,1.5,1/2,-200,-1.5,-1.5,2.2,6/5,+120,2.2,6/5,+120,1.5,1/2,-200,1.5,1/2,-200,http://sports.core.api.espn.com/v2/sports/hockey/leagues/nhl/seasons/2024/teams/5?lang=en&region=us,False,True,170,-145.0,False,,,+1.5,,,+1.5,1.69,20/29,-145,1.69,20/29,-145,2.6,8/5,+160,2.6,8/5,+160,,,+1.5,,,+1.5,1.69,20/29,-145,1.69,20/29,-145,2.7,17/10,+170,2.7,17/10,+170,,,+1.5,,,+1.5,1.69,20/29,-145,1.69,20/29,-145,2.7,17/10,+170,2.7,17/10,+170,http://sports.core.api.espn.com/v2/sports/hockey/leagues/nhl/seasons/2024/teams/18?lang=en&region=us,1.74,20/27,-135,1.74,20/27,-135,2.15,23/20,+115,2.15,23/20,+115,,,6.5,,,6.5,1.87,20/23,-115,1.87,20/23,-115,1.95,20/21,-105,1.95,20/21,-105,,,6.5,,,6.5,1.87,20/23,-115,1.87,20/23,-115,1.95,20/21,-105,1.95,20/21,-105,,,6.5,,,6.5,"[{'language': 'en-US', 'rel': ['home', 'desktop', 'bets', 'espn-bet'], 'href': 'https://espnbet.app.link?$canonical_url=/sport/hockey/organization/united-states/competition/nhl/event/ba978479-b4f8-4add-982e-c5a4e600828c', 'text': 'Home Bet', 'shortText': 'Home Bet', 'isExternal': True, 'isPremium': False}, {'language': 'en-US', 'rel': ['away', 'desktop', 'bets', 'espn-bet'], 'href': 'https://espnbet.app.link?$canonical_url=/sport/hockey/organization/united-states/competition/nhl/event/ba978479-b4f8-4add-982e-c5a4e600828c', 'text': 'Away Bet', 'shortText': 'Away Bet', 'isExternal': True, 'isPremium': False}, {'language': 'en-US', 'rel': ['homeSpread', 'desktop', 'bets'], 'href': 'https://espnbet.app.link?$canonical_url=/sport/hockey/organization/united-states/competition/nhl/event/ba978479-b4f8-4add-982e-c5a4e600828c', 'text': 'Home Point Spread', 'shortText': 'Home Point Spread', 'isExternal': True, 'isPremium': False}, {'language': 'en-US', 'rel': ['awaySpread', 'desktop', 'bets'], 'href': 'https://espnbet.app.link?$canonical_url=/sport/hockey/organization/united-states/competition/nhl/event/ba978479-b4f8-4add-982e-c5a4e600828c', 'text': 'Away Point Spread', 'shortText': 'Away Point Spread', 'isExternal': True, 'isPremium': False}, {'language': 'en-US', 'rel': ['over', 'desktop', 'bets'], 'href': 'https://espnbet.app.link?$canonical_url=/sport/hockey/organization/united-states/competition/nhl/event/ba978479-b4f8-4add-982e-c5a4e600828c', 'text': 'Over Odds', 'shortText': 'Over Odds', 'isExternal': True, 'isPremium': False}, {'language': 'en-US', 'rel': ['under', 'desktop', 'bets'], 'href': 'https://espnbet.app.link?$canonical_url=/sport/hockey/organization/united-states/competition/nhl/event/ba978479-b4f8-4add-982e-c5a4e600828c', 'text': 'Under Odds', 'shortText': 'Under Odds', 'isExternal': True, 'isPremium': False}, {'language': 'en-US', 'rel': ['game', 'desktop', 'bets'], 'href': 'https://espnbet.app.link?$canonical_url=/sport/hockey/organization/united-states/competition/nhl/event/ba978479-b4f8-4add-982e-c5a4e600828c', 'text': 'Game', 'shortText': 'Game', 'isExternal': True, 'isPremium': False}]"
401559814,http://sports.core.api.espn.com/v2/sports/hockey/leagues/nhl/events/401559814/competitions/401559814/odds/47?lang=en&region=us,DET -185,6.5,1.5,-120.0,100.0,False,False,http://sports.core.api.espn.com/v2/sports/hockey/leagues/nhl/providers/47?lang=en&region=us,47,MGM,0,True,False,-185,120.0,True,-1.5,-1.5,2.25,5/4,+125,2.25,5/4,+125,1.54,20/37,-185,1.54,20/37,-185,-1.5,-1.5,2.2,6/5,+120,2.2,6/5,+120,1.54,20/37,-185,1.54,20/37,-185,-1.5,-1.5,2.2,6/5,+120,2.2,6/5,+120,1.54,20/37,-185,1.54,20/37,-185,http://sports.core.api.espn.com/v2/sports/hockey/leagues/nhl/seasons/2024/teams/5?lang=en&region=us,False,True,150,-145.0,False,1.5,1.5,+1.5,1.5,1.5,+1.5,1.65,20/31,-155,1.65,20/31,-155,2.5,3/2,+150,2.5,3/2,+150,1.5,1.5,+1.5,1.5,1.5,+1.5,1.69,20/29,-145,1.69,20/29,-145,2.5,3/2,+150,2.5,3/2,+150,1.5,1.5,+1.5,1.5,1.5,+1.5,1.69,20/29,-145,1.69,20/29,-145,2.5,3/2,+150,2.5,3/2,+150,http://sports.core.api.espn.com/v2/sports/hockey/leagues/nhl/seasons/2024/teams/18?lang=en&region=us,1.77,10/13,-130,1.77,10/13,-130,2.05,21/20,+105,2.05,21/20,+105,6.5,6.5,6.5,6.5,6.5,6.5,1.83,5/6,-120,1.83,5/6,-120,2.0,1/1,+100,2.0,1/1,+100,6.5,6.5,6.5,6.5,6.5,6.5,1.83,5/6,-120,1.83,5/6,-120,2.0,1/1,+100,2.0,1/1,+100,6.5,6.5,6.5,6.5,6.5,6.5,
401559814,http://sports.core.api.espn.com/v2/sports/hockey/leagues/nhl/events/401559814/competitions/401559814/odds/41?lang=en&region=us,DET -119,6.5,1.5,106.0,-128.0,False,False,http://sports.core.api.espn.com/v2/sports/hockey/leagues/nhl/providers/41?lang=en&region=us,41,SugarHouse,0,True,False,-119,120.0,True,-1.5,-1.5,2.4,7/5,+140,2.4,7/5,+140,1.89,25/28,-112,1.89,25/28,-112,-1.5,-1.5,2.2,6/5,+120,2.2,6/5,+120,1.84,100/119,-119,1.84,100/119,-119,-1.5,-1.5,2.2,6/5,+120,2.2,6/5,+120,1.84,100/119,-119,1.84,100/119,-119,http://sports.core.api.espn.com/v2/sports/hockey/leagues/nhl/seasons/2024/teams/5?lang=en&region=us,False,True,260,-147.0,False,1.5,1.5,+1.5,1.5,1.5,+1.5,1.58,25/43,-172,1.58,25/43,-172,3.4,12/5,+240,3.4,12/5,+240,1.5,1.5,+1.5,1.5,1.5,+1.5,1.68,100/147,-147,1.68,100/147,-147,3.6,13/5,+260,3.6,13/5,+260,1.5,1.5,+1.5,1.5,1.5,+1.5,1.68,100/147,-147,1.68,100/147,-147,3.6,13/5,+260,3.6,13/5,+260,http://sports.core.api.espn.com/v2/sports/hockey/leagues/nhl/seasons/2024/teams/18?lang=en&region=us,2.04,26/25,+104,2.04,26/25,+104,1.8,4/5,-125,1.8,4/5,-125,6.5,6.5,6.5,6.5,6.5,6.5,2.06,53/50,+106,2.06,53/50,+106,1.78,25/32,-128,1.78,25/32,-128,6.5,6.5,6.5,6.5,6.5,6.5,2.06,53/50,+106,2.06,53/50,+106,1.78,25/32,-128,1.78,25/32,-128,6.5,6.5,6.5,6.5,6.5,6.5,
401559814,http://sports.core.api.espn.com/v2/sports/hockey/leagues/nhl/events/401559814/competitions/401559814/odds/53?lang=en&region=us,DET -125,6.5,1.5,105.0,-143.0,False,False,http://sports.core.api.espn.com/v2/sports/hockey/leagues/nhl/providers/53?lang=en&region=us,53,Titanbets,0,True,False,-125,120.0,True,-1.5,-1.5,2.2,6/5,+120,2.2,6/5,+120,1.83,5/6,-120,1.83,5/6,-120,-1.5,-1.5,2.2,6/5,+120,2.2,6/5,+120,1.8,4/5,-125,1.8,4/5,-125,-1.5,-1.5,2.2,6/5,+120,2.2,6/5,+120,1.8,4/5,-125,1.8,4/5,-125,http://sports.core.api.espn.com/v2/sports/hockey/leagues/nhl/seasons/2024/teams/5?lang=en&region=us,False,True,235,-150.0,False,1.5,1.5,+1.5,1.5,1.5,+1.5,1.67,2/3,-150,1.67,2/3,-150,3.3,23/10,+230,3.3,23/10,+230,1.5,1.5,+1.5,1.5,1.5,+1.5,1.67,2/3,-150,1.67,2/3,-150,3.35,47/20,+235,3.35,47/20,+235,1.5,1.5,+1.5,1.5,1.5,+1.5,1.67,2/3,-150,1.67,2/3,-150,3.35,47/20,+235,3.35,47/20,+235,http://sports.core.api.espn.com/v2/sports/hockey/leagues/nhl/seasons/2024/teams/18?lang=en&region=us,1.95,20/21,-105,1.95,20/21,-105,1.75,100/133,-133,1.75,100/133,-133,6.5,6.5,6.5,6.5,6.5,6.5,2.05,21/20,+105,2.05,21/20,+105,1.7,100/143,-143,1.7,100/143,-143,6.5,6.5,6.5,6.5,6.5,6.5,2.05,21/20,+105,2.05,21/20,+105,1.7,100/143,-143,1.7,100/143,-143,6.5,6.5,6.5,6.5,6.5,6.5,
401559814,http://sports.core.api.espn.com/v2/sports/hockey/leagues/nhl/events/401559814/competitions/401559814/odds/36?lang=en&region=us,DET -120,5.5,1.5,-210.0,160.0,False,False,http://sports.core.api.espn.com/v2/sports/hockey/leagues/nhl/providers/36?lang=en&region=us,36,Unibet,0,True,False,-120,120.0,True,-1.5,-1.5,2.4,7/5,+140,2.4,7/5,+140,1.88,100/113,-113,1.88,100/113,-113,-1.5,-1.5,2.2,6/5,+120,2.2,6/5,+120,1.83,5/6,-120,1.83,5/6,-120,-1.5,-1.5,2.2,6/5,+120,2.2,6/5,+120,1.83,5/6,-120,1.83,5/6,-120,http://sports.core.api.espn.com/v2/sports/hockey/leagues/nhl/seasons/2024/teams/5?lang=en&region=us,False,True,260,-148.0,False,1.5,1.5,+1.5,1.5,1.5,+1.5,1.57,4/7,-175,1.57,4/7,-175,3.4,12/5,+240,3.4,12/5,+240,1.5,1.5,+1.5,1.5,1.5,+1.5,1.68,25/37,-148,1.68,25/37,-148,3.6,13/5,+260,3.6,13/5,+260,1.5,1.5,+1.5,1.5,1.5,+1.5,1.68,25/37,-148,1.68,25/37,-148,3.6,13/5,+260,3.6,13/5,+260,http://sports.core.api.espn.com/v2/sports/hockey/leagues/nhl/seasons/2024/teams/18?lang=en&region=us,1.5,1/2,-200,1.5,1/2,-200,2.6,8/5,+160,2.6,8/5,+160,5.5,5.5,5.5,5.5,5.5,5.5,1.48,10/21,-210,1.48,10/21,-210,2.6,8/5,+160,2.6,8/5,+160,5.5,5.5,5.5,5.5,5.5,5.5,1.48,10/21,-210,1.48,10/21,-210,2.6,8/5,+160,2.6,8/5,+160,5.5,5.5,5.5,5.5,5.5,5.5,
401559815,http://sports.core.api.espn.com/v2/sports/hockey/leagues/nhl/events/401559815/competitions/401559815/odds/1001?lang=en&region=us,NJ +100,6.5,1.5,-115.0,-105.0,False,False,http://sports.core.api.espn.com/v2/sports/hockey/leagues/nhl/providers/1001?lang=en&region=us,1001,Bet365,0,True,False,100,145.0,True,-1.5,-1.5,2.5,3/2,+150,2.5,3/2,+150,2.0,1/1,+100,2.0,1/1,+100,-1.5,-1.5,2.45,29/20,+145,2.45,29/20,+145,2.0,1/1,+100,2.0,1/1,+100,-1.5,-1.5,2.45,29/20,+145,2.45,29/20,+145,2.0,1/1,+100,2.0,1/1,+100,http://sports.core.api.espn.com/v2/sports/hockey/leagues/nhl/seasons/2024/teams/11?lang=en&region=us,False,True,200,-170.0,False,1.5,1.5,+1.5,1.5,1.5,+1.5,1.56,5/9,-180,1.56,5/9,-180,3.0,2/1,+200,3.0,2/1,+200,1.5,1.5,+1.5,1.5,1.5,+1.5,1.59,10/17,-170,1.59,10/17,-170,3.0,2/1,+200,3.0,2/1,+200,1.5,1.5,+1.5,1.5,1.5,+1.5,1.59,10/17,-170,1.59,10/17,-170,3.0,2/1,+200,3.0,2/1,+200,http://sports.core.api.espn.com/v2/sports/hockey/leagues/nhl/seasons/2024/teams/23?lang=en&region=us,1.8,4/5,-125,1.8,4/5,-125,2.05,21/20,+105,2.05,21/20,+105,6.0,6,6,6.0,6,6,1.87,20/23,-115,1.87,20/23,-115,1.95,20/21,-105,1.95,20/21,-105,6.5,6.5,6.5,6.5,6.5,6.5,1.87,20/23,-115,1.87,20/23,-115,1.95,20/21,-105,1.95,20/21,-105,6.5,6.5,6.5,6.5,6.5,6.5,
401559815,http://sports.core.api.espn.com/v2/sports/hockey/leagues/nhl/events/401559815/competitions/401559815/odds/50?lang=en&region=us,NJ -150,6.5,1.5,105.0,-125.0,False,False,http://sports.core.api.espn.com/v2/sports/hockey/leagues/nhl/providers/50?lang=en&region=us,50,BetfairSportsbook,0,True,False,-150,155.0,True,-1.5,-1.5,2.9,19/10,+190,2.9,19/10,+190,1.77,10/13,-130,1.77,10/13,-130,-1.5,-1.5,2.55,31/20,+155,2.55,31/20,+155,1.67,2/3,-150,1.67,2/3,-150,-1.5,-1.5,2.55,31/20,+155,2.55,31/20,+155,1.67,2/3,-150,1.67,2/3,-150,http://sports.core.api.espn.com/v2/sports/hockey/leagues/nhl/seasons/2024/teams/11?lang=en&region=us,False,True,125,-185.0,False,1.5,1.5,+1.5,1.5,1.5,+1.5,1.43,10/23,-230,1.43,10/23,-230,2.1,11/10,+110,2.1,11/10,+110,1.5,1.5,+1.5,1.5,1.5,+1.5,1.54,20/37,-185,1.54,20/37,-185,2.25,5/4,+125,2.25,5/4,+125,1.5,1.5,+1.5,1.5,1.5,+1.5,1.54,20/37,-185,1.54,20/37,-185,2.25,5/4,+125,2.25,5/4,+125,http://sports.core.api.espn.com/v2/sports/hockey/leagues/nhl/seasons/2024/teams/23?lang=en&region=us,2.1,11/10,+110,2.1,11/10,+110,1.77,10/13,-130,1.77,10/13,-130,6.5,6.5,6.5,6.5,6.5,6.5,2.05,21/20,+105,2.05,21/20,+105,1.8,4/5,-125,1.8,4/5,-125,6.5,6.5,6.5,6.5,6.5,6.5,2.05,21/20,+105,2.05,21/20,+105,1.8,4/5,-125,1.8,4/5,-125,6.5,6.5,6.5,6.5,6.5,6.5,
401559815,http://sports.core.api.espn.com/v2/sports/hockey/leagues/nhl/events/401559815/competitions/401559815/odds/52?lang=en&region=us,NJ -178,6.5,1.5,-115.0,-105.0,False,False,http://sports.core.api.espn.com/v2/sports/hockey/leagues/nhl/providers/52?lang=en&region=us,52,Caesars Sportsbook (Colorado),0,True,False,-178,143.0,True,-1.5,-1.5,2.58,79/50,+158,2.58,79/50,+158,1.65,20/31,-155,1.65,20/31,-155,-1.5,-1.5,2.43,143/100,+143,2.43,143/100,+143,1.56,50/89,-178,1.56,50/89,-178,-1.5,-1.5,2.43,143/100,+143,2.43,143/100,+143,1.56,50/89,-178,1.56,50/89,-178,http://sports.core.api.espn.com/v2/sports/hockey/leagues/nhl/seasons/2024/teams/11?lang=en&region=us,False,True,150,-170.0,False,1.5,1.5,+1.5,1.5,1.5,+1.5,1.53,10/19,-190,1.53,10/19,-190,2.3,13/10,+130,2.3,13/10,+130,1.5,1.5,+1.5,1.5,1.5,+1.5,1.59,10/17,-170,1.59,10/17,-170,2.5,3/2,+150,2.5,3/2,+150,1.5,1.5,+1.5,1.5,1.5,+1.5,1.59,10/17,-170,1.59,10/17,-170,2.5,3/2,+150,2.5,3/2,+150,http://sports.core.api.espn.com/v2/sports/hockey/leagues/nhl/seasons/2024/teams/23?lang=en&region=us,1.83,5/6,-120,1.83,5/6,-120,2.0,1/1,+100,2.0,1/1,+100,6.0,6,6,6.0,6,6,1.87,20/23,-115,1.87,20/23,-115,1.95,20/21,-105,1.95,20/21,-105,6.5,6.5,6.5,6.5,6.5,6.5,1.87,20/23,-115,1.87,20/23,-115,1.95,20/21,-105,1.95,20/21,-105,6.5,6.5,6.5,6.5,6.5,6.5,
401559815,http://sports.core.api.espn.com/v2/sports/hockey/leagues/nhl/events/401559815/competitions/401559815/odds/45?lang=en&region=us,NJ -178,6.5,1.5,-115.0,-105.0,False,False,http://sports.core.api.espn.com/v2/sports/hockey/leagues/nhl/providers/45?lang=en&region=us,45,Caesars Sportsbook (New Jersey),0,True,False,-178,143.0,True,-1.5,-1.5,2.58,79/50,+158,2.58,79/50,+158,1.65,20/31,-155,1.65,20/31,-155,-1.5,-1.5,2.43,143/100,+143,2.43,143/100,+143,1.56,50/89,-178,1.56,50/89,-178,-1.5,-1.5,2.43,143/100,+143,2.43,143/100,+143,1.56,50/89,-178,1.56,50/89,-178,http://sports.core.api.espn.com/v2/sports/hockey/leagues/nhl/seasons/2024/teams/11?lang=en&region=us,False,True,150,-170.0,False,1.5,1.5,+1.5,1.5,1.5,+1.5,1.53,10/19,-190,1.53,10/19,-190,2.3,13/10,+130,2.3,13/10,+130,1.5,1.5,+1.5,1.5,1.5,+1.5,1.59,10/17,-170,1.59,10/17,-170,2.5,3/2,+150,2.5,3/2,+150,1.5,1.5,+1.5,1.5,1.5,+1.5,1.59,10/17,-170,1.59,10/17,-170,2.5,3/2,+150,2.5,3/2,+150,http://sports.core.api.espn.com/v2/sports/hockey/leagues/nhl/seasons/2024/teams/23?lang=en&region=us,1.83,5/6,-120,1.83,5/6,-120,2.0,1/1,+100,2.0,1/1,+100,6.0,6,6,6.0,6,6,1.87,20/23,-115,1.87,20/23,-115,1.95,20/21,-105,1.95,20/21,-105,6.5,6.5,6.5,6.5,6.5,6.5,1.87,20/23,-115,1.87,20/23,-115,1.95,20/21,-105,1.95,20/21,-105,6.5,6.5,6.5,6.5,6.5,6.5,
401559815,http://sports.core.api.espn.com/v2/sports/hockey/leagues/nhl/events/401559815/competitions/401559815/odds/57?lang=en&region=us,NJ -194,6.5,1.5,-115.0,-105.0,False,False,http://sports.core.api.espn.com/v2/sports/hockey/leagues/nhl/providers/57?lang=en&region=us,57,Caesars Sportsbook (Tennessee),0,True,False,-194,143.0,True,-1.5,-1.5,2.58,79/50,+158,2.58,79/50,+158,1.61,100/163,-163,1.61,100/163,-163,-1.5,-1.5,2.43,143/100,+143,2.43,143/100,+143,1.52,50/97,-194,1.52,50/97,-194,-1.5,-1.5,2.43,143/100,+143,2.43,143/100,+143,1.52,50/97,-194,1.52,50/97,-194,http://sports.core.api.espn.com/v2/sports/hockey/leagues/nhl/seasons/2024/teams/11?lang=en&region=us,False,True,139,-170.0,False,1.5,1.5,+1.5,1.5,1.5,+1.5,1.53,10/19,-190,1.53,10/19,-190,2.18,59/50,+118,2.18,59/50,+118,1.5,1.5,+1.5,1.5,1.5,+1.5,1.59,10/17,-170,1.59,10/17,-170,2.39,139/100,+139,2.39,139/100,+139,1.5,1.5,+1.5,1.5,1.5,+1.5,1.59,10/17,-170,1.59,10/17,-170,2.39,139/100,+139,2.39,139/100,+139,http://sports.core.api.espn.com/v2/sports/hockey/leagues/nhl/seasons/2024/teams/23?lang=en&region=us,1.83,5/6,-120,1.83,5/6,-120,2.0,1/1,+100,2.0,1/1,+100,6.0,6,6,6.0,6,6,1.87,20/23,-115,1.87,20/23,-115,1.95,20/21,-105,1.95,20/21,-105,6.5,6.5,6.5,6.5,6.5,6.5,1.87,20/23,-115,1.87,20/23,-115,1.95,20/21,-105,1.95,20/21,-105,6.5,6.5,6.5,6.5,6.5,6.5,
401559815,http://sports.core.api.espn.com/v2/sports/hockey/leagues/nhl/events/401559815/competitions/401559815/odds/40?lang=en&region=us,NJ -115,,1.5,,,False,False,http://sports.core.api.espn.com/v2/sports/hockey/leagues/nhl/providers/40?lang=en&region=us,40,DraftKings,0,True,False,-115,140.0,True,-1.5,-1.5,2.6,8/5,+160,2.6,8/5,+160,1.95,20/21,-105,1.95,20/21,-105,-1.5,-1.5,2.4,7/5,+140,2.4,7/5,+140,1.87,20/23,-115,1.87,20/23,-115,-1.5,-1.5,2.4,7/5,+140,2.4,7/5,+140,1.87,20/23,-115,1.87,20/23,-115,http://sports.core.api.espn.com/v2/sports/hockey/leagues/nhl/seasons/2024/teams/11?lang=en&region=us,False,True,205,-166.0,False,1.5,1.5,+1.5,1.5,1.5,+1.5,1.52,25/48,-192,1.52,25/48,-192,2.85,37/20,+185,2.85,37/20,+185,1.5,1.5,+1.5,1.5,1.5,+1.5,1.6,50/83,-166,1.6,50/83,-166,3.05,41/20,+205,3.05,41/20,+205,1.5,1.5,+1.5,1.5,1.5,+1.5,1.6,50/83,-166,1.6,50/83,-166,3.05,41/20,+205,3.05,41/20,+205,http://sports.core.api.espn.com/v2/sports/hockey/leagues/nhl/seasons/2024/teams/23?lang=en&region=us,,,,,,,,,,,,,,,,,,,,,,,,,,,,,,,,,,,,,,,,,,,,,,,,,,,,,,,
401559815,http://sports.core.api.espn.com/v2/sports/hockey/leagues/nhl/events/401559815/competitions/401559815/odds/58?lang=en&region=us,NJ -175,6.5,1.5,-115.0,-105.0,False,False,http://sports.core.api.espn.com/v2/sports/hockey/leagues/nhl/providers/58?lang=en&region=us,58,ESPN BET,0,True,False,-175,145.0,True,-1.5,-1.5,2.6,8/5,+160,2.6,8/5,+160,1.65,20/31,-155,1.65,20/31,-155,-1.5,-1.5,2.45,29/20,+145,2.45,29/20,+145,1.57,4/7,-175,1.57,4/7,-175,-1.5,-1.5,2.45,29/20,+145,2.45,29/20,+145,1.57,4/7,-175,1.57,4/7,-175,http://sports.core.api.espn.com/v2/sports/hockey/leagues/nhl/seasons/2024/teams/11?lang=en&region=us,False,True,150,-175.0,False,,,+1.5,,,+1.5,1.53,10/19,-190,1.53,10/19,-190,2.35,27/20,+135,2.35,27/20,+135,,,+1.5,,,+1.5,1.57,4/7,-175,1.57,4/7,-175,2.5,3/2,+150,2.5,3/2,+150,,,+1.5,,,+1.5,1.57,4/7,-175,1.57,4/7,-175,2.5,3/2,+150,2.5,3/2,+150,http://sports.core.api.espn.com/v2/sports/hockey/leagues/nhl/seasons/2024/teams/23?lang=en&region=us,2.15,23/20,+115,2.15,23/20,+115,1.74,20/27,-135,1.74,20/27,-135,,,6.5,,,6.5,1.87,20/23,-115,1.87,20/23,-115,1.95,20/21,-105,1.95,20/21,-105,,,6.5,,,6.5,1.87,20/23,-115,1.87,20/23,-115,1.95,20/21,-105,1.95,20/21,-105,,,6.5,,,6.5,"[{'language': 'en-US', 'rel': ['home', 'desktop', 'bets', 'espn-bet'], 'href': 'https://espnbet.app.link?$canonical_url=/sport/hockey/organization/united-states/competition/nhl/event/9fbe20c7-9a84-4fae-ae82-3da88326c177', 'text': 'Home Bet', 'shortText': 'Home Bet', 'isExternal': True, 'isPremium': False}, {'language': 'en-US', 'rel': ['away', 'desktop', 'bets', 'espn-bet'], 'href': 'https://espnbet.app.link?$canonical_url=/sport/hockey/organization/united-states/competition/nhl/event/9fbe20c7-9a84-4fae-ae82-3da88326c177', 'text': 'Away Bet', 'shortText': 'Away Bet', 'isExternal': True, 'isPremium': False}, {'language': 'en-US', 'rel': ['homeSpread', 'desktop', 'bets'], 'href': 'https://espnbet.app.link?$canonical_url=/sport/hockey/organization/united-states/competition/nhl/event/9fbe20c7-9a84-4fae-ae82-3da88326c177', 'text': 'Home Point Spread', 'shortText': 'Home Point Spread', 'isExternal': True, 'isPremium': False}, {'language': 'en-US', 'rel': ['awaySpread', 'desktop', 'bets'], 'href': 'https://espnbet.app.link?$canonical_url=/sport/hockey/organization/united-states/competition/nhl/event/9fbe20c7-9a84-4fae-ae82-3da88326c177', 'text': 'Away Point Spread', 'shortText': 'Away Point Spread', 'isExternal': True, 'isPremium': False}, {'language': 'en-US', 'rel': ['over', 'desktop', 'bets'], 'href': 'https://espnbet.app.link?$canonical_url=/sport/hockey/organization/united-states/competition/nhl/event/9fbe20c7-9a84-4fae-ae82-3da88326c177', 'text': 'Over Odds', 'shortText': 'Over Odds', 'isExternal': True, 'isPremium': False}, {'language': 'en-US', 'rel': ['under', 'desktop', 'bets'], 'href': 'https://espnbet.app.link?$canonical_url=/sport/hockey/organization/united-states/competition/nhl/event/9fbe20c7-9a84-4fae-ae82-3da88326c177', 'text': 'Under Odds', 'shortText': 'Under Odds', 'isExternal': True, 'isPremium': False}, {'language': 'en-US', 'rel': ['game', 'desktop', 'bets'], 'href': 'https://espnbet.app.link?$canonical_url=/sport/hockey/organization/united-states/competition/nhl/event/9fbe20c7-9a84-4fae-ae82-3da88326c177', 'text': 'Game', 'shortText': 'Game', 'isExternal': True, 'isPremium': False}]"
401559815,http://sports.core.api.espn.com/v2/sports/hockey/leagues/nhl/events/401559815/competitions/401559815/odds/47?lang=en&region=us,NJ -185,6.5,1.5,-115.0,-105.0,False,False,http://sports.core.api.espn.com/v2/sports/hockey/leagues/nhl/providers/47?lang=en&region=us,47,MGM,0,True,False,-185,140.0,True,-1.5,-1.5,2.55,31/20,+155,2.55,31/20,+155,1.63,5/8,-160,1.63,5/8,-160,-1.5,-1.5,2.4,7/5,+140,2.4,7/5,+140,1.54,20/37,-185,1.54,20/37,-185,-1.5,-1.5,2.4,7/5,+140,2.4,7/5,+140,1.54,20/37,-185,1.54,20/37,-185,http://sports.core.api.espn.com/v2/sports/hockey/leagues/nhl/seasons/2024/teams/11?lang=en&region=us,False,True,150,-165.0,False,1.5,1.5,+1.5,1.5,1.5,+1.5,1.53,10/19,-190,1.53,10/19,-190,2.35,27/20,+135,2.35,27/20,+135,1.5,1.5,+1.5,1.5,1.5,+1.5,1.61,20/33,-165,1.61,20/33,-165,2.5,3/2,+150,2.5,3/2,+150,1.5,1.5,+1.5,1.5,1.5,+1.5,1.61,20/33,-165,1.61,20/33,-165,2.5,3/2,+150,2.5,3/2,+150,http://sports.core.api.espn.com/v2/sports/hockey/leagues/nhl/seasons/2024/teams/23?lang=en&region=us,1.8,4/5,-125,1.8,4/5,-125,2.05,21/20,+105,2.05,21/20,+105,6.0,6,6,6.0,6,6,1.87,20/23,-115,1.87,20/23,-115,1.95,20/21,-105,1.95,20/21,-105,6.5,6.5,6.5,6.5,6.5,6.5,1.87,20/23,-115,1.87,20/23,-115,1.95,20/21,-105,1.95,20/21,-105,6.5,6.5,6.5,6.5,6.5,6.5,
401559815,http://sports.core.api.espn.com/v2/sports/hockey/leagues/nhl/events/401559815/competitions/401559815/odds/41?lang=en&region=us,NJ -175,6.0,1.5,-122.0,102.0,False,False,http://sports.core.api.espn.com/v2/sports/hockey/leagues/nhl/providers/41?lang=en&region=us,41,SugarHouse,0,True,False,-175,145.0,True,-1.5,-1.5,2.65,33/20,+165,2.65,33/20,+165,1.71,100/141,-141,1.71,100/141,-141,-1.5,-1.5,2.45,29/20,+145,2.45,29/20,+145,1.57,4/7,-175,1.57,4/7,-175,-1.5,-1.5,2.45,29/20,+145,2.45,29/20,+145,1.57,4/7,-175,1.57,4/7,-175,http://sports.core.api.espn.com/v2/sports/hockey/leagues/nhl/seasons/2024/teams/11?lang=en&region=us,False,True,143,-175.0,False,1.5,1.5,+1.5,1.5,1.5,+1.5,1.49,25/51,-204,1.49,25/51,-204,2.17,117/100,+117,2.17,117/100,+117,1.5,1.5,+1.5,1.5,1.5,+1.5,1.57,4/7,-175,1.57,4/7,-175,2.43,143/100,+143,2.43,143/100,+143,1.5,1.5,+1.5,1.5,1.5,+1.5,1.57,4/7,-175,1.57,4/7,-175,2.43,143/100,+143,2.43,143/100,+143,http://sports.core.api.espn.com/v2/sports/hockey/leagues/nhl/seasons/2024/teams/23?lang=en&region=us,2.1,11/10,+110,2.1,11/10,+110,1.75,100/133,-133,1.75,100/133,-133,6.0,6,6,6.0,6,6,1.82,50/61,-122,1.82,50/61,-122,2.02,51/50,+102,2.02,51/50,+102,6.0,6,6,6.0,6,6,1.82,50/61,-122,1.82,50/61,-122,2.02,51/50,+102,2.02,51/50,+102,6.0,6,6,6.0,6,6,
401559815,http://sports.core.api.espn.com/v2/sports/hockey/leagues/nhl/events/401559815/competitions/401559815/odds/53?lang=en&region=us,NJ -110,5.5,1.5,-188.0,135.0,False,False,http://sports.core.api.espn.com/v2/sports/hockey/leagues/nhl/providers/53?lang=en&region=us,53,Titanbets,0,True,False,-110,140.0,True,-1.5,-1.5,2.45,29/20,+145,2.45,29/20,+145,1.95,20/21,-105,1.95,20/21,-105,-1.5,-1.5,2.4,7/5,+140,2.4,7/5,+140,1.91,10/11,-110,1.91,10/11,-110,-1.5,-1.5,2.4,7/5,+140,2.4,7/5,+140,1.91,10/11,-110,1.91,10/11,-110,http://sports.core.api.espn.com/v2/sports/hockey/leagues/nhl/seasons/2024/teams/11?lang=en&region=us,False,True,210,-175.0,False,1.5,1.5,+1.5,1.5,1.5,+1.5,1.55,50/91,-182,1.55,50/91,-182,2.95,39/20,+195,2.95,39/20,+195,1.5,1.5,+1.5,1.5,1.5,+1.5,1.57,4/7,-175,1.57,4/7,-175,3.1,21/10,+210,3.1,21/10,+210,1.5,1.5,+1.5,1.5,1.5,+1.5,1.57,4/7,-175,1.57,4/7,-175,3.1,21/10,+210,3.1,21/10,+210,http://sports.core.api.espn.com/v2/sports/hockey/leagues/nhl/seasons/2024/teams/23?lang=en&region=us,1.61,100/163,-163,1.61,100/163,-163,2.15,23/20,+115,2.15,23/20,+115,5.5,5.5,5.5,5.5,5.5,5.5,1.53,25/47,-188,1.53,25/47,-188,2.35,27/20,+135,2.35,27/20,+135,5.5,5.5,5.5,5.5,5.5,5.5,1.53,25/47,-188,1.53,25/47,-188,2.35,27/20,+135,2.35,27/20,+135,5.5,5.5,5.5,5.5,5.5,5.5,
401559815,http://sports.core.api.espn.com/v2/sports/hockey/leagues/nhl/events/401559815/competitions/401559815/odds/36?lang=en&region=us,NJ -107,5.5,1.5,-177.0,145.0,False,False,http://sports.core.api.espn.com/v2/sports/hockey/leagues/nhl/providers/36?lang=en&region=us,36,Unibet,0,True,False,-107,143.0,True,-1.5,-1.5,2.65,33/20,+165,2.65,33/20,+165,2.14,57/50,+114,2.14,57/50,+114,-1.5,-1.5,2.43,143/100,+143,2.43,143/100,+143,1.93,100/107,-107,1.93,100/107,-107,-1.5,-1.5,2.43,143/100,+143,2.43,143/100,+143,1.93,100/107,-107,1.93,100/107,-107,http://sports.core.api.espn.com/v2/sports/hockey/leagues/nhl/seasons/2024/teams/11?lang=en&region=us,False,True,230,-175.0,False,1.5,1.5,+1.5,1.5,1.5,+1.5,1.49,20/41,-205,1.49,20/41,-205,2.85,37/20,+185,2.85,37/20,+185,1.5,1.5,+1.5,1.5,1.5,+1.5,1.57,4/7,-175,1.57,4/7,-175,3.3,23/10,+230,3.3,23/10,+230,1.5,1.5,+1.5,1.5,1.5,+1.5,1.57,4/7,-175,1.57,4/7,-175,3.3,23/10,+230,3.3,23/10,+230,http://sports.core.api.espn.com/v2/sports/hockey/leagues/nhl/seasons/2024/teams/23?lang=en&region=us,1.74,25/34,-136,1.74,25/34,-136,2.12,28/25,+112,2.12,28/25,+112,5.5,5.5,5.5,5.5,5.5,5.5,1.56,100/177,-177,1.56,100/177,-177,2.45,29/20,+145,2.45,29/20,+145,5.5,5.5,5.5,5.5,5.5,5.5,1.56,100/177,-177,1.56,100/177,-177,2.45,29/20,+145,2.45,29/20,+145,5.5,5.5,5.5,5.5,5.5,5.5,
401559816,http://sports.core.api.espn.com/v2/sports/hockey/leagues/nhl/events/401559816/competitions/401559816/odds/1001?lang=en&region=us,TOR -125,6.5,1.5,-135.0,115.0,False,False,http://sports.core.api.espn.com/v2/sports/hockey/leagues/nhl/providers/1001?lang=en&region=us,1001,Bet365,0,True,False,-125,115.0,True,-1.5,-1.5,2.25,5/4,+125,2.25,5/4,+125,1.87,20/23,-115,1.87,20/23,-115,-1.5,-1.5,2.15,23/20,+115,2.15,23/20,+115,1.8,4/5,-125,1.8,4/5,-125,-1.5,-1.5,2.15,23/20,+115,2.15,23/20,+115,1.8,4/5,-125,1.8,4/5,-125,http://sports.core.api.espn.com/v2/sports/hockey/leagues/nhl/seasons/2024/teams/21?lang=en&region=us,False,True,250,-135.0,False,1.5,1.5,+1.5,1.5,1.5,+1.5,1.67,2/3,-150,1.67,2/3,-150,3.3,23/10,+230,3.3,23/10,+230,1.5,1.5,+1.5,1.5,1.5,+1.5,1.74,20/27,-135,1.74,20/27,-135,3.5,5/2,+250,3.5,5/2,+250,1.5,1.5,+1.5,1.5,1.5,+1.5,1.74,20/27,-135,1.74,20/27,-135,3.5,5/2,+250,3.5,5/2,+250,http://sports.core.api.espn.com/v2/sports/hockey/leagues/nhl/seasons/2024/teams/25?lang=en&region=us,1.83,5/6,-120,1.83,5/6,-120,2.0,1/1,+100,2.0,1/1,+100,6.5,6.5,6.5,6.5,6.5,6.5,1.74,20/27,-135,1.74,20/27,-135,2.15,23/20,+115,2.15,23/20,+115,6.5,6.5,6.5,6.5,6.5,6.5,1.74,20/27,-135,1.74,20/27,-135,2.15,23/20,+115,2.15,23/20,+115,6.5,6.5,6.5,6.5,6.5,6.5,
401559816,http://sports.core.api.espn.com/v2/sports/hockey/leagues/nhl/events/401559816/competitions/401559816/odds/50?lang=en&region=us,TOR -205,6.5,1.5,-125.0,105.0,False,False,http://sports.core.api.espn.com/v2/sports/hockey/leagues/nhl/providers/50?lang=en&region=us,50,BetfairSportsbook,0,True,False,-205,118.0,True,-1.5,-1.5,2.3,13/10,+130,2.3,13/10,+130,1.51,20/39,-195,1.51,20/39,-195,-1.5,-1.5,2.18,59/50,+118,2.18,59/50,+118,1.49,20/41,-205,1.49,20/41,-205,-1.5,-1.5,2.18,59/50,+118,2.18,59/50,+118,1.49,20/41,-205,1.49,20/41,-205,http://sports.core.api.espn.com/v2/sports/hockey/leagues/nhl/seasons/2024/teams/21?lang=en&region=us,False,True,170,-140.0,False,1.5,1.5,+1.5,1.5,1.5,+1.5,1.65,20/31,-155,1.65,20/31,-155,2.65,33/20,+165,2.65,33/20,+165,1.5,1.5,+1.5,1.5,1.5,+1.5,1.71,5/7,-140,1.71,5/7,-140,2.7,17/10,+170,2.7,17/10,+170,1.5,1.5,+1.5,1.5,1.5,+1.5,1.71,5/7,-140,1.71,5/7,-140,2.7,17/10,+170,2.7,17/10,+170,http://sports.core.api.espn.com/v2/sports/hockey/leagues/nhl/seasons/2024/teams/25?lang=en&region=us,1.83,5/6,-120,1.83,5/6,-120,2.0,1/1,+100,2.0,1/1,+100,6.5,6.5,6.5,6.5,6.5,6.5,1.8,4/5,-125,1.8,4/5,-125,2.05,21/20,+105,2.05,21/20,+105,6.5,6.5,6.5,6.5,6.5,6.5,1.8,4/5,-125,1.8,4/5,-125,2.05,21/20,+105,2.05,21/20,+105,6.5,6.5,6.5,6.5,6.5,6.5,
401559816,http://sports.core.api.espn.com/v2/sports/hockey/leagues/nhl/events/401559816/competitions/401559816/odds/52?lang=en&region=us,TOR -220,6.5,1.5,-140.0,118.0,False,False,http://sports.core.api.espn.com/v2/sports/hockey/leagues/nhl/providers/52?lang=en&region=us,52,Caesars Sportsbook (Colorado),0,True,False,-220,115.0,True,-1.5,-1.5,2.22,61/50,+122,2.22,61/50,+122,1.53,10/19,-190,1.53,10/19,-190,-1.5,-1.5,2.15,23/20,+115,2.15,23/20,+115,1.45,5/11,-220,1.45,5/11,-220,-1.5,-1.5,2.15,23/20,+115,2.15,23/20,+115,1.45,5/11,-220,1.45,5/11,-220,http://sports.core.api.espn.com/v2/sports/hockey/leagues/nhl/seasons/2024/teams/21?lang=en&region=us,False,True,180,-135.0,False,1.5,1.5,+1.5,1.5,1.5,+1.5,1.69,20/29,-145,1.69,20/29,-145,2.58,79/50,+158,2.58,79/50,+158,1.5,1.5,+1.5,1.5,1.5,+1.5,1.74,20/27,-135,1.74,20/27,-135,2.8,9/5,+180,2.8,9/5,+180,1.5,1.5,+1.5,1.5,1.5,+1.5,1.74,20/27,-135,1.74,20/27,-135,2.8,9/5,+180,2.8,9/5,+180,http://sports.core.api.espn.com/v2/sports/hockey/leagues/nhl/seasons/2024/teams/25?lang=en&region=us,1.83,5/6,-120,1.83,5/6,-120,2.0,1/1,+100,2.0,1/1,+100,6.5,6.5,6.5,6.5,6.5,6.5,1.71,5/7,-140,1.71,5/7,-140,2.18,59/50,+118,2.18,59/50,+118,6.5,6.5,6.5,6.5,6.5,6.5,1.71,5/7,-140,1.71,5/7,-140,2.18,59/50,+118,2.18,59/50,+118,6.5,6.5,6.5,6.5,6.5,6.5,
401559816,http://sports.core.api.espn.com/v2/sports/hockey/leagues/nhl/events/401559816/competitions/401559816/odds/45?lang=en&region=us,TOR -220,6.5,1.5,-140.0,118.0,False,False,http://sports.core.api.espn.com/v2/sports/hockey/leagues/nhl/providers/45?lang=en&region=us,45,Caesars Sportsbook (New Jersey),0,True,False,-220,115.0,True,-1.5,-1.5,2.22,61/50,+122,2.22,61/50,+122,1.53,10/19,-190,1.53,10/19,-190,-1.5,-1.5,2.15,23/20,+115,2.15,23/20,+115,1.45,5/11,-220,1.45,5/11,-220,-1.5,-1.5,2.15,23/20,+115,2.15,23/20,+115,1.45,5/11,-220,1.45,5/11,-220,http://sports.core.api.espn.com/v2/sports/hockey/leagues/nhl/seasons/2024/teams/21?lang=en&region=us,False,True,180,-135.0,False,1.5,1.5,+1.5,1.5,1.5,+1.5,1.69,20/29,-145,1.69,20/29,-145,2.58,79/50,+158,2.58,79/50,+158,1.5,1.5,+1.5,1.5,1.5,+1.5,1.74,20/27,-135,1.74,20/27,-135,2.8,9/5,+180,2.8,9/5,+180,1.5,1.5,+1.5,1.5,1.5,+1.5,1.74,20/27,-135,1.74,20/27,-135,2.8,9/5,+180,2.8,9/5,+180,http://sports.core.api.espn.com/v2/sports/hockey/leagues/nhl/seasons/2024/teams/25?lang=en&region=us,1.83,5/6,-120,1.83,5/6,-120,2.0,1/1,+100,2.0,1/1,+100,6.5,6.5,6.5,6.5,6.5,6.5,1.71,5/7,-140,1.71,5/7,-140,2.18,59/50,+118,2.18,59/50,+118,6.5,6.5,6.5,6.5,6.5,6.5,1.71,5/7,-140,1.71,5/7,-140,2.18,59/50,+118,2.18,59/50,+118,6.5,6.5,6.5,6.5,6.5,6.5,
401559816,http://sports.core.api.espn.com/v2/sports/hockey/leagues/nhl/events/401559816/competitions/401559816/odds/57?lang=en&region=us,TOR -244,6.5,1.5,-140.0,118.0,False,False,http://sports.core.api.espn.com/v2/sports/hockey/leagues/nhl/providers/57?lang=en&region=us,57,Caesars Sportsbook (Tennessee),0,True,False,-244,115.0,True,-1.5,-1.5,2.22,61/50,+122,2.22,61/50,+122,1.49,25/51,-204,1.49,25/51,-204,-1.5,-1.5,2.15,23/20,+115,2.15,23/20,+115,1.41,25/61,-244,1.41,25/61,-244,-1.5,-1.5,2.15,23/20,+115,2.15,23/20,+115,1.41,25/61,-244,1.41,25/61,-244,http://sports.core.api.espn.com/v2/sports/hockey/leagues/nhl/seasons/2024/teams/21?lang=en&region=us,False,True,172,-135.0,False,1.5,1.5,+1.5,1.5,1.5,+1.5,1.69,20/29,-145,1.69,20/29,-145,2.46,73/50,+146,2.46,73/50,+146,1.5,1.5,+1.5,1.5,1.5,+1.5,1.74,20/27,-135,1.74,20/27,-135,2.72,43/25,+172,2.72,43/25,+172,1.5,1.5,+1.5,1.5,1.5,+1.5,1.74,20/27,-135,1.74,20/27,-135,2.72,43/25,+172,2.72,43/25,+172,http://sports.core.api.espn.com/v2/sports/hockey/leagues/nhl/seasons/2024/teams/25?lang=en&region=us,1.83,5/6,-120,1.83,5/6,-120,2.0,1/1,+100,2.0,1/1,+100,6.5,6.5,6.5,6.5,6.5,6.5,1.71,5/7,-140,1.71,5/7,-140,2.18,59/50,+118,2.18,59/50,+118,6.5,6.5,6.5,6.5,6.5,6.5,1.71,5/7,-140,1.71,5/7,-140,2.18,59/50,+118,2.18,59/50,+118,6.5,6.5,6.5,6.5,6.5,6.5,
401559816,http://sports.core.api.espn.com/v2/sports/hockey/leagues/nhl/events/401559816/competitions/401559816/odds/40?lang=en&region=us,TOR -150,,1.5,,,False,False,http://sports.core.api.espn.com/v2/sports/hockey/leagues/nhl/providers/40?lang=en&region=us,40,DraftKings,0,True,False,-150,110.0,True,-1.5,-1.5,2.3,13/10,+130,2.3,13/10,+130,1.77,10/13,-130,1.77,10/13,-130,-1.5,-1.5,2.1,11/10,+110,2.1,11/10,+110,1.67,2/3,-150,1.67,2/3,-150,-1.5,-1.5,2.1,11/10,+110,2.1,11/10,+110,1.67,2/3,-150,1.67,2/3,-150,http://sports.core.api.espn.com/v2/sports/hockey/leagues/nhl/seasons/2024/teams/21?lang=en&region=us,False,True,255,-130.0,False,1.5,1.5,+1.5,1.5,1.5,+1.5,1.65,20/31,-155,1.65,20/31,-155,3.25,9/4,+225,3.25,9/4,+225,1.5,1.5,+1.5,1.5,1.5,+1.5,1.77,10/13,-130,1.77,10/13,-130,3.55,51/20,+255,3.55,51/20,+255,1.5,1.5,+1.5,1.5,1.5,+1.5,1.77,10/13,-130,1.77,10/13,-130,3.55,51/20,+255,3.55,51/20,+255,http://sports.core.api.espn.com/v2/sports/hockey/leagues/nhl/seasons/2024/teams/25?lang=en&region=us,,,,,,,,,,,,,,,,,,,,,,,,,,,,,,,,,,,,,,,,,,,,,,,,,,,,,,,
401559816,http://sports.core.api.espn.com/v2/sports/hockey/leagues/nhl/events/401559816/competitions/401559816/odds/58?lang=en&region=us,TOR -210,6.5,1.5,-150.0,120.0,False,False,http://sports.core.api.espn.com/v2/sports/hockey/leagues/nhl/providers/58?lang=en&region=us,58,ESPN BET,0,True,False,-210,110.0,True,-1.5,-1.5,2.25,5/4,+125,2.25,5/4,+125,1.53,10/19,-190,1.53,10/19,-190,-1.5,-1.5,2.1,11/10,+110,2.1,11/10,+110,1.48,10/21,-210,1.48,10/21,-210,-1.5,-1.5,2.1,11/10,+110,2.1,11/10,+110,1.48,10/21,-210,1.48,10/21,-210,http://sports.core.api.espn.com/v2/sports/hockey/leagues/nhl/seasons/2024/teams/21?lang=en&region=us,False,True,175,-130.0,False,,,+1.5,,,+1.5,1.69,20/29,-145,1.69,20/29,-145,2.6,8/5,+160,2.6,8/5,+160,,,+1.5,,,+1.5,1.77,10/13,-130,1.77,10/13,-130,2.75,7/4,+175,2.75,7/4,+175,,,+1.5,,,+1.5,1.77,10/13,-130,1.77,10/13,-130,2.75,7/4,+175,2.75,7/4,+175,http://sports.core.api.espn.com/v2/sports/hockey/leagues/nhl/seasons/2024/teams/25?lang=en&region=us,1.8,4/5,-125,1.8,4/5,-125,2.05,21/20,+105,2.05,21/20,+105,,,6.5,,,6.5,1.67,2/3,-150,1.67,2/3,-150,2.2,6/5,+120,2.2,6/5,+120,,,6.5,,,6.5,1.67,2/3,-150,1.67,2/3,-150,2.2,6/5,+120,2.2,6/5,+120,,,6.5,,,6.5,"[{'language': 'en-US', 'rel': ['home', 'desktop', 'bets', 'espn-bet'], 'href': 'https://espnbet.app.link?$canonical_url=/sport/hockey/organization/united-states/competition/nhl/event/909cc614-d3d1-43b7-a91e-efb4410a3f87', 'text': 'Home Bet', 'shortText': 'Home Bet', 'isExternal': True, 'isPremium': False}, {'language': 'en-US', 'rel': ['away', 'desktop', 'bets', 'espn-bet'], 'href': 'https://espnbet.app.link?$canonical_url=/sport/hockey/organization/united-states/competition/nhl/event/909cc614-d3d1-43b7-a91e-efb4410a3f87', 'text': 'Away Bet', 'shortText': 'Away Bet', 'isExternal': True, 'isPremium': False}, {'language': 'en-US', 'rel': ['homeSpread', 'desktop', 'bets'], 'href': 'https://espnbet.app.link?$canonical_url=/sport/hockey/organization/united-states/competition/nhl/event/909cc614-d3d1-43b7-a91e-efb4410a3f87', 'text': 'Home Point Spread', 'shortText': 'Home Point Spread', 'isExternal': True, 'isPremium': False}, {'language': 'en-US', 'rel': ['awaySpread', 'desktop', 'bets'], 'href': 'https://espnbet.app.link?$canonical_url=/sport/hockey/organization/united-states/competition/nhl/event/909cc614-d3d1-43b7-a91e-efb4410a3f87', 'text': 'Away Point Spread', 'shortText': 'Away Point Spread', 'isExternal': True, 'isPremium': False}, {'language': 'en-US', 'rel': ['over', 'desktop', 'bets'], 'href': 'https://espnbet.app.link?$canonical_url=/sport/hockey/organization/united-states/competition/nhl/event/909cc614-d3d1-43b7-a91e-efb4410a3f87', 'text': 'Over Odds', 'shortText': 'Over Odds', 'isExternal': True, 'isPremium': False}, {'language': 'en-US', 'rel': ['under', 'desktop', 'bets'], 'href': 'https://espnbet.app.link?$canonical_url=/sport/hockey/organization/united-states/competition/nhl/event/909cc614-d3d1-43b7-a91e-efb4410a3f87', 'text': 'Under Odds', 'shortText': 'Under Odds', 'isExternal': True, 'isPremium': False}, {'language': 'en-US', 'rel': ['game', 'desktop', 'bets'], 'href': 'https://espnbet.app.link?$canonical_url=/sport/hockey/organization/united-states/competition/nhl/event/909cc614-d3d1-43b7-a91e-efb4410a3f87', 'text': 'Game', 'shortText': 'Game', 'isExternal': True, 'isPremium': False}]"
401559816,http://sports.core.api.espn.com/v2/sports/hockey/leagues/nhl/events/401559816/competitions/401559816/odds/47?lang=en&region=us,TOR -210,7.0,1.5,105.0,-130.0,False,False,http://sports.core.api.espn.com/v2/sports/hockey/leagues/nhl/providers/47?lang=en&region=us,47,MGM,0,True,False,-210,110.0,True,-1.5,-1.5,2.25,5/4,+125,2.25,5/4,+125,1.53,10/19,-190,1.53,10/19,-190,-1.5,-1.5,2.1,11/10,+110,2.1,11/10,+110,1.48,10/21,-210,1.48,10/21,-210,-1.5,-1.5,2.1,11/10,+110,2.1,11/10,+110,1.48,10/21,-210,1.48,10/21,-210,http://sports.core.api.espn.com/v2/sports/hockey/leagues/nhl/seasons/2024/teams/21?lang=en&region=us,False,True,170,-135.0,False,1.5,1.5,+1.5,1.5,1.5,+1.5,1.65,20/31,-155,1.65,20/31,-155,2.55,31/20,+155,2.55,31/20,+155,1.5,1.5,+1.5,1.5,1.5,+1.5,1.74,20/27,-135,1.74,20/27,-135,2.7,17/10,+170,2.7,17/10,+170,1.5,1.5,+1.5,1.5,1.5,+1.5,1.74,20/27,-135,1.74,20/27,-135,2.7,17/10,+170,2.7,17/10,+170,http://sports.core.api.espn.com/v2/sports/hockey/leagues/nhl/seasons/2024/teams/25?lang=en&region=us,1.83,5/6,-120,1.83,5/6,-120,2.0,1/1,+100,2.0,1/1,+100,6.5,6.5,6.5,6.5,6.5,6.5,2.05,21/20,+105,2.05,21/20,+105,1.77,10/13,-130,1.77,10/13,-130,7.0,7,7,7.0,7,7,2.05,21/20,+105,2.05,21/20,+105,1.77,10/13,-130,1.77,10/13,-130,7.0,7,7,7.0,7,7,
401559816,http://sports.core.api.espn.com/v2/sports/hockey/leagues/nhl/events/401559816/competitions/401559816/odds/41?lang=en&region=us,TOR -208,6.5,1.5,-112.0,-108.0,False,False,http://sports.core.api.espn.com/v2/sports/hockey/leagues/nhl/providers/41?lang=en&region=us,41,SugarHouse,0,True,False,-208,117.0,True,-1.5,-1.5,2.33,133/100,+133,2.33,133/100,+133,1.53,100/189,-189,1.53,100/189,-189,-1.5,-1.5,2.17,117/100,+117,2.17,117/100,+117,1.48,25/52,-208,1.48,25/52,-208,-1.5,-1.5,2.17,117/100,+117,2.17,117/100,+117,1.48,25/52,-208,1.48,25/52,-208,http://sports.core.api.espn.com/v2/sports/hockey/leagues/nhl/seasons/2024/teams/21?lang=en&region=us,False,True,170,-141.0,False,1.5,1.5,+1.5,1.5,1.5,+1.5,1.61,25/41,-164,1.61,25/41,-164,2.55,31/20,+155,2.55,31/20,+155,1.5,1.5,+1.5,1.5,1.5,+1.5,1.71,100/141,-141,1.71,100/141,-141,2.7,17/10,+170,2.7,17/10,+170,1.5,1.5,+1.5,1.5,1.5,+1.5,1.71,100/141,-141,1.71,100/141,-141,2.7,17/10,+170,2.7,17/10,+170,http://sports.core.api.espn.com/v2/sports/hockey/leagues/nhl/seasons/2024/teams/25?lang=en&region=us,1.94,50/53,-106,1.94,50/53,-106,1.88,50/57,-114,1.88,50/57,-114,6.0,6,6,6.0,6,6,1.89,25/28,-112,1.89,25/28,-112,1.93,25/27,-108,1.93,25/27,-108,6.5,6.5,6.5,6.5,6.5,6.5,1.89,25/28,-112,1.89,25/28,-112,1.93,25/27,-108,1.93,25/27,-108,6.5,6.5,6.5,6.5,6.5,6.5,
401559816,http://sports.core.api.espn.com/v2/sports/hockey/leagues/nhl/events/401559816/competitions/401559816/odds/53?lang=en&region=us,TOR -154,6.5,1.5,-125.0,-110.0,False,False,http://sports.core.api.espn.com/v2/sports/hockey/leagues/nhl/providers/53?lang=en&region=us,53,Titanbets,0,True,False,-154,110.0,True,-1.5,-1.5,2.25,5/4,+125,2.25,5/4,+125,1.77,10/13,-130,1.77,10/13,-130,-1.5,-1.5,2.1,11/10,+110,2.1,11/10,+110,1.65,50/77,-154,1.65,50/77,-154,-1.5,-1.5,2.1,11/10,+110,2.1,11/10,+110,1.65,50/77,-154,1.65,50/77,-154,http://sports.core.api.espn.com/v2/sports/hockey/leagues/nhl/seasons/2024/teams/21?lang=en&region=us,False,True,280,-138.0,False,1.5,1.5,+1.5,1.5,1.5,+1.5,1.65,50/77,-154,1.65,50/77,-154,3.45,49/20,+245,3.45,49/20,+245,1.5,1.5,+1.5,1.5,1.5,+1.5,1.72,50/69,-138,1.72,50/69,-138,3.8,14/5,+280,3.8,14/5,+280,1.5,1.5,+1.5,1.5,1.5,+1.5,1.72,50/69,-138,1.72,50/69,-138,3.8,14/5,+280,3.8,14/5,+280,http://sports.core.api.espn.com/v2/sports/hockey/leagues/nhl/seasons/2024/teams/25?lang=en&region=us,1.95,20/21,-105,1.95,20/21,-105,1.75,100/133,-133,1.75,100/133,-133,6.5,6.5,6.5,6.5,6.5,6.5,1.8,4/5,-125,1.8,4/5,-125,1.91,10/11,-110,1.91,10/11,-110,6.5,6.5,6.5,6.5,6.5,6.5,1.8,4/5,-125,1.8,4/5,-125,1.91,10/11,-110,1.91,10/11,-110,6.5,6.5,6.5,6.5,6.5,6.5,
401559816,http://sports.core.api.espn.com/v2/sports/hockey/leagues/nhl/events/401559816/competitions/401559816/odds/36?lang=en&region=us,TOR -130,5.5,1.5,-265.0,180.0,False,False,http://sports.core.api.espn.com/v2/sports/hockey/leagues/nhl/providers/36?lang=en&region=us,36,Unibet,0,True,False,-130,117.0,True,-1.5,-1.5,2.35,27/20,+135,2.35,27/20,+135,1.87,20/23,-115,1.87,20/23,-115,-1.5,-1.5,2.17,117/100,+117,2.17,117/100,+117,1.77,10/13,-130,1.77,10/13,-130,-1.5,-1.5,2.17,117/100,+117,2.17,117/100,+117,1.77,10/13,-130,1.77,10/13,-130,http://sports.core.api.espn.com/v2/sports/hockey/leagues/nhl/seasons/2024/teams/21?lang=en&region=us,False,True,265,-141.0,False,1.5,1.5,+1.5,1.5,1.5,+1.5,1.61,20/33,-165,1.61,20/33,-165,3.5,5/2,+250,3.5,5/2,+250,1.5,1.5,+1.5,1.5,1.5,+1.5,1.71,100/141,-141,1.71,100/141,-141,3.65,53/20,+265,3.65,53/20,+265,1.5,1.5,+1.5,1.5,1.5,+1.5,1.71,100/141,-141,1.71,100/141,-141,3.65,53/20,+265,3.65,53/20,+265,http://sports.core.api.espn.com/v2/sports/hockey/leagues/nhl/seasons/2024/teams/25?lang=en&region=us,1.7,100/143,-143,1.7,100/143,-143,2.18,59/50,+118,2.18,59/50,+118,5.5,5.5,5.5,5.5,5.5,5.5,1.38,20/53,-265,1.38,20/53,-265,2.8,9/5,+180,2.8,9/5,+180,5.5,5.5,5.5,5.5,5.5,5.5,1.38,20/53,-265,1.38,20/53,-265,2.8,9/5,+180,2.8,9/5,+180,5.5,5.5,5.5,5.5,5.5,5.5,
401559817,http://sports.core.api.espn.com/v2/sports/hockey/leagues/nhl/events/401559817/competitions/401559817/odds/1001?lang=en&region=us,BOS +110,6.0,-1.5,-105.0,-115.0,False,False,http://sports.core.api.espn.com/v2/sports/hockey/leagues/nhl/providers/1001?lang=en&region=us,1001,Bet365,0,False,True,190,-200.0,False,+1.5,+1.5,1.56,5/9,-180,1.56,5/9,-180,3.1,21/10,+210,3.1,21/10,+210,+1.5,+1.5,1.5,1/2,-200,1.5,1/2,-200,2.9,19/10,+190,2.9,19/10,+190,+1.5,+1.5,1.5,1/2,-200,1.5,1/2,-200,2.9,19/10,+190,2.9,19/10,+190,http://sports.core.api.espn.com/v2/sports/hockey/leagues/nhl/seasons/2024/teams/16?lang=en&region=us,True,False,110,165.0,True,-1.5,-1.5,-1.5,-1.5,-1.5,-1.5,2.5,3/2,+150,2.5,3/2,+150,2.0,1/1,+100,2.0,1/1,+100,-1.5,-1.5,-1.5,-1.5,-1.5,-1.5,2.65,33/20,+165,2.65,33/20,+165,2.1,11/10,+110,2.1,11/10,+110,-1.5,-1.5,-1.5,-1.5,-1.5,-1.5,2.65,33/20,+165,2.65,33/20,+165,2.1,11/10,+110,2.1,11/10,+110,http://sports.core.api.espn.com/v2/sports/hockey/leagues/nhl/seasons/2024/teams/1?lang=en&region=us,1.91,10/11,-110,1.91,10/11,-110,1.91,10/11,-110,1.91,10/11,-110,6.0,6,6,6.0,6,6,1.95,20/21,-105,1.95,20/21,-105,1.87,20/23,-115,1.87,20/23,-115,6.0,6,6,6.0,6,6,1.95,20/21,-105,1.95,20/21,-105,1.87,20/23,-115,1.87,20/23,-115,6.0,6,6,6.0,6,6,
401559817,http://sports.core.api.espn.com/v2/sports/hockey/leagues/nhl/events/401559817/competitions/401559817/odds/52?lang=en&region=us,BOS -150,6.0,-1.5,105.0,-125.0,False,False,http://sports.core.api.espn.com/v2/sports/hockey/leagues/nhl/providers/52?lang=en&region=us,52,Caesars Sportsbook (Colorado),0,False,True,126,-205.0,False,+1.5,+1.5,1.56,50/89,-178,1.56,50/89,-178,2.4,7/5,+140,2.4,7/5,+140,+1.5,+1.5,1.49,20/41,-205,1.49,20/41,-205,2.26,63/50,+126,2.26,63/50,+126,+1.5,+1.5,1.49,20/41,-205,1.49,20/41,-205,2.26,63/50,+126,2.26,63/50,+126,http://sports.core.api.espn.com/v2/sports/hockey/leagues/nhl/seasons/2024/teams/16?lang=en&region=us,True,False,-150,170.0,True,-1.5,-1.5,-1.5,-1.5,-1.5,-1.5,2.5,3/2,+150,2.5,3/2,+150,1.61,20/33,-165,1.61,20/33,-165,-1.5,-1.5,-1.5,-1.5,-1.5,-1.5,2.7,17/10,+170,2.7,17/10,+170,1.67,2/3,-150,1.67,2/3,-150,-1.5,-1.5,-1.5,-1.5,-1.5,-1.5,2.7,17/10,+170,2.7,17/10,+170,1.67,2/3,-150,1.67,2/3,-150,http://sports.core.api.espn.com/v2/sports/hockey/leagues/nhl/seasons/2024/teams/1?lang=en&region=us,1.91,10/11,-110,1.91,10/11,-110,1.91,10/11,-110,1.91,10/11,-110,6.0,6,6,6.0,6,6,2.05,21/20,+105,2.05,21/20,+105,1.8,4/5,-125,1.8,4/5,-125,6.0,6,6,6.0,6,6,2.05,21/20,+105,2.05,21/20,+105,1.8,4/5,-125,1.8,4/5,-125,6.0,6,6,6.0,6,6,
401559817,http://sports.core.api.espn.com/v2/sports/hockey/leagues/nhl/events/401559817/competitions/401559817/odds/45?lang=en&region=us,BOS -150,6.0,-1.5,105.0,-125.0,False,False,http://sports.core.api.espn.com/v2/sports/hockey/leagues/nhl/providers/45?lang=en&region=us,45,Caesars Sportsbook (New Jersey),0,False,True,126,-205.0,False,+1.5,+1.5,1.56,50/89,-178,1.56,50/89,-178,2.4,7/5,+140,2.4,7/5,+140,+1.5,+1.5,1.49,20/41,-205,1.49,20/41,-205,2.26,63/50,+126,2.26,63/50,+126,+1.5,+1.5,1.49,20/41,-205,1.49,20/41,-205,2.26,63/50,+126,2.26,63/50,+126,http://sports.core.api.espn.com/v2/sports/hockey/leagues/nhl/seasons/2024/teams/16?lang=en&region=us,True,False,-150,170.0,True,-1.5,-1.5,-1.5,-1.5,-1.5,-1.5,2.5,3/2,+150,2.5,3/2,+150,1.61,20/33,-165,1.61,20/33,-165,-1.5,-1.5,-1.5,-1.5,-1.5,-1.5,2.7,17/10,+170,2.7,17/10,+170,1.67,2/3,-150,1.67,2/3,-150,-1.5,-1.5,-1.5,-1.5,-1.5,-1.5,2.7,17/10,+170,2.7,17/10,+170,1.67,2/3,-150,1.67,2/3,-150,http://sports.core.api.espn.com/v2/sports/hockey/leagues/nhl/seasons/2024/teams/1?lang=en&region=us,1.91,10/11,-110,1.91,10/11,-110,1.91,10/11,-110,1.91,10/11,-110,6.0,6,6,6.0,6,6,2.05,21/20,+105,2.05,21/20,+105,1.8,4/5,-125,1.8,4/5,-125,6.0,6,6,6.0,6,6,2.05,21/20,+105,2.05,21/20,+105,1.8,4/5,-125,1.8,4/5,-125,6.0,6,6,6.0,6,6,
401559817,http://sports.core.api.espn.com/v2/sports/hockey/leagues/nhl/events/401559817/competitions/401559817/odds/57?lang=en&region=us,BOS -163,6.0,-1.5,105.0,-125.0,False,False,http://sports.core.api.espn.com/v2/sports/hockey/leagues/nhl/providers/57?lang=en&region=us,57,Caesars Sportsbook (Tennessee),0,False,True,118,-205.0,False,+1.5,+1.5,1.56,50/89,-178,1.56,50/89,-178,2.29,129/100,+129,2.29,129/100,+129,+1.5,+1.5,1.49,20/41,-205,1.49,20/41,-205,2.18,59/50,+118,2.18,59/50,+118,+1.5,+1.5,1.49,20/41,-205,1.49,20/41,-205,2.18,59/50,+118,2.18,59/50,+118,http://sports.core.api.espn.com/v2/sports/hockey/leagues/nhl/seasons/2024/teams/16?lang=en&region=us,True,False,-163,170.0,True,-1.5,-1.5,-1.5,-1.5,-1.5,-1.5,2.5,3/2,+150,2.5,3/2,+150,1.56,100/179,-179,1.56,100/179,-179,-1.5,-1.5,-1.5,-1.5,-1.5,-1.5,2.7,17/10,+170,2.7,17/10,+170,1.61,100/163,-163,1.61,100/163,-163,-1.5,-1.5,-1.5,-1.5,-1.5,-1.5,2.7,17/10,+170,2.7,17/10,+170,1.61,100/163,-163,1.61,100/163,-163,http://sports.core.api.espn.com/v2/sports/hockey/leagues/nhl/seasons/2024/teams/1?lang=en&region=us,1.91,10/11,-110,1.91,10/11,-110,1.91,10/11,-110,1.91,10/11,-110,6.0,6,6,6.0,6,6,2.05,21/20,+105,2.05,21/20,+105,1.8,4/5,-125,1.8,4/5,-125,6.0,6,6,6.0,6,6,2.05,21/20,+105,2.05,21/20,+105,1.8,4/5,-125,1.8,4/5,-125,6.0,6,6,6.0,6,6,
401559817,http://sports.core.api.espn.com/v2/sports/hockey/leagues/nhl/events/401559817/competitions/401559817/odds/40?lang=en&region=us,BOS -105,,-1.5,,,False,False,http://sports.core.api.espn.com/v2/sports/hockey/leagues/nhl/providers/40?lang=en&region=us,40,DraftKings,0,False,True,190,-205.0,False,+1.5,+1.5,1.56,5/9,-180,1.56,5/9,-180,3.15,43/20,+215,3.15,43/20,+215,+1.5,+1.5,1.49,20/41,-205,1.49,20/41,-205,2.9,19/10,+190,2.9,19/10,+190,+1.5,+1.5,1.49,20/41,-205,1.49,20/41,-205,2.9,19/10,+190,2.9,19/10,+190,http://sports.core.api.espn.com/v2/sports/hockey/leagues/nhl/seasons/2024/teams/16?lang=en&region=us,True,False,-105,170.0,True,-1.5,-1.5,-1.5,-1.5,-1.5,-1.5,2.5,3/2,+150,2.5,3/2,+150,1.83,5/6,-120,1.83,5/6,-120,-1.5,-1.5,-1.5,-1.5,-1.5,-1.5,2.7,17/10,+170,2.7,17/10,+170,1.95,20/21,-105,1.95,20/21,-105,-1.5,-1.5,-1.5,-1.5,-1.5,-1.5,2.7,17/10,+170,2.7,17/10,+170,1.95,20/21,-105,1.95,20/21,-105,http://sports.core.api.espn.com/v2/sports/hockey/leagues/nhl/seasons/2024/teams/1?lang=en&region=us,,,,,,,,,,,,,,,,,,,,,,,,,,,,,,,,,,,,,,,,,,,,,,,,,,,,,,,
401559817,http://sports.core.api.espn.com/v2/sports/hockey/leagues/nhl/events/401559817/competitions/401559817/odds/58?lang=en&region=us,BOS -150,5.5,-1.5,-130.0,110.0,False,False,http://sports.core.api.espn.com/v2/sports/hockey/leagues/nhl/providers/58?lang=en&region=us,58,ESPN BET,0,False,True,130,-200.0,False,+1.5,+1.5,1.53,10/19,-190,1.53,10/19,-190,2.3,13/10,+130,2.3,13/10,+130,+1.5,+1.5,1.5,1/2,-200,1.5,1/2,-200,2.3,13/10,+130,2.3,13/10,+130,+1.5,+1.5,1.5,1/2,-200,1.5,1/2,-200,2.3,13/10,+130,2.3,13/10,+130,http://sports.core.api.espn.com/v2/sports/hockey/leagues/nhl/seasons/2024/teams/16?lang=en&region=us,True,False,-150,165.0,True,,,-1.5,,,-1.5,2.6,8/5,+160,2.6,8/5,+160,1.67,2/3,-150,1.67,2/3,-150,,,-1.5,,,-1.5,2.65,33/20,+165,2.65,33/20,+165,1.67,2/3,-150,1.67,2/3,-150,,,-1.5,,,-1.5,2.65,33/20,+165,2.65,33/20,+165,1.67,2/3,-150,1.67,2/3,-150,http://sports.core.api.espn.com/v2/sports/hockey/leagues/nhl/seasons/2024/teams/1?lang=en&region=us,2.2,6/5,+120,2.2,6/5,+120,1.71,5/7,-140,1.71,5/7,-140,,,6.5,,,6.5,1.77,10/13,-130,1.77,10/13,-130,2.1,11/10,+110,2.1,11/10,+110,,,5.5,,,5.5,1.77,10/13,-130,1.77,10/13,-130,2.1,11/10,+110,2.1,11/10,+110,,,5.5,,,5.5,"[{'language': 'en-US', 'rel': ['home', 'desktop', 'bets', 'espn-bet'], 'href': 'https://espnbet.app.link?$canonical_url=/sport/hockey/organization/united-states/competition/nhl/event/70cdffd7-4f05-4c56-8e2b-28a6d070497f', 'text': 'Home Bet', 'shortText': 'Home Bet', 'isExternal': True, 'isPremium': False}, {'language': 'en-US', 'rel': ['away', 'desktop', 'bets', 'espn-bet'], 'href': 'https://espnbet.app.link?$canonical_url=/sport/hockey/organization/united-states/competition/nhl/event/70cdffd7-4f05-4c56-8e2b-28a6d070497f', 'text': 'Away Bet', 'shortText': 'Away Bet', 'isExternal': True, 'isPremium': False}, {'language': 'en-US', 'rel': ['homeSpread', 'desktop', 'bets'], 'href': 'https://espnbet.app.link?$canonical_url=/sport/hockey/organization/united-states/competition/nhl/event/70cdffd7-4f05-4c56-8e2b-28a6d070497f', 'text': 'Home Point Spread', 'shortText': 'Home Point Spread', 'isExternal': True, 'isPremium': False}, {'language': 'en-US', 'rel': ['awaySpread', 'desktop', 'bets'], 'href': 'https://espnbet.app.link?$canonical_url=/sport/hockey/organization/united-states/competition/nhl/event/70cdffd7-4f05-4c56-8e2b-28a6d070497f', 'text': 'Away Point Spread', 'shortText': 'Away Point Spread', 'isExternal': True, 'isPremium': False}, {'language': 'en-US', 'rel': ['over', 'desktop', 'bets'], 'href': 'https://espnbet.app.link?$canonical_url=/sport/hockey/organization/united-states/competition/nhl/event/70cdffd7-4f05-4c56-8e2b-28a6d070497f', 'text': 'Over Odds', 'shortText': 'Over Odds', 'isExternal': True, 'isPremium': False}, {'language': 'en-US', 'rel': ['under', 'desktop', 'bets'], 'href': 'https://espnbet.app.link?$canonical_url=/sport/hockey/organization/united-states/competition/nhl/event/70cdffd7-4f05-4c56-8e2b-28a6d070497f', 'text': 'Under Odds', 'shortText': 'Under Odds', 'isExternal': True, 'isPremium': False}, {'language': 'en-US', 'rel': ['game', 'desktop', 'bets'], 'href': 'https://espnbet.app.link?$canonical_url=/sport/hockey/organization/united-states/competition/nhl/event/70cdffd7-4f05-4c56-8e2b-28a6d070497f', 'text': 'Game', 'shortText': 'Game', 'isExternal': True, 'isPremium': False}]"
401559817,http://sports.core.api.espn.com/v2/sports/hockey/leagues/nhl/events/401559817/competitions/401559817/odds/47?lang=en&region=us,BOS -145,6.0,-1.5,-105.0,-115.0,False,False,http://sports.core.api.espn.com/v2/sports/hockey/leagues/nhl/providers/47?lang=en&region=us,47,MGM,0,False,True,120,-190.0,False,+1.5,+1.5,1.54,20/37,-185,1.54,20/37,-185,2.35,27/20,+135,2.35,27/20,+135,+1.5,+1.5,1.53,10/19,-190,1.53,10/19,-190,2.2,6/5,+120,2.2,6/5,+120,+1.5,+1.5,1.53,10/19,-190,1.53,10/19,-190,2.2,6/5,+120,2.2,6/5,+120,http://sports.core.api.espn.com/v2/sports/hockey/leagues/nhl/seasons/2024/teams/16?lang=en&region=us,True,False,-145,155.0,True,-1.5,-1.5,-1.5,-1.5,-1.5,-1.5,2.5,3/2,+150,2.5,3/2,+150,1.63,5/8,-160,1.63,5/8,-160,-1.5,-1.5,-1.5,-1.5,-1.5,-1.5,2.55,31/20,+155,2.55,31/20,+155,1.69,20/29,-145,1.69,20/29,-145,-1.5,-1.5,-1.5,-1.5,-1.5,-1.5,2.55,31/20,+155,2.55,31/20,+155,1.69,20/29,-145,1.69,20/29,-145,http://sports.core.api.espn.com/v2/sports/hockey/leagues/nhl/seasons/2024/teams/1?lang=en&region=us,1.91,10/11,-110,1.91,10/11,-110,1.91,10/11,-110,1.91,10/11,-110,6.0,6,6,6.0,6,6,1.95,20/21,-105,1.95,20/21,-105,1.87,20/23,-115,1.87,20/23,-115,6.0,6,6,6.0,6,6,1.95,20/21,-105,1.95,20/21,-105,1.87,20/23,-115,1.87,20/23,-115,6.0,6,6,6.0,6,6,
401559817,http://sports.core.api.espn.com/v2/sports/hockey/leagues/nhl/events/401559817/competitions/401559817/odds/41?lang=en&region=us,BOS -156,6.0,-1.5,110.0,-133.0,False,False,http://sports.core.api.espn.com/v2/sports/hockey/leagues/nhl/providers/41?lang=en&region=us,41,SugarHouse,0,False,True,128,-192.0,False,+1.5,+1.5,1.52,25/48,-192,1.52,25/48,-192,2.48,37/25,+148,2.48,37/25,+148,+1.5,+1.5,1.52,25/48,-192,1.52,25/48,-192,2.28,32/25,+128,2.28,32/25,+128,+1.5,+1.5,1.52,25/48,-192,1.52,25/48,-192,2.28,32/25,+128,2.28,32/25,+128,http://sports.core.api.espn.com/v2/sports/hockey/leagues/nhl/seasons/2024/teams/16?lang=en&region=us,True,False,-156,155.0,True,-1.5,-1.5,-1.5,-1.5,-1.5,-1.5,2.6,8/5,+160,2.6,8/5,+160,1.56,100/179,-179,1.56,100/179,-179,-1.5,-1.5,-1.5,-1.5,-1.5,-1.5,2.55,31/20,+155,2.55,31/20,+155,1.64,25/39,-156,1.64,25/39,-156,-1.5,-1.5,-1.5,-1.5,-1.5,-1.5,2.55,31/20,+155,2.55,31/20,+155,1.64,25/39,-156,1.64,25/39,-156,http://sports.core.api.espn.com/v2/sports/hockey/leagues/nhl/seasons/2024/teams/1?lang=en&region=us,2.1,11/10,+110,2.1,11/10,+110,1.75,100/133,-133,1.75,100/133,-133,6.0,6,6,6.0,6,6,2.1,11/10,+110,2.1,11/10,+110,1.75,100/133,-133,1.75,100/133,-133,6.0,6,6,6.0,6,6,2.1,11/10,+110,2.1,11/10,+110,1.75,100/133,-133,1.75,100/133,-133,6.0,6,6,6.0,6,6,
401559817,http://sports.core.api.espn.com/v2/sports/hockey/leagues/nhl/events/401559817/competitions/401559817/odds/53?lang=en&region=us,BOS +100,5.5,-1.5,-138.0,100.0,False,False,http://sports.core.api.espn.com/v2/sports/hockey/leagues/nhl/providers/53?lang=en&region=us,53,Titanbets,0,False,True,190,-208.0,False,+1.5,+1.5,1.55,50/91,-182,1.55,50/91,-182,3.0,2/1,+200,3.0,2/1,+200,+1.5,+1.5,1.48,25/52,-208,1.48,25/52,-208,2.9,19/10,+190,2.9,19/10,+190,+1.5,+1.5,1.48,25/52,-208,1.48,25/52,-208,2.9,19/10,+190,2.9,19/10,+190,http://sports.core.api.espn.com/v2/sports/hockey/leagues/nhl/seasons/2024/teams/16?lang=en&region=us,True,False,100,165.0,True,-1.5,-1.5,-1.5,-1.5,-1.5,-1.5,2.45,29/20,+145,2.45,29/20,+145,1.93,25/27,-108,1.93,25/27,-108,-1.5,-1.5,-1.5,-1.5,-1.5,-1.5,2.65,33/20,+165,2.65,33/20,+165,2.0,1/1,+100,2.0,1/1,+100,-1.5,-1.5,-1.5,-1.5,-1.5,-1.5,2.65,33/20,+165,2.65,33/20,+165,2.0,1/1,+100,2.0,1/1,+100,http://sports.core.api.espn.com/v2/sports/hockey/leagues/nhl/seasons/2024/teams/1?lang=en&region=us,1.67,2/3,-150,1.67,2/3,-150,2.1,11/10,+110,2.1,11/10,+110,5.5,5.5,5.5,5.5,5.5,5.5,1.72,50/69,-138,1.72,50/69,-138,2.0,1/1,+100,2.0,1/1,+100,5.5,5.5,5.5,5.5,5.5,5.5,1.72,50/69,-138,1.72,50/69,-138,2.0,1/1,+100,2.0,1/1,+100,5.5,5.5,5.5,5.5,5.5,5.5,
401559817,http://sports.core.api.espn.com/v2/sports/hockey/leagues/nhl/events/401559817/competitions/401559817/odds/36?lang=en&region=us,BOS +104,5.5,-1.5,-136.0,112.0,False,False,http://sports.core.api.espn.com/v2/sports/hockey/leagues/nhl/providers/36?lang=en&region=us,36,Unibet,0,False,True,210,-195.0,False,+1.5,+1.5,1.51,20/39,-195,1.51,20/39,-195,3.35,47/20,+235,3.35,47/20,+235,+1.5,+1.5,1.51,20/39,-195,1.51,20/39,-195,3.1,21/10,+210,3.1,21/10,+210,+1.5,+1.5,1.51,20/39,-195,1.51,20/39,-195,3.1,21/10,+210,3.1,21/10,+210,http://sports.core.api.espn.com/v2/sports/hockey/leagues/nhl/seasons/2024/teams/16?lang=en&region=us,True,False,104,155.0,True,-1.5,-1.5,-1.5,-1.5,-1.5,-1.5,2.6,8/5,+160,2.6,8/5,+160,1.91,10/11,-110,1.91,10/11,-110,-1.5,-1.5,-1.5,-1.5,-1.5,-1.5,2.55,31/20,+155,2.55,31/20,+155,2.04,26/25,+104,2.04,26/25,+104,-1.5,-1.5,-1.5,-1.5,-1.5,-1.5,2.55,31/20,+155,2.55,31/20,+155,2.04,26/25,+104,2.04,26/25,+104,http://sports.core.api.espn.com/v2/sports/hockey/leagues/nhl/seasons/2024/teams/1?lang=en&region=us,1.71,100/141,-141,1.71,100/141,-141,2.16,29/25,+116,2.16,29/25,+116,5.5,5.5,5.5,5.5,5.5,5.5,1.74,25/34,-136,1.74,25/34,-136,2.12,28/25,+112,2.12,28/25,+112,5.5,5.5,5.5,5.5,5.5,5.5,1.74,25/34,-136,1.74,25/34,-136,2.12,28/25,+112,2.12,28/25,+112,5.5,5.5,5.5,5.5,5.5,5.5,
401559818,http://sports.core.api.espn.com/v2/sports/hockey/leagues/nhl/events/401559818/competitions/401559818/odds/1001?lang=en&region=us,BUF +120,6.5,1.5,-120.0,100.0,False,False,http://sports.core.api.espn.com/v2/sports/hockey/leagues/nhl/providers/1001?lang=en&region=us,1001,Bet365,0,True,False,120,170.0,True,-1.5,-1.5,2.85,37/20,+185,2.85,37/20,+185,2.3,13/10,+130,2.3,13/10,+130,-1.5,-1.5,2.7,17/10,+170,2.7,17/10,+170,2.2,6/5,+120,2.2,6/5,+120,-1.5,-1.5,2.7,17/10,+170,2.7,17/10,+170,2.2,6/5,+120,2.2,6/5,+120,http://sports.core.api.espn.com/v2/sports/hockey/leagues/nhl/seasons/2024/teams/2?lang=en&region=us,False,True,170,-205.0,False,1.5,1.5,+1.5,1.5,1.5,+1.5,1.44,4/9,-225,1.44,4/9,-225,2.55,31/20,+155,2.55,31/20,+155,1.5,1.5,+1.5,1.5,1.5,+1.5,1.49,20/41,-205,1.49,20/41,-205,2.7,17/10,+170,2.7,17/10,+170,1.5,1.5,+1.5,1.5,1.5,+1.5,1.49,20/41,-205,1.49,20/41,-205,2.7,17/10,+170,2.7,17/10,+170,http://sports.core.api.espn.com/v2/sports/hockey/leagues/nhl/seasons/2024/teams/10?lang=en&region=us,1.83,5/6,-120,1.83,5/6,-120,2.0,1/1,+100,2.0,1/1,+100,6.5,6.5,6.5,6.5,6.5,6.5,1.83,5/6,-120,1.83,5/6,-120,2.0,1/1,+100,2.0,1/1,+100,6.5,6.5,6.5,6.5,6.5,6.5,1.83,5/6,-120,1.83,5/6,-120,2.0,1/1,+100,2.0,1/1,+100,6.5,6.5,6.5,6.5,6.5,6.5,
401559818,http://sports.core.api.espn.com/v2/sports/hockey/leagues/nhl/events/401559818/competitions/401559818/odds/52?lang=en&region=us,BUF -165,6.5,1.5,-125.0,105.0,False,False,http://sports.core.api.espn.com/v2/sports/hockey/leagues/nhl/providers/52?lang=en&region=us,52,Caesars Sportsbook (Colorado),0,True,False,-165,162.0,True,-1.5,-1.5,2.78,89/50,+178,2.78,89/50,+178,1.77,10/13,-130,1.77,10/13,-130,-1.5,-1.5,2.62,81/50,+162,2.62,81/50,+162,1.61,20/33,-165,1.61,20/33,-165,-1.5,-1.5,2.62,81/50,+162,2.62,81/50,+162,1.61,20/33,-165,1.61,20/33,-165,http://sports.core.api.espn.com/v2/sports/hockey/leagues/nhl/seasons/2024/teams/2?lang=en&region=us,False,True,140,-195.0,False,1.5,1.5,+1.5,1.5,1.5,+1.5,1.47,20/43,-215,1.47,20/43,-215,2.1,11/10,+110,2.1,11/10,+110,1.5,1.5,+1.5,1.5,1.5,+1.5,1.51,20/39,-195,1.51,20/39,-195,2.4,7/5,+140,2.4,7/5,+140,1.5,1.5,+1.5,1.5,1.5,+1.5,1.51,20/39,-195,1.51,20/39,-195,2.4,7/5,+140,2.4,7/5,+140,http://sports.core.api.espn.com/v2/sports/hockey/leagues/nhl/seasons/2024/teams/10?lang=en&region=us,1.87,20/23,-115,1.87,20/23,-115,1.95,20/21,-105,1.95,20/21,-105,6.5,6.5,6.5,6.5,6.5,6.5,1.8,4/5,-125,1.8,4/5,-125,2.05,21/20,+105,2.05,21/20,+105,6.5,6.5,6.5,6.5,6.5,6.5,1.8,4/5,-125,1.8,4/5,-125,2.05,21/20,+105,2.05,21/20,+105,6.5,6.5,6.5,6.5,6.5,6.5,
401559818,http://sports.core.api.espn.com/v2/sports/hockey/leagues/nhl/events/401559818/competitions/401559818/odds/45?lang=en&region=us,BUF -165,6.5,1.5,-125.0,105.0,False,False,http://sports.core.api.espn.com/v2/sports/hockey/leagues/nhl/providers/45?lang=en&region=us,45,Caesars Sportsbook (New Jersey),0,True,False,-165,162.0,True,-1.5,-1.5,2.78,89/50,+178,2.78,89/50,+178,1.77,10/13,-130,1.77,10/13,-130,-1.5,-1.5,2.62,81/50,+162,2.62,81/50,+162,1.61,20/33,-165,1.61,20/33,-165,-1.5,-1.5,2.62,81/50,+162,2.62,81/50,+162,1.61,20/33,-165,1.61,20/33,-165,http://sports.core.api.espn.com/v2/sports/hockey/leagues/nhl/seasons/2024/teams/2?lang=en&region=us,False,True,140,-195.0,False,1.5,1.5,+1.5,1.5,1.5,+1.5,1.47,20/43,-215,1.47,20/43,-215,2.1,11/10,+110,2.1,11/10,+110,1.5,1.5,+1.5,1.5,1.5,+1.5,1.51,20/39,-195,1.51,20/39,-195,2.4,7/5,+140,2.4,7/5,+140,1.5,1.5,+1.5,1.5,1.5,+1.5,1.51,20/39,-195,1.51,20/39,-195,2.4,7/5,+140,2.4,7/5,+140,http://sports.core.api.espn.com/v2/sports/hockey/leagues/nhl/seasons/2024/teams/10?lang=en&region=us,1.87,20/23,-115,1.87,20/23,-115,1.95,20/21,-105,1.95,20/21,-105,6.5,6.5,6.5,6.5,6.5,6.5,1.8,4/5,-125,1.8,4/5,-125,2.05,21/20,+105,2.05,21/20,+105,6.5,6.5,6.5,6.5,6.5,6.5,1.8,4/5,-125,1.8,4/5,-125,2.05,21/20,+105,2.05,21/20,+105,6.5,6.5,6.5,6.5,6.5,6.5,
401559818,http://sports.core.api.espn.com/v2/sports/hockey/leagues/nhl/events/401559818/competitions/401559818/odds/57?lang=en&region=us,BUF -174,6.5,1.5,-120.0,100.0,False,False,http://sports.core.api.espn.com/v2/sports/hockey/leagues/nhl/providers/57?lang=en&region=us,57,Caesars Sportsbook (Tennessee),0,True,False,-174,162.0,True,-1.5,-1.5,2.78,89/50,+178,2.78,89/50,+178,1.72,100/139,-139,1.72,100/139,-139,-1.5,-1.5,2.62,81/50,+162,2.62,81/50,+162,1.57,50/87,-174,1.57,50/87,-174,-1.5,-1.5,2.62,81/50,+162,2.62,81/50,+162,1.57,50/87,-174,1.57,50/87,-174,http://sports.core.api.espn.com/v2/sports/hockey/leagues/nhl/seasons/2024/teams/2?lang=en&region=us,False,True,126,-195.0,False,1.5,1.5,+1.5,1.5,1.5,+1.5,1.47,20/43,-215,1.47,20/43,-215,2.02,51/50,+102,2.02,51/50,+102,1.5,1.5,+1.5,1.5,1.5,+1.5,1.51,20/39,-195,1.51,20/39,-195,2.26,63/50,+126,2.26,63/50,+126,1.5,1.5,+1.5,1.5,1.5,+1.5,1.51,20/39,-195,1.51,20/39,-195,2.26,63/50,+126,2.26,63/50,+126,http://sports.core.api.espn.com/v2/sports/hockey/leagues/nhl/seasons/2024/teams/10?lang=en&region=us,1.87,20/23,-115,1.87,20/23,-115,1.95,20/21,-105,1.95,20/21,-105,6.5,6.5,6.5,6.5,6.5,6.5,1.83,5/6,-120,1.83,5/6,-120,2.0,1/1,+100,2.0,1/1,+100,6.5,6.5,6.5,6.5,6.5,6.5,1.83,5/6,-120,1.83,5/6,-120,2.0,1/1,+100,2.0,1/1,+100,6.5,6.5,6.5,6.5,6.5,6.5,
401559818,http://sports.core.api.espn.com/v2/sports/hockey/leagues/nhl/events/401559818/competitions/401559818/odds/40?lang=en&region=us,BUF +100,,1.5,,,False,False,http://sports.core.api.espn.com/v2/sports/hockey/leagues/nhl/providers/40?lang=en&region=us,40,DraftKings,0,True,False,100,164.0,True,-1.5,-1.5,2.85,37/20,+185,2.85,37/20,+185,2.2,6/5,+120,2.2,6/5,+120,-1.5,-1.5,2.64,41/25,+164,2.64,41/25,+164,2.0,1/1,+100,2.0,1/1,+100,-1.5,-1.5,2.64,41/25,+164,2.64,41/25,+164,2.0,1/1,+100,2.0,1/1,+100,http://sports.core.api.espn.com/v2/sports/hockey/leagues/nhl/seasons/2024/teams/2?lang=en&region=us,False,True,175,-198.0,False,1.5,1.5,+1.5,1.5,1.5,+1.5,1.44,4/9,-225,1.44,4/9,-225,2.45,29/20,+145,2.45,29/20,+145,1.5,1.5,+1.5,1.5,1.5,+1.5,1.51,50/99,-198,1.51,50/99,-198,2.75,7/4,+175,2.75,7/4,+175,1.5,1.5,+1.5,1.5,1.5,+1.5,1.51,50/99,-198,1.51,50/99,-198,2.75,7/4,+175,2.75,7/4,+175,http://sports.core.api.espn.com/v2/sports/hockey/leagues/nhl/seasons/2024/teams/10?lang=en&region=us,,,,,,,,,,,,,,,,,,,,,,,,,,,,,,,,,,,,,,,,,,,,,,,,,,,,,,,
401559818,http://sports.core.api.espn.com/v2/sports/hockey/leagues/nhl/events/401559818/competitions/401559818/odds/58?lang=en&region=us,BUF -155,6.5,1.5,-120.0,100.0,False,False,http://sports.core.api.espn.com/v2/sports/hockey/leagues/nhl/providers/58?lang=en&region=us,58,ESPN BET,0,True,False,-155,165.0,True,-1.5,-1.5,2.75,7/4,+175,2.75,7/4,+175,1.77,10/13,-130,1.77,10/13,-130,-1.5,-1.5,2.65,33/20,+165,2.65,33/20,+165,1.65,20/31,-155,1.65,20/31,-155,-1.5,-1.5,2.65,33/20,+165,2.65,33/20,+165,1.65,20/31,-155,1.65,20/31,-155,http://sports.core.api.espn.com/v2/sports/hockey/leagues/nhl/seasons/2024/teams/2?lang=en&region=us,False,True,135,-200.0,False,,,+1.5,,,+1.5,1.44,4/9,-225,1.44,4/9,-225,2.1,11/10,+110,2.1,11/10,+110,,,+1.5,,,+1.5,1.5,1/2,-200,1.5,1/2,-200,2.35,27/20,+135,2.35,27/20,+135,,,+1.5,,,+1.5,1.5,1/2,-200,1.5,1/2,-200,2.35,27/20,+135,2.35,27/20,+135,http://sports.core.api.espn.com/v2/sports/hockey/leagues/nhl/seasons/2024/teams/10?lang=en&region=us,1.8,4/5,-125,1.8,4/5,-125,2.05,21/20,+105,2.05,21/20,+105,,,6.5,,,6.5,1.83,5/6,-120,1.83,5/6,-120,2.0,1/1,+100,2.0,1/1,+100,,,6.5,,,6.5,1.83,5/6,-120,1.83,5/6,-120,2.0,1/1,+100,2.0,1/1,+100,,,6.5,,,6.5,"[{'language': 'en-US', 'rel': ['home', 'desktop', 'bets', 'espn-bet'], 'href': 'https://espnbet.app.link?$canonical_url=/sport/hockey/organization/united-states/competition/nhl/event/782c7a6c-7a4c-4bb8-91e3-2f2300113f2c', 'text': 'Home Bet', 'shortText': 'Home Bet', 'isExternal': True, 'isPremium': False}, {'language': 'en-US', 'rel': ['away', 'desktop', 'bets', 'espn-bet'], 'href': 'https://espnbet.app.link?$canonical_url=/sport/hockey/organization/united-states/competition/nhl/event/782c7a6c-7a4c-4bb8-91e3-2f2300113f2c', 'text': 'Away Bet', 'shortText': 'Away Bet', 'isExternal': True, 'isPremium': False}, {'language': 'en-US', 'rel': ['homeSpread', 'desktop', 'bets'], 'href': 'https://espnbet.app.link?$canonical_url=/sport/hockey/organization/united-states/competition/nhl/event/782c7a6c-7a4c-4bb8-91e3-2f2300113f2c', 'text': 'Home Point Spread', 'shortText': 'Home Point Spread', 'isExternal': True, 'isPremium': False}, {'language': 'en-US', 'rel': ['awaySpread', 'desktop', 'bets'], 'href': 'https://espnbet.app.link?$canonical_url=/sport/hockey/organization/united-states/competition/nhl/event/782c7a6c-7a4c-4bb8-91e3-2f2300113f2c', 'text': 'Away Point Spread', 'shortText': 'Away Point Spread', 'isExternal': True, 'isPremium': False}, {'language': 'en-US', 'rel': ['over', 'desktop', 'bets'], 'href': 'https://espnbet.app.link?$canonical_url=/sport/hockey/organization/united-states/competition/nhl/event/782c7a6c-7a4c-4bb8-91e3-2f2300113f2c', 'text': 'Over Odds', 'shortText': 'Over Odds', 'isExternal': True, 'isPremium': False}, {'language': 'en-US', 'rel': ['under', 'desktop', 'bets'], 'href': 'https://espnbet.app.link?$canonical_url=/sport/hockey/organization/united-states/competition/nhl/event/782c7a6c-7a4c-4bb8-91e3-2f2300113f2c', 'text': 'Under Odds', 'shortText': 'Under Odds', 'isExternal': True, 'isPremium': False}, {'language': 'en-US', 'rel': ['game', 'desktop', 'bets'], 'href': 'https://espnbet.app.link?$canonical_url=/sport/hockey/organization/united-states/competition/nhl/event/782c7a6c-7a4c-4bb8-91e3-2f2300113f2c', 'text': 'Game', 'shortText': 'Game', 'isExternal': True, 'isPremium': False}]"
401559818,http://sports.core.api.espn.com/v2/sports/hockey/leagues/nhl/events/401559818/competitions/401559818/odds/47?lang=en&region=us,BUF -150,6.5,1.5,-130.0,105.0,False,False,http://sports.core.api.espn.com/v2/sports/hockey/leagues/nhl/providers/47?lang=en&region=us,47,MGM,0,True,False,-150,155.0,True,-1.5,-1.5,2.8,9/5,+180,2.8,9/5,+180,1.74,20/27,-135,1.74,20/27,-135,-1.5,-1.5,2.55,31/20,+155,2.55,31/20,+155,1.67,2/3,-150,1.67,2/3,-150,-1.5,-1.5,2.55,31/20,+155,2.55,31/20,+155,1.67,2/3,-150,1.67,2/3,-150,http://sports.core.api.espn.com/v2/sports/hockey/leagues/nhl/seasons/2024/teams/2?lang=en&region=us,False,True,125,-190.0,False,1.5,1.5,+1.5,1.5,1.5,+1.5,1.44,4/9,-225,1.44,4/9,-225,2.15,23/20,+115,2.15,23/20,+115,1.5,1.5,+1.5,1.5,1.5,+1.5,1.53,10/19,-190,1.53,10/19,-190,2.25,5/4,+125,2.25,5/4,+125,1.5,1.5,+1.5,1.5,1.5,+1.5,1.53,10/19,-190,1.53,10/19,-190,2.25,5/4,+125,2.25,5/4,+125,http://sports.core.api.espn.com/v2/sports/hockey/leagues/nhl/seasons/2024/teams/10?lang=en&region=us,1.83,5/6,-120,1.83,5/6,-120,2.0,1/1,+100,2.0,1/1,+100,6.5,6.5,6.5,6.5,6.5,6.5,1.77,10/13,-130,1.77,10/13,-130,2.05,21/20,+105,2.05,21/20,+105,6.5,6.5,6.5,6.5,6.5,6.5,1.77,10/13,-130,1.77,10/13,-130,2.05,21/20,+105,2.05,21/20,+105,6.5,6.5,6.5,6.5,6.5,6.5,
401559818,http://sports.core.api.espn.com/v2/sports/hockey/leagues/nhl/events/401559818/competitions/401559818/odds/41?lang=en&region=us,BUF +107,6.0,1.5,-133.0,110.0,False,False,http://sports.core.api.espn.com/v2/sports/hockey/leagues/nhl/providers/41?lang=en&region=us,41,SugarHouse,0,True,False,107,165.0,True,-1.5,-1.5,2.75,7/4,+175,2.75,7/4,+175,2.38,69/50,+138,2.38,69/50,+138,-1.5,-1.5,2.65,33/20,+165,2.65,33/20,+165,2.07,107/100,+107,2.07,107/100,+107,-1.5,-1.5,2.65,33/20,+165,2.65,33/20,+165,2.07,107/100,+107,2.07,107/100,+107,http://sports.core.api.espn.com/v2/sports/hockey/leagues/nhl/seasons/2024/teams/2?lang=en&region=us,False,True,200,-200.0,False,1.5,1.5,+1.5,1.5,1.5,+1.5,1.46,100/217,-217,1.46,100/217,-217,2.5,3/2,+150,2.5,3/2,+150,1.5,1.5,+1.5,1.5,1.5,+1.5,1.5,1/2,-200,1.5,1/2,-200,3.0,2/1,+200,3.0,2/1,+200,1.5,1.5,+1.5,1.5,1.5,+1.5,1.5,1/2,-200,1.5,1/2,-200,3.0,2/1,+200,3.0,2/1,+200,http://sports.core.api.espn.com/v2/sports/hockey/leagues/nhl/seasons/2024/teams/10?lang=en&region=us,2.1,11/10,+110,2.1,11/10,+110,1.75,100/133,-133,1.75,100/133,-133,6.5,6.5,6.5,6.5,6.5,6.5,1.75,100/133,-133,1.75,100/133,-133,2.1,11/10,+110,2.1,11/10,+110,6.0,6,6,6.0,6,6,1.75,100/133,-133,1.75,100/133,-133,2.1,11/10,+110,2.1,11/10,+110,6.0,6,6,6.0,6,6,
401559818,http://sports.core.api.espn.com/v2/sports/hockey/leagues/nhl/events/401559818/competitions/401559818/odds/53?lang=en&region=us,BUF +105,6.5,1.5,105.0,-143.0,False,False,http://sports.core.api.espn.com/v2/sports/hockey/leagues/nhl/providers/53?lang=en&region=us,53,Titanbets,0,True,False,105,160.0,True,-1.5,-1.5,2.85,37/20,+185,2.85,37/20,+185,2.15,23/20,+115,2.15,23/20,+115,-1.5,-1.5,2.6,8/5,+160,2.6,8/5,+160,2.05,21/20,+105,2.05,21/20,+105,-1.5,-1.5,2.6,8/5,+160,2.6,8/5,+160,2.05,21/20,+105,2.05,21/20,+105,http://sports.core.api.espn.com/v2/sports/hockey/leagues/nhl/seasons/2024/teams/2?lang=en&region=us,False,True,180,-200.0,False,1.5,1.5,+1.5,1.5,1.5,+1.5,1.42,50/119,-238,1.42,50/119,-238,2.55,31/20,+155,2.55,31/20,+155,1.5,1.5,+1.5,1.5,1.5,+1.5,1.5,1/2,-200,1.5,1/2,-200,2.8,9/5,+180,2.8,9/5,+180,1.5,1.5,+1.5,1.5,1.5,+1.5,1.5,1/2,-200,1.5,1/2,-200,2.8,9/5,+180,2.8,9/5,+180,http://sports.core.api.espn.com/v2/sports/hockey/leagues/nhl/seasons/2024/teams/10?lang=en&region=us,1.95,20/21,-105,1.95,20/21,-105,1.77,10/13,-130,1.77,10/13,-130,6.5,6.5,6.5,6.5,6.5,6.5,2.05,21/20,+105,2.05,21/20,+105,1.7,100/143,-143,1.7,100/143,-143,6.5,6.5,6.5,6.5,6.5,6.5,2.05,21/20,+105,2.05,21/20,+105,1.7,100/143,-143,1.7,100/143,-143,6.5,6.5,6.5,6.5,6.5,6.5,
401559818,http://sports.core.api.espn.com/v2/sports/hockey/leagues/nhl/events/401559818/competitions/401559818/odds/36?lang=en&region=us,MTL +200,5.5,-1.5,-195.0,155.0,False,False,http://sports.core.api.espn.com/v2/sports/hockey/leagues/nhl/providers/36?lang=en&region=us,36,Unibet,0,False,True,107,-385.0,False,+1.5,+1.5,1.29,20/69,-345,1.29,20/69,-345,2.38,69/50,+138,2.38,69/50,+138,+1.5,+1.5,1.26,20/77,-385,1.26,20/77,-385,2.07,107/100,+107,2.07,107/100,+107,+1.5,+1.5,1.26,20/77,-385,1.26,20/77,-385,2.07,107/100,+107,2.07,107/100,+107,http://sports.core.api.espn.com/v2/sports/hockey/leagues/nhl/seasons/2024/teams/2?lang=en&region=us,True,False,200,290.0,True,-1.5,-1.5,-1.5,-1.5,-1.5,-1.5,3.65,53/20,+265,3.65,53/20,+265,2.5,3/2,+150,2.5,3/2,+150,-1.5,-1.5,-1.5,-1.5,-1.5,-1.5,3.9,29/10,+290,3.9,29/10,+290,3.0,2/1,+200,3.0,2/1,+200,-1.5,-1.5,-1.5,-1.5,-1.5,-1.5,3.9,29/10,+290,3.9,29/10,+290,3.0,2/1,+200,3.0,2/1,+200,http://sports.core.api.espn.com/v2/sports/hockey/leagues/nhl/seasons/2024/teams/10?lang=en&region=us,1.53,10/19,-190,1.53,10/19,-190,2.55,31/20,+155,2.55,31/20,+155,5.5,5.5,5.5,5.5,5.5,5.5,1.51,20/39,-195,1.51,20/39,-195,2.55,31/20,+155,2.55,31/20,+155,5.5,5.5,5.5,5.5,5.5,5.5,1.51,20/39,-195,1.51,20/39,-195,2.55,31/20,+155,2.55,31/20,+155,5.5,5.5,5.5,5.5,5.5,5.5,
401559819,http://sports.core.api.espn.com/v2/sports/hockey/leagues/nhl/events/401559819/competitions/401559819/odds/1001?lang=en&region=us,NYR -250,6.0,-1.5,-115.0,-105.0,False,False,http://sports.core.api.espn.com/v2/sports/hockey/leagues/nhl/providers/1001?lang=en&region=us,1001,Bet365,0,False,True,500,145.0,False,+1.5,+1.5,2.25,5/4,+125,2.25,5/4,+125,6.0,5/1,+500,6.0,5/1,+500,+1.5,+1.5,2.45,29/20,+145,2.45,29/20,+145,6.0,5/1,+500,6.0,5/1,+500,+1.5,+1.5,2.45,29/20,+145,2.45,29/20,+145,6.0,5/1,+500,6.0,5/1,+500,http://sports.core.api.espn.com/v2/sports/hockey/leagues/nhl/seasons/2024/teams/4?lang=en&region=us,True,False,-250,-170.0,True,-1.5,-1.5,-1.5,-1.5,-1.5,-1.5,1.67,2/3,-150,1.67,2/3,-150,1.44,4/9,-225,1.44,4/9,-225,-1.5,-1.5,-1.5,-1.5,-1.5,-1.5,1.59,10/17,-170,1.59,10/17,-170,1.4,2/5,-250,1.4,2/5,-250,-1.5,-1.5,-1.5,-1.5,-1.5,-1.5,1.59,10/17,-170,1.59,10/17,-170,1.4,2/5,-250,1.4,2/5,-250,http://sports.core.api.espn.com/v2/sports/hockey/leagues/nhl/seasons/2024/teams/13?lang=en&region=us,2.05,21/20,+105,2.05,21/20,+105,1.8,4/5,-125,1.8,4/5,-125,6.5,6.5,6.5,6.5,6.5,6.5,1.87,20/23,-115,1.87,20/23,-115,1.95,20/21,-105,1.95,20/21,-105,6.0,6,6,6.0,6,6,1.87,20/23,-115,1.87,20/23,-115,1.95,20/21,-105,1.95,20/21,-105,6.0,6,6,6.0,6,6,
401559819,http://sports.core.api.espn.com/v2/sports/hockey/leagues/nhl/events/401559819/competitions/401559819/odds/52?lang=en&region=us,NYR -480,6.0,-1.5,-115.0,-105.0,False,False,http://sports.core.api.espn.com/v2/sports/hockey/leagues/nhl/providers/52?lang=en&region=us,52,Caesars Sportsbook (Colorado),0,False,True,360,148.0,False,+1.5,+1.5,2.22,61/50,+122,2.22,61/50,+122,4.2,16/5,+320,4.2,16/5,+320,+1.5,+1.5,2.48,37/25,+148,2.48,37/25,+148,4.6,18/5,+360,4.6,18/5,+360,+1.5,+1.5,2.48,37/25,+148,2.48,37/25,+148,4.6,18/5,+360,4.6,18/5,+360,http://sports.core.api.espn.com/v2/sports/hockey/leagues/nhl/seasons/2024/teams/4?lang=en&region=us,True,False,-480,-175.0,True,-1.5,-1.5,-1.5,-1.5,-1.5,-1.5,1.69,20/29,-145,1.69,20/29,-145,1.24,5/21,-420,1.24,5/21,-420,-1.5,-1.5,-1.5,-1.5,-1.5,-1.5,1.57,4/7,-175,1.57,4/7,-175,1.21,5/24,-480,1.21,5/24,-480,-1.5,-1.5,-1.5,-1.5,-1.5,-1.5,1.57,4/7,-175,1.57,4/7,-175,1.21,5/24,-480,1.21,5/24,-480,http://sports.core.api.espn.com/v2/sports/hockey/leagues/nhl/seasons/2024/teams/13?lang=en&region=us,2.05,21/20,+105,2.05,21/20,+105,1.8,4/5,-125,1.8,4/5,-125,6.5,6.5,6.5,6.5,6.5,6.5,1.87,20/23,-115,1.87,20/23,-115,1.95,20/21,-105,1.95,20/21,-105,6.0,6,6,6.0,6,6,1.87,20/23,-115,1.87,20/23,-115,1.95,20/21,-105,1.95,20/21,-105,6.0,6,6,6.0,6,6,
401559819,http://sports.core.api.espn.com/v2/sports/hockey/leagues/nhl/events/401559819/competitions/401559819/odds/45?lang=en&region=us,NYR -480,6.0,-1.5,-115.0,-105.0,False,False,http://sports.core.api.espn.com/v2/sports/hockey/leagues/nhl/providers/45?lang=en&region=us,45,Caesars Sportsbook (New Jersey),0,False,True,360,148.0,False,+1.5,+1.5,2.22,61/50,+122,2.22,61/50,+122,4.2,16/5,+320,4.2,16/5,+320,+1.5,+1.5,2.48,37/25,+148,2.48,37/25,+148,4.6,18/5,+360,4.6,18/5,+360,+1.5,+1.5,2.48,37/25,+148,2.48,37/25,+148,4.6,18/5,+360,4.6,18/5,+360,http://sports.core.api.espn.com/v2/sports/hockey/leagues/nhl/seasons/2024/teams/4?lang=en&region=us,True,False,-480,-175.0,True,-1.5,-1.5,-1.5,-1.5,-1.5,-1.5,1.69,20/29,-145,1.69,20/29,-145,1.24,5/21,-420,1.24,5/21,-420,-1.5,-1.5,-1.5,-1.5,-1.5,-1.5,1.57,4/7,-175,1.57,4/7,-175,1.21,5/24,-480,1.21,5/24,-480,-1.5,-1.5,-1.5,-1.5,-1.5,-1.5,1.57,4/7,-175,1.57,4/7,-175,1.21,5/24,-480,1.21,5/24,-480,http://sports.core.api.espn.com/v2/sports/hockey/leagues/nhl/seasons/2024/teams/13?lang=en&region=us,2.05,21/20,+105,2.05,21/20,+105,1.8,4/5,-125,1.8,4/5,-125,6.5,6.5,6.5,6.5,6.5,6.5,1.87,20/23,-115,1.87,20/23,-115,1.95,20/21,-105,1.95,20/21,-105,6.0,6,6,6.0,6,6,1.87,20/23,-115,1.87,20/23,-115,1.95,20/21,-105,1.95,20/21,-105,6.0,6,6,6.0,6,6,
401559819,http://sports.core.api.espn.com/v2/sports/hockey/leagues/nhl/events/401559819/competitions/401559819/odds/57?lang=en&region=us,NYR -554,6.0,-1.5,-115.0,-105.0,False,False,http://sports.core.api.espn.com/v2/sports/hockey/leagues/nhl/providers/57?lang=en&region=us,57,Caesars Sportsbook (Tennessee),0,False,True,334,148.0,False,+1.5,+1.5,2.22,61/50,+122,2.22,61/50,+122,4.0,3/1,+300,4.0,3/1,+300,+1.5,+1.5,2.48,37/25,+148,2.48,37/25,+148,4.34,167/50,+334,4.34,167/50,+334,+1.5,+1.5,2.48,37/25,+148,2.48,37/25,+148,4.34,167/50,+334,4.34,167/50,+334,http://sports.core.api.espn.com/v2/sports/hockey/leagues/nhl/seasons/2024/teams/4?lang=en&region=us,True,False,-554,-175.0,True,-1.5,-1.5,-1.5,-1.5,-1.5,-1.5,1.69,20/29,-145,1.69,20/29,-145,1.21,100/479,-479,1.21,100/479,-479,-1.5,-1.5,-1.5,-1.5,-1.5,-1.5,1.57,4/7,-175,1.57,4/7,-175,1.18,50/277,-554,1.18,50/277,-554,-1.5,-1.5,-1.5,-1.5,-1.5,-1.5,1.57,4/7,-175,1.57,4/7,-175,1.18,50/277,-554,1.18,50/277,-554,http://sports.core.api.espn.com/v2/sports/hockey/leagues/nhl/seasons/2024/teams/13?lang=en&region=us,2.05,21/20,+105,2.05,21/20,+105,1.8,4/5,-125,1.8,4/5,-125,6.5,6.5,6.5,6.5,6.5,6.5,1.87,20/23,-115,1.87,20/23,-115,1.95,20/21,-105,1.95,20/21,-105,6.0,6,6,6.0,6,6,1.87,20/23,-115,1.87,20/23,-115,1.95,20/21,-105,1.95,20/21,-105,6.0,6,6,6.0,6,6,
401559819,http://sports.core.api.espn.com/v2/sports/hockey/leagues/nhl/events/401559819/competitions/401559819/odds/40?lang=en&region=us,NYR -275,,-1.5,,,False,False,http://sports.core.api.espn.com/v2/sports/hockey/leagues/nhl/providers/40?lang=en&region=us,40,DraftKings,0,False,True,500,142.0,False,+1.5,+1.5,2.2,6/5,+120,2.2,6/5,+120,5.5,9/2,+450,5.5,9/2,+450,+1.5,+1.5,2.42,71/50,+142,2.42,71/50,+142,6.0,5/1,+500,6.0,5/1,+500,+1.5,+1.5,2.42,71/50,+142,2.42,71/50,+142,6.0,5/1,+500,6.0,5/1,+500,http://sports.core.api.espn.com/v2/sports/hockey/leagues/nhl/seasons/2024/teams/4?lang=en&region=us,True,False,-275,-170.0,True,-1.5,-1.5,-1.5,-1.5,-1.5,-1.5,1.7,50/71,-142,1.7,50/71,-142,1.39,20/51,-255,1.39,20/51,-255,-1.5,-1.5,-1.5,-1.5,-1.5,-1.5,1.59,10/17,-170,1.59,10/17,-170,1.36,4/11,-275,1.36,4/11,-275,-1.5,-1.5,-1.5,-1.5,-1.5,-1.5,1.59,10/17,-170,1.59,10/17,-170,1.36,4/11,-275,1.36,4/11,-275,http://sports.core.api.espn.com/v2/sports/hockey/leagues/nhl/seasons/2024/teams/13?lang=en&region=us,,,,,,,,,,,,,,,,,,,,,,,,,,,,,,,,,,,,,,,,,,,,,,,,,,,,,,,
401559819,http://sports.core.api.espn.com/v2/sports/hockey/leagues/nhl/events/401559819/competitions/401559819/odds/58?lang=en&region=us,NYR -450,6.5,-2.5,110.0,-130.0,False,False,http://sports.core.api.espn.com/v2/sports/hockey/leagues/nhl/providers/58?lang=en&region=us,58,ESPN BET,0,False,True,360,-130.0,False,+2.5,+2.5,1.69,20/29,-145,1.69,20/29,-145,4.0,3/1,+300,4.0,3/1,+300,+2.5,+2.5,1.77,10/13,-130,1.77,10/13,-130,4.6,18/5,+360,4.6,18/5,+360,+2.5,+2.5,1.77,10/13,-130,1.77,10/13,-130,4.6,18/5,+360,4.6,18/5,+360,http://sports.core.api.espn.com/v2/sports/hockey/leagues/nhl/seasons/2024/teams/4?lang=en&region=us,True,False,-450,110.0,True,,,-2.5,,,-2.5,2.25,5/4,+125,2.25,5/4,+125,1.26,5/19,-380,1.26,5/19,-380,,,-2.5,,,-2.5,2.1,11/10,+110,2.1,11/10,+110,1.22,2/9,-450,1.22,2/9,-450,,,-2.5,,,-2.5,2.1,11/10,+110,2.1,11/10,+110,1.22,2/9,-450,1.22,2/9,-450,http://sports.core.api.espn.com/v2/sports/hockey/leagues/nhl/seasons/2024/teams/13?lang=en&region=us,2.0,1/1,+100,2.0,1/1,+100,1.83,5/6,-120,1.83,5/6,-120,,,6.5,,,6.5,2.1,11/10,+110,2.1,11/10,+110,1.77,10/13,-130,1.77,10/13,-130,,,6.5,,,6.5,2.1,11/10,+110,2.1,11/10,+110,1.77,10/13,-130,1.77,10/13,-130,,,6.5,,,6.5,"[{'language': 'en-US', 'rel': ['home', 'desktop', 'bets', 'espn-bet'], 'href': 'https://espnbet.app.link?$canonical_url=/sport/hockey/organization/united-states/competition/nhl/event/e15ba81d-6f40-4f97-a9ac-315efc7b02a4', 'text': 'Home Bet', 'shortText': 'Home Bet', 'isExternal': True, 'isPremium': False}, {'language': 'en-US', 'rel': ['away', 'desktop', 'bets', 'espn-bet'], 'href': 'https://espnbet.app.link?$canonical_url=/sport/hockey/organization/united-states/competition/nhl/event/e15ba81d-6f40-4f97-a9ac-315efc7b02a4', 'text': 'Away Bet', 'shortText': 'Away Bet', 'isExternal': True, 'isPremium': False}, {'language': 'en-US', 'rel': ['homeSpread', 'desktop', 'bets'], 'href': 'https://espnbet.app.link?$canonical_url=/sport/hockey/organization/united-states/competition/nhl/event/e15ba81d-6f40-4f97-a9ac-315efc7b02a4', 'text': 'Home Point Spread', 'shortText': 'Home Point Spread', 'isExternal': True, 'isPremium': False}, {'language': 'en-US', 'rel': ['awaySpread', 'desktop', 'bets'], 'href': 'https://espnbet.app.link?$canonical_url=/sport/hockey/organization/united-states/competition/nhl/event/e15ba81d-6f40-4f97-a9ac-315efc7b02a4', 'text': 'Away Point Spread', 'shortText': 'Away Point Spread', 'isExternal': True, 'isPremium': False}, {'language': 'en-US', 'rel': ['over', 'desktop', 'bets'], 'href': 'https://espnbet.app.link?$canonical_url=/sport/hockey/organization/united-states/competition/nhl/event/e15ba81d-6f40-4f97-a9ac-315efc7b02a4', 'text': 'Over Odds', 'shortText': 'Over Odds', 'isExternal': True, 'isPremium': False}, {'language': 'en-US', 'rel': ['under', 'desktop', 'bets'], 'href': 'https://espnbet.app.link?$canonical_url=/sport/hockey/organization/united-states/competition/nhl/event/e15ba81d-6f40-4f97-a9ac-315efc7b02a4', 'text': 'Under Odds', 'shortText': 'Under Odds', 'isExternal': True, 'isPremium': False}, {'language': 'en-US', 'rel': ['game', 'desktop', 'bets'], 'href': 'https://espnbet.app.link?$canonical_url=/sport/hockey/organization/united-states/competition/nhl/event/e15ba81d-6f40-4f97-a9ac-315efc7b02a4', 'text': 'Game', 'shortText': 'Game', 'isExternal': True, 'isPremium': False}]"
401559819,http://sports.core.api.espn.com/v2/sports/hockey/leagues/nhl/events/401559819/competitions/401559819/odds/47?lang=en&region=us,NYR -450,6.0,-1.5,-115.0,-105.0,False,False,http://sports.core.api.espn.com/v2/sports/hockey/leagues/nhl/providers/47?lang=en&region=us,47,MGM,0,False,True,350,125.0,False,+1.5,+1.5,2.25,5/4,+125,2.25,5/4,+125,4.1,31/10,+310,4.1,31/10,+310,+1.5,+1.5,2.25,5/4,+125,2.25,5/4,+125,4.5,7/2,+350,4.5,7/2,+350,+1.5,+1.5,2.25,5/4,+125,2.25,5/4,+125,4.5,7/2,+350,4.5,7/2,+350,http://sports.core.api.espn.com/v2/sports/hockey/leagues/nhl/seasons/2024/teams/4?lang=en&region=us,True,False,-450,-155.0,True,-1.5,-1.5,-1.5,-1.5,-1.5,-1.5,1.65,20/31,-155,1.65,20/31,-155,1.25,1/4,-400,1.25,1/4,-400,-1.5,-1.5,-1.5,-1.5,-1.5,-1.5,1.65,20/31,-155,1.65,20/31,-155,1.22,2/9,-450,1.22,2/9,-450,-1.5,-1.5,-1.5,-1.5,-1.5,-1.5,1.65,20/31,-155,1.65,20/31,-155,1.22,2/9,-450,1.22,2/9,-450,http://sports.core.api.espn.com/v2/sports/hockey/leagues/nhl/seasons/2024/teams/13?lang=en&region=us,1.83,5/6,-120,1.83,5/6,-120,2.0,1/1,+100,2.0,1/1,+100,6.0,6,6,6.0,6,6,1.87,20/23,-115,1.87,20/23,-115,1.95,20/21,-105,1.95,20/21,-105,6.0,6,6,6.0,6,6,1.87,20/23,-115,1.87,20/23,-115,1.95,20/21,-105,1.95,20/21,-105,6.0,6,6,6.0,6,6,
401559819,http://sports.core.api.espn.com/v2/sports/hockey/leagues/nhl/events/401559819/competitions/401559819/odds/41?lang=en&region=us,NYR -417,6.0,-1.5,-115.0,-104.0,False,False,http://sports.core.api.espn.com/v2/sports/hockey/leagues/nhl/providers/41?lang=en&region=us,41,SugarHouse,0,False,True,320,125.0,False,+1.5,+1.5,2.23,123/100,+123,2.23,123/100,+123,4.1,31/10,+310,4.1,31/10,+310,+1.5,+1.5,2.25,5/4,+125,2.25,5/4,+125,4.2,16/5,+320,4.2,16/5,+320,+1.5,+1.5,2.25,5/4,+125,2.25,5/4,+125,4.2,16/5,+320,4.2,16/5,+320,http://sports.core.api.espn.com/v2/sports/hockey/leagues/nhl/seasons/2024/teams/4?lang=en&region=us,True,False,-417,-152.0,True,-1.5,-1.5,-1.5,-1.5,-1.5,-1.5,1.67,100/149,-149,1.67,100/149,-149,1.25,1/4,-400,1.25,1/4,-400,-1.5,-1.5,-1.5,-1.5,-1.5,-1.5,1.66,25/38,-152,1.66,25/38,-152,1.24,100/417,-417,1.24,100/417,-417,-1.5,-1.5,-1.5,-1.5,-1.5,-1.5,1.66,25/38,-152,1.66,25/38,-152,1.24,100/417,-417,1.24,100/417,-417,http://sports.core.api.espn.com/v2/sports/hockey/leagues/nhl/seasons/2024/teams/13?lang=en&region=us,1.87,20/23,-115,1.87,20/23,-115,1.96,25/26,-104,1.96,25/26,-104,6.0,6,6,6.0,6,6,1.87,20/23,-115,1.87,20/23,-115,1.96,25/26,-104,1.96,25/26,-104,6.0,6,6,6.0,6,6,1.87,20/23,-115,1.87,20/23,-115,1.96,25/26,-104,1.96,25/26,-104,6.0,6,6,6.0,6,6,
401559819,http://sports.core.api.espn.com/v2/sports/hockey/leagues/nhl/events/401559819/competitions/401559819/odds/53?lang=en&region=us,NYR -300,6.5,-1.5,125.0,-175.0,False,False,http://sports.core.api.espn.com/v2/sports/hockey/leagues/nhl/providers/53?lang=en&region=us,53,Titanbets,0,False,True,550,140.0,False,+1.5,+1.5,2.2,6/5,+120,2.2,6/5,+120,5.0,4/1,+400,5.0,4/1,+400,+1.5,+1.5,2.4,7/5,+140,2.4,7/5,+140,6.5,11/2,+550,6.5,11/2,+550,+1.5,+1.5,2.4,7/5,+140,2.4,7/5,+140,6.5,11/2,+550,6.5,11/2,+550,http://sports.core.api.espn.com/v2/sports/hockey/leagues/nhl/seasons/2024/teams/4?lang=en&region=us,True,False,-300,-175.0,True,-1.5,-1.5,-1.5,-1.5,-1.5,-1.5,1.67,2/3,-150,1.67,2/3,-150,1.44,4/9,-225,1.44,4/9,-225,-1.5,-1.5,-1.5,-1.5,-1.5,-1.5,1.57,4/7,-175,1.57,4/7,-175,1.33,1/3,-300,1.33,1/3,-300,-1.5,-1.5,-1.5,-1.5,-1.5,-1.5,1.57,4/7,-175,1.57,4/7,-175,1.33,1/3,-300,1.33,1/3,-300,http://sports.core.api.espn.com/v2/sports/hockey/leagues/nhl/seasons/2024/teams/13?lang=en&region=us,2.15,23/20,+115,2.15,23/20,+115,1.61,100/163,-163,1.61,100/163,-163,6.5,6.5,6.5,6.5,6.5,6.5,2.25,5/4,+125,2.25,5/4,+125,1.57,4/7,-175,1.57,4/7,-175,6.5,6.5,6.5,6.5,6.5,6.5,2.25,5/4,+125,2.25,5/4,+125,1.57,4/7,-175,1.57,4/7,-175,6.5,6.5,6.5,6.5,6.5,6.5,
401559819,http://sports.core.api.espn.com/v2/sports/hockey/leagues/nhl/events/401559819/competitions/401559819/odds/36?lang=en&region=us,NYR -245,5.5,-1.5,-165.0,135.0,False,False,http://sports.core.api.espn.com/v2/sports/hockey/leagues/nhl/providers/36?lang=en&region=us,36,Unibet,0,False,True,540,125.0,False,+1.5,+1.5,2.25,5/4,+125,2.25,5/4,+125,6.0,5/1,+500,6.0,5/1,+500,+1.5,+1.5,2.25,5/4,+125,2.25,5/4,+125,6.4,27/5,+540,6.4,27/5,+540,+1.5,+1.5,2.25,5/4,+125,2.25,5/4,+125,6.4,27/5,+540,6.4,27/5,+540,http://sports.core.api.espn.com/v2/sports/hockey/leagues/nhl/seasons/2024/teams/4?lang=en&region=us,True,False,-245,-152.0,True,-1.5,-1.5,-1.5,-1.5,-1.5,-1.5,1.66,25/38,-152,1.66,25/38,-152,1.43,20/47,-235,1.43,20/47,-235,-1.5,-1.5,-1.5,-1.5,-1.5,-1.5,1.66,25/38,-152,1.66,25/38,-152,1.41,20/49,-245,1.41,20/49,-245,-1.5,-1.5,-1.5,-1.5,-1.5,-1.5,1.66,25/38,-152,1.66,25/38,-152,1.41,20/49,-245,1.41,20/49,-245,http://sports.core.api.espn.com/v2/sports/hockey/leagues/nhl/seasons/2024/teams/13?lang=en&region=us,1.61,20/33,-165,1.61,20/33,-165,2.35,27/20,+135,2.35,27/20,+135,5.5,5.5,5.5,5.5,5.5,5.5,1.61,20/33,-165,1.61,20/33,-165,2.35,27/20,+135,2.35,27/20,+135,5.5,5.5,5.5,5.5,5.5,5.5,1.61,20/33,-165,1.61,20/33,-165,2.35,27/20,+135,2.35,27/20,+135,5.5,5.5,5.5,5.5,5.5,5.5,
401559820,http://sports.core.api.espn.com/v2/sports/hockey/leagues/nhl/events/401559820/competitions/401559820/odds/1001?lang=en&region=us,PHI +100,6.5,-1.5,105.0,-125.0,False,False,http://sports.core.api.espn.com/v2/sports/hockey/leagues/nhl/providers/1001?lang=en&region=us,1001,Bet365,0,False,True,210,-170.0,False,+1.5,+1.5,1.65,20/31,-155,1.65,20/31,-155,3.4,12/5,+240,3.4,12/5,+240,+1.5,+1.5,1.59,10/17,-170,1.59,10/17,-170,3.1,21/10,+210,3.1,21/10,+210,+1.5,+1.5,1.59,10/17,-170,1.59,10/17,-170,3.1,21/10,+210,3.1,21/10,+210,http://sports.core.api.espn.com/v2/sports/hockey/leagues/nhl/seasons/2024/teams/29?lang=en&region=us,True,False,100,145.0,True,-1.5,-1.5,-1.5,-1.5,-1.5,-1.5,2.3,13/10,+130,2.3,13/10,+130,1.87,20/23,-115,1.87,20/23,-115,-1.5,-1.5,-1.5,-1.5,-1.5,-1.5,2.45,29/20,+145,2.45,29/20,+145,2.0,1/1,+100,2.0,1/1,+100,-1.5,-1.5,-1.5,-1.5,-1.5,-1.5,2.45,29/20,+145,2.45,29/20,+145,2.0,1/1,+100,2.0,1/1,+100,http://sports.core.api.espn.com/v2/sports/hockey/leagues/nhl/seasons/2024/teams/15?lang=en&region=us,2.1,11/10,+110,2.1,11/10,+110,1.77,10/13,-130,1.77,10/13,-130,6.5,6.5,6.5,6.5,6.5,6.5,2.05,21/20,+105,2.05,21/20,+105,1.8,4/5,-125,1.8,4/5,-125,6.5,6.5,6.5,6.5,6.5,6.5,2.05,21/20,+105,2.05,21/20,+105,1.8,4/5,-125,1.8,4/5,-125,6.5,6.5,6.5,6.5,6.5,6.5,
401559820,http://sports.core.api.espn.com/v2/sports/hockey/leagues/nhl/events/401559820/competitions/401559820/odds/52?lang=en&region=us,PHI -178,6.5,-1.5,105.0,-125.0,False,False,http://sports.core.api.espn.com/v2/sports/hockey/leagues/nhl/providers/52?lang=en&region=us,52,Caesars Sportsbook (Colorado),0,False,True,150,-165.0,False,+1.5,+1.5,1.63,5/8,-160,1.63,5/8,-160,2.58,79/50,+158,2.58,79/50,+158,+1.5,+1.5,1.61,20/33,-165,1.61,20/33,-165,2.5,3/2,+150,2.5,3/2,+150,+1.5,+1.5,1.61,20/33,-165,1.61,20/33,-165,2.5,3/2,+150,2.5,3/2,+150,http://sports.core.api.espn.com/v2/sports/hockey/leagues/nhl/seasons/2024/teams/29?lang=en&region=us,True,False,-178,140.0,True,-1.5,-1.5,-1.5,-1.5,-1.5,-1.5,2.35,27/20,+135,2.35,27/20,+135,1.53,10/19,-190,1.53,10/19,-190,-1.5,-1.5,-1.5,-1.5,-1.5,-1.5,2.4,7/5,+140,2.4,7/5,+140,1.56,50/89,-178,1.56,50/89,-178,-1.5,-1.5,-1.5,-1.5,-1.5,-1.5,2.4,7/5,+140,2.4,7/5,+140,1.56,50/89,-178,1.56,50/89,-178,http://sports.core.api.espn.com/v2/sports/hockey/leagues/nhl/seasons/2024/teams/15?lang=en&region=us,2.1,11/10,+110,2.1,11/10,+110,1.77,10/13,-130,1.77,10/13,-130,6.5,6.5,6.5,6.5,6.5,6.5,2.05,21/20,+105,2.05,21/20,+105,1.8,4/5,-125,1.8,4/5,-125,6.5,6.5,6.5,6.5,6.5,6.5,2.05,21/20,+105,2.05,21/20,+105,1.8,4/5,-125,1.8,4/5,-125,6.5,6.5,6.5,6.5,6.5,6.5,
401559820,http://sports.core.api.espn.com/v2/sports/hockey/leagues/nhl/events/401559820/competitions/401559820/odds/45?lang=en&region=us,PHI -178,6.5,-1.5,105.0,-125.0,False,False,http://sports.core.api.espn.com/v2/sports/hockey/leagues/nhl/providers/45?lang=en&region=us,45,Caesars Sportsbook (New Jersey),0,False,True,150,-165.0,False,+1.5,+1.5,1.63,5/8,-160,1.63,5/8,-160,2.58,79/50,+158,2.58,79/50,+158,+1.5,+1.5,1.61,20/33,-165,1.61,20/33,-165,2.5,3/2,+150,2.5,3/2,+150,+1.5,+1.5,1.61,20/33,-165,1.61,20/33,-165,2.5,3/2,+150,2.5,3/2,+150,http://sports.core.api.espn.com/v2/sports/hockey/leagues/nhl/seasons/2024/teams/29?lang=en&region=us,True,False,-178,140.0,True,-1.5,-1.5,-1.5,-1.5,-1.5,-1.5,2.35,27/20,+135,2.35,27/20,+135,1.53,10/19,-190,1.53,10/19,-190,-1.5,-1.5,-1.5,-1.5,-1.5,-1.5,2.4,7/5,+140,2.4,7/5,+140,1.56,50/89,-178,1.56,50/89,-178,-1.5,-1.5,-1.5,-1.5,-1.5,-1.5,2.4,7/5,+140,2.4,7/5,+140,1.56,50/89,-178,1.56,50/89,-178,http://sports.core.api.espn.com/v2/sports/hockey/leagues/nhl/seasons/2024/teams/15?lang=en&region=us,2.1,11/10,+110,2.1,11/10,+110,1.77,10/13,-130,1.77,10/13,-130,6.5,6.5,6.5,6.5,6.5,6.5,2.05,21/20,+105,2.05,21/20,+105,1.8,4/5,-125,1.8,4/5,-125,6.5,6.5,6.5,6.5,6.5,6.5,2.05,21/20,+105,2.05,21/20,+105,1.8,4/5,-125,1.8,4/5,-125,6.5,6.5,6.5,6.5,6.5,6.5,
401559820,http://sports.core.api.espn.com/v2/sports/hockey/leagues/nhl/events/401559820/competitions/401559820/odds/57?lang=en&region=us,PHI -194,6.5,-1.5,105.0,-125.0,False,False,http://sports.core.api.espn.com/v2/sports/hockey/leagues/nhl/providers/57?lang=en&region=us,57,Caesars Sportsbook (Tennessee),0,False,True,139,-165.0,False,+1.5,+1.5,1.63,5/8,-160,1.63,5/8,-160,2.43,143/100,+143,2.43,143/100,+143,+1.5,+1.5,1.61,20/33,-165,1.61,20/33,-165,2.39,139/100,+139,2.39,139/100,+139,+1.5,+1.5,1.61,20/33,-165,1.61,20/33,-165,2.39,139/100,+139,2.39,139/100,+139,http://sports.core.api.espn.com/v2/sports/hockey/leagues/nhl/seasons/2024/teams/29?lang=en&region=us,True,False,-194,140.0,True,-1.5,-1.5,-1.5,-1.5,-1.5,-1.5,2.35,27/20,+135,2.35,27/20,+135,1.5,100/199,-199,1.5,100/199,-199,-1.5,-1.5,-1.5,-1.5,-1.5,-1.5,2.4,7/5,+140,2.4,7/5,+140,1.52,50/97,-194,1.52,50/97,-194,-1.5,-1.5,-1.5,-1.5,-1.5,-1.5,2.4,7/5,+140,2.4,7/5,+140,1.52,50/97,-194,1.52,50/97,-194,http://sports.core.api.espn.com/v2/sports/hockey/leagues/nhl/seasons/2024/teams/15?lang=en&region=us,2.1,11/10,+110,2.1,11/10,+110,1.77,10/13,-130,1.77,10/13,-130,6.5,6.5,6.5,6.5,6.5,6.5,2.05,21/20,+105,2.05,21/20,+105,1.8,4/5,-125,1.8,4/5,-125,6.5,6.5,6.5,6.5,6.5,6.5,2.05,21/20,+105,2.05,21/20,+105,1.8,4/5,-125,1.8,4/5,-125,6.5,6.5,6.5,6.5,6.5,6.5,
401559820,http://sports.core.api.espn.com/v2/sports/hockey/leagues/nhl/events/401559820/competitions/401559820/odds/40?lang=en&region=us,PHI -125,,-1.5,,,False,False,http://sports.core.api.espn.com/v2/sports/hockey/leagues/nhl/providers/40?lang=en&region=us,40,DraftKings,0,False,True,225,-166.0,False,+1.5,+1.5,1.65,20/31,-155,1.65,20/31,-155,3.45,49/20,+245,3.45,49/20,+245,+1.5,+1.5,1.6,50/83,-166,1.6,50/83,-166,3.25,9/4,+225,3.25,9/4,+225,+1.5,+1.5,1.6,50/83,-166,1.6,50/83,-166,3.25,9/4,+225,3.25,9/4,+225,http://sports.core.api.espn.com/v2/sports/hockey/leagues/nhl/seasons/2024/teams/29?lang=en&region=us,True,False,-125,140.0,True,-1.5,-1.5,-1.5,-1.5,-1.5,-1.5,2.3,13/10,+130,2.3,13/10,+130,1.74,20/27,-135,1.74,20/27,-135,-1.5,-1.5,-1.5,-1.5,-1.5,-1.5,2.4,7/5,+140,2.4,7/5,+140,1.8,4/5,-125,1.8,4/5,-125,-1.5,-1.5,-1.5,-1.5,-1.5,-1.5,2.4,7/5,+140,2.4,7/5,+140,1.8,4/5,-125,1.8,4/5,-125,http://sports.core.api.espn.com/v2/sports/hockey/leagues/nhl/seasons/2024/teams/15?lang=en&region=us,,,,,,,,,,,,,,,,,,,,,,,,,,,,,,,,,,,,,,,,,,,,,,,,,,,,,,,
401559820,http://sports.core.api.espn.com/v2/sports/hockey/leagues/nhl/events/401559820/competitions/401559820/odds/58?lang=en&region=us,PHI -185,6.5,-1.5,105.0,-125.0,False,False,http://sports.core.api.espn.com/v2/sports/hockey/leagues/nhl/providers/58?lang=en&region=us,58,ESPN BET,0,False,True,155,-160.0,False,+1.5,+1.5,1.67,2/3,-150,1.67,2/3,-150,2.6,8/5,+160,2.6,8/5,+160,+1.5,+1.5,1.63,5/8,-160,1.63,5/8,-160,2.55,31/20,+155,2.55,31/20,+155,+1.5,+1.5,1.63,5/8,-160,1.63,5/8,-160,2.55,31/20,+155,2.55,31/20,+155,http://sports.core.api.espn.com/v2/sports/hockey/leagues/nhl/seasons/2024/teams/29?lang=en&region=us,True,False,-185,135.0,True,,,-1.5,,,-1.5,2.3,13/10,+130,2.3,13/10,+130,1.53,10/19,-190,1.53,10/19,-190,,,-1.5,,,-1.5,2.35,27/20,+135,2.35,27/20,+135,1.54,20/37,-185,1.54,20/37,-185,,,-1.5,,,-1.5,2.35,27/20,+135,2.35,27/20,+135,1.54,20/37,-185,1.54,20/37,-185,http://sports.core.api.espn.com/v2/sports/hockey/leagues/nhl/seasons/2024/teams/15?lang=en&region=us,2.0,1/1,+100,2.0,1/1,+100,1.83,5/6,-120,1.83,5/6,-120,,,6.5,,,6.5,2.05,21/20,+105,2.05,21/20,+105,1.8,4/5,-125,1.8,4/5,-125,,,6.5,,,6.5,2.05,21/20,+105,2.05,21/20,+105,1.8,4/5,-125,1.8,4/5,-125,,,6.5,,,6.5,"[{'language': 'en-US', 'rel': ['home', 'desktop', 'bets', 'espn-bet'], 'href': 'https://espnbet.app.link?$canonical_url=/sport/hockey/organization/united-states/competition/nhl/event/f70598dd-bf97-4b25-b80f-35164300fc90', 'text': 'Home Bet', 'shortText': 'Home Bet', 'isExternal': True, 'isPremium': False}, {'language': 'en-US', 'rel': ['away', 'desktop', 'bets', 'espn-bet'], 'href': 'https://espnbet.app.link?$canonical_url=/sport/hockey/organization/united-states/competition/nhl/event/f70598dd-bf97-4b25-b80f-35164300fc90', 'text': 'Away Bet', 'shortText': 'Away Bet', 'isExternal': True, 'isPremium': False}, {'language': 'en-US', 'rel': ['homeSpread', 'desktop', 'bets'], 'href': 'https://espnbet.app.link?$canonical_url=/sport/hockey/organization/united-states/competition/nhl/event/f70598dd-bf97-4b25-b80f-35164300fc90', 'text': 'Home Point Spread', 'shortText': 'Home Point Spread', 'isExternal': True, 'isPremium': False}, {'language': 'en-US', 'rel': ['awaySpread', 'desktop', 'bets'], 'href': 'https://espnbet.app.link?$canonical_url=/sport/hockey/organization/united-states/competition/nhl/event/f70598dd-bf97-4b25-b80f-35164300fc90', 'text': 'Away Point Spread', 'shortText': 'Away Point Spread', 'isExternal': True, 'isPremium': False}, {'language': 'en-US', 'rel': ['over', 'desktop', 'bets'], 'href': 'https://espnbet.app.link?$canonical_url=/sport/hockey/organization/united-states/competition/nhl/event/f70598dd-bf97-4b25-b80f-35164300fc90', 'text': 'Over Odds', 'shortText': 'Over Odds', 'isExternal': True, 'isPremium': False}, {'language': 'en-US', 'rel': ['under', 'desktop', 'bets'], 'href': 'https://espnbet.app.link?$canonical_url=/sport/hockey/organization/united-states/competition/nhl/event/f70598dd-bf97-4b25-b80f-35164300fc90', 'text': 'Under Odds', 'shortText': 'Under Odds', 'isExternal': True, 'isPremium': False}, {'language': 'en-US', 'rel': ['game', 'desktop', 'bets'], 'href': 'https://espnbet.app.link?$canonical_url=/sport/hockey/organization/united-states/competition/nhl/event/f70598dd-bf97-4b25-b80f-35164300fc90', 'text': 'Game', 'shortText': 'Game', 'isExternal': True, 'isPremium': False}]"
401559820,http://sports.core.api.espn.com/v2/sports/hockey/leagues/nhl/events/401559820/competitions/401559820/odds/47?lang=en&region=us,PHI -190,6.0,-1.5,-115.0,-105.0,False,False,http://sports.core.api.espn.com/v2/sports/hockey/leagues/nhl/providers/47?lang=en&region=us,47,MGM,0,False,True,155,-165.0,False,+1.5,+1.5,1.67,2/3,-150,1.67,2/3,-150,2.55,31/20,+155,2.55,31/20,+155,+1.5,+1.5,1.61,20/33,-165,1.61,20/33,-165,2.55,31/20,+155,2.55,31/20,+155,+1.5,+1.5,1.61,20/33,-165,1.61,20/33,-165,2.55,31/20,+155,2.55,31/20,+155,http://sports.core.api.espn.com/v2/sports/hockey/leagues/nhl/seasons/2024/teams/29?lang=en&region=us,True,False,-190,135.0,True,-1.5,-1.5,-1.5,-1.5,-1.5,-1.5,2.25,5/4,+125,2.25,5/4,+125,1.53,10/19,-190,1.53,10/19,-190,-1.5,-1.5,-1.5,-1.5,-1.5,-1.5,2.35,27/20,+135,2.35,27/20,+135,1.53,10/19,-190,1.53,10/19,-190,-1.5,-1.5,-1.5,-1.5,-1.5,-1.5,2.35,27/20,+135,2.35,27/20,+135,1.53,10/19,-190,1.53,10/19,-190,http://sports.core.api.espn.com/v2/sports/hockey/leagues/nhl/seasons/2024/teams/15?lang=en&region=us,1.83,5/6,-120,1.83,5/6,-120,2.0,1/1,+100,2.0,1/1,+100,6.0,6,6,6.0,6,6,1.87,20/23,-115,1.87,20/23,-115,1.95,20/21,-105,1.95,20/21,-105,6.0,6,6,6.0,6,6,1.87,20/23,-115,1.87,20/23,-115,1.95,20/21,-105,1.95,20/21,-105,6.0,6,6,6.0,6,6,
401559820,http://sports.core.api.espn.com/v2/sports/hockey/leagues/nhl/events/401559820/competitions/401559820/odds/41?lang=en&region=us,PHI -116,6.0,-1.5,-106.0,-114.0,False,False,http://sports.core.api.espn.com/v2/sports/hockey/leagues/nhl/providers/41?lang=en&region=us,41,SugarHouse,0,False,True,250,-161.0,False,+1.5,+1.5,1.63,100/159,-159,1.63,100/159,-159,3.15,43/20,+215,3.15,43/20,+215,+1.5,+1.5,1.62,100/161,-161,1.62,100/161,-161,3.5,5/2,+250,3.5,5/2,+250,+1.5,+1.5,1.62,100/161,-161,1.62,100/161,-161,3.5,5/2,+250,3.5,5/2,+250,http://sports.core.api.espn.com/v2/sports/hockey/leagues/nhl/seasons/2024/teams/29?lang=en&region=us,True,False,-116,132.0,True,-1.5,-1.5,-1.5,-1.5,-1.5,-1.5,2.3,13/10,+130,2.3,13/10,+130,1.98,50/51,-102,1.98,50/51,-102,-1.5,-1.5,-1.5,-1.5,-1.5,-1.5,2.32,33/25,+132,2.32,33/25,+132,1.86,25/29,-116,1.86,25/29,-116,-1.5,-1.5,-1.5,-1.5,-1.5,-1.5,2.32,33/25,+132,2.32,33/25,+132,1.86,25/29,-116,1.86,25/29,-116,http://sports.core.api.espn.com/v2/sports/hockey/leagues/nhl/seasons/2024/teams/15?lang=en&region=us,1.94,50/53,-106,1.94,50/53,-106,1.88,50/57,-114,1.88,50/57,-114,6.0,6,6,6.0,6,6,1.94,50/53,-106,1.94,50/53,-106,1.88,50/57,-114,1.88,50/57,-114,6.0,6,6,6.0,6,6,1.94,50/53,-106,1.94,50/53,-106,1.88,50/57,-114,1.88,50/57,-114,6.0,6,6,6.0,6,6,
401559820,http://sports.core.api.espn.com/v2/sports/hockey/leagues/nhl/events/401559820/competitions/401559820/odds/53?lang=en&region=us,PHI -118,6.5,-1.5,125.0,-175.0,False,False,http://sports.core.api.espn.com/v2/sports/hockey/leagues/nhl/providers/53?lang=en&region=us,53,Titanbets,0,False,True,225,-167.0,False,+1.5,+1.5,1.65,50/77,-154,1.65,50/77,-154,3.25,9/4,+225,3.25,9/4,+225,+1.5,+1.5,1.6,100/167,-167,1.6,100/167,-167,3.25,9/4,+225,3.25,9/4,+225,+1.5,+1.5,1.6,100/167,-167,1.6,100/167,-167,3.25,9/4,+225,3.25,9/4,+225,http://sports.core.api.espn.com/v2/sports/hockey/leagues/nhl/seasons/2024/teams/29?lang=en&region=us,True,False,-118,138.0,True,-1.5,-1.5,-1.5,-1.5,-1.5,-1.5,2.25,5/4,+125,2.25,5/4,+125,1.8,4/5,-125,1.8,4/5,-125,-1.5,-1.5,-1.5,-1.5,-1.5,-1.5,2.38,69/50,+138,2.38,69/50,+138,1.85,50/59,-118,1.85,50/59,-118,-1.5,-1.5,-1.5,-1.5,-1.5,-1.5,2.38,69/50,+138,2.38,69/50,+138,1.85,50/59,-118,1.85,50/59,-118,http://sports.core.api.espn.com/v2/sports/hockey/leagues/nhl/seasons/2024/teams/15?lang=en&region=us,2.15,23/20,+115,2.15,23/20,+115,1.61,100/163,-163,1.61,100/163,-163,6.5,6.5,6.5,6.5,6.5,6.5,2.25,5/4,+125,2.25,5/4,+125,1.57,4/7,-175,1.57,4/7,-175,6.5,6.5,6.5,6.5,6.5,6.5,2.25,5/4,+125,2.25,5/4,+125,1.57,4/7,-175,1.57,4/7,-175,6.5,6.5,6.5,6.5,6.5,6.5,
401559820,http://sports.core.api.espn.com/v2/sports/hockey/leagues/nhl/events/401559820/competitions/401559820/odds/36?lang=en&region=us,PHI -117,5.5,-1.5,-155.0,128.0,False,False,http://sports.core.api.espn.com/v2/sports/hockey/leagues/nhl/providers/36?lang=en&region=us,36,Unibet,0,False,True,250,-162.0,False,+1.5,+1.5,1.63,100/159,-159,1.63,100/159,-159,3.15,43/20,+215,3.15,43/20,+215,+1.5,+1.5,1.62,50/81,-162,1.62,50/81,-162,3.5,5/2,+250,3.5,5/2,+250,+1.5,+1.5,1.62,50/81,-162,1.62,50/81,-162,3.5,5/2,+250,3.5,5/2,+250,http://sports.core.api.espn.com/v2/sports/hockey/leagues/nhl/seasons/2024/teams/29?lang=en&region=us,True,False,-117,132.0,True,-1.5,-1.5,-1.5,-1.5,-1.5,-1.5,2.3,13/10,+130,2.3,13/10,+130,1.97,100/103,-103,1.97,100/103,-103,-1.5,-1.5,-1.5,-1.5,-1.5,-1.5,2.32,33/25,+132,2.32,33/25,+132,1.85,100/117,-117,1.85,100/117,-117,-1.5,-1.5,-1.5,-1.5,-1.5,-1.5,2.32,33/25,+132,2.32,33/25,+132,1.85,100/117,-117,1.85,100/117,-117,http://sports.core.api.espn.com/v2/sports/hockey/leagues/nhl/seasons/2024/teams/15?lang=en&region=us,1.65,20/31,-155,1.65,20/31,-155,2.28,32/25,+128,2.28,32/25,+128,5.5,5.5,5.5,5.5,5.5,5.5,1.65,20/31,-155,1.65,20/31,-155,2.28,32/25,+128,2.28,32/25,+128,5.5,5.5,5.5,5.5,5.5,5.5,1.65,20/31,-155,1.65,20/31,-155,2.28,32/25,+128,2.28,32/25,+128,5.5,5.5,5.5,5.5,5.5,5.5,
401559821,http://sports.core.api.espn.com/v2/sports/hockey/leagues/nhl/events/401559821/competitions/401559821/odds/1001?lang=en&region=us,VAN +110,6.5,1.5,-120.0,100.0,False,False,http://sports.core.api.espn.com/v2/sports/hockey/leagues/nhl/providers/1001?lang=en&region=us,1001,Bet365,0,True,False,110,170.0,True,-1.5,-1.5,2.75,7/4,+175,2.75,7/4,+175,2.2,6/5,+120,2.2,6/5,+120,-1.5,-1.5,2.7,17/10,+170,2.7,17/10,+170,2.1,11/10,+110,2.1,11/10,+110,-1.5,-1.5,2.7,17/10,+170,2.7,17/10,+170,2.1,11/10,+110,2.1,11/10,+110,http://sports.core.api.espn.com/v2/sports/hockey/leagues/nhl/seasons/2024/teams/22?lang=en&region=us,False,True,170,-205.0,False,1.5,1.5,+1.5,1.5,1.5,+1.5,1.48,10/21,-210,1.48,10/21,-210,2.7,17/10,+170,2.7,17/10,+170,1.5,1.5,+1.5,1.5,1.5,+1.5,1.49,20/41,-205,1.49,20/41,-205,2.7,17/10,+170,2.7,17/10,+170,1.5,1.5,+1.5,1.5,1.5,+1.5,1.49,20/41,-205,1.49,20/41,-205,2.7,17/10,+170,2.7,17/10,+170,http://sports.core.api.espn.com/v2/sports/hockey/leagues/nhl/seasons/2024/teams/19?lang=en&region=us,1.91,10/11,-110,1.91,10/11,-110,1.91,10/11,-110,1.91,10/11,-110,6.5,6.5,6.5,6.5,6.5,6.5,1.83,5/6,-120,1.83,5/6,-120,2.0,1/1,+100,2.0,1/1,+100,6.5,6.5,6.5,6.5,6.5,6.5,1.83,5/6,-120,1.83,5/6,-120,2.0,1/1,+100,2.0,1/1,+100,6.5,6.5,6.5,6.5,6.5,6.5,
401559821,http://sports.core.api.espn.com/v2/sports/hockey/leagues/nhl/events/401559821/competitions/401559821/odds/52?lang=en&region=us,VAN -155,6.5,1.5,-110.0,-110.0,False,False,http://sports.core.api.espn.com/v2/sports/hockey/leagues/nhl/providers/52?lang=en&region=us,52,Caesars Sportsbook (Colorado),0,True,False,-155,170.0,True,-1.5,-1.5,2.7,17/10,+170,2.7,17/10,+170,1.74,20/27,-135,1.74,20/27,-135,-1.5,-1.5,2.7,17/10,+170,2.7,17/10,+170,1.65,20/31,-155,1.65,20/31,-155,-1.5,-1.5,2.7,17/10,+170,2.7,17/10,+170,1.65,20/31,-155,1.65,20/31,-155,http://sports.core.api.espn.com/v2/sports/hockey/leagues/nhl/seasons/2024/teams/22?lang=en&region=us,False,True,130,-205.0,False,1.5,1.5,+1.5,1.5,1.5,+1.5,1.49,20/41,-205,1.49,20/41,-205,2.15,23/20,+115,2.15,23/20,+115,1.5,1.5,+1.5,1.5,1.5,+1.5,1.49,20/41,-205,1.49,20/41,-205,2.3,13/10,+130,2.3,13/10,+130,1.5,1.5,+1.5,1.5,1.5,+1.5,1.49,20/41,-205,1.49,20/41,-205,2.3,13/10,+130,2.3,13/10,+130,http://sports.core.api.espn.com/v2/sports/hockey/leagues/nhl/seasons/2024/teams/19?lang=en&region=us,1.95,20/21,-105,1.95,20/21,-105,1.87,20/23,-115,1.87,20/23,-115,6.5,6.5,6.5,6.5,6.5,6.5,1.91,10/11,-110,1.91,10/11,-110,1.91,10/11,-110,1.91,10/11,-110,6.5,6.5,6.5,6.5,6.5,6.5,1.91,10/11,-110,1.91,10/11,-110,1.91,10/11,-110,1.91,10/11,-110,6.5,6.5,6.5,6.5,6.5,6.5,
401559821,http://sports.core.api.espn.com/v2/sports/hockey/leagues/nhl/events/401559821/competitions/401559821/odds/45?lang=en&region=us,VAN -155,6.5,1.5,-110.0,-110.0,False,False,http://sports.core.api.espn.com/v2/sports/hockey/leagues/nhl/providers/45?lang=en&region=us,45,Caesars Sportsbook (New Jersey),0,True,False,-155,170.0,True,-1.5,-1.5,2.75,7/4,+175,2.75,7/4,+175,1.74,20/27,-135,1.74,20/27,-135,-1.5,-1.5,2.7,17/10,+170,2.7,17/10,+170,1.65,20/31,-155,1.65,20/31,-155,-1.5,-1.5,2.7,17/10,+170,2.7,17/10,+170,1.65,20/31,-155,1.65,20/31,-155,http://sports.core.api.espn.com/v2/sports/hockey/leagues/nhl/seasons/2024/teams/22?lang=en&region=us,False,True,130,-205.0,False,1.5,1.5,+1.5,1.5,1.5,+1.5,1.48,10/21,-210,1.48,10/21,-210,2.15,23/20,+115,2.15,23/20,+115,1.5,1.5,+1.5,1.5,1.5,+1.5,1.49,20/41,-205,1.49,20/41,-205,2.3,13/10,+130,2.3,13/10,+130,1.5,1.5,+1.5,1.5,1.5,+1.5,1.49,20/41,-205,1.49,20/41,-205,2.3,13/10,+130,2.3,13/10,+130,http://sports.core.api.espn.com/v2/sports/hockey/leagues/nhl/seasons/2024/teams/19?lang=en&region=us,2.0,1/1,+100,2.0,1/1,+100,1.83,5/6,-120,1.83,5/6,-120,6.5,6.5,6.5,6.5,6.5,6.5,1.91,10/11,-110,1.91,10/11,-110,1.91,10/11,-110,1.91,10/11,-110,6.5,6.5,6.5,6.5,6.5,6.5,1.91,10/11,-110,1.91,10/11,-110,1.91,10/11,-110,1.91,10/11,-110,6.5,6.5,6.5,6.5,6.5,6.5,
401559821,http://sports.core.api.espn.com/v2/sports/hockey/leagues/nhl/events/401559821/competitions/401559821/odds/57?lang=en&region=us,VAN -163,6.5,1.5,-110.0,-110.0,False,False,http://sports.core.api.espn.com/v2/sports/hockey/leagues/nhl/providers/57?lang=en&region=us,57,Caesars Sportsbook (Tennessee),0,True,False,-163,170.0,True,-1.5,-1.5,2.7,17/10,+170,2.7,17/10,+170,1.69,20/29,-145,1.69,20/29,-145,-1.5,-1.5,2.7,17/10,+170,2.7,17/10,+170,1.61,100/163,-163,1.61,100/163,-163,-1.5,-1.5,2.7,17/10,+170,2.7,17/10,+170,1.61,100/163,-163,1.61,100/163,-163,http://sports.core.api.espn.com/v2/sports/hockey/leagues/nhl/seasons/2024/teams/22?lang=en&region=us,False,True,118,-205.0,False,1.5,1.5,+1.5,1.5,1.5,+1.5,1.49,20/41,-205,1.49,20/41,-205,2.06,53/50,+106,2.06,53/50,+106,1.5,1.5,+1.5,1.5,1.5,+1.5,1.49,20/41,-205,1.49,20/41,-205,2.18,59/50,+118,2.18,59/50,+118,1.5,1.5,+1.5,1.5,1.5,+1.5,1.49,20/41,-205,1.49,20/41,-205,2.18,59/50,+118,2.18,59/50,+118,http://sports.core.api.espn.com/v2/sports/hockey/leagues/nhl/seasons/2024/teams/19?lang=en&region=us,1.95,20/21,-105,1.95,20/21,-105,1.87,20/23,-115,1.87,20/23,-115,6.5,6.5,6.5,6.5,6.5,6.5,1.91,10/11,-110,1.91,10/11,-110,1.91,10/11,-110,1.91,10/11,-110,6.5,6.5,6.5,6.5,6.5,6.5,1.91,10/11,-110,1.91,10/11,-110,1.91,10/11,-110,1.91,10/11,-110,6.5,6.5,6.5,6.5,6.5,6.5,
401559821,http://sports.core.api.espn.com/v2/sports/hockey/leagues/nhl/events/401559821/competitions/401559821/odds/40?lang=en&region=us,VAN +105,,1.5,,,False,False,http://sports.core.api.espn.com/v2/sports/hockey/leagues/nhl/providers/40?lang=en&region=us,40,DraftKings,0,True,False,105,170.0,True,-1.5,-1.5,2.85,37/20,+185,2.85,37/20,+185,2.15,23/20,+115,2.15,23/20,+115,-1.5,-1.5,2.7,17/10,+170,2.7,17/10,+170,2.05,21/20,+105,2.05,21/20,+105,-1.5,-1.5,2.7,17/10,+170,2.7,17/10,+170,2.05,21/20,+105,2.05,21/20,+105,http://sports.core.api.espn.com/v2/sports/hockey/leagues/nhl/seasons/2024/teams/22?lang=en&region=us,False,True,170,-205.0,False,1.5,1.5,+1.5,1.5,1.5,+1.5,1.44,4/9,-225,1.44,4/9,-225,2.5,3/2,+150,2.5,3/2,+150,1.5,1.5,+1.5,1.5,1.5,+1.5,1.49,20/41,-205,1.49,20/41,-205,2.7,17/10,+170,2.7,17/10,+170,1.5,1.5,+1.5,1.5,1.5,+1.5,1.49,20/41,-205,1.49,20/41,-205,2.7,17/10,+170,2.7,17/10,+170,http://sports.core.api.espn.com/v2/sports/hockey/leagues/nhl/seasons/2024/teams/19?lang=en&region=us,,,,,,,,,,,,,,,,,,,,,,,,,,,,,,,,,,,,,,,,,,,,,,,,,,,,,,,
401559821,http://sports.core.api.espn.com/v2/sports/hockey/leagues/nhl/events/401559821/competitions/401559821/odds/58?lang=en&region=us,VAN -155,6.5,1.5,-110.0,-110.0,False,False,http://sports.core.api.espn.com/v2/sports/hockey/leagues/nhl/providers/58?lang=en&region=us,58,ESPN BET,0,True,False,-155,170.0,True,-1.5,-1.5,2.65,33/20,+165,2.65,33/20,+165,1.71,5/7,-140,1.71,5/7,-140,-1.5,-1.5,2.7,17/10,+170,2.7,17/10,+170,1.65,20/31,-155,1.65,20/31,-155,-1.5,-1.5,2.7,17/10,+170,2.7,17/10,+170,1.65,20/31,-155,1.65,20/31,-155,http://sports.core.api.espn.com/v2/sports/hockey/leagues/nhl/seasons/2024/teams/22?lang=en&region=us,False,True,135,-215.0,False,,,+1.5,,,+1.5,1.5,1/2,-200,1.5,1/2,-200,2.2,6/5,+120,2.2,6/5,+120,,,+1.5,,,+1.5,1.47,20/43,-215,1.47,20/43,-215,2.35,27/20,+135,2.35,27/20,+135,,,+1.5,,,+1.5,1.47,20/43,-215,1.47,20/43,-215,2.35,27/20,+135,2.35,27/20,+135,http://sports.core.api.espn.com/v2/sports/hockey/leagues/nhl/seasons/2024/teams/19?lang=en&region=us,1.91,10/11,-110,1.91,10/11,-110,1.91,10/11,-110,1.91,10/11,-110,,,6.5,,,6.5,1.91,10/11,-110,1.91,10/11,-110,1.91,10/11,-110,1.91,10/11,-110,,,6.5,,,6.5,1.91,10/11,-110,1.91,10/11,-110,1.91,10/11,-110,1.91,10/11,-110,,,6.5,,,6.5,"[{'language': 'en-US', 'rel': ['home', 'desktop', 'bets', 'espn-bet'], 'href': 'https://espnbet.app.link?$canonical_url=/sport/hockey/organization/united-states/competition/nhl/event/5515dbb2-abaf-45d9-9884-0276d56fad67', 'text': 'Home Bet', 'shortText': 'Home Bet', 'isExternal': True, 'isPremium': False}, {'language': 'en-US', 'rel': ['away', 'desktop', 'bets', 'espn-bet'], 'href': 'https://espnbet.app.link?$canonical_url=/sport/hockey/organization/united-states/competition/nhl/event/5515dbb2-abaf-45d9-9884-0276d56fad67', 'text': 'Away Bet', 'shortText': 'Away Bet', 'isExternal': True, 'isPremium': False}, {'language': 'en-US', 'rel': ['homeSpread', 'desktop', 'bets'], 'href': 'https://espnbet.app.link?$canonical_url=/sport/hockey/organization/united-states/competition/nhl/event/5515dbb2-abaf-45d9-9884-0276d56fad67', 'text': 'Home Point Spread', 'shortText': 'Home Point Spread', 'isExternal': True, 'isPremium': False}, {'language': 'en-US', 'rel': ['awaySpread', 'desktop', 'bets'], 'href': 'https://espnbet.app.link?$canonical_url=/sport/hockey/organization/united-states/competition/nhl/event/5515dbb2-abaf-45d9-9884-0276d56fad67', 'text': 'Away Point Spread', 'shortText': 'Away Point Spread', 'isExternal': True, 'isPremium': False}, {'language': 'en-US', 'rel': ['over', 'desktop', 'bets'], 'href': 'https://espnbet.app.link?$canonical_url=/sport/hockey/organization/united-states/competition/nhl/event/5515dbb2-abaf-45d9-9884-0276d56fad67', 'text': 'Over Odds', 'shortText': 'Over Odds', 'isExternal': True, 'isPremium': False}, {'language': 'en-US', 'rel': ['under', 'desktop', 'bets'], 'href': 'https://espnbet.app.link?$canonical_url=/sport/hockey/organization/united-states/competition/nhl/event/5515dbb2-abaf-45d9-9884-0276d56fad67', 'text': 'Under Odds', 'shortText': 'Under Odds', 'isExternal': True, 'isPremium': False}, {'language': 'en-US', 'rel': ['game', 'desktop', 'bets'], 'href': 'https://espnbet.app.link?$canonical_url=/sport/hockey/organization/united-states/competition/nhl/event/5515dbb2-abaf-45d9-9884-0276d56fad67', 'text': 'Game', 'shortText': 'Game', 'isExternal': True, 'isPremium': False}]"
401559821,http://sports.core.api.espn.com/v2/sports/hockey/leagues/nhl/events/401559821/competitions/401559821/odds/47?lang=en&region=us,VAN -150,6.5,1.5,-110.0,-110.0,False,False,http://sports.core.api.espn.com/v2/sports/hockey/leagues/nhl/providers/47?lang=en&region=us,47,MGM,0,True,False,-150,155.0,True,-1.5,-1.5,2.8,9/5,+180,2.8,9/5,+180,1.69,20/29,-145,1.69,20/29,-145,-1.5,-1.5,2.55,31/20,+155,2.55,31/20,+155,1.67,2/3,-150,1.67,2/3,-150,-1.5,-1.5,2.55,31/20,+155,2.55,31/20,+155,1.67,2/3,-150,1.67,2/3,-150,http://sports.core.api.espn.com/v2/sports/hockey/leagues/nhl/seasons/2024/teams/22?lang=en&region=us,False,True,125,-190.0,False,1.5,1.5,+1.5,1.5,1.5,+1.5,1.44,4/9,-225,1.44,4/9,-225,2.2,6/5,+120,2.2,6/5,+120,1.5,1.5,+1.5,1.5,1.5,+1.5,1.53,10/19,-190,1.53,10/19,-190,2.25,5/4,+125,2.25,5/4,+125,1.5,1.5,+1.5,1.5,1.5,+1.5,1.53,10/19,-190,1.53,10/19,-190,2.25,5/4,+125,2.25,5/4,+125,http://sports.core.api.espn.com/v2/sports/hockey/leagues/nhl/seasons/2024/teams/19?lang=en&region=us,1.91,10/11,-110,1.91,10/11,-110,1.91,10/11,-110,1.91,10/11,-110,6.5,6.5,6.5,6.5,6.5,6.5,1.91,10/11,-110,1.91,10/11,-110,1.91,10/11,-110,1.91,10/11,-110,6.5,6.5,6.5,6.5,6.5,6.5,1.91,10/11,-110,1.91,10/11,-110,1.91,10/11,-110,1.91,10/11,-110,6.5,6.5,6.5,6.5,6.5,6.5,
401559821,http://sports.core.api.espn.com/v2/sports/hockey/leagues/nhl/events/401559821/competitions/401559821/odds/41?lang=en&region=us,VAN +108,6.0,1.5,-125.0,102.0,False,False,http://sports.core.api.espn.com/v2/sports/hockey/leagues/nhl/providers/41?lang=en&region=us,41,SugarHouse,0,True,False,108,165.0,True,-1.5,-1.5,2.65,33/20,+165,2.65,33/20,+165,2.16,29/25,+116,2.16,29/25,+116,-1.5,-1.5,2.65,33/20,+165,2.65,33/20,+165,2.08,27/25,+108,2.08,27/25,+108,-1.5,-1.5,2.65,33/20,+165,2.65,33/20,+165,2.08,27/25,+108,2.08,27/25,+108,http://sports.core.api.espn.com/v2/sports/hockey/leagues/nhl/seasons/2024/teams/22?lang=en&region=us,False,True,190,-200.0,False,1.5,1.5,+1.5,1.5,1.5,+1.5,1.49,25/51,-204,1.49,25/51,-204,2.8,9/5,+180,2.8,9/5,+180,1.5,1.5,+1.5,1.5,1.5,+1.5,1.5,1/2,-200,1.5,1/2,-200,2.9,19/10,+190,2.9,19/10,+190,1.5,1.5,+1.5,1.5,1.5,+1.5,1.5,1/2,-200,1.5,1/2,-200,2.9,19/10,+190,2.9,19/10,+190,http://sports.core.api.espn.com/v2/sports/hockey/leagues/nhl/seasons/2024/teams/19?lang=en&region=us,1.77,10/13,-130,1.77,10/13,-130,2.07,107/100,+107,2.07,107/100,+107,6.0,6,6,6.0,6,6,1.8,4/5,-125,1.8,4/5,-125,2.02,51/50,+102,2.02,51/50,+102,6.0,6,6,6.0,6,6,1.8,4/5,-125,1.8,4/5,-125,2.02,51/50,+102,2.02,51/50,+102,6.0,6,6,6.0,6,6,
401559821,http://sports.core.api.espn.com/v2/sports/hockey/leagues/nhl/events/401559821/competitions/401559821/odds/53?lang=en&region=us,VAN +105,6.5,1.5,110.0,-154.0,False,False,http://sports.core.api.espn.com/v2/sports/hockey/leagues/nhl/providers/53?lang=en&region=us,53,Titanbets,0,True,False,105,165.0,True,-1.5,-1.5,2.75,7/4,+175,2.75,7/4,+175,2.1,11/10,+110,2.1,11/10,+110,-1.5,-1.5,2.65,33/20,+165,2.65,33/20,+165,2.05,21/20,+105,2.05,21/20,+105,-1.5,-1.5,2.65,33/20,+165,2.65,33/20,+165,2.05,21/20,+105,2.05,21/20,+105,http://sports.core.api.espn.com/v2/sports/hockey/leagues/nhl/seasons/2024/teams/22?lang=en&region=us,False,True,180,-208.0,False,1.5,1.5,+1.5,1.5,1.5,+1.5,1.45,50/111,-222,1.45,50/111,-222,2.7,17/10,+170,2.7,17/10,+170,1.5,1.5,+1.5,1.5,1.5,+1.5,1.48,25/52,-208,1.48,25/52,-208,2.8,9/5,+180,2.8,9/5,+180,1.5,1.5,+1.5,1.5,1.5,+1.5,1.48,25/52,-208,1.48,25/52,-208,2.8,9/5,+180,2.8,9/5,+180,http://sports.core.api.espn.com/v2/sports/hockey/leagues/nhl/seasons/2024/teams/19?lang=en&region=us,2.05,21/20,+105,2.05,21/20,+105,1.7,100/143,-143,1.7,100/143,-143,6.5,6.5,6.5,6.5,6.5,6.5,2.1,11/10,+110,2.1,11/10,+110,1.65,50/77,-154,1.65,50/77,-154,6.5,6.5,6.5,6.5,6.5,6.5,2.1,11/10,+110,2.1,11/10,+110,1.65,50/77,-154,1.65,50/77,-154,6.5,6.5,6.5,6.5,6.5,6.5,
401559821,http://sports.core.api.espn.com/v2/sports/hockey/leagues/nhl/events/401559821/competitions/401559821/odds/36?lang=en&region=us,VAN +108,5.5,1.5,-180.0,145.0,False,False,http://sports.core.api.espn.com/v2/sports/hockey/leagues/nhl/providers/36?lang=en&region=us,36,Unibet,0,True,False,108,165.0,True,-1.5,-1.5,2.65,33/20,+165,2.65,33/20,+165,2.16,29/25,+116,2.16,29/25,+116,-1.5,-1.5,2.65,33/20,+165,2.65,33/20,+165,2.08,27/25,+108,2.08,27/25,+108,-1.5,-1.5,2.65,33/20,+165,2.65,33/20,+165,2.08,27/25,+108,2.08,27/25,+108,http://sports.core.api.espn.com/v2/sports/hockey/leagues/nhl/seasons/2024/teams/22?lang=en&region=us,False,True,190,-200.0,False,1.5,1.5,+1.5,1.5,1.5,+1.5,1.49,20/41,-205,1.49,20/41,-205,2.8,9/5,+180,2.8,9/5,+180,1.5,1.5,+1.5,1.5,1.5,+1.5,1.5,1/2,-200,1.5,1/2,-200,2.9,19/10,+190,2.9,19/10,+190,1.5,1.5,+1.5,1.5,1.5,+1.5,1.5,1/2,-200,1.5,1/2,-200,2.9,19/10,+190,2.9,19/10,+190,http://sports.core.api.espn.com/v2/sports/hockey/leagues/nhl/seasons/2024/teams/19?lang=en&region=us,1.55,50/91,-182,1.55,50/91,-182,2.5,3/2,+150,2.5,3/2,+150,5.5,5.5,5.5,5.5,5.5,5.5,1.56,5/9,-180,1.56,5/9,-180,2.45,29/20,+145,2.45,29/20,+145,5.5,5.5,5.5,5.5,5.5,5.5,1.56,5/9,-180,1.56,5/9,-180,2.45,29/20,+145,2.45,29/20,+145,5.5,5.5,5.5,5.5,5.5,5.5,
401559822,http://sports.core.api.espn.com/v2/sports/hockey/leagues/nhl/events/401559822/competitions/401559822/odds/1001?lang=en&region=us,NSH +135,6.0,-1.5,-115.0,-105.0,False,False,http://sports.core.api.espn.com/v2/sports/hockey/leagues/nhl/providers/1001?lang=en&region=us,1001,Bet365,0,False,True,155,-240.0,False,+1.5,+1.5,1.43,10/23,-230,1.43,10/23,-230,2.6,8/5,+160,2.6,8/5,+160,+1.5,+1.5,1.42,5/12,-240,1.42,5/12,-240,2.55,31/20,+155,2.55,31/20,+155,+1.5,+1.5,1.42,5/12,-240,1.42,5/12,-240,2.55,31/20,+155,2.55,31/20,+155,http://sports.core.api.espn.com/v2/sports/hockey/leagues/nhl/seasons/2024/teams/3?lang=en&region=us,True,False,135,195.0,True,-1.5,-1.5,-1.5,-1.5,-1.5,-1.5,2.9,19/10,+190,2.9,19/10,+190,2.3,13/10,+130,2.3,13/10,+130,-1.5,-1.5,-1.5,-1.5,-1.5,-1.5,2.95,39/20,+195,2.95,39/20,+195,2.35,27/20,+135,2.35,27/20,+135,-1.5,-1.5,-1.5,-1.5,-1.5,-1.5,2.95,39/20,+195,2.95,39/20,+195,2.35,27/20,+135,2.35,27/20,+135,http://sports.core.api.espn.com/v2/sports/hockey/leagues/nhl/seasons/2024/teams/27?lang=en&region=us,1.87,20/23,-115,1.87,20/23,-115,1.95,20/21,-105,1.95,20/21,-105,6.0,6,6,6.0,6,6,1.87,20/23,-115,1.87,20/23,-115,1.95,20/21,-105,1.95,20/21,-105,6.0,6,6,6.0,6,6,1.87,20/23,-115,1.87,20/23,-115,1.95,20/21,-105,1.95,20/21,-105,6.0,6,6,6.0,6,6,
401559822,http://sports.core.api.espn.com/v2/sports/hockey/leagues/nhl/events/401559822/competitions/401559822/odds/52?lang=en&region=us,NSH -125,6.0,-1.5,-115.0,-105.0,False,False,http://sports.core.api.espn.com/v2/sports/hockey/leagues/nhl/providers/52?lang=en&region=us,52,Caesars Sportsbook (Colorado),0,False,True,105,-240.0,False,+1.5,+1.5,1.44,4/9,-225,1.44,4/9,-225,2.05,21/20,+105,2.05,21/20,+105,+1.5,+1.5,1.42,5/12,-240,1.42,5/12,-240,2.05,21/20,+105,2.05,21/20,+105,+1.5,+1.5,1.42,5/12,-240,1.42,5/12,-240,2.05,21/20,+105,2.05,21/20,+105,http://sports.core.api.espn.com/v2/sports/hockey/leagues/nhl/seasons/2024/teams/3?lang=en&region=us,True,False,-125,196.0,True,-1.5,-1.5,-1.5,-1.5,-1.5,-1.5,2.85,37/20,+185,2.85,37/20,+185,1.8,4/5,-125,1.8,4/5,-125,-1.5,-1.5,-1.5,-1.5,-1.5,-1.5,2.96,49/25,+196,2.96,49/25,+196,1.8,4/5,-125,1.8,4/5,-125,-1.5,-1.5,-1.5,-1.5,-1.5,-1.5,2.96,49/25,+196,2.96,49/25,+196,1.8,4/5,-125,1.8,4/5,-125,http://sports.core.api.espn.com/v2/sports/hockey/leagues/nhl/seasons/2024/teams/27?lang=en&region=us,1.83,5/6,-120,1.83,5/6,-120,2.0,1/1,+100,2.0,1/1,+100,6.0,6,6,6.0,6,6,1.87,20/23,-115,1.87,20/23,-115,1.95,20/21,-105,1.95,20/21,-105,6.0,6,6,6.0,6,6,1.87,20/23,-115,1.87,20/23,-115,1.95,20/21,-105,1.95,20/21,-105,6.0,6,6,6.0,6,6,
401559822,http://sports.core.api.espn.com/v2/sports/hockey/leagues/nhl/events/401559822/competitions/401559822/odds/45?lang=en&region=us,NSH -125,6.0,-1.5,-115.0,-105.0,False,False,http://sports.core.api.espn.com/v2/sports/hockey/leagues/nhl/providers/45?lang=en&region=us,45,Caesars Sportsbook (New Jersey),0,False,True,105,-240.0,False,+1.5,+1.5,1.43,20/47,-235,1.43,20/47,-235,2.0,1/1,+100,2.0,1/1,+100,+1.5,+1.5,1.42,5/12,-240,1.42,5/12,-240,2.05,21/20,+105,2.05,21/20,+105,+1.5,+1.5,1.42,5/12,-240,1.42,5/12,-240,2.05,21/20,+105,2.05,21/20,+105,http://sports.core.api.espn.com/v2/sports/hockey/leagues/nhl/seasons/2024/teams/3?lang=en&region=us,True,False,-125,196.0,True,-1.5,-1.5,-1.5,-1.5,-1.5,-1.5,2.92,48/25,+192,2.92,48/25,+192,1.83,5/6,-120,1.83,5/6,-120,-1.5,-1.5,-1.5,-1.5,-1.5,-1.5,2.96,49/25,+196,2.96,49/25,+196,1.8,4/5,-125,1.8,4/5,-125,-1.5,-1.5,-1.5,-1.5,-1.5,-1.5,2.96,49/25,+196,2.96,49/25,+196,1.8,4/5,-125,1.8,4/5,-125,http://sports.core.api.espn.com/v2/sports/hockey/leagues/nhl/seasons/2024/teams/27?lang=en&region=us,1.8,4/5,-125,1.8,4/5,-125,2.05,21/20,+105,2.05,21/20,+105,6.0,6,6,6.0,6,6,1.87,20/23,-115,1.87,20/23,-115,1.95,20/21,-105,1.95,20/21,-105,6.0,6,6,6.0,6,6,1.87,20/23,-115,1.87,20/23,-115,1.95,20/21,-105,1.95,20/21,-105,6.0,6,6,6.0,6,6,
401559822,http://sports.core.api.espn.com/v2/sports/hockey/leagues/nhl/events/401559822/competitions/401559822/odds/57?lang=en&region=us,NSH -133,6.0,-1.5,-115.0,-105.0,False,False,http://sports.core.api.espn.com/v2/sports/hockey/leagues/nhl/providers/57?lang=en&region=us,57,Caesars Sportsbook (Tennessee),0,False,True,-103,-240.0,False,+1.5,+1.5,1.44,4/9,-225,1.44,4/9,-225,1.97,100/103,-103,1.97,100/103,-103,+1.5,+1.5,1.42,5/12,-240,1.42,5/12,-240,1.97,100/103,-103,1.97,100/103,-103,+1.5,+1.5,1.42,5/12,-240,1.42,5/12,-240,1.97,100/103,-103,1.97,100/103,-103,http://sports.core.api.espn.com/v2/sports/hockey/leagues/nhl/seasons/2024/teams/3?lang=en&region=us,True,False,-133,196.0,True,-1.5,-1.5,-1.5,-1.5,-1.5,-1.5,2.85,37/20,+185,2.85,37/20,+185,1.75,100/133,-133,1.75,100/133,-133,-1.5,-1.5,-1.5,-1.5,-1.5,-1.5,2.96,49/25,+196,2.96,49/25,+196,1.75,100/133,-133,1.75,100/133,-133,-1.5,-1.5,-1.5,-1.5,-1.5,-1.5,2.96,49/25,+196,2.96,49/25,+196,1.75,100/133,-133,1.75,100/133,-133,http://sports.core.api.espn.com/v2/sports/hockey/leagues/nhl/seasons/2024/teams/27?lang=en&region=us,1.83,5/6,-120,1.83,5/6,-120,2.0,1/1,+100,2.0,1/1,+100,6.0,6,6,6.0,6,6,1.87,20/23,-115,1.87,20/23,-115,1.95,20/21,-105,1.95,20/21,-105,6.0,6,6,6.0,6,6,1.87,20/23,-115,1.87,20/23,-115,1.95,20/21,-105,1.95,20/21,-105,6.0,6,6,6.0,6,6,
401559822,http://sports.core.api.espn.com/v2/sports/hockey/leagues/nhl/events/401559822/competitions/401559822/odds/40?lang=en&region=us,NSH +110,,-1.5,,,False,False,http://sports.core.api.espn.com/v2/sports/hockey/leagues/nhl/providers/40?lang=en&region=us,40,DraftKings,0,False,True,165,-238.0,False,+1.5,+1.5,1.42,50/119,-238,1.42,50/119,-238,2.55,31/20,+155,2.55,31/20,+155,+1.5,+1.5,1.42,50/119,-238,1.42,50/119,-238,2.65,33/20,+165,2.65,33/20,+165,+1.5,+1.5,1.42,50/119,-238,1.42,50/119,-238,2.65,33/20,+165,2.65,33/20,+165,http://sports.core.api.espn.com/v2/sports/hockey/leagues/nhl/seasons/2024/teams/3?lang=en&region=us,True,False,110,195.0,True,-1.5,-1.5,-1.5,-1.5,-1.5,-1.5,2.95,39/20,+195,2.95,39/20,+195,2.15,23/20,+115,2.15,23/20,+115,-1.5,-1.5,-1.5,-1.5,-1.5,-1.5,2.95,39/20,+195,2.95,39/20,+195,2.1,11/10,+110,2.1,11/10,+110,-1.5,-1.5,-1.5,-1.5,-1.5,-1.5,2.95,39/20,+195,2.95,39/20,+195,2.1,11/10,+110,2.1,11/10,+110,http://sports.core.api.espn.com/v2/sports/hockey/leagues/nhl/seasons/2024/teams/27?lang=en&region=us,,,,,,,,,,,,,,,,,,,,,,,,,,,,,,,,,,,,,,,,,,,,,,,,,,,,,,,
401559822,http://sports.core.api.espn.com/v2/sports/hockey/leagues/nhl/events/401559822/competitions/401559822/odds/58?lang=en&region=us,NSH -120,6.5,-1.5,110.0,-130.0,False,False,http://sports.core.api.espn.com/v2/sports/hockey/leagues/nhl/providers/58?lang=en&region=us,58,ESPN BET,0,False,True,100,-250.0,False,+1.5,+1.5,1.43,20/47,-235,1.43,20/47,-235,2.05,21/20,+105,2.05,21/20,+105,+1.5,+1.5,1.4,2/5,-250,1.4,2/5,-250,2.0,1/1,+100,2.0,1/1,+100,+1.5,+1.5,1.4,2/5,-250,1.4,2/5,-250,2.0,1/1,+100,2.0,1/1,+100,http://sports.core.api.espn.com/v2/sports/hockey/leagues/nhl/seasons/2024/teams/3?lang=en&region=us,True,False,-120,185.0,True,,,-1.5,,,-1.5,2.8,9/5,+180,2.8,9/5,+180,1.8,4/5,-125,1.8,4/5,-125,,,-1.5,,,-1.5,2.85,37/20,+185,2.85,37/20,+185,1.83,5/6,-120,1.83,5/6,-120,,,-1.5,,,-1.5,2.85,37/20,+185,2.85,37/20,+185,1.83,5/6,-120,1.83,5/6,-120,http://sports.core.api.espn.com/v2/sports/hockey/leagues/nhl/seasons/2024/teams/27?lang=en&region=us,2.15,23/20,+115,2.15,23/20,+115,1.74,20/27,-135,1.74,20/27,-135,,,6.5,,,6.5,2.1,11/10,+110,2.1,11/10,+110,1.77,10/13,-130,1.77,10/13,-130,,,6.5,,,6.5,2.1,11/10,+110,2.1,11/10,+110,1.77,10/13,-130,1.77,10/13,-130,,,6.5,,,6.5,"[{'language': 'en-US', 'rel': ['home', 'desktop', 'bets', 'espn-bet'], 'href': 'https://espnbet.app.link?$canonical_url=/sport/hockey/organization/united-states/competition/nhl/event/23c612c6-0cc5-452a-9b09-39eb67135807', 'text': 'Home Bet', 'shortText': 'Home Bet', 'isExternal': True, 'isPremium': False}, {'language': 'en-US', 'rel': ['away', 'desktop', 'bets', 'espn-bet'], 'href': 'https://espnbet.app.link?$canonical_url=/sport/hockey/organization/united-states/competition/nhl/event/23c612c6-0cc5-452a-9b09-39eb67135807', 'text': 'Away Bet', 'shortText': 'Away Bet', 'isExternal': True, 'isPremium': False}, {'language': 'en-US', 'rel': ['homeSpread', 'desktop', 'bets'], 'href': 'https://espnbet.app.link?$canonical_url=/sport/hockey/organization/united-states/competition/nhl/event/23c612c6-0cc5-452a-9b09-39eb67135807', 'text': 'Home Point Spread', 'shortText': 'Home Point Spread', 'isExternal': True, 'isPremium': False}, {'language': 'en-US', 'rel': ['awaySpread', 'desktop', 'bets'], 'href': 'https://espnbet.app.link?$canonical_url=/sport/hockey/organization/united-states/competition/nhl/event/23c612c6-0cc5-452a-9b09-39eb67135807', 'text': 'Away Point Spread', 'shortText': 'Away Point Spread', 'isExternal': True, 'isPremium': False}, {'language': 'en-US', 'rel': ['over', 'desktop', 'bets'], 'href': 'https://espnbet.app.link?$canonical_url=/sport/hockey/organization/united-states/competition/nhl/event/23c612c6-0cc5-452a-9b09-39eb67135807', 'text': 'Over Odds', 'shortText': 'Over Odds', 'isExternal': True, 'isPremium': False}, {'language': 'en-US', 'rel': ['under', 'desktop', 'bets'], 'href': 'https://espnbet.app.link?$canonical_url=/sport/hockey/organization/united-states/competition/nhl/event/23c612c6-0cc5-452a-9b09-39eb67135807', 'text': 'Under Odds', 'shortText': 'Under Odds', 'isExternal': True, 'isPremium': False}, {'language': 'en-US', 'rel': ['game', 'desktop', 'bets'], 'href': 'https://espnbet.app.link?$canonical_url=/sport/hockey/organization/united-states/competition/nhl/event/23c612c6-0cc5-452a-9b09-39eb67135807', 'text': 'Game', 'shortText': 'Game', 'isExternal': True, 'isPremium': False}]"
401559822,http://sports.core.api.espn.com/v2/sports/hockey/leagues/nhl/events/401559822/competitions/401559822/odds/47?lang=en&region=us,NSH -120,6.0,-1.5,-115.0,-105.0,False,False,http://sports.core.api.espn.com/v2/sports/hockey/leagues/nhl/providers/47?lang=en&region=us,47,MGM,0,False,True,100,-250.0,False,+1.5,+1.5,1.44,4/9,-225,1.44,4/9,-225,2.05,21/20,+105,2.05,21/20,+105,+1.5,+1.5,1.4,2/5,-250,1.4,2/5,-250,2.0,1/1,+100,2.0,1/1,+100,+1.5,+1.5,1.4,2/5,-250,1.4,2/5,-250,2.0,1/1,+100,2.0,1/1,+100,http://sports.core.api.espn.com/v2/sports/hockey/leagues/nhl/seasons/2024/teams/3?lang=en&region=us,True,False,-120,190.0,True,-1.5,-1.5,-1.5,-1.5,-1.5,-1.5,2.8,9/5,+180,2.8,9/5,+180,1.8,4/5,-125,1.8,4/5,-125,-1.5,-1.5,-1.5,-1.5,-1.5,-1.5,2.9,19/10,+190,2.9,19/10,+190,1.83,5/6,-120,1.83,5/6,-120,-1.5,-1.5,-1.5,-1.5,-1.5,-1.5,2.9,19/10,+190,2.9,19/10,+190,1.83,5/6,-120,1.83,5/6,-120,http://sports.core.api.espn.com/v2/sports/hockey/leagues/nhl/seasons/2024/teams/27?lang=en&region=us,1.83,5/6,-120,1.83,5/6,-120,2.0,1/1,+100,2.0,1/1,+100,6.0,6,6,6.0,6,6,1.87,20/23,-115,1.87,20/23,-115,1.95,20/21,-105,1.95,20/21,-105,6.0,6,6,6.0,6,6,1.87,20/23,-115,1.87,20/23,-115,1.95,20/21,-105,1.95,20/21,-105,6.0,6,6,6.0,6,6,
401559822,http://sports.core.api.espn.com/v2/sports/hockey/leagues/nhl/events/401559822/competitions/401559822/odds/41?lang=en&region=us,NSH -119,6.0,-1.5,102.0,-123.0,False,False,http://sports.core.api.espn.com/v2/sports/hockey/leagues/nhl/providers/41?lang=en&region=us,41,SugarHouse,0,False,True,-102,-250.0,False,+1.5,+1.5,1.43,100/233,-233,1.43,100/233,-233,1.97,100/103,-103,1.97,100/103,-103,+1.5,+1.5,1.4,2/5,-250,1.4,2/5,-250,1.98,50/51,-102,1.98,50/51,-102,+1.5,+1.5,1.4,2/5,-250,1.4,2/5,-250,1.98,50/51,-102,1.98,50/51,-102,http://sports.core.api.espn.com/v2/sports/hockey/leagues/nhl/seasons/2024/teams/3?lang=en&region=us,True,False,-119,200.0,True,-1.5,-1.5,-1.5,-1.5,-1.5,-1.5,2.9,19/10,+190,2.9,19/10,+190,1.85,50/59,-118,1.85,50/59,-118,-1.5,-1.5,-1.5,-1.5,-1.5,-1.5,3.0,2/1,+200,3.0,2/1,+200,1.84,100/119,-119,1.84,100/119,-119,-1.5,-1.5,-1.5,-1.5,-1.5,-1.5,3.0,2/1,+200,3.0,2/1,+200,1.84,100/119,-119,1.84,100/119,-119,http://sports.core.api.espn.com/v2/sports/hockey/leagues/nhl/seasons/2024/teams/27?lang=en&region=us,2.02,51/50,+102,2.02,51/50,+102,1.81,100/123,-123,1.81,100/123,-123,6.0,6,6,6.0,6,6,2.02,51/50,+102,2.02,51/50,+102,1.81,100/123,-123,1.81,100/123,-123,6.0,6,6,6.0,6,6,2.02,51/50,+102,2.02,51/50,+102,1.81,100/123,-123,1.81,100/123,-123,6.0,6,6,6.0,6,6,
401559822,http://sports.core.api.espn.com/v2/sports/hockey/leagues/nhl/events/401559822/competitions/401559822/odds/53?lang=en&region=us,NSH +120,5.5,-1.5,-150.0,110.0,False,False,http://sports.core.api.espn.com/v2/sports/hockey/leagues/nhl/providers/53?lang=en&region=us,53,Titanbets,0,False,True,160,-250.0,False,+1.5,+1.5,1.4,2/5,-250,1.4,2/5,-250,2.6,8/5,+160,2.6,8/5,+160,+1.5,+1.5,1.4,2/5,-250,1.4,2/5,-250,2.6,8/5,+160,2.6,8/5,+160,+1.5,+1.5,1.4,2/5,-250,1.4,2/5,-250,2.6,8/5,+160,2.6,8/5,+160,http://sports.core.api.espn.com/v2/sports/hockey/leagues/nhl/seasons/2024/teams/3?lang=en&region=us,True,False,120,195.0,True,-1.5,-1.5,-1.5,-1.5,-1.5,-1.5,2.95,39/20,+195,2.95,39/20,+195,2.15,23/20,+115,2.15,23/20,+115,-1.5,-1.5,-1.5,-1.5,-1.5,-1.5,2.95,39/20,+195,2.95,39/20,+195,2.2,6/5,+120,2.2,6/5,+120,-1.5,-1.5,-1.5,-1.5,-1.5,-1.5,2.95,39/20,+195,2.95,39/20,+195,2.2,6/5,+120,2.2,6/5,+120,http://sports.core.api.espn.com/v2/sports/hockey/leagues/nhl/seasons/2024/teams/27?lang=en&region=us,1.65,50/77,-154,1.65,50/77,-154,2.1,11/10,+110,2.1,11/10,+110,5.5,5.5,5.5,5.5,5.5,5.5,1.67,2/3,-150,1.67,2/3,-150,2.1,11/10,+110,2.1,11/10,+110,5.5,5.5,5.5,5.5,5.5,5.5,1.67,2/3,-150,1.67,2/3,-150,2.1,11/10,+110,2.1,11/10,+110,5.5,5.5,5.5,5.5,5.5,5.5,
401559822,http://sports.core.api.espn.com/v2/sports/hockey/leagues/nhl/events/401559822/competitions/401559822/odds/36?lang=en&region=us,NSH +133,5.5,-1.5,-143.0,118.0,False,False,http://sports.core.api.espn.com/v2/sports/hockey/leagues/nhl/providers/36?lang=en&region=us,36,Unibet,0,False,True,155,-250.0,False,+1.5,+1.5,1.43,20/47,-235,1.43,20/47,-235,2.55,31/20,+155,2.55,31/20,+155,+1.5,+1.5,1.4,2/5,-250,1.4,2/5,-250,2.55,31/20,+155,2.55,31/20,+155,+1.5,+1.5,1.4,2/5,-250,1.4,2/5,-250,2.55,31/20,+155,2.55,31/20,+155,http://sports.core.api.espn.com/v2/sports/hockey/leagues/nhl/seasons/2024/teams/3?lang=en&region=us,True,False,133,200.0,True,-1.5,-1.5,-1.5,-1.5,-1.5,-1.5,2.9,19/10,+190,2.9,19/10,+190,2.35,27/20,+135,2.35,27/20,+135,-1.5,-1.5,-1.5,-1.5,-1.5,-1.5,3.0,2/1,+200,3.0,2/1,+200,2.33,133/100,+133,2.33,133/100,+133,-1.5,-1.5,-1.5,-1.5,-1.5,-1.5,3.0,2/1,+200,3.0,2/1,+200,2.33,133/100,+133,2.33,133/100,+133,http://sports.core.api.espn.com/v2/sports/hockey/leagues/nhl/seasons/2024/teams/27?lang=en&region=us,1.12,100/833,-833,1.12,100/833,-833,6.0,5/1,+500,6.0,5/1,+500,3.5,3.5,3.5,3.5,3.5,3.5,1.7,100/143,-143,1.7,100/143,-143,2.18,59/50,+118,2.18,59/50,+118,5.5,5.5,5.5,5.5,5.5,5.5,1.7,100/143,-143,1.7,100/143,-143,2.18,59/50,+118,2.18,59/50,+118,5.5,5.5,5.5,5.5,5.5,5.5,
401559823,http://sports.core.api.espn.com/v2/sports/hockey/leagues/nhl/events/401559823/competitions/401559823/odds/1001?lang=en&region=us,DAL +135,6.5,-1.5,-110.0,-110.0,False,False,http://sports.core.api.espn.com/v2/sports/hockey/leagues/nhl/providers/1001?lang=en&region=us,1001,Bet365,0,False,True,150,-240.0,False,+1.5,+1.5,1.43,10/23,-230,1.43,10/23,-230,2.55,31/20,+155,2.55,31/20,+155,+1.5,+1.5,1.42,5/12,-240,1.42,5/12,-240,2.5,3/2,+150,2.5,3/2,+150,+1.5,+1.5,1.42,5/12,-240,1.42,5/12,-240,2.5,3/2,+150,2.5,3/2,+150,http://sports.core.api.espn.com/v2/sports/hockey/leagues/nhl/seasons/2024/teams/17?lang=en&region=us,True,False,135,195.0,True,-1.5,-1.5,-1.5,-1.5,-1.5,-1.5,2.9,19/10,+190,2.9,19/10,+190,2.3,13/10,+130,2.3,13/10,+130,-1.5,-1.5,-1.5,-1.5,-1.5,-1.5,2.95,39/20,+195,2.95,39/20,+195,2.35,27/20,+135,2.35,27/20,+135,-1.5,-1.5,-1.5,-1.5,-1.5,-1.5,2.95,39/20,+195,2.95,39/20,+195,2.35,27/20,+135,2.35,27/20,+135,http://sports.core.api.espn.com/v2/sports/hockey/leagues/nhl/seasons/2024/teams/9?lang=en&region=us,1.91,10/11,-110,1.91,10/11,-110,1.91,10/11,-110,1.91,10/11,-110,6.5,6.5,6.5,6.5,6.5,6.5,1.91,10/11,-110,1.91,10/11,-110,1.91,10/11,-110,1.91,10/11,-110,6.5,6.5,6.5,6.5,6.5,6.5,1.91,10/11,-110,1.91,10/11,-110,1.91,10/11,-110,1.91,10/11,-110,6.5,6.5,6.5,6.5,6.5,6.5,
401559823,http://sports.core.api.espn.com/v2/sports/hockey/leagues/nhl/events/401559823/competitions/401559823/odds/52?lang=en&region=us,DAL -130,6.5,-1.5,-105.0,-115.0,False,False,http://sports.core.api.espn.com/v2/sports/hockey/leagues/nhl/providers/52?lang=en&region=us,52,Caesars Sportsbook (Colorado),0,False,True,110,-235.0,False,+1.5,+1.5,1.44,4/9,-225,1.44,4/9,-225,2.05,21/20,+105,2.05,21/20,+105,+1.5,+1.5,1.43,20/47,-235,1.43,20/47,-235,2.1,11/10,+110,2.1,11/10,+110,+1.5,+1.5,1.43,20/47,-235,1.43,20/47,-235,2.1,11/10,+110,2.1,11/10,+110,http://sports.core.api.espn.com/v2/sports/hockey/leagues/nhl/seasons/2024/teams/17?lang=en&region=us,True,False,-130,192.0,True,-1.5,-1.5,-1.5,-1.5,-1.5,-1.5,2.85,37/20,+185,2.85,37/20,+185,1.8,4/5,-125,1.8,4/5,-125,-1.5,-1.5,-1.5,-1.5,-1.5,-1.5,2.92,48/25,+192,2.92,48/25,+192,1.77,10/13,-130,1.77,10/13,-130,-1.5,-1.5,-1.5,-1.5,-1.5,-1.5,2.92,48/25,+192,2.92,48/25,+192,1.77,10/13,-130,1.77,10/13,-130,http://sports.core.api.espn.com/v2/sports/hockey/leagues/nhl/seasons/2024/teams/9?lang=en&region=us,1.95,20/21,-105,1.95,20/21,-105,1.87,20/23,-115,1.87,20/23,-115,6.5,6.5,6.5,6.5,6.5,6.5,1.95,20/21,-105,1.95,20/21,-105,1.87,20/23,-115,1.87,20/23,-115,6.5,6.5,6.5,6.5,6.5,6.5,1.95,20/21,-105,1.95,20/21,-105,1.87,20/23,-115,1.87,20/23,-115,6.5,6.5,6.5,6.5,6.5,6.5,
401559823,http://sports.core.api.espn.com/v2/sports/hockey/leagues/nhl/events/401559823/competitions/401559823/odds/45?lang=en&region=us,DAL -130,6.5,-1.5,-105.0,-115.0,False,False,http://sports.core.api.espn.com/v2/sports/hockey/leagues/nhl/providers/45?lang=en&region=us,45,Caesars Sportsbook (New Jersey),0,False,True,110,-235.0,False,+1.5,+1.5,1.44,4/9,-225,1.44,4/9,-225,2.05,21/20,+105,2.05,21/20,+105,+1.5,+1.5,1.43,20/47,-235,1.43,20/47,-235,2.1,11/10,+110,2.1,11/10,+110,+1.5,+1.5,1.43,20/47,-235,1.43,20/47,-235,2.1,11/10,+110,2.1,11/10,+110,http://sports.core.api.espn.com/v2/sports/hockey/leagues/nhl/seasons/2024/teams/17?lang=en&region=us,True,False,-130,192.0,True,-1.5,-1.5,-1.5,-1.5,-1.5,-1.5,2.85,37/20,+185,2.85,37/20,+185,1.8,4/5,-125,1.8,4/5,-125,-1.5,-1.5,-1.5,-1.5,-1.5,-1.5,2.92,48/25,+192,2.92,48/25,+192,1.77,10/13,-130,1.77,10/13,-130,-1.5,-1.5,-1.5,-1.5,-1.5,-1.5,2.92,48/25,+192,2.92,48/25,+192,1.77,10/13,-130,1.77,10/13,-130,http://sports.core.api.espn.com/v2/sports/hockey/leagues/nhl/seasons/2024/teams/9?lang=en&region=us,2.0,1/1,+100,2.0,1/1,+100,1.83,5/6,-120,1.83,5/6,-120,6.5,6.5,6.5,6.5,6.5,6.5,1.95,20/21,-105,1.95,20/21,-105,1.87,20/23,-115,1.87,20/23,-115,6.5,6.5,6.5,6.5,6.5,6.5,1.95,20/21,-105,1.95,20/21,-105,1.87,20/23,-115,1.87,20/23,-115,6.5,6.5,6.5,6.5,6.5,6.5,
401559823,http://sports.core.api.espn.com/v2/sports/hockey/leagues/nhl/events/401559823/competitions/401559823/odds/57?lang=en&region=us,DAL -135,6.5,-1.5,-105.0,-115.0,False,False,http://sports.core.api.espn.com/v2/sports/hockey/leagues/nhl/providers/57?lang=en&region=us,57,Caesars Sportsbook (Tennessee),0,False,True,-101,-235.0,False,+1.5,+1.5,1.44,4/9,-225,1.44,4/9,-225,1.97,100/103,-103,1.97,100/103,-103,+1.5,+1.5,1.43,20/47,-235,1.43,20/47,-235,1.99,100/101,-101,1.99,100/101,-101,+1.5,+1.5,1.43,20/47,-235,1.43,20/47,-235,1.99,100/101,-101,1.99,100/101,-101,http://sports.core.api.espn.com/v2/sports/hockey/leagues/nhl/seasons/2024/teams/17?lang=en&region=us,True,False,-135,192.0,True,-1.5,-1.5,-1.5,-1.5,-1.5,-1.5,2.85,37/20,+185,2.85,37/20,+185,1.75,100/133,-133,1.75,100/133,-133,-1.5,-1.5,-1.5,-1.5,-1.5,-1.5,2.92,48/25,+192,2.92,48/25,+192,1.74,20/27,-135,1.74,20/27,-135,-1.5,-1.5,-1.5,-1.5,-1.5,-1.5,2.92,48/25,+192,2.92,48/25,+192,1.74,20/27,-135,1.74,20/27,-135,http://sports.core.api.espn.com/v2/sports/hockey/leagues/nhl/seasons/2024/teams/9?lang=en&region=us,1.95,20/21,-105,1.95,20/21,-105,1.87,20/23,-115,1.87,20/23,-115,6.5,6.5,6.5,6.5,6.5,6.5,1.95,20/21,-105,1.95,20/21,-105,1.87,20/23,-115,1.87,20/23,-115,6.5,6.5,6.5,6.5,6.5,6.5,1.95,20/21,-105,1.95,20/21,-105,1.87,20/23,-115,1.87,20/23,-115,6.5,6.5,6.5,6.5,6.5,6.5,
401559823,http://sports.core.api.espn.com/v2/sports/hockey/leagues/nhl/events/401559823/competitions/401559823/odds/40?lang=en&region=us,DAL +105,,-1.5,,,False,False,http://sports.core.api.espn.com/v2/sports/hockey/leagues/nhl/providers/40?lang=en&region=us,40,DraftKings,0,False,True,170,-230.0,False,+1.5,+1.5,1.43,10/23,-230,1.43,10/23,-230,2.7,17/10,+170,2.7,17/10,+170,+1.5,+1.5,1.43,10/23,-230,1.43,10/23,-230,2.7,17/10,+170,2.7,17/10,+170,+1.5,+1.5,1.43,10/23,-230,1.43,10/23,-230,2.7,17/10,+170,2.7,17/10,+170,http://sports.core.api.espn.com/v2/sports/hockey/leagues/nhl/seasons/2024/teams/17?lang=en&region=us,True,False,105,190.0,True,-1.5,-1.5,-1.5,-1.5,-1.5,-1.5,2.9,19/10,+190,2.9,19/10,+190,2.05,21/20,+105,2.05,21/20,+105,-1.5,-1.5,-1.5,-1.5,-1.5,-1.5,2.9,19/10,+190,2.9,19/10,+190,2.05,21/20,+105,2.05,21/20,+105,-1.5,-1.5,-1.5,-1.5,-1.5,-1.5,2.9,19/10,+190,2.9,19/10,+190,2.05,21/20,+105,2.05,21/20,+105,http://sports.core.api.espn.com/v2/sports/hockey/leagues/nhl/seasons/2024/teams/9?lang=en&region=us,,,,,,,,,,,,,,,,,,,,,,,,,,,,,,,,,,,,,,,,,,,,,,,,,,,,,,,
401559823,http://sports.core.api.espn.com/v2/sports/hockey/leagues/nhl/events/401559823/competitions/401559823/odds/58?lang=en&region=us,DAL -120,6.5,-1.5,-105.0,-115.0,False,False,http://sports.core.api.espn.com/v2/sports/hockey/leagues/nhl/providers/58?lang=en&region=us,58,ESPN BET,0,False,True,100,-225.0,False,+1.5,+1.5,1.43,20/47,-235,1.43,20/47,-235,2.1,11/10,+110,2.1,11/10,+110,+1.5,+1.5,1.44,4/9,-225,1.44,4/9,-225,2.0,1/1,+100,2.0,1/1,+100,+1.5,+1.5,1.44,4/9,-225,1.44,4/9,-225,2.0,1/1,+100,2.0,1/1,+100,http://sports.core.api.espn.com/v2/sports/hockey/leagues/nhl/seasons/2024/teams/17?lang=en&region=us,True,False,-120,175.0,True,,,-1.5,,,-1.5,2.8,9/5,+180,2.8,9/5,+180,1.74,20/27,-135,1.74,20/27,-135,,,-1.5,,,-1.5,2.75,7/4,+175,2.75,7/4,+175,1.83,5/6,-120,1.83,5/6,-120,,,-1.5,,,-1.5,2.75,7/4,+175,2.75,7/4,+175,1.83,5/6,-120,1.83,5/6,-120,http://sports.core.api.espn.com/v2/sports/hockey/leagues/nhl/seasons/2024/teams/9?lang=en&region=us,1.95,20/21,-105,1.95,20/21,-105,1.87,20/23,-115,1.87,20/23,-115,,,6.5,,,6.5,1.95,20/21,-105,1.95,20/21,-105,1.87,20/23,-115,1.87,20/23,-115,,,6.5,,,6.5,1.95,20/21,-105,1.95,20/21,-105,1.87,20/23,-115,1.87,20/23,-115,,,6.5,,,6.5,"[{'language': 'en-US', 'rel': ['home', 'desktop', 'bets', 'espn-bet'], 'href': 'https://espnbet.app.link?$canonical_url=/sport/hockey/organization/united-states/competition/nhl/event/f39b465d-f1a5-419b-9a99-c117d10c5d1a', 'text': 'Home Bet', 'shortText': 'Home Bet', 'isExternal': True, 'isPremium': False}, {'language': 'en-US', 'rel': ['away', 'desktop', 'bets', 'espn-bet'], 'href': 'https://espnbet.app.link?$canonical_url=/sport/hockey/organization/united-states/competition/nhl/event/f39b465d-f1a5-419b-9a99-c117d10c5d1a', 'text': 'Away Bet', 'shortText': 'Away Bet', 'isExternal': True, 'isPremium': False}, {'language': 'en-US', 'rel': ['homeSpread', 'desktop', 'bets'], 'href': 'https://espnbet.app.link?$canonical_url=/sport/hockey/organization/united-states/competition/nhl/event/f39b465d-f1a5-419b-9a99-c117d10c5d1a', 'text': 'Home Point Spread', 'shortText': 'Home Point Spread', 'isExternal': True, 'isPremium': False}, {'language': 'en-US', 'rel': ['awaySpread', 'desktop', 'bets'], 'href': 'https://espnbet.app.link?$canonical_url=/sport/hockey/organization/united-states/competition/nhl/event/f39b465d-f1a5-419b-9a99-c117d10c5d1a', 'text': 'Away Point Spread', 'shortText': 'Away Point Spread', 'isExternal': True, 'isPremium': False}, {'language': 'en-US', 'rel': ['over', 'desktop', 'bets'], 'href': 'https://espnbet.app.link?$canonical_url=/sport/hockey/organization/united-states/competition/nhl/event/f39b465d-f1a5-419b-9a99-c117d10c5d1a', 'text': 'Over Odds', 'shortText': 'Over Odds', 'isExternal': True, 'isPremium': False}, {'language': 'en-US', 'rel': ['under', 'desktop', 'bets'], 'href': 'https://espnbet.app.link?$canonical_url=/sport/hockey/organization/united-states/competition/nhl/event/f39b465d-f1a5-419b-9a99-c117d10c5d1a', 'text': 'Under Odds', 'shortText': 'Under Odds', 'isExternal': True, 'isPremium': False}, {'language': 'en-US', 'rel': ['game', 'desktop', 'bets'], 'href': 'https://espnbet.app.link?$canonical_url=/sport/hockey/organization/united-states/competition/nhl/event/f39b465d-f1a5-419b-9a99-c117d10c5d1a', 'text': 'Game', 'shortText': 'Game', 'isExternal': True, 'isPremium': False}]"
401559823,http://sports.core.api.espn.com/v2/sports/hockey/leagues/nhl/events/401559823/competitions/401559823/odds/47?lang=en&region=us,DAL -125,6.5,-1.5,100.0,-120.0,False,False,http://sports.core.api.espn.com/v2/sports/hockey/leagues/nhl/providers/47?lang=en&region=us,47,MGM,0,False,True,105,-250.0,False,+1.5,+1.5,1.44,4/9,-225,1.44,4/9,-225,2.1,11/10,+110,2.1,11/10,+110,+1.5,+1.5,1.4,2/5,-250,1.4,2/5,-250,2.05,21/20,+105,2.05,21/20,+105,+1.5,+1.5,1.4,2/5,-250,1.4,2/5,-250,2.05,21/20,+105,2.05,21/20,+105,http://sports.core.api.espn.com/v2/sports/hockey/leagues/nhl/seasons/2024/teams/17?lang=en&region=us,True,False,-125,190.0,True,-1.5,-1.5,-1.5,-1.5,-1.5,-1.5,2.8,9/5,+180,2.8,9/5,+180,1.77,10/13,-130,1.77,10/13,-130,-1.5,-1.5,-1.5,-1.5,-1.5,-1.5,2.9,19/10,+190,2.9,19/10,+190,1.8,4/5,-125,1.8,4/5,-125,-1.5,-1.5,-1.5,-1.5,-1.5,-1.5,2.9,19/10,+190,2.9,19/10,+190,1.8,4/5,-125,1.8,4/5,-125,http://sports.core.api.espn.com/v2/sports/hockey/leagues/nhl/seasons/2024/teams/9?lang=en&region=us,1.91,10/11,-110,1.91,10/11,-110,1.91,10/11,-110,1.91,10/11,-110,6.5,6.5,6.5,6.5,6.5,6.5,2.0,1/1,+100,2.0,1/1,+100,1.83,5/6,-120,1.83,5/6,-120,6.5,6.5,6.5,6.5,6.5,6.5,2.0,1/1,+100,2.0,1/1,+100,1.83,5/6,-120,1.83,5/6,-120,6.5,6.5,6.5,6.5,6.5,6.5,
401559823,http://sports.core.api.espn.com/v2/sports/hockey/leagues/nhl/events/401559823/competitions/401559823/odds/41?lang=en&region=us,DAL +125,6.0,-1.5,-119.0,-102.0,False,False,http://sports.core.api.espn.com/v2/sports/hockey/leagues/nhl/providers/41?lang=en&region=us,41,SugarHouse,0,False,True,170,-233.0,False,+1.5,+1.5,1.44,100/227,-227,1.44,100/227,-227,2.55,31/20,+155,2.55,31/20,+155,+1.5,+1.5,1.43,100/233,-233,1.43,100/233,-233,2.7,17/10,+170,2.7,17/10,+170,+1.5,+1.5,1.43,100/233,-233,1.43,100/233,-233,2.7,17/10,+170,2.7,17/10,+170,http://sports.core.api.espn.com/v2/sports/hockey/leagues/nhl/seasons/2024/teams/17?lang=en&region=us,True,False,125,185.0,True,-1.5,-1.5,-1.5,-1.5,-1.5,-1.5,2.85,37/20,+185,2.85,37/20,+185,2.33,133/100,+133,2.33,133/100,+133,-1.5,-1.5,-1.5,-1.5,-1.5,-1.5,2.85,37/20,+185,2.85,37/20,+185,2.25,5/4,+125,2.25,5/4,+125,-1.5,-1.5,-1.5,-1.5,-1.5,-1.5,2.85,37/20,+185,2.85,37/20,+185,2.25,5/4,+125,2.25,5/4,+125,http://sports.core.api.espn.com/v2/sports/hockey/leagues/nhl/seasons/2024/teams/9?lang=en&region=us,1.77,10/13,-130,1.77,10/13,-130,2.07,107/100,+107,2.07,107/100,+107,6.0,6,6,6.0,6,6,1.84,100/119,-119,1.84,100/119,-119,1.98,50/51,-102,1.98,50/51,-102,6.0,6,6,6.0,6,6,1.84,100/119,-119,1.84,100/119,-119,1.98,50/51,-102,1.98,50/51,-102,6.0,6,6,6.0,6,6,
401559823,http://sports.core.api.espn.com/v2/sports/hockey/leagues/nhl/events/401559823/competitions/401559823/odds/53?lang=en&region=us,DAL +120,5.5,-1.5,-175.0,125.0,False,False,http://sports.core.api.espn.com/v2/sports/hockey/leagues/nhl/providers/53?lang=en&region=us,53,Titanbets,0,False,True,155,-238.0,False,+1.5,+1.5,1.4,2/5,-250,1.4,2/5,-250,2.55,31/20,+155,2.55,31/20,+155,+1.5,+1.5,1.42,50/119,-238,1.42,50/119,-238,2.55,31/20,+155,2.55,31/20,+155,+1.5,+1.5,1.42,50/119,-238,1.42,50/119,-238,2.55,31/20,+155,2.55,31/20,+155,http://sports.core.api.espn.com/v2/sports/hockey/leagues/nhl/seasons/2024/teams/17?lang=en&region=us,True,False,120,190.0,True,-1.5,-1.5,-1.5,-1.5,-1.5,-1.5,2.95,39/20,+195,2.95,39/20,+195,2.2,6/5,+120,2.2,6/5,+120,-1.5,-1.5,-1.5,-1.5,-1.5,-1.5,2.9,19/10,+190,2.9,19/10,+190,2.2,6/5,+120,2.2,6/5,+120,-1.5,-1.5,-1.5,-1.5,-1.5,-1.5,2.9,19/10,+190,2.9,19/10,+190,2.2,6/5,+120,2.2,6/5,+120,http://sports.core.api.espn.com/v2/sports/hockey/leagues/nhl/seasons/2024/teams/9?lang=en&region=us,1.5,1/2,-200,1.5,1/2,-200,2.4,7/5,+140,2.4,7/5,+140,5.5,5.5,5.5,5.5,5.5,5.5,1.57,4/7,-175,1.57,4/7,-175,2.25,5/4,+125,2.25,5/4,+125,5.5,5.5,5.5,5.5,5.5,5.5,1.57,4/7,-175,1.57,4/7,-175,2.25,5/4,+125,2.25,5/4,+125,5.5,5.5,5.5,5.5,5.5,5.5,
401559823,http://sports.core.api.espn.com/v2/sports/hockey/leagues/nhl/events/401559823/competitions/401559823/odds/36?lang=en&region=us,DAL +125,5.5,-1.5,-167.0,140.0,False,False,http://sports.core.api.espn.com/v2/sports/hockey/leagues/nhl/providers/36?lang=en&region=us,36,Unibet,0,False,True,170,-235.0,False,+1.5,+1.5,1.43,10/23,-230,1.43,10/23,-230,2.55,31/20,+155,2.55,31/20,+155,+1.5,+1.5,1.43,20/47,-235,1.43,20/47,-235,2.7,17/10,+170,2.7,17/10,+170,+1.5,+1.5,1.43,20/47,-235,1.43,20/47,-235,2.7,17/10,+170,2.7,17/10,+170,http://sports.core.api.espn.com/v2/sports/hockey/leagues/nhl/seasons/2024/teams/17?lang=en&region=us,True,False,125,185.0,True,-1.5,-1.5,-1.5,-1.5,-1.5,-1.5,2.85,37/20,+185,2.85,37/20,+185,2.33,133/100,+133,2.33,133/100,+133,-1.5,-1.5,-1.5,-1.5,-1.5,-1.5,2.85,37/20,+185,2.85,37/20,+185,2.25,5/4,+125,2.25,5/4,+125,-1.5,-1.5,-1.5,-1.5,-1.5,-1.5,2.85,37/20,+185,2.85,37/20,+185,2.25,5/4,+125,2.25,5/4,+125,http://sports.core.api.espn.com/v2/sports/hockey/leagues/nhl/seasons/2024/teams/9?lang=en&region=us,1.55,50/91,-182,1.55,50/91,-182,2.5,3/2,+150,2.5,3/2,+150,5.5,5.5,5.5,5.5,5.5,5.5,1.6,100/167,-167,1.6,100/167,-167,2.4,7/5,+140,2.4,7/5,+140,5.5,5.5,5.5,5.5,5.5,5.5,1.6,100/167,-167,1.6,100/167,-167,2.4,7/5,+140,2.4,7/5,+140,5.5,5.5,5.5,5.5,5.5,5.5,
401559824,http://sports.core.api.espn.com/v2/sports/hockey/leagues/nhl/events/401559824/competitions/401559824/odds/1001?lang=en&region=us,TB +130,6.0,1.5,-120.0,100.0,False,False,http://sports.core.api.espn.com/v2/sports/hockey/leagues/nhl/providers/1001?lang=en&region=us,1001,Bet365,0,True,False,130,185.0,True,-1.5,-1.5,2.85,37/20,+185,2.85,37/20,+185,2.25,5/4,+125,2.25,5/4,+125,-1.5,-1.5,2.85,37/20,+185,2.85,37/20,+185,2.3,13/10,+130,2.3,13/10,+130,-1.5,-1.5,2.85,37/20,+185,2.85,37/20,+185,2.3,13/10,+130,2.3,13/10,+130,http://sports.core.api.espn.com/v2/sports/hockey/leagues/nhl/seasons/2024/teams/20?lang=en&region=us,False,True,160,-225.0,False,1.5,1.5,+1.5,1.5,1.5,+1.5,1.44,4/9,-225,1.44,4/9,-225,2.65,33/20,+165,2.65,33/20,+165,1.5,1.5,+1.5,1.5,1.5,+1.5,1.44,4/9,-225,1.44,4/9,-225,2.6,8/5,+160,2.6,8/5,+160,1.5,1.5,+1.5,1.5,1.5,+1.5,1.44,4/9,-225,1.44,4/9,-225,2.6,8/5,+160,2.6,8/5,+160,http://sports.core.api.espn.com/v2/sports/hockey/leagues/nhl/seasons/2024/teams/30?lang=en&region=us,1.87,20/23,-115,1.87,20/23,-115,1.95,20/21,-105,1.95,20/21,-105,6.0,6,6,6.0,6,6,1.83,5/6,-120,1.83,5/6,-120,2.0,1/1,+100,2.0,1/1,+100,6.0,6,6,6.0,6,6,1.83,5/6,-120,1.83,5/6,-120,2.0,1/1,+100,2.0,1/1,+100,6.0,6,6,6.0,6,6,
401559824,http://sports.core.api.espn.com/v2/sports/hockey/leagues/nhl/events/401559824/competitions/401559824/odds/52?lang=en&region=us,TB -130,6.0,1.5,-120.0,100.0,False,False,http://sports.core.api.espn.com/v2/sports/hockey/leagues/nhl/providers/52?lang=en&region=us,52,Caesars Sportsbook (Colorado),0,True,False,-130,185.0,True,-1.5,-1.5,2.8,9/5,+180,2.8,9/5,+180,1.77,10/13,-130,1.77,10/13,-130,-1.5,-1.5,2.85,37/20,+185,2.85,37/20,+185,1.77,10/13,-130,1.77,10/13,-130,-1.5,-1.5,2.85,37/20,+185,2.85,37/20,+185,1.77,10/13,-130,1.77,10/13,-130,http://sports.core.api.espn.com/v2/sports/hockey/leagues/nhl/seasons/2024/teams/20?lang=en&region=us,False,True,110,-225.0,False,1.5,1.5,+1.5,1.5,1.5,+1.5,1.45,5/11,-220,1.45,5/11,-220,2.1,11/10,+110,2.1,11/10,+110,1.5,1.5,+1.5,1.5,1.5,+1.5,1.44,4/9,-225,1.44,4/9,-225,2.1,11/10,+110,2.1,11/10,+110,1.5,1.5,+1.5,1.5,1.5,+1.5,1.44,4/9,-225,1.44,4/9,-225,2.1,11/10,+110,2.1,11/10,+110,http://sports.core.api.espn.com/v2/sports/hockey/leagues/nhl/seasons/2024/teams/30?lang=en&region=us,2.1,11/10,+110,2.1,11/10,+110,1.77,10/13,-130,1.77,10/13,-130,6.5,6.5,6.5,6.5,6.5,6.5,1.83,5/6,-120,1.83,5/6,-120,2.0,1/1,+100,2.0,1/1,+100,6.0,6,6,6.0,6,6,1.83,5/6,-120,1.83,5/6,-120,2.0,1/1,+100,2.0,1/1,+100,6.0,6,6,6.0,6,6,
401559824,http://sports.core.api.espn.com/v2/sports/hockey/leagues/nhl/events/401559824/competitions/401559824/odds/45?lang=en&region=us,TB -130,6.0,1.5,-120.0,100.0,False,False,http://sports.core.api.espn.com/v2/sports/hockey/leagues/nhl/providers/45?lang=en&region=us,45,Caesars Sportsbook (New Jersey),0,True,False,-130,185.0,True,-1.5,-1.5,2.92,48/25,+192,2.92,48/25,+192,1.83,5/6,-120,1.83,5/6,-120,-1.5,-1.5,2.85,37/20,+185,2.85,37/20,+185,1.77,10/13,-130,1.77,10/13,-130,-1.5,-1.5,2.85,37/20,+185,2.85,37/20,+185,1.77,10/13,-130,1.77,10/13,-130,http://sports.core.api.espn.com/v2/sports/hockey/leagues/nhl/seasons/2024/teams/20?lang=en&region=us,False,True,110,-225.0,False,1.5,1.5,+1.5,1.5,1.5,+1.5,1.43,20/47,-235,1.43,20/47,-235,2.0,1/1,+100,2.0,1/1,+100,1.5,1.5,+1.5,1.5,1.5,+1.5,1.44,4/9,-225,1.44,4/9,-225,2.1,11/10,+110,2.1,11/10,+110,1.5,1.5,+1.5,1.5,1.5,+1.5,1.44,4/9,-225,1.44,4/9,-225,2.1,11/10,+110,2.1,11/10,+110,http://sports.core.api.espn.com/v2/sports/hockey/leagues/nhl/seasons/2024/teams/30?lang=en&region=us,2.0,1/1,+100,2.0,1/1,+100,1.83,5/6,-120,1.83,5/6,-120,6.5,6.5,6.5,6.5,6.5,6.5,1.83,5/6,-120,1.83,5/6,-120,2.0,1/1,+100,2.0,1/1,+100,6.0,6,6,6.0,6,6,1.83,5/6,-120,1.83,5/6,-120,2.0,1/1,+100,2.0,1/1,+100,6.0,6,6,6.0,6,6,
401559824,http://sports.core.api.espn.com/v2/sports/hockey/leagues/nhl/events/401559824/competitions/401559824/odds/57?lang=en&region=us,TB -139,6.0,1.5,-120.0,100.0,False,False,http://sports.core.api.espn.com/v2/sports/hockey/leagues/nhl/providers/57?lang=en&region=us,57,Caesars Sportsbook (Tennessee),0,True,False,-139,185.0,True,-1.5,-1.5,2.8,9/5,+180,2.8,9/5,+180,1.72,100/139,-139,1.72,100/139,-139,-1.5,-1.5,2.85,37/20,+185,2.85,37/20,+185,1.72,100/139,-139,1.72,100/139,-139,-1.5,-1.5,2.85,37/20,+185,2.85,37/20,+185,1.72,100/139,-139,1.72,100/139,-139,http://sports.core.api.espn.com/v2/sports/hockey/leagues/nhl/seasons/2024/teams/20?lang=en&region=us,False,True,102,-225.0,False,1.5,1.5,+1.5,1.5,1.5,+1.5,1.45,5/11,-220,1.45,5/11,-220,2.02,51/50,+102,2.02,51/50,+102,1.5,1.5,+1.5,1.5,1.5,+1.5,1.44,4/9,-225,1.44,4/9,-225,2.02,51/50,+102,2.02,51/50,+102,1.5,1.5,+1.5,1.5,1.5,+1.5,1.44,4/9,-225,1.44,4/9,-225,2.02,51/50,+102,2.02,51/50,+102,http://sports.core.api.espn.com/v2/sports/hockey/leagues/nhl/seasons/2024/teams/30?lang=en&region=us,2.1,11/10,+110,2.1,11/10,+110,1.77,10/13,-130,1.77,10/13,-130,6.5,6.5,6.5,6.5,6.5,6.5,1.83,5/6,-120,1.83,5/6,-120,2.0,1/1,+100,2.0,1/1,+100,6.0,6,6,6.0,6,6,1.83,5/6,-120,1.83,5/6,-120,2.0,1/1,+100,2.0,1/1,+100,6.0,6,6,6.0,6,6,
401559824,http://sports.core.api.espn.com/v2/sports/hockey/leagues/nhl/events/401559824/competitions/401559824/odds/40?lang=en&region=us,TB +115,,1.5,,,False,False,http://sports.core.api.espn.com/v2/sports/hockey/leagues/nhl/providers/40?lang=en&region=us,40,DraftKings,0,True,False,115,185.0,True,-1.5,-1.5,2.95,39/20,+195,2.95,39/20,+195,2.25,5/4,+125,2.25,5/4,+125,-1.5,-1.5,2.85,37/20,+185,2.85,37/20,+185,2.15,23/20,+115,2.15,23/20,+115,-1.5,-1.5,2.85,37/20,+185,2.85,37/20,+185,2.15,23/20,+115,2.15,23/20,+115,http://sports.core.api.espn.com/v2/sports/hockey/leagues/nhl/seasons/2024/teams/20?lang=en&region=us,False,True,155,-225.0,False,1.5,1.5,+1.5,1.5,1.5,+1.5,1.42,50/119,-238,1.42,50/119,-238,2.4,7/5,+140,2.4,7/5,+140,1.5,1.5,+1.5,1.5,1.5,+1.5,1.44,4/9,-225,1.44,4/9,-225,2.55,31/20,+155,2.55,31/20,+155,1.5,1.5,+1.5,1.5,1.5,+1.5,1.44,4/9,-225,1.44,4/9,-225,2.55,31/20,+155,2.55,31/20,+155,http://sports.core.api.espn.com/v2/sports/hockey/leagues/nhl/seasons/2024/teams/30?lang=en&region=us,,,,,,,,,,,,,,,,,,,,,,,,,,,,,,,,,,,,,,,,,,,,,,,,,,,,,,,
401559824,http://sports.core.api.espn.com/v2/sports/hockey/leagues/nhl/events/401559824/competitions/401559824/odds/58?lang=en&region=us,TB -125,6.5,1.5,110.0,-130.0,False,False,http://sports.core.api.espn.com/v2/sports/hockey/leagues/nhl/providers/58?lang=en&region=us,58,ESPN BET,0,True,False,-125,180.0,True,-1.5,-1.5,2.8,9/5,+180,2.8,9/5,+180,1.77,10/13,-130,1.77,10/13,-130,-1.5,-1.5,2.8,9/5,+180,2.8,9/5,+180,1.8,4/5,-125,1.8,4/5,-125,-1.5,-1.5,2.8,9/5,+180,2.8,9/5,+180,1.8,4/5,-125,1.8,4/5,-125,http://sports.core.api.espn.com/v2/sports/hockey/leagues/nhl/seasons/2024/teams/20?lang=en&region=us,False,True,105,-235.0,False,,,+1.5,,,+1.5,1.43,20/47,-235,1.43,20/47,-235,2.1,11/10,+110,2.1,11/10,+110,,,+1.5,,,+1.5,1.43,20/47,-235,1.43,20/47,-235,2.05,21/20,+105,2.05,21/20,+105,,,+1.5,,,+1.5,1.43,20/47,-235,1.43,20/47,-235,2.05,21/20,+105,2.05,21/20,+105,http://sports.core.api.espn.com/v2/sports/hockey/leagues/nhl/seasons/2024/teams/30?lang=en&region=us,2.05,21/20,+105,2.05,21/20,+105,1.8,4/5,-125,1.8,4/5,-125,,,6.5,,,6.5,2.1,11/10,+110,2.1,11/10,+110,1.77,10/13,-130,1.77,10/13,-130,,,6.5,,,6.5,2.1,11/10,+110,2.1,11/10,+110,1.77,10/13,-130,1.77,10/13,-130,,,6.5,,,6.5,"[{'language': 'en-US', 'rel': ['home', 'desktop', 'bets', 'espn-bet'], 'href': 'https://espnbet.app.link?$canonical_url=/sport/hockey/organization/united-states/competition/nhl/event/37e10274-8a79-4d03-8802-bb6609498175', 'text': 'Home Bet', 'shortText': 'Home Bet', 'isExternal': True, 'isPremium': False}, {'language': 'en-US', 'rel': ['away', 'desktop', 'bets', 'espn-bet'], 'href': 'https://espnbet.app.link?$canonical_url=/sport/hockey/organization/united-states/competition/nhl/event/37e10274-8a79-4d03-8802-bb6609498175', 'text': 'Away Bet', 'shortText': 'Away Bet', 'isExternal': True, 'isPremium': False}, {'language': 'en-US', 'rel': ['homeSpread', 'desktop', 'bets'], 'href': 'https://espnbet.app.link?$canonical_url=/sport/hockey/organization/united-states/competition/nhl/event/37e10274-8a79-4d03-8802-bb6609498175', 'text': 'Home Point Spread', 'shortText': 'Home Point Spread', 'isExternal': True, 'isPremium': False}, {'language': 'en-US', 'rel': ['awaySpread', 'desktop', 'bets'], 'href': 'https://espnbet.app.link?$canonical_url=/sport/hockey/organization/united-states/competition/nhl/event/37e10274-8a79-4d03-8802-bb6609498175', 'text': 'Away Point Spread', 'shortText': 'Away Point Spread', 'isExternal': True, 'isPremium': False}, {'language': 'en-US', 'rel': ['over', 'desktop', 'bets'], 'href': 'https://espnbet.app.link?$canonical_url=/sport/hockey/organization/united-states/competition/nhl/event/37e10274-8a79-4d03-8802-bb6609498175', 'text': 'Over Odds', 'shortText': 'Over Odds', 'isExternal': True, 'isPremium': False}, {'language': 'en-US', 'rel': ['under', 'desktop', 'bets'], 'href': 'https://espnbet.app.link?$canonical_url=/sport/hockey/organization/united-states/competition/nhl/event/37e10274-8a79-4d03-8802-bb6609498175', 'text': 'Under Odds', 'shortText': 'Under Odds', 'isExternal': True, 'isPremium': False}, {'language': 'en-US', 'rel': ['game', 'desktop', 'bets'], 'href': 'https://espnbet.app.link?$canonical_url=/sport/hockey/organization/united-states/competition/nhl/event/37e10274-8a79-4d03-8802-bb6609498175', 'text': 'Game', 'shortText': 'Game', 'isExternal': True, 'isPremium': False}]"
401559824,http://sports.core.api.espn.com/v2/sports/hockey/leagues/nhl/events/401559824/competitions/401559824/odds/47?lang=en&region=us,TB -130,6.0,1.5,-120.0,100.0,False,False,http://sports.core.api.espn.com/v2/sports/hockey/leagues/nhl/providers/47?lang=en&region=us,47,MGM,0,True,False,-130,185.0,True,-1.5,-1.5,2.85,37/20,+185,2.85,37/20,+185,1.77,10/13,-130,1.77,10/13,-130,-1.5,-1.5,2.85,37/20,+185,2.85,37/20,+185,1.77,10/13,-130,1.77,10/13,-130,-1.5,-1.5,2.85,37/20,+185,2.85,37/20,+185,1.77,10/13,-130,1.77,10/13,-130,http://sports.core.api.espn.com/v2/sports/hockey/leagues/nhl/seasons/2024/teams/20?lang=en&region=us,False,True,110,-225.0,False,1.5,1.5,+1.5,1.5,1.5,+1.5,1.44,4/9,-225,1.44,4/9,-225,2.1,11/10,+110,2.1,11/10,+110,1.5,1.5,+1.5,1.5,1.5,+1.5,1.44,4/9,-225,1.44,4/9,-225,2.1,11/10,+110,2.1,11/10,+110,1.5,1.5,+1.5,1.5,1.5,+1.5,1.44,4/9,-225,1.44,4/9,-225,2.1,11/10,+110,2.1,11/10,+110,http://sports.core.api.espn.com/v2/sports/hockey/leagues/nhl/seasons/2024/teams/30?lang=en&region=us,1.95,20/21,-105,1.95,20/21,-105,1.87,20/23,-115,1.87,20/23,-115,6.0,6,6,6.0,6,6,1.83,5/6,-120,1.83,5/6,-120,2.0,1/1,+100,2.0,1/1,+100,6.0,6,6,6.0,6,6,1.83,5/6,-120,1.83,5/6,-120,2.0,1/1,+100,2.0,1/1,+100,6.0,6,6,6.0,6,6,
401559824,http://sports.core.api.espn.com/v2/sports/hockey/leagues/nhl/events/401559824/competitions/401559824/odds/41?lang=en&region=us,TB +128,6.0,1.5,100.0,-120.0,False,False,http://sports.core.api.espn.com/v2/sports/hockey/leagues/nhl/providers/41?lang=en&region=us,41,SugarHouse,0,True,False,128,190.0,True,-1.5,-1.5,2.85,37/20,+185,2.85,37/20,+185,2.43,143/100,+143,2.43,143/100,+143,-1.5,-1.5,2.9,19/10,+190,2.9,19/10,+190,2.28,32/25,+128,2.28,32/25,+128,-1.5,-1.5,2.9,19/10,+190,2.9,19/10,+190,2.28,32/25,+128,2.28,32/25,+128,http://sports.core.api.espn.com/v2/sports/hockey/leagues/nhl/seasons/2024/teams/20?lang=en&region=us,False,True,165,-233.0,False,1.5,1.5,+1.5,1.5,1.5,+1.5,1.44,100/227,-227,1.44,100/227,-227,2.45,29/20,+145,2.45,29/20,+145,1.5,1.5,+1.5,1.5,1.5,+1.5,1.43,100/233,-233,1.43,100/233,-233,2.65,33/20,+165,2.65,33/20,+165,1.5,1.5,+1.5,1.5,1.5,+1.5,1.43,100/233,-233,1.43,100/233,-233,2.65,33/20,+165,2.65,33/20,+165,http://sports.core.api.espn.com/v2/sports/hockey/leagues/nhl/seasons/2024/teams/30?lang=en&region=us,2.1,11/10,+110,2.1,11/10,+110,1.75,100/133,-133,1.75,100/133,-133,6.0,6,6,6.0,6,6,2.0,1/1,+100,2.0,1/1,+100,1.83,5/6,-120,1.83,5/6,-120,6.0,6,6,6.0,6,6,2.0,1/1,+100,2.0,1/1,+100,1.83,5/6,-120,1.83,5/6,-120,6.0,6,6,6.0,6,6,
401559824,http://sports.core.api.espn.com/v2/sports/hockey/leagues/nhl/events/401559824/competitions/401559824/odds/53?lang=en&region=us,TB +115,5.5,1.5,-163.0,115.0,False,False,http://sports.core.api.espn.com/v2/sports/hockey/leagues/nhl/providers/53?lang=en&region=us,53,Titanbets,0,True,False,115,185.0,True,-1.5,-1.5,2.85,37/20,+185,2.85,37/20,+185,2.15,23/20,+115,2.15,23/20,+115,-1.5,-1.5,2.85,37/20,+185,2.85,37/20,+185,2.15,23/20,+115,2.15,23/20,+115,-1.5,-1.5,2.85,37/20,+185,2.85,37/20,+185,2.15,23/20,+115,2.15,23/20,+115,http://sports.core.api.espn.com/v2/sports/hockey/leagues/nhl/seasons/2024/teams/20?lang=en&region=us,False,True,165,-238.0,False,1.5,1.5,+1.5,1.5,1.5,+1.5,1.42,50/119,-238,1.42,50/119,-238,2.63,163/100,+163,2.63,163/100,+163,1.5,1.5,+1.5,1.5,1.5,+1.5,1.42,50/119,-238,1.42,50/119,-238,2.65,33/20,+165,2.65,33/20,+165,1.5,1.5,+1.5,1.5,1.5,+1.5,1.42,50/119,-238,1.42,50/119,-238,2.65,33/20,+165,2.65,33/20,+165,http://sports.core.api.espn.com/v2/sports/hockey/leagues/nhl/seasons/2024/teams/30?lang=en&region=us,1.67,2/3,-150,1.67,2/3,-150,2.1,11/10,+110,2.1,11/10,+110,5.5,5.5,5.5,5.5,5.5,5.5,1.61,100/163,-163,1.61,100/163,-163,2.15,23/20,+115,2.15,23/20,+115,5.5,5.5,5.5,5.5,5.5,5.5,1.61,100/163,-163,1.61,100/163,-163,2.15,23/20,+115,2.15,23/20,+115,5.5,5.5,5.5,5.5,5.5,5.5,
401559824,http://sports.core.api.espn.com/v2/sports/hockey/leagues/nhl/events/401559824/competitions/401559824/odds/36?lang=en&region=us,MIN +165,5.5,-1.5,-148.0,120.0,False,False,http://sports.core.api.espn.com/v2/sports/hockey/leagues/nhl/providers/36?lang=en&region=us,36,Unibet,0,False,True,128,-315.0,False,+1.5,+1.5,1.3,20/67,-335,1.3,20/67,-335,2.43,143/100,+143,2.43,143/100,+143,+1.5,+1.5,1.32,20/63,-315,1.32,20/63,-315,2.28,32/25,+128,2.28,32/25,+128,+1.5,+1.5,1.32,20/63,-315,1.32,20/63,-315,2.28,32/25,+128,2.28,32/25,+128,http://sports.core.api.espn.com/v2/sports/hockey/leagues/nhl/seasons/2024/teams/20?lang=en&region=us,True,False,165,245.0,True,-1.5,-1.5,-1.5,-1.5,-1.5,-1.5,3.6,13/5,+260,3.6,13/5,+260,2.45,29/20,+145,2.45,29/20,+145,-1.5,-1.5,-1.5,-1.5,-1.5,-1.5,3.45,49/20,+245,3.45,49/20,+245,2.65,33/20,+165,2.65,33/20,+165,-1.5,-1.5,-1.5,-1.5,-1.5,-1.5,3.45,49/20,+245,3.45,49/20,+245,2.65,33/20,+165,2.65,33/20,+165,http://sports.core.api.espn.com/v2/sports/hockey/leagues/nhl/seasons/2024/teams/30?lang=en&region=us,1.74,25/34,-136,1.74,25/34,-136,2.12,28/25,+112,2.12,28/25,+112,5.5,5.5,5.5,5.5,5.5,5.5,1.68,25/37,-148,1.68,25/37,-148,2.2,6/5,+120,2.2,6/5,+120,5.5,5.5,5.5,5.5,5.5,5.5,1.68,25/37,-148,1.68,25/37,-148,2.2,6/5,+120,2.2,6/5,+120,5.5,5.5,5.5,5.5,5.5,5.5,
401559825,http://sports.core.api.espn.com/v2/sports/hockey/leagues/nhl/events/401559825/competitions/401559825/odds/1001?lang=en&region=us,NYI +135,6.0,1.5,-105.0,-115.0,False,False,http://sports.core.api.espn.com/v2/sports/hockey/leagues/nhl/providers/1001?lang=en&region=us,1001,Bet365,0,True,False,135,200.0,True,-1.5,-1.5,3.1,21/10,+210,3.1,21/10,+210,2.45,29/20,+145,2.45,29/20,+145,-1.5,-1.5,3.0,2/1,+200,3.0,2/1,+200,2.35,27/20,+135,2.35,27/20,+135,-1.5,-1.5,3.0,2/1,+200,3.0,2/1,+200,2.35,27/20,+135,2.35,27/20,+135,http://sports.core.api.espn.com/v2/sports/hockey/leagues/nhl/seasons/2024/teams/12?lang=en&region=us,False,True,155,-245.0,False,1.5,1.5,+1.5,1.5,1.5,+1.5,1.38,5/13,-260,1.38,5/13,-260,2.45,29/20,+145,2.45,29/20,+145,1.5,1.5,+1.5,1.5,1.5,+1.5,1.41,20/49,-245,1.41,20/49,-245,2.55,31/20,+155,2.55,31/20,+155,1.5,1.5,+1.5,1.5,1.5,+1.5,1.41,20/49,-245,1.41,20/49,-245,2.55,31/20,+155,2.55,31/20,+155,http://sports.core.api.espn.com/v2/sports/hockey/leagues/nhl/seasons/2024/teams/24?lang=en&region=us,1.91,10/11,-110,1.91,10/11,-110,1.91,10/11,-110,1.91,10/11,-110,6.0,6,6,6.0,6,6,1.95,20/21,-105,1.95,20/21,-105,1.87,20/23,-115,1.87,20/23,-115,6.0,6,6,6.0,6,6,1.95,20/21,-105,1.95,20/21,-105,1.87,20/23,-115,1.87,20/23,-115,6.0,6,6,6.0,6,6,
401559825,http://sports.core.api.espn.com/v2/sports/hockey/leagues/nhl/events/401559825/competitions/401559825/odds/52?lang=en&region=us,NYI -110,6.0,1.5,-105.0,-115.0,False,False,http://sports.core.api.espn.com/v2/sports/hockey/leagues/nhl/providers/52?lang=en&region=us,52,Caesars Sportsbook (Colorado),0,True,False,-110,205.0,True,-1.5,-1.5,3.05,41/20,+205,3.05,41/20,+205,1.87,20/23,-115,1.87,20/23,-115,-1.5,-1.5,3.05,41/20,+205,3.05,41/20,+205,1.91,10/11,-110,1.91,10/11,-110,-1.5,-1.5,3.05,41/20,+205,3.05,41/20,+205,1.91,10/11,-110,1.91,10/11,-110,http://sports.core.api.espn.com/v2/sports/hockey/leagues/nhl/seasons/2024/teams/12?lang=en&region=us,False,True,-110,-250.0,False,1.5,1.5,+1.5,1.5,1.5,+1.5,1.4,2/5,-250,1.4,2/5,-250,1.95,20/21,-105,1.95,20/21,-105,1.5,1.5,+1.5,1.5,1.5,+1.5,1.4,2/5,-250,1.4,2/5,-250,1.91,10/11,-110,1.91,10/11,-110,1.5,1.5,+1.5,1.5,1.5,+1.5,1.4,2/5,-250,1.4,2/5,-250,1.91,10/11,-110,1.91,10/11,-110,http://sports.core.api.espn.com/v2/sports/hockey/leagues/nhl/seasons/2024/teams/24?lang=en&region=us,1.91,10/11,-110,1.91,10/11,-110,1.91,10/11,-110,1.91,10/11,-110,6.0,6,6,6.0,6,6,1.95,20/21,-105,1.95,20/21,-105,1.87,20/23,-115,1.87,20/23,-115,6.0,6,6,6.0,6,6,1.95,20/21,-105,1.95,20/21,-105,1.87,20/23,-115,1.87,20/23,-115,6.0,6,6,6.0,6,6,
401559825,http://sports.core.api.espn.com/v2/sports/hockey/leagues/nhl/events/401559825/competitions/401559825/odds/45?lang=en&region=us,NYI -110,6.0,1.5,-105.0,-115.0,False,False,http://sports.core.api.espn.com/v2/sports/hockey/leagues/nhl/providers/45?lang=en&region=us,45,Caesars Sportsbook (New Jersey),0,True,False,-110,205.0,True,-1.5,-1.5,3.05,41/20,+205,3.05,41/20,+205,1.87,20/23,-115,1.87,20/23,-115,-1.5,-1.5,3.05,41/20,+205,3.05,41/20,+205,1.91,10/11,-110,1.91,10/11,-110,-1.5,-1.5,3.05,41/20,+205,3.05,41/20,+205,1.91,10/11,-110,1.91,10/11,-110,http://sports.core.api.espn.com/v2/sports/hockey/leagues/nhl/seasons/2024/teams/12?lang=en&region=us,False,True,-110,-250.0,False,1.5,1.5,+1.5,1.5,1.5,+1.5,1.4,2/5,-250,1.4,2/5,-250,1.95,20/21,-105,1.95,20/21,-105,1.5,1.5,+1.5,1.5,1.5,+1.5,1.4,2/5,-250,1.4,2/5,-250,1.91,10/11,-110,1.91,10/11,-110,1.5,1.5,+1.5,1.5,1.5,+1.5,1.4,2/5,-250,1.4,2/5,-250,1.91,10/11,-110,1.91,10/11,-110,http://sports.core.api.espn.com/v2/sports/hockey/leagues/nhl/seasons/2024/teams/24?lang=en&region=us,1.91,10/11,-110,1.91,10/11,-110,1.91,10/11,-110,1.91,10/11,-110,6.0,6,6,6.0,6,6,1.95,20/21,-105,1.95,20/21,-105,1.87,20/23,-115,1.87,20/23,-115,6.0,6,6,6.0,6,6,1.95,20/21,-105,1.95,20/21,-105,1.87,20/23,-115,1.87,20/23,-115,6.0,6,6,6.0,6,6,
401559825,http://sports.core.api.espn.com/v2/sports/hockey/leagues/nhl/events/401559825/competitions/401559825/odds/57?lang=en&region=us,NYI -121,6.0,1.5,-105.0,-115.0,False,False,http://sports.core.api.espn.com/v2/sports/hockey/leagues/nhl/providers/57?lang=en&region=us,57,Caesars Sportsbook (Tennessee),0,True,False,-121,205.0,True,-1.5,-1.5,3.05,41/20,+205,3.05,41/20,+205,1.81,100/123,-123,1.81,100/123,-123,-1.5,-1.5,3.05,41/20,+205,3.05,41/20,+205,1.83,100/121,-121,1.83,100/121,-121,-1.5,-1.5,3.05,41/20,+205,3.05,41/20,+205,1.83,100/121,-121,1.83,100/121,-121,http://sports.core.api.espn.com/v2/sports/hockey/leagues/nhl/seasons/2024/teams/12?lang=en&region=us,False,True,-113,-250.0,False,1.5,1.5,+1.5,1.5,1.5,+1.5,1.4,2/5,-250,1.4,2/5,-250,1.9,100/111,-111,1.9,100/111,-111,1.5,1.5,+1.5,1.5,1.5,+1.5,1.4,2/5,-250,1.4,2/5,-250,1.88,100/113,-113,1.88,100/113,-113,1.5,1.5,+1.5,1.5,1.5,+1.5,1.4,2/5,-250,1.4,2/5,-250,1.88,100/113,-113,1.88,100/113,-113,http://sports.core.api.espn.com/v2/sports/hockey/leagues/nhl/seasons/2024/teams/24?lang=en&region=us,1.91,10/11,-110,1.91,10/11,-110,1.91,10/11,-110,1.91,10/11,-110,6.0,6,6,6.0,6,6,1.95,20/21,-105,1.95,20/21,-105,1.87,20/23,-115,1.87,20/23,-115,6.0,6,6,6.0,6,6,1.95,20/21,-105,1.95,20/21,-105,1.87,20/23,-115,1.87,20/23,-115,6.0,6,6,6.0,6,6,
401559825,http://sports.core.api.espn.com/v2/sports/hockey/leagues/nhl/events/401559825/competitions/401559825/odds/40?lang=en&region=us,NYI +115,,1.5,,,False,False,http://sports.core.api.espn.com/v2/sports/hockey/leagues/nhl/providers/40?lang=en&region=us,40,DraftKings,0,True,False,115,205.0,True,-1.5,-1.5,3.1,21/10,+210,3.1,21/10,+210,2.15,23/20,+115,2.15,23/20,+115,-1.5,-1.5,3.05,41/20,+205,3.05,41/20,+205,2.15,23/20,+115,2.15,23/20,+115,-1.5,-1.5,3.05,41/20,+205,3.05,41/20,+205,2.15,23/20,+115,2.15,23/20,+115,http://sports.core.api.espn.com/v2/sports/hockey/leagues/nhl/seasons/2024/teams/12?lang=en&region=us,False,True,160,-250.0,False,1.5,1.5,+1.5,1.5,1.5,+1.5,1.39,50/129,-258,1.39,50/129,-258,2.6,8/5,+160,2.6,8/5,+160,1.5,1.5,+1.5,1.5,1.5,+1.5,1.4,2/5,-250,1.4,2/5,-250,2.6,8/5,+160,2.6,8/5,+160,1.5,1.5,+1.5,1.5,1.5,+1.5,1.4,2/5,-250,1.4,2/5,-250,2.6,8/5,+160,2.6,8/5,+160,http://sports.core.api.espn.com/v2/sports/hockey/leagues/nhl/seasons/2024/teams/24?lang=en&region=us,,,,,,,,,,,,,,,,,,,,,,,,,,,,,,,,,,,,,,,,,,,,,,,,,,,,,,,
401559825,http://sports.core.api.espn.com/v2/sports/hockey/leagues/nhl/events/401559825/competitions/401559825/odds/58?lang=en&region=us,ARI -110,5.5,-1.5,-140.0,120.0,False,False,http://sports.core.api.espn.com/v2/sports/hockey/leagues/nhl/providers/58?lang=en&region=us,58,ESPN BET,0,False,True,-110,-300.0,True,-1.5,-1.5,2.9,19/10,+190,2.9,19/10,+190,1.83,5/6,-120,1.83,5/6,-120,+1.5,+1.5,1.33,1/3,-300,1.33,1/3,-300,1.91,10/11,-110,1.91,10/11,-110,+1.5,+1.5,1.33,1/3,-300,1.33,1/3,-300,1.91,10/11,-110,1.91,10/11,-110,http://sports.core.api.espn.com/v2/sports/hockey/leagues/nhl/seasons/2024/teams/12?lang=en&region=us,True,False,-110,210.0,False,,,+1.5,,,+1.5,1.38,20/53,-265,1.38,20/53,-265,2.0,1/1,+100,2.0,1/1,+100,,,-1.5,,,-1.5,3.1,21/10,+210,3.1,21/10,+210,1.91,10/11,-110,1.91,10/11,-110,,,-1.5,,,-1.5,3.1,21/10,+210,3.1,21/10,+210,1.91,10/11,-110,1.91,10/11,-110,http://sports.core.api.espn.com/v2/sports/hockey/leagues/nhl/seasons/2024/teams/24?lang=en&region=us,1.77,10/13,-130,1.77,10/13,-130,2.1,11/10,+110,2.1,11/10,+110,,,5.5,,,5.5,1.71,5/7,-140,1.71,5/7,-140,2.2,6/5,+120,2.2,6/5,+120,,,5.5,,,5.5,1.71,5/7,-140,1.71,5/7,-140,2.2,6/5,+120,2.2,6/5,+120,,,5.5,,,5.5,"[{'language': 'en-US', 'rel': ['home', 'desktop', 'bets', 'espn-bet'], 'href': 'https://espnbet.app.link?$canonical_url=/sport/hockey/organization/united-states/competition/nhl/event/1c38879d-3200-4731-87a1-37f4352646cd', 'text': 'Home Bet', 'shortText': 'Home Bet', 'isExternal': True, 'isPremium': False}, {'language': 'en-US', 'rel': ['away', 'desktop', 'bets', 'espn-bet'], 'href': 'https://espnbet.app.link?$canonical_url=/sport/hockey/organization/united-states/competition/nhl/event/1c38879d-3200-4731-87a1-37f4352646cd', 'text': 'Away Bet', 'shortText': 'Away Bet', 'isExternal': True, 'isPremium': False}, {'language': 'en-US', 'rel': ['homeSpread', 'desktop', 'bets'], 'href': 'https://espnbet.app.link?$canonical_url=/sport/hockey/organization/united-states/competition/nhl/event/1c38879d-3200-4731-87a1-37f4352646cd', 'text': 'Home Point Spread', 'shortText': 'Home Point Spread', 'isExternal': True, 'isPremium': False}, {'language': 'en-US', 'rel': ['awaySpread', 'desktop', 'bets'], 'href': 'https://espnbet.app.link?$canonical_url=/sport/hockey/organization/united-states/competition/nhl/event/1c38879d-3200-4731-87a1-37f4352646cd', 'text': 'Away Point Spread', 'shortText': 'Away Point Spread', 'isExternal': True, 'isPremium': False}, {'language': 'en-US', 'rel': ['over', 'desktop', 'bets'], 'href': 'https://espnbet.app.link?$canonical_url=/sport/hockey/organization/united-states/competition/nhl/event/1c38879d-3200-4731-87a1-37f4352646cd', 'text': 'Over Odds', 'shortText': 'Over Odds', 'isExternal': True, 'isPremium': False}, {'language': 'en-US', 'rel': ['under', 'desktop', 'bets'], 'href': 'https://espnbet.app.link?$canonical_url=/sport/hockey/organization/united-states/competition/nhl/event/1c38879d-3200-4731-87a1-37f4352646cd', 'text': 'Under Odds', 'shortText': 'Under Odds', 'isExternal': True, 'isPremium': False}, {'language': 'en-US', 'rel': ['game', 'desktop', 'bets'], 'href': 'https://espnbet.app.link?$canonical_url=/sport/hockey/organization/united-states/competition/nhl/event/1c38879d-3200-4731-87a1-37f4352646cd', 'text': 'Game', 'shortText': 'Game', 'isExternal': True, 'isPremium': False}]"
401559825,http://sports.core.api.espn.com/v2/sports/hockey/leagues/nhl/events/401559825/competitions/401559825/odds/47?lang=en&region=us,NYI -115,6.0,1.5,-110.0,-110.0,False,False,http://sports.core.api.espn.com/v2/sports/hockey/leagues/nhl/providers/47?lang=en&region=us,47,MGM,0,True,False,-115,200.0,False,+1.5,+1.5,1.36,4/11,-275,1.36,4/11,-275,1.83,5/6,-120,1.83,5/6,-120,-1.5,-1.5,3.0,2/1,+200,3.0,2/1,+200,1.87,20/23,-115,1.87,20/23,-115,-1.5,-1.5,3.0,2/1,+200,3.0,2/1,+200,1.87,20/23,-115,1.87,20/23,-115,http://sports.core.api.espn.com/v2/sports/hockey/leagues/nhl/seasons/2024/teams/12?lang=en&region=us,False,True,-105,-250.0,True,-1.5,-1.5,-1.5,-1.5,-1.5,-1.5,3.25,9/4,+225,3.25,9/4,+225,2.0,1/1,+100,2.0,1/1,+100,1.5,1.5,+1.5,1.5,1.5,+1.5,1.4,2/5,-250,1.4,2/5,-250,1.95,20/21,-105,1.95,20/21,-105,1.5,1.5,+1.5,1.5,1.5,+1.5,1.4,2/5,-250,1.4,2/5,-250,1.95,20/21,-105,1.95,20/21,-105,http://sports.core.api.espn.com/v2/sports/hockey/leagues/nhl/seasons/2024/teams/24?lang=en&region=us,1.91,10/11,-110,1.91,10/11,-110,1.91,10/11,-110,1.91,10/11,-110,6.0,6,6,6.0,6,6,1.91,10/11,-110,1.91,10/11,-110,1.91,10/11,-110,1.91,10/11,-110,6.0,6,6,6.0,6,6,1.91,10/11,-110,1.91,10/11,-110,1.91,10/11,-110,1.91,10/11,-110,6.0,6,6,6.0,6,6,
401559825,http://sports.core.api.espn.com/v2/sports/hockey/leagues/nhl/events/401559825/competitions/401559825/odds/41?lang=en&region=us,NYI +138,5.5,1.5,-133.0,110.0,False,False,http://sports.core.api.espn.com/v2/sports/hockey/leagues/nhl/providers/41?lang=en&region=us,41,SugarHouse,0,True,False,138,205.0,True,-1.5,-1.5,3.0,2/1,+200,3.0,2/1,+200,2.45,29/20,+145,2.45,29/20,+145,-1.5,-1.5,3.05,41/20,+205,3.05,41/20,+205,2.38,69/50,+138,2.38,69/50,+138,-1.5,-1.5,3.05,41/20,+205,3.05,41/20,+205,2.38,69/50,+138,2.38,69/50,+138,http://sports.core.api.espn.com/v2/sports/hockey/leagues/nhl/seasons/2024/teams/12?lang=en&region=us,False,True,150,-263.0,False,1.5,1.5,+1.5,1.5,1.5,+1.5,1.4,2/5,-250,1.4,2/5,-250,2.45,29/20,+145,2.45,29/20,+145,1.5,1.5,+1.5,1.5,1.5,+1.5,1.38,100/263,-263,1.38,100/263,-263,2.5,3/2,+150,2.5,3/2,+150,1.5,1.5,+1.5,1.5,1.5,+1.5,1.38,100/263,-263,1.38,100/263,-263,2.5,3/2,+150,2.5,3/2,+150,http://sports.core.api.espn.com/v2/sports/hockey/leagues/nhl/seasons/2024/teams/24?lang=en&region=us,3.05,41/20,+205,3.05,41/20,+205,1.37,10/27,-270,1.37,10/27,-270,7.0,7,7,7.0,7,7,1.75,100/133,-133,1.75,100/133,-133,2.1,11/10,+110,2.1,11/10,+110,5.5,5.5,5.5,5.5,5.5,5.5,1.75,100/133,-133,1.75,100/133,-133,2.1,11/10,+110,2.1,11/10,+110,5.5,5.5,5.5,5.5,5.5,5.5,
401559825,http://sports.core.api.espn.com/v2/sports/hockey/leagues/nhl/events/401559825/competitions/401559825/odds/53?lang=en&region=us,NYI +130,5.5,1.5,-138.0,100.0,False,False,http://sports.core.api.espn.com/v2/sports/hockey/leagues/nhl/providers/53?lang=en&region=us,53,Titanbets,0,True,False,130,200.0,True,-1.5,-1.5,3.0,2/1,+200,3.0,2/1,+200,2.25,5/4,+125,2.25,5/4,+125,-1.5,-1.5,3.0,2/1,+200,3.0,2/1,+200,2.3,13/10,+130,2.3,13/10,+130,-1.5,-1.5,3.0,2/1,+200,3.0,2/1,+200,2.3,13/10,+130,2.3,13/10,+130,http://sports.core.api.espn.com/v2/sports/hockey/leagues/nhl/seasons/2024/teams/12?lang=en&region=us,False,True,145,-250.0,False,1.5,1.5,+1.5,1.5,1.5,+1.5,1.4,2/5,-250,1.4,2/5,-250,2.45,29/20,+145,2.45,29/20,+145,1.5,1.5,+1.5,1.5,1.5,+1.5,1.4,2/5,-250,1.4,2/5,-250,2.45,29/20,+145,2.45,29/20,+145,1.5,1.5,+1.5,1.5,1.5,+1.5,1.4,2/5,-250,1.4,2/5,-250,2.45,29/20,+145,2.45,29/20,+145,http://sports.core.api.espn.com/v2/sports/hockey/leagues/nhl/seasons/2024/teams/24?lang=en&region=us,1.65,50/77,-154,1.65,50/77,-154,2.1,11/10,+110,2.1,11/10,+110,5.5,5.5,5.5,5.5,5.5,5.5,1.72,50/69,-138,1.72,50/69,-138,2.0,1/1,+100,2.0,1/1,+100,5.5,5.5,5.5,5.5,5.5,5.5,1.72,50/69,-138,1.72,50/69,-138,2.0,1/1,+100,2.0,1/1,+100,5.5,5.5,5.5,5.5,5.5,5.5,
401559825,http://sports.core.api.espn.com/v2/sports/hockey/leagues/nhl/events/401559825/competitions/401559825/odds/36?lang=en&region=us,NYI +140,5.5,1.5,-127.0,105.0,False,False,http://sports.core.api.espn.com/v2/sports/hockey/leagues/nhl/providers/36?lang=en&region=us,36,Unibet,0,True,False,140,210.0,True,-1.5,-1.5,3.0,2/1,+200,3.0,2/1,+200,2.45,29/20,+145,2.45,29/20,+145,-1.5,-1.5,3.1,21/10,+210,3.1,21/10,+210,2.4,7/5,+140,2.4,7/5,+140,-1.5,-1.5,3.1,21/10,+210,3.1,21/10,+210,2.4,7/5,+140,2.4,7/5,+140,http://sports.core.api.espn.com/v2/sports/hockey/leagues/nhl/seasons/2024/teams/12?lang=en&region=us,False,True,150,-265.0,False,1.5,1.5,+1.5,1.5,1.5,+1.5,1.4,2/5,-250,1.4,2/5,-250,2.45,29/20,+145,2.45,29/20,+145,1.5,1.5,+1.5,1.5,1.5,+1.5,1.38,20/53,-265,1.38,20/53,-265,2.5,3/2,+150,2.5,3/2,+150,1.5,1.5,+1.5,1.5,1.5,+1.5,1.38,20/53,-265,1.38,20/53,-265,2.5,3/2,+150,2.5,3/2,+150,http://sports.core.api.espn.com/v2/sports/hockey/leagues/nhl/seasons/2024/teams/24?lang=en&region=us,1.7,100/143,-143,1.7,100/143,-143,2.18,59/50,+118,2.18,59/50,+118,5.5,5.5,5.5,5.5,5.5,5.5,1.79,100/127,-127,1.79,100/127,-127,2.05,21/20,+105,2.05,21/20,+105,5.5,5.5,5.5,5.5,5.5,5.5,1.79,100/127,-127,1.79,100/127,-127,2.05,21/20,+105,2.05,21/20,+105,5.5,5.5,5.5,5.5,5.5,5.5,
