game_id,game_date,market_type,bet_side,line,primary_probability,decimal_odds,break_even_probability,primary_ev,actual_result,result_type,realized_profit,prob_disagreement,margin_disagreement,total_disagreement,secondary_status,prob_threshold_q60,margin_threshold_q60,total_threshold_q60,prob_threshold_q70,margin_threshold_q70,total_threshold_q70,prob_threshold_q75,margin_threshold_q75,total_threshold_q75,prob_threshold_q80,margin_threshold_q80,total_threshold_q80,prob_threshold_q85,margin_threshold_q85,total_threshold_q85,prob_threshold_q90,margin_threshold_q90,total_threshold_q90,sdv_home_win_prob,weighted_home_win_prob,meta_home_win_prob,sdv_exp_margin,weighted_exp_margin,meta_exp_margin,sdv_exp_total,weighted_exp_total,meta_exp_total,sdv_home_cover_prob_puck,sdv_under_prob_total,sdv_push_prob_total,sdv_over_prob_total,weighted_home_cover_prob_puck,weighted_under_prob_total,weighted_push_prob_total,weighted_over_prob_total,meta_home_cover_prob_puck,meta_under_prob_total,meta_push_prob_total,meta_over_prob_total,relevant_disagreement,sdv_production_support,sdv_explicit_side_probability,sdv_price_margin,weighted_production_support,weighted_explicit_side_probability,weighted_price_margin,meta_production_support,meta_explicit_side_probability,meta_price_margin,configured_secondary_price_margin,configured_price_aware_support,strategy_probability,outer_fold,evaluated_strategy
2025021207,2026-04-04,moneyline,home,,0.4951798209569341,2.2,0.45454545454545453,0.08939560610525499,1.0,decision,1.2000000000000002,0.06382564889708953,0.1998481814354011,1.915135140634126,ready,0.0544757529600444,0.7155932904617623,1.8535574137836812,0.06584721121190663,0.8069744857499785,1.9181775390220686,0.07537832799537225,0.8516837565650973,1.9552305557878178,0.08425205983321644,0.8959260970096871,1.999030700934353,0.09370643515747443,0.9503356223131079,2.041349479237687,0.1068550890635779,1.004925968316385,2.1109263521848116,0.5568256488970895,0.5036971444140852,0.5041088173611912,0.1298481814354009,0.049908908861240456,-0.100429195006833,3.994864859365874,5.91,6.040221137131578,,0.5695615514333895,0.0,0.43043844856661045,,0.5560708263069141,0.0,0.44392917369308604,,0.5636593591905564,0.0,0.4363406408094435,0.06382564889708953,supports,0.5568256488970895,0.10228019435163499,supports,0.5036971444140852,0.049151689868630666,supports,0.5041088173611912,0.049563362815736645,0.10228019435163499,True,0.4951798209569341,2,current_p75
2025021207,2026-04-04,total,under,6.5,0.6139079078590518,1.77,0.5649717514124294,0.08661699691052172,1.0,decision,0.77,0.06382564889708953,0.1998481814354011,1.915135140634126,ready,0.0544757529600444,0.7155932904617623,1.8535574137836812,0.06584721121190663,0.8069744857499785,1.9181775390220686,0.07537832799537225,0.8516837565650973,1.9552305557878178,0.08425205983321644,0.8959260970096871,1.999030700934353,0.09370643515747443,0.9503356223131079,2.041349479237687,0.1068550890635779,1.004925968316385,2.1109263521848116,0.5568256488970895,0.5036971444140852,0.5041088173611912,0.1298481814354009,0.049908908861240456,-0.100429195006833,3.994864859365874,5.91,6.040221137131578,,0.5695615514333895,0.0,0.43043844856661045,,0.5560708263069141,0.0,0.44392917369308604,,0.5636593591905564,0.0,0.4363406408094435,1.915135140634126,supports,0.5695615514333895,0.0045898000209601,supports,0.5560708263069141,-0.008900925105515323,supports,0.5636593591905564,-0.00131239222187296,0.0045898000209601,True,0.6139079078590518,2,current_p75
2025021210,2026-04-04,puck_line,away,1.5,0.7144427518144784,1.6,0.625,0.1431084029031655,0.0,decision,-1.0,0.035185052301625164,0.7398527895184501,2.269110702867194,ready,0.0544757529600444,0.7155932904617623,1.8535574137836812,0.06584721121190663,0.8069744857499785,1.9181775390220686,0.07537832799537225,0.8516837565650973,1.9552305557878178,0.08425205983321644,0.8959260970096871,1.999030700934353,0.09370643515747443,0.9503356223131079,2.041349479237687,0.1068550890635779,1.004925968316385,2.1109263521848116,0.6621850523016252,0.6472596281902965,0.6503992328913089,0.38014721048155,0.67608832628893,0.9796715070526971,4.030889297132806,6.3,6.157570637178513,0.3022765598650928,,,,0.3908094435075885,,,,0.46922428330522764,,,,0.7398527895184501,supports,0.6977234401349073,0.07272344013490728,opposes,0.6091905564924115,-0.015809443507588505,opposes,0.5307757166947724,-0.09422428330522759,0.07272344013490728,True,0.7144427518144784,2,current_p75
2025021211,2026-04-04,moneyline,away,,0.4756292689181356,2.8,0.35714285714285715,0.3317619529707796,0.0,decision,-1.0,0.0007629797532169302,0.6364167193743114,2.003247494737325,ready,0.0544757529600444,0.7155932904617623,1.8535574137836812,0.06584721121190663,0.8069744857499785,1.9181775390220686,0.07537832799537225,0.8516837565650973,1.9552305557878178,0.08425205983321644,0.8959260970096871,1.999030700934353,0.09370643515747443,0.9503356223131079,2.041349479237687,0.1068550890635779,1.004925968316385,2.1109263521848116,0.5757629797532169,0.5302718781968175,0.5388095664004753,0.1735832806256882,0.42814996837541275,0.23173955904488647,4.246752505262675,6.25,6.312688054461949,0.29890387858347384,0.5341483979763912,0.0,0.4658516020236088,0.3427487352445194,0.5164418212478921,0.0,0.48355817875210794,0.3326306913996627,0.5341483979763912,0.0,0.4658516020236088,0.0007629797532169302,supports,0.4242370202467831,0.06709416310392596,supports,0.46972812180318246,0.11258526466032531,supports,0.4611904335995247,0.10404757645666757,0.11258526466032531,True,0.4756292689181356,2,current_p75
2025021211,2026-04-04,puck_line,away,1.5,0.7533742348320029,1.7,0.5882352941176471,0.28073619921440507,0.0,decision,-1.0,0.0007629797532169302,0.6364167193743114,2.003247494737325,ready,0.0544757529600444,0.7155932904617623,1.8535574137836812,0.06584721121190663,0.8069744857499785,1.9181775390220686,0.07537832799537225,0.8516837565650973,1.9552305557878178,0.08425205983321644,0.8959260970096871,1.999030700934353,0.09370643515747443,0.9503356223131079,2.041349479237687,0.1068550890635779,1.004925968316385,2.1109263521848116,0.5757629797532169,0.5302718781968175,0.5388095664004753,0.1735832806256882,0.42814996837541275,0.23173955904488647,4.246752505262675,6.25,6.312688054461949,0.29890387858347384,0.5341483979763912,0.0,0.4658516020236088,0.3427487352445194,0.5164418212478921,0.0,0.48355817875210794,0.3326306913996627,0.5341483979763912,0.0,0.4658516020236088,0.6364167193743114,supports,0.7010961214165261,0.11286082729887903,supports,0.6572512647554807,0.0690159706378336,supports,0.6673693086003373,0.0791340144826902,0.11286082729887903,True,0.7533742348320029,2,current_p75
2025021211,2026-04-04,total,under,6.5,0.5590822095877931,1.87,0.53475935828877,0.04548373192917321,0.0,decision,-1.0,0.0007629797532169302,0.6364167193743114,2.003247494737325,ready,0.0544757529600444,0.7155932904617623,1.8535574137836812,0.06584721121190663,0.8069744857499785,1.9181775390220686,0.07537832799537225,0.8516837565650973,1.9552305557878178,0.08425205983321644,0.8959260970096871,1.999030700934353,0.09370643515747443,0.9503356223131079,2.041349479237687,0.1068550890635779,1.004925968316385,2.1109263521848116,0.5757629797532169,0.5302718781968175,0.5388095664004753,0.1735832806256882,0.42814996837541275,0.23173955904488647,4.246752505262675,6.25,6.312688054461949,0.29890387858347384,0.5341483979763912,0.0,0.4658516020236088,0.3427487352445194,0.5164418212478921,0.0,0.48355817875210794,0.3326306913996627,0.5341483979763912,0.0,0.4658516020236088,2.003247494737325,supports,0.5341483979763912,-0.0006109603123787277,supports,0.5164418212478921,-0.018317537040877907,supports,0.5341483979763912,-0.0006109603123787277,-0.0006109603123787277,False,0.5590822095877931,2,current_p75
2025021212,2026-04-04,moneyline,home,,0.4927045722173265,2.1,0.47619047619047616,0.03467960165638573,0.0,decision,-1.0,0.08002428471650186,0.4496298319584423,1.8231662073808694,ready,0.0544757529600444,0.7155932904617623,1.8535574137836812,0.06584721121190663,0.8069744857499785,1.9181775390220686,0.07537832799537225,0.8516837565650973,1.9552305557878178,0.08425205983321644,0.8959260970096871,1.999030700934353,0.09370643515747443,0.9503356223131079,2.041349479237687,0.1068550890635779,1.004925968316385,2.1109263521848116,0.5480242847165019,0.49132994000538277,0.489671887597686,0.1096298319584425,-0.07022210082493442,-0.15085481216262653,4.35683379261913,6.18,6.381573517133634,,0.5290893760539629,0.0,0.4709106239460371,,0.5231871838111298,0.0,0.47681281618887017,,0.5299325463743676,0.0,0.4700674536256324,0.08002428471650186,supports,0.5480242847165019,0.07183380852602572,supports,0.49132994000538277,0.015139463814906606,supports,0.489671887597686,0.01348141140720982,0.07183380852602572,True,0.4927045722173265,2,current_p75
2025021212,2026-04-04,total,under,6.5,0.5703276690441692,1.83,0.5464480874316939,0.0436996343508298,0.0,decision,-1.0,0.08002428471650186,0.4496298319584423,1.8231662073808694,ready,0.0544757529600444,0.7155932904617623,1.8535574137836812,0.06584721121190663,0.8069744857499785,1.9181775390220686,0.07537832799537225,0.8516837565650973,1.9552305557878178,0.08425205983321644,0.8959260970096871,1.999030700934353,0.09370643515747443,0.9503356223131079,2.041349479237687,0.1068550890635779,1.004925968316385,2.1109263521848116,0.5480242847165019,0.49132994000538277,0.489671887597686,0.1096298319584425,-0.07022210082493442,-0.15085481216262653,4.35683379261913,6.18,6.381573517133634,,0.5290893760539629,0.0,0.4709106239460371,,0.5231871838111298,0.0,0.47681281618887017,,0.5299325463743676,0.0,0.4700674536256324,1.8231662073808694,supports,0.5290893760539629,-0.01735871137773104,supports,0.5231871838111298,-0.0232609036205641,supports,0.5299325463743676,-0.016515541057326333,-0.016515541057326333,False,0.5703276690441692,2,current_p75
2025021213,2026-04-04,moneyline,home,,0.543042836041359,1.95,0.5128205128205129,0.05893353028064996,1.0,decision,0.95,0.036482711006805,0.0809407500414587,1.845539152582016,ready,0.0544757529600444,0.7155932904617623,1.8535574137836812,0.06584721121190663,0.8069744857499785,1.9181775390220686,0.07537832799537225,0.8516837565650973,1.9552305557878178,0.08425205983321644,0.8959260970096871,1.999030700934353,0.09370643515747443,0.9503356223131079,2.041349479237687,0.1068550890635779,1.004925968316385,2.1109263521848116,0.556482711006805,0.5032152530761195,0.507227397349386,0.1290592499585412,0.1614355499751247,-0.09392753407423063,4.444460847417984,6.29,6.474458639346567,,0.519814502529511,0.0,0.480185497470489,,0.5122259696458684,0.0,0.4877740303541315,,0.5189713322091063,0.0,0.48102866779089376,0.036482711006805,supports,0.556482711006805,0.043662198186292134,opposes,0.5032152530761195,-0.009605259744393413,opposes,0.507227397349386,-0.005593115471126842,0.043662198186292134,True,0.543042836041359,2,current_p75
2025021213,2026-04-04,total,under,6.5,0.552673082796711,1.83,0.5464480874316939,0.011391741517981169,0.0,decision,-1.0,0.036482711006805,0.0809407500414587,1.845539152582016,ready,0.0544757529600444,0.7155932904617623,1.8535574137836812,0.06584721121190663,0.8069744857499785,1.9181775390220686,0.07537832799537225,0.8516837565650973,1.9552305557878178,0.08425205983321644,0.8959260970096871,1.999030700934353,0.09370643515747443,0.9503356223131079,2.041349479237687,0.1068550890635779,1.004925968316385,2.1109263521848116,0.556482711006805,0.5032152530761195,0.507227397349386,0.1290592499585412,0.1614355499751247,-0.09392753407423063,4.444460847417984,6.29,6.474458639346567,,0.519814502529511,0.0,0.480185497470489,,0.5122259696458684,0.0,0.4877740303541315,,0.5189713322091063,0.0,0.48102866779089376,1.845539152582016,supports,0.519814502529511,-0.026633584902182927,supports,0.5122259696458684,-0.03422211778582551,supports,0.5189713322091063,-0.027476755222587634,-0.026633584902182927,False,0.552673082796711,2,current_p75
2025021214,2026-04-04,puck_line,away,1.5,0.6832221056065314,1.77,0.5649717514124294,0.20930312692356057,1.0,decision,0.77,0.0218528449116574,0.8443189508410285,1.4445592294779734,ready,0.0544757529600444,0.7155932904617623,1.8535574137836812,0.06584721121190663,0.8069744857499785,1.9181775390220686,0.07537832799537225,0.8516837565650973,1.9552305557878178,0.08425205983321644,0.8959260970096871,1.999030700934353,0.09370643515747443,0.9503356223131079,2.041349479237687,0.1068550890635779,1.004925968316385,2.1109263521848116,0.7148528449116573,0.7115782214833722,0.7155282697040813,0.5156810491589718,0.8534086294953833,1.481704151992106,4.595440770522027,6.04,6.533579366818194,0.32841483979763914,0.5037942664418212,0.0,0.49620573355817876,0.43296795952782463,0.5417369308600337,0.0,0.45826306913996623,0.5172849915682968,0.5113827993254637,0.0,0.4886172006745363,0.8443189508410285,supports,0.6715851602023608,0.10661340878993142,supports,0.5670320404721754,0.002060289059745979,opposes,0.48271500843170323,-0.08225674298072616,0.10661340878993142,True,0.6832221056065314,2,current_p75
2025021214,2026-04-04,total,under,6.5,0.5929007138455709,1.8,0.5555555555555556,0.0672212849220275,0.0,decision,-1.0,0.0218528449116574,0.8443189508410285,1.4445592294779734,ready,0.0544757529600444,0.7155932904617623,1.8535574137836812,0.06584721121190663,0.8069744857499785,1.9181775390220686,0.07537832799537225,0.8516837565650973,1.9552305557878178,0.08425205983321644,0.8959260970096871,1.999030700934353,0.09370643515747443,0.9503356223131079,2.041349479237687,0.1068550890635779,1.004925968316385,2.1109263521848116,0.7148528449116573,0.7115782214833722,0.7155282697040813,0.5156810491589718,0.8534086294953833,1.481704151992106,4.595440770522027,6.04,6.533579366818194,0.32841483979763914,0.5037942664418212,0.0,0.49620573355817876,0.43296795952782463,0.5417369308600337,0.0,0.45826306913996623,0.5172849915682968,0.5113827993254637,0.0,0.4886172006745363,1.4445592294779734,supports,0.5037942664418212,-0.05176128911373434,supports,0.5417369308600337,-0.013818624695521864,opposes,0.5113827993254637,-0.04417275623009187,-0.04417275623009187,False,0.5929007138455709,2,current_p75
2025021215,2026-04-04,puck_line,away,1.5,0.7739140303412407,1.46,0.684931506849315,0.1299144842982114,1.0,decision,0.45999999999999996,0.06336723176205905,0.36963616478432076,1.6845383404495955,ready,0.0544757529600444,0.7155932904617623,1.8535574137836812,0.06584721121190663,0.8069744857499785,1.9181775390220686,0.07537832799537225,0.8516837565650973,1.9552305557878178,0.08425205983321644,0.8959260970096871,1.999030700934353,0.09370643515747443,0.9503356223131079,2.041349479237687,0.1068550890635779,1.004925968316385,2.1109263521848116,0.6253672317620591,0.5987025151300414,0.598695907917871,0.2903638352156794,0.4382183011294077,0.5542595684088478,4.235461659550404,5.92,6.228203738767839,0.29890387858347384,0.534991568296796,0.0,0.4650084317032041,0.34527824620573355,0.5535413153456998,0.0,0.4464586846543002,0.3874367622259696,0.5392074198988196,0.0,0.46079258010118046,0.36963616478432076,supports,0.7010961214165261,0.016164614567211077,opposes,0.6547217537942664,-0.030209753055048583,opposes,0.6125632377740304,-0.0723682690752846,0.016164614567211077,True,0.7739140303412407,2,current_p75
2025021215,2026-04-04,total,under,6.5,0.6122917720412592,1.74,0.5747126436781609,0.06538768335179101,1.0,decision,0.74,0.06336723176205905,0.36963616478432076,1.6845383404495955,ready,0.0544757529600444,0.7155932904617623,1.8535574137836812,0.06584721121190663,0.8069744857499785,1.9181775390220686,0.07537832799537225,0.8516837565650973,1.9552305557878178,0.08425205983321644,0.8959260970096871,1.999030700934353,0.09370643515747443,0.9503356223131079,2.041349479237687,0.1068550890635779,1.004925968316385,2.1109263521848116,0.6253672317620591,0.5987025151300414,0.598695907917871,0.2903638352156794,0.4382183011294077,0.5542595684088478,4.235461659550404,5.92,6.228203738767839,0.29890387858347384,0.534991568296796,0.0,0.4650084317032041,0.34527824620573355,0.5535413153456998,0.0,0.4464586846543002,0.3874367622259696,0.5392074198988196,0.0,0.46079258010118046,1.6845383404495955,supports,0.534991568296796,-0.039721075381364934,supports,0.5535413153456998,-0.021171328332461048,supports,0.5392074198988196,-0.03550522377934129,-0.03550522377934129,False,0.6122917720412592,2,current_p75
2025021216,2026-04-04,puck_line,home,1.5,0.7107797322616172,1.74,0.5747126436781609,0.23675673413521392,0.0,decision,-1.0,0.09255444652038719,1.0910463298318094,1.5795411688268395,ready,0.0544757529600444,0.7155932904617623,1.8535574137836812,0.06584721121190663,0.8069744857499785,1.9181775390220686,0.07537832799537225,0.8516837565650973,1.9552305557878178,0.08425205983321644,0.8959260970096871,1.999030700934353,0.09370643515747443,0.9503356223131079,2.041349479237687,0.1068550890635779,1.004925968316385,2.1109263521848116,0.4305544465203872,0.33292550875497495,0.33071993733821975,-0.1589536701681906,-0.5953722021009143,-1.031384311749814,4.51045883117316,6.09,6.479472805759603,0.7230185497470489,0.5113827993254637,0.0,0.4886172006745363,0.561973018549747,0.5358347386172007,0.0,0.46416526138279934,0.5383642495784149,0.5189713322091063,0.0,0.48102866779089376,1.0910463298318094,supports,0.7230185497470489,0.14830590606888805,opposes,0.561973018549747,-0.012739625128413867,opposes,0.5383642495784149,-0.036348394099745995,0.14830590606888805,True,0.7107797322616172,2,current_p75
2025021216,2026-04-04,total,under,6.5,0.5848293934143862,1.82,0.5494505494505494,0.06438949601418287,0.0,decision,-1.0,0.09255444652038719,1.0910463298318094,1.5795411688268395,ready,0.0544757529600444,0.7155932904617623,1.8535574137836812,0.06584721121190663,0.8069744857499785,1.9181775390220686,0.07537832799537225,0.8516837565650973,1.9552305557878178,0.08425205983321644,0.8959260970096871,1.999030700934353,0.09370643515747443,0.9503356223131079,2.041349479237687,0.1068550890635779,1.004925968316385,2.1109263521848116,0.4305544465203872,0.33292550875497495,0.33071993733821975,-0.1589536701681906,-0.5953722021009143,-1.031384311749814,4.51045883117316,6.09,6.479472805759603,0.7230185497470489,0.5113827993254637,0.0,0.4886172006745363,0.561973018549747,0.5358347386172007,0.0,0.46416526138279934,0.5383642495784149,0.5189713322091063,0.0,0.48102866779089376,1.5795411688268395,supports,0.5113827993254637,-0.038067750125085675,supports,0.5358347386172007,-0.01361581083334873,supports,0.5189713322091063,-0.03047921724144309,-0.03047921724144309,False,0.5848293934143862,2,current_p75
2025021217,2026-04-04,moneyline,away,,0.4189272623476513,2.54,0.39370078740157477,0.0640752463630343,0.0,decision,-1.0,0.060280885398514394,0.5739229616577427,1.7416431393671514,ready,0.0544757529600444,0.7155932904617623,1.8535574137836812,0.06584721121190663,0.8069744857499785,1.9181775390220686,0.07537832799537225,0.8516837565650973,1.9552305557878178,0.08425205983321644,0.8959260970096871,1.999030700934353,0.09370643515747443,0.9503356223131079,2.041349479237687,0.1068550890635779,1.004925968316385,2.1109263521848116,0.6442808853985144,0.623956466087296,0.6242071706150097,0.3360770383422569,0.565646223005354,0.7757285982201181,4.068356860632848,5.81,6.073979701834555,0.2997470489038786,0.43381112984822934,0.0,0.5661888701517707,0.3705733558178752,0.4464586846543002,0.0,0.5535413153456998,0.4321247892074199,0.4363406408094435,0.0,0.5636593591905564,0.060280885398514394,opposes,0.35571911460148564,-0.03798167280008913,opposes,0.37604353391270395,-0.017657253488870817,opposes,0.37579282938499026,-0.017907958016584513,-0.017657253488870817,False,0.4189272623476513,2,current_p75
2025021217,2026-04-04,puck_line,away,1.5,0.7445692157473599,1.57,0.6369426751592356,0.16897366872335517,1.0,decision,0.5700000000000001,0.060280885398514394,0.5739229616577427,1.7416431393671514,ready,0.0544757529600444,0.7155932904617623,1.8535574137836812,0.06584721121190663,0.8069744857499785,1.9181775390220686,0.07537832799537225,0.8516837565650973,1.9552305557878178,0.08425205983321644,0.8959260970096871,1.999030700934353,0.09370643515747443,0.9503356223131079,2.041349479237687,0.1068550890635779,1.004925968316385,2.1109263521848116,0.6442808853985144,0.623956466087296,0.6242071706150097,0.3360770383422569,0.565646223005354,0.7757285982201181,4.068356860632848,5.81,6.073979701834555,0.2997470489038786,0.43381112984822934,0.0,0.5661888701517707,0.3705733558178752,0.4464586846543002,0.0,0.5535413153456998,0.4321247892074199,0.4363406408094435,0.0,0.5636593591905564,0.5739229616577427,supports,0.7002529510961214,0.06331027593688576,opposes,0.6294266441821248,-0.0075160309771108436,opposes,0.5678752107925801,-0.06906746436665556,0.06331027593688576,True,0.7445692157473599,2,current_p75
2025021217,2026-04-04,total,under,5.5,0.4838953510038413,2.14,0.4672897196261682,0.03553605114822034,0.0,decision,-1.0,0.060280885398514394,0.5739229616577427,1.7416431393671514,ready,0.0544757529600444,0.7155932904617623,1.8535574137836812,0.06584721121190663,0.8069744857499785,1.9181775390220686,0.07537832799537225,0.8516837565650973,1.9552305557878178,0.08425205983321644,0.8959260970096871,1.999030700934353,0.09370643515747443,0.9503356223131079,2.041349479237687,0.1068550890635779,1.004925968316385,2.1109263521848116,0.6442808853985144,0.623956466087296,0.6242071706150097,0.3360770383422569,0.565646223005354,0.7757285982201181,4.068356860632848,5.81,6.073979701834555,0.2997470489038786,0.43381112984822934,0.0,0.5661888701517707,0.3705733558178752,0.4464586846543002,0.0,0.5535413153456998,0.4321247892074199,0.4363406408094435,0.0,0.5636593591905564,1.7416431393671514,supports,0.43381112984822934,-0.03347858977793888,opposes,0.4464586846543002,-0.020831034971868,opposes,0.4363406408094435,-0.030949078816724707,-0.030949078816724707,False,0.4838953510038413,2,current_p75
2025021218,2026-04-04,moneyline,away,,0.5706228725907603,1.95,0.5128205128205129,0.11271460155198243,1.0,decision,0.95,0.06330124748924537,0.3959242762153553,2.6911573761200014,ready,0.0544757529600444,0.7155932904617623,1.8535574137836812,0.06584721121190663,0.8069744857499785,1.9181775390220686,0.07537832799537225,0.8516837565650973,1.9552305557878178,0.08425205983321644,0.8959260970096871,1.999030700934353,0.09370643515747443,0.9503356223131079,2.041349479237687,0.1068550890635779,1.004925968316385,2.1109263521848116,0.5333012474892453,0.47067318293177324,0.4713160910014753,0.0759242762153555,-0.08244543427078663,-0.27191778742222766,4.408842623879998,7.1,6.632951104315456,,0.5257166947723441,0.0,0.474283305227656,,0.4245362563237774,0.0,0.5754637436762227,,0.5012647554806071,0.0,0.49873524451939294,0.06330124748924537,opposes,0.46669875251075466,-0.04612176030975823,supports,0.5293268170682268,0.016506304247713932,supports,0.5286839089985247,0.0158633961780118,0.016506304247713932,True,0.5706228725907603,2,current_p75
2025021218,2026-04-04,total,over,6.5,0.5721905075896686,2.0,0.5,0.1443810151793372,0.0,decision,-1.0,0.06330124748924537,0.3959242762153553,2.6911573761200014,ready,0.0544757529600444,0.7155932904617623,1.8535574137836812,0.06584721121190663,0.8069744857499785,1.9181775390220686,0.07537832799537225,0.8516837565650973,1.9552305557878178,0.08425205983321644,0.8959260970096871,1.999030700934353,0.09370643515747443,0.9503356223131079,2.041349479237687,0.1068550890635779,1.004925968316385,2.1109263521848116,0.5333012474892453,0.47067318293177324,0.4713160910014753,0.0759242762153555,-0.08244543427078663,-0.27191778742222766,4.408842623879998,7.1,6.632951104315456,,0.5257166947723441,0.0,0.474283305227656,,0.4245362563237774,0.0,0.5754637436762227,,0.5012647554806071,0.0,0.49873524451939294,2.6911573761200014,opposes,0.474283305227656,-0.025716694772344006,supports,0.5754637436762227,0.07546374367622266,supports,0.49873524451939294,-0.0012647554806070604,-0.0012647554806070604,False,0.5721905075896686,2,current_p75
2025021219,2026-04-04,moneyline,away,,0.435489658047869,2.36,0.42372881355932207,0.0277555929929707,1.0,decision,1.3599999999999999,0.05041659974364365,0.3928826051587868,1.9776782536456823,ready,0.0544757529600444,0.7155932904617623,1.8535574137836812,0.06584721121190663,0.8069744857499785,1.9181775390220686,0.07537832799537225,0.8516837565650973,1.9552305557878178,0.08425205983321644,0.8959260970096871,1.999030700934353,0.09370643515747443,0.9503356223131079,2.041349479237687,0.1068550890635779,1.004925968316385,2.1109263521848116,0.6114165997436437,0.5797251414898239,0.5814734832348992,0.2571173948412131,0.4142704369047278,0.44618498835296333,4.412321746354317,6.39,6.472615198143089,0.29890387858347384,0.5257166947723441,0.0,0.474283305227656,0.34190556492411467,0.49704890387858347,0.0,0.5029510961214165,0.3705733558178752,0.5189713322091063,0.0,0.48102866779089376,0.05041659974364365,opposes,0.3885834002563563,-0.03514541330296578,opposes,0.4202748585101761,-0.0034539550491459736,opposes,0.4185265167651008,-0.005202296794221295,-0.0034539550491459736,False,0.435489658047869,2,current_p75
2025021219,2026-04-04,puck_line,away,1.5,0.7708028153790916,1.51,0.6622516556291391,0.16391225122242825,1.0,decision,0.51,0.05041659974364365,0.3928826051587868,1.9776782536456823,ready,0.0544757529600444,0.7155932904617623,1.8535574137836812,0.06584721121190663,0.8069744857499785,1.9181775390220686,0.07537832799537225,0.8516837565650973,1.9552305557878178,0.08425205983321644,0.8959260970096871,1.999030700934353,0.09370643515747443,0.9503356223131079,2.041349479237687,0.1068550890635779,1.004925968316385,2.1109263521848116,0.6114165997436437,0.5797251414898239,0.5814734832348992,0.2571173948412131,0.4142704369047278,0.44618498835296333,4.412321746354317,6.39,6.472615198143089,0.29890387858347384,0.5257166947723441,0.0,0.474283305227656,0.34190556492411467,0.49704890387858347,0.0,0.5029510961214165,0.3705733558178752,0.5189713322091063,0.0,0.48102866779089376,0.3928826051587868,supports,0.7010961214165261,0.038844465787386984,opposes,0.6580944350758853,-0.004157220553253849,opposes,0.6294266441821248,-0.03282501144701433,0.038844465787386984,True,0.7708028153790916,2,current_p75
2025021219,2026-04-04,total,under,6.5,0.5367155675425375,1.87,0.53475935828877,0.0036581113045450753,0.0,decision,-1.0,0.05041659974364365,0.3928826051587868,1.9776782536456823,ready,0.0544757529600444,0.7155932904617623,1.8535574137836812,0.06584721121190663,0.8069744857499785,1.9181775390220686,0.07537832799537225,0.8516837565650973,1.9552305557878178,0.08425205983321644,0.8959260970096871,1.999030700934353,0.09370643515747443,0.9503356223131079,2.041349479237687,0.1068550890635779,1.004925968316385,2.1109263521848116,0.6114165997436437,0.5797251414898239,0.5814734832348992,0.2571173948412131,0.4142704369047278,0.44618498835296333,4.412321746354317,6.39,6.472615198143089,0.29890387858347384,0.5257166947723441,0.0,0.474283305227656,0.34190556492411467,0.49704890387858347,0.0,0.5029510961214165,0.3705733558178752,0.5189713322091063,0.0,0.48102866779089376,1.9776782536456823,supports,0.5257166947723441,-0.009042663516425908,supports,0.49704890387858347,-0.0377104544101865,supports,0.5189713322091063,-0.015788026079663675,-0.009042663516425908,False,0.5367155675425375,2,current_p75
2025021221,2026-04-04,moneyline,away,,0.438106378023929,2.42,0.4132231404958678,0.06021743481790809,1.0,decision,1.42,0.050647615544405444,0.35180405114979285,1.7688371410644965,ready,0.0544757529600444,0.7155932904617623,1.8535574137836812,0.06584721121190663,0.8069744857499785,1.9181775390220686,0.07537832799537225,0.8516837565650973,1.9552305557878178,0.08425205983321644,0.8959260970096871,1.999030700934353,0.09370643515747443,0.9503356223131079,2.041349479237687,0.1068550890635779,1.004925968316385,2.1109263521848116,0.6076476155444055,0.5745548840566211,0.5763050404768839,0.2481959488502072,0.38891756931012433,0.40258970133102,4.171162858935504,5.94,6.183171690097965,0.29890387858347384,,,,0.3376897133220911,,,,0.3655143338954469,,,,0.050647615544405444,opposes,0.3923523844555945,-0.020870756040273275,supports,0.42544511594337886,0.01222197544751108,supports,0.4236949595231161,0.010471819027248308,0.01222197544751108,True,0.438106378023929,2,current_p75
2025021221,2026-04-04,puck_line,away,1.5,0.7806222824522863,1.56,0.641025641025641,0.21777076062556655,1.0,decision,0.56,0.050647615544405444,0.35180405114979285,1.7688371410644965,ready,0.0544757529600444,0.7155932904617623,1.8535574137836812,0.06584721121190663,0.8069744857499785,1.9181775390220686,0.07537832799537225,0.8516837565650973,1.9552305557878178,0.08425205983321644,0.8959260970096871,1.999030700934353,0.09370643515747443,0.9503356223131079,2.041349479237687,0.1068550890635779,1.004925968316385,2.1109263521848116,0.6076476155444055,0.5745548840566211,0.5763050404768839,0.2481959488502072,0.38891756931012433,0.40258970133102,4.171162858935504,5.94,6.183171690097965,0.29890387858347384,,,,0.3376897133220911,,,,0.3655143338954469,,,,0.35180405114979285,supports,0.7010961214165261,0.06007048039088514,supports,0.6623102866779089,0.021284645652267953,opposes,0.634485666104553,-0.006539974921087932,0.06007048039088514,True,0.7806222824522863,2,current_p75
2025021223,2026-04-05,moneyline,away,,0.4418767337977046,2.95,0.3389830508474576,0.30353636470322853,0.0,decision,-1.0,0.015185981967114182,0.8346874669576736,1.9615961166436309,ready,0.054585750099217865,0.7142166463886391,1.854568670164531,0.06582550782283268,0.802921805727062,1.9194870974000202,0.07540750101791074,0.8485279540437471,1.9572288561505304,0.08425205983321644,0.8947883278074115,1.9992041977621249,0.09354855630608509,0.9484257768693766,2.0414731202171645,0.10670616275707077,1.0039064625386316,2.1117174770588467,0.5808140180328858,0.5366832572376312,0.5416395885820949,0.1853125330423264,0.5275343944949726,0.34343716346790304,4.258403883356369,6.22,6.324321509425294,0.29850124895920066,0.5333055786844296,0.0,0.4666944213155704,0.36094920899250627,0.5183180682764363,0.0,0.48168193172356366,0.35678601165695256,0.5333055786844296,0.0,0.4666944213155704,0.015185981967114182,supports,0.4191859819671142,0.0802029311196566,supports,0.4633167427623688,0.12433369191491117,supports,0.45836041141790507,0.11937736057044745,0.12433369191491117,True,0.4418767337977046,2,current_p75
2025021223,2026-04-05,puck_line,away,1.5,0.7277296849730157,1.82,0.5494505494505494,0.3244680266508886,0.0,decision,-1.0,0.015185981967114182,0.8346874669576736,1.9615961166436309,ready,0.054585750099217865,0.7142166463886391,1.854568670164531,0.06582550782283268,0.802921805727062,1.9194870974000202,0.07540750101791074,0.8485279540437471,1.9572288561505304,0.08425205983321644,0.8947883278074115,1.9992041977621249,0.09354855630608509,0.9484257768693766,2.0414731202171645,0.10670616275707077,1.0039064625386316,2.1117174770588467,0.5808140180328858,0.5366832572376312,0.5416395885820949,0.1853125330423264,0.5275343944949726,0.34343716346790304,4.258403883356369,6.22,6.324321509425294,0.29850124895920066,0.5333055786844296,0.0,0.4666944213155704,0.36094920899250627,0.5183180682764363,0.0,0.48168193172356366,0.35678601165695256,0.5333055786844296,0.0,0.4666944213155704,0.8346874669576736,supports,0.7014987510407993,0.1520482015902499,supports,0.6390507910074937,0.08960024155694435,supports,0.6432139883430474,0.09376343889249805,0.1520482015902499,True,0.7277296849730157,2,current_p75
2025021223,2026-04-05,total,under,6.5,0.5638974377106541,2.02,0.49504950495049505,0.13907282417552147,0.0,decision,-1.0,0.015185981967114182,0.8346874669576736,1.9615961166436309,ready,0.054585750099217865,0.7142166463886391,1.854568670164531,0.06582550782283268,0.802921805727062,1.9194870974000202,0.07540750101791074,0.8485279540437471,1.9572288561505304,0.08425205983321644,0.8947883278074115,1.9992041977621249,0.09354855630608509,0.9484257768693766,2.0414731202171645,0.10670616275707077,1.0039064625386316,2.1117174770588467,0.5808140180328858,0.5366832572376312,0.5416395885820949,0.1853125330423264,0.5275343944949726,0.34343716346790304,4.258403883356369,6.22,6.324321509425294,0.29850124895920066,0.5333055786844296,0.0,0.4666944213155704,0.36094920899250627,0.5183180682764363,0.0,0.48168193172356366,0.35678601165695256,0.5333055786844296,0.0,0.4666944213155704,1.9615961166436309,supports,0.5333055786844296,0.03825607373393458,supports,0.5183180682764363,0.023268563325941294,supports,0.5333055786844296,0.03825607373393458,0.03825607373393458,True,0.5638974377106541,2,current_p75
2025021224,2026-04-05,moneyline,away,,0.4557644280299649,2.2,0.45454545454545453,0.002681741665922832,0.0,decision,-1.0,0.06086196956277934,0.28182676085274233,2.04148931574191,ready,0.054585750099217865,0.7142166463886391,1.854568670164531,0.06582550782283268,0.802921805727062,1.9194870974000202,0.07540750101791074,0.8485279540437471,1.9572288561505304,0.08425205983321644,0.8947883278074115,1.9992041977621249,0.09354855630608509,0.9484257768693766,2.0414731202171645,0.10670616275707077,1.0039064625386316,2.1117174770588467,0.6118619695627794,0.5781576687571287,0.5789479815584808,0.2581732391472577,0.3737222110968821,0.40323125418066696,3.8185106842580905,5.86,5.888406123945979,0.29850124895920066,0.4592006661115737,0.0,0.5407993338884263,0.3343047460449625,0.4408825978351374,0.0,0.5591174021648626,0.36511240632805997,0.45587010824313073,0.0,0.5441298917568692,0.06086196956277934,opposes,0.3881380304372206,-0.06640742410823391,opposes,0.4218423312428713,-0.03270312330258324,opposes,0.4210520184415192,-0.03349343610393535,-0.03270312330258324,False,0.4557644280299649,2,current_p75
2025021224,2026-04-05,puck_line,away,1.5,0.7882148335385238,1.46,0.684931506849315,0.1507936569662447,1.0,decision,0.45999999999999996,0.06086196956277934,0.28182676085274233,2.04148931574191,ready,0.054585750099217865,0.7142166463886391,1.854568670164531,0.06582550782283268,0.802921805727062,1.9194870974000202,0.07540750101791074,0.8485279540437471,1.9572288561505304,0.08425205983321644,0.8947883278074115,1.9992041977621249,0.09354855630608509,0.9484257768693766,2.0414731202171645,0.10670616275707077,1.0039064625386316,2.1117174770588467,0.6118619695627794,0.5781576687571287,0.5789479815584808,0.2581732391472577,0.3737222110968821,0.40323125418066696,3.8185106842580905,5.86,5.888406123945979,0.29850124895920066,0.4592006661115737,0.0,0.5407993338884263,0.3343047460449625,0.4408825978351374,0.0,0.5591174021648626,0.36511240632805997,0.45587010824313073,0.0,0.5441298917568692,0.28182676085274233,supports,0.7014987510407993,0.016567244191484254,opposes,0.6656952539550375,-0.01923625289427755,opposes,0.63488759367194,-0.050043913177375,0.016567244191484254,True,0.7882148335385238,2,current_p75
2025021224,2026-04-05,total,under,5.5,0.4756448668966349,2.14,0.4672897196261682,0.01788001515879878,1.0,decision,1.1400000000000001,0.06086196956277934,0.28182676085274233,2.04148931574191,ready,0.054585750099217865,0.7142166463886391,1.854568670164531,0.06582550782283268,0.802921805727062,1.9194870974000202,0.07540750101791074,0.8485279540437471,1.9572288561505304,0.08425205983321644,0.8947883278074115,1.9992041977621249,0.09354855630608509,0.9484257768693766,2.0414731202171645,0.10670616275707077,1.0039064625386316,2.1117174770588467,0.6118619695627794,0.5781576687571287,0.5789479815584808,0.2581732391472577,0.3737222110968821,0.40323125418066696,3.8185106842580905,5.86,5.888406123945979,0.29850124895920066,0.4592006661115737,0.0,0.5407993338884263,0.3343047460449625,0.4408825978351374,0.0,0.5591174021648626,0.36511240632805997,0.45587010824313073,0.0,0.5441298917568692,2.04148931574191,supports,0.4592006661115737,-0.008089053514594546,opposes,0.4408825978351374,-0.02640712179103083,opposes,0.45587010824313073,-0.011419611383037487,-0.008089053514594546,False,0.4756448668966349,2,current_p75
2025021225,2026-04-05,moneyline,home,,0.5054184022932675,2.05,0.48780487804878053,0.036107724701198274,1.0,decision,1.0499999999999998,0.07847295834303675,0.5254619864414324,2.1478002225811332,ready,0.054585750099217865,0.7142166463886391,1.854568670164531,0.06582550782283268,0.802921805727062,1.9194870974000202,0.07540750101791074,0.8485279540437471,1.9572288561505304,0.08425205983321644,0.8947883278074115,1.9992041977621249,0.09354855630608509,0.9484257768693766,2.0414731202171645,0.10670616275707077,1.0039064625386316,2.1117174770588467,0.5374729583430368,0.4736715911086233,0.47090725019314994,0.0854619864414325,-0.1299774279995548,-0.24638573186758825,4.252199777418867,6.4,6.359046061087012,,,,,,,,,,,,,0.07847295834303675,supports,0.5374729583430368,0.049668080294256234,opposes,0.4736715911086233,-0.014133286940157253,opposes,0.47090725019314994,-0.016897627855630593,0.049668080294256234,True,0.5054184022932675,2,current_p75
2025021226,2026-04-05,puck_line,away,1.5,0.7632248978737468,1.52,0.6578947368421053,0.16010184476809508,1.0,decision,0.52,0.03020277899889845,0.49875251895928946,1.9663684481925081,ready,0.054585750099217865,0.7142166463886391,1.854568670164531,0.06582550782283268,0.802921805727062,1.9194870974000202,0.07540750101791074,0.8485279540437471,1.9572288561505304,0.08425205983321644,0.8947883278074115,1.9992041977621249,0.09354855630608509,0.9484257768693766,2.0414731202171645,0.10670616275707077,1.0039064625386316,2.1117174770588467,0.5962027789988984,0.5571827257654323,0.5629131159479405,0.2212474810407103,0.42573601381401893,0.35149524052804476,4.373631551807492,6.34,6.444182794052875,0.29850124895920066,0.5266444629475437,0.0,0.47335553705245625,0.34096586178184846,0.5066611157368859,0.0,0.49333888426311406,0.35928393005828474,0.5216486261448793,0.0,0.4783513738551207,0.49875251895928946,supports,0.7014987510407993,0.043604014198693974,supports,0.6590341382181515,0.0011394013760461785,opposes,0.6407160699417153,-0.01717866690039005,0.043604014198693974,True,0.7632248978737468,2,current_p75
2025021226,2026-04-05,total,under,6.5,0.5446817875501526,1.87,0.53475935828877,0.01855494271878544,1.0,decision,0.8700000000000001,0.03020277899889845,0.49875251895928946,1.9663684481925081,ready,0.054585750099217865,0.7142166463886391,1.854568670164531,0.06582550782283268,0.802921805727062,1.9194870974000202,0.07540750101791074,0.8485279540437471,1.9572288561505304,0.08425205983321644,0.8947883278074115,1.9992041977621249,0.09354855630608509,0.9484257768693766,2.0414731202171645,0.10670616275707077,1.0039064625386316,2.1117174770588467,0.5962027789988984,0.5571827257654323,0.5629131159479405,0.2212474810407103,0.42573601381401893,0.35149524052804476,4.373631551807492,6.34,6.444182794052875,0.29850124895920066,0.5266444629475437,0.0,0.47335553705245625,0.34096586178184846,0.5066611157368859,0.0,0.49333888426311406,0.35928393005828474,0.5216486261448793,0.0,0.4783513738551207,1.9663684481925081,supports,0.5266444629475437,-0.008114895341226225,supports,0.5066611157368859,-0.02809824255188409,supports,0.5216486261448793,-0.013110732143890691,-0.008114895341226225,False,0.5446817875501526,2,current_p75
2025021227,2026-04-05,moneyline,home,,0.5628897899004791,1.95,0.5128205128205129,0.0976350903059342,1.0,decision,0.95,0.003714607510220569,0.337254038099168,1.8628820306913463,ready,0.054585750099217865,0.7142166463886391,1.854568670164531,0.06582550782283268,0.802921805727062,1.9194870974000202,0.07540750101791074,0.8485279540437471,1.9572288561505304,0.08425205983321644,0.8947883278074115,1.9992041977621249,0.09354855630608509,0.9484257768693766,2.0414731202171645,0.10670616275707077,1.0039064625386316,2.1117174770588467,0.5362853924897795,0.4738040660747679,0.48276524726539366,0.0827459619008319,0.22102011752149078,-0.17291567922378417,4.097117969308654,5.96,6.136224983886342,,,,,,,,,,,,,0.003714607510220569,supports,0.5362853924897795,0.02346487966926658,opposes,0.4738040660747679,-0.039016446745745004,opposes,0.48276524726539366,-0.030055265555119226,0.02346487966926658,True,0.5628897899004791,2,current_p75
2025021228,2026-04-05,puck_line,away,1.5,0.6770865636385168,1.74,0.5747126436781609,0.17813062073101937,1.0,decision,0.74,0.022379171420261468,0.9607627529791922,1.9124794291708804,ready,0.054585750099217865,0.7142166463886391,1.854568670164531,0.06582550782283268,0.802921805727062,1.9194870974000202,0.07540750101791074,0.8485279540437471,1.9572288561505304,0.08425205983321644,0.8947883278074115,1.9992041977621249,0.09354855630608509,0.9484257768693766,2.0414731202171645,0.10670616275707077,1.0039064625386316,2.1117174770588467,0.6856208285797385,0.6765736392815545,0.6793104177222159,0.4392372470208077,0.8331499757422764,1.2472808171441119,4.307520570829119,6.22,6.364117117869714,0.30766028309741883,,,,0.4250624479600333,,,,0.49833472106577853,,,,0.9607627529791922,supports,0.6923397169025811,0.11762707322442023,supports,0.5749375520399667,0.00022490836180577567,opposes,0.5016652789342215,-0.07304736474393936,0.11762707322442023,True,0.6770865636385168,2,current_p75
2025021230,2026-04-06,puck_line,away,1.5,0.7426657864827776,1.56,0.641025641025641,0.15855862691313316,0.0,decision,-1.0,0.007056855775557258,0.7137830842516419,1.7403888321916146,ready,0.05459831708928229,0.711364640885177,1.8557388761072302,0.06582116714501789,0.8027133927277765,1.9198352659618279,0.07533730229290989,0.8479737850607227,1.9587685872955813,0.08405819261462513,0.8946398586476076,1.9996816588726072,0.09331385233209016,0.948321613959969,2.041502041264175,0.10661072011850956,1.0032243217668355,2.1120738033124655,0.5940568557755572,0.5542683130161529,0.5640572998863631,0.2162169157483582,0.5088679802915315,0.4121910760726393,3.989611167808386,5.73,5.997839808369433,0.2992549668874172,,,,0.35471854304635764,,,,0.3654801324503311,,,,0.7137830842516419,supports,0.7007450331125828,0.05971939208694188,supports,0.6452814569536424,0.004255815928001394,opposes,0.6345198675496688,-0.006505773475972143,0.05971939208694188,True,0.7426657864827776,2,current_p75
2025021231,2026-04-06,moneyline,away,,0.4351136298586066,2.42,0.4132231404958678,0.052974984257827984,0.0,decision,-1.0,0.0613629609487123,0.3692168308134481,1.9835482461070013,ready,0.05459831708928229,0.711364640885177,1.8557388761072302,0.06582116714501789,0.8027133927277765,1.9198352659618279,0.07533730229290989,0.8479737850607227,1.9587685872955813,0.08405819261462513,0.8946398586476076,1.9996816588726072,0.09331385233209016,0.948321613959969,2.041502041264175,0.10661072011850956,1.0032243217668355,2.1120738033124655,0.6213629609487124,0.5900568629392056,0.5908634255609805,0.2807831691865523,0.432162069820066,0.5082958382059918,4.226451753892999,6.21,6.295718591469738,0.2992549668874172,0.5343543046357616,0.0,0.4656456953642384,0.3439569536423841,0.519453642384106,0.0,0.480546357615894,0.37789735099337746,0.5343543046357616,0.0,0.4656456953642384,0.0613629609487123,opposes,0.37863703905128765,-0.03458610144458013,opposes,0.40994313706079444,-0.003280003435073342,opposes,0.4091365744390195,-0.004086566056848262,-0.003280003435073342,False,0.4351136298586066,2,current_p75
2025021231,2026-04-06,puck_line,away,1.5,0.7723827316709355,1.56,0.641025641025641,0.20491706140665955,1.0,decision,0.56,0.0613629609487123,0.3692168308134481,1.9835482461070013,ready,0.05459831708928229,0.711364640885177,1.8557388761072302,0.06582116714501789,0.8027133927277765,1.9198352659618279,0.07533730229290989,0.8479737850607227,1.9587685872955813,0.08405819261462513,0.8946398586476076,1.9996816588726072,0.09331385233209016,0.948321613959969,2.041502041264175,0.10661072011850956,1.0032243217668355,2.1120738033124655,0.6213629609487124,0.5900568629392056,0.5908634255609805,0.2807831691865523,0.432162069820066,0.5082958382059918,4.226451753892999,6.21,6.295718591469738,0.2992549668874172,0.5343543046357616,0.0,0.4656456953642384,0.3439569536423841,0.519453642384106,0.0,0.480546357615894,0.37789735099337746,0.5343543046357616,0.0,0.4656456953642384,0.3692168308134481,supports,0.7007450331125828,0.05971939208694188,supports,0.6560430463576159,0.015017405331974931,opposes,0.6221026490066226,-0.01892299201901837,0.05971939208694188,True,0.7723827316709355,2,current_p75
2025021231,2026-04-06,total,under,6.5,0.565503981092307,1.83,0.5464480874316939,0.03487228539892184,1.0,decision,0.8300000000000001,0.0613629609487123,0.3692168308134481,1.9835482461070013,ready,0.05459831708928229,0.711364640885177,1.8557388761072302,0.06582116714501789,0.8027133927277765,1.9198352659618279,0.07533730229290989,0.8479737850607227,1.9587685872955813,0.08405819261462513,0.8946398586476076,1.9996816588726072,0.09331385233209016,0.948321613959969,2.041502041264175,0.10661072011850956,1.0032243217668355,2.1120738033124655,0.6213629609487124,0.5900568629392056,0.5908634255609805,0.2807831691865523,0.432162069820066,0.5082958382059918,4.226451753892999,6.21,6.295718591469738,0.2992549668874172,0.5343543046357616,0.0,0.4656456953642384,0.3439569536423841,0.519453642384106,0.0,0.480546357615894,0.37789735099337746,0.5343543046357616,0.0,0.4656456953642384,1.9835482461070013,supports,0.5343543046357616,-0.012093782795932317,supports,0.519453642384106,-0.026994445047587967,supports,0.5343543046357616,-0.012093782795932317,-0.012093782795932317,False,0.565503981092307,2,current_p75
2025021232,2026-04-06,puck_line,away,1.5,0.7834844201441656,1.43,0.6993006993006994,0.12038272080615675,1.0,decision,0.42999999999999994,0.0704454532861507,0.3018444470193229,1.7598503063696072,ready,0.05459831708928229,0.711364640885177,1.8557388761072302,0.06582116714501789,0.8027133927277765,1.9198352659618279,0.07533730229290989,0.8479737850607227,1.9587685872955813,0.08405819261462513,0.8946398586476076,1.9996816588726072,0.09331385233209016,0.948321613959969,2.041502041264175,0.10661072011850956,1.0032243217668355,2.1120738033124655,0.6244454532861508,0.5939771677851148,0.5933080938502016,0.2881555529806774,0.4119117762585998,0.509786350566951,4.010149693630392,5.77,6.023324916348489,0.2992549668874172,0.4383278145695364,0.0,0.5616721854304636,0.34147350993377484,0.4466059602649007,0.0,0.5533940397350994,0.37789735099337746,0.43998344370860926,0.0,0.5600165562913907,0.3018444470193229,supports,0.7007450331125828,0.0014443338118834692,opposes,0.6585264900662251,-0.04077420923447428,opposes,0.6221026490066226,-0.07719805029407678,0.0014443338118834692,True,0.7834844201441656,2,current_p75
2025021232,2026-04-06,total,under,5.5,0.490534551472438,2.1,0.47619047619047616,0.030122558092119833,1.0,decision,1.1,0.0704454532861507,0.3018444470193229,1.7598503063696072,ready,0.05459831708928229,0.711364640885177,1.8557388761072302,0.06582116714501789,0.8027133927277765,1.9198352659618279,0.07533730229290989,0.8479737850607227,1.9587685872955813,0.08405819261462513,0.8946398586476076,1.9996816588726072,0.09331385233209016,0.948321613959969,2.041502041264175,0.10661072011850956,1.0032243217668355,2.1120738033124655,0.6244454532861508,0.5939771677851148,0.5933080938502016,0.2881555529806774,0.4119117762585998,0.509786350566951,4.010149693630392,5.77,6.023324916348489,0.2992549668874172,0.4383278145695364,0.0,0.5616721854304636,0.34147350993377484,0.4466059602649007,0.0,0.5533940397350994,0.37789735099337746,0.43998344370860926,0.0,0.5600165562913907,1.7598503063696072,supports,0.4383278145695364,-0.037862661620939764,opposes,0.4466059602649007,-0.029584515925575483,opposes,0.43998344370860926,-0.03620703248186691,-0.03620703248186691,False,0.490534551472438,2,current_p75
2025021233,2026-04-07,moneyline,away,,0.3957700581512767,2.8,0.35714285714285715,0.10815616282357476,0.0,decision,-1.0,0.079982044591139,1.0450944660835733,2.2587568584881756,ready,0.05462345106941113,0.707499870464381,1.8559494190505408,0.06581248578938831,0.8006778157195817,1.9202528533945609,0.0751867598415423,0.8474314982620872,1.9596352626122278,0.08401381220639992,0.8945286635797369,1.9998408125761014,0.09320874637431648,0.9480860353301512,2.041552943353236,0.10656694853366971,1.0029054953560053,2.112786455819703,0.572017955408861,0.5273619418440431,0.5042979801133177,0.1649055339164267,0.6038452096715274,0.36236864161472954,4.091243141511824,6.35,6.210670731097084,0.2999174917491749,0.5490924092409241,0.0,0.4509075907590759,0.37665016501650167,0.5053630363036304,0.0,0.49463696369636967,0.3584983498349835,0.540016501650165,0.0,0.459983498349835,0.079982044591139,supports,0.427982044591139,0.07083918744828183,supports,0.47263805815595694,0.11549520101309979,supports,0.4957020198866823,0.13855916274382513,0.11549520101309979,True,0.3957700581512767,3,current_p75
2025021233,2026-04-07,puck_line,away,1.5,0.7024225683923255,1.74,0.5747126436781609,0.22221526900264643,1.0,decision,0.74,0.079982044591139,1.0450944660835733,2.2587568584881756,ready,0.05462345106941113,0.707499870464381,1.8559494190505408,0.06581248578938831,0.8006778157195817,1.9202528533945609,0.0751867598415423,0.8474314982620872,1.9596352626122278,0.08401381220639992,0.8945286635797369,1.9998408125761014,0.09320874637431648,0.9480860353301512,2.041552943353236,0.10656694853366971,1.0029054953560053,2.112786455819703,0.572017955408861,0.5273619418440431,0.5042979801133177,0.1649055339164267,0.6038452096715274,0.36236864161472954,4.091243141511824,6.35,6.210670731097084,0.2999174917491749,0.5490924092409241,0.0,0.4509075907590759,0.37665016501650167,0.5053630363036304,0.0,0.49463696369636967,0.3584983498349835,0.540016501650165,0.0,0.459983498349835,1.0450944660835733,supports,0.7000825082508251,0.1253698645726642,supports,0.6233498349834983,0.04863719130533739,supports,0.6415016501650165,0.0667890064868556,0.1253698645726642,True,0.7024225683923255,3,current_p75
2025021233,2026-04-07,total,under,6.5,0.5430864452349632,1.91,0.5235602094240838,0.03729511039877975,0.0,decision,-1.0,0.079982044591139,1.0450944660835733,2.2587568584881756,ready,0.05462345106941113,0.707499870464381,1.8559494190505408,0.06581248578938831,0.8006778157195817,1.9202528533945609,0.0751867598415423,0.8474314982620872,1.9596352626122278,0.08401381220639992,0.8945286635797369,1.9998408125761014,0.09320874637431648,0.9480860353301512,2.041552943353236,0.10656694853366971,1.0029054953560053,2.112786455819703,0.572017955408861,0.5273619418440431,0.5042979801133177,0.1649055339164267,0.6038452096715274,0.36236864161472954,4.091243141511824,6.35,6.210670731097084,0.2999174917491749,0.5490924092409241,0.0,0.4509075907590759,0.37665016501650167,0.5053630363036304,0.0,0.49463696369636967,0.3584983498349835,0.540016501650165,0.0,0.459983498349835,2.2587568584881756,supports,0.5490924092409241,0.025532199816840295,supports,0.5053630363036304,-0.018197173120453325,supports,0.540016501650165,0.01645629222608125,0.025532199816840295,True,0.5430864452349632,3,current_p75
2025021234,2026-04-07,moneyline,home,,0.5579736631746536,1.8,0.5555555555555556,0.004352593714376463,1.0,decision,0.8,0.028271275979618316,0.4143114051219637,2.3516780595609488,ready,0.05462345106941113,0.707499870464381,1.8559494190505408,0.06581248578938831,0.8006778157195817,1.9202528533945609,0.0751867598415423,0.8474314982620872,1.9596352626122278,0.08401381220639992,0.8945286635797369,1.9998408125761014,0.09320874637431648,0.9480860353301512,2.041552943353236,0.10656694853366971,1.0029054953560053,2.112786455819703,0.5852712759796184,0.5434149256024357,0.5499729154072995,0.1956885948780362,0.3696993850292609,0.25013636894466873,3.918321940439051,6.27,6.051273291190099,0.2999174917491749,0.5952970297029703,0.0,0.4047029702970297,0.3353960396039604,0.5136138613861386,0.0,0.48638613861386143,0.33704620462046203,0.5639438943894389,0.0,0.43605610561056113,0.028271275979618316,supports,0.5852712759796184,0.029715720424062786,opposes,0.5434149256024357,-0.01214062995311993,opposes,0.5499729154072995,-0.005582640148256046,0.029715720424062786,True,0.5579736631746536,3,current_p75
2025021234,2026-04-07,puck_line,away,1.5,0.7763666043879074,1.44,0.6944444444444444,0.11796791031858667,0.0,decision,-1.0,0.028271275979618316,0.4143114051219637,2.3516780595609488,ready,0.05462345106941113,0.707499870464381,1.8559494190505408,0.06581248578938831,0.8006778157195817,1.9202528533945609,0.0751867598415423,0.8474314982620872,1.9596352626122278,0.08401381220639992,0.8945286635797369,1.9998408125761014,0.09320874637431648,0.9480860353301512,2.041552943353236,0.10656694853366971,1.0029054953560053,2.112786455819703,0.5852712759796184,0.5434149256024357,0.5499729154072995,0.1956885948780362,0.3696993850292609,0.25013636894466873,3.918321940439051,6.27,6.051273291190099,0.2999174917491749,0.5952970297029703,0.0,0.4047029702970297,0.3353960396039604,0.5136138613861386,0.0,0.48638613861386143,0.33704620462046203,0.5639438943894389,0.0,0.43605610561056113,0.4143114051219637,supports,0.7000825082508251,0.005638063806380655,opposes,0.6646039603960396,-0.02984048404840478,opposes,0.6629537953795379,-0.031490649064906506,0.005638063806380655,True,0.7763666043879074,3,current_p75
2025021234,2026-04-07,total,under,6.5,0.5558759691184785,1.87,0.53475935828877,0.03948806225155477,0.0,decision,-1.0,0.028271275979618316,0.4143114051219637,2.3516780595609488,ready,0.05462345106941113,0.707499870464381,1.8559494190505408,0.06581248578938831,0.8006778157195817,1.9202528533945609,0.0751867598415423,0.8474314982620872,1.9596352626122278,0.08401381220639992,0.8945286635797369,1.9998408125761014,0.09320874637431648,0.9480860353301512,2.041552943353236,0.10656694853366971,1.0029054953560053,2.112786455819703,0.5852712759796184,0.5434149256024357,0.5499729154072995,0.1956885948780362,0.3696993850292609,0.25013636894466873,3.918321940439051,6.27,6.051273291190099,0.2999174917491749,0.5952970297029703,0.0,0.4047029702970297,0.3353960396039604,0.5136138613861386,0.0,0.48638613861386143,0.33704620462046203,0.5639438943894389,0.0,0.43605610561056113,2.3516780595609488,supports,0.5952970297029703,0.0605376714142003,supports,0.5136138613861386,-0.021145496902631344,supports,0.5639438943894389,0.029184536100668956,0.0605376714142003,True,0.5558759691184785,3,current_p75
2025021235,2026-04-07,total,under,6.5,0.589671227901316,1.74,0.5747126436781609,0.02602793654828983,0.0,decision,-1.0,0.006602936305262985,0.2033862710930561,1.6752527396091033,ready,0.05462345106941113,0.707499870464381,1.8559494190505408,0.06581248578938831,0.8006778157195817,1.9202528533945609,0.0751867598415423,0.8474314982620872,1.9596352626122278,0.08401381220639992,0.8945286635797369,1.9998408125761014,0.09320874637431648,0.9480860353301512,2.041552943353236,0.10656694853366971,1.0029054953560053,2.112786455819703,0.533602936305263,0.47215792103872406,0.4821431304697577,0.0766137289069437,0.16203596276602727,-0.21266920324772848,4.384747260390896,6.06,6.393824940740233,,0.5268151815181519,0.0,0.47318481848184824,,0.5383663366336634,0.0,0.46163366336633666,,0.5284653465346535,0.0,0.47153465346534656,1.6752527396091033,supports,0.5268151815181519,-0.04789746216000901,supports,0.5383663366336634,-0.03634630704449748,supports,0.5284653465346535,-0.04624729714350739,-0.04624729714350739,False,0.589671227901316,3,current_p75
2025021236,2026-04-07,total,under,5.5,0.4972067097301754,2.14,0.4672897196261682,0.06402235882257545,0.0,decision,-1.0,0.018274627992239667,0.1866750501505159,1.7611054597165454,ready,0.05462345106941113,0.707499870464381,1.8559494190505408,0.06581248578938831,0.8006778157195817,1.9202528533945609,0.0751867598415423,0.8474314982620872,1.9596352626122278,0.08401381220639992,0.8945286635797369,1.9998408125761014,0.09320874637431648,0.9480860353301512,2.041552943353236,0.10656694853366971,1.0029054953560053,2.112786455819703,0.5452746279922397,0.4881106518935175,0.49615646437016037,0.1033249498494837,0.1817284709127004,-0.13051479644751635,3.968894540283455,5.73,5.98224955275896,,0.4401815181518152,0.0,0.5598184818481848,,0.4509075907590759,0.0,0.5490924092409241,,0.4426567656765677,0.0,0.5573432343234324,1.7611054597165454,supports,0.4401815181518152,-0.027108201474353,opposes,0.4509075907590759,-0.016382128867092338,opposes,0.4426567656765677,-0.024632953949600522,-0.024632953949600522,False,0.4972067097301754,3,current_p75
2025021237,2026-04-07,puck_line,away,1.5,0.7053372370439044,1.65,0.6060606060606061,0.16380644112244225,1.0,decision,0.6499999999999999,0.05294811505070762,0.7163284728954773,1.9257608220763265,ready,0.05462345106941113,0.707499870464381,1.8559494190505408,0.06581248578938831,0.8006778157195817,1.9202528533945609,0.0751867598415423,0.8474314982620872,1.9596352626122278,0.08401381220639992,0.8945286635797369,1.9998408125761014,0.09320874637431648,0.9480860353301512,2.041552943353236,0.10656694853366971,1.0029054953560053,2.112786455819703,0.6989481150507076,0.690745928666284,0.6936505352089465,0.4736715271045231,0.7745294857206235,1.2661467502603911,4.3642391779236736,6.29,6.424077313434886,0.31064356435643564,,,,0.4121287128712871,,,,0.5012376237623762,,,,0.7163284728954773,supports,0.6893564356435644,0.08329582958295834,opposes,0.5878712871287128,-0.01818931893189324,opposes,0.49876237623762376,-0.10729822982298232,0.08329582958295834,True,0.7053372370439044,3,current_p75
2025021238,2026-04-07,moneyline,away,,0.6281594715394082,1.65,0.6060606060606061,0.036463128040023385,1.0,decision,0.6499999999999999,0.07584319667873357,0.9961078981944442,1.7093685758210286,ready,0.05462345106941113,0.707499870464381,1.8559494190505408,0.06581248578938831,0.8006778157195817,1.9202528533945609,0.0751867598415423,0.8474314982620872,1.9596352626122278,0.08401381220639992,0.8945286635797369,1.9998408125761014,0.09320874637431648,0.9480860353301512,2.041552943353236,0.10656694853366971,1.0029054953560053,2.112786455819703,0.4588431966787336,0.3697473983235927,0.36710011737453574,-0.0938921018055558,-0.5122574190472224,-0.8088193058020213,4.320631424178972,6.03,6.334654169527803,0.7289603960396039,0.5317656765676567,0.0,0.4682343234323432,0.5779702970297029,0.5408415841584159,0.0,0.45915841584158423,0.5639438943894389,0.5325907590759076,0.0,0.4674092409240924,0.07584319667873357,opposes,0.5411568033212664,-0.06490380273933971,supports,0.6302526016764073,0.02419199561580121,supports,0.6328998826254643,0.026839276564858183,0.02419199561580121,True,0.6281594715394082,3,current_p75
2025021238,2026-04-07,puck_line,home,1.5,0.7318868209619194,1.51,0.6622516556291391,0.10514909965249819,0.0,decision,-1.0,0.07584319667873357,0.9961078981944442,1.7093685758210286,ready,0.05462345106941113,0.707499870464381,1.8559494190505408,0.06581248578938831,0.8006778157195817,1.9202528533945609,0.0751867598415423,0.8474314982620872,1.9596352626122278,0.08401381220639992,0.8945286635797369,1.9998408125761014,0.09320874637431648,0.9480860353301512,2.041552943353236,0.10656694853366971,1.0029054953560053,2.112786455819703,0.4588431966787336,0.3697473983235927,0.36710011737453574,-0.0938921018055558,-0.5122574190472224,-0.8088193058020213,4.320631424178972,6.03,6.334654169527803,0.7289603960396039,0.5317656765676567,0.0,0.4682343234323432,0.5779702970297029,0.5408415841584159,0.0,0.45915841584158423,0.5639438943894389,0.5325907590759076,0.0,0.4674092409240924,0.9961078981944442,supports,0.7289603960396039,0.06670874041046482,opposes,0.5779702970297029,-0.0842813585994362,opposes,0.5639438943894389,-0.0983077612397002,0.06670874041046482,True,0.7318868209619194,3,current_p75
2025021238,2026-04-07,total,under,6.5,0.5945158566611779,1.77,0.5649717514124294,0.05229306629028496,1.0,decision,0.77,0.07584319667873357,0.9961078981944442,1.7093685758210286,ready,0.05462345106941113,0.707499870464381,1.8559494190505408,0.06581248578938831,0.8006778157195817,1.9202528533945609,0.0751867598415423,0.8474314982620872,1.9596352626122278,0.08401381220639992,0.8945286635797369,1.9998408125761014,0.09320874637431648,0.9480860353301512,2.041552943353236,0.10656694853366971,1.0029054953560053,2.112786455819703,0.4588431966787336,0.3697473983235927,0.36710011737453574,-0.0938921018055558,-0.5122574190472224,-0.8088193058020213,4.320631424178972,6.03,6.334654169527803,0.7289603960396039,0.5317656765676567,0.0,0.4682343234323432,0.5779702970297029,0.5408415841584159,0.0,0.45915841584158423,0.5639438943894389,0.5325907590759076,0.0,0.4674092409240924,1.7093685758210286,supports,0.5317656765676567,-0.03320607484477267,supports,0.5408415841584159,-0.024130167254013513,supports,0.5325907590759076,-0.03238099233652181,-0.03238099233652181,False,0.5945158566611779,3,current_p75
2025021239,2026-04-07,puck_line,away,1.5,0.6972703891682793,1.77,0.5649717514124294,0.2341685888278544,1.0,decision,0.77,0.03449916040769918,0.957659657596849,1.7910262974889384,ready,0.05462345106941113,0.707499870464381,1.8559494190505408,0.06581248578938831,0.8006778157195817,1.9202528533945609,0.0751867598415423,0.8474314982620872,1.9596352626122278,0.08401381220639992,0.8945286635797369,1.9998408125761014,0.09320874637431648,0.9480860353301512,2.041552943353236,0.10656694853366971,1.0029054953560053,2.112786455819703,0.6345008395923009,0.6114525192387148,0.6086668307645551,0.312340342403151,0.7145573985938276,0.8174522292491954,3.898973702511062,5.69,5.916226446827482,0.30074257425742573,0.4492574257425742,0.0,0.5507425742574258,0.4005775577557756,0.45668316831683164,0.0,0.5433168316831684,0.4352310231023102,0.45008250825082513,0.0,0.5499174917491749,0.957659657596849,supports,0.6992574257425743,0.13428567433014493,supports,0.5994224422442245,0.03445069083179508,opposes,0.5647689768976898,-0.00020277451473960095,0.13428567433014493,True,0.6972703891682793,3,current_p75
2025021239,2026-04-07,total,under,5.5,0.5039103540732696,2.0,0.5,0.007820708146539124,0.0,decision,-1.0,0.03449916040769918,0.957659657596849,1.7910262974889384,ready,0.05462345106941113,0.707499870464381,1.8559494190505408,0.06581248578938831,0.8006778157195817,1.9202528533945609,0.0751867598415423,0.8474314982620872,1.9596352626122278,0.08401381220639992,0.8945286635797369,1.9998408125761014,0.09320874637431648,0.9480860353301512,2.041552943353236,0.10656694853366971,1.0029054953560053,2.112786455819703,0.6345008395923009,0.6114525192387148,0.6086668307645551,0.312340342403151,0.7145573985938276,0.8174522292491954,3.898973702511062,5.69,5.916226446827482,0.30074257425742573,0.4492574257425742,0.0,0.5507425742574258,0.4005775577557756,0.45668316831683164,0.0,0.5433168316831684,0.4352310231023102,0.45008250825082513,0.0,0.5499174917491749,1.7910262974889384,supports,0.4492574257425742,-0.05074257425742579,opposes,0.45668316831683164,-0.043316831683168355,opposes,0.45008250825082513,-0.04991749174917487,-0.04991749174917487,False,0.5039103540732696,3,current_p75
2025021240,2026-04-07,puck_line,away,1.5,0.6847943746704331,1.8,0.5555555555555556,0.23262987440677962,0.0,decision,-1.0,0.05890113466606117,1.0410445422668397,1.7764229873909994,ready,0.05462345106941113,0.707499870464381,1.8559494190505408,0.06581248578938831,0.8006778157195817,1.9202528533945609,0.0751867598415423,0.8474314982620872,1.9596352626122278,0.08401381220639992,0.8945286635797369,1.9998408125761014,0.09320874637431648,0.9480860353301512,2.041552943353236,0.10656694853366971,1.0029054953560053,2.112786455819703,0.6330988653339388,0.6100925814325835,0.5971786015529303,0.3089554577331603,0.7461941654852331,0.8345383934953599,4.213577012609001,5.99,6.2379278165328795,0.30074257425742573,,,,0.40470297029702973,,,,0.43935643564356436,,,,1.0410445422668397,supports,0.6992574257425743,0.14370187018701874,supports,0.5952970297029703,0.03974147414741469,supports,0.5606435643564356,0.005088008800880006,0.14370187018701874,True,0.6847943746704331,3,current_p75
2025021241,2026-04-07,moneyline,home,,0.6099394091158539,1.8,0.5555555555555556,0.09789093640853697,1.0,decision,0.8,0.018029868855035103,0.8510075494539646,2.303546985816153,ready,0.05462345106941113,0.707499870464381,1.8559494190505408,0.06581248578938831,0.8006778157195817,1.9202528533945609,0.0751867598415423,0.8474314982620872,1.9596352626122278,0.08401381220639992,0.8945286635797369,1.9998408125761014,0.09320874637431648,0.9480860353301512,2.041552943353236,0.10656694853366971,1.0029054953560053,2.112786455819703,0.5909701311449649,0.5522564721304191,0.556057379370532,0.2089924505460354,0.5664156213167005,0.44162739839342147,4.596453014183847,6.9,6.74128607233223,0.2999174917491749,0.5037128712871287,0.0,0.49628712871287134,0.37004950495049505,0.4401815181518152,0.0,0.5598184818481848,0.36674917491749176,0.4822607260726072,0.0,0.5177392739273928,0.018029868855035103,supports,0.5909701311449649,0.0354145755894093,opposes,0.5522564721304191,-0.0032990834251365175,supports,0.556057379370532,0.000501823814976432,0.0354145755894093,True,0.6099394091158539,3,current_p75
2025021241,2026-04-07,puck_line,away,1.5,0.7189247324943265,1.43,0.6993006993006994,0.02806236746688695,1.0,decision,0.42999999999999994,0.018029868855035103,0.8510075494539646,2.303546985816153,ready,0.05462345106941113,0.707499870464381,1.8559494190505408,0.06581248578938831,0.8006778157195817,1.9202528533945609,0.0751867598415423,0.8474314982620872,1.9596352626122278,0.08401381220639992,0.8945286635797369,1.9998408125761014,0.09320874637431648,0.9480860353301512,2.041552943353236,0.10656694853366971,1.0029054953560053,2.112786455819703,0.5909701311449649,0.5522564721304191,0.556057379370532,0.2089924505460354,0.5664156213167005,0.44162739839342147,4.596453014183847,6.9,6.74128607233223,0.2999174917491749,0.5037128712871287,0.0,0.49628712871287134,0.37004950495049505,0.4401815181518152,0.0,0.5598184818481848,0.36674917491749176,0.4822607260726072,0.0,0.5177392739273928,0.8510075494539646,supports,0.7000825082508251,0.0007818089501256953,opposes,0.629950495049505,-0.06935020425119442,opposes,0.6332508250825082,-0.0660498742181912,0.0007818089501256953,True,0.7189247324943265,3,current_p75
2025021241,2026-04-07,total,over,6.5,0.5424877447621697,1.95,0.5128205128205129,0.05785110228623069,1.0,decision,0.95,0.018029868855035103,0.8510075494539646,2.303546985816153,ready,0.05462345106941113,0.707499870464381,1.8559494190505408,0.06581248578938831,0.8006778157195817,1.9202528533945609,0.0751867598415423,0.8474314982620872,1.9596352626122278,0.08401381220639992,0.8945286635797369,1.9998408125761014,0.09320874637431648,0.9480860353301512,2.041552943353236,0.10656694853366971,1.0029054953560053,2.112786455819703,0.5909701311449649,0.5522564721304191,0.556057379370532,0.2089924505460354,0.5664156213167005,0.44162739839342147,4.596453014183847,6.9,6.74128607233223,0.2999174917491749,0.5037128712871287,0.0,0.49628712871287134,0.37004950495049505,0.4401815181518152,0.0,0.5598184818481848,0.36674917491749176,0.4822607260726072,0.0,0.5177392739273928,2.303546985816153,opposes,0.49628712871287134,-0.016533384107641547,supports,0.5598184818481848,0.04699796902767195,supports,0.5177392739273928,0.004918761106879943,0.004918761106879943,True,0.5424877447621697,3,current_p75
2025021242,2026-04-07,moneyline,away,,0.7561814821148151,1.39,0.7194244604316548,0.05109226013959289,1.0,decision,0.3899999999999999,0.06471989121572302,1.0072927595267478,2.0401521141404784,ready,0.05462345106941113,0.707499870464381,1.8559494190505408,0.06581248578938831,0.8006778157195817,1.9202528533945609,0.0751867598415423,0.8474314982620872,1.9596352626122278,0.08401381220639992,0.8945286635797369,1.9998408125761014,0.09320874637431648,0.9480860353301512,2.041552943353236,0.10656694853366971,1.0029054953560053,2.112786455819703,0.411719891215723,0.3113038964503019,0.3101095432393221,-0.2027072404732521,-0.6257701994744862,-1.1661583763379042,4.289847885859522,6.33,6.37077845480737,0.709983498349835,0.5334158415841584,0.0,0.46658415841584155,0.5606435643564357,0.5078382838283828,0.0,0.49216171617161725,0.5284653465346535,0.5292904290429044,0.0,0.4707095709570957,0.06471989121572302,opposes,0.5882801087842771,-0.1311443516473777,opposes,0.6886961035496981,-0.03072835688195663,opposes,0.6898904567606778,-0.029534003670976916,-0.03072835688195663,False,0.7561814821148151,3,current_p75
2025021242,2026-04-07,puck_line,home,1.5,0.7149756224196046,1.83,0.5464480874316939,0.3084053890278764,1.0,decision,0.8300000000000001,0.06471989121572302,1.0072927595267478,2.0401521141404784,ready,0.05462345106941113,0.707499870464381,1.8559494190505408,0.06581248578938831,0.8006778157195817,1.9202528533945609,0.0751867598415423,0.8474314982620872,1.9596352626122278,0.08401381220639992,0.8945286635797369,1.9998408125761014,0.09320874637431648,0.9480860353301512,2.041552943353236,0.10656694853366971,1.0029054953560053,2.112786455819703,0.411719891215723,0.3113038964503019,0.3101095432393221,-0.2027072404732521,-0.6257701994744862,-1.1661583763379042,4.289847885859522,6.33,6.37077845480737,0.709983498349835,0.5334158415841584,0.0,0.46658415841584155,0.5606435643564357,0.5078382838283828,0.0,0.49216171617161725,0.5284653465346535,0.5292904290429044,0.0,0.4707095709570957,1.0072927595267478,supports,0.709983498349835,0.16353541091814106,supports,0.5606435643564357,0.014195476924741768,opposes,0.5284653465346535,-0.01798274089704044,0.16353541091814106,True,0.7149756224196046,3,current_p75
2025021242,2026-04-07,total,under,6.5,0.5462781331182036,1.87,0.53475935828877,0.021540108931040747,1.0,decision,0.8700000000000001,0.06471989121572302,1.0072927595267478,2.0401521141404784,ready,0.05462345106941113,0.707499870464381,1.8559494190505408,0.06581248578938831,0.8006778157195817,1.9202528533945609,0.0751867598415423,0.8474314982620872,1.9596352626122278,0.08401381220639992,0.8945286635797369,1.9998408125761014,0.09320874637431648,0.9480860353301512,2.041552943353236,0.10656694853366971,1.0029054953560053,2.112786455819703,0.411719891215723,0.3113038964503019,0.3101095432393221,-0.2027072404732521,-0.6257701994744862,-1.1661583763379042,4.289847885859522,6.33,6.37077845480737,0.709983498349835,0.5334158415841584,0.0,0.46658415841584155,0.5606435643564357,0.5078382838283828,0.0,0.49216171617161725,0.5284653465346535,0.5292904290429044,0.0,0.4707095709570957,2.0401521141404784,supports,0.5334158415841584,-0.0013435167046115248,supports,0.5078382838283828,-0.026921074460387162,supports,0.5292904290429044,-0.005468929245865617,-0.0013435167046115248,False,0.5462781331182036,3,current_p75
2025021243,2026-04-07,puck_line,away,1.5,0.7252327762326619,1.52,0.6578947368421053,0.10235381987364622,1.0,decision,0.52,0.0014519125921438336,0.7981680525120147,2.0801624830814376,ready,0.05462345106941113,0.707499870464381,1.8559494190505408,0.06581248578938831,0.8006778157195817,1.9202528533945609,0.0751867598415423,0.8474314982620872,1.9596352626122278,0.08401381220639992,0.8945286635797369,1.9998408125761014,0.09320874637431648,0.9480860353301512,2.041552943353236,0.10656694853366971,1.0029054953560053,2.112786455819703,0.5964519125921438,0.559373963558218,0.5706164413462113,0.2218319474879853,0.5570625295430315,0.4659567718606056,4.559837516918562,6.64,6.6576443535955,0.2999174917491749,,,,0.36922442244224424,,,,0.36922442244224424,,,,0.7981680525120147,supports,0.7000825082508251,0.042187771408719765,opposes,0.6307755775577557,-0.027119159284349603,opposes,0.6307755775577557,-0.027119159284349603,0.042187771408719765,True,0.7252327762326619,3,current_p75
2025021244,2026-04-08,moneyline,home,,0.4741456796878053,2.3,0.4347826086956522,0.09053506328195216,0.0,decision,-1.0,0.03663452051946714,0.2015726401656747,2.144276302051103,ready,0.05459831708928229,0.7146855167065114,1.8567904715525563,0.06557878666268661,0.806054996699035,1.922556063192431,0.07506784326442915,0.8494851114595304,1.9618959540801448,0.08360026866138628,0.8957139435366112,2.0004094134783084,0.09284774893202133,0.951241557934544,2.0434083195315345,0.10645929342842557,1.0055376717830367,2.114303230579111,0.5226345205194671,0.45413587213247864,0.4566684336898889,0.0515726401656744,-0.033087868703908965,-0.3658256010582388,4.065723697948897,6.21,6.17849226141089,,0.5515126737530662,0.0,0.44848732624693377,,0.5188062142273099,0.0,0.48119378577269006,,0.5408830744071954,0.0,0.4591169255928046,0.03663452051946714,supports,0.5226345205194671,0.08785191182381491,supports,0.45413587213247864,0.019353263436826418,supports,0.4566684336898889,0.02188582499423669,0.08785191182381491,True,0.4741456796878053,3,current_p75
2025021244,2026-04-08,total,under,6.5,0.565503981092307,1.77,0.5649717514124294,0.0009420465333833672,0.0,decision,-1.0,0.03663452051946714,0.2015726401656747,2.144276302051103,ready,0.05459831708928229,0.7146855167065114,1.8567904715525563,0.06557878666268661,0.806054996699035,1.922556063192431,0.07506784326442915,0.8494851114595304,1.9618959540801448,0.08360026866138628,0.8957139435366112,2.0004094134783084,0.09284774893202133,0.951241557934544,2.0434083195315345,0.10645929342842557,1.0055376717830367,2.114303230579111,0.5226345205194671,0.45413587213247864,0.4566684336898889,0.0515726401656744,-0.033087868703908965,-0.3658256010582388,4.065723697948897,6.21,6.17849226141089,,0.5515126737530662,0.0,0.44848732624693377,,0.5188062142273099,0.0,0.48119378577269006,,0.5408830744071954,0.0,0.4591169255928046,2.144276302051103,supports,0.5515126737530662,-0.013459077659363161,supports,0.5188062142273099,-0.04616553718511951,supports,0.5408830744071954,-0.024088677005233983,-0.013459077659363161,False,0.565503981092307,3,current_p75
2025021245,2026-04-08,moneyline,home,,0.4492225292265998,2.3,0.4347826086956522,0.033211817221179496,0.0,decision,-1.0,0.05727385936497126,0.4616291074667881,1.6282859718102802,ready,0.05459831708928229,0.7146855167065114,1.8567904715525563,0.06557878666268661,0.806054996699035,1.922556063192431,0.07506784326442915,0.8494851114595304,1.9618959540801448,0.08360026866138628,0.8957139435366112,2.0004094134783084,0.09284774893202133,0.951241557934544,2.0434083195315345,0.10645929342842557,1.0055376717830367,2.114303230579111,0.5182738593649713,0.44728307719332583,0.4468731751391218,0.0416291074667882,-0.15225511766926278,-0.3880578776411878,4.41171402818972,6.04,6.412662225041337,,0.5237121831561733,0.0,0.47628781684382665,,0.5392477514309076,0.0,0.46075224856909236,,0.5245298446443173,0.0,0.47547015535568277,0.05727385936497126,supports,0.5182738593649713,0.08349125066931906,supports,0.44728307719332583,0.012500468497673611,supports,0.4468731751391218,0.012090566443469564,0.08349125066931906,True,0.4492225292265998,3,current_p75
2025021245,2026-04-08,total,under,6.5,0.5929007138455709,1.87,0.53475935828877,0.10872433489121747,1.0,decision,0.8700000000000001,0.05727385936497126,0.4616291074667881,1.6282859718102802,ready,0.05459831708928229,0.7146855167065114,1.8567904715525563,0.06557878666268661,0.806054996699035,1.922556063192431,0.07506784326442915,0.8494851114595304,1.9618959540801448,0.08360026866138628,0.8957139435366112,2.0004094134783084,0.09284774893202133,0.951241557934544,2.0434083195315345,0.10645929342842557,1.0055376717830367,2.114303230579111,0.5182738593649713,0.44728307719332583,0.4468731751391218,0.0416291074667882,-0.15225511766926278,-0.3880578776411878,4.41171402818972,6.04,6.412662225041337,,0.5237121831561733,0.0,0.47628781684382665,,0.5392477514309076,0.0,0.46075224856909236,,0.5245298446443173,0.0,0.47547015535568277,1.6282859718102802,supports,0.5237121831561733,-0.011047175132596676,supports,0.5392477514309076,0.00448839314213767,supports,0.5245298446443173,-0.010229513644452681,-0.010229513644452681,False,0.5929007138455709,3,current_p75
2025021246,2026-04-08,moneyline,home,,0.55528488820705,2.05,0.48780487804878053,0.13833402082445234,0.0,decision,-1.0,0.0065230440235567455,0.06464088486805991,2.870053409335993,ready,0.05459831708928229,0.7146855167065114,1.8567904715525563,0.06557878666268661,0.806054996699035,1.922556063192431,0.07506784326442915,0.8494851114595304,1.9618959540801448,0.08360026866138628,0.8957139435366112,2.0004094134783084,0.09284774893202133,0.951241557934544,2.0434083195315345,0.10645929342842557,1.0055376717830367,2.114303230579111,0.5155230440235568,0.4449094813515322,0.4515076970094028,0.0353591151319401,0.06250828677652526,-0.40591262435745856,4.469946590664007,7.34,6.781609429540211,,0.5139002452984465,0.0,0.4860997547015536,,0.3626328699918234,0.0,0.6373671300081767,,0.47301717089125106,0.0,0.526982829108749,0.0065230440235567455,supports,0.5155230440235568,0.02771816597477622,opposes,0.4449094813515322,-0.042895396697248345,opposes,0.4515076970094028,-0.036297181039377735,0.02771816597477622,True,0.55528488820705,3,current_p75
2025021246,2026-04-08,total,over,6.5,0.6065655717328542,1.87,0.53475935828877,0.13427761914043734,1.0,decision,0.8700000000000001,0.0065230440235567455,0.06464088486805991,2.870053409335993,ready,0.05459831708928229,0.7146855167065114,1.8567904715525563,0.06557878666268661,0.806054996699035,1.922556063192431,0.07506784326442915,0.8494851114595304,1.9618959540801448,0.08360026866138628,0.8957139435366112,2.0004094134783084,0.09284774893202133,0.951241557934544,2.0434083195315345,0.10645929342842557,1.0055376717830367,2.114303230579111,0.5155230440235568,0.4449094813515322,0.4515076970094028,0.0353591151319401,0.06250828677652526,-0.40591262435745856,4.469946590664007,7.34,6.781609429540211,,0.5139002452984465,0.0,0.4860997547015536,,0.3626328699918234,0.0,0.6373671300081767,,0.47301717089125106,0.0,0.526982829108749,2.870053409335993,opposes,0.4860997547015536,-0.04865960358721638,supports,0.6373671300081767,0.10260777171940672,supports,0.526982829108749,-0.007776529180020919,-0.007776529180020919,False,0.6065655717328542,3,current_p75
2025021247,2026-04-09,puck_line,away,1.5,0.7932732297494276,1.41,0.7092198581560284,0.11851525394669293,0.0,decision,-1.0,0.02599167101966182,0.289027039701192,1.982489001866747,ready,0.054585750099217865,0.7142166463886391,1.856905842693612,0.0654516923327744,0.8039638707234887,1.9232019426192515,0.07503964377980538,0.8489191058106496,1.9627262224527513,0.08353407518861598,0.8953817429182196,2.000458430652889,0.09282431565151059,0.9508723876515105,2.0446437797702552,0.10644638976061607,1.004925968316385,2.1146313037700004,0.5659916710196619,0.5156373132399016,0.5197245587346279,0.1509729602988079,0.2752545873703205,0.043995152704656725,4.4575109981332535,6.44,6.549136147360405,0.29812398042414356,,,,0.3234094616639478,,,,0.30057096247960846,,,,0.289027039701192,opposes,0.7018760195758564,-0.0073438385801719575,opposes,0.6765905383360522,-0.03262931981997619,opposes,0.6994290375203915,-0.009790820635636854,-0.0073438385801719575,False,0.7932732297494276,3,current_p75
2025021249,2026-04-09,moneyline,away,,0.3768333877184026,3.3,0.30303030303030304,0.24355017947072843,0.0,decision,-1.0,0.04540200909810732,0.9925882361826655,2.248428479850007,ready,0.054585750099217865,0.7142166463886391,1.856905842693612,0.0654516923327744,0.8039638707234887,1.9232019426192515,0.07503964377980538,0.8489191058106496,1.9627262224527513,0.08353407518861598,0.8953817429182196,2.000458430652889,0.09282431565151059,0.9508723876515105,2.0446437797702552,0.10644638976061607,1.004925968316385,2.1146313037700004,0.6365979909018927,0.6186660365639252,0.6168707238625973,0.3174117638173346,0.7442247053758808,0.8545892201455074,3.801571520149993,6.05,5.93769554357975,0.29893964110929855,0.6268352365415987,0.0,0.37316476345840127,0.40008156606851547,0.5379282218597063,0.0,0.4620717781402936,0.4433115823817292,0.5884991843393148,0.0,0.41150081566068514,0.04540200909810732,supports,0.36340200909810727,0.06037170606780423,supports,0.38133396343607484,0.0783036604057718,supports,0.38312927613740266,0.08009897310709962,0.0783036604057718,True,0.3768333877184026,3,current_p75
2025021249,2026-04-09,puck_line,away,1.5,0.6901471698888637,1.93,0.5181347150259068,0.331984037885507,0.0,decision,-1.0,0.04540200909810732,0.9925882361826655,2.248428479850007,ready,0.054585750099217865,0.7142166463886391,1.856905842693612,0.0654516923327744,0.8039638707234887,1.9232019426192515,0.07503964377980538,0.8489191058106496,1.9627262224527513,0.08353407518861598,0.8953817429182196,2.000458430652889,0.09282431565151059,0.9508723876515105,2.0446437797702552,0.10644638976061607,1.004925968316385,2.1146313037700004,0.6365979909018927,0.6186660365639252,0.6168707238625973,0.3174117638173346,0.7442247053758808,0.8545892201455074,3.801571520149993,6.05,5.93769554357975,0.29893964110929855,0.6268352365415987,0.0,0.37316476345840127,0.40008156606851547,0.5379282218597063,0.0,0.4620717781402936,0.4433115823817292,0.5884991843393148,0.0,0.41150081566068514,0.9925882361826655,supports,0.7010603588907014,0.1829256438647946,supports,0.5999184339314845,0.08178371890557767,supports,0.5566884176182708,0.038553702592364014,0.1829256438647946,True,0.6901471698888637,3,current_p75
2025021249,2026-04-09,total,under,6.5,0.5912858287750477,1.85,0.5405405405405405,0.09387878323383814,1.0,decision,0.8500000000000001,0.04540200909810732,0.9925882361826655,2.248428479850007,ready,0.054585750099217865,0.7142166463886391,1.856905842693612,0.0654516923327744,0.8039638707234887,1.9232019426192515,0.07503964377980538,0.8489191058106496,1.9627262224527513,0.08353407518861598,0.8953817429182196,2.000458430652889,0.09282431565151059,0.9508723876515105,2.0446437797702552,0.10644638976061607,1.004925968316385,2.1146313037700004,0.6365979909018927,0.6186660365639252,0.6168707238625973,0.3174117638173346,0.7442247053758808,0.8545892201455074,3.801571520149993,6.05,5.93769554357975,0.29893964110929855,0.6268352365415987,0.0,0.37316476345840127,0.40008156606851547,0.5379282218597063,0.0,0.4620717781402936,0.4433115823817292,0.5884991843393148,0.0,0.41150081566068514,2.248428479850007,supports,0.6268352365415987,0.08629469600105821,supports,0.5379282218597063,-0.0026123186808341137,supports,0.5884991843393148,0.04795864379877435,0.08629469600105821,True,0.5912858287750477,3,current_p75
2025021250,2026-04-09,total,under,6.5,0.6526015341112017,1.77,0.5649717514124294,0.15510471537682702,0.0,decision,-1.0,0.00569474001161252,0.29487622377915207,1.7332107421338465,ready,0.054585750099217865,0.7142166463886391,1.856905842693612,0.0654516923327744,0.8039638707234887,1.9232019426192515,0.07503964377980538,0.8489191058106496,1.9627262224527513,0.08353407518861598,0.8953817429182196,2.000458430652889,0.09282431565151059,0.9508723876515105,2.0446437797702552,0.10644638976061607,1.004925968316385,2.1146313037700004,0.5416947400116126,0.48079010176165504,0.4869899806567098,0.0951237762208476,0.221920552445883,-0.14167396075415556,3.9367892578661534,5.67,5.942570001713241,,0.586867862969005,0.0,0.4131321370309951,,0.5999184339314845,0.0,0.4000815660685155,,0.5876835236541599,0.0,0.4123164763458401,1.7332107421338465,supports,0.586867862969005,0.02189611155657556,supports,0.5999184339314845,0.03494668251905508,supports,0.5876835236541599,0.022711772241730488,0.022711772241730488,True,0.6526015341112017,3,current_p75
2025021251,2026-04-09,total,under,6.5,0.5494737412302975,1.91,0.5235602094240838,0.049494845749868066,0.0,decision,-1.0,0.05434885516348442,0.2443318089801667,1.8403902509868564,ready,0.054585750099217865,0.7142166463886391,1.856905842693612,0.0654516923327744,0.8039638707234887,1.9232019426192515,0.07503964377980538,0.8489191058106496,1.9627262224527513,0.08353407518861598,0.8953817429182196,2.000458430652889,0.09282431565151059,0.9508723876515105,2.0446437797702552,0.10644638976061607,1.004925968316385,2.1146313037700004,0.5413488551634844,0.4787862836685399,0.4789526618756945,0.0943318089801668,-0.01073086888130488,-0.23590550384549652,4.469609749013143,6.31,6.524306606578501,,0.5142740619902121,0.0,0.4857259380097879,,0.5085644371941273,0.0,0.49143556280587275,,0.5085644371941273,0.0,0.49143556280587275,1.8403902509868564,supports,0.5142740619902121,-0.009286147433871683,supports,0.5085644371941273,-0.014995772229956517,opposes,0.5085644371941273,-0.014995772229956517,-0.009286147433871683,False,0.5494737412302975,3,current_p75
2025021252,2026-04-09,moneyline,away,,0.4147152038855053,3.2,0.3125,0.3270886524336172,0.0,decision,-1.0,0.033322958599124486,0.8973303191072812,1.566237870580843,ready,0.054585750099217865,0.7142166463886391,1.856905842693612,0.0654516923327744,0.8039638707234887,1.9232019426192515,0.07503964377980538,0.8489191058106496,1.9627262224527513,0.08353407518861598,0.8953817429182196,2.000458430652889,0.09282431565151059,0.9508723876515105,2.0446437797702552,0.10644638976061607,1.004925968316385,2.1146313037700004,0.5796770414008755,0.5373754945636846,0.5373099051916732,0.1826696808927188,0.5685217181088498,0.3676162523973143,4.393762129419157,5.96,6.373357926288025,0.29812398042414356,0.5248776508972267,0.0,0.47512234910277323,0.3690864600326264,0.5485318107667211,0.0,0.45146818923327897,0.3592985318107667,0.5281402936378466,0.0,0.47185970636215335,0.033322958599124486,supports,0.4203229585991245,0.1078229585991245,supports,0.4626245054363154,0.1501245054363154,supports,0.4626900948083268,0.1501900948083268,0.1501245054363154,True,0.4147152038855053,3,current_p75
2025021252,2026-04-09,puck_line,away,1.5,0.7216095401850983,1.83,0.5464480874316939,0.32054545853872995,0.0,decision,-1.0,0.033322958599124486,0.8973303191072812,1.566237870580843,ready,0.054585750099217865,0.7142166463886391,1.856905842693612,0.0654516923327744,0.8039638707234887,1.9232019426192515,0.07503964377980538,0.8489191058106496,1.9627262224527513,0.08353407518861598,0.8953817429182196,2.000458430652889,0.09282431565151059,0.9508723876515105,2.0446437797702552,0.10644638976061607,1.004925968316385,2.1146313037700004,0.5796770414008755,0.5373754945636846,0.5373099051916732,0.1826696808927188,0.5685217181088498,0.3676162523973143,4.393762129419157,5.96,6.373357926288025,0.29812398042414356,0.5248776508972267,0.0,0.47512234910277323,0.3690864600326264,0.5485318107667211,0.0,0.45146818923327897,0.3592985318107667,0.5281402936378466,0.0,0.47185970636215335,0.8973303191072812,supports,0.7018760195758564,0.1554279321441625,supports,0.6309135399673735,0.08446545253567961,supports,0.6407014681892333,0.09425338075753942,0.1554279321441625,True,0.7216095401850983,3,current_p75
2025021252,2026-04-09,total,under,6.5,0.6058268298380814,1.83,0.5464480874316939,0.10866309860368917,0.0,decision,-1.0,0.033322958599124486,0.8973303191072812,1.566237870580843,ready,0.054585750099217865,0.7142166463886391,1.856905842693612,0.0654516923327744,0.8039638707234887,1.9232019426192515,0.07503964377980538,0.8489191058106496,1.9627262224527513,0.08353407518861598,0.8953817429182196,2.000458430652889,0.09282431565151059,0.9508723876515105,2.0446437797702552,0.10644638976061607,1.004925968316385,2.1146313037700004,0.5796770414008755,0.5373754945636846,0.5373099051916732,0.1826696808927188,0.5685217181088498,0.3676162523973143,4.393762129419157,5.96,6.373357926288025,0.29812398042414356,0.5248776508972267,0.0,0.47512234910277323,0.3690864600326264,0.5485318107667211,0.0,0.45146818923327897,0.3592985318107667,0.5281402936378466,0.0,0.47185970636215335,1.566237870580843,supports,0.5248776508972267,-0.02157043653446722,supports,0.5485318107667211,0.0020837233350271545,supports,0.5281402936378466,-0.018307793793847282,-0.018307793793847282,False,0.6058268298380814,3,current_p75
2025021254,2026-04-09,puck_line,away,1.5,0.7867816355037704,1.4,0.7142857142857143,0.10149428970527863,1.0,decision,0.3999999999999999,0.026159138599293863,0.37085621352716025,1.8235556429924609,ready,0.054585750099217865,0.7142166463886391,1.856905842693612,0.0654516923327744,0.8039638707234887,1.9232019426192515,0.07503964377980538,0.8489191058106496,1.9627262224527513,0.08353407518861598,0.8953817429182196,2.000458430652889,0.09282431565151059,0.9508723876515105,2.0446437797702552,0.10644638976061607,1.004925968316385,2.1146313037700004,0.5781591385992939,0.5333604134318085,0.5376114910577133,0.17914378647284,0.3386119582895189,0.16790030632987613,4.066444357007539,5.89,6.101041681708273,0.29812398042414356,0.550978792822186,0.0,0.44902120717781396,0.3299347471451876,0.5542414355628059,0.0,0.44575856443719414,0.3209624796084829,0.5526101141924958,0.0,0.4473898858075041,0.37085621352716025,opposes,0.7018760195758564,-0.012409694709857866,opposes,0.6700652528548123,-0.04422046143090197,opposes,0.6790375203915171,-0.0352481938941972,-0.012409694709857866,False,0.7867816355037704,3,current_p75
2025021254,2026-04-09,total,under,6.5,0.6171398660615242,1.74,0.5747126436781609,0.07382336694705205,0.0,decision,-1.0,0.026159138599293863,0.37085621352716025,1.8235556429924609,ready,0.054585750099217865,0.7142166463886391,1.856905842693612,0.0654516923327744,0.8039638707234887,1.9232019426192515,0.07503964377980538,0.8489191058106496,1.9627262224527513,0.08353407518861598,0.8953817429182196,2.000458430652889,0.09282431565151059,0.9508723876515105,2.0446437797702552,0.10644638976061607,1.004925968316385,2.1146313037700004,0.5781591385992939,0.5333604134318085,0.5376114910577133,0.17914378647284,0.3386119582895189,0.16790030632987613,4.066444357007539,5.89,6.101041681708273,0.29812398042414356,0.550978792822186,0.0,0.44902120717781396,0.3299347471451876,0.5542414355628059,0.0,0.44575856443719414,0.3209624796084829,0.5526101141924958,0.0,0.4473898858075041,1.8235556429924609,supports,0.550978792822186,-0.023733850855974903,supports,0.5542414355628059,-0.020471208115354966,supports,0.5526101141924958,-0.022102529485665046,-0.022102529485665046,False,0.6171398660615242,3,current_p75
2025021255,2026-04-09,moneyline,home,,0.5008513188025772,2.9,0.3448275862068966,0.4524688245274737,0.0,decision,-1.0,0.004732600035873391,0.8578677459755868,1.5753049755688862,ready,0.054585750099217865,0.7142166463886391,1.856905842693612,0.0654516923327744,0.8039638707234887,1.9232019426192515,0.07503964377980538,0.8489191058106496,1.9627262224527513,0.08353407518861598,0.8953817429182196,2.000458430652889,0.09282431565151059,0.9508723876515105,2.0446437797702552,0.10644638976061607,1.004925968316385,2.1146313037700004,0.3697326000358734,0.25394421694102587,0.2558698003515686,-0.3021322540244129,-0.6710153847939152,-1.5344749248932381,4.5646950244311135,6.14,6.553320412517232,0.6545676998368679,0.5036704730831973,0.0,0.4963295269168026,0.5542414355628059,0.5281402936378466,0.0,0.47185970636215335,0.515905383360522,0.5069331158238173,0.0,0.4930668841761827,0.004732600035873391,supports,0.3697326000358734,0.024905013828976807,opposes,0.25394421694102587,-0.0908833692658707,opposes,0.2558698003515686,-0.08895778585532799,0.024905013828976807,True,0.5008513188025772,3,current_p75
2025021255,2026-04-09,puck_line,home,1.5,0.7223156180254141,1.74,0.5747126436781609,0.25682917536422045,0.0,decision,-1.0,0.004732600035873391,0.8578677459755868,1.5753049755688862,ready,0.054585750099217865,0.7142166463886391,1.856905842693612,0.0654516923327744,0.8039638707234887,1.9232019426192515,0.07503964377980538,0.8489191058106496,1.9627262224527513,0.08353407518861598,0.8953817429182196,2.000458430652889,0.09282431565151059,0.9508723876515105,2.0446437797702552,0.10644638976061607,1.004925968316385,2.1146313037700004,0.3697326000358734,0.25394421694102587,0.2558698003515686,-0.3021322540244129,-0.6710153847939152,-1.5344749248932381,4.5646950244311135,6.14,6.553320412517232,0.6545676998368679,0.5036704730831973,0.0,0.4963295269168026,0.5542414355628059,0.5281402936378466,0.0,0.47185970636215335,0.515905383360522,0.5069331158238173,0.0,0.4930668841761827,0.8578677459755868,supports,0.6545676998368679,0.07985505615870703,opposes,0.5542414355628059,-0.020471208115354966,opposes,0.515905383360522,-0.05880726031763883,0.07985505615870703,True,0.7223156180254141,3,current_p75
2025021255,2026-04-09,total,under,6.5,0.5767677915500209,1.8,0.5555555555555556,0.03818202479003774,0.0,decision,-1.0,0.004732600035873391,0.8578677459755868,1.5753049755688862,ready,0.054585750099217865,0.7142166463886391,1.856905842693612,0.0654516923327744,0.8039638707234887,1.9232019426192515,0.07503964377980538,0.8489191058106496,1.9627262224527513,0.08353407518861598,0.8953817429182196,2.000458430652889,0.09282431565151059,0.9508723876515105,2.0446437797702552,0.10644638976061607,1.004925968316385,2.1146313037700004,0.3697326000358734,0.25394421694102587,0.2558698003515686,-0.3021322540244129,-0.6710153847939152,-1.5344749248932381,4.5646950244311135,6.14,6.553320412517232,0.6545676998368679,0.5036704730831973,0.0,0.4963295269168026,0.5542414355628059,0.5281402936378466,0.0,0.47185970636215335,0.515905383360522,0.5069331158238173,0.0,0.4930668841761827,1.5753049755688862,supports,0.5036704730831973,-0.051885082472358235,supports,0.5281402936378466,-0.027415261917708933,opposes,0.5069331158238173,-0.0486224397317383,-0.0486224397317383,False,0.5767677915500209,3,current_p75
2025021256,2026-04-09,puck_line,away,1.5,0.6673829358531037,2.0,0.5,0.3347658717062074,0.0,decision,-1.0,0.0027871432739512425,0.9290765999941897,1.8387187150512325,ready,0.054585750099217865,0.7142166463886391,1.856905842693612,0.0654516923327744,0.8039638707234887,1.9232019426192515,0.07503964377980538,0.8489191058106496,1.9627262224527513,0.08353407518861598,0.8953817429182196,2.000458430652889,0.09282431565151059,0.9508723876515105,2.0446437797702552,0.10644638976061607,1.004925968316385,2.1146313037700004,0.7242128567260487,0.7290186871347069,0.7364763431355036,0.5409234000058105,0.9404263380033122,1.5833376978845206,4.311281284948768,6.15,6.3593848339024435,0.33482871125611746,0.5305872756933115,0.0,0.4694127243066884,0.449021207177814,0.5281402936378466,0.0,0.47185970636215335,0.5199836867862969,0.5297716150081566,0.0,0.4702283849918434,0.9290765999941897,supports,0.6651712887438825,0.16517128874388254,supports,0.550978792822186,0.05097879282218598,opposes,0.4800163132137031,-0.019983686786296917,0.16517128874388254,True,0.6673829358531037,3,current_p75
2025021256,2026-04-09,total,under,6.5,0.5751569213743114,1.8,0.5555555555555556,0.03528245847376055,1.0,decision,0.8,0.0027871432739512425,0.9290765999941897,1.8387187150512325,ready,0.054585750099217865,0.7142166463886391,1.856905842693612,0.0654516923327744,0.8039638707234887,1.9232019426192515,0.07503964377980538,0.8489191058106496,1.9627262224527513,0.08353407518861598,0.8953817429182196,2.000458430652889,0.09282431565151059,0.9508723876515105,2.0446437797702552,0.10644638976061607,1.004925968316385,2.1146313037700004,0.7242128567260487,0.7290186871347069,0.7364763431355036,0.5409234000058105,0.9404263380033122,1.5833376978845206,4.311281284948768,6.15,6.3593848339024435,0.33482871125611746,0.5305872756933115,0.0,0.4694127243066884,0.449021207177814,0.5281402936378466,0.0,0.47185970636215335,0.5199836867862969,0.5297716150081566,0.0,0.4702283849918434,1.8387187150512325,supports,0.5305872756933115,-0.024968279862244036,supports,0.5281402936378466,-0.027415261917708933,supports,0.5297716150081566,-0.025783940547398965,-0.024968279862244036,False,0.5751569213743114,3,current_p75
2025021257,2026-04-09,puck_line,away,1.5,0.7265692483928626,1.54,0.6493506493506493,0.11891664252500855,0.0,decision,-1.0,0.04058270160946609,0.6983034252106481,1.666341833372214,ready,0.054585750099217865,0.7142166463886391,1.856905842693612,0.0654516923327744,0.8039638707234887,1.9232019426192515,0.07503964377980538,0.8489191058106496,1.9627262224527513,0.08353407518861598,0.8953817429182196,2.000458430652889,0.09282431565151059,0.9508723876515105,2.0446437797702552,0.10644638976061607,1.004925968316385,2.1146313037700004,0.6465827016094661,0.6298060048982614,0.6332294590358336,0.3416965747893519,0.6419670476299306,0.831220954049585,4.333658166627786,6.0,6.337264077789834,0.29975530179445353,0.5289559543230016,0.0,0.47104404567699837,0.38132137030995106,0.5436378466557912,0.0,0.45636215334420877,0.4367862969004894,0.5305872756933115,0.0,0.4694127243066884,0.6983034252106481,supports,0.7002446982055465,0.05089404885489712,opposes,0.6186786296900489,-0.030672019660600403,opposes,0.5632137030995106,-0.08613694625113877,0.05089404885489712,True,0.7265692483928626,3,current_p75
2025021257,2026-04-09,total,under,6.5,0.5993625655193264,1.77,0.5649717514124294,0.06087174096920789,1.0,decision,0.77,0.04058270160946609,0.6983034252106481,1.666341833372214,ready,0.054585750099217865,0.7142166463886391,1.856905842693612,0.0654516923327744,0.8039638707234887,1.9232019426192515,0.07503964377980538,0.8489191058106496,1.9627262224527513,0.08353407518861598,0.8953817429182196,2.000458430652889,0.09282431565151059,0.9508723876515105,2.0446437797702552,0.10644638976061607,1.004925968316385,2.1146313037700004,0.6465827016094661,0.6298060048982614,0.6332294590358336,0.3416965747893519,0.6419670476299306,0.831220954049585,4.333658166627786,6.0,6.337264077789834,0.29975530179445353,0.5289559543230016,0.0,0.47104404567699837,0.38132137030995106,0.5436378466557912,0.0,0.45636215334420877,0.4367862969004894,0.5305872756933115,0.0,0.4694127243066884,1.666341833372214,supports,0.5289559543230016,-0.036015797089427815,supports,0.5436378466557912,-0.02133390475663821,supports,0.5305872756933115,-0.034384475719117846,-0.034384475719117846,False,0.5993625655193264,3,current_p75
2025021258,2026-04-09,puck_line,away,1.5,0.7184469447369498,1.59,0.6289308176100629,0.14233064213175028,0.0,decision,-1.0,0.0065023801338180975,0.8292419553365316,2.3187492713397972,ready,0.054585750099217865,0.7142166463886391,1.856905842693612,0.0654516923327744,0.8039638707234887,1.9232019426192515,0.07503964377980538,0.8489191058106496,1.9627262224527513,0.08353407518861598,0.8953817429182196,2.000458430652889,0.09282431565151059,0.9508723876515105,2.0446437797702552,0.10644638976061607,1.004925968316385,2.1146313037700004,0.6044976198661819,0.5723762939383665,0.5786946907128924,0.2407580446634689,0.5973320854581775,0.5386042532721045,4.431250728660203,6.75,6.610354522014143,0.29812398042414356,,,,0.37234910277324634,,,,0.382952691680261,,,,0.8292419553365316,supports,0.7018760195758564,0.07294520196579357,opposes,0.6276508972267536,-0.0012799203833092632,opposes,0.617047308319739,-0.01188350929032389,0.07294520196579357,True,0.7184469447369498,3,current_p75
2025021259,2026-04-09,moneyline,home,,0.4290252642721529,2.6,0.3846153846153846,0.11546568710759741,1.0,decision,1.6,0.03045206026850633,0.7522827624667419,2.0803401900072043,ready,0.054585750099217865,0.7142166463886391,1.856905842693612,0.0654516923327744,0.8039638707234887,1.9232019426192515,0.07503964377980538,0.8489191058106496,1.9627262224527513,0.08353407518861598,0.8953817429182196,2.000458430652889,0.09282431565151059,0.9508723876515105,2.0446437797702552,0.10644638976061607,1.004925968316385,2.1146313037700004,0.4484520602685063,0.34885510912278195,0.3501583096315687,-0.1177172375332582,-0.4411988253939572,-0.920399813304794,4.009659809992796,6.09,6.10963250754458,0.7263458401305057,0.5632137030995107,0.0,0.43678629690048937,0.5925774877650897,0.5338499184339315,0.0,0.4661500815660685,0.547716150081566,0.549347471451876,0.0,0.45065252854812393,0.03045206026850633,supports,0.4484520602685063,0.06383667565312173,opposes,0.34885510912278195,-0.03576027549260263,opposes,0.3501583096315687,-0.034457074983815894,0.06383667565312173,True,0.4290252642721529,3,current_p75
2025021259,2026-04-09,puck_line,home,1.5,0.758587391810009,1.6,0.625,0.21373982689601445,1.0,decision,0.6000000000000001,0.03045206026850633,0.7522827624667419,2.0803401900072043,ready,0.054585750099217865,0.7142166463886391,1.856905842693612,0.0654516923327744,0.8039638707234887,1.9232019426192515,0.07503964377980538,0.8489191058106496,1.9627262224527513,0.08353407518861598,0.8953817429182196,2.000458430652889,0.09282431565151059,0.9508723876515105,2.0446437797702552,0.10644638976061607,1.004925968316385,2.1146313037700004,0.4484520602685063,0.34885510912278195,0.3501583096315687,-0.1177172375332582,-0.4411988253939572,-0.920399813304794,4.009659809992796,6.09,6.10963250754458,0.7263458401305057,0.5632137030995107,0.0,0.43678629690048937,0.5925774877650897,0.5338499184339315,0.0,0.4661500815660685,0.547716150081566,0.549347471451876,0.0,0.45065252854812393,0.7522827624667419,supports,0.7263458401305057,0.10134584013050574,opposes,0.5925774877650897,-0.03242251223491033,opposes,0.547716150081566,-0.07728384991843396,0.10134584013050574,True,0.758587391810009,3,current_p75
2025021259,2026-04-09,total,under,6.5,0.5848293934143862,1.74,0.5747126436781609,0.017603144541032067,0.0,decision,-1.0,0.03045206026850633,0.7522827624667419,2.0803401900072043,ready,0.054585750099217865,0.7142166463886391,1.856905842693612,0.0654516923327744,0.8039638707234887,1.9232019426192515,0.07503964377980538,0.8489191058106496,1.9627262224527513,0.08353407518861598,0.8953817429182196,2.000458430652889,0.09282431565151059,0.9508723876515105,2.0446437797702552,0.10644638976061607,1.004925968316385,2.1146313037700004,0.4484520602685063,0.34885510912278195,0.3501583096315687,-0.1177172375332582,-0.4411988253939572,-0.920399813304794,4.009659809992796,6.09,6.10963250754458,0.7263458401305057,0.5632137030995107,0.0,0.43678629690048937,0.5925774877650897,0.5338499184339315,0.0,0.4661500815660685,0.547716150081566,0.549347471451876,0.0,0.45065252854812393,2.0803401900072043,supports,0.5632137030995107,-0.011498940578650196,supports,0.5338499184339315,-0.0408627252442294,supports,0.549347471451876,-0.02536517222628487,-0.011498940578650196,False,0.5848293934143862,3,current_p75
2025021260,2026-04-09,moneyline,away,,0.3352163315307454,3.25,0.3076923076923077,0.0894530774749227,0.0,decision,-1.0,0.001305809456470075,0.9028795542313142,1.7418986902095046,ready,0.054585750099217865,0.7142166463886391,1.856905842693612,0.0654516923327744,0.8039638707234887,1.9232019426192515,0.07503964377980538,0.8489191058106496,1.9627262224527513,0.08353407518861598,0.8953817429182196,2.000458430652889,0.09282431565151059,0.9508723876515105,2.0446437797702552,0.10644638976061607,1.004925968316385,2.1146313037700004,0.6886941905435299,0.6862157468908733,0.6940312517305363,0.4471204457686859,0.835358654088151,1.2586388044157535,4.188101309790495,5.93,6.205935764701627,0.3070962479608483,0.5354812398042414,0.0,0.46451876019575855,0.42128874388254484,0.550978792822186,0.0,0.44902120717781396,0.49796084828711257,0.5411908646003263,0.0,0.4588091353996738,0.001305809456470075,supports,0.31130580945647013,0.003613501764162419,supports,0.3137842531091267,0.006091945416819011,opposes,0.30596874826946374,-0.0017235594228439677,0.006091945416819011,True,0.3352163315307454,3,current_p75
2025021260,2026-04-09,puck_line,away,1.5,0.6850057239996042,1.87,0.53475935828877,0.2809607038792601,0.0,decision,-1.0,0.001305809456470075,0.9028795542313142,1.7418986902095046,ready,0.054585750099217865,0.7142166463886391,1.856905842693612,0.0654516923327744,0.8039638707234887,1.9232019426192515,0.07503964377980538,0.8489191058106496,1.9627262224527513,0.08353407518861598,0.8953817429182196,2.000458430652889,0.09282431565151059,0.9508723876515105,2.0446437797702552,0.10644638976061607,1.004925968316385,2.1146313037700004,0.6886941905435299,0.6862157468908733,0.6940312517305363,0.4471204457686859,0.835358654088151,1.2586388044157535,4.188101309790495,5.93,6.205935764701627,0.3070962479608483,0.5354812398042414,0.0,0.46451876019575855,0.42128874388254484,0.550978792822186,0.0,0.44902120717781396,0.49796084828711257,0.5411908646003263,0.0,0.4588091353996738,0.9028795542313142,supports,0.6929037520391517,0.1581443937503817,supports,0.5787112561174552,0.04395189782868525,opposes,0.5020391517128875,-0.03272020657588248,0.1581443937503817,True,0.6850057239996042,3,current_p75
2025021260,2026-04-09,total,under,6.5,0.6106755687439717,1.74,0.5747126436781609,0.06257548961451076,1.0,decision,0.74,0.001305809456470075,0.9028795542313142,1.7418986902095046,ready,0.054585750099217865,0.7142166463886391,1.856905842693612,0.0654516923327744,0.8039638707234887,1.9232019426192515,0.07503964377980538,0.8489191058106496,1.9627262224527513,0.08353407518861598,0.8953817429182196,2.000458430652889,0.09282431565151059,0.9508723876515105,2.0446437797702552,0.10644638976061607,1.004925968316385,2.1146313037700004,0.6886941905435299,0.6862157468908733,0.6940312517305363,0.4471204457686859,0.835358654088151,1.2586388044157535,4.188101309790495,5.93,6.205935764701627,0.3070962479608483,0.5354812398042414,0.0,0.46451876019575855,0.42128874388254484,0.550978792822186,0.0,0.44902120717781396,0.49796084828711257,0.5411908646003263,0.0,0.4588091353996738,1.7418986902095046,supports,0.5354812398042414,-0.039231403873919435,supports,0.550978792822186,-0.023733850855974903,supports,0.5411908646003263,-0.0335217790778346,-0.0335217790778346,False,0.6106755687439717,3,current_p75
