season_start_year,game_date,game_id,home_team,away_team,home_win,goal_margin,goal_total,candidate,train_rows,baseline_home_win_prob,baseline_margin,baseline_total,candidate_home_win_prob,candidate_margin,candidate_total
2020,2021-02-02,2020020158,COL,MIN,1.0,2.0,2.0,shot_microstats,735,0.539700330428897,0.2544738370888865,3.756360744404077,0.6119836204060033,0.46570821047668165,4.1864208057527295
2020,2021-02-04,2020020170,MTL,OTT,0.0,-1.0,3.0,shot_microstats,735,0.6047182597192352,0.6228245313738091,3.779557279262624,0.7404938177315097,1.7285161736233485,3.630458284380958
2020,2021-02-04,2020020171,TOR,VAN,1.0,3.0,7.0,shot_microstats,735,0.5110820174873603,0.1408217090560894,4.359087209235763,0.3793566986391993,-0.6709280337053735,4.957283587532973
2020,2021-02-05,2020020174,PHI,BOS,0.0,-2.0,2.0,shot_microstats,735,0.4869813668558035,-0.0073677994296126315,3.931464015835261,0.3399064223416075,-0.9176489700152144,4.286581949634393
2020,2021-02-06,2020020183,OTT,MTL,0.0,-1.0,1.0,shot_microstats,735,0.45365526560712416,-0.18340830588599422,3.82748146641056,0.5528986419620382,0.32497832557811085,3.5162345656982104
2020,2021-02-06,2020020184,TOR,VAN,1.0,4.0,4.0,shot_microstats,735,0.5385601751602916,0.2850902139398257,4.33277147197784,0.4187406716477835,-0.5247857742606057,4.969469522177695
2020,2021-02-06,2020020185,CGY,EDM,1.0,3.0,7.0,shot_microstats,735,0.566758694814218,0.42980788385767404,4.16653323514419,0.6808404273568985,1.0728637250770277,4.416462480565479
2020,2021-02-07,2020020188,WSH,PHI,0.0,-3.0,9.0,shot_microstats,735,0.5137377259740226,0.14596399774055077,4.213242054293787,0.5788582904133651,0.16113430707738613,3.896112241603967
2020,2021-02-08,2020020196,NYR,NYI,0.0,-2.0,2.0,shot_microstats,735,0.5560406539640806,0.3552257639834302,3.9578763210597776,0.3606966712450677,-0.9078869851073882,4.180690428742451
2020,2021-02-08,2020020199,OTT,EDM,0.0,-1.0,3.0,shot_microstats,735,0.5021700772931503,0.08719262581259091,4.232439434567717,0.6244139631740182,0.6592473806620497,4.042500573661752
2020,2021-02-08,2020020200,TOR,VAN,1.0,3.0,3.0,shot_microstats,735,0.5597382891546862,0.4058569820011396,4.380859190094311,0.44963379250346736,-0.4042695925948596,4.981552302839807
2020,2021-02-08,2020020565,STL,ARI,1.0,1.0,3.0,shot_microstats,735,0.5029964746388288,0.07667451555547941,3.97303789021323,0.6770029320449809,0.8307724410774986,3.6755870200046608
2020,2021-02-09,2020020204,NSH,TBL,0.0,-2.0,4.0,shot_microstats,735,0.5126973800445012,0.13107813499503781,4.051581283259264,0.49371592904521905,-0.2185937384708007,3.432740880019922
2020,2021-02-09,2020020205,OTT,EDM,0.0,-1.0,5.0,shot_microstats,735,0.4812758043769685,-0.019765661026941717,4.233957836584035,0.6055401256702484,0.588542002909585,3.927644627696882
2020,2021-02-09,2020020206,CGY,WPG,1.0,1.0,3.0,shot_microstats,735,0.5788220006076565,0.480128134355841,3.9162825520367317,0.6143096725263908,0.7438363928475978,4.053938976179771
2020,2021-02-09,2020020211,LAK,SJS,1.0,1.0,3.0,shot_microstats,735,0.5056138004089841,0.10800715592481921,4.2847047503447575,0.5005615157920494,-0.16647724155104565,4.291925538452549
2020,2021-02-10,2020020213,MTL,TOR,1.0,1.0,3.0,shot_microstats,735,0.5729465050417063,0.4409467354389423,3.8387672280373564,0.6064138762363408,1.024548395256574,3.240796226166999
2020,2021-02-11,2020020217,FLA,TBL,1.0,3.0,3.0,shot_microstats,735,0.513391303671689,0.15595297277891493,4.409675070553268,0.4703777928478272,-0.46258058354366843,4.131380857144019
2020,2021-02-11,2020020218,CHI,CBJ,1.0,1.0,7.0,shot_microstats,735,0.5592264128720603,0.39036703920494376,4.2087619474925635,0.5048457710487599,0.10839877856461438,4.506645388513727
2020,2021-02-11,2020020220,MTL,EDM,0.0,-2.0,2.0,shot_microstats,735,0.5867467355846199,0.5314577451523326,3.982676191611022,0.6474812951163168,1.0588239355929487,3.7599380926468804
2020,2021-02-11,2020020221,WPG,OTT,1.0,2.0,4.0,shot_microstats,735,0.5378672689286798,0.2623221464177222,4.039174286156158,0.6531020744323638,0.9132651007101964,4.1510510328979064
2020,2021-02-11,2020020222,VAN,CGY,0.0,-2.0,4.0,shot_microstats,735,0.46238403894371544,-0.11756753205636383,4.208285369750482,0.6019254566877963,0.8925221656211233,3.7248441868109867
2020,2021-02-11,2020020224,DAL,CAR,0.0,-1.0,5.0,shot_microstats,735,0.4973908807464879,0.06060565659246922,4.1972337834169515,0.48875879048305,-0.11869862229566436,4.633112383643915
2020,2021-02-11,2020020226,VGK,ANA,0.0,-1.0,1.0,shot_microstats,735,0.5781536267211189,0.5161864225945814,4.421656108793226,0.4859690751785018,-0.05091831713041595,4.685471972957574
2020,2021-02-11,2020020227,LAK,SJS,1.0,2.0,4.0,shot_microstats,735,0.5071777231572255,0.11308940508068743,4.233088532020033,0.46709988166677774,-0.2820198779491229,4.3436638737546795
2020,2021-02-12,2020020228,NYR,BOS,0.0,-1.0,1.0,shot_microstats,735,0.5337270454660813,0.22639644535615747,3.8117739348559843,0.31377505093914393,-1.0587624975013779,4.575230616505091
2020,2021-02-13,2020020149,SJS,VGK,1.0,1.0,1.0,shot_microstats,735,0.44803382866562613,-0.1915750096730382,4.201039683098516,0.38527210320148014,-0.24783721939261258,3.4606504617409306
2020,2021-02-13,2020020232,FLA,TBL,0.0,-3.0,5.0,shot_microstats,735,0.5539695832938155,0.369669422489755,4.330201035414694,0.4930443044829557,-0.5218131983502234,4.4002675099412984
2020,2021-02-13,2020020234,NSH,DET,0.0,-2.0,6.0,shot_microstats,735,0.5416823741659165,0.2590733536344916,3.6601756639850085,0.6707886308708527,0.8033127347694182,3.6635298978783486
2020,2021-02-13,2020020235,TOR,MTL,0.0,-1.0,3.0,shot_microstats,735,0.49405132700872684,0.023807087424802476,3.8439036133284556,0.3836477884351476,-0.7520868728953666,4.800967646927581
2020,2021-02-13,2020020236,WPG,OTT,0.0,-2.0,2.0,shot_microstats,735,0.5008511490539693,0.0747177817754329,4.132911798592936,0.6110739567065073,0.6951757581461808,4.1844719494068885
2020,2021-02-13,2020020237,VAN,CGY,1.0,1.0,3.0,shot_microstats,735,0.47807454258374554,-0.04298317172921706,4.1087934225143155,0.6152715559491815,0.9713964840135545,3.661991256359396
2020,2021-02-14,2020020242,PIT,WSH,1.0,1.0,5.0,shot_microstats,735,0.5678377703610048,0.44003361269289953,4.220965561489064,0.5042245172796309,0.3248058970652849,3.7964813364610888
2020,2021-02-14,2020020243,VGK,COL,1.0,1.0,1.0,shot_microstats,735,0.5426003643512272,0.2799968610779695,3.9192690266719143,0.5167510674870667,0.16997243803973872,4.314496764189135
2020,2021-02-15,2020020245,BUF,NYI,0.0,-2.0,2.0,shot_microstats,735,0.5042082297191108,0.07684852001386616,3.865751797005122,0.6063311950845192,0.6205665863998613,3.0946315477156956
2020,2021-02-15,2020020247,TOR,OTT,1.0,1.0,7.0,shot_microstats,735,0.5594958811177333,0.38928623872688783,4.172642364187153,0.5374938189139846,-0.13448599089569613,5.107866512006962
2020,2021-02-15,2020020248,EDM,WPG,0.0,-1.0,9.0,shot_microstats,735,0.5554320642492476,0.36881194951025326,4.203477571512869,0.5591849881825751,0.7232734233813445,4.120002134981019
2020,2021-02-15,2020020249,VAN,CGY,0.0,-3.0,3.0,shot_microstats,735,0.4995821449888806,0.06766378054935535,4.12337681186347,0.6559308343227509,1.2416047339280334,3.6721444144168105
2020,2021-02-15,2020020251,ARI,STL,1.0,1.0,1.0,shot_microstats,735,0.5386174102250604,0.26676134890095016,4.046057649570304,0.4731014469709556,-0.1557067404316677,3.976186344017264
2020,2021-02-15,2020020255,CAR,CBJ,1.0,2.0,8.0,shot_microstats,735,0.5854358158820355,0.5476297208949927,4.275856622454319,0.46279062615922073,0.08040481766998259,4.3318208886677345
2020,2021-02-15,2020020256,TBL,FLA,0.0,-1.0,9.0,shot_microstats,735,0.4808206095574738,-0.01744929036839854,4.3177018205308,0.5638979052867638,0.4694414597024968,4.124812856018853
2020,2021-02-16,2020020253,BUF,NYI,0.0,-2.0,2.0,shot_microstats,735,0.5042116704428411,0.07397854249806673,3.8141388220410493,0.6546054093915451,0.8496489527102742,2.9975498469816952
2020,2021-02-16,2020020257,PIT,WSH,0.0,-2.0,4.0,shot_microstats,735,0.5519280057004586,0.3536256778124231,4.264039386103218,0.5326273286392986,0.5087941043045804,3.8967524321915223
2020,2021-02-16,2020020259,VGK,COL,0.0,-2.0,4.0,shot_microstats,735,0.5316959240348308,0.22560190039888525,3.974628541086218,0.5481280820332263,0.2578825117025878,4.390805300736911
2020,2021-02-16,2020020260,LAK,MIN,1.0,2.0,2.0,shot_microstats,735,0.47587477494196184,-0.06677969923296823,3.8790207009751905,0.3924590389903687,-0.392908783683897,4.1123658735306
2020,2021-02-17,2020020262,TOR,OTT,1.0,1.0,3.0,shot_microstats,735,0.5683169018093164,0.4451355032894988,4.25206665824687,0.5445923986416716,-0.007228499780691955,5.154115476887859
2020,2021-02-17,2020020263,CGY,VAN,0.0,-4.0,6.0,shot_microstats,735,0.5445225141518298,0.2984935640946086,4.046725068464903,0.4677749729768603,-0.11298141500309566,4.190781736137792
2020,2021-02-17,2020020264,EDM,WPG,1.0,2.0,2.0,shot_microstats,735,0.5662692028197424,0.42959897967144844,4.201203359439871,0.5989961635050806,0.913037006108443,4.230616698726741
2020,2021-02-18,2020020265,BOS,NJD,0.0,-1.0,1.0,shot_microstats,735,0.5233788069343932,0.19611042256589623,4.208226031118427,0.5232192075391362,0.3054247339804883,4.055414547409033
2020,2021-02-18,2020020267,PIT,NYI,1.0,3.0,3.0,shot_microstats,735,0.522007814667777,0.18084717366001732,4.075000490473372,0.5255412209773601,0.4178946449772026,3.599092236951556
2020,2021-02-18,2020020268,CBJ,NSH,1.0,2.0,2.0,shot_microstats,735,0.5163877843670529,0.14148538979926967,3.901988117917502,0.6224624972084402,0.41884022925288833,3.6346247033906063
2020,2021-02-18,2020020269,STL,SJS,0.0,-2.0,2.0,shot_microstats,735,0.5791682498890055,0.4936079542854337,4.066433165093602,0.7298385617433487,0.829274560288257,4.377524628660462
2020,2021-02-18,2020020270,TOR,OTT,1.0,2.0,8.0,shot_microstats,735,0.5649750787347357,0.429150631502085,4.2937471189691045,0.5229837313210941,-0.19126306052795272,5.121199018293117
2020,2021-02-18,2020020272,ARI,LAK,0.0,-1.0,3.0,shot_microstats,735,0.591124726630402,0.5689956938022139,4.12187823166936,0.6577010791188393,0.7897772958570453,4.474666836544678
2020,2021-02-18,2020020273,ANA,MIN,0.0,-2.0,4.0,shot_microstats,735,0.510135157131059,0.12058541650688545,4.098994952783286,0.6155874549807601,0.4633550805897858,4.357742430848522
2020,2021-02-18,2020020667,WSH,BUF,1.0,1.0,1.0,shot_microstats,735,0.5334888515325166,0.23113852157671547,3.910640478743903,0.6077515648629925,0.35116707799124547,4.404793538669502
2020,2021-02-19,2020020274,CAR,CHI,1.0,1.0,3.0,shot_microstats,735,0.5784806434585925,0.5315286455625541,4.5795832521230055,0.5124389217381263,0.4318570741395886,3.9967873084590777
2020,2021-02-19,2020020275,DET,FLA,0.0,-4.0,8.0,shot_microstats,735,0.5117472223595437,0.11918761194091228,3.9303665804331334,0.4197934369996438,-0.3712313162715426,3.66291890286144
2020,2021-02-19,2020020276,CGY,EDM,0.0,-1.0,3.0,shot_microstats,735,0.5548621330732538,0.3485178975194089,3.954102631120993,0.4977860403458443,0.06542890118286387,4.195392426698524
2020,2021-02-19,2020020277,VAN,WPG,0.0,-1.0,1.0,shot_microstats,735,0.558613837697452,0.38812795053448984,4.225370785893248,0.6980334586626653,1.3398048732977081,4.078653820147572
2020,2021-02-20,2020020278,NJD,BUF,0.0,-2.0,2.0,shot_microstats,735,0.5395480977562017,0.28826807476431426,4.300050078916167,0.660541699066755,0.8561394619866906,4.66360076975863
2020,2021-02-20,2020020279,WSH,NYR,0.0,-1.0,3.0,shot_microstats,735,0.4843736399236035,-0.006787620209173562,4.182836972052184,0.5728979579239767,0.4928501275247745,4.810948472079094
2020,2021-02-20,2020020282,CBJ,NSH,0.0,-2.0,4.0,shot_microstats,735,0.5121030043990514,0.11763331477364371,3.871095548584656,0.647866819013141,0.5014129957172495,3.5937119648908404
2020,2021-02-20,2020020283,STL,SJS,0.0,-2.0,8.0,shot_microstats,735,0.563984200095,0.41159023374253967,4.132335613565577,0.7225735230074732,0.799764819892181,4.39865289979774
2020,2021-02-20,2020020284,MTL,TOR,1.0,1.0,5.0,shot_microstats,735,0.5650576500544823,0.4032018092082429,3.930541375176237,0.5982977608173687,0.8829122525267459,3.1430539646991003
2020,2021-02-20,2020020285,EDM,CGY,1.0,4.0,4.0,shot_microstats,735,0.5203728752020954,0.16148384893098405,3.8913246281274634,0.5374966297808592,0.5509655443575947,3.8056077452034045
2020,2021-02-20,2020020288,ARI,LAK,0.0,-1.0,1.0,shot_microstats,735,0.5684410488643248,0.42800528833721474,4.0119556869007456,0.6107063079308496,0.612001198476243,4.336931072079843
2020,2021-02-20,2020020289,ANA,MIN,0.0,-3.0,5.0,shot_microstats,735,0.4960704481542566,0.050758959306487605,4.1427757319554654,0.6104371838561646,0.4262966888533565,4.322536335422979
2020,2021-02-20,2020020292,DET,FLA,1.0,2.0,2.0,shot_microstats,735,0.4973147386858403,0.04727837731508733,3.967058545368436,0.4349438183547824,-0.2783498485852955,3.674359388625196
2020,2021-02-20,2020020543,CAR,TBL,1.0,3.0,3.0,shot_microstats,735,0.5477212097176218,0.3503945057459871,4.54734342284875,0.3886743531141724,-0.19165661772199072,3.860651517629308
2020,2021-02-21,2020020290,BOS,PHI,1.0,4.0,8.0,shot_microstats,735,0.5738450286973841,0.44628799168924754,3.842426892322344,0.6188333375242655,0.7555301196910563,3.328920611134878
2020,2021-02-21,2020020293,OTT,MTL,1.0,1.0,3.0,shot_microstats,735,0.45441683298463215,-0.17366927102987417,3.9314649743809005,0.5395315499454867,0.4092309554851754,3.81618422116361
2020,2021-02-22,2020020009,FLA,DAL,1.0,1.0,3.0,shot_microstats,735,0.5160375662441099,0.14355942332000166,3.9690395011385555,0.6211037929138431,0.4737845147117421,4.317810066786372
2020,2021-02-22,2020020097,CAR,TBL,0.0,-1.0,3.0,shot_microstats,735,0.5343405192397537,0.2817357043292844,4.622840526730913,0.42103291101992774,-0.03303775217346827,3.899889109681063
2020,2021-02-22,2020020150,NYI,BUF,1.0,1.0,3.0,shot_microstats,735,0.5506151189408617,0.3200442928582127,3.8724653638885136,0.5857019772081815,0.2804060735231776,4.342299739492544
2020,2021-02-22,2020020297,STL,LAK,0.0,-1.0,1.0,shot_microstats,735,0.5610621779088535,0.3840450406791286,3.974411904607512,0.7247673678589369,1.0883835348419875,4.2915089414881065
2020,2021-02-22,2020020298,TOR,CGY,0.0,-1.0,1.0,shot_microstats,735,0.5236930079149986,0.1848468056744016,3.994681208991027,0.44020013428254817,-0.4880250631384664,4.909080393155088
2020,2021-02-22,2020020299,COL,VGK,0.0,-2.0,2.0,shot_microstats,735,0.5258457791300161,0.20147509302617317,4.083643976753768,0.5827242624279472,0.29613622421311403,3.930248785173603
2020,2021-02-22,2020020743,SJS,MIN,0.0,-2.0,6.0,shot_microstats,735,0.48402970971970427,-0.01629713887513129,4.042361791607107,0.5222545691699593,0.4831676788899778,3.7326645511738414
2020,2021-02-23,2020020295,NJD,BUF,0.0,-2.0,2.0,shot_microstats,735,0.5141618498619585,0.15289101200498564,4.292256467103385,0.6726260662962443,0.9380630000614549,4.433426971821559
2020,2021-02-23,2020020302,WSH,PIT,1.0,1.0,3.0,shot_microstats,735,0.5165546019880081,0.15765084379796498,4.1630618847504355,0.527269550038277,0.05163028548367821,4.337805454029855
2020,2021-02-23,2020020304,CBJ,CHI,0.0,-1.0,5.0,shot_microstats,735,0.5083842821543411,0.11701420484140382,4.193315849343363,0.6883160562117067,0.8023257316317867,3.5070968457782574
2020,2021-02-23,2020020306,OTT,MTL,0.0,-2.0,6.0,shot_microstats,735,0.4618466347447612,-0.13868797599122462,3.874147221724564,0.5360048072178214,0.4030410257575735,3.797210338156085
2020,2021-02-24,2020020173,COL,MIN,0.0,-3.0,5.0,shot_microstats,735,0.5533231603936168,0.33069995532436086,3.8111742748019037,0.6489252137547499,0.6136067004105009,4.093334256041662
2020,2021-02-24,2020020296,TBL,CAR,1.0,1.0,1.0,shot_microstats,735,0.48581476589870154,0.028698812659716806,4.681058356821699,0.6870159196470849,0.9404808454469795,4.931206283316419
2020,2021-02-24,2020020303,FLA,DAL,0.0,-1.0,1.0,shot_microstats,735,0.5308927242814432,0.22064830216794906,3.962748380721552,0.6311231928803006,0.5352647186836709,4.305122412691028
2020,2021-02-24,2020020308,PHI,NYR,1.0,1.0,3.0,shot_microstats,735,0.4626385160364325,-0.12055070067605922,4.130117413005905,0.5296942373641707,0.4946260552426373,4.653056315514428
2020,2021-02-24,2020020309,STL,LAK,0.0,-2.0,2.0,shot_microstats,735,0.5636924703532175,0.40168414944367864,4.017082446280336,0.6991047034562723,0.922965733321634,4.3584980448677495
2020,2021-02-24,2020020310,TOR,CGY,0.0,-1.0,1.0,shot_microstats,735,0.5385357649813837,0.2584452409025416,3.9207166172902053,0.44973474392725604,-0.4376762654221031,4.878683703143982
2020,2021-02-24,2020020311,ARI,ANA,1.0,1.0,5.0,shot_microstats,735,0.5475535294236482,0.32500179566891524,4.19800883891543,0.5248863913988091,-0.0022021173377096415,4.115973107390638
2020,2021-02-25,2020020312,NYI,BOS,1.0,4.0,8.0,shot_microstats,735,0.5472018367941843,0.2951943138277616,3.7706324184421773,0.49478926611624774,-0.1364676966115737,4.027626415664164
2020,2021-02-25,2020020313,WSH,PIT,1.0,1.0,3.0,shot_microstats,735,0.5153608765837803,0.15190282044357092,4.170954082399843,0.5209834625322493,0.08529094435751516,4.4233954511955345
2020,2021-02-25,2020020314,TBL,CAR,1.0,1.0,3.0,shot_microstats,735,0.49453877640109123,0.0710356710943068,4.6330501244568705,0.6842684616410287,0.7905697876422704,4.974779792016868
2020,2021-02-25,2020020315,FLA,DAL,1.0,2.0,4.0,shot_microstats,735,0.5466600767732643,0.3058997657762068,3.983345370963627,0.645650756384647,0.6436433467253324,4.291092554851384
2020,2021-02-25,2020020316,CBJ,CHI,0.0,-1.0,1.0,shot_microstats,735,0.502459017918527,0.08406254156633644,4.1518962364124015,0.6692057750897994,0.7126281714847807,3.4711627343138756
2020,2021-02-25,2020020317,DET,NSH,1.0,3.0,5.0,shot_microstats,735,0.5073741200279078,0.079749000262546,3.6277678844615,0.5142294832668743,0.04189957143812753,3.428498440354707
2020,2021-02-25,2020020318,OTT,CGY,1.0,5.0,7.0,shot_microstats,735,0.5021811361950632,0.07222863772461025,3.9682385961560103,0.5437988536754891,0.47641839158752247,3.8292615779390924
2020,2021-02-25,2020020319,WPG,MTL,1.0,2.0,6.0,shot_microstats,735,0.43775678704871196,-0.275195225542642,3.673887684580545,0.3946610123084123,-0.19736215486889574,3.7763929908239753
2020,2021-02-25,2020020635,BUF,NJD,0.0,-1.0,3.0,shot_microstats,735,0.5254519860745657,0.2140115898501172,4.3201927754105816,0.5783186284057708,0.4086612838006153,3.80162493701133
2020,2021-02-26,2020020321,ARI,COL,0.0,-1.0,3.0,shot_microstats,735,0.5165713498906728,0.13861670639682272,3.8357176494826466,0.48035305618554525,-0.10580487596945959,4.025642862543207
2020,2021-02-26,2020020323,NYR,BOS,1.0,2.0,6.0,shot_microstats,735,0.5461424946277291,0.29562319285631133,3.8668981122187693,0.3257339786547889,-1.0357275550706306,4.679023050148512
2020,2021-02-26,2020020324,MIN,LAK,1.0,2.0,4.0,shot_microstats,735,0.5746427649387978,0.4543256723540418,3.8907550433503797,0.6070914192627956,0.47679719486750954,4.248205670250228
2020,2021-02-27,2020020322,BUF,PHI,0.0,-3.0,3.0,shot_microstats,735,0.5549030564091121,0.34668266049579743,3.923361299008425,0.641945476146629,0.8343418933102837,3.215507384735819
2020,2021-02-27,2020020327,NJD,WSH,0.0,-3.0,5.0,shot_microstats,735,0.513442167336405,0.15688012674412305,4.420526750109118,0.5760680598138855,0.6498641046372388,4.126496135106676
2020,2021-02-27,2020020329,TBL,DAL,1.0,2.0,2.0,shot_microstats,735,0.5310788929740295,0.22149628731999813,3.9605897174665907,0.7015565473299733,1.0108563040717098,4.331470990601977
2020,2021-02-27,2020020331,CHI,DET,0.0,-1.0,7.0,shot_microstats,735,0.5209458132011177,0.1664650351676282,3.925677200860099,0.4712071593738076,-0.08368806986769654,4.419831057115594
2020,2021-02-27,2020020332,NSH,CBJ,1.0,1.0,3.0,shot_microstats,735,0.5882094888398964,0.5322391630259385,3.883567588464494,0.5873249256950781,0.431136354165694,3.987023272677937
2020,2021-02-27,2020020333,OTT,CGY,0.0,-4.0,4.0,shot_microstats,735,0.5038826238367325,0.08107931430650381,3.9706274914049877,0.5538797330476131,0.5109793136907321,3.8449839568813062
2020,2021-02-27,2020020334,WPG,MTL,0.0,-1.0,1.0,shot_microstats,735,0.44297472500603513,-0.2446161014905197,3.727388745632501,0.4178189843613397,-0.0921860320800072,3.770033878004109
2020,2021-02-27,2020020335,EDM,TOR,0.0,-3.0,3.0,shot_microstats,735,0.48370703308144164,-0.00662028894436989,4.247212170900298,0.44080877350909636,0.058894341883029555,3.7340830712161788
2020,2021-02-27,2020020336,MIN,LAK,1.0,2.0,4.0,shot_microstats,735,0.5867651725357549,0.5269718576704433,3.9246187226271654,0.6338629216407417,0.67571698227298,4.318460584992666
2020,2021-02-27,2020020337,ARI,COL,0.0,-2.0,6.0,shot_microstats,735,0.5009995293570969,0.059041450687340014,3.8404775014651364,0.47235274034117963,-0.14499527640445448,3.9522119687855914
2020,2021-02-27,2020020339,SJS,STL,0.0,-2.0,10.0,shot_microstats,735,0.504569633128403,0.09647268584882146,4.178788582437698,0.4565342355942616,0.10235933919456255,3.510070697412949
2020,2021-02-28,2020020340,BUF,PHI,0.0,-3.0,3.0,shot_microstats,735,0.5391236129483283,0.2674765677681825,4.014720394542172,0.6327825799286377,0.7710781859599805,3.4501841055197366
2020,2021-02-28,2020020342,NYR,BOS,0.0,-1.0,3.0,shot_microstats,735,0.553962463849592,0.3411020971725933,3.9165997923198326,0.34172852404644277,-0.9016615980029264,4.668480404665065
2020,2021-02-28,2020020343,CHI,DET,1.0,5.0,7.0,shot_microstats,735,0.5298715529339728,0.22308946616447872,4.090348939684093,0.5168467419311197,0.1157945559879771,4.58718617985762
2020,2021-02-28,2020020346,NJD,WSH,0.0,-1.0,5.0,shot_microstats,735,0.5081346499422711,0.12491278342334033,4.349761276409586,0.5983551616399634,0.7861043090793541,4.031282243956388
2020,2021-03-01,2020020345,WPG,VAN,0.0,-2.0,2.0,shot_microstats,735,0.4752114842291238,-0.044389974722132686,4.348483124786086,0.41091807320455104,-0.3116580807665176,4.4340271327456655
2020,2021-03-01,2020020348,FLA,CAR,1.0,2.0,2.0,shot_microstats,735,0.515080629428316,0.17091816294487486,4.508680226294102,0.6334697220951119,0.477885359529153,4.832508259882958
2020,2021-03-01,2020020349,OTT,CGY,1.0,4.0,4.0,shot_microstats,735,0.5043300774485595,0.0795313427138824,3.9024458249269296,0.5461055950776275,0.49784050075805525,3.7876437074629807
2020,2021-03-01,2020020350,EDM,TOR,0.0,-2.0,2.0,shot_microstats,735,0.47933646178631273,-0.025762576156356576,4.304470364803691,0.4595211539974659,0.159039779177552,3.758278060251784
2020,2021-03-01,2020020351,VGK,MIN,0.0,-3.0,5.0,shot_microstats,735,0.523921009749314,0.1902127090983102,4.06432064483359,0.5771325892655448,0.42017152319366186,4.579557960307827
2020,2021-03-01,2020020353,SJS,COL,1.0,3.0,5.0,shot_microstats,735,0.4593419382362176,-0.13589176538368808,4.15784745980791,0.4650409547393733,0.19685992696968996,3.668285136228726
2020,2021-03-02,2020020301,NJD,NYI,0.0,-2.0,2.0,shot_microstats,735,0.4800098433213347,-0.016686032212905266,4.405939738682123,0.64088181488348,0.8893152227794953,3.8703194792725157
2020,2021-03-02,2020020354,NYR,BUF,1.0,1.0,5.0,shot_microstats,735,0.5845599327158781,0.5219116416855054,4.024814479241883,0.44278164048905816,-0.4104501780674982,4.77075120250985
2020,2021-03-02,2020020355,PIT,PHI,1.0,2.0,6.0,shot_microstats,735,0.5491794258498527,0.33479339162492316,4.210961136878899,0.5531194022307068,0.4580937089741649,3.889790734432449
2020,2021-03-02,2020020356,CBJ,DET,1.0,2.0,2.0,shot_microstats,735,0.5148949593248946,0.1331298379364476,3.8906763329389724,0.7027884052086663,0.9716627086592315,3.6402513877784437
2020,2021-03-02,2020020357,MTL,OTT,0.0,-1.0,1.0,shot_microstats,735,0.6026249001775056,0.6206307884916464,3.904636940948015,0.6543940822137145,0.9340997679564371,3.7133540735468156
2020,2021-03-02,2020020358,WPG,VAN,1.0,2.0,4.0,shot_microstats,735,0.48617291016510006,0.008418419743484062,4.2909674431325575,0.4283894690178135,-0.21652312289258147,4.342409491608828
2020,2021-03-03,2020020360,EDM,TOR,0.0,-3.0,5.0,shot_microstats,735,0.4894378721277268,0.026700394921144177,4.31892203951864,0.47014693157262194,0.1698675415519338,3.7503536203516505
2020,2021-03-03,2020020361,VGK,MIN,1.0,3.0,5.0,shot_microstats,735,0.5306990339853782,0.22897721240638572,4.11474918539582,0.5829195181561706,0.45057224799183027,4.642812139134807
2020,2021-03-03,2020020362,ANA,STL,1.0,1.0,1.0,shot_microstats,735,0.4985445063469273,0.07068978115139499,4.270200887261764,0.4818448773718908,-0.19536508204186717,4.0331269725886525
2020,2021-03-03,2020020363,SJS,COL,0.0,-3.0,3.0,shot_microstats,735,0.4621364033296038,-0.11993154497617153,4.188239367078774,0.41700382918532164,-0.07959610191666071,3.7966219998261828
2020,2021-03-04,2020020163,NYI,BUF,1.0,4.0,6.0,shot_microstats,735,0.5739796948029049,0.4591568877330613,4.0073161370938095,0.5369532554521058,0.06499720495580452,4.525101881486397
2020,2021-03-04,2020020180,NJD,NYR,0.0,-4.0,6.0,shot_microstats,735,0.4786749955179122,-0.023590095352838014,4.404535533463725,0.7217461066088894,1.5849589264333739,4.541243342158448
2020,2021-03-04,2020020365,CAR,DET,1.0,2.0,4.0,shot_microstats,735,0.5695305126646496,0.45604431205433915,4.303124109236931,0.6089459501392284,0.8233681076908937,4.26846577315281
2020,2021-03-04,2020020369,MTL,WPG,0.0,-2.0,4.0,shot_microstats,735,0.6369781604266646,0.823744763168078,3.705536707603073,0.6748073447789591,1.1344260023538775,3.556059007016978
2020,2021-03-04,2020020370,CGY,OTT,1.0,4.0,6.0,shot_microstats,735,0.5457309640252622,0.2966663212159737,3.9177793075970975,0.5962897256768761,0.48901557353062325,4.097375139377481
2020,2021-03-04,2020020371,VAN,TOR,1.0,1.0,3.0,shot_microstats,735,0.46466395638428276,-0.09416671841836066,4.422775334864382,0.632911841199973,0.9718209664311633,3.6260303245059373
2020,2021-03-04,2020020372,DAL,CBJ,0.0,-1.0,5.0,shot_microstats,735,0.5934350058550462,0.5555379538853439,3.7878173526760315,0.5113946827644434,0.011237681656798837,4.138942011154338
2020,2021-03-05,2020020373,BOS,WSH,1.0,4.0,6.0,shot_microstats,735,0.5342178081624831,0.22687491059238263,3.7769360432115704,0.55730752036025,0.6075492769784564,3.3480222312566768
2020,2021-03-05,2020020378,ARI,MIN,0.0,-4.0,6.0,shot_microstats,735,0.5045384187304731,0.07884754584859233,3.8712777020892233,0.5167277737309984,0.09866098704472454,4.168893964918977
2020,2021-03-05,2020020379,LAK,STL,1.0,1.0,1.0,shot_microstats,735,0.5035527157171411,0.0764276476910569,3.91802710492889,0.3935817273129874,-0.49894648895688276,3.637871019896246
2020,2021-03-05,2020020380,SJS,VGK,0.0,-1.0,7.0,shot_microstats,735,0.47412245185442803,-0.046573658633552784,4.409627523407087,0.44446360693292075,0.07574335669252136,3.7884207321633356
2020,2021-03-06,2020020374,NJD,NYR,0.0,-1.0,7.0,shot_microstats,735,0.49700384484848903,0.07151026332716573,4.422466619960879,0.7253692566548546,1.6143844558377463,4.614854719425654
2020,2021-03-06,2020020375,NYI,BUF,1.0,4.0,6.0,shot_microstats,735,0.5845787051385305,0.5228590990082791,4.035350102740405,0.5537630827558891,0.20406588418414418,4.534457966641833
2020,2021-03-06,2020020381,NSH,FLA,0.0,-3.0,5.0,shot_microstats,735,0.4880781781227256,0.0036790453987416427,4.03052763479661,0.4362586137767236,-0.20771428754424698,3.725601108086727
2020,2021-03-06,2020020382,MTL,WPG,1.0,7.0,7.0,shot_microstats,735,0.6206194562025692,0.7200250448860911,3.7507345998694923,0.665872937145516,1.0912498148825103,3.5702559977722563
2020,2021-03-06,2020020383,EDM,CGY,1.0,2.0,4.0,shot_microstats,735,0.5137839147078826,0.13473220654895235,4.017752192710561,0.4641272918185637,0.09808625203256538,4.003182199557862
2020,2021-03-06,2020020385,DAL,CBJ,1.0,3.0,3.0,shot_microstats,735,0.5846889567056872,0.5051252235255049,3.798620604479028,0.5193404170086583,0.049508032299619475,4.078425987241372
2020,2021-03-06,2020020387,ARI,MIN,1.0,1.0,5.0,shot_microstats,735,0.49831257480407704,0.04924541128405907,3.9109097082221953,0.5339917403267324,0.15168989252647685,4.140782879783699
2020,2021-03-06,2020020389,SJS,VGK,0.0,-4.0,4.0,shot_microstats,735,0.48753830866727843,0.01856428692067874,4.3472884906561235,0.4333019329612971,-0.04277429110959838,3.8193191438819816
2020,2021-03-06,2020020668,PIT,PHI,1.0,1.0,3.0,shot_microstats,735,0.5452991296359798,0.3132118933105165,4.205655708584291,0.5304941978194165,0.33897158678549305,3.89311731984866
2020,2021-03-07,2020020244,BOS,NJD,0.0,-1.0,1.0,shot_microstats,735,0.5327583294375862,0.24591673515871396,4.21011134418202,0.5328026262634121,0.2747208080199694,3.8624565881859754
2020,2021-03-07,2020020391,NYI,BUF,1.0,2.0,6.0,shot_microstats,735,0.5792287950785188,0.49939312616337483,4.1358487228280385,0.5749982780767734,0.29857936811505426,4.559993593901743
2020,2021-03-07,2020020393,PIT,NYR,1.0,4.0,6.0,shot_microstats,735,0.5165401699874318,0.15580325279689,4.133226892507383,0.5809555258659002,0.906871326752422,4.3902440715560225
2020,2021-03-07,2020020769,PHI,WSH,0.0,-2.0,4.0,shot_microstats,735,0.5047797414161601,0.08374075171078849,3.9363092155012147,0.4316687566898781,-0.1328578815090684,3.8713184461004717
2020,2021-03-08,2020020398,MIN,VGK,1.0,1.0,1.0,shot_microstats,735,0.5281734064588453,0.22107229719693494,4.202558686471798,0.4488138509274458,-0.28088055647953947,4.0361217159456455
2020,2021-03-08,2020020399,COL,ARI,0.0,-2.0,2.0,shot_microstats,735,0.5840783129503789,0.5060204522502119,3.856926237933978,0.7386803529435231,1.2797557173003695,3.9685405385158985
2020,2021-03-08,2020020400,ANA,LAK,1.0,1.0,7.0,shot_microstats,735,0.5321685967479917,0.2408582907504803,4.17987700321361,0.658526075538941,0.7677388718971274,4.2690033833569885
2020,2021-03-09,2020020402,PHI,BUF,0.0,-1.0,7.0,shot_microstats,735,0.5317464772291407,0.23609704970332715,4.13985702065556,0.553212339141535,0.32439407439429724,4.459880819327757
2020,2021-03-09,2020020403,WSH,NJD,0.0,-2.0,6.0,shot_microstats,735,0.5270487542502995,0.21527503332120207,4.205043953459913,0.4814648619420738,-0.36270699376580845,4.35773804025982
2020,2021-03-09,2020020404,CAR,NSH,0.0,-2.0,2.0,shot_microstats,735,0.5320745487612775,0.24920556268877728,4.318490289342788,0.534643440498907,0.39062403773683196,4.176166871516387
2020,2021-03-09,2020020405,PIT,NYR,1.0,1.0,3.0,shot_microstats,735,0.5209078782783854,0.17685615085804063,4.10431036480695,0.5691644962484086,0.8347602285148571,4.4332348392076
2020,2021-03-09,2020020406,CBJ,FLA,1.0,1.0,3.0,shot_microstats,735,0.44906686541524576,-0.19451147217491604,4.052312379565338,0.5343970786393718,0.1793384306166227,3.4545997977314764
2020,2021-03-09,2020020408,TOR,WPG,0.0,-2.0,4.0,shot_microstats,735,0.5774664698260864,0.4903708043878118,4.152092283080867,0.44586833987777946,-0.3668585254525807,5.013860370033682
2020,2021-03-09,2020020409,DAL,CHI,1.0,4.0,6.0,shot_microstats,735,0.5748739716436658,0.4658872707052152,4.0286978518192536,0.5770363493815964,0.38722697218919777,3.761061371650579
2020,2021-03-10,2020020410,EDM,OTT,1.0,4.0,6.0,shot_microstats,735,0.5227241723671687,0.20136835675511233,4.349075111839458,0.5285484235950598,0.32516205710886525,4.374157691666737
2020,2021-03-10,2020020411,VAN,MTL,0.0,-4.0,4.0,shot_microstats,735,0.45497057315577083,-0.16780756591505308,3.9856691799480295,0.6106227809003534,0.7689674880912247,3.6652588234529837
2020,2021-03-10,2020020412,MIN,VGK,1.0,2.0,4.0,shot_microstats,735,0.540287267246404,0.281696584380031,4.139272265712835,0.41342071226808474,-0.5449421472506528,4.2709385307874
2020,2021-03-10,2020020414,ANA,LAK,0.0,-2.0,4.0,shot_microstats,735,0.5203721534685294,0.18261085843936506,4.245957142243334,0.6563465903911035,0.8056697658013877,4.364808729696247
2020,2021-03-11,2020020415,BOS,NYR,1.0,2.0,2.0,shot_microstats,735,0.528685269216854,0.20657025758066577,3.9215461707829404,0.7039586827900943,1.4535340981491904,3.9783639677447513
2020,2021-03-11,2020020416,BUF,PIT,0.0,-1.0,5.0,shot_microstats,735,0.48717973669553055,0.006444244389724629,4.163182116985821,0.6024885959937251,0.6397748390141635,3.6876143355740836
2020,2021-03-11,2020020417,NYI,NJD,1.0,2.0,8.0,shot_microstats,735,0.5358818520835341,0.2760621438192548,4.415136096241227,0.39404484703577164,-0.6534033769771896,4.543513906074515
2020,2021-03-11,2020020418,PHI,WSH,0.0,-4.0,4.0,shot_microstats,735,0.5084896643542316,0.10131709282346515,3.910646566796361,0.4123897641777249,-0.19751220488288085,3.8026634450607033
2020,2021-03-11,2020020419,CAR,NSH,1.0,1.0,3.0,shot_microstats,735,0.5270146794478875,0.21967725090958878,4.2784045826331685,0.5248052588918272,0.3550033205414797,4.15768603828303
2020,2021-03-11,2020020421,DET,TBL,1.0,3.0,7.0,shot_microstats,735,0.48624005537971865,-0.011420420086105554,3.9263912474136045,0.3856469932703424,-0.6004604277156922,3.1080675672575593
2020,2021-03-11,2020020422,TOR,WPG,1.0,1.0,5.0,shot_microstats,735,0.587692606166148,0.5541898168856323,4.192131650784978,0.45678621188407564,-0.25659779325984666,5.00973584548364
2020,2021-03-11,2020020423,CGY,MTL,1.0,1.0,3.0,shot_microstats,735,0.5079364650335565,0.07400811538300323,3.4721927925010356,0.5297832831763033,0.2408100086737064,3.6234986534161573
2020,2021-03-12,2020020425,STL,VGK,0.0,-2.0,6.0,shot_microstats,735,0.5099218606315429,0.11903836674919296,4.091308425877356,0.5830705076029145,0.13172543185611024,3.97858778393258
2020,2021-03-12,2020020426,EDM,OTT,1.0,3.0,5.0,shot_microstats,735,0.532451268925367,0.2525908031949232,4.339587762688213,0.5355077115228699,0.35728505871337707,4.41466913458825
2020,2021-03-12,2020020427,MIN,ARI,1.0,3.0,3.0,shot_microstats,735,0.5829964725653294,0.5054517275889748,3.931457136641197,0.5761106167149802,0.3082316303138197,4.291385336132492
2020,2021-03-12,2020020428,COL,LAK,1.0,1.0,1.0,shot_microstats,735,0.6049746630533624,0.6314613277184165,3.8623127396323333,0.7186929523793267,1.154227968125133,4.297502994590439
2020,2021-03-12,2020020429,ANA,SJS,0.0,-4.0,4.0,shot_microstats,735,0.5024546416902747,0.10470383937447576,4.507044872908957,0.6228830401013551,0.40378162915870963,4.210216153945122
2020,2021-03-13,2020020430,BOS,NYR,0.0,-4.0,4.0,shot_microstats,735,0.5213748562815055,0.16856830172412263,3.9235541422730997,0.7056137641420684,1.4591850513224327,3.866970640741433
2020,2021-03-13,2020020432,NJD,NYI,0.0,-1.0,5.0,shot_microstats,735,0.4699075413936169,-0.06448170527147606,4.475332128854347,0.6333425539314366,0.777476233860108,3.7548174069194316
2020,2021-03-13,2020020433,PHI,WSH,0.0,-2.0,6.0,shot_microstats,735,0.5073801291831066,0.09317435496929508,3.867288349537513,0.4223770000617734,-0.12668141851722808,3.652500808164787
2020,2021-03-13,2020020434,TBL,NSH,1.0,2.0,6.0,shot_microstats,735,0.526087425939796,0.19386605736628992,3.936290141662037,0.6419719381687851,0.6198186046842423,4.356699931084296
2020,2021-03-13,2020020435,FLA,CHI,1.0,3.0,5.0,shot_microstats,735,0.5939809980263204,0.60623578235492,4.3491696950593575,0.6622987938919535,0.7416600979921341,4.128743519823551
2020,2021-03-13,2020020437,STL,VGK,0.0,-3.0,5.0,shot_microstats,735,0.4800997754073504,-0.030700132478383713,4.1444861073092305,0.5656030122676412,0.023410630149597822,4.080478322853045
2020,2021-03-13,2020020438,TOR,WPG,0.0,-2.0,4.0,shot_microstats,735,0.6019956380636176,0.6424280933172007,4.195635444386378,0.47003530395607385,-0.16641071242734384,4.96494136867033
2020,2021-03-13,2020020439,CGY,MTL,1.0,2.0,2.0,shot_microstats,735,0.5162905640760844,0.11539478945546616,3.450013454098027,0.5280271407528924,0.2400928497473962,3.606291806536256
2020,2021-03-13,2020020440,VAN,EDM,1.0,1.0,1.0,shot_microstats,735,0.47936688572278496,-0.012850559247152393,4.533396749211156,0.6800457885665113,1.1407807231796603,4.175844958094459
2020,2021-03-13,2020020441,ANA,SJS,0.0,-2.0,4.0,shot_microstats,735,0.5077284052161241,0.13294196967914973,4.519235402775116,0.6178155187835422,0.4000379370955458,4.177532605494902
2020,2021-03-14,2020020442,DET,CAR,0.0,-1.0,1.0,shot_microstats,735,0.4623529950246462,-0.11500108006729859,4.258038545761835,0.4942028077192785,-0.16864079028881762,4.172775597459818
2020,2021-03-14,2020020443,OTT,TOR,1.0,2.0,4.0,shot_microstats,735,0.4634448402588861,-0.1101185513318449,4.245322511507727,0.5247588053460757,0.3660890069306517,3.5907414604537546
2020,2021-03-14,2020020444,MIN,ARI,1.0,1.0,3.0,shot_microstats,735,0.5836341867415916,0.5041267267997379,3.865897653541676,0.579660256482745,0.2728818520689989,4.316367482332457
2020,2021-03-14,2020020445,COL,LAK,1.0,2.0,4.0,shot_microstats,735,0.6231997938639184,0.747161427804385,3.8610633664364515,0.747369951796905,1.3416755207344035,4.374953841373993
2020,2021-03-14,2020020767,NJD,NYI,0.0,-1.0,3.0,shot_microstats,735,0.47110570097953547,-0.05710519325472985,4.49798756349294,0.6332787567137274,0.7850833938165627,3.772938045475497
2020,2021-03-15,2020020214,BUF,WSH,0.0,-6.0,6.0,shot_microstats,735,0.4902329828346055,0.011470414578335808,3.9727789603180224,0.5245400670963789,0.2852437170125458,3.324808415980346
2020,2021-03-15,2020020446,NYR,PHI,1.0,2.0,6.0,shot_microstats,735,0.5619779481639227,0.39362400559214644,4.038501426246144,0.5138004832716924,-0.08582297961936253,4.254305578341967
2020,2021-03-15,2020020449,FLA,CHI,0.0,-2.0,4.0,shot_microstats,735,0.5959270043385908,0.6238816598931546,4.40961705496799,0.6677874745393199,0.8233048474712696,4.208847688425416
2020,2021-03-15,2020020450,PIT,BOS,1.0,2.0,2.0,shot_microstats,735,0.5365073585571942,0.2470966175547668,3.9110369648936585,0.44671748708993575,-0.2470483127221027,4.096538593514687
2020,2021-03-15,2020020452,OTT,VAN,0.0,-1.0,3.0,shot_microstats,735,0.5240607108022939,0.2090634502876803,4.358889680800655,0.5554930218635787,0.2835908151697183,4.024489113979303
2020,2021-03-15,2020020453,WPG,MTL,0.0,-2.0,2.0,shot_microstats,735,0.4540202469392707,-0.18447085470388813,3.7750657719439458,0.410876742089009,-0.19701217815540717,3.916985034693931
2020,2021-03-15,2020020454,CGY,EDM,1.0,1.0,7.0,shot_microstats,735,0.5520955407729574,0.3364927289102378,4.000157251523691,0.6000890841218577,0.6053796987208815,4.237689767569648
2020,2021-03-16,2020020186,MIN,ARI,1.0,3.0,3.0,shot_microstats,735,0.5945879404242054,0.569363930119874,3.8744185340860406,0.587962523471198,0.3183900411988755,4.363949707143138
2020,2021-03-16,2020020286,DAL,TBL,0.0,-2.0,2.0,shot_microstats,735,0.5454153246808855,0.29038763843254206,3.845739270908233,0.3926473159823712,-0.5038699997298834,3.2954510761408478
2020,2021-03-16,2020020458,WSH,NYI,1.0,1.0,1.0,shot_microstats,735,0.49086022617076336,0.016714579971561006,4.009781969090593,0.5631752224818322,0.14927298821275353,3.8209049649108
2020,2021-03-16,2020020568,COL,ANA,1.0,2.0,8.0,shot_microstats,735,0.616610787879619,0.7297197014507271,4.126669227707726,0.7016122214118968,0.9076793181084933,4.192829425025986
2020,2021-03-17,2020020462,NYR,PHI,1.0,7.0,7.0,shot_microstats,735,0.5581222900097955,0.3702709042556983,4.010497504770718,0.5118292712574859,-0.08047083027033147,4.231974186636837
2020,2021-03-17,2020020464,WPG,MTL,1.0,1.0,5.0,shot_microstats,735,0.46084771835209526,-0.14950320485262314,3.77156428450866,0.40911794102698695,-0.18561905961055436,3.92865490759979
2020,2021-03-17,2020020465,CGY,EDM,0.0,-2.0,6.0,shot_microstats,735,0.550084012415056,0.3252304765656143,3.9954534585389494,0.5945514764114388,0.5793307181277566,4.233871129955998
2020,2021-03-17,2020020467,LAK,STL,1.0,2.0,2.0,shot_microstats,735,0.5202749529804959,0.16284722917288058,3.923350870179112,0.43894445369234447,-0.2022980325027266,3.587271773814906
2020,2021-03-18,2020020201,NJD,PIT,1.0,2.0,2.0,shot_microstats,735,0.5039838602362395,0.10780716305078983,4.425221902602632,0.6527398545284026,0.9889110448832503,4.091394799226491
2020,2021-03-18,2020020468,BUF,BOS,0.0,-2.0,2.0,shot_microstats,735,0.48797434545724444,0.00091327706550004,3.9900097408420194,0.5258793327579812,0.09203475791556442,3.552052404554483
2020,2021-03-18,2020020469,NYI,PHI,0.0,-1.0,7.0,shot_microstats,735,0.5770328126507083,0.48633121267251267,4.132714614391239,0.5476287660966437,0.26524062799743864,4.388277362477369
2020,2021-03-18,2020020470,CAR,CBJ,0.0,-1.0,3.0,shot_microstats,735,0.5713439114521944,0.47416187137991406,4.399559857661637,0.5471568405988508,0.37284220497286025,4.4715363442771245
2020,2021-03-18,2020020471,TBL,CHI,1.0,2.0,2.0,shot_microstats,735,0.5709741933588186,0.46339012796359025,4.290093140661048,0.6831165376225475,0.8627080388974777,4.310102585348743
2020,2021-03-18,2020020472,FLA,NSH,0.0,-1.0,3.0,shot_microstats,735,0.5491240877233271,0.3253657954302092,4.076024422903777,0.6202515783307609,0.4904723676845855,4.296414733394422
2020,2021-03-18,2020020473,DET,DAL,1.0,1.0,3.0,shot_microstats,735,0.4739395658341245,-0.09153590792095356,3.607938654070952,0.500589579897568,-0.06458979921135172,3.5740488691961034
2020,2021-03-18,2020020474,EDM,WPG,1.0,1.0,3.0,shot_microstats,735,0.5516878870920076,0.35955689882171915,4.3667980952672565,0.49677910300757344,0.26050764343972616,4.332583027923482
2020,2021-03-18,2020020475,COL,MIN,1.0,4.0,4.0,shot_microstats,735,0.5636986249343278,0.38817984997567284,3.8226229872100297,0.669532797854271,1.0203920871465173,4.1702152389130225
2020,2021-03-19,2020020478,WSH,NYR,1.0,2.0,2.0,shot_microstats,735,0.5194429339738784,0.15352180100862256,3.837115356400385,0.6559931266214435,0.8461627600447157,4.3471246943362045
2020,2021-03-19,2020020479,MTL,VAN,0.0,-2.0,2.0,shot_microstats,735,0.6142722693813353,0.6973728472645432,3.9461222783018033,0.6161727737809468,0.6471979490849229,3.7529797926571575
2020,2021-03-19,2020020481,LAK,VGK,0.0,-2.0,6.0,shot_microstats,735,0.472185798133795,-0.07039271051020984,4.156236668856897,0.36809419893745093,-0.6055669691416758,3.8654539358996285
2020,2021-03-19,2020020482,SJS,STL,1.0,1.0,1.0,shot_microstats,735,0.5199828089523235,0.17523119297730658,4.157784151227184,0.48382764233965064,0.10399146533926001,3.7993047419212167
2020,2021-03-20,2020020291,WSH,NYR,0.0,-1.0,3.0,shot_microstats,735,0.5198591801671612,0.15739573442098093,3.8668014468208285,0.6526799658151919,0.810534223510176,4.326641270181221
2020,2021-03-20,2020020461,ANA,ARI,0.0,-3.0,5.0,shot_microstats,735,0.5057250973174163,0.10333802971576661,4.194463483204745,0.6586870097646933,0.8698217437128091,4.04544037495918
2020,2021-03-20,2020020477,NJD,PIT,0.0,-1.0,3.0,shot_microstats,735,0.49358134516291646,0.05750366206006663,4.485717630962502,0.6568777662767499,0.9804423423127524,4.115386222378075
2020,2021-03-20,2020020484,NYI,PHI,1.0,4.0,6.0,shot_microstats,735,0.5730956118069802,0.4581245407037818,4.061169420529042,0.5484033075281597,0.25994952902479235,4.269004260670238
2020,2021-03-20,2020020485,CAR,CBJ,1.0,1.0,3.0,shot_microstats,735,0.5751329904451905,0.4945899754131047,4.3768498214210805,0.5518136873798158,0.36858557116119334,4.424498698026469
2020,2021-03-20,2020020486,TBL,CHI,1.0,1.0,3.0,shot_microstats,735,0.5713631373375292,0.4614388634403408,4.235813508910711,0.6869334616881013,0.8405454240443089,4.280157404985864
2020,2021-03-20,2020020488,DET,DAL,0.0,-2.0,2.0,shot_microstats,735,0.4732311653566168,-0.09414575136956371,3.6261994393069226,0.4948870033300038,-0.144804691641295,3.6457705625591625
2020,2021-03-20,2020020489,MTL,VAN,0.0,-1.0,5.0,shot_microstats,735,0.6091219832202907,0.6654390483381132,3.954559352589964,0.6139165217708578,0.636127733331341,3.7770966358490727
2020,2021-03-20,2020020490,TOR,CGY,1.0,2.0,2.0,shot_microstats,735,0.5510082383544918,0.3227494416430441,3.881384362213664,0.37609320541607827,-0.6040425780858636,4.637953913280687
2020,2021-03-20,2020020491,EDM,WPG,1.0,2.0,4.0,shot_microstats,735,0.5477031235806588,0.3361259872420719,4.347908263853367,0.5070115946027737,0.2855229334392172,4.3116667277140195
2020,2021-03-20,2020020492,COL,MIN,1.0,5.0,5.0,shot_microstats,735,0.5806534658866247,0.4827058910028244,3.8099701773862495,0.6731955927547094,1.0185503733178098,4.228661672525477
2020,2021-03-20,2020020493,SJS,STL,0.0,-1.0,5.0,shot_microstats,735,0.525056236242463,0.20260497398031896,4.170133215739538,0.47694928458256003,0.07845832223286203,3.797936304820772
2020,2021-03-21,2020020258,DAL,NSH,1.0,1.0,5.0,shot_microstats,735,0.5505283977256591,0.3091967947188545,3.7105214001449562,0.5438779781585067,0.29208194576093205,3.789443914215128
2020,2021-03-21,2020020495,LAK,VGK,1.0,1.0,3.0,shot_microstats,735,0.4631449174045278,-0.11355470328795103,4.210560506506326,0.35365711633835356,-0.6667810565806799,3.9534698397550416
2020,2021-03-21,2020020828,TBL,FLA,1.0,2.0,4.0,shot_microstats,735,0.49263149999323486,0.03560812599035898,4.186465023233135,0.5167231527940153,-0.006766298970685564,4.451632548086598
2020,2021-03-22,2020020122,VGK,STL,1.0,2.0,4.0,shot_microstats,735,0.5698741860572473,0.44831460681577207,4.176126174378219,0.6154176195602795,0.6422487102859563,4.020885838083601
2020,2021-03-22,2020020496,NYR,BUF,0.0,-1.0,5.0,shot_microstats,735,0.5686937314955717,0.4403448037359837,4.159956167096357,0.5500800650708249,0.06431300383598393,4.728308089948646
2020,2021-03-22,2020020497,CBJ,CAR,0.0,-3.0,3.0,shot_microstats,735,0.4473822287334227,-0.18436821633482203,4.392440518658211,0.5869771836349602,0.4147842648200949,3.9388938758590375
2020,2021-03-22,2020020499,OTT,CGY,1.0,1.0,3.0,shot_microstats,735,0.49585132727180575,0.0330429492067596,3.8451030137714866,0.49772164271350156,0.18583172638984274,3.6485563097083755
2020,2021-03-22,2020020500,VAN,WPG,0.0,-4.0,4.0,shot_microstats,735,0.5111271276695044,0.14108818323083316,4.359605736354953,0.6871705893236402,1.1646951656712765,3.897249682388744
2020,2021-03-22,2020020502,ARI,COL,0.0,-4.0,4.0,shot_microstats,735,0.43209834763902766,-0.2993478432588368,3.771489208307516,0.43580910446804466,-0.29521806066963874,3.5290863901948297
2020,2021-03-22,2020020503,SJS,LAK,1.0,1.0,3.0,shot_microstats,735,0.5379845407111126,0.2770055580750695,4.257503745273207,0.5867852546077494,0.6957533095149311,4.315650837881392
2020,2021-03-23,2020020504,PHI,NJD,0.0,-2.0,4.0,shot_microstats,735,0.5158887008760122,0.16721133444816805,4.379403624525915,0.41254321432445407,-0.3162798199248016,4.111928844050095
2020,2021-03-23,2020020505,CHI,FLA,1.0,1.0,3.0,shot_microstats,735,0.43664478940829643,-0.2415476207836148,4.361700218489303,0.3252446633848144,-0.962791378275988,4.589901276405304
2020,2021-03-23,2020020506,NSH,DET,1.0,1.0,1.0,shot_microstats,735,0.6004611474272993,0.5966297414738381,3.7759677314203777,0.6484789395837246,0.7055586201167636,3.789601047219248
2020,2021-03-23,2020020507,DAL,TBL,0.0,-1.0,1.0,shot_microstats,735,0.5416846158102425,0.27225248311495587,3.873800117139428,0.4095794881959264,-0.4144145480822197,3.229637085702511
2020,2021-03-23,2020020508,ARI,COL,1.0,1.0,7.0,shot_microstats,735,0.41952616005207966,-0.3633322002723052,3.827057441316382,0.4403098336388111,-0.2727269576387903,3.5100273849933625
2020,2021-03-24,2020020509,PIT,BUF,1.0,2.0,4.0,shot_microstats,735,0.5564459923577316,0.37567398629394777,4.220678989907852,0.6316098475845626,0.6914448117152467,4.486397765008369
2020,2021-03-24,2020020511,OTT,CGY,1.0,1.0,3.0,shot_microstats,735,0.4939448186226218,0.023077959580308283,3.8405197475494024,0.5083788261175868,0.22960512149187634,3.6369238329641194
2020,2021-03-24,2020020512,VAN,WPG,0.0,-1.0,3.0,shot_microstats,735,0.5105035569757453,0.13800368514746314,4.3624223809171605,0.686003104213273,1.1334155003755608,3.878187307974721
2020,2021-03-24,2020020514,SJS,LAK,1.0,2.0,6.0,shot_microstats,735,0.5404792055241701,0.28718814019142186,4.207503333023442,0.597427551598056,0.7400587839465462,4.222304106858134
2020,2021-03-25,2020020223,MIN,STL,1.0,2.0,2.0,shot_microstats,735,0.5961577388476428,0.5719281035571696,3.7901552808443983,0.4658283345304365,-0.26809417933489843,3.8761789159088624
2020,2021-03-25,2020020515,BOS,NYI,0.0,-1.0,5.0,shot_microstats,735,0.49337039346567574,0.02664192932728121,3.95792825561351,0.6310685387946872,0.7354239482627692,3.222703644240992
2020,2021-03-25,2020020516,PHI,NYR,0.0,-3.0,5.0,shot_microstats,735,0.49777092941095197,0.05067008694704761,3.9860693136384597,0.5143760831883687,0.5162979274350727,4.05358497703569
2020,2021-03-25,2020020517,WSH,NJD,1.0,2.0,6.0,shot_microstats,735,0.5349942770850216,0.2597558521993534,4.239492618821925,0.5441721524216803,-0.05110383984268557,4.39369748671455
2020,2021-03-25,2020020518,CBJ,CAR,0.0,-2.0,4.0,shot_microstats,735,0.4480816848108473,-0.1835676713345512,4.341599849970309,0.5832917061472319,0.42491350853155746,3.8674815969749075
2020,2021-03-25,2020020519,CHI,FLA,1.0,1.0,1.0,shot_microstats,735,0.4404111930690093,-0.2199820323449705,4.398578664896206,0.3337469035861978,-0.9144934547910658,4.670669712518735
2020,2021-03-25,2020020520,NSH,DET,1.0,6.0,6.0,shot_microstats,735,0.6039511254578855,0.6179283427168962,3.77712527045853,0.6500272698385346,0.7110624935583254,3.826224066101413
2020,2021-03-25,2020020521,OTT,TOR,0.0,-1.0,3.0,shot_microstats,735,0.46322760662148965,-0.11200606884414699,4.2311221820165805,0.5375320130092976,0.41327862960464895,3.6448427070805436
2020,2021-03-25,2020020523,COL,VGK,1.0,3.0,5.0,shot_microstats,735,0.5811431699621584,0.5101629620078443,4.13000847143832,0.5808110743716495,0.3385418216889242,4.228618551971364
2020,2021-03-25,2020020532,PIT,BUF,1.0,1.0,1.0,shot_microstats,735,0.5604823415677078,0.397221506782319,4.206057793990393,0.6252282543259389,0.6659759722848592,4.462614896993017
2020,2021-03-26,2020020524,WSH,NJD,1.0,4.0,4.0,shot_microstats,735,0.5366427547424122,0.2694370639839827,4.252277297059241,0.5460448764290132,-0.02825437911625789,4.418654033638232
2020,2021-03-26,2020020525,STL,ANA,0.0,-2.0,2.0,shot_microstats,735,0.5324552272588473,0.23812762367896606,4.11221242047017,0.6476895908835553,0.3504510758937985,4.109058519295365
2020,2021-03-26,2020020527,CGY,WPG,0.0,-1.0,1.0,shot_microstats,735,0.5956706057970501,0.5717706692924738,3.8242465073250917,0.6225924737682502,0.7228302150538886,3.912299287729651
2020,2021-03-26,2020020528,ARI,SJS,1.0,4.0,4.0,shot_microstats,735,0.5168884051050326,0.16326067877904424,4.22775032154533,0.6181494493995111,0.37968766587410846,3.770218181866969
2020,2021-03-27,2020020179,BOS,BUF,1.0,1.0,3.0,shot_microstats,735,0.5587073605141962,0.3736594475396056,4.012742017228303,0.7400445968098267,1.273115434435483,3.969710671431976
2020,2021-03-27,2020020530,PHI,NYR,1.0,1.0,1.0,shot_microstats,735,0.5064661298844177,0.09310041087346879,3.9489132051226923,0.5201755306142947,0.5651816230836202,4.027756567676605
2020,2021-03-27,2020020531,CAR,TBL,0.0,-1.0,3.0,shot_microstats,735,0.5080706681708415,0.13081543364540327,4.454280493844785,0.4164513782983825,-0.24654956070112255,3.669387322027155
2020,2021-03-27,2020020533,DET,CBJ,1.0,2.0,4.0,shot_microstats,735,0.5208680513691837,0.16089811113795632,3.837190881882171,0.5263429976475542,-0.08989213880031113,3.8897154347719867
2020,2021-03-27,2020020534,CHI,NSH,0.0,-2.0,4.0,shot_microstats,735,0.4691105305728376,-0.08911918824277454,4.1006551462231835,0.3983849818257785,-0.6796353551053265,4.786174202251203
2020,2021-03-27,2020020537,CGY,WPG,1.0,1.0,5.0,shot_microstats,735,0.5875322941221671,0.5229196150897014,3.814937911098463,0.6132066908807526,0.6870232399218221,3.9120500170138777
2020,2021-03-27,2020020538,DAL,FLA,1.0,3.0,3.0,shot_microstats,735,0.5181126448816837,0.15614899978891705,4.000514915300947,0.4539880384085972,-0.16894219697449575,3.820429972108941
2020,2021-03-27,2020020539,COL,VGK,1.0,1.0,3.0,shot_microstats,735,0.5900192693917163,0.565697176697314,4.162072486258652,0.5757758913024726,0.31955461945946695,4.288934437193705
2020,2021-03-27,2020020540,ARI,SJS,1.0,2.0,2.0,shot_microstats,735,0.5229117252603428,0.19649541692155523,4.254519167372816,0.6225018539261532,0.42924705542412084,3.7816805421733344
2020,2021-03-27,2020020561,PIT,NYI,1.0,1.0,5.0,shot_microstats,735,0.4842325335120888,-0.009352811084460289,4.149494630671614,0.49909220894893763,0.08560558643576666,3.762523522877261
2020,2021-03-28,2020020535,STL,ANA,0.0,-1.0,3.0,shot_microstats,735,0.5334011060231748,0.2420382406949309,4.094475472929591,0.6491282673513694,0.3921257348234751,4.01713611759179
2020,2021-03-28,2020020541,BOS,NJD,0.0,-1.0,1.0,shot_microstats,735,0.5354728530618889,0.2628167084306231,4.247131529992773,0.6124101273951559,0.5467101856743141,3.958225102254758
2020,2021-03-28,2020020542,WSH,NYR,1.0,2.0,8.0,shot_microstats,735,0.5342195274461418,0.23231930805551798,3.8668638816902727,0.6426514998775036,0.7337516149746871,4.317090960672318
2020,2021-03-28,2020020544,DET,CBJ,1.0,1.0,3.0,shot_microstats,735,0.5264069132878111,0.18969816692292785,3.8379884437441363,0.5258509727221533,-0.095002941907472,3.9127617359071007
2020,2021-03-28,2020020545,CHI,NSH,0.0,-1.0,5.0,shot_microstats,735,0.4656757998017651,-0.10243368967695143,4.177596270157926,0.38592398335730416,-0.7487583544433206,4.8117958355492165
2020,2021-03-28,2020020547,DAL,FLA,0.0,-1.0,1.0,shot_microstats,735,0.5251834564654992,0.19090599423667076,3.965801129713459,0.4581014552484075,-0.14106125749085263,3.8349077125441386
2020,2021-03-29,2020020548,BUF,PHI,1.0,1.0,5.0,shot_microstats,735,0.5026615748574058,0.08528336014681367,4.155026297913433,0.62259166877865,0.6855982435374217,3.7099366395025126
2020,2021-03-29,2020020552,CGY,WPG,0.0,-5.0,5.0,shot_microstats,735,0.5917299083250602,0.5480413405630993,3.8206129095246184,0.6260793070787113,0.7358338541809438,3.912137739724303
2020,2021-03-29,2020020553,COL,ANA,1.0,2.0,6.0,shot_microstats,735,0.6488709760150907,0.9438826527198638,4.03780193722797,0.6879035964939479,0.8886813339743428,4.13718138849103
2020,2021-03-29,2020020554,VGK,LAK,1.0,2.0,4.0,shot_microstats,735,0.5801633434775681,0.5177764934620993,4.296015085596471,0.7173532545032365,1.31652954027714,4.536407902441995
2020,2021-03-30,2020020498,MTL,EDM,1.0,3.0,3.0,shot_microstats,735,0.5800603750480201,0.4892349945339104,3.9422139273388943,0.6039865892339393,0.6868666940676531,3.8963399438830972
2020,2021-03-30,2020020556,BOS,NJD,0.0,-1.0,7.0,shot_microstats,735,0.5331887342830331,0.2485073743170083,4.214722696900939,0.6080780352092802,0.5126593596155027,3.967338882501688
2020,2021-03-30,2020020558,NYR,WSH,1.0,3.0,5.0,shot_microstats,735,0.5306736892256216,0.2170488511895978,3.9224090082137963,0.3699211983560591,-0.6693311584515516,4.050124972728825
2020,2021-03-30,2020020560,FLA,DET,1.0,4.0,4.0,shot_microstats,735,0.6116468125127722,0.6806116824617536,3.9458366571262893,0.6785879001510292,0.8252404385000959,4.434921860271086
2020,2021-03-31,2020020209,COL,ARI,1.0,4.0,8.0,shot_microstats,735,0.6499387174719388,0.9226394717369826,3.7835858349665443,0.7305859597868221,1.2727353398685386,4.111942211615754
2020,2021-03-31,2020020557,BUF,PHI,1.0,3.0,5.0,shot_microstats,735,0.5035231325943634,0.08769535598198226,4.119686942646086,0.6248169814511172,0.6755729540891521,3.6745601986412453
2020,2021-03-31,2020020566,WPG,TOR,0.0,-2.0,2.0,shot_microstats,735,0.43375341951032337,-0.2630665448297518,4.24659736921577,0.44491557931245374,0.00835645346619679,4.018734830893215
2020,2021-03-31,2020020569,VGK,LAK,0.0,-2.0,6.0,shot_microstats,735,0.5824563778650312,0.5312609150599704,4.29383919001212,0.7095433025245614,1.2835895651769016,4.58825003164962
2020,2021-03-31,2020020570,SJS,MIN,1.0,1.0,3.0,shot_microstats,735,0.48199136808631354,-0.01761380507771465,4.20684917525956,0.5060378161970412,0.31392709868793767,4.421947450707403
2020,2021-04-01,2020020571,BOS,PIT,0.0,-2.0,4.0,shot_microstats,735,0.540918443450318,0.26697938086438583,3.8545832496211943,0.6369586602841888,0.7550255986929932,3.49379658590148
2020,2021-04-01,2020020572,BUF,NYR,0.0,-1.0,3.0,shot_microstats,735,0.4833616374392335,-0.01205474838777526,4.180963368960641,0.6491936183198873,1.009356889241404,3.8654187868221674
2020,2021-04-01,2020020573,NYI,WSH,1.0,5.0,11.0,shot_microstats,735,0.56007058418416,0.3782550828354916,3.970107526632679,0.43956302204971426,-0.16169402867160373,3.991371647854245
2020,2021-04-01,2020020575,FLA,DET,0.0,-1.0,3.0,shot_microstats,735,0.6083477904967595,0.6624024636922713,3.9749698774651696,0.6839280973266206,0.8491724940652385,4.449684022778683
2020,2021-04-01,2020020576,CHI,CAR,0.0,-1.0,7.0,shot_microstats,735,0.4466559317537239,-0.17964632090150956,4.546460784298667,0.40125326124519844,-0.6781295968958099,5.002472826406598
2020,2021-04-01,2020020577,NSH,DAL,0.0,-1.0,3.0,shot_microstats,735,0.522973484887628,0.171235669090203,3.8273861874919866,0.5638952509480283,0.33554217550766297,3.8586803770668374
2020,2021-04-01,2020020578,OTT,MTL,0.0,-3.0,3.0,shot_microstats,735,0.4578728123689763,-0.16027582319465727,3.8526748132756956,0.5193165089018392,0.2541151677365531,3.6664952384246345
2020,2021-04-01,2020020579,VGK,MIN,1.0,1.0,3.0,shot_microstats,735,0.5368034941049257,0.26320944635840304,4.142439654988902,0.6376349806817841,0.9430476322211726,4.4723666573996415
2020,2021-04-02,2020020582,EDM,CGY,0.0,-1.0,3.0,shot_microstats,735,0.5133152417036133,0.12679264803409154,3.9221264350473963,0.4531861619258152,0.014694564013752243,3.9017885379738724
2020,2021-04-02,2020020583,ANA,ARI,0.0,-2.0,6.0,shot_microstats,735,0.5123109206127024,0.13419005148313157,4.139237961921627,0.6389715150432632,0.598391321399853,4.107697956415627
2020,2021-04-02,2020020584,LAK,SJS,0.0,-2.0,2.0,shot_microstats,735,0.4992397762307797,0.08020159693290803,4.37319627542133,0.44525590734001685,-0.2309490458115966,4.0437097049045505
2020,2021-04-03,2020020585,BOS,PIT,1.0,2.0,8.0,shot_microstats,735,0.529578717034516,0.20627992967537487,3.838604664871494,0.6256277858872218,0.6997010955505885,3.4461559748091197
2020,2021-04-03,2020020586,BUF,NYR,1.0,1.0,3.0,shot_microstats,735,0.47108255546201283,-0.07377306560617236,4.197199213578098,0.638957158030533,0.9386969043808989,3.9135106950396796
2020,2021-04-03,2020020587,NYI,PHI,0.0,-1.0,3.0,shot_microstats,735,0.5841536951699271,0.5205880923276003,4.038278385312327,0.5398887995889967,0.25880289387288724,4.324636616800793
2020,2021-04-03,2020020589,TBL,DET,1.0,1.0,3.0,shot_microstats,735,0.5929774403409177,0.5619977537371302,3.9022873153538784,0.6861702138021561,0.8439644128329541,4.548216594126803
2020,2021-04-03,2020020590,FLA,CBJ,1.0,2.0,6.0,shot_microstats,735,0.6058553535667508,0.6576883248445873,4.096318926322975,0.6276586681285523,0.40973521535239954,4.5999573258079804
2020,2021-04-03,2020020591,NSH,CHI,1.0,1.0,1.0,shot_microstats,735,0.5878746159794876,0.5551258686265945,4.1902268843591735,0.6453993248507074,0.7216665942114113,3.7413909420206433
2020,2021-04-03,2020020592,MTL,OTT,0.0,-1.0,5.0,shot_microstats,735,0.6186250265808788,0.7180474940734993,3.8677205537038986,0.6447026794342654,0.7899543351962734,3.806456554091018
2020,2021-04-03,2020020594,COL,STL,1.0,1.0,3.0,shot_microstats,735,0.6628841595488795,0.9948140318110281,3.5839974659052904,0.6321969779119659,0.6972386475589905,3.713949438852021
2020,2021-04-03,2020020596,LAK,SJS,0.0,-2.0,4.0,shot_microstats,735,0.48437070777923913,0.006027527147110523,4.412954171025403,0.4248576388617224,-0.2998710709592032,4.1074770333772
2020,2021-04-04,2020020598,CAR,DAL,1.0,1.0,1.0,shot_microstats,735,0.5186972548948956,0.16970108192481761,4.177597929544714,0.5330638216157584,0.402929116028052,4.113090319128925
2020,2021-04-04,2020020599,TBL,DET,0.0,-2.0,4.0,shot_microstats,735,0.5955584634400932,0.5761640540779497,3.886409080337245,0.6969041488052291,0.8896785824479272,4.516648560348778
2020,2021-04-04,2020020600,FLA,CBJ,1.0,3.0,3.0,shot_microstats,735,0.597480078884164,0.610021777703966,4.1476759621494,0.6250502242086607,0.41291231819520247,4.632695634453064
2020,2021-04-04,2020020603,CGY,TOR,0.0,-2.0,6.0,shot_microstats,735,0.505375964778116,0.07930991301616702,3.8030541301975047,0.5533292269292699,0.45869129527193575,3.549453745219956
2020,2021-04-05,2020020606,STL,VGK,0.0,-5.0,7.0,shot_microstats,735,0.4729128030946143,-0.0689734946776312,4.114504630512187,0.5518325601292114,0.006334065083486579,4.0870778011775375
2020,2021-04-05,2020020607,MTL,EDM,1.0,1.0,3.0,shot_microstats,735,0.5898627843625732,0.5425336024344805,3.8904064155988256,0.6105202807240169,0.6983294568272289,3.8539221254717817
2020,2021-04-05,2020020608,CGY,TOR,0.0,-2.0,6.0,shot_microstats,735,0.5020936363335623,0.0642568440922468,3.8338197076344844,0.5560417140910319,0.46845209320767467,3.5879858288159925
2020,2021-04-05,2020020609,MIN,COL,0.0,-1.0,5.0,shot_microstats,735,0.4513843759735722,-0.20240082885184074,3.699412047165291,0.35631786300731516,-0.6921972707027679,3.8156571528215664
2020,2021-04-05,2020020848,WPG,OTT,1.0,1.0,5.0,shot_microstats,735,0.5016381387890196,0.08903857786297675,4.311957043250602,0.525744450259175,0.1772962381184855,4.4598094267473245
2020,2021-04-06,2020020241,SJS,ANA,0.0,-3.0,3.0,shot_microstats,735,0.541542658685051,0.3121875752043015,4.491756580675755,0.5474729997062506,0.2502765689938664,4.408513050689293
2020,2021-04-06,2020020611,NJD,BUF,0.0,-1.0,5.0,shot_microstats,735,0.5303818951566244,0.2582999390274614,4.595260226627038,0.6964711140973635,1.0921593227113513,4.544493039852988
2020,2021-04-06,2020020612,NYI,WSH,1.0,1.0,1.0,shot_microstats,735,0.5766876673295243,0.4754227252060971,4.01676433671853,0.4127555200581748,-0.28242756685030707,4.059607904754158
2020,2021-04-06,2020020613,NYR,PIT,1.0,1.0,7.0,shot_microstats,735,0.5363835028146738,0.25489818907934797,4.046787018140441,0.4339347837008301,-0.3953643362828314,4.142587729596568
2020,2021-04-06,2020020614,PHI,BOS,1.0,1.0,3.0,shot_microstats,735,0.5289310200263828,0.19787282443368853,3.7537444345698376,0.4194712131831728,-0.25153139920850975,3.6423332410630187
2020,2021-04-06,2020020615,CAR,FLA,0.0,-1.0,3.0,shot_microstats,735,0.5145666137655819,0.16771829217195824,4.500781918687855,0.4389437487871242,-0.065485368556313,4.152071303315253
2020,2021-04-06,2020020617,DET,NSH,1.0,1.0,3.0,shot_microstats,735,0.48543102928589665,-0.024162643481622448,3.7691377505332415,0.49157811433843285,-0.2061935872669307,3.6674924433746607
2020,2021-04-06,2020020618,CHI,DAL,1.0,2.0,4.0,shot_microstats,735,0.4577739666380877,-0.14901078904231146,4.065338702488796,0.422598558193114,-0.47201939816014243,4.56802185306289
2020,2021-04-07,2020020620,STL,VGK,1.0,2.0,4.0,shot_microstats,735,0.46742889469872817,-0.09819148892819718,4.0916648171369765,0.5562691749405195,0.028108369676744793,4.094943207087575
2020,2021-04-07,2020020622,TOR,MTL,1.0,2.0,4.0,shot_microstats,735,0.5201594132588876,0.1586802317585173,3.8621603069168176,0.42077480600971723,-0.43227730021882216,4.61383251287314
2020,2021-04-07,2020020623,MIN,COL,1.0,3.0,5.0,shot_microstats,735,0.4491957092618053,-0.21534055111782402,3.672029884797565,0.35090637845514605,-0.7164942715743707,3.7913733671738714
2020,2021-04-07,2020020624,LAK,ARI,1.0,1.0,7.0,shot_microstats,735,0.5096923280972928,0.11575238235180485,4.054927636231173,0.48085636908703927,0.105272969698198,4.055884198235308
2020,2021-04-08,2020020625,BUF,NJD,0.0,-1.0,5.0,shot_microstats,735,0.4761091941639361,-0.02972120991365107,4.530138594449779,0.4952906513985937,-0.12237186080237666,4.131176526110534
2020,2021-04-08,2020020627,NYR,PIT,0.0,-2.0,4.0,shot_microstats,735,0.5320499095096523,0.23243631842251386,4.055298431231974,0.41736438284106986,-0.49742575566512304,4.231562722069358
2020,2021-04-08,2020020628,WSH,BOS,0.0,-2.0,2.0,shot_microstats,735,0.533437129772521,0.22101637877365043,3.7474013783709177,0.5120854295107545,-0.22974249957267018,4.05075348131714
2020,2021-04-08,2020020629,CAR,FLA,1.0,1.0,1.0,shot_microstats,735,0.5027987066654973,0.10975167781893194,4.561692165320004,0.44517995664094245,-0.01662175733420948,4.175962652184959
2020,2021-04-08,2020020630,CBJ,TBL,0.0,-1.0,9.0,shot_microstats,735,0.4565523080039562,-0.15862872009536122,4.004655747637322,0.4717175719427266,-0.06431011339995935,3.0264499552187845
2020,2021-04-08,2020020631,DET,NSH,0.0,-4.0,6.0,shot_microstats,735,0.4890967569751575,-0.006793998154167702,3.7458801602936957,0.4921589241459572,-0.20009793617503535,3.650540957798122
2020,2021-04-08,2020020632,CHI,DAL,0.0,-1.0,3.0,shot_microstats,735,0.45908760823032474,-0.14313880129115963,4.049712176027695,0.422849945709748,-0.48213514752206804,4.607172328811774
2020,2021-04-08,2020020633,MTL,WPG,0.0,-1.0,5.0,shot_microstats,735,0.6240259489361109,0.7497537838369677,3.831665082532648,0.6270846552820454,0.8096193020811622,3.765008057715026
2020,2021-04-09,2020020229,BUF,WSH,0.0,-1.0,5.0,shot_microstats,735,0.4866778697586721,0.001400183808739408,4.1184128720480295,0.5097445398312639,0.08740361826493825,3.485118700603466
2020,2021-04-09,2020020636,NYI,NYR,0.0,-2.0,4.0,shot_microstats,735,0.5665006889828084,0.4280768972691392,4.162963761884017,0.5425952539336409,0.5209651107006408,4.6227243018959365
2020,2021-04-09,2020020637,STL,MIN,1.0,6.0,8.0,shot_microstats,735,0.49730106705415084,0.032534984462019356,3.702086905280785,0.6332036990824123,0.5299269557816517,4.04622306586157
2020,2021-04-09,2020020639,VGK,ARI,1.0,1.0,7.0,shot_microstats,735,0.5796160238119528,0.5156063462044933,4.309202560220141,0.696951990876009,1.2383488019524962,4.346302873217667
2020,2021-04-09,2020020640,ANA,COL,0.0,-1.0,1.0,shot_microstats,735,0.3872506029294477,-0.5355204699395153,3.9491866930407147,0.3836948225192012,-0.5479708052131138,3.811167275473477
2020,2021-04-09,2020020641,SJS,LAK,1.0,1.0,5.0,shot_microstats,735,0.5451256084646897,0.32612229394571984,4.408405950450486,0.5848101614007288,0.5314235743171789,4.649022159657367
2020,2021-04-10,2020020643,CBJ,CHI,0.0,-1.0,5.0,shot_microstats,735,0.49961665936209093,0.07668653230704389,4.278529325325047,0.6441153542341732,0.8064410385558944,3.402145193479524
2020,2021-04-10,2020020644,NSH,TBL,0.0,-2.0,2.0,shot_microstats,735,0.516133829184699,0.1431558620081322,3.9535145723752354,0.44093136051835635,-0.3156867674426522,3.3983423507225075
2020,2021-04-10,2020020645,MTL,WPG,0.0,-3.0,3.0,shot_microstats,735,0.6204898763246656,0.7263470129851176,3.827672826190245,0.6241194078066489,0.7861991151862723,3.7818055345212236
2020,2021-04-10,2020020646,TOR,OTT,1.0,1.0,7.0,shot_microstats,735,0.587898683297429,0.5669848323869271,4.328083274199467,0.5266980320099476,-0.024140516530698763,5.033121836592414
2020,2021-04-10,2020020648,DAL,FLA,1.0,3.0,3.0,shot_microstats,735,0.5138636764472069,0.13551026708289313,4.024047393272608,0.4701206529982504,-0.06921226232188757,3.805154191489695
2020,2021-04-10,2020020649,SJS,LAK,0.0,-2.0,4.0,shot_microstats,735,0.5427959468487974,0.3150977726439363,4.434320245480882,0.5556703518746826,0.39675075404528826,4.740138288746666
2020,2021-04-10,2020020654,STL,MIN,0.0,-1.0,1.0,shot_microstats,735,0.5120529058869103,0.1069547852404168,3.6867882201823177,0.6401410884981469,0.5269426820115115,4.064417037474618
2020,2021-04-10,2020020849,CGY,EDM,1.0,4.0,4.0,shot_microstats,735,0.5616850291526905,0.3812932687124029,3.884517479660317,0.5977088260617547,0.5745885051041394,4.0817024932755
2020,2021-04-11,2020020650,NJD,PIT,0.0,-1.0,5.0,shot_microstats,735,0.5074434673875107,0.12388977692470785,4.393094638060409,0.598452574866923,0.674684842956319,3.9773192279864147
2020,2021-04-11,2020020651,NYI,NYR,0.0,-1.0,3.0,shot_microstats,735,0.5610511470367574,0.3983397931602203,4.177296943232967,0.5365256167365552,0.4971016337782051,4.577666914060289
2020,2021-04-11,2020020652,PHI,BUF,0.0,-2.0,6.0,shot_microstats,735,0.5653517007376093,0.41500992954309346,4.0731629293962595,0.5864046164628594,0.5862468432047084,4.066419538622702
2020,2021-04-11,2020020655,VGK,ARI,1.0,1.0,1.0,shot_microstats,735,0.5816552395583949,0.5324020299142568,4.365020572849971,0.6951111588585978,1.2180979650682469,4.414445384188183
2020,2021-04-11,2020020656,ANA,COL,0.0,-3.0,3.0,shot_microstats,735,0.3865313016567762,-0.5408209671814825,3.9331604254389116,0.38626526133372896,-0.5435512253369675,3.7750943937926085
2020,2021-04-11,2020020714,BOS,WSH,0.0,-5.0,5.0,shot_microstats,735,0.5456634234433965,0.28682906636019545,3.7681500090637012,0.5763012858339149,0.4468453465134267,3.40029527272317
2020,2021-04-12,2020020225,COL,ARI,1.0,1.0,3.0,shot_microstats,735,0.6734009467496984,1.0851220592362383,3.6648018155987745,0.7279526386501792,1.339966185183128,4.058159281601974
2020,2021-04-12,2020020657,CAR,DET,1.0,1.0,1.0,shot_microstats,735,0.5961090660296307,0.6051218099116523,4.188237068561266,0.6220579266870115,0.8585572685563236,4.239243258013501
2020,2021-04-12,2020020658,CBJ,CHI,1.0,1.0,5.0,shot_microstats,735,0.5046338632772348,0.10283931871307901,4.283030243680687,0.6410037849083735,0.7880474909868522,3.4280077364396826
2020,2021-04-12,2020020661,OTT,WPG,1.0,1.0,3.0,shot_microstats,735,0.5216296601034603,0.19049084390865192,4.26668656450814,0.5917219681226592,0.6306598671133405,4.027090491529358
2020,2021-04-12,2020020664,SJS,ANA,0.0,-4.0,4.0,shot_microstats,735,0.5417795412710902,0.31565800918219483,4.522817807755583,0.5359662473220163,0.20693298381062036,4.560200484404178
2020,2021-04-13,2020020202,WSH,PHI,1.0,2.0,4.0,shot_microstats,735,0.5314982330926351,0.21994776718454837,3.8987619880036197,0.6163444418916864,0.33994169489034554,4.2801940986512355
2020,2021-04-13,2020020659,NSH,TBL,1.0,6.0,8.0,shot_microstats,735,0.5221247379528193,0.17287988612272265,3.930611456831006,0.44823648113240633,-0.2737746595343794,3.3329977161709765
2020,2021-04-13,2020020666,NJD,NYR,0.0,-2.0,2.0,shot_microstats,735,0.5033600785355287,0.10345281134895701,4.406268799121912,0.6813373041863452,1.3048039825821511,4.386177445747429
2020,2021-04-13,2020020669,TOR,CGY,1.0,1.0,3.0,shot_microstats,735,0.5599753831094363,0.3763585047630692,3.9502160324183935,0.4208300817947976,-0.4154086540933245,4.5822870215975415
2020,2021-04-13,2020020670,DAL,FLA,1.0,1.0,3.0,shot_microstats,735,0.5172081881383933,0.14903681438121055,3.9590437112843784,0.4854577262229322,-0.009333803818069725,3.7585919982581033
2020,2021-04-14,2020020182,STL,COL,0.0,-2.0,4.0,shot_microstats,735,0.4164684922911224,-0.39249833099381637,3.63005765224986,0.46914834713024617,-0.32375354646124427,3.6330801061683577
2020,2021-04-14,2020020192,MIN,ARI,1.0,1.0,3.0,shot_microstats,735,0.5684354277774615,0.41016453897178,3.7605548564182047,0.5811465253819057,0.33824932319925394,3.960224613755388
2020,2021-04-14,2020020671,MTL,CGY,0.0,-2.0,4.0,shot_microstats,735,0.5776232318705644,0.4389568889437423,3.4357008727687814,0.5140213933999479,0.19915557317287824,3.429962456753449
2020,2021-04-14,2020020674,LAK,VGK,0.0,-5.0,7.0,shot_microstats,735,0.4303336255314465,-0.2697460202467007,4.444797832314857,0.3439158553779705,-0.5676754841696083,4.333717191501377
2020,2021-04-14,2020020675,SJS,ANA,0.0,-3.0,3.0,shot_microstats,735,0.546478605556676,0.34149982876600365,4.520084935533665,0.5458819131670967,0.2618885410680728,4.532922850141863
2020,2021-04-15,2020020665,BOS,NYI,1.0,1.0,3.0,shot_microstats,735,0.4854174559078777,-0.01649871615256565,3.910164033480513,0.605827454339718,0.5533680626435704,3.379188778011842
2020,2021-04-15,2020020676,NYR,NJD,1.0,4.0,4.0,shot_microstats,735,0.5230110516888706,0.2065880976572936,4.40804168658073,0.36221596468243544,-0.8700824415605988,4.672607602902153
2020,2021-04-15,2020020677,WSH,BUF,0.0,-2.0,4.0,shot_microstats,735,0.5660734319321272,0.423887420084175,4.139027809168058,0.6769633500335016,0.6004066551451879,4.500402254626394
2020,2021-04-15,2020020678,CAR,NSH,1.0,2.0,2.0,shot_microstats,735,0.5375330779795268,0.27770971831574437,4.305273967125332,0.5254084917586951,0.3045309619574879,4.213042040722782
2020,2021-04-15,2020020679,TBL,FLA,0.0,-1.0,3.0,shot_microstats,735,0.5045141624283062,0.0944287176387544,4.148207742274702,0.546070103074576,0.19003647492355327,4.3419365623695425
2020,2021-04-15,2020020681,DET,CHI,1.0,1.0,3.0,shot_microstats,735,0.5244734060793335,0.19479421597094038,4.092248311406664,0.5474023511487469,0.07071592022003444,3.5920559620134114
2020,2021-04-15,2020020682,TOR,WPG,0.0,-1.0,5.0,shot_microstats,735,0.5956782931955771,0.6121814869842004,4.297894008066608,0.5258309173732693,0.1125137662479973,4.896238754836023
2020,2021-04-15,2020020683,DAL,CBJ,1.0,3.0,5.0,shot_microstats,735,0.6139799603677821,0.6872511481226824,3.8560856085978834,0.5941924602668957,0.3463687315892783,3.9853044958858233
2020,2021-04-16,2020020685,BOS,NYI,1.0,2.0,2.0,shot_microstats,735,0.4958386447555563,0.03524731165134237,3.8861015057300605,0.607232987490146,0.5377259641079766,3.4054683294626713
2020,2021-04-16,2020020686,MTL,CGY,1.0,1.0,3.0,shot_microstats,735,0.5667628857621123,0.38273875884666053,3.489719805686197,0.5230741879705386,0.2557810184645343,3.4350039470733145
2020,2021-04-16,2020020687,MIN,SJS,1.0,2.0,4.0,shot_microstats,735,0.5416557578528399,0.2862113449737027,4.095369067811866,0.5261565766622793,0.008538701027167833,3.8947362885984878
2020,2021-04-16,2020020689,ANA,VGK,0.0,-4.0,4.0,shot_microstats,735,0.4175262517979936,-0.33187335691318665,4.535709711719112,0.44194206830102756,-0.2779905034027124,4.347523355482413
2020,2021-04-17,2020020546,MTL,OTT,0.0,-2.0,2.0,shot_microstats,735,0.5987158274684469,0.5934131989348471,3.864674760391632,0.6518543580019598,0.7986626619797075,3.782518153091621
2020,2021-04-17,2020020690,BUF,PIT,0.0,-1.0,3.0,shot_microstats,735,0.47142198631214444,-0.07186402785019874,4.2004463099936675,0.5615644450083663,0.3038309073030142,3.6567431438516818
2020,2021-04-17,2020020693,CAR,NSH,1.0,1.0,3.0,shot_microstats,735,0.536299593764519,0.27018284158992467,4.2920009208914305,0.5066771589681521,0.20035522268320785,4.24583924012271
2020,2021-04-17,2020020695,DET,CHI,0.0,-3.0,3.0,shot_microstats,735,0.5260953643429372,0.2055116150891033,4.128296014540612,0.5405171516140808,0.014155270307198847,3.6573490555931367
2020,2021-04-17,2020020696,WPG,EDM,0.0,-1.0,1.0,shot_microstats,735,0.5030883203577595,0.09184662117489416,4.231054695128159,0.5006841820532951,0.09816070609007904,4.424863132435383
2020,2021-04-17,2020020698,MIN,SJS,1.0,2.0,6.0,shot_microstats,735,0.5435989945448957,0.2955339758427628,4.077748399595963,0.5315052664307328,0.03156633455154348,3.934513834846656
2020,2021-04-17,2020020699,DAL,CBJ,1.0,4.0,6.0,shot_microstats,735,0.6116154970189746,0.6757685822897965,3.8946500060898543,0.5994583599266671,0.3845205062990885,4.024201632659669
2020,2021-04-17,2020020700,ARI,STL,1.0,1.0,3.0,shot_microstats,735,0.5290443064109638,0.20288234773527272,3.828425084556038,0.5491722148103492,0.18902644416114558,3.4449738988652827
2020,2021-04-18,2020020697,VAN,TOR,1.0,1.0,3.0,shot_microstats,735,0.4255150226649149,-0.2905415287182326,4.5230002297213625,0.6438789117520619,1.0150792363545875,3.7070828296316543
2020,2021-04-18,2020020701,BOS,WSH,1.0,3.0,5.0,shot_microstats,735,0.5537862887529775,0.32927661478278886,3.750590818988731,0.5808738353635837,0.45982653039065047,3.506113797467891
2020,2021-04-18,2020020702,NJD,NYR,1.0,1.0,5.0,shot_microstats,735,0.5164108648308651,0.16947670875451054,4.371596978342363,0.670389975397,1.205760550587673,4.338771101888234
2020,2021-04-18,2020020705,ANA,VGK,0.0,-1.0,5.0,shot_microstats,735,0.40369671952285074,-0.40518432729003984,4.546635895297363,0.44410711717408047,-0.2460434618086967,4.276046398658578
2020,2021-04-18,2020020715,BUF,PIT,0.0,-1.0,3.0,shot_microstats,735,0.4700823487606135,-0.0776122833651543,4.220227418239992,0.5618632242195282,0.30297237585083575,3.633582966102321
2020,2021-04-19,2020020601,NSH,CHI,1.0,3.0,5.0,shot_microstats,735,0.5732614123631941,0.46907795843991107,4.192510241989106,0.61707702651085,0.5663222180610773,3.646711689514573
2020,2021-04-19,2020020707,FLA,CBJ,1.0,1.0,3.0,shot_microstats,735,0.6177575092978569,0.7359203001115762,4.113109206705772,0.6241892762276331,0.4559370838789727,4.586773578603426
2020,2021-04-19,2020020708,CGY,OTT,1.0,1.0,3.0,shot_microstats,735,0.5868649544543632,0.5245248846700208,3.8859202494206095,0.6660692217835047,0.8875740539559565,4.00001560328575
2020,2021-04-19,2020020709,EDM,MTL,1.0,2.0,4.0,shot_microstats,735,0.479171198635405,-0.048843671571292324,3.9000415851556927,0.48817287340609683,0.1463372176899307,3.9958325653609204
2020,2021-04-19,2020020711,DAL,DET,0.0,-1.0,3.0,shot_microstats,735,0.6106203442191785,0.6486547100898832,3.656291729567103,0.6611409637927363,0.8851535140556279,3.7552163599853694
2020,2021-04-19,2020020713,VGK,SJS,0.0,-2.0,2.0,shot_microstats,735,0.5646532976625283,0.4560362315680526,4.661413765531135,0.6527651642673156,0.9002376896157024,4.486758889359149
2020,2021-04-20,2020020166,PIT,NJD,1.0,3.0,9.0,shot_microstats,735,0.5097638910151945,0.13462560217930958,4.370429128274983,0.4435368258646796,-0.3895700031320992,4.485678900514096
2020,2021-04-20,2020020483,BUF,BOS,0.0,-2.0,2.0,shot_microstats,735,0.4709950597762018,-0.08543218522442952,3.9924930620721564,0.4889759936343853,-0.1381574306158791,3.598133619592482
2020,2021-04-20,2020020710,VAN,TOR,1.0,3.0,5.0,shot_microstats,735,0.415106527435604,-0.34621192720705785,4.5095073778174815,0.6458590242890845,0.9955172846234093,3.73789071876993
2020,2021-04-20,2020020717,NYI,NYR,1.0,4.0,6.0,shot_microstats,735,0.5617536169411903,0.39894456800768,4.130901608161852,0.5507249267620906,0.5460029989015813,4.364671992425739
2020,2021-04-20,2020020718,TBL,CAR,0.0,-2.0,4.0,shot_microstats,735,0.4884985866520237,0.025922117501706476,4.3904781754488,0.6019514013918267,0.45635914133341754,4.773097894975686
2020,2021-04-20,2020020719,FLA,CBJ,1.0,5.0,5.0,shot_microstats,735,0.620447903035177,0.7555278213795824,4.1314384841836285,0.6169480848487724,0.4525066285277796,4.567382832829157
2020,2021-04-20,2020020722,DAL,DET,1.0,3.0,5.0,shot_microstats,735,0.6142191883706647,0.6720352533704114,3.6681433090545146,0.6627276328210787,0.8955154785090087,3.7900617992793504
2020,2021-04-20,2020020724,LAK,ANA,1.0,3.0,5.0,shot_microstats,735,0.5258993281477351,0.2156878589593258,4.309100662221517,0.48959425574018617,0.0227787908052684,4.146899188503155
2020,2021-04-21,2020020721,EDM,MTL,0.0,-2.0,4.0,shot_microstats,735,0.48578070334962414,-0.014669104310963854,3.909815507419121,0.4998521713169598,0.18059942081577485,4.003832942181334
2020,2021-04-21,2020020725,CHI,NSH,1.0,1.0,7.0,shot_microstats,735,0.47232229884148536,-0.06957857685722202,4.158393401666821,0.42968336112025407,-0.5164658357872111,4.670257377865803
2020,2021-04-21,2020020727,ARI,MIN,0.0,-3.0,3.0,shot_microstats,735,0.5130180725853376,0.11338760817904125,3.7132444781031215,0.620743212697599,0.6654804403808994,3.7111044165492735
2020,2021-04-21,2020020728,VGK,SJS,1.0,1.0,5.0,shot_microstats,735,0.5625930276530653,0.44600669645639723,4.686560443696853,0.6461498668313755,0.876824016577893,4.507156225517335
2020,2021-04-22,2020020729,BUF,BOS,0.0,-4.0,6.0,shot_microstats,735,0.4614601599125308,-0.13423719730048433,3.9906955859630635,0.4901949244040127,-0.1036035465094941,3.6100680507688354
2020,2021-04-22,2020020731,TBL,CBJ,1.0,2.0,2.0,shot_microstats,735,0.6049358043893502,0.642155398385837,3.987549047703009,0.6718688585084844,0.712121970549543,4.44285506041789
2020,2021-04-22,2020020733,PIT,NJD,1.0,3.0,5.0,shot_microstats,735,0.5106928057315169,0.13754599476081053,4.3382531430276625,0.44926282010172036,-0.3595373845313773,4.412021561355488
2020,2021-04-22,2020020734,DET,DAL,1.0,5.0,7.0,shot_microstats,735,0.4674808799937689,-0.12251244486173851,3.6450473504781655,0.47852132251906704,-0.21901372293081467,3.6593783839729372
2020,2021-04-22,2020020735,STL,COL,0.0,-1.0,3.0,shot_microstats,735,0.41754220501112727,-0.3823063488943905,3.6970059892117786,0.4754276697204019,-0.29357136269945106,3.67877488372695
2020,2021-04-23,2020020739,NYR,PHI,1.0,2.0,4.0,shot_microstats,735,0.5309916787589134,0.22267876723134003,3.9874963585605347,0.46207983202054315,-0.25845893371031614,4.506151129116041
2020,2021-04-23,2020020740,CHI,NSH,0.0,-3.0,3.0,shot_microstats,735,0.4656567278132083,-0.09941046244307084,4.234579406148345,0.4239050775440353,-0.5320524625051873,4.720281553744103
2020,2021-04-24,2020020325,ANA,VGK,0.0,-3.0,5.0,shot_microstats,735,0.40325582715798897,-0.40889008455300613,4.524553781157872,0.4564877350604059,-0.2010991995177845,4.216536920594649
2020,2021-04-24,2020020744,NYI,WSH,0.0,-6.0,6.0,shot_microstats,735,0.5724357100972308,0.4542117246373817,4.059388314383666,0.4397271716946471,-0.13780024150790177,4.027367440307605
2020,2021-04-24,2020020748,STL,COL,1.0,2.0,4.0,shot_microstats,735,0.42294636321284396,-0.35532210865837865,3.6586941284343393,0.469126905972709,-0.31703760848480883,3.6513174727079147
2020,2021-04-24,2020020749,WPG,TOR,0.0,-1.0,3.0,shot_microstats,735,0.43937526992419684,-0.23522420073093397,4.221318694582889,0.4638924018133409,0.030707060920550394,4.0477869259360695
2020,2021-04-24,2020020750,CGY,MTL,1.0,3.0,5.0,shot_microstats,735,0.5461537493011295,0.27566534251083763,3.54483449921392,0.593002372075251,0.57439866055953,3.7668991442494733
2020,2021-04-24,2020020752,LAK,ARI,0.0,-3.0,3.0,shot_microstats,735,0.5083510825780756,0.10893023223625173,4.056533268813526,0.4810551057311909,0.08637595207136034,4.0692279948894665
2020,2021-04-24,2020020753,SJS,MIN,0.0,-1.0,7.0,shot_microstats,735,0.5174701481553827,0.15825796495348465,4.092971581333972,0.5244185623084548,0.34286495347569923,4.354549107472373
2020,2021-04-25,2020020216,PHI,NJD,0.0,-2.0,4.0,shot_microstats,735,0.505769237753889,0.10717637257709119,4.256665427880904,0.3991188152306671,-0.35675336160531734,3.9137415474151576
2020,2021-04-25,2020020754,NYR,BUF,1.0,1.0,5.0,shot_microstats,735,0.569261684282425,0.4523974235834739,4.2759510273726615,0.5215062801652122,-0.029395286902726192,4.688915047678495
2020,2021-04-25,2020020756,TBL,CBJ,0.0,-1.0,5.0,shot_microstats,735,0.6050220514266034,0.6397418233920079,3.954095975931225,0.6617970170409058,0.6209478801848463,4.50790490982816
2020,2021-04-25,2020020757,PIT,BOS,1.0,1.0,1.0,shot_microstats,735,0.5226374015843827,0.16613102054990073,3.7695347697108965,0.44175924558141255,-0.34369712016833176,3.9210291785573084
2020,2021-04-26,2020020191,STL,COL,1.0,3.0,3.0,shot_microstats,735,0.41269279588967195,-0.4102930908969251,3.6763655132344324,0.451818419739948,-0.3900745113388244,3.6671353562641684
2020,2021-04-26,2020020758,NSH,FLA,1.0,3.0,3.0,shot_microstats,735,0.4853910620060049,-0.009016393969882963,4.048621770987578,0.47916522209429335,-0.05772468511837836,3.747626244031584
2020,2021-04-26,2020020759,OTT,VAN,1.0,1.0,3.0,shot_microstats,735,0.5328982845307284,0.2568122101414927,4.3675459889160475,0.48661617318028577,-0.21479777255224614,4.318019276787277
2020,2021-04-26,2020020760,WPG,EDM,0.0,-6.0,6.0,shot_microstats,735,0.5028018832403208,0.08976265041091891,4.220514405869272,0.5179310344588809,0.1674037308939433,4.384304056794015
2020,2021-04-26,2020020761,CGY,MTL,0.0,-1.0,1.0,shot_microstats,735,0.5415738519881299,0.2533439123337409,3.5747099216945455,0.592661338903462,0.5750234119894215,3.777369667537695
2020,2021-04-26,2020020763,DAL,CAR,0.0,-1.0,5.0,shot_microstats,735,0.5128971934903345,0.14486194051163748,4.268311176353368,0.5300733622850116,0.17916214637954975,4.289443347683273
2020,2021-04-26,2020020765,LAK,ANA,1.0,1.0,3.0,shot_microstats,735,0.5298873427060664,0.2342758044266805,4.26775321264776,0.49518106219941405,0.044168844875486,4.085319689092315
2020,2021-04-27,2020020447,WSH,NYI,1.0,1.0,1.0,shot_microstats,735,0.48376491747530215,-0.014736314642493697,4.095177249745187,0.5745324046566593,0.14244316152592945,3.915141333528334
2020,2021-04-27,2020020716,NJD,PHI,0.0,-1.0,7.0,shot_microstats,735,0.532839260235623,0.24870414306143893,4.247022851972616,0.6425872111887352,0.8662826907513461,4.300669733753787
2020,2021-04-27,2020020768,NYR,BUF,1.0,2.0,2.0,shot_microstats,735,0.5639250828816328,0.4211525538754882,4.266889890031131,0.519374273407261,-0.039911659365514274,4.687133786665762
2020,2021-04-27,2020020770,PIT,BOS,0.0,-2.0,4.0,shot_microstats,735,0.5260637587401287,0.18484906859792533,3.785887697731572,0.44391479673192186,-0.34291733254996476,3.9252228794932202
2020,2021-04-27,2020020772,CHI,TBL,0.0,-3.0,9.0,shot_microstats,735,0.46332554672840004,-0.11562715521885647,4.155883587113049,0.32098202511360474,-1.0361388708197579,4.213113070936685
2020,2021-04-27,2020020773,NSH,FLA,1.0,1.0,7.0,shot_microstats,735,0.4773099747212955,-0.04914752870085076,4.067442875328911,0.471961089302992,-0.07124060072952837,3.760990413480862
2020,2021-04-27,2020020774,DAL,CAR,0.0,-2.0,4.0,shot_microstats,735,0.5131197996855599,0.1464570991567858,4.27560434020682,0.5167517591546785,0.11293799144849814,4.267243093352341
2020,2021-04-28,2020020775,MTL,TOR,0.0,-2.0,4.0,shot_microstats,735,0.51943117696139,0.162665912196941,3.9949047804348443,0.572938251291339,0.45327929151942614,3.5730712571999033
2020,2021-04-28,2020020776,OTT,VAN,1.0,2.0,8.0,shot_microstats,735,0.538873402314769,0.2870858846251445,4.337228529602932,0.4985996277401143,-0.15949634239872018,4.35531688412578
2020,2021-04-28,2020020777,WPG,EDM,1.0,1.0,1.0,shot_microstats,735,0.5037816879391018,0.09718538037135735,4.2615115051723516,0.5273028837922898,0.20589528461272788,4.4339751793876
2020,2021-04-28,2020020778,MIN,STL,1.0,1.0,5.0,shot_microstats,735,0.5612528971484263,0.36590815499535256,3.69101441314633,0.4597997114469978,-0.36776515799244613,3.7048289537434664
2020,2021-04-28,2020020780,LAK,ANA,0.0,-3.0,3.0,shot_microstats,735,0.5288785520356063,0.2275287167840844,4.245898994568533,0.5013435620320846,0.060864672008590914,4.066224609178064
2020,2021-04-28,2020020781,SJS,ARI,1.0,2.0,4.0,shot_microstats,735,0.5317293507057442,0.24307290950965724,4.251664267399945,0.5532713623620384,0.3848386089132592,4.400788151249648
2020,2021-04-29,2020020347,TBL,DAL,1.0,1.0,1.0,shot_microstats,735,0.5156509134127243,0.12871575998994758,3.7453073099956877,0.6035321070790989,0.4872833530527026,4.174329046898295
2020,2021-04-29,2020020762,MIN,STL,1.0,1.0,5.0,shot_microstats,735,0.5625875685714138,0.375650049800177,3.7277567901758717,0.4581796178455197,-0.36514042575909533,3.7127692500868283
2020,2021-04-29,2020020782,BOS,BUF,1.0,1.0,5.0,shot_microstats,735,0.5945586139769051,0.5810554652840292,4.018122465948744,0.7073464076767874,1.0257725257675414,4.078411602649215
2020,2021-04-29,2020020783,NJD,PHI,1.0,1.0,3.0,shot_microstats,735,0.5203690676217219,0.1835209869493159,4.261137100911201,0.6303654070185789,0.8087743220052996,4.335816183682645
2020,2021-04-29,2020020784,NYR,NYI,0.0,-2.0,2.0,shot_microstats,735,0.4796200170819619,-0.03139619919444009,4.176255718440254,0.4220580130708646,-0.4315271389366843,4.0907864187109135
2020,2021-04-29,2020020785,WSH,PIT,0.0,-2.0,6.0,shot_microstats,735,0.5443460472124251,0.2901563099755445,3.9321481917356476,0.5583592165565441,0.05572422917906683,3.8973842179938085
2020,2021-04-29,2020020786,CAR,DET,1.0,2.0,4.0,shot_microstats,735,0.6116915784936129,0.7088375126531127,4.242113492953372,0.6255454538157715,0.8537666617304356,4.344857039641911
2020,2021-04-29,2020020789,EDM,CGY,0.0,-2.0,4.0,shot_microstats,735,0.47900853292542145,-0.043321477901569705,4.015929519803175,0.42105728045988144,-0.22531124290448254,4.036161501468669
2020,2021-04-29,2020020792,TOR,VAN,1.0,4.0,4.0,shot_microstats,735,0.6093337364905648,0.7117616115861158,4.428017894916524,0.5074852540349015,-0.08565742502029827,4.9197621246885275
2020,2021-04-30,2020020791,MTL,WPG,0.0,-1.0,5.0,shot_microstats,735,0.606230608045954,0.6324185711090331,3.783220622107412,0.616571492063951,0.6534846722521673,3.624709070825931
2020,2021-04-30,2020020794,ARI,VGK,1.0,2.0,2.0,shot_microstats,735,0.44323834321411165,-0.21037980436183978,4.308178297197333,0.499161464018755,0.00784445566904704,4.017562056869418
2020,2021-04-30,2020020795,ANA,LAK,0.0,-1.0,3.0,shot_microstats,735,0.5134593881773886,0.14433594435739489,4.210212066973885,0.641742453449213,0.6428760176497652,4.078975089830085
2020,2021-05-01,2020020207,MIN,STL,0.0,-1.0,5.0,shot_microstats,735,0.5619587450946241,0.3726172643327057,3.733938127833078,0.47057952857927504,-0.29519213068589806,3.7252590275381308
2020,2021-05-01,2020020796,BOS,BUF,1.0,4.0,6.0,shot_microstats,735,0.5878826028652945,0.5418465963481965,4.028276521844695,0.7004724401747433,0.9848440301724004,4.070070908490555
2020,2021-05-01,2020020797,NYI,NYR,1.0,3.0,3.0,shot_microstats,735,0.5630677710487728,0.4104241022944424,4.187324851988567,0.5293623018851581,0.36905026590194756,4.530402632929638
2020,2021-05-01,2020020798,PHI,NJD,0.0,-2.0,4.0,shot_microstats,735,0.5205994430888754,0.18319643344018996,4.23598233293899,0.41752764806727855,-0.2936186104270191,3.897111637704412
2020,2021-05-01,2020020799,WSH,PIT,0.0,-3.0,3.0,shot_microstats,735,0.5409041094080637,0.27288495095103826,3.950008526253496,0.5510948980368724,0.033664300444093964,3.9091959100817752
2020,2021-05-01,2020020802,CHI,FLA,0.0,-4.0,6.0,shot_microstats,735,0.4076317431063407,-0.39772751206043644,4.316299701713934,0.3049617065930642,-1.0418036241189672,4.601266470157283
2020,2021-05-01,2020020805,MTL,OTT,0.0,-1.0,3.0,shot_microstats,735,0.5987468523522143,0.590208229174426,3.823683348899514,0.6545490462658768,0.8389200639740925,3.642427742589141
2020,2021-05-01,2020020806,TOR,VAN,1.0,3.0,5.0,shot_microstats,735,0.6159466020889472,0.7547058012165302,4.418207313485039,0.5149486380265621,-0.06390735890328647,4.931456928486132
2020,2021-05-01,2020020808,COL,SJS,1.0,3.0,3.0,shot_microstats,735,0.6363297355328446,0.8554201993051962,4.050744847294123,0.6772563057130542,0.9692004602560573,4.1389091311261375
2020,2021-05-01,2020020809,ARI,VGK,0.0,-1.0,3.0,shot_microstats,735,0.44521908651897407,-0.199098020342662,4.327326561642005,0.5000877170404748,0.013045091482885907,4.038979353615648
2020,2021-05-01,2020020810,ANA,LAK,1.0,3.0,7.0,shot_microstats,735,0.5161544655668466,0.15902495522064594,4.221037176905994,0.6433919327044669,0.6437291188097882,4.088574027608905
2020,2021-05-02,2020020811,DET,TBL,0.0,-1.0,3.0,shot_microstats,735,0.4594773939704102,-0.15732040403527403,3.7576738318369447,0.38391957849219244,-0.6440836616440477,3.2989984094854177
2020,2021-05-03,2020020020,FLA,DAL,1.0,1.0,7.0,shot_microstats,735,0.5577884180278574,0.36352391843448273,3.938737613899781,0.5998996204693028,0.5869484572744295,4.343342359390206
2020,2021-05-03,2020020813,NJD,BOS,0.0,-3.0,3.0,shot_microstats,735,0.5080270268393134,0.10963371229975707,4.097791756713252,0.49614595683061335,0.05024629880613207,3.991389997686921
2020,2021-05-03,2020020814,NYR,WSH,0.0,-3.0,7.0,shot_microstats,735,0.5155216860031241,0.1433767268478381,4.011779445257626,0.3908222066087917,-0.5133091671651501,4.142202395707247
2020,2021-05-03,2020020815,PHI,PIT,1.0,5.0,5.0,shot_microstats,735,0.5391799655492058,0.2610985015847504,3.908404722748946,0.4670162541103535,0.019474350646059513,3.512505354935417
2020,2021-05-03,2020020816,CAR,CHI,1.0,1.0,5.0,shot_microstats,735,0.604129727532439,0.6985173063916508,4.636225064726424,0.605590465383669,0.7008614736273701,4.1951489719539135
2020,2021-05-03,2020020819,MTL,TOR,0.0,-2.0,2.0,shot_microstats,735,0.5227379949505383,0.17912220795842382,3.9821925756826637,0.5556204816881064,0.39176431624178504,3.5437499541738493
2020,2021-05-03,2020020820,OTT,WPG,1.0,1.0,1.0,shot_microstats,735,0.5369199287023199,0.2638346129281886,4.142472999762631,0.5231806278488521,0.12610651956749086,4.224734603963789
2020,2021-05-03,2020020821,MIN,VGK,1.0,1.0,9.0,shot_microstats,735,0.47017708664790825,-0.07813009554358336,4.201962552760785,0.41924039375309097,-0.5034819198816134,4.243785100730435
2020,2021-05-03,2020020822,ARI,LAK,0.0,-1.0,3.0,shot_microstats,735,0.5562488766971336,0.3604938255004702,4.018554243188604,0.6608882710143206,0.7832120802229916,3.947308644477095
2020,2021-05-03,2020020829,VAN,EDM,0.0,-2.0,6.0,shot_microstats,735,0.4711517384478484,-0.05856591324934751,4.4673050579575735,0.7069441157449667,1.1834043280819793,3.9347845911114656
2020,2021-05-04,2020020824,BUF,NYI,1.0,1.0,5.0,shot_microstats,735,0.4320133169040856,-0.2684119279630476,4.31276116725275,0.5712485329083192,0.26703309166372347,3.5643924546163714
2020,2021-05-04,2020020826,PHI,PIT,0.0,-1.0,7.0,shot_microstats,735,0.5427327808807685,0.28202590763895885,3.9401107837678584,0.4711814407223954,0.04722913432435255,3.547894683071479
2020,2021-05-04,2020020827,CAR,CHI,1.0,2.0,6.0,shot_microstats,735,0.6132991097548177,0.7604509077649071,4.641992129003235,0.6217264079827073,0.8265320505077518,4.169542576657776
2020,2021-05-04,2020020844,VAN,EDM,0.0,-1.0,3.0,shot_microstats,735,0.4638420133776041,-0.09302681023164727,4.5200348348882295,0.698647132402081,1.1254729765676932,3.9918267181185745
2020,2021-05-05,2020020033,TBL,DAL,1.0,1.0,5.0,shot_microstats,735,0.5308094911484891,0.205320356444045,3.7141011832615733,0.6098520900917966,0.5189418873115612,4.212768276843661
2020,2021-05-05,2020020564,OTT,MTL,1.0,4.0,6.0,shot_microstats,735,0.47117825969234317,-0.09318499899465371,3.834061088746658,0.4644049607765587,-0.16953608247986662,4.0993774884214575
2020,2021-05-05,2020020830,NYR,WSH,1.0,1.0,3.0,shot_microstats,735,0.5059234680498809,0.09255196191787499,3.9883603153012332,0.3820688405579143,-0.5406977887910301,4.13177162529532
2020,2021-05-05,2020020832,STL,ANA,0.0,-1.0,3.0,shot_microstats,735,0.5509405661840568,0.33599351692464596,4.086644275415643,0.6863939980217082,0.6148301654021717,4.110268346915075
2020,2021-05-05,2020020834,CGY,WPG,0.0,-2.0,2.0,shot_microstats,735,0.605599192847623,0.6301855356255086,3.8025730944084337,0.6297011512254651,0.78783539858464,3.814973833999129
2020,2021-05-05,2020020835,MIN,VGK,1.0,1.0,3.0,shot_microstats,735,0.4745361928741141,-0.05537148056780483,4.2116089093777545,0.42355268518359024,-0.491486665348423,4.224449137839777
2020,2021-05-05,2020020836,ARI,LAK,0.0,-2.0,4.0,shot_microstats,735,0.556426007812033,0.3597449809649416,3.993302084373008,0.6624468306987084,0.7891658297065807,3.923052237072297
2020,2021-05-06,2020020280,CAR,CHI,0.0,-1.0,1.0,shot_microstats,735,0.6076485440604472,0.7220903941861603,4.638855131436782,0.6083358281027111,0.7633462080241522,4.199526647717974
2020,2021-05-06,2020020593,EDM,VAN,0.0,-4.0,8.0,shot_microstats,735,0.5546498100401375,0.3862371200519653,4.504682165491186,0.5117281713921845,-0.03208258311778933,4.517685570739259
2020,2021-05-06,2020020838,BOS,NYR,1.0,3.0,3.0,shot_microstats,735,0.5789341684448558,0.47345490413010244,3.818052886755662,0.6691808597384754,0.9960435326068231,4.000171743377868
2020,2021-05-06,2020020839,NYI,NJD,0.0,-1.0,3.0,shot_microstats,735,0.5585788122150386,0.4036592224901434,4.439553743870638,0.4242322954272736,-0.3578404827580396,4.477524901520789
2020,2021-05-06,2020020842,PIT,BUF,1.0,4.0,10.0,shot_microstats,735,0.5684983648685947,0.4476062402371356,4.270792843616078,0.6281294741303812,0.5553717386378539,4.47600638066477
2020,2021-05-06,2020020847,TOR,MTL,1.0,2.0,6.0,shot_microstats,735,0.5421632044957266,0.28152186735109574,3.98007777738615,0.4828217634850775,-0.13114134314300058,4.666958526170103
2020,2021-05-07,2020020048,TBL,DAL,0.0,-4.0,6.0,shot_microstats,735,0.5340726512060097,0.22034075305231055,3.6802114114541573,0.6144914419772157,0.5147167492564045,4.228354698775174
2020,2021-05-07,2020020845,CBJ,DET,1.0,1.0,3.0,shot_microstats,735,0.5334951382531096,0.2320645564886491,3.925259562570979,0.6864918507239877,1.022570237160189,3.6183201326764336
2020,2021-05-07,2020020851,VGK,STL,1.0,1.0,5.0,shot_microstats,735,0.5913433693901594,0.5845723130741464,4.288253461157504,0.5926100879640537,0.5971523810347868,4.224468237311835
2020,2021-05-07,2020020853,SJS,ARI,0.0,-1.0,5.0,shot_microstats,735,0.533869469267289,0.25390770599223444,4.242243168552935,0.5505323317650082,0.31429340673759926,4.418267778569089
2020,2021-05-08,2020020854,BOS,NYR,0.0,-2.0,8.0,shot_microstats,735,0.5855409043274662,0.5109195491756902,3.809803996506812,0.673779324208233,0.9966149712529213,4.017887149335434
2020,2021-05-08,2020020855,NYI,NJD,1.0,3.0,5.0,shot_microstats,735,0.5605954141379469,0.4132585473337589,4.414520639260271,0.42411681076372476,-0.3516730843103259,4.45428749959773
2020,2021-05-08,2020020856,WSH,PHI,0.0,-1.0,1.0,shot_microstats,735,0.5399067647441612,0.2637758667228989,3.8894266497163925,0.5982419925124192,0.36878975961380056,4.220843661166757
2020,2021-05-08,2020020857,FLA,TBL,1.0,3.0,5.0,shot_microstats,735,0.5680612731048754,0.4261712190550132,4.016243832051567,0.4993879703862876,0.09316706312510292,3.899329447359634
2020,2021-05-08,2020020858,PIT,BUF,1.0,1.0,1.0,shot_microstats,735,0.5731061717082775,0.47542800155187304,4.285605999632674,0.6372269970064378,0.6166843534892051,4.473519928997056
2020,2021-05-08,2020020861,NSH,CAR,1.0,2.0,2.0,shot_microstats,735,0.46761931349529345,-0.08134943587455779,4.381250362499319,0.5104463067011511,0.08773342750148716,4.28804630900422
2020,2021-05-08,2020020862,TOR,MTL,1.0,1.0,5.0,shot_microstats,735,0.5460160572262767,0.3048114725146725,4.019999916090076,0.4867121987803746,-0.09346212535817311,4.673695699124803
2020,2021-05-08,2020020863,WPG,OTT,0.0,-1.0,5.0,shot_microstats,735,0.5120704135973445,0.12957204671677577,4.081458299787201,0.5753939339972555,0.4741625641839502,4.163807775425723
2020,2021-05-08,2020020866,VGK,STL,1.0,1.0,1.0,shot_microstats,735,0.5914812864117602,0.5849598659012002,4.283003799690854,0.5875799361539302,0.5630828079860669,4.207514687375629
2020,2021-05-08,2020020868,SJS,ARI,1.0,1.0,5.0,shot_microstats,735,0.527727070704554,0.2211122261865669,4.241038109867929,0.5333775541818705,0.23139121216307085,4.400304339869914
2020,2021-05-09,2020020720,CGY,OTT,1.0,4.0,6.0,shot_microstats,735,0.5930080076862347,0.5579879296456624,3.8503049869738235,0.6707106202686389,1.0100686576770217,3.84673706987617
2020,2021-05-09,2020020843,CHI,DAL,1.0,1.0,5.0,shot_microstats,735,0.4348555625603373,-0.26803017906505255,4.058329589881465,0.38819559866334663,-0.6080667804016566,4.6690346408521615
2020,2021-05-10,2020020231,PHI,NJD,1.0,1.0,5.0,shot_microstats,735,0.5381577244089034,0.27738825088897834,4.249092382784662,0.4448554271957135,-0.19479982830840525,3.9844136271658956
2020,2021-05-10,2020020602,WPG,VAN,0.0,-2.0,4.0,shot_microstats,735,0.5429195028932161,0.30455202337206827,4.269676472346987,0.5457095988821955,0.1748307943323094,4.2982471021627315
2020,2021-05-10,2020020764,VGK,COL,0.0,-1.0,3.0,shot_microstats,735,0.46125263555854956,-0.12579381871492612,4.163723569572759,0.446887974225471,-0.0012086533376592934,4.159148818906754
2020,2021-05-10,2020020841,FLA,TBL,1.0,3.0,3.0,shot_microstats,735,0.5670289333966014,0.41999158166415074,4.011283950278847,0.5058262626802381,0.12970013462948526,3.923228847838047
2020,2021-05-10,2020020846,NSH,CAR,1.0,1.0,1.0,shot_microstats,735,0.4703443803258528,-0.07030452712971569,4.329043412905009,0.5116484377942049,0.10442800640300653,4.287453541678346
2020,2021-05-10,2020020860,CHI,DAL,1.0,1.0,7.0,shot_microstats,735,0.42461779895841734,-0.3204471881722899,4.085294367528702,0.37406334405828207,-0.6719096506869123,4.686741063905542
2020,2021-05-11,2020020619,WPG,VAN,1.0,5.0,5.0,shot_microstats,735,0.5482967758836349,0.3353257754049709,4.2892391533410645,0.558726703613753,0.2361330700837434,4.323552458263446
2020,2021-05-11,2020020653,WSH,BOS,1.0,1.0,3.0,shot_microstats,735,0.518461348493001,0.14211814808249462,3.726777429250507,0.455634752569889,-0.3804342399400074,3.7993915654396417
2020,2021-05-12,2020020162,SJS,VGK,0.0,-6.0,6.0,shot_microstats,735,0.4414211806545825,-0.19745924742493381,4.713055846501023,0.4079633033663272,-0.30930837349488277,4.763004805845298
2020,2021-05-12,2020020526,MTL,EDM,1.0,1.0,3.0,shot_microstats,735,0.5717104730756459,0.4455664692002937,3.9986397797072764,0.6015601625854339,0.5764832719963616,3.8349572044759372
2020,2021-05-12,2020020688,COL,LAK,1.0,5.0,5.0,shot_microstats,735,0.6848847980509813,1.1883592339510323,3.74094605498311,0.7233356611664642,1.3027991717710896,4.177835687145865
2020,2021-05-12,2020020790,STL,MIN,1.0,3.0,3.0,shot_microstats,735,0.503965705263892,0.0662361501018276,3.697572803038981,0.6533276058449978,0.6316844243627959,3.9661219458705887
2020,2021-05-12,2020020833,OTT,TOR,0.0,-1.0,3.0,shot_microstats,735,0.4368019686458268,-0.24607602642184623,4.266220334052751,0.43748621598850074,-0.24293577917622866,4.045269826086497
2020,2021-05-13,2020020647,CGY,VAN,1.0,2.0,4.0,shot_microstats,735,0.6321300875411043,0.8227308599615677,4.017215464265281,0.6533097153098272,0.7946516356343143,3.9989401307750705
2020,2021-05-13,2020020704,COL,LAK,1.0,3.0,5.0,shot_microstats,735,0.693817026563967,1.2623055147929398,3.723798188236433,0.7287763109905055,1.375467646233376,4.195962044505677
2020,2021-05-13,2020020803,STL,MIN,1.0,1.0,7.0,shot_microstats,735,0.5007001854154731,0.05085115145588093,3.720344150658545,0.6492376867939095,0.598836413340627,3.982109863540226
2020,2021-05-14,2020020741,WPG,TOR,1.0,1.0,5.0,shot_microstats,735,0.4342250279414206,-0.262673508378498,4.210064093926351,0.48134069412358005,0.06587152283566441,4.028170483208929
2020,2021-05-15,2020020673,EDM,VAN,0.0,-2.0,4.0,shot_microstats,735,0.5630785805771472,0.43227786786533695,4.477153137274958,0.531442790493405,0.062311972799477755,4.450563989601657
2020,2021-05-16,2020020567,VAN,CGY,0.0,-3.0,7.0,shot_microstats,735,0.4226041792277244,-0.33483462993755686,4.023481329841286,0.5736946711497378,0.4979928870053437,3.6687894032564126
2020,2021-05-18,2020020864,VAN,CGY,1.0,2.0,4.0,shot_microstats,735,0.4232220358738904,-0.3320041310147161,4.015661521215461,0.5721961377028696,0.4737880851478846,3.7017234224819813
2020,2021-05-19,2020020634,CGY,VAN,1.0,5.0,7.0,shot_microstats,735,0.6314572516309469,0.8173635898205472,4.0100012014185005,0.6465554932333423,0.7692025632586624,3.9683603002935217
2021,2021-11-05,2021020159,VAN,NSH,1.0,1.0,3.0,shot_microstats,1289,0.516860527016854,0.1309739103555413,3.8397180251986445,0.5030015818531849,-0.08881247411170959,3.502165271732744
2021,2021-11-05,2021020160,ANA,ARI,1.0,1.0,3.0,shot_microstats,1289,0.5665344638820144,0.39867598876264976,3.9077019671617306,0.7529539923375583,1.1009956061534316,4.373737647757777
2021,2021-11-06,2021020162,BUF,DET,0.0,-1.0,5.0,shot_microstats,1289,0.5170857894754793,0.1037975284767941,4.169727181830107,0.5947027763780981,0.2345569233355867,4.116770924703547
2021,2021-11-06,2021020171,CGY,NYR,1.0,5.0,5.0,shot_microstats,1289,0.6292251086273442,0.7852016905516468,4.006439887359116,0.7187756949885624,1.0063272400384902,4.01565454231167
2021,2021-11-06,2021020172,ARI,SEA,1.0,2.0,6.0,shot_microstats,1289,0.551394281173276,0.3174728068037387,3.851471776218416,0.43784599285907494,-0.19921140364972859,2.755892090645856
2021,2021-11-07,2021020177,VAN,DAL,1.0,1.0,3.0,shot_microstats,1289,0.500525457027118,0.049393248597424,3.7887277915203774,0.5386526017826634,0.05564624181549019,3.6860937292578417
2021,2021-11-08,2021020179,TOR,LAK,0.0,-4.0,4.0,shot_microstats,1289,0.5112333116349403,0.06593104489409929,4.254242698716351,0.6078130941431478,0.5339535217084757,4.899413111571218
2021,2021-11-08,2021020180,NYR,FLA,0.0,-2.0,2.0,shot_microstats,1289,0.4274577696447268,-0.36577537061034837,4.0119419801030896,0.3972380351269658,-0.5925085145613155,4.264898530098745
2021,2021-11-08,2021020181,WSH,BUF,1.0,1.0,7.0,shot_microstats,1289,0.6204080799848251,0.7286227749606686,4.05286873543621,0.7113926330608563,0.8886716137203539,4.176418196427779
2021,2021-11-09,2021020183,MTL,LAK,1.0,1.0,3.0,shot_microstats,1289,0.5359747856244783,0.22776730271535975,3.909247335222027,0.47990148119360765,-0.022985072120214223,4.125432525320434
2021,2021-11-09,2021020184,DET,EDM,1.0,1.0,5.0,shot_microstats,1289,0.5116299027657396,0.0664463865510524,4.2873443938412565,0.5814230497030313,0.27217454181139655,4.318679739880531
2021,2021-11-09,2021020185,TBL,CAR,1.0,1.0,1.0,shot_microstats,1289,0.5368822641060432,0.21915380801809553,4.10136396975067,0.5388868206118472,0.4378960864853865,4.567371149050248
2021,2021-11-09,2021020186,NJD,FLA,1.0,1.0,7.0,shot_microstats,1289,0.44395550101978104,-0.29704559824235377,4.201160384857628,0.33087108528217707,-0.7051397757231517,4.087058900745101
2021,2021-11-09,2021020188,WPG,STL,1.0,1.0,3.0,shot_microstats,1289,0.46366441530703717,-0.19531868300019223,4.246801672940704,0.4305316698906345,-0.47238343567438734,4.20454039150155
2021,2021-11-09,2021020189,CGY,SJS,0.0,-1.0,3.0,shot_microstats,1289,0.626602790849216,0.7673280704020833,4.001107088212814,0.6803313460651704,0.9130200075247515,3.957571675287841
2021,2021-11-09,2021020191,VGK,SEA,1.0,2.0,4.0,shot_microstats,1289,0.4694144987795894,-0.15538680038115793,4.15616603715903,0.5325411325257716,0.0319686071856112,3.9049172428233465
2021,2021-11-10,2021020192,PHI,TOR,0.0,-2.0,2.0,shot_microstats,1289,0.41534517618167305,-0.46872870298735636,4.3539118015388505,0.3877610641117946,-0.6891363603294818,3.524476581829513
2021,2021-11-10,2021020193,DAL,NSH,0.0,-2.0,4.0,shot_microstats,1289,0.5882737424684856,0.5258525735327553,3.895081309604585,0.5819435122132726,0.17645299320288999,3.9641188047117595
2021,2021-11-11,2021020195,BOS,EDM,0.0,-2.0,8.0,shot_microstats,1289,0.6689670134382611,1.0797497062356127,4.0788497174132905,0.6683235495452682,1.2107607670203877,4.355195572209864
2021,2021-11-11,2021020196,MTL,CGY,0.0,-1.0,3.0,shot_microstats,1289,0.4720545108385227,-0.12048173763643821,3.959193406620376,0.37506731897014006,-0.6302019640745145,3.997786506628055
2021,2021-11-11,2021020197,OTT,LAK,0.0,-1.0,1.0,shot_microstats,1289,0.49215128048372797,-0.033892002051202796,4.17257323058142,0.48159716668019,-0.09403130172152008,4.301413544273478
2021,2021-11-11,2021020198,DET,WSH,0.0,-2.0,2.0,shot_microstats,1289,0.45636601780839847,-0.2157109556119634,4.064817665587162,0.5322283886348009,-0.006509099264108281,4.238198121702389
2021,2021-11-11,2021020199,NJD,NYI,1.0,2.0,2.0,shot_microstats,1289,0.5135047696518943,0.08026100317377283,4.226827549299499,0.5656397375167435,0.3877578569793545,4.316869908049923
2021,2021-11-11,2021020202,WPG,SJS,1.0,2.0,4.0,shot_microstats,1289,0.5510964549499301,0.30157918702630404,4.075410938003704,0.5254889609545205,0.15146368612742708,4.382611880947245
2021,2021-11-11,2021020203,COL,VAN,1.0,3.0,5.0,shot_microstats,1289,0.646728436297731,0.8959367643327918,3.8475348292232123,0.613825482906349,0.6752983417672731,4.114125477279372
2021,2021-11-11,2021020204,VGK,MIN,1.0,1.0,5.0,shot_microstats,1289,0.37866942058418007,-0.6482764979087938,4.108601662815104,0.4903339873217728,-0.146948285310561,4.30219294438649
2021,2021-11-11,2021020205,SEA,ANA,0.0,-1.0,7.0,shot_microstats,1289,0.5294631198577121,0.18859015987674613,3.9506711974104523,0.4901072385999989,0.02316678177528278,4.255753809902585
2021,2021-11-12,2021020206,BUF,EDM,1.0,3.0,3.0,shot_microstats,1289,0.5221456983555578,0.12766786587559675,4.257970867288096,0.5954141370101538,0.2887560521359114,3.826341077742312
2021,2021-11-12,2021020208,CAR,PHI,0.0,-1.0,3.0,shot_microstats,1289,0.5558010227923528,0.32552391783191537,4.209658591328787,0.6370000834237846,0.7651933331734561,3.925819956521796
2021,2021-11-12,2021020209,CBJ,WSH,0.0,-1.0,7.0,shot_microstats,1289,0.44178246357327855,-0.2887675376190153,4.017278794607129,0.45553377143960855,-0.34432688481438556,4.482422242366443
2021,2021-11-13,2021020212,OTT,PIT,1.0,1.0,5.0,shot_microstats,1289,0.40365804822731266,-0.5133032180022985,4.172541011757241,0.28803745448177814,-1.0174734261865013,3.7897251930541165
2021,2021-11-13,2021020214,TBL,FLA,0.0,-1.0,3.0,shot_microstats,1289,0.45778210586569246,-0.2081065239781501,4.064565730930603,0.35110666025056386,-0.5842978359236993,4.602051204613732
2021,2021-11-13,2021020215,NJD,BOS,0.0,-1.0,5.0,shot_microstats,1289,0.485630837405065,-0.04919464383233052,3.968750832758363,0.4547345313390939,-0.06935425084682803,3.6702543893069013
2021,2021-11-13,2021020216,CAR,STL,1.0,1.0,3.0,shot_microstats,1289,0.5423749018494594,0.2450956736682368,4.260559902246476,0.5673523670346364,0.29716411732662684,3.504983017670702
2021,2021-11-13,2021020217,CBJ,NYR,0.0,-2.0,6.0,shot_microstats,1289,0.567804020953298,0.3982409063896364,4.1311854728888155,0.5534642977396864,0.05488180460109898,4.487107419115369
2021,2021-11-13,2021020218,NSH,ARI,1.0,3.0,3.0,shot_microstats,1289,0.5975615823758682,0.582726396873892,3.8517100859496844,0.7689885919580579,1.2296874618879863,4.657659090892813
2021,2021-11-13,2021020219,DAL,PHI,1.0,2.0,4.0,shot_microstats,1289,0.5616238234104685,0.3635365906196065,4.051642738597673,0.5378377572544122,0.200845061388078,4.374595296496659
2021,2021-11-13,2021020220,WPG,LAK,0.0,-1.0,3.0,shot_microstats,1289,0.5227303914421566,0.13161547913237326,4.243980258962022,0.5957686927553467,0.4898386721101368,4.437185173118531
2021,2021-11-13,2021020221,COL,SJS,1.0,2.0,4.0,shot_microstats,1289,0.6508490030824684,0.9280053728621489,3.913253701978568,0.5925396464519511,0.5236837949423281,4.219521782848615
2021,2021-11-13,2021020223,SEA,MIN,0.0,-3.0,3.0,shot_microstats,1289,0.485516318969516,-0.03213877429905576,3.8056447508179225,0.46679175034784376,0.00905385498474559,4.117558898032847
2021,2021-11-14,2021020224,BOS,MTL,1.0,1.0,5.0,shot_microstats,1289,0.6439078428578117,0.8745001831531524,3.757593566115026,0.6686411459431084,1.0239355648789172,4.1556487648775855
2021,2021-11-14,2021020225,OTT,CGY,0.0,-3.0,3.0,shot_microstats,1289,0.4322692859413154,-0.35415562212827556,4.146434025392348,0.40782775096802165,-0.5439574331651746,4.132571599233518
2021,2021-11-14,2021020226,NYR,NJD,1.0,1.0,5.0,shot_microstats,1289,0.43066264931557663,-0.3641780341244574,4.158632286203033,0.48920699538340223,-0.23187742143904716,4.2697515776004975
2021,2021-11-14,2021020227,WSH,PIT,1.0,3.0,5.0,shot_microstats,1289,0.5093927019403524,0.07652788398122834,3.9845528039032456,0.45489502886710526,-0.17975185113970543,3.418718382989316
2021,2021-11-14,2021020228,STL,EDM,0.0,-1.0,7.0,shot_microstats,1289,0.5131902616041482,0.07364162186467871,4.325676942344731,0.6255221484879921,0.5308692983383622,4.369297201408741
2021,2021-11-14,2021020229,ANA,VAN,1.0,1.0,3.0,shot_microstats,1289,0.562102031845778,0.3695760746244948,3.9760355410055723,0.5823312869372691,0.4472654482983375,3.8517785282310246
2021,2021-11-15,2021020230,TBL,NYI,1.0,2.0,4.0,shot_microstats,1289,0.5606573621465858,0.35679334921068595,4.084399520694626,0.5894323538278226,0.5234464284187632,4.946818487321882
2021,2021-11-15,2021020231,CBJ,DET,1.0,1.0,7.0,shot_microstats,1289,0.47106480609023726,-0.15756956987077245,4.273514276750063,0.5054259180384808,-0.11600473336091321,4.834031955759622
2021,2021-11-16,2021020232,TOR,NSH,1.0,1.0,1.0,shot_microstats,1289,0.5595632384612489,0.34836312947624526,4.176348123095942,0.6398553577628041,0.4176266974833617,4.424643686476139
2021,2021-11-16,2021020233,FLA,NYI,1.0,5.0,7.0,shot_microstats,1289,0.6071078615792901,0.654541396006866,4.271186552579164,0.7676184074752881,1.3740069923983411,4.13395464126167
2021,2021-11-16,2021020235,NYR,MTL,1.0,1.0,5.0,shot_microstats,1289,0.515095361008869,0.11918412048999982,3.862580862060678,0.6386354367964266,0.5100822295023604,4.035975550916332
2021,2021-11-16,2021020237,PIT,BUF,0.0,-2.0,2.0,shot_microstats,1289,0.6047753037848158,0.628212573060305,4.102302291881844,0.6381287990655686,0.6189178799480058,4.745403256683554
2021,2021-11-16,2021020239,DAL,DET,1.0,3.0,5.0,shot_microstats,1289,0.5659658349450075,0.3880975374539837,4.083609114643366,0.6452611742025577,0.4975642867276377,4.280174851555248
2021,2021-11-16,2021020240,MIN,SJS,0.0,-2.0,4.0,shot_microstats,1289,0.6387054360483206,0.8443062893470701,3.909764513169581,0.5458159034346536,0.3830885719104328,4.06428593866648
2021,2021-11-16,2021020241,WPG,EDM,1.0,3.0,3.0,shot_microstats,1289,0.5319927140558538,0.18242914134691457,4.3586183251203385,0.6266867595020191,0.6130531649830862,4.365901291665549
2021,2021-11-16,2021020242,VGK,CAR,0.0,-1.0,5.0,shot_microstats,1289,0.40284820907802776,-0.5294584049581623,4.281350559317448,0.4925550432088116,0.042650065068117804,4.420764382090482
2021,2021-11-17,2021020244,VAN,COL,1.0,2.0,2.0,shot_microstats,1289,0.4868856135010334,-0.02698062896943454,3.8250068668439328,0.495143476413348,-0.12839510497953882,3.5482527821846057
2021,2021-11-17,2021020245,LAK,WSH,0.0,-1.0,1.0,shot_microstats,1289,0.46572648138174155,-0.15288054209856528,3.9470890489439228,0.5068885583847139,-0.06529898138286433,4.317507896430991
2021,2021-11-17,2021020246,SEA,CHI,0.0,-3.0,3.0,shot_microstats,1289,0.6221374596758735,0.7344480015311627,3.8606459197654805,0.5645824102709711,0.5534242550601126,4.0706840472184265
2021,2021-11-18,2021020247,BUF,CGY,0.0,-4.0,4.0,shot_microstats,1289,0.460396874618664,-0.1848162346104365,3.9790861639416972,0.42303947428021155,-0.5427850730842785,3.6248457697079455
2021,2021-11-18,2021020249,MTL,PIT,0.0,-5.0,5.0,shot_microstats,1289,0.45647021585137004,-0.20097902982108207,3.9347812630059766,0.33452782845791457,-0.7104796206564944,3.7665871656800407
2021,2021-11-18,2021020251,FLA,NJD,1.0,3.0,5.0,shot_microstats,1289,0.6049636209366285,0.6530631197576424,4.396434757114036,0.7295566305035915,1.1820794313256007,4.094022915260178
2021,2021-11-18,2021020253,STL,SJS,1.0,2.0,4.0,shot_microstats,1289,0.5574993645219233,0.33817756991936243,4.0887341624508275,0.5674778434765981,0.27708199366405034,4.402603385503407
2021,2021-11-18,2021020254,MIN,DAL,1.0,6.0,8.0,shot_microstats,1289,0.5790300036902494,0.47420540572384456,3.8413555023830224,0.5683728260454398,0.30734053178515874,3.984381082418013
2021,2021-11-18,2021020256,ARI,CBJ,1.0,2.0,6.0,shot_microstats,1289,0.509180088645137,0.07788669754921151,3.958415870045202,0.35424427360083893,-0.6467502113016123,3.100436853458857
2021,2021-11-18,2021020257,VGK,DET,1.0,3.0,7.0,shot_microstats,1289,0.4076763281027836,-0.5111653413590416,4.357342108508414,0.5585567551327514,0.05777284369660776,4.47841068615366
2021,2021-11-18,2021020258,ANA,CAR,0.0,-1.0,3.0,shot_microstats,1289,0.4846465253481031,-0.06721577376893817,4.093249324629863,0.5516432328745903,0.36872722805494507,3.920798768422399
2021,2021-11-19,2021020260,SEA,COL,0.0,-3.0,5.0,shot_microstats,1289,0.5272096781489206,0.19312711925740145,3.7743434488153316,0.4497582078496983,-0.18744125543118606,3.8926061803820913
2021,2021-11-20,2021020261,TOR,PIT,0.0,-2.0,2.0,shot_microstats,1289,0.46481614632524004,-0.19447731875905158,4.305483729398442,0.475441417960513,-0.12449924804540362,4.3422580004148355
2021,2021-11-20,2021020262,MTL,NSH,1.0,4.0,4.0,shot_microstats,1289,0.5465884452473393,0.2922376601152702,3.8363468897520185,0.5031581361453155,-0.14174400845430157,3.7596792727822876
2021,2021-11-20,2021020264,TBL,NJD,0.0,-2.0,6.0,shot_microstats,1289,0.5607794333225964,0.35543136474487014,4.21041940020571,0.5351260897198853,0.2567479433742513,4.737664159791162
2021,2021-11-20,2021020265,FLA,MIN,1.0,3.0,5.0,shot_microstats,1289,0.612685247608848,0.6785245515334368,4.072338520025857,0.758402893086572,1.3467716566085826,3.8441864018562484
2021,2021-11-20,2021020267,PHI,BOS,0.0,-3.0,5.0,shot_microstats,1289,0.4600275732762106,-0.1871902886526977,3.982762820352412,0.3936133732791372,-0.3912780960702339,3.780569223277424
2021,2021-11-20,2021020271,VGK,CBJ,1.0,1.0,3.0,shot_microstats,1289,0.4038220307723401,-0.5352655697102772,4.3838222390663635,0.41039723560335134,-0.4836896526014735,4.24475327010276
2021,2021-11-20,2021020272,LAK,CAR,0.0,-2.0,8.0,shot_microstats,1289,0.4853409697645796,-0.06247158993539159,4.082981817105815,0.4959884835847001,0.12401056073158839,4.384891230014826
2021,2021-11-20,2021020273,SJS,WSH,0.0,-2.0,2.0,shot_microstats,1289,0.45297249515869115,-0.21231831881552354,3.865346349217981,0.4733820622139542,-0.26620895720612026,3.8083767005659803
2021,2021-11-21,2021020274,BOS,CGY,0.0,-3.0,3.0,shot_microstats,1289,0.5577040480713109,0.3490712848582874,3.9000535791344686,0.5104533555668109,0.12210597394701006,4.008021292149936
2021,2021-11-21,2021020275,TBL,MIN,1.0,2.0,4.0,shot_microstats,1289,0.5470615500067116,0.2919111187769003,3.871267423433909,0.592154409092241,0.5234946952436089,4.507953047582537
2021,2021-11-21,2021020276,NYI,TOR,0.0,-2.0,2.0,shot_microstats,1289,0.43912953872038984,-0.33364310661280316,4.30118129678747,0.3523099110174287,-0.8143586151233604,3.6216741714343725
2021,2021-11-21,2021020278,VAN,CHI,0.0,-1.0,1.0,shot_microstats,1289,0.6111835952941481,0.665349028870781,3.896436953876262,0.5831282585598418,0.48652935510124296,3.664564061428257
2021,2021-11-22,2021020281,BUF,CBJ,0.0,-2.0,6.0,shot_microstats,1289,0.49648293612638345,-0.005569526967304672,4.117884111982602,0.3986355342350301,-0.5492483850444494,3.5917671463837433
2021,2021-11-22,2021020282,STL,VGK,1.0,2.0,6.0,shot_microstats,1289,0.5286308109106418,0.16222162393609896,4.39349132138178,0.6294230987030082,0.5193666001475333,4.557513506265887
2021,2021-11-22,2021020284,WPG,PIT,0.0,-1.0,3.0,shot_microstats,1289,0.44246795130148825,-0.30250844451696746,4.177395288623726,0.4016817495013311,-0.3902921874343597,4.041306289987414
2021,2021-11-22,2021020285,COL,OTT,1.0,2.0,8.0,shot_microstats,1289,0.5921802937345712,0.5472190512028924,4.003084929064607,0.732118947195868,1.0426863532105102,4.2208149677688365
2021,2021-11-23,2021020287,TBL,PHI,1.0,3.0,3.0,shot_microstats,1289,0.598779172048549,0.589495698321145,4.096821324146871,0.5730156754703815,0.5319435460542626,4.730021957773122
2021,2021-11-23,2021020288,DAL,EDM,1.0,1.0,3.0,shot_microstats,1289,0.6143944376980305,0.6909832416756594,4.096603136295708,0.6775733744582724,0.7735305157180534,3.9741150722702354
2021,2021-11-23,2021020289,CGY,CHI,1.0,1.0,5.0,shot_microstats,1289,0.6852783184778793,1.1967883451858579,4.004095783111284,0.7072493782523742,1.2403358366191806,3.782866353319039
2021,2021-11-24,2021020290,BUF,BOS,0.0,-2.0,4.0,shot_microstats,1289,0.468716307277099,-0.12192012716905687,3.8086379442118434,0.37743738432778784,-0.5682144229066344,3.381070546935399
2021,2021-11-24,2021020291,DET,STL,1.0,2.0,4.0,shot_microstats,1289,0.4899231631925998,-0.054712122242092154,4.2815707414601185,0.42683729463951436,-0.4924201085718611,4.083180617658428
2021,2021-11-24,2021020292,FLA,PHI,0.0,-1.0,1.0,shot_microstats,1289,0.6500515072658269,0.9867746694235944,4.385272947943196,0.7523169934011494,1.4841116800717367,4.184157441019304
2021,2021-11-24,2021020294,NYI,NYR,0.0,-2.0,4.0,shot_microstats,1289,0.5483120004172167,0.28221954961149376,4.162375931163452,0.5320370034968605,0.12392365990133908,4.077791978207879
2021,2021-11-24,2021020295,PIT,VAN,1.0,1.0,3.0,shot_microstats,1289,0.6345514959726227,0.8245421438002947,4.051332404331574,0.5609753963792402,0.5559006266589406,4.33224011740722
2021,2021-11-24,2021020296,WSH,MTL,1.0,2.0,8.0,shot_microstats,1289,0.6283390399701675,0.7751492740408876,3.902706169773003,0.7244601217657946,1.1320444788874897,4.060125695767751
2021,2021-11-24,2021020297,CBJ,WPG,1.0,1.0,1.0,shot_microstats,1289,0.4382595095749475,-0.33585695161988394,4.277116198009984,0.33358105725118226,-0.8869634903506157,4.171445787443055
2021,2021-11-24,2021020298,NSH,VGK,0.0,-2.0,4.0,shot_microstats,1289,0.5543895563374162,0.3172207143510152,4.199579458557986,0.6095461109171768,0.42253430685373683,4.3474847774878675
2021,2021-11-24,2021020299,COL,ANA,1.0,4.0,4.0,shot_microstats,1289,0.5902262191681369,0.5363022237152316,3.93717927565499,0.6271100737999744,0.586603745443542,3.9893446666395556
2021,2021-11-24,2021020300,ARI,EDM,1.0,1.0,5.0,shot_microstats,1289,0.5341724188839747,0.2122851830544585,3.977573742260377,0.48711172340608133,-0.08892241714053428,3.2401854787151305
2021,2021-11-24,2021020301,LAK,TOR,0.0,-5.0,5.0,shot_microstats,1289,0.4012461792055208,-0.5374382398942645,4.2733658845364,0.38812145583363455,-0.6946108486587768,4.124701430075492
2021,2021-11-24,2021020302,SJS,OTT,1.0,1.0,5.0,shot_microstats,1289,0.5493390495841067,0.2947867486120328,4.011741645831759,0.6605378966889394,0.5814385194706485,3.970238442169921
2021,2021-11-26,2021020304,BOS,NYR,0.0,-2.0,6.0,shot_microstats,1289,0.6364348757858235,0.8287860422348379,3.9038032829888496,0.6709095462850139,0.9102252000931284,4.265022519024395
2021,2021-11-26,2021020305,BUF,MTL,1.0,2.0,4.0,shot_microstats,1289,0.5313503652341997,0.2020727178797499,3.913996039564987,0.5819313043724058,0.26638806631433487,3.6737074139091774
2021,2021-11-26,2021020306,TBL,SEA,1.0,3.0,3.0,shot_microstats,1289,0.636108198943728,0.8259967935618839,3.8875079242271804,0.6668140284878055,0.9057710038329687,4.249558536793145
2021,2021-11-26,2021020307,NYI,PIT,0.0,-1.0,1.0,shot_microstats,1289,0.4327676980933223,-0.34892044708215275,4.123166505727843,0.2883751277209925,-0.9359448898881972,3.820716044056461
2021,2021-11-26,2021020308,PHI,CAR,0.0,-3.0,7.0,shot_microstats,1289,0.44351749079910713,-0.2945475163801532,4.156027797120716,0.43286578641789997,-0.14250758708461098,4.186024862042042
2021,2021-11-26,2021020309,WSH,FLA,0.0,-1.0,5.0,shot_microstats,1289,0.4326574178364478,-0.347166749105851,4.101612492005859,0.3785541195549281,-0.5900020533536036,4.136829004685447
2021,2021-11-26,2021020311,CHI,STL,1.0,1.0,3.0,shot_microstats,1289,0.4399105772514094,-0.3049264976583914,4.073172489952454,0.3553681200299398,-0.8092417556952384,4.221103185989031
2021,2021-11-26,2021020313,DAL,COL,1.0,2.0,2.0,shot_microstats,1289,0.5737457884350264,0.45073418648070146,3.7424028222127026,0.6206729977727552,0.4786878411418853,3.5762246290093613
2021,2021-11-26,2021020314,MIN,WPG,1.0,6.0,6.0,shot_microstats,1289,0.5478820223241834,0.28472525283266636,4.043764759478361,0.36986082070741966,-0.4955628210974391,3.637640658310365
2021,2021-11-26,2021020315,ANA,OTT,1.0,3.0,3.0,shot_microstats,1289,0.5623563718604151,0.36594402878311416,4.117969042465725,0.7256412664045155,0.9612422543051178,4.138161929721354
2021,2021-11-26,2021020316,SJS,TOR,0.0,-2.0,4.0,shot_microstats,1289,0.40649341864922367,-0.4964101263215015,4.161009694578412,0.38851418746294136,-0.7388753816814259,3.5245750940169134
2021,2021-11-27,2021020317,DET,BUF,1.0,1.0,3.0,shot_microstats,1289,0.5364391983920556,0.2147461143284798,4.137643244140516,0.5754257706662025,0.1371116824123302,4.641338438714897
2021,2021-11-27,2021020318,FLA,SEA,0.0,-1.0,3.0,shot_microstats,1289,0.6817693525625833,1.1893128553568961,4.121893805445288,0.8064055751750203,1.7680753767004311,3.747669811832335
2021,2021-11-27,2021020319,PIT,MTL,0.0,-3.0,3.0,shot_microstats,1289,0.6425912321755403,0.8841884493560914,4.085650901091047,0.697624173775665,1.1500660936896088,4.5995486395505045
2021,2021-11-27,2021020320,STL,CBJ,1.0,5.0,7.0,shot_microstats,1289,0.5257122761280234,0.14679827990239336,4.296450814635673,0.5005937353374739,-0.05351747731759632,4.450553373432384
2021,2021-11-27,2021020321,COL,NSH,1.0,2.0,6.0,shot_microstats,1289,0.6378253506779215,0.8361796686799934,3.8480008211967465,0.6817549765514823,0.8117959290414573,3.7208549883151796
2021,2021-11-27,2021020322,CGY,WPG,0.0,-2.0,4.0,shot_microstats,1289,0.5584365890110712,0.3413033487623449,4.213329449664436,0.5265018752088073,0.13321998653882106,3.6503698370153614
2021,2021-11-27,2021020323,ARI,DAL,0.0,-1.0,5.0,shot_microstats,1289,0.4668614989581852,-0.1223921788184823,3.717700104008615,0.4306968070508528,-0.42452438338715637,3.113082631099091
2021,2021-11-27,2021020324,VGK,EDM,0.0,-1.0,5.0,shot_microstats,1289,0.4593996658615729,-0.2302156338279283,4.3757854072203495,0.5735257239186444,0.18820360831471566,4.3230153484623335
2021,2021-11-28,2021020327,NJD,PHI,1.0,3.0,5.0,shot_microstats,1289,0.531375235742117,0.178612320547048,4.384233330644607,0.5545728883758123,0.32337795768396693,4.450774974057528
2021,2021-11-28,2021020330,CHI,SJS,0.0,-1.0,1.0,shot_microstats,1289,0.5072927054767215,0.0827607097373948,3.8127582351283644,0.4080405522658892,-0.5092144497245253,4.22122485409681
2021,2021-11-28,2021020331,MIN,TBL,1.0,1.0,5.0,shot_microstats,1289,0.5533023214191235,0.3289878301484059,3.8397356962517915,0.4775598173292508,-0.0750708207691088,3.5515919128436044
2021,2021-11-28,2021020332,ANA,TOR,0.0,-3.0,5.0,shot_microstats,1289,0.4182572390634558,-0.4428070383787348,4.261627861693483,0.4396603343787046,-0.4206269257367932,3.686602900134588
2021,2021-11-29,2021020333,BUF,SEA,0.0,-1.0,7.0,shot_microstats,1289,0.53322254598748,0.21713529267531861,3.8600789248224,0.5600865161618268,0.17044587208708933,3.308985030222529
2021,2021-11-29,2021020335,WPG,ARI,0.0,-1.0,1.0,shot_microstats,1289,0.6283535617139151,0.7809038377464912,4.033896602744129,0.7563788371717312,1.3066460200589074,4.63623678883346
2021,2021-11-29,2021020336,CGY,PIT,1.0,1.0,1.0,shot_microstats,1289,0.5059672112385961,0.0459208142930901,4.120509022692053,0.5058333398493315,0.060251647440698775,3.62924383458867
2021,2021-11-30,2021020337,BOS,DET,0.0,-1.0,1.0,shot_microstats,1289,0.6120535142139569,0.6725177746638893,4.0209732740601725,0.6688850243918758,0.8831167601601733,4.38449102176017
2021,2021-11-30,2021020338,FLA,WSH,0.0,-2.0,6.0,shot_microstats,1289,0.5987463053012584,0.5915135355779866,4.159031514698253,0.7075449865448059,0.9596193255090391,3.8458783458301373
2021,2021-11-30,2021020339,NJD,SJS,0.0,-1.0,5.0,shot_microstats,1289,0.5589079375184883,0.3446245530667156,4.163931060441366,0.5270284875442925,0.10557886456317778,3.9803743832631584
2021,2021-11-30,2021020342,NSH,CBJ,1.0,5.0,5.0,shot_microstats,1289,0.5633434083315584,0.3727529618843828,4.078330240272503,0.5075960779724135,0.011634797018820253,4.182685980064691
2021,2021-11-30,2021020343,DAL,CAR,1.0,2.0,4.0,shot_microstats,1289,0.5375760713151791,0.23238270947090794,3.960928462565852,0.5923646890587121,0.5448799728904176,4.107943923764721
2021,2021-11-30,2021020344,MIN,ARI,1.0,3.0,7.0,shot_microstats,1289,0.7060915978118372,1.335510402247487,3.806895808321546,0.7714868359492822,1.5844321563487167,4.189056145940621
2021,2021-11-30,2021020345,LAK,ANA,1.0,1.0,7.0,shot_microstats,1289,0.5167234954991402,0.10755121331521506,4.088010000402671,0.5501796484957866,0.19429479220549956,4.322488920414489
2021,2021-12-01,2021020346,TOR,COL,1.0,5.0,9.0,shot_microstats,1289,0.5487027740967166,0.2850962807368408,4.143370298322877,0.5960031080043814,0.36302652453267914,4.327634824393132
2021,2021-12-01,2021020347,OTT,VAN,0.0,-1.0,3.0,shot_microstats,1289,0.49331475350539133,-0.009029718221565397,3.976876562582767,0.4700064333340703,-0.16107188738033412,4.001040349941044
2021,2021-12-01,2021020349,NYR,PHI,1.0,1.0,3.0,shot_microstats,1289,0.5521228632866568,0.3052862693954048,4.135395868481099,0.5864025388617952,0.426999799783419,4.360156272208561
2021,2021-12-01,2021020350,EDM,PIT,1.0,1.0,5.0,shot_microstats,1289,0.3973405342925455,-0.5490497869950246,4.178712073003479,0.4033565879837414,-0.5432308887058697,4.107311594308254
2021,2021-12-01,2021020351,ANA,VGK,1.0,4.0,6.0,shot_microstats,1289,0.5505215341197888,0.2935737466205157,4.3048546404305394,0.601877071373098,0.47361353775056225,4.131201046693701
2021,2021-12-02,2021020352,MTL,COL,0.0,-2.0,2.0,shot_microstats,1289,0.49342879926217825,0.0046706988280467154,3.8534608567930264,0.4567994827068812,-0.29668778711088717,3.7351752569626466
2021,2021-12-02,2021020353,TBL,STL,1.0,3.0,3.0,shot_microstats,1289,0.5614423513521147,0.3601205917427618,4.1384975296165045,0.5055557347985752,0.016821552366423947,4.16021730489518
2021,2021-12-02,2021020356,WSH,CHI,1.0,1.0,5.0,shot_microstats,1289,0.6569232722162239,0.9722945292846943,3.929564317633929,0.6515288275036196,0.842167237411334,3.9351806780943925
2021,2021-12-02,2021020357,CAR,OTT,0.0,-2.0,4.0,shot_microstats,1289,0.6384994598017744,0.8645583090086149,4.173882464278201,0.7737012252862121,1.4917535937556738,3.914581527124521
2021,2021-12-02,2021020358,NSH,BOS,0.0,-1.0,1.0,shot_microstats,1289,0.4955006167899156,0.02732981592160022,3.746510213958609,0.45460584323703074,-0.17734096746864958,3.9119398897585946
2021,2021-12-02,2021020359,DAL,CBJ,1.0,1.0,5.0,shot_microstats,1289,0.6002783572609132,0.5983715984121252,4.070666122889215,0.5754880616833379,0.324288249337639,4.005229744955149
2021,2021-12-02,2021020360,MIN,NJD,1.0,3.0,7.0,shot_microstats,1289,0.5423831527713736,0.24771661228281516,4.164217149147883,0.47058359728739135,-0.005598592509481512,4.1122575603812335
2021,2021-12-02,2021020361,LAK,CGY,1.0,1.0,3.0,shot_microstats,1289,0.41631670535813764,-0.43321229602929257,4.074173841392187,0.4201235017715415,-0.4940691581886656,4.266166692413973
2021,2021-12-03,2021020363,WPG,NJD,1.0,4.0,10.0,shot_microstats,1289,0.4964516130798526,-0.02358947011275092,4.369088578824104,0.4964860145224751,0.051210213796863926,4.6022167609274085
2021,2021-12-03,2021020364,ARI,VGK,0.0,-4.0,6.0,shot_microstats,1289,0.4987161693162656,0.010315220452267626,4.075988335087445,0.433231915594407,-0.3239646357705077,3.3007269286383942
2021,2021-12-03,2021020365,ANA,CGY,0.0,-1.0,5.0,shot_microstats,1289,0.44921664584076415,-0.2530222007580565,4.05579704007639,0.46753932152009453,-0.18943369073766625,3.9313167802231543
2021,2021-12-03,2021020366,SEA,EDM,1.0,2.0,6.0,shot_microstats,1289,0.5622288249957782,0.3691062225327098,4.001153241527214,0.5411300564185492,0.2585734801621058,3.85865668921611
2021,2021-12-04,2021020367,BOS,TBL,1.0,1.0,3.0,shot_microstats,1289,0.5926591772696551,0.554534524300433,3.825472903126282,0.5773941528719723,0.38131852053499726,3.860525689950922
2021,2021-12-04,2021020368,OTT,COL,1.0,2.0,6.0,shot_microstats,1289,0.44191093283874705,-0.2760572340666214,3.9040991221248658,0.4214309478111063,-0.5230576236375313,3.7982009589946615
2021,2021-12-04,2021020369,DET,NYI,1.0,3.0,3.0,shot_microstats,1289,0.4992842983957927,0.003277178445620463,4.196125654967949,0.5454335065441223,0.18778483153404046,4.37081716399439
2021,2021-12-04,2021020371,NYR,CHI,1.0,1.0,3.0,shot_microstats,1289,0.6065589749645764,0.6363951174103384,3.9341046913885545,0.6142207921928566,0.5676094697081793,3.8983528768940787
2021,2021-12-04,2021020372,WSH,CBJ,1.0,1.0,3.0,shot_microstats,1289,0.6283491244539414,0.7917735593557178,4.169860358811954,0.6058659957222955,0.5497069074749081,4.26573151176758
2021,2021-12-04,2021020373,CAR,BUF,1.0,4.0,6.0,shot_microstats,1289,0.6312757699145095,0.8076340069339092,4.12125284329559,0.7265621978116642,1.15231393446278,3.9739381618619882
2021,2021-12-04,2021020374,NSH,MTL,1.0,1.0,5.0,shot_microstats,1289,0.5744704136165438,0.4440473442027552,3.9140884467281714,0.6742373948499857,0.7873036256678161,4.437289913202304
2021,2021-12-04,2021020375,MIN,TOR,1.0,1.0,3.0,shot_microstats,1289,0.4798606553154953,-0.09858154941645797,4.150852420768326,0.4270894109143317,-0.35517389237275254,3.6632527788287037
2021,2021-12-04,2021020376,VAN,PIT,0.0,-1.0,3.0,shot_microstats,1289,0.4595062735108324,-0.1886229493311602,3.9703850958630764,0.4109823404524861,-0.4219071061175008,3.5477932870635684
2021,2021-12-05,2021020377,NYI,CHI,0.0,-1.0,1.0,shot_microstats,1289,0.5875652179602923,0.5190289289622623,4.004384389402644,0.46366117918847444,0.005993332153927916,3.8571536833122932
2021,2021-12-05,2021020378,PHI,TBL,0.0,-5.0,5.0,shot_microstats,1289,0.4348091448873812,-0.3299646103645313,4.0502871084159375,0.3991414157148421,-0.53445082188222,3.629548478914005
2021,2021-12-05,2021020379,CBJ,SJS,1.0,2.0,8.0,shot_microstats,1289,0.4724615461015108,-0.12773293849489953,4.046717773686649,0.43254146333578514,-0.49189759599108773,4.083349619278397
2021,2021-12-05,2021020380,WPG,TOR,1.0,2.0,4.0,shot_microstats,1289,0.42120551815743057,-0.4360767373182325,4.348151165470288,0.43286049122534404,-0.4033816045033364,4.1206336462572635
2021,2021-12-05,2021020381,EDM,LAK,0.0,-2.0,2.0,shot_microstats,1289,0.46844010781187406,-0.16358923757681987,4.185858550251598,0.5358959327207313,0.0925557594505109,4.524582966784273
2021,2021-12-05,2021020382,VGK,CGY,1.0,2.0,4.0,shot_microstats,1289,0.34834011120896047,-0.8377393993253146,4.231463365515346,0.40630023335275356,-0.620100228894399,4.251097764163871
2021,2021-12-06,2021020385,DAL,ARI,1.0,2.0,4.0,shot_microstats,1289,0.680738816601806,1.1361650576747697,3.8086022166663605,0.81062267804783,1.65548150703661,4.182943279949456
2021,2021-12-06,2021020386,VAN,LAK,1.0,2.0,2.0,shot_microstats,1289,0.5261823890784548,0.1664259795224311,4.001064609172712,0.5382349169679351,0.22789868870600116,3.8762761686054583
2021,2021-12-06,2021020387,SEA,PIT,0.0,-6.0,6.0,shot_microstats,1289,0.4376718691445172,-0.29881343874883814,3.90168659980298,0.33435999226759183,-0.7310902773528706,3.690929585468954
2021,2021-12-07,2021020388,BUF,ANA,0.0,-2.0,2.0,shot_microstats,1289,0.4729850343339771,-0.12559140363443033,4.052916868909306,0.4920719152345617,-0.15070863541102486,3.494849936678127
2021,2021-12-07,2021020389,TOR,CBJ,1.0,1.0,5.0,shot_microstats,1289,0.6332293276087864,0.872373154080766,4.468539045682119,0.6210260121631217,0.7093641453649456,4.89791001144569
2021,2021-12-07,2021020391,OTT,NYI,0.0,-3.0,5.0,shot_microstats,1289,0.4782113356582624,-0.10649053453243851,4.140632204613492,0.5080079629673191,0.01327176795347551,4.186843807145529
2021,2021-12-07,2021020392,DET,NSH,0.0,-2.0,4.0,shot_microstats,1289,0.5030528492916316,0.04112448541446245,3.9974894821857427,0.5391079201878393,-0.0562740344072675,4.037974200925095
2021,2021-12-07,2021020393,CHI,NYR,0.0,-1.0,5.0,shot_microstats,1289,0.5194119378297506,0.1421522249764431,3.864407217181259,0.5621931180352516,0.15197234670683663,4.302876498868436
2021,2021-12-07,2021020394,STL,FLA,0.0,-1.0,5.0,shot_microstats,1289,0.31525958127618364,-1.0510875771861317,4.315325298476493,0.292946678354708,-1.132541851543531,4.50835031668298
2021,2021-12-07,2021020395,WPG,CAR,0.0,-2.0,2.0,shot_microstats,1289,0.48404617301595154,-0.08173731708674734,4.215298644241454,0.5250738795465372,0.31564622081277094,4.561239006999348
2021,2021-12-07,2021020396,EDM,MIN,0.0,-1.0,3.0,shot_microstats,1289,0.4337240869569448,-0.32686354500637194,3.965797742769827,0.5127271031990556,0.015387376718248635,4.501305436648299
2021,2021-12-07,2021020397,SJS,CGY,0.0,-1.0,5.0,shot_microstats,1289,0.44432742263856567,-0.26879896299170913,3.9591263475880933,0.42914381449689504,-0.41396033740582544,3.843366089460421
2021,2021-12-08,2021020398,NJD,PHI,1.0,1.0,1.0,shot_microstats,1289,0.5380244152619656,0.2184462676118859,4.3712203771316345,0.5366855722221443,0.23962310906022527,4.404836361890934
2021,2021-12-08,2021020399,NYR,COL,0.0,-4.0,8.0,shot_microstats,1289,0.512225271098019,0.11184426878778542,3.786313382524426,0.5368121851524713,0.07216541118248648,3.721079622660838
2021,2021-12-08,2021020401,VGK,DAL,1.0,2.0,4.0,shot_microstats,1289,0.4516985619068084,-0.24327111010704328,4.088394277580203,0.5796691272321259,0.18036192093962775,4.227354701846816
2021,2021-12-09,2021020402,TOR,TBL,0.0,-2.0,4.0,shot_microstats,1289,0.5337033913902053,0.1944634811466538,4.253114308597972,0.5858531502441048,0.3278242423015798,4.330256165773393
2021,2021-12-09,2021020403,MTL,CHI,0.0,-1.0,1.0,shot_microstats,1289,0.5649591879293178,0.3896479170937167,3.908284378936929,0.4983782772237079,-0.0018617074473299966,3.7877257969494593
2021,2021-12-09,2021020404,NYI,NSH,0.0,-2.0,6.0,shot_microstats,1289,0.498724956665972,0.02122504383000634,3.964016604016658,0.45724485663661696,-0.2716038028811899,3.7882647149815902
2021,2021-12-09,2021020406,STL,DET,1.0,3.0,7.0,shot_microstats,1289,0.5228871577527434,0.13247360066641822,4.244808326849003,0.6345128269958313,0.4871982384497289,4.456166802713984
2021,2021-12-09,2021020408,EDM,BOS,0.0,-1.0,1.0,shot_microstats,1289,0.39682846559139323,-0.5342107683546105,3.9934352626412704,0.38328969719932654,-0.575406057439984,4.330876901015063
2021,2021-12-09,2021020409,LAK,DAL,1.0,2.0,2.0,shot_microstats,1289,0.5250988235959746,0.162026753207684,3.9824311304725994,0.6038168124857923,0.3581458321001738,4.345785913185556
2021,2021-12-09,2021020411,SEA,WPG,0.0,-2.0,2.0,shot_microstats,1289,0.49700201095346175,0.014430532836673393,3.940506813590026,0.33441509792517204,-0.6931816556176403,3.541994684940149
2021,2021-12-10,2021020413,NJD,NSH,0.0,-1.0,3.0,shot_microstats,1289,0.5032593839730469,0.027372922001400443,4.167111392305435,0.574998896050978,0.15301857990828097,3.9148461858066685
2021,2021-12-10,2021020414,WSH,PIT,0.0,-2.0,4.0,shot_microstats,1289,0.4864269703580224,-0.051872645867055645,4.035384971321856,0.4913239750719596,-0.0702562527392141,3.90583550264881
2021,2021-12-10,2021020415,COL,DET,1.0,4.0,8.0,shot_microstats,1289,0.6274955856735912,0.7709224608569725,3.945735876532455,0.7233211468036347,1.1290356873100431,4.006916443142164
2021,2021-12-10,2021020416,ARI,FLA,0.0,-2.0,2.0,shot_microstats,1289,0.2940296678834441,-1.2012095581213655,3.962033628650025,0.17774698730511374,-1.8365440849601933,3.2998127993711077
2021,2021-12-10,2021020417,VAN,WPG,1.0,1.0,5.0,shot_microstats,1289,0.5046481684902397,0.0479608227636088,4.015916522214336,0.4064790668982276,-0.41978519569772643,3.5746130433688323
2021,2021-12-10,2021020418,VGK,PHI,1.0,1.0,3.0,shot_microstats,1289,0.5121370132383946,0.06903194897028819,4.293452484661878,0.5502208812115179,0.2553636787037523,4.562262982729143
2021,2021-12-11,2021020420,TOR,CHI,0.0,-1.0,7.0,shot_microstats,1289,0.6440226727029291,0.9096182395448764,4.208795002015738,0.6628709148578369,0.941940026916739,4.440979646587098
2021,2021-12-11,2021020421,OTT,TBL,1.0,1.0,1.0,shot_microstats,1289,0.43567740032062047,-0.3243277217030349,4.041547958400432,0.4167100261113015,-0.5424463451005808,3.831245020145839
2021,2021-12-11,2021020423,PIT,ANA,1.0,1.0,1.0,shot_microstats,1289,0.6071596997295874,0.6465019839121149,4.157720924760194,0.6602615730048571,0.8513296625879044,4.303292520671227
2021,2021-12-11,2021020424,STL,MTL,1.0,1.0,3.0,shot_microstats,1289,0.5625983994732785,0.36657254273191286,4.17370708465956,0.6709785748569244,0.7455638448636469,4.698189953627635
2021,2021-12-11,2021020425,CGY,BOS,0.0,-3.0,5.0,shot_microstats,1289,0.5484460476866664,0.2929823132527531,3.960123504675792,0.5332914045409074,0.279656983128015,3.7680194027323086
2021,2021-12-11,2021020426,EDM,CAR,0.0,-1.0,3.0,shot_microstats,1289,0.4041924211768291,-0.5105681218167915,4.174649610921448,0.47892975630530843,-0.050172728467975436,4.720681441759737
2021,2021-12-11,2021020427,ARI,PHI,0.0,-1.0,7.0,shot_microstats,1289,0.5348241232237438,0.2234308656580185,3.8867728603846214,0.42729727019862473,-0.20906365754448863,3.4064455691559514
2021,2021-12-11,2021020428,LAK,MIN,1.0,2.0,2.0,shot_microstats,1289,0.4971045200975857,0.00996512364501323,3.9895509350233986,0.5276025130530438,0.15825100143095142,4.291591621037547
2021,2021-12-11,2021020429,SJS,DAL,1.0,1.0,3.0,shot_microstats,1289,0.5384422348635444,0.24703365845989705,3.8436585589730097,0.5925897984120514,0.3391616205192004,3.871429651380798
2021,2021-12-11,2021020430,SEA,CBJ,0.0,-1.0,7.0,shot_microstats,1289,0.5826372042554172,0.4886531987296019,4.04651438504697,0.4478450632362953,-0.13283729444389492,4.076972239168962
2021,2021-12-12,2021020431,NYR,NSH,0.0,-1.0,1.0,shot_microstats,1289,0.5005407019579988,0.035464526782536976,3.91990586812578,0.5747211558261924,0.09452087138897525,3.8221003692137674
2021,2021-12-12,2021020433,COL,FLA,1.0,1.0,3.0,shot_microstats,1289,0.4187881704417901,-0.41091655985688513,3.9887776575689684,0.41130725512526956,-0.39138146033976084,3.8672199556292783
2021,2021-12-12,2021020434,VAN,CAR,1.0,1.0,3.0,shot_microstats,1289,0.45552178689404205,-0.21264967654046174,3.99534598221708,0.4795148545606449,0.044263995399221795,4.076545786047906
2021,2021-12-12,2021020435,VGK,MIN,1.0,2.0,4.0,shot_microstats,1289,0.4535075858034836,-0.23521095432695693,4.103483854738921,0.5266583136227211,0.12397838498477547,4.256539076623193
2021,2021-12-14,2021020437,BOS,VGK,0.0,-2.0,4.0,shot_microstats,1289,0.6153684813188375,0.7016582424015503,4.161870449805119,0.6024924450674078,0.6386962468809705,4.385755198032006
2021,2021-12-14,2021020438,DET,NYI,1.0,1.0,1.0,shot_microstats,1289,0.4866695630713089,-0.06068276870980832,4.139108795462632,0.4879158200437974,-0.04294351144629017,4.307431915801112
2021,2021-12-14,2021020440,FLA,OTT,0.0,-2.0,6.0,shot_microstats,1289,0.7214060490537618,1.5985547213336835,4.311952174616276,0.8600536112555625,2.364986842100535,3.9967878242744757
2021,2021-12-14,2021020441,PHI,NJD,1.0,3.0,5.0,shot_microstats,1289,0.4256899648855494,-0.4050826639757814,4.286856187622295,0.3411016082012312,-0.7112703171030145,4.066050771934597
2021,2021-12-14,2021020442,PIT,MTL,1.0,2.0,6.0,shot_microstats,1289,0.6778743240947767,1.1578566812055082,4.123347996846936,0.7492533385192653,1.467148958559013,4.590900973839337
2021,2021-12-14,2021020444,DAL,STL,0.0,-1.0,3.0,shot_microstats,1289,0.5485660511874173,0.2864943658062403,4.08732658997663,0.5333915981625412,0.02810060931318191,3.790456220114419
2021,2021-12-14,2021020446,WPG,BUF,0.0,-1.0,5.0,shot_microstats,1289,0.5746516200020633,0.43968696580442623,4.148677737494385,0.6699529001860944,0.7281382151644542,4.566530805086234
2021,2021-12-14,2021020447,COL,NYR,1.0,2.0,4.0,shot_microstats,1289,0.6388089306318055,0.8431524518533993,3.862356541527241,0.7437336545109677,1.2699063241437307,3.8569898102400875
2021,2021-12-14,2021020448,EDM,TOR,0.0,-3.0,5.0,shot_microstats,1289,0.36235646845085034,-0.7633617872843341,4.330461931113654,0.40656022843418876,-0.6643817507476828,4.341088977463247
2021,2021-12-14,2021020449,VAN,CBJ,0.0,-1.0,5.0,shot_microstats,1289,0.5898486687557053,0.5345737036602458,4.161812370650825,0.5312674199644324,0.16390159333192755,4.156826731087087
2021,2021-12-14,2021020450,SJS,SEA,0.0,-2.0,2.0,shot_microstats,1289,0.5781604977020074,0.46900829226808893,3.8446027170088297,0.6258764147141491,0.6079504838008114,3.8038239742474853
2021,2021-12-15,2021020451,CHI,WSH,0.0,-1.0,3.0,shot_microstats,1289,0.48232148652416107,-0.05238694726553672,3.8356322236683504,0.4776069036361066,-0.245888338302782,4.226150643988537
2021,2021-12-15,2021020453,ANA,SEA,1.0,2.0,2.0,shot_microstats,1289,0.603521362129711,0.6175629793567758,3.9253896001296606,0.6540169793701193,0.862236199143946,3.8133302649795513
2021,2021-12-16,2021020456,FLA,LAK,0.0,-3.0,5.0,shot_microstats,1289,0.6287833056075235,0.8121115682354385,4.311885530501286,0.7264133593138934,1.267420471382351,3.942844912636984
2021,2021-12-16,2021020457,NJD,VGK,0.0,-2.0,4.0,shot_microstats,1289,0.4742499816994634,-0.15071766534136755,4.410929204323545,0.5094254368324102,-0.045553812911713315,4.300356100251417
2021,2021-12-16,2021020459,CAR,DET,0.0,-1.0,5.0,shot_microstats,1289,0.633727574653886,0.8375138665794175,4.234195510153097,0.7277577633724052,1.2534278972258046,3.9020717858460863
2021,2021-12-16,2021020460,NSH,COL,1.0,1.0,3.0,shot_microstats,1289,0.5430525173533759,0.2798729108162713,3.760788964595295,0.5359243062726128,0.14276145984455613,3.84741833480505
2021,2021-12-16,2021020464,SJS,VAN,0.0,-1.0,5.0,shot_microstats,1289,0.5375591196558186,0.23545540566535234,3.921264274096134,0.519942288138229,0.10630617548514634,3.89153503251659
2021,2021-12-17,2021020465,NYR,VGK,0.0,-2.0,2.0,shot_microstats,1289,0.4863704807025311,-0.06393004747300407,4.15683432807814,0.5255705234997442,0.010756103465907857,4.103255084598189
2021,2021-12-17,2021020466,PIT,BUF,0.0,-1.0,3.0,shot_microstats,1289,0.6414822537173553,0.881651927018654,4.135809035238347,0.7090412840527153,1.0449152633497243,4.56142734056719
2021,2021-12-17,2021020467,CHI,NSH,1.0,2.0,2.0,shot_microstats,1289,0.49946542975168257,0.04311697291842287,3.7946819457084935,0.5055337046631744,-0.17982526949721342,4.025990070913975
2021,2021-12-17,2021020468,STL,DAL,1.0,1.0,3.0,shot_microstats,1289,0.5097353064204655,0.0705864328520763,4.07143791664854,0.6079548705267718,0.3331637836079555,4.405004082933261
2021,2021-12-17,2021020469,WPG,WSH,0.0,-2.0,4.0,shot_microstats,1289,0.4967939111651205,-0.0026953558480995454,4.1045854473659755,0.5626074638266815,0.19951837090978647,4.239782706845604
2021,2021-12-17,2021020470,ANA,ARI,0.0,-2.0,6.0,shot_microstats,1289,0.6619042877152571,1.0038149623480845,3.877570074679862,0.7561499323529975,1.4009563310309856,4.120445835200494
2021,2021-12-18,2021020472,DET,NJD,1.0,4.0,6.0,shot_microstats,1289,0.43833284562299085,-0.33849239286995025,4.306292628435454,0.38427061440436305,-0.6040081642254241,4.527505020709878
2021,2021-12-18,2021020473,PHI,OTT,1.0,1.0,5.0,shot_microstats,1289,0.5099658182134099,0.06556964180789628,4.150693486576155,0.5714238457509909,0.2639344607020479,4.068358413273194
2021,2021-12-18,2021020474,CAR,LAK,1.0,2.0,4.0,shot_microstats,1289,0.5663439365972176,0.3891413666014394,4.19162001400829,0.6119974425023292,0.6286985036209405,3.8544962322093865
2021,2021-12-18,2021020475,DAL,CHI,0.0,-1.0,3.0,shot_microstats,1289,0.624879350706386,0.7518301537155232,3.804343849903538,0.6304951120025271,0.6572243737684921,3.7157911164191906
2021,2021-12-19,2021020482,NJD,PIT,0.0,-1.0,3.0,shot_microstats,1289,0.3994006818731108,-0.5441294959942673,4.2406881195927015,0.3700330916614346,-0.7063236470813299,3.9926776508531887
2021,2021-12-19,2021020483,NYI,VGK,1.0,1.0,3.0,shot_microstats,1289,0.4724468642235044,-0.14844226777191516,4.255495500964332,0.4263795381057783,-0.3103080442607348,4.329226680363285
2021,2021-12-19,2021020484,WSH,LAK,1.0,1.0,3.0,shot_microstats,1289,0.5520508380487854,0.30566080628470416,4.111460581684143,0.5991643188575475,0.4884895938894088,4.262940582013539
2021,2021-12-19,2021020486,WPG,STL,1.0,2.0,4.0,shot_microstats,1289,0.5178524548640911,0.09975058424730732,4.34714344852788,0.5161915800577632,0.004886929045394756,4.209052492619808
2021,2021-12-20,2021020492,DAL,MIN,1.0,1.0,7.0,shot_microstats,1289,0.5462629001744285,0.2904125994870374,3.8367803435468875,0.577676588493441,0.4063155449723832,3.8506037219105043
2021,2021-12-21,2021020501,VGK,TBL,0.0,-1.0,5.0,shot_microstats,1289,0.4775112026615307,-0.11222262069784578,4.160872575339198,0.5349566331488702,0.04195778348994124,3.8515942684714766
2021,2021-12-28,2021020537,TBL,MTL,0.0,-1.0,7.0,shot_microstats,1289,0.6208882461051055,0.7296927392116981,4.00743021791087,0.6864913412564704,0.9914265315456348,4.584509697093415
2021,2021-12-28,2021020539,LAK,VGK,0.0,-2.0,6.0,shot_microstats,1289,0.5127809609343718,0.07468476145125585,4.253712424967214,0.5371081136732105,0.11695308469626547,4.2974666002314965
2021,2021-12-28,2021020540,SJS,ARI,1.0,2.0,12.0,shot_microstats,1289,0.6276968964975058,0.7697756017569846,3.8214413519699937,0.7102910848621597,1.001277640848416,4.138009313414397
2021,2021-12-29,2021020544,FLA,NYR,1.0,2.0,6.0,shot_microstats,1289,0.6978064049592582,1.3473029911141383,4.215080306211068,0.8393753299317839,2.0905397411404425,3.909539265365015
2021,2021-12-29,2021020547,STL,EDM,1.0,1.0,5.0,shot_microstats,1289,0.5017383679517523,0.007648775781809225,4.342958385131878,0.5473137427120373,0.11437459990702109,4.520789878530307
2021,2021-12-30,2021020552,FLA,TBL,1.0,4.0,8.0,shot_microstats,1289,0.6379757712065292,0.8655739891107754,4.212272133144983,0.7419201312826226,1.2618209693462874,3.5378928647871386
2021,2021-12-30,2021020553,NYI,BUF,1.0,3.0,3.0,shot_microstats,1289,0.5446557077320454,0.26457957812629934,4.077535002288006,0.5304313239189502,0.11612664585035493,4.489726990917553
2021,2021-12-30,2021020556,LAK,VAN,1.0,1.0,1.0,shot_microstats,1289,0.543403641684938,0.25880494984064484,4.052705749582628,0.5473724040410389,0.24361297795898643,4.166427173313291
2021,2021-12-30,2021020557,SJS,PHI,0.0,-1.0,3.0,shot_microstats,1289,0.570404325697453,0.4145738134575965,4.0792246446104565,0.5487432244915527,0.30410225185668466,4.296182200497034
2021,2021-12-31,2021020561,TBL,NYR,0.0,-1.0,3.0,shot_microstats,1289,0.6074927517002865,0.6433428665707532,4.026658273539438,0.6856890276577353,0.923006111042664,4.398328635167932
2021,2021-12-31,2021020562,NJD,EDM,0.0,-1.0,7.0,shot_microstats,1289,0.4959564912427358,-0.02540836913554545,4.350496833535621,0.5217014814072354,0.028570844484702818,4.296658775489635
2021,2021-12-31,2021020565,VGK,ANA,1.0,3.0,3.0,shot_microstats,1289,0.5025285246799716,0.020458785103320193,4.205793753159168,0.5974724778356877,0.3622968198037807,4.178307778257798
2021,2022-01-01,2021020566,BOS,BUF,1.0,1.0,5.0,shot_microstats,1289,0.6731615324966519,1.0949050858448302,3.9551178108516516,0.684416950772513,1.0240111880416891,4.4292844156111775
2021,2022-01-01,2021020567,TOR,OTT,1.0,3.0,3.0,shot_microstats,1289,0.6287907185656505,0.8207378489349817,4.368354150765854,0.7339683983383085,1.2125104474553507,4.818342519845507
2021,2022-01-01,2021020568,FLA,MTL,1.0,3.0,5.0,shot_microstats,1289,0.6970954715426756,1.3446895869628697,4.229405035472681,0.837804578165088,2.0971637143461654,4.131536934764948
2021,2022-01-01,2021020570,CBJ,CAR,0.0,-3.0,9.0,shot_microstats,1289,0.35306121114789424,-0.8092800433227483,4.231465269280242,0.3807593477067231,-0.6711462850739423,4.552957241072891
2021,2022-01-01,2021020571,NSH,CHI,1.0,1.0,3.0,shot_microstats,1289,0.6322928472942787,0.799359583429046,3.818432871869895,0.6342391544124457,0.708925795089653,3.9428818800998853
2021,2022-01-01,2021020572,MIN,STL,0.0,-2.0,8.0,shot_microstats,1289,0.5483214215372566,0.2840423553806892,4.111902617176112,0.4918801702153909,-0.0495430271497743,3.9558609972858076
2021,2022-01-01,2021020573,LAK,PHI,1.0,2.0,6.0,shot_microstats,1289,0.6089773604488496,0.6628204142396206,4.218959318169394,0.6173750570136449,0.6868086312540391,4.507978907988113
2021,2022-01-01,2021020574,SEA,VAN,0.0,-1.0,5.0,shot_microstats,1289,0.5433556483564189,0.2780676186447371,3.797224716358122,0.4571854954299668,-0.0394643421064234,3.7569876699434577
2021,2022-01-02,2021020575,DET,BOS,0.0,-4.0,6.0,shot_microstats,1289,0.41681397607864307,-0.4178251600850782,3.947465469436161,0.366526380415529,-0.6520644978343896,4.114951982102255
2021,2022-01-02,2021020576,NYR,TBL,1.0,2.0,2.0,shot_microstats,1289,0.4630798529793523,-0.16627960864309976,3.9405055490642216,0.48845101171044997,-0.18816533577157918,3.7368241648922536
2021,2022-01-02,2021020577,PIT,SJS,1.0,2.0,10.0,shot_microstats,1289,0.6428217365038544,0.8908334684588182,4.131377224723383,0.6106703384236164,0.6337766681205341,4.190978885354183
2021,2022-01-02,2021020578,WSH,NJD,0.0,-1.0,5.0,shot_microstats,1289,0.5749782357664726,0.4416802807102842,4.14720604485296,0.5737883114698041,0.4042473524114596,4.223365467911124
2021,2022-01-02,2021020579,CHI,CGY,0.0,-1.0,3.0,shot_microstats,1289,0.42729826513570884,-0.35503098309926706,3.8963961104983422,0.3683968247760876,-0.6999246554989802,4.202937563264327
2021,2022-01-03,2021020585,NYR,EDM,1.0,2.0,4.0,shot_microstats,1289,0.4857258031973931,-0.06407237111370845,4.120894555718537,0.5206920484333426,0.0029311738846305724,4.044755487339626
2021,2022-01-04,2021020586,BOS,NJD,1.0,2.0,8.0,shot_microstats,1289,0.6235623560029827,0.7548718402503953,4.128383060738714,0.557083753582454,0.4870271457258608,4.315368500359372
2021,2022-01-04,2021020588,DET,SJS,1.0,2.0,6.0,shot_microstats,1289,0.49801622063297524,0.00016218999330150363,4.148241182800037,0.4268490077669829,-0.442960290089391,4.247176744552722
2021,2022-01-04,2021020589,FLA,CGY,1.0,2.0,6.0,shot_microstats,1289,0.5620466366398549,0.3637453672692499,4.284731223292054,0.6474178861800753,0.7013626123854336,3.751629999592353
2021,2022-01-04,2021020590,CBJ,TBL,0.0,-2.0,6.0,shot_microstats,1289,0.380395036012421,-0.6407706259434485,4.136272573014016,0.3972280950029737,-0.7653162162087055,4.168166569460789
2021,2022-01-04,2021020591,CHI,COL,0.0,-2.0,4.0,shot_microstats,1289,0.5008149054336636,0.06290340677856054,3.67895206263025,0.4481128363051841,-0.2977487519893858,3.948202803048163
2021,2022-01-04,2021020593,VGK,NSH,0.0,-2.0,4.0,shot_microstats,1289,0.5367328002980611,0.2195438489009338,4.07977731789923,0.6294587183890313,0.47205812701061817,3.924334577243419
2021,2022-01-04,2021020594,ANA,PHI,1.0,1.0,3.0,shot_microstats,1289,0.579793580451842,0.4714591931915346,4.160225052057231,0.5692949236238362,0.4596821264105167,4.31437179358508
2021,2022-01-05,2021020597,PIT,STL,1.0,2.0,4.0,shot_microstats,1289,0.6023337884962819,0.6233162647796879,4.284391594169704,0.5935063234117289,0.47946873956206326,4.153580820279946
2021,2022-01-06,2021020599,BOS,MIN,0.0,-1.0,1.0,shot_microstats,1289,0.6503361634218396,0.9207419854841077,3.8502803387894486,0.6508386232382888,0.9465445236035946,4.092123411962649
2021,2022-01-06,2021020600,BUF,SJS,0.0,-2.0,4.0,shot_microstats,1289,0.5139548657861772,0.09814305167954712,4.01847976357575,0.443001306579069,-0.3595632841762623,3.4478032442167352
2021,2022-01-06,2021020602,TBL,CGY,1.0,3.0,5.0,shot_microstats,1289,0.46013227322615824,-0.19376578946726175,4.048224146574282,0.4521694481871391,-0.2052518607902747,4.289511236011534
2021,2022-01-06,2021020604,PHI,PIT,0.0,-1.0,5.0,shot_microstats,1289,0.34885377766229897,-0.8258597231941609,4.100106048767827,0.2848697454018335,-1.1033936371106512,3.687411838214646
2021,2022-01-06,2021020605,DAL,FLA,1.0,2.0,6.0,shot_microstats,1289,0.3779272191186183,-0.649531977688774,4.072045535358317,0.3695163919845693,-0.6782041422456369,3.9723230162762593
2021,2022-01-06,2021020606,COL,WPG,1.0,4.0,4.0,shot_microstats,1289,0.5641164985649464,0.37979434510423626,4.00676540049193,0.49739228415087217,0.04005112637134586,3.568884058355398
2021,2022-01-06,2021020608,VGK,NYR,1.0,3.0,5.0,shot_microstats,1289,0.5922747372928752,0.5505389274422261,4.176377556002639,0.7146753600542941,1.052101967421002,4.239969655065926
2021,2022-01-07,2021020612,CAR,CGY,1.0,2.0,8.0,shot_microstats,1289,0.48347357981377387,-0.08343710464611498,4.199000087230249,0.5212062640197446,0.10346050190218528,3.737986712533572
2021,2022-01-07,2021020613,STL,WSH,1.0,3.0,5.0,shot_microstats,1289,0.4804394760636624,-0.08740084122341985,4.069273223434497,0.5296254331120276,-0.010737092229817072,4.271303463583888
2021,2022-01-08,2021020615,TBL,BOS,0.0,-2.0,6.0,shot_microstats,1289,0.5088631607232882,0.08614600928520799,3.8598467864662744,0.4688578286492961,-0.044389026374676184,4.093440916991476
2021,2022-01-08,2021020616,PHI,SJS,0.0,-1.0,3.0,shot_microstats,1289,0.5013898699176322,0.02333894216188881,4.092383157184347,0.4256411483669952,-0.3607112155591958,3.7452035213538704
2021,2022-01-08,2021020617,CAR,FLA,0.0,-1.0,5.0,shot_microstats,1289,0.4010841442941469,-0.5444059234806558,4.329117035434519,0.4128017763953569,-0.3995061790386543,3.909218784712919
2021,2022-01-08,2021020619,DAL,PIT,1.0,1.0,5.0,shot_microstats,1289,0.4477407768603452,-0.2480250128517698,3.936703698094257,0.42430891475976346,-0.3899239970220489,3.680961411633569
2021,2022-01-08,2021020620,MIN,WSH,0.0,-1.0,1.0,shot_microstats,1289,0.5417588664436602,0.2692008468946563,3.799120720823796,0.5433724255856912,0.19730812071934334,3.84176709961441
2021,2022-01-08,2021020622,COL,TOR,1.0,1.0,7.0,shot_microstats,1289,0.491959125446623,-0.023114270218194566,4.0445055257636415,0.51594616009348,0.034537443088311914,3.661917044129654
2021,2022-01-08,2021020626,VGK,CHI,0.0,-1.0,3.0,shot_microstats,1289,0.5908562971648128,0.5392220670399548,4.07894841537331,0.6455765564990303,0.7212736703105818,4.070994201132377
2021,2022-01-08,2021020627,ANA,NYR,0.0,-2.0,4.0,shot_microstats,1289,0.5905789838295383,0.5372993834842186,4.023176889261698,0.6804919482551384,0.8620143628766124,4.017097411790145
2021,2022-01-08,2021020628,LAK,DET,1.0,2.0,2.0,shot_microstats,1289,0.5839841687165153,0.5013577146335557,4.2694461548570235,0.685869414452811,0.8598919362881126,4.353512922620139
2021,2022-01-09,2021020629,STL,DAL,0.0,-1.0,1.0,shot_microstats,1289,0.5110434733513715,0.07954068187199936,4.050112342724749,0.6101261848646334,0.3974407913282889,4.3884016455484804
2021,2022-01-10,2021020632,WSH,BOS,0.0,-2.0,8.0,shot_microstats,1289,0.5138264767645574,0.11981873268593923,3.7915056938144964,0.49701880521288544,0.039497356216138785,3.8498416774091684
2021,2022-01-10,2021020634,COL,SEA,1.0,2.0,6.0,shot_microstats,1289,0.690033508407853,1.195680342835641,3.6903451309426365,0.7619750095311597,1.5536636968780537,3.72042226879449
2021,2022-01-10,2021020636,LAK,NYR,1.0,1.0,3.0,shot_microstats,1289,0.6180789718793185,0.7176874377315166,4.129915872345604,0.7265622316196216,1.1196511948012886,4.183475922726132
2021,2022-01-11,2021020637,BUF,TBL,0.0,-5.0,5.0,shot_microstats,1289,0.4446858509767468,-0.2643147432927171,3.9351513493720045,0.4230066200948418,-0.5213040592268278,3.2668043862818887
2021,2022-01-11,2021020638,FLA,VAN,1.0,1.0,5.0,shot_microstats,1289,0.6648244208698428,1.0886148116653516,4.3063769993208885,0.7470701885856481,1.4784779328361706,3.898268809821052
2021,2022-01-11,2021020640,CBJ,CHI,0.0,-2.0,4.0,shot_microstats,1289,0.4689682209060187,-0.14551855881121778,4.038538192075112,0.4882296504327018,-0.2584884838580296,4.4039246701960035
2021,2022-01-11,2021020643,VGK,TOR,0.0,-2.0,4.0,shot_microstats,1289,0.40958457464942627,-0.5039643095711868,4.387722850923432,0.4462028887933177,-0.3715974995127371,4.038686173631365
2021,2022-01-11,2021020644,ANA,PIT,0.0,-1.0,3.0,shot_microstats,1289,0.41119361434065366,-0.4620559768277712,4.080331498361317,0.365467899418451,-0.6606842149362722,3.8303474112594937
2021,2022-01-12,2021020647,DAL,SEA,1.0,2.0,4.0,shot_microstats,1289,0.6503693196895738,0.9174698348061721,3.75610227554171,0.7155536558637853,1.1747553434469096,3.786122592460493
2021,2022-01-12,2021020649,ARI,TOR,1.0,1.0,3.0,shot_microstats,1289,0.37107284221781583,-0.6853275604582851,4.009063595808231,0.2966611282664743,-1.070522059017823,3.248568774901711
2021,2022-01-12,2021021000,BOS,MTL,1.0,3.0,5.0,shot_microstats,1289,0.6954798471998714,1.271911579988465,3.9565287544960204,0.7494988217897707,1.5204215446127138,4.484350470022472
2021,2022-01-13,2021020651,DET,WPG,0.0,-2.0,2.0,shot_microstats,1289,0.40481801651880117,-0.5154841784834916,4.252715913606975,0.29158132683923804,-1.14339880536026,4.223267012591822
2021,2022-01-13,2021020654,CAR,CBJ,0.0,-6.0,6.0,shot_microstats,1289,0.645387139530113,0.9467928901833496,4.368584486377646,0.6121577970829938,0.7152005708793175,3.937334769614904
2021,2022-01-13,2021020657,NSH,BUF,0.0,-2.0,2.0,shot_microstats,1289,0.6252553859652815,0.7550932311466558,3.9049265198952177,0.6603100562574402,0.7325499061277803,4.429952905630016
2021,2022-01-13,2021020658,CGY,OTT,0.0,-3.0,5.0,shot_microstats,1289,0.6702551340638491,1.1130905879865214,4.211468744690009,0.7817697206223269,1.5803553185455719,4.203622921398006
2021,2022-01-13,2021020659,LAK,PIT,1.0,3.0,7.0,shot_microstats,1289,0.438947475445628,-0.32446959743249726,4.205039934595391,0.4174578131937111,-0.43697627144992524,3.9976125167334233
2021,2022-01-13,2021020660,SJS,NYR,0.0,-1.0,1.0,shot_microstats,1289,0.5698939254563621,0.41384612398923665,3.9973352116541934,0.6482140356677152,0.6264466243160661,4.076213427711165
2021,2022-01-14,2021020661,FLA,DAL,1.0,5.0,7.0,shot_microstats,1289,0.6464345672553801,0.9269760969063672,4.2045715965859225,0.7926025878932075,1.6065568614281502,3.8261705823552026
2021,2022-01-14,2021020662,MIN,ANA,1.0,4.0,10.0,shot_microstats,1289,0.5818847728063063,0.48766103841283864,3.907023681379995,0.622368795726504,0.63856574356918,3.9967555065171694
2021,2022-01-14,2021020663,COL,ARI,1.0,1.0,5.0,shot_microstats,1289,0.710898807028728,1.3679263955644316,3.75654148109348,0.814409729149997,1.8470612775691877,4.019981787141351
2021,2022-01-15,2021020665,BOS,NSH,0.0,-1.0,5.0,shot_microstats,1289,0.6683278569368982,1.0470666348868702,3.8378837285833702,0.7002823952731008,1.0335621142598284,3.866407187590467
2021,2022-01-15,2021020667,DET,BUF,1.0,1.0,1.0,shot_microstats,1289,0.5305548752238697,0.1866575586525489,4.053223840377442,0.5292416495608435,-0.036165347281649746,4.6071317643062395
2021,2022-01-15,2021020669,FLA,CBJ,1.0,6.0,8.0,shot_microstats,1289,0.7038234610890665,1.5110038716633083,4.552848501519015,0.7233203297737097,1.488870754715114,4.12755303445698
2021,2022-01-15,2021020670,NYI,WSH,0.0,-1.0,1.0,shot_microstats,1289,0.4572865055470479,-0.19910732748733984,3.957733961270129,0.40578787940842204,-0.4301697749692004,4.219511761566117
2021,2022-01-15,2021020672,CAR,VAN,1.0,2.0,4.0,shot_microstats,1289,0.5736123813055799,0.4333366337661848,4.133049793214313,0.614576142811547,0.6488349901524928,3.7641444936865507
2021,2022-01-15,2021020673,CHI,ANA,1.0,1.0,1.0,shot_microstats,1289,0.530876826211257,0.20229731008932178,3.882824966606281,0.5560194977505974,0.1609089368485061,4.308939724651112
2021,2022-01-15,2021020677,ARI,COL,0.0,-4.0,4.0,shot_microstats,1289,0.4456523412142973,-0.23132785923470944,3.6431086471737815,0.3341679704281631,-0.781027566847573,3.1579052839864676
2021,2022-01-15,2021020679,SEA,LAK,0.0,-2.0,2.0,shot_microstats,1289,0.454157940986587,-0.21389548831305127,3.939705728158128,0.38718341143871815,-0.37536705496244177,3.956148589122673
2021,2022-01-16,2021020680,WSH,VAN,0.0,-1.0,1.0,shot_microstats,1289,0.6008031226360828,0.6008896382671999,3.91874736385142,0.6197476998917114,0.67083638254959,4.053143776481262
2021,2022-01-17,2021020682,BUF,DET,1.0,1.0,3.0,shot_microstats,1289,0.5218921006757478,0.14095360461333786,4.024816722810031,0.5780394989771602,0.23119175298657718,3.6680603156839746
2021,2022-01-17,2021020684,NYI,PHI,1.0,2.0,4.0,shot_microstats,1289,0.5456390353226825,0.26767826516291593,4.133970382749083,0.5018529141438406,0.16075224676255878,4.672391438456646
2021,2022-01-17,2021020685,STL,NSH,1.0,1.0,7.0,shot_microstats,1289,0.5229458535209339,0.14621185565595024,4.031382455415115,0.5961774097863991,0.21393901793600947,4.163421850780701
2021,2022-01-17,2021020687,ARI,MTL,1.0,3.0,5.0,shot_microstats,1289,0.5342619275274911,0.22607930046025426,3.8249327033779927,0.5229464754652706,0.1577793302387122,3.6840990024193663
2021,2022-01-17,2021020688,VGK,PIT,0.0,-1.0,5.0,shot_microstats,1289,0.425408978118304,-0.4047782442652572,4.26989289483255,0.4314083552737335,-0.37301424833959307,4.071402538250793
2021,2022-01-17,2021020689,SJS,LAK,1.0,2.0,6.0,shot_microstats,1289,0.44305323058366464,-0.29591266452833076,4.1455838839053145,0.432164121163248,-0.30297039983982066,4.226604394689665
2021,2022-01-17,2021020690,SEA,CHI,1.0,1.0,3.0,shot_microstats,1289,0.5820573728715694,0.5021523314663193,3.6831709925195133,0.5187488119363252,0.1910696148284586,3.6234312001682576
2021,2022-01-18,2021020340,PHI,NYI,0.0,-1.0,5.0,shot_microstats,1289,0.4799282441313786,-0.09651013345409798,4.133134517449318,0.41298554308283003,-0.2928060287555907,3.578223065516639
2021,2022-01-18,2021020691,BOS,CAR,0.0,-5.0,5.0,shot_microstats,1289,0.5786289698647967,0.46405923425964346,4.0787754036776,0.5784316128954399,0.59640686217375,4.452621803764515
2021,2022-01-18,2021020692,OTT,BUF,0.0,-2.0,2.0,shot_microstats,1289,0.5631974451441251,0.37455298321487074,4.004703042879357,0.5689398876777878,0.16982902383842738,4.421603257855032
2021,2022-01-18,2021020695,WSH,WPG,1.0,2.0,4.0,shot_microstats,1289,0.5408670556678726,0.24208534729021958,4.09540313566897,0.47470552666788357,-0.11515271706757157,3.903023687340786
2021,2022-01-18,2021020696,NSH,VAN,0.0,-2.0,2.0,shot_microstats,1289,0.560403526511738,0.36641478745394107,3.8688488174495035,0.5579663889534786,0.3371768601007493,4.059600662406053
2021,2022-01-18,2021020697,DAL,MTL,0.0,-1.0,5.0,shot_microstats,1289,0.6332196369499334,0.808340970201765,3.9300802071080665,0.7160925542374795,1.1147185899048655,4.237982142357014
2021,2022-01-18,2021020698,CGY,FLA,1.0,2.0,4.0,shot_microstats,1289,0.4080938309529537,-0.5101458292119346,4.369092230077792,0.4205214911120619,-0.38728681955411903,4.196311997427703
2021,2022-01-18,2021020700,LAK,TBL,0.0,-1.0,5.0,shot_microstats,1289,0.5214250771506082,0.13145565302604467,4.117173912910294,0.547608929307276,0.11881291326943237,3.8138222153400587
2021,2022-01-19,2021020701,NJD,ARI,0.0,-4.0,4.0,shot_microstats,1289,0.6094635163176655,0.656729266473534,4.05148104458689,0.7062586514648479,1.0102925123499942,4.331771078618153
2021,2022-01-19,2021020702,NYR,TOR,1.0,3.0,7.0,shot_microstats,1289,0.36750564942985786,-0.7124389494502577,4.093411082707488,0.39188897892427094,-0.6912153917142829,3.69466409605787
2021,2022-01-19,2021020703,ANA,COL,0.0,-1.0,1.0,shot_microstats,1289,0.48090567487843094,-0.06504634416077737,3.882651218469141,0.45791066564716254,-0.18951735767445452,3.7339658820210526
2021,2022-01-20,2021020704,BOS,WSH,0.0,-1.0,5.0,shot_microstats,1289,0.6071054127194281,0.6400370885783832,3.889516910540986,0.6143175878501338,0.6193244602170848,4.066286528066514
2021,2022-01-20,2021020705,BUF,DAL,1.0,2.0,4.0,shot_microstats,1289,0.46413588361176594,-0.14790946640645064,3.822672230596859,0.526402965840259,-0.02700424685418462,3.4023771024307963
2021,2022-01-20,2021020706,PHI,CBJ,0.0,-1.0,3.0,shot_microstats,1289,0.5300330238151286,0.17291944911198975,4.261359983448977,0.4161873393338944,-0.3712569178864778,4.022913771108588
2021,2022-01-20,2021020707,PIT,OTT,1.0,1.0,7.0,shot_microstats,1289,0.6621422815271253,1.053009988996998,4.236280597863944,0.7405185881055248,1.3497540255069516,4.442530968530359
2021,2022-01-20,2021020708,NSH,WPG,1.0,3.0,5.0,shot_microstats,1289,0.5103742940947089,0.07691817959310487,4.038431106301361,0.4247335581093246,-0.3671628772973795,3.915620657603992
2021,2022-01-20,2021020709,EDM,FLA,0.0,-3.0,3.0,shot_microstats,1289,0.3042617236547687,-1.1249033199127232,4.33336825106052,0.30543651039659425,-1.0825105351023354,4.547376565218742
2021,2022-01-20,2021020710,VGK,MTL,0.0,-1.0,3.0,shot_microstats,1289,0.6144772301236429,0.69727191542777,4.183602904852046,0.7199332430086555,1.1602806454478072,4.447951178331911
2021,2022-01-20,2021020711,LAK,COL,0.0,-2.0,2.0,shot_microstats,1289,0.5343439907529307,0.21235905943621872,3.9889684098775913,0.5423134490284135,0.19075345864191046,3.8937605182558874
2021,2022-01-20,2021020712,SEA,SJS,1.0,2.0,4.0,shot_microstats,1289,0.5463595880320079,0.2905555442684221,3.841283154534789,0.4409792260330923,-0.1983054481909548,3.67388795963716
2021,2022-01-21,2021020714,NYI,ARI,1.0,4.0,4.0,shot_microstats,1289,0.6007785805976147,0.6006428893742074,3.926906076174907,0.6091104825224697,0.6285409205683086,4.439702179378688
2021,2022-01-21,2021020715,CAR,NYR,1.0,3.0,5.0,shot_microstats,1289,0.6416791283599916,0.881738972934909,4.124026175850019,0.7600756631924196,1.3907672110751446,3.8323926854186214
2021,2022-01-21,2021020716,CBJ,PIT,0.0,-2.0,4.0,shot_microstats,1289,0.297730065433157,-1.1674292772819217,4.253713356723141,0.27503728221186996,-1.3945184355078468,4.388498594297851
2021,2022-01-21,2021020717,CHI,MIN,0.0,-4.0,6.0,shot_microstats,1289,0.5060831812164546,0.08483446774434533,3.7342648057575665,0.4926355802428627,-0.05216927474207254,4.118114320689487
2021,2022-01-21,2021020719,ANA,TBL,1.0,2.0,4.0,shot_microstats,1289,0.4684036977748476,-0.14496448635062453,4.005457551622515,0.46625878389483905,-0.2393148934145864,3.6755633852979632
2021,2022-01-21,2021020720,SEA,STL,0.0,-2.0,2.0,shot_microstats,1289,0.5161013214007004,0.11602229237834094,3.9499093958639646,0.41137032653780453,-0.41232181849825855,3.671554703142459
2021,2022-01-22,2021020722,BUF,PHI,1.0,1.0,5.0,shot_microstats,1289,0.5078309818086206,0.06477211691833518,4.020119230442776,0.5192048157787247,0.03445311455971467,3.7848805578847413
2021,2022-01-22,2021020724,NJD,CAR,1.0,2.0,10.0,shot_microstats,1289,0.3978253111285419,-0.5610620594917133,4.316546985976471,0.4257373499905565,-0.34071144025833466,4.540124535010341
2021,2022-01-22,2021020725,NYR,ARI,1.0,1.0,7.0,shot_microstats,1289,0.5979212889888417,0.5859416386001197,3.8210522199556944,0.6767012897901036,0.8291860332100724,3.9490292797113247
2021,2022-01-22,2021020727,NSH,DET,1.0,1.0,3.0,shot_microstats,1289,0.6195348698095886,0.7197002965343262,3.975634135198554,0.7013446292047508,0.975282137418251,4.255666053821253
2021,2022-01-22,2021020728,MIN,CHI,0.0,-2.0,2.0,shot_microstats,1289,0.6513469590549688,0.9255240581610449,3.801689758008585,0.6291995766394272,0.7707090612357419,3.870964842578364
2021,2022-01-22,2021020729,COL,MTL,0.0,-1.0,1.0,shot_microstats,1289,0.6930000174446116,1.244212854347206,3.910312626230259,0.7852868302736654,1.6740793386367154,4.222583216527637
2021,2022-01-22,2021020731,SJS,TBL,0.0,-5.0,7.0,shot_microstats,1289,0.46631153168649464,-0.15327587762611405,3.9792838008158293,0.44802455649613626,-0.3610294094305043,3.7094493645385076
2021,2022-01-22,2021021211,NYI,TOR,0.0,-1.0,3.0,shot_microstats,1289,0.37166384446745143,-0.7000409610504326,4.233078788296567,0.31714176608613437,-0.9273263349797305,4.197967878209367
2021,2022-01-23,2021020732,NJD,LAK,0.0,-1.0,3.0,shot_microstats,1289,0.42375966712495694,-0.41613551472140653,4.291994705671619,0.436602416614477,-0.3189229597404698,4.410783386180617
2021,2022-01-23,2021020733,PIT,WPG,1.0,1.0,3.0,shot_microstats,1289,0.5545152575864695,0.3176746149234331,4.285359504931103,0.4969277261452368,0.002470054730007498,4.034620455809147
2021,2022-01-23,2021020734,CBJ,OTT,0.0,-1.0,3.0,shot_microstats,1289,0.445448905754947,-0.2894828610353193,4.205724898849663,0.5087312298265474,-0.20371833797862993,4.553748101887518
2021,2022-01-23,2021020735,VAN,STL,0.0,-1.0,3.0,shot_microstats,1289,0.5375593909501877,0.22226479002160465,4.1149730599558465,0.49582904506844655,-0.07197544339638588,3.8901196429718095
2021,2022-01-23,2021020736,SEA,FLA,1.0,2.0,6.0,shot_microstats,1289,0.3317813120626394,-0.9315228958267547,3.9764361310361824,0.23836081221377253,-1.297809830742433,3.862988444812989
2021,2022-01-24,2021020737,BOS,ANA,0.0,-1.0,5.0,shot_microstats,1289,0.6578116974552357,0.9874043939402624,4.01806604587518,0.6889619984877058,1.0892341485134747,4.233214232535345
2021,2022-01-24,2021020739,PHI,DAL,0.0,-1.0,3.0,shot_microstats,1289,0.4568318474211703,-0.1990699088197141,3.9350238348960804,0.4904788323633851,-0.09529878459426111,3.7027568815208265
2021,2022-01-24,2021020740,WSH,VGK,0.0,-1.0,1.0,shot_microstats,1289,0.5297379564691416,0.17848776850226092,4.108150774739702,0.55595116954152,0.2913607637877377,4.204669881442312
2021,2022-01-24,2021020741,MIN,MTL,1.0,5.0,9.0,shot_microstats,1289,0.6534877357706158,0.948521525927666,3.938793904056559,0.6988562563665299,1.156774740534057,4.320182317883057
2021,2022-01-24,2021020742,COL,CHI,1.0,1.0,1.0,shot_microstats,1289,0.6709656575582829,1.062266707952845,3.7856889806507854,0.7016345803173719,1.1177233887636722,3.8283386525434824
2021,2022-01-24,2021020743,CGY,STL,1.0,4.0,6.0,shot_microstats,1289,0.610025129309771,0.679315916634911,4.31835440337783,0.6269207807191635,0.6089011170599229,3.998573532065234
2021,2022-01-25,2021020744,OTT,BUF,1.0,4.0,4.0,shot_microstats,1289,0.5736981181839828,0.4359849927650773,4.004141748773749,0.5747839937571187,0.226998347045492,4.486831246457238
2021,2022-01-25,2021020745,NJD,DAL,0.0,-4.0,4.0,shot_microstats,1289,0.49841168933122404,0.0055071722074411245,4.111105497272074,0.5599084356141864,0.1830435554720672,4.207951343632598
2021,2022-01-25,2021020746,NYI,PHI,1.0,1.0,5.0,shot_microstats,1289,0.5561528176700403,0.32884984500627124,4.137730358444029,0.501155401596483,0.16508700666743548,4.622198819656012
2021,2022-01-25,2021020747,PIT,ARI,1.0,2.0,6.0,shot_microstats,1289,0.7148670982206968,1.462337482516689,4.062125764406602,0.7862406748215279,1.7692713336541162,4.324787464891149
2021,2022-01-25,2021020748,CAR,VGK,0.0,-1.0,5.0,shot_microstats,1289,0.5116903121294126,0.06424179149842857,4.346452006573545,0.5668952838984066,0.33840137363266254,3.926087282928828
2021,2022-01-25,2021020749,WPG,FLA,0.0,-3.0,7.0,shot_microstats,1289,0.3645163711331094,-0.7537679464476321,4.3597073703642195,0.38062826002127353,-0.6023987133128903,4.2803574130877315
2021,2022-01-25,2021020750,VAN,EDM,0.0,-2.0,2.0,shot_microstats,1289,0.5481989312138394,0.2834597796863756,4.10883196467358,0.5370152639085514,0.22350361156380885,4.016438032474538
2021,2022-01-25,2021020751,SEA,NSH,0.0,-2.0,4.0,shot_microstats,1289,0.5432374513074699,0.29280925088752907,3.642765419700698,0.5124441477746913,0.027414760705116753,3.3998841736513556
2021,2022-01-26,2021020752,TOR,ANA,0.0,-3.0,3.0,shot_microstats,1289,0.6011743546548342,0.6170507590888903,4.302506705360951,0.685402928209056,0.9447599097140619,4.698463032577303
2021,2022-01-26,2021020754,WSH,SJS,0.0,-2.0,4.0,shot_microstats,1289,0.618336159602678,0.7126357079659946,3.999067888941214,0.607584861221267,0.5566848554833277,4.045217214318206
2021,2022-01-26,2021020755,CBJ,CGY,0.0,-6.0,6.0,shot_microstats,1289,0.2794759731362562,-1.3002583130600311,4.233554175481759,0.26873591805919556,-1.4463294846800183,4.455094185856778
2021,2022-01-26,2021020756,COL,BOS,1.0,1.0,3.0,shot_microstats,1289,0.5214777666719663,0.16586390396097395,3.742096583569406,0.5277489713800284,0.2066485568029891,3.7580324227747135
2021,2022-01-27,2021020757,MTL,ANA,0.0,-1.0,5.0,shot_microstats,1289,0.46384127577195683,-0.17181779898103988,4.028567305053063,0.46694982837256,-0.24706325098470017,3.9065676105035654
2021,2022-01-27,2021020761,NYI,LAK,0.0,-1.0,3.0,shot_microstats,1289,0.43227114452579324,-0.3530113231413894,4.136049521185016,0.3770845939684902,-0.4745582006609122,4.491011985842495
2021,2022-01-27,2021020762,PIT,SEA,0.0,-1.0,1.0,shot_microstats,1289,0.6793674564337587,1.144292842932849,3.9668897805632675,0.7495902864812174,1.4867138454831779,4.1309959257878255
2021,2022-01-27,2021020763,CBJ,NYR,1.0,1.0,5.0,shot_microstats,1289,0.4709576631061151,-0.144409076000667,4.12961955254397,0.5683563633408331,0.05395939917975934,4.448202289335196
2021,2022-01-27,2021020764,STL,CGY,1.0,3.0,5.0,shot_microstats,1289,0.33349942043552344,-0.929751322768984,4.237665929262088,0.3382583912428868,-0.9625940423727827,4.538602602848878
2021,2022-01-27,2021020765,WPG,VAN,0.0,-2.0,4.0,shot_microstats,1289,0.548030929298138,0.28261715616701455,4.105775731016465,0.5919455680304907,0.4853286606585657,4.043771182560578
2021,2022-01-28,2021020769,CHI,COL,1.0,1.0,5.0,shot_microstats,1289,0.4916656927020606,0.009519682681357944,3.7230416382189073,0.43748415843995997,-0.3379466960514211,3.9683358641658746
2021,2022-01-28,2021020770,DAL,WSH,0.0,-3.0,3.0,shot_microstats,1289,0.529317239253191,0.1948449011102099,3.8719613570389937,0.570795855879609,0.2567282587861609,3.896788080038583
2021,2022-01-29,2021020772,MTL,EDM,0.0,-6.0,8.0,shot_microstats,1289,0.4308335481017661,-0.35771150928244455,4.107832724567009,0.38158074064514996,-0.5996203315430262,3.8761047514997236
2021,2022-01-29,2021020773,OTT,ANA,0.0,-1.0,3.0,shot_microstats,1289,0.5010013547914595,0.02195810556837713,4.084169322019365,0.5317908199449032,0.06602347150513235,4.333608686358561
2021,2022-01-29,2021020774,DET,TOR,0.0,-2.0,8.0,shot_microstats,1289,0.3398502295095611,-0.8873634879803056,4.194975471589617,0.34996409780444,-0.9445426612745625,4.106823156416144
2021,2022-01-29,2021020775,TBL,VGK,0.0,-1.0,3.0,shot_microstats,1289,0.53167270833995,0.18682789730845217,4.153813601090388,0.5744444512146132,0.3778096021662708,4.4090969362363746
2021,2022-01-29,2021020776,FLA,SJS,1.0,2.0,6.0,shot_microstats,1289,0.658871448779294,1.0573806972744078,4.384229251584037,0.7221092549774026,1.2416750551551388,3.9297990287810496
2021,2022-01-29,2021020778,PHI,LAK,1.0,1.0,3.0,shot_microstats,1289,0.37821681968321136,-0.652819519262966,4.1306855211302285,0.3535287942936813,-0.6844455643880923,3.9464041583048286
2021,2022-01-29,2021020779,CAR,NJD,1.0,1.0,3.0,shot_microstats,1289,0.5523816293914663,0.30738463541506467,4.41683536353363,0.5374722014755857,0.2540983354043068,3.978001814009468
2021,2022-01-29,2021020780,STL,WPG,0.0,-2.0,2.0,shot_microstats,1289,0.4353785307093576,-0.3497272458515043,4.260741044397727,0.38523049077671356,-0.7082290829919365,4.325448156907086
2021,2022-01-29,2021020782,ARI,BUF,0.0,-2.0,2.0,shot_microstats,1289,0.5776208329597148,0.469849524482079,3.7812037628992727,0.5340293136182526,0.108234194317651,3.759933283416996
2021,2022-01-30,2021020783,MTL,CBJ,0.0,-2.0,6.0,shot_microstats,1289,0.5518344495212539,0.3023066024139255,4.185983651315076,0.4311828773272471,-0.3542087821456872,4.032940894243918
2021,2022-01-30,2021020784,NYI,MIN,0.0,-1.0,5.0,shot_microstats,1289,0.49056860703334754,-0.01999022829950481,3.9415051626659205,0.43957916784608225,-0.16804100105499564,4.26280552615865
2021,2022-01-30,2021020785,NYR,SEA,1.0,1.0,3.0,shot_microstats,1289,0.543302674185133,0.285083000983809,3.721528383090442,0.6243102024218669,0.5953281084322448,3.775774220687456
2021,2022-01-30,2021020786,PIT,LAK,0.0,-2.0,4.0,shot_microstats,1289,0.5324371741922512,0.1878565831135106,4.230649186872297,0.5616994562466502,0.3739471849285628,4.3384768330108106
2021,2022-01-30,2021020787,CAR,SJS,1.0,1.0,3.0,shot_microstats,1289,0.5983486131151298,0.6004115989266552,4.3301696778808445,0.6140675190588648,0.6203153862460293,3.8508027017854545
2021,2022-01-30,2021020789,DAL,BOS,1.0,4.0,6.0,shot_microstats,1289,0.48162541082860294,-0.05072233826492201,3.786386005826765,0.47249514689693517,-0.10482823335778153,3.805944714374839
2021,2022-01-30,2021020790,COL,BUF,1.0,1.0,3.0,shot_microstats,1289,0.6960056770943023,1.263454608563492,3.8766415104091565,0.7598141270121038,1.4039355088746994,4.194083100560891
2021,2022-01-31,2021020791,OTT,EDM,0.0,-1.0,3.0,shot_microstats,1289,0.4603401877174285,-0.20515797610709363,4.165762047698174,0.4485349702174473,-0.2711678652272085,4.345882224268215
2021,2022-01-31,2021020793,CBJ,FLA,0.0,-4.0,10.0,shot_microstats,1289,0.2158567660031751,-1.8391685091254963,4.364283036940987,0.19842165512244545,-1.9784481201867536,4.496383947561667
2021,2022-01-31,2021020794,CHI,VAN,0.0,-1.0,3.0,shot_microstats,1289,0.52378662694694,0.16970577418015298,3.8239542606146046,0.46860597237117446,-0.1218593441291722,4.181430945860894
2021,2022-02-01,2021020795,BOS,SEA,0.0,-1.0,3.0,shot_microstats,1289,0.7105960974641974,1.3606744946964586,3.722170354389794,0.7347567250447261,1.4770731700343818,3.9440504683686726
2021,2022-02-01,2021020798,NJD,TOR,0.0,-6.0,8.0,shot_microstats,1289,0.3867076100623167,-0.62625566611726,4.346617867023269,0.40667806516001753,-0.6190073447932138,4.129416507439359
2021,2022-02-01,2021020799,NYI,OTT,1.0,1.0,3.0,shot_microstats,1289,0.5588739855643593,0.34516495189014085,4.126264459856756,0.5418341313870014,0.286034447055027,4.480303804692929
2021,2022-02-01,2021020800,NYR,FLA,1.0,1.0,3.0,shot_microstats,1289,0.27579066590102286,-1.3309123079083323,4.163273755083104,0.25872569107347204,-1.3770057727646943,4.073191481955078
2021,2022-02-01,2021020801,PHI,WPG,1.0,2.0,2.0,shot_microstats,1289,0.4102893922302964,-0.4726160536080215,4.133894678944588,0.3101135271565779,-0.9514244676292353,3.6082760749252256
2021,2022-02-01,2021020802,PIT,WSH,0.0,-1.0,1.0,shot_microstats,1289,0.5672713607454699,0.3969584793729223,4.041446234725985,0.6088279097654858,0.5057669225337813,4.076777855573321
2021,2022-02-01,2021020803,NSH,VAN,1.0,1.0,5.0,shot_microstats,1289,0.5661305940882433,0.40198357718923533,3.821737725108222,0.5628509247635446,0.3489719443391835,4.088257912844164
2021,2022-02-01,2021020804,DAL,CGY,0.0,-1.0,7.0,shot_microstats,1289,0.41414540625853213,-0.44033038987873097,4.026829549365555,0.40109183664670317,-0.5119630235838301,4.016993920680899
2021,2022-02-01,2021020805,COL,ARI,1.0,1.0,3.0,shot_microstats,1289,0.7079937254275446,1.3451918788473667,3.765425948464642,0.7955312314054336,1.7831313982687327,4.013405348897759
2021,2022-02-01,2021020806,VGK,BUF,1.0,1.0,5.0,shot_microstats,1289,0.6419152138343249,0.8870722680658174,4.155133507392396,0.6954540798064143,0.9782277143429086,4.338712354921955
2021,2022-02-02,2021020777,NYI,SEA,0.0,-2.0,2.0,shot_microstats,1289,0.5823057153697956,0.49252998916820373,3.853745161608703,0.5736337278797833,0.5118967821216687,4.2421148948861385
2021,2022-02-02,2021020808,WSH,EDM,1.0,1.0,5.0,shot_microstats,1289,0.5593818008199604,0.3486857331780674,4.105669847986807,0.598177251183844,0.4988885073605039,4.2200584516608055
2021,2022-02-02,2021020809,CHI,MIN,0.0,-4.0,4.0,shot_microstats,1289,0.5095671986676814,0.1001778044098911,3.7633424044576875,0.4943192569303694,-0.05453078798196823,4.041649986518212
2021,2022-02-02,2021020810,ARI,CGY,0.0,-2.0,6.0,shot_microstats,1289,0.32360100043718854,-0.9888912506658167,3.8724877714449835,0.23588940732190178,-1.420301364640864,3.5409527349357557
2021,2022-02-07,2021021128,OTT,NJD,1.0,4.0,4.0,shot_microstats,1289,0.45054175438833965,-0.2622597589941924,4.207811300823211,0.38544456488507917,-0.5790813318197319,4.387152253499204
2021,2022-02-08,2021020487,VAN,ARI,1.0,2.0,4.0,shot_microstats,1289,0.6691742439208802,1.0532028039350514,3.837666738217228,0.7088514302910405,1.1895529581321538,4.02745310160775
2021,2022-02-08,2021020510,OTT,CAR,1.0,1.0,5.0,shot_microstats,1289,0.36145145155692276,-0.7564058389584125,4.196054390888347,0.35706774847845596,-0.6778848498478134,4.543804334455329
2021,2022-02-08,2021020523,BOS,PIT,0.0,-1.0,3.0,shot_microstats,1289,0.5564215375917059,0.3381132023649731,3.9581360622300163,0.5048579194572149,0.1475213999792812,3.9248444040843924
2021,2022-02-08,2021020664,EDM,VGK,0.0,-2.0,2.0,shot_microstats,1289,0.4589990372424065,-0.22470477762693314,4.289728070937899,0.5185673758980314,0.015160745352743303,4.411877334240652
2021,2022-02-08,2021020666,MTL,NJD,0.0,-5.0,7.0,shot_microstats,1289,0.41301308612004256,-0.4591527349229061,4.148118857958078,0.3276921758978996,-0.8758278543360656,3.9646226646400513
2021,2022-02-08,2021021293,WSH,CBJ,0.0,-2.0,4.0,shot_microstats,1289,0.6779186580456269,1.1723358584895922,4.195193763855145,0.6350585472048531,0.8376990144098577,4.350027306555885
2021,2022-02-09,2021020503,SEA,ARI,0.0,-2.0,4.0,shot_microstats,1289,0.6596123897750801,0.9776593196837456,3.656398321454441,0.6624592559046889,0.9862295408660904,3.7899928415979653
2021,2022-02-09,2021020530,DAL,NSH,0.0,-1.0,5.0,shot_microstats,1289,0.5780068273347962,0.46900127426054505,3.8294034198053217,0.6259693616659191,0.46061440743487214,3.7292113816074117
2021,2022-02-09,2021020598,VAN,NYI,0.0,-3.0,9.0,shot_microstats,1289,0.5534987317371283,0.31859465741461057,4.009039361556561,0.493146100112884,0.11732330438346278,3.651852737020245
2021,2022-02-09,2021020676,CGY,VGK,1.0,5.0,5.0,shot_microstats,1289,0.5932014131882468,0.5680399555475755,4.356387039357763,0.650590547132972,0.814537846447742,4.198105615528823
2021,2022-02-09,2021020694,PHI,DET,0.0,-1.0,7.0,shot_microstats,1289,0.5173456646646547,0.10804386735872798,4.128027576414674,0.5665385377999097,0.26758716359600226,3.9428396087026174
2021,2022-02-09,2021020699,EDM,CHI,0.0,-2.0,2.0,shot_microstats,1289,0.5781029344479065,0.4612367226786803,4.047560411633305,0.6152799442589456,0.5114705066860967,4.2516941412471
2021,2022-02-10,2021020462,CGY,TOR,1.0,2.0,6.0,shot_microstats,1289,0.5306832454687407,0.17452311954396205,4.376550769777786,0.5909894884724967,0.34984664899653733,3.9749894875467042
2021,2022-02-10,2021020477,COL,TBL,0.0,-1.0,3.0,shot_microstats,1289,0.5488451685824052,0.3047489657436232,3.8351588029963026,0.608376950338516,0.4711436314123815,3.5996610872853285
2021,2022-02-10,2021020494,BOS,CAR,0.0,-4.0,4.0,shot_microstats,1289,0.5421601853023699,0.2506174981536086,4.073139074522227,0.5279372218156833,0.323807351183643,4.308300155630786
2021,2022-02-10,2021020529,STL,NJD,0.0,-1.0,7.0,shot_microstats,1289,0.43790449778708873,-0.34296221556591333,4.327214655609294,0.4289390610798502,-0.4878145220404234,4.623429097832527
2021,2022-02-10,2021020559,OTT,PIT,0.0,-1.0,1.0,shot_microstats,1289,0.39066574020735756,-0.57575194495772,4.066896305270178,0.3504208707657805,-0.7757978530688998,4.124395754486016
2021,2022-02-10,2021020587,MTL,WSH,0.0,-3.0,5.0,shot_microstats,1289,0.4157719395491418,-0.41555231788869973,3.856919131825315,0.3864489471669477,-0.6406743422547106,3.6828009535180675
2021,2022-02-11,2021020506,DAL,WPG,1.0,1.0,5.0,shot_microstats,1289,0.5272155027370423,0.167900392091767,4.056150958020788,0.46461808078230465,-0.18379026189414774,3.8172457328100955
2021,2022-02-11,2021020519,ARI,TBL,0.0,-2.0,6.0,shot_microstats,1289,0.42424761644886244,-0.3624009340067169,3.7891239153605483,0.3702568636566028,-0.6672877125637839,3.20841866035448
2021,2022-02-11,2021020623,EDM,NYI,1.0,2.0,2.0,shot_microstats,1289,0.5234252514956159,0.13599950711128317,4.234624288183231,0.5357145334534622,0.2253707919591418,4.084027593879557
2021,2022-02-11,2021021033,ANA,SEA,0.0,-2.0,6.0,shot_microstats,1289,0.5602593034397801,0.36810806200596663,3.834554482773677,0.5898095109270849,0.4915712790046946,3.786266170434018
2021,2022-02-12,2021020445,MIN,CAR,1.0,2.0,4.0,shot_microstats,1289,0.46127628807709653,-0.1917170929615346,4.0859427431899995,0.43747044640527594,-0.14161234260809147,4.322416126421403
2021,2022-02-12,2021020479,VAN,TOR,1.0,2.0,2.0,shot_microstats,1289,0.4202550550542415,-0.41508200791190597,4.106653975089596,0.41595994828290045,-0.510215435648591,3.7657481869059404
2021,2022-02-12,2021020499,NSH,WPG,1.0,1.0,1.0,shot_microstats,1289,0.5242616393312701,0.15835440187374117,3.9718425854050583,0.46632175739465687,-0.19716710331267645,3.9474279768533638
2021,2022-02-12,2021020543,OTT,BOS,0.0,-2.0,2.0,shot_microstats,1289,0.4026398666713137,-0.48925811477771797,3.844382080608108,0.3596498352480136,-0.6997222443474198,4.030087313968229
2021,2022-02-12,2021020642,CGY,NYI,1.0,4.0,6.0,shot_microstats,1289,0.6609480527909863,1.0515244884620025,4.277838884267504,0.6707715492482235,1.14793863425377,3.8919371131111955
2021,2022-02-12,2021020788,STL,CHI,1.0,4.0,4.0,shot_microstats,1289,0.5410064730396927,0.24674535256853172,4.028424053761412,0.567537901687286,0.18030052845774605,4.379320426066787
2021,2022-02-12,2021020811,DET,PHI,1.0,1.0,3.0,shot_microstats,1289,0.5303788999435792,0.1811365444013623,4.124128868254071,0.5297319828592961,0.1593510166442303,4.526001909580092
2021,2022-02-13,2021020526,WSH,OTT,0.0,-3.0,3.0,shot_microstats,1289,0.6270206919482183,0.7704209480236375,4.007041079389244,0.6874533494921125,0.952112020283324,4.269485783506661
2021,2022-02-13,2021020563,DAL,COL,0.0,-3.0,3.0,shot_microstats,1289,0.5510539177162422,0.31953623005622717,3.8044687060612263,0.5444045483696648,0.20775846469468878,3.703515514249149
2021,2022-02-13,2021020614,MTL,BUF,0.0,-1.0,7.0,shot_microstats,1289,0.5392049465574047,0.24265077865438792,3.9446617356963047,0.518222172262567,-0.05006233270286016,4.076392920628863
2021,2022-02-13,2021020817,NJD,PIT,0.0,-1.0,5.0,shot_microstats,1289,0.4280851435632373,-0.3876479824664889,4.245882417991118,0.4114723758196354,-0.4702568796498716,4.208736896078868
2021,2022-02-14,2021020488,SEA,TOR,0.0,-2.0,4.0,shot_microstats,1289,0.39695677985099126,-0.5296853300151989,3.9478398951969607,0.35569436835864016,-0.7297856883019097,3.56690288830447
2021,2022-02-14,2021020517,MIN,DET,1.0,1.0,5.0,shot_microstats,1289,0.6388364891835516,0.8513581456255062,4.013164766870991,0.6796430330423973,0.9906742819425982,4.196356642986751
2021,2022-02-14,2021020522,SJS,EDM,0.0,-3.0,3.0,shot_microstats,1289,0.46253255103360363,-0.19934994381903537,4.225220689119858,0.44947534393593613,-0.25467994874467587,4.204102908482088
2021,2022-02-14,2021020548,WPG,CHI,0.0,-1.0,3.0,shot_microstats,1289,0.6023928496498946,0.6107775422386998,4.016975388683774,0.670186344378694,0.8316717235199262,3.9860258031405955
2021,2022-02-15,2021020478,CGY,CBJ,1.0,3.0,7.0,shot_microstats,1289,0.7281066772436874,1.7198336353203398,4.453301349143384,0.6968738649904259,1.425099050896161,4.411184061190645
2021,2022-02-15,2021020495,OTT,STL,0.0,-2.0,4.0,shot_microstats,1289,0.4853354655864258,-0.06984519620867607,4.160187114380964,0.4205134778738174,-0.5144780508454163,4.149381169494513
2021,2022-02-15,2021020507,LAK,EDM,0.0,-1.0,5.0,shot_microstats,1289,0.5434735080382848,0.2511398420112003,4.310886730629419,0.5940629107624957,0.47060075764266424,4.210099781944696
2021,2022-02-15,2021020514,PIT,PHI,0.0,-2.0,6.0,shot_microstats,1289,0.6606796113816595,1.0337221781715606,4.192642491291312,0.7061776142606968,1.2830310132155092,4.3888231467542695
2021,2022-02-15,2021020524,BUF,NYI,0.0,-1.0,5.0,shot_microstats,1289,0.4600030897283279,-0.18973974597040022,4.004909278928499,0.4256780085137916,-0.35538781303576006,3.343194451318538
2021,2022-02-15,2021020631,NJD,TBL,0.0,-4.0,8.0,shot_microstats,1289,0.46051385204375567,-0.2037796519596955,4.161467740801571,0.4775016455926568,-0.23804429877557862,3.9818829785519916
2021,2022-02-15,2021021095,NSH,WSH,0.0,-1.0,3.0,shot_microstats,1289,0.5431411739927144,0.27861927945794296,3.7789160219110727,0.5798841857472105,0.2983315082052585,3.961365640083914
2021,2022-02-16,2021020500,CGY,ANA,1.0,1.0,3.0,shot_microstats,1289,0.6730940371145469,1.1500961343330665,4.277126353253497,0.7541949174738287,1.5039391024769704,4.323657670430394
2021,2022-02-16,2021020527,CAR,FLA,1.0,1.0,3.0,shot_microstats,1289,0.3832561698296221,-0.6577187323055158,4.45791179690938,0.3672456020090263,-0.6344565737734621,4.12770387786767
2021,2022-02-16,2021020535,VGK,COL,0.0,-1.0,1.0,shot_microstats,1289,0.5133742901334248,0.09498963549034334,4.018441991850469,0.5115438833460279,0.06827649582810316,3.8372701054312843
2021,2022-02-16,2021020633,WPG,MIN,1.0,2.0,6.0,shot_microstats,1289,0.5331665620515826,0.20735455992657068,3.9697204809504454,0.6139765064457842,0.5396755689211553,3.886760871411677
2021,2022-02-17,2021020493,EDM,ANA,1.0,5.0,7.0,shot_microstats,1289,0.5468580016391719,0.2725788554814038,4.205343697104279,0.6525210593693636,0.6616344866179092,4.448177827804948
2021,2022-02-17,2021020496,PHI,WSH,0.0,-1.0,5.0,shot_microstats,1289,0.4418767831219392,-0.2800998818078666,3.9410405069974312,0.42161451081175677,-0.40975128086641077,3.679914478859334
2021,2022-02-17,2021020502,SJS,VAN,0.0,-3.0,5.0,shot_microstats,1289,0.4957362764351395,-0.0007022017337059427,4.022978934591854,0.4349131811538322,-0.28112116088618666,4.084491732368389
2021,2022-02-17,2021020525,NYR,DET,0.0,-1.0,3.0,shot_microstats,1289,0.531844479522787,0.19685817460428978,4.011107573639145,0.6282051210863209,0.5060194016783223,3.991809578724164
2021,2022-02-17,2021020538,CHI,CBJ,0.0,-2.0,8.0,shot_microstats,1289,0.5883088719617366,0.5240283704066944,4.127980317549515,0.4742608856281784,-0.15420338179197632,4.484042406482084
2021,2022-02-17,2021020621,WPG,SEA,1.0,1.0,5.0,shot_microstats,1289,0.6068343593520837,0.6381489016848527,3.9182022282421665,0.7073616888824564,1.0887893913465416,3.964322517980916
2021,2022-02-17,2021021006,NYI,BOS,1.0,1.0,3.0,shot_microstats,1289,0.43736519100846377,-0.30035751229953833,3.900463347315056,0.3591889477277181,-0.5494943760442312,4.18915016435219
2021,2022-02-17,2021021228,BUF,OTT,0.0,-2.0,2.0,shot_microstats,1289,0.5055356080440886,0.05570595415743207,3.984893677889631,0.5464443432268778,0.09236749199433791,3.6794872709936848
2021,2022-02-18,2021020476,MIN,FLA,0.0,-3.0,3.0,shot_microstats,1289,0.3831028331773626,-0.6244256697882182,4.127372213809251,0.320583020112719,-0.8156337403118126,4.290766072193289
2021,2022-02-18,2021020485,CAR,NSH,1.0,2.0,4.0,shot_microstats,1289,0.6116346815715874,0.6720305419043191,4.081205551251172,0.6620295092246169,0.7506699425771398,3.668089375174693
2021,2022-02-18,2021020521,VGK,LAK,1.0,1.0,3.0,shot_microstats,1289,0.46506965130879885,-0.18961817118445962,4.267191199781638,0.4963826489815065,0.041770329099161396,4.293215572251802
2021,2022-02-19,2021020504,BUF,COL,0.0,-1.0,7.0,shot_microstats,1289,0.41255447125519956,-0.42704080151774715,3.768143196050619,0.4021535667970577,-0.597593463722362,3.2247491222126734
2021,2022-02-19,2021020509,TOR,STL,0.0,-3.0,7.0,shot_microstats,1289,0.5972881459744876,0.5970734387419818,4.3703936589827626,0.6035237565050203,0.4835569866179833,4.413020690036075
2021,2022-02-19,2021020518,CGY,SEA,1.0,1.0,3.0,shot_microstats,1289,0.7147021476872657,1.4495342188479707,4.015168154959665,0.7804601630430642,1.7700437520594468,4.029668323886283
2021,2022-02-19,2021020520,VAN,ANA,0.0,-2.0,8.0,shot_microstats,1289,0.5671697698006838,0.3974542874947988,4.0097284475700405,0.6102763165438159,0.5041520478670993,4.070637583148712
2021,2022-02-19,2021020681,WPG,EDM,0.0,-1.0,1.0,shot_microstats,1289,0.499215931918022,-0.002569999849770299,4.2737190314923845,0.5795054080726819,0.36320555705884616,4.190345591881927
2021,2022-02-20,2021020491,NYI,MTL,0.0,-1.0,3.0,shot_microstats,1289,0.6165419939365724,0.7051894737092188,4.095361330541791,0.617162322593861,0.7519014685778076,4.6454997712364925
2021,2022-02-20,2021020515,CBJ,BUF,1.0,3.0,9.0,shot_microstats,1289,0.5108814136189912,0.06963536036960509,4.164542204006479,0.5586069129183717,-0.028061548247268073,4.567962368026453
2021,2022-02-20,2021020648,EDM,MIN,0.0,-4.0,8.0,shot_microstats,1289,0.521334493209067,0.138169692273583,4.021474221347657,0.5756736508069369,0.3345811275091856,4.093668943568576
2021,2022-02-20,2021021161,SJS,VGK,0.0,-1.0,3.0,shot_microstats,1289,0.4245905022476006,-0.40136995215031956,4.1977778460997195,0.4124709852799544,-0.46425625907434376,4.196296970670596
2021,2022-02-20,2021021304,PIT,CAR,0.0,-1.0,5.0,shot_microstats,1289,0.4934277259044149,-0.03373968839111724,4.259531670523199,0.5390133420047364,0.28649952561956055,4.3957932929970545
2021,2022-02-21,2021020508,BOS,COL,1.0,4.0,4.0,shot_microstats,1289,0.6152646616989996,0.6920787033178368,3.7848239110109634,0.5774392849066685,0.4910915694911727,3.7723056104859225
2021,2022-02-21,2021020534,VAN,SEA,1.0,2.0,4.0,shot_microstats,1289,0.6086321603313615,0.6528146214814805,3.7494022603444317,0.6367730768194002,0.7296265170212994,3.806883781659604
2021,2022-02-21,2021020601,MTL,TOR,1.0,3.0,7.0,shot_microstats,1289,0.31923909590859084,-1.0171794895892514,4.106028377080925,0.29308609431141075,-1.232425460804886,3.698730383083689
2021,2022-02-22,2021020536,ANA,SJS,1.0,1.0,5.0,shot_microstats,1289,0.5383325100876629,0.22723625475730136,4.103922010176745,0.5126977707602396,0.05652325456170004,3.9236704172537
2021,2022-02-22,2021020595,SEA,NYI,0.0,-2.0,6.0,shot_microstats,1289,0.5336625329584591,0.21997755605580005,3.8551948238057716,0.4515461918190386,-0.047509921205032946,3.46444150673931
2021,2022-02-22,2021020848,PHI,STL,0.0,-1.0,3.0,shot_microstats,1289,0.46321612171230947,-0.18709739037635797,4.1405785295605995,0.38748336419541957,-0.6054299935135533,3.7440730753500624
2021,2022-02-23,2021020490,DET,COL,0.0,-3.0,5.0,shot_microstats,1289,0.4252620378219551,-0.36740088572424234,3.9084613244863946,0.40046170961313066,-0.5646165920376837,4.0385227256528715
2021,2022-02-23,2021020814,ARI,LAK,0.0,-1.0,5.0,shot_microstats,1289,0.3816979901568556,-0.6163664333405605,3.917516074763946,0.33380643777420693,-0.7584280644669037,3.7124161604935493
2021,2022-02-23,2021021273,MTL,BUF,1.0,2.0,2.0,shot_microstats,1289,0.5515407810355246,0.3102889786157602,3.9616163378564715,0.5206352428039301,-0.028256362274125146,4.120850179612071
2021,2022-02-24,2021020497,PIT,NJD,0.0,-4.0,4.0,shot_microstats,1289,0.5579843616161978,0.33945689000789536,4.3235465839019325,0.5473618317111246,0.286595386147215,4.299668806922924
2021,2022-02-24,2021020815,TOR,MIN,1.0,1.0,3.0,shot_microstats,1289,0.5913379627421087,0.542731974332898,4.111596980531631,0.627836783809907,0.6711100023036137,4.2767038069272685
2021,2022-02-24,2021020816,FLA,CBJ,0.0,-3.0,7.0,shot_microstats,1289,0.734825405468335,1.8568860804424956,4.60189781716906,0.7537124873208945,1.811276080809948,4.275874839086471
2021,2022-02-24,2021020818,NYR,WSH,1.0,3.0,5.0,shot_microstats,1289,0.4614738297313664,-0.16689423847294593,3.8670494700558558,0.4964320625988206,-0.13222441813079133,3.780006628239873
2021,2022-02-24,2021020820,VAN,CGY,1.0,1.0,3.0,shot_microstats,1289,0.3806368602914872,-0.6307079391833446,4.0337660800889,0.34253318127109517,-0.8044027150894133,3.9455506198097607
2021,2022-02-24,2021020821,SJS,NYI,0.0,-2.0,4.0,shot_microstats,1289,0.4856314545370194,-0.06397081021376916,4.114493264265083,0.4349863304803995,-0.2530612092525315,3.8949540666368145
2021,2022-02-24,2021020822,SEA,BOS,0.0,-1.0,3.0,shot_microstats,1289,0.4503366721140091,-0.20486218989605476,3.636536523019986,0.3778531501750218,-0.4705290443085425,3.5619481143389433
2021,2022-02-25,2021020823,CAR,CBJ,1.0,3.0,3.0,shot_microstats,1289,0.6536088866378204,1.0324825264181285,4.461381733496216,0.6091714120844147,0.7649764929017684,4.255603702276466
2021,2022-02-25,2021020824,CHI,NJD,0.0,-2.0,8.0,shot_microstats,1289,0.4691113179251274,-0.14877061670013403,4.076278895006151,0.3891607355337358,-0.5932528961262779,4.327848785040308
2021,2022-02-25,2021020825,STL,BUF,1.0,1.0,5.0,shot_microstats,1289,0.6235438394175877,0.7573439733468315,4.159566291253428,0.6756683486662699,0.7077897800161027,4.676597002353749
2021,2022-02-25,2021020826,COL,WPG,1.0,4.0,8.0,shot_microstats,1289,0.5702766477359237,0.4155777011824784,4.011952875089004,0.5633139851853711,0.3022586680067401,3.70126562797234
2021,2022-02-25,2021020827,ARI,VGK,1.0,1.0,3.0,shot_microstats,1289,0.4025031339434306,-0.4999307848918444,3.969188820273777,0.3538543300916789,-0.7093615702908465,3.6069939597806777
2021,2022-02-25,2021020828,ANA,LAK,0.0,-1.0,3.0,shot_microstats,1289,0.42414613470637047,-0.39302947739364247,4.098803560875996,0.4233007095746306,-0.30313166011348824,4.118210651577908
2021,2022-02-26,2021020830,OTT,MTL,0.0,-2.0,2.0,shot_microstats,1289,0.581353773791428,0.4809578429144057,4.039192465535546,0.6250475143524542,0.626347542727397,4.476082729123238
2021,2022-02-26,2021020831,FLA,EDM,0.0,-1.0,3.0,shot_microstats,1289,0.6091404757471071,0.6942123082072098,4.478213168871511,0.7126693954629453,1.1684265998581767,4.0299087246581475
2021,2022-02-26,2021020832,PHI,WSH,1.0,1.0,1.0,shot_microstats,1289,0.4427402140516263,-0.2753788912867505,3.9404957178108875,0.41899805647010174,-0.4222434068454687,3.6821653831125767
2021,2022-02-26,2021020834,NSH,TBL,0.0,-1.0,1.0,shot_microstats,1289,0.5024355157526819,0.05502322324439435,3.830471727998643,0.5279209942378517,0.0369507371538097,3.8010544547569185
2021,2022-02-26,2021020836,VGK,COL,0.0,-1.0,5.0,shot_microstats,1289,0.5155930067770939,0.104284685375681,4.051195161255028,0.5161197240575761,0.08558027862722602,3.8662865518967475
2021,2022-02-26,2021020837,LAK,NYI,1.0,2.0,6.0,shot_microstats,1289,0.5875452166732067,0.5210993804639614,4.197346185407783,0.596540529703376,0.5886613886020846,3.8558075659476887
2021,2022-02-26,2021020838,SJS,BOS,0.0,-3.0,3.0,shot_microstats,1289,0.4062638750682907,-0.47109046172791214,3.878832080074131,0.3670390969255471,-0.6442944526991544,3.9277132586076515
2021,2022-02-26,2021021275,DET,TOR,0.0,-2.0,16.0,shot_microstats,1289,0.3426068562809156,-0.8696340578550878,4.185329107404794,0.34801743965812565,-0.9332816110358076,4.1577378627435575
2021,2022-02-27,2021020839,NYR,VAN,0.0,-1.0,5.0,shot_microstats,1289,0.491811737451683,-0.008028272305236284,3.891451814285211,0.473075608150118,-0.09566038022757704,3.920274190537251
2021,2022-02-27,2021020842,CHI,STL,0.0,-3.0,3.0,shot_microstats,1289,0.5041240027202665,0.0454413117503053,4.0126527685525275,0.4322860333225272,-0.4796085547769985,4.1126281678124466
2021,2022-02-27,2021020843,DAL,BUF,1.0,1.0,5.0,shot_microstats,1289,0.6825678719274325,1.1720853832589349,3.984799352416803,0.7162924337941234,1.134953866506942,4.282157912256868
2021,2022-02-27,2021020844,ARI,WPG,0.0,-1.0,7.0,shot_microstats,1289,0.424121730357734,-0.37785928979152894,3.9514119057547092,0.3170448384382375,-0.9497509033038148,3.3726879799045903
2021,2022-02-27,2021020845,ANA,NYI,0.0,-3.0,3.0,shot_microstats,1289,0.5091580910400261,0.06597254774726011,4.088889249272315,0.4811038281720443,-0.00493031525927784,3.732038523125979
2021,2022-02-27,2021020846,SJS,SEA,1.0,2.0,4.0,shot_microstats,1289,0.5530181001891672,0.3264694279253475,3.8515127498535477,0.5656157156386519,0.32712708732224205,3.9907183860868884
2021,2022-02-28,2021020847,NJD,VAN,1.0,4.0,8.0,shot_microstats,1289,0.5246893190201609,0.1449097189405636,4.198831027644794,0.48919628750001454,-0.013782519476872326,4.391625718243609
2021,2022-02-28,2021020849,WSH,TOR,0.0,-2.0,4.0,shot_microstats,1289,0.45188208624320864,-0.24328044777558122,4.097537623715454,0.49252129941422224,-0.14445277175649268,4.051085658177513
2021,2022-02-28,2021020850,LAK,BOS,0.0,-5.0,5.0,shot_microstats,1289,0.5138133691426205,0.10230018412064534,3.964377217455524,0.5356609041460548,0.20889462485323798,3.8971569856648096
2021,2022-03-01,2021020851,DET,CAR,1.0,1.0,5.0,shot_microstats,1289,0.35264473235883653,-0.8092042639102601,4.198490422255166,0.34964539959746926,-0.7400459628771214,4.502550251292995
2021,2022-03-01,2021020852,TBL,OTT,1.0,2.0,6.0,shot_microstats,1289,0.6471297568096511,0.914709768690007,4.065557876086043,0.6907014230585925,1.0510934396993044,4.410653048754321
2021,2022-03-01,2021020853,PHI,EDM,0.0,-1.0,1.0,shot_microstats,1289,0.4170830707523228,-0.4351953525177825,4.132612811047741,0.40021148969943526,-0.46024445920318824,3.8303041989836037
2021,2022-03-01,2021020854,CBJ,NJD,1.0,2.0,4.0,shot_microstats,1289,0.356098448866315,-0.8065533097391133,4.398083398998627,0.3310705351398222,-1.0360542269722866,4.528876988151723
2021,2022-03-01,2021020855,MIN,CGY,0.0,-1.0,3.0,shot_microstats,1289,0.4173285167166515,-0.41729367712935916,3.9716560244358985,0.35702177393392115,-0.6442375108124494,4.113160783624952
2021,2022-03-01,2021020856,WPG,MTL,0.0,-1.0,5.0,shot_microstats,1289,0.6179672071128774,0.7200514738835455,4.171419864621008,0.7383464378115594,1.2815088628649212,4.3868889706090775
2021,2022-03-01,2021020858,VGK,SJS,1.0,2.0,4.0,shot_microstats,1289,0.5990462159619705,0.5980049377646774,4.2406762092827455,0.6050635653154504,0.5611474028867216,4.110016161283162
2021,2022-03-01,2021020859,ANA,BOS,0.0,-1.0,5.0,shot_microstats,1289,0.43265773098220883,-0.3206481198288982,3.8447557890936483,0.4066806509314307,-0.395332162169393,3.7847404707922028
2021,2022-03-02,2021020860,TOR,BUF,0.0,-3.0,5.0,shot_microstats,1289,0.715605307192945,1.5267117390822609,4.266224401985948,0.7586355984245958,1.5755122013051377,4.716759531256056
2021,2022-03-02,2021020862,DAL,LAK,1.0,1.0,5.0,shot_microstats,1289,0.49111152375959677,-0.02848391698168007,4.052787841319475,0.5187595764308199,0.1322487359520883,4.196709058781784
2021,2022-03-02,2021020863,SEA,NSH,1.0,1.0,5.0,shot_microstats,1289,0.5627744959454192,0.3970255360975098,3.6597450697717524,0.525683576303123,0.10299639178131065,3.464923562732132
2021,2022-03-03,2021020864,TBL,PIT,0.0,-2.0,4.0,shot_microstats,1289,0.509796145241322,0.07512538060032697,4.023339752628543,0.5094526363894342,0.07244296372609543,4.178267944783437
2021,2022-03-03,2021020865,FLA,OTT,1.0,1.0,1.0,shot_microstats,1289,0.7143589898585191,1.5583607903082273,4.397581461935309,0.8139594148807355,2.0461767141445706,4.059794317100916
2021,2022-03-03,2021020866,NYI,VAN,0.0,-1.0,7.0,shot_microstats,1289,0.5199731226485399,0.12912350469833972,4.040907794128309,0.43413500098489133,-0.1657407075727393,4.3412108510485945
2021,2022-03-03,2021020867,PHI,MIN,0.0,-2.0,8.0,shot_microstats,1289,0.4573885932982194,-0.1876188294352854,3.856133174890785,0.4214627372980349,-0.3419575083839236,3.574514546042827
2021,2022-03-03,2021020868,WSH,CAR,1.0,2.0,2.0,shot_microstats,1289,0.47237333101880347,-0.13400265433014025,4.102158105825182,0.5099757836783293,0.1196232959407928,4.380072948145488
2021,2022-03-03,2021020869,CHI,EDM,1.0,3.0,3.0,shot_microstats,1289,0.47022661433235813,-0.13397877336968733,3.993782820467064,0.45836671981109056,-0.2527241047947833,4.193234514080567
2021,2022-03-03,2021020870,CGY,MTL,0.0,-1.0,5.0,shot_microstats,1289,0.7363299146103304,1.722484640549224,4.231691722887324,0.8197629796971493,2.1824515713855086,4.383713200276761
2021,2022-03-03,2021020871,ARI,COL,1.0,1.0,3.0,shot_microstats,1289,0.4118335018145978,-0.4291734969421177,3.7373263122444382,0.3447331630674487,-0.7823166840123036,3.3216540151231855
2021,2022-03-03,2021020872,VGK,BOS,0.0,-3.0,5.0,shot_microstats,1289,0.4817784235285048,-0.07566492275391157,4.024950533828429,0.4874553364683695,-0.013317734597298667,3.998142504455141
2021,2022-03-04,2021020874,TBL,DET,0.0,-1.0,1.0,shot_microstats,1289,0.6481842282964163,0.9258880940280725,4.097450073331372,0.7354531300325533,1.2791859466998168,4.459772245192318
2021,2022-03-04,2021020875,NYR,NJD,1.0,2.0,4.0,shot_microstats,1289,0.4284383236884648,-0.37736218701067226,4.169070564800634,0.39854713130248964,-0.5298624112220779,4.086726139303226
2021,2022-03-04,2021020878,WPG,DAL,0.0,-1.0,5.0,shot_microstats,1289,0.4919028697692721,-0.02628207769999258,4.073954996708135,0.6076292074043579,0.4281326320707425,4.030044480347042
2021,2022-03-04,2021020879,ANA,VGK,0.0,-3.0,7.0,shot_microstats,1289,0.44247103956617284,-0.29855526744893846,4.141075601088824,0.44223770803724016,-0.2870326719979168,4.03945469660769
2021,2022-03-05,2021020880,TOR,VAN,0.0,-1.0,7.0,shot_microstats,1289,0.6073269711107961,0.6500381777825632,4.195912448321677,0.6027541724945078,0.6315388959997664,4.435024509024237
2021,2022-03-05,2021020881,FLA,DET,1.0,2.0,6.0,shot_microstats,1289,0.7223755983261961,1.6556339712936596,4.442000510454849,0.8489263232989588,2.3629259867482255,4.093651383444565
2021,2022-03-05,2021020882,NYI,STL,1.0,1.0,1.0,shot_microstats,1289,0.49195308834308377,-0.037239070320294165,4.199694290018962,0.40499304821408144,-0.47036756688052267,4.250520575225007
2021,2022-03-05,2021020883,PHI,CHI,1.0,1.0,7.0,shot_microstats,1289,0.5221525090388076,0.15316942651212484,3.902813130890737,0.4870541607978149,-0.044078805821909234,3.7199113382583007
2021,2022-03-05,2021020885,CBJ,BOS,0.0,-1.0,5.0,shot_microstats,1289,0.3338966354120562,-0.9177170669251677,3.9981860302529855,0.3312881044976696,-1.0099451478434158,4.206227822133923
2021,2022-03-05,2021020887,EDM,MTL,1.0,1.0,3.0,shot_microstats,1289,0.6162200846049609,0.7085326041442987,4.176241490930235,0.7201063820420959,1.1668389263909988,4.6040215531880655
2021,2022-03-05,2021020888,ARI,OTT,1.0,2.0,10.0,shot_microstats,1289,0.5042714984790294,0.05549638810073798,3.9189801189857874,0.4857268741250776,-0.08497267271337072,3.7085112410115384
2021,2022-03-05,2021020889,SJS,NSH,0.0,-7.0,7.0,shot_microstats,1289,0.5089100281196077,0.08385298668521446,3.884379430245094,0.49947892717082315,-0.15497436339051243,3.7408810623993065
2021,2022-03-06,2021020890,BUF,LAK,0.0,-1.0,1.0,shot_microstats,1289,0.36321908489812793,-0.7333365550970221,4.021343634024324,0.3725261433227987,-0.7043464577704948,3.7180407744396753
2021,2022-03-06,2021020893,CHI,TBL,0.0,-3.0,9.0,shot_microstats,1289,0.47413931524595077,-0.0944516529786279,3.8222107427506833,0.4570768112117685,-0.34904062280618664,3.806133854307077
2021,2022-03-06,2021020894,MIN,DAL,0.0,-1.0,3.0,shot_microstats,1289,0.562657196903996,0.3819446820081901,3.829012299583782,0.5819175721929296,0.45439846703701087,3.959764838898148
2021,2022-03-06,2021020895,WPG,NYR,0.0,-3.0,3.0,shot_microstats,1289,0.6015647018585353,0.6078175472446385,4.111551945148521,0.7468249650281266,1.2551184137750133,4.1816151060018285
2021,2022-03-06,2021020896,VGK,OTT,1.0,1.0,1.0,shot_microstats,1289,0.6203066544247905,0.7410711608607907,4.225134129459143,0.6691882265217696,0.9239342972770705,4.232022671148941
2021,2022-03-06,2021020897,ANA,SJS,1.0,1.0,3.0,shot_microstats,1289,0.5650754019917508,0.38353810603821803,4.057985899142864,0.5467508724447718,0.2328045750866065,3.9494225403527508
2021,2022-03-07,2021020532,CGY,EDM,1.0,1.0,3.0,shot_microstats,1289,0.6106150272164559,0.6852239111530354,4.334358512423696,0.6654257915179659,0.9310723596502427,4.161460826880975
2021,2022-03-07,2021020898,BOS,LAK,1.0,1.0,3.0,shot_microstats,1289,0.5770194135923556,0.4559433371260566,3.9939331814771473,0.5613567664476238,0.45124242287172955,4.190437793207905
2021,2022-03-07,2021020899,BUF,FLA,0.0,-3.0,5.0,shot_microstats,1289,0.2516413269126025,-1.5339295262825638,4.123987738652376,0.2271434611110496,-1.6685784267495136,3.669829169806359
2021,2022-03-07,2021020900,NYI,COL,0.0,-3.0,5.0,shot_microstats,1289,0.46751087998552093,-0.14064171255564406,3.922129385009101,0.4005235011695585,-0.41256212646589596,4.0571978673766145
2021,2022-03-07,2021020901,CBJ,TOR,0.0,-4.0,6.0,shot_microstats,1289,0.2939951009739925,-1.194333978039876,4.2913929299735365,0.32070493632982383,-1.2255812102115275,4.228489207234579
2021,2022-03-08,2021020902,TOR,SEA,0.0,-1.0,5.0,shot_microstats,1289,0.6619668936692977,1.0241340476090608,4.064794432570854,0.7309270546356714,1.3222387340172306,4.342598871596318
2021,2022-03-08,2021020903,DET,ARI,0.0,-9.0,9.0,shot_microstats,1289,0.5727631434261227,0.43012914928813006,4.015191386157302,0.6110817484421115,0.4929912798294075,4.3483464352654915
2021,2022-03-08,2021020904,NJD,COL,1.0,1.0,3.0,shot_microstats,1289,0.4688289780756474,-0.1555168765689261,4.126489850406824,0.4439919951659983,-0.34510945828059536,4.119401424593889
2021,2022-03-08,2021020905,PHI,VGK,1.0,2.0,2.0,shot_microstats,1289,0.39260192904921776,-0.5721116080667774,4.144254850071381,0.3635409965777489,-0.6676621113309118,3.902231303061506
2021,2022-03-08,2021020906,PIT,FLA,0.0,-1.0,5.0,shot_microstats,1289,0.3931968204547681,-0.5850732340962306,4.300883457177494,0.3881448635668771,-0.5109055738212193,4.290533706462299
2021,2022-03-08,2021020907,CHI,ANA,1.0,3.0,7.0,shot_microstats,1289,0.5328218255198187,0.21235635921491308,3.8885553748753807,0.56682519368539,0.18985522370998487,4.217934764949846
2021,2022-03-08,2021020910,MIN,NYR,1.0,3.0,5.0,shot_microstats,1289,0.6672426246190221,1.0415287469799321,3.86638625368882,0.7245796464979412,1.2859879415955027,4.172174225700575
2021,2022-03-08,2021020911,WPG,TBL,0.0,-1.0,7.0,shot_microstats,1289,0.4809294368205044,-0.08565838431934414,4.0779840265168295,0.545117826589931,0.10299419147222563,3.7852175730968396
2021,2022-03-08,2021020912,CGY,WSH,0.0,-1.0,7.0,shot_microstats,1289,0.6386386218734426,0.8563111229474274,4.088093923974367,0.6988420609794496,1.030170708090401,3.946140115294014
2021,2022-03-09,2021020913,EDM,WSH,1.0,1.0,3.0,shot_microstats,1289,0.5287970919987244,0.17715981548303342,4.049402394733346,0.5831514898842509,0.29657660211705383,4.1458118458126885
2021,2022-03-10,2021020693,NYI,CBJ,1.0,3.0,3.0,shot_microstats,1289,0.5706865753117842,0.41758482869105373,4.288199484162846,0.44381954064713713,-0.13576355545188296,4.6185608896961305
2021,2022-03-10,2021020921,NJD,WPG,0.0,-2.0,2.0,shot_microstats,1289,0.48647062001930574,-0.07947680357761194,4.3644806556585545,0.42984399416204694,-0.4047459126521904,4.172738164292757
2021,2022-03-10,2021020923,CAR,COL,1.0,1.0,1.0,shot_microstats,1289,0.5522679547770871,0.30665277313714223,4.119252102604723,0.5457390363544211,0.27068161253774925,3.6955693720852447
2021,2022-03-10,2021020924,STL,NYR,1.0,5.0,5.0,shot_microstats,1289,0.5720169394337786,0.4237908347469874,4.111912487915152,0.6983248460828078,0.8338109908637357,4.545040686009924
2021,2022-03-10,2021020925,NSH,ANA,1.0,1.0,3.0,shot_microstats,1289,0.5723542618068949,0.43358238917027625,3.8803882222999824,0.6342523854500796,0.5958338163071255,4.1950430025454155
2021,2022-03-10,2021020926,CGY,TBL,1.0,2.0,4.0,shot_microstats,1289,0.5999359735508971,0.5986733508486943,4.146476763640304,0.6454763585171293,0.6825087233269239,3.782487509364001
2021,2022-03-10,2021020927,LAK,SJS,1.0,1.0,3.0,shot_microstats,1289,0.643203586484174,0.9006226018984398,4.187454396770781,0.6754184327558085,0.9438465632260278,4.088929522965282
2021,2022-03-11,2021020928,NYI,WPG,1.0,1.0,5.0,shot_microstats,1289,0.4787638302646182,-0.1067507157765531,4.174530906860586,0.3662090814819059,-0.5634411150320584,4.131105401134827
2021,2022-03-11,2021020929,PIT,VGK,1.0,2.0,4.0,shot_microstats,1289,0.5335459051110492,0.19420461068458672,4.232353250403209,0.5726924686046607,0.3732811690497708,4.20926810648231
2021,2022-03-11,2021020930,CBJ,MIN,0.0,-1.0,1.0,shot_microstats,1289,0.38070272816024214,-0.6279983997161223,4.00309623170502,0.4177856547565169,-0.623940514664604,4.140120717233578
2021,2022-03-11,2021020931,VAN,WSH,1.0,1.0,3.0,shot_microstats,1289,0.5380090167879301,0.23924282540350683,3.905472533858608,0.5400982843180149,0.13379534388471775,3.814349377081502
2021,2022-03-12,2021020932,BOS,ARI,1.0,1.0,5.0,shot_microstats,1289,0.7600789434021579,1.8624557243219013,3.897392736210287,0.785080561168043,1.9382331253927465,4.192331340704586
2021,2022-03-12,2021020933,MTL,SEA,1.0,2.0,4.0,shot_microstats,1289,0.518961617367361,0.1472124866804574,3.7915045394843885,0.5268756162628001,0.12438944720283648,3.7510814067204765
2021,2022-03-12,2021020934,OTT,CHI,0.0,-3.0,7.0,shot_microstats,1289,0.5350981801752089,0.22339416659850106,3.9042837847599112,0.5247125715426172,0.05605948584249862,4.1578471158677175
2021,2022-03-12,2021020936,CAR,PHI,1.0,1.0,3.0,shot_microstats,1289,0.661430669981476,1.05906278910735,4.296136397158664,0.694130190753643,1.2976126732604785,4.191290878699896
2021,2022-03-12,2021020937,NSH,STL,0.0,-1.0,5.0,shot_microstats,1289,0.5512171692659206,0.3062636447328415,3.9975031035848563,0.5270518825466155,0.0372025023139797,4.059616863872642
2021,2022-03-12,2021020938,DAL,NYR,0.0,-2.0,8.0,shot_microstats,1289,0.6429642045887132,0.8761809882545182,3.959216629918807,0.7609994464607218,1.4051709298020987,4.10093383687155
2021,2022-03-12,2021020939,CGY,DET,1.0,1.0,1.0,shot_microstats,1289,0.7079557513496643,1.4652373158411316,4.303054956902053,0.8056896787578458,1.9157446060939534,4.342937658395984
2021,2022-03-12,2021020940,EDM,TBL,1.0,1.0,3.0,shot_microstats,1289,0.49426203615514797,-0.015750528492227744,4.097360862686295,0.542360622760467,0.06930015216657373,3.9644276621488768
2021,2022-03-12,2021020941,SJS,LAK,1.0,3.0,3.0,shot_microstats,1289,0.3918131150855413,-0.5706323444031765,4.082247301103612,0.37478557092266157,-0.6159640255125037,4.166029337574907
2021,2022-03-13,2021020942,BUF,TOR,1.0,2.0,6.0,shot_microstats,1289,0.31852422352441395,-1.0216507242839263,4.07757526382407,0.34509544678521037,-1.0120014824177168,3.487125790379979
2021,2022-03-13,2021020943,NYI,ANA,1.0,3.0,5.0,shot_microstats,1289,0.5244554565730244,0.1505823988237451,4.08422259414457,0.5315103986101422,0.1924221489913367,4.391490700255729
2021,2022-03-13,2021020944,PHI,MTL,1.0,2.0,4.0,shot_microstats,1289,0.5346389220631217,0.21095206960268012,4.030894776703712,0.5658923779185518,0.36147226735989385,4.029580905952188
2021,2022-03-13,2021020945,PIT,CAR,1.0,1.0,3.0,shot_microstats,1289,0.48485742059801606,-0.08100802003834265,4.2601566347130335,0.5207731598563792,0.22540666490431302,4.404018754800893
2021,2022-03-13,2021020946,CBJ,VGK,1.0,1.0,7.0,shot_microstats,1289,0.32893576603139996,-0.9599721353776443,4.260636620570707,0.3567886407692751,-0.9544253143844309,4.3887742932926495
2021,2022-03-13,2021020947,STL,WPG,0.0,-2.0,4.0,shot_microstats,1289,0.4648496110513774,-0.1890441746935072,4.248350575898568,0.43862594549346945,-0.4475253613666843,4.248695053624218
2021,2022-03-13,2021020948,MIN,NSH,0.0,-1.0,5.0,shot_microstats,1289,0.6308050254894352,0.789846462904228,3.7366171561349586,0.6249412569959332,0.6261601502962812,3.7910003952395672
2021,2022-03-13,2021020949,COL,CGY,1.0,1.0,1.0,shot_microstats,1289,0.4460407022086108,-0.26668388600567017,4.024814262929831,0.461500822305374,-0.19426362355150495,4.003665041002543
2021,2022-03-13,2021020950,VAN,TBL,0.0,-1.0,3.0,shot_microstats,1289,0.49389614407469046,-0.003679411029362867,3.9551970585119727,0.4832574379928145,-0.14977502432639878,3.657369436297313
2021,2022-03-15,2021020953,TOR,DAL,1.0,2.0,2.0,shot_microstats,1289,0.5862370757632956,0.5128115276070586,4.1983167334902465,0.6547414442312419,0.7816973788359614,4.315091669255297
2021,2022-03-15,2021020954,MTL,ARI,0.0,-1.0,5.0,shot_microstats,1289,0.5844773869127468,0.5014990690635802,3.951357628352301,0.5988868713010723,0.4690021771427996,3.984832117865237
2021,2022-03-15,2021020955,NYR,ANA,0.0,-1.0,3.0,shot_microstats,1289,0.4856677954110898,-0.04882754280638468,3.96714626652767,0.5500245357237418,0.13696703871510166,3.959973948318179
2021,2022-03-15,2021020956,WSH,NYI,1.0,1.0,5.0,shot_microstats,1289,0.5889441928737779,0.5273028840249947,4.018514887785983,0.6056984417056418,0.6030693644550935,3.938222313654292
2021,2022-03-15,2021020958,NSH,PIT,1.0,2.0,4.0,shot_microstats,1289,0.473369953136719,-0.10610543561622454,3.8916281361690954,0.46746670163762033,-0.160206642867142,4.014551330801599
2021,2022-03-15,2021020959,WPG,VGK,1.0,3.0,7.0,shot_microstats,1289,0.46133280344673927,-0.21001233285014947,4.268353234228879,0.5388767205907745,0.09972013301919663,4.184477563708897
2021,2022-03-15,2021020960,EDM,DET,1.0,1.0,9.0,shot_microstats,1289,0.6162860796149625,0.7144399122165233,4.238068053591942,0.7317599355205203,1.1661553145522026,4.44653552549887
2021,2022-03-15,2021020961,VAN,NJD,1.0,2.0,8.0,shot_microstats,1289,0.4655358697501962,-0.18469186034257962,4.241678213322128,0.3927701712514101,-0.5218740572091727,4.153714240392642
2021,2022-03-15,2021020962,LAK,COL,0.0,-1.0,1.0,shot_microstats,1289,0.5492807618635668,0.2946385843385358,4.008603356967111,0.5525798109183024,0.2597228700807013,3.81939934996654
2021,2022-03-16,2021020964,OTT,CBJ,0.0,-2.0,4.0,shot_microstats,1289,0.562423212175691,0.3655009472446109,4.241936790067324,0.4526778757148251,-0.20770858647486914,4.438961088915885
2021,2022-03-16,2021020965,MIN,BOS,1.0,1.0,3.0,shot_microstats,1289,0.5145967688450966,0.13317613736384204,3.7055864410726227,0.4616305373241767,-0.038022229409093056,3.9034420460290127
2021,2022-03-16,2021020966,CGY,NJD,1.0,2.0,8.0,shot_microstats,1289,0.5730439243231849,0.44150122455293905,4.445614211829469,0.5611733363685577,0.35499370634086486,4.357425629187646
2021,2022-03-16,2021020967,SEA,TBL,0.0,-2.0,2.0,shot_microstats,1289,0.4843760179059273,-0.033486506107911485,3.7623349433657407,0.42994417773325827,-0.3006286060844119,3.4125279029724083
2021,2022-03-17,2021020328,NYR,NYI,0.0,-1.0,1.0,shot_microstats,1289,0.4915619893918984,-0.023266462399602728,4.024604686979392,0.4898784639941128,-0.024610929045307435,3.6941242078030676
2021,2022-03-17,2021020968,TOR,CAR,1.0,2.0,4.0,shot_microstats,1289,0.4859515475612378,-0.08493706679193302,4.408001989821721,0.5380095179980917,0.2558991582547688,4.6903147694392056
2021,2022-03-17,2021020969,MTL,DAL,0.0,-2.0,4.0,shot_microstats,1289,0.4438291499225967,-0.268787613115115,3.933745681267156,0.44336831629566453,-0.3145213744465938,3.7406883577689416
2021,2022-03-17,2021020971,CBJ,WSH,0.0,-3.0,5.0,shot_microstats,1289,0.38739734762905637,-0.5933294763093682,4.054419132483308,0.4331607134666484,-0.5997499321029234,4.164153636030659
2021,2022-03-17,2021020973,EDM,BUF,1.0,3.0,5.0,shot_microstats,1289,0.6428470041439911,0.8917653826704526,4.1377749734906715,0.7026783302169107,0.9974500407220239,4.4934317138900814
2021,2022-03-17,2021020974,VAN,DET,0.0,-1.0,1.0,shot_microstats,1289,0.596350836426997,0.5740056626739756,4.094562978097208,0.6653545998847781,0.7938063989655316,4.157075070626782
2021,2022-03-17,2021020975,VGK,FLA,1.0,1.0,5.0,shot_microstats,1289,0.3669715215020347,-0.7358620126392852,4.322703480388661,0.3582062110253431,-0.6640262178752465,4.2393758965935975
2021,2022-03-17,2021020976,LAK,SJS,1.0,1.0,1.0,shot_microstats,1289,0.648023438373368,0.93202290844552,4.155989480606274,0.6794270069165074,0.9798625203125202,4.079003742219144
2021,2022-03-18,2021020978,CAR,WSH,1.0,1.0,5.0,shot_microstats,1289,0.5956938738986626,0.5705698053485633,4.122597155911331,0.6328858296847495,0.696683553069301,3.772565609551466
2021,2022-03-18,2021020981,ANA,FLA,0.0,-2.0,2.0,shot_microstats,1289,0.32844353251330294,-0.9585433502645375,4.173485504155643,0.2827911679368105,-1.0808990761614519,4.0555805510517695
2021,2022-03-19,2021020983,MTL,OTT,1.0,4.0,4.0,shot_microstats,1289,0.5034196921786874,0.04125568058738183,4.016731929778472,0.5039252331911426,-0.017114414778402948,3.958401360237964
2021,2022-03-19,2021020984,TBL,NYR,0.0,-1.0,1.0,shot_microstats,1289,0.667276603619755,1.057084552505699,4.0097103353030565,0.768636337076781,1.5081995404550261,4.435007374396623
2021,2022-03-19,2021020986,CBJ,STL,1.0,3.0,5.0,shot_microstats,1289,0.40926415211878403,-0.4945573531522003,4.285036768369341,0.39623047206334133,-0.806985745481952,4.2647836799662056
2021,2022-03-19,2021020987,NSH,TOR,1.0,2.0,6.0,shot_microstats,1289,0.4068039116799989,-0.4796985983688602,4.012321883223905,0.4527019302735827,-0.3605575029394732,4.07645843011402
2021,2022-03-19,2021020988,MIN,CHI,1.0,1.0,3.0,shot_microstats,1289,0.6728153445188951,1.0730471057762792,3.747136999314579,0.6572262310889454,0.9202196001761782,3.985040120803839
2021,2022-03-19,2021020989,EDM,NJD,1.0,1.0,7.0,shot_microstats,1289,0.47068079248888617,-0.1701721912356816,4.404859947301486,0.46813647001646985,-0.21523584295943837,4.455016674315877
2021,2022-03-19,2021020990,VAN,CGY,0.0,-3.0,5.0,shot_microstats,1289,0.37696372130375183,-0.6570314403703432,4.095128573466245,0.3279362602492611,-0.8997798064560779,3.997914487638332
2021,2022-03-19,2021020991,ARI,PIT,0.0,-2.0,4.0,shot_microstats,1289,0.3351879775064307,-0.9086056606575381,3.913183977007446,0.2795688557750645,-1.1860320561110655,3.682404174784395
2021,2022-03-19,2021020992,VGK,LAK,1.0,1.0,3.0,shot_microstats,1289,0.48971383936580637,-0.050667774171863585,4.214033408683481,0.5351222084362545,0.20757303370014724,4.2418384211552
2021,2022-03-19,2021020993,SEA,DET,1.0,2.0,4.0,shot_microstats,1289,0.5889551756744905,0.5292624161616006,3.9152353163118407,0.6238326763992899,0.6414490985248966,3.93131495244026
2021,2022-03-20,2021020996,CAR,NYR,0.0,-1.0,1.0,shot_microstats,1289,0.6749013857142935,1.148589938706241,4.200219799742454,0.7776107566655331,1.682527685085082,4.083607306778134
2021,2022-03-20,2021020997,CHI,WPG,0.0,-1.0,7.0,shot_microstats,1289,0.4762701281353126,-0.1007608021633688,3.984462358006826,0.3918725903118769,-0.616243710976607,3.8963886533438594
2021,2022-03-20,2021020999,SJS,ARI,1.0,2.0,4.0,shot_microstats,1289,0.6137825608478575,0.6826196981288506,3.9806544636940284,0.6244312750816997,0.6252123418537232,4.110626508886623
2021,2022-03-21,2021020646,MTL,BOS,0.0,-2.0,2.0,shot_microstats,1289,0.3688572601855136,-0.6897222529572158,3.8069926040714193,0.3210365300169971,-0.9047221791896817,3.7175391106012077
2021,2022-03-21,2021021001,MIN,VGK,1.0,2.0,2.0,shot_microstats,1289,0.5432297367811283,0.26254104231679476,3.9782072005345728,0.5303600450385697,0.22331872413169934,4.030596304945532
2021,2022-03-21,2021021002,COL,EDM,0.0,-1.0,1.0,shot_microstats,1289,0.5508451154680131,0.3007421770603602,4.062042002621,0.6166262791098569,0.6206653159776593,4.017188343016697
2021,2022-03-22,2021021004,DET,PHI,1.0,1.0,7.0,shot_microstats,1289,0.517428748622896,0.10920044391371467,4.118228848031427,0.5162280600270777,0.11996576025856287,4.4549504670915265
2021,2022-03-22,2021021005,NJD,NYR,1.0,3.0,9.0,shot_microstats,1289,0.6032685209015037,0.6296171868001199,4.284165555920184,0.7051835506018445,0.9967502425537134,4.4837696437445835
2021,2022-03-22,2021021007,PIT,CBJ,1.0,4.0,4.0,shot_microstats,1289,0.6945303861896354,1.352414258443185,4.341113847808816,0.6481707210301078,1.0487485694517016,4.409863189027863
2021,2022-03-22,2021021008,WSH,STL,0.0,-2.0,4.0,shot_microstats,1289,0.5909757376592343,0.5398627104638043,4.068108619976737,0.5810998289139238,0.327639296773115,4.0853976971558845
2021,2022-03-22,2021021010,DAL,EDM,1.0,1.0,5.0,shot_microstats,1289,0.5223880209131306,0.13685730476376678,4.116553880821893,0.5669961429315857,0.36622437098777233,4.125836496883372
2021,2022-03-22,2021021011,WPG,VGK,1.0,2.0,2.0,shot_microstats,1289,0.44907605340501827,-0.2774140404759783,4.278358257296997,0.528526089271045,0.03494000202424938,4.186815272998126
2021,2022-03-22,2021021012,CGY,SJS,0.0,-2.0,6.0,shot_microstats,1289,0.716168541094234,1.522168047023062,4.234119081721463,0.7437566618648248,1.5769416199782096,4.143009647495265
2021,2022-03-22,2021021013,LAK,NSH,1.0,2.0,4.0,shot_microstats,1289,0.6269436952619251,0.7676290520465943,3.955425457984935,0.6665728941267892,0.7776689477238304,3.8038643593530916
2021,2022-03-22,2021021017,ARI,SEA,0.0,-2.0,4.0,shot_microstats,1289,0.4725843504469678,-0.09341411509973652,3.7345641923081985,0.4737555700568293,-0.1445136243741057,3.754433070972012
2021,2022-03-22,2021021021,NYI,OTT,1.0,2.0,2.0,shot_microstats,1289,0.5361154891266203,0.21475201579879283,4.102494115717943,0.5289339898385772,0.20548981067914987,4.400376410110829
2021,2022-03-23,2021021014,BUF,PIT,1.0,2.0,4.0,shot_microstats,1289,0.3451610313659635,-0.8434164759739335,3.9535512711290868,0.3313206507500704,-0.9584753289192174,3.459586195821653
2021,2022-03-23,2021021016,COL,VAN,0.0,-2.0,2.0,shot_microstats,1289,0.6157503992407498,0.6943397763083536,3.9295246773183035,0.6354954077295429,0.7932940084264126,3.9741983631229583
2021,2022-03-23,2021021018,ANA,CHI,1.0,1.0,3.0,shot_microstats,1289,0.5845286569219713,0.5033137145900197,3.9050776948633175,0.5689910561313352,0.35362748322683835,3.9539656644330012
2021,2022-03-24,2021020545,NYI,DET,1.0,2.0,6.0,shot_microstats,1289,0.5601866820890202,0.3521787169610495,4.16884378889378,0.5993491587803005,0.5080597957347431,4.524796132210797
2021,2022-03-24,2021020675,WPG,OTT,0.0,-2.0,4.0,shot_microstats,1289,0.56072654998595,0.35513428045184603,4.20308864742993,0.6658458215415051,0.7631672616524393,4.2347772913393005
2021,2022-03-24,2021021019,BOS,TBL,1.0,2.0,4.0,shot_microstats,1289,0.6180302069075245,0.7085275623640164,3.8962068204420888,0.5977980920045632,0.5645701191039245,3.7483627910508934
2021,2022-03-24,2021021020,MTL,FLA,0.0,-2.0,4.0,shot_microstats,1289,0.26705662163833827,-1.4036428451084006,4.117538122247569,0.22415197976839246,-1.5846560833227148,3.915121134483895
2021,2022-03-24,2021021022,CAR,DAL,0.0,-1.0,5.0,shot_microstats,1289,0.5829423413846034,0.4926318809356385,4.219746217536906,0.6438184121992467,0.7797140752909034,3.776958329120387
2021,2022-03-24,2021021023,STL,PHI,0.0,-3.0,5.0,shot_microstats,1289,0.5593790573424176,0.34739750718101714,4.166116396348968,0.6165119490733731,0.5466265579126776,4.629573595886494
2021,2022-03-24,2021021024,MIN,VAN,1.0,1.0,3.0,shot_microstats,1289,0.6245987283508445,0.7502058333114366,3.86303050330279,0.5729477455699058,0.5594066105581641,3.9950635300938684
2021,2022-03-24,2021021026,VGK,NSH,1.0,3.0,3.0,shot_microstats,1289,0.6026889108206689,0.612668603998078,4.018718414375813,0.6425408254932158,0.638011086956948,3.877620813316845
2021,2022-03-24,2021021027,LAK,CHI,0.0,-2.0,4.0,shot_microstats,1289,0.6476676411332154,0.9128701999401301,4.006732025784844,0.6916697409909445,1.0165316702037488,4.034924187754086
2021,2022-03-25,2021021029,NYR,PIT,1.0,4.0,4.0,shot_microstats,1289,0.36980225925541566,-0.6907275072462782,3.9727909177476675,0.3621625471063232,-0.7361999862666916,3.839119937596106
2021,2022-03-25,2021021031,COL,PHI,1.0,2.0,8.0,shot_microstats,1289,0.6769391516752422,1.1260654825496115,3.971617637348327,0.7322726742370859,1.4455125199387566,4.171282121692821
2021,2022-03-26,2021021034,BOS,NYI,1.0,4.0,6.0,shot_microstats,1289,0.6893888041757926,1.2288343435782019,3.996656651685147,0.6630498333729459,1.140560629318198,3.8448419703713244
2021,2022-03-26,2021021035,MTL,TOR,1.0,1.0,3.0,shot_microstats,1289,0.3249967152799722,-0.9786820721474685,4.1045697858908285,0.31976414190872965,-1.0693731330353833,3.781694181029267
2021,2022-03-26,2021021036,OTT,FLA,1.0,2.0,4.0,shot_microstats,1289,0.29401293232223247,-1.193659128535907,4.170398084898966,0.2584973358718334,-1.2918786773190674,4.238935674183836
2021,2022-03-26,2021021037,DET,TBL,1.0,1.0,1.0,shot_microstats,1289,0.40264168560996655,-0.5043323876315462,4.026378306741377,0.39715475520814825,-0.644009079961483,3.94875257217477
2021,2022-03-26,2021021039,STL,CAR,0.0,-3.0,3.0,shot_microstats,1289,0.34608962473952265,-0.8535811092418566,4.259829489885218,0.40576123136072695,-0.5394265324971612,4.6674207686706755
2021,2022-03-26,2021021040,DAL,VAN,0.0,-1.0,3.0,shot_microstats,1289,0.5731715434923768,0.4328229684752811,4.005869021336881,0.5678040111037704,0.42430807850834007,4.129131563724589
2021,2022-03-26,2021021041,MIN,CBJ,0.0,-1.0,1.0,shot_microstats,1289,0.6951137786907314,1.288691759260494,4.062352547335231,0.6014148438063203,0.7875297556338284,4.1909291889203155
2021,2022-03-26,2021021042,CGY,EDM,1.0,7.0,11.0,shot_microstats,1289,0.597911770411607,0.5973984615350187,4.329531567040307,0.6523667645850248,0.8734408449343796,4.276015278510675
2021,2022-03-26,2021021044,LAK,SEA,1.0,1.0,5.0,shot_microstats,1289,0.6419149813827225,0.8683253394889008,3.9496962010437375,0.7148434625909798,1.1713447980043385,3.991971017375423
2021,2022-03-26,2021021045,SJS,ANA,1.0,2.0,4.0,shot_microstats,1289,0.4879326398772086,-0.04143347977981271,4.012112566875383,0.5077962957775306,-0.01988981333599163,4.072799387252595
2021,2022-03-27,2021021048,NYI,TBL,0.0,-2.0,4.0,shot_microstats,1289,0.4406224091880007,-0.2953149137581055,4.020026770427361,0.407103443178535,-0.4462819209798199,4.045773189174218
2021,2022-03-27,2021021049,NYR,BUF,1.0,1.0,7.0,shot_microstats,1289,0.5756023524178372,0.44973251402213116,3.934144426866904,0.6054806825281376,0.4004254571670979,4.172017489881329
2021,2022-03-27,2021021050,PIT,DET,1.0,6.0,8.0,shot_microstats,1289,0.6779659863269922,1.1776675109469061,4.218547559925423,0.7687249756244021,1.5996019065140454,4.352527657308696
2021,2022-03-27,2021021051,NSH,PHI,1.0,1.0,9.0,shot_microstats,1289,0.6254852378217254,0.7567083982356833,3.9103719460138295,0.658314903660975,0.9019160221610141,4.356889715455511
2021,2022-03-28,2021021054,WSH,CAR,0.0,-3.0,5.0,shot_microstats,1289,0.4327601796336198,-0.3430004456535596,4.068356404381078,0.47528493983539816,-0.047742592569185394,4.362921722928358
2021,2022-03-28,2021021055,CHI,BUF,0.0,-1.0,7.0,shot_microstats,1289,0.6191029305324713,0.7152785561240101,3.886018400743726,0.6185364396172738,0.47793281706137564,4.325423831968869
2021,2022-03-28,2021021056,STL,VAN,1.0,2.0,4.0,shot_microstats,1289,0.5027151472597887,0.03038080025661538,4.09425352032687,0.5172774409791987,-0.004467427556278731,4.422726248706396
2021,2022-03-28,2021021057,EDM,ARI,1.0,5.0,5.0,shot_microstats,1289,0.6901850578240425,1.270561965057495,4.172934908379213,0.7650249169763247,1.5618855352055772,4.328340073617199
2021,2022-03-28,2021021058,LAK,SEA,0.0,-6.0,6.0,shot_microstats,1289,0.6387214070951371,0.8472643941048177,3.9639291005505135,0.7143400290028927,1.1540742476849812,4.015012209788935
2021,2022-03-29,2021021059,BOS,TOR,0.0,-1.0,7.0,shot_microstats,1289,0.5284088858302294,0.1751138053065024,4.047912329174222,0.5340312892672812,0.1865424432770889,3.92931403962797
2021,2022-03-29,2021021060,TBL,CAR,0.0,-3.0,3.0,shot_microstats,1289,0.4484996192442895,-0.26815710644074164,4.1597790504223555,0.4750701839849909,-0.02753152223465538,4.496909254155246
2021,2022-03-29,2021021061,FLA,MTL,1.0,1.0,9.0,shot_microstats,1289,0.7571242318542454,1.9946126923879088,4.341567628381542,0.852673852023034,2.604947303498442,4.2286505391174165
2021,2022-03-29,2021021062,PIT,NYR,0.0,-1.0,3.0,shot_microstats,1289,0.6793392845385311,1.1632524531784196,4.087840139687163,0.7873629968404251,1.6992529457129035,4.255940987653854
2021,2022-03-29,2021021064,NSH,OTT,1.0,2.0,2.0,shot_microstats,1289,0.5945314432821488,0.5633608430440338,3.891202173357083,0.6584541074541096,0.7727331802697713,4.181424808976966
2021,2022-03-29,2021021065,MIN,PHI,1.0,2.0,2.0,shot_microstats,1289,0.6994962414228799,1.297538655740846,3.911826846480269,0.6917435548046745,1.3196826527543042,4.192629534345028
2021,2022-03-29,2021021067,ANA,DAL,0.0,-1.0,5.0,shot_microstats,1289,0.49809497339603026,0.01525080020815206,3.989792599485975,0.5103922979957528,0.05081517875361141,3.8222504748862454
2021,2022-03-30,2021021069,DET,NYR,0.0,-1.0,5.0,shot_microstats,1289,0.5148947522535366,0.10117339840905254,4.042752146746269,0.6031910992028939,0.3783304254479731,4.308955769036925
2021,2022-03-30,2021021071,VAN,STL,1.0,1.0,5.0,shot_microstats,1289,0.5434647356315814,0.25587830732001315,4.116952005918879,0.49750837593605435,-0.11488454625581074,3.875888114929856
2021,2022-03-30,2021021072,ARI,SJS,1.0,3.0,5.0,shot_microstats,1289,0.4680826636924583,-0.13518364835247199,3.9000417056450236,0.42513644309045,-0.39557205278406715,3.8043241372111716
2021,2022-03-30,2021021073,SEA,VGK,0.0,-2.0,2.0,shot_microstats,1289,0.46627040390026164,-0.15040112382625437,3.9509397990781396,0.4222778902552974,-0.3149069124592773,3.754553810988049
2021,2022-03-31,2021021074,BOS,NJD,1.0,6.0,8.0,shot_microstats,1289,0.5962345927728898,0.5756645507766014,4.168048597821456,0.5303292257066498,0.30393120814304453,4.194901428448958
2021,2022-03-31,2021021076,FLA,CHI,1.0,3.0,3.0,shot_microstats,1289,0.7366954436539419,1.730823861628862,4.244469414127372,0.8076690053842591,2.050818449537897,3.914436584333043
2021,2022-03-31,2021021077,NYI,CBJ,1.0,2.0,6.0,shot_microstats,1289,0.5520888757117738,0.3029497333109923,4.2699175648428955,0.43741690095831565,-0.21361982361996013,4.5950829241922815
2021,2022-03-31,2021021078,CAR,MTL,1.0,2.0,2.0,shot_microstats,1289,0.7072470147341957,1.4555917704176187,4.293349166838809,0.7799195079808459,1.861828707766386,4.216524686823333
2021,2022-03-31,2021021080,COL,SJS,1.0,1.0,5.0,shot_microstats,1289,0.6652539488628477,1.032876316273503,3.930022371804071,0.7080959062027228,1.1842084088360818,3.934997562697916
2021,2022-03-31,2021021081,CGY,LAK,0.0,-1.0,3.0,shot_microstats,1289,0.578158124407065,0.4645660943798704,4.280728096534075,0.6270094238095169,0.7013529372062526,4.335316600744564
2021,2022-03-31,2021021082,ANA,DAL,1.0,1.0,3.0,shot_microstats,1289,0.48795252877449075,-0.04135671880414671,4.012400898173251,0.5004535201031892,-0.004991957805637326,3.843452160575354
2021,2022-04-01,2021021084,DET,OTT,0.0,-1.0,3.0,shot_microstats,1289,0.4839381870301832,-0.06979563547747147,4.0808312869830905,0.5171390368346453,-0.007148180343977822,4.258479515731054
2021,2022-04-01,2021021085,TBL,CHI,1.0,3.0,5.0,shot_microstats,1289,0.6525855141206555,0.9425482659284681,3.944259986221345,0.6751732115587831,0.9470666868401182,4.237911048668572
2021,2022-04-01,2021021086,NYR,NYI,0.0,-3.0,3.0,shot_microstats,1289,0.522324546211492,0.14185281361483706,4.043315341871897,0.5231795959788861,0.13270504942393713,3.7276464807508347
2021,2022-04-01,2021021087,EDM,STL,0.0,-1.0,9.0,shot_microstats,1289,0.5517773048022175,0.3010743212309188,4.278315592058669,0.557784859012157,0.1685251617577165,4.096542572384347
2021,2022-04-01,2021021088,ARI,ANA,0.0,-4.0,4.0,shot_microstats,1289,0.4239936430901658,-0.37593054470914833,3.9244754933523387,0.4365199857946086,-0.3858147809145678,3.9640539565379638
2021,2022-04-01,2021021089,SEA,VGK,0.0,-1.0,5.0,shot_microstats,1289,0.4520274170871639,-0.22703492321134755,3.955588599445169,0.40890104831403595,-0.38572666251793386,3.7585395690589185
2021,2022-04-02,2021021091,TBL,MTL,0.0,-3.0,5.0,shot_microstats,1289,0.69314162951667,1.2728818693176063,4.0665142269345145,0.7616024227615092,1.5941450074187034,4.435363314481191
2021,2022-04-02,2021021092,NJD,FLA,1.0,1.0,9.0,shot_microstats,1289,0.319119017205032,-1.0373868322958653,4.4748130214352795,0.30689792642467895,-1.0226575903826658,4.493470242403818
2021,2022-04-02,2021021093,PHI,TOR,0.0,-2.0,8.0,shot_microstats,1289,0.31187186783713094,-1.0674579162826792,4.106783700323023,0.3027097242663925,-1.1219251555304495,3.709509367799065
2021,2022-04-02,2021021094,CAR,MIN,0.0,-1.0,3.0,shot_microstats,1289,0.5962914768182842,0.5725995940789039,4.018903201536784,0.6426588948659933,0.7989964417973543,3.6410034239951434
2021,2022-04-02,2021021096,WPG,LAK,1.0,1.0,3.0,shot_microstats,1289,0.44007765959761874,-0.321888319727626,4.237945450320328,0.5185804363820433,0.033303997512659486,4.316926501431597
2021,2022-04-02,2021021097,COL,PIT,1.0,1.0,5.0,shot_microstats,1289,0.5249861184160969,0.1677801464114031,3.9105200447837887,0.5663325244654627,0.3697555426016714,3.8178262679756503
2021,2022-04-02,2021021099,SJS,DAL,0.0,-1.0,7.0,shot_microstats,1289,0.4463008329171317,-0.2600994249877129,3.9770122128715726,0.45799805444524355,-0.2586386646521439,3.8235992381907256
2021,2022-04-03,2021021100,BUF,FLA,0.0,-3.0,5.0,shot_microstats,1289,0.26313393824044723,-1.4373609247615118,4.103359669313083,0.2440932860370556,-1.5024799078819309,3.700213580618298
2021,2022-04-03,2021021102,NJD,NYI,0.0,-1.0,5.0,shot_microstats,1289,0.5605099172936742,0.3568761902840596,4.378314845920262,0.5595123848616913,0.3112805098720691,4.16331670423993
2021,2022-04-03,2021021103,NYR,PHI,1.0,1.0,5.0,shot_microstats,1289,0.5703559247145809,0.4165824372420776,3.9965024608081703,0.5897665567116673,0.5289857835005379,4.164701311240166
2021,2022-04-03,2021021104,WSH,MIN,0.0,-4.0,4.0,shot_microstats,1289,0.5539444144895451,0.34578769881114935,3.691156454485715,0.5974202175686578,0.48210950938041397,3.839095332875851
2021,2022-04-03,2021021105,CHI,ARI,0.0,-1.0,3.0,shot_microstats,1289,0.6517273280547634,0.9334851023395649,3.9032638041663676,0.6722865052381511,0.8485440133325598,4.194976746515425
2021,2022-04-03,2021021106,VAN,VGK,0.0,-1.0,3.0,shot_microstats,1289,0.4437143261494359,-0.2903315047457833,4.126963838152458,0.4397002582576759,-0.34075656117584974,3.9814441363335265
2021,2022-04-03,2021021107,ANA,EDM,0.0,-4.0,6.0,shot_microstats,1289,0.45790029630605694,-0.21757679209370362,4.159118931991461,0.46137981640428216,-0.11558101541238597,4.108933267919339
2021,2022-04-03,2021021108,SEA,DAL,1.0,2.0,2.0,shot_microstats,1289,0.503495368588089,0.06216695167204067,3.816454721945875,0.49921168611513234,0.039838843085174325,3.579650793305544
2021,2022-04-04,2021021109,TBL,TOR,0.0,-4.0,8.0,shot_microstats,1289,0.46076896431696335,-0.1980260678003365,4.119650457579884,0.5089204032123392,-0.02621622380803118,4.07717710557251
2021,2022-04-04,2021021111,STL,ARI,1.0,2.0,4.0,shot_microstats,1289,0.6403548057974245,0.8725128269559748,4.126769232188488,0.7282907965240674,1.0986041243341407,4.5946012358964525
2021,2022-04-04,2021021112,LAK,CGY,0.0,-2.0,4.0,shot_microstats,1289,0.41718353233981387,-0.4435286066060855,4.214599051306381,0.41872555453764493,-0.4196538807789347,4.110961674419129
2021,2022-04-05,2021021113,BUF,CAR,1.0,1.0,5.0,shot_microstats,1289,0.31924482724567976,-1.016634997027141,4.063831805525084,0.3397546578311263,-0.8710484143536452,3.850882451531338
2021,2022-04-05,2021021115,DET,BOS,1.0,2.0,4.0,shot_microstats,1289,0.35097076217274575,-0.8044154833547124,3.8614652279922277,0.3234689301947386,-0.914741879053691,4.049495931359829
2021,2022-04-05,2021021118,PHI,CBJ,0.0,-1.0,5.0,shot_microstats,1289,0.5239099272464649,0.13942991711412545,4.220227432128005,0.3967949871692563,-0.4696387531452267,4.0538408608719445
2021,2022-04-05,2021021119,PIT,COL,0.0,-2.0,8.0,shot_microstats,1289,0.5772614302808324,0.4590974696333865,3.942702695946684,0.5793908269656756,0.45487203410790794,3.8492227983749356
2021,2022-04-05,2021021120,NSH,MIN,1.0,1.0,3.0,shot_microstats,1289,0.5305507835128944,0.22792984584857878,3.6149477009108306,0.5793546792407148,0.3540246510044592,3.8260584740873815
2021,2022-04-06,2021021124,STL,SEA,1.0,1.0,3.0,shot_microstats,1289,0.5538887885873627,0.32246130314699706,3.9797167788544767,0.6507078089186864,0.5895660151822476,4.431508017352074
2021,2022-04-06,2021021126,VGK,VAN,0.0,-2.0,4.0,shot_microstats,1289,0.5789175247326713,0.4661180929830955,4.166728346501062,0.5654482011650103,0.4290420999006108,4.24372475893621
2021,2022-04-06,2021021127,ANA,CGY,0.0,-2.0,4.0,shot_microstats,1289,0.3482827224498862,-0.8293338562828914,4.098927830332139,0.2889197927456346,-1.0663242513021551,4.0102706606970075
2021,2022-04-07,2021020512,NJD,MTL,0.0,-3.0,11.0,shot_microstats,1289,0.615620525826734,0.719190979779853,4.3240909549746895,0.6883122860774463,0.9755816220135721,4.606269041031565
2021,2022-04-07,2021021129,NYR,PIT,1.0,1.0,1.0,shot_microstats,1289,0.4047801818406331,-0.48450891046242184,3.939705147512933,0.41109002685019796,-0.45420935418032005,3.8020568711720792
2021,2022-04-07,2021021130,CAR,BUF,1.0,1.0,7.0,shot_microstats,1289,0.7141119340573682,1.4972740224986274,4.216448953563149,0.7548506627880637,1.6119737959749578,4.111202134549975
2021,2022-04-07,2021021131,CBJ,PHI,0.0,-4.0,4.0,shot_microstats,1289,0.4797741023095386,-0.10351963862817759,4.198820018666219,0.5061006850101122,-0.06097602099862988,4.569481029345506
2021,2022-04-07,2021021132,CHI,SEA,0.0,-2.0,2.0,shot_microstats,1289,0.5592627222623803,0.36904220190565934,3.7550768961607304,0.5841060651366232,0.33044441342479725,4.0168243085672275
2021,2022-04-07,2021021133,DAL,TOR,1.0,1.0,5.0,shot_microstats,1289,0.4243832921136315,-0.3973426880142483,4.150553456618446,0.47287775019679434,-0.21067830793591003,4.020059890098195
2021,2022-04-07,2021021134,ARI,VAN,0.0,-2.0,4.0,shot_microstats,1289,0.4163985202123753,-0.4156410407571527,3.8985462877965507,0.33973357533507376,-0.7801652071466556,3.9291158517870257
2021,2022-04-07,2021021135,LAK,EDM,0.0,-2.0,4.0,shot_microstats,1289,0.5250227461968762,0.1435989362349157,4.272765374603087,0.5970268132424537,0.5108860174407346,4.240904728248365
2021,2022-04-07,2021021136,SJS,CGY,0.0,-1.0,5.0,shot_microstats,1289,0.3207504919510036,-1.006440403766983,4.066921674719736,0.2570029016743073,-1.3112201670724677,4.02101778917021
2021,2022-04-08,2021021138,FLA,BUF,0.0,-1.0,3.0,shot_microstats,1289,0.7578366099410064,1.9927227353707515,4.318055210159748,0.8220946093897142,2.258079477359519,4.141963785308936
2021,2022-04-08,2021021139,CAR,NYI,0.0,-2.0,2.0,shot_microstats,1289,0.6594345818559815,1.0494243208294272,4.326948113512748,0.6876712676607919,1.2325080175479386,3.723842277779601
2021,2022-04-08,2021021140,STL,MIN,0.0,-1.0,5.0,shot_microstats,1289,0.4665640741334689,-0.14355170929054006,3.902537330886714,0.5425748201953968,0.030154531395323814,4.228934093599452
2021,2022-04-08,2021021141,WPG,COL,0.0,-1.0,7.0,shot_microstats,1289,0.4842603325914578,-0.06061093126041761,4.00775488024429,0.5184183888214814,0.050044734149454345,3.86578918768924
2021,2022-04-09,2021021142,TOR,MTL,1.0,1.0,5.0,shot_microstats,1289,0.7121966770362812,1.494806573591564,4.268565471613297,0.7886327845438744,1.8918740096805697,4.681690947556991
2021,2022-04-09,2021021143,DET,CBJ,1.0,1.0,7.0,shot_microstats,1289,0.5317601084551172,0.18316944574982563,4.253632690986235,0.43707718890004654,-0.3326167633230967,4.427436137661794
2021,2022-04-09,2021021144,NYR,OTT,1.0,4.0,6.0,shot_microstats,1289,0.5435617776571231,0.2665141897105373,3.9485531850899003,0.5898819672809124,0.4217288641863979,4.002765122557508
2021,2022-04-09,2021021145,PHI,ANA,0.0,-1.0,7.0,shot_microstats,1289,0.46906938429186057,-0.14450824993964395,4.034156000536404,0.4906793383355215,-0.08683261700677393,3.927648856321956
2021,2022-04-09,2021021146,PIT,WSH,1.0,1.0,5.0,shot_microstats,1289,0.6108556892796799,0.6637857953906738,3.974793465583562,0.6631165412547136,0.8389467639961574,4.008014742665029
2021,2022-04-09,2021021147,STL,NYI,1.0,5.0,7.0,shot_microstats,1289,0.5182731211086419,0.10781076234163234,4.2142654455686275,0.5777677555262222,0.24843269248520555,4.311355873374429
2021,2022-04-09,2021021149,DAL,NJD,0.0,-3.0,3.0,shot_microstats,1289,0.4936594389105916,-0.03372187639127491,4.277450989745451,0.4612203952679988,-0.183389458474794,4.317348027081217
2021,2022-04-09,2021021152,VAN,SJS,1.0,2.0,4.0,shot_microstats,1289,0.5822829878410061,0.4868144718748334,4.021686203270028,0.564713584805097,0.33912325611412253,3.9166604198638746
2021,2022-04-09,2021021153,VGK,ARI,1.0,5.0,7.0,shot_microstats,1289,0.7164064967635554,1.510794332756309,4.188459070215573,0.7676559012699777,1.718550519633372,4.361755628930594
2021,2022-04-10,2021021150,MIN,LAK,1.0,4.0,6.0,shot_microstats,1289,0.5549162538592015,0.33440899997256535,3.886129798670537,0.5601870567909237,0.43430767910153284,4.091107946124657
2021,2022-04-10,2021021155,OTT,WPG,0.0,-1.0,3.0,shot_microstats,1289,0.4466922833660767,-0.2758374188561914,4.140909581300633,0.3757746007767216,-0.6357856413353064,3.964102191665303
2021,2022-04-10,2021021156,TBL,BUF,1.0,5.0,5.0,shot_microstats,1289,0.6879250139698813,1.2173878187538376,3.9993578702924344,0.7196512043847624,1.2264278412256782,4.408612345065091
2021,2022-04-10,2021021158,WSH,BOS,1.0,1.0,5.0,shot_microstats,1289,0.47894744415494644,-0.060027524171026414,3.7403318905930196,0.4942373914306489,0.032997732629354376,3.922450021908177
2021,2022-04-10,2021021159,CAR,ANA,1.0,2.0,6.0,shot_microstats,1289,0.6377920575519758,0.8690651912652303,4.247826166669364,0.7207503304903453,1.2688239499658232,3.9662577829009376
2021,2022-04-10,2021021160,CHI,DAL,0.0,-1.0,7.0,shot_microstats,1289,0.46535759399440296,-0.14856754240870096,3.889485893178155,0.4980948919288947,-0.14102006285776156,3.947815366197369
2021,2022-04-11,2021021162,MTL,WPG,0.0,-1.0,5.0,shot_microstats,1289,0.4108649206883248,-0.46712504295070767,4.111779700976896,0.33138299613935535,-0.90099661552924,3.7891745297414103
2021,2022-04-12,2021020922,NYI,PIT,0.0,-1.0,5.0,shot_microstats,1289,0.3847777515702097,-0.6108903741978411,4.083496206587732,0.3499157079260305,-0.6979016499478472,4.256876549517642
2021,2022-04-12,2021021163,MIN,EDM,1.0,5.0,5.0,shot_microstats,1289,0.5726472043930417,0.4306521470962679,3.979064874546167,0.5943406457809153,0.6107886320075107,4.114983041572798
2021,2022-04-12,2021021166,DET,OTT,0.0,-2.0,2.0,shot_microstats,1289,0.49709456640076616,0.003136605384509883,4.0589731359765935,0.5271512315509304,0.07222130610464639,4.252701341189224
2021,2022-04-12,2021021167,FLA,ANA,0.0,-1.0,3.0,shot_microstats,1289,0.6970562016113069,1.380795562006866,4.359071832742798,0.8017370568373156,1.9243923748077376,4.070562990694318
2021,2022-04-12,2021021168,NYR,CAR,0.0,-2.0,4.0,shot_microstats,1289,0.36168436619037503,-0.7439615838034208,4.043507875004823,0.4005049893505486,-0.4576486062681581,4.1841392329809555
2021,2022-04-12,2021021170,WSH,PHI,1.0,7.0,9.0,shot_microstats,1289,0.6559818955478351,0.9710503793200327,3.9899579070908073,0.68936238661741,1.1397901933211432,4.31805314603822
2021,2022-04-12,2021021173,DAL,TBL,1.0,1.0,1.0,shot_microstats,1289,0.5131993173625222,0.09575797325281282,3.9992481705076277,0.5280691548616361,0.12095729178593681,3.8470530927483235
2021,2022-04-12,2021021174,CGY,SEA,0.0,-1.0,5.0,shot_microstats,1289,0.7096325324019626,1.4173143881794972,4.0717932701543855,0.7759133354244211,1.7154320036933386,4.1123209613958664
2021,2022-04-12,2021021175,VAN,VGK,0.0,-1.0,5.0,shot_microstats,1289,0.44791776303551006,-0.26753859712777395,4.125075908436287,0.4500563684925307,-0.27634871496841096,3.9503386635716544
2021,2022-04-12,2021021176,ARI,NJD,0.0,-4.0,6.0,shot_microstats,1289,0.3309058886508113,-0.9416893832429798,4.1510871692704905,0.2542118577855732,-1.3858733380717332,4.114272937331577
2021,2022-04-12,2021021187,CHI,LAK,0.0,-2.0,6.0,shot_microstats,1289,0.42217934533140306,-0.39107568572551443,3.9769653808264436,0.4228225418870277,-0.43690265350289076,4.251144228722232
2021,2022-04-13,2021021177,PHI,NYR,0.0,-3.0,3.0,shot_microstats,1289,0.5010333918034534,0.035316529890688675,3.9469468353408144,0.5637268573554798,0.25850995554034123,3.9106626550200594
2021,2022-04-13,2021021178,CBJ,MTL,1.0,4.0,4.0,shot_microstats,1289,0.49113616425325635,-0.039213227820917046,4.170110696785271,0.5731860795009283,0.17176931503587656,4.551779752932685
2021,2022-04-13,2021021180,COL,LAK,1.0,4.0,10.0,shot_microstats,1289,0.5290983486835065,0.18333476132263457,3.9900933010913837,0.5935290455953026,0.5114439413076541,4.138475438760367
2021,2022-04-14,2021021171,CHI,SJS,0.0,-2.0,6.0,shot_microstats,1289,0.55241360029449,0.3163921105242996,3.9433784370094207,0.5232573265406034,0.040354585226118816,4.066751389054388
2021,2022-04-14,2021021172,NSH,EDM,0.0,-1.0,1.0,shot_microstats,1289,0.5027356219774849,0.038510443680773276,4.006877953756968,0.5728849855611925,0.34344640289421435,4.262080778893212
2021,2022-04-14,2021021181,BOS,OTT,1.0,1.0,3.0,shot_microstats,1289,0.7205850858075658,1.4870677885583157,3.946721788211451,0.7342030870851793,1.5567764935478285,4.024209530495973
2021,2022-04-14,2021021182,BUF,STL,0.0,-1.0,5.0,shot_microstats,1289,0.4664939821524762,-0.16072073770583994,4.057064271959273,0.42608478350439,-0.5709500644366702,3.5400035003014025
2021,2022-04-14,2021021183,TOR,WSH,1.0,4.0,6.0,shot_microstats,1289,0.6139039363387746,0.6885890612647103,4.112149762725012,0.6735802032358698,0.891447059419818,4.28684439904965
2021,2022-04-14,2021021184,TBL,ANA,0.0,-1.0,5.0,shot_microstats,1289,0.6159770708065303,0.7001968303475494,4.072133485499688,0.6903329960726812,0.9790576676959211,4.357777800002612
2021,2022-04-14,2021021185,PIT,NYI,1.0,1.0,7.0,shot_microstats,1289,0.6564917177325263,1.0045712963449516,4.212268370301343,0.6673197522115644,1.0769987788232394,4.013265934249924
2021,2022-04-14,2021021186,CAR,DET,0.0,-3.0,3.0,shot_microstats,1289,0.7000598131849269,1.3919920532639822,4.303773693695111,0.7910760670704537,1.8724536750297047,4.045593206285678
2021,2022-04-14,2021021190,COL,NJD,1.0,1.0,3.0,shot_microstats,1289,0.5281464062999983,0.16605885051162628,4.168708945160232,0.5326112737670873,0.16785157006520884,4.198514267558257
2021,2022-04-14,2021021191,CGY,VGK,0.0,-5.0,5.0,shot_microstats,1289,0.570196405201249,0.4161790685916751,4.332718935309919,0.6118012618295915,0.5903057140073167,4.18918210241258
2021,2022-04-14,2021021192,VAN,ARI,1.0,4.0,4.0,shot_microstats,1289,0.6756180465053003,1.1220725386684252,4.015900994350674,0.711959926468522,1.1799441627776146,4.0581910503931775
2021,2022-04-15,2021021193,MTL,NYI,0.0,-2.0,2.0,shot_microstats,1289,0.4792202647260128,-0.09444741521930888,4.074299239058628,0.43728538225446206,-0.2999991158979973,3.766704037976849
2021,2022-04-15,2021021194,FLA,WPG,1.0,4.0,6.0,shot_microstats,1289,0.6481203066921221,0.9869743411481249,4.456816988886859,0.6663785239492224,1.03319062099053,3.7992524880312875
2021,2022-04-16,2021021195,EDM,VGK,1.0,3.0,3.0,shot_microstats,1289,0.4575581473524649,-0.23346809653178108,4.299623700554734,0.5052149283366172,-0.0390873045116491,4.16923202102233
2021,2022-04-16,2021021196,BOS,PIT,1.0,1.0,3.0,shot_microstats,1289,0.5767859229813365,0.4561976980581275,3.9455258951593914,0.5554521958644866,0.4022607513509814,3.8344048750974524
2021,2022-04-16,2021021197,BUF,PHI,0.0,-1.0,5.0,shot_microstats,1289,0.5495829382686994,0.2979645309877451,3.981876362635228,0.5576488499892397,0.29532289639541676,3.9059217276823244
2021,2022-04-16,2021021198,MTL,WSH,0.0,-1.0,7.0,shot_microstats,1289,0.4346876401862852,-0.31289945274896214,3.879854702231278,0.4418095524647407,-0.3860477066592937,3.852257022475864
2021,2022-04-16,2021021200,TBL,WPG,1.0,2.0,8.0,shot_microstats,1289,0.5568728677243885,0.33249447508596275,4.166299564193754,0.5231404356331925,0.13437264354982364,4.0829570171217195
2021,2022-04-16,2021021201,NYR,DET,1.0,3.0,3.0,shot_microstats,1289,0.5799899287803301,0.47295056170541305,4.025237804111065,0.6694931012765156,0.7825522014292853,4.124977307521981
2021,2022-04-16,2021021202,STL,MIN,0.0,-1.0,7.0,shot_microstats,1289,0.4579338225020209,-0.18954859902704246,3.901526559721984,0.5328829060191485,-0.023480563078244893,4.232847316763425
2021,2022-04-16,2021021203,NSH,CHI,0.0,-1.0,5.0,shot_microstats,1289,0.6289384713879211,0.777659940123049,3.798891514571401,0.6696363483485577,0.8177238878182158,4.113122024530773
2021,2022-04-16,2021021205,COL,CAR,1.0,2.0,8.0,shot_microstats,1289,0.4587320631631239,-0.20074279778535065,4.043544564469495,0.5321628338649506,0.2513881575380975,4.226960793492507
2021,2022-04-16,2021021206,CGY,ARI,1.0,7.0,9.0,shot_microstats,1289,0.7893549362067726,2.3506274095467106,4.243245762783416,0.8379617787115842,2.5686094882930477,4.349073745800798
2021,2022-04-16,2021021208,LAK,CBJ,1.0,1.0,3.0,shot_microstats,1289,0.6690358281278579,1.1282292466417272,4.328987920143099,0.6230064778464768,0.8315982582976378,4.336033777285225
2021,2022-04-16,2021021209,SEA,NJD,0.0,-1.0,5.0,shot_microstats,1289,0.4631285290330686,-0.17962225976837387,4.0655679752293485,0.3723742364315458,-0.5644256099706952,3.9712171509344176
2021,2022-04-17,2021020723,TOR,NYI,1.0,1.0,3.0,shot_microstats,1289,0.675353741132394,1.1737634420624357,4.298139746019891,0.6967096206799315,1.278140012022327,4.191142592571665
2021,2022-04-17,2021021210,DET,FLA,0.0,-4.0,6.0,shot_microstats,1289,0.2338486910783919,-1.685623313588934,4.207050910831512,0.21488960695243198,-1.7074193825719928,4.271797118832985
2021,2022-04-17,2021021212,PHI,BUF,1.0,1.0,5.0,shot_microstats,1289,0.5327426655771471,0.2061044058068582,3.9562979230614004,0.5003061945037245,-0.05684878305080433,3.9893154126574997
2021,2022-04-17,2021021213,NSH,STL,0.0,-4.0,10.0,shot_microstats,1289,0.5654557551261751,0.3874055853541213,4.011076612562458,0.5604475638179702,0.16093010001712377,4.011329372817927
2021,2022-04-17,2021021214,MIN,SJS,1.0,1.0,7.0,shot_microstats,1289,0.685258349869855,1.176275239964157,3.860791881010716,0.6557387353814429,0.9984609585835866,3.9559269796835133
2021,2022-04-18,2021020436,CHI,CGY,0.0,-1.0,5.0,shot_microstats,1289,0.3357419371737992,-0.9057668254098892,4.008482672033513,0.2857144930139832,-1.2018199229786897,4.131961057262253
2021,2022-04-18,2021021217,VAN,DAL,1.0,5.0,5.0,shot_microstats,1289,0.4896078517403176,-0.029378628903790616,3.9821188351697168,0.5412827397453517,0.13838199789748518,3.790646984402589
2021,2022-04-18,2021021218,ARI,CAR,0.0,-2.0,8.0,shot_microstats,1289,0.2684650218172795,-1.3994473408133263,4.032886441755177,0.25794567362613224,-1.3497694850733453,4.170405170104274
2021,2022-04-18,2021021219,VGK,NJD,0.0,-2.0,4.0,shot_microstats,1289,0.4917616740414534,-0.05163805726268811,4.398914596748229,0.46806878348401826,-0.14510633221480734,4.514433942807526
2021,2022-04-19,2021020625,VAN,OTT,0.0,-2.0,4.0,shot_microstats,1289,0.5796389935355833,0.4709721452710832,4.018410335954011,0.6206475635917542,0.6036871717712557,4.000406312133327
2021,2022-04-19,2021021220,TOR,PHI,1.0,1.0,5.0,shot_microstats,1289,0.7176962338157374,1.552330905523673,4.28297690185866,0.7577058111691574,1.8123187784789834,4.636143267348114
2021,2022-04-19,2021021221,MTL,MIN,0.0,-1.0,1.0,shot_microstats,1289,0.4170050845185244,-0.3995617817128121,3.738420741233322,0.4054737287850158,-0.5098824622277811,3.6701226245397596
2021,2022-04-19,2021021222,TBL,DET,0.0,-2.0,6.0,shot_microstats,1289,0.6774348053216095,1.1561461288905397,4.133272049616881,0.7583612362086696,1.4978312286302962,4.45861386000407
2021,2022-04-19,2021021224,NYR,WPG,1.0,1.0,1.0,shot_microstats,1289,0.4779551292608681,-0.0981274918209194,4.044373215468328,0.44039899406037786,-0.311069239276766,3.789829604867709
2021,2022-04-19,2021021225,STL,BOS,0.0,-1.0,3.0,shot_microstats,1289,0.3883151869231348,-0.5804574356605912,3.9603012162892273,0.43436631119119196,-0.4622225077804174,4.382429353231682
2021,2022-04-19,2021021226,ANA,LAK,0.0,-2.0,2.0,shot_microstats,1289,0.4235734298978254,-0.3950848712563535,4.088895258912518,0.41015933458995973,-0.3849651275537702,4.125018631670262
2021,2022-04-19,2021021227,SJS,CBJ,1.0,1.0,3.0,shot_microstats,1289,0.5645602294617504,0.37832100164322435,4.200449055877989,0.446984930533003,-0.20555637764444296,4.264319279577508
2021,2022-04-20,2021021229,EDM,DAL,1.0,2.0,6.0,shot_microstats,1289,0.5104163263594157,0.06738227719590587,4.160018905299661,0.6033623849859201,0.43258281285850164,4.023972171660954
2021,2022-04-20,2021021230,ARI,CHI,0.0,-1.0,5.0,shot_microstats,1289,0.4663641541967874,-0.14005107198666855,3.860469395641476,0.440219527256613,-0.3918571040596934,3.9697689815326216
2021,2022-04-20,2021021231,VGK,WSH,0.0,-1.0,5.0,shot_microstats,1289,0.559422711528205,0.3499244911460898,4.07343546632828,0.6101372543307415,0.5280618036508948,4.2018662115662115
2021,2022-04-20,2021021232,SEA,COL,1.0,1.0,5.0,shot_microstats,1289,0.5044622830583994,0.08148268331054087,3.6861679405668353,0.42910263756995287,-0.24769989206180426,3.4838296439948584
2021,2022-04-21,2021021233,MTL,PHI,0.0,-3.0,9.0,shot_microstats,1289,0.524482461346106,0.1539927253256506,4.0400427889458665,0.5032930648180224,0.08832668322415188,4.214119854812073
2021,2022-04-21,2021021234,TBL,TOR,1.0,4.0,4.0,shot_microstats,1289,0.45219628256861166,-0.2452477914969542,4.131342718881081,0.5067903957334267,-0.04845690180478965,4.142622597888635
2021,2022-04-21,2021021235,FLA,DET,1.0,1.0,5.0,shot_microstats,1289,0.7628760931976173,2.131572146232833,4.488285752295632,0.8585902111928171,2.72567598926937,4.251052846785017
2021,2022-04-21,2021021236,NJD,BUF,0.0,-1.0,5.0,shot_microstats,1289,0.6149053457651132,0.7055392482421619,4.244677069212427,0.6310603690681017,0.5910382592365921,4.5086610148522075
2021,2022-04-21,2021021237,NYI,NYR,0.0,-2.0,6.0,shot_microstats,1289,0.5231329252966743,0.14984689471747425,3.9993965762938513,0.5877472201632219,0.42759380829849064,4.425901778332013
2021,2022-04-21,2021021238,PIT,BOS,1.0,3.0,3.0,shot_microstats,1289,0.5194147217022164,0.13865854534506972,3.9000790042802933,0.5338220095789841,0.2547394392873786,3.974978737254392
2021,2022-04-21,2021021239,CAR,WPG,1.0,1.0,3.0,shot_microstats,1289,0.6000426825820255,0.6147440970074918,4.358988440369998,0.5829431629175551,0.5555047956505765,3.7347466011745136
2021,2022-04-21,2021021240,MIN,VAN,1.0,2.0,8.0,shot_microstats,1289,0.6390110282106577,0.8436986970254765,3.8352613957050066,0.581047031568223,0.636888840045454,4.013586256973885
2021,2022-04-21,2021021241,CGY,DAL,1.0,1.0,3.0,shot_microstats,1289,0.6187516378895628,0.7271705702294473,4.192009261235495,0.6968184711674085,1.0438080564563537,4.054513223289886
2021,2022-04-21,2021021242,LAK,CHI,1.0,3.0,3.0,shot_microstats,1289,0.6576841768137699,0.9916347118847928,4.061889547787374,0.702806122226138,1.0946055545340925,4.091584330246526
2021,2022-04-22,2021021244,CBJ,OTT,0.0,-1.0,1.0,shot_microstats,1289,0.4481229877046554,-0.2699472111379786,4.157594667651204,0.5026709688412784,-0.15167891470226674,4.364562767522635
2021,2022-04-22,2021021245,MIN,SEA,1.0,1.0,5.0,shot_microstats,1289,0.6824977558096414,1.1370781305045528,3.6457362306342214,0.7053992473199915,1.2286860646462028,3.8641240512779187
2021,2022-04-22,2021021246,EDM,COL,1.0,3.0,7.0,shot_microstats,1289,0.512937409998389,0.0882932903412742,4.06890195490846,0.5304976659996643,0.11649576363630061,3.899297558070306
2021,2022-04-22,2021021247,ARI,WSH,0.0,-1.0,1.0,shot_microstats,1289,0.37797284405271653,-0.6337081313191502,3.8156030787067903,0.3683945131765302,-0.7766133112955524,3.8646088970567267
2021,2022-04-23,2021021248,BOS,NYR,1.0,3.0,3.0,shot_microstats,1289,0.7326410357581485,1.5788633998228359,3.8618475167103465,0.7925420391505025,1.8913266666581305,4.044298464591456
2021,2022-04-23,2021021249,BUF,NYI,1.0,1.0,7.0,shot_microstats,1289,0.5143475676110463,0.09868730706718773,4.03686292126003,0.5109654495878916,0.0010207148485894407,3.4931292621931336
2021,2022-04-23,2021021250,OTT,MTL,1.0,2.0,8.0,shot_microstats,1289,0.5729445293342198,0.43047027984358677,4.042953754448887,0.6288891565336622,0.6373560705789943,4.349114121846433
2021,2022-04-23,2021021251,DET,PIT,0.0,-5.0,7.0,shot_microstats,1289,0.33766309934455396,-0.8951767266846744,4.073964608929261,0.3254381646444224,-0.9723497930925522,4.089760684455185
2021,2022-04-23,2021021252,TBL,NSH,1.0,4.0,4.0,shot_microstats,1289,0.6162903342633803,0.6974507430544928,3.8872820459745796,0.6407195615098444,0.6454843292490217,3.967427425168156
2021,2022-04-23,2021021253,FLA,TOR,0.0,-2.0,2.0,shot_microstats,1289,0.5421523436398215,0.24446867595952115,4.434081486114508,0.6418403892411639,0.6634835819318337,3.836952611347715
2021,2022-04-23,2021021256,CGY,VAN,1.0,2.0,6.0,shot_microstats,1289,0.6465361716756054,0.9300381762659864,4.2201460467926495,0.6520410046933925,0.9530636607097751,4.2146475483303805
2021,2022-04-23,2021021257,ARI,STL,1.0,1.0,7.0,shot_microstats,1289,0.39769211375204155,-0.5361620980279489,4.068904231528382,0.31701152968266666,-1.111680130999008,3.86860611990704
2021,2022-04-23,2021021258,LAK,ANA,1.0,2.0,4.0,shot_microstats,1289,0.6209470894755791,0.7380284424760171,4.141677446843553,0.7092572778536788,1.0917038815743165,4.1665348271022244
2021,2022-04-23,2021021259,SJS,CHI,1.0,2.0,4.0,shot_microstats,1289,0.5509916501007436,0.3108663200517411,3.9082794468071715,0.529241110105134,0.09477990270614967,4.008467584326366
2021,2022-04-24,2021020471,MTL,BOS,0.0,-1.0,3.0,shot_microstats,1289,0.35081734926848934,-0.8053188677576095,3.792882339805573,0.3098643688695415,-0.9835154516452725,3.7528350518741407
2021,2022-04-24,2021021260,FLA,TBL,0.0,-1.0,7.0,shot_microstats,1289,0.6153310989309462,0.716922153280326,4.3222293935511145,0.673533969674999,0.935536878717978,3.671014721453216
2021,2022-04-24,2021021261,NJD,DET,0.0,-1.0,1.0,shot_microstats,1289,0.6107046436375723,0.6919990104770437,4.384433416798637,0.6943872849229209,0.9616356543417738,4.58222592634689
2021,2022-04-24,2021021262,NYI,CAR,0.0,-1.0,3.0,shot_microstats,1289,0.31770726340328714,-1.0290885498002336,4.176243021239018,0.3106531500097801,-0.8689311894322654,4.610740643218581
2021,2022-04-24,2021021264,PHI,PIT,1.0,2.0,2.0,shot_microstats,1289,0.34343248571066576,-0.8564091594711432,4.021827233693082,0.30495072020499275,-1.0090773107902755,3.7406601123672747
2021,2022-04-24,2021021265,WSH,TOR,1.0,1.0,5.0,shot_microstats,1289,0.44006909000236955,-0.29848307760727844,4.021742735349966,0.5019408561312467,-0.07150740092092439,3.9137085131954823
2021,2022-04-24,2021021266,CBJ,EDM,1.0,2.0,4.0,shot_microstats,1289,0.3330291359351035,-0.9354920809351226,4.280488473546781,0.3894637233200296,-0.7251032569521404,4.4690211828082145
2021,2022-04-24,2021021268,WPG,COL,1.0,3.0,5.0,shot_microstats,1289,0.48875327973844446,-0.03749804499363196,4.016558690274904,0.5098821245003968,0.0036818169381328814,3.877538805714849
2021,2022-04-24,2021021269,VGK,SJS,1.0,1.0,5.0,shot_microstats,1289,0.636116327693108,0.8488598337694317,4.186520091233254,0.6378061840716476,0.8239118653907866,4.277496839768932
2021,2022-04-24,2021021270,ANA,STL,0.0,-3.0,9.0,shot_microstats,1289,0.5059008436039164,0.04289411327036139,4.1542379860105285,0.4376919530494081,-0.40339405142912615,3.846519268483417
2021,2022-04-25,2021021271,CHI,PHI,1.0,2.0,4.0,shot_microstats,1289,0.5777433167485403,0.4614619830420868,3.9552958759476375,0.576866049874208,0.41065335440216205,4.3189701365183035
2021,2022-04-26,2021020829,TOR,DET,1.0,2.0,2.0,shot_microstats,1289,0.7109076441037254,1.5016702920466414,4.329393092648872,0.8010012912231972,1.9552717136781559,4.577941211472622
2021,2022-04-26,2021021272,BOS,FLA,1.0,2.0,4.0,shot_microstats,1289,0.46278055514930566,-0.18464978406000077,4.0951561584763,0.4271334966183911,-0.17303481421782368,4.103610083848968
2021,2022-04-26,2021021274,OTT,NJD,0.0,-4.0,4.0,shot_microstats,1289,0.41092989130227187,-0.47939134804425887,4.229763863488045,0.3631095686389455,-0.7266633656059981,4.317638875645837
2021,2022-04-26,2021021276,TBL,CBJ,1.0,3.0,3.0,shot_microstats,1289,0.6822626420713167,1.220398092413336,4.248216878620151,0.6358678285558266,0.9105554707431419,4.495601805713981
2021,2022-04-26,2021021277,NYR,CAR,0.0,-1.0,5.0,shot_microstats,1289,0.3566082796658969,-0.7740268362379452,4.0266610444206,0.397158213871384,-0.46267784190396216,4.151132645266779
2021,2022-04-26,2021021278,PIT,EDM,0.0,-1.0,3.0,shot_microstats,1289,0.550049548888774,0.2907830330981134,4.252612357236383,0.6140996290778752,0.6365946393247341,4.3210892141769355
2021,2022-04-26,2021021280,NSH,CGY,1.0,1.0,3.0,shot_microstats,1289,0.4023096052582746,-0.4982018580030063,3.93605003258582,0.39034087063270073,-0.5398426050569027,4.167628951621745
2021,2022-04-26,2021021281,DAL,VGK,1.0,1.0,3.0,shot_microstats,1289,0.48320718531865386,-0.08051844282714687,4.15102167858114,0.4975476692011587,-0.0033006628323062927,4.089689529593716
2021,2022-04-26,2021021282,MIN,ARI,1.0,1.0,5.0,shot_microstats,1289,0.777575248683079,2.047534662213709,3.867865421475957,0.7939191922728158,2.0585365211192044,4.098072367638408
2021,2022-04-26,2021021283,COL,STL,1.0,3.0,5.0,shot_microstats,1289,0.600184678483228,0.5980745691406599,4.082713897400621,0.6090703881089313,0.4710089777375808,3.876501033682622
2021,2022-04-26,2021021284,VAN,SEA,1.0,3.0,5.0,shot_microstats,1289,0.5827764795673905,0.49464306533982966,3.866753482103159,0.6300752245789639,0.6262753463883566,3.8687168926277256
2021,2022-04-26,2021021285,SJS,ANA,0.0,-2.0,4.0,shot_microstats,1289,0.5102663226755243,0.07990914791367504,3.9988650354551325,0.5286364975623625,0.08087668347137125,4.096355236005154
2021,2022-04-27,2021020505,NYR,MTL,0.0,-3.0,5.0,shot_microstats,1289,0.5898042085981586,0.5333805300738311,3.9546941749853217,0.6733817929434294,0.8817284237172858,4.181530502466303
2021,2022-04-27,2021021288,WPG,PHI,1.0,1.0,1.0,shot_microstats,1289,0.6084857753863102,0.6598586374955357,4.223496199542757,0.6644330720213025,0.9591362009946613,4.421865553919777
2021,2022-04-27,2021021289,SEA,LAK,0.0,-1.0,7.0,shot_microstats,1289,0.4493722782656676,-0.23339359506923296,3.8814541024022495,0.42300764506532207,-0.2864120339754415,3.9243111139963225
2021,2022-04-28,2021020513,NYI,WSH,1.0,1.0,3.0,shot_microstats,1289,0.4524322793202531,-0.22261902297922354,3.9348153005028226,0.44754775387081774,-0.26628223461863765,4.232131997814145
2021,2022-04-28,2021021290,BOS,BUF,1.0,3.0,3.0,shot_microstats,1289,0.7584055047705193,1.845080386195436,3.8988483899573554,0.753862763747131,1.711003188779338,4.151402699079804
2021,2022-04-28,2021021291,OTT,FLA,0.0,-4.0,4.0,shot_microstats,1289,0.27033735866551395,-1.3720016991261819,4.201207682395028,0.2510865688661663,-1.360508507537596,4.240066041942166
2021,2022-04-28,2021021294,CAR,NJD,1.0,3.0,9.0,shot_microstats,1289,0.569284836446134,0.41778420075574685,4.457734140815528,0.5614408441747276,0.4161415412480362,4.091150061982477
2021,2022-04-28,2021021295,MIN,CGY,0.0,-1.0,3.0,shot_microstats,1289,0.48738160773033445,-0.03101237557433678,3.886186059212894,0.42601735415039726,-0.21459829953625498,3.968433076680938
2021,2022-04-28,2021021305,CBJ,TBL,1.0,3.0,3.0,shot_microstats,1289,0.34480810159597747,-0.8514212511351613,4.107371351050551,0.355505860279965,-0.9468153283797377,4.017516796243616
2021,2022-04-28,2021021310,VAN,LAK,0.0,-1.0,3.0,shot_microstats,1289,0.4433923956486204,-0.2873718330541808,4.083979364900952,0.46883650159250073,-0.17121350666656834,4.09884567037159
2021,2022-04-29,2021021169,PIT,CBJ,1.0,4.0,6.0,shot_microstats,1289,0.6983587053343684,1.3750642916068303,4.29896329431477,0.652716816592254,1.0988304103648336,4.386676343579674
2021,2022-04-29,2021021292,NYI,TBL,0.0,-1.0,7.0,shot_microstats,1289,0.41385555062404955,-0.44228560147256557,4.0303620913981835,0.3724544626323704,-0.6199874233355733,4.093394570902294
2021,2022-04-29,2021021299,TOR,BOS,1.0,2.0,4.0,shot_microstats,1289,0.5319246743446334,0.19921491520204127,3.9861207646953836,0.5609753988096883,0.36203071763857275,4.104955706157973
2021,2022-04-29,2021021300,MTL,FLA,1.0,8.0,10.0,shot_microstats,1289,0.24967824357459117,-1.54558344730411,4.176967100470447,0.2134427822714476,-1.6527926473707186,4.072307959487726
2021,2022-04-29,2021021301,NJD,DET,0.0,-1.0,7.0,shot_microstats,1289,0.6126209299313274,0.7069971914957707,4.394623950274972,0.6925619510694415,0.9476383067115869,4.581916498896336
2021,2022-04-29,2021021302,NYR,WSH,1.0,2.0,4.0,shot_microstats,1289,0.48970758878743226,-0.007886543746791208,3.787387519617072,0.5336421531775406,0.09068441492292839,3.7951900236187788
2021,2022-04-29,2021021303,PHI,OTT,0.0,-2.0,2.0,shot_microstats,1289,0.4991133678957024,0.016071408458150582,4.037399965699476,0.4965344215040608,0.006257053855966754,3.9235029360553084
2021,2022-04-29,2021021306,STL,VGK,0.0,-3.0,7.0,shot_microstats,1289,0.4070911130573253,-0.5043549306919735,4.2654378569406495,0.4645952604449102,-0.3665011489975512,4.552828188075009
2021,2022-04-29,2021021308,MIN,COL,1.0,2.0,4.0,shot_microstats,1289,0.6023002070721728,0.6173785507468149,3.702440051919553,0.5566782566263174,0.40373755819674106,3.6725411558291783
2021,2022-04-29,2021021309,WPG,CGY,1.0,1.0,3.0,shot_microstats,1289,0.37585335066635167,-0.6743022478723826,4.216111971548925,0.3800162471239607,-0.6081080795863878,4.1773925662223945
2021,2022-04-29,2021021311,ARI,NSH,1.0,2.0,8.0,shot_microstats,1289,0.43006397376493827,-0.32885664046032437,3.7761711656223733,0.39320130184835234,-0.6727103421151069,3.701949284061138
2021,2022-04-29,2021021312,SEA,SJS,1.0,2.0,2.0,shot_microstats,1289,0.5938943301236259,0.5605363548885975,3.8594311025804884,0.5298732923279229,0.24992047439830217,3.7577297314832863
2021,2022-05-01,2021021179,WPG,SEA,1.0,2.0,6.0,shot_microstats,1289,0.5798607337042722,0.47266613335596425,4.001304362566257,0.6690967884355461,0.8295075002075958,4.058454386872145
2022,2022-11-03,2022020161,NYR,BOS,0.0,-2.0,6.0,shot_microstats,2198,0.5192567290289479,0.13775853718516162,4.298319989059584,0.6280777710535946,0.6561964614869515,3.871751860175035
2022,2022-11-03,2022020167,MIN,SEA,0.0,-3.0,3.0,shot_microstats,2198,0.44763443797414304,-0.23170959786844836,4.099357258801428,0.5102210523045682,0.062481099309056654,3.7589131646414025
2022,2022-11-03,2022020170,EDM,NJD,0.0,-2.0,6.0,shot_microstats,2198,0.3752489340205116,-0.6336538280122409,4.29891323828333,0.47822456551756076,0.02893154726892601,4.246394293904917
2022,2022-11-03,2022020171,VAN,ANA,1.0,2.0,8.0,shot_microstats,2198,0.5601749484116554,0.36080013136638844,4.2402216108323705,0.48542667671352047,-0.1977145545224751,4.410061695497539
2022,2022-11-03,2022020173,SJS,FLA,1.0,1.0,3.0,shot_microstats,2198,0.40689010826357336,-0.44687078482081427,4.033069455949321,0.25603499275558506,-0.9422893230130597,4.231217910658113
2022,2022-11-04,2022020174,CAR,BUF,1.0,1.0,5.0,shot_microstats,2198,0.5889522424602056,0.5211298292210601,4.23013504363664,0.47687001114454614,0.18053159740854646,4.290615097295321
2022,2022-11-05,2022020177,EDM,DAL,0.0,-3.0,5.0,shot_microstats,2198,0.5714411994237172,0.4198341832661341,4.338178835067365,0.6838252262682885,0.9197205931394729,4.047851491033423
2022,2022-11-05,2022020178,WSH,ARI,0.0,-2.0,4.0,shot_microstats,2198,0.6404304357023326,0.8250486473075311,4.099592441486509,0.5975800664168411,0.3662941910734957,3.4613274810774044
2022,2022-11-05,2022020179,TOR,BOS,1.0,1.0,1.0,shot_microstats,2198,0.49640897180469645,0.02170285400948127,4.1786378295791575,0.40142383253952474,-0.13293565061886564,3.9449952815399563
2022,2022-11-05,2022020180,TBL,BUF,1.0,1.0,5.0,shot_microstats,2198,0.47070518702310615,-0.11642403275051767,4.238348032217922,0.47675375050208113,-0.14215857207134355,4.063913171784922
2022,2022-11-05,2022020181,DET,NYI,1.0,1.0,1.0,shot_microstats,2198,0.49280236901902386,0.002158458824692455,4.190546029765242,0.47945829272585583,0.01856230259701952,3.7888173754394336
2022,2022-11-05,2022020183,PIT,SEA,0.0,-1.0,5.0,shot_microstats,2198,0.49323935869039676,-0.0006422235601058566,4.307233311144467,0.49265612956126714,0.03175534143071895,3.8223102613814155
2022,2022-11-05,2022020184,MTL,VGK,0.0,-1.0,7.0,shot_microstats,2198,0.3878383560576764,-0.5640302557202094,4.310119412840461,0.4553533668195129,-0.3881638531002097,4.441804500461364
2022,2022-11-05,2022020185,CBJ,COL,0.0,-5.0,5.0,shot_microstats,2198,0.4541546272185308,-0.19718940225579568,4.098325293834424,0.4456746111468102,-0.43430061922669955,3.9497248369750224
2022,2022-11-06,2022020190,NYR,DET,0.0,-1.0,3.0,shot_microstats,2198,0.5753712595781458,0.44518361776173376,4.224566776268549,0.7948022969588194,1.4965678373447442,4.057179824689067
2022,2022-11-06,2022020191,CAR,TOR,0.0,-3.0,3.0,shot_microstats,2198,0.599290321414823,0.5849979471269847,4.046520867066718,0.6506460904922114,1.0840149407415702,4.461902590923374
2022,2022-11-07,2022020195,WSH,EDM,0.0,-1.0,3.0,shot_microstats,2198,0.4388561153421541,-0.2887444715584625,4.321919593524603,0.4684224439384651,-0.11207296004711376,3.965868026711208
2022,2022-11-08,2022020196,BUF,ARI,0.0,-2.0,2.0,shot_microstats,2198,0.6645073298088657,0.9720874711007575,4.325129553733804,0.6470709843768457,0.6825968312395981,4.343693856864622
2022,2022-11-08,2022020197,NJD,CGY,1.0,2.0,2.0,shot_microstats,2198,0.602754764829728,0.5982754031331448,4.291453602508215,0.663388486585143,0.9278247742131052,3.816213966598503
2022,2022-11-08,2022020199,PHI,STL,1.0,3.0,5.0,shot_microstats,2198,0.4248103786792292,-0.3558112040244553,4.1547819236704795,0.3195541382631272,-0.9362489705075536,4.445308756582668
2022,2022-11-08,2022020200,OTT,VAN,0.0,-3.0,7.0,shot_microstats,2198,0.5808400865267843,0.4748166829091228,4.253656338986415,0.6122619897271394,0.6394389034443384,4.140703701642747
2022,2022-11-08,2022020201,TOR,VGK,1.0,1.0,5.0,shot_microstats,2198,0.44644042124615574,-0.2451625560770237,4.250992660713425,0.38633151155040635,-0.29880647492089984,4.271330362437029
2022,2022-11-08,2022020202,TBL,EDM,1.0,2.0,2.0,shot_microstats,2198,0.4639823109251633,-0.15527753672690725,4.312475848784313,0.6007541269061172,0.42686929479528835,4.2450681023694194
2022,2022-11-08,2022020204,WPG,DAL,1.0,3.0,5.0,shot_microstats,2198,0.5151648529237036,0.1183234312275703,4.240552368137076,0.6370358873657063,0.6130327164108172,3.915639643839198
2022,2022-11-08,2022020205,SEA,NSH,1.0,3.0,5.0,shot_microstats,2198,0.6024497351677162,0.5993892568568193,4.178171255474581,0.5639697151715196,0.3895053194380325,4.340733427736805
2022,2022-11-08,2022020206,LAK,MIN,1.0,1.0,1.0,shot_microstats,2198,0.5984811421546651,0.5794229837442644,4.080140195232209,0.6472350840069281,0.8044509642148738,4.100406861974133
2022,2022-11-09,2022020207,FLA,CAR,1.0,1.0,1.0,shot_microstats,2198,0.5139969572328544,0.12211543357723174,4.005495883502692,0.50331234050498,0.2002286397003878,3.2595515300120854
2022,2022-11-09,2022020208,WSH,PIT,0.0,-1.0,3.0,shot_microstats,2198,0.42663229911317724,-0.35349708586972317,4.312757958352302,0.5080786382689568,0.059981374055172565,4.309829898846904
2022,2022-11-09,2022020209,MTL,VAN,1.0,2.0,6.0,shot_microstats,2198,0.5001588033026706,0.04210174457702716,4.164634703531951,0.539693709389147,0.0069778891112770025,4.166475013855631
2022,2022-11-09,2022020210,ANA,MIN,0.0,-1.0,3.0,shot_microstats,2198,0.4045962730954665,-0.4652151802362143,4.160549696711886,0.45568357107478846,-0.30461817566097155,4.688019253779304
2022,2022-11-10,2022020211,BOS,CGY,1.0,1.0,3.0,shot_microstats,2198,0.4612428952018708,-0.15727408189815695,4.044547519415367,0.5502116946312414,0.3355229125635643,3.4964169131021783
2022,2022-11-10,2022020212,CAR,EDM,1.0,5.0,7.0,shot_microstats,2198,0.5734828231121883,0.4336727547222475,4.257064975536074,0.5764002090756636,0.6525289925934168,4.479671695787477
2022,2022-11-10,2022020213,NJD,OTT,1.0,1.0,5.0,shot_microstats,2198,0.6222288823782253,0.7088521637574778,4.472245597046079,0.7036253983659374,1.1362931402625458,4.405860587775404
2022,2022-11-10,2022020214,CBJ,PHI,1.0,1.0,5.0,shot_microstats,2198,0.5479091077773894,0.29662749897739843,4.16706110625571,0.5724435966919066,0.23521345617129585,4.256030608962256
2022,2022-11-10,2022020215,BUF,VGK,0.0,-4.0,6.0,shot_microstats,2198,0.44118619709467055,-0.28016406766660656,4.403188086814444,0.5094932854514674,0.10289905390629739,4.900870169073899
2022,2022-11-10,2022020217,DET,NYR,0.0,-4.0,8.0,shot_microstats,2198,0.46909498573305397,-0.12115993709239598,4.156936129371355,0.5835125009593275,0.5063633161997336,4.082736445053664
2022,2022-11-10,2022020219,COL,NSH,1.0,1.0,5.0,shot_microstats,2198,0.5633642191650826,0.38275383651306577,4.1105068261196696,0.5070372042850341,0.2096832364513773,4.214151246231534
2022,2022-11-10,2022020220,LAK,CHI,1.0,1.0,1.0,shot_microstats,2198,0.6643748739247926,0.9728911531772615,4.162948461999732,0.7349356525862,1.3063764659972534,4.249755626789195
2022,2022-11-11,2022020221,TOR,PIT,0.0,-2.0,4.0,shot_microstats,2198,0.48802301933924636,-0.027016930029822934,4.2804017415128,0.4707078622112814,0.11881476488333703,4.362218421929976
2022,2022-11-11,2022020222,WSH,TBL,1.0,4.0,6.0,shot_microstats,2198,0.5127009964745136,0.11174959792379205,4.086619010170693,0.5261190232708431,0.14272253541782148,3.5006031927672026
2022,2022-11-11,2022020224,SEA,MIN,0.0,-1.0,1.0,shot_microstats,2198,0.5950797071293505,0.5624637941486937,4.002480214448852,0.6788901897054529,0.9582303920147164,4.380452818771527
2022,2022-11-12,2022020226,FLA,EDM,0.0,-1.0,3.0,shot_microstats,2198,0.5560198127096454,0.33649377402602165,4.286130706085052,0.6473307513592986,0.9877645169011343,4.071359649675727
2022,2022-11-12,2022020227,NJD,ARI,1.0,3.0,3.0,shot_microstats,2198,0.7789635105020508,1.8380744834535618,4.821440620110278,0.7737611776374035,1.5879323602042845,4.149632432387044
2022,2022-11-12,2022020228,BUF,BOS,0.0,-2.0,2.0,shot_microstats,2198,0.5208384874525679,0.1516447240572633,4.163924946525186,0.5819714685126371,0.5609986210448429,4.450911307350502
2022,2022-11-12,2022020229,MTL,PIT,1.0,1.0,5.0,shot_microstats,2198,0.39173615441544307,-0.5437685587965988,4.337080668447775,0.44416310904630496,-0.37137203152288656,4.449714772928216
2022,2022-11-12,2022020230,TOR,VAN,1.0,1.0,3.0,shot_microstats,2198,0.6016430910825579,0.5960652301179374,4.129767277549348,0.5580931159062752,0.45766728656369726,4.011160187086743
2022,2022-11-12,2022020231,NYI,CBJ,1.0,1.0,5.0,shot_microstats,2198,0.5540283256140806,0.3248588824132269,4.308160923940065,0.5015344004443526,0.2981942949582475,4.957850466551141
2022,2022-11-12,2022020232,NSH,NYR,1.0,1.0,3.0,shot_microstats,2198,0.4898843702087081,-0.016100695178577817,4.255538972548571,0.5817463943230151,0.5280059985876215,4.740343127409075
2022,2022-11-12,2022020233,COL,CAR,1.0,1.0,3.0,shot_microstats,2198,0.4533324983713022,-0.19874110773575493,4.039031940922989,0.3697815596387618,-0.4938958065462958,3.5698386244222395
2022,2022-11-12,2022020234,ANA,CHI,0.0,-1.0,5.0,shot_microstats,2198,0.45663842590770015,-0.18734751314447762,4.16809491458469,0.5188440166433347,0.021143879229819473,4.655890454753411
2022,2022-11-12,2022020235,VGK,STL,0.0,-2.0,4.0,shot_microstats,2198,0.6284712340174259,0.7458415676819393,4.506591602467632,0.6074933409930368,0.6524502391105695,4.532563389964406
2022,2022-11-12,2022020236,CGY,WPG,1.0,1.0,3.0,shot_microstats,2198,0.5880816550351868,0.5167849431853421,4.210247861409048,0.6199274334107105,0.7128284320466147,4.231016853775042
2022,2022-11-12,2022020237,LAK,DET,1.0,1.0,1.0,shot_microstats,2198,0.6703426253245317,1.0110905581539598,4.167592145497153,0.7520005364350768,1.4196603718270826,4.338553408932523
2022,2022-11-13,2022020238,PHI,DAL,0.0,-1.0,3.0,shot_microstats,2198,0.44268265769376347,-0.2595758831144364,4.1338907745937,0.44592933731822365,-0.29622035276173075,4.005945133750736
2022,2022-11-13,2022020239,NYR,ARI,1.0,3.0,3.0,shot_microstats,2198,0.6546214702674343,0.9104518882082662,4.230895690540308,0.7259742888012771,1.0537967665582961,3.7395815130424164
2022,2022-11-13,2022020240,MIN,SJS,0.0,-1.0,3.0,shot_microstats,2198,0.5543445091452295,0.33661718283128184,4.0295887597378,0.5224761567859045,0.22110245020327784,3.7431470363080424
2022,2022-11-13,2022020241,BOS,VAN,1.0,1.0,1.0,shot_microstats,2198,0.6022321448675144,0.5996938952938102,4.12031958128161,0.6948863626513643,1.0523361315929476,3.9715288464501954
2022,2022-11-13,2022020242,TBL,WSH,1.0,1.0,5.0,shot_microstats,2198,0.5226370069490422,0.16285901668779423,4.124022362366346,0.6893138409174246,0.897635924860201,4.273648616169351
2022,2022-11-13,2022020243,SEA,WPG,1.0,1.0,1.0,shot_microstats,2198,0.5337296520076837,0.21870551046635806,4.208022067594635,0.5925416753670576,0.42672594052124174,4.511728341244046
2022,2022-11-14,2022020245,CHI,CAR,0.0,-3.0,3.0,shot_microstats,2198,0.31933280961158034,-0.9491155790922492,3.9295570887395384,0.26659968920464955,-1.2903092630397288,3.4299098487636357
2022,2022-11-14,2022020246,CGY,LAK,1.0,3.0,7.0,shot_microstats,2198,0.5206112989298237,0.15390000211346042,4.080935617574207,0.5332722162404003,0.33247820149914925,4.178897646002458
2022,2022-11-14,2022020247,COL,STL,0.0,-1.0,3.0,shot_microstats,2198,0.5657602149183122,0.3922528002513837,4.2170994570366895,0.5329818610468048,0.22881293833811472,4.4612375125273545
2022,2022-11-15,2022020248,TBL,DAL,1.0,2.0,4.0,shot_microstats,2198,0.5102238545538619,0.09502291133901583,4.171138266795453,0.6262688012573571,0.5252647996979372,4.0415550919248515
2022,2022-11-15,2022020249,MTL,NJD,0.0,-2.0,4.0,shot_microstats,2198,0.306010587747268,-1.0428864016996284,4.231788493240508,0.31273894129100643,-1.0489094928446612,4.139601899678505
2022,2022-11-15,2022020251,PIT,TOR,0.0,-1.0,5.0,shot_microstats,2198,0.49938232411390876,0.03337212962565028,4.271475278445266,0.5958520580163066,0.6531765033149657,4.307733918642281
2022,2022-11-15,2022020252,BUF,VAN,1.0,1.0,7.0,shot_microstats,2198,0.5816244377414952,0.4773508585283481,4.317797313200259,0.6177799152108008,0.592726179364041,4.686914852396978
2022,2022-11-15,2022020253,FLA,WSH,1.0,3.0,3.0,shot_microstats,2198,0.6297095579594167,0.7589750659331327,4.176798449761074,0.7349686643555887,1.4660822829320481,4.244672110252637
2022,2022-11-15,2022020255,ANA,DET,0.0,-1.0,1.0,shot_microstats,2198,0.4359486468628745,-0.2978890591060886,4.187639816917955,0.5399257207353768,0.10870699626326441,4.8381154857285775
2022,2022-11-16,2022020257,OTT,BUF,1.0,2.0,2.0,shot_microstats,2198,0.4993252047799747,0.026293937955694943,4.432383947381648,0.4169608612585761,-0.2999388102064944,4.111753087325764
2022,2022-11-16,2022020258,CHI,STL,0.0,-3.0,5.0,shot_microstats,2198,0.4551725336517801,-0.19374433233500632,4.139431121109747,0.38155788627721177,-0.6411165513797549,4.137102807621286
2022,2022-11-16,2022020259,EDM,LAK,0.0,-1.0,3.0,shot_microstats,2198,0.4439381767274769,-0.26206777044571455,4.328648129315609,0.5695060779640084,0.34815815549501294,4.435026569715088
2022,2022-11-17,2022020260,TBL,CGY,1.0,2.0,2.0,shot_microstats,2198,0.4338991672739537,-0.3033208845953881,4.071259172598171,0.5342832349586134,0.1360402146816565,3.73917972417589
2022,2022-11-17,2022020261,CAR,COL,1.0,1.0,3.0,shot_microstats,2198,0.6214207401896179,0.7125826606562615,4.054424434050411,0.5791404805447729,0.5396512553227183,4.124809221171707
2022,2022-11-17,2022020262,FLA,DAL,0.0,-3.0,7.0,shot_microstats,2198,0.6048573895241037,0.6119669207368295,4.227845966987106,0.6862562956705934,1.0838233278545826,3.9305860174971707
2022,2022-11-17,2022020263,CBJ,MTL,1.0,2.0,8.0,shot_microstats,2198,0.4433223439390292,-0.2634121959637523,4.287593520107141,0.5042365519671489,-0.11377427033565335,4.420160644199546
2022,2022-11-17,2022020264,TOR,NJD,0.0,-2.0,2.0,shot_microstats,2198,0.4039610320793917,-0.4733531679790068,4.261440863113756,0.3266101479707934,-0.5710849415798857,4.130367041120492
2022,2022-11-17,2022020265,BOS,PHI,1.0,2.0,2.0,shot_microstats,2198,0.6414248007519537,0.8312603118844212,4.0904421846369425,0.7641242311509492,1.4686896819606068,3.986759152859244
2022,2022-11-17,2022020266,WPG,ANA,1.0,1.0,3.0,shot_microstats,2198,0.6677230423975602,0.991319590156433,4.597424818333319,0.7116956333264359,1.0305348156171108,4.349077362228767
2022,2022-11-17,2022020267,NSH,NYI,1.0,1.0,7.0,shot_microstats,2198,0.5666217396685368,0.3975904708626449,4.199244009673559,0.5828742185185993,0.46345316966733746,4.4539182792584775
2022,2022-11-17,2022020269,STL,WSH,1.0,1.0,5.0,shot_microstats,2198,0.5011498306113493,0.04120463111235915,4.307167963629138,0.572723200793344,0.28971080309365504,4.862580208658354
2022,2022-11-17,2022020270,VGK,ARI,1.0,2.0,4.0,shot_microstats,2198,0.711754758171132,1.2920714730334062,4.411472244548172,0.6948017023217277,1.1370475633530013,4.086147297358044
2022,2022-11-17,2022020271,SEA,NYR,1.0,2.0,2.0,shot_microstats,2198,0.5572532100657946,0.34712932559720944,4.173922747880074,0.5611175364634401,0.47932019441815177,4.680024768112037
2022,2022-11-17,2022020272,SJS,DET,0.0,-2.0,10.0,shot_microstats,2198,0.5568354140211809,0.3508838886931602,4.009279386011711,0.6360769786069501,0.7109527183250977,4.635469610230854
2022,2022-11-18,2022020273,VAN,LAK,1.0,2.0,4.0,shot_microstats,2198,0.41214042395606926,-0.4224434813648371,4.121146556004856,0.4979919336755743,-0.015387586973443501,4.37113061331348
2022,2022-11-19,2022020274,OTT,NJD,0.0,-1.0,3.0,shot_microstats,2198,0.3622819616079066,-0.7102418760962188,4.370926113197726,0.3685803418513437,-0.4510118736421775,4.067921666865162
2022,2022-11-19,2022020276,TOR,BUF,1.0,2.0,2.0,shot_microstats,2198,0.5466436781462661,0.28575201257977784,4.277147373993135,0.41521939546071635,-0.25516683420523145,3.970410893272411
2022,2022-11-19,2022020277,BOS,CHI,1.0,4.0,4.0,shot_microstats,2198,0.6590676163336648,0.9415469863890902,4.005468793468979,0.7926058643389309,1.777544909029478,3.7568639237472796
2022,2022-11-19,2022020278,WSH,COL,0.0,-3.0,3.0,shot_microstats,2198,0.5277527894657363,0.19092277234135374,4.103811368948294,0.5499547749743358,0.1458317426181665,3.654589654290846
2022,2022-11-19,2022020279,CBJ,DET,0.0,-4.0,4.0,shot_microstats,2198,0.4670938728166467,-0.12996491202003632,4.119589460627154,0.5737022677477093,0.21128177874350104,4.24765972912414
2022,2022-11-19,2022020280,MTL,PHI,0.0,-2.0,6.0,shot_microstats,2198,0.5608244553869202,0.3672438639622524,4.156521187457722,0.6476393492991531,0.5181262514641901,4.315152215258527
2022,2022-11-19,2022020281,WPG,PIT,0.0,-2.0,2.0,shot_microstats,2198,0.49878255294110724,0.02615429367655568,4.366674720293957,0.627022559487702,0.6989310989757641,4.264251301163796
2022,2022-11-19,2022020282,STL,ANA,1.0,5.0,5.0,shot_microstats,2198,0.5980515209325507,0.5652462724446266,4.550724756915029,0.6057390135425846,0.34947463933464146,5.0468420972871675
2022,2022-11-19,2022020284,DAL,NYI,1.0,3.0,5.0,shot_microstats,2198,0.5835974214763721,0.4868714691627614,4.374993566016671,0.6114655868771336,0.5872378805942653,4.42170502925505
2022,2022-11-19,2022020288,SJS,NYR,0.0,-1.0,1.0,shot_microstats,2198,0.4878789718166173,-0.025993846473073207,4.240057348011285,0.4836687625263651,0.06087472046480047,4.873080151019299
2022,2022-11-20,2022020289,CBJ,FLA,0.0,-1.0,5.0,shot_microstats,2198,0.31271379276609784,-1.0012352650187641,4.2532401507462,0.27773461203482835,-1.1403941254888652,4.029698248361856
2022,2022-11-20,2022020290,CHI,PIT,0.0,-2.0,6.0,shot_microstats,2198,0.35403464803613943,-0.7492499929749932,4.17228994169843,0.34015586324182545,-0.7389730000692063,4.2372514744861824
2022,2022-11-21,2022020291,TBL,BOS,0.0,-1.0,5.0,shot_microstats,2198,0.4957676299257628,0.02320014765879455,4.068919178287728,0.5934263486374985,0.5450223746505509,3.9889365708901647
2022,2022-11-21,2022020292,PHI,CGY,0.0,-1.0,5.0,shot_microstats,2198,0.3588405853588148,-0.7172852439910894,4.0711661664534535,0.34353337086096736,-0.7940791321692333,3.77578083108488
2022,2022-11-21,2022020293,NJD,EDM,1.0,3.0,5.0,shot_microstats,2198,0.6429701927429021,0.83398005997057,4.565117176269542,0.712636224742111,1.2058541243579366,4.083945516038719
2022,2022-11-21,2022020294,WPG,CAR,1.0,3.0,3.0,shot_microstats,2198,0.4416797338198266,-0.2626992712059223,4.0872572205506295,0.5189421958294045,0.029562008822777375,3.487941917776953
2022,2022-11-21,2022020295,TOR,NYI,0.0,-1.0,3.0,shot_microstats,2198,0.6403679384984344,0.8208494587533324,4.3267946164447935,0.5369648181146441,0.38529866867714296,4.265396710906003
2022,2022-11-21,2022020297,NSH,ARI,0.0,-1.0,3.0,shot_microstats,2198,0.6098696486252609,0.6470617241916627,3.992138842368262,0.6329022413668155,0.6200785441112173,4.053007781973717
2022,2022-11-21,2022020299,SJS,OTT,1.0,2.0,4.0,shot_microstats,2198,0.4396366893261604,-0.28139056175535304,4.253730976895236,0.41756715046128123,-0.21942350073705624,4.706192316256102
2022,2022-11-21,2022020300,VAN,VGK,0.0,-1.0,9.0,shot_microstats,2198,0.38718217220847,-0.5677265543269527,4.311575861572244,0.4440165227295178,-0.2828024591538883,4.443687846812059
2022,2022-11-22,2022020301,MTL,BUF,0.0,-3.0,7.0,shot_microstats,2198,0.43543955996923445,-0.30660658121520823,4.3151851533989145,0.38501364092988677,-0.7048225770732165,4.198502751913883
2022,2022-11-22,2022020302,LAK,NYR,0.0,-1.0,5.0,shot_microstats,2198,0.5998697008495343,0.5827212333591321,4.250110103427554,0.5977836863803284,0.6316857981736057,4.434372904481282
2022,2022-11-23,2022020303,CAR,ARI,0.0,-3.0,3.0,shot_microstats,2198,0.7452780984802451,1.542401156132179,4.2433007285062985,0.710786541334071,1.3045274728944425,4.286627409344936
2022,2022-11-23,2022020304,FLA,BOS,1.0,1.0,1.0,shot_microstats,2198,0.5772721989393513,0.4614296025932515,4.048830245004077,0.6438869781364901,0.9956803060334095,3.928483104536478
2022,2022-11-23,2022020306,CBJ,MTL,0.0,-1.0,3.0,shot_microstats,2198,0.4427242098413884,-0.2681251992348959,4.32041827799186,0.4667710258785517,-0.2781586689314165,4.477557461290591
2022,2022-11-23,2022020307,BUF,STL,1.0,2.0,4.0,shot_microstats,2198,0.5731223924786901,0.427190101804704,4.4062733649597785,0.5673322768914443,0.2756364603834365,4.764535082581416
2022,2022-11-23,2022020308,NJD,TOR,0.0,-1.0,3.0,shot_microstats,2198,0.6354095274380946,0.7906569609102012,4.323945820332396,0.7271249297151623,1.3237532029985704,4.068846987850877
2022,2022-11-23,2022020309,MIN,WPG,1.0,3.0,5.0,shot_microstats,2198,0.4870358936118284,-0.02051080234430938,4.020269642518634,0.5203402290437709,0.16902652062401974,3.9894516103660944
2022,2022-11-23,2022020310,NYI,EDM,1.0,1.0,1.0,shot_microstats,2198,0.4068876951310665,-0.46608329993122233,4.445585463835397,0.38667006729200615,-0.38753875610313826,4.470579841524163
2022,2022-11-23,2022020311,DET,NSH,1.0,1.0,1.0,shot_microstats,2198,0.5093932457820697,0.09993283842370584,3.957562618178801,0.5485810851006505,0.2316524551481094,3.821615018683176
2022,2022-11-23,2022020312,WSH,PHI,0.0,-1.0,3.0,shot_microstats,2198,0.6137377362677852,0.6640626620456116,4.204021540726872,0.722632968981951,1.0529691382245903,4.236360773633623
2022,2022-11-23,2022020315,VGK,OTT,1.0,2.0,2.0,shot_microstats,2198,0.5642203341603552,0.3767753952814751,4.436902528705012,0.559938214796698,0.5889308357180489,4.399711547547032
2022,2022-11-23,2022020316,SEA,SJS,1.0,1.0,9.0,shot_microstats,2198,0.6181951582705961,0.6914658930780833,4.14694827732632,0.5271402731174187,0.24324149632300018,4.197657038342983
2022,2022-11-23,2022020317,COL,VAN,0.0,-1.0,3.0,shot_microstats,2198,0.6142563028049078,0.6673938161986277,4.191010606067049,0.6387616224776618,0.7441940519001236,4.426651122965919
2022,2022-11-25,2022020318,BOS,CAR,1.0,2.0,2.0,shot_microstats,2198,0.48592259271711913,-0.023758173318288223,3.9637408283046276,0.5234624057104666,0.18578949958310728,3.3010333263309386
2022,2022-11-25,2022020319,WSH,CGY,1.0,2.0,2.0,shot_microstats,2198,0.43132676889112886,-0.3187420011135589,4.107451962722138,0.47085546691396074,-0.231501918913765,3.5771035283743
2022,2022-11-25,2022020322,MIN,TOR,0.0,-3.0,5.0,shot_microstats,2198,0.46910199848986034,-0.11066846094270172,3.9328533721648737,0.48821975760377545,0.15478091224198476,3.91011153132622
2022,2022-11-25,2022020323,ANA,OTT,0.0,-1.0,3.0,shot_microstats,2198,0.29632697548764997,-1.110785834422757,4.402464256585028,0.3355140559008529,-0.8692069035103479,4.741122531357345
2022,2022-11-25,2022020324,PHI,PIT,0.0,-3.0,5.0,shot_microstats,2198,0.38237829371155024,-0.5908565963929839,4.233629122199142,0.39914288020181327,-0.42170955811649147,4.276119375179753
2022,2022-11-25,2022020325,DET,ARI,0.0,-1.0,3.0,shot_microstats,2198,0.5784820456856804,0.4746391126572387,3.861274731200363,0.6527405226877234,0.6372816927624898,3.4029279380270734
2022,2022-11-25,2022020326,CBJ,NYI,0.0,-1.0,1.0,shot_microstats,2198,0.45940903741545724,-0.1823787155861323,4.376704574551862,0.41542357735571,-0.4918763927542172,4.425279205256632
2022,2022-11-25,2022020327,BUF,NJD,0.0,-2.0,4.0,shot_microstats,2198,0.3484204320980377,-0.7907441176093353,4.383841666477478,0.3702641524381503,-0.4907755674329657,4.63055736126448
2022,2022-11-25,2022020328,TBL,STL,1.0,2.0,4.0,shot_microstats,2198,0.5750977561829584,0.4403721363628952,4.332572344816347,0.6145608894000865,0.48335839607655423,4.413213829803328
2022,2022-11-25,2022020329,VGK,SEA,0.0,-3.0,5.0,shot_microstats,2198,0.5460477743834993,0.2832454383909929,4.257089746308994,0.5285492229731725,0.2715775438038114,3.8705502860933723
2022,2022-11-25,2022020330,DAL,WPG,0.0,-3.0,5.0,shot_microstats,2198,0.4737162936432634,-0.1030328375419815,4.292908347780869,0.5823057212749968,0.34730347764549424,4.24818330862581
2022,2022-11-25,2022020331,SJS,LAK,0.0,-1.0,5.0,shot_microstats,2198,0.4027408130993536,-0.4730884174469827,4.111843704025425,0.41243449757055767,-0.3513534985568773,4.615346924065726
2022,2022-11-26,2022020334,FLA,STL,0.0,-1.0,7.0,shot_microstats,2198,0.6400472905141438,0.817935243906263,4.393610896571651,0.6672765091551583,0.9140242526592859,4.419847554347396
2022,2022-11-26,2022020335,PIT,TOR,0.0,-3.0,5.0,shot_microstats,2198,0.5065745929877288,0.0723850430231272,4.249244958406031,0.5857232741780739,0.5911726084853519,4.139243168239549
2022,2022-11-26,2022020336,NJD,WSH,1.0,4.0,4.0,shot_microstats,2198,0.6831405393126094,1.093575892907146,4.510557909254158,0.7620305241536706,1.4928220343798535,4.282056934139209
2022,2022-11-26,2022020337,NYI,PHI,1.0,1.0,5.0,shot_microstats,2198,0.517631442528554,0.13450165514400297,4.166354521942284,0.5813114349980356,0.443990821922286,4.536200327349076
2022,2022-11-26,2022020339,COL,DAL,1.0,3.0,3.0,shot_microstats,2198,0.539925258940515,0.2536948042343114,4.163636617755126,0.5782135755522892,0.4345586938331694,4.228566487858041
2022,2022-11-26,2022020340,VGK,VAN,0.0,-1.0,3.0,shot_microstats,2198,0.6360646841232317,0.7928335440912377,4.446086528863489,0.6481110399230846,0.8672136579663632,4.448360763516449
2022,2022-11-27,2022020342,CHI,WPG,0.0,-4.0,6.0,shot_microstats,2198,0.3664503074581065,-0.6768051534865064,4.1475949491255495,0.36346764736950493,-0.763786539564222,4.0588126764255925
2022,2022-11-27,2022020343,ANA,SEA,0.0,-3.0,5.0,shot_microstats,2198,0.3147683882067469,-0.9866671425877156,4.203979339213072,0.32456973758258106,-1.0320591120379996,4.197084797644813
2022,2022-11-27,2022020344,SJS,VAN,0.0,-1.0,5.0,shot_microstats,2198,0.5353736071247968,0.22891576640444555,4.172282122762699,0.5002501773582451,0.06268279006138268,4.682845790180888
2022,2022-11-27,2022020345,LAK,OTT,0.0,-1.0,1.0,shot_microstats,2198,0.5605757287704097,0.36407758550451325,4.208545344644371,0.5373119381957062,0.34395306033894046,4.250621662509513
2022,2022-11-28,2022020346,NYR,NJD,0.0,-2.0,6.0,shot_microstats,2198,0.3397528495280226,-0.8407337950698511,4.361534723478885,0.4212389056654938,-0.33822133087267714,4.294797201408085
2022,2022-11-28,2022020347,BUF,TBL,1.0,3.0,7.0,shot_microstats,2198,0.4993342841052534,0.030813615512830544,4.3255272679925145,0.4896555029890753,0.02546428818366872,4.310213319011089
2022,2022-11-28,2022020350,STL,DAL,0.0,-2.0,4.0,shot_microstats,2198,0.4555190272640508,-0.20314607336572404,4.380937984182061,0.5107012441604973,-0.025105835832326007,4.75220450875288
2022,2022-11-28,2022020351,EDM,FLA,0.0,-1.0,3.0,shot_microstats,2198,0.4592279205968079,-0.17922986989804163,4.2874832886520835,0.43010474924861325,-0.16357366501155673,4.001874659889234
2022,2022-11-29,2022020352,PIT,CAR,0.0,-1.0,3.0,shot_microstats,2198,0.4622274390484158,-0.1583106589519717,4.177723905054906,0.47783988136812555,-0.03975516165560314,3.7132728468991703
2022,2022-11-29,2022020353,PHI,NYI,1.0,1.0,1.0,shot_microstats,2198,0.540582471254995,0.25775300183181177,4.150044550101793,0.45710389437920573,-0.07830743631871045,4.146559940410348
2022,2022-11-29,2022020354,MTL,SJS,0.0,-3.0,3.0,shot_microstats,2198,0.4749910618079052,-0.0901887740764172,4.158446132871501,0.44873386324525477,-0.4380693045673607,4.081091950071745
2022,2022-11-29,2022020355,BOS,TBL,1.0,1.0,1.0,shot_microstats,2198,0.5704491271027379,0.42107260928383017,4.127815026354364,0.6002843516826919,0.673380529192256,3.629554884888543
2022,2022-11-29,2022020357,WPG,COL,1.0,4.0,4.0,shot_microstats,2198,0.5180255646211994,0.13923666499527335,4.103357969863861,0.537985685087613,0.22157279587697806,3.8534089684134814
2022,2022-11-29,2022020358,CGY,FLA,1.0,2.0,6.0,shot_microstats,2198,0.5276044345353524,0.1910160461426938,4.082318738730224,0.3974670527856642,-0.14555834672517393,3.863983043642609
2022,2022-11-29,2022020359,VAN,WSH,0.0,-3.0,5.0,shot_microstats,2198,0.45089572649901394,-0.2181874125023392,4.178714247221306,0.5017584565614228,0.008109713985573586,4.4800128880281465
2022,2022-11-30,2022020361,DET,BUF,1.0,2.0,6.0,shot_microstats,2198,0.448377792016208,-0.23010251342213522,4.148795395350185,0.4755723473284406,-0.08933334355203015,3.860962502109861
2022,2022-11-30,2022020362,OTT,NYR,0.0,-2.0,4.0,shot_microstats,2198,0.5550568792811986,0.33012399848123414,4.318674441461511,0.5949815002225074,0.6197301977059148,4.324476964634457
2022,2022-11-30,2022020363,TOR,SJS,1.0,1.0,3.0,shot_microstats,2198,0.612057156316757,0.6549601377310506,4.175065918447083,0.4607116399624517,-0.0467897562807264,4.006913723792026
2022,2022-11-30,2022020364,CHI,EDM,0.0,-2.0,6.0,shot_microstats,2198,0.365425241933411,-0.6859644531425387,4.225079545369087,0.33044707962836484,-0.7957499804271007,4.114328656906387
2022,2022-12-01,2022020365,BUF,COL,0.0,-1.0,3.0,shot_microstats,2198,0.5000620969002297,0.03905779639372329,4.22288761302475,0.5153529325624269,0.07756696233001856,4.285262182234865
2022,2022-12-01,2022020366,NJD,NSH,0.0,-1.0,3.0,shot_microstats,2198,0.7003374792736596,1.2117108972406778,4.544044772826748,0.7343989211053142,1.367520809926823,4.314208833964453
2022,2022-12-01,2022020367,PHI,TBL,0.0,-2.0,4.0,shot_microstats,2198,0.4271139463151857,-0.3408628936188377,4.099127446058257,0.37590766718786367,-0.495558203163838,3.8260039453769914
2022,2022-12-01,2022020368,PIT,VGK,1.0,2.0,4.0,shot_microstats,2198,0.47878552009277686,-0.08316343607051237,4.448101666566128,0.5312827342245686,0.26338284534596645,4.416141236925786
2022,2022-12-01,2022020369,STL,CAR,0.0,-2.0,4.0,shot_microstats,2198,0.36916998015692987,-0.6639668271704064,4.208617939385137,0.3580991013194241,-0.7827299958809563,4.261162240098259
2022,2022-12-01,2022020370,MIN,EDM,1.0,1.0,5.0,shot_microstats,2198,0.472841079305501,-0.09895427774881987,4.1031686089093995,0.45990483200067084,-0.004012254624566225,3.9846793100667828
2022,2022-12-01,2022020371,DAL,ANA,1.0,3.0,3.0,shot_microstats,2198,0.6504074740097662,0.8806517554619947,4.546691189756883,0.6964528262149757,1.0274687655885217,4.53626179531437
2022,2022-12-01,2022020372,CGY,MTL,1.0,1.0,1.0,shot_microstats,2198,0.6759599388197653,1.04698637334381,4.237547066168268,0.6259745892820612,0.910922288568216,4.432799947247808
2022,2022-12-01,2022020373,VAN,FLA,0.0,-4.0,6.0,shot_microstats,2198,0.37029887008686146,-0.6548036049997463,4.144644158888306,0.32058926942861954,-0.8029277396677933,4.059936360314623
2022,2022-12-01,2022020375,LAK,ARI,0.0,-1.0,3.0,shot_microstats,2198,0.7180168097623734,1.3368978885235687,4.3263328687459115,0.6852968895424063,0.9495803594896121,4.144045004388737
2022,2022-12-02,2022020376,NYR,OTT,1.0,2.0,2.0,shot_microstats,2198,0.4699749797811789,-0.1235089000814477,4.309292463449096,0.5742863580939954,0.40263615437533085,4.327261386214397
2022,2022-12-02,2022020378,WPG,CBJ,0.0,-4.0,4.0,shot_microstats,2198,0.6357950788644446,0.7913742092622016,4.432568702570501,0.6416228523193388,0.8770212790149549,4.653770905835003
2022,2022-12-03,2022020379,MIN,ANA,1.0,2.0,4.0,shot_microstats,2198,0.6723542462952087,1.0231605635815422,4.2771278312740355,0.6473537186231637,0.8492441988116752,4.27811941730596
2022,2022-12-03,2022020380,BOS,COL,1.0,3.0,5.0,shot_microstats,2198,0.5809192857803327,0.48539894191868443,3.938019210385371,0.6364136486601872,0.7915771491847021,3.5715458734434518
2022,2022-12-03,2022020381,EDM,MTL,1.0,1.0,3.0,shot_microstats,2198,0.6130922482526423,0.6561715772855806,4.393044044628792,0.6578782312896768,0.8734366201750614,4.5956912523757145
2022,2022-12-03,2022020382,PHI,NJD,0.0,-2.0,4.0,shot_microstats,2198,0.28423657362004157,-1.182681145370462,4.12899836359459,0.25724026584087,-1.1012917333313545,4.043211043244171
2022,2022-12-03,2022020383,OTT,SJS,1.0,1.0,3.0,shot_microstats,2198,0.6044551027645632,0.6085182727427909,4.273675953923915,0.5523547209137025,0.3297485507099283,3.905585912112206
2022,2022-12-03,2022020384,PIT,STL,1.0,1.0,5.0,shot_microstats,2198,0.5984901587462442,0.5685182558804479,4.515979155542274,0.5919344700105348,0.5031889560372,4.59857524306647
2022,2022-12-03,2022020386,DET,VGK,0.0,-2.0,2.0,shot_microstats,2198,0.4265283162993261,-0.3455724557959274,4.132670195035434,0.5235212970889062,0.10356077858112792,3.902603039807067
2022,2022-12-03,2022020387,NYR,CHI,0.0,-1.0,1.0,shot_microstats,2198,0.6501254949836193,0.8820847952238302,4.254284481171121,0.7729980032657428,1.4837562316026323,4.267144356264933
2022,2022-12-03,2022020389,SEA,FLA,0.0,-1.0,3.0,shot_microstats,2198,0.4707806632798133,-0.10885735925814019,4.082965990248617,0.3921943649361667,-0.34600318497199295,4.1053242392744265
2022,2022-12-03,2022020390,CGY,WSH,1.0,4.0,4.0,shot_microstats,2198,0.5985783320779676,0.5777837927220691,4.158049237924887,0.5756153355564328,0.5928162292300835,4.224485218119661
2022,2022-12-03,2022020391,LAK,CAR,0.0,-2.0,4.0,shot_microstats,2198,0.48457119704032003,-0.035482267032375475,4.06431275465542,0.45874668746395986,-0.1975002834286657,3.6593690731043327
2022,2022-12-04,2022020392,WPG,ANA,1.0,2.0,6.0,shot_microstats,2198,0.6852822588446719,1.1081706602424948,4.636695893431474,0.7025139233130244,1.1012965750513812,4.59505580738913
2022,2022-12-04,2022020393,DAL,MIN,1.0,1.0,7.0,shot_microstats,2198,0.536865086563933,0.2429782951529026,4.019907092799304,0.633870506464534,0.745097445005784,4.129931000661175
2022,2022-12-04,2022020394,CBJ,DET,0.0,-1.0,3.0,shot_microstats,2198,0.4539683388897263,-0.19874376836619,4.110465165206308,0.5268764997168964,0.05401003027549478,4.16956094556812
2022,2022-12-04,2022020395,BUF,SJS,1.0,1.0,5.0,shot_microstats,2198,0.5639503412458642,0.37939356924342416,4.305298050535406,0.5063616584794655,0.06116831953884537,4.283581900189751
2022,2022-12-04,2022020396,NYI,CHI,1.0,3.0,3.0,shot_microstats,2198,0.5596466550954516,0.3634172484575033,4.083553549740216,0.5696044535086251,0.5014757545126046,4.162126867218459
2022,2022-12-05,2022020397,PHI,COL,1.0,1.0,3.0,shot_microstats,2198,0.43247756485181615,-0.3041636912985715,3.9275255110236067,0.39248654534315985,-0.4506307295113241,3.7222913027052607
2022,2022-12-05,2022020398,NYR,STL,1.0,1.0,7.0,shot_microstats,2198,0.5741984861579666,0.43309474801401254,4.410065676563293,0.6285697942866982,0.5198002844140922,4.449123308421263
2022,2022-12-05,2022020399,BOS,VGK,0.0,-1.0,5.0,shot_microstats,2198,0.5595815731450744,0.3582496343069592,4.219758664289143,0.6245569274227744,0.7517277839188878,3.9490228552707647
2022,2022-12-05,2022020400,EDM,WSH,0.0,-1.0,3.0,shot_microstats,2198,0.5199293026663738,0.14083068129615764,4.311245894494201,0.5878684848648906,0.44094899744506316,4.453891973927238
2022,2022-12-05,2022020401,CGY,ARI,0.0,-1.0,3.0,shot_microstats,2198,0.7384556896390382,1.4897364843784913,4.287505222001556,0.6820190432452089,1.1188925891713797,4.162815320858361
2022,2022-12-05,2022020402,VAN,MTL,0.0,-1.0,11.0,shot_microstats,2198,0.512349314136986,0.1060547200379132,4.176502945191346,0.5289052772058864,0.17029396900508698,4.525264944681111
2022,2022-12-06,2022020403,NJD,CHI,1.0,2.0,2.0,shot_microstats,2198,0.7750501139282225,1.800105343260018,4.716691822422358,0.8292873702261181,2.098205775659472,4.231112927333834
2022,2022-12-06,2022020404,PIT,CBJ,1.0,1.0,3.0,shot_microstats,2198,0.6664504973160295,0.9831060148294506,4.573960596706266,0.666896710714072,1.127683773535302,4.680630974026796
2022,2022-12-06,2022020405,TBL,DET,0.0,-2.0,2.0,shot_microstats,2198,0.6150590872345668,0.6750801587957543,4.0677334417474835,0.7126675960033741,1.2243170957287237,4.107700374966784
2022,2022-12-06,2022020406,OTT,LAK,0.0,-3.0,3.0,shot_microstats,2198,0.48657681661169927,-0.03350333394142815,4.254549657149222,0.5348468501291438,0.2356670031784578,4.191456183087483
2022,2022-12-06,2022020407,NYI,STL,0.0,-3.0,7.0,shot_microstats,2198,0.45700628808959,-0.1937604245482809,4.34794287191545,0.3916845336899359,-0.4794519544629877,4.618983351080304
2022,2022-12-06,2022020408,WPG,FLA,1.0,1.0,3.0,shot_microstats,2198,0.4343607551423967,-0.3081186584330695,4.225296045638091,0.42683894156684915,-0.19815122702296184,3.9258564941836687
2022,2022-12-06,2022020409,DAL,TOR,0.0,-3.0,3.0,shot_microstats,2198,0.4800479252266617,-0.06622966620190983,4.2169845748397785,0.5495682331680104,0.34466826184886906,4.201826480700652
2022,2022-12-06,2022020411,SEA,MTL,0.0,-1.0,5.0,shot_microstats,2198,0.6356169108817656,0.7936976020320662,4.218747297207732,0.6172798175081616,0.7008236269225048,4.651049318425828
2022,2022-12-07,2022020412,CBJ,BUF,0.0,-2.0,10.0,shot_microstats,2198,0.3726091404165666,-0.6533789521545631,4.407622204585516,0.36650990246383247,-0.7282105151801044,4.309012917362192
2022,2022-12-07,2022020413,PHI,WSH,0.0,-1.0,1.0,shot_microstats,2198,0.43364208429989637,-0.30284555811363306,4.0320024625537805,0.43491572824833263,-0.24211465076339,3.9921407136637512
2022,2022-12-07,2022020414,CGY,MIN,0.0,-1.0,5.0,shot_microstats,2198,0.6413485462185827,0.8339387808420311,3.9346360294543223,0.6273639665688819,0.8842295085912822,4.102453403657422
2022,2022-12-07,2022020415,COL,BOS,0.0,-4.0,4.0,shot_microstats,2198,0.4827264154023434,-0.038504217954895115,3.919867602131561,0.4932864254611847,0.1785282888440748,3.8870866701095346
2022,2022-12-07,2022020416,EDM,ARI,1.0,5.0,7.0,shot_microstats,2198,0.6464198853338244,0.8593465576643937,4.239391510169419,0.6702463268827397,0.8170801201529112,4.199911910516698
2022,2022-12-07,2022020417,VGK,NYR,0.0,-3.0,3.0,shot_microstats,2198,0.5497272222347456,0.2994987904275123,4.3634709285387885,0.5705303717135384,0.5658342659437434,4.512832107982577
2022,2022-12-08,2022020419,FLA,DET,1.0,5.0,5.0,shot_microstats,2198,0.6764430310154687,1.0502737453999458,4.220754048878414,0.7328366864665946,1.4922611611327705,4.205006585569012
2022,2022-12-08,2022020420,TOR,LAK,1.0,4.0,4.0,shot_microstats,2198,0.4735615986699203,-0.09778383962991896,4.159982481327667,0.46670868694416867,-0.061487831085623584,4.300369483424074
2022,2022-12-08,2022020421,TBL,NSH,1.0,2.0,4.0,shot_microstats,2198,0.5946373237531039,0.5524155934183961,4.26540557692829,0.6325582077549311,0.7617953320171439,4.260850377989599
2022,2022-12-09,2022020424,CBJ,CGY,1.0,2.0,2.0,shot_microstats,2198,0.33464954235248273,-0.8633891220880767,4.163962322299947,0.3595135979058547,-0.8194842113535707,3.842768098806247
2022,2022-12-09,2022020425,NJD,NYI,0.0,-3.0,7.0,shot_microstats,2198,0.7329039080238248,1.4528665289959553,4.726797270042503,0.734633111253508,1.394903118723566,4.337593205323788
2022,2022-12-09,2022020428,CHI,WPG,0.0,-1.0,3.0,shot_microstats,2198,0.37686139813835445,-0.6162232207916625,4.1091653808638995,0.33917277789659717,-0.853204212116395,4.058281462809909
2022,2022-12-09,2022020429,EDM,MIN,1.0,1.0,3.0,shot_microstats,2198,0.5420045635252302,0.2682488044477389,4.0767352905756535,0.6108087499090226,0.5996958498425198,4.2425309467393735
2022,2022-12-09,2022020431,ARI,BOS,1.0,3.0,5.0,shot_microstats,2198,0.3233849955470295,-0.9225858945871516,3.8883699948718884,0.3826476265548511,-0.6219529347789869,4.129990784357524
2022,2022-12-09,2022020433,ANA,SJS,0.0,-3.0,5.0,shot_microstats,2198,0.3698794878154117,-0.6666073407579977,4.359674109174219,0.29679199925727007,-1.1012151048693006,4.315298492642252
2022,2022-12-10,2022020434,NSH,OTT,1.0,1.0,3.0,shot_microstats,2198,0.4398494815743343,-0.27731577063208107,4.191198896102069,0.4802583373874292,0.051267379233603916,4.279031457992794
2022,2022-12-10,2022020435,DAL,DET,0.0,-1.0,3.0,shot_microstats,2198,0.5903013566004311,0.5312443580961095,4.143777551310936,0.6666594649125672,0.9872826585637232,4.091024457639325
2022,2022-12-10,2022020436,TBL,FLA,1.0,3.0,5.0,shot_microstats,2198,0.45257689707079646,-0.21253580617396106,4.247885498164343,0.4569298503502239,-0.07521820564874171,3.9258860686775954
2022,2022-12-10,2022020437,PIT,BUF,1.0,1.0,3.0,shot_microstats,2198,0.5305830781107316,0.19372864247792265,4.421297373872581,0.5151359674897544,0.24107740477313727,4.277896285417584
2022,2022-12-10,2022020439,MTL,LAK,0.0,-1.0,5.0,shot_microstats,2198,0.3835079461937056,-0.5832325179398283,4.20392386908817,0.442312786276914,-0.44514396574499826,4.496523611474243
2022,2022-12-10,2022020440,NYI,CAR,0.0,-3.0,3.0,shot_microstats,2198,0.3338022348370392,-0.8671131766488329,4.127221586923688,0.3059020813131259,-0.9090023150388093,3.835616442394306
2022,2022-12-10,2022020441,VAN,MIN,0.0,-1.0,1.0,shot_microstats,2198,0.4449212233504338,-0.24209103647843488,4.014735660269354,0.4966330416486692,0.03162270075693188,4.314604235549964
2022,2022-12-11,2022020442,STL,COL,0.0,-1.0,1.0,shot_microstats,2198,0.4354420309077543,-0.300932054685579,4.194986766635316,0.4408610637995794,-0.32219699096743004,4.546415361881045
2022,2022-12-11,2022020443,CBJ,LAK,0.0,-3.0,7.0,shot_microstats,2198,0.36835169113796506,-0.6698779752617015,4.23782738569715,0.4134483001088801,-0.5062079778200127,4.33085795003483
2022,2022-12-11,2022020444,FLA,SEA,0.0,-1.0,5.0,shot_microstats,2198,0.5926003495242077,0.5435580129241794,4.167141090011729,0.599029020280423,0.6656618791420049,4.017653793834934
2022,2022-12-11,2022020445,ARI,PHI,1.0,1.0,5.0,shot_microstats,2198,0.4816830880003065,-0.043172512775830285,3.902523425241744,0.585826901064049,0.2907058551226851,4.508312203439502
2022,2022-12-11,2022020447,VGK,BOS,0.0,-3.0,3.0,shot_microstats,2198,0.44300879496454487,-0.26029580958394294,4.185900315487198,0.4734574616878029,0.057004343359194576,4.072808004855569
2022,2022-12-12,2022020448,MTL,CGY,1.0,1.0,1.0,shot_microstats,2198,0.37418460543463145,-0.6293720280610127,4.064244198937486,0.4043723501685541,-0.6376870165879214,3.979406131101033
2022,2022-12-12,2022020450,NYR,NJD,0.0,-1.0,5.0,shot_microstats,2198,0.3753085191102719,-0.6324833476161165,4.280209129141436,0.46737877718350107,-0.10954305770016937,4.235164505435197
2022,2022-12-12,2022020451,OTT,ANA,1.0,1.0,1.0,shot_microstats,2198,0.7224882114672081,1.37405853369903,4.746551631485258,0.7312347648076946,1.2875924270645682,4.57963198451452
2022,2022-12-12,2022020452,MIN,EDM,1.0,1.0,1.0,shot_microstats,2198,0.4986943336297369,0.035554553031535346,4.13779632061357,0.4710799313244902,0.05901935263613417,3.890961450788554
2022,2022-12-13,2022020454,TOR,ANA,1.0,7.0,7.0,shot_microstats,2198,0.7302556789597365,1.432630953191674,4.732834539938043,0.6952075701093712,1.1334492150363622,4.753340484285524
2022,2022-12-13,2022020455,FLA,CBJ,1.0,3.0,3.0,shot_microstats,2198,0.6934705040467507,1.1638334701332556,4.492759221420954,0.672536389787092,1.2227282958619907,4.625219158398763
2022,2022-12-13,2022020456,NJD,DAL,0.0,-1.0,3.0,shot_microstats,2198,0.6442808557908851,0.8437350121573503,4.416620352058036,0.6868725806948688,1.055637126609221,4.0598836399449665
2022,2022-12-13,2022020457,BUF,LAK,1.0,3.0,3.0,shot_microstats,2198,0.45518816945152446,-0.2014639639640335,4.306651769258682,0.49705658307617046,0.009317827177530907,4.560303363283126
2022,2022-12-13,2022020458,BOS,NYI,0.0,-2.0,4.0,shot_microstats,2198,0.7082200764496103,1.2666850536682426,4.385580554186536,0.7321998660942458,1.452740421089453,4.21611723212098
2022,2022-12-13,2022020459,TBL,SEA,1.0,2.0,6.0,shot_microstats,2198,0.5151486486963133,0.11868374351776212,4.229737494202713,0.5534738908991866,0.31816427312244056,4.045802126690241
2022,2022-12-13,2022020463,CHI,WSH,0.0,-4.0,8.0,shot_microstats,2198,0.35033256774161126,-0.7666064717344918,4.066881047844909,0.34284826262384976,-0.7944760237636321,4.187533578404936
2022,2022-12-13,2022020464,COL,PHI,1.0,1.0,3.0,shot_microstats,2198,0.6385116813267658,0.8159314082696212,3.976589766766044,0.6728639767912457,1.0091193021779081,4.230665125731152
2022,2022-12-13,2022020465,SJS,ARI,1.0,2.0,4.0,shot_microstats,2198,0.6328969076096935,0.7792348121806003,4.118459683137195,0.5933016922861791,0.4246417204492969,4.378509693288847
2022,2022-12-14,2022020467,MIN,DET,1.0,1.0,3.0,shot_microstats,2198,0.6136219126561331,0.6705628837104278,3.9251315138519596,0.6340273955154451,0.8481638000865931,3.8725739529816994
2022,2022-12-14,2022020468,CGY,VAN,0.0,-1.0,5.0,shot_microstats,2198,0.6705452744236141,1.011421329758405,4.276123324546912,0.625406336048854,0.8328014914353934,4.3964923054534095
2022,2022-12-15,2022020469,MTL,ANA,0.0,-1.0,3.0,shot_microstats,2198,0.6256150264872881,0.7294619377863438,4.452315183774154,0.6446842719524943,0.5552760677313839,4.647330868036987
2022,2022-12-15,2022020470,TBL,CBJ,1.0,2.0,4.0,shot_microstats,2198,0.6376818818968178,0.8025693594055638,4.45799649969311,0.6414168655572082,0.897323431061626,4.566959929988593
2022,2022-12-15,2022020472,BOS,LAK,0.0,-1.0,1.0,shot_microstats,2198,0.5629857533020979,0.38193263068876465,4.075361637156056,0.6272902725220791,0.774409720307461,3.9556183821065822
2022,2022-12-15,2022020473,NJD,PHI,0.0,-1.0,1.0,shot_microstats,2198,0.7155447000430506,1.3195394782929208,4.426999599484036,0.7897655549027012,1.6840415564846603,4.268946464911943
2022,2022-12-15,2022020474,FLA,PIT,1.0,2.0,2.0,shot_microstats,2198,0.5505036819221658,0.305548605258298,4.310637126925333,0.6187306090488498,0.7919204275335301,4.333502292409902
2022,2022-12-15,2022020477,WPG,NSH,0.0,-1.0,1.0,shot_microstats,2198,0.5774349170812705,0.45812343973238595,4.1780729603737115,0.6018981216791192,0.6180969960903655,4.1585541773734205
2022,2022-12-15,2022020479,COL,BUF,0.0,-1.0,3.0,shot_microstats,2198,0.5345708438382902,0.22632413318907801,4.12890652546165,0.4479736554731865,-0.04455874934191774,4.17874396670992
2022,2022-12-15,2022020480,EDM,STL,0.0,-1.0,3.0,shot_microstats,2198,0.5655971480057822,0.3825786564144117,4.499127109486243,0.577040211471489,0.3248820284477553,4.659692985195334
2022,2022-12-16,2022020481,MIN,CHI,1.0,2.0,2.0,shot_microstats,2198,0.6921079014672036,1.1557984371692303,4.010905546255301,0.7131165388989962,1.2838368439524617,3.949545661150075
2022,2022-12-16,2022020482,CGY,STL,0.0,-2.0,6.0,shot_microstats,2198,0.6367117865843159,0.7992373054268693,4.282617091830773,0.57724097230235,0.5266807061124748,4.413464310836821
2022,2022-12-16,2022020483,ARI,NYI,1.0,2.0,8.0,shot_microstats,2198,0.45175781595096576,-0.21108281165879145,4.124498556020336,0.47290674218462364,-0.21437824130611266,4.5956432242434415
2022,2022-12-17,2022020484,BOS,CBJ,1.0,1.0,1.0,shot_microstats,2198,0.7062831487470861,1.2528933360345507,4.369940442016684,0.7078573272567472,1.3956480175233013,4.348536659615007
2022,2022-12-17,2022020485,DET,OTT,1.0,1.0,3.0,shot_microstats,2198,0.4218681517584472,-0.368823022070242,4.095697249631394,0.49263675428701265,0.03197846853191649,4.023660423867724
2022,2022-12-17,2022020486,EDM,ANA,0.0,-2.0,4.0,shot_microstats,2198,0.6805094747086227,1.0762841390207756,4.7801464187703155,0.7120880691666974,1.1134828759815136,4.798098941295024
2022,2022-12-17,2022020489,PHI,NYR,0.0,-1.0,5.0,shot_microstats,2198,0.49051909327003596,-0.004207517766417146,4.064319653725871,0.4513330007012401,-0.03634851879903067,4.195687584010618
2022,2022-12-17,2022020490,MTL,TBL,0.0,-2.0,4.0,shot_microstats,2198,0.388830510531608,-0.5551716856914337,4.2362870257822305,0.42584077656580566,-0.5102208221909125,4.237225543347104
2022,2022-12-17,2022020491,WSH,TOR,1.0,2.0,6.0,shot_microstats,2198,0.4843436498631522,-0.04179637229098085,4.176906612102854,0.591609446926188,0.4316618477085689,4.023880288039061
2022,2022-12-17,2022020494,VGK,NYI,0.0,-3.0,3.0,shot_microstats,2198,0.6237235101295685,0.719166261915446,4.39129812442977,0.6226429406404972,0.7719317814304603,4.4244733838202075
2022,2022-12-17,2022020495,VAN,WPG,0.0,-4.0,4.0,shot_microstats,2198,0.3885611152622486,-0.5602165778835587,4.314064144114848,0.39857048465364264,-0.5513273343891645,4.361208850492885
2022,2022-12-18,2022020497,MIN,OTT,1.0,2.0,4.0,shot_microstats,2198,0.5058166257750538,0.08085555803045602,3.962831847603776,0.5341133507792253,0.36432168936202114,4.00609655402115
2022,2022-12-18,2022020498,CAR,PIT,1.0,2.0,4.0,shot_microstats,2198,0.6030450545751864,0.6013402160647418,4.235225309195452,0.6047287088736231,0.8264043455582509,4.380046809690734
2022,2022-12-18,2022020499,CHI,NYR,0.0,-5.0,7.0,shot_microstats,2198,0.39291869604867313,-0.5264667802149059,4.100817741225772,0.38411852849408595,-0.5398851498129936,4.3585074680877955
2022,2022-12-18,2022020500,SEA,WPG,1.0,3.0,3.0,shot_microstats,2198,0.5166943325703526,0.1288230083888499,4.1832204102470385,0.47782764651511583,-0.0591728109905457,4.239955719132906
2022,2022-12-18,2022020501,SJS,CGY,0.0,-4.0,4.0,shot_microstats,2198,0.443239673858577,-0.2531801879972527,4.06087935942414,0.39714732680854903,-0.45251103987653724,4.096185594362823
2022,2022-12-19,2022020502,CBJ,DAL,0.0,-1.0,1.0,shot_microstats,2198,0.3950045783988683,-0.5238844396664426,4.29555122502909,0.43377704944499074,-0.4167889465085971,4.309310778760765
2022,2022-12-19,2022020503,WSH,DET,1.0,1.0,5.0,shot_microstats,2198,0.619311296644517,0.6980763108810404,4.144280450954061,0.7013729251961055,1.0602790624791238,4.068583730512996
2022,2022-12-19,2022020504,BOS,FLA,1.0,2.0,8.0,shot_microstats,2198,0.5462328970319215,0.2894988616196574,4.115848757813205,0.5661710126776331,0.5304366020625523,3.6410917268995733
2022,2022-12-19,2022020505,NSH,EDM,1.0,1.0,3.0,shot_microstats,2198,0.46052793773108397,-0.1723787582621787,4.28778467266664,0.45288077089969814,-0.06899007089656928,4.289376752887645
2022,2022-12-19,2022020507,VGK,BUF,0.0,-2.0,4.0,shot_microstats,2198,0.530888884260248,0.19603523905202677,4.403363446735019,0.46519026064287594,-0.002808907061754351,4.286669002256727
2022,2022-12-19,2022020508,ARI,MTL,1.0,1.0,3.0,shot_microstats,2198,0.4625795018789406,-0.1483253912857624,4.00392057380342,0.49618604560807295,-0.07489836971236546,4.5243598020295135
2022,2022-12-19,2022020509,VAN,STL,0.0,-2.0,4.0,shot_microstats,2198,0.4705393822619228,-0.12537233659462163,4.416807395974251,0.4342811507053592,-0.38381446686005327,4.707215428025478
2022,2022-12-20,2022020511,PIT,NYR,0.0,-1.0,3.0,shot_microstats,2198,0.5861950731028226,0.5018011101390047,4.365803518711219,0.6270150543474244,0.8376394163948605,4.413571165123232
2022,2022-12-20,2022020512,CAR,NJD,1.0,2.0,4.0,shot_microstats,2198,0.5084234990768295,0.08628815388492386,4.152586057433177,0.48659847175961396,0.2802675740910606,4.277110240783739
2022,2022-12-20,2022020514,WPG,OTT,1.0,4.0,4.0,shot_microstats,2198,0.5200684725458152,0.14728536361453848,4.170341374492309,0.5547320947906066,0.4553152736068597,4.184917230289932
2022,2022-12-20,2022020515,SEA,STL,1.0,3.0,5.0,shot_microstats,2198,0.6138841873560772,0.6614804981641829,4.3607797205886065,0.5503133934600032,0.275560482015309,4.6295561072040305
2022,2022-12-20,2022020516,LAK,ANA,1.0,3.0,3.0,shot_microstats,2198,0.7452566300749304,1.5514781138805045,4.80676774453979,0.7304358524058612,1.2793554768787083,4.831735326039708
2022,2022-12-20,2022020517,SJS,CGY,0.0,-2.0,8.0,shot_microstats,2198,0.4336623947222665,-0.3033915785703726,4.045926618432634,0.391059627392284,-0.4954744089694283,4.08314247883292
2022,2022-12-21,2022020518,FLA,NJD,0.0,-1.0,3.0,shot_microstats,2198,0.45175928022903244,-0.22015997139001015,4.318681839555774,0.495316584951036,0.21290529203577127,4.381062573663608
2022,2022-12-21,2022020519,DET,TBL,1.0,2.0,8.0,shot_microstats,2198,0.4146594711079369,-0.40838514030255085,4.111634435759662,0.4905166668913994,-0.0934678850918379,3.966691112656874
2022,2022-12-21,2022020520,COL,MTL,0.0,-1.0,1.0,shot_microstats,2198,0.6566708178660456,0.9252344838261753,4.090648714321359,0.6406822607267783,0.9220954747689191,4.271925706596527
2022,2022-12-21,2022020521,CHI,NSH,0.0,-1.0,5.0,shot_microstats,2198,0.41416046271510815,-0.4078638148099286,4.042260480529302,0.3719375963956076,-0.6338398061105337,4.179880929707354
2022,2022-12-21,2022020522,DAL,EDM,0.0,-2.0,6.0,shot_microstats,2198,0.5145514598268275,0.10775048734048695,4.422040662844957,0.5610444631626547,0.4640982988930551,4.311856260896364
2022,2022-12-21,2022020524,ANA,MIN,0.0,-2.0,2.0,shot_microstats,2198,0.3217882315063487,-0.9401594038579852,4.120492947250907,0.353443031651966,-0.7777708298065976,4.265278252048125
2022,2022-12-22,2022020525,TOR,PHI,1.0,1.0,5.0,shot_microstats,2198,0.6748172107671371,1.0394327433877475,4.248437496916708,0.7271370800786717,1.282769981963043,4.3512620760627465
2022,2022-12-22,2022020526,PIT,CAR,0.0,-2.0,4.0,shot_microstats,2198,0.4511157199887059,-0.21579538764839984,4.15254627484883,0.48564653569390354,0.04374610381744236,3.76132865227806
2022,2022-12-22,2022020530,VAN,SEA,0.0,-2.0,8.0,shot_microstats,2198,0.3857529972225475,-0.570535119371929,4.199062512631176,0.38257473262069697,-0.5713532403317689,4.2696066513966935
2022,2022-12-22,2022020531,LAK,CGY,1.0,1.0,5.0,shot_microstats,2198,0.5226894947370742,0.16682038375396208,4.036132204336705,0.5045632378600939,0.0434216235659067,3.7742644110673518
2022,2022-12-22,2022020532,SJS,MIN,1.0,2.0,4.0,shot_microstats,2198,0.496162640322984,0.031080299048272808,3.9407291999461616,0.49469225891029783,0.07876784406864801,4.271383547512443
2022,2022-12-23,2022020533,NJD,BOS,0.0,-2.0,6.0,shot_microstats,2198,0.5571168291089893,0.3455729112193464,4.196940488216613,0.6336736186248789,0.756311842877821,3.8429617210870775
2022,2022-12-23,2022020535,CAR,PHI,1.0,1.0,7.0,shot_microstats,2198,0.7305548140544984,1.4292452878799458,4.2566510297864175,0.7450836908395785,1.5849083483004391,4.454241403762697
2022,2022-12-23,2022020537,WSH,WPG,1.0,2.0,4.0,shot_microstats,2198,0.5426383620148637,0.2648875586734656,4.254676984821617,0.5986491403314939,0.43464872458613035,4.005025482046068
2022,2022-12-23,2022020538,NYI,FLA,1.0,4.0,4.0,shot_microstats,2198,0.3315705581747517,-0.8846761571600136,4.236369927103876,0.26966257886824524,-1.03520485384291,3.9694324458987453
2022,2022-12-23,2022020539,NSH,COL,0.0,-1.0,3.0,shot_microstats,2198,0.4503143556154342,-0.21277428079598304,3.998389448568088,0.4467233381113501,-0.2085790468361738,3.940307578002598
2022,2022-12-23,2022020540,CHI,CBJ,1.0,3.0,5.0,shot_microstats,2198,0.4572257108902586,-0.1859241725765748,4.203996217087185,0.37948513718935223,-0.5430617437244359,4.530223029295994
2022,2022-12-23,2022020541,DAL,MTL,0.0,-1.0,1.0,shot_microstats,2198,0.6286466232660324,0.750985921578639,4.260652368562111,0.6797614346390037,1.0475717057756717,4.37328015455942
2022,2022-12-23,2022020542,EDM,VAN,0.0,-1.0,5.0,shot_microstats,2198,0.6150075051681579,0.6652698692840365,4.509226268584652,0.6514900110555649,0.767359014775945,4.496306247079216
2022,2022-12-23,2022020544,ANA,CGY,0.0,-2.0,2.0,shot_microstats,2198,0.25591441858497116,-1.3831148080722038,4.180510796473783,0.2518145366656754,-1.4481142322550749,4.075521410827205
2022,2022-12-27,2022020546,OTT,BOS,0.0,-1.0,3.0,shot_microstats,2198,0.4333431782241903,-0.30676761845116773,4.081532510795808,0.508003555665433,0.10575718684978153,3.9149155553867074
2022,2022-12-27,2022020548,CAR,CHI,1.0,3.0,3.0,shot_microstats,2198,0.7878845426458653,1.9129042658579953,4.595910273540904,0.7660040961317947,1.8343896737334138,4.601515409841099
2022,2022-12-27,2022020549,NYR,WSH,0.0,-2.0,2.0,shot_microstats,2198,0.446924167211706,-0.23999838224666964,4.195580201007458,0.5772223882594258,0.28734523832338066,4.1096254206924225
2022,2022-12-27,2022020550,NYI,PIT,1.0,4.0,6.0,shot_microstats,2198,0.38883815880510664,-0.5577984337982733,4.294716856436738,0.394803742305088,-0.33052156109331227,4.391647537937846
2022,2022-12-27,2022020551,NSH,DAL,0.0,-2.0,2.0,shot_microstats,2198,0.44693731274191245,-0.2406573519861825,4.21108827522346,0.47241894037184806,-0.06333618054692898,4.253497514591064
2022,2022-12-27,2022020552,WPG,MIN,0.0,-1.0,3.0,shot_microstats,2198,0.5553619156634131,0.3442335690541146,3.97430155037502,0.586472195441489,0.5576280672845522,3.9684399413917353
2022,2022-12-27,2022020554,ARI,COL,1.0,2.0,6.0,shot_microstats,2198,0.37650346895866815,-0.609848310057482,3.911746125121231,0.4003341859948877,-0.5865723815830763,4.195118755763206
2022,2022-12-27,2022020556,VAN,SJS,1.0,5.0,7.0,shot_microstats,2198,0.4519282969401425,-0.2159238712586147,4.246985300195757,0.3926092919121279,-0.4776213557772798,4.252079632350385
2022,2022-12-27,2022020557,LAK,VGK,1.0,2.0,4.0,shot_microstats,2198,0.5437380335191893,0.2715275688767851,4.235778828580459,0.5445859864545851,0.2829766071057813,4.160148056925729
2022,2022-12-28,2022020558,NJD,BOS,0.0,-1.0,3.0,shot_microstats,2198,0.5570342264328536,0.34450657643287186,4.214510575990179,0.6246583759242269,0.7016758112739169,3.858399964190558
2022,2022-12-28,2022020559,TBL,MTL,1.0,2.0,4.0,shot_microstats,2198,0.6470406885876772,0.8624039876444887,4.294039563569257,0.7064523447602975,1.1787009770168446,4.407481034665513
2022,2022-12-28,2022020562,ANA,VGK,1.0,1.0,3.0,shot_microstats,2198,0.28031110166598777,-1.2164293922199856,4.3894192900086635,0.29136240452845363,-1.1629437619210232,4.48526387819148
2022,2022-12-29,2022020563,BUF,DET,1.0,2.0,6.0,shot_microstats,2198,0.5786863699545934,0.46462354029968994,4.1930708279832825,0.6445441692945693,0.776685963516998,4.451035740811997
2022,2022-12-29,2022020564,FLA,MTL,1.0,4.0,4.0,shot_microstats,2198,0.6999357437497719,1.208467603674548,4.421866724099395,0.7297617606584546,1.448044636142648,4.641712198902906
2022,2022-12-29,2022020567,NYI,CBJ,1.0,1.0,1.0,shot_microstats,2198,0.5627363927808813,0.3735323110901623,4.280033494023152,0.4708525309337356,0.14066655438663195,4.3962587828861714
2022,2022-12-29,2022020568,STL,CHI,1.0,2.0,2.0,shot_microstats,2198,0.604282558493677,0.6066779583054043,4.308875766200659,0.6294858467067209,0.6278741449825956,4.812742794291638
2022,2022-12-29,2022020570,WPG,VAN,0.0,-2.0,2.0,shot_microstats,2198,0.6286642430522726,0.748726487229029,4.39495615512561,0.606777660293033,0.6178416386437064,4.4172357278333525
2022,2022-12-29,2022020572,ARI,TOR,1.0,1.0,3.0,shot_microstats,2198,0.3308574597379954,-0.8817696623441909,4.0398538902076195,0.405853398399819,-0.5465044480141876,4.426815184013757
2022,2022-12-30,2022020574,ANA,NSH,0.0,-4.0,6.0,shot_microstats,2198,0.3489545774544134,-0.7859106025336888,4.343152128826384,0.34722516740490517,-0.8171209300945934,4.54625757491934
2022,2022-12-30,2022020575,CAR,FLA,1.0,1.0,1.0,shot_microstats,2198,0.5789052829029989,0.4677330190051925,4.133119668893233,0.5081964405266637,0.3448647114035248,3.9742629676187082
2022,2022-12-30,2022020576,PIT,NJD,1.0,1.0,3.0,shot_microstats,2198,0.37096574629067547,-0.6635723870721276,4.428465756268252,0.4047475450305871,-0.27360474714403604,4.375471157853188
2022,2022-12-30,2022020577,SEA,EDM,0.0,-3.0,7.0,shot_microstats,2198,0.5462917610295843,0.2814502546416384,4.344607688859049,0.505691717071185,0.2450543136780343,4.490774334018597
2022,2022-12-31,2022020579,VGK,NSH,1.0,1.0,7.0,shot_microstats,2198,0.5968082182172255,0.5630919398708604,4.332424255541754,0.5861148075759961,0.5891324958144029,4.326116487386011
2022,2022-12-31,2022020580,WSH,MTL,1.0,5.0,7.0,shot_microstats,2198,0.6736283737608653,1.0312555596378066,4.306990129243194,0.740527865109298,1.2942618613365395,4.419234824627168
2022,2022-12-31,2022020584,DET,OTT,1.0,2.0,6.0,shot_microstats,2198,0.4300368690018311,-0.32369772571968747,4.066365461917256,0.4879893925634302,0.014300975658705528,3.9849058606252035
2022,2022-12-31,2022020585,COL,TOR,0.0,-2.0,6.0,shot_microstats,2198,0.4999915320980569,0.04763251369787025,4.019896158031006,0.5272080585959021,0.29740124470464663,4.109263613252396
2022,2022-12-31,2022020586,DAL,SJS,0.0,-1.0,3.0,shot_microstats,2198,0.5908171490951472,0.5315744757276805,4.233846559944655,0.5693971587635314,0.474555665849123,3.9778679620534243
2022,2022-12-31,2022020589,STL,MIN,0.0,-2.0,6.0,shot_microstats,2198,0.4660521670112315,-0.13231668679011427,4.052435333189607,0.4981949566275365,0.01727439485147686,4.507209674897372
2022,2023-01-01,2022020590,NJD,CAR,1.0,1.0,5.0,shot_microstats,2198,0.5373725947027633,0.23946584612633112,4.17685414295239,0.578017454268207,0.4257196417987943,3.695838638373804
2022,2023-01-01,2022020591,FLA,NYR,0.0,-1.0,5.0,shot_microstats,2198,0.6185936069428776,0.6909465455868318,4.276361269349575,0.651517181132983,0.9830933863789972,4.401489362196023
2022,2023-01-01,2022020593,CHI,SJS,0.0,-3.0,7.0,shot_microstats,2198,0.39392606007393816,-0.5199960471361206,4.080416732344863,0.3070249735168412,-0.9869054981346903,4.08936671476866
2022,2023-01-01,2022020594,SEA,NYI,1.0,1.0,3.0,shot_microstats,2198,0.6088677303840608,0.6355478823383472,4.211925679153227,0.5849003309306992,0.5773651661260152,4.451243274204969
2022,2023-01-02,2022020595,BOS,PIT,1.0,1.0,3.0,shot_microstats,2198,0.6045802170835658,0.6099638854734426,4.2441243603241,0.6869187707686866,1.159920778836163,4.159494995283594
2022,2023-01-02,2022020597,ANA,PHI,0.0,-3.0,5.0,shot_microstats,2198,0.3820681146896335,-0.5936884771795486,4.258147855376705,0.4582566025475761,-0.3381962532499704,4.566635301060574
2022,2023-01-03,2022020598,FLA,ARI,1.0,2.0,6.0,shot_microstats,2198,0.716334474672908,1.3247214583596398,4.335514874032325,0.7318389221069576,1.3233682925228176,4.192166079027882
2022,2023-01-03,2022020599,WSH,BUF,1.0,1.0,7.0,shot_microstats,2198,0.5508668623091711,0.30512572273120214,4.380949448885895,0.5426307032392935,0.2232101492267413,4.0771158998814805
2022,2023-01-03,2022020600,NYR,CAR,0.0,-1.0,5.0,shot_microstats,2198,0.367264063240351,-0.6685888780161017,4.0627634613292,0.4926816362929374,-0.15748297273543604,3.7423288879997982
2022,2023-01-03,2022020601,OTT,CBJ,1.0,1.0,1.0,shot_microstats,2198,0.6437167456487481,0.8408123483196,4.371904597110682,0.6273227406323988,0.7806882432469204,4.434880327194139
2022,2023-01-03,2022020602,TOR,STL,1.0,2.0,6.0,shot_microstats,2198,0.6610367046591206,0.9486219016458493,4.483670864499505,0.6178717953103972,0.641777946096046,4.45802959774054
2022,2023-01-03,2022020603,WPG,CGY,1.0,1.0,5.0,shot_microstats,2198,0.4535796628981396,-0.20213426263987183,4.138941820261341,0.4550227961764497,-0.17745211888909215,3.79495053758242
2022,2023-01-03,2022020604,NSH,MTL,1.0,1.0,7.0,shot_microstats,2198,0.5851815983234725,0.4994136541967664,4.246026805941966,0.5862773138744461,0.5215798214109242,4.551392660123634
2022,2023-01-03,2022020605,CHI,TBL,0.0,-2.0,2.0,shot_microstats,2198,0.30562058153193833,-1.0426454402104228,4.147040377318424,0.29422481066211476,-1.1471478857513049,4.255209407782691
2022,2023-01-03,2022020606,EDM,SEA,0.0,-1.0,3.0,shot_microstats,2198,0.4896576159315614,-0.019058349283792103,4.295658969167941,0.5361415000427748,0.15895196532355305,4.074920912989237
2022,2023-01-03,2022020607,VAN,NYI,0.0,-3.0,5.0,shot_microstats,2198,0.4480575255780596,-0.23732958988717354,4.266648605046758,0.4554307646152713,-0.1559309021542385,4.476422410764976
2022,2023-01-04,2022020609,DET,NJD,0.0,-3.0,3.0,shot_microstats,2198,0.3030271602328258,-1.0585035507543576,4.121465604848376,0.3644795586390308,-0.6302277887005812,4.0611571642230135
2022,2023-01-04,2022020610,MIN,TBL,1.0,3.0,3.0,shot_microstats,2198,0.4766957238544422,-0.07429257506568271,4.008416947469339,0.5327093927108887,0.21530537396534716,3.972789096363789
2022,2023-01-04,2022020611,ANA,DAL,1.0,1.0,1.0,shot_microstats,2198,0.2826392296344681,-1.200916455676353,4.395690996890501,0.31615335064967126,-1.0236565826457806,4.509878678725126
2022,2023-01-05,2022020612,PHI,ARI,1.0,2.0,6.0,shot_microstats,2198,0.5682681776061927,0.4162280093546912,3.9260484640877613,0.5241097312894837,0.11804868188325612,3.8267824850639482
2022,2023-01-05,2022020613,MTL,NYR,0.0,-1.0,3.0,shot_microstats,2198,0.41323786391742595,-0.41821693479655886,4.157847352946481,0.46089222572280253,-0.2832728831975273,4.412383780356138
2022,2023-01-05,2022020614,CAR,NSH,0.0,-2.0,4.0,shot_microstats,2198,0.699593065155965,1.2059444449525736,4.3341028900086265,0.6415914735735205,1.060295241476218,4.423785836017931
2022,2023-01-05,2022020615,TOR,SEA,0.0,-4.0,4.0,shot_microstats,2198,0.5684381879427385,0.409810394304556,4.133281245631112,0.5669845352515943,0.42393168514286295,3.879454516544417
2022,2023-01-05,2022020616,NJD,STL,0.0,-1.0,5.0,shot_microstats,2198,0.6976091348635919,1.1938435020163958,4.751335679751229,0.6694519697321749,0.9046053900174738,4.609177674470592
2022,2023-01-05,2022020617,CBJ,WSH,0.0,-2.0,6.0,shot_microstats,2198,0.35657637529399333,-0.7397914924342648,4.2975896666875055,0.3773570241650467,-0.674599622042154,4.367829321742706
2022,2023-01-05,2022020619,VAN,COL,1.0,1.0,3.0,shot_microstats,2198,0.3724744172502316,-0.6410363462963302,4.110911350866401,0.36637384475467366,-0.6595734097329111,4.207558093029585
2022,2023-01-05,2022020620,VGK,PIT,1.0,2.0,6.0,shot_microstats,2198,0.5219360757188017,0.1503114273948821,4.342643924550081,0.5890295347993948,0.5514484269022649,4.458558754497727
2022,2023-01-05,2022020621,LAK,BOS,0.0,-1.0,5.0,shot_microstats,2198,0.47438354766234286,-0.08734638514846388,4.0278168154839715,0.5186535212684248,0.14751788276300065,3.9417136489871365
2022,2023-01-06,2022020622,WSH,NSH,0.0,-1.0,5.0,shot_microstats,2198,0.6034294192707748,0.600390786947866,4.366980952263498,0.636449458541959,0.6750199867999864,4.288449523361983
2022,2023-01-06,2022020624,WPG,TBL,0.0,-2.0,2.0,shot_microstats,2198,0.4677806575242007,-0.13415540954992666,4.288897989028321,0.48860163781188204,-0.023718711190104796,4.213878849724377
2022,2023-01-06,2022020625,CHI,ARI,1.0,1.0,1.0,shot_microstats,2198,0.4778525279491279,-0.06575596038888248,3.9555684944373244,0.4473137084789556,-0.41559149798010375,4.006018295349391
2022,2023-01-06,2022020626,CGY,NYI,1.0,3.0,5.0,shot_microstats,2198,0.6601717530254183,0.9457380085995302,4.202969641620067,0.6717410900082654,1.1147640824276668,4.291612465642244
2022,2023-01-06,2022020627,ANA,SJS,0.0,-1.0,7.0,shot_microstats,2198,0.32017835685338514,-0.958458579957041,4.352442153664657,0.292643876917775,-1.1589439548823757,4.384209609087496
2022,2023-01-07,2022020628,NJD,NYR,0.0,-1.0,5.0,shot_microstats,2198,0.6636625368507302,0.9659241696676175,4.418480895975094,0.6997868099726137,1.1793723865256234,4.317936128445187
2022,2023-01-07,2022020630,TOR,DET,1.0,1.0,3.0,shot_microstats,2198,0.6746978867642371,1.0392167966816088,4.178571144394693,0.696437326564316,1.199033938130698,4.154202735011011
2022,2023-01-07,2022020632,OTT,SEA,0.0,-5.0,11.0,shot_microstats,2198,0.5077314229250836,0.08361936149571658,4.129589140269778,0.5478780454666288,0.23136152812575558,3.8702849955010548
2022,2023-01-07,2022020633,MTL,STL,1.0,1.0,7.0,shot_microstats,2198,0.4603523588579586,-0.17374002208697653,4.297193083593479,0.4254150617185391,-0.5720373208443035,4.4630746124942515
2022,2023-01-07,2022020634,EDM,COL,0.0,-1.0,1.0,shot_microstats,2198,0.5017639904028383,0.05112241435240246,4.152089421808661,0.5521688486057748,0.25549651943531393,3.958405823365979
2022,2023-01-07,2022020635,VGK,LAK,0.0,-3.0,3.0,shot_microstats,2198,0.49651581001628997,0.02213792662621146,4.181559134574607,0.5499896508932012,0.32371813385802856,4.235761037222413
2022,2023-01-07,2022020636,SJS,BOS,0.0,-1.0,5.0,shot_microstats,2198,0.39629719402908364,-0.5087583536282159,4.120407172327933,0.40050772217180697,-0.42526181846785904,4.301897494390301
2022,2023-01-08,2022020637,DAL,FLA,1.0,2.0,4.0,shot_microstats,2198,0.46512535072902017,-0.14621954910177787,4.246605914877007,0.4980486012519051,0.096309804264953,3.983334742141732
2022,2023-01-08,2022020638,WPG,VAN,1.0,3.0,9.0,shot_microstats,2198,0.6255060756580876,0.7301697998499075,4.371531428624552,0.6126315393091181,0.6452270924906947,4.361296390665105
2022,2023-01-08,2022020639,WSH,CBJ,1.0,1.0,1.0,shot_microstats,2198,0.6604238475052032,0.9449939022640086,4.442398743599036,0.6682804572114039,0.9083788405885547,4.521962798652701
2022,2023-01-08,2022020640,CHI,CGY,1.0,2.0,4.0,shot_microstats,2198,0.2887656422868441,-1.1478891221331136,3.9594942727109705,0.26188769341519974,-1.3540452467012332,3.787393542927448
2022,2023-01-08,2022020641,ARI,PIT,0.0,-2.0,4.0,shot_microstats,2198,0.3663863154589784,-0.6774838189415882,4.154973481754409,0.46775534390610657,-0.2600614969738465,4.653387429748913
2022,2023-01-08,2022020642,MIN,STL,0.0,-1.0,1.0,shot_microstats,2198,0.5995103859291326,0.5840474864720429,4.123804887445301,0.585289055181879,0.4295044923529318,4.143334887100845
2022,2023-01-08,2022020643,PHI,TOR,0.0,-2.0,6.0,shot_microstats,2198,0.3676694869698974,-0.6662401757216292,4.061884000996003,0.3644912831775198,-0.5694792494283099,4.044644218180568
2022,2023-01-08,2022020644,ANA,BOS,0.0,-5.0,7.0,shot_microstats,2198,0.20810669513809676,-1.7653074671018918,4.108489120944289,0.2607023592448375,-1.4365031404592974,4.177874052693596
2022,2023-01-09,2022020645,OTT,NSH,0.0,-3.0,3.0,shot_microstats,2198,0.579771136745824,0.4685036481410306,4.264713047163896,0.5901976037751584,0.5147620722608177,4.172222862522027
2022,2023-01-09,2022020646,MTL,SEA,0.0,-2.0,2.0,shot_microstats,2198,0.37888482595514994,-0.6041730081658331,4.093368553372686,0.39881444349136896,-0.6517932324252356,4.090181135491203
2022,2023-01-09,2022020647,LAK,EDM,0.0,-2.0,4.0,shot_microstats,2198,0.5767452259318254,0.451486534073807,4.26840740518766,0.5956926758998732,0.5903735265692529,4.230750666549437
2022,2023-01-09,2022020990,BUF,PHI,0.0,-4.0,4.0,shot_microstats,2198,0.5759381551961105,0.4466134045853311,4.28069720652447,0.6790341029381777,0.8555666892154845,4.632430363532379
2022,2023-01-10,2022020649,NYR,MIN,0.0,-1.0,5.0,shot_microstats,2198,0.5298694364125428,0.20996431712968877,3.9176876151836524,0.6339417994287605,0.6621731325398857,3.768685944228917
2022,2023-01-10,2022020650,CAR,NJD,0.0,-3.0,5.0,shot_microstats,2198,0.5339044896486419,0.22063539832883713,4.182608176260381,0.5131002487816938,0.4191091630687902,4.325065086636767
2022,2023-01-10,2022020651,BUF,SEA,0.0,-2.0,4.0,shot_microstats,2198,0.47085064180147934,-0.11837254148380845,4.2979037192496605,0.5222903180845435,0.0582235850662008,4.395988593690618
2022,2023-01-10,2022020652,PIT,VAN,0.0,-2.0,6.0,shot_microstats,2198,0.6345296596866561,0.7831453249716672,4.469530512671144,0.6300122485507094,0.7920019539134091,4.399073198156001
2022,2023-01-10,2022020653,NYI,DAL,0.0,-1.0,1.0,shot_microstats,2198,0.448264154015632,-0.2340527637890786,4.220072340072487,0.4047096875967544,-0.2424043926675641,4.170884093307386
2022,2023-01-10,2022020654,DET,WPG,1.0,2.0,8.0,shot_microstats,2198,0.4629085318034762,-0.1495020457877581,4.065939233240508,0.5316899881602755,0.11389205789533019,3.9373592310190277
2022,2023-01-10,2022020655,STL,CGY,0.0,-1.0,5.0,shot_microstats,2198,0.36553531452045024,-0.6862444879016794,4.246074234413789,0.3755483289578869,-0.7129593915077309,4.454877297618636
2022,2023-01-10,2022020656,COL,FLA,1.0,1.0,7.0,shot_microstats,2198,0.5129720277895564,0.11502179069733055,4.044060536602314,0.4842890535551028,0.0983498185153247,3.9258906989329487
2022,2023-01-10,2022020657,ARI,SJS,0.0,-1.0,5.0,shot_microstats,2198,0.41783116046982355,-0.38985393220391645,4.081039502126734,0.4231117408170301,-0.4582002424239783,4.349604026521832
2022,2023-01-11,2022020659,PHI,WSH,0.0,-1.0,5.0,shot_microstats,2198,0.42995705171641996,-0.32711401642821386,4.129969788933273,0.4011678552952335,-0.3602337424800418,4.152165121987945
2022,2023-01-11,2022020660,ANA,EDM,0.0,-3.0,7.0,shot_microstats,2198,0.2732420341564718,-1.2677500939466464,4.495900542009139,0.3141895206290641,-1.0119355059270447,4.613175673797372
2022,2023-01-11,2022020661,LAK,SJS,1.0,2.0,6.0,shot_microstats,2198,0.6010966964896447,0.5924946784620482,4.146110538571156,0.5699594852010393,0.3923938140729909,4.041451370926607
2022,2023-01-12,2022020662,CBJ,CAR,0.0,-2.0,4.0,shot_microstats,2198,0.27736986436253147,-1.2279415759972045,4.061335464156966,0.2813341574322931,-1.2290261475626785,3.9090961490536653
2022,2023-01-12,2022020664,MTL,NSH,0.0,-1.0,3.0,shot_microstats,2198,0.4469163924537879,-0.239144841681264,4.176548461918079,0.4404951077138043,-0.3681623487126086,4.315833090935234
2022,2023-01-12,2022020665,BOS,SEA,0.0,-2.0,2.0,shot_microstats,2198,0.6143305745689861,0.6705065558189183,4.081043456016906,0.6517799560290992,0.9154192428568495,3.809034826578613
2022,2023-01-12,2022020667,TBL,VAN,1.0,1.0,5.0,shot_microstats,2198,0.6610732904842614,0.948705314880925,4.507113724382877,0.6836429244814223,1.0451755194312882,4.5261249183318
2022,2023-01-12,2022020668,BUF,WPG,0.0,-1.0,5.0,shot_microstats,2198,0.47371102737474907,-0.10701459525012359,4.380902415600366,0.5362457990197365,0.12289724003558752,4.503730625530723
2022,2023-01-12,2022020670,STL,CGY,0.0,-3.0,3.0,shot_microstats,2198,0.36407763597954185,-0.6947060531074267,4.249582034706392,0.36982510527023027,-0.7378231677846725,4.460679705967937
2022,2023-01-12,2022020671,CHI,COL,1.0,1.0,5.0,shot_microstats,2198,0.3255369401565001,-0.9096504061445753,3.900438316835366,0.3148930797492027,-1.037357347014301,3.936785388772564
2022,2023-01-12,2022020672,ARI,OTT,0.0,-1.0,5.0,shot_microstats,2198,0.39233838629242695,-0.5263710922614181,4.0270578814886555,0.4477191277079159,-0.2508781487536973,4.423528321992816
2022,2023-01-12,2022020673,VGK,FLA,1.0,2.0,4.0,shot_microstats,2198,0.4741006619222892,-0.09920105690925532,4.253082699952606,0.48012055164909695,0.001346103985294847,4.007508153614311
2022,2023-01-13,2022020674,PIT,WPG,0.0,-2.0,4.0,shot_microstats,2198,0.531406431198517,0.20323484254861107,4.2858893099101225,0.5680900137100686,0.4306638100253469,4.067895440789066
2022,2023-01-13,2022020675,ANA,NJD,0.0,-4.0,6.0,shot_microstats,2198,0.17785278781426672,-2.04991738584693,4.217301328215585,0.20209501584109452,-1.765319045807551,4.419432109906554
2022,2023-01-13,2022020676,SJS,EDM,0.0,-3.0,5.0,shot_microstats,2198,0.47064448188205604,-0.12202760424948673,4.354638860874599,0.4471870668428991,-0.1110121266395393,4.612275257521611
2022,2023-01-14,2022020677,DAL,CGY,1.0,1.0,7.0,shot_microstats,2198,0.4621526013020159,-0.15721291429306675,4.145686332005696,0.482642139558969,-0.015405934985866704,3.7861649418176855
2022,2023-01-14,2022020678,DET,CBJ,0.0,-1.0,7.0,shot_microstats,2198,0.569850146148493,0.4183690605587196,4.110188938283766,0.5855200755823636,0.47179355711480553,4.274148087609915
2022,2023-01-14,2022020679,NYI,MTL,1.0,1.0,3.0,shot_microstats,2198,0.5951122307367425,0.5577139671044643,4.170305608909803,0.54093486667447,0.46776876137697765,4.3577254834765
2022,2023-01-14,2022020680,COL,OTT,1.0,6.0,6.0,shot_microstats,2198,0.5674466705102927,0.40889200010244087,4.00401927898404,0.5672194082516232,0.5861480978668177,4.126660273021997
2022,2023-01-14,2022020681,WSH,PHI,0.0,-1.0,3.0,shot_microstats,2198,0.6019885368754776,0.5967137920804525,4.179309546067952,0.7028910939163816,0.9662637370458502,4.238173767720875
2022,2023-01-14,2022020682,CAR,PIT,1.0,2.0,2.0,shot_microstats,2198,0.6554166445171162,0.9154235866491431,4.231942411789666,0.6803418251536065,1.2298849685164464,4.43422095545228
2022,2023-01-14,2022020683,BOS,TOR,1.0,2.0,6.0,shot_microstats,2198,0.5635020456955708,0.3851741063328583,4.0636354629396205,0.6330256982759334,0.8358737218106098,3.9320520608901544
2022,2023-01-14,2022020686,NSH,BUF,0.0,-1.0,5.0,shot_microstats,2198,0.46367808069708283,-0.1620922856212433,4.4268982878280605,0.39963636167121286,-0.40693621347825903,4.359533999667668
2022,2023-01-14,2022020687,CHI,SEA,0.0,-5.0,11.0,shot_microstats,2198,0.32774519836066457,-0.9008787590363696,4.043634361776089,0.31784139311043874,-1.039930815615948,3.9952690045095745
2022,2023-01-14,2022020688,STL,TBL,0.0,-1.0,5.0,shot_microstats,2198,0.3655557521396606,-0.6929617434873097,4.401563190399721,0.3870486478722692,-0.6468883135625543,4.848311393927233
2022,2023-01-14,2022020689,VGK,EDM,0.0,-1.0,7.0,shot_microstats,2198,0.5227374552605321,0.15340054385248067,4.373495966243933,0.5644529191821032,0.48394622896839345,4.2577477002122235
2022,2023-01-14,2022020690,LAK,NJD,0.0,-3.0,3.0,shot_microstats,2198,0.44089562766882284,-0.27389789980225765,4.236612353011253,0.462796404870341,-0.08230698808905168,4.23320235995667
2022,2023-01-15,2022020691,NYR,MTL,0.0,-1.0,1.0,shot_microstats,2198,0.6339472754206888,0.783601576852121,4.219444939100815,0.726985746046599,1.1744674765184466,4.335014115348758
2022,2023-01-15,2022020692,CAR,VAN,1.0,1.0,5.0,shot_microstats,2198,0.7621064837772328,1.6863003432012347,4.637400568266057,0.7314990459074575,1.5740746995784882,4.608892398507958
2022,2023-01-16,2022020694,BUF,FLA,0.0,-1.0,3.0,shot_microstats,2198,0.42537709204082563,-0.3653836655933279,4.422463036311697,0.46747646457127184,-0.16308305665881812,4.437958756867254
2022,2023-01-16,2022020695,BOS,PHI,1.0,4.0,4.0,shot_microstats,2198,0.7006096217741922,1.2130206825602767,4.212794010604449,0.7681474800130302,1.6252007830572295,4.131862472224761
2022,2023-01-16,2022020696,COL,DET,1.0,1.0,5.0,shot_microstats,2198,0.667570601289007,0.995983416863616,3.953662906207666,0.6739528574470297,1.1004023189591494,4.023601621273467
2022,2023-01-16,2022020698,SEA,TBL,0.0,-1.0,3.0,shot_microstats,2198,0.48777662396777105,-0.0244878284439973,4.1941215637256715,0.49165632726291186,-0.01577136425291048,4.313714653742162
2022,2023-01-16,2022020699,VGK,DAL,0.0,-3.0,3.0,shot_microstats,2198,0.529651223097357,0.19472713213489576,4.262462499316377,0.5645276241771263,0.4235221802208162,4.168499768838557
2022,2023-01-16,2022020700,PIT,ANA,1.0,1.0,3.0,shot_microstats,2198,0.7328513749374759,1.4561599524029285,4.931205293204767,0.7233927055720806,1.3647465165815507,4.961628795786976
2022,2023-01-16,2022020701,CBJ,NYR,0.0,-1.0,1.0,shot_microstats,2198,0.42638925040475784,-0.3512275814160042,4.237013604188699,0.43545633749179924,-0.3284172750964444,4.52352806199096
2022,2023-01-16,2022020702,NYI,WSH,1.0,1.0,5.0,shot_microstats,2198,0.45573569378206114,-0.1944549455862011,4.218186566119197,0.4120961125638305,-0.2104100274200374,4.24177221652385
2022,2023-01-16,2022020703,NSH,CGY,1.0,1.0,3.0,shot_microstats,2198,0.3950918721664029,-0.5175592737252381,4.168274805972742,0.3912550956765682,-0.5326443249026735,3.9637395947021177
2022,2023-01-16,2022020704,STL,OTT,1.0,1.0,3.0,shot_microstats,2198,0.4085101347865349,-0.4511751598972682,4.315526601658192,0.4317111436001976,-0.27581034631095475,4.891351848615296
2022,2023-01-17,2022020338,NSH,CBJ,1.0,1.0,3.0,shot_microstats,2198,0.5825596662124176,0.4821783490549635,4.333084225531623,0.5547641451328872,0.37816446678904625,4.61307472095678
2022,2023-01-17,2022020705,PHI,ANA,1.0,1.0,3.0,shot_microstats,2198,0.6793603236380142,1.0682316573057542,4.537414152743865,0.6073715474169614,0.6761578586194545,4.751523846959691
2022,2023-01-17,2022020707,WSH,MIN,0.0,-2.0,4.0,shot_microstats,2198,0.5642584538061144,0.39137263071863626,4.006520219958668,0.6081444385367651,0.5874424925185054,3.8687360383172384
2022,2023-01-17,2022020708,MTL,WPG,1.0,4.0,4.0,shot_microstats,2198,0.38891662453021225,-0.5529531910128982,4.197913205767152,0.42084522457200096,-0.5469957497572574,4.254330529636126
2022,2023-01-17,2022020710,ARI,DET,1.0,1.0,5.0,shot_microstats,2198,0.4787656315087223,-0.05784012338170247,3.8887161936998655,0.5490173908521152,0.18039091874957638,4.2722758721653955
2022,2023-01-17,2022020711,EDM,SEA,1.0,4.0,6.0,shot_microstats,2198,0.5123516375656352,0.10352473015291844,4.237131297547627,0.5681039516507973,0.3468401293136366,4.00613568280184
2022,2023-01-18,2022020712,OTT,PIT,0.0,-2.0,2.0,shot_microstats,2198,0.5154890195646806,0.11973365180020153,4.2481515389449465,0.60416468715569,0.5707847195942555,4.2751510816947045
2022,2023-01-18,2022020713,NYI,BOS,0.0,-2.0,4.0,shot_microstats,2198,0.3695510451891186,-0.6569397768532308,4.0952857828967515,0.3525158005791078,-0.5453689054375643,4.020906937956335
2022,2023-01-18,2022020714,CGY,COL,0.0,-2.0,2.0,shot_microstats,2198,0.5592958907150855,0.3669577696926742,3.93740643113984,0.5760629589011446,0.5137436603294645,3.9597732844145126
2022,2023-01-18,2022020715,VAN,TBL,0.0,-4.0,4.0,shot_microstats,2198,0.34257646564497823,-0.8223785813597014,4.320745230473893,0.3449305843729206,-0.7642968016347017,4.386741806591765
2022,2023-01-19,2022020717,CBJ,ANA,0.0,-1.0,7.0,shot_microstats,2198,0.6291199104079742,0.7488646111442496,4.572506902341988,0.5961657481667586,0.4288821530367365,4.924894079780674
2022,2023-01-19,2022020718,NYR,BOS,0.0,-2.0,4.0,shot_microstats,2198,0.4120909853920992,-0.42042697563600656,4.071853658392905,0.5643114062440053,0.21845120491637066,3.9299158952645756
2022,2023-01-19,2022020719,PHI,CHI,0.0,-2.0,4.0,shot_microstats,2198,0.6480916869050054,0.8719932736072603,4.092422266565257,0.6228947400305263,0.7780687931778776,4.156773273806318
2022,2023-01-19,2022020721,CAR,MIN,1.0,2.0,2.0,shot_microstats,2198,0.7155109375668155,1.3180346364395517,4.0258531889364875,0.704797061658402,1.4400443897192032,3.9795745409421324
2022,2023-01-19,2022020723,TOR,WPG,1.0,1.0,1.0,shot_microstats,2198,0.5831463855090799,0.4893862210816374,4.198507258728313,0.6096853114099835,0.6099469173250898,4.054408060433549
2022,2023-01-19,2022020724,STL,NSH,1.0,2.0,4.0,shot_microstats,2198,0.45294416155613576,-0.21702699537266862,4.386437807182174,0.44645117919216804,-0.29196680742145525,4.898244009132395
2022,2023-01-19,2022020725,EDM,TBL,1.0,1.0,5.0,shot_microstats,2198,0.47658436287914757,-0.0913648798876207,4.370199744402653,0.5272597532027616,0.15379566671962563,4.158611411132789
2022,2023-01-19,2022020726,ARI,WSH,0.0,-3.0,3.0,shot_microstats,2198,0.364272995287626,-0.68819688839054,4.122947381675887,0.42808401893600184,-0.44248707130123016,4.486133187583178
2022,2023-01-19,2022020727,VGK,DET,0.0,-1.0,3.0,shot_microstats,2198,0.6199603656511505,0.7021044401745767,4.1349375733122775,0.6464708084974745,0.8865999239197458,4.106484597285812
2022,2023-01-19,2022020728,SEA,NJD,1.0,2.0,4.0,shot_microstats,2198,0.4056145260745567,-0.4627640263007273,4.227175593036815,0.4103392725789846,-0.303184593223921,4.373561000916648
2022,2023-01-19,2022020729,LAK,DAL,0.0,-4.0,4.0,shot_microstats,2198,0.5660405629618518,0.3966738108750775,4.132028966956762,0.6024455432173664,0.5499685447507029,4.110080136362431
2022,2023-01-20,2022020730,PIT,OTT,1.0,2.0,4.0,shot_microstats,2198,0.5061339800061528,0.07039609877999191,4.241093768016457,0.5296403958037247,0.40046559199446413,4.167513956050459
2022,2023-01-20,2022020731,VAN,COL,0.0,-1.0,3.0,shot_microstats,2198,0.39236988968456166,-0.529119372902295,4.092475890863603,0.3878315118975495,-0.5043107921925953,4.132738851320398
2022,2023-01-21,2022020732,BUF,ANA,1.0,2.0,8.0,shot_microstats,2198,0.7161602232471739,1.3311014947565383,5.020135203939307,0.7393769962305047,1.3001501126901276,5.348215466806244
2022,2023-01-21,2022020733,CGY,TBL,1.0,1.0,5.0,shot_microstats,2198,0.5351912414968367,0.22737305886539178,4.186749346146523,0.5407769131786331,0.33742890360093625,4.218731970005745
2022,2023-01-21,2022020734,FLA,MIN,1.0,3.0,3.0,shot_microstats,2198,0.6151031346066594,0.6767979133470474,4.011158790420918,0.648125399155068,0.9826135501387983,3.9363298355682796
2022,2023-01-21,2022020735,DET,PHI,0.0,-2.0,2.0,shot_microstats,2198,0.536188076911207,0.24258961307872604,3.9414438498265953,0.6382368386528026,0.6626218875141445,3.9962542780165133
2022,2023-01-21,2022020738,OTT,WPG,0.0,-2.0,4.0,shot_microstats,2198,0.523217770897835,0.16312668917063905,4.192804979206764,0.5787470011198754,0.391076693425818,3.9540651007843945
2022,2023-01-21,2022020739,NYI,CAR,0.0,-2.0,6.0,shot_microstats,2198,0.3284183233412164,-0.8970431402149601,4.051596833381743,0.3010193216168626,-0.8578679019785042,3.8183345738776056
2022,2023-01-21,2022020740,DAL,ARI,1.0,3.0,3.0,shot_microstats,2198,0.6795555482226275,1.0706101130157675,4.239048842432512,0.717576419523264,1.1544146228691656,4.137915958648407
2022,2023-01-21,2022020741,STL,CHI,0.0,-2.0,6.0,shot_microstats,2198,0.6130208976073349,0.6577339004209624,4.2987419977781585,0.6254043490141599,0.6334911609965397,4.833262999862178
2022,2023-01-21,2022020742,NSH,LAK,1.0,2.0,6.0,shot_microstats,2198,0.41206679012881076,-0.4259508926698091,4.187926681951837,0.46134332232780434,-0.1582272791498278,4.363218872974113
2022,2023-01-21,2022020745,VGK,WSH,1.0,4.0,8.0,shot_microstats,2198,0.5018305737273563,0.0462487528882567,4.273241475639715,0.5304104268306641,0.26393712042043105,4.2440673281531165
2022,2023-01-22,2022020746,NJD,PIT,1.0,1.0,1.0,shot_microstats,2198,0.6091375753468801,0.6317893030233237,4.452220633232925,0.6879139202622322,1.042563525498829,4.361598179663685
2022,2023-01-22,2022020747,CHI,LAK,0.0,-1.0,3.0,shot_microstats,2198,0.29676658650196935,-1.0953142411032926,3.983872113477292,0.3171990973537371,-1.0264080552053922,4.1842616214794655
2022,2023-01-22,2022020748,BOS,SJS,1.0,2.0,2.0,shot_microstats,2198,0.6410913668721395,0.8276294690332332,4.179371033651069,0.6244454412474404,0.80777006606731,3.9860200774899006
2022,2023-01-22,2022020749,PHI,WPG,0.0,-3.0,5.0,shot_microstats,2198,0.4419817980751144,-0.26230040092850704,4.11280236360745,0.4198472689995707,-0.3069107164962941,4.010779852671155
2022,2023-01-22,2022020750,ARI,VGK,1.0,3.0,3.0,shot_microstats,2198,0.36169021039355714,-0.702525370543921,4.1114739886630005,0.4197285613327901,-0.47675505306685995,4.438415674571808
2022,2023-01-23,2022020751,NYR,FLA,1.0,4.0,4.0,shot_microstats,2198,0.44063727788096807,-0.27419551652783913,4.213787958806858,0.5455582356792338,0.162042070549768,3.964803468813001
2022,2023-01-23,2022020752,TOR,NYI,1.0,2.0,6.0,shot_microstats,2198,0.6409781352902403,0.8252602221307489,4.28207719754323,0.670287702620829,0.9718464083220293,4.257724685653144
2022,2023-01-23,2022020753,DAL,BUF,0.0,-1.0,3.0,shot_microstats,2198,0.5220823864253108,0.1486200775447758,4.4066061630258515,0.48697141020939333,0.07040565579340086,4.237596877760891
2022,2023-01-23,2022020754,CGY,CBJ,1.0,2.0,4.0,shot_microstats,2198,0.7067433851882469,1.2562921099112718,4.408801783723014,0.6544622155356179,1.0810385667486926,4.593403142783925
2022,2023-01-24,2022020755,MTL,BOS,0.0,-1.0,3.0,shot_microstats,2198,0.306897857068299,-1.0316386109884763,4.0555511412469745,0.3595683956660791,-0.8277488675790245,4.15569695153299
2022,2023-01-24,2022020757,PHI,LAK,1.0,1.0,5.0,shot_microstats,2198,0.409558752113899,-0.4320221312901051,4.025548340599979,0.40254782248272225,-0.3590320875162194,4.088903673047225
2022,2023-01-24,2022020758,TBL,MIN,1.0,2.0,2.0,shot_microstats,2198,0.5970572726907313,0.5726143349033496,4.036654266521777,0.6495252819783518,0.9201390081823594,4.0192955455255905
2022,2023-01-24,2022020759,NJD,VGK,0.0,-1.0,3.0,shot_microstats,2198,0.5775318145388301,0.45317494951390364,4.360285062653216,0.6296285123737482,0.6893022752452936,4.162041902896286
2022,2023-01-24,2022020761,STL,BUF,0.0,-2.0,6.0,shot_microstats,2198,0.4138688704268705,-0.43060321203220614,4.4939889229226795,0.3441470416561319,-0.7704077692615088,4.8421292916925145
2022,2023-01-24,2022020762,NSH,WPG,1.0,1.0,3.0,shot_microstats,2198,0.4483595340443131,-0.2357129184594217,4.266279845214326,0.48532817674687034,-0.06852264543029848,4.257177368533145
2022,2023-01-24,2022020763,ARI,ANA,0.0,-1.0,3.0,shot_microstats,2198,0.6091783768266587,0.633890894973032,4.362763029104633,0.6210926906057036,0.5137905456366249,4.9215615417830545
2022,2023-01-24,2022020764,COL,WSH,1.0,1.0,5.0,shot_microstats,2198,0.5335177853464566,0.22396865881713895,4.047610816688662,0.5351376096287483,0.3464906363586967,4.118308793557344
2022,2023-01-24,2022020765,VAN,CHI,1.0,2.0,6.0,shot_microstats,2198,0.6159811346862408,0.6768377010889746,4.219022846683181,0.607203880340272,0.6509559699442181,4.417778083888561
2022,2023-01-25,2022020768,DAL,CAR,1.0,1.0,3.0,shot_microstats,2198,0.3926460314335389,-0.5255306285460785,4.0463469111444255,0.45838206575251206,-0.12369623313408626,3.7478929811011903
2022,2023-01-25,2022020769,EDM,CBJ,0.0,-1.0,3.0,shot_microstats,2198,0.6615568117225071,0.9517199757842054,4.521978009830738,0.6421633165205809,0.8853729461540942,4.5201994496937505
2022,2023-01-25,2022020770,SEA,VAN,1.0,3.0,5.0,shot_microstats,2198,0.6366585829368884,0.7990299232973386,4.275614247789971,0.623733531502923,0.6904876525419191,4.43525014487602
2022,2023-01-26,2022020771,TBL,BOS,1.0,1.0,3.0,shot_microstats,2198,0.46373303113431424,-0.1482937280437743,4.13303521931261,0.5643356136463736,0.3821172618743499,4.098306552261738
2022,2023-01-26,2022020773,WSH,PIT,0.0,-1.0,3.0,shot_microstats,2198,0.5135646590533349,0.10587269012168293,4.337093693469903,0.6073813224824862,0.5325521490976342,4.370105307811509
2022,2023-01-26,2022020774,WPG,BUF,0.0,-2.0,2.0,shot_microstats,2198,0.521988722418332,0.1484090830438676,4.399022794544239,0.45650823576274036,-0.10808764940127308,4.2572786096596085
2022,2023-01-26,2022020775,NSH,NJD,1.0,1.0,7.0,shot_microstats,2198,0.3604250978749862,-0.7215942555645374,4.387798251257303,0.3802655265539148,-0.4638200345206285,4.471569300939279
2022,2023-01-26,2022020776,COL,ANA,0.0,-2.0,6.0,shot_microstats,2198,0.7531992874194718,1.614185454122186,4.725795898630166,0.7105592370585739,1.337488225882532,4.8771147589885455
2022,2023-01-26,2022020777,CGY,CHI,0.0,-3.0,5.0,shot_microstats,2198,0.7817591143683899,1.8575957501653013,4.62390954730078,0.7874443308486289,1.9086981985087443,4.651394109330607
2022,2023-01-26,2022020779,ARI,STL,1.0,4.0,4.0,shot_microstats,2198,0.4622776009866277,-0.15789584433592285,4.1744928348273715,0.4560406884293691,-0.3642460710810624,4.622809198081683
2022,2023-01-27,2022020780,NYI,DET,1.0,2.0,2.0,shot_microstats,2198,0.545851025112493,0.28956221893915846,4.060699558330272,0.5114760634862439,0.2850695611007407,4.079821179048248
2022,2023-01-27,2022020781,FLA,LAK,1.0,1.0,3.0,shot_microstats,2198,0.5167762321828034,0.13009108006369616,4.163245200559694,0.5701467088868848,0.4818512544774366,4.1961665677780235
2022,2023-01-27,2022020782,TOR,OTT,0.0,-3.0,5.0,shot_microstats,2198,0.571665290105332,0.42543512995042987,4.199107781458364,0.5987790501898733,0.6796177647561559,4.184124464820186
2022,2023-01-27,2022020783,CAR,SJS,0.0,-1.0,5.0,shot_microstats,2198,0.6879672240835745,1.1268843167747147,4.188295157177846,0.6414877985260509,1.0024866792977993,4.1597822950936525
2022,2023-01-27,2022020784,NYR,VGK,1.0,2.0,4.0,shot_microstats,2198,0.4689241899308626,-0.12375405840365167,4.193628035041153,0.6224148173367361,0.4930861779594756,4.124482936199276
2022,2023-01-27,2022020785,DAL,NJD,0.0,-1.0,3.0,shot_microstats,2198,0.428886527660222,-0.3407286636667122,4.297565754858377,0.45224248364873704,-0.026061056498091206,4.2524719199711685
2022,2023-01-27,2022020786,SEA,CGY,0.0,-2.0,6.0,shot_microstats,2198,0.48986902058718224,-0.008120381424956552,4.075211657645549,0.4573864428679402,-0.154598200814407,3.9255694734548494
2022,2023-01-27,2022020787,VAN,CBJ,1.0,2.0,2.0,shot_microstats,2198,0.5400800993469592,0.24977266296915382,4.2898742821393325,0.46246578439944963,-0.016307200989650376,4.525574456921317
2022,2023-01-28,2022020788,COL,STL,1.0,2.0,4.0,shot_microstats,2198,0.644263150918568,0.8465158557055674,4.210566858186972,0.5680897018462485,0.45640564970366204,4.29615216942955
2022,2023-01-28,2022020789,FLA,BOS,0.0,-1.0,5.0,shot_microstats,2198,0.48886199237476907,-0.016008582978886632,4.132530603518927,0.5588196345677904,0.4226104777930817,4.035691212718413
2022,2023-01-28,2022020790,TBL,LAK,1.0,3.0,7.0,shot_microstats,2198,0.515191789928817,0.12047923898643143,4.192019879924672,0.5847749751323974,0.4946418341739194,4.28393598797239
2022,2023-01-28,2022020791,OTT,MTL,1.0,3.0,3.0,shot_microstats,2198,0.6722207202940639,1.0219182768055295,4.329999925933484,0.7072856684379782,1.2000952835225673,4.388018265495238
2022,2023-01-28,2022020792,WPG,PHI,0.0,-4.0,4.0,shot_microstats,2198,0.5966047690082888,0.5669267344925853,4.144314476291151,0.6604064632189678,0.8613730556430894,4.257985590321461
2022,2023-01-28,2022020793,PIT,SJS,0.0,-4.0,6.0,shot_microstats,2198,0.5454788902912019,0.2794408824206168,4.277054204262015,0.5094734310051976,0.23684968085923425,4.088907116050909
2022,2023-01-28,2022020795,MIN,BUF,0.0,-1.0,3.0,shot_microstats,2198,0.5081584328899159,0.08625451746394644,4.120839266487474,0.4513841715601062,-0.08103902597944729,3.923372410795854
2022,2023-01-28,2022020797,EDM,CHI,1.0,3.0,7.0,shot_microstats,2198,0.7223247786834299,1.3707751984389382,4.583162885046651,0.7602626402831559,1.5504206283738369,4.455464396544818
2022,2023-01-28,2022020798,SEA,CBJ,1.0,2.0,4.0,shot_microstats,2198,0.6789941775344223,1.0663752344069184,4.3341159293641915,0.616388890842976,0.7480798972046196,4.615421491839143
2022,2023-01-29,2022020799,CAR,BOS,1.0,1.0,3.0,shot_microstats,2198,0.5877446833275931,0.5239594790218935,3.919761621564146,0.6136726203150041,0.8113120871139508,3.8959697453085615
2022,2023-01-29,2022020800,TOR,WSH,1.0,3.0,3.0,shot_microstats,2198,0.5519762721897126,0.3157923109685098,4.247099395423567,0.5977784684822054,0.572501943445457,4.211221878659994
2022,2023-01-30,2022020801,WPG,STL,1.0,2.0,4.0,shot_microstats,2198,0.6064253052644452,0.6179314087024568,4.359588069304165,0.5763672457440613,0.3724545599747682,4.452163773492985
2022,2023-01-31,2022020802,CAR,LAK,1.0,1.0,5.0,shot_microstats,2198,0.6442557917001674,0.8498380406317836,4.019487557739108,0.6469806247205692,1.0137752252918386,4.058668961602628
2022,2023-01-31,2022020803,MTL,OTT,0.0,-1.0,5.0,shot_microstats,2198,0.36305930442271234,-0.6971412768262938,4.170361666929948,0.38650173517629366,-0.5677430330700419,4.370309247096461
2022,2023-02-01,2022020805,BUF,CAR,0.0,-2.0,4.0,shot_microstats,2198,0.36140000078488743,-0.7080218149524067,4.202771045418338,0.4554278932628803,-0.2707925679528473,4.169386281410172
2022,2023-02-01,2022020806,TOR,BOS,0.0,-2.0,4.0,shot_microstats,2198,0.5061251617318637,0.07773026635902133,4.070044595993501,0.5727055468518975,0.4274209833122584,3.9700559438499172
2022,2023-02-06,2022020808,FLA,TBL,1.0,4.0,6.0,shot_microstats,2198,0.5297702463535361,0.19243682474917118,4.338737811272852,0.5479698348991937,0.342506521759704,4.199320256438451
2022,2023-02-06,2022020811,DAL,ANA,1.0,1.0,3.0,shot_microstats,2198,0.7448501349782101,1.550234723980181,4.900022000714451,0.7444352062122127,1.4960527978363702,4.965773726725212
2022,2023-02-07,2022020813,PIT,COL,1.0,1.0,1.0,shot_microstats,2198,0.522008407941002,0.1591355321227932,4.133219191422987,0.5211602700970355,0.2694883666699432,3.8819910163783713
2022,2023-02-07,2022020814,TBL,SJS,1.0,1.0,3.0,shot_microstats,2198,0.5648721440693758,0.38482727721816207,4.29440759135911,0.5803820392683929,0.49665287962737975,4.318110936757357
2022,2023-02-07,2022020815,DET,EDM,0.0,-1.0,5.0,shot_microstats,2198,0.41340518273900073,-0.4168702126075014,4.148352511501221,0.4957206130983316,0.04637301467552013,4.049097345353931
2022,2023-02-07,2022020816,NYI,SEA,1.0,4.0,4.0,shot_microstats,2198,0.44891123068043254,-0.22720053968931303,4.147115246546076,0.4095536078966588,-0.2859773804940479,4.050473775175504
2022,2023-02-07,2022020817,NSH,VGK,0.0,-3.0,5.0,shot_microstats,2198,0.44413988591078857,-0.25901539402188767,4.2863220611494,0.49922512741303615,0.02698603882144862,4.327961312510153
2022,2023-02-08,2022020819,NYR,VAN,1.0,1.0,7.0,shot_microstats,2198,0.5956999885093845,0.5595554733075183,4.224878468993645,0.702798384746098,0.9588990295575802,4.191185091229689
2022,2023-02-08,2022020820,DAL,MIN,1.0,2.0,2.0,shot_microstats,2198,0.5779138184167211,0.468526656230997,3.945215961101555,0.6078339291752264,0.7567659523031013,3.805100563032116
2022,2023-02-09,2022020821,TBL,COL,1.0,3.0,3.0,shot_microstats,2198,0.5346726638127842,0.226672010442852,4.133876223770917,0.5804665535771921,0.46621695460029794,4.109827703210311
2022,2023-02-09,2022020823,FLA,SJS,1.0,1.0,3.0,shot_microstats,2198,0.5959077226827332,0.5579126840601114,4.333363407476709,0.5942634733415417,0.6215224995092504,4.274866850297416
2022,2023-02-09,2022020824,NJD,SEA,0.0,-1.0,1.0,shot_microstats,2198,0.5695863544213292,0.4125129876211683,4.243147536408309,0.609116474390468,0.5430985119518782,3.989859502623307
2022,2023-02-09,2022020826,NYI,VAN,0.0,-1.0,7.0,shot_microstats,2198,0.5693094454084943,0.40975921325268194,4.281491181795117,0.5147401543958009,0.2725797218665561,4.3240237414696185
2022,2023-02-09,2022020827,MIN,VGK,0.0,-4.0,4.0,shot_microstats,2198,0.4849224392558737,-0.029182886700608646,3.9674794040184493,0.5402430648301221,0.29524722203838155,3.9102067625921784
2022,2023-02-10,2022020828,NYR,SEA,1.0,1.0,5.0,shot_microstats,2198,0.48209131852463655,-0.04893444628448229,4.073363248843367,0.607187755502476,0.4038828571779922,3.916047936132193
2022,2023-02-10,2022020829,CBJ,TOR,0.0,-2.0,2.0,shot_microstats,2198,0.3135834182950794,-0.9946334334424967,4.219929732421396,0.3575329720511166,-0.7982371067521534,4.526859804584625
2022,2023-02-10,2022020831,ANA,PIT,0.0,-3.0,7.0,shot_microstats,2198,0.24025086432640044,-1.5060499339473914,4.4738230307316815,0.3272842140445623,-1.0419962512684426,4.712623861139469
2022,2023-02-11,2022020832,DET,VAN,1.0,2.0,4.0,shot_microstats,2198,0.5453549849253337,0.2893028063686149,3.9993296003902934,0.5968540859946777,0.4847908525787975,4.028402872342425
2022,2023-02-11,2022020833,BUF,CGY,0.0,-5.0,7.0,shot_microstats,2198,0.43779364937165755,-0.2930396983755993,4.293093078810682,0.4687048140580708,-0.18896265156170824,4.193788365417262
2022,2023-02-11,2022020835,MTL,NYI,1.0,1.0,5.0,shot_microstats,2198,0.41269391148260814,-0.4240529530262461,4.219861177793528,0.4515725863757406,-0.3583352440990734,4.38312487277258
2022,2023-02-11,2022020837,DAL,TBL,0.0,-1.0,3.0,shot_microstats,2198,0.49261358414306516,-0.002275056324663415,4.268740889018703,0.5136434337930522,0.14759115390533845,4.090236902415338
2022,2023-02-11,2022020839,FLA,COL,1.0,1.0,5.0,shot_microstats,2198,0.5533285634165016,0.32601026300839875,4.16708275430477,0.5894617771290751,0.5362294556515481,4.042665654178705
2022,2023-02-11,2022020840,TOR,CBJ,0.0,-2.0,6.0,shot_microstats,2198,0.711314350956443,1.289542498517858,4.513866634829078,0.667140552246689,1.0580038861635923,4.562050431567768
2022,2023-02-11,2022020841,CAR,NYR,0.0,-2.0,6.0,shot_microstats,2198,0.6967460297285639,1.1864872305451086,4.171253684267958,0.7094130411106511,1.4189018755448854,4.237824189474226
2022,2023-02-11,2022020842,STL,ARI,1.0,3.0,7.0,shot_microstats,2198,0.5625857009933141,0.3759903992203656,4.182330912540958,0.5678140245785052,0.22938712350058701,4.633386319942278
2022,2023-02-11,2022020843,MIN,NJD,0.0,-1.0,3.0,shot_microstats,2198,0.4297407246383872,-0.3248259187205914,4.056694983790084,0.44548537780290665,-0.06428765777855988,4.053354411750686
2022,2023-02-11,2022020844,WPG,CHI,1.0,1.0,3.0,shot_microstats,2198,0.7130395325093595,1.301279417021098,4.404779255563648,0.7350745326084253,1.3744363631222376,4.42835214457879
2022,2023-02-11,2022020845,LAK,PIT,1.0,4.0,4.0,shot_microstats,2198,0.5335574206254177,0.2165445398000092,4.23995808219914,0.5851000977813706,0.4783240550963141,4.357876253407452
2022,2023-02-12,2022020846,MTL,EDM,1.0,2.0,4.0,shot_microstats,2198,0.3442214378930743,-0.8124394877951683,4.314625209442848,0.3924123782299212,-0.5815601827060742,4.384345356425199
2022,2023-02-12,2022020847,WSH,SJS,0.0,-1.0,3.0,shot_microstats,2198,0.5525588365150029,0.318542999865091,4.259048988470859,0.5589716211578069,0.3018550235741303,4.147152311931554
2022,2023-02-12,2022020848,PHI,SEA,0.0,-3.0,5.0,shot_microstats,2198,0.4252051657712028,-0.34745209070285177,4.021521509091786,0.3915045814326491,-0.46008642411376366,3.93373038473316
2022,2023-02-12,2022020849,VGK,ANA,1.0,4.0,8.0,shot_microstats,2198,0.7620756166593935,1.6962904645875694,5.034238451441693,0.7400298594097966,1.5010869726643674,5.102191013996249
2022,2023-02-13,2022020850,OTT,CGY,0.0,-1.0,3.0,shot_microstats,2198,0.4540977111198922,-0.19760989736213408,4.100876588995029,0.48029503668563817,-0.08045778896903141,3.6654207053039602
2022,2023-02-13,2022020851,NSH,ARI,0.0,-1.0,3.0,shot_microstats,2198,0.6274550024763031,0.7442654605406118,4.239536847988237,0.6356977510607777,0.6692700540906528,4.272114283167852
2022,2023-02-13,2022020853,VAN,DET,0.0,-3.0,5.0,shot_microstats,2198,0.5332172138035465,0.22494158983046852,3.985024832234919,0.522550201055725,0.28211887383705403,4.063060906108373
2022,2023-02-13,2022020854,LAK,BUF,1.0,1.0,3.0,shot_microstats,2198,0.5669545988831822,0.3961168006715312,4.300908908530605,0.4955605909378966,0.07059068961694787,4.179291732859185
2022,2023-02-14,2022020856,MTL,CHI,1.0,3.0,3.0,shot_microstats,2198,0.5870038941120909,0.5134869623117976,4.117244744028239,0.5967111331901015,0.41580594439851476,4.288954110443099
2022,2023-02-14,2022020857,CBJ,NJD,0.0,-1.0,3.0,shot_microstats,2198,0.3080983221766484,-1.0317773709852145,4.29572654806328,0.29469053269255424,-1.0269480566288134,4.557019487300034
2022,2023-02-14,2022020859,STL,FLA,1.0,2.0,6.0,shot_microstats,2198,0.34747848807615483,-0.7960529156706526,4.379414918835727,0.3508856005562038,-0.7460782373901041,4.737716177397197
2022,2023-02-14,2022020860,WPG,SEA,1.0,1.0,3.0,shot_microstats,2198,0.4835188660048968,-0.04396943484997065,4.129036314289403,0.5310708388276476,0.1466559819865456,4.02255941448402
2022,2023-02-14,2022020863,SJS,PIT,0.0,-1.0,3.0,shot_microstats,2198,0.4732141225035608,-0.108405390632908,4.3533555547536125,0.48765409094571066,0.03350203861663273,4.664436860113663
2022,2023-02-15,2022020864,TOR,CHI,1.0,2.0,6.0,shot_microstats,2198,0.7716046230464138,1.7687356901245206,4.676333314847294,0.7794028604590286,1.7568878400450136,4.563905874589572
2022,2023-02-15,2022020866,MIN,COL,0.0,-2.0,4.0,shot_microstats,2198,0.49678725179533606,0.039976893649912026,3.818449539604817,0.5251826080979597,0.21434465318482365,3.7047575594076956
2022,2023-02-15,2022020867,EDM,DET,1.0,1.0,5.0,shot_microstats,2198,0.6416558632845091,0.8308276817733583,4.1937934927863285,0.6965286788278533,1.1332543332816796,4.027954400661993
2022,2023-02-15,2022020868,ANA,BUF,0.0,-3.0,9.0,shot_microstats,2198,0.24857754753534955,-1.444901878113315,4.544327924411021,0.2400902890235695,-1.5495030159278316,4.548290131920563
2022,2023-02-15,2022020869,VAN,NYR,0.0,-2.0,8.0,shot_microstats,2198,0.4458238574549062,-0.24511154940517274,4.180363049462402,0.451050310522332,-0.08224856345257242,4.3287668807640065
2022,2023-02-16,2022020870,WSH,FLA,0.0,-3.0,5.0,shot_microstats,2198,0.46463412886288924,-0.1532764529344462,4.343981495515569,0.4831411831796331,-0.06262849146794372,4.158158414380958
2022,2023-02-16,2022020871,CAR,MTL,1.0,4.0,6.0,shot_microstats,2198,0.7870343921527253,1.9056523155502547,4.616971373106778,0.7825909983481915,1.9637939201012666,4.698477863420983
2022,2023-02-16,2022020872,CBJ,WPG,1.0,1.0,1.0,shot_microstats,2198,0.37750601778255727,-0.6183130967123246,4.238876671577099,0.36973013932686905,-0.7066696395005811,4.38872195022758
2022,2023-02-16,2022020873,NSH,BOS,0.0,-4.0,4.0,shot_microstats,2198,0.3849567959914931,-0.5725965401082429,4.146344218439326,0.45086810314776493,-0.21108258143766506,4.177153589908118
2022,2023-02-16,2022020874,STL,NJD,1.0,1.0,5.0,shot_microstats,2198,0.33682434362653124,-0.8575534466046605,4.34754548314173,0.3424295086637945,-0.7280360699849773,4.795591685418306
2022,2023-02-16,2022020875,CGY,DET,0.0,-2.0,4.0,shot_microstats,2198,0.7075836641489537,1.2617981979797468,4.1024203465397395,0.716998822148618,1.416540381001655,4.158196324928426
2022,2023-02-16,2022020876,SEA,PHI,1.0,1.0,3.0,shot_microstats,2198,0.6392584132298085,0.8180023875506904,4.096453522693844,0.6818720105344634,0.996833847367567,4.380510855685344
2022,2023-02-16,2022020877,VGK,SJS,1.0,1.0,3.0,shot_microstats,2198,0.5626329854439057,0.37440005057687586,4.2368061648749995,0.5468377895400534,0.3816872456386421,4.2016144113367
2022,2023-02-17,2022020878,OTT,CHI,1.0,1.0,5.0,shot_microstats,2198,0.7322085690706491,1.4435043209908385,4.437288750671474,0.7594606071112051,1.5510401203709314,4.305006628374447
2022,2023-02-17,2022020880,MIN,DAL,0.0,-1.0,1.0,shot_microstats,2198,0.5132495390289498,0.1220235939678005,3.9179167515306705,0.5572898618079231,0.42394243453133956,3.8964968893926812
2022,2023-02-17,2022020881,EDM,NYR,1.0,1.0,3.0,shot_microstats,2198,0.5647738310380692,0.38351905568747746,4.318275013302437,0.629965631847991,0.7524122238542144,4.206498820787038
2022,2023-02-18,2022020883,STL,COL,0.0,-1.0,3.0,shot_microstats,2198,0.4018059301082802,-0.48031683400547,4.158119133425986,0.41690674559236446,-0.45035235014382236,4.4815802104345925
2022,2023-02-18,2022020884,NSH,FLA,1.0,2.0,6.0,shot_microstats,2198,0.4061399322117948,-0.46657688766337446,4.369786489763515,0.4133777191205568,-0.3493840407644023,4.355638378919342
2022,2023-02-18,2022020885,BOS,NYI,1.0,2.0,6.0,shot_microstats,2198,0.6617773261373081,0.9553574677823056,4.252553038925475,0.6963413826893675,1.1782624509918405,4.195423930043582
2022,2023-02-18,2022020886,PIT,NJD,0.0,-1.0,3.0,shot_microstats,2198,0.45010094517807286,-0.23434505964666796,4.435357263133726,0.4382383103976423,-0.051662360531954554,4.308032913288997
2022,2023-02-18,2022020887,DAL,CBJ,0.0,-2.0,4.0,shot_microstats,2198,0.664796489667534,0.9741183816883021,4.30509055141772,0.6251275564580727,0.8444562337279986,4.359758960239732
2022,2023-02-18,2022020888,TOR,MTL,1.0,2.0,4.0,shot_microstats,2198,0.7147077593894708,1.3137518418091325,4.468402841317236,0.7422237962029178,1.4517612121666625,4.520366870068016
2022,2023-02-18,2022020889,CAR,WSH,1.0,2.0,4.0,shot_microstats,2198,0.6575812721112163,0.9293882432843906,4.203375714608384,0.6687521402784748,1.1351566128580797,4.230977335355201
2022,2023-02-18,2022020890,CGY,NYR,1.0,1.0,3.0,shot_microstats,2198,0.6214199061697486,0.7101319032946589,4.159694917832487,0.644839611202547,0.9650190073918055,4.276699496319426
2022,2023-02-18,2022020891,VAN,PHI,1.0,2.0,4.0,shot_microstats,2198,0.5145646371107406,0.12098380758230524,4.101299585737366,0.548802759806733,0.3457817277826003,4.306386703940348
2022,2023-02-18,2022020892,LAK,ARI,0.0,-1.0,7.0,shot_microstats,2198,0.7134191634266819,1.303299340199009,4.235547580062116,0.695699259286076,1.0498837773214316,4.101457239119912
2022,2023-02-18,2022020893,SJS,BUF,0.0,-1.0,5.0,shot_microstats,2198,0.4910821089155219,-0.015510952913926873,4.387695511586122,0.3883024303147784,-0.4321184946310168,4.467815677906186
2022,2023-02-18,2022020894,SEA,DET,1.0,2.0,4.0,shot_microstats,2198,0.6660288398175778,0.9853637235411615,4.010998338837813,0.6637694352308924,0.9756686557803362,4.1894408387455675
2022,2023-02-18,2022020895,VGK,TBL,1.0,1.0,7.0,shot_microstats,2198,0.5064873929908325,0.06970161593364124,4.302160243288958,0.5061583396234868,0.12677432218835163,4.159001086313846
2022,2023-02-19,2022020897,OTT,STL,1.0,4.0,8.0,shot_microstats,2198,0.6182169508096479,0.6882142532886912,4.300976191378094,0.6179018907310501,0.5791376723851736,4.235932744272679
2022,2023-02-19,2022020899,CHI,TOR,1.0,2.0,6.0,shot_microstats,2198,0.25321585017004244,-1.4008368651240133,4.053868872346198,0.30014598391413805,-1.155488092741862,4.260795651985216
2022,2023-02-19,2022020900,NJD,WPG,1.0,1.0,5.0,shot_microstats,2198,0.5861297357992195,0.5026987450942938,4.319076158859129,0.6103987508493948,0.5940934785845249,4.084808675959094
2022,2023-02-19,2022020901,ARI,CBJ,1.0,1.0,3.0,shot_microstats,2198,0.5120495914302884,0.10889659025704558,4.072896867179369,0.48709255437517757,-0.05847177965625355,4.57357683911054
2022,2023-02-20,2022020902,FLA,ANA,1.0,1.0,5.0,shot_microstats,2198,0.7750569031795029,1.8177966930346137,5.275660063877364,0.7817933532574168,1.8031272008732762,5.355661992123124
2022,2023-02-20,2022020903,BOS,OTT,1.0,2.0,4.0,shot_microstats,2198,0.6155393598899912,0.6779086285820984,4.066394707016058,0.6484153466647605,1.0294610976366836,4.065280925039978
2022,2023-02-20,2022020904,CGY,PHI,0.0,-1.0,7.0,shot_microstats,2198,0.684188876645925,1.101560798705796,4.199808662498707,0.7282763214781668,1.4090743976133238,4.383895966809618
2022,2023-02-20,2022020905,SJS,SEA,1.0,4.0,4.0,shot_microstats,2198,0.48441561693441715,-0.03995865101549001,4.1446379760978935,0.4540593353355564,-0.1762082161966177,4.2425465128675945
2022,2023-02-20,2022020906,PIT,NYI,0.0,-2.0,4.0,shot_microstats,2198,0.5751894244179582,0.43817012539749944,4.4266892915019325,0.5900375371107108,0.6059685802590355,4.330930712157935
2022,2023-02-20,2022020907,NYR,WPG,0.0,-2.0,4.0,shot_microstats,2198,0.5011130129668577,0.04691299471228388,4.169804849238757,0.6195408612345567,0.48974744650792523,4.031356470111296
2022,2023-02-21,2022020908,TBL,ANA,1.0,3.0,5.0,shot_microstats,2198,0.7647571750559228,1.725100917605307,5.222847090331025,0.7770412865977309,1.7096164652805637,5.362939406460502
2022,2023-02-21,2022020909,WSH,DET,0.0,-2.0,2.0,shot_microstats,2198,0.6363616173343273,0.8003811978823198,4.102579803912549,0.6564348544774874,0.8703074248571734,4.042319592528819
2022,2023-02-21,2022020910,NJD,MTL,0.0,-3.0,5.0,shot_microstats,2198,0.7183527198931692,1.3414892106759266,4.593376435875632,0.7480259335537784,1.456376333671188,4.626698147365207
2022,2023-02-21,2022020911,CAR,STL,1.0,3.0,5.0,shot_microstats,2198,0.7590444400120566,1.6593055686102978,4.5764064630840045,0.7110573371188513,1.3750702250522413,4.559179897535449
2022,2023-02-21,2022020912,BUF,TOR,0.0,-1.0,7.0,shot_microstats,2198,0.41943959395266944,-0.3956294463289274,4.388383697961539,0.5414893380471141,0.14871448491956402,4.684800981902793
2022,2023-02-21,2022020913,MIN,LAK,1.0,1.0,1.0,shot_microstats,2198,0.4954468614759505,0.03222447754134822,3.8340212572751016,0.5523397376799005,0.38424451814541527,3.868582145896974
2022,2023-02-21,2022020914,NSH,VAN,1.0,2.0,4.0,shot_microstats,2198,0.5630119871697237,0.3750806385870287,4.279054238584458,0.5864750911762875,0.46358357806029266,4.375431864823881
2022,2023-02-21,2022020915,CHI,VGK,0.0,-1.0,3.0,shot_microstats,2198,0.28787341176857456,-1.156973155993068,4.0821013389234215,0.3093668027699218,-1.0799268721989064,4.15995995926748
2022,2023-02-21,2022020916,EDM,PHI,0.0,-1.0,3.0,shot_microstats,2198,0.633140002288719,0.7768146159531666,4.329373179585615,0.7189618471624756,1.2062857746691302,4.280308973405575
2022,2023-02-22,2022020917,NYI,WPG,1.0,1.0,1.0,shot_microstats,2198,0.46430265140717797,-0.1510398320042351,4.257044078204229,0.41240973262228725,-0.2421164145944238,4.145425946161844
2022,2023-02-22,2022020918,DAL,CHI,0.0,-1.0,5.0,shot_microstats,2198,0.7277581301248951,1.4096575958648714,4.419069848138599,0.7403445981676929,1.4864150054077487,4.382752224996833
2022,2023-02-22,2022020919,ARI,CGY,0.0,-1.0,5.0,shot_microstats,2198,0.29784722450902545,-1.0882703753233538,3.9858912488224143,0.3201828550408165,-1.0341531781226838,4.0648857503904585
2022,2023-02-23,2022020920,WSH,ANA,0.0,-2.0,4.0,shot_microstats,2198,0.7513074201598247,1.6057737206626415,5.024864017783994,0.745900347810586,1.408719294160422,5.0597990497239484
2022,2023-02-23,2022020922,PIT,EDM,0.0,-3.0,5.0,shot_microstats,2198,0.47625426296242596,-0.09740669962688495,4.467675651982665,0.5061532528546028,0.2748335707619432,4.29120865900483
2022,2023-02-23,2022020923,NJD,LAK,0.0,-1.0,5.0,shot_microstats,2198,0.5545184439762268,0.33087967380617644,4.211870568751763,0.6051391868255829,0.5820551769701118,4.1145352686486625
2022,2023-02-23,2022020924,CBJ,MIN,0.0,-2.0,2.0,shot_microstats,2198,0.4237785848438085,-0.35049773058174316,3.9223447575666883,0.43069778649220714,-0.30766241978875675,4.120438915930587
2022,2023-02-23,2022020925,DET,NYR,1.0,2.0,4.0,shot_microstats,2198,0.450385925321066,-0.21114785920103912,3.97191231818728,0.52331226390516,0.13502369360316407,4.0868436149657414
2022,2023-02-23,2022020926,STL,VAN,1.0,1.0,1.0,shot_microstats,2198,0.5019012658813916,0.04654474421437709,4.275077421970199,0.5161707768533187,0.053627934236135,4.701955933001346
2022,2023-02-23,2022020927,SEA,BOS,0.0,-1.0,7.0,shot_microstats,2198,0.4651616254392338,-0.1333247607098142,3.973963298724695,0.5186770262588212,0.12399035512487716,4.088254683990605
2022,2023-02-23,2022020929,SJS,NSH,0.0,-2.0,4.0,shot_microstats,2198,0.5399106035558738,0.24897734711750366,4.286628331354009,0.49353151534756656,0.0653055604924564,4.527526333504091
2022,2023-02-24,2022020930,FLA,BUF,0.0,-1.0,3.0,shot_microstats,2198,0.5637901647924614,0.37197141537527506,4.518687720325272,0.5264330837518961,0.29014937255042766,4.376924081688102
2022,2023-02-24,2022020932,PHI,MTL,0.0,-2.0,6.0,shot_microstats,2198,0.5893428008924868,0.5267810175869317,4.112357100330607,0.5504977319993948,0.3907652331339289,4.278841507206993
2022,2023-02-24,2022020933,CAR,OTT,1.0,3.0,3.0,shot_microstats,2198,0.688528702042462,1.130756308924733,4.168473129272834,0.6914725474156976,1.3859697168385878,4.198152116511834
2022,2023-02-24,2022020934,NYI,LAK,0.0,-2.0,4.0,shot_microstats,2198,0.4249458557740081,-0.3553869541793964,4.1611983172155025,0.400411543676877,-0.29240585753719994,4.238142208538591
2022,2023-02-24,2022020935,WPG,COL,0.0,-4.0,4.0,shot_microstats,2198,0.5027769049006241,0.0602362048833838,4.0663168723746566,0.5316606314635551,0.1904589677233367,3.9517658908399023
2022,2023-02-25,2022020936,CBJ,EDM,1.0,3.0,7.0,shot_microstats,2198,0.32850187786905627,-0.9068599871478815,4.331092316229421,0.35829987418815246,-0.6775875250862984,4.529061265822028
2022,2023-02-25,2022020937,WSH,NYR,1.0,3.0,7.0,shot_microstats,2198,0.5398950479696898,0.251413863408681,4.219164027109134,0.5898091699288825,0.4883218155741554,4.217062117843655
2022,2023-02-25,2022020940,MTL,OTT,0.0,-3.0,7.0,shot_microstats,2198,0.3887903773537471,-0.5508232906959835,4.135172140936786,0.42197203849133785,-0.38273652045535894,4.3616275958880495
2022,2023-02-25,2022020941,NJD,PHI,1.0,7.0,7.0,shot_microstats,2198,0.6797717215567273,1.0713675735004888,4.371470639502753,0.7405758550259846,1.3539527450290887,4.355412397737324
2022,2023-02-25,2022020942,DET,TBL,0.0,-2.0,2.0,shot_microstats,2198,0.38448558861766535,-0.5738130496590292,4.114725285986227,0.42551156653306094,-0.41769469730538045,4.089974056537047
2022,2023-02-25,2022020943,STL,PIT,0.0,-1.0,3.0,shot_microstats,2198,0.3710370307724342,-0.6620589866447839,4.403847119996121,0.4291044154875917,-0.36511160086429106,4.892874341313506
2022,2023-02-25,2022020944,COL,CGY,1.0,3.0,3.0,shot_microstats,2198,0.46554158216470276,-0.13313443607792608,4.012511759968763,0.41758491279643906,-0.25070647704834514,3.764634737764638
2022,2023-02-25,2022020945,VGK,DAL,1.0,1.0,3.0,shot_microstats,2198,0.5468167842893658,0.29077939164729494,4.165481231572917,0.567516159134252,0.49214212376781674,4.0745645911845285
2022,2023-02-25,2022020946,SJS,CHI,0.0,-1.0,5.0,shot_microstats,2198,0.6981189192286703,1.1957685550305215,4.385295713234582,0.6590441187414493,0.973146923052708,4.634051361024478
2022,2023-02-26,2022020947,BUF,WSH,1.0,4.0,10.0,shot_microstats,2198,0.4699067922262726,-0.12869550122279233,4.41636669401473,0.5581714071218021,0.2538199749031288,4.71007279124514
2022,2023-02-26,2022020948,MIN,CBJ,0.0,-1.0,3.0,shot_microstats,2198,0.6547223453902677,0.9141760235724647,4.022005547953857,0.618296500004114,0.7831755798230141,4.109960512754109
2022,2023-02-26,2022020949,WPG,NYI,0.0,-2.0,2.0,shot_microstats,2198,0.5667438192642856,0.39668164269253453,4.247194827451201,0.6145030857449336,0.6117095990501163,4.2760497944387845
2022,2023-02-26,2022020950,NYR,LAK,1.0,3.0,5.0,shot_microstats,2198,0.4795823927260262,-0.06274566587345176,4.086854846153218,0.6256084589889374,0.5334967777840832,4.095889772544664
2022,2023-02-26,2022020951,PIT,TBL,1.0,5.0,7.0,shot_microstats,2198,0.4838629982564366,-0.05641697736962123,4.4507573764345905,0.4714687864366888,0.008166836183416015,4.27042276311673
2022,2023-02-26,2022020952,ARI,NSH,0.0,-3.0,5.0,shot_microstats,2198,0.40722318402288443,-0.4494261295872972,4.128072081042215,0.44715311162627913,-0.33818998274478795,4.509645387664881
2022,2023-02-26,2022020953,SEA,TOR,0.0,-4.0,6.0,shot_microstats,2198,0.46957869662562374,-0.11809146570892035,4.145666577301996,0.5340199418981348,0.19936999082149615,4.390865523386502
2022,2023-02-27,2022020534,OTT,DET,1.0,2.0,4.0,shot_microstats,2198,0.6174752158601517,0.6915628967651858,3.9739110754312095,0.6528922639493985,0.8999447412060685,3.8360064063250268
2022,2023-02-27,2022020954,EDM,BOS,0.0,-2.0,4.0,shot_microstats,2198,0.48233576005087775,-0.05236167019720729,4.176758816155582,0.5703489201742282,0.39018511397997624,3.971778236120016
2022,2023-02-27,2022020955,DAL,VAN,0.0,-1.0,5.0,shot_microstats,2198,0.6089642757240968,0.6364411087147204,4.198255958450458,0.6393433295290267,0.8106650298787307,4.1522615040770585
2022,2023-02-27,2022020956,COL,VGK,1.0,2.0,2.0,shot_microstats,2198,0.5217130946426323,0.16056601295002793,4.061517413646131,0.5340964232853351,0.3287973968016293,4.081873622839958
2022,2023-02-27,2022020957,ANA,CHI,1.0,3.0,3.0,shot_microstats,2198,0.4393088570144472,-0.28871876412249137,4.372708933140941,0.4809742830322395,-0.2206310726756347,4.5947400572155646
2022,2023-02-28,2022020958,BUF,CBJ,0.0,-1.0,5.0,shot_microstats,2198,0.6261476081453224,0.731875852887738,4.5029215270330685,0.6064616812265952,0.5932737197634794,4.811079502726555
2022,2023-02-28,2022020959,OTT,DET,1.0,1.0,3.0,shot_microstats,2198,0.6205775945641961,0.7094244347262653,3.9827583729096765,0.6557076514457307,0.919731294879597,3.8473152208007115
2022,2023-02-28,2022020960,TBL,FLA,0.0,-3.0,3.0,shot_microstats,2198,0.48167320357008153,-0.06601807982827851,4.405073815836614,0.5195985844243854,0.20131913551370847,4.313303919439321
2022,2023-02-28,2022020963,NSH,PIT,0.0,-1.0,3.0,shot_microstats,2198,0.4356536571496504,-0.30873679051679837,4.384801730213331,0.5019336107706178,0.06559621217653495,4.5432486003208306
2022,2023-02-28,2022020964,STL,SEA,0.0,-3.0,5.0,shot_microstats,2198,0.38066565669052305,-0.598701243729074,4.195445920532457,0.39736422821202233,-0.5835488607773947,4.53674443747079
2022,2023-02-28,2022020965,CGY,BOS,1.0,1.0,5.0,shot_microstats,2198,0.5354176640391318,0.23605278243767397,4.000166943308778,0.5693099446434229,0.5280569640167015,4.018122420712639
2022,2023-02-28,2022020966,ARI,CHI,1.0,3.0,5.0,shot_microstats,2198,0.5810255564290568,0.4823464183252368,4.046148316659192,0.6165308362978033,0.5459954156699094,4.497529992009073
2022,2023-02-28,2022020967,SJS,MTL,0.0,-1.0,3.0,shot_microstats,2198,0.6375136427957457,0.8037761020974804,4.303506766126475,0.6140961819299066,0.6962528800044165,4.651265433762864
2022,2023-03-01,2022020969,EDM,TOR,1.0,3.0,5.0,shot_microstats,2198,0.48315114443893875,-0.055795566690084064,4.349972645849177,0.5889575268359106,0.47496158942331423,4.269666234318615
2022,2023-03-01,2022020970,DAL,ARI,1.0,1.0,3.0,shot_microstats,2198,0.6859636386481056,1.1132602876905486,4.22762513826374,0.6877867157075718,1.051442902443477,4.059625895245861
2022,2023-03-01,2022020972,VGK,CAR,1.0,1.0,5.0,shot_microstats,2198,0.3904517264511743,-0.5383604125462216,4.06207865470814,0.4531419664311516,-0.14275334042166268,3.7853932423819754
2022,2023-03-02,2022020974,BOS,BUF,1.0,2.0,4.0,shot_microstats,2198,0.6013939173723255,0.5896516625298494,4.3237004230489005,0.549975011533022,0.433433938022235,4.198884221317359
2022,2023-03-02,2022020975,FLA,NSH,1.0,1.0,1.0,shot_microstats,2198,0.6103620599049207,0.6396918731895249,4.415993898050772,0.630256023556424,0.8096594022284078,4.383886237641957
2022,2023-03-02,2022020976,NYR,OTT,0.0,-2.0,6.0,shot_microstats,2198,0.5200485539457501,0.14899855802030465,4.1265497380885705,0.6538332952466406,0.7863513069781509,4.174158811027674
2022,2023-03-02,2022020977,TBL,PIT,0.0,-2.0,6.0,shot_microstats,2198,0.4999354625909037,0.028394762599008166,4.46011646390707,0.5951190729060292,0.5512939392630236,4.547832520624026
2022,2023-03-02,2022020978,DET,SEA,0.0,-1.0,7.0,shot_microstats,2198,0.4316377512528499,-0.30675335764353373,3.886848708078851,0.47286365234440736,-0.1786405631694834,3.8297295398024844
2022,2023-03-02,2022020979,CHI,DAL,1.0,1.0,1.0,shot_microstats,2198,0.3097023250695007,-1.0149416503957505,4.0936028367806525,0.322637854409122,-0.9532937244269123,4.211141438881415
2022,2023-03-02,2022020980,CGY,TOR,0.0,-2.0,2.0,shot_microstats,2198,0.556080283801463,0.34048970087556757,4.1808429499149415,0.6032795874827312,0.7044978287371171,4.306044991290519
2022,2023-03-02,2022020981,VAN,MIN,0.0,-2.0,2.0,shot_microstats,2198,0.4662094955619947,-0.12550469772614076,3.924889521602151,0.471315150824712,0.033489737583257795,3.926266489319515
2022,2023-03-02,2022020982,LAK,MTL,1.0,2.0,4.0,shot_microstats,2198,0.7006733980198464,1.2134306693233277,4.298981104393089,0.7060468393210239,1.2015328282588238,4.384185106297948
2022,2023-03-02,2022020983,SJS,STL,0.0,-1.0,5.0,shot_microstats,2198,0.6156029587425605,0.6717706173175193,4.351835295570197,0.5341876454193244,0.21204947626546017,4.614105009000725
2022,2023-03-03,2022020985,EDM,WPG,1.0,1.0,5.0,shot_microstats,2198,0.5643968613637323,0.380767100333539,4.339384870446484,0.6201241368066543,0.6423245707991874,4.081208015233434
2022,2023-03-03,2022020986,ARI,CAR,0.0,-2.0,4.0,shot_microstats,2198,0.23454567198943987,-1.5421723821626199,3.782859332704269,0.3077709894562687,-1.1231249867986586,4.001992827435268
2022,2023-03-03,2022020988,VGK,NJD,1.0,1.0,5.0,shot_microstats,2198,0.44979763925387456,-0.22949023200689836,4.2960687655910235,0.4719947970393944,0.05201200937650474,4.2435092274770945
2022,2023-03-04,2022020536,BUF,TBL,1.0,1.0,3.0,shot_microstats,2198,0.443247274133611,-0.27350052785633444,4.49554758655241,0.48989708469619225,-0.12129209957594941,4.633179410463949
2022,2023-03-04,2022020989,NYI,DET,1.0,3.0,3.0,shot_microstats,2198,0.5820164779090878,0.48924646253923343,4.004109237244236,0.5330857812968381,0.42132223955358883,4.060480403649783
2022,2023-03-04,2022020991,BOS,NYR,1.0,2.0,4.0,shot_microstats,2198,0.6160833629301864,0.679942892621441,4.112162164794617,0.6592230074237113,1.0119982434098127,4.144516025976556
2022,2023-03-04,2022020992,FLA,PIT,1.0,3.0,3.0,shot_microstats,2198,0.5344280515909665,0.2131207099383734,4.458893666853799,0.6028220543700319,0.6650960608312593,4.479402200948937
2022,2023-03-04,2022020993,SJS,WSH,0.0,-5.0,9.0,shot_microstats,2198,0.48970215936168027,-0.01747248743180598,4.264863182401319,0.4911848514152401,0.05022562310180609,4.567471995365469
2022,2023-03-04,2022020994,OTT,CBJ,1.0,2.0,4.0,shot_microstats,2198,0.6485369019609534,0.8718556266983721,4.280962606649084,0.6135791701218902,0.7228533604754305,4.2149674461481235
2022,2023-03-04,2022020995,WPG,EDM,1.0,3.0,7.0,shot_microstats,2198,0.4406732949949235,-0.27866517975869404,4.312932778874289,0.5124551999336902,0.1686782369546681,4.271159456399114
2022,2023-03-04,2022020996,VAN,TOR,1.0,1.0,1.0,shot_microstats,2198,0.36125565891788647,-0.7092222767486294,4.211554404428125,0.40661651931476955,-0.3676193974664288,4.381913899592669
2022,2023-03-04,2022020997,DAL,COL,1.0,3.0,7.0,shot_microstats,2198,0.521020917823289,0.15833381207294267,4.027585849740542,0.5647090649295625,0.40119800436463815,3.8085952134638714
2022,2023-03-04,2022020998,CHI,NSH,0.0,-1.0,1.0,shot_microstats,2198,0.3539118692963839,-0.7509339945795089,4.195883021469166,0.3392751150417902,-0.9171849623846791,4.314951369584997
2022,2023-03-04,2022020999,CGY,MIN,0.0,-3.0,3.0,shot_microstats,2198,0.6546941183770643,0.9146812870745773,3.9821158526733655,0.65607495140516,1.0676832490629722,3.950653322677097
2022,2023-03-04,2022021000,LAK,STL,1.0,1.0,3.0,shot_microstats,2198,0.6743012812887269,1.0356991081573375,4.300105966058262,0.6286378071995234,0.6919407808380791,4.27753277727599
2022,2023-03-05,2022021001,CAR,TBL,1.0,2.0,2.0,shot_microstats,2198,0.6602607031166792,0.9453499575293421,4.28765506627551,0.6345480621524962,0.9393864176349713,4.173839976736081
2022,2023-03-05,2022021003,VGK,MTL,1.0,1.0,7.0,shot_microstats,2198,0.679791794087538,1.0715378249794647,4.36204964440442,0.6981192744654037,1.1767965514562118,4.4087409750121305
2022,2023-03-05,2022021004,ARI,NJD,1.0,1.0,7.0,shot_microstats,2198,0.2667149653613337,-1.3045937706995492,4.152447354418818,0.3081530858598361,-0.9906069760152543,4.571883798712182
2022,2023-03-06,2022021006,BUF,EDM,0.0,-2.0,4.0,shot_microstats,2198,0.4148424785153595,-0.4264372508920308,4.517015673189702,0.5165759000755099,0.08405962940240838,4.689064540399465
2022,2023-03-06,2022021007,WPG,SJS,1.0,1.0,3.0,shot_microstats,2198,0.5340606539410789,0.21977673256404712,4.226189433861454,0.5468978023751649,0.2965641296272444,4.2525559267594675
2022,2023-03-06,2022021008,DAL,CGY,0.0,-3.0,7.0,shot_microstats,2198,0.43993562042520445,-0.27436554434831445,4.138305501732633,0.4548158748662871,-0.1352591423347857,3.76387161953718
2022,2023-03-06,2022021009,CHI,OTT,1.0,5.0,5.0,shot_microstats,2198,0.3174110805518476,-0.9655523530114445,4.067446927065841,0.3488211205553681,-0.7742922266746497,4.254880073730851
2022,2023-03-06,2022021011,LAK,WSH,1.0,2.0,4.0,shot_microstats,2198,0.5630724842640771,0.37963278053214633,4.154091255316667,0.6003600956532089,0.572217452512366,4.2131578665357265
2022,2023-03-07,2022021014,TBL,PHI,1.0,1.0,3.0,shot_microstats,2198,0.6331352264831385,0.7776888656526124,4.276163869999475,0.7246821282804119,1.2619640871871947,4.4476995556712895
2022,2023-03-07,2022021016,FLA,VGK,1.0,2.0,2.0,shot_microstats,2198,0.5569290003198653,0.33963810895826035,4.340737132676187,0.6164009905938769,0.7127451208745713,4.264372190974044
2022,2023-03-07,2022021017,NYI,BUF,1.0,1.0,5.0,shot_microstats,2198,0.47550618943174244,-0.09954233728976522,4.426236503034603,0.34790751288532973,-0.5401177291184983,4.3743233955174645
2022,2023-03-07,2022021019,COL,SJS,1.0,5.0,5.0,shot_microstats,2198,0.5809826045575638,0.4808550182406829,4.084580054429636,0.5454334797845156,0.4207566499204759,4.169333624333828
2022,2023-03-07,2022021020,ARI,STL,1.0,3.0,7.0,shot_microstats,2198,0.4798293205992371,-0.0643788456980059,4.1508813130171855,0.4652077857194478,-0.2911147651378083,4.533662440539717
2022,2023-03-07,2022021021,SEA,ANA,1.0,1.0,5.0,shot_microstats,2198,0.7668411264310288,1.7339837817198842,4.920651914812619,0.7589958544134575,1.5556431549986092,5.176485569702614
2022,2023-03-08,2022021022,DET,CHI,1.0,1.0,5.0,shot_microstats,2198,0.6419100122926075,0.8366141199564497,3.96861808299285,0.6685661799356949,0.9111662265096575,4.099484313896
2022,2023-03-08,2022021023,WPG,MIN,0.0,-1.0,5.0,shot_microstats,2198,0.5375908022131397,0.25016417483878217,3.939247396693456,0.5855033695522824,0.5249493015354654,3.8838243994704897
2022,2023-03-08,2022021024,VAN,ANA,0.0,-1.0,3.0,shot_microstats,2198,0.6693796701636939,1.0021961903318422,4.579490808183063,0.6417231534424954,0.8521955284503024,4.815914952048694
2022,2023-03-09,2022021025,BUF,DAL,0.0,-5.0,13.0,shot_microstats,2198,0.4624721445303643,-0.1662470540005213,4.377982321240645,0.5389297819196105,0.19758427576068224,4.596934117990204
2022,2023-03-09,2022021026,BOS,EDM,0.0,-1.0,5.0,shot_microstats,2198,0.5336509772477542,0.2185192970579758,4.201973291696535,0.6064402584081476,0.7285846617088523,4.11902219030083
2022,2023-03-09,2022021027,PIT,NYI,1.0,2.0,4.0,shot_microstats,2198,0.5781635576998417,0.455967416092359,4.386700676962757,0.5949424081087838,0.6460635285962844,4.313512502043497
2022,2023-03-09,2022021028,MTL,NYR,1.0,1.0,3.0,shot_microstats,2198,0.3881607775352035,-0.5555549725668928,4.162876083412833,0.42439559850774394,-0.43452601470240715,4.426939055057953
2022,2023-03-09,2022021029,WSH,NJD,1.0,1.0,3.0,shot_microstats,2198,0.3865715057560915,-0.5748049823119259,4.392020436640309,0.4233306560182647,-0.30663086833754816,4.390840447343619
2022,2023-03-09,2022021032,STL,SJS,1.0,1.0,5.0,shot_microstats,2198,0.4272141022991066,-0.34813567972699117,4.265039689503357,0.43328518407629113,-0.35066378410119214,4.757193899095995
2022,2023-03-09,2022021033,COL,LAK,0.0,-3.0,5.0,shot_microstats,2198,0.5188672476049204,0.1505865822820656,3.9428582041610296,0.5291504481986968,0.33703359396655774,4.069560384649357
2022,2023-03-09,2022021034,ARI,NSH,1.0,2.0,2.0,shot_microstats,2198,0.39991109583229345,-0.49044785489231185,4.153243080338752,0.4239827257682298,-0.4527204236232512,4.479062895580187
2022,2023-03-09,2022021035,SEA,OTT,0.0,-2.0,8.0,shot_microstats,2198,0.549463225373948,0.3091845126396152,4.056888884747741,0.59402519598573,0.6243538984244952,4.295815761395838
2022,2023-03-10,2022021037,CGY,ANA,0.0,-2.0,2.0,shot_microstats,2198,0.8067807711547336,2.123177098976345,5.312708249218965,0.7875046030286207,1.9468456746887788,5.400418140123949
2022,2023-03-11,2022021038,BOS,DET,1.0,2.0,2.0,shot_microstats,2198,0.7113691844720829,1.2885758908356795,4.030631842825755,0.7364909981409938,1.500540747433746,4.0125852074370085
2022,2023-03-11,2022021039,PIT,PHI,1.0,2.0,4.0,shot_microstats,2198,0.6375188390445783,0.8033850416259104,4.330532885677813,0.674094839767153,1.0922984704496166,4.394562189558303
2022,2023-03-11,2022021041,COL,ARI,0.0,-1.0,3.0,shot_microstats,2198,0.7200983487342625,1.3515394680596557,4.218907358275671,0.681469762908784,1.1056408722931583,4.190800391367643
2022,2023-03-11,2022021042,TBL,CHI,1.0,1.0,3.0,shot_microstats,2198,0.7486995028713119,1.575724732737444,4.635212300286157,0.775476520105335,1.7239808516344346,4.691996095135207
2022,2023-03-11,2022021043,TOR,EDM,1.0,1.0,7.0,shot_microstats,2198,0.506136353336896,0.06469107231727532,4.378281828367506,0.5673009551823186,0.4241322531188139,4.268674952788385
2022,2023-03-11,2022021044,MTL,NJD,0.0,-1.0,3.0,shot_microstats,2198,0.26806924907369284,-1.2975995797741113,4.265567668005902,0.2900867726969084,-1.1316379009080026,4.472503070451974
2022,2023-03-11,2022021045,CBJ,STL,0.0,-4.0,4.0,shot_microstats,2198,0.47938694019252837,-0.07300751727308454,4.290206932947435,0.42316884492493945,-0.4809396106551578,4.575817268822895
2022,2023-03-11,2022021046,CAR,VGK,0.0,-3.0,3.0,shot_microstats,2198,0.6813731710966132,1.0827874713513954,4.213088015654539,0.6977165528413829,1.2926760891778528,4.139935207850187
2022,2023-03-11,2022021047,FLA,WPG,0.0,-2.0,2.0,shot_microstats,2198,0.5812507707211958,0.4749632266638722,4.32792050865217,0.6132820565665417,0.7114326995284699,4.210915473470735
2022,2023-03-11,2022021048,NYI,WSH,0.0,-5.0,5.0,shot_microstats,2198,0.4911119400146554,-0.00926089562961998,4.24729120051837,0.4533408800848599,-0.009779589949298485,4.352558687200467
2022,2023-03-11,2022021050,VAN,OTT,1.0,1.0,5.0,shot_microstats,2198,0.4389798768598892,-0.27861291512316866,4.120690608214398,0.45325124025665686,-0.007289392986294753,4.2699068976419365
2022,2023-03-11,2022021051,SJS,MIN,0.0,-1.0,1.0,shot_microstats,2198,0.5070020388007483,0.0867434381951815,3.9707996753671737,0.4939450075285423,0.0930352766909233,4.138913478149553
2022,2023-03-11,2022021052,LAK,NSH,1.0,1.0,1.0,shot_microstats,2198,0.6135497780231854,0.6625208126587497,4.223198869109291,0.6035923154083964,0.6013523424975751,4.15782243314379
2022,2023-03-12,2022021053,DET,BOS,0.0,-2.0,4.0,shot_microstats,2198,0.36494461980179244,-0.6726688993589401,3.8346217472261195,0.43891492438848756,-0.30237335951300714,3.8086322483814903
2022,2023-03-12,2022021054,PIT,NYR,0.0,-1.0,3.0,shot_microstats,2198,0.5702130627293285,0.41373933109119365,4.314409873692247,0.5771960326659374,0.6359740815460659,4.344157620112809
2022,2023-03-12,2022021055,NJD,CAR,1.0,2.0,2.0,shot_microstats,2198,0.4542741589034118,-0.20185464053383548,4.211296416073439,0.5216955399909298,0.11592876495714378,3.8212545328437018
2022,2023-03-12,2022021056,STL,VGK,0.0,-1.0,5.0,shot_microstats,2198,0.38095127357868175,-0.6001594147210318,4.263599220691293,0.4378836316997808,-0.3818767282746903,4.669736143168532
2022,2023-03-12,2022021057,TBL,WPG,0.0,-1.0,3.0,shot_microstats,2198,0.5427610704775049,0.26514743802963064,4.265637072725347,0.6037294261843081,0.5931720493674906,4.186203356594535
2022,2023-03-12,2022021058,ARI,MIN,0.0,-1.0,7.0,shot_microstats,2198,0.39355510964388984,-0.5132959992903094,3.8825451682389156,0.4521695686802623,-0.27080021368719165,4.180314851443081
2022,2023-03-12,2022021059,CGY,OTT,1.0,2.0,4.0,shot_microstats,2198,0.6145680255424806,0.6696276948701688,4.173419222942323,0.6299036405080243,0.9526542757569472,4.281622772813481
2022,2023-03-12,2022021060,ANA,NSH,0.0,-1.0,5.0,shot_microstats,2198,0.2856605908008649,-1.1816933698698064,4.42801042949995,0.30275957952206617,-1.1602214375437654,4.564229887558938
2022,2023-03-13,2022021061,TOR,BUF,0.0,-1.0,5.0,shot_microstats,2198,0.5905391717923238,0.5230389698848006,4.50467535766977,0.540852917784748,0.2836956307531151,4.385701198273881
2022,2023-03-13,2022021062,MTL,COL,0.0,-2.0,8.0,shot_microstats,2198,0.35145675806742066,-0.758593017409154,4.030350427405209,0.3610066604722444,-0.8384187623628568,4.023833009958023
2022,2023-03-14,2022021064,PIT,MTL,0.0,-3.0,7.0,shot_microstats,2198,0.6851079267025688,1.1068359539029582,4.517672263976744,0.6842741694242386,1.1956568749573881,4.534372280956669
2022,2023-03-14,2022021065,NJD,TBL,0.0,-2.0,4.0,shot_microstats,2198,0.5778522227480006,0.45234405455155646,4.454693638450849,0.5935175727198051,0.48484998863708395,4.226804270941863
2022,2023-03-14,2022021066,PHI,VGK,1.0,1.0,5.0,shot_microstats,2198,0.4277171838716448,-0.33714530440502344,4.0886844690455595,0.4084879184481729,-0.3525967624076195,4.05178240964663
2022,2023-03-14,2022021068,CAR,WPG,1.0,2.0,6.0,shot_microstats,2198,0.6913881288874154,1.14976276418017,4.2377867886329765,0.6852562952256113,1.2324665737870726,4.097958324085788
2022,2023-03-14,2022021069,NSH,DET,1.0,2.0,2.0,shot_microstats,2198,0.5816017592410323,0.4851701401925836,4.057814746400325,0.6178811860923585,0.6834939421586893,4.2492283174092735
2022,2023-03-14,2022021070,CHI,BOS,1.0,1.0,7.0,shot_microstats,2198,0.2508304779645127,-1.4164481349131819,3.893724617656769,0.2777030566823463,-1.2930419320011688,3.997727986879722
2022,2023-03-14,2022021071,EDM,OTT,1.0,3.0,5.0,shot_microstats,2198,0.5826060156856614,0.4825954091043008,4.327522139874165,0.656961391090476,0.9361887813872571,4.237374035281817
2022,2023-03-14,2022021072,ARI,CGY,0.0,-1.0,5.0,shot_microstats,2198,0.2867327116184271,-1.163750087889925,4.047527558015399,0.31502077174217485,-1.0737443809724574,4.189921171807339
2022,2023-03-14,2022021073,VAN,DAL,1.0,3.0,5.0,shot_microstats,2198,0.4087185940804948,-0.44279839000801374,4.160271071428009,0.4301352615197318,-0.18212672578128108,4.248219332435741
2022,2023-03-15,2022021076,WSH,BUF,0.0,-2.0,6.0,shot_microstats,2198,0.49957687049181915,0.02718594033145283,4.443158056262873,0.45023724022047845,-0.20542573122851726,4.375726683066777
2022,2023-03-15,2022021077,TOR,COL,1.0,1.0,1.0,shot_microstats,2198,0.5484461027255617,0.30225074175183453,4.094668983031127,0.5677445696442369,0.34229327600098824,3.8928919538932076
2022,2023-03-15,2022021078,STL,MIN,0.0,-2.0,6.0,shot_microstats,2198,0.42559018031130696,-0.34517355470712774,4.016918419007584,0.46441184551932935,-0.17458915470687708,4.418515672287638
2022,2023-03-15,2022021079,ANA,NYI,0.0,-4.0,8.0,shot_microstats,2198,0.28922557335040594,-1.1565225706368158,4.379302727540826,0.3530293148933766,-0.9200198652210202,4.557349327003431
2022,2023-03-16,2022021080,OTT,COL,0.0,-2.0,6.0,shot_microstats,2198,0.47417666726855906,-0.08722693902225803,4.001896606872153,0.5149213991433292,0.0657303359949954,3.7039988319291366
2022,2023-03-16,2022021081,FLA,MTL,1.0,5.0,11.0,shot_microstats,2198,0.7260298486161045,1.3992063375582924,4.6400314200082144,0.7521538807750076,1.5826953069872625,4.684093359892786
2022,2023-03-16,2022021082,NYR,PIT,1.0,1.0,5.0,shot_microstats,2198,0.4436981742635665,-0.2618653901998203,4.297132524212824,0.6001631120178383,0.38804170254849557,4.324864776016812
2022,2023-03-16,2022021084,WPG,BOS,0.0,-2.0,2.0,shot_microstats,2198,0.4566275868509649,-0.18252881618679295,4.064140281827084,0.5231976355198746,0.16830538523784927,4.015581940040634
2022,2023-03-16,2022021085,NSH,CHI,0.0,-2.0,2.0,shot_microstats,2198,0.6756274206409748,1.0439707790738781,4.374451884000296,0.6846205677947189,1.0553355669662268,4.602548146961548
2022,2023-03-16,2022021086,EDM,DAL,1.0,1.0,1.0,shot_microstats,2198,0.5520109445720474,0.3134378023524963,4.320101444893558,0.6308261262894154,0.749575185925149,4.188333625177717
2022,2023-03-16,2022021087,VGK,CGY,0.0,-3.0,7.0,shot_microstats,2198,0.43777330031285155,-0.2883793817335912,4.191821422933688,0.4389608700603801,-0.22982582247016625,3.9214132029239708
2022,2023-03-16,2022021088,ARI,VAN,0.0,-1.0,3.0,shot_microstats,2198,0.45428863909558315,-0.19616783947371325,4.091648357582178,0.5026376215761978,-0.08591897803854698,4.4241166311096185
2022,2023-03-16,2022021089,LAK,CBJ,1.0,3.0,5.0,shot_microstats,2198,0.7019859658424341,1.2227403743626395,4.400083460213543,0.6480117826320201,0.9273639313514924,4.461637625439748
2022,2023-03-16,2022021090,SJS,SEA,0.0,-1.0,1.0,shot_microstats,2198,0.4684078428922693,-0.1230023313535196,4.118633157915456,0.43948335106829467,-0.2557271281079869,4.2415880494677065
2022,2023-03-17,2022021091,PHI,BUF,1.0,4.0,4.0,shot_microstats,2198,0.4472905455610711,-0.24299293221304732,4.300861908140718,0.32707285667441893,-0.7254890049305508,4.248718773852036
2022,2023-03-17,2022021092,TOR,CAR,1.0,2.0,6.0,shot_microstats,2198,0.4139071040592609,-0.4110073782303407,4.080582164853739,0.47511277271203534,-0.10580525087066686,3.806387137889137
2022,2023-03-17,2022021093,WSH,STL,0.0,-3.0,5.0,shot_microstats,2198,0.6019758230709246,0.5924259109201758,4.348141903477114,0.5621311349787925,0.27991122061942775,4.332106989897959
2022,2023-03-17,2022021094,ANA,CBJ,1.0,3.0,7.0,shot_microstats,2198,0.3731960743438555,-0.6507428705484908,4.422256821149539,0.34686557891298253,-0.8491225221638641,4.715281165340142
2022,2023-03-18,2022021095,DET,COL,0.0,-2.0,4.0,shot_microstats,2198,0.40477023675546014,-0.44924016175533343,3.8286248900970827,0.44254869118520446,-0.32026407123752476,3.711593045837282
2022,2023-03-18,2022021096,MIN,BOS,0.0,-2.0,4.0,shot_microstats,2198,0.45340748841898987,-0.189098501692686,3.8427916584383106,0.5198512503750526,0.2038840693729963,3.782238163641745
2022,2023-03-18,2022021098,SEA,EDM,0.0,-1.0,9.0,shot_microstats,2198,0.4687809274338428,-0.12637672800567443,4.234222270719808,0.5353232757403702,0.26566230691113796,4.375908556088504
2022,2023-03-18,2022021099,PHI,CAR,1.0,1.0,5.0,shot_microstats,2198,0.2922482645831559,-1.1231324967575507,3.9006420078762183,0.28251989742969646,-1.0598844540984889,3.6839227204926446
2022,2023-03-18,2022021100,FLA,NJD,1.0,1.0,3.0,shot_microstats,2198,0.45993872193397195,-0.1824874140919739,4.44053137908274,0.4981887488017727,0.21810886858324313,4.458992125707798
2022,2023-03-18,2022021101,TBL,MTL,1.0,1.0,5.0,shot_microstats,2198,0.6884247852855021,1.129300781804205,4.4700514124077015,0.7387163846186519,1.3913206701168221,4.591290353975737
2022,2023-03-18,2022021102,OTT,TOR,0.0,-1.0,5.0,shot_microstats,2198,0.44508678722919204,-0.24900555090967538,4.180112694693163,0.5351259941839469,0.18835450510755364,4.112037849900954
2022,2023-03-18,2022021103,NYR,PIT,1.0,5.0,5.0,shot_microstats,2198,0.4425457990979398,-0.26878139252761635,4.31421036285118,0.6030678848480857,0.39693646733979104,4.341849606057482
2022,2023-03-18,2022021105,LAK,VAN,1.0,1.0,3.0,shot_microstats,2198,0.6627583021650415,0.9620288955789738,4.213036047644512,0.6783704481995882,0.982051526931043,4.111472873341504
2022,2023-03-18,2022021106,ARI,CHI,1.0,1.0,3.0,shot_microstats,2198,0.582926394937706,0.49147882856219444,4.091177383036595,0.6059309991938425,0.49421555138273504,4.53941889725653
2022,2023-03-18,2022021107,SJS,NYI,0.0,-1.0,3.0,shot_microstats,2198,0.5196809041866289,0.1434543858070485,4.213387678549667,0.5219373638485932,0.1602100516906625,4.439389494020496
2022,2023-03-19,2022021108,BUF,BOS,0.0,-6.0,6.0,shot_microstats,2198,0.40770358413715924,-0.4546555557648116,4.296481982087051,0.4962372422233716,-0.06682317092452374,4.466816718313976
2022,2023-03-19,2022021109,MIN,WSH,1.0,5.0,5.0,shot_microstats,2198,0.5441620008994797,0.28276062044439987,4.002713299214203,0.5878636388104282,0.5546930998514852,4.071223830478259
2022,2023-03-19,2022021110,VGK,CBJ,1.0,3.0,7.0,shot_microstats,2198,0.6572558977326018,0.9253915294831275,4.377981037714383,0.5980849136169192,0.6970983593543829,4.452173606032311
2022,2023-03-19,2022021111,NYR,NSH,1.0,5.0,5.0,shot_microstats,2198,0.5576179243695699,0.34716385383839043,4.22979658727352,0.6492268775645484,0.6545671822928677,4.204463664308474
2022,2023-03-19,2022021112,TBL,NJD,0.0,-1.0,5.0,shot_microstats,2198,0.4207534417082683,-0.38951784280759383,4.408466075622388,0.48752610447586375,0.08410331660461154,4.492703144127345
2022,2023-03-19,2022021113,STL,WPG,1.0,3.0,3.0,shot_microstats,2198,0.3923834215830187,-0.5350077439042606,4.224050109914492,0.4342498073887307,-0.4073041373284698,4.594711948175775
2022,2023-03-19,2022021114,ANA,VAN,1.0,1.0,1.0,shot_microstats,2198,0.33300016898320406,-0.8808491422524459,4.358692129018382,0.3883840250233321,-0.7220090473322544,4.464074881879384
2022,2023-03-20,2022021116,DET,FLA,0.0,-3.0,5.0,shot_microstats,2198,0.35490582357650174,-0.7394479587768606,4.055174756109388,0.3840582884133761,-0.53892207509356,3.9693457458657093
2022,2023-03-20,2022021117,COL,CHI,1.0,4.0,4.0,shot_microstats,2198,0.7659592489739357,1.715112527680163,4.464464282341899,0.7364902664654795,1.5714810464856255,4.533795935188106
2022,2023-03-20,2022021119,LAK,CGY,1.0,5.0,7.0,shot_microstats,2198,0.48746860724735763,-0.02169092146378157,4.096029676497394,0.4851093563091408,-0.03046184757479617,3.8293566423219327
2022,2023-03-21,2022021120,NYR,CAR,0.0,-1.0,5.0,shot_microstats,2198,0.3387626472824793,-0.8339031212538341,4.034890089983623,0.49511624510613944,-0.17645879301482637,3.7931382719882354
2022,2023-03-21,2022021121,WSH,CBJ,1.0,2.0,10.0,shot_microstats,2198,0.6191017900438405,0.6923325101559465,4.3565283557204895,0.5672983527515119,0.43042009107254187,4.490019405116509
2022,2023-03-21,2022021122,PHI,FLA,1.0,3.0,7.0,shot_microstats,2198,0.36695709941659027,-0.675576008703739,4.186372790534117,0.31599202771874196,-0.7924705305654509,4.092655249992569
2022,2023-03-21,2022021124,BUF,NSH,0.0,-4.0,8.0,shot_microstats,2198,0.5461133381021324,0.2763956797723858,4.4641411727960785,0.5721340541019062,0.3269917107813257,4.664726755410951
2022,2023-03-21,2022021126,MTL,TBL,1.0,2.0,4.0,shot_microstats,2198,0.33266876901276543,-0.8785014487708931,4.247925581392742,0.3353942782829662,-0.9673575681319608,4.3472392183731605
2022,2023-03-21,2022021127,NYI,TOR,1.0,3.0,7.0,shot_microstats,2198,0.43174617242534913,-0.3221049839194038,4.22634234750949,0.424634569058612,-0.18828080292049748,4.3466103179562054
2022,2023-03-21,2022021129,STL,DET,1.0,1.0,3.0,shot_microstats,2198,0.50675197710181,0.08359000351435979,4.012118252335625,0.5469866143709454,0.21924346934971295,4.555997102873417
2022,2023-03-21,2022021130,DAL,SEA,0.0,-3.0,5.0,shot_microstats,2198,0.5253423186579456,0.17912521508203433,4.0787439499232345,0.5463675614157483,0.31689935572860994,3.8705747360826797
2022,2023-03-21,2022021131,ANA,CGY,0.0,-3.0,3.0,shot_microstats,2198,0.18980875085734636,-1.9331015559049805,4.088640648128015,0.21888585588467124,-1.7851152602637896,4.037960903781916
2022,2023-03-21,2022021132,VAN,VGK,0.0,-3.0,5.0,shot_microstats,2198,0.42891031575496225,-0.3352996141461312,4.185064649605139,0.4731094534830735,-0.06566965813672578,4.210559880149524
2022,2023-03-22,2022021133,COL,PIT,0.0,-1.0,3.0,shot_microstats,2198,0.5116243285416435,0.1019824140737721,4.181954262836303,0.5430136173677511,0.38020280070582174,4.318546073439545
2022,2023-03-23,2022021135,WSH,CHI,1.0,3.0,5.0,shot_microstats,2198,0.6986842132226952,1.199739711214858,4.4147763796475825,0.7002718165061893,1.131443491871335,4.442723654711185
2022,2023-03-23,2022021136,PHI,MIN,0.0,-1.0,7.0,shot_microstats,2198,0.474770882735719,-0.07773595366033287,3.865780579218172,0.4403710374624631,-0.11813588628642979,3.836716056202526
2022,2023-03-23,2022021137,BOS,MTL,1.0,4.0,4.0,shot_microstats,2198,0.7450653037890145,1.5436201320605503,4.457887928270603,0.7713140023019304,1.6998404799746365,4.486086489386074
2022,2023-03-23,2022021138,CAR,NYR,0.0,-1.0,3.0,shot_microstats,2198,0.7163816413193348,1.3248569455042811,4.2937986826694114,0.7202901669584975,1.4923279947798396,4.428693574538357
2022,2023-03-23,2022021139,OTT,TBL,1.0,3.0,5.0,shot_microstats,2198,0.46939832793437697,-0.12175711990087293,4.204504906327631,0.5000284392146296,0.020465632635842543,3.9780846393359686
2022,2023-03-23,2022021140,FLA,TOR,0.0,-3.0,5.0,shot_microstats,2198,0.5375078150007165,0.2340895401705784,4.3388013421923235,0.6145463387610025,0.705576391518733,4.389122973255485
2022,2023-03-23,2022021141,DET,STL,0.0,-2.0,6.0,shot_microstats,2198,0.5635455097559895,0.38731160381872437,4.011180517187427,0.5335916336479656,0.13838106100079473,4.000369750175939
2022,2023-03-23,2022021144,CGY,VGK,0.0,-2.0,4.0,shot_microstats,2198,0.6180531887913244,0.6879913993860276,4.265491225794898,0.6465339131791751,0.9149956199017633,4.245440557151826
2022,2023-03-23,2022021145,VAN,SJS,1.0,5.0,7.0,shot_microstats,2198,0.4766703090910516,-0.08251252132670844,4.183868528305809,0.462870353541711,-0.06431665077152679,4.314441120522863
2022,2023-03-23,2022021146,ANA,WPG,0.0,-2.0,4.0,shot_microstats,2198,0.24513267248881032,-1.464673657828805,4.243534406246269,0.30630481832815126,-1.204710483875171,4.279432786262171
2022,2023-03-24,2022021148,BUF,NJD,1.0,1.0,7.0,shot_microstats,2198,0.35374894388344535,-0.7681503757018737,4.573793224168789,0.4205372100545085,-0.3745273067867233,4.829192258017323
2022,2023-03-25,2022021150,PHI,DET,1.0,1.0,1.0,shot_microstats,2198,0.5590490888793029,0.3688286693748749,3.854693312383899,0.5228922996943525,0.28106191915222745,3.934387731282799
2022,2023-03-25,2022021151,BOS,TBL,1.0,1.0,1.0,shot_microstats,2198,0.5734924577122522,0.4370591039430469,4.152705720940201,0.5947028622583876,0.5863529218399093,4.055784796656211
2022,2023-03-25,2022021152,NSH,SEA,0.0,-4.0,8.0,shot_microstats,2198,0.42140155986983885,-0.3739825574376823,4.152352769198688,0.4483478997898778,-0.2865155834792469,4.206145978616413
2022,2023-03-25,2022021153,CGY,SJS,1.0,1.0,7.0,shot_microstats,2198,0.6489060311129438,0.8735192100122727,4.329167254732221,0.6311311196197266,0.8652017603581674,4.415344410812463
2022,2023-03-25,2022021154,LAK,WPG,1.0,2.0,2.0,shot_microstats,2198,0.5765764185993116,0.4564935675392644,4.081246323428436,0.6056057485592614,0.5756400137468891,3.9329535788765217
2022,2023-03-25,2022021155,MIN,CHI,1.0,1.0,3.0,shot_microstats,2198,0.7278914531025565,1.408894076106157,4.198705928002994,0.7356110597298334,1.452559006167325,4.1810296780193985
2022,2023-03-25,2022021156,FLA,NYR,0.0,-1.0,7.0,shot_microstats,2198,0.6111304283117409,0.6463931479740052,4.311958623830033,0.6633052566650203,1.0316582364654292,4.381464252351806
2022,2023-03-25,2022021157,NYI,BUF,0.0,-1.0,1.0,shot_microstats,2198,0.48552168753801234,-0.04632723467423282,4.420258273818137,0.36438766233696274,-0.4517707554196204,4.389455730544744
2022,2023-03-25,2022021158,MTL,CBJ,1.0,5.0,9.0,shot_microstats,2198,0.5028201302102846,0.05240157099956179,4.251743188155625,0.4356886625062247,-0.3210194141672702,4.565800715848555
2022,2023-03-25,2022021161,DAL,VAN,0.0,-1.0,3.0,shot_microstats,2198,0.6206570134004628,0.705011281594915,4.187840570984502,0.6505550711285468,0.8851913165063805,4.039297109796368
2022,2023-03-25,2022021162,PIT,WSH,1.0,2.0,4.0,shot_microstats,2198,0.5899199829328465,0.5213584787891711,4.427783002885915,0.5876129852422847,0.6762476429742639,4.381140512974941
2022,2023-03-25,2022021164,ANA,STL,0.0,-3.0,7.0,shot_microstats,2198,0.3422804185529267,-0.8279606941545634,4.413427719094015,0.3417374023299951,-1.013795474004752,4.514756867712375
2022,2023-03-26,2022021165,ARI,COL,1.0,1.0,5.0,shot_microstats,2198,0.33546699768753313,-0.850026588589385,3.931431485602486,0.3845189352338771,-0.7285095805860482,4.171474563107127
2022,2023-03-26,2022021166,CAR,BOS,1.0,1.0,5.0,shot_microstats,2198,0.6281683260683473,0.7538015922101287,3.9939711569400753,0.6472969107396341,0.9862135444387994,3.9538621023656435
2022,2023-03-26,2022021167,NSH,TOR,0.0,-1.0,1.0,shot_microstats,2198,0.3728671945845603,-0.6471472819315047,4.301176258516651,0.4619834491704402,-0.21080099322627832,4.5730109185658785
2022,2023-03-26,2022021168,CHI,VAN,0.0,-2.0,2.0,shot_microstats,2198,0.3957699525115128,-0.5097787349513955,4.078928600826135,0.4100905220930876,-0.555688376894674,4.163135741704518
2022,2023-03-26,2022021169,LAK,STL,0.0,-2.0,4.0,shot_microstats,2198,0.6900938839174463,1.1407542517718068,4.327828605844577,0.6499849109746313,0.8148887890749654,4.219376571964587
2022,2023-03-27,2022021170,OTT,FLA,0.0,-1.0,3.0,shot_microstats,2198,0.42175840085737787,-0.37705604655845304,4.258498852753081,0.4568643652202317,-0.14870902578287695,4.01328804076801
2022,2023-03-27,2022021171,BUF,MTL,0.0,-1.0,5.0,shot_microstats,2198,0.6323002967887161,0.7693128455464313,4.488356791234382,0.6881018260750315,0.9430987185715108,4.789464155696569
2022,2023-03-27,2022021172,NYI,NJD,1.0,3.0,3.0,shot_microstats,2198,0.3524885528907878,-0.7665269408545536,4.370357940804684,0.3188819813210817,-0.66934997948615,4.436602022035183
2022,2023-03-27,2022021173,MIN,SEA,1.0,3.0,5.0,shot_microstats,2198,0.4960434532543467,0.03317949367697626,3.8812327189589935,0.520355065946291,0.17089075973428897,3.7436492635176473
2022,2023-03-27,2022021174,ANA,COL,0.0,-3.0,5.0,shot_microstats,2198,0.22365093898044183,-1.6327077805095342,4.082025796661922,0.2713899445514028,-1.4613224959492188,4.139079335186249
2022,2023-03-27,2022021175,ARI,EDM,1.0,1.0,5.0,shot_microstats,2198,0.29760486796143854,-1.0966179764111166,4.219474775412816,0.38125976911645026,-0.6251033052971597,4.572217517855942
2022,2023-03-28,2022021176,NYR,CBJ,1.0,3.0,5.0,shot_microstats,2198,0.6402018069548971,0.8197955710045501,4.329264486335607,0.6705787544043549,0.8714285788444138,4.453800366477579
2022,2023-03-28,2022021177,PHI,MTL,1.0,1.0,3.0,shot_microstats,2198,0.5957672066773908,0.5632028266363658,4.1081159847715165,0.5584143899876798,0.4072333692988732,4.270457384752411
2022,2023-03-28,2022021178,BOS,NSH,0.0,-1.0,1.0,shot_microstats,2198,0.6778630268412128,1.0591205801280723,4.293413750186675,0.6727546459592803,1.072717358655489,4.213910447784136
2022,2023-03-28,2022021179,CAR,TBL,0.0,-3.0,3.0,shot_microstats,2198,0.6642756352571488,0.9713434438755226,4.246684338889125,0.6442411982892373,0.957207340424068,4.203304591841252
2022,2023-03-28,2022021180,DET,PIT,1.0,2.0,6.0,shot_microstats,2198,0.37940374905692487,-0.6017785754238342,4.1051770109168135,0.4557907433016808,-0.1923258777139366,4.1628771503011
2022,2023-03-28,2022021181,STL,VAN,1.0,2.0,6.0,shot_microstats,2198,0.4865068128926957,-0.02963828622594898,4.159859969521947,0.5084671380664708,0.0013675065278293541,4.569733404031565
2022,2023-03-28,2022021182,CHI,DAL,0.0,-1.0,3.0,shot_microstats,2198,0.3080843029000171,-1.0247460575394651,4.077918520311578,0.34048117342895007,-0.879708836601996,4.226277318504334
2022,2023-03-28,2022021184,VGK,EDM,0.0,-1.0,7.0,shot_microstats,2198,0.44414538877245263,-0.26376503464133205,4.388555427075691,0.5057502876057107,0.19244691767057728,4.349222921847303
2022,2023-03-28,2022021185,SJS,WPG,1.0,2.0,2.0,shot_microstats,2198,0.4562989623419195,-0.18962058763342088,4.1783763704532575,0.4536413438534489,-0.20237472919062427,4.306504475257713
2022,2023-03-29,2022021186,TOR,FLA,1.0,1.0,3.0,shot_microstats,2198,0.4987467518791328,0.02831486796599432,4.311136836028536,0.5129643626468385,0.13663113989207887,4.145945195747196
2022,2023-03-29,2022021188,COL,MIN,0.0,-1.0,3.0,shot_microstats,2198,0.605230879405308,0.6238197390778429,3.878538139128141,0.6195520692013541,0.8225959801726948,3.9307112068496597
2022,2023-03-30,2022021189,BOS,CBJ,0.0,-1.0,1.0,shot_microstats,2198,0.7312913537924813,1.4370712943157053,4.484078636328823,0.6892826505073179,1.270108992257521,4.533999263452544
2022,2023-03-30,2022021190,MTL,FLA,0.0,-2.0,4.0,shot_microstats,2198,0.30616641579947496,-1.0423543933095596,4.245733001384807,0.3117918652519462,-1.027231855789951,4.306972955334237
2022,2023-03-30,2022021191,NJD,NYR,1.0,1.0,1.0,shot_microstats,2198,0.6420367091897805,0.8292991034381804,4.463157937413612,0.6796264134832595,1.042063295384325,4.413885391498829
2022,2023-03-30,2022021192,PIT,NSH,1.0,1.0,1.0,shot_microstats,2198,0.6395964466324267,0.8136821947382258,4.5110183322400506,0.5978545215576107,0.7412794669917193,4.354172144147046
2022,2023-03-30,2022021193,OTT,PHI,1.0,1.0,5.0,shot_microstats,2198,0.5784611801698646,0.46725186540523833,4.071950352379151,0.6620552513554231,0.849382367323393,4.0145354505728585
2022,2023-03-30,2022021194,TBL,WSH,1.0,2.0,4.0,shot_microstats,2198,0.5643373370167124,0.38224455132047314,4.283131625847485,0.6250118741014339,0.725651270742206,4.397601572380389
2022,2023-03-30,2022021195,DET,CAR,0.0,-1.0,3.0,shot_microstats,2198,0.29764355650751656,-1.0837968500451727,3.7541624435081626,0.3667172575803866,-0.698144177832863,3.558650241889198
2022,2023-03-30,2022021196,CHI,STL,0.0,-3.0,5.0,shot_microstats,2198,0.4252721369033861,-0.3543467650457046,4.176244886838864,0.3691011608477664,-0.8088705621632212,4.2956364712265245
2022,2023-03-30,2022021197,EDM,LAK,1.0,1.0,1.0,shot_microstats,2198,0.5200241319012644,0.14362901737938752,4.254049136543751,0.6079977408408119,0.5819976470588458,4.080451127353157
2022,2023-03-30,2022021198,SEA,ANA,1.0,1.0,3.0,shot_microstats,2198,0.7904902794840453,1.952262674227239,5.0509678530470925,0.773738610910338,1.7271943415226918,5.3207434811074545
2022,2023-03-30,2022021199,SJS,VGK,1.0,1.0,5.0,shot_microstats,2198,0.4615808391461159,-0.1662325854360993,4.2750532664131615,0.48087506752127845,-0.08697237764450548,4.466373130957282
2022,2023-03-31,2022021201,WPG,DET,1.0,5.0,7.0,shot_microstats,2198,0.6521133196224848,0.8987306758041008,3.981181698712531,0.6959979572306494,1.1597800840004324,4.0379574447923225
2022,2023-03-31,2022021203,ARI,DAL,0.0,-2.0,4.0,shot_microstats,2198,0.3651477512943601,-0.6802906134192026,4.05338071635136,0.4285614499898706,-0.38989233500021087,4.414828515448904
2022,2023-04-01,2022021204,NSH,STL,1.0,2.0,4.0,shot_microstats,2198,0.5499184786056033,0.302876069281961,4.295923658843474,0.5224450245925505,0.05894988720466214,4.415667478696571
2022,2023-04-01,2022021205,PIT,BOS,1.0,1.0,5.0,shot_microstats,2198,0.4974959642783677,0.026224724315371123,4.206331644501012,0.517891458728293,0.3089356994984254,3.9974067331652314
2022,2023-04-01,2022021206,PHI,BUF,0.0,-2.0,8.0,shot_microstats,2198,0.4545697954534088,-0.2048531473349769,4.309229272695097,0.34664476083840706,-0.6420538255852767,4.340172309567599
2022,2023-04-01,2022021207,MTL,CAR,0.0,-2.0,2.0,shot_microstats,2198,0.23668959370792378,-1.5258466878945116,3.8997615017036646,0.2731015602510482,-1.3473384658207297,3.8538830747326736
2022,2023-04-01,2022021208,CBJ,FLA,0.0,-6.0,6.0,shot_microstats,2198,0.29332326998444325,-1.1277946264115983,4.323031392463944,0.29237322810148575,-1.1162332323397686,4.471249260506655
2022,2023-04-01,2022021209,TBL,NYI,1.0,4.0,4.0,shot_microstats,2198,0.5765660526766033,0.4502932718099256,4.274810735723753,0.6525584661336863,0.8425055619440925,4.311699030772031
2022,2023-04-01,2022021210,OTT,TOR,0.0,-3.0,3.0,shot_microstats,2198,0.4341762913568991,-0.30753307179456374,4.192025319240361,0.5318731435914384,0.17834362651600094,4.152269004231903
2022,2023-04-01,2022021211,CHI,NJD,0.0,-2.0,8.0,shot_microstats,2198,0.20964486757491516,-1.751818847229683,4.107604602754973,0.22944355499019117,-1.576440948926155,4.333671912467362
2022,2023-04-01,2022021212,COL,DAL,1.0,2.0,2.0,shot_microstats,2198,0.5699421279187395,0.42118326350077895,4.043339978302783,0.5944756945275922,0.6813134596395459,4.173820754084127
2022,2023-04-01,2022021213,EDM,ANA,1.0,4.0,4.0,shot_microstats,2198,0.7987428598936266,2.0496498175277162,5.4825011411653435,0.8197626367845348,2.0634363271110105,5.346659476637563
2022,2023-04-01,2022021214,SEA,LAK,0.0,-2.0,2.0,shot_microstats,2198,0.521295900453275,0.16083724416081444,4.003097177543444,0.5540242819565716,0.36055403659188345,4.2160333857869015
2022,2023-04-01,2022021215,VGK,MIN,1.0,1.0,3.0,shot_microstats,2198,0.5559060495220469,0.34515591685298397,4.027542891980435,0.575580168219572,0.548778758867701,3.935734737750715
2022,2023-04-01,2022021216,ARI,SJS,0.0,-3.0,5.0,shot_microstats,2198,0.4185402917862209,-0.38839530920988824,4.131620088817148,0.439752058874959,-0.3761119349371347,4.57724677679219
2022,2023-04-02,2022021217,WSH,NYR,0.0,-2.0,6.0,shot_microstats,2198,0.5044626650372582,0.06319909627951223,4.20246556542952,0.5550249335021739,0.30262523226759525,4.342202515222881
2022,2023-04-02,2022021220,CBJ,OTT,0.0,-1.0,5.0,shot_microstats,2198,0.38010574705587147,-0.6031098688855908,4.224156221722337,0.38980160697543537,-0.4978855029237054,4.483972440412098
2022,2023-04-02,2022021221,PIT,PHI,1.0,1.0,3.0,shot_microstats,2198,0.6484583992398472,0.870086388311428,4.382337768302431,0.6657504599227544,1.0777634548064117,4.303935103455891
2022,2023-04-02,2022021222,TOR,DET,0.0,-4.0,4.0,shot_microstats,2198,0.6879403982691489,1.1269717930941399,4.139361090400289,0.7177919154505306,1.2765520305906093,4.104981912025453
2022,2023-04-02,2022021223,WPG,NJD,1.0,4.0,4.0,shot_microstats,2198,0.39931985910376194,-0.5019616950855776,4.332294865772621,0.44763948414500104,-0.12732678726469263,4.4081997889053985
2022,2023-04-03,2022021227,DAL,NSH,1.0,2.0,4.0,shot_microstats,2198,0.6107724028421719,0.6461288760308994,4.231988286191981,0.6088398977408527,0.6850052153995754,4.07677142913981
2022,2023-04-03,2022021228,SEA,ARI,1.0,4.0,6.0,shot_microstats,2198,0.7149093040583977,1.313962865642487,4.222489472061223,0.699391993376979,1.1213293690751,4.296834741122602
2022,2023-04-04,2022021229,FLA,BUF,1.0,1.0,1.0,shot_microstats,2198,0.6078217612481571,0.6215726055765419,4.583633223797271,0.5694361609769375,0.540848844592929,4.465433279566064
2022,2023-04-04,2022021230,TOR,CBJ,1.0,1.0,5.0,shot_microstats,2198,0.7160492033638147,1.3248831303887263,4.623358101113501,0.6650956610581196,1.0359991788564842,4.651852170014245
2022,2023-04-04,2022021231,MTL,DET,0.0,-4.0,4.0,shot_microstats,2198,0.4855511789507629,-0.024021453478833055,3.927283960827334,0.5073757929728181,0.016287186021452127,4.112384245191964
2022,2023-04-04,2022021233,NJD,PIT,1.0,3.0,5.0,shot_microstats,2198,0.5619293825647996,0.360673297840752,4.552155645349439,0.6182135044099777,0.6641117168200945,4.417785533770714
2022,2023-04-04,2022021234,STL,PHI,1.0,1.0,5.0,shot_microstats,2198,0.46887876727221195,-0.1224826447819296,4.160915079894206,0.5268278725508379,0.055821801964493156,4.719243728470054
2022,2023-04-04,2022021235,NSH,VGK,0.0,-1.0,3.0,shot_microstats,2198,0.41939685323795056,-0.38993242062605465,4.262574498620688,0.4978855191979326,-0.057660139796199245,4.356111550958967
2022,2023-04-04,2022021236,CGY,CHI,0.0,-1.0,7.0,shot_microstats,2198,0.7946366787883316,1.9852499571454636,4.865988744535702,0.7852011961118264,1.9271169328757725,4.879421558832189
2022,2023-04-04,2022021237,LAK,EDM,1.0,1.0,1.0,shot_microstats,2198,0.5018465810231582,0.047358791657668674,4.2492225808377775,0.5730290233014982,0.48150040156492574,4.22890248082416
2022,2023-04-04,2022021239,SJS,COL,0.0,-1.0,5.0,shot_microstats,2198,0.4219622171545749,-0.36944296069634064,4.119733844052499,0.4032752373251337,-0.5077653291927617,4.246861036718092
2022,2023-04-05,2022021240,WPG,CGY,0.0,-3.0,3.0,shot_microstats,2198,0.4394007214182937,-0.2791653631368925,4.17985538119404,0.45202303021636503,-0.18317030590286099,3.986862477857944
2022,2023-04-05,2022021241,NYR,TBL,1.0,2.0,6.0,shot_microstats,2198,0.46646086933125247,-0.1379683562035398,4.220369563494662,0.5775857262586459,0.2356401494550664,4.143427492186834
2022,2023-04-05,2022021242,ANA,EDM,0.0,-1.0,3.0,shot_microstats,2198,0.18441943282497544,-1.9843489346488876,4.306132250076075,0.2554435737090437,-1.4538093776937544,4.489061331011892
2022,2023-04-06,2022021243,NJD,CBJ,1.0,4.0,6.0,shot_microstats,2198,0.7617349866748431,1.6939222565918286,5.0528636055322,0.7139857052621971,1.3707872164380763,4.909535503123848
2022,2023-04-06,2022021244,PIT,MIN,1.0,3.0,3.0,shot_microstats,2198,0.6009649888661264,0.5910683992328261,4.171066709919916,0.5958963367756043,0.7698621223238646,3.9665715578857283
2022,2023-04-06,2022021245,FLA,OTT,1.0,2.0,4.0,shot_microstats,2198,0.6097597340182964,0.6385241377518109,4.306320740170022,0.6516947427027103,1.0267749094709386,4.240268007080785
2022,2023-04-06,2022021247,MTL,WSH,1.0,2.0,4.0,shot_microstats,2198,0.39817531247379767,-0.5028356178796884,4.216081446316866,0.41612137429254203,-0.477654348690074,4.44157711686784
2022,2023-04-06,2022021248,DET,BUF,0.0,-2.0,8.0,shot_microstats,2198,0.4567083616172073,-0.18697881722506404,4.168105562519395,0.4288189385613963,-0.3039197490958591,4.157142931366654
2022,2023-04-06,2022021249,NYI,TBL,1.0,4.0,6.0,shot_microstats,2198,0.44526914622104774,-0.25147328319205686,4.253190452985351,0.39403981063254273,-0.3638847164745223,4.194358045422292
2022,2023-04-06,2022021250,NSH,CAR,1.0,1.0,1.0,shot_microstats,2198,0.2708238564825369,-1.2728808865609216,4.027443327059846,0.3344924109413724,-0.9178378171929464,3.9469004960301883
2022,2023-04-06,2022021251,STL,NYR,1.0,2.0,2.0,shot_microstats,2198,0.4079553727411217,-0.4505537564471425,4.237946109095643,0.45926050492106957,-0.23150060566776065,4.864367128575662
2022,2023-04-06,2022021252,DAL,PHI,1.0,1.0,3.0,shot_microstats,2198,0.6155628273675807,0.6768167566194295,4.115824626320113,0.6673413473704151,0.9760641774970547,4.043466227697901
2022,2023-04-06,2022021253,SEA,ARI,1.0,1.0,5.0,shot_microstats,2198,0.7161602698208058,1.3228659821638011,4.184521960129562,0.7059611266325178,1.164653770092611,4.269461522959246
2022,2023-04-06,2022021254,VAN,CHI,1.0,1.0,1.0,shot_microstats,2198,0.6583226330803328,0.9345290963043957,4.166593611087041,0.6434563309922232,0.9047392704262673,4.339004397158694
2022,2023-04-06,2022021255,VGK,LAK,1.0,4.0,4.0,shot_microstats,2198,0.47689267016274195,-0.0779876759962981,4.110686423831281,0.5137770832460994,0.18365782434143707,4.084058706444734
2022,2023-04-06,2022021256,SJS,COL,0.0,-4.0,8.0,shot_microstats,2198,0.4158473551002518,-0.40322802392154383,4.1385360100669795,0.39858024730598657,-0.538631336501925,4.28051110135772
2022,2023-04-08,2022021258,MIN,STL,0.0,-2.0,4.0,shot_microstats,2198,0.6336883969983289,0.7845094345298955,4.092637266136327,0.5844320359643514,0.4999936774083941,4.0270787148777405
2022,2023-04-08,2022021259,SJS,EDM,0.0,-4.0,6.0,shot_microstats,2198,0.373073177770249,-0.6520009828636995,4.434756462290731,0.40235870553156766,-0.3938474349128501,4.717444765132934
2022,2023-04-08,2022021260,ARI,ANA,0.0,-1.0,5.0,shot_microstats,2198,0.6500509781634941,0.879887130751641,4.394389454926662,0.6613769502076866,0.7711681616499528,4.9905290957097765
2022,2023-04-08,2022021262,TOR,MTL,1.0,2.0,4.0,shot_microstats,2198,0.7218698674332644,1.3666732884901511,4.514748521525714,0.7490478498904919,1.4555290394188487,4.538444611899523
2022,2023-04-08,2022021263,CBJ,NYR,0.0,-4.0,4.0,shot_microstats,2198,0.3754037100627134,-0.6310151370847211,4.259256179425741,0.3919508126879356,-0.5539619023748132,4.681763110455824
2022,2023-04-08,2022021264,WPG,NSH,1.0,2.0,2.0,shot_microstats,2198,0.6337020871953007,0.7811223484147221,4.275579670360521,0.6314517998203772,0.7647513073057407,4.279844319644222
2022,2023-04-08,2022021266,DET,PIT,0.0,-3.0,5.0,shot_microstats,2198,0.38306400092614445,-0.5809174646131668,4.096188207157275,0.4597357770378257,-0.17417905837476055,4.136060308630438
2022,2023-04-08,2022021267,OTT,TBL,1.0,4.0,6.0,shot_microstats,2198,0.4862609721613151,-0.03298012692089233,4.205450100825011,0.525207163758062,0.13280195097156305,3.997429882215719
2022,2023-04-08,2022021268,NYI,PHI,1.0,4.0,4.0,shot_microstats,2198,0.5657720951037757,0.3949935911348439,4.13802100176612,0.5445971920083058,0.4108702669838116,4.2180796584378
2022,2023-04-08,2022021271,SEA,CHI,1.0,5.0,7.0,shot_microstats,2198,0.757139940386442,1.640775825441106,4.435977983284441,0.7532150311183858,1.5628078169103452,4.626151991004795
2022,2023-04-08,2022021272,LAK,COL,0.0,-2.0,6.0,shot_microstats,2198,0.5370598263733124,0.24605259755457473,3.9701807070833457,0.5558071227463348,0.2688402230530177,3.8311080184779933
2022,2023-04-09,2022021273,PHI,BOS,0.0,-2.0,8.0,shot_microstats,2198,0.37932655546142086,-0.596665541561868,3.976581570120551,0.3671520445267798,-0.5671383697303705,3.9903827899693667
2022,2023-04-09,2022021274,ANA,COL,1.0,2.0,6.0,shot_microstats,2198,0.2116432359942079,-1.734358642431164,4.08667642792444,0.24786892280262823,-1.6201718485601975,4.127060030177854
2022,2023-04-10,2022021275,NYR,BUF,0.0,-1.0,3.0,shot_microstats,2198,0.5047154361054305,0.056187501248072064,4.401574743085496,0.5503217502294151,0.1654649065645783,4.379119368088734
2022,2023-04-10,2022021276,OTT,CAR,1.0,2.0,2.0,shot_microstats,2198,0.35736411521346473,-0.7239693474026758,4.024996530672074,0.4291542167525226,-0.34381465819747614,3.609706089967493
2022,2023-04-10,2022021277,WSH,NYI,1.0,2.0,4.0,shot_microstats,2198,0.5131566135250268,0.10756670430425697,4.242701202946504,0.5695457587441711,0.30526954138331275,4.266680514229471
2022,2023-04-10,2022021278,WPG,SJS,1.0,3.0,5.0,shot_microstats,2198,0.6023167070080591,0.5959069589796575,4.285063747565073,0.6076876548970479,0.6208212842720027,4.393260840033249
2022,2023-04-10,2022021280,DET,DAL,0.0,-4.0,6.0,shot_microstats,2198,0.44367173485819994,-0.2427670379083932,3.8883183529749745,0.5073108649527335,0.09769374127569547,3.9174772238403657
2022,2023-04-10,2022021283,ARI,SEA,0.0,-1.0,3.0,shot_microstats,2198,0.35198363948400313,-0.7522476617276405,3.945794348775559,0.3850077223557284,-0.6788386870955117,4.176123484934627
2022,2023-04-10,2022021284,LAK,VAN,1.0,2.0,2.0,shot_microstats,2198,0.672963624199302,1.0283753251564582,4.133295915119941,0.6938019493772067,1.101730379374587,4.022292836616484
2022,2023-04-11,2022021285,NJD,BUF,1.0,2.0,6.0,shot_microstats,2198,0.6374894940729049,0.7982858946268427,4.758210602234422,0.5947011842717862,0.5759290986926677,4.522169586166618
2022,2023-04-11,2022021286,PIT,CHI,0.0,-2.0,4.0,shot_microstats,2198,0.7477473709275216,1.5698257712375443,4.725259088944641,0.7250413862008492,1.5178545367544267,4.626408034691392
2022,2023-04-11,2022021288,CAR,DET,1.0,2.0,4.0,shot_microstats,2198,0.7781846283026602,1.8172379056000696,4.287353080959516,0.7794438901581313,1.9174349479846942,4.300031660423164
2022,2023-04-11,2022021289,TBL,TOR,1.0,1.0,5.0,shot_microstats,2198,0.4558499587556171,-0.19689250337991304,4.283520966776418,0.5571576864845356,0.3526648792777877,4.437974849643017
2022,2023-04-11,2022021290,BOS,WSH,1.0,1.0,3.0,shot_microstats,2198,0.6423422211062315,0.8348506732806019,4.204072418331103,0.6692581556589046,1.0338657143926515,4.246429136077415
2022,2023-04-11,2022021291,MIN,WPG,0.0,-3.0,3.0,shot_microstats,2198,0.47139595739263884,-0.09920038077962967,3.945418868378636,0.520963262022918,0.1724683878406145,3.7999693219004618
2022,2023-04-11,2022021293,VGK,SEA,1.0,2.0,4.0,shot_microstats,2198,0.4962309592326263,0.024501573977999125,4.094342960793595,0.5021300260361267,0.09381272856381345,3.941075941586298
2022,2023-04-12,2022021295,NYI,MTL,1.0,2.0,4.0,shot_microstats,2198,0.6414682498838921,0.8282403097058937,4.283447398443671,0.6102885330071924,0.7655141251054972,4.474774313546199
2022,2023-04-12,2022021297,CGY,SJS,1.0,1.0,3.0,shot_microstats,2198,0.6706421643664147,1.010776484644988,4.486127028412627,0.6440470855709108,0.9351089044506908,4.586967964805099
2022,2023-04-13,2022021298,MTL,BOS,0.0,-3.0,7.0,shot_microstats,2198,0.29845625575953577,-1.0849338028792976,4.009778959843126,0.33986655114441516,-0.9134196805741581,4.033042686464562
2022,2023-04-13,2022021299,FLA,CAR,0.0,-1.0,7.0,shot_microstats,2198,0.4297487900671459,-0.32900176216662713,4.146445439391211,0.4995112094181682,0.10121715342935289,3.8247927076050967
2022,2023-04-13,2022021300,TBL,DET,1.0,3.0,3.0,shot_microstats,2198,0.6401864756200062,0.8244154963767037,4.055673943444974,0.7046482708504939,1.2086810737772216,4.158832674292741
2022,2023-04-13,2022021301,WSH,NJD,1.0,1.0,7.0,shot_microstats,2198,0.33647979176179027,-0.8629554370539616,4.429757969633991,0.3877988713385579,-0.5319843675177555,4.512824418125232
2022,2023-04-13,2022021303,CBJ,PIT,1.0,1.0,1.0,shot_microstats,2198,0.29486242671301727,-1.119764413024861,4.386139826781207,0.32581377765071307,-0.943603509340071,4.669786409522693
2022,2023-04-13,2022021304,NYR,TOR,0.0,-2.0,4.0,shot_microstats,2198,0.41216521512375487,-0.4269188134219712,4.220035384495257,0.5830553198039968,0.27293822503576526,4.332386373785589
2022,2023-04-13,2022021306,CHI,PHI,0.0,-1.0,5.0,shot_microstats,2198,0.40358978815893404,-0.46536292375497235,4.044164183165518,0.45959844918440845,-0.33157141679027996,4.257062911657081
2022,2023-04-13,2022021307,DAL,STL,1.0,1.0,1.0,shot_microstats,2198,0.649000527744887,0.8745287295903857,4.296375360949073,0.6020866420276891,0.6061651221987409,4.154380790621482
2022,2023-04-13,2022021308,EDM,SJS,1.0,2.0,4.0,shot_microstats,2198,0.6409237639452753,0.8211117754285421,4.58261936816521,0.668322016796787,0.92193314502497,4.468909202391577
2022,2023-04-13,2022021309,COL,WPG,1.0,1.0,3.0,shot_microstats,2198,0.545443653624575,0.2878105102231648,4.049371868935363,0.5758869862897099,0.503194075461956,4.067259703677541
2022,2023-04-13,2022021310,ANA,LAK,1.0,1.0,5.0,shot_microstats,2198,0.20839349445737007,-1.7626698699349084,4.045787269695992,0.26849887776007164,-1.4225601606228913,4.222514345797663
2022,2023-04-13,2022021311,ARI,VAN,1.0,3.0,5.0,shot_microstats,2198,0.4800084763264749,-0.05588762828545335,3.98685838867576,0.5181441038756539,0.016978140097999944,4.279783094517543
2022,2023-04-14,2022020320,NSH,COL,0.0,-2.0,6.0,shot_microstats,2198,0.38232078460692265,-0.5857781514564805,4.112371958918205,0.4129941515464359,-0.5037619841048173,4.148422248414463
2022,2023-04-14,2022020547,CBJ,BUF,0.0,-3.0,7.0,shot_microstats,2198,0.35174961882973943,-0.7769929502481253,4.512948000793438,0.295306770908652,-1.0996234305832084,4.757634442385894
2023,2023-11-03,2023020157,BUF,PHI,0.0,-4.0,6.0,shot_microstats,3124,0.43840415123391735,-0.28458010336503015,4.205035482659786,0.34526087853036,-0.601887207136979,4.86014165176982
2023,2023-11-04,2023020160,ARI,WPG,0.0,-2.0,6.0,shot_microstats,3124,0.5284436463619887,0.18492895764656112,4.096490582677914,0.5089647359233992,0.07739748901848631,4.379434676165668
2023,2023-11-04,2023020163,PHI,LAK,0.0,-4.0,4.0,shot_microstats,3124,0.49277412647145713,-0.0001683984102844177,4.218720325533903,0.4415827119174408,-0.16231845733784622,4.288433037362911
2023,2023-11-04,2023020170,SEA,CGY,0.0,-2.0,4.0,shot_microstats,3124,0.5450068030444509,0.27243490426337597,4.237737429105536,0.44553827333842466,-0.1856421850645994,4.227253669977078
2023,2023-11-05,2023020175,ANA,VGK,1.0,1.0,3.0,shot_microstats,3124,0.5433379897237333,0.26263269924615773,4.054243947488859,0.495221854603475,0.013815144965310222,4.384315593999722
2023,2023-11-06,2023020177,TOR,TBL,1.0,2.0,8.0,shot_microstats,3124,0.5106384918969661,0.0935268624645188,4.356273104038255,0.48089129500899597,-0.17886162324463517,4.424240328627884
2023,2023-11-06,2023020178,DAL,BOS,0.0,-1.0,3.0,shot_microstats,3124,0.5594220480388249,0.3476450651482449,4.115067334386986,0.5553050435179847,0.275151930960042,4.562489073495632
2023,2023-11-06,2023020179,VAN,EDM,1.0,2.0,4.0,shot_microstats,3124,0.4245291201099578,-0.35754062688503235,4.317203129466529,0.5024968606624595,0.0563612843748878,4.861299587161827
2023,2023-11-07,2023020182,NYI,MIN,0.0,-1.0,3.0,shot_microstats,3124,0.46988376602462795,-0.1186632411895331,4.362980566306459,0.5159303564842781,0.0540696305938157,4.512494968072572
2023,2023-11-07,2023020185,ARI,SEA,0.0,-1.0,3.0,shot_microstats,3124,0.514374962104179,0.11235709049627347,4.240984578772602,0.4815355527929648,-0.08071932303553409,4.634810366658011
2023,2023-11-07,2023020186,CGY,NSH,1.0,1.0,5.0,shot_microstats,3124,0.48806173014027887,-0.02549867458010499,4.06081153364236,0.5353199451564229,0.3048952731618646,4.559637608307266
2023,2023-11-07,2023020187,ANA,PIT,0.0,-1.0,1.0,shot_microstats,3124,0.418671990406616,-0.3883220221041681,4.404702207347856,0.4147519348166631,-0.29935816498198586,4.627102051529047
2023,2023-11-07,2023020188,COL,NJD,1.0,2.0,4.0,shot_microstats,3124,0.5547464548981533,0.32255261301823834,4.043070188799726,0.6381010847704239,0.843689734086192,4.422668518661112
2023,2023-11-08,2023020190,TOR,OTT,0.0,-4.0,6.0,shot_microstats,3124,0.5081051741496403,0.07981486955028907,4.259832869543376,0.5012174526397747,-0.06534605355535827,4.244623460717828
2023,2023-11-08,2023020191,WSH,FLA,0.0,-1.0,5.0,shot_microstats,3124,0.4795435297946477,-0.0697496038938598,4.078623707135041,0.46277999682547266,-0.17285297597523236,3.7450025124861264
2023,2023-11-09,2023020193,BOS,NYI,1.0,2.0,2.0,shot_microstats,3124,0.521126951694395,0.14767723486330298,4.265280118546004,0.5614477508127097,0.27496453230947066,4.307897947327158
2023,2023-11-09,2023020194,CBJ,DAL,0.0,-2.0,6.0,shot_microstats,3124,0.4024210779355349,-0.4755689428200756,4.413489960535099,0.3420545077167088,-0.7440243836366528,4.943330650827385
2023,2023-11-09,2023020195,DET,MTL,1.0,1.0,3.0,shot_microstats,3124,0.5336033353795332,0.2123287474900286,4.175950630113887,0.4329813990876348,-0.2143555760461464,4.631411533811689
2023,2023-11-09,2023020196,NYR,MIN,1.0,1.0,3.0,shot_microstats,3124,0.5373782461123882,0.23150075085753483,4.071707538589903,0.5225217242253756,0.11607491856610264,4.12458803004818
2023,2023-11-09,2023020197,OTT,VAN,0.0,-2.0,6.0,shot_microstats,3124,0.49677885557513224,0.019816288845983146,4.055109440862577,0.43323443808266243,-0.2916468357834028,4.125234097234563
2023,2023-11-09,2023020198,TBL,CHI,0.0,-3.0,5.0,shot_microstats,3124,0.5616559722546414,0.36024718873085776,4.247289741995595,0.566019963651488,0.30681347235404627,4.603504977418982
2023,2023-11-09,2023020199,STL,ARI,1.0,2.0,2.0,shot_microstats,3124,0.45537689192078257,-0.1950087417901416,4.267832296423833,0.460929918578572,-0.12682078131449093,4.710438481877198
2023,2023-11-09,2023020200,WPG,NSH,1.0,2.0,6.0,shot_microstats,3124,0.5582133572933238,0.3406928414249745,4.017131342085116,0.6222068007548268,0.6838226852116354,4.309990237882925
2023,2023-11-09,2023020203,SJS,EDM,1.0,2.0,4.0,shot_microstats,3124,0.3016828639249309,-1.051707997331244,4.653635604690471,0.2365132925601913,-1.3728150137558004,5.053457519178205
2023,2023-11-10,2023020204,BUF,MIN,1.0,3.0,3.0,shot_microstats,3124,0.529979821866125,0.1929323740595633,4.092992076822548,0.4829486456836248,0.051652651149393713,4.626074597704771
2023,2023-11-10,2023020205,FLA,CAR,1.0,2.0,6.0,shot_microstats,3124,0.5041780070942153,0.05823339063762981,4.042244172183706,0.5355029076587797,0.18591293253691765,4.015924610192338
2023,2023-11-10,2023020206,NJD,WSH,0.0,-1.0,5.0,shot_microstats,3124,0.5764867495032079,0.43839487655622444,4.13756351131394,0.573049786706723,0.4387544509179878,4.119566396253632
2023,2023-11-10,2023020207,TOR,CGY,0.0,-2.0,6.0,shot_microstats,3124,0.45406545400517995,-0.201812746594483,4.281936808191916,0.4043895394361857,-0.5192838523156121,3.8089579344404556
2023,2023-11-10,2023020208,ANA,PHI,0.0,-4.0,6.0,shot_microstats,3124,0.42883531078190207,-0.33552310433353466,4.144739780781052,0.39964451489664465,-0.47400995307219707,4.453346684346569
2023,2023-11-10,2023020209,VGK,SJS,1.0,4.0,4.0,shot_microstats,3124,0.6150416962697262,0.6479827342376264,4.229158914064472,0.6881223102058125,1.0278558351634803,4.869179186764773
2023,2023-11-11,2023020210,DET,CBJ,1.0,1.0,9.0,shot_microstats,3124,0.5273331020693047,0.17995850314476955,4.2467976911159635,0.4139743712832182,-0.29155726837035933,4.6678224757735585
2023,2023-11-11,2023020211,WPG,DAL,1.0,1.0,3.0,shot_microstats,3124,0.5368935347592075,0.2290979241197743,4.09598131073106,0.5328107530773787,0.235207678854628,4.593958605255058
2023,2023-11-11,2023020213,OTT,CGY,1.0,2.0,4.0,shot_microstats,3124,0.4771376160588318,-0.08170716784549195,4.192174759716563,0.41391333490546167,-0.3887230872749774,4.000633938322581
2023,2023-11-11,2023020214,TBL,CAR,0.0,-2.0,2.0,shot_microstats,3124,0.43656073356747227,-0.29410375506318426,4.24754334332482,0.48328128863855585,-0.04939403608899473,3.9892995884372255
2023,2023-11-11,2023020215,TOR,VAN,1.0,5.0,5.0,shot_microstats,3124,0.5184200314308558,0.13287972965656655,4.139099214257569,0.4781996942085673,-0.1734479077873785,4.0161053713646
2023,2023-11-11,2023020216,NYI,WSH,0.0,-2.0,4.0,shot_microstats,3124,0.5066552978349368,0.0725303733211066,4.308456898672273,0.5383485113815314,0.2671066207513464,4.521945597408979
2023,2023-11-11,2023020217,PIT,BUF,1.0,2.0,2.0,shot_microstats,3124,0.5819453241525526,0.468521557415802,4.2843372481339985,0.5151676153403509,0.09808343715845541,4.073876704459666
2023,2023-11-11,2023020219,COL,STL,0.0,-2.0,6.0,shot_microstats,3124,0.6288796565472791,0.7238661336415241,4.08868767025718,0.714909827727833,1.165591825081031,4.309320478247372
2023,2023-11-11,2023020220,SEA,EDM,0.0,-3.0,3.0,shot_microstats,3124,0.46376749986295124,-0.15013867170036577,4.455272416691774,0.4315816025573823,-0.2814183106844289,4.906322196997119
2023,2023-11-11,2023020221,LAK,PHI,0.0,-2.0,6.0,shot_microstats,3124,0.5578760934269695,0.33932161530874794,4.088042706857841,0.6351584886693157,0.6683588070167795,4.247519850108256
2023,2023-11-12,2023020222,FLA,CHI,0.0,-1.0,5.0,shot_microstats,3124,0.6356630490830472,0.7623579888495479,4.140042821587506,0.6366716834132707,0.6538527051032792,4.628232882467364
2023,2023-11-12,2023020223,MIN,DAL,1.0,1.0,3.0,shot_microstats,3124,0.4687378211970424,-0.12541710444272208,4.211361930463273,0.46298911781959545,-0.13657034775317867,4.238970925491449
2023,2023-11-12,2023020224,MTL,VAN,0.0,-2.0,4.0,shot_microstats,3124,0.4921346671350031,-0.004307022559355667,4.061382318797621,0.46837046932891246,-0.13137823488102718,4.194407211075427
2023,2023-11-12,2023020225,NYR,CBJ,0.0,-1.0,5.0,shot_microstats,3124,0.5911856862747061,0.5179696443401247,4.244925920074898,0.4988607033613533,0.07602836688684678,4.458106904237294
2023,2023-11-12,2023020226,ANA,SJS,1.0,1.0,3.0,shot_microstats,3124,0.6310665604956258,0.7359353366230036,4.062605421207469,0.6946191082222479,1.0307165683040536,4.803187983811114
2023,2023-11-13,2023020228,SEA,COL,0.0,-2.0,4.0,shot_microstats,3124,0.5137010854788124,0.10782737718250551,4.049924491176937,0.39065100836226413,-0.46666209943212855,4.1697614044269695
2023,2023-11-14,2023020229,BUF,BOS,0.0,-1.0,5.0,shot_microstats,3124,0.5458440966796143,0.27549841960696386,4.002965629063145,0.46249145962188093,-0.006841568441496804,4.596570804058334
2023,2023-11-14,2023020230,CBJ,PIT,0.0,-1.0,7.0,shot_microstats,3124,0.37081427120613747,-0.6476118304179518,4.666975446020389,0.38882080230088284,-0.5429792343631642,4.946359789383943
2023,2023-11-14,2023020231,MTL,CGY,0.0,-1.0,3.0,shot_microstats,3124,0.4615692352846069,-0.16277922941188402,4.229946920531713,0.43476007401473843,-0.28853864832167814,4.130444631506051
2023,2023-11-14,2023020232,WSH,VGK,1.0,2.0,2.0,shot_microstats,3124,0.4858402885587895,-0.036126510581140664,4.242582959291814,0.4941384890201558,-0.07415272809189977,4.260542325166672
2023,2023-11-14,2023020234,NSH,ANA,0.0,-2.0,4.0,shot_microstats,3124,0.5804528210428409,0.45902609427073354,4.045313658063749,0.5847674858663697,0.4223859142048713,3.77247223348573
2023,2023-11-14,2023020235,STL,TBL,1.0,4.0,4.0,shot_microstats,3124,0.5181767752839875,0.13248022264297846,4.2985263997633485,0.5636194183754527,0.3592370820595341,4.576820564339091
2023,2023-11-14,2023020236,WPG,NJD,1.0,2.0,4.0,shot_microstats,3124,0.5769667972611126,0.44008592466804475,3.994082746567377,0.5769250466171805,0.5210894202574461,4.457499874967938
2023,2023-11-14,2023020237,SJS,FLA,0.0,-1.0,3.0,shot_microstats,3124,0.34045962423186543,-0.8218864953162703,4.305713320312507,0.2536637633358139,-1.1983935497217644,4.310626417050008
2023,2023-11-15,2023020238,CAR,PHI,0.0,-2.0,4.0,shot_microstats,3124,0.4929709127936673,0.00035681535774279016,4.122497121563724,0.49005685935434834,-0.09611695175023716,4.6410502501671065
2023,2023-11-15,2023020239,EDM,SEA,0.0,-1.0,5.0,shot_microstats,3124,0.5510878224431752,0.30465741314015155,4.279808337541913,0.5734860134830804,0.3087792614397638,4.473802403650093
2023,2023-11-15,2023020240,COL,ANA,1.0,5.0,9.0,shot_microstats,3124,0.6105394594378263,0.6210219276471645,3.902800439585455,0.6967729816729439,1.0732604775774774,4.011090687873383
2023,2023-11-15,2023020241,VAN,NYI,0.0,-1.0,1.0,shot_microstats,3124,0.5192078977689407,0.1374242893649365,4.220072565708668,0.596179700765249,0.5108572416500818,4.4166945578032655
2023,2023-11-16,2023020242,OTT,DET,0.0,-2.0,6.0,shot_microstats,3124,0.5164591440967613,0.12250853929153384,4.110063319934697,0.486787994337606,-0.01725071763364827,4.423985638371452
2023,2023-11-16,2023020243,CBJ,ARI,0.0,-1.0,3.0,shot_microstats,3124,0.429111503168468,-0.3325682872711122,4.442848198898456,0.40105074965825016,-0.512197155915215,5.089776678226921
2023,2023-11-16,2023020244,MTL,VGK,1.0,2.0,6.0,shot_microstats,3124,0.4654769663721729,-0.1420081290983089,4.297869854026126,0.47884416520862055,-0.1664601459107059,4.479089779988008
2023,2023-11-16,2023020245,PIT,NJD,0.0,-1.0,5.0,shot_microstats,3124,0.5174908398724818,0.1293742136643171,4.383058492684421,0.5415090649788216,0.3076234970375288,4.254731443450627
2023,2023-11-16,2023020246,CHI,TBL,0.0,-1.0,3.0,shot_microstats,3124,0.45819029116140647,-0.18009946896659762,4.3018130677579,0.4360366007603605,-0.2882936152946046,4.79413332339956
2023,2023-11-16,2023020247,CGY,VAN,1.0,2.0,4.0,shot_microstats,3124,0.546324047142009,0.2781925578533668,4.034160321887122,0.5422888989397759,0.30112041338153295,4.33091124867583
2023,2023-11-16,2023020250,SJS,STL,1.0,3.0,5.0,shot_microstats,3124,0.3913886885497932,-0.535571465441,4.3956073972682095,0.29018429151922837,-1.0182302709040139,4.637226138681998
2023,2023-11-17,2023020251,DET,TOR,0.0,-1.0,3.0,shot_microstats,3124,0.4746002127708896,-0.09442416349608805,4.291818324949338,0.4247243497796307,-0.21106229455616665,4.812963047501638
2023,2023-11-17,2023020252,WPG,BUF,1.0,1.0,5.0,shot_microstats,3124,0.6020198210973098,0.5748600344759758,3.9626557244821563,0.5726206666179076,0.37416323672483265,4.2739022245461165
2023,2023-11-17,2023020253,ANA,FLA,0.0,-2.0,2.0,shot_microstats,3124,0.4935372692617584,0.002523742031486767,3.9703215720053233,0.5294613281091176,0.23449045241042865,3.980498132907711
2023,2023-11-18,2023020255,PHI,VGK,0.0,-1.0,3.0,shot_microstats,3124,0.5615306741329882,0.3593482154599463,4.208210696931861,0.5208513161454179,0.14796699684938108,4.45894320139576
2023,2023-11-18,2023020258,BOS,MTL,1.0,1.0,5.0,shot_microstats,3124,0.5545930626701754,0.32210175545226805,4.105274874164419,0.548346266991536,0.2795222698856989,4.324972223470261
2023,2023-11-18,2023020259,CAR,PIT,1.0,2.0,4.0,shot_microstats,3124,0.5080788601400197,0.08015148345613775,4.347378234867025,0.5355885436081126,0.19532612633955293,4.820671435208595
2023,2023-11-18,2023020260,CGY,NYI,1.0,2.0,6.0,shot_microstats,3124,0.5562956032310228,0.33202909098742495,4.26600055094168,0.5978662952782094,0.5475504780433946,4.6726219319383295
2023,2023-11-18,2023020261,NJD,NYR,0.0,-1.0,5.0,shot_microstats,3124,0.5751061759911126,0.4306506445387574,4.0756198192582875,0.5400548033935341,0.2335971894971568,4.1135000266383335
2023,2023-11-18,2023020262,WPG,ARI,1.0,2.0,6.0,shot_microstats,3124,0.565274238531116,0.37854118391993696,4.102161980600999,0.5545222087153338,0.31081347740360243,4.715566753750431
2023,2023-11-18,2023020263,WSH,CBJ,1.0,1.0,5.0,shot_microstats,3124,0.5228103911223786,0.15717062443112798,4.392621611137411,0.47443049519538716,-0.05878450948686742,4.6062761845824856
2023,2023-11-18,2023020264,DAL,COL,0.0,-1.0,5.0,shot_microstats,3124,0.5265582101750931,0.17472783112857845,4.030024114534452,0.4477699365888726,-0.2375060012181035,4.023366498691719
2023,2023-11-18,2023020266,LAK,STL,1.0,2.0,4.0,shot_microstats,3124,0.6491932718405151,0.8396376343967223,4.174413742818419,0.711057143981064,1.156213176130334,4.3333181981701445
2023,2023-11-19,2023020267,MIN,TOR,1.0,1.0,5.0,shot_microstats,3124,0.5173864317783904,0.12779057836431762,4.194033419458679,0.5775262921694039,0.4617899338210706,4.20344324205167
2023,2023-11-19,2023020268,PHI,CBJ,1.0,1.0,3.0,shot_microstats,3124,0.6297411333746334,0.7302130007001273,4.297408583780345,0.5295523921801163,0.28586327710309317,4.638060832562429
2023,2023-11-19,2023020269,PIT,VGK,1.0,2.0,2.0,shot_microstats,3124,0.5309350645721551,0.19990680433569638,4.444406276443757,0.5642768251071745,0.2888103187909159,4.145644937498145
2023,2023-11-19,2023020271,ANA,STL,0.0,-1.0,3.0,shot_microstats,3124,0.5455201182057788,0.2747913435833672,4.178938582272018,0.5757791254452276,0.4142845773330847,4.495360248979833
2023,2023-11-20,2023020273,TBL,BOS,0.0,-3.0,5.0,shot_microstats,3124,0.490039171852151,-0.014561163623104764,4.187254090393883,0.49863250148857463,0.02113306638809387,4.2698630007236735
2023,2023-11-20,2023020274,DAL,NYR,1.0,1.0,5.0,shot_microstats,3124,0.5799584918774877,0.45655364054903824,4.073482462811985,0.53406221147791,0.26232387668282275,4.274598466037436
2023,2023-11-20,2023020275,NSH,COL,1.0,1.0,3.0,shot_microstats,3124,0.45907923442615756,-0.1763752011655461,4.116822954021653,0.44613026733410355,-0.3121090424505,3.7910942929473666
2023,2023-11-20,2023020276,ARI,LAK,0.0,-2.0,4.0,shot_microstats,3124,0.4074742548299625,-0.449120803121751,4.252434345797486,0.4096214829374656,-0.4021175126022394,4.294880593098588
2023,2023-11-20,2023020277,SEA,CGY,1.0,1.0,5.0,shot_microstats,3124,0.5742079879289087,0.4256971252638956,4.048164411672159,0.47638219733917236,0.003497228799660912,3.883112289293602
2023,2023-11-20,2023020278,VAN,SJS,1.0,2.0,2.0,shot_microstats,3124,0.6512664390503565,0.8508946903412031,4.0875366174606285,0.7379427646605886,1.304773346834939,4.682461233167645
2023,2023-11-22,2023020279,CAR,EDM,1.0,4.0,6.0,shot_microstats,3124,0.4795818058438473,-0.06805351549574278,4.370660364066168,0.4833070740597267,-0.08107259294240876,5.03532490217449
2023,2023-11-22,2023020280,CBJ,CHI,1.0,3.0,9.0,shot_microstats,3124,0.5394760047025157,0.24412480908999928,4.359238952950908,0.5128139183320879,0.025040811455583678,5.04810701230174
2023,2023-11-22,2023020281,DET,NJD,1.0,3.0,3.0,shot_microstats,3124,0.4432500913416096,-0.259060478909348,4.198671907850328,0.3757309052268992,-0.4756264293877632,4.7769269752835575
2023,2023-11-22,2023020282,FLA,BOS,0.0,-1.0,3.0,shot_microstats,3124,0.5840705495515526,0.47784479746472397,3.952757805363529,0.6230140380648651,0.6270009132057845,4.134558277904704
2023,2023-11-22,2023020283,PIT,NYR,0.0,-1.0,1.0,shot_microstats,3124,0.5523930219099559,0.3123071210991494,4.408187757880678,0.5460450802239045,0.3101922248859371,4.236931550584559
2023,2023-11-22,2023020286,NYI,PHI,1.0,1.0,5.0,shot_microstats,3124,0.4425748319051665,-0.26194081018108023,4.334019884026311,0.4231172327396756,-0.35944915198793215,4.741614558187853
2023,2023-11-22,2023020287,ARI,STL,0.0,-1.0,7.0,shot_microstats,3124,0.5508963731712582,0.3036742298106717,4.28399338463927,0.5257577836042154,0.21031817869279412,4.5528887260137445
2023,2023-11-22,2023020288,NSH,CGY,1.0,1.0,3.0,shot_microstats,3124,0.5314371555659082,0.20056755872613194,4.096900438128868,0.5168101106484281,0.09560328128235773,3.5616440693712272
2023,2023-11-22,2023020289,DAL,VGK,1.0,1.0,1.0,shot_microstats,3124,0.5572432718903251,0.33669883106207155,4.210251747353183,0.552748368917862,0.24348071948513653,4.2362390019890634
2023,2023-11-22,2023020290,ANA,MTL,0.0,-1.0,5.0,shot_microstats,3124,0.5776185717618956,0.4439968028596127,4.06546141159053,0.5826230973673795,0.4590022909881974,4.516960272427778
2023,2023-11-22,2023020291,COL,VAN,1.0,2.0,4.0,shot_microstats,3124,0.6273261273680588,0.7141457631381036,3.939970314888357,0.6818835091689343,0.9922229476629844,3.990899689920877
2023,2023-11-22,2023020292,SEA,SJS,1.0,5.0,7.0,shot_microstats,3124,0.7158555956255037,1.2449651562849187,4.272147093496278,0.7076301137691084,1.19087082585166,4.8735887290313284
2023,2023-11-24,2023020293,BOS,DET,0.0,-1.0,3.0,shot_microstats,3124,0.5783485298996135,0.4474238377843941,3.9873139605821732,0.5705427672904029,0.4094160802408139,4.138209702391896
2023,2023-11-24,2023020294,PHI,NYR,0.0,-2.0,4.0,shot_microstats,3124,0.5750370149043081,0.4302310425371586,4.067223323250544,0.5191005084229297,0.20930858620199522,4.416465125485325
2023,2023-11-24,2023020295,CHI,TOR,1.0,1.0,5.0,shot_microstats,3124,0.41649867468310514,-0.3999183639778128,4.408306150259809,0.43237251303545654,-0.29021734826537915,4.941473251951327
2023,2023-11-24,2023020296,NJD,CBJ,0.0,-1.0,3.0,shot_microstats,3124,0.5871508985081729,0.4968126074548279,4.33444726134975,0.5271680675359643,0.17058741976301917,4.499322656279016
2023,2023-11-24,2023020297,STL,NSH,0.0,-5.0,9.0,shot_microstats,3124,0.4374011375330854,-0.2892945441542004,4.321532747519444,0.5342072029427956,0.23105854223551578,4.491394970290712
2023,2023-11-24,2023020298,WSH,EDM,0.0,-2.0,2.0,shot_microstats,3124,0.3562204457127249,-0.7303828039543365,4.520552541262482,0.3779151397537231,-0.6146962482643454,4.887047908431512
2023,2023-11-24,2023020299,ANA,LAK,0.0,-1.0,3.0,shot_microstats,3124,0.41960874337804605,-0.3849315407813297,4.083499759444411,0.45512277046360583,-0.20608273455242232,4.19246991713344
2023,2023-11-24,2023020300,SJS,MTL,0.0,-1.0,3.0,shot_microstats,3124,0.4261383234404105,-0.34889558701129525,4.3348675682011075,0.3082588043608515,-0.908070119423211,4.640842542653558
2023,2023-11-24,2023020302,OTT,NYI,0.0,-2.0,6.0,shot_microstats,3124,0.48802985662519344,-0.02429371281587063,4.326351518426962,0.5265379496241704,0.0874161473695072,4.5279415695034535
2023,2023-11-24,2023020303,CAR,TBL,0.0,-3.0,5.0,shot_microstats,3124,0.6027892120779476,0.5803900585141495,4.167928663590195,0.5804639352728506,0.43687446053901446,4.819960750082617
2023,2023-11-24,2023020304,FLA,WPG,0.0,-2.0,2.0,shot_microstats,3124,0.5532939247471701,0.3142665486981625,3.930922555663254,0.5633798466774025,0.32020617071305757,4.213106188460413
2023,2023-11-24,2023020305,DAL,CGY,0.0,-1.0,7.0,shot_microstats,3124,0.5813195454956961,0.46426688604098204,4.142528020706808,0.5331484155531726,0.23289479891367265,3.8719857010970506
2023,2023-11-24,2023020306,MIN,COL,0.0,-1.0,3.0,shot_microstats,3124,0.46470778409542285,-0.14732559812149965,4.0399955814664725,0.4502093722284885,-0.22488789805459464,3.805807516571004
2023,2023-11-24,2023020307,SEA,VAN,0.0,-3.0,5.0,shot_microstats,3124,0.5973977460520737,0.5495855921509286,3.9355004043443236,0.5200541292921915,0.19119907861813623,4.033976602642243
2023,2023-11-25,2023020308,NYR,BOS,1.0,1.0,7.0,shot_microstats,3124,0.5441635355828566,0.2669331422196055,4.0487578544100185,0.5387118185335816,0.23568170070946015,4.279833707501431
2023,2023-11-25,2023020309,LAK,MTL,1.0,4.0,4.0,shot_microstats,3124,0.6871667113769062,1.064370999059689,4.2034365408112615,0.719050770128076,1.224084923063356,4.55573535264046
2023,2023-11-25,2023020310,NJD,BUF,1.0,5.0,5.0,shot_microstats,3124,0.5443871042529763,0.268264870646832,4.077062281503487,0.5069677577699979,-0.008829703386256105,4.1659505353209765
2023,2023-11-25,2023020311,PIT,TOR,1.0,1.0,5.0,shot_microstats,3124,0.5191826787251979,0.13919087251679435,4.55779810242207,0.5728703807314003,0.41249623274462077,4.559130757761894
2023,2023-11-25,2023020313,COL,CGY,1.0,1.0,3.0,shot_microstats,3124,0.589210621159754,0.5060044093415884,4.039656930726604,0.6501529298626217,0.8240953659823411,3.898143253265493
2023,2023-11-25,2023020314,SJS,VAN,1.0,2.0,2.0,shot_microstats,3124,0.3556136426860308,-0.7351268882810893,4.276681194834558,0.2602311345161565,-1.2327945920891503,4.334238262423529
2023,2023-11-25,2023020315,VGK,ARI,0.0,-1.0,1.0,shot_microstats,3124,0.5423993021175717,0.25864907753809036,4.22037676663189,0.5565543063548393,0.3081383911392076,4.6196016108283064
2023,2023-11-26,2023020317,CHI,STL,0.0,-1.0,5.0,shot_microstats,3124,0.4470935931897125,-0.2377247356735993,4.420097338740247,0.4051962080912951,-0.43640097913486553,4.813141827278546
2023,2023-11-26,2023020318,CAR,CBJ,1.0,2.0,4.0,shot_microstats,3124,0.6204588076539911,0.6782164029719366,4.266488883672982,0.5742053714423833,0.44748736247071996,4.910794280277262
2023,2023-11-26,2023020319,NSH,WPG,1.0,1.0,3.0,shot_microstats,3124,0.5214051546413554,0.14790013962145418,4.038824549347555,0.4985463255224821,0.006502728333007912,3.9130956700747017
2023,2023-11-26,2023020320,EDM,ANA,1.0,4.0,8.0,shot_microstats,3124,0.6216811231085154,0.6848564112853189,4.246243310721124,0.6438249283718999,0.7380467060237745,4.26764138044386
2023,2023-11-27,2023020321,CBJ,BOS,1.0,1.0,5.0,shot_microstats,3124,0.44612258679199585,-0.2429491251662808,4.396759976357868,0.41099120119125515,-0.45762107309740174,4.8562618184859625
2023,2023-11-27,2023020322,NYR,BUF,0.0,-4.0,4.0,shot_microstats,3124,0.5519140260699319,0.30812117430965824,4.128371553426828,0.5322616196178023,0.17534352675362963,4.357756933070041
2023,2023-11-27,2023020323,OTT,FLA,0.0,-1.0,1.0,shot_microstats,3124,0.4401505864423803,-0.2759020307325472,4.097425336915929,0.44598933625341586,-0.20985682129641225,4.156900668635377
2023,2023-11-27,2023020324,COL,TBL,1.0,1.0,3.0,shot_microstats,3124,0.6221024175484008,0.6859763454094314,4.0736345741588265,0.6892991076815834,1.0452516141730026,4.426191263032951
2023,2023-11-27,2023020325,CGY,VGK,1.0,1.0,1.0,shot_microstats,3124,0.5083673900904587,0.08093504533766702,4.214168759331445,0.5358342310992366,0.18953519680059905,4.585745929151045
2023,2023-11-28,2023020327,NJD,NYI,1.0,1.0,7.0,shot_microstats,3124,0.576099811088991,0.4374219936063638,4.311663509082308,0.5789385035552498,0.342426168643311,4.411027156738502
2023,2023-11-28,2023020328,PHI,CAR,0.0,-2.0,4.0,shot_microstats,3124,0.5134965638451818,0.1066021590533119,4.0193907079992535,0.4649646405192281,-0.06923125920902684,4.095051469473231
2023,2023-11-28,2023020330,MIN,STL,1.0,2.0,4.0,shot_microstats,3124,0.5743437343694624,0.4270936807053078,4.158830104202052,0.5862769860380876,0.49159493382907665,4.045508175018184
2023,2023-11-28,2023020331,NSH,PIT,0.0,-1.0,3.0,shot_microstats,3124,0.4959407162350582,0.017453743755506762,4.4349852904769635,0.5234456952253963,0.11960758741930616,4.253670546374765
2023,2023-11-28,2023020332,WPG,DAL,0.0,-2.0,2.0,shot_microstats,3124,0.5024197750410901,0.049450345211440046,4.111970441772682,0.4864030006456394,0.01907473760588463,4.486564032601446
2023,2023-11-28,2023020333,CHI,SEA,1.0,2.0,6.0,shot_microstats,3124,0.3597624327530402,-0.7114030022977628,4.319513803670418,0.3445532514147017,-0.8618763067897861,4.788988577960333
2023,2023-11-28,2023020334,ARI,TBL,1.0,2.0,4.0,shot_microstats,3124,0.5176461605041744,0.1293316025575022,4.2285946311817835,0.5077689110989048,0.10264044592471733,4.765930937955925
2023,2023-11-28,2023020335,EDM,VGK,0.0,-2.0,6.0,shot_microstats,3124,0.5776471789462005,0.44589563901844564,4.343709121776039,0.6167982497896303,0.5394898309972901,4.383455182016814
2023,2023-11-28,2023020336,VAN,ANA,1.0,2.0,2.0,shot_microstats,3124,0.5618699070636141,0.3595884283509574,3.942692131394785,0.6019083027490966,0.5643469748706891,4.051113831893569
2023,2023-11-29,2023020337,CBJ,MTL,0.0,-2.0,4.0,shot_microstats,3124,0.509078794158912,0.08584199625566671,4.435553317990613,0.4618804260130826,-0.20956824601463586,5.049445652173271
2023,2023-11-29,2023020338,NYR,DET,1.0,2.0,4.0,shot_microstats,3124,0.581020617033196,0.4621486194802529,4.058953610626627,0.5332350637971325,0.25640420618457477,4.217379230337523
2023,2023-11-29,2023020339,LAK,WSH,0.0,-1.0,3.0,shot_microstats,3124,0.6960996625056499,1.1186356638051336,4.12756946829336,0.7189423827630225,1.3128569314511773,4.283863821279594
2023,2023-11-30,2023020340,BOS,SJS,1.0,2.0,2.0,shot_microstats,3124,0.6740267427118865,0.9849056334151634,4.176141143332881,0.7283325325396702,1.2129117978049146,4.637355100012331
2023,2023-11-30,2023020341,CAR,NYI,1.0,1.0,5.0,shot_microstats,3124,0.6145248810086583,0.645379274887238,4.264121589522147,0.613745770614838,0.5750527637177573,4.784778904216493
2023,2023-11-30,2023020342,DET,CHI,1.0,2.0,2.0,shot_microstats,3124,0.5675954209338988,0.3908309580305023,4.098361907671137,0.5313592070239268,0.2172034212597878,4.732701197670638
2023,2023-11-30,2023020343,MTL,FLA,0.0,-1.0,3.0,shot_microstats,3124,0.39889203790297273,-0.49575600492343697,4.199406478657009,0.35785483849193034,-0.6191982088228639,4.214771166624352
2023,2023-11-30,2023020344,PHI,NJD,0.0,-1.0,3.0,shot_microstats,3124,0.5364554567826859,0.22659181349346,4.057341121403256,0.49309971390526725,0.08425272001455031,4.575142686941758
2023,2023-11-30,2023020345,TBL,PIT,0.0,-2.0,4.0,shot_microstats,3124,0.4343699305695225,-0.3040063630810408,4.582973415823088,0.47427998464425597,-0.14763215167939492,4.689277398401781
2023,2023-11-30,2023020346,TOR,SEA,0.0,-1.0,3.0,shot_microstats,3124,0.47932562632481635,-0.07008850833912382,4.234989771439881,0.4812136228618808,-0.21438088829753998,4.2737889772024165
2023,2023-11-30,2023020347,NSH,MIN,0.0,-3.0,5.0,shot_microstats,3124,0.5287567569421632,0.1859948911651122,3.9912420051372246,0.5774026511394977,0.3398858721324665,3.780243011524726
2023,2023-11-30,2023020348,STL,BUF,1.0,2.0,8.0,shot_microstats,3124,0.4724477648937233,-0.10551022907660569,4.318978824489663,0.5279534024383908,0.13611297050044363,4.543211088225691
2023,2023-11-30,2023020349,WPG,EDM,0.0,-1.0,1.0,shot_microstats,3124,0.45401777499686863,-0.2019613246406627,4.302104838757277,0.4741559336225029,-0.06819899069524127,4.6956737405863835
2023,2023-11-30,2023020350,ARI,COL,1.0,1.0,3.0,shot_microstats,3124,0.4295830041311787,-0.3314734394298964,4.1613028956087605,0.4033521745888062,-0.45079378441220397,4.377027260048585
2023,2023-11-30,2023020351,CGY,DAL,1.0,1.0,5.0,shot_microstats,3124,0.4492169055082179,-0.22756325665346594,4.221279511866269,0.44640763456175336,-0.1803949724508973,4.714008936076237
2023,2023-11-30,2023020352,ANA,WSH,1.0,1.0,5.0,shot_microstats,3124,0.5796112988790447,0.45438820194252394,4.022925844668668,0.5781028713953158,0.4957247142255419,4.291843678941565
2023,2023-11-30,2023020353,VAN,VGK,0.0,-2.0,4.0,shot_microstats,3124,0.5041699126162648,0.05866889522302132,4.1338261128073155,0.5614774560010314,0.28705884374430085,4.157450582184519
2023,2023-12-01,2023020354,CBJ,OTT,1.0,1.0,3.0,shot_microstats,3124,0.4734394052758753,-0.10016417834677797,4.352805768666044,0.4444528106192013,-0.29137637659514537,4.838826456562376
2023,2023-12-01,2023020355,NJD,SJS,0.0,-3.0,7.0,shot_microstats,3124,0.7007096372245072,1.1484490510689416,4.248970453078985,0.7157107122290448,1.126106709900824,4.575355484652077
2023,2023-12-02,2023020356,DAL,TBL,1.0,6.0,6.0,shot_microstats,3124,0.5903497028167343,0.5131051601599868,4.190748530339349,0.5288091787160796,0.22903295634483967,4.4695560794848905
2023,2023-12-02,2023020357,WPG,CHI,1.0,1.0,3.0,shot_microstats,3124,0.6514010395238103,0.8522509835490294,4.163193773707917,0.6266087820591759,0.7021465567311569,4.616233658158053
2023,2023-12-02,2023020358,NSH,NYR,0.0,-2.0,4.0,shot_microstats,3124,0.527438425801712,0.18010058276909033,4.173182933741642,0.517590283473797,0.1264329687998978,4.140295253014588
2023,2023-12-02,2023020360,CAR,BUF,1.0,1.0,5.0,shot_microstats,3124,0.6246513347529841,0.6998760275723158,4.033822500429053,0.5666110856581404,0.3670269541036617,4.54308499721575
2023,2023-12-02,2023020361,MTL,DET,1.0,1.0,3.0,shot_microstats,3124,0.4970001819572664,0.02138767156407631,4.1364460151674045,0.4304971327694097,-0.26692773205267706,4.303677693477179
2023,2023-12-02,2023020362,OTT,SEA,1.0,2.0,2.0,shot_microstats,3124,0.4235613646148339,-0.36391388413379844,4.073136798688853,0.44686647582050026,-0.3514225030623216,4.326673850103632
2023,2023-12-02,2023020363,PIT,PHI,1.0,1.0,3.0,shot_microstats,3124,0.4824539939663534,-0.05314350498020079,4.360800772420528,0.5208569038836734,0.08748484933622214,4.301545735455739
2023,2023-12-02,2023020364,TOR,BOS,0.0,-1.0,5.0,shot_microstats,3124,0.5156697438188913,0.11922474617577013,4.26360935091657,0.5137432835751945,0.008201223737095864,4.312787157173623
2023,2023-12-02,2023020365,ARI,STL,1.0,1.0,3.0,shot_microstats,3124,0.5297363226965138,0.19293209775211792,4.321397475196903,0.5150924073359918,0.14388297214214396,4.669169612081131
2023,2023-12-02,2023020366,ANA,COL,0.0,-2.0,4.0,shot_microstats,3124,0.4580737196489125,-0.18212442646328897,4.019704514124844,0.4355264222820085,-0.3003728758127695,4.1491429224657335
2023,2023-12-02,2023020367,CGY,VAN,0.0,-2.0,4.0,shot_microstats,3124,0.520050770077364,0.14134070553995287,4.132142019441387,0.5215763787361497,0.14873792599343172,4.5134665852712645
2023,2023-12-02,2023020368,VGK,WSH,1.0,1.0,1.0,shot_microstats,3124,0.6290295580212146,0.7250617296704216,4.138574774975082,0.6376747393341163,0.8422806289333636,4.211030985442821
2023,2023-12-03,2023020369,MIN,CHI,1.0,2.0,2.0,shot_microstats,3124,0.6405028529545773,0.7893446610754062,4.084942528138299,0.6542486089880564,0.8144006544510369,4.177999780891911
2023,2023-12-03,2023020370,NYR,SJS,1.0,1.0,9.0,shot_microstats,3124,0.677015001324927,1.0036011075806304,4.274124791285658,0.7136265809472543,1.1474514546285417,4.674954270950751
2023,2023-12-03,2023020372,BUF,NSH,0.0,-2.0,2.0,shot_microstats,3124,0.48415738144031495,-0.0453302723850456,4.156344898367301,0.46665506834954745,-0.09274091974749477,4.528911657366959
2023,2023-12-03,2023020373,LAK,COL,1.0,2.0,4.0,shot_microstats,3124,0.5728088518532264,0.4178344425913315,3.9791488987383095,0.6057177519280833,0.5443313138657301,4.011348488155861
2023,2023-12-04,2023020375,TBL,DAL,1.0,4.0,4.0,shot_microstats,3124,0.44160334778049887,-0.2671662607127447,4.312836342676883,0.450983959063679,-0.2364846845803279,4.489421053675037
2023,2023-12-04,2023020376,MTL,SEA,1.0,1.0,3.0,shot_microstats,3124,0.38344711665582054,-0.5798275264389944,4.249281135018289,0.36774396677325366,-0.713770359310226,4.484148294541733
2023,2023-12-04,2023020377,WPG,CAR,1.0,1.0,3.0,shot_microstats,3124,0.452061434914737,-0.21332754881576382,4.081540937024235,0.45052262071127874,-0.1538211856714775,4.106147228506637
2023,2023-12-04,2023020378,ARI,WSH,1.0,3.0,3.0,shot_microstats,3124,0.5666325603740274,0.3858427307065678,4.118661756201853,0.5490137003596073,0.37440751181049914,4.481474684065314
2023,2023-12-04,2023020379,VGK,STL,0.0,-1.0,1.0,shot_microstats,3124,0.5830523316354572,0.4746447630890581,4.312956735153473,0.5818382207505016,0.49029605016779954,4.388174983101942
2023,2023-12-05,2023020380,BUF,DET,0.0,-2.0,4.0,shot_microstats,3124,0.551936289459638,0.3079576318761458,4.079505582114455,0.4666139832990181,-0.03780733032390371,4.3921605611013215
2023,2023-12-05,2023020382,OTT,NYR,1.0,4.0,6.0,shot_microstats,3124,0.4873277488395856,-0.028833537629121622,4.155523469724919,0.4960441604734742,-0.003294938755625698,4.393523647431301
2023,2023-12-05,2023020383,NYI,SJS,0.0,-1.0,3.0,shot_microstats,3124,0.6246258044875982,0.702371259838538,4.398922159613563,0.6382990199272389,0.7411395231340057,5.095046316461281
2023,2023-12-05,2023020384,CHI,NSH,1.0,1.0,5.0,shot_microstats,3124,0.4004749245986414,-0.4865358045570536,4.326265684067769,0.4055670103024469,-0.4701514566063158,4.762298526720554
2023,2023-12-05,2023020385,CGY,MIN,0.0,-2.0,6.0,shot_microstats,3124,0.5065259339933911,0.07042906929607329,4.038756218689288,0.5524605331056048,0.2590832212135765,4.3815495584660065
2023,2023-12-05,2023020386,COL,ANA,1.0,3.0,3.0,shot_microstats,3124,0.610888266434829,0.6230183450188279,3.915644983061571,0.682009331991136,1.001812167626266,4.126266382994145
2023,2023-12-05,2023020387,VAN,NJD,0.0,-1.0,9.0,shot_microstats,3124,0.49169318014631536,-0.006240849565027656,4.132039108307832,0.5384842384140468,0.295207924116546,4.325973167978969
2023,2023-12-06,2023020388,FLA,DAL,1.0,1.0,5.0,shot_microstats,3124,0.5063658313252763,0.0694915604608711,4.018620279214411,0.5273871177340155,0.14160473496055836,4.439848002479249
2023,2023-12-06,2023020391,EDM,CAR,1.0,5.0,7.0,shot_microstats,3124,0.5048063080238961,0.06263490076815761,4.257605942054946,0.5304874189087975,0.18880903684558092,3.881275134751198
2023,2023-12-07,2023020392,BOS,BUF,0.0,-2.0,4.0,shot_microstats,3124,0.5563792862563014,0.33152814980315615,4.1063648712527225,0.5598187289030341,0.29090757777437565,4.316032484962571
2023,2023-12-07,2023020393,DET,SJS,1.0,3.0,7.0,shot_microstats,3124,0.65468971936546,0.8706877440386193,4.091917824431288,0.6734619323829305,0.9855193644260614,4.785138798810877
2023,2023-12-07,2023020394,MTL,LAK,0.0,-3.0,3.0,shot_microstats,3124,0.313315669700103,-0.9821020273884161,4.389684563668908,0.3335272052647346,-0.8533486313769952,4.391534912295959
2023,2023-12-07,2023020395,OTT,TOR,0.0,-2.0,6.0,shot_microstats,3124,0.4631856243619878,-0.15418775524001552,4.257537388462188,0.5185815127444109,0.11143167882860772,4.569339627645511
2023,2023-12-07,2023020397,NYI,CBJ,1.0,3.0,9.0,shot_microstats,3124,0.545291476867871,0.2758472434366265,4.557482914114216,0.5012009797835789,0.08575929014344741,5.1374592984757195
2023,2023-12-07,2023020398,NSH,TBL,1.0,1.0,3.0,shot_microstats,3124,0.5152400326930558,0.11672385335064348,4.21530359178153,0.5275736610602016,0.1472749928652911,4.303383983095619
2023,2023-12-07,2023020400,ARI,PHI,0.0,-2.0,4.0,shot_microstats,3124,0.4277390165288471,-0.34163652704896075,4.086104281249857,0.4258812901737097,-0.3338258372737344,4.474006987200269
2023,2023-12-07,2023020403,SEA,NJD,0.0,-1.0,3.0,shot_microstats,3124,0.5223639093577134,0.1532177101623472,4.098424617530977,0.4925252271473042,0.07736247147805253,4.472591193296177
2023,2023-12-07,2023020404,VAN,MIN,1.0,2.0,2.0,shot_microstats,3124,0.5142745731694782,0.11038966981419956,3.9691838730732596,0.5772815676500529,0.3972728731119435,3.9047052679523366
2023,2023-12-08,2023020405,CBJ,STL,1.0,2.0,4.0,shot_microstats,3124,0.4576702085396998,-0.18138871630893982,4.5830180736857615,0.40599624110327415,-0.4849147478661231,5.00580768352142
2023,2023-12-08,2023020406,FLA,PIT,1.0,1.0,3.0,shot_microstats,3124,0.5261790412532442,0.1737951729905442,4.221914139470973,0.5696366676354188,0.3365645764829184,4.5497352637863395
2023,2023-12-09,2023020408,BOS,ARI,1.0,1.0,7.0,shot_microstats,3124,0.5612645093870419,0.3571636286521489,4.077220104321591,0.5467227570089457,0.24289775964318647,4.4577499009238535
2023,2023-12-09,2023020409,CGY,NJD,0.0,-2.0,4.0,shot_microstats,3124,0.4923230524776919,-0.002514553601757605,4.2188404151671675,0.5154004968996422,0.16759608712847052,4.732979134129693
2023,2023-12-09,2023020410,DAL,VGK,0.0,-5.0,7.0,shot_microstats,3124,0.5432050675985974,0.26253699730850144,4.161015337419386,0.5258494613134307,0.13341667423885034,4.306906630259994
2023,2023-12-09,2023020411,BUF,MTL,1.0,2.0,2.0,shot_microstats,3124,0.555694456546064,0.3284278245814061,4.193904848028058,0.5158797405524747,0.12807749252461897,4.661616523457479
2023,2023-12-09,2023020412,DET,OTT,0.0,-2.0,2.0,shot_microstats,3124,0.5114153415414457,0.09572150331737922,4.0102636985353906,0.5183871460997252,0.18152750652322291,4.42799340940278
2023,2023-12-09,2023020413,TOR,NSH,1.0,2.0,2.0,shot_microstats,3124,0.49325039750297056,0.002706364997510674,4.294520351504895,0.5101291211486719,0.0036890794820038098,4.360688888151768
2023,2023-12-09,2023020414,WSH,NYR,1.0,4.0,4.0,shot_microstats,3124,0.458780891466837,-0.1772728342363012,4.249141870753549,0.45799315555903525,-0.1730970487963095,4.527650173740458
2023,2023-12-09,2023020415,NYI,LAK,1.0,1.0,3.0,shot_microstats,3124,0.33323755701392344,-0.862772539273335,4.520456957271434,0.34832826822912993,-0.7647830887149463,4.6837387854644605
2023,2023-12-09,2023020416,CHI,STL,1.0,3.0,3.0,shot_microstats,3124,0.45233293528428864,-0.21025364531177204,4.410238913077676,0.4266859602425126,-0.3583907211434182,4.7344301101914334
2023,2023-12-09,2023020417,COL,PHI,0.0,-2.0,6.0,shot_microstats,3124,0.5474117470278277,0.2832834755754,3.9221713836378336,0.641045785270446,0.7250918765076503,4.065152391414434
2023,2023-12-09,2023020418,SEA,TBL,0.0,-1.0,5.0,shot_microstats,3124,0.5671184601702194,0.38829245720539934,4.097155749025913,0.5198045987328729,0.18025143223397422,4.474512137496696
2023,2023-12-09,2023020419,VAN,CAR,1.0,2.0,6.0,shot_microstats,3124,0.4511816895766189,-0.21770799064907892,4.12888713522885,0.47535619035911225,-0.025093704375213466,3.913052755440058
2023,2023-12-10,2023020420,CBJ,FLA,0.0,-1.0,3.0,shot_microstats,3124,0.3656134396738084,-0.6781355152039724,4.384263366706743,0.3173466151290659,-0.9140475670428216,4.607459012807702
2023,2023-12-10,2023020421,EDM,NJD,1.0,1.0,3.0,shot_microstats,3124,0.5896425973079217,0.5104215206590548,4.361889662322817,0.6144984333130986,0.6451206574438977,4.3884750293666945
2023,2023-12-10,2023020422,CHI,WSH,0.0,-3.0,5.0,shot_microstats,3124,0.4650172226240366,-0.14461030197087651,4.258415771511674,0.4486139378983127,-0.21370939092563002,4.614113275641949
2023,2023-12-10,2023020424,NYR,LAK,1.0,2.0,2.0,shot_microstats,3124,0.3734780085125291,-0.6343927211229773,4.354409600958208,0.41377887257619567,-0.45075240293103513,4.273762730743326
2023,2023-12-10,2023020425,ANA,WPG,0.0,-2.0,4.0,shot_microstats,3124,0.486124363783128,-0.03590212428473619,3.9972722673329093,0.4547416300202888,-0.18822394096761275,4.27978552374744
2023,2023-12-10,2023020426,SEA,MIN,0.0,-2.0,2.0,shot_microstats,3124,0.5654268422906006,0.37803740406492425,3.8761317613588497,0.5706024150843659,0.3698347576097887,4.064432033413463
2023,2023-12-10,2023020427,VGK,SJS,1.0,1.0,5.0,shot_microstats,3124,0.7188881082738823,1.2654967517187723,4.360744243324583,0.7462581321400957,1.4289839546252434,4.583630226798608
2023,2023-12-11,2023020428,BUF,ARI,1.0,3.0,5.0,shot_microstats,3124,0.5319114406942445,0.2034553923005703,4.17102621477387,0.4813907948541473,-0.05609236136503437,4.72334750206925
2023,2023-12-11,2023020429,NYI,TOR,1.0,2.0,4.0,shot_microstats,3124,0.45141813395989644,-0.2144322082976599,4.532843771103935,0.4586711287915137,-0.14626155794711182,5.050620342993131
2023,2023-12-11,2023020430,DAL,DET,1.0,1.0,5.0,shot_microstats,3124,0.6399876149997841,0.7861089825436363,4.042247317126387,0.534131251983774,0.3072126570568244,4.110254573154201
2023,2023-12-11,2023020431,COL,CGY,1.0,1.0,9.0,shot_microstats,3124,0.5645312807053159,0.37444477463846926,4.075271391475409,0.6427156455365196,0.7391798891898853,3.975195928684791
2023,2023-12-12,2023020432,NYR,TOR,0.0,-2.0,6.0,shot_microstats,3124,0.49447092139539345,0.009473192561367888,4.373078136673606,0.5260857922708875,0.15199572776132841,4.672524626073865
2023,2023-12-12,2023020435,NSH,PHI,0.0,-1.0,3.0,shot_microstats,3124,0.4573823749590294,-0.18542368472145682,4.083923508876175,0.481370690365924,-0.10366112162157709,4.044884557441124
2023,2023-12-12,2023020436,STL,DET,0.0,-1.0,7.0,shot_microstats,3124,0.5016918479141637,0.04628051867832443,4.229440000799782,0.514543525985533,0.14447110072548944,4.250616297460017
2023,2023-12-12,2023020437,EDM,CHI,1.0,2.0,4.0,shot_microstats,3124,0.725464283222614,1.3125038570223715,4.7319762502199945,0.7335469761812775,1.304476626234325,4.728513216695888
2023,2023-12-12,2023020438,SEA,FLA,1.0,3.0,3.0,shot_microstats,3124,0.5270250112062574,0.17665547542340748,3.934807369729497,0.4619146996763371,-0.05120212347909425,3.975693381204772
2023,2023-12-12,2023020439,VAN,TBL,1.0,1.0,3.0,shot_microstats,3124,0.5200990528919818,0.1416749387951747,4.147443859899506,0.5384071798864368,0.2679613582088363,4.3414111783243605
2023,2023-12-12,2023020440,VGK,CGY,0.0,-1.0,5.0,shot_microstats,3124,0.5446399048117533,0.2700321997551608,4.154893233526418,0.5516340941557651,0.3020422212687913,3.883538756952694
2023,2023-12-13,2023020442,MTL,PIT,1.0,1.0,3.0,shot_microstats,3124,0.3819200636973533,-0.5864821836026395,4.591783484141432,0.38878475220778547,-0.5469992549779794,4.869641336209122
2023,2023-12-13,2023020445,COL,BUF,1.0,3.0,5.0,shot_microstats,3124,0.587964545056431,0.49963003713154414,4.092906779365452,0.650597414035377,0.7789400486108973,4.396673197330126
2023,2023-12-13,2023020446,LAK,WPG,0.0,-3.0,5.0,shot_microstats,3124,0.6166540404709747,0.6553738554281986,4.01010546154698,0.6295804070623688,0.7129696582610765,4.058459703642733
2023,2023-12-14,2023020447,DET,CAR,0.0,-1.0,3.0,shot_microstats,3124,0.3820580699862984,-0.587891513121553,4.1690970742683735,0.37724647183951765,-0.5170156114866291,4.387490615335904
2023,2023-12-14,2023020448,PHI,WSH,1.0,1.0,5.0,shot_microstats,3124,0.6602196508571303,0.9020591001690702,3.994656823612994,0.6218007214718743,0.7286427693720098,4.239542236675467
2023,2023-12-14,2023020449,TOR,CBJ,0.0,-1.0,5.0,shot_microstats,3124,0.5806612158767932,0.46305036325030513,4.498003164493725,0.571739561410436,0.3343430337706398,4.707972961676673
2023,2023-12-14,2023020450,MIN,CGY,1.0,2.0,2.0,shot_microstats,3124,0.5460024836322133,0.27613104622220364,3.967096598273611,0.5633122139187828,0.3579353423708092,3.6994766122851943
2023,2023-12-14,2023020451,STL,OTT,1.0,2.0,6.0,shot_microstats,3124,0.47330224862263354,-0.10131966300807027,4.266941563666956,0.5629020517518281,0.3229041198310466,4.349570128605842
2023,2023-12-14,2023020452,EDM,TBL,0.0,-4.0,4.0,shot_microstats,3124,0.6179404049416268,0.6654286863941543,4.426416947799355,0.6333655192508956,0.7071875181638887,4.399480345187631
2023,2023-12-14,2023020453,SEA,CHI,1.0,5.0,7.0,shot_microstats,3124,0.6796446069644634,1.0181635078877338,4.129245105564667,0.6440417253949869,0.8050637592159664,4.592802302705051
2023,2023-12-14,2023020454,VAN,FLA,1.0,3.0,3.0,shot_microstats,3124,0.4969512488370255,0.020319586170011797,3.9783742750329045,0.49554689328765594,0.12654801017779327,3.874436241836888
2023,2023-12-15,2023020455,CAR,NSH,0.0,-1.0,7.0,shot_microstats,3124,0.6282048433816753,0.7198252420162129,4.0510534952610975,0.6243313745101848,0.6664717386619675,4.584866219471457
2023,2023-12-15,2023020456,NYR,ANA,1.0,2.0,4.0,shot_microstats,3124,0.543955589482879,0.2660646178221317,4.088475299742626,0.5735351189157014,0.36455655337879106,4.212580436359282
2023,2023-12-15,2023020457,NYI,BOS,1.0,1.0,3.0,shot_microstats,3124,0.4977399906467808,0.02624081601836134,4.3275813876905715,0.47587159779364235,-0.08011895265028995,4.686649947135417
2023,2023-12-15,2023020458,DAL,OTT,0.0,-1.0,5.0,shot_microstats,3124,0.6050019008302986,0.5916149343488932,4.04029800113174,0.5753995291128438,0.46094820628990585,4.125797305021997
2023,2023-12-15,2023020459,ARI,SJS,1.0,1.0,1.0,shot_microstats,3124,0.6250911706877179,0.7034179262192302,4.188530021637727,0.629338409355613,0.7070546083051656,4.8201243797545885
2023,2023-12-15,2023020460,VGK,BUF,0.0,-3.0,5.0,shot_microstats,3124,0.5812252707395996,0.46363569019984774,4.122281028215028,0.5616872324738131,0.36660112427254266,4.267777579424154
2023,2023-12-16,2023020462,BOS,NYR,1.0,1.0,1.0,shot_microstats,3124,0.491942526827495,-0.004360319549923525,4.2445612308624785,0.5001433350431889,0.019551558641776268,4.488066565888034
2023,2023-12-16,2023020463,CBJ,NJD,0.0,-3.0,5.0,shot_microstats,3124,0.363060040576751,-0.6917008358869665,4.5323381074380364,0.34534878147133696,-0.77775173294927,5.109730017429919
2023,2023-12-16,2023020464,MTL,NYI,1.0,2.0,6.0,shot_microstats,3124,0.4400881513145922,-0.2744350167676092,4.456596815258322,0.4654755889019543,-0.20903503408373747,4.638061681356882
2023,2023-12-16,2023020465,PHI,DET,1.0,1.0,1.0,shot_microstats,3124,0.6721510994183326,0.9716136749603701,3.9120842937323586,0.5757724461316447,0.5167013151540446,4.030478896686122
2023,2023-12-16,2023020466,TOR,PIT,1.0,4.0,4.0,shot_microstats,3124,0.4562651148144795,-0.18853740650971657,4.624353826203165,0.49305847455420126,-0.09760202540974305,4.608069349631714
2023,2023-12-16,2023020467,WPG,COL,1.0,3.0,5.0,shot_microstats,3124,0.5254573497575818,0.16893319932473982,4.02054181851456,0.5326140562226955,0.19782041903694758,4.2399410751205115
2023,2023-12-16,2023020468,NSH,WSH,1.0,2.0,2.0,shot_microstats,3124,0.5921758765771526,0.521976050373612,4.036907042778493,0.5967876272536576,0.54643577997094,3.9756633620193647
2023,2023-12-16,2023020469,STL,DAL,0.0,-1.0,5.0,shot_microstats,3124,0.3913133423255497,-0.5359336269278002,4.405288036495401,0.4746889359096445,-0.13074396716166936,4.58600263784374
2023,2023-12-16,2023020470,ARI,BUF,1.0,2.0,2.0,shot_microstats,3124,0.47560065793832956,-0.08948218897280173,4.238320873817717,0.4446240647984666,-0.244497198845946,4.731177553720629
2023,2023-12-16,2023020471,CGY,TBL,1.0,3.0,5.0,shot_microstats,3124,0.5240403057577473,0.1625674120169642,4.209822845480672,0.5246961149917464,0.18411972720911074,4.564473421061418
2023,2023-12-16,2023020472,EDM,FLA,0.0,-3.0,5.0,shot_microstats,3124,0.6092874432956791,0.6165776883633527,4.26436490725866,0.5946829905348667,0.5600452345158691,3.7874127542434204
2023,2023-12-17,2023020474,CHI,VAN,0.0,-2.0,4.0,shot_microstats,3124,0.38732109667196457,-0.5583950956478686,4.281519692219929,0.34248991275267243,-0.7975674456309597,4.397443200426155
2023,2023-12-17,2023020477,COL,SJS,1.0,3.0,3.0,shot_microstats,3124,0.7137404128725997,1.2314350162176237,4.282983807313089,0.7879329999747248,1.6682298864193463,4.675529759927484
2023,2023-12-17,2023020478,VGK,OTT,1.0,2.0,4.0,shot_microstats,3124,0.5988450409756537,0.5580537152711041,4.0330690016356066,0.6050453585552459,0.6073224636384762,3.9850719138087167
2023,2023-12-18,2023020479,DET,ANA,0.0,-2.0,4.0,shot_microstats,3124,0.503183138146942,0.05257262032090765,3.9479535971496222,0.4996175693517839,0.08809968237666327,4.402804457503722
2023,2023-12-18,2023020480,PIT,MIN,0.0,-1.0,5.0,shot_microstats,3124,0.49405684133690364,0.006688340529019329,4.2537965318919575,0.5476944039799828,0.18998964387715228,4.149001153870898
2023,2023-12-18,2023020481,WPG,MTL,1.0,1.0,3.0,shot_microstats,3124,0.641516726598859,0.7952250202979947,4.101393428611965,0.647274160423713,0.8548865111177253,4.556996011745555
2023,2023-12-18,2023020483,CGY,FLA,1.0,1.0,1.0,shot_microstats,3124,0.4883263042665317,-0.024003646128832684,4.084028209497927,0.4800342093698946,0.003764099949402633,4.197102236443695
2023,2023-12-19,2023020485,BUF,CBJ,0.0,-6.0,10.0,shot_microstats,3124,0.573054710030539,0.4217031755693876,4.393757034886951,0.5335327868829741,0.2366026957218652,4.946562076702451
2023,2023-12-19,2023020487,NJD,PHI,0.0,-1.0,3.0,shot_microstats,3124,0.5026089293774203,0.05040520648804566,4.106396682766913,0.48856785706071587,-0.07304109498515288,4.213149523239443
2023,2023-12-19,2023020488,TBL,STL,1.0,5.0,5.0,shot_microstats,3124,0.5671088162598126,0.3896976798680435,4.335438350410786,0.5928962692687253,0.4595327605443042,4.5281505744078725
2023,2023-12-19,2023020490,NYI,EDM,0.0,-1.0,1.0,shot_microstats,3124,0.3204359013208537,-0.9370383596153455,4.7861101271040285,0.3397068438789446,-0.7991058689653487,5.08860522693151
2023,2023-12-19,2023020491,NSH,VAN,0.0,-3.0,7.0,shot_microstats,3124,0.5277803513316902,0.1811845066846819,4.044549038253542,0.5190444505152748,0.11596609271863367,3.773512689602943
2023,2023-12-19,2023020492,CHI,COL,1.0,2.0,2.0,shot_microstats,3124,0.3316693365397582,-0.8730037069787541,4.33554925819812,0.2871954952349838,-1.1509212303611485,4.5702937152175185
2023,2023-12-19,2023020493,ARI,OTT,1.0,2.0,6.0,shot_microstats,3124,0.482019873486316,-0.05672820367218161,4.103428079509312,0.4946274908999646,0.02022077428836,4.470554273907916
2023,2023-12-19,2023020494,SJS,LAK,0.0,-2.0,2.0,shot_microstats,3124,0.24266670468966434,-1.4436645522217635,4.349616664135616,0.22479390168189262,-1.5080723070502158,4.3862430420132625
2023,2023-12-20,2023020495,WPG,DET,1.0,3.0,7.0,shot_microstats,3124,0.6459751917185785,0.8192740314362608,3.9155110923876895,0.6132456199546601,0.7144933371615676,4.132812805110939
2023,2023-12-20,2023020497,LAK,SEA,0.0,-2.0,2.0,shot_microstats,3124,0.6071237687254768,0.6026089869578062,3.948149045689618,0.649701544570427,0.7623204317675644,4.097170415201308
2023,2023-12-21,2023020498,BUF,TOR,1.0,6.0,8.0,shot_microstats,3124,0.4694755755139545,-0.12046419138971351,4.427062794998016,0.47073316938510906,-0.07910252689311426,4.917698373008419
2023,2023-12-21,2023020499,CBJ,WSH,1.0,1.0,3.0,shot_microstats,3124,0.4632385562558046,-0.15339559074111708,4.359175437223594,0.4226371607625216,-0.37126617704872844,4.7448284857138265
2023,2023-12-21,2023020500,FLA,STL,0.0,-2.0,4.0,shot_microstats,3124,0.6242298552584218,0.6983501657315399,4.150921283203759,0.6440306166161485,0.7454136281728894,4.3673961354691295
2023,2023-12-21,2023020501,NJD,EDM,0.0,-3.0,9.0,shot_microstats,3124,0.3872809033821733,-0.557187379619332,4.5626048151957335,0.39139821247539225,-0.5389593115075055,4.708806722556909
2023,2023-12-21,2023020502,PHI,NSH,0.0,-1.0,3.0,shot_microstats,3124,0.605393664605379,0.5931636096571742,3.9491984134143623,0.6009919082782024,0.5426595382519763,4.2941775262476405
2023,2023-12-21,2023020505,DAL,VAN,0.0,-2.0,4.0,shot_microstats,3124,0.5632059239214366,0.3672899826708602,4.052178443854458,0.5163005498762323,0.1550416489789999,3.9768653483848677
2023,2023-12-21,2023020506,MIN,MTL,0.0,-1.0,3.0,shot_microstats,3124,0.6320095465104206,0.7409099491806672,4.017628359081668,0.6275792087949166,0.7341406582563329,4.192931558628788
2023,2023-12-21,2023020507,COL,OTT,0.0,-2.0,4.0,shot_microstats,3124,0.6107651518989753,0.6227342113480838,3.9757704617491667,0.6824448829092192,0.971575631686261,4.090601683984054
2023,2023-12-21,2023020508,ANA,CGY,0.0,-1.0,1.0,shot_microstats,3124,0.48883735412140694,-0.021554401568202403,4.042906119309979,0.5049923218293685,0.03409186492051153,4.013039236408223
2023,2023-12-21,2023020509,SJS,ARI,0.0,-2.0,4.0,shot_microstats,3124,0.3728558788578908,-0.637727098470419,4.378287653537452,0.27881428381397405,-1.09283670086904,4.816945503592048
2023,2023-12-22,2023020510,DET,PHI,0.0,-1.0,11.0,shot_microstats,3124,0.4139727979417732,-0.4152853994230356,4.0415055320574576,0.4234493962374079,-0.34197651827871745,4.4521040530819755
2023,2023-12-22,2023020511,NYR,EDM,0.0,-3.0,5.0,shot_microstats,3124,0.3292517666995508,-0.8854581095223827,4.653484377026174,0.38506945747600074,-0.608661162035885,4.819861349104382
2023,2023-12-22,2023020512,WPG,BOS,1.0,2.0,4.0,shot_microstats,3124,0.5967326845048052,0.546435601371653,4.007652901149639,0.6121078836773234,0.6331870769048358,4.4246545605441545
2023,2023-12-22,2023020513,CHI,MTL,0.0,-2.0,6.0,shot_microstats,3124,0.44602593782090366,-0.243940419043016,4.300556349136639,0.39531193795073477,-0.508498163416253,4.787849737001074
2023,2023-12-23,2023020515,NSH,DAL,0.0,-1.0,3.0,shot_microstats,3124,0.4710378449322504,-0.11377704235084551,4.139587154723763,0.48391879312034464,-0.06648707805705156,4.164600519873863
2023,2023-12-23,2023020516,CAR,NYI,0.0,-3.0,7.0,shot_microstats,3124,0.626874121338651,0.7140967049037783,4.288284594884664,0.6447302001089408,0.7329830832909184,4.7017306341383565
2023,2023-12-23,2023020517,CBJ,TOR,0.0,-1.0,1.0,shot_microstats,3124,0.4126069474422318,-0.41974482480784236,4.611556216249845,0.40040710417557057,-0.48710718915808693,5.193526068075415
2023,2023-12-23,2023020518,MIN,BOS,1.0,1.0,3.0,shot_microstats,3124,0.5948845768272172,0.5357203037536571,3.89369356437901,0.5961903343156318,0.5519691307266897,3.9769637671739124
2023,2023-12-23,2023020519,NJD,DET,1.0,1.0,5.0,shot_microstats,3124,0.629022526911506,0.724806116742017,4.108387545953879,0.5303850781787401,0.24400751124742948,4.092624949534499
2023,2023-12-23,2023020520,OTT,PIT,1.0,1.0,7.0,shot_microstats,3124,0.44835156250796904,-0.2315256394666397,4.337858383824406,0.4923108756886392,-0.03058367926271577,4.453441918659979
2023,2023-12-23,2023020522,NYR,BUF,0.0,-1.0,5.0,shot_microstats,3124,0.5316564432403229,0.20270108514064863,4.274248114428453,0.5175839262057389,0.06729760762089065,4.524414053919286
2023,2023-12-23,2023020523,ANA,SEA,0.0,-1.0,3.0,shot_microstats,3124,0.453730191985586,-0.20506166322824423,3.9839094679791502,0.469931480574412,-0.1704272749197686,4.270663913170171
2023,2023-12-23,2023020524,STL,CHI,1.0,1.0,7.0,shot_microstats,3124,0.585444192386616,0.4874873441332902,4.312497278791063,0.6606521978837251,0.8043072211034132,4.71779247480262
2023,2023-12-23,2023020525,COL,ARI,1.0,4.0,4.0,shot_microstats,3124,0.6220576989060638,0.6859977151150026,4.112370069702367,0.6433802381230915,0.7817499912599036,4.4398672417178195
2023,2023-12-23,2023020526,LAK,CGY,1.0,3.0,5.0,shot_microstats,3124,0.6268306624263807,0.7123432193425352,4.078945669750313,0.6769492745229138,0.9504499339448577,3.9312095596137206
2023,2023-12-23,2023020527,VAN,SJS,1.0,1.0,9.0,shot_microstats,3124,0.6956023160797747,1.116583168763582,4.242772959812152,0.7274767824617706,1.335439200755632,4.599484475156917
2023,2023-12-27,2023020528,NJD,CBJ,0.0,-1.0,5.0,shot_microstats,3124,0.6357048393052452,0.7645234451540879,4.395240626392647,0.5710595702019469,0.4186979714722947,4.671331343561467
2023,2023-12-27,2023020529,NYR,WSH,1.0,3.0,5.0,shot_microstats,3124,0.56065061690729,0.35435998308372607,4.1524502425159895,0.5664433466042967,0.36434215867077857,4.294961878978128
2023,2023-12-27,2023020533,NYI,PIT,0.0,-7.0,7.0,shot_microstats,3124,0.43164869285359114,-0.31821161257293096,4.623112193600049,0.42890006258220686,-0.31210679334550506,4.830391595772916
2023,2023-12-27,2023020534,MIN,DET,1.0,4.0,8.0,shot_microstats,3124,0.6368444869038278,0.7669132353390999,3.8426728745021976,0.5974910916291423,0.6251801458642459,3.7449906700999995
2023,2023-12-27,2023020535,NSH,CAR,0.0,-1.0,3.0,shot_microstats,3124,0.4096261972168037,-0.437689755892434,4.223645149331509,0.41898626598883915,-0.3854059445085266,3.9713939654119375
2023,2023-12-27,2023020536,STL,DAL,1.0,1.0,3.0,shot_microstats,3124,0.4055062721434697,-0.459112312584942,4.373974369329291,0.49705230781580273,-0.03203875188062044,4.567960063363463
2023,2023-12-27,2023020537,ARI,COL,1.0,1.0,5.0,shot_microstats,3124,0.4215212677428648,-0.37408468458720245,4.21188005216031,0.4012773064702969,-0.4679394103864618,4.530315455696629
2023,2023-12-27,2023020539,CGY,SEA,0.0,-2.0,2.0,shot_microstats,3124,0.49037548857291385,-0.013432549162422924,4.066393426383746,0.514969514823171,0.07827384332574955,4.361887406365355
2023,2023-12-27,2023020540,ANA,VGK,1.0,4.0,6.0,shot_microstats,3124,0.45414181602201004,-0.20225044342213416,4.114659551066402,0.49406490946585396,-0.04393090171062486,4.3003834924260405
2023,2023-12-27,2023020541,LAK,SJS,1.0,4.0,6.0,shot_microstats,3124,0.7710063664285288,1.6316031142820202,4.675425482241519,0.8139811424766167,1.9354957516332036,4.881920498180003
2023,2023-12-28,2023020542,CAR,MTL,1.0,2.0,6.0,shot_microstats,3124,0.6731818497222496,0.9802685661746715,4.223629336785976,0.6497591063588174,0.8189817138842326,4.796435691491964
2023,2023-12-28,2023020543,VAN,PHI,0.0,-2.0,2.0,shot_microstats,3124,0.47387461183437735,-0.09957196813882965,4.022541278239539,0.5119007711660183,0.1266688185771116,4.172032359926133
2023,2023-12-28,2023020544,VGK,LAK,1.0,2.0,4.0,shot_microstats,3124,0.4397409965470482,-0.2773912014893072,4.231892867098362,0.448840160652924,-0.1879541321979088,3.9297045368783303
2023,2023-12-28,2023020545,SJS,EDM,0.0,-5.0,5.0,shot_microstats,3124,0.19749941683273323,-1.7871311994115635,4.605045294583467,0.19116594253631372,-1.7766096459705683,4.9009972123009895
2023,2023-12-29,2023020546,CBJ,TOR,1.0,1.0,7.0,shot_microstats,3124,0.4091906419579516,-0.4381267662082674,4.603859984850648,0.39683801960222415,-0.49977310370257744,5.1787990261815695
2023,2023-12-29,2023020548,FLA,NYR,1.0,1.0,5.0,shot_microstats,3124,0.5994695795336046,0.5616664651870584,4.0674191277345315,0.6172549377131257,0.6190352179768382,4.412762576935644
2023,2023-12-29,2023020549,OTT,NJD,0.0,-2.0,6.0,shot_microstats,3124,0.43271545728946254,-0.31473939867123674,4.188073616629323,0.4688981509971248,-0.1064187814770472,4.428511806944888
2023,2023-12-29,2023020550,NYI,WSH,1.0,4.0,6.0,shot_microstats,3124,0.5334270412404789,0.21197300060153412,4.2765051600590125,0.49115197013760303,0.041040308364027334,4.509347786263866
2023,2023-12-29,2023020552,STL,COL,0.0,-2.0,2.0,shot_microstats,3124,0.4060736966146068,-0.4563124870904745,4.322440669676814,0.4690483844749015,-0.17199167448414215,4.402348047420695
2023,2023-12-29,2023020553,ANA,ARI,0.0,-1.0,1.0,shot_microstats,3124,0.5503440836155463,0.2992836547792702,4.027544701250859,0.5141688206947304,0.1364318460883872,4.4848965025629735
2023,2023-12-30,2023020555,WPG,MIN,1.0,3.0,5.0,shot_microstats,3124,0.5534727736565555,0.315033385567099,3.899495058845969,0.6267629829869713,0.6367095293400215,4.181114476721771
2023,2023-12-30,2023020557,BOS,NJD,1.0,2.0,4.0,shot_microstats,3124,0.4549398711958622,-0.19760460269553054,4.20701416042593,0.46144045451840704,-0.12904550076063703,4.504197355144078
2023,2023-12-30,2023020558,FLA,MTL,1.0,1.0,1.0,shot_microstats,3124,0.6358339394258701,0.7628746085805692,4.078619912354219,0.6569406494556241,0.8220119248838669,4.530866193791931
2023,2023-12-30,2023020559,PIT,STL,1.0,1.0,3.0,shot_microstats,3124,0.5881509836620984,0.5028870389328605,4.436802302421779,0.6096285769821873,0.5635043177851008,4.258022589683053
2023,2023-12-30,2023020560,TBL,NYR,0.0,-4.0,4.0,shot_microstats,3124,0.5195926650600424,0.13975776764855,4.279828454933774,0.5454593898283632,0.22481545131273306,4.549390680745353
2023,2023-12-30,2023020561,TOR,CAR,1.0,2.0,2.0,shot_microstats,3124,0.4075784216205888,-0.4478263944701013,4.398411250807378,0.42171323967307184,-0.44608159473540787,4.159702991327424
2023,2023-12-30,2023020562,WSH,NSH,1.0,1.0,3.0,shot_microstats,3124,0.4717983050569406,-0.10983006692188126,4.135621150830754,0.4996664150222761,-0.00991135809758631,4.510154728572844
2023,2023-12-30,2023020563,LAK,EDM,1.0,1.0,1.0,shot_microstats,3124,0.4829484596005997,-0.050338446060038095,4.404717735216211,0.5581999964520773,0.32757061555331113,4.576700226308054
2023,2023-12-31,2023020565,DET,BOS,0.0,-1.0,5.0,shot_microstats,3124,0.4712174643587068,-0.11292097469509874,4.123531345239353,0.4512869869168852,-0.1965712652462035,4.568477049382911
2023,2023-12-31,2023020566,OTT,BUF,1.0,2.0,4.0,shot_microstats,3124,0.4939579417645923,0.005684342373281193,4.159860777732041,0.4942945171252133,-0.03802684106540655,4.385062895933054
2023,2023-12-31,2023020567,PIT,NYI,1.0,1.0,3.0,shot_microstats,3124,0.5600571668819745,0.35352162201967263,4.525779973401909,0.6288809668381584,0.6231642990963344,4.438353873924581
2023,2023-12-31,2023020568,TBL,MTL,1.0,2.0,6.0,shot_microstats,3124,0.5808407577945802,0.46205494059918273,4.198566357962738,0.6122499936392748,0.5585362226100263,4.594051721042212
2023,2023-12-31,2023020569,ANA,EDM,0.0,-5.0,9.0,shot_microstats,3124,0.32127731074563054,-0.933831817075752,4.459087057307605,0.3696879086173292,-0.6500204328775978,4.728259407208123
2023,2023-12-31,2023020570,CGY,PHI,1.0,1.0,3.0,shot_microstats,3124,0.48524171046054443,-0.04014559888829415,4.066271251560228,0.5135506825589133,0.11126820637707652,4.345627902579809
2023,2023-12-31,2023020572,DAL,CHI,1.0,7.0,7.0,shot_microstats,3124,0.7057678575369294,1.1807040951363552,4.295018788507065,0.6741299236602813,0.9610583760060774,4.677825445898421
2023,2024-01-01,2023020573,SEA,VGK,1.0,3.0,3.0,shot_microstats,3124,0.5281394747010003,0.18311110489227383,4.054154672358693,0.5361819216399748,0.18797328841372685,4.2264782908254075
2023,2024-01-02,2023020574,CBJ,BOS,0.0,-2.0,4.0,shot_microstats,3124,0.41364736594348395,-0.4153062767337329,4.383528686456501,0.3848239307637843,-0.6250113844736388,4.860298569329066
2023,2024-01-02,2023020575,NYR,CAR,0.0,-3.0,5.0,shot_microstats,3124,0.42129829677546976,-0.3748480106438863,4.296857138723482,0.44006544216764204,-0.28147154761996984,4.251460347407805
2023,2024-01-02,2023020576,PIT,WSH,0.0,-1.0,5.0,shot_microstats,3124,0.6081312344706507,0.610462621785985,4.2964327208612705,0.6245425769404573,0.6865337338255141,4.2558484282482825
2023,2024-01-02,2023020577,DAL,MTL,0.0,-2.0,4.0,shot_microstats,3124,0.632649956555401,0.74542258520904,4.145159533312063,0.6010899386357867,0.5671298081122784,4.432753414550642
2023,2024-01-02,2023020580,WPG,TBL,1.0,3.0,3.0,shot_microstats,3124,0.5878609314965682,0.4992071100799973,4.114236244140153,0.6190137377187659,0.648321217570087,4.465682307286036
2023,2024-01-02,2023020581,ARI,FLA,0.0,-2.0,2.0,shot_microstats,3124,0.427435662234326,-0.3428453481160717,4.16632359849716,0.416476029897623,-0.34822596358606184,4.271008183301553
2023,2024-01-02,2023020583,EDM,PHI,1.0,1.0,5.0,shot_microstats,3124,0.6155816177540091,0.6512910412714711,4.2756284836570355,0.6474991557368431,0.769044914937165,4.120208045568985
2023,2024-01-02,2023020584,VAN,OTT,1.0,3.0,7.0,shot_microstats,3124,0.5809850786365491,0.4614277162155752,3.9716372793282284,0.6091573528669807,0.6783207832966063,4.0160357905421
2023,2024-01-02,2023020585,LAK,TOR,0.0,-2.0,2.0,shot_microstats,3124,0.638110308236932,0.7770663987531157,4.257031868050797,0.693240232224247,1.1028665092497496,4.513374952191738
2023,2024-01-02,2023020586,SJS,DET,1.0,2.0,4.0,shot_microstats,3124,0.405750350837916,-0.45824184710363663,4.285418761787862,0.32139561616911644,-0.8384942823114968,4.423252658479564
2023,2024-01-03,2023020587,WSH,NJD,0.0,-4.0,6.0,shot_microstats,3124,0.3995327527034141,-0.49194579141000383,4.265659297286362,0.40899718941524954,-0.40473122685961727,4.653737836889574
2023,2024-01-04,2023020589,BOS,PIT,0.0,-1.0,9.0,shot_microstats,3124,0.45656594141074336,-0.1884013742665126,4.3425692173565515,0.4640875206135819,-0.13108496583603946,4.464691821491964
2023,2024-01-04,2023020590,MTL,BUF,0.0,-3.0,3.0,shot_microstats,3124,0.46255678564769204,-0.15719736318728936,4.312525946285468,0.4161506499715456,-0.39334530264754497,4.622985812603275
2023,2024-01-04,2023020591,NYR,CHI,1.0,2.0,4.0,shot_microstats,3124,0.655125208979428,0.8748731713783318,4.302641332770005,0.672559472078482,0.8801022381818747,4.792694501664639
2023,2024-01-04,2023020594,MIN,TBL,0.0,-1.0,3.0,shot_microstats,3124,0.5670498412545886,0.38755144485005943,4.033490033964492,0.566768814400114,0.3843576373912737,4.06805518447304
2023,2024-01-04,2023020595,NSH,CGY,0.0,-1.0,7.0,shot_microstats,3124,0.5056876254804924,0.06671499817319898,4.162331333605067,0.5238989685790189,0.1008906645845522,3.841493461486436
2023,2024-01-04,2023020596,STL,VAN,1.0,1.0,3.0,shot_microstats,3124,0.44414328106015394,-0.25403654169819295,4.262855586987334,0.5077932453081524,0.04438471224217094,4.1666250698623735
2023,2024-01-04,2023020597,ARI,NYI,0.0,-4.0,4.0,shot_microstats,3124,0.49333747964014485,0.003650910821278011,4.387320625599803,0.5332252585390461,0.1652447950198957,4.737642537132393
2023,2024-01-04,2023020598,SEA,OTT,1.0,2.0,4.0,shot_microstats,3124,0.6296766425843424,0.7274145796276997,3.9583519803219733,0.6113217218418872,0.6585614907438342,4.08960457893325
2023,2024-01-05,2023020602,NJD,CHI,1.0,3.0,3.0,shot_microstats,3124,0.7004078017275273,1.147562030133476,4.356723818191606,0.6668196253016414,0.8715900522746065,4.732872072742278
2023,2024-01-05,2023020603,WSH,CAR,0.0,-2.0,4.0,shot_microstats,3124,0.35853152965063834,-0.7188117499546142,4.235871515894614,0.35592665525161776,-0.70544203334753,4.259262213121941
2023,2024-01-05,2023020604,ANA,WPG,0.0,-1.0,3.0,shot_microstats,3124,0.4228519539823496,-0.3675555471828543,4.100134463994754,0.43272462317267507,-0.3130798409544192,4.2779388159705105
2023,2024-01-06,2023020605,PHI,CGY,0.0,-1.0,3.0,shot_microstats,3124,0.5655762142232376,0.37954783254780466,4.001131850943998,0.5423620721664298,0.23990777638988658,3.9300584174050743
2023,2024-01-06,2023020606,COL,FLA,0.0,-4.0,8.0,shot_microstats,3124,0.511892482257128,0.09793805677981632,3.959064757530872,0.5704945709506231,0.3924504094634333,3.7968997728512384
2023,2024-01-06,2023020607,BOS,TBL,1.0,2.0,6.0,shot_microstats,3124,0.48629850120332796,-0.034029758240281954,4.186707384848595,0.4817836201830498,-0.07420329164937944,4.396672323146917
2023,2024-01-06,2023020608,CAR,STL,0.0,-1.0,1.0,shot_microstats,3124,0.6612570246467094,0.910012896678245,4.2351313259371,0.6531134137721297,0.8224154438914053,4.543816202401742
2023,2024-01-06,2023020609,CBJ,MIN,1.0,2.0,2.0,shot_microstats,3124,0.38131396086082586,-0.5914219349477949,4.278321006502559,0.38190757175182327,-0.6657038019980023,4.695751720295532
2023,2024-01-06,2023020611,NJD,VAN,0.0,-1.0,9.0,shot_microstats,3124,0.5499227575178666,0.2975020203659714,4.104064079946334,0.5014355197459655,0.014651007819224682,3.942257986057971
2023,2024-01-06,2023020612,PIT,BUF,0.0,-3.0,3.0,shot_microstats,3124,0.549571809946567,0.29758052400547025,4.430111251607094,0.5550860765831463,0.2803617311677959,4.443990561102551
2023,2024-01-06,2023020613,SJS,TOR,0.0,-2.0,4.0,shot_microstats,3124,0.32756163038218356,-0.8962313459349313,4.507730114548956,0.3069956294268386,-0.9370219618061658,4.824875343845977
2023,2024-01-06,2023020614,DAL,NSH,0.0,-2.0,6.0,shot_microstats,3124,0.5974452159812628,0.5509464196005986,4.1086993234566265,0.583561251964576,0.4656040405010181,4.297483791915382
2023,2024-01-06,2023020616,VGK,NYI,1.0,2.0,6.0,shot_microstats,3124,0.5883929619147815,0.5033971726376784,4.318766277086331,0.6219598455408971,0.651643346934345,4.339470309861422
2023,2024-01-07,2023020617,CHI,CGY,1.0,1.0,5.0,shot_microstats,3124,0.34994877458684515,-0.766974253053878,4.356421152283407,0.33315902859918367,-0.8902173909253366,4.340545175470129
2023,2024-01-07,2023020618,WSH,LAK,1.0,3.0,5.0,shot_microstats,3124,0.31705474244069803,-0.9601163160874586,4.2921530798133265,0.3314802381705547,-0.8801704220237032,4.2639839791798515
2023,2024-01-07,2023020619,ARI,WPG,0.0,-3.0,5.0,shot_microstats,3124,0.4040600839638894,-0.46754310635376883,4.249239086336672,0.38704607820514925,-0.546306080195501,4.493710537370432
2023,2024-01-08,2023020621,NYR,VAN,0.0,-3.0,7.0,shot_microstats,3124,0.4886669030735935,-0.021691634225242368,4.18917544518674,0.511210847766319,0.03415012297865627,4.136802279226797
2023,2024-01-08,2023020622,PHI,PIT,0.0,-3.0,3.0,shot_microstats,3124,0.5212760890694822,0.14825894353561744,4.229670028397939,0.5067100972106047,0.084249613485602,4.386464994526478
2023,2024-01-08,2023020623,MIN,DAL,0.0,-1.0,1.0,shot_microstats,3124,0.4881680361789684,-0.025294168567702488,3.992208567848613,0.4958237233621546,0.035239817042704735,4.026112486628207
2023,2024-01-09,2023020625,BUF,SEA,0.0,-2.0,6.0,shot_microstats,3124,0.4460891373524403,-0.24397624065321435,4.226958160910225,0.46169966441009974,-0.24742483805820337,4.625730509618816
2023,2024-01-09,2023020627,TOR,SJS,1.0,4.0,4.0,shot_microstats,3124,0.6766775451497863,1.0027747410575427,4.4112567569512695,0.7195364144805992,1.0983019569897234,4.750447485319101
2023,2024-01-09,2023020628,NYI,VAN,0.0,-3.0,5.0,shot_microstats,3124,0.44603914197986533,-0.24356651818558755,4.36125896675433,0.4128047704189786,-0.41821965754031787,4.255378304547731
2023,2024-01-09,2023020629,NSH,ANA,0.0,-3.0,5.0,shot_microstats,3124,0.5647825292666868,0.37549701567636395,4.027732464580798,0.591713432661482,0.45945363661053806,4.04402392550284
2023,2024-01-09,2023020630,STL,FLA,0.0,-2.0,4.0,shot_microstats,3124,0.38222530298790436,-0.586410120833151,4.276586869837644,0.42756960571722313,-0.3293874027220109,4.20826711731464
2023,2024-01-09,2023020631,WPG,CBJ,1.0,4.0,4.0,shot_microstats,3124,0.6780157938972676,1.0100199092904076,4.321882144269414,0.68167650213472,1.063367918811343,4.7929702327857795
2023,2024-01-09,2023020632,CHI,EDM,0.0,-1.0,3.0,shot_microstats,3124,0.2128113873308941,-1.663959434573623,4.6165099318533365,0.2144225591764852,-1.6450254997973746,5.005042933122809
2023,2024-01-09,2023020633,ARI,BOS,1.0,1.0,3.0,shot_microstats,3124,0.5086184764215917,0.08161902001924035,4.096612589090858,0.4858860052143936,-0.01782922490775185,4.440017869372032
2023,2024-01-09,2023020634,CGY,OTT,1.0,3.0,7.0,shot_microstats,3124,0.5729343153470826,0.4191911396968516,4.094416125460928,0.5890382735165104,0.5379312984200568,4.216481786526376
2023,2024-01-10,2023020635,PHI,MTL,0.0,-1.0,3.0,shot_microstats,3124,0.6294087946609483,0.7265777010652664,4.0532908330393145,0.6012131521143294,0.5277691110348125,4.411540912686117
2023,2024-01-10,2023020636,DAL,MIN,1.0,5.0,7.0,shot_microstats,3124,0.5916995788201569,0.5184665352353738,3.885144417547809,0.5737538747936689,0.4013884543102741,3.9564589220366466
2023,2024-01-10,2023020637,COL,VGK,1.0,1.0,1.0,shot_microstats,3124,0.531301453062379,0.19951078540355893,4.033124805585618,0.6404247739047774,0.6599833588856057,4.0063539566150475
2023,2024-01-11,2023020639,CAR,ANA,1.0,3.0,7.0,shot_microstats,3124,0.6651868605271439,0.9312486794064312,4.01000571314442,0.6656742898117919,0.8985181646046827,4.370649937788449
2023,2024-01-11,2023020642,MTL,SJS,0.0,-2.0,4.0,shot_microstats,3124,0.6234742504782012,0.694844687947616,4.2486346206302255,0.6410897531424055,0.7406359731394544,4.782656812419095
2023,2024-01-11,2023020644,TBL,NJD,0.0,-2.0,4.0,shot_microstats,3124,0.49493418752135365,0.01129702235186035,4.26221471416613,0.5298122462588468,0.18719621393651187,4.607639071774967
2023,2024-01-11,2023020645,WSH,SEA,0.0,-3.0,5.0,shot_microstats,3124,0.3900993661685544,-0.5436367385903987,4.1953352127656585,0.3988320609770166,-0.5653731859336337,4.4682149590627045
2023,2024-01-11,2023020646,NYI,TOR,0.0,-1.0,3.0,shot_microstats,3124,0.4426602678450643,-0.2605887811477693,4.513402566608521,0.4110199473958079,-0.3565423101296029,4.771318744746144
2023,2024-01-11,2023020647,STL,NYR,1.0,1.0,3.0,shot_microstats,3124,0.44784841965639577,-0.23396410087712471,4.378836269503887,0.4921184836947646,-0.010826100046459786,4.5293125837333035
2023,2024-01-11,2023020648,WPG,CHI,1.0,1.0,3.0,shot_microstats,3124,0.7144116606097096,1.2352871211019782,4.234280537898371,0.7425519366559644,1.3786372520036572,4.7501141962687665
2023,2024-01-11,2023020649,ARI,CGY,0.0,-2.0,6.0,shot_microstats,3124,0.4681559644934566,-0.12832909301151563,4.236167134465623,0.46946976140206564,-0.12629398548777915,4.252310866859707
2023,2024-01-11,2023020650,VGK,BOS,0.0,-1.0,1.0,shot_microstats,3124,0.6079540014282915,0.6078927859166368,4.061639003970605,0.5826288320473009,0.5034984004226959,4.112031095977591
2023,2024-01-12,2023020651,DAL,NSH,0.0,-1.0,3.0,shot_microstats,3124,0.6071238058460638,0.603605342582461,4.1001086483385825,0.5829309086575047,0.4698179940889528,4.281051038998085
2023,2024-01-12,2023020652,MIN,PHI,1.0,1.0,5.0,shot_microstats,3124,0.5300257507365259,0.19178254420522894,3.8334809803372827,0.5326928292892161,0.20967903682916372,3.8282746378935584
2023,2024-01-13,2023020653,WSH,NYR,1.0,1.0,5.0,shot_microstats,3124,0.4200824175179771,-0.3812049173510098,4.322366408302194,0.3977416634291848,-0.4889757767361427,4.554238307201212
2023,2024-01-13,2023020654,BUF,VAN,0.0,-1.0,1.0,shot_microstats,3124,0.469470842914358,-0.12151204483170037,4.226944886276838,0.47099994695144826,-0.15344924904750445,4.34641596749129
2023,2024-01-13,2023020655,OTT,SJS,1.0,1.0,9.0,shot_microstats,3124,0.6533041297336433,0.863683633081697,4.221073878487367,0.7069920704044625,1.0793531895420752,4.688640788971025
2023,2024-01-13,2023020656,FLA,NJD,0.0,-3.0,3.0,shot_microstats,3124,0.5589089317043504,0.3443446635166737,4.0134440798773525,0.6011289348462485,0.5772655849896791,4.425703202931418
2023,2024-01-13,2023020657,CAR,PIT,1.0,1.0,3.0,shot_microstats,3124,0.5560741233788014,0.33116640795385077,4.316797236181684,0.5709794634726234,0.3893656610021846,4.650496895219156
2023,2024-01-13,2023020658,CBJ,SEA,0.0,-2.0,8.0,shot_microstats,3124,0.3568957555270888,-0.7272369704730492,4.391385677976418,0.34613546663772154,-0.8747164229405016,4.872181100217828
2023,2024-01-13,2023020659,DET,LAK,1.0,4.0,4.0,shot_microstats,3124,0.3361006779665888,-0.8473141268364343,4.291652120911019,0.3658421148197339,-0.6762776229986976,4.401891521756592
2023,2024-01-13,2023020660,MTL,EDM,0.0,-1.0,1.0,shot_microstats,3124,0.26856088630428543,-1.2634911191835216,4.680724457443802,0.2777070566968282,-1.1708444737479988,4.889634053049551
2023,2024-01-13,2023020661,TBL,ANA,1.0,2.0,2.0,shot_microstats,3124,0.5643928472373488,0.3737440894906091,4.080825019979658,0.6039164411396828,0.5182139709969673,4.275069672435633
2023,2024-01-13,2023020663,WPG,PHI,0.0,-1.0,1.0,shot_microstats,3124,0.5627872445452837,0.3644734990402858,3.9483592536542726,0.6017004277040162,0.564295418894355,4.183220097500121
2023,2024-01-13,2023020665,MIN,ARI,0.0,-4.0,4.0,shot_microstats,3124,0.6013879013031581,0.5712758887434851,3.939646025393767,0.5636836682653412,0.40458665136492034,4.188286902302595
2023,2024-01-13,2023020667,STL,BOS,0.0,-1.0,3.0,shot_microstats,3124,0.4884354682951947,-0.02276888839682295,4.213765102511752,0.5374193755886543,0.20450011189409642,4.518834686283522
2023,2024-01-13,2023020668,VGK,CGY,0.0,-1.0,3.0,shot_microstats,3124,0.561338223556148,0.35792310405984035,4.140015298906506,0.5522701508301182,0.32723697778903743,3.9097074783633396
2023,2024-01-14,2023020669,NYR,WSH,1.0,1.0,3.0,shot_microstats,3124,0.5942904294564315,0.5344792885870527,4.203953274376443,0.6217950131017913,0.628966091587688,4.485129239154258
2023,2024-01-14,2023020670,TOR,DET,0.0,-1.0,5.0,shot_microstats,3124,0.5971084737764596,0.5497343429383281,4.2023104405718135,0.5609971722736906,0.3132750642006062,4.231040778595541
2023,2024-01-15,2023020671,BOS,NJD,1.0,1.0,1.0,shot_microstats,3124,0.45351732638072606,-0.20517701461564686,4.184250588003158,0.44936588544046385,-0.17557092071903613,4.536072970652581
2023,2024-01-15,2023020672,BUF,SJS,1.0,1.0,1.0,shot_microstats,3124,0.6664563823666593,0.9414621178630282,4.3471297466190055,0.6921499731444268,1.014678190868091,5.039976471447233
2023,2024-01-15,2023020674,FLA,ANA,0.0,-2.0,4.0,shot_microstats,3124,0.6502417085009075,0.843512032507853,3.8870813502898813,0.6932546603910953,1.0471491330108562,4.144708977074428
2023,2024-01-15,2023020675,CAR,LAK,0.0,-2.0,6.0,shot_microstats,3124,0.5218585189035071,0.15074556965973673,4.128631347736419,0.5467270370901497,0.2352838223508571,4.266881755026306
2023,2024-01-15,2023020676,MIN,NYI,1.0,2.0,2.0,shot_microstats,3124,0.5821139758747705,0.4681648231930291,4.084984596053847,0.6209766288085375,0.6271137009713432,4.202065878749119
2023,2024-01-15,2023020677,PIT,SEA,1.0,1.0,1.0,shot_microstats,3124,0.5072773363517433,0.07582362432935796,4.318734506090735,0.5576717930305348,0.22867700963452278,4.256614151547143
2023,2024-01-15,2023020678,MTL,COL,1.0,1.0,3.0,shot_microstats,3124,0.3928828618558233,-0.5283530712570821,4.213119546681677,0.3691346968075552,-0.6520471970709846,4.30715245784486
2023,2024-01-15,2023020679,STL,PHI,0.0,-1.0,3.0,shot_microstats,3124,0.4034685417276512,-0.47065382890514945,4.265729941182471,0.48386640482865195,-0.09824831644811977,4.496818740837049
2023,2024-01-15,2023020680,VGK,NSH,1.0,1.0,3.0,shot_microstats,3124,0.5615636614026771,0.3589150007480461,4.106030058619959,0.5745861748179925,0.42935111578494756,4.2184242026420256
2023,2024-01-16,2023020681,NYR,SEA,1.0,3.0,3.0,shot_microstats,3124,0.47584849431877096,-0.0884472149944221,4.187909762212812,0.5220922765400952,0.029685193096873008,4.4056653375255355
2023,2024-01-16,2023020682,OTT,COL,0.0,-2.0,8.0,shot_microstats,3124,0.4448478590578214,-0.25109614579295286,4.1090270818271595,0.4717408656007629,-0.17214000518730288,4.145946819583433
2023,2024-01-16,2023020684,DAL,LAK,1.0,4.0,4.0,shot_microstats,3124,0.4822616509608426,-0.05521340700688321,4.153679884875476,0.46711515636933687,-0.11336723322908893,4.023334024820809
2023,2024-01-16,2023020686,CHI,SJS,0.0,-1.0,1.0,shot_microstats,3124,0.5559043026665842,0.32979534822075945,4.23779735974728,0.5640620024474859,0.3047431356853506,4.83103490040854
2023,2024-01-16,2023020688,EDM,TOR,1.0,2.0,4.0,shot_microstats,3124,0.6343459237536948,0.7582864304943118,4.576375171476278,0.6490997905173292,0.8686444671312326,4.533790014255116
2023,2024-01-17,2023020689,FLA,DET,0.0,-1.0,3.0,shot_microstats,3124,0.6767777332804161,0.9993261326682258,3.9293711605352626,0.6697475146272313,0.9796743576410958,4.128806409672685
2023,2024-01-17,2023020690,NJD,MTL,0.0,-3.0,3.0,shot_microstats,3124,0.6297757342881045,0.7295841434465782,4.185903994102478,0.577498692391021,0.4185141461455866,4.430603387309821
2023,2024-01-18,2023020691,BUF,CHI,1.0,2.0,2.0,shot_microstats,3124,0.6483017742778769,0.8350238280960487,4.239399061873988,0.6528798131841388,0.7798635212319671,4.937651585612258
2023,2024-01-18,2023020692,BOS,COL,1.0,1.0,5.0,shot_microstats,3124,0.47268426522660306,-0.10558231660817445,4.061596433845746,0.4565905479091824,-0.192341012307932,4.149505141538547
2023,2024-01-18,2023020693,OTT,MTL,1.0,3.0,7.0,shot_microstats,3124,0.5706294701740651,0.4074981587494121,4.188610147363976,0.5929452168063042,0.4538982300670402,4.437485870833217
2023,2024-01-18,2023020694,PHI,DAL,1.0,2.0,4.0,shot_microstats,3124,0.5113687076884053,0.09567314926585604,4.047396283450856,0.5066413931755374,0.0398511331350444,4.357509125458259
2023,2024-01-18,2023020695,TBL,MIN,1.0,1.0,7.0,shot_microstats,3124,0.5275008346240543,0.1794689861448011,3.9968171316073846,0.5913434901211613,0.40425331491241023,4.213802114178347
2023,2024-01-18,2023020699,LAK,NSH,0.0,-1.0,1.0,shot_microstats,3124,0.6284514794783562,0.7215977082303919,4.106608258797754,0.6772407093808654,0.9402097135659473,4.319808947341205
2023,2024-01-18,2023020701,VGK,NYR,1.0,3.0,3.0,shot_microstats,3124,0.5627927410295664,0.3659244661557127,4.19087969460584,0.534816952749982,0.2833283171920457,4.193974546855144
2023,2024-01-19,2023020702,CAR,DET,1.0,1.0,3.0,shot_microstats,3124,0.6956002902229321,1.1154405528766032,4.116177516336569,0.6512641431478218,0.8896585647531698,4.4217213060736755
2023,2024-01-19,2023020703,CBJ,NJD,0.0,-3.0,5.0,shot_microstats,3124,0.36632301369002496,-0.6735863658057435,4.494126364061889,0.35227882834348667,-0.7413052893618335,5.05327017114256
2023,2024-01-19,2023020704,FLA,MIN,1.0,4.0,4.0,shot_microstats,3124,0.6055544553403309,0.5928596728503243,3.7611463914535186,0.6622747809630639,0.8234040920500733,4.034058636467915
2023,2024-01-20,2023020708,ARI,NSH,1.0,3.0,3.0,shot_microstats,3124,0.4715598378093743,-0.1108284577865984,4.1841911592482885,0.4863102349789835,-0.053609627296534734,4.5241442770423665
2023,2024-01-20,2023020710,BOS,MTL,1.0,6.0,10.0,shot_microstats,3124,0.5826268862408024,0.47127051260457425,4.142232313587299,0.5748024270603347,0.41441907571049835,4.509829032541271
2023,2024-01-20,2023020711,NJD,DAL,0.0,-2.0,6.0,shot_microstats,3124,0.4947593291812268,0.010023839680943308,4.192716080515601,0.46142478535131176,-0.18250872641954385,4.373309407434198
2023,2024-01-20,2023020712,VAN,TOR,1.0,1.0,7.0,shot_microstats,3124,0.5320846243387357,0.20449139900435595,4.194496819571778,0.5572154528805877,0.4466535594187367,4.402331471389597
2023,2024-01-20,2023020714,CGY,EDM,0.0,-1.0,3.0,shot_microstats,3124,0.3271094602075314,-0.8983097329017461,4.6151573664786945,0.37786539785926465,-0.5857835644173688,4.883434765379387
2023,2024-01-20,2023020715,SJS,ANA,1.0,2.0,6.0,shot_microstats,3124,0.38948614880800103,-0.5464944644663713,4.291425914792997,0.3654868500251603,-0.6709160007482767,4.4664064883581585
2023,2024-01-20,2023020716,VGK,PIT,1.0,1.0,5.0,shot_microstats,3124,0.48159772078784713,-0.057545855347940086,4.371807375641217,0.48654038340878975,0.017426760230345284,4.354813576625844
2023,2024-01-20,2023020717,LAK,NYR,1.0,1.0,3.0,shot_microstats,3124,0.6213311516351698,0.6825265038986763,4.192273998518841,0.637719255297331,0.7610089038318069,4.295914844374939
2023,2024-01-21,2023020718,PHI,OTT,0.0,-2.0,4.0,shot_microstats,3124,0.5953425519641481,0.5391542757904523,4.046512187431674,0.5970955557696648,0.5197066574334489,4.241137731205125
2023,2024-01-21,2023020719,CAR,MIN,0.0,-1.0,5.0,shot_microstats,3124,0.6316020484447398,0.7376829601094428,3.8822341651400256,0.6447799886452575,0.747293546730635,4.227998457463111
2023,2024-01-21,2023020720,DET,TBL,1.0,1.0,3.0,shot_microstats,3124,0.4296154504840806,-0.3310156569017716,4.2184482876318565,0.40755476209163327,-0.4109294695219906,4.5067645526269
2023,2024-01-21,2023020723,SEA,TOR,0.0,-1.0,3.0,shot_microstats,3124,0.5472648916286792,0.2841364282599458,4.209897047598843,0.5256885659195396,0.24668528342504004,4.521782020311643
2023,2024-01-22,2023020724,BOS,WPG,1.0,1.0,3.0,shot_microstats,3124,0.4487565494149487,-0.2303804921716875,4.1415090280811135,0.441256396790458,-0.2660749185395873,4.253696832431061
2023,2024-01-22,2023020725,NJD,VGK,1.0,1.0,9.0,shot_microstats,3124,0.5121665770046444,0.10056014315210453,4.185861137920667,0.5106653727270714,0.007624927168210172,4.261715568586897
2023,2024-01-22,2023020727,ARI,PIT,1.0,2.0,6.0,shot_microstats,3124,0.4051091134765602,-0.4606852511499089,4.487509255282655,0.4139185206772738,-0.38986858096657384,4.727120748311484
2023,2024-01-22,2023020728,VAN,CHI,1.0,2.0,2.0,shot_microstats,3124,0.6986616352924468,1.1345437051305083,4.125803910014598,0.7148255416103515,1.2529559157830383,4.47820043915758
2023,2024-01-23,2023020730,DET,DAL,0.0,-3.0,3.0,shot_microstats,3124,0.39371078636121926,-0.5238837742474709,4.204965515617235,0.38090318972124376,-0.554234401889655,4.504992888558125
2023,2024-01-23,2023020732,PHI,TBL,0.0,-1.0,3.0,shot_microstats,3124,0.5650487292672277,0.37712385222846917,4.064604561507804,0.547513130779851,0.24418292324719093,4.352683010828652
2023,2024-01-23,2023020733,NYI,VGK,0.0,-2.0,2.0,shot_microstats,3124,0.427792404803217,-0.33977640444383395,4.401439439892016,0.4397107799227653,-0.3436854652852644,4.529934798169874
2023,2024-01-23,2023020734,MIN,WSH,1.0,3.0,7.0,shot_microstats,3124,0.6291294832135649,0.7238275171539184,3.8816420365759865,0.6394049113876874,0.7981374642131618,4.018683239622723
2023,2024-01-23,2023020736,EDM,CBJ,1.0,2.0,4.0,shot_microstats,3124,0.7106294214745458,1.2173874141234609,4.865907448967766,0.698078092653387,1.1402313290412098,4.856315829546212
2023,2024-01-23,2023020737,ANA,BUF,1.0,2.0,2.0,shot_microstats,3124,0.4907631726899256,-0.011119477647582476,4.124186521806302,0.4731407748534797,-0.10319529570703456,4.447583736637216
2023,2024-01-24,2023020739,FLA,ARI,1.0,4.0,6.0,shot_microstats,3124,0.6529231464776819,0.8597463074161069,3.9951917474809258,0.6640574304653293,0.8933305159390796,4.474094534734229
2023,2024-01-24,2023020741,BOS,CAR,1.0,1.0,3.0,shot_microstats,3124,0.4006789696460862,-0.4859547995996462,4.222942666750759,0.4115781657352435,-0.38388923554009546,4.222630444820488
2023,2024-01-24,2023020742,COL,WSH,1.0,1.0,3.0,shot_microstats,3124,0.644326446719978,0.8105216897436356,4.006291858309327,0.7135062956025109,1.1849521911707592,4.106951837449607
2023,2024-01-24,2023020743,SEA,CHI,1.0,5.0,7.0,shot_microstats,3124,0.7086171281862579,1.197939673758445,4.20607123107038,0.6919122198913792,1.0744016838680126,4.658136483842736
2023,2024-01-24,2023020744,VAN,STL,0.0,-1.0,3.0,shot_microstats,3124,0.6281664253030059,0.720061812242142,4.114826580418065,0.6205473847700291,0.7381194216190872,4.113477546932258
2023,2024-01-24,2023020745,LAK,BUF,0.0,-2.0,6.0,shot_microstats,3124,0.6300082404340742,0.7309931136055345,4.200373517864575,0.6374370680096217,0.7193748588585936,4.440429169449153
2023,2024-01-25,2023020746,CAR,NJD,1.0,1.0,3.0,shot_microstats,3124,0.5983242895787151,0.5561056837254361,4.168169073199321,0.5883021199470156,0.522947081013147,4.690900943576086
2023,2024-01-25,2023020747,DET,PHI,1.0,2.0,2.0,shot_microstats,3124,0.4170968458396384,-0.39845844430929184,4.0621466237666475,0.411244097771655,-0.4128055954632345,4.319536119041242
2023,2024-01-25,2023020748,MTL,NYI,1.0,1.0,1.0,shot_microstats,3124,0.4396815307826364,-0.2767057960990139,4.431581236566641,0.4465038581664242,-0.27988829754782407,4.732720986559553
2023,2024-01-25,2023020749,OTT,BOS,0.0,-1.0,1.0,shot_microstats,3124,0.5244755358015735,0.164369178737409,4.124031498989225,0.5372831219267874,0.1974184430252066,4.274887754975986
2023,2024-01-25,2023020750,TBL,ARI,1.0,2.0,8.0,shot_microstats,3124,0.5554248274736372,0.3270637029852268,4.2037652565653545,0.5735731566872153,0.38041040010602833,4.744061165399071
2023,2024-01-25,2023020751,DAL,ANA,1.0,2.0,4.0,shot_microstats,3124,0.6330691851663901,0.7469997648764023,4.036715421529356,0.6179138100543459,0.6541991767386088,4.205811599778127
2023,2024-01-25,2023020752,MIN,NSH,0.0,-3.0,3.0,shot_microstats,3124,0.5592719346329723,0.34565542403869054,3.906826069593465,0.5920999953035624,0.4944002699854112,4.070223242966422
2023,2024-01-25,2023020754,EDM,CHI,1.0,1.0,1.0,shot_microstats,3124,0.7538313966480275,1.509473761183761,4.942399369767143,0.7682575680888482,1.5560181477097623,4.984716436204191
2023,2024-01-26,2023020755,NYR,VGK,0.0,-3.0,5.0,shot_microstats,3124,0.4815999444469623,-0.058348024088794415,4.214463801241585,0.5559430063929341,0.19966347919214122,4.368329266583285
2023,2024-01-26,2023020757,COL,LAK,1.0,4.0,4.0,shot_microstats,3124,0.46294918549173547,-0.15601870416267655,4.139387380182153,0.5752890203642038,0.36532968305812835,3.9957311682483376
2023,2024-01-26,2023020758,SEA,STL,1.0,1.0,3.0,shot_microstats,3124,0.6332034198773032,0.748781002314335,4.1786706235449,0.5885816714245943,0.5240413552636761,4.300577967753577
2023,2024-01-27,2023020759,PHI,BOS,0.0,-3.0,7.0,shot_microstats,3124,0.5971930495097473,0.5485375779108652,3.945312751966564,0.5789714182379259,0.41416441204188914,4.299751194192509
2023,2024-01-27,2023020760,DAL,WSH,1.0,1.0,5.0,shot_microstats,3124,0.6563864240913906,0.8809353885577503,4.145620765975423,0.6282158768484349,0.7461275866330548,4.32275168000082
2023,2024-01-27,2023020762,SJS,BUF,0.0,-2.0,6.0,shot_microstats,3124,0.3512975102312632,-0.7584729375227195,4.504711556548371,0.2884432283855532,-1.1141263826761079,4.798510453139785
2023,2024-01-27,2023020763,CAR,ARI,1.0,1.0,3.0,shot_microstats,3124,0.6500101261198818,0.8442903107396513,4.168999037579558,0.6254555092469635,0.6828782784421987,4.786583235155877
2023,2024-01-27,2023020764,DET,VGK,1.0,1.0,5.0,shot_microstats,3124,0.41316027438126196,-0.41891506322435157,4.184675398329412,0.43128427345008286,-0.34929953539369074,4.37494874015915
2023,2024-01-27,2023020765,OTT,NYR,0.0,-3.0,5.0,shot_microstats,3124,0.4965230344999368,0.01929487917851065,4.211132134783403,0.5059219715272993,0.053761991246538576,4.30561799662816
2023,2024-01-27,2023020766,PIT,MTL,1.0,1.0,3.0,shot_microstats,3124,0.6348630770015938,0.7598229219397115,4.402003623168753,0.6597890308626946,0.8346163862436529,4.5058885561546
2023,2024-01-27,2023020767,TBL,NJD,1.0,2.0,6.0,shot_microstats,3124,0.48175724066442466,-0.0571665669808685,4.284840885113616,0.5214605453141292,0.1423273669742351,4.7619827558785355
2023,2024-01-27,2023020768,WPG,TOR,1.0,1.0,3.0,shot_microstats,3124,0.5623777818701654,0.3636834537270436,4.183527987911138,0.5761927945421514,0.5048908115969447,4.5297433780773835
2023,2024-01-27,2023020769,NYI,FLA,1.0,1.0,1.0,shot_microstats,3124,0.40448357907130117,-0.4652188301311377,4.25684120536067,0.37048550090936255,-0.608958793525812,4.111446603233535
2023,2024-01-27,2023020770,MIN,ANA,0.0,-1.0,5.0,shot_microstats,3124,0.6029058826134189,0.5788484399995056,3.829839403570989,0.6285534178428479,0.6979705756397714,3.9886908849085803
2023,2024-01-27,2023020772,VAN,CBJ,0.0,-1.0,3.0,shot_microstats,3124,0.6324148230405943,0.7446078943926518,4.214325963257508,0.6169425661553122,0.736834444595458,4.471343176081145
2023,2024-01-28,2023020774,SEA,CBJ,0.0,-1.0,3.0,shot_microstats,3124,0.6498143049331565,0.8439695663120026,4.272055804516077,0.6035978410113443,0.6248361323367989,4.6708694960559445
2023,2024-01-30,2023020776,STL,CBJ,0.0,-1.0,1.0,shot_microstats,3124,0.5101853109603085,0.09131203019603586,4.382673182000073,0.538634918591684,0.23426275838279798,4.90360698697894
2023,2024-01-30,2023020777,SJS,SEA,1.0,1.0,1.0,shot_microstats,3124,0.2971491207988218,-1.081264093211158,4.42081096237252,0.28445861406230855,-1.2042168745159874,4.653882470392076
2023,2024-01-31,2023020779,NSH,LAK,0.0,-1.0,5.0,shot_microstats,3124,0.4303318448319953,-0.32723646489773095,4.214488899780748,0.49926300100400733,-0.024026218550814327,4.021439577591712
2023,2024-02-05,2023020782,TOR,NYI,0.0,-3.0,3.0,shot_microstats,3124,0.5413293268372784,0.2540636015185341,4.396473914656375,0.6070242643310857,0.42310169107062046,4.613162305052003
2023,2024-02-06,2023020784,BUF,DAL,0.0,-1.0,1.0,shot_microstats,3124,0.42641325970702204,-0.3475051503806458,4.320710136515405,0.442104754737671,-0.3021146964876418,4.725459157266566
2023,2024-02-06,2023020785,CAR,VAN,0.0,-1.0,1.0,shot_microstats,3124,0.6098794526412649,0.6182150256759845,4.027321198107211,0.6093613249150768,0.5790457895171958,4.120423025004392
2023,2024-02-06,2023020786,FLA,PHI,0.0,-2.0,2.0,shot_microstats,3124,0.5803292207942572,0.45708249077152596,3.8305443891136246,0.6227029814501579,0.6288139713524803,4.036508199689331
2023,2024-02-06,2023020787,NJD,COL,1.0,3.0,5.0,shot_microstats,3124,0.5076563866240182,0.07681871161881501,4.135738116636494,0.4635003955382944,-0.1952490942495685,4.186542923459828
2023,2024-02-06,2023020788,PIT,WPG,1.0,1.0,1.0,shot_microstats,3124,0.4934713349261224,0.003874197622735581,4.29799091327887,0.5266006833187249,0.11578352828635163,4.162343464235084
2023,2024-02-06,2023020789,WSH,MTL,0.0,-2.0,4.0,shot_microstats,3124,0.5346040300165688,0.21751988576836961,4.168252940371826,0.5133267948991714,0.08552012191707242,4.604106434668351
2023,2024-02-06,2023020790,VGK,EDM,1.0,2.0,2.0,shot_microstats,3124,0.3716585542150826,-0.6432797636340245,4.5941197208446685,0.3798538004503195,-0.512912677958169,4.638253881594853
2023,2024-02-07,2023020791,NYR,TBL,1.0,1.0,3.0,shot_microstats,3124,0.5049552158342908,0.06341553598929098,4.258686885085706,0.5202287857694923,0.09371702413180005,4.448705699448619
2023,2024-02-07,2023020792,TOR,DAL,1.0,1.0,3.0,shot_microstats,3124,0.4539056987790088,-0.2022727862115687,4.356922313121521,0.488889308880433,-0.15360254255365713,4.486001939676831
2023,2024-02-07,2023020793,CHI,MIN,0.0,-1.0,3.0,shot_microstats,3124,0.3805222582551233,-0.5965323236088378,4.1360762522522805,0.381371820501562,-0.6498027147154398,4.287552434862594
2023,2024-02-08,2023020794,BOS,VAN,1.0,2.0,2.0,shot_microstats,3124,0.48486122488997896,-0.042237157586961935,4.044350838692402,0.48883470625318365,-0.027764001400250704,3.9564028926581294
2023,2024-02-08,2023020795,FLA,WSH,1.0,1.0,3.0,shot_microstats,3124,0.6823628045972837,1.033264828794063,3.973804868384094,0.710117735371611,1.1786706990730087,4.225096583926265
2023,2024-02-08,2023020796,NJD,CGY,0.0,-2.0,6.0,shot_microstats,3124,0.5605689373888852,0.35414079412969546,4.188213006096795,0.5267352861288296,0.12822811040742288,4.101839100395613
2023,2024-02-08,2023020797,PHI,WPG,1.0,2.0,4.0,shot_microstats,3124,0.522027317747887,0.15081657840649212,3.9772942370039575,0.5175910627761857,0.07098551934355313,4.217530671093208
2023,2024-02-08,2023020798,NYI,TBL,1.0,4.0,6.0,shot_microstats,3124,0.46951721453764766,-0.12056275667169208,4.365666619986316,0.4281338217414753,-0.33448894583179867,4.488934619112518
2023,2024-02-08,2023020799,CAR,COL,1.0,2.0,2.0,shot_microstats,3124,0.603118300190357,0.5813350749652986,4.039253716452052,0.5879014039773639,0.45214269233173554,4.282674415275736
2023,2024-02-08,2023020800,ARI,VGK,0.0,-1.0,5.0,shot_microstats,3124,0.4511128496286911,-0.2174333314719405,4.256011328062721,0.48576997742375266,-0.0985823034770541,4.42439998823186
2023,2024-02-09,2023020802,CHI,NYR,0.0,-1.0,5.0,shot_microstats,3124,0.3568471880578444,-0.7274649486344705,4.400263398979156,0.3210757761987383,-0.9279514433109098,4.581032979960191
2023,2024-02-09,2023020803,ANA,EDM,0.0,-2.0,4.0,shot_microstats,3124,0.30451979299532556,-1.0348773966517029,4.540812579524034,0.3429353478299975,-0.7706420009662505,4.753443502275691
2023,2024-02-10,2023020804,BUF,STL,0.0,-1.0,3.0,shot_microstats,3124,0.5825844634640075,0.4718588420260664,4.270426372587055,0.5680912028487869,0.35831687745553953,4.6509164464251525
2023,2024-02-10,2023020805,DET,VAN,0.0,-2.0,4.0,shot_microstats,3124,0.419301936851994,-0.38647075703039574,4.103020996438598,0.40354415057168247,-0.4431727729335535,4.139437142954527
2023,2024-02-10,2023020806,MTL,DAL,0.0,-1.0,5.0,shot_microstats,3124,0.3461960587891064,-0.7884061987931297,4.372169784458432,0.32901729954853587,-0.8788465182478642,4.555972920413188
2023,2024-02-10,2023020807,NYI,CGY,0.0,-1.0,3.0,shot_microstats,3124,0.503783754340899,0.05745528159955096,4.284047944838428,0.48290678213199884,-0.07544266075791961,4.208637056843162
2023,2024-02-10,2023020808,BOS,WSH,0.0,-1.0,1.0,shot_microstats,3124,0.6042150215631262,0.5873440952295803,4.043810033276087,0.6008853967192385,0.5787691493708886,4.286563133074016
2023,2024-02-10,2023020809,FLA,COL,1.0,2.0,2.0,shot_microstats,3124,0.587287284076898,0.49467774581464863,3.879971951531094,0.6129863249442861,0.5818782625052321,3.949779094965924
2023,2024-02-10,2023020812,OTT,TOR,1.0,2.0,6.0,shot_microstats,3124,0.4805797032814701,-0.0631312796715833,4.317406646971405,0.509559659775639,0.09548533475680832,4.601204674669533
2023,2024-02-10,2023020813,PHI,SEA,0.0,-1.0,3.0,shot_microstats,3124,0.5291709604550201,0.18824368427993032,4.007293908529566,0.5498674304242895,0.1851122412004731,4.37159007765162
2023,2024-02-10,2023020814,WPG,PIT,1.0,1.0,3.0,shot_microstats,3124,0.5414414109266795,0.25382068607881936,4.254412084882266,0.5710467431140241,0.44847576146615287,4.439018443452886
2023,2024-02-10,2023020816,LAK,EDM,1.0,2.0,2.0,shot_microstats,3124,0.4330866382129922,-0.3111404760267332,4.514875391007284,0.49234698440150826,-0.01752557609394545,4.686445081210592
2023,2024-02-11,2023020817,MTL,STL,0.0,-1.0,5.0,shot_microstats,3124,0.5010707236807074,0.04323588966636549,4.264704005984747,0.4525812718206619,-0.19989229210692055,4.423190221074504
2023,2024-02-12,2023020819,NJD,SEA,1.0,1.0,3.0,shot_microstats,3124,0.49366320220002496,0.004333415482757105,4.194984435676249,0.4781388418461735,-0.16741197808458053,4.395917857696695
2023,2024-02-12,2023020820,NYR,CGY,1.0,1.0,1.0,shot_microstats,3124,0.5403688703585678,0.24778927365564898,4.183069235029842,0.5717170000420898,0.33627503049823726,4.168852441651036
2023,2024-02-12,2023020821,PHI,ARI,0.0,-2.0,4.0,shot_microstats,3124,0.6192532737514317,0.6701673997097228,4.072323619766049,0.5977065500549172,0.5091727721910763,4.680465211888153
2023,2024-02-12,2023020822,VGK,MIN,0.0,-2.0,4.0,shot_microstats,3124,0.55626290652678,0.3299043310179831,3.929564496372374,0.5633279491914616,0.37148064309174234,3.9095642039842646
2023,2024-02-13,2023020824,BUF,LAK,1.0,6.0,6.0,shot_microstats,3124,0.3948046785237855,-0.5173268365751074,4.322874778254187,0.4262730831799384,-0.37640021627424025,4.554732032123569
2023,2024-02-13,2023020825,MTL,ANA,1.0,3.0,3.0,shot_microstats,3124,0.47953024022497415,-0.06959544667973037,4.122691846570477,0.46482347425685133,-0.15647865903854152,4.36403161855169
2023,2024-02-13,2023020826,OTT,CBJ,0.0,-1.0,5.0,shot_microstats,3124,0.5882697887703509,0.5026755572695909,4.310006831731197,0.5910379388959224,0.47885014116604174,4.68391000668216
2023,2024-02-13,2023020827,TOR,STL,1.0,2.0,4.0,shot_microstats,3124,0.6149547903524013,0.6484015948139947,4.355012055016942,0.6253522063156717,0.5674760063766989,4.41897557892659
2023,2024-02-13,2023020828,WSH,COL,0.0,-1.0,5.0,shot_microstats,3124,0.40511714498828993,-0.462107516902803,4.196238816254743,0.38716617451439866,-0.581393269860712,4.381788813909693
2023,2024-02-13,2023020829,NYI,SEA,0.0,-1.0,1.0,shot_microstats,3124,0.4441257239657533,-0.25408680435287745,4.271288287112299,0.4469151551049803,-0.31365227474070967,4.473505343303691
2023,2024-02-13,2023020830,DAL,CAR,1.0,2.0,4.0,shot_microstats,3124,0.47682142382651166,-0.08341641258793395,4.180085625091738,0.45632550404307787,-0.13350363810749866,4.098346150841118
2023,2024-02-13,2023020831,NSH,NJD,0.0,-1.0,3.0,shot_microstats,3124,0.5124963032612109,0.10246815463973406,4.221471463605554,0.5523090824627851,0.2974081718511494,4.385070332275743
2023,2024-02-13,2023020832,CHI,VAN,0.0,-3.0,5.0,shot_microstats,3124,0.3508132431016068,-0.762596458840302,4.253359920839569,0.33650071257302006,-0.8690695557483985,4.219355865168806
2023,2024-02-13,2023020833,EDM,DET,1.0,6.0,10.0,shot_microstats,3124,0.7111470620572858,1.2174700855768101,4.554481897807911,0.696636398699406,1.1621080667473014,4.4037597511133715
2023,2024-02-14,2023020834,PIT,FLA,0.0,-2.0,6.0,shot_microstats,3124,0.4576455226618687,-0.18300673629274222,4.291000230932962,0.4856671116760536,-0.040245261892508544,3.995180645295511
2023,2024-02-14,2023020835,WPG,SJS,1.0,1.0,1.0,shot_microstats,3124,0.7357239055293804,1.3781763147316637,4.451969100369799,0.7618878323511914,1.5613570378434698,4.888462390243759
2023,2024-02-14,2023020836,ARI,MIN,0.0,-1.0,3.0,shot_microstats,3124,0.4828048825576258,-0.053137135720376594,4.005537142878097,0.49761194633965805,-0.011485920040910425,4.213307841218968
2023,2024-02-15,2023020837,BOS,SEA,0.0,-1.0,3.0,shot_microstats,3124,0.46342752326365494,-0.15395764737438153,4.051700890486125,0.4875763885102072,-0.09327297652976013,4.254145394705085
2023,2024-02-15,2023020838,BUF,FLA,0.0,-1.0,1.0,shot_microstats,3124,0.4127852691790433,-0.42079385156228216,4.210851670219092,0.4173659615079338,-0.3922955956692159,4.350198018762861
2023,2024-02-15,2023020840,NYR,MTL,1.0,2.0,8.0,shot_microstats,3124,0.6126954477099655,0.6350203716132666,4.224053340237339,0.6429386798685127,0.7194336016132961,4.61878410936033
2023,2024-02-15,2023020841,OTT,ANA,0.0,-2.0,4.0,shot_microstats,3124,0.5645434286903154,0.37430235237210685,4.040062628912698,0.6107514180153608,0.5377232419813249,4.227416339667456
2023,2024-02-15,2023020842,TBL,COL,1.0,2.0,6.0,shot_microstats,3124,0.4973387115857237,0.02315659655021167,4.138000378063227,0.519882948505282,0.08832299783152153,4.267317685107829
2023,2024-02-15,2023020844,STL,EDM,1.0,1.0,5.0,shot_microstats,3124,0.25281924884420537,-1.3697644915490623,4.727871526400659,0.31125189931407216,-0.9726583359944988,5.01398403383249
2023,2024-02-15,2023020845,CHI,PIT,0.0,-2.0,4.0,shot_microstats,3124,0.30759704973129076,-1.0156126365807578,4.6085571426500165,0.3033302593981801,-1.050610154803165,4.765678354724308
2023,2024-02-15,2023020846,CGY,SJS,0.0,-2.0,8.0,shot_microstats,3124,0.6679838858802211,0.950265837672959,4.322154234602391,0.7178163233340054,1.212453532014092,4.848418041029716
2023,2024-02-15,2023020847,NSH,DAL,0.0,-5.0,9.0,shot_microstats,3124,0.45787984122108316,-0.18220346307589397,4.2067565656961525,0.49693411749109295,-0.03358128349203737,4.21698174020375
2023,2024-02-15,2023020848,VAN,DET,1.0,3.0,5.0,shot_microstats,3124,0.6401199289525917,0.7862229778041172,3.953855197094682,0.6147189518179519,0.7545921897263215,3.9942656639402823
2023,2024-02-16,2023020849,ARI,CAR,0.0,-3.0,5.0,shot_microstats,3124,0.35811346973209807,-0.7206799483334412,4.3279531415505,0.3572228519864478,-0.6853250771199666,4.378491777102949
2023,2024-02-17,2023020850,DAL,EDM,0.0,-1.0,3.0,shot_microstats,3124,0.4222905936042171,-0.36835094675886626,4.5388863534886426,0.41552286270723543,-0.3566757864917609,4.704949154476953
2023,2024-02-17,2023020851,CHI,OTT,1.0,2.0,4.0,shot_microstats,3124,0.3725806843815141,-0.6393465465334703,4.3611922457790895,0.36161206647736194,-0.7021317728829338,4.427923537347512
2023,2024-02-17,2023020852,CGY,DET,0.0,-3.0,3.0,shot_microstats,3124,0.5752283301132776,0.4312368944558812,4.064859753177423,0.5787907168854973,0.4995500771120791,4.321059325850926
2023,2024-02-17,2023020854,MIN,BUF,1.0,1.0,1.0,shot_microstats,3124,0.5574391614694494,0.33641568013550116,3.983752978901436,0.5451075202467087,0.26657080015458845,4.161175054345433
2023,2024-02-17,2023020855,STL,NSH,0.0,-2.0,4.0,shot_microstats,3124,0.4129282354073189,-0.41945108473218023,4.325561658829205,0.477494703692096,-0.10775649871320381,4.680125278285302
2023,2024-02-17,2023020856,TBL,FLA,0.0,-5.0,7.0,shot_microstats,3124,0.44094616332261183,-0.2715425538015661,4.130277379446005,0.46989580298146133,-0.1195607516726237,4.048342107793917
2023,2024-02-17,2023020857,MTL,WSH,0.0,-1.0,5.0,shot_microstats,3124,0.5059019770421863,0.06798246037874191,4.191103843720946,0.4770581099251256,-0.06103426096788972,4.419802442565913
2023,2024-02-17,2023020858,TOR,ANA,1.0,3.0,5.0,shot_microstats,3124,0.5992834658653579,0.5610725644445415,4.131409475881945,0.635291053937105,0.6078095978424436,4.30481898070445
2023,2024-02-17,2023020859,NJD,PHI,1.0,3.0,7.0,shot_microstats,3124,0.5066489184543509,0.07155179747935204,4.131046020504749,0.47677986697853786,-0.1257444908590516,4.235007536799584
2023,2024-02-17,2023020860,VAN,WPG,0.0,-1.0,3.0,shot_microstats,3124,0.48073962222076067,-0.06378764999085684,4.025780038516853,0.49332404428100546,0.03231971366458697,3.943715975007202
2023,2024-02-17,2023020861,SJS,CBJ,0.0,-2.0,6.0,shot_microstats,3124,0.3875489681933095,-0.5556784096902976,4.57071303836353,0.3316195736697209,-0.8425962387366656,5.0276994649479025
2023,2024-02-17,2023020862,VGK,CAR,0.0,-1.0,3.0,shot_microstats,3124,0.4123953149611607,-0.42271646545480895,4.244389746831416,0.4126354336975905,-0.34571458182219306,4.060325787391024
2023,2024-02-18,2023020864,COL,ARI,1.0,2.0,6.0,shot_microstats,3124,0.5942514247606642,0.5335139691174225,4.087738531665652,0.6391921440853893,0.7330416109625929,4.434281431783981
2023,2024-02-18,2023020865,PIT,LAK,0.0,-1.0,1.0,shot_microstats,3124,0.45594124145102477,-0.191396052534061,4.397614995611558,0.5127184374556094,0.06429877309127041,4.1887788375130866
2023,2024-02-19,2023020866,BUF,ANA,0.0,-2.0,4.0,shot_microstats,3124,0.5595023074188604,0.3478176193241182,4.0719988676364265,0.581966432932645,0.39755202186580524,4.57102147877179
2023,2024-02-19,2023020867,BOS,DAL,0.0,-1.0,5.0,shot_microstats,3124,0.4425303210364691,-0.26312179606700303,4.144617481032759,0.4466496145317964,-0.24490682900682126,4.28877831788713
2023,2024-02-19,2023020869,MIN,VAN,0.0,-1.0,9.0,shot_microstats,3124,0.5305177270401856,0.1942412116732532,3.8125311426089326,0.5631611454831766,0.35414986497555584,3.7088270766266738
2023,2024-02-19,2023020870,SEA,DET,0.0,-2.0,4.0,shot_microstats,3124,0.6516861037648254,0.8526818006341657,4.004064370164777,0.6095724281224992,0.6858545466869348,4.210910131404599
2023,2024-02-19,2023020871,ARI,EDM,0.0,-1.0,5.0,shot_microstats,3124,0.3004868234314102,-1.0591466242344685,4.647347712047545,0.31871374348323483,-0.9296552843452868,4.930516790913146
2023,2024-02-19,2023020872,CGY,WPG,1.0,3.0,5.0,shot_microstats,3124,0.4222248310092906,-0.37044220757402013,4.190540835820659,0.46481663264314216,-0.1692659065884503,4.307693284652441
2023,2024-02-19,2023020873,SJS,VGK,0.0,-3.0,3.0,shot_microstats,3124,0.30210795825794406,-1.049958838195065,4.50489971987797,0.3070746393287498,-1.07126391901945,4.659256612060281
2023,2024-02-19,2023020874,CAR,CHI,1.0,3.0,5.0,shot_microstats,3124,0.747902498621621,1.4628004098598435,4.526588253116885,0.757247217769346,1.4603685089001255,5.098857868462055
2023,2024-02-19,2023020875,TBL,OTT,0.0,-1.0,5.0,shot_microstats,3124,0.5393441495698685,0.2424239208948294,4.183898263105311,0.5769166186229377,0.4223560876899318,4.260319838631172
2023,2024-02-20,2023020877,NYR,DAL,1.0,1.0,1.0,shot_microstats,3124,0.42733540043785184,-0.3426878057498076,4.304383874079672,0.47290978344790807,-0.18238936335046896,4.521956153791881
2023,2024-02-20,2023020879,WSH,NJD,1.0,3.0,7.0,shot_microstats,3124,0.3970298674125366,-0.5050693421088318,4.355033796575128,0.4007942723225539,-0.45346128601636415,4.715874743302051
2023,2024-02-20,2023020880,WPG,MIN,1.0,2.0,4.0,shot_microstats,3124,0.6040888735219134,0.5852819102158142,3.82812706443723,0.6234341176955815,0.6948191709272751,3.890678024440254
2023,2024-02-20,2023020881,COL,VAN,1.0,1.0,3.0,shot_microstats,3124,0.5369421801810155,0.22864089100988771,3.966216928270964,0.6145539155623149,0.5802061376636518,3.8084950024764184
2023,2024-02-20,2023020882,VGK,NSH,0.0,-2.0,6.0,shot_microstats,3124,0.5337496170177414,0.21304036113381924,4.166375667536618,0.5432411831346012,0.27135168668541637,4.2976183304462845
2023,2024-02-20,2023020883,LAK,CBJ,1.0,2.0,4.0,shot_microstats,3124,0.6824908400261659,1.037405289921654,4.367393748086444,0.68995401453448,1.0567797958978038,4.749862389246314
2023,2024-02-21,2023020884,MTL,BUF,1.0,1.0,3.0,shot_microstats,3124,0.4255370715282111,-0.35194662747220606,4.3639306574219265,0.3615479972808406,-0.6895095261065136,4.622053540191882
2023,2024-02-21,2023020885,CHI,PHI,0.0,-2.0,4.0,shot_microstats,3124,0.31880471893492623,-0.9496942350015347,4.276906011564302,0.30445424851958586,-1.0678075114726873,4.395646344618309
2023,2024-02-21,2023020886,ANA,CBJ,0.0,-4.0,8.0,shot_microstats,3124,0.5518026516050071,0.3078184666402757,4.1772959510644565,0.5333375502841755,0.2337186173604463,4.596904457117251
2023,2024-02-21,2023020887,ARI,TOR,0.0,-1.0,5.0,shot_microstats,3124,0.44861703766174676,-0.2301911993001033,4.325785437235592,0.44685493879653626,-0.19961096526818056,4.738131255396946
2023,2024-02-21,2023020888,EDM,BOS,1.0,1.0,9.0,shot_microstats,3124,0.653895016367903,0.8684707515304675,4.3910993111361645,0.6613001602912282,0.8981056781093153,4.3256177503562565
2023,2024-02-22,2023020890,DET,COL,0.0,-1.0,1.0,shot_microstats,3124,0.41405446406079205,-0.41439611143145494,4.130518770110234,0.38975521823658826,-0.5372947253722535,4.284646404573541
2023,2024-02-22,2023020891,NJD,NYR,0.0,-2.0,4.0,shot_microstats,3124,0.5526745913802977,0.31301978857965224,4.280521942501016,0.48365710972022774,-0.032000504055978096,4.387304951849275
2023,2024-02-22,2023020892,OTT,DAL,1.0,2.0,4.0,shot_microstats,3124,0.4249100521191408,-0.3557081800742479,4.278382465183928,0.4667507777528411,-0.19346795182576093,4.3822208942328
2023,2024-02-22,2023020893,PIT,MTL,1.0,1.0,3.0,shot_microstats,3124,0.6318569133948221,0.742826855853423,4.394137830832927,0.6515141234331034,0.8060668073070674,4.545364301848523
2023,2024-02-22,2023020894,TBL,WSH,0.0,-1.0,7.0,shot_microstats,3124,0.606293159700998,0.5993691532003581,4.145896517019217,0.6383037864986447,0.7448084506763873,4.3825047183276675
2023,2024-02-22,2023020895,STL,NYI,1.0,2.0,2.0,shot_microstats,3124,0.4315272976237125,-0.32012479723776005,4.369850028999778,0.5191507300078798,0.07630154693256008,4.731737148112796
2023,2024-02-22,2023020897,SEA,VAN,1.0,1.0,5.0,shot_microstats,3124,0.5535180691633941,0.31557887366790793,3.954495980637575,0.5550198564424884,0.31898814513382806,3.9803020449254096
2023,2024-02-22,2023020898,VGK,TOR,0.0,-4.0,10.0,shot_microstats,3124,0.5023668267766531,0.050024812827298204,4.2732348595898,0.4994506275123097,0.1141765494939328,4.431688477473225
2023,2024-02-22,2023020899,LAK,NSH,0.0,-1.0,1.0,shot_microstats,3124,0.6138144406172448,0.6403657862640693,4.105934453278549,0.6620989644085382,0.847642167162845,4.379099937707105
2023,2024-02-23,2023020900,CBJ,BUF,0.0,-2.0,2.0,shot_microstats,3124,0.4255175296991499,-0.3514787618760229,4.478417037845528,0.3725420574868403,-0.6755615490870125,4.9971130020249745
2023,2024-02-23,2023020902,EDM,MIN,0.0,-3.0,3.0,shot_microstats,3124,0.645090216733169,0.8165186120404635,4.224422783307434,0.6728897100093834,0.9324317009215859,3.9790371601746695
2023,2024-02-24,2023020903,NJD,MTL,1.0,1.0,5.0,shot_microstats,3124,0.6292325297590483,0.7272298906963303,4.279657626814375,0.5880468108702059,0.46826245418792395,4.543322173911157
2023,2024-02-24,2023020904,NYI,TBL,0.0,-2.0,2.0,shot_microstats,3124,0.4773784536173588,-0.08005500570170505,4.269865795094453,0.4494006562770915,-0.2237035523651758,4.361432691534966
2023,2024-02-24,2023020906,FLA,WSH,1.0,1.0,1.0,shot_microstats,3124,0.6812748042707681,1.0274302813524518,4.0627767338756,0.6996242876576665,1.1270485223431665,4.22100116156988
2023,2024-02-24,2023020907,CAR,DAL,0.0,-1.0,3.0,shot_microstats,3124,0.5628377093093269,0.3658024889609633,4.130583453686962,0.5595395890406877,0.32458168552035416,4.45258958148455
2023,2024-02-24,2023020909,DET,STL,1.0,4.0,6.0,shot_microstats,3124,0.5416603510288021,0.2542100184712799,4.121219823824218,0.4966609242312235,0.037113989478008924,4.351960369767759
2023,2024-02-24,2023020910,OTT,VGK,1.0,1.0,3.0,shot_microstats,3124,0.509060319493849,0.08452482867650157,4.211035752648754,0.5761017474163307,0.32255064227334423,4.313018120671814
2023,2024-02-24,2023020911,VAN,BOS,0.0,-1.0,3.0,shot_microstats,3124,0.5729450307020515,0.41851742932429026,3.9720453188476457,0.5676439202259559,0.45331707826849155,4.053715738442117
2023,2024-02-24,2023020912,EDM,CGY,0.0,-2.0,6.0,shot_microstats,3124,0.65661205710129,0.8854284681815328,4.533998307867172,0.6709281117114855,0.9406161079744957,4.1376718979227505
2023,2024-02-25,2023020916,NJD,TBL,0.0,-3.0,3.0,shot_microstats,3124,0.5365210195117923,0.22788812928036495,4.227992264199187,0.47513230362053355,-0.08845249505697939,4.317550025404558
2023,2024-02-25,2023020917,PIT,PHI,1.0,1.0,9.0,shot_microstats,3124,0.5013590568875791,0.044748197993340344,4.266993636748305,0.5367000484584816,0.17008188186366446,4.199041296778172
2023,2024-02-25,2023020921,WPG,ARI,0.0,-1.0,3.0,shot_microstats,3124,0.6206842678223515,0.6780869647850146,4.070884355332639,0.6056515638743571,0.62725633759028,4.529168485712476
2023,2024-02-25,2023020922,ANA,NSH,0.0,-2.0,4.0,shot_microstats,3124,0.45821462910595273,-0.18101512499224182,4.094059054973154,0.4732350604142178,-0.10459017700883544,4.335516317936738
2023,2024-02-26,2023020923,WSH,OTT,1.0,2.0,6.0,shot_microstats,3124,0.45387602369167385,-0.2030603726253693,4.231280868172671,0.4609107366003191,-0.1626975432388449,4.348145386039262
2023,2024-02-26,2023020924,DAL,NYI,0.0,-1.0,3.0,shot_microstats,3124,0.6123081333934585,0.6325557032319147,4.175901551673463,0.6126912865184039,0.6128638458858529,4.41585311451935
2023,2024-02-26,2023020925,EDM,LAK,1.0,1.0,5.0,shot_microstats,3124,0.5589015672642843,0.34680029606152213,4.429835206849189,0.5880359511631299,0.48356595959781723,4.068334359066402
2023,2024-02-27,2023020927,DET,WSH,1.0,4.0,8.0,shot_microstats,3124,0.5060962810060357,0.06860763764126906,4.117954807434525,0.4910388105753569,0.012418185454168174,4.3902702704939225
2023,2024-02-27,2023020929,MTL,ARI,1.0,1.0,5.0,shot_microstats,3124,0.4647504034308407,-0.14612119675545637,4.235344350664803,0.4175297269345885,-0.3876403758223935,4.719492718387421
2023,2024-02-27,2023020930,PHI,TBL,1.0,4.0,4.0,shot_microstats,3124,0.561571034524891,0.35837776829679036,4.0071651991688,0.5410755927626304,0.23467210495150959,4.318340952042341
2023,2024-02-27,2023020931,TOR,VGK,0.0,-3.0,7.0,shot_microstats,3124,0.5320420190219445,0.20471994422399287,4.274769328328061,0.5828567819663686,0.30038618165308617,4.345166815748781
2023,2024-02-27,2023020932,MIN,CAR,0.0,-1.0,5.0,shot_microstats,3124,0.43351312304286227,-0.31128303312241734,4.034953068882531,0.4628923690592657,-0.13161981223940844,3.9337532456742035
2023,2024-02-27,2023020933,NSH,OTT,1.0,3.0,3.0,shot_microstats,3124,0.5314875481670714,0.2011897716273918,4.1620084528242245,0.5823398786028616,0.4279812065354014,4.159420314383152
2023,2024-02-27,2023020934,WPG,STL,1.0,2.0,6.0,shot_microstats,3124,0.6753782257247094,0.9929883555639145,4.177994207058067,0.6605234947868537,0.9326354040718872,4.296304356285955
2023,2024-02-27,2023020935,CGY,LAK,1.0,1.0,5.0,shot_microstats,3124,0.40253204558317474,-0.4757790778535676,4.252829016652334,0.4515558864804186,-0.20901798325144694,4.228752228170062
2023,2024-02-27,2023020936,COL,DAL,1.0,3.0,5.0,shot_microstats,3124,0.48738367789070963,-0.028744940086780732,4.116026223348863,0.5676436334489918,0.3340785012704377,4.166647472445476
2023,2024-02-27,2023020937,VAN,PIT,0.0,-1.0,3.0,shot_microstats,3124,0.5027397833766535,0.05178389223253975,4.239115710208287,0.5181421241683376,0.203773025778671,4.213385404950903
2023,2024-02-27,2023020938,SJS,NJD,0.0,-5.0,9.0,shot_microstats,3124,0.2830560177930437,-1.1694498079723545,4.586251646105984,0.2659467236927979,-1.2345816484367071,4.929644340330318
2023,2024-02-28,2023020939,NYR,CBJ,1.0,1.0,1.0,shot_microstats,3124,0.577098078711034,0.4430093466690074,4.351235528337275,0.5852274149903441,0.430676254194745,4.820481408087481
2023,2024-02-29,2023020941,BOS,VGK,1.0,1.0,7.0,shot_microstats,3124,0.505573837078559,0.0661639480994024,4.170097190444645,0.5388862189509381,0.1627029734254526,4.296101576474774
2023,2024-02-29,2023020942,CBJ,CAR,0.0,-2.0,4.0,shot_microstats,3124,0.30308160024210656,-1.0438051550087029,4.528915395024096,0.3003184366628852,-1.0751274901912626,4.76494447036972
2023,2024-02-29,2023020943,DET,NYI,0.0,-1.0,5.0,shot_microstats,3124,0.4527159581052021,-0.2089992201685354,4.2603038038651775,0.4789385596153139,-0.10692048546411148,4.595332634051993
2023,2024-02-29,2023020944,FLA,MTL,0.0,-1.0,3.0,shot_microstats,3124,0.6866930921447356,1.0607079019184043,4.113736269400755,0.7011541901108203,1.1082894063870807,4.386454772704884
2023,2024-02-29,2023020946,TOR,ARI,1.0,2.0,4.0,shot_microstats,3124,0.5632303031176512,0.3685484619836882,4.241620513784495,0.5601137177033866,0.2406213512890405,4.63207450810041
2023,2024-02-29,2023020947,DAL,WPG,1.0,3.0,3.0,shot_microstats,3124,0.541274815490463,0.2520722737430937,4.100463501082229,0.5108725239538628,0.09071369191244683,4.179996321679939
2023,2024-02-29,2023020948,NSH,MIN,1.0,3.0,5.0,shot_microstats,3124,0.5308074635567676,0.19638043971292726,3.930893913657948,0.5801386145659655,0.39316446117025317,3.9215490835086864
2023,2024-02-29,2023020949,CHI,COL,0.0,-4.0,4.0,shot_microstats,3124,0.33067977044792357,-0.8789006334391759,4.321474175322117,0.3004897718364688,-1.0895077440845378,4.36567532744056
2023,2024-02-29,2023020950,SEA,PIT,1.0,1.0,1.0,shot_microstats,3124,0.5140532757865406,0.11087484530664762,4.276539270036465,0.518293600559764,0.16176696612943953,4.461827616485027
2023,2024-02-29,2023020951,VAN,LAK,0.0,-4.0,4.0,shot_microstats,3124,0.4679294487008694,-0.13046032153268453,4.047837047779626,0.48273002600433546,0.011979777951661524,3.8133416908202546
2023,2024-02-29,2023020952,SJS,ANA,0.0,-1.0,3.0,shot_microstats,3124,0.37619025043906135,-0.6194551421800615,4.332663371276116,0.3575254681800326,-0.7477539755253519,4.64057138259962
2023,2024-03-01,2023020954,WSH,PHI,1.0,3.0,5.0,shot_microstats,3124,0.42032215385090577,-0.3809725984858754,4.113643079410745,0.4230374316200822,-0.37376017515325455,4.2436621816925415
2023,2024-03-01,2023020955,ANA,NJD,1.0,3.0,5.0,shot_microstats,3124,0.43460166834127717,-0.30465096012750165,4.209405842071813,0.4525760767211811,-0.16178952055588758,4.522575775184828
2023,2024-03-02,2023020956,CAR,WPG,0.0,-1.0,5.0,shot_microstats,3124,0.5926467923492318,0.5248944103183468,4.096098688860885,0.5914717403814436,0.4773456663983306,4.354653305536899
2023,2024-03-02,2023020957,NYI,BOS,1.0,3.0,5.0,shot_microstats,3124,0.5063571655578919,0.07046511309696078,4.212586572131438,0.49276603893734955,-0.01227887967768937,4.448235835074049
2023,2024-03-02,2023020958,SEA,EDM,0.0,-2.0,2.0,shot_microstats,3124,0.3785993968367654,-0.6051993043202976,4.512785704410506,0.4053150461338359,-0.43621617338069196,4.707412384534239
2023,2024-03-02,2023020959,NSH,COL,1.0,1.0,3.0,shot_microstats,3124,0.49868968986708834,0.030024874193932224,4.107428505022392,0.5311476938780734,0.1332580087671308,4.111248544167255
2023,2024-03-02,2023020960,BUF,VGK,1.0,3.0,5.0,shot_microstats,3124,0.49187792119848195,-0.004696284357145961,4.244595334604032,0.5194626823372605,0.06185472117417368,4.655978638898453
2023,2024-03-02,2023020961,DET,FLA,0.0,-2.0,2.0,shot_microstats,3124,0.3624273549234673,-0.6972546716426611,4.156789937895257,0.3441497140939345,-0.7421823743284945,4.1717198721305415
2023,2024-03-02,2023020962,PHI,OTT,1.0,1.0,3.0,shot_microstats,3124,0.5838527225664275,0.47704061081866833,4.012611457097503,0.5927325976365404,0.49735753330940347,4.27904941346316
2023,2024-03-02,2023020963,TBL,MTL,0.0,-1.0,5.0,shot_microstats,3124,0.622900262705003,0.6909274893644157,4.147524448192158,0.6423886920762449,0.7619595768165461,4.511169877252748
2023,2024-03-02,2023020964,TOR,NYR,1.0,1.0,5.0,shot_microstats,3124,0.5468237912555445,0.28235467000682624,4.301647683701384,0.5294441270761848,0.12967098965461843,4.433138665085489
2023,2024-03-02,2023020965,CHI,CBJ,0.0,-2.0,6.0,shot_microstats,3124,0.4200244926635059,-0.38071060987141225,4.483242211471894,0.36362857327932613,-0.6812354903923561,4.8395538367161155
2023,2024-03-02,2023020966,DAL,SJS,0.0,-1.0,3.0,shot_microstats,3124,0.7410346581433613,1.4164116405674954,4.63615710789578,0.7310336519617613,1.353498388749319,4.979241710123416
2023,2024-03-02,2023020968,CGY,PIT,1.0,1.0,5.0,shot_microstats,3124,0.4463367932759073,-0.241731479934011,4.414813941547809,0.49438845173174606,0.024512705888057984,4.603717014080616
2023,2024-03-03,2023020969,WSH,ARI,0.0,-2.0,2.0,shot_microstats,3124,0.493363058290427,0.0026918607057302563,4.179558184765364,0.4603389590383973,-0.15770247423587502,4.714278814558377
2023,2024-03-03,2023020970,LAK,NJD,1.0,2.0,4.0,shot_microstats,3124,0.5805300913869416,0.46033020523563484,4.188861953541069,0.6097379720200508,0.6256491788363518,4.5444074939437265
2023,2024-03-03,2023020971,BUF,WPG,0.0,-1.0,3.0,shot_microstats,3124,0.4550687319627375,-0.19672531165407836,4.247647311320941,0.45143393791307257,-0.2526545072620531,4.631660774077385
2023,2024-03-03,2023020972,MIN,SJS,1.0,2.0,4.0,shot_microstats,3124,0.7157559295880623,1.2437367805140807,4.211385874253924,0.747035382574023,1.4219493015811824,4.595784801657733
2023,2024-03-03,2023020973,ANA,VAN,0.0,-1.0,3.0,shot_microstats,3124,0.44165644886778677,-0.26851706562775673,3.9864586199149787,0.4716459824472912,-0.130459523873647,3.9824098871695353
2023,2024-03-03,2023020974,EDM,PIT,1.0,5.0,7.0,shot_microstats,3124,0.599492981350182,0.5658294878323655,4.65015069473788,0.6234754862028706,0.6946967055443354,4.480841076843293
2023,2024-03-04,2023020975,CBJ,VGK,1.0,2.0,8.0,shot_microstats,3124,0.4086103538304726,-0.4418467778561366,4.483780845069376,0.42531246792903266,-0.45055370160891384,4.909185266752558
2023,2024-03-04,2023020976,NYR,FLA,0.0,-2.0,2.0,shot_microstats,3124,0.4198067594854513,-0.38340501331750304,4.176775060123283,0.46099948240230076,-0.20095452113934742,4.218997949294105
2023,2024-03-04,2023020978,TOR,BOS,0.0,-2.0,4.0,shot_microstats,3124,0.5515970002607032,0.30715503980262515,4.248803127607306,0.5593541716395366,0.2524547011126179,4.5026637992907155
2023,2024-03-04,2023020979,COL,CHI,1.0,3.0,3.0,shot_microstats,3124,0.6985512579002227,1.1348515639348724,4.236275830323089,0.7656103323521576,1.4869678673634195,4.5669853937769735
2023,2024-03-04,2023020980,CGY,SEA,0.0,-2.0,4.0,shot_microstats,3124,0.4675351592848312,-0.1320921254953898,4.132818979894968,0.5183056948555456,0.07392876508974977,4.413281270503541
2023,2024-03-05,2023020981,BOS,EDM,1.0,1.0,1.0,shot_microstats,3124,0.3182327385531056,-0.9511043401878975,4.62683424090921,0.3522995028845151,-0.7608681596396167,4.7924981363986525
2023,2024-03-05,2023020982,NJD,FLA,0.0,-1.0,5.0,shot_microstats,3124,0.4715713928080076,-0.11086500072718676,4.165056368389877,0.4246028137362327,-0.3278796709894656,4.058193918253059
2023,2024-03-05,2023020983,PIT,CBJ,1.0,1.0,5.0,shot_microstats,3124,0.6114848096694844,0.6306886064611792,4.546328734013327,0.5947717189543797,0.5353211146109647,4.795528297702025
2023,2024-03-05,2023020984,NYI,STL,1.0,1.0,5.0,shot_microstats,3124,0.6008769126774149,0.5703962518075576,4.230560064205878,0.5671628032368666,0.3731870685559558,4.313165289654998
2023,2024-03-05,2023020986,WPG,SEA,1.0,1.0,5.0,shot_microstats,3124,0.5381002120290148,0.23505056057133655,4.03002095934206,0.5631670082649625,0.3337985877328358,4.262335239651012
2023,2024-03-05,2023020987,ARI,CHI,1.0,2.0,2.0,shot_microstats,3124,0.6383030885120323,0.777847457289956,4.215955523595545,0.6564423595814394,0.8082173541150889,4.809018105053891
2023,2024-03-06,2023020991,COL,DET,1.0,4.0,6.0,shot_microstats,3124,0.6370727505222985,0.769567530558273,4.03670875299766,0.6658333991085317,0.9421290742069167,4.123551562267997
2023,2024-03-06,2023020992,ANA,OTT,1.0,1.0,3.0,shot_microstats,3124,0.4754356763088392,-0.09109180631748517,4.090601069565837,0.500062462095865,0.045113650308702624,4.170429167058563
2023,2024-03-07,2023020993,BOS,TOR,1.0,2.0,2.0,shot_microstats,3124,0.47388516802531666,-0.09822256960714974,4.278147972059578,0.4718222521373246,-0.0646250223823076,4.5343426029834735
2023,2024-03-07,2023020994,CAR,MTL,1.0,1.0,3.0,shot_microstats,3124,0.69775050725808,1.1304935009744546,4.30492142388038,0.6890748679642147,1.048138765455261,4.755097200481399
2023,2024-03-07,2023020995,CBJ,EDM,1.0,2.0,4.0,shot_microstats,3124,0.2494869064627262,-1.3919254010738056,4.8716501964361125,0.26586819687993185,-1.3112765616021471,5.3651031073861075
2023,2024-03-07,2023020997,NJD,STL,1.0,1.0,3.0,shot_microstats,3124,0.6523947619464892,0.8591910268234662,4.316311198986311,0.5903462371450248,0.501261089048798,4.418373620192891
2023,2024-03-07,2023020998,PIT,WSH,0.0,-4.0,4.0,shot_microstats,3124,0.6010553990160825,0.5719131022864132,4.310633078095042,0.6209428036302427,0.653522584924613,4.350456487669319
2023,2024-03-07,2023020999,TBL,CGY,0.0,-2.0,8.0,shot_microstats,3124,0.5512486129951552,0.30460297026136407,4.125738516752798,0.5674807737562263,0.3646373724736461,4.079833476100629
2023,2024-03-07,2023021001,ARI,MIN,0.0,-1.0,3.0,shot_microstats,3124,0.487904284721438,-0.026845516187028004,3.9568150372162796,0.49626196630630537,-0.02183885302308819,4.152499248995277
2023,2024-03-07,2023021004,SJS,NYI,0.0,-4.0,6.0,shot_microstats,3124,0.31464998055426285,-0.9729628609822585,4.574140143263524,0.3272420152196949,-0.9398430531183599,4.864175588561427
2023,2024-03-08,2023021005,ARI,DET,1.0,3.0,3.0,shot_microstats,3124,0.5741629406067926,0.4258520917998637,4.113449514455155,0.5370792993780458,0.25942693850260234,4.457288505654965
2023,2024-03-08,2023021007,ANA,DAL,0.0,-2.0,4.0,shot_microstats,3124,0.3804623956268559,-0.5967048748188176,4.165982799032969,0.407067015329924,-0.447658276696283,4.319980417136807
2023,2024-03-08,2023021008,SEA,WPG,0.0,-2.0,2.0,shot_microstats,3124,0.5175879637669818,0.1280984373625085,4.055551181019185,0.5018913479263629,0.04812434586114511,4.180394977530285
2023,2024-03-09,2023021010,CBJ,NSH,0.0,-1.0,3.0,shot_microstats,3124,0.4079614881980094,-0.4454992385604569,4.451449107469356,0.39787677845946523,-0.5397529432409534,4.956082556279981
2023,2024-03-09,2023021012,BOS,PIT,1.0,3.0,5.0,shot_microstats,3124,0.46691237414940806,-0.13429215613138645,4.34059926905005,0.4735072157666066,-0.08770659570023942,4.463788545701581
2023,2024-03-09,2023021013,FLA,CGY,1.0,3.0,3.0,shot_microstats,3124,0.6253842085573486,0.7037190198529971,3.999108509432852,0.6313948383909737,0.7135105638045082,3.8663078005041407
2023,2024-03-09,2023021014,MTL,TOR,0.0,-2.0,4.0,shot_microstats,3124,0.39293184068805576,-0.526874873657008,4.4512759160641515,0.3759366486802277,-0.5630486308796363,4.7532135012500705
2023,2024-03-09,2023021016,TBL,PHI,1.0,4.0,4.0,shot_microstats,3124,0.5019536767011049,0.04652130773778027,4.014637488108807,0.5378444000512939,0.1912368984808387,4.158175144762101
2023,2024-03-09,2023021017,WSH,CHI,1.0,2.0,4.0,shot_microstats,3124,0.6198738352162331,0.674291919538676,4.171024981364823,0.6256078332326338,0.6660842883945906,4.7007879500870136
2023,2024-03-09,2023021018,NYR,STL,1.0,1.0,1.0,shot_microstats,3124,0.6099349764411859,0.6197620347899644,4.211251197453141,0.6340317427417559,0.6666487111303221,4.475524392636414
2023,2024-03-09,2023021019,VAN,WPG,1.0,4.0,4.0,shot_microstats,3124,0.5193309041594599,0.13689078922044584,4.001186117744058,0.5254677132326296,0.20731371561658787,3.9101066390436
2023,2024-03-09,2023021020,VGK,DET,1.0,2.0,6.0,shot_microstats,3124,0.6051795540278142,0.5932274370916845,4.137461625643876,0.5724332354815068,0.48265216226361035,4.2702518720012765
2023,2024-03-09,2023021021,LAK,DAL,0.0,-1.0,3.0,shot_microstats,3124,0.5445231231674427,0.269091381094247,4.097078554533244,0.5712650329938664,0.37400435646067387,4.3570315029219415
2023,2024-03-10,2023021022,PIT,EDM,0.0,-4.0,4.0,shot_microstats,3124,0.3513816801257292,-0.7565011364678944,4.791218762083645,0.4077830060048278,-0.4715509041972531,4.848151687659924
2023,2024-03-10,2023021024,CAR,CGY,1.0,4.0,8.0,shot_microstats,3124,0.6436770130334714,0.808015672807407,4.167191585735913,0.6340246932986319,0.7400461195815389,4.207712037080588
2023,2024-03-10,2023021025,CHI,ARI,1.0,2.0,6.0,shot_microstats,3124,0.3882131287575271,-0.5531826743988739,4.345423536136441,0.35158822620175945,-0.7706993423146479,4.753327574792971
2023,2024-03-10,2023021026,ANA,NYI,0.0,-4.0,6.0,shot_microstats,3124,0.46711043343624936,-0.13425549250555746,4.143629038726924,0.5292261494206305,0.15348602174143866,4.384773267085531
2023,2024-03-11,2023021027,BOS,STL,0.0,-2.0,4.0,shot_microstats,3124,0.6315684007027328,0.7391460078539749,4.117639183659016,0.6093682304088747,0.5985610333686384,4.249527021231577
2023,2024-03-11,2023021028,NYR,NJD,1.0,2.0,2.0,shot_microstats,3124,0.4533429153959857,-0.20533877433708747,4.334233321092219,0.5076271208804619,0.02872336147927501,4.709309663244332
2023,2024-03-11,2023021029,WPG,WSH,1.0,3.0,3.0,shot_microstats,3124,0.6308875483624803,0.7351476745954174,4.092986155280972,0.6353437168810663,0.7984668726628501,4.300274327200039
2023,2024-03-11,2023021030,LAK,NYI,1.0,2.0,2.0,shot_microstats,3124,0.6181571639793547,0.6646060867973705,4.145346074999207,0.6763020435070577,0.9182843886289177,4.485865337792071
2023,2024-03-12,2023021031,BUF,DET,1.0,5.0,9.0,shot_microstats,3124,0.5907789245316215,0.5151885422679833,4.154867709786522,0.5499408673825369,0.3295823304196914,4.669766551516916
2023,2024-03-12,2023021032,CAR,NYR,0.0,-1.0,1.0,shot_microstats,3124,0.6557598432701898,0.8775963591396,4.183100015594649,0.6191593833663911,0.7040845333012526,4.4962631382552924
2023,2024-03-12,2023021033,MTL,CBJ,1.0,2.0,2.0,shot_microstats,3124,0.4983772568359209,0.030099214894487705,4.42859376914847,0.44289900226358064,-0.23100070713517235,4.850679689601657
2023,2024-03-12,2023021034,OTT,PIT,1.0,1.0,1.0,shot_microstats,3124,0.4597095289077362,-0.17163123246053863,4.40341180556777,0.5082161453414817,0.041206806629586756,4.513460131556594
2023,2024-03-12,2023021035,PHI,SJS,1.0,1.0,1.0,shot_microstats,3124,0.7287505968854061,1.3305216670231954,4.372568344731701,0.7374017864579733,1.335920726426774,4.994636877452024
2023,2024-03-12,2023021036,DAL,FLA,1.0,1.0,3.0,shot_microstats,3124,0.5290738947537833,0.1877942051616823,4.0179444484396685,0.49403899506080556,0.0689295537321486,3.907225411162342
2023,2024-03-12,2023021038,CHI,ANA,1.0,2.0,4.0,shot_microstats,3124,0.43794567861600303,-0.28721493833046474,4.16211179854447,0.43568168291813814,-0.3577664096938624,4.368995725777994
2023,2024-03-12,2023021039,CGY,COL,0.0,-3.0,7.0,shot_microstats,3124,0.4726047205672681,-0.10535367409676656,4.189056293492903,0.4971158455964398,0.003569266426526718,4.334276059451143
2023,2024-03-12,2023021040,SEA,VGK,1.0,2.0,6.0,shot_microstats,3124,0.5520600077943743,0.30865031702106527,4.086726792402395,0.562391433268306,0.32659372737004494,4.261453875616094
2023,2024-03-13,2023021041,STL,LAK,1.0,2.0,4.0,shot_microstats,3124,0.310919541789717,-0.9969836902781901,4.332562357054569,0.3660843999506153,-0.6770514279000017,4.429638355851485
2023,2024-03-13,2023021042,WPG,NSH,0.0,-3.0,5.0,shot_microstats,3124,0.5623495118306299,0.36318647498014967,4.125217054515522,0.5692069366871039,0.42073024056311586,4.33877890114727
2023,2024-03-13,2023021043,EDM,WSH,1.0,3.0,5.0,shot_microstats,3124,0.6967778700423939,1.1271073114277737,4.586126702120303,0.7052649350838308,1.1709996813511987,4.448691571710168
2023,2024-03-14,2023021045,BUF,NYI,1.0,2.0,2.0,shot_microstats,3124,0.5058228608956485,0.06798086411965576,4.2680756550143615,0.543202055501665,0.19386859960282254,4.812078925820198
2023,2024-03-14,2023021046,CAR,FLA,1.0,3.0,3.0,shot_microstats,3124,0.577192897043491,0.4413556017743018,4.004549499102471,0.5640358707579449,0.4059584420173967,4.112223105022799
2023,2024-03-14,2023021047,CBJ,OTT,0.0,-2.0,2.0,shot_microstats,3124,0.4236041421774553,-0.3617408470086546,4.461834944057338,0.41781534642802415,-0.42525340242910503,4.8565114735677435
2023,2024-03-14,2023021048,DET,ARI,0.0,-2.0,2.0,shot_microstats,3124,0.47588686807008485,-0.08816720686176091,4.203631246776143,0.42645006625796994,-0.31800532643850177,4.762725494869128
2023,2024-03-14,2023021050,PHI,TOR,0.0,-6.0,6.0,shot_microstats,3124,0.5400154964006144,0.24548898136756236,4.103449620783513,0.5368244652572601,0.2499165106572364,4.56107434174987
2023,2024-03-14,2023021051,PIT,SJS,1.0,2.0,8.0,shot_microstats,3124,0.6981530236450655,1.1364840820674948,4.668355983762773,0.7294763893226296,1.2706121311363474,4.985630685779022
2023,2024-03-14,2023021053,DAL,NJD,0.0,-4.0,8.0,shot_microstats,3124,0.560370134340514,0.3531289005198921,4.194815501474982,0.5402587315596508,0.29223290562046966,4.405505134222301
2023,2024-03-14,2023021054,MIN,ANA,1.0,2.0,2.0,shot_microstats,3124,0.6417844329386508,0.7942895494410697,3.75649773149024,0.6714210400811438,0.9303445249368945,3.9139900181439375
2023,2024-03-14,2023021055,CGY,VGK,1.0,2.0,4.0,shot_microstats,3124,0.49031961950117214,-0.012828714411602743,4.239933714606457,0.5476369004875806,0.23732552205908103,4.452512959171886
2023,2024-03-14,2023021056,SEA,WSH,0.0,-1.0,1.0,shot_microstats,3124,0.6283677205296513,0.7205411790525531,4.023241935106759,0.6121659916242469,0.654999235064993,4.272182253345751
2023,2024-03-15,2023021057,WPG,ANA,1.0,3.0,3.0,shot_microstats,3124,0.6532142210732041,0.8612841417147836,3.9762324644337896,0.6693665825884818,0.947830437073651,4.262524198583302
2023,2024-03-15,2023021058,CHI,LAK,0.0,-4.0,4.0,shot_microstats,3124,0.2836685416202507,-1.1670065978010886,4.353850045158776,0.28032730311707776,-1.2042697575392456,4.306017924642545
2023,2024-03-16,2023021059,DET,BUF,1.0,3.0,3.0,shot_microstats,3124,0.44220154331272543,-0.26433214283185325,4.249141487122635,0.37432934060519524,-0.6054194595888148,4.6054388744557535
2023,2024-03-16,2023021061,PIT,NYR,0.0,-1.0,7.0,shot_microstats,3124,0.5485026867948891,0.29151687229078366,4.35779323097159,0.5332370713385232,0.21371420709329603,4.417840099049473
2023,2024-03-16,2023021062,ARI,NJD,1.0,1.0,3.0,shot_microstats,3124,0.4341100797241803,-0.3066488173333992,4.33011158613198,0.43278695775252285,-0.29834699120342767,4.742184713917215
2023,2024-03-16,2023021063,FLA,TBL,0.0,-1.0,3.0,shot_microstats,3124,0.5955768618301149,0.5398515991651801,3.9559870757042397,0.5891575000503202,0.5017805650392693,4.064782604820752
2023,2024-03-16,2023021065,CBJ,SJS,1.0,1.0,5.0,shot_microstats,3124,0.6031478647561371,0.5846470760125035,4.4988507809445135,0.6058999870226647,0.5260849836182804,5.262135199498549
2023,2024-03-16,2023021066,CGY,MTL,1.0,1.0,5.0,shot_microstats,3124,0.590253006723324,0.5126938598088562,4.207719045768505,0.6180465443575377,0.6460276393065674,4.618972192466571
2023,2024-03-16,2023021067,TOR,CAR,1.0,3.0,5.0,shot_microstats,3124,0.40744905606865117,-0.44860808333049135,4.3813930347260435,0.4238000985397306,-0.4296639042492585,4.260528279955677
2023,2024-03-16,2023021068,DAL,LAK,1.0,2.0,4.0,shot_microstats,3124,0.5110246752333917,0.09417487024829323,4.1029373177881645,0.5030248352129856,0.06305928364511687,4.029151428725605
2023,2024-03-16,2023021069,STL,MIN,0.0,-1.0,3.0,shot_microstats,3124,0.38077360986065456,-0.5951314290738746,4.138772639731939,0.4379207351938819,-0.3075981518235077,4.28992660769295
2023,2024-03-16,2023021071,SEA,NSH,0.0,-2.0,2.0,shot_microstats,3124,0.5427025441896213,0.2592859052223586,4.051741002324962,0.5257073507397413,0.18100082635730336,4.282854760860993
2023,2024-03-16,2023021072,VAN,WSH,0.0,-1.0,3.0,shot_microstats,3124,0.6283743981503537,0.7203114126125603,3.984832329958568,0.6368659305202301,0.8176428177197971,3.9968470942727814
2023,2024-03-17,2023021073,NYR,NYI,1.0,4.0,6.0,shot_microstats,3124,0.5062202800751346,0.06985647172374523,4.232052944052762,0.5992814549682032,0.4334928742129667,4.582580366273458
2023,2024-03-17,2023021074,VGK,NJD,1.0,1.0,3.0,shot_microstats,3124,0.4780778986705443,-0.07621129706693006,4.308533927681475,0.4822898698301667,-0.0045200819927151414,4.520768536286749
2023,2024-03-17,2023021075,CBJ,WPG,0.0,-5.0,7.0,shot_microstats,3124,0.35687420666675584,-0.7267093263211314,4.514374306212512,0.3586393967658813,-0.7771653137341853,4.928770733168049
2023,2024-03-17,2023021076,CHI,SJS,1.0,2.0,6.0,shot_microstats,3124,0.5352235103268302,0.22175337096685677,4.342828820592704,0.5336654461276408,0.15437186411514564,4.7759813622998495
2023,2024-03-17,2023021077,OTT,CAR,0.0,-4.0,8.0,shot_microstats,3124,0.3788795842328923,-0.6046885397273813,4.310671853705593,0.42193000848623885,-0.40430695026487895,4.195949025449926
2023,2024-03-17,2023021078,PIT,DET,1.0,2.0,6.0,shot_microstats,3124,0.6123952082075371,0.6340595212720731,4.322068851659071,0.6063290415940478,0.6135273237005013,4.421994305825896
2023,2024-03-18,2023021081,SEA,BUF,0.0,-6.0,6.0,shot_microstats,3124,0.5745276732361142,0.4275054172556548,4.065519705807462,0.5040380233251197,0.08365578949837016,4.385430915578116
2023,2024-03-19,2023021082,BOS,OTT,1.0,3.0,5.0,shot_microstats,3124,0.5280577697684185,0.18316062339997904,4.141583412423039,0.534219387977533,0.19989440721646162,4.176820878912897
2023,2024-03-19,2023021083,DET,CBJ,0.0,-1.0,3.0,shot_microstats,3124,0.5093914818847921,0.08703011428881441,4.355601074117453,0.4400169149097086,-0.21700950360074456,4.79069008201427
2023,2024-03-19,2023021084,NJD,PIT,1.0,1.0,5.0,shot_microstats,3124,0.5038460638846848,0.05863785837620315,4.442521012463124,0.46244822669960206,-0.13149588073501028,4.599255899389415
2023,2024-03-19,2023021085,NYR,WPG,0.0,-2.0,2.0,shot_microstats,3124,0.43523177768195903,-0.3010773766394352,4.257735512627669,0.499756144279324,-0.07312871627359885,4.460949237011822
2023,2024-03-19,2023021086,PHI,TOR,1.0,2.0,4.0,shot_microstats,3124,0.5264048663079177,0.17441324046994,4.119818055907367,0.5234165719593378,0.18272903682980624,4.587147360667551
2023,2024-03-19,2023021087,NYI,CAR,0.0,-1.0,3.0,shot_microstats,3124,0.3615543856948742,-0.7011053076342536,4.354973280839419,0.35453294984386985,-0.7247622246057528,4.237064888410451
2023,2024-03-19,2023021088,NSH,SJS,1.0,6.0,10.0,shot_microstats,3124,0.6964106673018436,1.1231620751868099,4.412337129201992,0.7478791978181223,1.3766315663921231,4.776577654701436
2023,2024-03-19,2023021090,EDM,MTL,1.0,2.0,2.0,shot_microstats,3124,0.6974083775336237,1.132068288628785,4.691237932224316,0.701729731083546,1.1204282142965787,4.688736826815372
2023,2024-03-19,2023021091,ANA,MIN,0.0,-3.0,3.0,shot_microstats,3124,0.4472127904677282,-0.23975369048187162,3.8894551691472494,0.4705838597562495,-0.1201800695753269,3.946817175106358
2023,2024-03-19,2023021092,LAK,CHI,1.0,4.0,6.0,shot_microstats,3124,0.740315533647561,1.4088668275342038,4.396529473243168,0.7579684889145161,1.4808763235655267,4.860822445526837
2023,2024-03-19,2023021093,VAN,BUF,1.0,1.0,1.0,shot_microstats,3124,0.5782539209175428,0.44726671234329596,4.045036360145912,0.5373780013432266,0.28228877134946967,4.1277272537289775
2023,2024-03-19,2023021094,VGK,TBL,1.0,1.0,5.0,shot_microstats,3124,0.5188627736401242,0.1351582037650163,4.1337831107630745,0.5013781740923291,0.07750415983983855,4.182987613276391
2023,2024-03-20,2023021095,WSH,TOR,0.0,-3.0,7.0,shot_microstats,3124,0.4207143420451333,-0.37769889703846615,4.3494423305918986,0.40851500008284525,-0.3750646866295013,4.702438732697581
2023,2024-03-20,2023021096,DAL,ARI,1.0,2.0,6.0,shot_microstats,3124,0.6419761744021661,0.7981854665553163,4.148077213997656,0.5990156825401519,0.5780308278894866,4.505742588225268
2023,2024-03-20,2023021097,LAK,MIN,1.0,3.0,3.0,shot_microstats,3124,0.6159216536997252,0.6501407668351304,3.8287752428201536,0.6369811237357629,0.7275753348220777,3.995432414111659
2023,2024-03-21,2023021098,BOS,NYR,0.0,-1.0,5.0,shot_microstats,3124,0.5435061746518376,0.26390393048498395,4.123480244629464,0.4949740675398784,0.04684717706244351,4.229192528839593
2023,2024-03-21,2023021100,DET,NYI,1.0,3.0,7.0,shot_microstats,3124,0.4454722430041758,-0.24713453518182793,4.2443722249113005,0.46235216979275323,-0.1865156415613196,4.619011290640337
2023,2024-03-21,2023021101,FLA,NSH,0.0,-2.0,2.0,shot_microstats,3124,0.5762413639682753,0.4362579455520627,4.0013001429498605,0.5963537686288144,0.511709559639002,4.161155047325254
2023,2024-03-21,2023021102,NJD,WPG,0.0,-1.0,1.0,shot_microstats,3124,0.4936705695149723,0.004694812659188918,4.256873797092717,0.4575655709792173,-0.21397184349296672,4.355924076203049
2023,2024-03-21,2023021103,OTT,STL,0.0,-3.0,5.0,shot_microstats,3124,0.6209080291639025,0.6803202047163934,4.212268924213117,0.6312631712235061,0.6766685768007126,4.305332950635319
2023,2024-03-21,2023021104,EDM,BUF,1.0,4.0,10.0,shot_microstats,3124,0.6480404859064222,0.8359550174291682,4.540352386673019,0.6123737678586263,0.6119983282600182,4.511876783759135
2023,2024-03-21,2023021105,ANA,CHI,1.0,3.0,3.0,shot_microstats,3124,0.6119882256748862,0.6299114878622375,4.045420680960841,0.6339394094012187,0.7226104836440698,4.469052838517839
2023,2024-03-21,2023021106,VAN,MTL,1.0,3.0,5.0,shot_microstats,3124,0.6405095032521784,0.7891727028035479,4.056340045787977,0.6475658173676386,0.8492824051501314,4.161529851144923
2023,2024-03-21,2023021107,VGK,SEA,1.0,2.0,2.0,shot_microstats,3124,0.5090721911652895,0.08396427282164406,4.0936141743218,0.524405542145663,0.12708217093643137,4.275286428129722
2023,2024-03-21,2023021108,SJS,TBL,0.0,-2.0,4.0,shot_microstats,3124,0.31018083963151827,-1.0008310291247935,4.440738559329884,0.2754264781326297,-1.2075687907938821,4.591053475193042
2023,2024-03-22,2023021110,DAL,PIT,1.0,1.0,5.0,shot_microstats,3124,0.558082301194969,0.34193155560432864,4.342947157241245,0.5423321447774087,0.29058106580835286,4.430716850304395
2023,2024-03-22,2023021111,COL,CBJ,1.0,4.0,6.0,shot_microstats,3124,0.6282943944018328,0.7223383643934407,4.328266196530654,0.6461043593048604,0.8140128530828894,4.57242076497733
2023,2024-03-22,2023021112,ARI,SEA,0.0,-1.0,1.0,shot_microstats,3124,0.4544404714474196,-0.20054185969635943,4.143224644744523,0.46363678581270185,-0.2222586952004426,4.534776578200226
2023,2024-03-23,2023021113,NYI,WPG,1.0,3.0,9.0,shot_microstats,3124,0.4429843804790777,-0.26026579716232645,4.237550808139978,0.4421412040206781,-0.30573597541148656,4.3098051138836615
2023,2024-03-23,2023021116,NSH,DET,1.0,1.0,1.0,shot_microstats,3124,0.6365964074696846,0.7675922964273079,4.135161142454147,0.6492321203415333,0.842837139375233,4.263246548775707
2023,2024-03-23,2023021117,NJD,OTT,0.0,-1.0,5.0,shot_microstats,3124,0.5583250308239212,0.34260082184890595,4.2418312879743905,0.5191436047773594,0.135173268963925,4.315989569610427
2023,2024-03-23,2023021118,TOR,EDM,1.0,4.0,4.0,shot_microstats,3124,0.35522155058339216,-0.7349683690669477,4.729276377840071,0.4004693312102375,-0.5687152431198921,4.827649594638869
2023,2024-03-23,2023021121,LAK,TBL,1.0,3.0,3.0,shot_microstats,3124,0.6113078340785052,0.6257428057985465,3.9803202756232086,0.6035786852072615,0.5748124398933157,4.195728814414556
2023,2024-03-23,2023021123,VGK,CBJ,1.0,1.0,5.0,shot_microstats,3124,0.6080372393340968,0.6105835825636751,4.38639198876621,0.5663970046139449,0.4487557148848882,4.649413789131501
2023,2024-03-24,2023021124,WSH,WPG,1.0,2.0,2.0,shot_microstats,3124,0.41397602987936255,-0.41426167266816344,4.240558336959359,0.4085652259333977,-0.457036294990687,4.410241326412351
2023,2024-03-24,2023021126,NYI,NJD,0.0,-2.0,2.0,shot_microstats,3124,0.4444267479522277,-0.2521141663661164,4.3487566961011055,0.42995568010167867,-0.30269652678657943,4.595151556047466
2023,2024-03-24,2023021129,PHI,FLA,0.0,-2.0,2.0,shot_microstats,3124,0.5088254104816885,0.08168068921702822,3.9012698981253005,0.4926346429114479,0.012377857491340238,4.0413351920794485
2023,2024-03-24,2023021130,ARI,DAL,0.0,-1.0,5.0,shot_microstats,3124,0.38988943111416136,-0.5443136107072484,4.286798542820383,0.38767682948382537,-0.5658617507823931,4.556659433894426
2023,2024-03-24,2023021132,CGY,BUF,0.0,-2.0,2.0,shot_microstats,3124,0.5288846342092232,0.188032967423742,4.241669067969999,0.5062725096428222,0.08353627235701172,4.5758053207594935
2023,2024-03-24,2023021133,SEA,MTL,0.0,-3.0,5.0,shot_microstats,3124,0.6296691812916573,0.7281598028109362,4.070795594595332,0.6028381402729533,0.5780507853316608,4.4729261617678695
2023,2024-03-25,2023021135,VAN,LAK,0.0,-1.0,3.0,shot_microstats,3124,0.49001924687221665,-0.015672263904578737,3.99049884918091,0.5126168678658791,0.14587969807476042,3.7760853267037784
2023,2024-03-26,2023021137,NYR,PHI,0.0,-1.0,7.0,shot_microstats,3124,0.4760438138741085,-0.08803388746692348,4.068491240880096,0.5316425245694038,0.11305759997286446,4.313865063648634
2023,2024-03-26,2023021138,PIT,CAR,1.0,1.0,3.0,shot_microstats,3124,0.395715574287583,-0.5114561574697849,4.504646460000201,0.42797874782187284,-0.3538723727095321,4.308619851478919
2023,2024-03-26,2023021139,TOR,NJD,0.0,-2.0,8.0,shot_microstats,3124,0.4927861179009193,0.000606249714935489,4.354307541315641,0.5055694943729353,0.0065876122473135235,4.52731874328349
2023,2024-03-26,2023021140,WSH,DET,1.0,1.0,5.0,shot_microstats,3124,0.555540885591508,0.3270586747225466,4.098261787729879,0.5120112687171037,0.16270350843363712,4.370621485393691
2023,2024-03-26,2023021141,NSH,VGK,0.0,-1.0,7.0,shot_microstats,3124,0.5250094469959437,0.1674839691325022,4.184336833832939,0.5932892623748448,0.4183068508219183,4.248368115329011
2023,2024-03-26,2023021142,WPG,EDM,1.0,1.0,5.0,shot_microstats,3124,0.3926435126199089,-0.5278925624157079,4.561402424042931,0.4334663062841398,-0.2744018235907797,4.773918035609806
2023,2024-03-26,2023021143,CHI,CGY,1.0,1.0,3.0,shot_microstats,3124,0.3595894939267456,-0.7119350599156856,4.403057124016291,0.3454553056371475,-0.8303742137905931,4.267158998902884
2023,2024-03-26,2023021144,COL,MTL,0.0,-2.0,2.0,shot_microstats,3124,0.6498248919006439,0.8433387307460746,4.183663859652382,0.7068901511646518,1.099919621282261,4.4548749239002525
2023,2024-03-26,2023021145,ARI,CBJ,1.0,3.0,3.0,shot_microstats,3124,0.5500558570453566,0.29984054015973594,4.3826742408424035,0.4991896401954353,0.05928946715883332,4.884346203442792
2023,2024-03-26,2023021146,SEA,ANA,1.0,2.0,2.0,shot_microstats,3124,0.6436645770195636,0.8058697039724967,3.8840411101208545,0.633618607589612,0.7311753586728303,4.203536694485634
2023,2024-03-26,2023021147,SJS,DAL,0.0,-2.0,6.0,shot_microstats,3124,0.25249540715169044,-1.3736688667051244,4.487935205249288,0.24058423555483016,-1.4634755620761783,4.689665890744546
2023,2024-03-27,2023021148,BUF,OTT,0.0,-2.0,6.0,shot_microstats,3124,0.5040557733612984,0.058570328736907366,4.227691243160805,0.502186682569218,0.038380384384148925,4.585396007058149
2023,2024-03-27,2023021149,TBL,BOS,1.0,1.0,3.0,shot_microstats,3124,0.5384730524914116,0.2370451856800348,4.037745006640384,0.5671098657894507,0.36705146382586057,4.416014445797368
2023,2024-03-28,2023021150,CAR,DET,1.0,3.0,3.0,shot_microstats,3124,0.712323419569105,1.2221544955168164,4.2640964953900475,0.6824259096599128,1.0944215163948665,4.5811400198559245
2023,2024-03-28,2023021151,FLA,NYI,0.0,-1.0,5.0,shot_microstats,3124,0.6127879631532044,0.6340960041485398,4.013639532523012,0.6558823495105269,0.8205017157440352,4.312090071518723
2023,2024-03-28,2023021152,MTL,PHI,1.0,1.0,1.0,shot_microstats,3124,0.39426139292514156,-0.520964192034684,4.189647151361136,0.3782131261747723,-0.6137500973234283,4.336784957218407
2023,2024-03-28,2023021153,OTT,CHI,1.0,1.0,1.0,shot_microstats,3124,0.6612491799455059,0.9098790880019725,4.224288255514617,0.7153848108755487,1.1339425432594274,4.614349424978768
2023,2024-03-28,2023021154,PIT,CBJ,0.0,-2.0,2.0,shot_microstats,3124,0.6098712863738538,0.6223511034986706,4.617523940768569,0.5984288967909605,0.5625173430879513,4.871924386073732
2023,2024-03-28,2023021155,TOR,WSH,1.0,4.0,6.0,shot_microstats,3124,0.5965533323179608,0.546910092498385,4.230315070756016,0.6110161538598718,0.5229102215123309,4.376163306592765
2023,2024-03-28,2023021156,MIN,SJS,1.0,1.0,3.0,shot_microstats,3124,0.7231523702483849,1.2920123953441593,4.223257948507915,0.748238693565923,1.4316531854883494,4.573909414701606
2023,2024-03-28,2023021157,STL,CGY,1.0,1.0,5.0,shot_microstats,3124,0.4037623927666848,-0.4685680641804033,4.364692537965411,0.44762284783971706,-0.2539423826283028,4.404714659556801
2023,2024-03-28,2023021158,WPG,VGK,0.0,-1.0,3.0,shot_microstats,3124,0.5511997243407981,0.3045370047967705,4.158857318516177,0.5770481771960456,0.4106967640677893,4.325711197619127
2023,2024-03-28,2023021159,COL,NYR,1.0,1.0,3.0,shot_microstats,3124,0.5915249792373743,0.5190559999511702,4.130258608549204,0.6087743773283789,0.6089928713090162,4.205951995777598
2023,2024-03-28,2023021161,ARI,NSH,1.0,3.0,7.0,shot_microstats,3124,0.43821976443982263,-0.28520722289088035,4.274392361553794,0.43799167985077536,-0.3103208634854261,4.6004945418189385
2023,2024-03-28,2023021162,SEA,ANA,1.0,1.0,1.0,shot_microstats,3124,0.6443464627506094,0.8097203040996681,3.879195155746819,0.6361609039075692,0.7413587675888708,4.20716450631792
2023,2024-03-28,2023021163,VAN,DAL,1.0,1.0,1.0,shot_microstats,3124,0.4951414714607441,0.011229989130428109,4.041409940000743,0.5025836234122406,0.101954077892729,3.9326766883590785
2023,2024-03-30,2023021165,FLA,DET,1.0,1.0,1.0,shot_microstats,3124,0.6721880760317738,0.9724820326728698,3.9943594127501667,0.655621677744134,0.9162111921618423,4.209838003963394
2023,2024-03-30,2023021166,MIN,VGK,0.0,-1.0,1.0,shot_microstats,3124,0.5361089448704018,0.2242380291919342,3.9582160137951323,0.5736126600225866,0.3702789161891252,3.983164703139219
2023,2024-03-30,2023021167,EDM,ANA,1.0,5.0,5.0,shot_microstats,3124,0.7141683890811833,1.2359831239455645,4.465537899853012,0.7369011940587895,1.3201051829155788,4.4252077633345275
2023,2024-03-30,2023021168,ARI,NYR,0.0,-1.0,9.0,shot_microstats,3124,0.4946497176946734,0.009613949313895725,4.223449499811485,0.4435243042906677,-0.2218123949297387,4.48691494172968
2023,2024-03-30,2023021169,COL,NSH,0.0,-1.0,7.0,shot_microstats,3124,0.540644803253128,0.24919552081887686,4.176001388545529,0.6089479241627148,0.5458950004580101,4.314645095383516
2023,2024-03-30,2023021170,BUF,TOR,0.0,-3.0,3.0,shot_microstats,3124,0.4443738483641937,-0.252080396257953,4.410939143731512,0.4455826114181084,-0.21572107366004611,5.001258387697385
2023,2024-03-30,2023021171,CBJ,PIT,0.0,-1.0,5.0,shot_microstats,3124,0.35605840340945805,-0.730129603863062,4.7470398398009,0.3485338590203277,-0.7825919157862138,5.191436997241344
2023,2024-03-30,2023021173,PHI,CHI,0.0,-3.0,5.0,shot_microstats,3124,0.7163850986295984,1.247298589950748,4.15849566411635,0.7230184606441309,1.2230400303271205,4.730930854314157
2023,2024-03-30,2023021175,WPG,OTT,0.0,-1.0,3.0,shot_microstats,3124,0.5857984480133621,0.4881929922640984,4.126371097674592,0.5912873312479183,0.5524290827387619,4.223764538064407
2023,2024-03-30,2023021176,WSH,BOS,0.0,-1.0,3.0,shot_microstats,3124,0.465495498192857,-0.1425853633084183,4.164502857028258,0.4587983718560466,-0.1791316920142899,4.531048147853486
2023,2024-03-30,2023021177,STL,SJS,0.0,-3.0,3.0,shot_microstats,3124,0.579236782770166,0.454353197618965,4.33676045488488,0.6461495410252143,0.7712083679070694,5.007243406500665
2023,2024-03-30,2023021178,CGY,LAK,1.0,1.0,1.0,shot_microstats,3124,0.4160840597434817,-0.40314217955775317,4.20739845251701,0.4564965514394296,-0.18255549261568227,4.307210742793439
2023,2024-03-30,2023021179,SEA,DAL,0.0,-1.0,1.0,shot_microstats,3124,0.47242468313548097,-0.10678050009258849,4.092501279895375,0.45364113536819933,-0.17625219730385056,4.255528352269198
2023,2024-03-31,2023021180,VAN,ANA,0.0,-1.0,3.0,shot_microstats,3124,0.6619649145336273,0.9111469375987195,3.849351426861499,0.6773153341457114,1.008383630211953,3.9126225772382957
2023,2024-04-01,2023021181,CBJ,COL,1.0,2.0,4.0,shot_microstats,3124,0.3422289503201593,-0.8103133367851163,4.54914705595814,0.32361501361656086,-0.9744180047076698,4.966623318750677
2023,2024-04-01,2023021182,NYR,PIT,0.0,-1.0,5.0,shot_microstats,3124,0.4568604510837452,-0.18643113363010289,4.426855110385499,0.5094573485855469,0.03821644437688576,4.684256175037256
2023,2024-04-01,2023021183,PHI,NYI,0.0,-1.0,5.0,shot_microstats,3124,0.5914660500149069,0.5179828440622258,4.010998602437818,0.6192789533017178,0.5933987180765182,4.466116725078668
2023,2024-04-01,2023021184,TBL,DET,0.0,-3.0,3.0,shot_microstats,3124,0.6183787376966475,0.6651752543261485,4.0500802630628385,0.618015223892978,0.6950887413301177,4.3409986735202795
2023,2024-04-01,2023021185,TOR,FLA,1.0,2.0,8.0,shot_microstats,3124,0.48474471994037155,-0.042220242083487194,4.1666288871185735,0.48091058441975576,-0.10794428716302307,4.034600999401514
2023,2024-04-01,2023021186,STL,EDM,0.0,-1.0,3.0,shot_microstats,3124,0.23556482139460758,-1.4918936342443272,4.7265653124441025,0.30624735864336583,-1.025074987711537,5.073935794492375
2023,2024-04-01,2023021187,WPG,LAK,1.0,1.0,7.0,shot_microstats,3124,0.4954783059975353,0.01320247904325983,4.084338119246444,0.5148335748981534,0.13232854558489138,4.168930080237941
2023,2024-04-01,2023021188,SJS,SEA,0.0,-2.0,4.0,shot_microstats,3124,0.29697625054714744,-1.0826384918199103,4.37339428244104,0.298574042543023,-1.1412717124465153,4.687697743150474
2023,2024-04-02,2023021189,BUF,WSH,1.0,3.0,5.0,shot_microstats,3124,0.554065843858313,0.31982877636087614,4.192103063752088,0.5541979418136771,0.294558266082833,4.759043264793815
2023,2024-04-02,2023021191,NJD,PIT,0.0,-2.0,6.0,shot_microstats,3124,0.5095574413840771,0.08837594671081722,4.443018640438002,0.47369050669089396,-0.08076849544302123,4.582235762986251
2023,2024-04-02,2023021193,MIN,OTT,1.0,3.0,3.0,shot_microstats,3124,0.5715673907412305,0.41083320413507984,3.9114759483662365,0.5886617748266519,0.5147007470465055,3.86790532903175
2023,2024-04-02,2023021194,NSH,BOS,0.0,-1.0,1.0,shot_microstats,3124,0.5553878150016619,0.3265027242512339,4.141495771581899,0.6001021060831726,0.49889390231240893,4.389098745677198
2023,2024-04-02,2023021195,CGY,ANA,0.0,-2.0,6.0,shot_microstats,3124,0.5954726365066857,0.5395388520093687,3.9960605197159222,0.6289446953163346,0.6901423919286263,4.397332276858356
2023,2024-04-02,2023021196,VGK,VAN,1.0,2.0,6.0,shot_microstats,3124,0.5063030784291642,0.06942060180758938,4.067720378176227,0.5385749401075421,0.2134566626621883,4.029708493344285
2023,2024-04-03,2023021197,TOR,TBL,0.0,-3.0,3.0,shot_microstats,3124,0.5424665504868528,0.25888749098794683,4.200427797510255,0.5331271107344389,0.12872470675317704,4.253033768613149
2023,2024-04-03,2023021199,DAL,EDM,1.0,4.0,4.0,shot_microstats,3124,0.41543053639315103,-0.40497920120434494,4.539230878917637,0.4384350860276829,-0.27088202543289996,4.637152834590317
2023,2024-04-03,2023021200,ARI,VAN,0.0,-1.0,1.0,shot_microstats,3124,0.43797123413444305,-0.28719468186904556,4.139146815333292,0.4564189061298014,-0.24246829810680182,4.248238093824106
2023,2024-04-03,2023021201,LAK,SEA,1.0,3.0,5.0,shot_microstats,3124,0.5976349997912189,0.5507798652386271,3.9208001793349587,0.6198800403792338,0.6016411514458546,4.297068495476298
2023,2024-04-04,2023021202,CAR,BOS,0.0,-3.0,3.0,shot_microstats,3124,0.6459720084677223,0.820789996139113,4.123655601011831,0.63924856451784,0.7774888595971737,4.575618581980013
2023,2024-04-04,2023021203,CBJ,NYI,0.0,-1.0,3.0,shot_microstats,3124,0.41002902112915,-0.43413263650554607,4.501361145403964,0.4407574648773053,-0.3494242519031824,5.100919984008068
2023,2024-04-04,2023021205,OTT,FLA,0.0,-5.0,5.0,shot_microstats,3124,0.4581381711638985,-0.18142777289080267,4.0915902757858795,0.49233032506287566,-0.015500062252262636,4.02750963938266
2023,2024-04-04,2023021206,WSH,PIT,0.0,-3.0,3.0,shot_microstats,3124,0.4158954560119349,-0.40297884558365665,4.441590527854484,0.4136714455364647,-0.3917047834422606,4.633317351801507
2023,2024-04-04,2023021207,MIN,COL,0.0,-2.0,4.0,shot_microstats,3124,0.506523555744029,0.0698829578873699,3.935565927415565,0.5100561947739581,0.0728441808550383,3.9175556505847786
2023,2024-04-04,2023021209,WPG,CGY,1.0,1.0,3.0,shot_microstats,3124,0.5949127762610815,0.5374384236441117,4.141412431084731,0.5947214659321443,0.5462283934773342,4.112178706181845
2023,2024-04-04,2023021210,SJS,LAK,0.0,-2.0,2.0,shot_microstats,3124,0.24879076106938916,-1.4000619973255453,4.402714679069012,0.2537928380212952,-1.3969736102032095,4.533773738049113
2023,2024-04-05,2023021211,BUF,PHI,1.0,1.0,5.0,shot_microstats,3124,0.4617774357987179,-0.1621218594460605,4.144106722061977,0.4584031177063859,-0.20145587910877005,4.583085936703548
2023,2024-04-05,2023021212,CAR,WSH,0.0,-1.0,3.0,shot_microstats,3124,0.6957351752986984,1.1176006965644045,4.2641644522109035,0.6925545642116508,1.0954837013364171,4.643188436003487
2023,2024-04-05,2023021213,DET,NYR,0.0,-1.0,5.0,shot_microstats,3124,0.4498145651566888,-0.22442312419057286,4.221460387540767,0.38224633976025474,-0.5163983450365859,4.443968511667165
2023,2024-04-05,2023021214,EDM,COL,1.0,4.0,8.0,shot_microstats,3124,0.5945715373404901,0.5376107223387199,4.441988118057088,0.5947263812725363,0.4854247103016707,4.271591644147572
2023,2024-04-05,2023021215,ANA,SEA,0.0,-1.0,3.0,shot_microstats,3124,0.4371198952089364,-0.2924819753563896,3.981064862917358,0.451725340532906,-0.23890972843081204,4.231992285743255
2023,2024-04-05,2023021216,ARI,VGK,1.0,2.0,10.0,shot_microstats,3124,0.44402612581900447,-0.2545664741385351,4.2802245571179345,0.4510656571177325,-0.27553731301592865,4.493038689278042
2023,2024-04-06,2023021217,PIT,TBL,1.0,3.0,7.0,shot_microstats,3124,0.5184020347854043,0.13351383764273475,4.273010949608772,0.5276941621818413,0.16455854532807906,4.297327525587874
2023,2024-04-06,2023021219,MIN,WPG,0.0,-3.0,5.0,shot_microstats,3124,0.5006796872006647,0.03951677701476855,3.940802028503446,0.5250382051369706,0.13940974278590074,3.946774472403426
2023,2024-04-06,2023021220,CHI,DAL,0.0,-1.0,3.0,shot_microstats,3124,0.2767795768874587,-1.2113656535276562,4.385032499638877,0.27267174551868517,-1.2577158042225163,4.463309448891494
2023,2024-04-06,2023021222,CBJ,PHI,1.0,4.0,6.0,shot_microstats,3124,0.35580343237440987,-0.7333563351810979,4.405519467765592,0.3501620387604768,-0.8118318241632584,4.8362694572102045
2023,2024-04-06,2023021223,MTL,TOR,0.0,-3.0,5.0,shot_microstats,3124,0.38807390722306145,-0.5534191752386091,4.448824568606971,0.37547676352780296,-0.5703608089838851,4.707913384614546
2023,2024-04-06,2023021224,OTT,NJD,0.0,-3.0,5.0,shot_microstats,3124,0.47437504077773235,-0.09569904309288689,4.2721212646417595,0.5207702072941661,0.11491170213957413,4.5368357683921845
2023,2024-04-06,2023021225,NYI,NSH,1.0,1.0,1.0,shot_microstats,3124,0.47149654984863965,-0.11065066580166211,4.284133820157516,0.46023217383972354,-0.1887628170933966,4.453083236670765
2023,2024-04-06,2023021226,CGY,EDM,0.0,-1.0,1.0,shot_microstats,3124,0.3140213446490693,-0.9762340827642809,4.667097595273135,0.3632498101525752,-0.6642262049676345,4.928948886164875
2023,2024-04-06,2023021227,LAK,VAN,1.0,1.0,5.0,shot_microstats,3124,0.5789055369979494,0.44983718321474253,3.8926850129861212,0.6150633807431388,0.5837285763314697,4.020546882794421
2023,2024-04-07,2023021228,DET,BUF,1.0,2.0,2.0,shot_microstats,3124,0.4503280475624631,-0.22142731841834612,4.2812021764715515,0.36611883766268305,-0.6282623661663478,4.6005154755054845
2023,2024-04-07,2023021229,CHI,MIN,0.0,-3.0,3.0,shot_microstats,3124,0.3449321267151892,-0.7969703188219888,4.141109868716933,0.34598621532271967,-0.8253832998004935,4.152019114562018
2023,2024-04-07,2023021230,CAR,CBJ,1.0,1.0,1.0,shot_microstats,3124,0.7117739495820053,1.222241641377688,4.628606892612934,0.6694854834024662,1.0098792814309134,5.085757623858438
2023,2024-04-07,2023021231,SJS,ARI,0.0,-2.0,4.0,shot_microstats,3124,0.34478935586433956,-0.7959326406208169,4.476692152850894,0.31206948522742456,-0.9951225965838458,4.950295912164253
2023,2024-04-07,2023021233,NJD,NSH,1.0,1.0,3.0,shot_microstats,3124,0.5057373146817256,0.06778421586130519,4.314314536315981,0.46838239661463826,-0.1300537902276161,4.555258745136566
2023,2024-04-07,2023021235,ANA,STL,1.0,2.0,6.0,shot_microstats,3124,0.5548180491006015,0.3229197026042118,4.041270532160507,0.5163425916212002,0.16189360928125285,4.161017185531432
2023,2024-04-08,2023021237,TOR,PIT,0.0,-1.0,3.0,shot_microstats,3124,0.5117253350586437,0.09982679538168704,4.471598634654544,0.5229472023193223,0.09385070766809156,4.507216763630443
2023,2024-04-08,2023021238,VAN,VGK,1.0,1.0,3.0,shot_microstats,3124,0.5558040399878007,0.32801227058563187,4.022744868920792,0.5755302190732122,0.43061328400559995,3.9274071001598774
2023,2024-04-09,2023021239,BOS,CAR,0.0,-2.0,4.0,shot_microstats,3124,0.3810006574365121,-0.5931491605088566,4.278304939714996,0.37703740449179507,-0.5862359901739056,4.142820157137767
2023,2024-04-09,2023021240,DET,WSH,0.0,-2.0,2.0,shot_microstats,3124,0.5001666676198651,0.037962786215398864,4.156492598717411,0.4885875215042661,-0.007749863643416233,4.50214290177339
2023,2024-04-09,2023021241,FLA,OTT,1.0,1.0,1.0,shot_microstats,3124,0.6087076079364614,0.6114325614375755,3.972343164764756,0.6162243256256098,0.6482424579023633,4.051616042879253
2023,2024-04-09,2023021242,MTL,PHI,1.0,5.0,11.0,shot_microstats,3124,0.39888220284643094,-0.49575886898342736,4.2092899766985195,0.3763242671687327,-0.6208073457694825,4.337904461174037
2023,2024-04-09,2023021243,NJD,TOR,0.0,-3.0,5.0,shot_microstats,3124,0.4993369138938685,0.03481896112728819,4.377792512173123,0.4696396551641617,-0.07885597758721885,4.68394207227765
2023,2024-04-09,2023021244,NYI,NYR,1.0,3.0,3.0,shot_microstats,3124,0.5139441524240784,0.10995761624408643,4.2121825501176735,0.45195525067221887,-0.17140353678854992,4.329740936579291
2023,2024-04-09,2023021245,TBL,CBJ,1.0,2.0,4.0,shot_microstats,3124,0.6177899517020794,0.6637330003619071,4.30865243878696,0.612736284592205,0.6467792841460454,4.776425990673875
2023,2024-04-09,2023021246,DAL,BUF,1.0,1.0,5.0,shot_microstats,3124,0.6280648567962406,0.7202287370855975,4.216716109289633,0.5649236962815156,0.39759952834075396,4.32297363166518
2023,2024-04-09,2023021248,COL,MIN,1.0,4.0,4.0,shot_microstats,3124,0.5713087372364715,0.40943264257160816,3.9071321091124958,0.6502642944058551,0.763974838427534,3.9058577475162624
2023,2024-04-09,2023021249,ANA,LAK,1.0,2.0,4.0,shot_microstats,3124,0.3747906224576757,-0.6285892594376926,4.073307904574576,0.3873588518899122,-0.5381341478415309,4.130756891232953
2023,2024-04-09,2023021250,SEA,ARI,1.0,4.0,4.0,shot_microstats,3124,0.5998212936570279,0.5632872660789667,4.02243163567289,0.5466048989139959,0.32731396899251236,4.434127584001304
2023,2024-04-09,2023021251,SJS,CGY,1.0,1.0,3.0,shot_microstats,3124,0.3252284396181656,-0.9103215017418399,4.45846374461679,0.3097570106646685,-1.0399081591582693,4.442761567941585
2023,2024-04-10,2023021252,STL,CHI,1.0,4.0,6.0,shot_microstats,3124,0.5750073152751992,0.4310658119415374,4.228647734613113,0.6358988832555875,0.7050291589231414,4.869600026108338
2023,2024-04-10,2023021253,EDM,VGK,1.0,4.0,4.0,shot_microstats,3124,0.6280889936668097,0.7223062769646239,4.47497734151473,0.6612362927399221,0.8202476132149333,4.337350695515281
2023,2024-04-10,2023021254,VAN,ARI,0.0,-1.0,5.0,shot_microstats,3124,0.6141068461854349,0.641391617385805,4.0193448250547394,0.5888529709333059,0.5750158423891059,4.192403967201056
2023,2024-04-11,2023021255,BUF,WSH,1.0,2.0,4.0,shot_microstats,3124,0.562898324126633,0.3665343061377007,4.199319613243885,0.5700942436744045,0.3822916622869985,4.792963440535964
2023,2024-04-11,2023021256,FLA,CBJ,1.0,4.0,4.0,shot_microstats,3124,0.6758908266594988,0.996895335369586,4.27728097008477,0.6449338421084467,0.8415439244319153,4.639371472221182
2023,2024-04-11,2023021257,NYR,PHI,0.0,-4.0,4.0,shot_microstats,3124,0.4704102773327534,-0.11719725391908828,4.110625151547715,0.5194315520066912,0.05953983539756824,4.347095780664322
2023,2024-04-11,2023021258,PIT,DET,0.0,-1.0,7.0,shot_microstats,3124,0.6127599788798909,0.6360326892270765,4.317211557835504,0.6100269940270043,0.6516890057280625,4.388495286307289
2023,2024-04-11,2023021260,TOR,NJD,1.0,2.0,8.0,shot_microstats,3124,0.5219398374186064,0.15243005960306577,4.357426229884381,0.5293359019026908,0.1307281480024859,4.561557263898758
2023,2024-04-11,2023021262,DAL,WPG,0.0,-2.0,2.0,shot_microstats,3124,0.5605270209988366,0.35349294525888664,4.116298267525353,0.566642366031619,0.35085647686419413,4.112258080845332
2023,2024-04-11,2023021263,SEA,SJS,0.0,-2.0,4.0,shot_microstats,3124,0.7209722789317909,1.2786950203444825,4.3210788717933015,0.7124982482399479,1.224392575102103,4.787520426389119
2023,2024-04-11,2023021264,LAK,CGY,1.0,1.0,3.0,shot_microstats,3124,0.6230323891410826,0.6909237276913062,4.041828275976833,0.62753326386864,0.6857632320672685,4.105229646223359
2023,2024-04-12,2023021265,STL,CAR,0.0,-1.0,3.0,shot_microstats,3124,0.2754549122273644,-1.219702847800052,4.431649724106315,0.3203073704111516,-0.9193145554740325,4.516052735514234
2023,2024-04-12,2023021266,CHI,NSH,0.0,-2.0,2.0,shot_microstats,3124,0.2996440682382855,-1.0654803852700212,4.461904766425328,0.29246200051839305,-1.1368597544561605,4.611214986352685
2023,2024-04-12,2023021268,ANA,CGY,1.0,1.0,5.0,shot_microstats,3124,0.4680284665962056,-0.12981313874552558,4.0738060427337155,0.4617578014958199,-0.14644684409498554,4.028034705105389
2023,2024-04-12,2023021269,VGK,MIN,1.0,4.0,4.0,shot_microstats,3124,0.5444251521759387,0.2675627169692357,3.9142255018188172,0.550898658420142,0.31685018607081106,3.930477210914182
2023,2024-04-13,2023021270,NYR,NYI,0.0,-1.0,3.0,shot_microstats,3124,0.517931344069969,0.13070882817250587,4.208581875567424,0.6013727799843049,0.4647424896778195,4.596837881436315
2023,2024-04-13,2023021271,DAL,SEA,1.0,1.0,3.0,shot_microstats,3124,0.6036225235474346,0.5839236783272556,4.014660983896228,0.6062317171322745,0.558525014485804,4.151595528739026
2023,2024-04-13,2023021272,COL,WPG,0.0,-5.0,5.0,shot_microstats,3124,0.5232399206273818,0.15798944270588478,4.1360727789487495,0.6042551820521003,0.49406920910080343,4.180609509446129
2023,2024-04-13,2023021275,WSH,TBL,1.0,1.0,5.0,shot_microstats,3124,0.46203716464751415,-0.16083545586270065,4.129783180103408,0.4328969076342738,-0.30300921040552004,4.278365188906323
2023,2024-04-13,2023021276,OTT,MTL,0.0,-2.0,2.0,shot_microstats,3124,0.5998588965098078,0.5645619069913668,4.18620792760526,0.6463858551604283,0.7336242219222318,4.556210828085677
2023,2024-04-13,2023021277,TOR,DET,0.0,-2.0,4.0,shot_microstats,3124,0.6356787299521864,0.7633747161101821,4.264690565515129,0.617303971169167,0.6284677328770194,4.334530298919254
2023,2024-04-13,2023021279,PIT,BOS,0.0,-2.0,6.0,shot_microstats,3124,0.5368599146262653,0.22993589711095022,4.2759536527996005,0.5709577602207572,0.3735288540720226,4.488071099176049
2023,2024-04-13,2023021280,EDM,VAN,0.0,-1.0,3.0,shot_microstats,3124,0.6149671801469951,0.648165134244463,4.312712873119873,0.6507308288188309,0.7735382069103492,4.05341562357855
2023,2024-04-13,2023021281,LAK,ANA,1.0,2.0,2.0,shot_microstats,3124,0.6900535935420545,1.0797357933274954,3.9360232015460666,0.7088382015078113,1.140385960289138,4.361142242844972
2023,2024-04-13,2023021282,SJS,MIN,0.0,-3.0,7.0,shot_microstats,3124,0.30801512633655254,-1.0153796866356315,4.221461571055974,0.3129005757057331,-1.0262257576578113,4.350351881260427
2023,2024-04-14,2023021283,STL,SEA,1.0,2.0,4.0,shot_microstats,3124,0.39142266633224787,-0.5362439595074453,4.227449372060226,0.45102353665068995,-0.26871902231409506,4.642907779448482
2023,2024-04-14,2023021284,VGK,COL,0.0,-1.0,5.0,shot_microstats,3124,0.48447396219484173,-0.04343191678772239,4.205151654871294,0.46579516031936136,-0.1387865344541483,4.23509306444034
2023,2024-04-14,2023021285,CHI,CAR,1.0,1.0,3.0,shot_microstats,3124,0.2339509498849923,-1.506241376364764,4.381247862277899,0.2222902174570639,-1.5808312067615904,4.254917186275032
2023,2024-04-14,2023021286,CGY,ARI,1.0,1.0,9.0,shot_microstats,3124,0.5438169622004786,0.2659554893337331,4.197350414440175,0.5355398929600824,0.25482817724241036,4.678799537870094
2023,2024-04-15,2023021287,DET,MTL,0.0,-1.0,7.0,shot_microstats,3124,0.5220304924774021,0.15209878664654367,4.212503380765779,0.5069385085278977,0.06756813576471188,4.69234092136219
2023,2024-04-15,2023021288,NJD,NYI,0.0,-2.0,4.0,shot_microstats,3124,0.5440376312942302,0.26744641640326183,4.254994778983961,0.5341683840478136,0.1809933170154714,4.567195933514336
2023,2024-04-15,2023021289,PIT,NSH,1.0,1.0,5.0,shot_microstats,3124,0.4724652196586203,-0.10471201015853071,4.455994955709652,0.5026070572475893,0.02030325065962263,4.551100167216691
2023,2024-04-15,2023021290,TBL,BUF,0.0,-1.0,5.0,shot_microstats,3124,0.5524386896286941,0.3108293435963979,4.118909318830431,0.5238531166521263,0.15900685823722016,4.428405953704929
2023,2024-04-15,2023021291,WSH,BOS,1.0,1.0,1.0,shot_microstats,3124,0.4582644511035828,-0.18035851466411307,4.173100073444154,0.4676825045458272,-0.1496908067374434,4.518707942395615
2023,2024-04-15,2023021292,NYR,OTT,1.0,3.0,3.0,shot_microstats,3124,0.5114542279404168,0.0967798280206815,4.172439580161391,0.5609620099932622,0.2951800842228085,4.3268426615198425
2023,2024-04-15,2023021293,EDM,SJS,1.0,7.0,11.0,shot_microstats,3124,0.7762952777020514,1.6808800827081674,5.397593226168285,0.7967793678059996,1.80755063387355,5.471189387785662
2023,2024-04-15,2023021294,LAK,MIN,0.0,-1.0,3.0,shot_microstats,3124,0.6169275431938519,0.6553043386090587,3.7687674974543857,0.6430092620434987,0.770208932235205,3.961884978628541
2023,2024-04-16,2023021295,BOS,OTT,0.0,-2.0,2.0,shot_microstats,3124,0.5245423698242171,0.1645038701088541,4.084502012140102,0.5217384651437944,0.15461756916821778,4.0319949876993135
2023,2024-04-16,2023021296,CBJ,CAR,1.0,3.0,7.0,shot_microstats,3124,0.261249858829738,-1.3128230189421364,4.627285235084249,0.25259725171738917,-1.3740608365234495,4.8630364769365695
2023,2024-04-16,2023021297,FLA,TOR,1.0,3.0,5.0,shot_microstats,3124,0.5538780737294156,0.31830142882179435,4.09974305800956,0.5717669946066731,0.4396418849177013,4.382620212668522
2023,2024-04-16,2023021298,MTL,DET,1.0,1.0,7.0,shot_microstats,3124,0.5071460961583105,0.07463007988618048,4.22374102470852,0.4547450083410575,-0.14961543537155408,4.414563754337443
2023,2024-04-16,2023021301,VGK,CHI,1.0,1.0,3.0,shot_microstats,3124,0.6988940261364786,1.1374643743726087,4.288123095961691,0.7018783235805213,1.1474641707103355,4.63358382711206
2023,2024-04-16,2023021302,VAN,CGY,1.0,2.0,4.0,shot_microstats,3124,0.5985655921157272,0.556330335152019,4.000711281053514,0.597500758665697,0.586003840400305,3.7337081309546547
2023,2024-04-17,2023021303,NYI,PIT,1.0,1.0,5.0,shot_microstats,3124,0.4691924536937798,-0.12200041842350827,4.415782669541445,0.45694906690015974,-0.1706657788781628,4.491201599056114
2023,2024-04-17,2023021304,TBL,TOR,1.0,3.0,7.0,shot_microstats,3124,0.46686219245429356,-0.13503063853608177,4.2468823122068375,0.5166587909161294,0.13683436043367414,4.59791588879092
2023,2024-04-17,2023021306,ARI,EDM,1.0,1.0,5.0,shot_microstats,3124,0.2888184829379366,-1.131799417860572,4.728971540741689,0.3127345806037485,-0.9849460154866121,5.024221350893993
2023,2024-04-18,2023021308,WPG,VAN,1.0,2.0,4.0,shot_microstats,3124,0.5325671865893544,0.20597809357296637,4.006053139521602,0.5648722968990397,0.35770236299852104,4.022071351841737
2023,2024-04-18,2023021309,CGY,SJS,1.0,5.0,5.0,shot_microstats,3124,0.6870951553377385,1.0657481055906706,4.406493364863573,0.7131807342579028,1.2093986356763073,4.9833805981373
2023,2024-04-18,2023021310,COL,EDM,1.0,4.0,4.0,shot_microstats,3124,0.3833952992482645,-0.5783458833520806,4.595520956210586,0.4839053853162532,-0.0896306610043317,4.707207421631093
2023,2024-04-18,2023021311,VGK,ANA,0.0,-2.0,2.0,shot_microstats,3124,0.6346111512877548,0.755273835684377,3.9796555158771,0.6406070150551645,0.7706524634367005,4.221005170596421
2023,2024-04-18,2023021312,LAK,CHI,0.0,-1.0,5.0,shot_microstats,3124,0.7464160773214538,1.4505318080604304,4.353293413580398,0.7667142014869778,1.5420550015521712,4.8567417645688336
2024,2024-10-30,2024020160,LAK,VGK,1.0,3.0,7.0,shot_microstats,4054,0.5809216108399805,0.45136757478700085,4.140859577100881,0.5515236841070295,0.2158700103176941,4.354541922036297
2024,2024-10-31,2024020161,TOR,SEA,1.0,3.0,3.0,shot_microstats,4054,0.5879747031618051,0.5041069222297558,3.9840844847652446,0.6534735235953294,0.6123773871651512,4.226984487997775
2024,2024-10-31,2024020162,PHI,STL,1.0,1.0,3.0,shot_microstats,4054,0.5570320628264531,0.3285954241235766,4.09911311946603,0.5103317810504411,0.014368209328627923,4.838803524851236
2024,2024-11-01,2024020169,BUF,NYI,0.0,-2.0,4.0,shot_microstats,4054,0.533845719390489,0.2039131694922335,4.156428280874885,0.544396794809401,0.0948152505990012,4.430397779550509
2024,2024-11-01,2024020173,CGY,NJD,1.0,2.0,2.0,shot_microstats,4054,0.43756673411924835,-0.2679732376249009,4.128320009257899,0.4476823795104358,-0.25350119665499193,4.2199439717207134
2024,2024-11-02,2024020174,FLA,DAL,1.0,1.0,3.0,shot_microstats,4054,0.5247438799524028,0.1446022306353092,4.288449215237161,0.47031483606765073,-0.20269300671406976,4.666665669339172
2024,2024-11-02,2024020175,PHI,BOS,0.0,-2.0,2.0,shot_microstats,4054,0.5634610413415403,0.3843738561419747,3.8700204480763576,0.5375237319952844,0.23487311215546702,4.443008627245248
2024,2024-11-02,2024020178,OTT,SEA,1.0,2.0,2.0,shot_microstats,4054,0.5396864219161678,0.2549215033112193,3.943820243096999,0.6321469691589119,0.41493651566945766,4.638174365310055
2024,2024-11-02,2024020181,STL,TOR,1.0,1.0,5.0,shot_microstats,4054,0.45806604767140235,-0.17080606917281732,4.1595824542765785,0.3687345006783753,-0.573407155675989,4.330553799693454
2024,2024-11-02,2024020182,NSH,COL,1.0,1.0,1.0,shot_microstats,4054,0.49141787833787104,-0.017599784715545047,4.254561683267725,0.48392231955094545,-0.2330248228843239,4.756367310484301
2024,2024-11-03,2024020186,WPG,TBL,1.0,1.0,7.0,shot_microstats,4054,0.4973745915508218,0.013342595542656016,4.239310781806103,0.5489895334873605,0.12554117997026015,4.467453285823388
2024,2024-11-03,2024020187,BOS,SEA,1.0,1.0,1.0,shot_microstats,4054,0.5172845979911497,0.14832971520026447,3.8888118339191005,0.5158957790951941,0.032367417923722885,4.164473624670414
2024,2024-11-03,2024020189,MIN,TOR,1.0,1.0,1.0,shot_microstats,4054,0.4795872418912674,-0.0509323046341269,4.022007282842124,0.4612383536627551,-0.08292185054713597,4.166520361915403
2024,2024-11-03,2024020190,CGY,EDM,0.0,-1.0,3.0,shot_microstats,4054,0.4583502614368644,-0.1726631144704172,4.189813210506518,0.4989332657212801,-0.04387882038881008,4.072183465384669
2024,2024-11-03,2024020191,ANA,CHI,0.0,-1.0,3.0,shot_microstats,4054,0.3849970226391619,-0.5567813099989373,4.356998385182167,0.3280290319219339,-0.9618288858238663,4.578314065863028
2024,2024-11-04,2024020192,NSH,LAK,0.0,-2.0,2.0,shot_microstats,4054,0.4754020053286281,-0.07199414689083777,4.02782984583243,0.5057208662700311,-0.07821658019897881,4.288307449958984
2024,2024-11-04,2024020193,EDM,NJD,0.0,-2.0,2.0,shot_microstats,4054,0.4966449657153983,0.0049297782920047495,4.285321155749784,0.5391727735516336,0.06697870280179219,4.473158692304345
2024,2024-11-05,2024020194,BUF,OTT,1.0,2.0,4.0,shot_microstats,4054,0.5176659916358269,0.1336394646810664,4.048941115702264,0.5203034923107749,0.037462719888983864,4.438407731766184
2024,2024-11-05,2024020196,MTL,CGY,0.0,-2.0,2.0,shot_microstats,4054,0.43230104962432986,-0.29397607701363127,4.128657824325103,0.38987215441600054,-0.5283066479782735,4.655870454417135
2024,2024-11-05,2024020197,CAR,PHI,1.0,2.0,8.0,shot_microstats,4054,0.6368118905186588,0.7707274583477324,4.152358500787571,0.7374615351973741,1.0506606810098464,4.981721102394788
2024,2024-11-05,2024020199,STL,TBL,1.0,1.0,5.0,shot_microstats,4054,0.44951727026845667,-0.22122180119494583,4.239206726350166,0.396509896903063,-0.5247928905969417,4.6880596541692885
2024,2024-11-05,2024020200,MIN,LAK,0.0,-2.0,4.0,shot_microstats,4054,0.5190028465983593,0.15361244451648506,3.9200869619241723,0.5346443880524273,0.1993660910135998,4.116180096919759
2024,2024-11-05,2024020201,WPG,UTA,1.0,1.0,1.0,shot_microstats,4054,0.5453260269327562,0.25739895038882443,4.207826548514209,0.5733546001499318,0.27880842475402434,4.522586404953785
2024,2024-11-05,2024020202,COL,SEA,1.0,1.0,3.0,shot_microstats,4054,0.5588951631056879,0.3362863282370653,4.119990219428978,0.6471891143848302,0.5890992467453946,4.485810757122128
2024,2024-11-05,2024020203,ANA,VAN,0.0,-4.0,4.0,shot_microstats,4054,0.36137224300661,-0.6895563660276365,4.437489677960934,0.3694436379887147,-0.8434022012814937,4.567937382307488
2024,2024-11-06,2024020205,WSH,NSH,1.0,1.0,5.0,shot_microstats,4054,0.5823566870482015,0.46245520386230643,4.104914796463855,0.5960237829467093,0.4026940047828526,4.056303669378158
2024,2024-11-06,2024020206,CHI,DET,0.0,-2.0,4.0,shot_microstats,4054,0.5854886000445296,0.48063536989703665,4.092252644262771,0.5164417161084568,0.12196093383721163,4.683164528486162
2024,2024-11-07,2024020209,OTT,NYI,0.0,-2.0,4.0,shot_microstats,4054,0.5304612086848957,0.18441614544182294,4.179959298926571,0.5185316518370894,-0.0793161470262822,4.659828072760018
2024,2024-11-07,2024020211,FLA,NSH,1.0,3.0,5.0,shot_microstats,4054,0.5413598080644458,0.24520710723311437,4.125702189639982,0.49037431969013096,-0.0627009284978376,4.365388220595102
2024,2024-11-07,2024020212,NJD,MTL,1.0,2.0,6.0,shot_microstats,4054,0.6643250677107936,0.9372587472818327,4.2638749417516735,0.6100004761614444,0.49007801638246057,4.786598084826151
2024,2024-11-07,2024020213,NYR,BUF,0.0,-4.0,6.0,shot_microstats,4054,0.4786010040340087,-0.09098870128109104,4.353351583973235,0.42805424586200097,-0.37285923688846434,4.694719715923554
2024,2024-11-07,2024020214,CAR,PIT,1.0,4.0,6.0,shot_microstats,4054,0.6591676243008531,0.8843469738612157,4.538445435925884,0.7177729786016571,0.9680043864975834,5.0829424583228455
2024,2024-11-07,2024020216,DAL,CHI,1.0,2.0,2.0,shot_microstats,4054,0.5448412783325621,0.2544631786968415,4.212324460077562,0.5015162814055096,-0.01987182797287404,4.44542968448963
2024,2024-11-07,2024020219,SJS,MIN,0.0,-1.0,5.0,shot_microstats,4054,0.4020763892520256,-0.44342742283245973,4.1133150629296855,0.41674181551008277,-0.47540149627670614,4.201243429716901
2024,2024-11-08,2024020221,WSH,PIT,0.0,-1.0,5.0,shot_microstats,4054,0.5718880506859995,0.3803238203751453,4.382458628795848,0.5677811876639323,0.22445191967653105,4.404002102100424
2024,2024-11-08,2024020222,ANA,MIN,0.0,-1.0,5.0,shot_microstats,4054,0.3662043381393291,-0.6485148698446437,4.2912940137014335,0.32488956221224297,-0.9302039961247348,4.322706285403427
2024,2024-11-08,2024020223,SEA,VGK,1.0,2.0,4.0,shot_microstats,4054,0.5180099484123264,0.1257216331179616,4.14246759184169,0.4491435599908925,-0.29600603142136417,4.369225991273632
2024,2024-11-09,2024020224,BUF,CGY,0.0,-1.0,3.0,shot_microstats,4054,0.5349782422287799,0.22399896090433316,4.014081745005259,0.5655637480247176,0.2432391511824048,4.538313938955276
2024,2024-11-09,2024020225,FLA,PHI,1.0,1.0,5.0,shot_microstats,4054,0.562918295583572,0.3652895661356247,4.0375673028555905,0.54278738972509,0.1762088359773767,4.724742228378272
2024,2024-11-09,2024020226,BOS,OTT,1.0,1.0,3.0,shot_microstats,4054,0.5122993290132261,0.1148409229290345,3.9733336038865197,0.45046216095019503,-0.20954435991223563,3.9602797260772116
2024,2024-11-09,2024020227,TOR,MTL,1.0,1.0,1.0,shot_microstats,4054,0.6269946639696857,0.7055997166654266,4.225546771153388,0.6128177586553942,0.4142683485150197,4.773310760695325
2024,2024-11-09,2024020228,DET,NYR,0.0,-2.0,2.0,shot_microstats,4054,0.48260611460301345,-0.0584086638385318,4.231239672868116,0.3520329852417448,-0.7207290129007646,4.572226114917865
2024,2024-11-09,2024020229,STL,WSH,0.0,-4.0,6.0,shot_microstats,4054,0.41956883534282224,-0.37282300263613743,4.274546241709761,0.3904753702224025,-0.5469517393534238,4.472729398120327
2024,2024-11-09,2024020230,WPG,DAL,1.0,1.0,3.0,shot_microstats,4054,0.5142945657504758,0.0978021115488172,4.233774813548377,0.5466422767758261,0.08228940492637671,4.406009324654661
2024,2024-11-09,2024020231,NYI,NJD,1.0,2.0,4.0,shot_microstats,4054,0.46831313960283016,-0.12484712273402127,4.198209419975795,0.5148778825111053,0.005270335270205706,4.723008595022047
2024,2024-11-09,2024020232,NSH,UTA,1.0,1.0,1.0,shot_microstats,4054,0.5199340151457758,0.14348347831027303,4.063090501659624,0.5467151723456826,0.11290701012265836,4.593061681107412
2024,2024-11-09,2024020234,LAK,CBJ,1.0,2.0,4.0,shot_microstats,4054,0.5874681248804562,0.4979537560814457,4.0210220889025345,0.5608120680038127,0.254449016198357,4.294019464624475
2024,2024-11-09,2024020235,VAN,EDM,0.0,-5.0,7.0,shot_microstats,4054,0.5055522051884038,0.04933748338240655,4.282064412563138,0.5124570642636889,0.017735133112346563,4.220222087802019
2024,2024-11-10,2024020236,NJD,SJS,0.0,-1.0,1.0,shot_microstats,4054,0.6812553890858627,1.056284254715173,4.1998835210045256,0.7126259343923513,1.0962487655829034,4.585854400230379
2024,2024-11-10,2024020238,ANA,CBJ,1.0,2.0,4.0,shot_microstats,4054,0.40585868034654804,-0.4574248604367013,4.422846251554722,0.35878718525811093,-0.8352519098391662,4.674847162125518
2024,2024-11-11,2024020240,PHI,SJS,0.0,-1.0,5.0,shot_microstats,4054,0.6004611776734942,0.5646762564962864,4.077259190298793,0.6139775933476186,0.5269331589711685,4.595685310846961
2024,2024-11-11,2024020241,PIT,DAL,0.0,-4.0,6.0,shot_microstats,4054,0.4936633892545382,-0.024019206719069562,4.421504999837186,0.4832998235580116,-0.2293098070792844,4.860787852884002
2024,2024-11-11,2024020242,CGY,LAK,1.0,2.0,2.0,shot_microstats,4054,0.4753741958336735,-0.06270299072854646,3.939714204999729,0.5188428064798969,0.05434232852485721,4.009366349905819
2024,2024-11-11,2024020243,COL,NSH,1.0,1.0,3.0,shot_microstats,4054,0.5727048514104351,0.40670396813875864,4.146139255487558,0.5945873039288323,0.42990630574146915,4.304300515260894
2024,2024-11-11,2024020244,VGK,CAR,0.0,-2.0,4.0,shot_microstats,4054,0.3767040411572469,-0.6185556774582578,4.533628526800403,0.3851585136634991,-0.6486881063485267,4.6041955416727625
2024,2024-11-12,2024020245,TOR,OTT,0.0,-3.0,3.0,shot_microstats,4054,0.5221955658418828,0.15574450562737138,4.053656676063021,0.5176855096794065,0.0025621648872915515,4.120684538248739
2024,2024-11-12,2024020246,FLA,NJD,0.0,-3.0,3.0,shot_microstats,4054,0.47880709475568,-0.06803979647720254,4.146755237609418,0.4433982482902214,-0.2721219325535498,4.451521965817726
2024,2024-11-12,2024020247,NYR,WPG,0.0,-2.0,6.0,shot_microstats,4054,0.4635865940011939,-0.17021968044960858,4.4062974341701135,0.509339098034414,-0.020351838332725136,4.751195392059217
2024,2024-11-12,2024020248,STL,BOS,0.0,-3.0,3.0,shot_microstats,4054,0.4982831611873058,0.04409062519128151,3.9891619306202513,0.4449221967229395,-0.24325150576752508,4.543500826226945
2024,2024-11-12,2024020250,VAN,CGY,1.0,1.0,3.0,shot_microstats,4054,0.5807679646365916,0.46199631985393774,4.017265797197827,0.567825855364375,0.2957111185585931,3.9755735930598215
2024,2024-11-12,2024020251,SEA,CBJ,1.0,1.0,5.0,shot_microstats,4054,0.5195804066589913,0.14378097340411505,4.043071680472667,0.4517046186570536,-0.31773804323868315,4.25954467459204
2024,2024-11-13,2024020252,PIT,DET,1.0,1.0,3.0,shot_microstats,4054,0.5479277668191882,0.2643874778699297,4.273406496669899,0.548775346609918,0.11668815848686187,4.948906056281123
2024,2024-11-13,2024020253,WSH,TOR,1.0,1.0,5.0,shot_microstats,4054,0.5750599587915316,0.42572734125166484,4.077546847348091,0.5677894740955941,0.32251258642389435,4.061221626001674
2024,2024-11-13,2024020254,UTA,CAR,1.0,4.0,4.0,shot_microstats,4054,0.3965695695379853,-0.49187429306564867,4.30507565136079,0.328900813438858,-0.8961724280211276,4.2877433907076075
2024,2024-11-13,2024020255,COL,LAK,1.0,1.0,5.0,shot_microstats,4054,0.5142469713505179,0.11101508004370282,4.103314990849944,0.573740539179635,0.3217894737283732,4.2573276982479165
2024,2024-11-13,2024020256,ANA,VGK,0.0,-1.0,3.0,shot_microstats,4054,0.413098515438323,-0.43191313949108123,4.52352909062019,0.38495689322237975,-0.700829228729793,4.804201918879025
2024,2024-11-14,2024020258,OTT,PHI,0.0,-2.0,6.0,shot_microstats,4054,0.5699125502205837,0.4018256016617418,4.040678391933349,0.627980326571725,0.45373747835111256,4.831327812863696
2024,2024-11-14,2024020259,TBL,WPG,1.0,1.0,3.0,shot_microstats,4054,0.5438105877599781,0.2500737766137496,4.203144710225983,0.5695003655837508,0.34051866998096436,4.349305407527183
2024,2024-11-14,2024020261,NYR,SJS,1.0,2.0,4.0,shot_microstats,4054,0.5965255609651783,0.5186157322807992,4.350484501712877,0.6479989894947796,0.6302867933994725,4.92401339359841
2024,2024-11-14,2024020262,DAL,BOS,1.0,4.0,8.0,shot_microstats,4054,0.5343669898451097,0.22068503625412472,4.016316167921388,0.5327244399212351,0.14288017643254985,4.457219948835666
2024,2024-11-14,2024020263,MIN,MTL,1.0,1.0,1.0,shot_microstats,4054,0.5925799140937419,0.521920226642913,4.065596594296569,0.553296079313088,0.21979457826666365,4.582781570312066
2024,2024-11-14,2024020264,EDM,NSH,0.0,-1.0,3.0,shot_microstats,4054,0.6191698402729839,0.6602064623142351,4.213874290240238,0.6355479149043447,0.5386034379222628,4.2962439013648135
2024,2024-11-14,2024020265,VAN,NYI,0.0,-1.0,5.0,shot_microstats,4054,0.5602119914125676,0.33592072726368366,4.195357829827664,0.48496319187777354,-0.11651165715022588,4.208305463820628
2024,2024-11-15,2024020267,CBJ,PIT,1.0,3.0,5.0,shot_microstats,4054,0.5079800332454577,0.04776673722995825,4.414265858864694,0.4541400115391341,-0.32537480025572885,4.998079487674209
2024,2024-11-15,2024020268,COL,WSH,0.0,-1.0,5.0,shot_microstats,4054,0.5156465304816817,0.09484173780529097,4.328542345888872,0.5810994373319738,0.3004844129146625,4.437545269643353
2024,2024-11-15,2024020269,CGY,NSH,1.0,1.0,1.0,shot_microstats,4054,0.5203796767302369,0.1540569048915357,3.9820288562375636,0.5369061763590653,0.09597292335277496,4.216922438765673
2024,2024-11-15,2024020271,ANA,DET,1.0,2.0,4.0,shot_microstats,4054,0.4536766025272878,-0.20825498850958496,4.308185471201162,0.42409418993634723,-0.4736123635706345,4.825612968847162
2024,2024-11-16,2024020273,SEA,NYI,1.0,2.0,4.0,shot_microstats,4054,0.4765613234700943,-0.08043455414488854,4.1599884121168875,0.4319320577511697,-0.41949993077090797,4.288896787260938
2024,2024-11-16,2024020274,TOR,EDM,1.0,2.0,4.0,shot_microstats,4054,0.43395359893930685,-0.3021959953523336,4.280637470717864,0.48948534031372115,-0.13343291088149234,4.366661375239915
2024,2024-11-16,2024020275,MTL,CBJ,1.0,2.0,4.0,shot_microstats,4054,0.4650730284334466,-0.14826450861540147,4.268982516655954,0.38341639401677413,-0.5729591438789355,4.782464178077265
2024,2024-11-16,2024020276,TBL,NJD,1.0,2.0,2.0,shot_microstats,4054,0.48888095316192187,-0.017802824673210732,4.138314512663706,0.5134212436305104,0.06546244286678915,4.243764514703313
2024,2024-11-16,2024020277,FLA,WPG,1.0,3.0,3.0,shot_microstats,4054,0.5352439662908793,0.20961890645417816,4.1702393175288295,0.5280814379228724,0.13403427930507172,4.5906423586614284
2024,2024-11-16,2024020278,PHI,BUF,1.0,2.0,2.0,shot_microstats,4054,0.5172679589139723,0.13530277201395782,4.0136742307537245,0.40895565919756144,-0.4228592792590964,4.423327393327965
2024,2024-11-16,2024020279,PIT,SJS,1.0,1.0,5.0,shot_microstats,4054,0.6246416509975378,0.6784095452373,4.389407983823283,0.6751204523608487,0.7438339537082765,4.96991521814135
2024,2024-11-16,2024020280,CAR,OTT,1.0,1.0,1.0,shot_microstats,4054,0.5961670996023167,0.5237174329988529,4.269154790381137,0.5819947498773412,0.30457946849843165,4.514113956183531
2024,2024-11-16,2024020281,MIN,DAL,0.0,-1.0,3.0,shot_microstats,4054,0.5076243417971191,0.08015015060225317,4.084315045674795,0.4886923424305397,-0.10866762743071945,4.305679977269565
2024,2024-11-16,2024020282,LAK,DET,1.0,3.0,3.0,shot_microstats,4054,0.6121066605468337,0.6453898433083406,3.907232275507609,0.5940952903000779,0.47986389556827536,4.320902742985761
2024,2024-11-17,2024020284,CAR,STL,1.0,2.0,4.0,shot_microstats,4054,0.6756916564892221,1.0048592822570945,4.40129880942732,0.6878990842966065,0.8417589483108845,5.1199929462214975
2024,2024-11-17,2024020286,VGK,WSH,0.0,-2.0,4.0,shot_microstats,4054,0.4317065811913576,-0.327691976484885,4.41429594905386,0.5243325122667891,-0.03423625031932942,4.591749687348524
2024,2024-11-17,2024020287,SEA,NYR,0.0,-2.0,2.0,shot_microstats,4054,0.5206010992819474,0.129555108759719,4.23160081713247,0.44704765571911836,-0.3381191538731365,4.422478600964638
2024,2024-11-18,2024020288,BOS,CBJ,0.0,-2.0,2.0,shot_microstats,4054,0.5408373273083812,0.24981041722293545,4.052904509460817,0.45475941768991873,-0.20615434252935028,4.213306564859687
2024,2024-11-18,2024020289,PHI,COL,1.0,1.0,3.0,shot_microstats,4054,0.4443048832045998,-0.24101783081046402,4.1855906999655454,0.3967882541136235,-0.5312182973542763,4.506894582289847
2024,2024-11-18,2024020290,MTL,EDM,1.0,2.0,2.0,shot_microstats,4054,0.36844917314353753,-0.6455385891550668,4.377325349301632,0.34652861048481876,-0.7309223755484364,4.778117523031074
2024,2024-11-18,2024020291,DAL,ANA,0.0,-1.0,5.0,shot_microstats,4054,0.6507100831868677,0.8351669776792039,4.45369030767824,0.6323063788883707,0.6609144014803356,4.853448698065143
2024,2024-11-18,2024020292,UTA,WSH,0.0,-2.0,6.0,shot_microstats,4054,0.4816389911191096,-0.06040640020307919,4.205379786667056,0.47498278657172355,-0.21148842993123385,4.283658188907643
2024,2024-11-18,2024020293,SJS,DET,1.0,1.0,5.0,shot_microstats,4054,0.4744188473370873,-0.08427155185095442,4.09778469936417,0.44416652223506486,-0.3559546341943538,4.574577508574323
2024,2024-11-19,2024020294,OTT,EDM,0.0,-2.0,6.0,shot_microstats,4054,0.4993993788240678,0.02489058295390533,4.2244231333947795,0.5614457204059984,0.17050826394553176,4.650599884145118
2024,2024-11-19,2024020295,PIT,TBL,0.0,-1.0,3.0,shot_microstats,4054,0.45835653934282117,-0.19433072935066403,4.392136928154117,0.5036327361458086,-0.17182800096827033,4.81456027044395
2024,2024-11-19,2024020296,STL,MIN,0.0,-2.0,4.0,shot_microstats,4054,0.4912746339831462,0.0008325723682890418,4.07310381935405,0.4140613995385388,-0.40173180905107364,4.4530209594611
2024,2024-11-19,2024020297,WPG,FLA,1.0,2.0,4.0,shot_microstats,4054,0.4919023966315898,-0.005914427723510279,4.166198886741645,0.5168120159114822,-0.07848668244366308,4.287296987950003
2024,2024-11-19,2024020298,CHI,ANA,0.0,-1.0,5.0,shot_microstats,4054,0.596270881515424,0.5160664546980337,4.36332134077436,0.5066911253590453,0.036714589094839156,4.6386677910504766
2024,2024-11-19,2024020299,CGY,NYI,0.0,-1.0,1.0,shot_microstats,4054,0.47049374209033107,-0.1175460485395376,4.229681809510711,0.4688350778186583,-0.2632244784191533,4.440457365490733
2024,2024-11-19,2024020300,VAN,NYR,0.0,-1.0,7.0,shot_microstats,4054,0.5686945903574224,0.3724225002655736,4.283508775418208,0.4873655577222672,-0.09506612775144457,4.37409916925103
2024,2024-11-20,2024020301,TOR,VGK,1.0,1.0,1.0,shot_microstats,4054,0.5589021785941681,0.3249076268613558,4.238548112868373,0.5570283663205466,0.18615368650836972,4.462168925352974
2024,2024-11-20,2024020302,PHI,CAR,0.0,-3.0,5.0,shot_microstats,4054,0.38811044799811567,-0.5395097478490084,4.345597675506636,0.3200218634157011,-0.9058607551976414,4.405350419268159
2024,2024-11-20,2024020303,DAL,SJS,1.0,2.0,4.0,shot_microstats,4054,0.64807015214659,0.8306189994458304,4.284643493244266,0.6736150663236066,0.8258667785237626,4.853861708028238
2024,2024-11-20,2024020304,SEA,NSH,1.0,1.0,1.0,shot_microstats,4054,0.5209777867901966,0.1587231115475121,3.9656790790079035,0.5138554740884173,-0.0024797401421167153,4.123067756625789
2024,2024-11-21,2024020307,OTT,VGK,0.0,-2.0,4.0,shot_microstats,4054,0.5937553791515868,0.512192068617964,4.247172835553952,0.6123977494645957,0.4246062479627374,4.785920781953258
2024,2024-11-21,2024020308,DET,NYI,1.0,1.0,3.0,shot_microstats,4054,0.414381256377873,-0.3992871284162828,4.27985550054988,0.35458055969421537,-0.7778916350616105,4.5566750327659085
2024,2024-11-21,2024020309,NJD,CAR,1.0,1.0,3.0,shot_microstats,4054,0.44698357382521514,-0.24323406052430113,4.328298252723924,0.40222932086211816,-0.5043423936108372,4.3311367546641675
2024,2024-11-21,2024020312,STL,SJS,1.0,2.0,2.0,shot_microstats,4054,0.5921845931919751,0.5098498095620656,4.175565780572541,0.5458571065225354,0.20526983339032823,4.778189008914024
2024,2024-11-21,2024020315,EDM,MIN,0.0,-3.0,7.0,shot_microstats,4054,0.5989379252131111,0.5513973478406775,4.131001260377384,0.6153628795597524,0.46533644028269605,4.309424369359765
2024,2024-11-22,2024020316,PIT,WPG,0.0,-2.0,2.0,shot_microstats,4054,0.4806697625690365,-0.08875089050422195,4.428267272486143,0.5281210447032666,0.014347819786456162,4.847883549293529
2024,2024-11-23,2024020320,LAK,SEA,1.0,1.0,1.0,shot_microstats,4054,0.6033086704052517,0.592332385359962,3.9452112373366486,0.6504460213760607,0.7027531762206453,4.1027014348899975
2024,2024-11-23,2024020321,FLA,COL,0.0,-3.0,9.0,shot_microstats,4054,0.48376684292884187,-0.048619785098608176,4.192558197475085,0.4413881536577236,-0.3302378887114046,4.5496191756250175
2024,2024-11-23,2024020322,MTL,VGK,0.0,-5.0,7.0,shot_microstats,4054,0.47542001238006737,-0.10518495352964871,4.340115204639601,0.42849896425284534,-0.34908193169895085,4.826968434044171
2024,2024-11-23,2024020323,OTT,VAN,0.0,-3.0,3.0,shot_microstats,4054,0.5562397108656973,0.32927015135247073,4.049882018326191,0.6371291168654551,0.4425519311216307,4.572253557455264
2024,2024-11-23,2024020325,TBL,DAL,0.0,-1.0,5.0,shot_microstats,4054,0.5440905578013666,0.24850215043789914,4.233659800819032,0.5230592914496497,0.05346257569829432,4.409351749296925
2024,2024-11-23,2024020326,PIT,UTA,0.0,-3.0,3.0,shot_microstats,4054,0.4618467797207341,-0.17091660267809372,4.333109649712279,0.4824460217051001,-0.23637657108296373,4.8812857673609145
2024,2024-11-23,2024020328,CBJ,CAR,0.0,-1.0,5.0,shot_microstats,4054,0.3853647432500084,-0.5688119840330534,4.488208209068508,0.30295690207188825,-1.0786715775048576,4.723993901307403
2024,2024-11-23,2024020329,NSH,WPG,1.0,2.0,2.0,shot_microstats,4054,0.4900637657455945,-0.010908268062609638,4.127983964089071,0.5107052499137581,-0.010326763065609867,4.465705705543685
2024,2024-11-23,2024020330,NYI,STL,1.0,1.0,1.0,shot_microstats,4054,0.5657048274972165,0.35620899131448464,4.286787816368212,0.6164121793252955,0.35998063069087194,5.032233672091987
2024,2024-11-23,2024020332,EDM,NYR,1.0,2.0,6.0,shot_microstats,4054,0.5966668371001853,0.510494129051217,4.453432001602626,0.5714320572990881,0.19724367253282982,4.666190362232161
2024,2024-11-24,2024020333,TOR,UTA,1.0,1.0,3.0,shot_microstats,4054,0.5267042351394237,0.18128409055881528,4.024631959601105,0.5294902683984329,0.06657585014808887,4.422075313161893
2024,2024-11-25,2024020334,TBL,COL,1.0,3.0,7.0,shot_microstats,4054,0.4940709190755598,-0.004192767088489591,4.251257456814143,0.4730748520289912,-0.15958062812428842,4.4452607462120675
2024,2024-11-25,2024020336,NJD,NSH,1.0,1.0,5.0,shot_microstats,4054,0.586461505932264,0.49478013193843534,3.9959414882155,0.5866917703094225,0.3850415979100442,4.251690696673129
2024,2024-11-25,2024020337,NYR,STL,0.0,-1.0,5.0,shot_microstats,4054,0.5297031493195701,0.16475735008087478,4.3372972296099235,0.5614744562565521,0.10977203567966565,5.102824809879812
2024,2024-11-25,2024020338,PHI,VGK,1.0,1.0,7.0,shot_microstats,4054,0.49169505771949773,-0.021500315546967852,4.304672198378853,0.47400119473106583,-0.18924800331162972,4.6486655680459
2024,2024-11-25,2024020339,CAR,DAL,0.0,-3.0,5.0,shot_microstats,4054,0.603438468524766,0.5529423852378318,4.406989562949653,0.5947707094403706,0.3186326767055073,4.784425386106518
2024,2024-11-25,2024020340,OTT,CGY,1.0,1.0,3.0,shot_microstats,4054,0.5860614693934078,0.4901195561005097,4.02292999391183,0.6103780111102276,0.42309449549059586,4.440175391956765
2024,2024-11-25,2024020341,NYI,DET,0.0,-1.0,5.0,shot_microstats,4054,0.6100188643898611,0.6094451353260182,4.185889737296445,0.6511128002513042,0.6371141596141614,4.950034254893901
2024,2024-11-25,2024020342,MIN,WPG,0.0,-1.0,3.0,shot_microstats,4054,0.5238372178705428,0.16763911871701373,4.017709355485462,0.5534313419643015,0.2788074421517137,4.3373867215006054
2024,2024-11-25,2024020343,ANA,SEA,0.0,-2.0,4.0,shot_microstats,4054,0.4171971709326263,-0.386220696086219,4.28917860961042,0.45589410699107175,-0.3542110424204784,4.652571321538159
2024,2024-11-25,2024020344,SJS,LAK,1.0,3.0,7.0,shot_microstats,4054,0.3589971349267671,-0.6722670788830438,4.145666635515788,0.3819100722045438,-0.6578327031461575,4.2792362289090295
2024,2024-11-27,2024020347,BUF,MIN,0.0,-1.0,1.0,shot_microstats,4054,0.4840526750802955,-0.023054464874426084,3.9651425898699917,0.4600536988622724,-0.21931003296682516,4.531484679346693
2024,2024-11-27,2024020348,NJD,STL,0.0,-2.0,2.0,shot_microstats,4054,0.6128051709040252,0.6311629122080726,4.119008614100412,0.6366830709529818,0.5620837295647542,4.656749786987658
2024,2024-11-27,2024020349,CAR,NYR,0.0,-1.0,5.0,shot_microstats,4054,0.6524894024515073,0.8397655945482254,4.551162261479803,0.6135355534501278,0.4676351999914246,5.02560803922808
2024,2024-11-27,2024020351,TBL,WSH,1.0,1.0,5.0,shot_microstats,4054,0.5230203086858122,0.14373477977764204,4.211557883074882,0.539588964919979,0.14238757863598203,4.346842743032503
2024,2024-11-27,2024020352,FLA,TOR,1.0,1.0,1.0,shot_microstats,4054,0.5127992715716209,0.1090030196093049,4.053332255920661,0.4983554983325421,-0.0024875366411132305,4.432719183085212
2024,2024-11-27,2024020353,NYI,BOS,0.0,-2.0,8.0,shot_microstats,4054,0.5063589535727769,0.07454213080801672,4.078101637959013,0.575817240548057,0.23832878873400498,4.670590412989481
2024,2024-11-27,2024020354,PIT,VAN,1.0,1.0,7.0,shot_microstats,4054,0.4517809047206034,-0.21878179345066912,4.319701801998665,0.5267636816758378,-0.10448538219056513,4.742221898466458
2024,2024-11-27,2024020355,CBJ,MTL,1.0,1.0,5.0,shot_microstats,4054,0.5690175091015808,0.37989938792293443,4.222192240057884,0.48037470304099683,-0.2053017743303247,5.0208631817552565
2024,2024-11-27,2024020357,CHI,DAL,1.0,3.0,5.0,shot_microstats,4054,0.42636154677129756,-0.3467833676971791,4.346080628952123,0.3192615021084771,-0.9528012392661253,4.458958698185286
2024,2024-11-27,2024020359,LAK,WPG,1.0,2.0,2.0,shot_microstats,4054,0.569791222064216,0.39814633100905084,4.072620337047178,0.6005930106924955,0.4890086663992239,4.1924051810395975
2024,2024-11-27,2024020360,SEA,ANA,0.0,-2.0,6.0,shot_microstats,4054,0.6138194605827731,0.632904663510241,4.167546363149293,0.588990548212072,0.35329253831440965,4.42864332611998
2024,2024-11-27,2024020361,SJS,OTT,0.0,-1.0,5.0,shot_microstats,4054,0.3707095500848906,-0.610540274010489,4.156537306921345,0.3519850046585062,-0.8127079839495921,4.223439883753042
2024,2024-11-29,2024020362,PHI,NYR,1.0,1.0,3.0,shot_microstats,4054,0.5256554731662787,0.15019262525540455,4.2786135044233955,0.4628434910100841,-0.2528034190233863,4.644141055470632
2024,2024-11-29,2024020363,MIN,CHI,1.0,2.0,4.0,shot_microstats,4054,0.5838926720496878,0.4769044666027585,4.038552715567139,0.6155211290306106,0.5024641916749097,4.622294661671423
2024,2024-11-29,2024020364,BUF,VAN,1.0,1.0,5.0,shot_microstats,4054,0.48195342643216554,-0.04137488999491362,4.0408234175750275,0.522920611115703,-0.01754626769102352,4.742642029771207
2024,2024-11-29,2024020365,DET,NJD,1.0,1.0,5.0,shot_microstats,4054,0.38585987023451174,-0.5239029867128807,4.088001641042363,0.34796523009478286,-0.747003264204644,4.278992306548774
2024,2024-11-29,2024020366,WSH,NYI,0.0,-2.0,6.0,shot_microstats,4054,0.5483838477633205,0.26667746454216423,4.274118501023558,0.5331091966818836,0.07744733620471417,4.415594217899247
2024,2024-11-29,2024020367,CAR,FLA,0.0,-2.0,6.0,shot_microstats,4054,0.601573893906718,0.5559152067834812,4.248824111785813,0.6143734934048659,0.3988691935060611,4.642243088585883
2024,2024-11-29,2024020368,CBJ,CGY,1.0,2.0,4.0,shot_microstats,4054,0.5461197929378149,0.2692049822363124,4.129494171052511,0.48912113454535416,-0.13400143870427939,4.549394045835108
2024,2024-11-29,2024020369,NSH,TBL,1.0,1.0,3.0,shot_microstats,4054,0.46369640929214967,-0.13962437808286554,4.125508038594096,0.4814618126835475,-0.22211989381200925,4.518289709945801
2024,2024-11-29,2024020370,ANA,LAK,0.0,-1.0,3.0,shot_microstats,4054,0.3329331098846462,-0.838585242163304,4.356539224424992,0.345180773798336,-0.8430904947188071,4.576924357098956
2024,2024-11-29,2024020371,SJS,SEA,1.0,4.0,10.0,shot_microstats,4054,0.4591757959522073,-0.1520500478531271,4.035558589440256,0.49751667200424954,-0.13286957532917731,4.218315477144778
2024,2024-11-29,2024020372,BOS,PIT,0.0,-1.0,3.0,shot_microstats,4054,0.5761652639740172,0.42465881230676006,4.152311167031664,0.5181342930510933,0.0892623306423922,4.351064895893104
2024,2024-11-29,2024020374,VGK,WPG,1.0,1.0,7.0,shot_microstats,4054,0.4876980396272647,-0.05255695048950167,4.412971183632435,0.5800913843231563,0.27013997108097554,4.7145760418845635
2024,2024-11-29,2024020375,UTA,EDM,1.0,2.0,4.0,shot_microstats,4054,0.4675007049114384,-0.13619344311914144,4.2671762086957115,0.48747905882636056,-0.15680118575882496,4.506890827559577
2024,2024-11-30,2024020376,NYR,MTL,0.0,-2.0,4.0,shot_microstats,4054,0.5198508893025837,0.11516010450371265,4.3360147764180885,0.4644983204910444,-0.30403223548805214,5.044278169904488
2024,2024-11-30,2024020377,FLA,CAR,1.0,3.0,3.0,shot_microstats,4054,0.43120473062664677,-0.3141215872277884,4.26536498022375,0.3904166407953043,-0.5480685148770843,4.398214358527832
2024,2024-11-30,2024020378,TBL,TOR,0.0,-3.0,5.0,shot_microstats,4054,0.5382926929304768,0.23618869132167236,4.05971988424209,0.5368298683420665,0.20378048975376417,4.353712999898107
2024,2024-11-30,2024020380,PIT,CGY,1.0,1.0,5.0,shot_microstats,4054,0.5103996563991616,0.07368687940291488,4.279531106399981,0.5266739128927818,-0.028346704153091262,4.614124668204422
2024,2024-11-30,2024020381,STL,PHI,0.0,-1.0,3.0,shot_microstats,4054,0.4943965234201928,0.0030327121048162597,4.1977136006072255,0.4408544722378349,-0.3422214045395525,4.6985466744743265
2024,2024-11-30,2024020382,LAK,OTT,1.0,1.0,5.0,shot_microstats,4054,0.5635842224565009,0.37268207250245755,3.997126113943467,0.5363995417606258,0.16396495022310598,4.002738541061769
2024,2024-11-30,2024020383,NYI,BUF,1.0,1.0,1.0,shot_microstats,4054,0.5525957740806566,0.2990677261627388,4.165704956895251,0.5050956960648303,-0.04343310619225105,4.629172269827994
2024,2024-11-30,2024020385,COL,EDM,0.0,-3.0,3.0,shot_microstats,4054,0.5268757040884543,0.14641431707675073,4.377323676260048,0.6209099554729567,0.4808706593495431,4.552683856707503
2024,2024-11-30,2024020386,VGK,UTA,0.0,-4.0,4.0,shot_microstats,4054,0.46922122217880297,-0.13839611915205782,4.366762156247691,0.513935885239306,-0.08072533353379108,4.795391901795314
2024,2024-11-30,2024020387,SEA,SJS,0.0,-2.0,6.0,shot_microstats,4054,0.5955264433922541,0.5454471961107359,3.985163770026278,0.6142662560462386,0.4633979691450383,4.368375908664414
2024,2024-12-01,2024020388,DET,VAN,1.0,1.0,5.0,shot_microstats,4054,0.4336415285806828,-0.2789327343382193,4.050446389050525,0.45771831016949094,-0.3248095628459058,4.477237382882382
2024,2024-12-01,2024020389,BOS,MTL,1.0,1.0,7.0,shot_microstats,4054,0.5802635756071648,0.4663102271475292,3.9421287268654424,0.49531739883976084,-0.03598923797529674,4.287942039941526
2024,2024-12-01,2024020390,CHI,CBJ,0.0,-4.0,4.0,shot_microstats,4054,0.4637242982859794,-0.15833564447405535,4.301427962403447,0.35722030261116605,-0.7229925965250659,4.544757753376377
2024,2024-12-01,2024020391,DAL,WPG,1.0,1.0,3.0,shot_microstats,4054,0.5412591403320194,0.23035575726358545,4.270256918313902,0.5781847903313884,0.3480284672476301,4.592316950080842
2024,2024-12-02,2024020393,NYR,NJD,0.0,-3.0,3.0,shot_microstats,4054,0.38116085193821136,-0.5791202321264572,4.380197867923985,0.36818724401772496,-0.716474181404074,4.712944399954293
2024,2024-12-02,2024020394,TOR,CHI,1.0,2.0,4.0,shot_microstats,4054,0.6075052261896463,0.6050802474528062,4.0696994761167264,0.6337071872448768,0.5645280123575438,4.5885039363940985
2024,2024-12-03,2024020396,BOS,DET,0.0,-1.0,3.0,shot_microstats,4054,0.6120116316587032,0.644297864898455,3.9135549763120268,0.5575606587510369,0.31277052348887346,4.3219754670915185
2024,2024-12-03,2024020397,BUF,COL,0.0,-1.0,9.0,shot_microstats,4054,0.4226628423585294,-0.3508955739135414,4.213832721317198,0.3942849013693336,-0.5827265600292391,4.772949095471532
2024,2024-12-03,2024020398,MTL,NYI,0.0,-1.0,1.0,shot_microstats,4054,0.46679409031107916,-0.138735946509981,4.258618819804777,0.39607479036284476,-0.5237947800330897,4.831987805282144
2024,2024-12-03,2024020399,PIT,FLA,1.0,1.0,7.0,shot_microstats,4054,0.44801624785203115,-0.23994514076083306,4.344833607877353,0.46786193776274154,-0.3671795649115146,4.727861800944286
2024,2024-12-03,2024020401,CAR,SEA,0.0,-2.0,4.0,shot_microstats,4054,0.640318012523923,0.7921804617989534,4.153017458599809,0.6785192324957305,0.7841492489516187,4.496292028628934
2024,2024-12-03,2024020402,MIN,VAN,1.0,1.0,3.0,shot_microstats,4054,0.5125717481551186,0.12224865289835674,3.91518833204519,0.5742012400069979,0.24456284562651698,4.2958478589213485
2024,2024-12-03,2024020403,WPG,STL,0.0,-1.0,1.0,shot_microstats,4054,0.5615776765519764,0.342847271694279,4.197924986201168,0.6147553873076076,0.36486582762991127,4.546689191761096
2024,2024-12-03,2024020405,VGK,EDM,1.0,1.0,1.0,shot_microstats,4054,0.4286304784089671,-0.3552623873265219,4.529017891575211,0.5123683527435341,-0.1004753724059525,4.683569021932943
2024,2024-12-04,2024020407,CHI,BOS,0.0,-2.0,6.0,shot_microstats,4054,0.4765228277925582,-0.06663483913285001,4.0288943518290585,0.392720571688228,-0.4881524335942411,4.402881246581762
2024,2024-12-04,2024020408,ANA,VGK,0.0,-2.0,4.0,shot_microstats,4054,0.42093036511633075,-0.39843361969247054,4.575238195343728,0.4296804287299265,-0.492366915285421,4.97002213121397
2024,2024-12-04,2024020409,LAK,DAL,1.0,2.0,4.0,shot_microstats,4054,0.5599929535398914,0.33612380923189655,4.181277668604552,0.5400049593749762,0.12317309207915328,4.229306600826468
2024,2024-12-05,2024020412,OTT,DET,1.0,2.0,2.0,shot_microstats,4054,0.6098193061180852,0.6207077283725768,4.041385377556649,0.6164301500361289,0.47551011226192186,4.801665525567038
2024,2024-12-05,2024020413,TBL,SJS,1.0,7.0,7.0,shot_microstats,4054,0.6485815669634454,0.8408509713634517,4.190397761903237,0.6659161774571124,0.8111935423754787,4.62316562866132
2024,2024-12-05,2024020414,PHI,FLA,1.0,2.0,6.0,shot_microstats,4054,0.49122521185570545,-0.0012133024899707856,4.090163372094525,0.4570908465576751,-0.2993586374841669,4.30377889614412
2024,2024-12-05,2024020416,NYI,SEA,0.0,-1.0,3.0,shot_microstats,4054,0.5410822571996222,0.2495245997006238,4.068236425522565,0.5997707509860255,0.3616716258963467,4.448981790715638
2024,2024-12-05,2024020417,CGY,STL,0.0,-1.0,3.0,shot_microstats,4054,0.5389348674115675,0.23461535090006747,4.107983558590626,0.5997832419850796,0.29726666836700133,4.668355966135738
2024,2024-12-05,2024020418,EDM,CBJ,1.0,1.0,7.0,shot_microstats,4054,0.5843852835782675,0.4569813438964868,4.285935641356181,0.5815700956328516,0.28910867546249874,4.589075734192203
2024,2024-12-06,2024020419,TOR,WSH,0.0,-1.0,3.0,shot_microstats,4054,0.4810300688967463,-0.054673805964204014,4.1233523177656,0.5259854784103051,0.025512100620318612,4.2481195488767165
2024,2024-12-06,2024020420,NJD,SEA,1.0,2.0,4.0,shot_microstats,4054,0.6131677555296546,0.6456756715494505,3.973905024009585,0.6283796382314853,0.6087316610597431,4.203299063723819
2024,2024-12-06,2024020421,NYR,PIT,1.0,2.0,6.0,shot_microstats,4054,0.4927116454911624,-0.04465599076643742,4.5744880030508615,0.48785035872753396,-0.2051863086876916,5.149411506512073
2024,2024-12-06,2024020422,VAN,CBJ,1.0,2.0,4.0,shot_microstats,4054,0.5450774627493918,0.2703008155257034,4.0644928628852455,0.5194888975188263,0.03683989233265483,4.250957032272604
2024,2024-12-06,2024020424,ANA,MIN,0.0,-2.0,4.0,shot_microstats,4054,0.40477254408568264,-0.4468187657975987,4.272808683565965,0.39142204499023514,-0.6353383970272143,4.605919732623371
2024,2024-12-07,2024020426,BUF,UTA,0.0,-3.0,7.0,shot_microstats,4054,0.46393026301009954,-0.13825196409569684,4.123366586343088,0.4502010140044427,-0.31256010690292046,4.885293074794886
2024,2024-12-07,2024020427,CHI,WPG,0.0,-2.0,4.0,shot_microstats,4054,0.47818504039851323,-0.07598690335990338,4.192832868138246,0.4108808160975941,-0.3973933691969471,4.421447614730242
2024,2024-12-07,2024020428,NYI,CAR,1.0,4.0,4.0,shot_microstats,4054,0.4145595525230018,-0.40955872276917915,4.3836829548699665,0.42599714692859375,-0.445553785499351,4.644993400060154
2024,2024-12-07,2024020429,FLA,SJS,1.0,2.0,2.0,shot_microstats,4054,0.6407057984264448,0.7992725283357013,4.092434548903515,0.6349715741772681,0.6501192426247479,4.734555767264627
2024,2024-12-07,2024020430,MTL,WSH,0.0,-1.0,5.0,shot_microstats,4054,0.41997057431547496,-0.36886404287833885,4.256346424823127,0.3839542522655492,-0.5795765209079262,4.619335478620451
2024,2024-12-07,2024020431,OTT,NSH,1.0,2.0,4.0,shot_microstats,4054,0.533886864677443,0.21551896370428456,4.043408349625864,0.5328707910622118,0.02712152157049219,4.513451360781222
2024,2024-12-07,2024020435,EDM,STL,1.0,1.0,3.0,shot_microstats,4054,0.6289469714657275,0.7087971567718565,4.332640616470736,0.6443640622097959,0.5838039470251435,4.838370421199404
2024,2024-12-08,2024020437,VAN,TBL,1.0,1.0,3.0,shot_microstats,4054,0.4883453222996155,-0.01241063381441776,4.06258228918755,0.4840119797771056,-0.15099246741988526,4.170527056756284
2024,2024-12-08,2024020439,WPG,CBJ,0.0,-2.0,2.0,shot_microstats,4054,0.5266684323269135,0.16661306158295486,4.166893841614213,0.5708534660352611,0.19418377451160784,4.261914259995365
2024,2024-12-08,2024020440,NJD,COL,0.0,-3.0,3.0,shot_microstats,4054,0.5302179861236084,0.17508045957188778,4.260431809263168,0.4919198241504577,-0.10142841957333498,4.503166552269219
2024,2024-12-08,2024020442,DAL,CGY,1.0,3.0,5.0,shot_microstats,4054,0.575063044075303,0.417306525842626,4.167714142225179,0.5825403712904075,0.33816296016260045,4.43153276147701
2024,2024-12-09,2024020444,NYR,CHI,0.0,-2.0,2.0,shot_microstats,4054,0.5263816254095282,0.1461143889034462,4.355426399579528,0.5581413996170647,0.12065364204474194,5.231657830261387
2024,2024-12-10,2024020446,NJD,TOR,1.0,1.0,1.0,shot_microstats,4054,0.5929732317228422,0.530681629458006,3.9927506859928648,0.5647611988872517,0.3653948221990024,4.3229881731972135
2024,2024-12-10,2024020447,PIT,COL,0.0,-3.0,7.0,shot_microstats,4054,0.38487562274207116,-0.5798960360873361,4.568661803308524,0.3920585398502767,-0.7173405053383717,4.840118483833676
2024,2024-12-10,2024020448,CAR,SJS,1.0,1.0,5.0,shot_microstats,4054,0.6883707989523548,1.0968064781409166,4.354870649672021,0.6964809446198001,0.9445041979973692,4.900762970634191
2024,2024-12-10,2024020449,CBJ,PHI,0.0,-2.0,6.0,shot_microstats,4054,0.5086871120418436,0.07479579287962482,4.186484618655899,0.4746368580977987,-0.2269888380952214,4.825552808215479
2024,2024-12-10,2024020450,NYI,LAK,0.0,-1.0,3.0,shot_microstats,4054,0.46602307826941286,-0.1311520487661375,4.152534096160483,0.5448818173977779,0.1268744981086538,4.5531713985105515
2024,2024-12-10,2024020452,WPG,BOS,1.0,5.0,5.0,shot_microstats,4054,0.5256143526300279,0.1854059726916372,3.9311918135833626,0.595353292208696,0.36174299940378163,4.066960370136036
2024,2024-12-10,2024020453,EDM,TBL,1.0,1.0,3.0,shot_microstats,4054,0.5395346969592897,0.22097442355041147,4.275783240208765,0.542875447457523,0.08787175188147933,4.533730127408473
2024,2024-12-10,2024020454,UTA,MIN,0.0,-1.0,5.0,shot_microstats,4054,0.5498124949514105,0.29885288157987694,4.021507453989924,0.5203732672191833,0.04239943981386696,4.383542310279144
2024,2024-12-11,2024020458,OTT,ANA,1.0,1.0,3.0,shot_microstats,4054,0.6408662519339575,0.7825214025823047,4.3235787082479575,0.6410216837500643,0.5939607467612671,4.847514346852277
2024,2024-12-12,2024020459,TOR,ANA,1.0,2.0,4.0,shot_microstats,4054,0.6380984475335474,0.772015770035902,4.237091599230678,0.6258360281322471,0.5795148858266832,4.567751681726008
2024,2024-12-12,2024020460,MTL,PIT,0.0,-5.0,9.0,shot_microstats,4054,0.4964668132949329,-0.007026599773039901,4.391444314926705,0.45035276546173664,-0.26273423824163666,4.991292768796035
2024,2024-12-12,2024020461,NJD,LAK,1.0,1.0,3.0,shot_microstats,4054,0.5374813176724739,0.23471381666850957,4.033445167089364,0.547082254274021,0.23615836297219495,4.326373825066201
2024,2024-12-12,2024020463,CBJ,WSH,0.0,-1.0,1.0,shot_microstats,4054,0.4549106768618848,-0.19724913033635944,4.2619942009413725,0.43434701768874795,-0.4270955619747958,4.522789227844957
2024,2024-12-12,2024020464,NYI,CHI,1.0,3.0,7.0,shot_microstats,4054,0.559187978690762,0.32646158418597804,4.237976304817023,0.6255941925260594,0.4562752983337337,5.018679481313987
2024,2024-12-12,2024020466,DAL,NSH,0.0,-1.0,3.0,shot_microstats,4054,0.5477741833049931,0.2701297556816902,4.206612078109467,0.5419183851376843,0.1164395870327613,4.536229551259381
2024,2024-12-12,2024020467,MIN,EDM,0.0,-4.0,4.0,shot_microstats,4054,0.4661861894066847,-0.13401748475429975,4.186731705990372,0.5036807842784703,-0.07647172707217531,4.447512267921769
2024,2024-12-12,2024020468,WPG,VGK,1.0,1.0,3.0,shot_microstats,4054,0.5221574713939563,0.1306962994569294,4.29718451083747,0.5900145582976953,0.28456399403323096,4.400775775278974
2024,2024-12-12,2024020469,COL,UTA,0.0,-2.0,2.0,shot_microstats,4054,0.5593027305464288,0.3254420519756069,4.254909597216847,0.5883844716728586,0.33304178504724424,4.681723059839882
2024,2024-12-12,2024020470,CGY,TBL,0.0,-2.0,8.0,shot_microstats,4054,0.4540194528616004,-0.1861273166772502,4.117968474111594,0.49897497899387416,-0.1591156744847516,4.450411512302012
2024,2024-12-12,2024020471,VAN,FLA,1.0,3.0,3.0,shot_microstats,4054,0.4828691441962339,-0.03215291988801422,3.996262771473101,0.4308445023845291,-0.4025872162019645,3.977382262384707
2024,2024-12-12,2024020472,SEA,BOS,1.0,3.0,3.0,shot_microstats,4054,0.4978126176331947,0.05640242934619852,3.8507714119000886,0.5235885798511841,0.041899725896711426,4.154964025369816
2024,2024-12-13,2024020473,CAR,OTT,0.0,-2.0,2.0,shot_microstats,4054,0.581604171345157,0.4505654432925643,4.189813475677514,0.5769271723350538,0.28722484015856264,4.509426721320093
2024,2024-12-14,2024020474,NJD,CHI,1.0,3.0,5.0,shot_microstats,4054,0.6452372440462953,0.824115467896736,4.134205113533971,0.6533098230112359,0.74005594325361,4.799463412873922
2024,2024-12-14,2024020475,NYR,LAK,0.0,-3.0,5.0,shot_microstats,4054,0.40223477495952376,-0.4649915791307073,4.32272592400235,0.44284198269701885,-0.37160617162250453,4.814452797596765
2024,2024-12-14,2024020476,MIN,PHI,1.0,1.0,3.0,shot_microstats,4054,0.5225855101288903,0.15891183963784353,4.041783671514136,0.5462560528207933,0.14560730428291646,4.569053151083712
2024,2024-12-14,2024020477,EDM,VGK,1.0,3.0,7.0,shot_microstats,4054,0.5860949146624743,0.45502948334697413,4.412557850058191,0.6073500740680392,0.4172386219101735,4.718864350998923
2024,2024-12-14,2024020479,DET,TOR,1.0,2.0,4.0,shot_microstats,4054,0.442643835585225,-0.23526281306326058,4.056482009367754,0.4299996547698009,-0.358720371832862,4.388533995353308
2024,2024-12-14,2024020480,WSH,BUF,0.0,-1.0,3.0,shot_microstats,4054,0.6132249772519164,0.6282955167498029,4.1814201500045165,0.5599675336919149,0.25204277220037585,4.442702447618408
2024,2024-12-14,2024020482,WPG,MTL,0.0,-1.0,3.0,shot_microstats,4054,0.5691010852377576,0.3891018387423331,4.129401493040381,0.5680263811227719,0.19047749863854901,4.412863065058479
2024,2024-12-14,2024020483,DAL,STL,0.0,-1.0,1.0,shot_microstats,4054,0.567980413326436,0.3663722928605143,4.30744652409971,0.6028890199279701,0.35789063418304234,4.916328546694309
2024,2024-12-14,2024020484,COL,NSH,1.0,2.0,4.0,shot_microstats,4054,0.5918468497009317,0.5065106388627735,4.191994128131915,0.6145288667871551,0.48833317601053317,4.484949494989859
2024,2024-12-14,2024020485,CGY,FLA,1.0,3.0,3.0,shot_microstats,4054,0.44880458510826626,-0.20247069907178172,4.0326254434914635,0.46643048623900146,-0.32924498604742114,4.193826935198251
2024,2024-12-14,2024020486,VAN,BOS,0.0,-2.0,4.0,shot_microstats,4054,0.5230901941151376,0.17939005301297484,3.8674159458580477,0.5021981132623831,0.011122466094102113,4.03843810354581
2024,2024-12-14,2024020488,SEA,TBL,0.0,-3.0,3.0,shot_microstats,4054,0.44218364391363696,-0.24474962508297382,4.1235367269153045,0.45925645908766566,-0.3258342474520515,4.327670623976051
2024,2024-12-15,2024020489,CHI,NYI,1.0,1.0,5.0,shot_microstats,4054,0.4793097327121761,-0.07640080776279298,4.248555952488433,0.38068791146945846,-0.6069942302528678,4.4818047846087214
2024,2024-12-15,2024020490,TOR,BUF,1.0,1.0,5.0,shot_microstats,4054,0.5759082730913411,0.43543122976193377,4.022554872635648,0.5357166734760554,0.12216738673304783,4.329457275208182
2024,2024-12-15,2024020491,CAR,CBJ,1.0,2.0,4.0,shot_microstats,4054,0.6237492148458957,0.6805759555940403,4.295842010138887,0.6216186956049394,0.4872329954199578,4.778754160680664
2024,2024-12-15,2024020492,STL,NYR,1.0,1.0,5.0,shot_microstats,4054,0.5371879134789384,0.20085153610323533,4.357757955446178,0.426407230732952,-0.42566467051053913,4.735100194140057
2024,2024-12-16,2024020494,DAL,WSH,1.0,1.0,3.0,shot_microstats,4054,0.476739424223609,-0.09889595617901914,4.34180847039915,0.5093915933117672,-0.07168067598289368,4.528387924592472
2024,2024-12-16,2024020496,VAN,COL,1.0,1.0,1.0,shot_microstats,4054,0.44005186741104585,-0.25977262468217044,4.1657040211390335,0.39797285139698446,-0.5293147987374557,4.145820632372941
2024,2024-12-17,2024020497,MTL,BUF,1.0,2.0,4.0,shot_microstats,4054,0.49441508312686505,0.00282427472059682,4.200566569834601,0.38557586633532315,-0.5581480052980381,4.765718995529284
2024,2024-12-17,2024020498,TBL,CBJ,1.0,1.0,5.0,shot_microstats,4054,0.5766682920184033,0.421738250701539,4.212905381755921,0.5736258852465023,0.3103305799266294,4.590741306049221
2024,2024-12-17,2024020500,CAR,NYI,1.0,3.0,3.0,shot_microstats,4054,0.6213718763334506,0.6675862339210303,4.282062752590729,0.614106442328703,0.4506286752485301,4.75996357519866
2024,2024-12-17,2024020501,STL,NJD,0.0,-2.0,2.0,shot_microstats,4054,0.41098533932435777,-0.4074924125940592,4.197745711533341,0.3550559671915502,-0.7451226741157939,4.4167296547703145
2024,2024-12-17,2024020502,NSH,NYR,1.0,2.0,2.0,shot_microstats,4054,0.5747249511750837,0.4075114778134542,4.253537030274481,0.5207014135747857,0.0007193774018831034,4.764422380042217
2024,2024-12-17,2024020505,SEA,OTT,0.0,-3.0,3.0,shot_microstats,4054,0.47239145411580186,-0.08442390653649584,4.006644793530606,0.4780845149683756,-0.16227918101439964,4.111535712216141
2024,2024-12-18,2024020508,DAL,TOR,0.0,-3.0,5.0,shot_microstats,4054,0.519507645612026,0.1279240944975788,4.193968230916407,0.5411439539695807,0.1563872334011449,4.511195075051757
2024,2024-12-18,2024020509,MIN,FLA,0.0,-5.0,5.0,shot_microstats,4054,0.49103067875089657,0.012783077204849835,3.9489991946867815,0.47853231601444474,-0.2006284249349195,4.145849975858323
2024,2024-12-18,2024020511,ANA,WPG,1.0,2.0,4.0,shot_microstats,4054,0.41041742670493747,-0.4319979322459089,4.399473032350441,0.4440606111465069,-0.3647798176695165,4.757722204638294
2024,2024-12-19,2024020512,TBL,STL,1.0,1.0,3.0,shot_microstats,4054,0.5951845920266202,0.5223833116434973,4.2220057610692105,0.621040197632722,0.49440983110690995,4.838159356472309
2024,2024-12-19,2024020513,PHI,LAK,0.0,-3.0,9.0,shot_microstats,4054,0.4710072596039358,-0.09714180439200681,4.062311668730352,0.4598099171989333,-0.19340970067474295,4.277607786451265
2024,2024-12-19,2024020514,CBJ,NJD,1.0,2.0,2.0,shot_microstats,4054,0.4228304824423648,-0.3469528915983521,4.184936993439714,0.3479854083696839,-0.7808731796934327,4.538697573849284
2024,2024-12-19,2024020515,NSH,PIT,0.0,-1.0,5.0,shot_microstats,4054,0.5493488923357182,0.2673025572348867,4.31908359251593,0.5630267644081229,0.19936104364767493,4.830102267269786
2024,2024-12-19,2024020516,CHI,SEA,1.0,2.0,4.0,shot_microstats,4054,0.50321298860219,0.06077346502171825,4.061265609538335,0.44030479023080826,-0.3067964749085088,4.136531728236634
2024,2024-12-19,2024020519,VGK,VAN,1.0,2.0,2.0,shot_microstats,4054,0.5259182678204182,0.15875906151454494,4.207086611331813,0.6201198734766223,0.4005706636526917,4.5611324469756624
2024,2024-12-20,2024020521,BUF,TOR,0.0,-2.0,6.0,shot_microstats,4054,0.457343497300421,-0.1704577512609009,4.123461043353981,0.4563051454362902,-0.24007437473271676,4.686508534259209
2024,2024-12-20,2024020522,DET,MTL,1.0,1.0,5.0,shot_microstats,4054,0.5200173032165055,0.13529986486437104,4.1468370402286086,0.4664355075007683,-0.24493433958637434,4.775456964008219
2024,2024-12-20,2024020524,WSH,CAR,1.0,2.0,4.0,shot_microstats,4054,0.48672244371046774,-0.04464530963790156,4.292156152118202,0.4670511862653472,-0.18193517575056384,4.28705637047433
2024,2024-12-20,2024020527,ANA,COL,1.0,1.0,3.0,shot_microstats,4054,0.3405118757372264,-0.8176805432816037,4.574138641735043,0.33015745065247576,-0.9988813060474769,4.817142398996819
2024,2024-12-21,2024020528,NSH,LAK,1.0,1.0,3.0,shot_microstats,4054,0.4467571314196871,-0.21664345805623797,4.07102484738661,0.4826746233289671,-0.1471221724190851,4.397534766434972
2024,2024-12-21,2024020529,CGY,CHI,1.0,1.0,5.0,shot_microstats,4054,0.5432783370083464,0.2600444878609621,4.075104404107597,0.6073635010956187,0.3734944676444445,4.653223041192911
2024,2024-12-21,2024020531,BOS,BUF,1.0,1.0,1.0,shot_microstats,4054,0.5861409204662176,0.49205971639931173,4.006552402773228,0.5185232708084,0.05832506676593874,4.291614424319485
2024,2024-12-21,2024020532,TOR,NYI,0.0,-2.0,8.0,shot_microstats,4054,0.5508666551345892,0.2931001406485295,4.135181002866101,0.5701972700653916,0.24719754611253753,4.469279060201357
2024,2024-12-21,2024020533,MTL,DET,1.0,3.0,5.0,shot_microstats,4054,0.5231603821503257,0.14920428136238556,4.164778176719328,0.45373716931442315,-0.22117557808657629,4.930571028961537
2024,2024-12-21,2024020534,NJD,PIT,1.0,2.0,2.0,shot_microstats,4054,0.6347773547235451,0.7456258733321127,4.314860904850464,0.6282413047848533,0.615997781822792,4.808653167490276
2024,2024-12-21,2024020535,PHI,CBJ,0.0,-1.0,7.0,shot_microstats,4054,0.5579708018442527,0.3253320285548676,4.183423175234267,0.5000147463539877,-0.034020131278914456,4.539384196875814
2024,2024-12-21,2024020536,WPG,MIN,1.0,3.0,3.0,shot_microstats,4054,0.4870022081019832,-0.010901539051055342,3.986431189548485,0.5359643447258304,0.035584713490147024,4.054920572830115
2024,2024-12-21,2024020537,VAN,OTT,1.0,1.0,7.0,shot_microstats,4054,0.4954138057297589,0.032288277810994914,3.967571339065966,0.4658786749359507,-0.15896001949761224,3.911834806931137
2024,2024-12-21,2024020538,VGK,SEA,1.0,5.0,5.0,shot_microstats,4054,0.5564692771844317,0.31488651640091186,4.2103876425542985,0.634350077904678,0.5111577785015851,4.427707868040926
2024,2024-12-22,2024020539,NYR,CAR,0.0,-1.0,1.0,shot_microstats,4054,0.3636664535424777,-0.6789240540967798,4.453319387387753,0.34554326352798964,-0.8485007494418602,4.776816548309512
2024,2024-12-22,2024020540,TBL,FLA,1.0,2.0,2.0,shot_microstats,4054,0.5121600988832106,0.0998321730020158,4.111199394780411,0.5099160014371381,-0.043288935885744284,4.326837694076706
2024,2024-12-22,2024020541,WSH,LAK,1.0,1.0,1.0,shot_microstats,4054,0.5088702693988917,0.08379340270330037,4.1085605892220025,0.5437237179037022,0.1687074415556893,4.270858659539259
2024,2024-12-22,2024020542,UTA,ANA,0.0,-1.0,5.0,shot_microstats,4054,0.6492818774699145,0.8288462414664864,4.414325465465923,0.5813595225042596,0.37997188085177697,4.886928529153124
2024,2024-12-22,2024020544,EDM,OTT,1.0,1.0,3.0,shot_microstats,4054,0.5582867553853507,0.32441360601634445,4.210119103685192,0.5736665933572662,0.28425927575462173,4.389024159588495
2024,2024-12-23,2024020545,NJD,NYR,1.0,2.0,2.0,shot_microstats,4054,0.6567038316506293,0.8850983082930299,4.295873562072924,0.5887774987564085,0.4370223618432557,4.791189151421188
2024,2024-12-23,2024020546,TOR,WPG,0.0,-2.0,4.0,shot_microstats,4054,0.5599640931834334,0.3462821782664938,4.074364127013255,0.6193001167724448,0.5417702268380697,4.33601340764296
2024,2024-12-23,2024020547,BOS,WSH,1.0,1.0,1.0,shot_microstats,4054,0.47595729421138544,-0.07101513813482935,4.044042610512908,0.4820605282260398,-0.16495525076267525,4.132764225690039
2024,2024-12-23,2024020548,DET,STL,0.0,-1.0,1.0,shot_microstats,4054,0.484097126116098,-0.04258627261033632,4.1509160387870345,0.477995636769428,-0.23658257485833656,4.839233453269638
2024,2024-12-23,2024020549,FLA,TBL,0.0,-1.0,1.0,shot_microstats,4054,0.529558834518134,0.18998841888173837,4.079960703286711,0.5152408821339786,0.010859624998205919,4.625063894208892
2024,2024-12-23,2024020552,NYI,BUF,0.0,-4.0,6.0,shot_microstats,4054,0.551535330879797,0.2875179667852308,4.227818675580191,0.5300938847219183,0.019756695387867618,4.755367217023023
2024,2024-12-23,2024020553,NSH,CAR,1.0,1.0,5.0,shot_microstats,4054,0.42438610094057405,-0.34429476758438204,4.23202506307754,0.39280241644363434,-0.5593567758172391,4.37231150850773
2024,2024-12-23,2024020554,MIN,CHI,1.0,2.0,4.0,shot_microstats,4054,0.5793683049264805,0.4564090902855868,3.9964988156360484,0.6254622099901606,0.5425338034115204,4.571888690540883
2024,2024-12-23,2024020555,VAN,SJS,1.0,2.0,4.0,shot_microstats,4054,0.6228560933093157,0.6933979700728486,4.074473529857933,0.5998658369239432,0.45980843750452965,4.310417267393941
2024,2024-12-23,2024020556,UTA,DAL,0.0,-1.0,5.0,shot_microstats,4054,0.5337704228901955,0.19421817314288436,4.249274074592624,0.48177692818298,-0.1616335311579573,4.502308253698943
2024,2024-12-23,2024020557,VGK,ANA,1.0,1.0,3.0,shot_microstats,4054,0.6192721126422654,0.6308973930134767,4.583558943596063,0.6395169379552513,0.557241133894504,4.98581560974241
2024,2024-12-27,2024020558,BUF,CHI,1.0,4.0,8.0,shot_microstats,4054,0.5289308835589027,0.17909724506371325,4.156163446495459,0.5606771652908412,0.1900858966118657,5.028610951923084
2024,2024-12-27,2024020559,DET,TOR,0.0,-3.0,5.0,shot_microstats,4054,0.44131937227239953,-0.25114986800709277,4.143516930841503,0.4127368883510048,-0.43100011304436525,4.482749142366188
2024,2024-12-27,2024020560,NJD,CAR,1.0,2.0,6.0,shot_microstats,4054,0.5115782890120721,0.0905698122729785,4.172775260513372,0.48064839552352634,-0.10029526374863806,4.3325111872615425
2024,2024-12-27,2024020561,CBJ,BOS,1.0,1.0,5.0,shot_microstats,4054,0.4715719003772895,-0.09549178327934715,4.072657205807879,0.4222099346220404,-0.4116831938908314,4.554957292207577
2024,2024-12-27,2024020562,STL,NSH,1.0,3.0,7.0,shot_microstats,4054,0.49516834570482093,0.013869035704248522,4.1307695405166225,0.4499640605553262,-0.29819216770491563,4.448053954371503
2024,2024-12-27,2024020564,UTA,COL,0.0,-2.0,2.0,shot_microstats,4054,0.49003067729855243,-0.023583481386938027,4.24659260154913,0.4517484692035153,-0.2891675085099723,4.456664323789311
2024,2024-12-28,2024020566,FLA,MTL,0.0,-3.0,3.0,shot_microstats,4054,0.6361390734520835,0.7694222377099417,4.116822898254256,0.578618176652214,0.3662890904511896,4.877045250544701
2024,2024-12-28,2024020567,VAN,SEA,1.0,1.0,5.0,shot_microstats,4054,0.5635853695674741,0.38225339997062957,3.898459718331444,0.5660187496047668,0.2783384461134353,3.9158102777382973
2024,2024-12-28,2024020568,ANA,PHI,0.0,-1.0,3.0,shot_microstats,4054,0.38860971127416344,-0.5473483177865955,4.443472794988352,0.4014769751861671,-0.6450297017177615,5.043885166356267
2024,2024-12-28,2024020569,LAK,EDM,1.0,1.0,5.0,shot_microstats,4054,0.5256794686024103,0.16006497900386726,4.182380499925259,0.5517125731335801,0.18000719304159996,4.187954083139607
2024,2024-12-28,2024020570,BOS,CBJ,1.0,4.0,4.0,shot_microstats,4054,0.5591922974810821,0.3455091583003548,4.04081084499203,0.539765029016298,0.13470685141166772,4.315289309211721
2024,2024-12-28,2024020571,TOR,WSH,0.0,-1.0,5.0,shot_microstats,4054,0.4734572239134361,-0.09420437989372643,4.146788073550633,0.5124029524061774,-0.059838264725818546,4.33245306222404
2024,2024-12-28,2024020572,TBL,NYR,1.0,1.0,3.0,shot_microstats,4054,0.6208142715986317,0.6614663777369554,4.316745357540059,0.5752681132961366,0.3471074690898889,4.729769084971755
2024,2024-12-28,2024020573,CAR,NJD,1.0,1.0,5.0,shot_microstats,4054,0.5390001538632937,0.22719836394538198,4.185608778306844,0.5188224884115874,0.014377436717937675,4.50181865753088
2024,2024-12-28,2024020574,WPG,OTT,1.0,3.0,3.0,shot_microstats,4054,0.4883950818517116,-0.011262189679275753,4.054047600299084,0.5418456875701682,0.09468668775213884,4.025432650568772
2024,2024-12-28,2024020575,NYI,PIT,1.0,3.0,7.0,shot_microstats,4054,0.5475074225069103,0.2496706769525781,4.40233087038161,0.5977889904567449,0.33613123774021125,4.990830071117347
2024,2024-12-28,2024020576,SJS,CGY,0.0,-1.0,1.0,shot_microstats,4054,0.44804265356147643,-0.21828675056922897,4.144790894747989,0.44031343924562977,-0.39762064651481765,4.370864407083829
2024,2024-12-29,2024020577,CHI,DAL,0.0,-3.0,3.0,shot_microstats,4054,0.43112781469630446,-0.32279671561292367,4.342338629416711,0.3404379289306448,-0.8540699960937254,4.369491567323471
2024,2024-12-29,2024020578,ANA,EDM,1.0,3.0,5.0,shot_microstats,4054,0.3338445342450155,-0.8582990258907823,4.605228255263443,0.35612919680357885,-0.8876415643397735,4.882157402996886
2024,2024-12-29,2024020579,DET,WSH,1.0,1.0,5.0,shot_microstats,4054,0.3935795796996841,-0.4963599061933158,4.203727790712204,0.37923570401814066,-0.6797341940615368,4.508032682871755
2024,2024-12-29,2024020580,TBL,MTL,0.0,-3.0,5.0,shot_microstats,4054,0.6145235882741784,0.6319692869224727,4.227239517961692,0.5882488319468634,0.3791273030234977,4.749163526070284
2024,2024-12-29,2024020581,PIT,NYI,1.0,1.0,1.0,shot_microstats,4054,0.46333514244301266,-0.1739396088146187,4.429595639259761,0.44787944541369146,-0.40526526449674427,4.741396777923357
2024,2024-12-29,2024020582,STL,BUF,0.0,-1.0,3.0,shot_microstats,4054,0.5248078580946245,0.15798017197116887,4.1598016528149,0.43659109649721867,-0.36141647688269907,4.575742583773627
2024,2024-12-29,2024020584,VGK,CGY,1.0,1.0,1.0,shot_microstats,4054,0.5625722297668306,0.3408924011937698,4.273406156787977,0.6167077235518784,0.4370068735210234,4.462838819154434
2024,2024-12-29,2024020585,LAK,PHI,1.0,1.0,7.0,shot_microstats,4054,0.5824437704315065,0.47011422849942136,4.027195552177304,0.59760867888747,0.42170991311385553,4.33751190619686
2024,2024-12-30,2024020586,FLA,NYR,1.0,2.0,6.0,shot_microstats,4054,0.6239585727932894,0.690225360821916,4.19220634510598,0.5593409772255048,0.26555326873456464,4.845602194204687
2024,2024-12-30,2024020587,WPG,NSH,1.0,1.0,1.0,shot_microstats,4054,0.5013580710508291,0.04982183047076634,4.078528338773107,0.5385587057105371,0.04200876309041335,4.130594195776213
2024,2024-12-30,2024020588,SEA,UTA,1.0,3.0,5.0,shot_microstats,4054,0.44900549562937,-0.209443708950607,4.106498042920453,0.4416721130651289,-0.38624802947748393,4.430218906193512
2024,2024-12-31,2024020590,TOR,NYI,1.0,1.0,3.0,shot_microstats,4054,0.5475280292647896,0.27079210865900616,4.186929802284544,0.5511915501278813,0.15014742102751844,4.478324733757174
2024,2024-12-31,2024020591,VGK,MTL,0.0,-1.0,5.0,shot_microstats,4054,0.581965967522082,0.43118096193204114,4.425103142172009,0.6016260835353668,0.33229314756520434,4.914885731854678
2024,2024-12-31,2024020592,CHI,STL,0.0,-4.0,4.0,shot_microstats,4054,0.48149885412372406,-0.061222324553172364,4.20659889081408,0.4096440063873767,-0.5257398465368148,4.586533678418789
2024,2024-12-31,2024020595,DAL,BUF,1.0,1.0,5.0,shot_microstats,4054,0.5729308953802168,0.40117618998691273,4.218113653068539,0.5362698497663035,0.09144207522126269,4.700290226055182
2024,2024-12-31,2024020596,MIN,NSH,0.0,-1.0,5.0,shot_microstats,4054,0.5235427758990058,0.17294902402197318,3.951730529337198,0.5121270711490297,-0.007260774271002024,4.247257201824708
2024,2024-12-31,2024020597,COL,WPG,1.0,1.0,5.0,shot_microstats,4054,0.5961984386269141,0.530249623710408,4.197022199744098,0.6923195804269907,0.9323812996973434,4.411196424563902
2024,2024-12-31,2024020598,ANA,NJD,1.0,1.0,5.0,shot_microstats,4054,0.34317372479658176,-0.7867852507024105,4.416031379045175,0.33185873704410684,-0.9434588437222758,4.705850565114063
2024,2024-12-31,2024020599,SJS,PHI,0.0,-3.0,3.0,shot_microstats,4054,0.39386805234402666,-0.4998824067325549,4.250760996863899,0.4026522970836282,-0.6012092039922716,4.728735335947345
2024,2024-12-31,2024020600,CGY,VAN,1.0,2.0,2.0,shot_microstats,4054,0.5055881844290592,0.08341666004400343,3.956905736044139,0.5916760545904183,0.27284151667158807,4.336823625872837
2024,2024-12-31,2024020601,EDM,UTA,1.0,2.0,4.0,shot_microstats,4054,0.5399686238452531,0.2212955239514719,4.295003479563772,0.5276269394342061,0.031646130050090204,4.661723908865392
2024,2025-01-01,2024020602,LAK,NJD,1.0,2.0,2.0,shot_microstats,4054,0.5314389235839754,0.20593903213112594,4.016126252721534,0.513382168776723,0.06436052062811526,4.060694219739003
2024,2025-01-02,2024020603,FLA,CAR,0.0,-1.0,3.0,shot_microstats,4054,0.4699853520427011,-0.11016979649280018,4.137404848822684,0.43221594344444686,-0.3199005074237711,4.452944086900273
2024,2025-01-02,2024020604,NYR,BOS,1.0,1.0,3.0,shot_microstats,4054,0.4497547713028617,-0.21276140740068383,4.171409463132726,0.4686893046575876,-0.2540151998889897,4.791950312391089
2024,2025-01-02,2024020608,DAL,OTT,1.0,1.0,5.0,shot_microstats,4054,0.5190427599030637,0.12754525200513558,4.174965063821112,0.5404841377525236,0.14461492438529927,4.456176593089329
2024,2025-01-02,2024020609,WPG,ANA,1.0,1.0,5.0,shot_microstats,4054,0.5973934221399138,0.5261739084316063,4.319737897389814,0.604336670990172,0.39116944484306604,4.477148133882814
2024,2025-01-02,2024020610,COL,BUF,0.0,-1.0,5.0,shot_microstats,4054,0.6171278006745938,0.6462975860266058,4.23742064640847,0.630692041133331,0.553239519413571,4.572158242834829
2024,2025-01-02,2024020611,CGY,UTA,0.0,-1.0,5.0,shot_microstats,4054,0.46403557005898094,-0.13891960846684664,4.134388609160862,0.4856966832059403,-0.19961975528856057,4.4981077562522325
2024,2025-01-02,2024020612,VGK,PHI,1.0,4.0,4.0,shot_microstats,4054,0.5125731019670193,0.07845548548688126,4.338538088492496,0.5778633309823945,0.21772426067269224,4.824087401257705
2024,2025-01-02,2024020613,SEA,VAN,0.0,-2.0,4.0,shot_microstats,4054,0.4953360238186034,0.03260295835884133,3.960987839263102,0.5489214674367234,0.08506155348519684,4.292329811978354
2024,2025-01-02,2024020614,SJS,TBL,1.0,1.0,3.0,shot_microstats,4054,0.37001992321925,-0.6292189292669231,4.300785639205363,0.37171641060270416,-0.7701438163295269,4.601238099996846
2024,2025-01-03,2024020615,FLA,PIT,1.0,1.0,1.0,shot_microstats,4054,0.6215495171618488,0.6742037086464713,4.213918497110803,0.6164902613890595,0.5593092764273824,4.883189242472281
2024,2025-01-03,2024020616,CHI,MTL,1.0,2.0,4.0,shot_microstats,4054,0.5019120353060204,0.03452661223528983,4.251064737961844,0.39625347719502685,-0.5736759237024937,4.602548126690811
2024,2025-01-03,2024020617,STL,OTT,1.0,4.0,4.0,shot_microstats,4054,0.48017592310040874,-0.052387680490269206,4.062638997924546,0.45270278847506784,-0.2453173193581023,4.296623881785399
2024,2025-01-03,2024020618,EDM,ANA,1.0,1.0,3.0,shot_microstats,4054,0.6667696584664903,0.9352470048568777,4.5363885977851375,0.6477643073157016,0.692284564367474,4.90189445611138
2024,2025-01-03,2024020619,VAN,NSH,0.0,-1.0,1.0,shot_microstats,4054,0.50856765790426,0.09284063860846822,4.007343952447687,0.46748406260502273,-0.20366865743294316,4.0752942949756
2024,2025-01-04,2024020621,WPG,DET,1.0,1.0,3.0,shot_microstats,4054,0.5754902702974546,0.43114554461644866,4.044366102430556,0.5802999762454912,0.302872671671261,4.387332637503098
2024,2025-01-04,2024020622,SJS,NJD,1.0,2.0,4.0,shot_microstats,4054,0.3345576794528645,-0.8181532830696572,4.244107774233404,0.3107477566221839,-1.0235275297582112,4.413721005266644
2024,2025-01-04,2024020623,TOR,BOS,1.0,1.0,7.0,shot_microstats,4054,0.5281789664972322,0.19386486256855073,3.973892920706273,0.5660948403426574,0.2535050331461898,4.295636333568434
2024,2025-01-04,2024020624,CAR,MIN,0.0,-2.0,2.0,shot_microstats,4054,0.6182786875607856,0.6648650279435815,4.09535830484242,0.633064863957408,0.5413629469697687,4.520255302709606
2024,2025-01-04,2024020625,CBJ,STL,1.0,1.0,5.0,shot_microstats,4054,0.4975204611073716,0.01783435456492108,4.203283287967164,0.4345759473285516,-0.4300683807895539,4.8234558070385205
2024,2025-01-04,2024020626,COL,MTL,0.0,-1.0,1.0,shot_microstats,4054,0.6217637636884404,0.6675353533369189,4.311256609072039,0.6448333382490139,0.6146359136728687,4.770393422524667
2024,2025-01-04,2024020628,DAL,UTA,0.0,-1.0,3.0,shot_microstats,4054,0.5088436017914346,0.06750320667085924,4.264454261947276,0.5059480065172168,-0.045385667372957905,4.707708353261033
2024,2025-01-04,2024020629,LAK,TBL,1.0,1.0,3.0,shot_microstats,4054,0.5700681190966785,0.40004586971825423,4.068073585759246,0.5783941899227159,0.3184466217916112,4.225153142622754
2024,2025-01-04,2024020630,VGK,BUF,1.0,2.0,2.0,shot_microstats,4054,0.561601303902625,0.329185357596368,4.342783791411414,0.5646539811685994,0.15943757269521158,4.7288188317319815
2024,2025-01-04,2024020631,SEA,EDM,0.0,-1.0,5.0,shot_microstats,4054,0.4047412659834822,-0.44530347995369124,4.257176687049407,0.43695582752097656,-0.4366268423316704,4.401145623119282
2024,2025-01-05,2024020632,CHI,NYR,0.0,-4.0,8.0,shot_microstats,4054,0.4934544042677412,-0.01762658860119426,4.35045721937484,0.37946872068549914,-0.6456673940243803,4.581322226974682
2024,2025-01-05,2024020633,BOS,NYI,1.0,1.0,7.0,shot_microstats,4054,0.5527974668796196,0.30952444192755657,4.069440679174697,0.5243386415751614,0.05829743702220713,4.25867288122504
2024,2025-01-05,2024020636,ANA,TBL,1.0,3.0,3.0,shot_microstats,4054,0.37437328064949665,-0.6227851099594899,4.458206587320676,0.3799455855822916,-0.7557845013979284,4.830290809096353
2024,2025-01-06,2024020637,BUF,WSH,0.0,-1.0,3.0,shot_microstats,4054,0.44661708735440775,-0.23161002007134895,4.20359513278116,0.42718742117956143,-0.4224091824343543,4.673693167129546
2024,2025-01-06,2024020639,COL,FLA,1.0,1.0,3.0,shot_microstats,4054,0.5243107901472023,0.16230310116380353,4.092969850987372,0.5635061237384267,0.1731330676287946,4.2112351556377225
2024,2025-01-06,2024020640,SEA,NJD,0.0,-2.0,4.0,shot_microstats,4054,0.40538517339455016,-0.42303024310848447,4.0792203123946,0.3813653235242877,-0.6187847082124674,4.214862670888203
2024,2025-01-07,2024020641,BOS,EDM,0.0,-2.0,2.0,shot_microstats,4054,0.46787142078864613,-0.12338219231694053,4.164334011608714,0.46897143065199626,-0.21691541935001113,4.264389991798224
2024,2025-01-07,2024020644,PHI,TOR,0.0,-1.0,3.0,shot_microstats,4054,0.5260547179460269,0.1692461832792577,4.110664825068078,0.4836735064859957,-0.05798436393128359,4.355817337022475
2024,2025-01-07,2024020645,PIT,CBJ,1.0,1.0,3.0,shot_microstats,4054,0.5064103144329505,0.04444528622534696,4.370609256207745,0.4889982242190752,-0.19313796261149085,4.762559493817498
2024,2025-01-07,2024020646,MIN,STL,1.0,2.0,8.0,shot_microstats,4054,0.5315122348964396,0.20541275976337892,4.024940916598039,0.535820605642304,0.07307703783834307,4.552845018180335
2024,2025-01-07,2024020647,WPG,NSH,1.0,2.0,4.0,shot_microstats,4054,0.5080900320258059,0.08258503078955375,4.083055587585322,0.537219869761277,0.057016333612669445,4.139408065838749
2024,2025-01-07,2024020648,ANA,CGY,0.0,-2.0,2.0,shot_microstats,4054,0.4318387622404131,-0.317830173455844,4.328842580787332,0.4412883906955339,-0.42365206331817595,4.609113953316805
2024,2025-01-07,2024020649,SJS,VGK,0.0,-2.0,2.0,shot_microstats,4054,0.3740231162275607,-0.6262830986467397,4.4739744685843075,0.37702518978069594,-0.7429834305968732,4.7337492807114625
2024,2025-01-08,2024020650,WSH,VAN,1.0,1.0,1.0,shot_microstats,4054,0.5636492952538776,0.36792718366497446,4.049961326845805,0.6197886467602278,0.4754015503237838,4.397147409470263
2024,2025-01-08,2024020651,CHI,COL,1.0,2.0,4.0,shot_microstats,4054,0.384177144213573,-0.5580728745860586,4.329138326249625,0.3179624181263162,-0.9576085404224535,4.270833968913633
2024,2025-01-08,2024020652,UTA,FLA,0.0,-1.0,1.0,shot_microstats,4054,0.5060685801341666,0.072469855684515,4.084210195537377,0.47050072063409326,-0.24656539874700778,4.360055808852289
2024,2025-01-09,2024020654,OTT,BUF,0.0,-4.0,4.0,shot_microstats,4054,0.5783733888250918,0.45039286691133495,4.003738012789793,0.5654077662750391,0.17348737925504654,4.469510242957484
2024,2025-01-09,2024020656,NYR,NJD,0.0,-2.0,2.0,shot_microstats,4054,0.40331916227498316,-0.4621046857130874,4.34698838285258,0.38555103798744134,-0.6408789429749544,4.822955095028977
2024,2025-01-09,2024020657,PHI,DAL,0.0,-2.0,4.0,shot_microstats,4054,0.5183699228070163,0.1154115613620448,4.260648365979532,0.4447538751912685,-0.31347612202793207,4.473139156109237
2024,2025-01-09,2024020658,PIT,EDM,1.0,2.0,6.0,shot_microstats,4054,0.38726407257398116,-0.5606332521745512,4.503271514702881,0.3980663765287624,-0.6462391310172921,4.678101774794493
2024,2025-01-09,2024020659,CAR,TOR,1.0,1.0,5.0,shot_microstats,4054,0.5977106014946472,0.5414597724843598,4.165772408564223,0.5982868499953308,0.41496257706957906,4.529488180657334
2024,2025-01-09,2024020660,CBJ,SEA,1.0,3.0,7.0,shot_microstats,4054,0.5330630889736871,0.2060820155888513,4.095597883098086,0.5018086832580636,-0.07653406063708812,4.455659412549369
2024,2025-01-09,2024020661,STL,ANA,1.0,4.0,8.0,shot_microstats,4054,0.6073345893781728,0.5787043643119432,4.366580097552575,0.5603968966719877,0.24073987223631726,4.812089522356387
2024,2025-01-09,2024020662,MIN,COL,0.0,-4.0,6.0,shot_microstats,4054,0.4602257747809528,-0.15466727173706563,4.1076453692316015,0.43984637864979986,-0.32794467122411297,4.259197768903319
2024,2025-01-09,2024020663,VGK,NYI,0.0,-3.0,3.0,shot_microstats,4054,0.5473824469760381,0.24668896746440538,4.42642485627658,0.5816589286501591,0.24561620437368203,4.675082152485485
2024,2025-01-10,2024020664,DET,CHI,1.0,1.0,5.0,shot_microstats,4054,0.531734817332804,0.19779826756037888,4.111165924525525,0.5423963116037254,0.14360012839758074,4.795098930996796
2024,2025-01-10,2024020666,CAR,VAN,1.0,2.0,2.0,shot_microstats,4054,0.6222896272249193,0.6871336322464426,4.1098779088779045,0.67576678900532,0.7319961027969825,4.585667556509106
2024,2025-01-10,2024020667,WPG,LAK,0.0,-1.0,1.0,shot_microstats,4054,0.44388471737868335,-0.23133310666025042,4.0765605784127565,0.5305810976809017,0.03273671269846801,4.127030323687078
2024,2025-01-10,2024020668,UTA,SJS,1.0,1.0,3.0,shot_microstats,4054,0.6766025677829167,1.017124727858135,4.3082345696412485,0.6730786339862457,0.848735966744256,4.918029233702699
2024,2025-01-11,2024020669,FLA,BOS,0.0,-1.0,3.0,shot_microstats,4054,0.5799607696607548,0.4651203025734712,3.9375004055574956,0.5850919596613349,0.3951378416988275,4.535205420606478
2024,2025-01-11,2024020670,BUF,SEA,0.0,-3.0,5.0,shot_microstats,4054,0.5365978101992356,0.2318455023472431,4.017495150234054,0.5484701593922863,0.1592620307214453,4.576711974953186
2024,2025-01-11,2024020671,PIT,OTT,0.0,-2.0,2.0,shot_microstats,4054,0.45707979822525335,-0.18086081972497037,4.208269508338718,0.46160588015284487,-0.2856900373695668,4.39036178459575
2024,2025-01-11,2024020672,TOR,VAN,0.0,-2.0,2.0,shot_microstats,4054,0.539716176254261,0.24892022271428807,4.004936993245362,0.608741161540138,0.3945963258423659,4.390928145615345
2024,2025-01-11,2024020675,PHI,ANA,1.0,3.0,3.0,shot_microstats,4054,0.6381923762218105,0.7616438842130636,4.3801581614412495,0.5701905668274693,0.3360879458634376,4.8155664110858405
2024,2025-01-11,2024020677,STL,CBJ,0.0,-1.0,1.0,shot_microstats,4054,0.5540341237314645,0.3041993704986386,4.189722949625876,0.5218558417730337,0.05088997190676292,4.626104956462252
2024,2025-01-11,2024020678,WPG,COL,1.0,2.0,2.0,shot_microstats,4054,0.44872299817211403,-0.22270258368302775,4.216784819518924,0.47444757962349715,-0.24575331229209507,4.144994934834167
2024,2025-01-11,2024020679,NSH,WSH,0.0,-2.0,2.0,shot_microstats,4054,0.5027517937505152,0.049615774465128104,4.146187880948804,0.47781233420120683,-0.18874048127469834,4.444848678551821
2024,2025-01-11,2024020680,UTA,NYI,0.0,-1.0,3.0,shot_microstats,4054,0.5684692399377201,0.3735540965272903,4.258644296757166,0.546007426989287,0.13437879914154016,4.657681596419222
2024,2025-01-11,2024020682,VGK,NYR,0.0,-1.0,1.0,shot_microstats,4054,0.5740754644486058,0.38278997961137506,4.484399756056492,0.5647290835504934,0.18329939010198731,4.850945316732321
2024,2025-01-11,2024020683,SJS,MIN,0.0,-2.0,4.0,shot_microstats,4054,0.39635918854326224,-0.47472825569280186,4.1339355911710705,0.3845109209759505,-0.6773286284321189,4.4505759548444015
2024,2025-01-12,2024020684,DET,SEA,1.0,2.0,4.0,shot_microstats,4054,0.5222454173468367,0.16354668084541346,3.980185425112323,0.5201229965093032,0.04144081229405072,4.347278341984104
2024,2025-01-12,2024020685,OTT,DAL,1.0,2.0,4.0,shot_microstats,4054,0.5201638952030887,0.1350776904763865,4.156159749725164,0.5258750511066135,-0.027767310557870517,4.441582976379117
2024,2025-01-12,2024020686,PIT,TBL,0.0,-1.0,3.0,shot_microstats,4054,0.4297944254105496,-0.33147356824561747,4.361695707346579,0.4368107977676945,-0.45176990275342255,4.6258519968775325
2024,2025-01-12,2024020687,CAR,ANA,0.0,-2.0,2.0,shot_microstats,4054,0.7059833298483865,1.214534443298174,4.585835722753479,0.6943463232405226,0.959065353213587,5.118787946388735
2024,2025-01-12,2024020688,VGK,MIN,1.0,1.0,3.0,shot_microstats,4054,0.5445528273089412,0.2545972994117627,4.195929222650749,0.5824680061292619,0.26421844134503814,4.539979408072786
2024,2025-01-13,2024020689,PHI,FLA,1.0,1.0,3.0,shot_microstats,4054,0.4782534344706164,-0.06265390136594995,4.070800307302225,0.4012861196860083,-0.5325358533740077,4.17996218661132
2024,2025-01-13,2024020690,CHI,CGY,0.0,-3.0,5.0,shot_microstats,4054,0.4443068067981321,-0.23582043611044096,4.137435244386792,0.3828261640474574,-0.6098194817049181,4.137567682795139
2024,2025-01-14,2024020692,BOS,TBL,1.0,1.0,5.0,shot_microstats,4054,0.48112606403861163,-0.05258325797209429,4.108114137387922,0.4669652747118407,-0.2278985045889338,4.336165878489075
2024,2025-01-14,2024020693,TOR,DAL,0.0,-1.0,3.0,shot_microstats,4054,0.5155979581127736,0.09995186384757748,4.276227819642128,0.4968830039261608,-0.12146420324803098,4.490345253503982
2024,2025-01-14,2024020696,PIT,SEA,0.0,-1.0,3.0,shot_microstats,4054,0.5330064795828979,0.1995419438483953,4.157622204986164,0.5546291150469832,0.11778304288017083,4.418065311175231
2024,2025-01-14,2024020697,WSH,ANA,1.0,3.0,3.0,shot_microstats,4054,0.6350009486300396,0.7401766376954464,4.403456776248677,0.6333444231393501,0.5960529409857758,4.867757727859175
2024,2025-01-14,2024020699,NYI,OTT,0.0,-1.0,1.0,shot_microstats,4054,0.4954584904603853,0.01735277034428731,4.111223393485693,0.5325636277440473,0.05491706524728723,4.479784585239263
2024,2025-01-14,2024020700,STL,CGY,1.0,1.0,3.0,shot_microstats,4054,0.5343304344173463,0.2163114234341099,4.057747219577087,0.5140656044776093,0.015996517514798025,4.304174760544568
2024,2025-01-14,2024020701,NSH,VGK,1.0,2.0,6.0,shot_microstats,4054,0.5014903411638886,0.02562722489917934,4.316541617748837,0.4816649314604267,-0.17423241490868557,4.676062322315888
2024,2025-01-14,2024020702,WPG,VAN,1.0,4.0,6.0,shot_microstats,4054,0.5208114639885688,0.15677792847795555,3.976502454014657,0.6152843678767307,0.39362064417434006,4.162118307708829
2024,2025-01-14,2024020704,UTA,MTL,0.0,-2.0,6.0,shot_microstats,4054,0.5913939158895898,0.4975293196263682,4.26453666843264,0.5430899323819529,0.11317133384627565,4.857017107352447
2024,2025-01-15,2024020705,BUF,CAR,1.0,1.0,3.0,shot_microstats,4054,0.3869877733561185,-0.536973147864473,4.267090852895844,0.35746946126070034,-0.7234365181424771,4.633855012461703
2024,2025-01-15,2024020706,MIN,EDM,0.0,-3.0,5.0,shot_microstats,4054,0.42615086745822317,-0.3369699195064567,4.2452939363296975,0.4251195382655,-0.4285550208503752,4.446471790608616
2024,2025-01-16,2024020707,TOR,NJD,1.0,1.0,3.0,shot_microstats,4054,0.45404084976428655,-0.18829675294384723,4.139106825259416,0.44575063173969354,-0.3096457737081877,4.357181233339361
2024,2025-01-16,2024020709,TBL,ANA,0.0,-3.0,3.0,shot_microstats,4054,0.6618606619820493,0.908350935830267,4.447426005725207,0.6782871382746642,0.8557033914416452,4.966757944477393
2024,2025-01-16,2024020710,FLA,DET,1.0,1.0,3.0,shot_microstats,4054,0.6441724535921327,0.8285600557480644,3.9907424889173284,0.5992960847924482,0.522676575518777,4.734097817127679
2024,2025-01-16,2024020711,CBJ,SJS,1.0,2.0,4.0,shot_microstats,4054,0.6017906464083309,0.5583447603321113,4.234948114969037,0.5492608446506217,0.17160618263642125,4.8549496475323295
2024,2025-01-16,2024020712,NYI,PHI,0.0,-2.0,4.0,shot_microstats,4054,0.48348253576295563,-0.05177107927831906,4.209145248814436,0.5256097501576836,-0.026181002353386162,4.814108713459534
2024,2025-01-16,2024020714,NSH,CHI,0.0,-1.0,3.0,shot_microstats,4054,0.6277724124145356,0.7156106604184189,4.159039673786158,0.6434414571328381,0.6639703072875657,4.847166411672261
2024,2025-01-16,2024020715,DAL,MTL,0.0,-1.0,3.0,shot_microstats,4054,0.564593888918081,0.34483016528447663,4.3449930449822025,0.5443950005876234,0.10415888308011678,4.92595035004828
2024,2025-01-16,2024020717,UTA,NYR,0.0,-1.0,5.0,shot_microstats,4054,0.5825987849686789,0.44324181356392645,4.329738913546416,0.5235935494095378,0.03645412834887707,4.793828732366099
2024,2025-01-16,2024020718,COL,EDM,0.0,-1.0,7.0,shot_microstats,4054,0.4735213156615238,-0.12060219555795637,4.397631522209158,0.5533703693188187,0.12047133573587979,4.564893317871678
2024,2025-01-16,2024020719,VAN,LAK,0.0,-4.0,4.0,shot_microstats,4054,0.4456602530174921,-0.2106990431593163,3.96593891957924,0.4655571382361808,-0.19678524874959435,4.010126128723844
2024,2025-01-17,2024020720,BUF,PIT,0.0,-1.0,1.0,shot_microstats,4054,0.50905654063203,0.0698821093193514,4.251674591256846,0.5121002572902835,-0.004649217576022435,4.949360993120887
2024,2025-01-17,2024020721,CAR,VGK,1.0,2.0,4.0,shot_microstats,4054,0.5760167085733683,0.40299553916796266,4.378301585151563,0.5894719546753491,0.2802752063350896,4.771212466870079
2024,2025-01-18,2024020723,OTT,BOS,0.0,-2.0,6.0,shot_microstats,4054,0.5568101406790881,0.3456526560853653,3.9128217911943954,0.616165341526561,0.4564601888719738,4.29558832958917
2024,2025-01-18,2024020724,COL,DAL,1.0,4.0,6.0,shot_microstats,4054,0.5432638038240148,0.23356095063467494,4.342421071369801,0.5730913866560887,0.23439636876615405,4.566129250430419
2024,2025-01-18,2024020725,FLA,ANA,1.0,2.0,2.0,shot_microstats,4054,0.6840683666726707,1.0665559369736377,4.349335552003002,0.6560238743025154,0.7977238798478392,5.053641323502459
2024,2025-01-18,2024020726,MTL,TOR,0.0,-1.0,3.0,shot_microstats,4054,0.4631325906213729,-0.1553958293397647,4.246920299049435,0.41425569779592314,-0.39906167239469836,4.677511726111954
2024,2025-01-18,2024020727,TBL,DET,1.0,2.0,2.0,shot_microstats,4054,0.6240260687280932,0.69928848131316,4.086584243210893,0.6314891648127502,0.6298292611311471,4.631223192129842
2024,2025-01-18,2024020729,WSH,PIT,1.0,1.0,3.0,shot_microstats,4054,0.5693885245394759,0.3765423242480109,4.27904676990045,0.5979424326509458,0.40859924583290375,4.647916570032518
2024,2025-01-18,2024020731,NYI,SJS,1.0,2.0,4.0,shot_microstats,4054,0.6311875221345163,0.7260486866004615,4.285664815457421,0.6619729966265469,0.6955942843254639,4.920664537039477
2024,2025-01-18,2024020732,CHI,VGK,1.0,1.0,5.0,shot_microstats,4054,0.3876497785217722,-0.5541515698883264,4.461026574200743,0.3404508906189488,-0.8872164264768184,4.52233413443977
2024,2025-01-18,2024020733,NSH,MIN,1.0,3.0,5.0,shot_microstats,4054,0.5522649177624911,0.3143716931406546,3.992193117379833,0.5280554477671536,0.07821610374619181,4.478668366645649
2024,2025-01-18,2024020734,UTA,STL,1.0,1.0,3.0,shot_microstats,4054,0.5513757093318105,0.2893521042421397,4.20048592210817,0.5481859691826668,0.10371880848697501,4.785575839170984
2024,2025-01-18,2024020736,SEA,LAK,1.0,2.0,4.0,shot_microstats,4054,0.3938075521856617,-0.47641137270556166,4.026548677343302,0.4322172939254465,-0.4065205341687407,4.227954840937603
2024,2025-01-19,2024020737,NJD,OTT,0.0,-1.0,3.0,shot_microstats,4054,0.564075645263218,0.3787571252484232,3.960905932345055,0.558589075029272,0.2670536227762933,4.231672378070119
2024,2025-01-19,2024020738,MTL,NYR,1.0,1.0,7.0,shot_microstats,4054,0.5139533743646909,0.07995305510547125,4.391333880135565,0.4161678636553983,-0.42982623354788774,4.94700635517955
2024,2025-01-19,2024020739,DAL,DET,1.0,2.0,4.0,shot_microstats,4054,0.5901065296599455,0.49556723872206987,4.206787515611062,0.5657113543989652,0.28270818649247315,4.82405936356824
2024,2025-01-20,2024020741,COL,MIN,0.0,-2.0,4.0,shot_microstats,4054,0.5842924978458136,0.47337715799678615,4.10041647344988,0.6406933896239074,0.5959427445260784,4.493736782875413
2024,2025-01-20,2024020742,SEA,BUF,1.0,2.0,6.0,shot_microstats,4054,0.5030862699010439,0.06587743931626754,4.0066170585081,0.4338625845577088,-0.4034056054501052,4.2945537032441745
2024,2025-01-20,2024020743,VGK,STL,0.0,-2.0,4.0,shot_microstats,4054,0.5407108964207448,0.2214434285441578,4.3320987785865785,0.5862159372421604,0.2403285647915242,4.831675509918384
2024,2025-01-20,2024020744,TOR,TBL,1.0,1.0,5.0,shot_microstats,4054,0.4889351102262683,-0.02171024513884076,4.177803372223102,0.5056881023970722,-0.07851109023980196,4.444448152296617
2024,2025-01-20,2024020745,NYI,CBJ,1.0,1.0,1.0,shot_microstats,4054,0.5470877323079488,0.26321495738247536,4.24102132750818,0.5590911655052019,0.16246850389326228,4.8140935213385125
2024,2025-01-20,2024020746,CHI,CAR,1.0,1.0,5.0,shot_microstats,4054,0.32994239718344903,-0.8583911537335029,4.383330974576706,0.2631386416845246,-1.256867403920329,4.195383307136036
2024,2025-01-20,2024020747,UTA,WPG,1.0,2.0,6.0,shot_microstats,4054,0.5510994456147377,0.29461111934163053,4.132039422423095,0.5686844169059945,0.29192988799274633,4.493830508962409
2024,2025-01-20,2024020748,LAK,PIT,0.0,-4.0,4.0,shot_microstats,4054,0.6273530075276543,0.7133102501052042,4.156528633121233,0.6366445095487854,0.6507259384241297,4.331864211428872
2024,2025-01-21,2024020750,NYR,OTT,1.0,3.0,3.0,shot_microstats,4054,0.44971744007448644,-0.21800098773803855,4.218392403660449,0.4574045238937072,-0.3067387115258944,4.69135158210694
2024,2025-01-21,2024020753,DAL,CAR,0.0,-1.0,3.0,shot_microstats,4054,0.43106874390402355,-0.3327717366034193,4.432192359629315,0.41993463816562426,-0.4429967773164014,4.554746368730175
2024,2025-01-21,2024020754,EDM,WSH,0.0,-1.0,5.0,shot_microstats,4054,0.5853003746681266,0.4596480901992753,4.312030989442557,0.5738571864247026,0.2796187030441363,4.47254515970094
2024,2025-01-21,2024020755,VAN,BUF,0.0,-1.0,5.0,shot_microstats,4054,0.5587518741856023,0.35046088114116014,3.9664498168979128,0.46960119245503246,-0.1799246625684356,4.0747839255581235
2024,2025-01-21,2024020756,ANA,FLA,0.0,-3.0,5.0,shot_microstats,4054,0.3411676752000352,-0.7931924226194251,4.36854383392823,0.31167330940603905,-1.1279042102316343,4.50584992095646
2024,2025-01-22,2024020757,TOR,CBJ,0.0,-2.0,4.0,shot_microstats,4054,0.5726612913385035,0.40619802840789815,4.149051151106473,0.5705666773177371,0.26085460909534874,4.574278731327991
2024,2025-01-22,2024020758,NJD,BOS,1.0,1.0,3.0,shot_microstats,4054,0.5922670009381236,0.525189976898998,4.01045758057377,0.5956310856582688,0.4473452340814265,4.406028687294652
2024,2025-01-22,2024020759,COL,WPG,0.0,-1.0,3.0,shot_microstats,4054,0.5652489496766259,0.3675586380258097,4.14164059437578,0.6513060919892554,0.694140377940469,4.421824243604999
2024,2025-01-22,2024020760,LAK,FLA,1.0,2.0,2.0,shot_microstats,4054,0.5307487104136948,0.20868002404048347,3.9551085149595306,0.5038862372936136,-0.07830293086766893,3.8768900236165216
2024,2025-01-23,2024020761,BOS,OTT,1.0,1.0,1.0,shot_microstats,4054,0.49142070679697875,0.014281817637861682,3.952867381956352,0.48717176284511243,-0.09482397210568694,4.090404480983208
2024,2025-01-23,2024020763,NYR,PHI,1.0,3.0,5.0,shot_microstats,4054,0.4438545874476066,-0.25352754962606333,4.281210542332639,0.465121009635236,-0.3099051840654852,4.947217381125662
2024,2025-01-23,2024020764,CAR,CBJ,1.0,1.0,9.0,shot_microstats,4054,0.6458221228805939,0.8164373669566322,4.284652250775698,0.6428774633421891,0.6235512023057675,4.8343077790451865
2024,2025-01-23,2024020765,STL,VGK,0.0,-1.0,3.0,shot_microstats,4054,0.48148587279360977,-0.07560816170109588,4.341807429043397,0.46387115621166225,-0.27478476245211403,4.632376732165305
2024,2025-01-23,2024020766,MIN,UTA,0.0,-3.0,3.0,shot_microstats,4054,0.47709271332976316,-0.07141515000231746,4.099756623509498,0.44490920812253193,-0.29598332326485877,4.501365709960419
2024,2025-01-23,2024020768,EDM,VAN,1.0,2.0,6.0,shot_microstats,4054,0.618700016447065,0.6609736484219405,4.171402209309332,0.6658372006837854,0.7247365305873915,4.537929701025627
2024,2025-01-23,2024020769,ANA,PIT,1.0,3.0,3.0,shot_microstats,4054,0.43027246189385804,-0.34424707259283394,4.502161896952375,0.43675684536062725,-0.4560867464066469,4.914637472877623
2024,2025-01-23,2024020770,SEA,WSH,0.0,-2.0,2.0,shot_microstats,4054,0.4527884742260243,-0.18938368965895735,4.092249087801846,0.4385609334162388,-0.38783615459202625,4.219156342307638
2024,2025-01-23,2024020771,SJS,NSH,1.0,1.0,7.0,shot_microstats,4054,0.36114566295418005,-0.675394032562618,4.289036379578997,0.3317353974455562,-0.9464860196503027,4.515807680261435
2024,2025-01-24,2024020772,NYI,PHI,1.0,2.0,4.0,shot_microstats,4054,0.46852332181891415,-0.12105413480039562,4.172355310889368,0.514028316047948,-0.070831686247523,4.753659752642524
2024,2025-01-24,2024020773,CHI,TBL,1.0,2.0,4.0,shot_microstats,4054,0.3847612727579614,-0.5545916693540097,4.32481410280802,0.3281470380824206,-0.929964615630239,4.3505872763565305
2024,2025-01-24,2024020774,DAL,VGK,1.0,2.0,4.0,shot_microstats,4054,0.4947702591463358,-0.02442484426588218,4.477937095534873,0.5053531598376401,-0.09398410754882325,4.839949749817438
2024,2025-01-24,2024020775,WPG,UTA,1.0,2.0,4.0,shot_microstats,4054,0.48947930516528865,-0.01760672392610846,4.16424067238607,0.5159263745586665,-0.04219022042147136,4.34787407556749
2024,2025-01-25,2024020776,BOS,COL,1.0,1.0,3.0,shot_microstats,4054,0.4651089090353676,-0.13706468764306884,4.166017553007257,0.43896975700382285,-0.37032684377366487,4.214289877857516
2024,2025-01-25,2024020777,EDM,BUF,1.0,1.0,5.0,shot_microstats,4054,0.6408384630982236,0.7826892494382726,4.319075780625971,0.576084712466099,0.3225785370518414,4.623923992825191
2024,2025-01-25,2024020778,SEA,PIT,1.0,2.0,4.0,shot_microstats,4054,0.48916302888823654,-0.01889204589974014,4.161713789953843,0.4829113575460737,-0.1625460399617541,4.459618034804064
2024,2025-01-25,2024020781,DET,TBL,1.0,1.0,1.0,shot_microstats,4054,0.4283593082279004,-0.31759785177977906,4.167007307552084,0.4176252615501623,-0.4759219312429681,4.52125619312345
2024,2025-01-25,2024020782,CBJ,LAK,1.0,1.0,3.0,shot_microstats,4054,0.39674137279442157,-0.4745626285987429,4.150740263633455,0.3993706093021446,-0.5535084874360969,4.518266602701988
2024,2025-01-25,2024020783,STL,DAL,0.0,-1.0,1.0,shot_microstats,4054,0.4809872805416792,-0.07469435083014367,4.31004183481667,0.4407632286999276,-0.37243787589300503,4.58327260420364
2024,2025-01-25,2024020784,MIN,CGY,0.0,-1.0,5.0,shot_microstats,4054,0.541557044917723,0.2652662968808309,3.9353371407294793,0.5231527586196842,0.08313011022728034,4.20401828369287
2024,2025-01-25,2024020786,VAN,WSH,1.0,1.0,3.0,shot_microstats,4054,0.4905321554603561,0.0006991415590665295,4.03996764673026,0.46724593125287195,-0.21068390100374124,3.992660227102903
2024,2025-01-25,2024020787,ANA,NSH,1.0,2.0,6.0,shot_microstats,4054,0.3833094522063656,-0.5691701501797352,4.391507192391961,0.36393244245134937,-0.801597629507677,4.6226942524765695
2024,2025-01-25,2024020788,SJS,FLA,0.0,-4.0,8.0,shot_microstats,4054,0.3250932135963785,-0.8710495720112612,4.225376228772401,0.29333916965816775,-1.2054314045280274,4.338948323887201
2024,2025-01-26,2024020790,OTT,UTA,1.0,1.0,3.0,shot_microstats,4054,0.5109975742602981,0.09876507781558654,4.0659075159176785,0.5295806219312867,0.023364581719270916,4.484883761826356
2024,2025-01-26,2024020791,WPG,CGY,1.0,2.0,4.0,shot_microstats,4054,0.5615630089028292,0.3625234958639125,3.992907561948759,0.5996830552758088,0.3735379312700804,4.032328792158512
2024,2025-01-26,2024020792,CHI,MIN,0.0,-2.0,2.0,shot_microstats,4054,0.4460097357268372,-0.2276174527008053,4.138862022889793,0.37804301127666873,-0.6551784176091561,4.310686822999807
2024,2025-01-26,2024020793,VGK,FLA,1.0,2.0,4.0,shot_microstats,4054,0.47455589489133054,-0.10022626166641146,4.253673532358669,0.4858702688786191,-0.22747435488244927,4.372685806301964
2024,2025-01-27,2024020794,DET,LAK,1.0,1.0,5.0,shot_microstats,4054,0.4009924256306049,-0.44171689652307833,4.045533661001384,0.44596349630212717,-0.31481746264839927,4.429546891599205
2024,2025-01-27,2024020795,PHI,NJD,1.0,1.0,3.0,shot_microstats,4054,0.4948968809156978,0.018617951733875898,4.073022333228596,0.4215639363754144,-0.36811158359270846,4.277468501015145
2024,2025-01-27,2024020797,EDM,SEA,1.0,1.0,5.0,shot_microstats,4054,0.6737898338931759,0.9987824067319867,4.294105492122776,0.690035636414608,0.9359860675105767,4.496225513527671
2024,2025-01-27,2024020798,SJS,PIT,1.0,2.0,2.0,shot_microstats,4054,0.399650466384267,-0.4859070808768905,4.395814515786784,0.390379417874302,-0.6506821733288177,4.762670079105806
2024,2025-01-28,2024020799,BUF,BOS,1.0,4.0,6.0,shot_microstats,4054,0.49392971789236356,0.01272131211415764,4.083899074453939,0.5095610736292384,0.00025279035272784967,4.792351330102156
2024,2025-01-28,2024020800,MTL,WPG,0.0,-2.0,4.0,shot_microstats,4054,0.4633478696218592,-0.15776540323441768,4.278885737078397,0.45741659497620946,-0.2040524916170956,4.777780006454688
2024,2025-01-28,2024020801,TBL,CHI,0.0,-1.0,3.0,shot_microstats,4054,0.6418375084823054,0.7950071500674378,4.238593556745185,0.7122844868308437,1.0178762637178345,4.870151003483142
2024,2025-01-28,2024020802,NYR,CAR,0.0,-4.0,4.0,shot_microstats,4054,0.3836692043161393,-0.5749643884227473,4.463702747035878,0.36886441304632334,-0.7407776538652262,4.6919863564116016
2024,2025-01-28,2024020803,NYI,COL,1.0,2.0,6.0,shot_microstats,4054,0.44936409387359916,-0.22546753084283194,4.271691207492129,0.45776476260283977,-0.33873673511722546,4.582095346914799
2024,2025-01-28,2024020804,CGY,WSH,0.0,-2.0,2.0,shot_microstats,4054,0.4635010886836405,-0.13861948961113413,4.107247431069838,0.49359233486566295,-0.15380746118862254,4.346344187493367
2024,2025-01-28,2024020806,SEA,ANA,0.0,-2.0,8.0,shot_microstats,4054,0.5514539646178264,0.28519139245280656,4.247403410619585,0.5255358658986139,0.036449881640812976,4.605230103461712
2024,2025-01-29,2024020808,FLA,LAK,1.0,1.0,1.0,shot_microstats,4054,0.516561143996988,0.13674634090843496,3.9658226512686467,0.54907940579423,0.20759899251991076,4.458171281522022
2024,2025-01-29,2024020809,NJD,PHI,1.0,3.0,3.0,shot_microstats,4054,0.5478033436963986,0.2878101982962159,4.028814653899786,0.5493152141198105,0.18379712287841887,4.535935640454046
2024,2025-01-29,2024020810,NSH,VAN,0.0,-1.0,3.0,shot_microstats,4054,0.5681764081615657,0.40162705518483055,3.94692772772025,0.6014537183862266,0.4112945476686498,4.448383520571626
2024,2025-01-29,2024020811,UTA,PIT,0.0,-1.0,3.0,shot_microstats,4054,0.5653629152680387,0.35553762635300956,4.274677106416532,0.5504175744922098,0.1700913049207562,4.723055744005272
2024,2025-01-30,2024020812,BOS,WPG,0.0,-3.0,3.0,shot_microstats,4054,0.5161116788888941,0.12798121630563855,4.028888602917209,0.5316905765268314,0.12999516874366113,4.169341515007101
2024,2025-01-30,2024020813,MTL,MIN,0.0,-3.0,3.0,shot_microstats,4054,0.49526452555297634,0.009080065719946323,4.180815314472698,0.45480552268021723,-0.2555763380195688,4.783842545179919
2024,2025-01-30,2024020814,OTT,WSH,0.0,-2.0,2.0,shot_microstats,4054,0.5108959173224694,0.10040625118835421,4.0452741107146215,0.548996595555589,0.09477829136954408,4.280084935336869
2024,2025-01-30,2024020815,TBL,LAK,1.0,2.0,2.0,shot_microstats,4054,0.4801288226944186,-0.05467395553724658,4.081938300158016,0.5689333704705073,0.25041336870201125,4.4004188293152
2024,2025-01-30,2024020816,PHI,NYI,0.0,-2.0,2.0,shot_microstats,4054,0.5821406121029785,0.460724587482464,4.110985179913262,0.516330445844174,0.06768583241154846,4.386059738893167
2024,2025-01-30,2024020818,CGY,ANA,1.0,2.0,2.0,shot_microstats,4054,0.5929331668857055,0.509189358201813,4.229488938129386,0.6028124890558442,0.40428155995566617,4.707682644657457
2024,2025-01-30,2024020819,EDM,DET,0.0,-1.0,3.0,shot_microstats,4054,0.6517682520460741,0.8521531591191455,4.311933997907331,0.6166123621845897,0.5712585097691867,4.7089564947658955
2024,2025-01-30,2024020821,SEA,SJS,1.0,3.0,7.0,shot_microstats,4054,0.5944009709725564,0.528088478494018,4.108951499326985,0.5852646498837457,0.3352306697165222,4.544334214372354
2024,2025-01-31,2024020822,BUF,NSH,1.0,1.0,7.0,shot_microstats,4054,0.4567973406793778,-0.17842344920640624,4.172719722129607,0.42583571382720425,-0.4116327431863931,4.764308835489366
2024,2025-01-31,2024020823,DAL,VAN,0.0,-1.0,3.0,shot_microstats,4054,0.5611088774508791,0.3472480934817135,4.126413462316847,0.6286637513919149,0.5092357427150047,4.601401358245431
2024,2025-01-31,2024020824,COL,STL,1.0,3.0,3.0,shot_microstats,4054,0.5751249520919344,0.41702628698349176,4.174283900440055,0.6208760631313475,0.46654963187566956,4.668647640613157
2024,2025-01-31,2024020825,UTA,CBJ,0.0,-1.0,3.0,shot_microstats,4054,0.5980604612388053,0.5391303713953007,4.214457171164218,0.5714139835416565,0.2912946237633791,4.742443614966132
2024,2025-02-01,2024020826,FLA,CHI,1.0,3.0,3.0,shot_microstats,4054,0.674279910692874,1.0101614343301173,4.172854281851069,0.6999510658188426,1.0255450355598659,4.956881102692836
2024,2025-02-01,2024020827,BOS,NYR,1.0,1.0,5.0,shot_microstats,4054,0.5412015992385004,0.23503816495981478,4.219938235636472,0.47669053100049186,-0.16674980990293098,4.446361431657449
2024,2025-02-01,2024020828,OTT,MIN,1.0,1.0,1.0,shot_microstats,4054,0.5584175213971324,0.35845596437106536,3.8671881231296954,0.5911839722594671,0.32127421832221303,4.257215028054305
2024,2025-02-01,2024020829,TBL,NYI,0.0,-1.0,3.0,shot_microstats,4054,0.5755449507563253,0.4172195132864871,4.196446127632147,0.5976062846375811,0.3897771463202573,4.5456024694180845
2024,2025-02-01,2024020830,PIT,NSH,1.0,2.0,2.0,shot_microstats,4054,0.4650207500344181,-0.14677356340829867,4.252657464551086,0.43518622771771465,-0.4186927150697175,4.528323590506895
2024,2025-02-01,2024020831,WSH,WPG,1.0,1.0,7.0,shot_microstats,4054,0.5448532678158229,0.26315000957007245,4.125004693289081,0.6001635605310844,0.44885406129873273,4.347674439329592
2024,2025-02-01,2024020832,CAR,LAK,0.0,-2.0,6.0,shot_microstats,4054,0.5482541255695378,0.28269467916244606,4.103984016287406,0.6109204421021597,0.4120864585081938,4.514954909372907
2024,2025-02-01,2024020833,EDM,TOR,1.0,1.0,5.0,shot_microstats,4054,0.5883766771276798,0.4734600637702936,4.3472014784764434,0.5848930890100874,0.36316353273421176,4.533248254387712
2024,2025-02-01,2024020834,CGY,DET,0.0,-2.0,2.0,shot_microstats,4054,0.5445216788331109,0.2759568437055243,3.9792176609912833,0.5440298387659264,0.13401315705231698,4.482757883498866
2024,2025-02-02,2024020835,BUF,NJD,1.0,1.0,5.0,shot_microstats,4054,0.42521777456200416,-0.33253534009652375,4.161128948825919,0.3987753157553454,-0.5247805902143785,4.772916035887934
2024,2025-02-02,2024020836,COL,PHI,1.0,1.0,1.0,shot_microstats,4054,0.5283743141768998,0.1781012475588864,4.138315156445264,0.5891070363671586,0.32874982210174186,4.607455438630202
2024,2025-02-02,2024020837,ANA,MTL,1.0,3.0,3.0,shot_microstats,4054,0.4433723386274762,-0.2824888169200066,4.528365985743098,0.4043810296198918,-0.6446185291258538,5.022375500804918
2024,2025-02-02,2024020838,FLA,NYI,1.0,2.0,6.0,shot_microstats,4054,0.6020081463830236,0.5718581032232439,4.094286159313403,0.5780330955540146,0.33637403122846643,4.6118272499165505
2024,2025-02-02,2024020839,NYR,VGK,1.0,1.0,3.0,shot_microstats,4054,0.4478124236644781,-0.2589523088118431,4.512419865246588,0.45426445432312773,-0.3790575839700021,4.9959711894567524
2024,2025-02-02,2024020840,DAL,CBJ,1.0,1.0,7.0,shot_microstats,4054,0.5972318947180514,0.5265928827409049,4.304521105663251,0.6073708497292302,0.4627039323162249,4.840202304257096
2024,2025-02-02,2024020841,UTA,STL,0.0,-1.0,3.0,shot_microstats,4054,0.5554169988292196,0.31580703732987236,4.144250929400724,0.5422818215480689,0.07875124070444872,4.727425623358831
2024,2025-02-02,2024020843,SEA,CGY,1.0,1.0,3.0,shot_microstats,4054,0.4879838700884592,-0.003934406522483669,3.9660522179780386,0.4680814320969702,-0.22349484127346286,4.1360508887833305
2024,2025-02-03,2024020844,NSH,OTT,0.0,-2.0,4.0,shot_microstats,4054,0.5262378174001161,0.18192637198365685,3.995509608816539,0.5126396016500858,0.04015742599501715,4.324926056901434
2024,2025-02-04,2024020845,BOS,MIN,1.0,2.0,2.0,shot_microstats,4054,0.5399685827596195,0.25797795207917945,3.927693707386035,0.5178941161338894,0.032975079374357175,4.2028525185164245
2024,2025-02-04,2024020846,BUF,CBJ,1.0,1.0,5.0,shot_microstats,4054,0.5448355669974951,0.2566484323146762,4.1898610819519275,0.531473654934814,0.09775702695528743,4.994875799278337
2024,2025-02-04,2024020847,TBL,OTT,1.0,1.0,3.0,shot_microstats,4054,0.5275310899495826,0.1839621602952685,4.039024963137338,0.5777694170581903,0.3252050363212836,4.31379195480866
2024,2025-02-04,2024020850,NYI,VGK,1.0,1.0,3.0,shot_microstats,4054,0.47209152261957055,-0.12527428865856563,4.375628020759996,0.483008765673131,-0.21988287677072815,4.798704495931276
2024,2025-02-04,2024020851,STL,EDM,1.0,1.0,1.0,shot_microstats,4054,0.41489528291986655,-0.40773904589133225,4.382365496948963,0.41812414209389664,-0.494318089144414,4.5716068024356895
2024,2025-02-04,2024020852,WPG,CAR,1.0,1.0,1.0,shot_microstats,4054,0.4311121036848098,-0.31057214336347827,4.228178118859898,0.4575795623689216,-0.3051198558121062,4.049447407893304
2024,2025-02-04,2024020853,CGY,TOR,0.0,-2.0,4.0,shot_microstats,4054,0.4817228584810334,-0.044635307062150076,4.060857691454546,0.5143836235116003,-0.020775863713509368,4.380759306702599
2024,2025-02-04,2024020855,VAN,COL,1.0,1.0,1.0,shot_microstats,4054,0.456578070519683,-0.1699974081133983,4.084371952595095,0.42115561235214777,-0.4482379006324728,3.99811149552884
2024,2025-02-04,2024020856,ANA,DAL,1.0,1.0,3.0,shot_microstats,4054,0.38646975288885316,-0.5677227594602257,4.531463118472189,0.37201639598878744,-0.7856017875828631,4.7631410573880055
2024,2025-02-04,2024020857,SEA,DET,1.0,2.0,6.0,shot_microstats,4054,0.5121928859704674,0.11079399885173577,4.007157671711876,0.4721499254989773,-0.17534474118700993,4.444601914249952
2024,2025-02-05,2024020860,CHI,EDM,0.0,-1.0,5.0,shot_microstats,4054,0.3220410861087627,-0.916924874809173,4.512192175965425,0.28462242281588507,-1.198124445699987,4.467326189355539
2024,2025-02-06,2024020862,TBL,OTT,1.0,2.0,4.0,shot_microstats,4054,0.5337650128623362,0.21359332545942736,4.056364406964697,0.5835228113443803,0.3509504429615884,4.34341707441798
2024,2025-02-06,2024020863,NJD,VGK,0.0,-3.0,3.0,shot_microstats,4054,0.5417165892275092,0.23649362590621373,4.231883135355911,0.5226125100772947,0.044814352900652055,4.557998794541273
2024,2025-02-06,2024020864,PHI,WSH,0.0,-2.0,6.0,shot_microstats,4054,0.533907023192171,0.2080985207905937,4.117929503543882,0.48210957619486094,-0.10728620958098412,4.2690203504799396
2024,2025-02-06,2024020865,CBJ,UTA,0.0,-1.0,3.0,shot_microstats,4054,0.42339220436438624,-0.3556245305374448,4.2914178812698465,0.35797411388585676,-0.784166151874399,4.698247365819402
2024,2025-02-06,2024020866,STL,FLA,0.0,-1.0,3.0,shot_microstats,4054,0.4440820234680489,-0.23230183289109585,4.094539033590417,0.41359604177670845,-0.5102747223850241,4.191073251634659
2024,2025-02-06,2024020867,MIN,CAR,1.0,2.0,2.0,shot_microstats,4054,0.4051708866120078,-0.4311229445563345,4.144865090884733,0.36058300262625526,-0.6818625731698631,4.19261875619301
2024,2025-02-06,2024020868,CGY,COL,0.0,-2.0,4.0,shot_microstats,4054,0.4292463572632402,-0.3143166596212016,4.177304907767453,0.4410882919813527,-0.4249634864924714,4.434538140881004
2024,2025-02-06,2024020869,SEA,TOR,0.0,-1.0,3.0,shot_microstats,4054,0.4400382264836414,-0.2540939276394948,4.1123868200637625,0.42671987922048354,-0.4067942885164294,4.329391037874383
2024,2025-02-07,2024020872,WPG,NYI,1.0,1.0,7.0,shot_microstats,4054,0.5421280444150324,0.249879527606795,4.118181086039151,0.5825262947946124,0.24783131753915522,4.239405325293
2024,2025-02-07,2024020873,CHI,NSH,1.0,2.0,6.0,shot_microstats,4054,0.41037641869700114,-0.41758331520338887,4.263319974615676,0.3358158360001065,-0.8707692559712873,4.310388746406242
2024,2025-02-07,2024020874,EDM,COL,0.0,-2.0,4.0,shot_microstats,4054,0.5410663708935542,0.21483993979488047,4.417967350448505,0.5208593496512846,-0.0212227314007023,4.570442285849274
2024,2025-02-08,2024020876,MTL,NJD,0.0,-4.0,4.0,shot_microstats,4054,0.4148893098645239,-0.3968037727023287,4.280391118445335,0.3638160703548695,-0.6739590826249306,4.747439451952144
2024,2025-02-08,2024020877,DET,TBL,0.0,-3.0,7.0,shot_microstats,4054,0.42696810083199815,-0.32780304557416295,4.197785343548463,0.4189501486396631,-0.48166448845960985,4.526379198375258
2024,2025-02-08,2024020878,CAR,UTA,1.0,3.0,5.0,shot_microstats,4054,0.5822127296692864,0.44793370354129414,4.254821106523049,0.5793499043920192,0.2577943797553286,4.76738085655544
2024,2025-02-08,2024020879,BOS,VGK,1.0,1.0,5.0,shot_microstats,4054,0.463030619839534,-0.1572870179762479,4.259920315305017,0.44478328693472235,-0.3585006215630815,4.37780570902751
2024,2025-02-08,2024020880,FLA,OTT,1.0,2.0,2.0,shot_microstats,4054,0.5792204238263455,0.4609024022354148,3.940160391511424,0.580342101061444,0.3843028222075011,4.372176540048614
2024,2025-02-08,2024020882,CBJ,NYR,1.0,1.0,5.0,shot_microstats,4054,0.4893635525217585,-0.03476050010842359,4.321630533304167,0.3905884293761514,-0.6092167968504829,4.7564939403396265
2024,2025-02-08,2024020885,NSH,BUF,1.0,1.0,7.0,shot_microstats,4054,0.5652559578352891,0.36750276793490066,4.142614288532714,0.4774813639390935,-0.16712694574704146,4.63867746627451
2024,2025-02-08,2024020886,MIN,NYI,1.0,1.0,7.0,shot_microstats,4054,0.5123355498583224,0.10797828039752151,4.041052258022427,0.4790158006224366,-0.1494839862347639,4.376113802465021
2024,2025-02-08,2024020888,LAK,ANA,1.0,1.0,1.0,shot_microstats,4054,0.6876215194353206,1.0946928884087594,4.301521533766053,0.6682681342731965,0.8564171723881734,4.537657082859879
2024,2025-02-08,2024020889,SJS,DAL,0.0,-4.0,10.0,shot_microstats,4054,0.3545263166605585,-0.7283047145956135,4.454773841264755,0.32638673803037,-1.0053749113230648,4.698492656907648
2024,2025-02-09,2024020890,WSH,UTA,0.0,-2.0,4.0,shot_microstats,4054,0.5053676422609296,0.05206171628495623,4.246971841931972,0.5081981002966761,-0.05032652810608884,4.521630436907576
2024,2025-02-09,2024020891,MTL,TBL,0.0,-1.0,5.0,shot_microstats,4054,0.4381000220131755,-0.2912509851187031,4.368714981424087,0.3995478260185901,-0.5400868481486412,4.78491055333973
2024,2025-02-22,2024020892,PHI,EDM,1.0,1.0,7.0,shot_microstats,4054,0.45980687705397516,-0.17950379939338634,4.320033796810515,0.41028154584144894,-0.4685332109170164,4.4490503130693
2024,2025-02-22,2024020893,PIT,WSH,0.0,-3.0,7.0,shot_microstats,4054,0.4784775381395225,-0.0845238267088898,4.2866651993013525,0.4904062289297481,-0.18416183746533665,4.532220869514957
2024,2025-02-22,2024020894,DET,MIN,1.0,1.0,1.0,shot_microstats,4054,0.4942834235283017,0.02379532831065309,3.995474104660187,0.48822271992245847,-0.12486457106480409,4.4942044620874615
2024,2025-02-22,2024020895,BUF,NYR,1.0,5.0,7.0,shot_microstats,4054,0.5182515637953633,0.11378102567893919,4.270808563844982,0.4668127589515088,-0.22488879817282537,4.987322313811914
2024,2025-02-22,2024020897,NJD,DAL,0.0,-1.0,3.0,shot_microstats,4054,0.5490451616287887,0.2758765978795739,4.214953268272446,0.49967396408456666,-0.04894390259235459,4.5065871059551155
2024,2025-02-22,2024020898,NSH,COL,1.0,1.0,3.0,shot_microstats,4054,0.46096513373142867,-0.1653711954746263,4.241063075444898,0.4216284144236119,-0.465846547148263,4.546460941190926
2024,2025-02-22,2024020899,BOS,ANA,0.0,-1.0,1.0,shot_microstats,4054,0.6084276581726457,0.5974250416919681,4.219824561163312,0.5696331016701608,0.29187490453343834,4.521988503618035
2024,2025-02-22,2024020900,TOR,CAR,1.0,2.0,6.0,shot_microstats,4054,0.4282413317753996,-0.33035632666712555,4.280024532333174,0.4187807630584062,-0.45493396639061146,4.332111694618352
2024,2025-02-22,2024020901,OTT,MTL,0.0,-3.0,5.0,shot_microstats,4054,0.5789445637095016,0.4401445365597848,4.1466805889521545,0.5741177127111667,0.20616047527245052,4.632360448366569
2024,2025-02-22,2024020902,CBJ,CHI,1.0,4.0,4.0,shot_microstats,4054,0.5504027310229265,0.28200754394331057,4.224108452291339,0.5394134918690386,0.09563772218949507,4.883899623059622
2024,2025-02-22,2024020903,STL,WPG,0.0,-1.0,3.0,shot_microstats,4054,0.5073092788502863,0.07829303136626103,4.087183380335911,0.5389548112205594,0.14783448020279166,4.362555945548759
2024,2025-02-22,2024020904,LAK,UTA,1.0,2.0,4.0,shot_microstats,4054,0.5650519343451769,0.3698653941102556,4.106608698976967,0.5400636438532785,0.12582951088143357,4.286620503554734
2024,2025-02-22,2024020905,VGK,VAN,1.0,1.0,3.0,shot_microstats,4054,0.578363890621839,0.4385374999376188,4.130248634214509,0.6554354082772545,0.6414250841768367,4.544763899883822
2024,2025-02-23,2024020906,WSH,EDM,1.0,2.0,6.0,shot_microstats,4054,0.43997910151201824,-0.28895102198235395,4.433254649712224,0.4777319703169741,-0.22232313548373195,4.575169154390197
2024,2025-02-23,2024020907,PIT,NYR,0.0,-1.0,5.0,shot_microstats,4054,0.5311723334702803,0.17067962831447867,4.3526645050994786,0.4924351660193781,-0.15957686826604411,4.748634275732196
2024,2025-02-23,2024020908,DET,ANA,0.0,-1.0,3.0,shot_microstats,4054,0.5705841048678839,0.3855147121008719,4.251384043586919,0.5508995028292596,0.17759835920793465,4.782594242556914
2024,2025-02-23,2024020909,TBL,SEA,1.0,1.0,3.0,shot_microstats,4054,0.6109558660131432,0.6236478676452413,4.082654751829573,0.6627031360778289,0.7244131437372028,4.432713340758871
2024,2025-02-23,2024020910,STL,COL,1.0,2.0,4.0,shot_microstats,4054,0.4463163664080222,-0.2358748726726514,4.229501760208816,0.4201332306686669,-0.48296748320994887,4.413997586660341
2024,2025-02-23,2024020911,NSH,NJD,0.0,-4.0,4.0,shot_microstats,4054,0.474501244256116,-0.08446192081709003,4.103336528334939,0.4348276194287378,-0.34816626825463737,4.489789974251054
2024,2025-02-23,2024020912,CHI,TOR,0.0,-2.0,4.0,shot_microstats,4054,0.41380948693296876,-0.40225162893608446,4.2808192588859395,0.3514279200648144,-0.7653822030789679,4.333741837336448
2024,2025-02-23,2024020913,NYI,DAL,1.0,1.0,5.0,shot_microstats,4054,0.4903345070895546,-0.031242389432531797,4.333643340433714,0.4767453467498397,-0.23421378675872417,4.730633468740786
2024,2025-02-23,2024020914,CGY,SJS,0.0,-1.0,3.0,shot_microstats,4054,0.6127430921400906,0.6312625339129646,4.113637771621815,0.6393194263241406,0.5867746736477908,4.684177620246349
2024,2025-02-23,2024020915,UTA,VAN,1.0,1.0,1.0,shot_microstats,4054,0.568280004606285,0.3925415493407573,4.047495176081354,0.611848867335852,0.43361428305370986,4.552871452231457
2024,2025-02-24,2024020917,LAK,VGK,1.0,2.0,6.0,shot_microstats,4054,0.5440856514104184,0.2519425032739182,4.198519677919232,0.538144669238708,0.08185703290317958,4.286706911712079
2024,2025-02-25,2024020918,BOS,TOR,0.0,-1.0,3.0,shot_microstats,4054,0.4972736081250597,0.030053714238786416,4.075334893954155,0.46562112905843406,-0.19011303493287135,4.1909756411014465
2024,2025-02-25,2024020919,BUF,ANA,1.0,3.0,3.0,shot_microstats,4054,0.5843307556523777,0.45839635991474814,4.266992246853038,0.5606369921809709,0.23589908772088863,5.061917231163491
2024,2025-02-25,2024020920,MTL,CAR,1.0,2.0,2.0,shot_microstats,4054,0.3778303477151678,-0.6038257924353702,4.449885549528844,0.3249167210480326,-0.8861117653863183,4.6496357704673725
2024,2025-02-25,2024020921,TBL,EDM,1.0,3.0,3.0,shot_microstats,4054,0.45176994242232626,-0.2335470293998203,4.45672476676703,0.5133952018483732,-0.06013697003800211,4.716841344034979
2024,2025-02-25,2024020922,PHI,PIT,1.0,5.0,7.0,shot_microstats,4054,0.5615916091272927,0.3463648545016621,4.161966300416054,0.5005290131856529,0.009819145924410466,4.456581662691169
2024,2025-02-25,2024020923,WSH,CGY,0.0,-3.0,3.0,shot_microstats,4054,0.5953538356851009,0.5354847170417011,4.085355129609723,0.6038257534796405,0.4495442328059492,4.2673789358704965
2024,2025-02-25,2024020924,CBJ,DAL,1.0,2.0,8.0,shot_microstats,4054,0.4332495367271911,-0.3157272505880959,4.373962417158005,0.3646918842629507,-0.7556033702637076,4.6641400811529525
2024,2025-02-25,2024020925,NYI,NYR,0.0,-4.0,6.0,shot_microstats,4054,0.5421293791519338,0.23311613660694436,4.287551456276279,0.5051479492023593,-0.07573019815467275,4.807463295521359
2024,2025-02-25,2024020926,STL,SEA,1.0,4.0,6.0,shot_microstats,4054,0.5879248082623381,0.5015644926311773,4.008807521681124,0.5875713825436853,0.35256576153663294,4.287592100576777
2024,2025-02-25,2024020927,NSH,FLA,0.0,-1.0,3.0,shot_microstats,4054,0.44790115878614883,-0.21825500848726148,4.138055273252125,0.4061725519982908,-0.5407819071747102,4.336630171777813
2024,2025-02-25,2024020928,MIN,DET,0.0,-2.0,4.0,shot_microstats,4054,0.5541396127933341,0.32467005172323693,3.9858366890018324,0.4991299190087952,0.0075832217352608255,4.434872528179691
2024,2025-02-25,2024020929,UTA,CHI,1.0,2.0,2.0,shot_microstats,4054,0.6437446290744662,0.8023491157691445,4.298747583173851,0.6690741899022623,0.7836946105064156,5.0030089165235
2024,2025-02-26,2024020930,OTT,WPG,0.0,-2.0,4.0,shot_microstats,4054,0.5388278082397725,0.2493490308625287,3.9559331636166397,0.6209787470267486,0.49230897709786914,4.240057692034003
2024,2025-02-26,2024020931,COL,NJD,1.0,2.0,4.0,shot_microstats,4054,0.530838249153677,0.18935594235447073,4.1499002941822924,0.5511313579942398,0.1904754885651444,4.467010072119136
2024,2025-02-26,2024020932,LAK,VAN,1.0,1.0,3.0,shot_microstats,4054,0.6148199823282797,0.6649697628126037,3.8602334170077683,0.6578428545836331,0.7149868011145514,4.082461823164964
2024,2025-02-27,2024020933,BOS,NYI,0.0,-1.0,3.0,shot_microstats,4054,0.5135569573088631,0.10769943435211643,4.102216991658635,0.4846373077624177,-0.160994357483901,4.271293683453764
2024,2025-02-27,2024020935,DET,CBJ,0.0,-3.0,5.0,shot_microstats,4054,0.5371783913126897,0.2228765189341195,4.136008869365817,0.5234513829177297,0.06085629404524251,4.670209902492172
2024,2025-02-27,2024020936,TBL,CGY,1.0,1.0,1.0,shot_microstats,4054,0.5908531845879863,0.5102356504541679,4.0896612804085954,0.6230707194060134,0.5300769132716127,4.4030907866048405
2024,2025-02-27,2024020937,FLA,EDM,1.0,2.0,6.0,shot_microstats,4054,0.5111181501350911,0.07571146539144805,4.294612691475622,0.5126926204120295,-0.011081119877109469,4.691996764264087
2024,2025-02-27,2024020938,PIT,PHI,1.0,1.0,7.0,shot_microstats,4054,0.47921252300070716,-0.07381937305291872,4.219764475900366,0.5088302061117619,-0.11478448507078176,4.733089229072896
2024,2025-02-27,2024020939,WSH,STL,0.0,-1.0,5.0,shot_microstats,4054,0.5364765026231092,0.2172369625350229,4.156696983154866,0.5700414063277461,0.21194649278552974,4.602295492092197
2024,2025-02-27,2024020940,CAR,BUF,1.0,2.0,4.0,shot_microstats,4054,0.63985402626072,0.7833533026413458,4.230363324895297,0.5900396197582355,0.3350969822118055,4.773103395853354
2024,2025-02-27,2024020942,UTA,MIN,1.0,3.0,5.0,shot_microstats,4054,0.5827358366702797,0.468186077642545,4.065082443564167,0.5686788856136811,0.2605407954616723,4.568436106265936
2024,2025-02-27,2024020944,ANA,VAN,1.0,1.0,5.0,shot_microstats,4054,0.42184708955028294,-0.3522312938640574,4.188551581679094,0.48232874367055434,-0.25743940863550296,4.585912999265385
2024,2025-02-28,2024020945,NYR,TOR,0.0,-1.0,3.0,shot_microstats,4054,0.46180374630712406,-0.16738053719407792,4.298111575234998,0.45746184685365704,-0.3053298945653593,4.762597966623571
2024,2025-02-28,2024020946,DAL,LAK,1.0,1.0,5.0,shot_microstats,4054,0.45879763715249927,-0.1738116102114482,4.220895674339679,0.5216624190432682,0.0015754604141677842,4.503637142376201
2024,2025-02-28,2024020947,COL,MIN,1.0,2.0,4.0,shot_microstats,4054,0.6096914366344864,0.6167471052419489,4.078804900063421,0.6510089509329303,0.6808094941042636,4.504633768718104
2024,2025-03-01,2024020948,CBJ,DET,1.0,1.0,5.0,shot_microstats,4054,0.5229240908618809,0.1473829887723689,4.1710153016169995,0.4407080205486733,-0.3262046214722043,4.650104475609002
2024,2025-03-01,2024020949,NYI,NSH,1.0,1.0,7.0,shot_microstats,4054,0.5094168045163944,0.07997827521626037,4.171412182343139,0.48957839003740944,-0.1441662585347041,4.614507681186262
2024,2025-03-01,2024020951,FLA,CGY,1.0,3.0,3.0,shot_microstats,4054,0.6416902086392661,0.8138460077349319,3.983503226877708,0.6113714999415548,0.5530154406156234,4.40878318629065
2024,2025-03-01,2024020952,PIT,BOS,0.0,-1.0,1.0,shot_microstats,4054,0.5192434170367018,0.12943282647401022,4.166334520612171,0.5431032620714106,0.10267347113403558,4.535694320420519
2024,2025-03-01,2024020953,BUF,MTL,1.0,1.0,3.0,shot_microstats,4054,0.5228997013146982,0.13652442387186262,4.276537112105016,0.46865895805014474,-0.2418228822960764,5.120415489875785
2024,2025-03-01,2024020954,OTT,SJS,1.0,2.0,2.0,shot_microstats,4054,0.6676499575569012,0.9684902740949107,4.131220925782605,0.6986442334322253,0.9287909085407744,4.647070844334523
2024,2025-03-01,2024020955,CAR,EDM,0.0,-1.0,1.0,shot_microstats,4054,0.5341337127840311,0.17850677886102762,4.425723955436764,0.5703446618578203,0.17131499191344624,4.8233787932302805
2024,2025-03-01,2024020957,STL,LAK,1.0,4.0,4.0,shot_microstats,4054,0.4552660254702219,-0.1713844074595316,4.037634250665104,0.48272466840761424,-0.14133599033730437,4.256140301014175
2024,2025-03-01,2024020958,UTA,NJD,0.0,-2.0,4.0,shot_microstats,4054,0.5136226297597358,0.10171680939244976,4.163274021032033,0.480994011733894,-0.15504056604182004,4.5880627241321665
2024,2025-03-01,2024020959,ANA,CHI,0.0,-1.0,7.0,shot_microstats,4054,0.5039964690510057,0.03497144428291262,4.346230070088906,0.556970886591035,0.11426145810581145,4.961660601704544
2024,2025-03-01,2024020960,SEA,VAN,1.0,3.0,7.0,shot_microstats,4054,0.47509004407964306,-0.06028393451594921,3.9041865870208716,0.5103797978506941,-0.06208264047826395,4.284305507868871
2024,2025-03-02,2024020961,PIT,TOR,0.0,-2.0,8.0,shot_microstats,4054,0.4962455831308808,0.007185535991413264,4.244942283345588,0.48731408355838113,-0.1561303216061538,4.518136710683425
2024,2025-03-02,2024020962,MIN,BOS,1.0,1.0,1.0,shot_microstats,4054,0.5164310925927602,0.14018466982242803,3.9264731375362296,0.5147573388762102,0.06870414874151876,4.233748317165482
2024,2025-03-02,2024020963,CAR,CGY,1.0,1.0,1.0,shot_microstats,4054,0.6643206926734282,0.9421128431253109,4.193616178575451,0.6731379505865688,0.7928017224545639,4.596652069807848
2024,2025-03-02,2024020964,DAL,STL,1.0,1.0,3.0,shot_microstats,4054,0.529926711109381,0.17355902485516733,4.260896939117208,0.5532328020619155,0.11657923421759928,4.783565468593137
2024,2025-03-02,2024020965,NYR,NSH,1.0,3.0,3.0,shot_microstats,4054,0.47388894426389266,-0.10593043622836676,4.2765814357612575,0.4593452310791687,-0.31736482371744845,4.779034848635011
2024,2025-03-03,2024020968,MTL,BUF,0.0,-2.0,2.0,shot_microstats,4054,0.5081317249113011,0.0637605188565123,4.266440828336787,0.40741604275967,-0.4951362264310467,4.848065804210898
2024,2025-03-03,2024020970,NYR,NYI,1.0,2.0,2.0,shot_microstats,4054,0.48080069602941594,-0.07702447636295684,4.323405588142291,0.48311403077523235,-0.24388545417812724,4.850440215636137
2024,2025-03-03,2024020971,TOR,SJS,0.0,-2.0,2.0,shot_microstats,4054,0.6498719127720997,0.8453545885965372,4.239693968309432,0.6661214181354924,0.7763790421048437,4.811169357675722
2024,2025-03-03,2024020972,CHI,LAK,1.0,3.0,5.0,shot_microstats,4054,0.35054429397014525,-0.724723986038017,4.206762494188846,0.3317386041637456,-0.8991768789571154,4.213801523801731
2024,2025-03-04,2024020973,BOS,NSH,0.0,-2.0,8.0,shot_microstats,4054,0.5068743658444694,0.08065869634406034,4.043899259071784,0.46266722333622456,-0.22985670234068,4.190397468853335
2024,2025-03-04,2024020974,BUF,SJS,0.0,-4.0,6.0,shot_microstats,4054,0.6084760256863774,0.6000427451882023,4.192419321226081,0.5966898829836977,0.4147351505339404,5.037848246253326
2024,2025-03-04,2024020975,DET,CAR,0.0,-1.0,3.0,shot_microstats,4054,0.3517448866415721,-0.7304058443343142,4.327399998626284,0.32042423780717055,-0.9491929340683679,4.444037685239513
2024,2025-03-04,2024020976,TBL,CBJ,1.0,3.0,5.0,shot_microstats,4054,0.5897514082052733,0.49274727857394457,4.2163746571710465,0.6348945323817932,0.609984719626746,4.772338046217686
2024,2025-03-04,2024020977,PHI,CGY,0.0,-2.0,6.0,shot_microstats,4054,0.6029510099475675,0.585957670310038,3.9944874721560972,0.5355156802177399,0.17984517490617818,4.224742873527701
2024,2025-03-04,2024020978,NYI,WPG,1.0,2.0,2.0,shot_microstats,4054,0.49529216770119755,0.015419691077580594,4.1218200503134765,0.5408157197119966,0.11937826678677588,4.515172844397144
2024,2025-03-04,2024020979,DAL,NJD,1.0,3.0,3.0,shot_microstats,4054,0.48895649327474733,-0.03207952302498997,4.2771191182438875,0.48673164096467475,-0.1457693322770594,4.631628709629475
2024,2025-03-04,2024020981,EDM,ANA,0.0,-6.0,6.0,shot_microstats,4054,0.689718658854864,1.0907481993282209,4.624403591781165,0.6702051933459472,0.8520383637950482,4.98428301364746
2024,2025-03-04,2024020982,SEA,MIN,0.0,-2.0,4.0,shot_microstats,4054,0.4798752368646275,-0.04116138812476117,3.943652327040494,0.46584909155635373,-0.2483311934426281,4.32135379643885
2024,2025-03-05,2024020983,NYR,WSH,1.0,1.0,3.0,shot_microstats,4054,0.4507105006486248,-0.22511508819332787,4.329807119663547,0.4714203125865185,-0.2911068602857573,4.744186761035093
2024,2025-03-05,2024020984,CHI,OTT,0.0,-1.0,5.0,shot_microstats,4054,0.40465742375133174,-0.43571815530404456,4.163579312446841,0.3573726902623598,-0.7359663627402688,4.191283503981511
2024,2025-03-05,2024020985,VGK,TOR,1.0,2.0,4.0,shot_microstats,4054,0.5579212975146218,0.3139111574601985,4.2996312307965985,0.5625525990818908,0.23391924399989122,4.56107199036085
2024,2025-03-05,2024020987,LAK,STL,1.0,1.0,3.0,shot_microstats,4054,0.5853073162907071,0.4889157636238944,3.991574699557906,0.5841599047426186,0.3068235659614164,4.338243950308587
2024,2025-03-06,2024020988,DET,UTA,0.0,-3.0,3.0,shot_microstats,4054,0.419459626380255,-0.3723323887115063,4.264930434195183,0.3934122658276501,-0.6044086628719296,4.6646782202804715
2024,2025-03-06,2024020989,TBL,BUF,1.0,1.0,9.0,shot_microstats,4054,0.5713230700070644,0.39889322923187265,4.150824112471097,0.5534930243841051,0.17034465478181782,4.666982555432898
2024,2025-03-06,2024020991,PHI,WPG,0.0,-1.0,3.0,shot_microstats,4054,0.5413781786317794,0.25425745220315155,4.035985838303616,0.5193209180312646,0.11147818062405968,4.2561086338475445
2024,2025-03-06,2024020993,NSH,SEA,1.0,2.0,6.0,shot_microstats,4054,0.598482580778531,0.5560064037129535,4.050370929317222,0.5851222378920402,0.35624197329216983,4.460367100140688
2024,2025-03-06,2024020995,EDM,MTL,0.0,-1.0,3.0,shot_microstats,4054,0.6224325273616146,0.6547916215658138,4.520410164097608,0.5799261296627948,0.2948443140595494,4.961307180129203
2024,2025-03-06,2024020996,COL,SJS,1.0,2.0,4.0,shot_microstats,4054,0.6893089542357959,1.1025203390093654,4.371808798536623,0.7291173966327041,1.1747935310078503,4.880246730507286
2024,2025-03-07,2024020997,NJD,WPG,0.0,-5.0,5.0,shot_microstats,4054,0.5541409494054269,0.3208919264574111,4.024371929819108,0.5575896532375706,0.2784335312521189,4.331170287641671
2024,2025-03-07,2024020998,WSH,DET,1.0,3.0,3.0,shot_microstats,4054,0.594630985266747,0.5250753994113362,4.156972214807299,0.5909932296899841,0.4146598928822304,4.538169899789757
2024,2025-03-07,2024021000,VAN,MIN,1.0,1.0,1.0,shot_microstats,4054,0.5506426972657735,0.32212712502125807,3.83006372574726,0.5294824528751928,0.108526611878344,4.006697829417703
2024,2025-03-07,2024021001,VGK,PIT,1.0,4.0,4.0,shot_microstats,4054,0.5743620773477373,0.3924372123552695,4.395817397831475,0.6040906658185686,0.40901366991293375,4.763744979298024
2024,2025-03-07,2024021002,ANA,STL,0.0,-1.0,3.0,shot_microstats,4054,0.3859792661238435,-0.5476829440275738,4.319036577972785,0.3950773985544396,-0.6958871520314989,4.7830542652357115
2024,2025-03-08,2024021004,PHI,SEA,0.0,-1.0,3.0,shot_microstats,4054,0.6216717799800721,0.6906618681141745,4.023907254216688,0.5700503320421314,0.33304086170246133,4.320117166819194
2024,2025-03-08,2024021005,TBL,BOS,0.0,-3.0,3.0,shot_microstats,4054,0.5494582364351213,0.29131026608042676,4.079459669555795,0.6158733183341055,0.509349621479264,4.527353959170244
2024,2025-03-08,2024021006,FLA,BUF,1.0,3.0,3.0,shot_microstats,4054,0.6324747631239915,0.7524457687553527,4.051771015139345,0.5535637716383198,0.24669877528242035,4.631647654881986
2024,2025-03-08,2024021007,COL,TOR,1.0,2.0,6.0,shot_microstats,4054,0.5815088179935898,0.44844479439485196,4.207297948730836,0.6082162367165579,0.4834919589682203,4.478133307527613
2024,2025-03-08,2024021008,CGY,MTL,1.0,1.0,1.0,shot_microstats,4054,0.5165017199542292,0.1150044775952725,4.173523975781388,0.4937338314405733,-0.1627502047294329,4.698026684774374
2024,2025-03-08,2024021009,NSH,CHI,0.0,-1.0,3.0,shot_microstats,4054,0.6349439113199807,0.7528865590084125,4.234621967843907,0.6505280721858099,0.7129276728855181,4.939179566405976
2024,2025-03-08,2024021011,EDM,DAL,1.0,3.0,7.0,shot_microstats,4054,0.56381744414126,0.3252822825582249,4.50975725314697,0.5528297382743953,0.1541800206859395,4.699190727043771
2024,2025-03-08,2024021012,SJS,NYI,0.0,-2.0,2.0,shot_microstats,4054,0.40486522078283965,-0.44935984147225017,4.300908845331138,0.3930341614709573,-0.6706976383855914,4.627287220722798
2024,2025-03-09,2024021013,PHI,NJD,0.0,-1.0,3.0,shot_microstats,4054,0.5028515142642475,0.057760941380851555,4.073013239690961,0.4238781687103551,-0.36369025575960356,4.365002711658998
2024,2025-03-09,2024021015,MIN,PIT,0.0,-1.0,1.0,shot_microstats,4054,0.511063142821655,0.09349007133582417,4.11986469055703,0.4931984820272183,-0.05987063895453448,4.472232359236392
2024,2025-03-09,2024021016,CAR,WPG,1.0,1.0,3.0,shot_microstats,4054,0.5990526521300377,0.5474146173738296,4.183508395266775,0.6501826228845382,0.653424897642854,4.588335342416664
2024,2025-03-09,2024021017,NYR,CBJ,0.0,-6.0,8.0,shot_microstats,4054,0.5304532750065877,0.17440051527943923,4.2790643392939,0.5385583786988303,0.07767114317584212,4.944910784110594
2024,2025-03-09,2024021018,VGK,LAK,0.0,-2.0,8.0,shot_microstats,4054,0.5057986095817293,0.05609246829247125,4.228718043570138,0.5737273666272528,0.23955522977491983,4.460399786148318
2024,2025-03-09,2024021019,VAN,DAL,0.0,-1.0,3.0,shot_microstats,4054,0.48684321559574384,-0.0285926445593849,4.145851266697928,0.4539181632883925,-0.2665992199466991,4.150529456477783
2024,2025-03-09,2024021020,ANA,NYI,1.0,1.0,3.0,shot_microstats,4054,0.4113781313054398,-0.42345433911396146,4.36480241351772,0.40745040962579027,-0.6123629856225897,4.671345572073769
2024,2025-03-10,2024021021,BUF,EDM,1.0,2.0,4.0,shot_microstats,4054,0.40075556664079615,-0.4851575951860614,4.44111685791794,0.3976677608426573,-0.5805470649820563,4.98967497715134
2024,2025-03-10,2024021022,OTT,DET,0.0,-1.0,1.0,shot_microstats,4054,0.5922680765896146,0.5267894991153456,3.992918834683647,0.6024553607164752,0.42133150036057,4.429668003270373
2024,2025-03-10,2024021023,COL,CHI,1.0,1.0,1.0,shot_microstats,4054,0.6875201620212502,1.0885998543599913,4.3900476408520355,0.7612534010226196,1.3735060971856874,5.0189749933382375
2024,2025-03-10,2024021024,UTA,TOR,1.0,1.0,3.0,shot_microstats,4054,0.5557718320339015,0.3115400824543336,4.207355267286096,0.5224148407412784,0.06345818984455076,4.582201679972833
2024,2025-03-11,2024021025,BOS,FLA,1.0,1.0,3.0,shot_microstats,4054,0.43374983280920437,-0.27662090423156194,4.033945602957087,0.3832649900719576,-0.6402276750878197,3.990725280519642
2024,2025-03-11,2024021027,PHI,OTT,0.0,-1.0,5.0,shot_microstats,4054,0.5422186275077322,0.26513261085619844,3.9701400674516316,0.4882079365720981,-0.03631553195009685,4.1678611416655515
2024,2025-03-11,2024021028,PIT,VGK,1.0,1.0,1.0,shot_microstats,4054,0.4346414551984825,-0.3188779529062365,4.46694882803712,0.4361539750085498,-0.484856827334325,4.763465740123197
2024,2025-03-11,2024021029,CAR,TBL,1.0,2.0,4.0,shot_microstats,4054,0.6019667468632509,0.5559284694753006,4.274360265954054,0.6028886187076742,0.3887028787674331,4.633944145239487
2024,2025-03-11,2024021031,WPG,NYR,1.0,1.0,1.0,shot_microstats,4054,0.5861739614466068,0.47585156141983276,4.185739779545511,0.5849630204109223,0.30601147662017536,4.338265563203687
2024,2025-03-11,2024021032,VAN,MTL,0.0,-2.0,4.0,shot_microstats,4054,0.5544781594773283,0.31703781804007103,4.081573844126379,0.488473598442813,-0.1102924509456561,4.3316978596733575
2024,2025-03-11,2024021033,ANA,WSH,0.0,-2.0,10.0,shot_microstats,4054,0.3859594783380676,-0.5551215275696741,4.3882221142860045,0.39947443413862804,-0.6410194361589644,4.594364735602008
2024,2025-03-11,2024021035,SJS,NSH,1.0,1.0,3.0,shot_microstats,4054,0.3807488559903887,-0.5728948240158565,4.300941642812462,0.35707613318244685,-0.8253608396812318,4.604668357611206
2024,2025-03-12,2024021036,DET,BUF,1.0,2.0,6.0,shot_microstats,4054,0.5059615428556092,0.06580931470879611,4.14302654789966,0.428716385687593,-0.43031851348135086,4.644718560442157
2024,2025-03-12,2024021037,CGY,VAN,0.0,-1.0,3.0,shot_microstats,4054,0.4909161342049439,0.0191323639759563,3.8839319623776523,0.5573560967030433,0.14018848879303836,4.278950883862432
2024,2025-03-12,2024021038,UTA,ANA,1.0,1.0,3.0,shot_microstats,4054,0.6641921816852824,0.9256740246676317,4.42044698184281,0.6279133910541935,0.6135347246810723,4.989489047099218
2024,2025-03-13,2024021040,TOR,FLA,1.0,1.0,3.0,shot_microstats,4054,0.444087925063088,-0.23314116592317613,4.102597167275201,0.435379382814078,-0.4156373450096187,4.288398263667205
2024,2025-03-13,2024021041,OTT,BOS,1.0,1.0,7.0,shot_microstats,4054,0.5433701487951214,0.27668015908415905,3.9134504583315866,0.6127502790800905,0.44437828960280457,4.245997990077879
2024,2025-03-13,2024021042,NJD,EDM,1.0,1.0,5.0,shot_microstats,4054,0.48395527988092174,-0.062439777842737076,4.331952313656021,0.4673156636029633,-0.22311878636488525,4.58737110644688
2024,2025-03-13,2024021043,PHI,TBL,1.0,1.0,5.0,shot_microstats,4054,0.5236995566346672,0.15421648777012337,4.142153863819906,0.4478840327585203,-0.2706661079777759,4.304784136909648
2024,2025-03-13,2024021044,PIT,STL,1.0,3.0,5.0,shot_microstats,4054,0.48411305011101363,-0.04812646201830406,4.203919296668084,0.4870515293374672,-0.2287240403379085,4.704804536332399
2024,2025-03-13,2024021045,CBJ,VGK,0.0,-2.0,2.0,shot_microstats,4054,0.403003145140795,-0.4713581613921649,4.4184365214801495,0.3537840873679733,-0.8502944950114275,4.696832504335325
2024,2025-03-13,2024021046,MIN,NYR,0.0,-2.0,2.0,shot_microstats,4054,0.5444775401620902,0.2639516840695304,4.097501463743013,0.47694445165209365,-0.13191964899151132,4.4469774238482636
2024,2025-03-13,2024021047,LAK,WSH,1.0,2.0,2.0,shot_microstats,4054,0.5695189019976383,0.3957243645029297,4.082926814456183,0.5783473067849499,0.29449677051950846,4.142532207192586
2024,2025-03-13,2024021048,SJS,CHI,1.0,1.0,3.0,shot_microstats,4054,0.5103900005501992,0.07332259211307901,4.282599178235201,0.5524296741873885,0.1080046199230581,4.948672914728608
2024,2025-03-14,2024021049,CAR,DET,1.0,1.0,5.0,shot_microstats,4054,0.6604145544661907,0.9104496007147794,4.279243203614744,0.6481568121444918,0.7018151319729274,4.8544064217121425
2024,2025-03-14,2024021051,WPG,DAL,1.0,3.0,5.0,shot_microstats,4054,0.5245724179830933,0.14829078614556046,4.243509251260572,0.5578485084350988,0.1452783445989121,4.268649929010425
2024,2025-03-14,2024021052,CGY,COL,0.0,-2.0,4.0,shot_microstats,4054,0.4010306960091368,-0.45427159911543646,4.165248419492026,0.3948419129241043,-0.6272831023240433,4.353949146602574
2024,2025-03-14,2024021053,ANA,NSH,1.0,2.0,2.0,shot_microstats,4054,0.3842922612711034,-0.5630971130712218,4.382203479660372,0.3645126954572148,-0.7990923207800624,4.659489585499454
2024,2025-03-14,2024021054,SEA,UTA,1.0,1.0,5.0,shot_microstats,4054,0.42277848922319883,-0.3499276350224413,4.210179396673752,0.3753161699228846,-0.6950695285284157,4.525227969409056
2024,2025-03-15,2024021055,BUF,VGK,0.0,-2.0,4.0,shot_microstats,4054,0.42382466504443933,-0.3625076249874924,4.375253149893499,0.39925787611898234,-0.5946081372628728,4.970491847796711
2024,2025-03-15,2024021056,PIT,NJD,1.0,3.0,5.0,shot_microstats,4054,0.4468070727996357,-0.23323473843436954,4.227340563495094,0.4346302450681841,-0.4168243844829984,4.5696541750865265
2024,2025-03-15,2024021057,SJS,WSH,0.0,-4.0,6.0,shot_microstats,4054,0.3763873973381137,-0.5993639337471411,4.335989351414348,0.38355443571303055,-0.7116687275445037,4.548374961570314
2024,2025-03-15,2024021058,BOS,TBL,0.0,-3.0,5.0,shot_microstats,4054,0.49946672452336927,0.03711136643307117,4.110882137432786,0.45759110615205334,-0.2672109449972887,4.173986697132525
2024,2025-03-15,2024021060,MTL,FLA,1.0,1.0,3.0,shot_microstats,4054,0.39396241728051223,-0.5039943912891888,4.293937811653015,0.3394371359917452,-0.8644880856517401,4.5840697585478285
2024,2025-03-15,2024021061,PHI,CAR,0.0,-4.0,4.0,shot_microstats,4054,0.43822994282038025,-0.2782782595825592,4.254243975590176,0.35618740023896056,-0.7077201580656435,4.262636182614118
2024,2025-03-15,2024021062,CBJ,NYR,0.0,-3.0,3.0,shot_microstats,4054,0.5045377102587607,0.04513932693183116,4.274035685136253,0.406067895528572,-0.5281319513288599,4.650926507861244
2024,2025-03-15,2024021063,MIN,STL,0.0,-3.0,5.0,shot_microstats,4054,0.4887098189474512,-0.0008138025762255974,3.9701033025043317,0.472198995177328,-0.20607800689638578,4.416322278600367
2024,2025-03-15,2024021065,VAN,CHI,1.0,5.0,7.0,shot_microstats,4054,0.6234212755675969,0.6981909724886349,4.056767144797622,0.6467614729398231,0.6975996940686875,4.453388616483129
2024,2025-03-16,2024021066,DET,VGK,1.0,3.0,3.0,shot_microstats,4054,0.4173057321894073,-0.39389732013394296,4.365564963737712,0.40235403602399317,-0.5890629938172561,4.726089199341578
2024,2025-03-16,2024021067,COL,DAL,0.0,-1.0,5.0,shot_microstats,4054,0.5697580346098108,0.3719752675580912,4.34917221707687,0.6103572678390251,0.4518625969639689,4.642886178884211
2024,2025-03-16,2024021068,STL,ANA,1.0,1.0,5.0,shot_microstats,4054,0.6438656812089593,0.8047800800402691,4.276468371018414,0.606933577798872,0.5177881717891148,4.760675646304972
2024,2025-03-16,2024021069,NYR,EDM,0.0,-1.0,3.0,shot_microstats,4054,0.3828274599706068,-0.5893611434589309,4.558240786493888,0.4117646443364484,-0.5886734301711452,5.0140759525707015
2024,2025-03-16,2024021070,NYI,FLA,1.0,2.0,4.0,shot_microstats,4054,0.4319375077234484,-0.2964605362263183,4.135051600281726,0.414062903519234,-0.537769819937075,4.394869803828562
2024,2025-03-16,2024021071,VAN,UTA,0.0,-2.0,2.0,shot_microstats,4054,0.4694851561223199,-0.10804563283533775,4.0947242312109555,0.4233542964885445,-0.42090352171021017,4.153537927007622
2024,2025-03-16,2024021072,SEA,WPG,0.0,-1.0,3.0,shot_microstats,4054,0.4489351518732876,-0.20562819310319663,4.06787379508068,0.4671394280001924,-0.2026756069049781,4.350350229904581
2024,2025-03-17,2024021073,BOS,BUF,1.0,1.0,3.0,shot_microstats,4054,0.5456542313612215,0.27429239714954445,4.05403657853643,0.45772882390138225,-0.27457909908956346,4.312802814304753
2024,2025-03-17,2024021075,CBJ,NJD,0.0,-1.0,3.0,shot_microstats,4054,0.42820997768172436,-0.31874099625378804,4.170756719129532,0.3649617766357394,-0.714307423152182,4.503919212816548
2024,2025-03-18,2024021080,PIT,NYI,0.0,-1.0,5.0,shot_microstats,4054,0.5029825978204469,0.03851294943981959,4.263665402705236,0.48579174618335447,-0.2122921309297785,4.588940897055329
2024,2025-03-18,2024021081,WSH,DET,1.0,3.0,5.0,shot_microstats,4054,0.5755518694891686,0.4194232812233677,4.1731554080858135,0.5774109477538928,0.3202662029881671,4.523747197337751
2024,2025-03-18,2024021082,NSH,STL,0.0,-2.0,4.0,shot_microstats,4054,0.5188371029418479,0.13505163519139005,4.0918634945609345,0.48795762661702446,-0.14152451441459746,4.6568699740333095
2024,2025-03-18,2024021083,DAL,ANA,1.0,1.0,3.0,shot_microstats,4054,0.6388628026364547,0.7581401298920145,4.482070303478698,0.6243836030512719,0.5640802440617257,4.956445863596162
2024,2025-03-18,2024021084,CHI,SEA,0.0,-5.0,7.0,shot_microstats,4054,0.4628092739571048,-0.15030770755044054,4.184688866709672,0.39073503670387066,-0.6066744684947432,4.304982383545501
2024,2025-03-18,2024021085,EDM,UTA,1.0,5.0,7.0,shot_microstats,4054,0.5425410236539719,0.22033873494417566,4.439536773905328,0.5236933955809621,0.0011819906858339113,4.722384598999763
2024,2025-03-18,2024021086,VAN,WPG,1.0,2.0,6.0,shot_microstats,4054,0.49202327798744483,0.01887782836265811,3.93734525024911,0.5077149975961434,0.02955192534655171,3.9472388067355832
2024,2025-03-19,2024021088,MIN,SEA,1.0,3.0,3.0,shot_microstats,4054,0.5525678200906183,0.3213791804384509,3.9370290699768757,0.5309097314883318,0.09848143624637329,4.227767544528434
2024,2025-03-20,2024021089,OTT,COL,0.0,-3.0,3.0,shot_microstats,4054,0.45753530070823273,-0.16627927810307108,4.093319275788945,0.48213881264432984,-0.2344414849848251,4.238720816987164
2024,2025-03-20,2024021091,NYR,TOR,0.0,-2.0,6.0,shot_microstats,4054,0.46728192202545704,-0.136983928715181,4.264556406654918,0.4666506948125155,-0.26261401392970196,4.763048922653628
2024,2025-03-20,2024021092,WSH,PHI,1.0,2.0,4.0,shot_microstats,4054,0.520208457101944,0.13567254831864917,4.1525281139952055,0.5757178668934102,0.2315699612388178,4.551791358189571
2024,2025-03-20,2024021094,NYI,MTL,0.0,-1.0,3.0,shot_microstats,4054,0.5463147173558915,0.25350758583101135,4.29943658208695,0.5106430828553529,-0.06987983909598572,4.949037775367834
2024,2025-03-20,2024021095,STL,VAN,1.0,1.0,5.0,shot_microstats,4054,0.5571072201623428,0.3471653393733788,3.9130661981161707,0.5894359276799158,0.35719614458357196,4.318104709622929
2024,2025-03-20,2024021096,NSH,ANA,0.0,-3.0,3.0,shot_microstats,4054,0.6420466734220689,0.7919878429980185,4.295543823309314,0.5883638647907715,0.4354756057883846,4.839752878104439
2024,2025-03-20,2024021097,DAL,TBL,0.0,-1.0,3.0,shot_microstats,4054,0.5039806788703262,0.03496486227428423,4.345536754742757,0.4920660252452873,-0.13752708954720277,4.561341958790979
2024,2025-03-20,2024021098,CHI,LAK,0.0,-2.0,2.0,shot_microstats,4054,0.3444726183200381,-0.7589479043321081,4.212011058718321,0.31406975581418595,-0.9943870704144484,4.23134103974947
2024,2025-03-20,2024021100,UTA,BUF,1.0,3.0,3.0,shot_microstats,4054,0.593445222915012,0.5130047286052533,4.218571072190036,0.5176981486161308,-0.0009575834075957745,4.764645197527897
2024,2025-03-20,2024021101,VGK,BOS,1.0,3.0,5.0,shot_microstats,4054,0.5799600935805463,0.4401592772452084,4.206024142251658,0.6212989580035106,0.5160877759079827,4.615911336263222
2024,2025-03-20,2024021102,SJS,CAR,0.0,-3.0,3.0,shot_microstats,4054,0.2992501399309584,-1.0459082968950661,4.41935085723827,0.27437702145919896,-1.282086414813294,4.486565112619473
2024,2025-03-21,2024021103,PIT,CBJ,1.0,2.0,8.0,shot_microstats,4054,0.5330963372485628,0.19030314873223353,4.254179246065389,0.5253369365726575,0.01595103674878251,4.710244168089271
2024,2025-03-22,2024021104,NYR,VAN,1.0,1.0,7.0,shot_microstats,4054,0.4875045436937654,-0.01930308203125755,4.088752140875094,0.5558816752881554,0.10158798760095433,4.706511245257074
2024,2025-03-22,2024021105,DAL,PHI,1.0,1.0,3.0,shot_microstats,4054,0.5053209576233914,0.052194856117398214,4.243460136006312,0.5294643507893237,0.019242055262915114,4.724222287453846
2024,2025-03-22,2024021106,MIN,BUF,1.0,2.0,2.0,shot_microstats,4054,0.5390369132539095,0.24596892652125268,4.000001334156681,0.45005824722517845,-0.2825545915385065,4.381654214562784
2024,2025-03-22,2024021107,STL,CHI,1.0,4.0,4.0,shot_microstats,4054,0.6483507992208464,0.8395980786718911,4.187690618444142,0.6713841045109251,0.8327906992475507,4.85733414437203
2024,2025-03-22,2024021109,LAK,CAR,1.0,4.0,8.0,shot_microstats,4054,0.48801851959595804,-0.021963482300374426,4.137662296388665,0.4638578299553255,-0.23122232018749267,4.067572994340499
2024,2025-03-22,2024021110,WSH,FLA,1.0,1.0,7.0,shot_microstats,4054,0.467383596672811,-0.12424563773528541,4.150129216348093,0.48044422810964027,-0.21828730397548296,4.183429208376685
2024,2025-03-22,2024021111,UTA,TBL,1.0,2.0,8.0,shot_microstats,4054,0.52743602839389,0.1598830129631374,4.271640474800468,0.5006672644651785,-0.09452337041147152,4.5960749434064905
2024,2025-03-22,2024021112,MTL,COL,1.0,1.0,7.0,shot_microstats,4054,0.40334698828253496,-0.46878082041970215,4.410598926063396,0.3488045830699326,-0.8099169447732563,4.756050109292654
2024,2025-03-22,2024021113,NJD,OTT,0.0,-2.0,2.0,shot_microstats,4054,0.5618634423163683,0.3695592555589452,3.936628398580613,0.5410631701179042,0.21074914987211701,4.221558633837556
2024,2025-03-22,2024021114,NSH,TOR,1.0,2.0,4.0,shot_microstats,4054,0.5192161845510588,0.13436351140555436,4.116956871922956,0.4620024049580218,-0.19180849236337383,4.486386808737318
2024,2025-03-22,2024021115,VGK,DET,1.0,2.0,4.0,shot_microstats,4054,0.6047656229306857,0.5683209459653756,4.315418256472663,0.5955700782756771,0.41024549887714584,4.7938915061387455
2024,2025-03-22,2024021117,SJS,BOS,1.0,1.0,3.0,shot_microstats,4054,0.41300081455521304,-0.3941054785678876,4.167206471338387,0.4365375420579339,-0.41078683604872235,4.560131562377299
2024,2025-03-23,2024021118,CHI,PHI,1.0,1.0,9.0,shot_microstats,4054,0.38011938314960864,-0.5700070468402166,4.242375485377038,0.33038550894823615,-0.9273292178586372,4.5216398966325215
2024,2025-03-23,2024021120,FLA,PIT,1.0,1.0,3.0,shot_microstats,4054,0.6182480389083084,0.658908081266109,4.164471103106536,0.6182075993089561,0.5616543862092667,4.702023928062328
2024,2025-03-23,2024021121,STL,NSH,1.0,2.0,2.0,shot_microstats,4054,0.5378110883899685,0.2335633216128723,4.061516149568299,0.4972433882786559,-0.04628083935872096,4.357929816695441
2024,2025-03-23,2024021122,VGK,TBL,1.0,1.0,3.0,shot_microstats,4054,0.5427017605121246,0.23070931285514748,4.34197836022741,0.5459508251918254,0.10803068350561101,4.584497618418528
2024,2025-03-23,2024021123,ANA,CAR,0.0,-1.0,5.0,shot_microstats,4054,0.300469024938361,-1.0463360299137188,4.505611601996703,0.2822337505614579,-1.2558576065722984,4.55110437122778
2024,2025-03-23,2024021124,LAK,BOS,1.0,6.0,8.0,shot_microstats,4054,0.6108094593257009,0.6367750279286153,3.9213419799316664,0.6365710069861447,0.6366018305828482,4.190937659104612
2024,2025-03-24,2024021126,NYI,CBJ,1.0,1.0,5.0,shot_microstats,4054,0.5509441416879135,0.2856217703532381,4.215809538644167,0.5475104530600424,0.1443464185487101,4.8026057033962015
2024,2025-03-24,2024021127,DAL,MIN,1.0,1.0,1.0,shot_microstats,4054,0.5537927961966603,0.3088298080269835,4.129255395657172,0.5610932374704657,0.21087406552285345,4.529721744001284
2024,2025-03-24,2024021128,UTA,DET,0.0,-4.0,4.0,shot_microstats,4054,0.5976953697432208,0.5344759770866315,4.244159256826962,0.564073788188782,0.2661073464856447,4.803638201949713
2024,2025-03-25,2024021129,BUF,OTT,1.0,3.0,3.0,shot_microstats,4054,0.4798672522538638,-0.04689666655623376,3.9970027826147243,0.47181691880165255,-0.14728384854009025,4.558037731882232
2024,2025-03-25,2024021130,TOR,PHI,1.0,4.0,8.0,shot_microstats,4054,0.4986120483094097,0.0372446093965747,4.069551780787741,0.5318507717306218,0.04445032861371345,4.633713839084784
2024,2025-03-25,2024021131,TBL,PIT,1.0,4.0,6.0,shot_microstats,4054,0.5739756672217715,0.40191713634599885,4.270418679148566,0.6160271200595709,0.5032480054108018,4.745247757257837
2024,2025-03-25,2024021132,CAR,NSH,0.0,-2.0,2.0,shot_microstats,4054,0.6111951016402993,0.612172907595556,4.233524505521407,0.6046076179184184,0.4220341961419686,4.678012840465199
2024,2025-03-25,2024021133,STL,MTL,1.0,3.0,5.0,shot_microstats,4054,0.5737631424144631,0.4052177347821541,4.222612915545327,0.51566910496766,0.0123304870933022,4.743165742430311
2024,2025-03-25,2024021134,MIN,VGK,0.0,-2.0,4.0,shot_microstats,4054,0.43818781005646923,-0.2753457241170671,4.225105553850681,0.41524874914791554,-0.4930112339070878,4.482282749142342
2024,2025-03-25,2024021136,COL,DET,1.0,1.0,3.0,shot_microstats,4054,0.6249324055222281,0.6939142047516419,4.21795358244053,0.6470584155474934,0.7012793669421167,4.705465740520076
2024,2025-03-25,2024021137,CGY,SEA,1.0,1.0,3.0,shot_microstats,4054,0.5291344058664154,0.197250266454765,3.9876753982671564,0.5359536881062249,0.0577161671577503,4.3560165142845575
2024,2025-03-25,2024021138,LAK,NYR,0.0,-1.0,1.0,shot_microstats,4054,0.6446067043482939,0.8186943341113428,4.1537713441599715,0.6049543345025187,0.4882114120172119,4.418413302749994
2024,2025-03-26,2024021139,NYI,VAN,0.0,-4.0,4.0,shot_microstats,4054,0.5226299907576881,0.16151304321944063,4.0186189660615526,0.5707856264346042,0.20898215534278963,4.566600852434753
2024,2025-03-26,2024021141,EDM,DAL,0.0,-3.0,3.0,shot_microstats,4054,0.578421371189278,0.4035837943495799,4.516159985026835,0.5730068041833322,0.2528554113731617,4.7614184733336495
2024,2025-03-26,2024021142,ANA,BOS,1.0,4.0,6.0,shot_microstats,4054,0.4267733154943205,-0.3344822566418554,4.250838506540621,0.45979548336765946,-0.3191826863085453,4.6500829856622365
2024,2025-03-27,2024021143,BUF,PIT,1.0,3.0,9.0,shot_microstats,4054,0.5078211848235317,0.06710559267795407,4.219232054115938,0.4967332956797128,-0.0687551657305856,4.938688326500838
2024,2025-03-27,2024021144,DET,OTT,0.0,-2.0,6.0,shot_microstats,4054,0.48424441628129933,-0.027997415437109652,4.0203739111324595,0.4734604212305187,-0.15266956864373427,4.332125613334691
2024,2025-03-27,2024021145,TBL,UTA,1.0,7.0,7.0,shot_microstats,4054,0.5015332189816729,0.02948015608881715,4.281536223028942,0.5145142733432075,-0.015052625691627797,4.677450636535968
2024,2025-03-27,2024021146,PHI,MTL,1.0,2.0,8.0,shot_microstats,4054,0.5882212548641024,0.48404062940650433,4.219440387768017,0.48019656309248454,-0.1091713266136145,4.678718039016693
2024,2025-03-27,2024021147,NSH,STL,0.0,-2.0,4.0,shot_microstats,4054,0.5120628829184489,0.10544684648643854,4.052412694802642,0.4805160048731305,-0.1683066087541385,4.571341079943846
2024,2025-03-27,2024021149,COL,LAK,1.0,2.0,2.0,shot_microstats,4054,0.5149545852808338,0.11453399990260044,4.103311533131192,0.6037972477842736,0.40815025526605325,4.394298701869842
2024,2025-03-27,2024021150,CGY,DAL,0.0,-3.0,5.0,shot_microstats,4054,0.45976041724009964,-0.1697775489148624,4.227196091609281,0.46459194558665046,-0.28183254269382674,4.537622317139669
2024,2025-03-27,2024021151,SEA,EDM,1.0,4.0,6.0,shot_microstats,4054,0.3706342293049883,-0.6384275840158019,4.419854150182977,0.3624221044209135,-0.7771656692085219,4.677605952669804
2024,2025-03-27,2024021152,SJS,TOR,1.0,2.0,4.0,shot_microstats,4054,0.39574722428077524,-0.4906541351326258,4.254279041464017,0.38016965141744863,-0.6795860616207559,4.55548802620788
2024,2025-03-28,2024021154,CAR,MTL,1.0,1.0,3.0,shot_microstats,4054,0.655041123460564,0.862707170574685,4.460099401203064,0.6223901016284368,0.5184385230926903,5.1012042080547175
2024,2025-03-28,2024021155,CBJ,VAN,1.0,3.0,7.0,shot_microstats,4054,0.4860370778316821,-0.022412330417809545,4.050331138404296,0.478780010998744,-0.2120279915998039,4.507257979427826
2024,2025-03-28,2024021156,WPG,NJD,1.0,3.0,3.0,shot_microstats,4054,0.5174409894264979,0.13328040688897258,4.041572368242518,0.5379678964753198,0.08658697990190511,4.182753623262322
2024,2025-03-28,2024021157,CHI,VGK,0.0,-1.0,5.0,shot_microstats,4054,0.3408369790085518,-0.8080728662658639,4.497422318457469,0.27509563288366606,-1.262800503185564,4.575503324883208
2024,2025-03-28,2024021158,ANA,NYR,1.0,1.0,5.0,shot_microstats,4054,0.45850647817915774,-0.19824715795575884,4.435587754128522,0.4230166084153804,-0.5108249628578144,4.8434129859444015
2024,2025-03-29,2024021159,PHI,BUF,1.0,3.0,7.0,shot_microstats,4054,0.5939766234310587,0.5305987496191609,4.054849907369292,0.47300945873943717,-0.13714289665867563,4.459644777824614
2024,2025-03-29,2024021160,TBL,NYI,1.0,1.0,5.0,shot_microstats,4054,0.5566829454555262,0.31488534762171033,4.221968003561224,0.5725679250297548,0.2584436190161624,4.623655109581371
2024,2025-03-29,2024021162,MIN,NJD,0.0,-1.0,5.0,shot_microstats,4054,0.4636463816110223,-0.12435657231417524,3.9810409522740313,0.42693158346781857,-0.36291206362284467,4.272741060622219
2024,2025-03-29,2024021163,NSH,VGK,0.0,-1.0,1.0,shot_microstats,4054,0.4634187248928704,-0.16063957702249648,4.308982926224234,0.4294017923300317,-0.4316966526599486,4.66260331489342
2024,2025-03-29,2024021165,LAK,TOR,1.0,1.0,1.0,shot_microstats,4054,0.601447595647033,0.5760276890832832,4.011459975470126,0.5859126842614488,0.3915426946308115,4.1861446961296656
2024,2025-03-29,2024021166,DET,BOS,1.0,1.0,1.0,shot_microstats,4054,0.50900497105058,0.08879562992666708,4.066889216181513,0.5145877407625498,0.012376951605740816,4.55620579216894
2024,2025-03-29,2024021168,SJS,NYR,0.0,-4.0,4.0,shot_microstats,4054,0.4493766705023173,-0.23209738983595696,4.333914502312303,0.4081863636928425,-0.5663661752312337,4.729064445881352
2024,2025-03-29,2024021169,SEA,DAL,0.0,-1.0,3.0,shot_microstats,4054,0.4597009912688595,-0.1756903432771974,4.279616444926528,0.4387511970074987,-0.38267121142491844,4.591016001834072
2024,2025-03-30,2024021170,FLA,MTL,1.0,1.0,3.0,shot_microstats,4054,0.6282063592761803,0.7144132169811207,4.206124562132279,0.5747791473830707,0.33039023048417726,4.865859822704045
2024,2025-03-30,2024021171,WSH,BUF,0.0,-1.0,7.0,shot_microstats,4054,0.5771690263437991,0.4285608202539869,4.168401426456333,0.5552504159266831,0.15067643350760734,4.540133464337769
2024,2025-03-30,2024021172,WPG,VAN,1.0,2.0,4.0,shot_microstats,4054,0.5636671269930228,0.379774377398599,3.9283686204062502,0.6406939748452644,0.5466586558769853,4.128116636033953
2024,2025-03-30,2024021173,CHI,UTA,0.0,-3.0,7.0,shot_microstats,4054,0.3617008826683181,-0.6831469328387387,4.392751555612404,0.28420707813066715,-1.1706789179801482,4.491189745926959
2024,2025-03-30,2024021175,CAR,NYI,1.0,1.0,7.0,shot_microstats,4054,0.6180757979948491,0.6453138664382045,4.316752973566224,0.6159716666595486,0.4526466426020114,4.778827293579101
2024,2025-03-30,2024021176,ANA,TOR,0.0,-2.0,4.0,shot_microstats,4054,0.41113705084250435,-0.42205310609148483,4.340509336068572,0.4005533331771422,-0.5899028008332712,4.646487384474932
2024,2025-03-30,2024021177,LAK,SJS,1.0,5.0,7.0,shot_microstats,4054,0.7005878776788096,1.195767559290149,4.185016954533943,0.7038138533170694,1.058837762918954,4.520161671057443
2024,2025-03-31,2024021179,PHI,NSH,1.0,1.0,3.0,shot_microstats,4054,0.5504253995136204,0.2999793068689856,4.042043322566907,0.47200160769925054,-0.12568675946013863,4.319367574531386
2024,2025-03-31,2024021181,SEA,DAL,0.0,-1.0,3.0,shot_microstats,4054,0.46620910718587333,-0.14295671905081292,4.27132729886568,0.44169729339197306,-0.3627451696947084,4.586717188798443
2024,2025-04-01,2024021184,OTT,BUF,0.0,-1.0,5.0,shot_microstats,4054,0.5737413637955375,0.4294442897285763,3.9637652689207465,0.5559583246867634,0.13949640903199978,4.388720352143761
2024,2025-04-01,2024021185,CBJ,NSH,1.0,2.0,10.0,shot_microstats,4054,0.47982213279570635,-0.06634684157376061,4.177536103553996,0.4093254569852362,-0.5090297529757744,4.57059403448194
2024,2025-04-01,2024021186,NYI,TBL,0.0,-3.0,3.0,shot_microstats,4054,0.48396898678199607,-0.055912932443153374,4.27081417882644,0.463449787169605,-0.2876083379843808,4.635500197480416
2024,2025-04-01,2024021187,STL,DET,0.0,-1.0,1.0,shot_microstats,4054,0.5801841365608701,0.4535859037496877,4.073847530072137,0.5316535090005563,0.15648636854616238,4.5307144169570694
2024,2025-04-01,2024021188,UTA,CGY,1.0,1.0,3.0,shot_microstats,4054,0.6018913657288532,0.5672577284808474,4.139228493766831,0.587487125424161,0.34175803921241543,4.516773413758159
2024,2025-04-01,2024021191,LAK,WPG,1.0,2.0,4.0,shot_microstats,4054,0.5618401291749181,0.3661734969108897,3.9702042922523555,0.6105340870300795,0.4821527244494248,4.137821793041145
2024,2025-04-02,2024021192,NYR,MIN,1.0,2.0,6.0,shot_microstats,4054,0.49139953910389367,-0.002142713824882264,4.107054314399272,0.5086577360752303,-0.09252947153568303,4.716169284425541
2024,2025-04-02,2024021193,CAR,WSH,1.0,2.0,2.0,shot_microstats,4054,0.5995775820778166,0.5413055555587057,4.287228823888268,0.6232389577052422,0.48481252687505694,4.646216378343496
2024,2025-04-02,2024021194,TOR,FLA,1.0,2.0,4.0,shot_microstats,4054,0.45050735045882645,-0.19905533426861027,4.078351827433194,0.4413218860095257,-0.37693270454729144,4.2644992725109745
2024,2025-04-02,2024021196,VAN,SEA,0.0,-4.0,4.0,shot_microstats,4054,0.5676916924246933,0.4018133440486638,3.918511979597343,0.5364278591964196,0.12818047822237905,3.9983731531128557
2024,2025-04-03,2024021197,MTL,BOS,1.0,2.0,4.0,shot_microstats,4054,0.5017560152155396,0.039006931024076825,4.20069119776936,0.49375966658290815,-0.060325385379703556,4.80139634553628
2024,2025-04-03,2024021199,CBJ,COL,0.0,-3.0,9.0,shot_microstats,4054,0.4081745820599364,-0.43556426280632365,4.327771172256075,0.3357334874210701,-0.9169367112029871,4.581227256831375
2024,2025-04-03,2024021200,STL,PIT,1.0,2.0,6.0,shot_microstats,4054,0.5745798370918955,0.41591138825445323,4.154906979765463,0.5607418419201179,0.26381677486035005,4.579663424267921
2024,2025-04-03,2024021201,DAL,NSH,1.0,4.0,6.0,shot_microstats,4054,0.5181608316180899,0.11392041785553178,4.264996599262279,0.4981466940817205,-0.08157010587148267,4.573329524701928
2024,2025-04-03,2024021202,UTA,LAK,1.0,1.0,1.0,shot_microstats,4054,0.4984964021850033,0.029806025418731855,4.1349615902572285,0.5270478207167305,0.035648453561107685,4.446407458951074
2024,2025-04-03,2024021203,CGY,ANA,1.0,1.0,3.0,shot_microstats,4054,0.5802310875319019,0.4430537756640008,4.190516303031243,0.5580127173305663,0.19590233585459038,4.684051489481226
2024,2025-04-03,2024021204,VGK,WPG,0.0,-2.0,2.0,shot_microstats,4054,0.5392128863715238,0.22304540837960066,4.238292816566165,0.605629765227598,0.423132747733163,4.53423849789197
2024,2025-04-04,2024021206,DET,CAR,1.0,1.0,7.0,shot_microstats,4054,0.3728812611189612,-0.6181477017379323,4.339459936384171,0.32747849652818284,-0.9176543299115049,4.4630617796083065
2024,2025-04-04,2024021207,WSH,CHI,0.0,-1.0,5.0,shot_microstats,4054,0.6510240609160751,0.8482262689254957,4.3005218875550835,0.7197956582281053,1.0484476521707322,4.867707897487395
2024,2025-04-04,2024021208,NYI,MIN,1.0,1.0,3.0,shot_microstats,4054,0.549206428562313,0.29391792436705544,4.039909640420886,0.5546259541578703,0.16028181352902304,4.601769648928791
2024,2025-04-05,2024021209,NJD,NYR,1.0,1.0,1.0,shot_microstats,4054,0.5982174795270615,0.5429377122445064,4.181177185650245,0.5323939036683247,0.13751718796359735,4.604576991465295
2024,2025-04-05,2024021210,OTT,FLA,1.0,1.0,1.0,shot_microstats,4054,0.45816262422214843,-0.14882973613879824,3.9596165895263264,0.4757043324342659,-0.2534563688078172,4.071967626924224
2024,2025-04-05,2024021211,DAL,PIT,0.0,-1.0,5.0,shot_microstats,4054,0.5481322887697992,0.25524737449264545,4.3782583451127115,0.5605314843028005,0.2088152113251782,4.759884458983174
2024,2025-04-05,2024021212,VAN,ANA,1.0,2.0,6.0,shot_microstats,4054,0.6218634754897746,0.682611360382526,4.1342497790799015,0.5687768423536859,0.33330678334435354,4.345621749618653
2024,2025-04-05,2024021213,LAK,EDM,1.0,2.0,2.0,shot_microstats,4054,0.4979808871454377,0.015385884315108442,4.248372926414689,0.5096743415091195,-0.05475708334739149,4.3744382609659
2024,2025-04-05,2024021214,BOS,CAR,1.0,4.0,6.0,shot_microstats,4054,0.3890816216685775,-0.5218889571919575,4.22661239299595,0.3298789980325603,-0.8810213315305367,4.112984951440662
2024,2025-04-05,2024021215,BUF,TBL,0.0,-1.0,3.0,shot_microstats,4054,0.4440824166099671,-0.24583750275936994,4.220194276314981,0.39968110612574764,-0.5424366302778122,4.760618333308454
2024,2025-04-05,2024021216,TOR,CBJ,1.0,3.0,3.0,shot_microstats,4054,0.5528103038912798,0.29917914801004475,4.1759807500156905,0.5598562540815124,0.2170170648258848,4.674216829049478
2024,2025-04-05,2024021217,MTL,PHI,1.0,1.0,3.0,shot_microstats,4054,0.448033530272206,-0.23474834042710685,4.297306083276968,0.4320659079974789,-0.40023160285881954,4.96644767522142
2024,2025-04-05,2024021219,UTA,WPG,1.0,1.0,1.0,shot_microstats,4054,0.5318806623834931,0.1921481864956911,4.174458048437607,0.5720109407352004,0.2735528963479582,4.539736156382531
2024,2025-04-05,2024021221,SJS,SEA,0.0,-4.0,6.0,shot_microstats,4054,0.4516065025510667,-0.20312944406055683,4.166199414433618,0.4437668649342983,-0.41225246304996443,4.460808247462933
2024,2025-04-06,2024021222,NYI,WSH,1.0,4.0,4.0,shot_microstats,4054,0.4949015533978367,-0.0012126187150301865,4.2618641623008235,0.5045442227937343,-0.10116005457967814,4.608381581133122
2024,2025-04-06,2024021224,OTT,CBJ,1.0,3.0,3.0,shot_microstats,4054,0.5585100462746633,0.34186962767513707,4.041696938700223,0.591553982899366,0.33397900077820386,4.475440899743476
2024,2025-04-06,2024021225,DET,FLA,1.0,1.0,1.0,shot_microstats,4054,0.40765429447976026,-0.4189789788514634,4.148524678790083,0.36254397154359486,-0.7549207809425091,4.320576983522071
2024,2025-04-06,2024021226,BUF,BOS,1.0,3.0,7.0,shot_microstats,4054,0.5073750170309813,0.08230334683411034,4.051841150640172,0.5126160624399503,0.024189454796096133,4.782689573618687
2024,2025-04-06,2024021227,CHI,PIT,1.0,1.0,1.0,shot_microstats,4054,0.4257103057058179,-0.3534094815981706,4.377620558651304,0.36847443259685964,-0.7022071945571043,4.5560241790805085
2024,2025-04-06,2024021228,NSH,MTL,0.0,-1.0,3.0,shot_microstats,4054,0.5424766685032192,0.23720406724394935,4.264170182795325,0.4616371165074865,-0.24933810413334934,4.836230169192917
2024,2025-04-06,2024021229,VAN,VGK,0.0,-1.0,5.0,shot_microstats,4054,0.4481659872464044,-0.22022123299758245,4.168370043192142,0.41292114292973503,-0.49084435364989376,4.247425280335669
2024,2025-04-07,2024021230,NYR,TBL,0.0,-1.0,1.0,shot_microstats,4054,0.43538890320428053,-0.30046117966454683,4.33022257713008,0.4164052350225565,-0.5379597279493215,4.766050080092222
2024,2025-04-07,2024021231,WPG,STL,1.0,1.0,3.0,shot_microstats,4054,0.5438064288724259,0.26936613808566073,4.0086634756370225,0.5687038563401036,0.19520597161241526,4.2436456869295
2024,2025-04-07,2024021232,ANA,EDM,1.0,2.0,4.0,shot_microstats,4054,0.3210008092717934,-0.9347418392182041,4.631316150877398,0.34091078337020037,-0.9666208700123433,4.8854833349555555
2024,2025-04-07,2024021234,SJS,CGY,0.0,-1.0,3.0,shot_microstats,4054,0.4472073391739607,-0.22131428957848676,4.134875469954548,0.43231273379466106,-0.4599813948946694,4.411574840369693
2024,2025-04-08,2024021235,BUF,CAR,1.0,2.0,2.0,shot_microstats,4054,0.37315921139781455,-0.6163252561318968,4.336040997336278,0.3282294061079036,-0.8933870951316292,4.692683321312725
2024,2025-04-08,2024021236,MTL,DET,1.0,1.0,3.0,shot_microstats,4054,0.5150738094832218,0.09470921892796055,4.301837103239546,0.45313838877318846,-0.22836386886464688,4.921963560312094
2024,2025-04-08,2024021237,FLA,TOR,1.0,1.0,3.0,shot_microstats,4054,0.6030738710344662,0.583395995362469,4.031295281773531,0.5733473126502768,0.35475551300124974,4.516270182877808
2024,2025-04-08,2024021238,NJD,BOS,0.0,-6.0,8.0,shot_microstats,4054,0.5818957345302291,0.46991241226340497,3.99753112444622,0.5873261971666068,0.40084843426308725,4.458886832317251
2024,2025-04-08,2024021239,CBJ,OTT,1.0,3.0,5.0,shot_microstats,4054,0.49039060296624326,-0.002205619872160447,4.060852326644277,0.43666527331483457,-0.3426679642633993,4.37870172327334
2024,2025-04-08,2024021240,PIT,CHI,1.0,4.0,4.0,shot_microstats,4054,0.5992864903768496,0.5365056463775493,4.323615884292128,0.6436132152147056,0.5631535212954031,4.966168496709036
2024,2025-04-08,2024021241,NSH,NYI,0.0,-2.0,8.0,shot_microstats,4054,0.5133454711004724,0.09961262819944876,4.170300569453251,0.46818578644176945,-0.22506116386253439,4.571441779606184
2024,2025-04-08,2024021243,UTA,SEA,1.0,3.0,3.0,shot_microstats,4054,0.6070598504530413,0.5923437809251157,4.187816932150449,0.5874831103558447,0.3400119296080298,4.5892471732920175
2024,2025-04-09,2024021245,TBL,TOR,0.0,-1.0,3.0,shot_microstats,4054,0.5509046962552104,0.29199564598874417,4.148466570405577,0.5648934615665189,0.2731652114121463,4.593832395917049
2024,2025-04-09,2024021246,NYR,PHI,0.0,-2.0,8.0,shot_microstats,4054,0.44572123860719476,-0.23835230622963488,4.225389123226634,0.46631164478811726,-0.31225151813929775,4.915095637651749
2024,2025-04-09,2024021247,MIN,SJS,0.0,-2.0,10.0,shot_microstats,4054,0.6170262926291661,0.6623247060807674,4.0391930912420575,0.5851526458723861,0.41134993957647475,4.4649222079487965
2024,2025-04-09,2024021248,EDM,STL,1.0,1.0,5.0,shot_microstats,4054,0.5839973209147232,0.4560682609119318,4.272551281125926,0.5822843696047558,0.2826777700100055,4.713707258534697
2024,2025-04-10,2024021250,BOS,CHI,0.0,-2.0,6.0,shot_microstats,4054,0.6066714372983603,0.59366903714674,4.1467336967810775,0.6145734902762252,0.49693313363471886,4.620090882011643
2024,2025-04-10,2024021251,FLA,DET,1.0,2.0,4.0,shot_microstats,4054,0.6300209775226416,0.7363204407497839,4.069227963726931,0.5959717598616626,0.4824642398572283,4.652579793508694
2024,2025-04-10,2024021252,WSH,CAR,0.0,-1.0,5.0,shot_microstats,4054,0.4297647013645642,-0.33180611657491416,4.363417645690923,0.44003036270188184,-0.3853827848493522,4.342094802526103
2024,2025-04-10,2024021254,NYI,NYR,0.0,-7.0,9.0,shot_microstats,4054,0.5631148875185396,0.343217776339622,4.279108690830135,0.521972874378817,0.01743972015801476,4.790602804047259
2024,2025-04-10,2024021255,DAL,WPG,0.0,-4.0,4.0,shot_microstats,4054,0.47224908077755395,-0.11236689812288306,4.261643341815821,0.5222400891996171,0.027896857939402386,4.507512154163605
2024,2025-04-10,2024021256,COL,VAN,0.0,-2.0,4.0,shot_microstats,4054,0.610426585121738,0.6238925499948612,4.044642852179577,0.6946522895776432,0.8778956876266164,4.522101726766091
2024,2025-04-10,2024021257,UTA,NSH,1.0,2.0,4.0,shot_microstats,4054,0.5722663957599077,0.39954432676813095,4.197528147214626,0.534903279843006,0.10843308509834493,4.597671255331993
2024,2025-04-10,2024021258,VGK,SEA,1.0,1.0,3.0,shot_microstats,4054,0.6199743418904852,0.6635784960059965,4.230302723909743,0.621284044039468,0.5102559121213281,4.576986510404585
2024,2025-04-10,2024021259,LAK,ANA,1.0,2.0,4.0,shot_microstats,4054,0.6815394127007645,1.0557576518553677,4.238931611280254,0.6587077107538963,0.7929339541501377,4.5627621546214705
2024,2025-04-11,2024021260,OTT,MTL,1.0,2.0,6.0,shot_microstats,4054,0.5536410404321341,0.30766015774108324,4.1331775666388255,0.546041346935079,0.08887020069364615,4.633483069350918
2024,2025-04-11,2024021263,EDM,SJS,0.0,-1.0,3.0,shot_microstats,4054,0.6986928760593517,1.161989420236838,4.534585738274908,0.6946332542224856,0.9966859437436062,4.942403685250158
2024,2025-04-11,2024021264,CGY,MIN,1.0,3.0,3.0,shot_microstats,4054,0.514553075153846,0.13092792484263022,3.9259884858860867,0.520250861243824,0.0020114718792476616,4.3960675562504115
2024,2025-04-12,2024021265,PHI,NYI,1.0,1.0,3.0,shot_microstats,4054,0.5405592416904302,0.23856600225748986,4.151351163531876,0.4664736429127592,-0.19625751678984904,4.4178370626363215
2024,2025-04-12,2024021266,CAR,NYR,1.0,3.0,7.0,shot_microstats,4054,0.6564878394110747,0.8765364470987282,4.397128290925118,0.6302281553167106,0.5816883292943575,4.928817341644529
2024,2025-04-12,2024021267,LAK,COL,1.0,2.0,6.0,shot_microstats,4054,0.5115072030731974,0.10161216526330638,4.062813787238989,0.48550812764901446,-0.15983202325174783,4.130978357708756
2024,2025-04-12,2024021268,FLA,BUF,1.0,2.0,2.0,shot_microstats,4054,0.635946983484788,0.7727427491753218,4.060187472106457,0.5628223335365543,0.28625335481382486,4.644499262925963
2024,2025-04-12,2024021270,CBJ,WSH,1.0,7.0,7.0,shot_microstats,4054,0.45175991325014636,-0.21781525152542142,4.309749686025544,0.41599406009961,-0.5173285790066786,4.584115700074271
2024,2025-04-12,2024021271,CHI,WPG,0.0,-1.0,5.0,shot_microstats,4054,0.3612787721957729,-0.672500321285809,4.267951765775624,0.34159433719463095,-0.8328764479748673,4.329985077432156
2024,2025-04-13,2024021277,NJD,NYI,0.0,-1.0,1.0,shot_microstats,4054,0.5399204597380916,0.23680821092631849,4.136287034567744,0.5031271271764195,-0.05306340175864932,4.491582495233895
2024,2025-04-13,2024021278,PIT,BOS,0.0,-1.0,1.0,shot_microstats,4054,0.5139786996414452,0.10592297117990408,4.139688310918757,0.5537488185735647,0.12933063192566374,4.547702298997248
2024,2025-04-13,2024021279,CAR,TOR,0.0,-4.0,4.0,shot_microstats,4054,0.6219430730416706,0.6750728397262832,4.231688873509492,0.6198475939561804,0.5212762884617332,4.724235554035873
2024,2025-04-13,2024021280,TBL,BUF,1.0,3.0,9.0,shot_microstats,4054,0.5724316949139198,0.40295474717900576,4.170552000990902,0.5410537254075412,0.12682377388334398,4.715559148512768
2024,2025-04-13,2024021281,WSH,CBJ,0.0,-2.0,4.0,shot_microstats,4054,0.5740180241582862,0.40042372053789765,4.28899742904012,0.6096815778593889,0.43380385889949585,4.618017513550721
2024,2025-04-13,2024021282,WPG,EDM,0.0,-3.0,3.0,shot_microstats,4054,0.469450364955843,-0.13140976336316973,4.311751252895679,0.5041189778463616,-0.11233798315635823,4.309101831362409
2024,2025-04-13,2024021283,CGY,SJS,1.0,2.0,6.0,shot_microstats,4054,0.598070094332804,0.5501548316947378,4.090288615190067,0.5936728016279087,0.3824859624117143,4.632226524224521
2024,2025-04-14,2024021285,MTL,CHI,1.0,1.0,3.0,shot_microstats,4054,0.588107562631318,0.46972112788635445,4.3724987926606955,0.5923521138583856,0.3978209140894008,5.205535785163129
2024,2025-04-14,2024021286,DET,DAL,1.0,1.0,7.0,shot_microstats,4054,0.4904303272623285,-0.029888981663055758,4.325248245169422,0.4652857439988994,-0.2514995042949797,4.693544745872277
2024,2025-04-14,2024021287,FLA,NYR,0.0,-2.0,6.0,shot_microstats,4054,0.6448783293058112,0.8188986400775924,4.173355565869787,0.5936111661995178,0.456736649566846,4.69168771839781
2024,2025-04-14,2024021288,NSH,UTA,0.0,-3.0,7.0,shot_microstats,4054,0.4506384131791412,-0.2180327420717199,4.260645155686594,0.4007765916263116,-0.5426641781592723,4.64121383743012
2024,2025-04-14,2024021289,EDM,LAK,0.0,-3.0,3.0,shot_microstats,4054,0.5411250249690692,0.23642679656816643,4.201975617381018,0.5727953248999667,0.2595962812735412,4.382261205325676
2024,2025-04-14,2024021290,VAN,SJS,1.0,1.0,1.0,shot_microstats,4054,0.6215650618813553,0.6880586257483263,4.047579610819786,0.5967792565365673,0.45560297321744436,4.295847003578816
2024,2025-04-15,2024021291,BOS,NJD,1.0,1.0,5.0,shot_microstats,4054,0.47233199941467124,-0.0850548538765677,4.009826903404216,0.42649001747495047,-0.3824206890077383,4.187964003756578
2024,2025-04-15,2024021292,BUF,TOR,0.0,-3.0,3.0,shot_microstats,4054,0.48381298792700733,-0.04276957807601081,4.139526360169917,0.4460598204559758,-0.28530644707453456,4.776876615396042
2024,2025-04-15,2024021293,OTT,CHI,0.0,-1.0,3.0,shot_microstats,4054,0.6238869328760346,0.697946117030492,4.092905405039582,0.694293411643265,0.8620420015801655,4.741740569503747
2024,2025-04-15,2024021294,TBL,FLA,1.0,2.0,4.0,shot_microstats,4054,0.46450569615182224,-0.13830202822751636,4.150055181799877,0.47302668937440856,-0.21531587173610223,4.365708117604135
2024,2025-04-15,2024021295,PHI,CBJ,0.0,-2.0,2.0,shot_microstats,4054,0.5868597975154749,0.48312677961159695,4.1469765578277284,0.5259829670698759,0.12973580096734727,4.526093864983592
2024,2025-04-15,2024021297,STL,UTA,1.0,3.0,3.0,shot_microstats,4054,0.4724534825170637,-0.10443123502898066,4.196617321100099,0.42529955760403315,-0.40276468433322776,4.510433674348017
2024,2025-04-15,2024021298,MIN,ANA,0.0,-1.0,3.0,shot_microstats,4054,0.6005869908872978,0.5611542283081292,4.125191955376677,0.5468589059965543,0.21514258699552846,4.554943294392685
2024,2025-04-15,2024021299,CGY,VGK,0.0,-2.0,6.0,shot_microstats,4054,0.41971336958774447,-0.37044235435289385,4.259110670144277,0.413198818778376,-0.5487315851678276,4.632086589913893
2024,2025-04-15,2024021300,SEA,LAK,0.0,-4.0,6.0,shot_microstats,4054,0.41119355858156653,-0.386536284224696,4.01179487229933,0.41950110312911837,-0.4482214530400853,4.2874261217691645
2024,2025-04-16,2024021301,MTL,CAR,1.0,1.0,5.0,shot_microstats,4054,0.3706162871341546,-0.6453644002320285,4.485029389615054,0.3141047840387285,-0.9563837054895157,4.719009642635665
2024,2025-04-16,2024021303,NJD,DET,0.0,-2.0,4.0,shot_microstats,4054,0.5809514910405584,0.457253734271979,4.0789473159293195,0.5336444217086362,0.16204599564679245,4.556720925453472
2024,2025-04-16,2024021304,NSH,DAL,1.0,3.0,5.0,shot_microstats,4054,0.5077140788276158,0.059339287668618665,4.2891365719201096,0.47171259143885463,-0.20508194948545344,4.6621719568061275
2024,2025-04-16,2024021305,VAN,VGK,0.0,-2.0,4.0,shot_microstats,4054,0.44302387265252563,-0.24877769834138302,4.19922895728725,0.4153858166714027,-0.4909823144027655,4.284663883748581
2024,2025-04-16,2024021306,SJS,EDM,0.0,-2.0,2.0,shot_microstats,4054,0.31347415623128866,-0.9663493672556114,4.499196042352369,0.32194986883390875,-1.0420564734257465,4.706180446166631
2024,2025-04-17,2024020653,LAK,CGY,0.0,-5.0,5.0,shot_microstats,4054,0.6349875797429595,0.7784278683793132,3.9172711022787943,0.6244132639287243,0.5702302271791359,4.064045048047108
2024,2025-04-17,2024021307,BUF,PHI,1.0,2.0,4.0,shot_microstats,4054,0.45465757893316644,-0.18759118123542856,4.160608216538982,0.4497592140562633,-0.3243811929001119,4.931816110636965
2024,2025-04-17,2024021310,NYR,TBL,1.0,3.0,3.0,shot_microstats,4054,0.43289068850591883,-0.3161121612491284,4.361097822303359,0.4135807881875331,-0.5564154886866151,4.778956771808566
2024,2025-04-17,2024021311,PIT,WSH,1.0,2.0,4.0,shot_microstats,4054,0.4498354969521598,-0.23075306923094968,4.3423423533475525,0.46867113819894957,-0.31525750380392803,4.541289701049166
2024,2025-04-17,2024021312,CBJ,NYI,1.0,6.0,6.0,shot_microstats,4054,0.47375919997077315,-0.1079803143962277,4.289870373579565,0.4049667880980135,-0.5710540352126044,4.652793124522191
2025,2025-10-28,2025020162,EDM,UTA,1.0,1.0,7.0,shot_microstats,4963,0.5078782612131947,0.03185321583452039,4.152494489810168,0.5739596510366617,0.2149544739701218,4.284043145186046
2025,2025-10-28,2025020163,VAN,NYR,0.0,-1.0,1.0,shot_microstats,4963,0.4532350819365814,-0.2322390518312133,4.153470368502906,0.45628255685047714,-0.3931011301015155,3.8862272558620514
2025,2025-10-30,2025020168,OTT,CGY,1.0,1.0,3.0,shot_microstats,4963,0.560140140367775,0.30105598532286953,3.990257504437876,0.6440988013221681,0.5510666540507491,3.716025680317693
2025,2025-10-30,2025020169,TBL,DAL,0.0,-1.0,1.0,shot_microstats,4963,0.572094954877182,0.3624119110438947,3.999500673012065,0.4489502963141803,-0.10267282552617563,4.0874994059321335
2025,2025-10-30,2025020172,STL,VAN,0.0,-1.0,3.0,shot_microstats,4963,0.5860423253358006,0.4277514995682795,4.203476077132704,0.6722211452786648,0.7199749168364309,4.130099710792528
2025,2025-10-30,2025020173,MIN,PIT,0.0,-1.0,3.0,shot_microstats,4963,0.5131653551399329,0.048304954786496296,4.315428052448871,0.6301566918012488,0.4538638147854522,4.395290519127274
2025,2025-10-30,2025020174,WPG,CHI,1.0,2.0,8.0,shot_microstats,4963,0.508810635870134,0.03786147792711793,4.127702156458569,0.5780441531507448,0.2183118414050529,4.229384461093594
2025,2025-10-30,2025020175,EDM,NYR,0.0,-1.0,5.0,shot_microstats,4963,0.5010368802117748,-0.0008320744843487993,4.142602558632631,0.6177743128928312,0.3861520998008844,4.084650149087899
2025,2025-10-30,2025020176,SJS,NJD,1.0,5.0,5.0,shot_microstats,4963,0.47700457761734405,-0.11479019428209702,4.108164334841492,0.5994098405485195,0.37223536069960333,4.1852176891871125
2025,2025-10-30,2025020177,LAK,DET,0.0,-1.0,1.0,shot_microstats,4963,0.5366171616565037,0.1792612964650111,4.048534786169895,0.5025462127911529,-0.014288721960678874,4.027466403562925
2025,2025-10-31,2025020178,VGK,COL,0.0,-1.0,3.0,shot_microstats,4963,0.4704330672807553,-0.1494131032144167,4.155619251731404,0.4499072678660881,-0.4385242860382449,3.5305451970761172
2025,2025-11-01,2025020181,BOS,CAR,1.0,2.0,2.0,shot_microstats,4963,0.44524388356308203,-0.27933705388693186,4.286496417119823,0.43918119884845436,-0.5269815699415533,3.8865141326900923
2025,2025-11-01,2025020182,WPG,PIT,1.0,2.0,4.0,shot_microstats,4963,0.48000722099127835,-0.10724288407366644,4.2195386873886696,0.5893615353740081,0.27365059884281095,4.295785983076153
2025,2025-11-01,2025020185,FLA,DAL,1.0,2.0,4.0,shot_microstats,4963,0.5685582395351341,0.34251539107872386,4.030748043483222,0.5776294329578919,0.3263598219763273,4.108982456006738
2025,2025-11-01,2025020187,MTL,OTT,0.0,-1.0,5.0,shot_microstats,4963,0.5304466754398836,0.1487087612560633,4.047064788507487,0.4904882424592884,-0.1753413398671878,3.82530790133229
2025,2025-11-01,2025020188,PHI,TOR,0.0,-2.0,4.0,shot_microstats,4963,0.5295821755219304,0.14738678724204055,3.9947875571349516,0.5726677118898486,0.2158409369204075,4.140684069704535
2025,2025-11-01,2025020190,MIN,VAN,1.0,1.0,5.0,shot_microstats,4963,0.5537748788547954,0.2562117345440308,4.2375030637947475,0.6287983708963067,0.45087201629355156,4.226608411759347
2025,2025-11-01,2025020191,LAK,NJD,0.0,-1.0,3.0,shot_microstats,4963,0.49191909666298694,-0.038554740140676114,4.037740367689263,0.4911441253970937,-0.08007048574500819,4.056883084728514
2025,2025-11-01,2025020192,EDM,CHI,0.0,-1.0,1.0,shot_microstats,4963,0.5582083246671794,0.27968382133921665,4.2244426557546815,0.637331625642553,0.49311406002009306,4.471679234589503
2025,2025-11-01,2025020193,SEA,NYR,0.0,-1.0,3.0,shot_microstats,4963,0.4798381157333084,-0.09613249486545,4.0279102394296,0.5688871242532257,0.22251732030692675,3.9806999170200164
2025,2025-11-02,2025020194,UTA,TBL,0.0,-1.0,5.0,shot_microstats,4963,0.4947244729930231,-0.030081631164271427,4.120576584890002,0.5781309108917426,0.22967951780951956,4.307996738970128
2025,2025-11-02,2025020195,NYI,CBJ,0.0,-1.0,3.0,shot_microstats,4963,0.45535208255592946,-0.23637190877188147,4.381305798440543,0.5120788479602335,-0.1745835746993516,4.130940510140348
2025,2025-11-02,2025020196,PHI,CGY,0.0,-1.0,3.0,shot_microstats,4963,0.5153795442730662,0.08369592571572271,3.894571697054273,0.6251365660126602,0.4493319665007177,4.007988331947064
2025,2025-11-02,2025020197,ANA,NJD,1.0,1.0,3.0,shot_microstats,4963,0.45638866256233324,-0.22462541059110774,4.274313550656327,0.5191559844742951,-0.07558491971536618,4.375429180569606
2025,2025-11-03,2025020199,TOR,PIT,1.0,2.0,6.0,shot_microstats,4963,0.5625123466525624,0.30076812625615623,4.251219369815635,0.6893461678711094,0.8066623631758483,4.367949012179755
2025,2025-11-03,2025020200,STL,EDM,1.0,1.0,3.0,shot_microstats,4963,0.5383597686800827,0.17365215335670853,4.318406788533101,0.5563910015507321,0.1439945205014324,4.387199396972576
2025,2025-11-03,2025020201,NSH,VAN,1.0,1.0,3.0,shot_microstats,4963,0.5211089917432574,0.0959048131276776,4.165826914232621,0.62282484037504,0.4176981053559333,4.332640458922113
2025,2025-11-03,2025020202,SEA,CHI,1.0,1.0,3.0,shot_microstats,4963,0.5474648988061379,0.2356056249237135,4.011232868561872,0.5494595439032112,0.19951570756850684,4.340058530372386
2025,2025-11-04,2025020205,NYI,BOS,1.0,1.0,5.0,shot_microstats,4963,0.5300689864680852,0.14210726171440977,4.1319558762934845,0.6435968917734715,0.5434496501478017,3.9490018117282792
2025,2025-11-04,2025020206,NYR,CAR,0.0,-1.0,1.0,shot_microstats,4963,0.5412851782710417,0.1922098369616548,4.245043420510408,0.5762272472422865,0.1061611388875269,3.8092458540679526
2025,2025-11-04,2025020208,MIN,NSH,0.0,-1.0,1.0,shot_microstats,4963,0.5680779131363923,0.3305393282120718,4.236833288951452,0.5839919966200335,0.24900118781433017,4.317609607285501
2025,2025-11-04,2025020210,VGK,DET,1.0,1.0,1.0,shot_microstats,4963,0.5426983200356805,0.2085007957971031,4.070191166171488,0.5546072020908446,0.1312763777724909,3.7304247575505816
2025,2025-11-04,2025020211,ANA,FLA,1.0,2.0,6.0,shot_microstats,4963,0.4592456404801864,-0.20901969683305588,4.245629765351262,0.536373080277362,-0.015514317359400343,4.29437286654627
2025,2025-11-04,2025020212,LAK,WPG,1.0,1.0,1.0,shot_microstats,4963,0.5920415326351515,0.4683317998475033,4.001426736354313,0.5946106612421793,0.4199955697205389,4.033177230176885
2025,2025-11-05,2025020214,WSH,STL,1.0,5.0,5.0,shot_microstats,4963,0.5479356872719874,0.2243655732739035,4.277093589244256,0.590507115036056,0.2178144521064715,3.918233774431212
2025,2025-11-05,2025020215,CGY,CBJ,1.0,4.0,4.0,shot_microstats,4963,0.5511894653884586,0.24644368504793882,4.167224211169823,0.5756245253052553,0.21010483291907078,3.8694078430215386
2025,2025-11-05,2025020216,VAN,CHI,0.0,-2.0,4.0,shot_microstats,4963,0.4764670508104834,-0.12278007311258016,4.194754450494648,0.4495331686376797,-0.41107693209811375,4.256067322954579
2025,2025-11-05,2025020217,SEA,SJS,0.0,-3.0,5.0,shot_microstats,4963,0.5210315752996101,0.10939175229937803,3.925813952243705,0.5309018958278361,0.11138318397849431,4.303836431939406
2025,2025-11-06,2025020219,BUF,STL,0.0,-1.0,1.0,shot_microstats,4963,0.5195153330144648,0.08423792352727166,4.233221921187941,0.5057436779615984,-0.12792679906130522,4.351924700651571
2025,2025-11-06,2025020220,NJD,MTL,0.0,-1.0,5.0,shot_microstats,4963,0.5266958781905423,0.12628794283919983,4.116011773487323,0.625855530201415,0.487920217263355,4.243145204890971
2025,2025-11-06,2025020221,PIT,WSH,0.0,-2.0,4.0,shot_microstats,4963,0.4633656690975537,-0.1973321129542776,4.376419714982042,0.5691451921349525,0.16108631792196382,4.056777495739149
2025,2025-11-06,2025020222,CAR,MIN,1.0,1.0,3.0,shot_microstats,4963,0.5912609866936055,0.45063552107896976,4.355768391723951,0.6603140456571759,0.6184306088212803,4.144598894249845
2025,2025-11-06,2025020223,NSH,PHI,0.0,-1.0,3.0,shot_microstats,4963,0.4631173005340168,-0.17872065698982598,4.061281523096048,0.48932814156749166,-0.20006210668483448,4.552752353067834
2025,2025-11-06,2025020224,DAL,ANA,0.0,-2.0,4.0,shot_microstats,4963,0.5429854232037206,0.2022327303351839,4.217339533779445,0.5603795723303904,0.16408302361218696,4.055194148771851
2025,2025-11-06,2025020226,LAK,FLA,0.0,-3.0,5.0,shot_microstats,4963,0.5196933602543682,0.10292932847344491,3.924567654577439,0.5408142343294249,0.1267681530570633,3.8735164071526134
2025,2025-11-07,2025020227,DET,NYR,0.0,-2.0,4.0,shot_microstats,4963,0.49783421021064517,-0.01155889497325141,4.063405466561739,0.5735477173466477,0.1670848524132401,3.928381581930077
2025,2025-11-07,2025020228,NYI,MIN,0.0,-3.0,7.0,shot_microstats,4963,0.5507779131720475,0.24035327974873805,4.247538507449136,0.6301986299753585,0.41803046567380586,4.054251684706796
2025,2025-11-07,2025020229,CGY,CHI,0.0,-3.0,3.0,shot_microstats,4963,0.5767144762538075,0.38460592597808807,4.044218069080123,0.5980132711532864,0.3366766204690787,3.9968071671945475
2025,2025-11-07,2025020230,SJS,WPG,1.0,1.0,3.0,shot_microstats,4963,0.5764809434516769,0.38557456853545,3.9955650260266506,0.6696773907476163,0.7693098071487792,4.072291707614388
2025,2025-11-08,2025020233,NSH,DAL,0.0,-1.0,7.0,shot_microstats,4963,0.4779989053857195,-0.11319646644681725,4.159413559614016,0.5015793838172846,-0.01418023428683668,4.44090368679864
2025,2025-11-08,2025020234,TOR,BOS,0.0,-2.0,4.0,shot_microstats,4963,0.5575934573930611,0.2848344611982806,4.05387960366262,0.6843040545748699,0.8365348974017784,4.083374597891512
2025,2025-11-08,2025020235,MTL,UTA,1.0,4.0,8.0,shot_microstats,4963,0.5197016163130491,0.09438726480692868,4.071512847074098,0.4471683390325063,-0.3303629970748125,4.093684452976634
2025,2025-11-08,2025020236,TBL,WSH,1.0,1.0,3.0,shot_microstats,4963,0.5480204080920886,0.2300982807143763,4.171484169769772,0.5893397577347367,0.3881982414080531,3.8595955413397007
2025,2025-11-08,2025020237,NYR,NYI,0.0,-3.0,3.0,shot_microstats,4963,0.6163571106386788,0.6019801261901823,4.046255094284773,0.6558396487351564,0.6804297236939876,3.7412421522082906
2025,2025-11-08,2025020238,CAR,BUF,0.0,-1.0,5.0,shot_microstats,4963,0.5648221169821365,0.3120788061832362,4.26778439260847,0.6299728593296099,0.4191650569099402,4.13069559781241
2025,2025-11-08,2025020239,STL,SEA,1.0,1.0,3.0,shot_microstats,4963,0.5628809006028161,0.31262513999173214,4.0411067796813915,0.57680780501342,0.23031689541644088,4.216863634824617
2025,2025-11-08,2025020240,EDM,COL,0.0,-8.0,8.0,shot_microstats,4963,0.39420144818042757,-0.5367828878753026,4.366821569528515,0.4168862652876062,-0.6378174209791435,4.251629622640543
2025,2025-11-08,2025020241,VAN,CBJ,1.0,1.0,7.0,shot_microstats,4963,0.4626200257073191,-0.20330163743715746,4.414308376946674,0.44908304564570667,-0.4319910005337302,4.113017959447229
2025,2025-11-08,2025020242,VGK,ANA,0.0,-1.0,5.0,shot_microstats,4963,0.5931847259048351,0.4646045298494943,4.261419276556802,0.6079373566364287,0.40005677061240685,3.794102714672182
2025,2025-11-08,2025020243,SJS,FLA,1.0,1.0,3.0,shot_microstats,4963,0.504194982154865,0.02545295487721333,3.9608402551828354,0.6249067131428288,0.5049231512928546,3.953101648370177
2025,2025-11-09,2025020245,PIT,LAK,0.0,-1.0,3.0,shot_microstats,4963,0.5168342179285789,0.07724555367730307,4.1248208649395695,0.5751925463910518,0.14372542904036276,3.9769894784591897
2025,2025-11-09,2025020246,TOR,CAR,0.0,-1.0,7.0,shot_microstats,4963,0.48029133445060973,-0.11363112779100673,4.345626129576967,0.5693774086026823,0.12202499193247751,4.048074848971164
2025,2025-11-09,2025020247,OTT,UTA,1.0,2.0,6.0,shot_microstats,4963,0.5138682053191046,0.065130466250871,4.0836439564147335,0.5249968489687414,0.00453797686625218,3.9326149036774694
2025,2025-11-09,2025020249,MIN,CGY,1.0,1.0,1.0,shot_microstats,4963,0.48820269580732206,-0.05832603392263447,4.067706953740847,0.5766864751704988,0.18892751901042787,4.0236444715559205
2025,2025-11-09,2025020250,VAN,COL,1.0,1.0,3.0,shot_microstats,4963,0.351502729168293,-0.7592220143262947,4.310488377592516,0.29562245541904036,-1.2854946282471524,4.005070919924587
2025,2025-11-09,2025020251,ANA,WPG,1.0,1.0,3.0,shot_microstats,4963,0.5637676888610593,0.30631479861107386,4.273279074265252,0.6423172434475259,0.5171555632241396,4.383205814097583
2025,2025-11-10,2025020252,NJD,NYI,0.0,-1.0,1.0,shot_microstats,4963,0.5580978964998637,0.2832356990436985,4.138764505761128,0.5899425580755999,0.33873041122304504,4.098239151680772
2025,2025-11-10,2025020253,NYR,NSH,1.0,4.0,6.0,shot_microstats,4963,0.648106562464246,0.7906540702039676,4.0680304889885885,0.675242802871846,0.756307662764421,4.00983565745895
2025,2025-11-11,2025020256,BOS,TOR,1.0,1.0,3.0,shot_microstats,4963,0.5346372180980935,0.16723885100452285,4.08795926541301,0.4924300029476868,-0.14168814250475537,3.978246859027801
2025,2025-11-11,2025020257,MTL,LAK,0.0,-2.0,4.0,shot_microstats,4963,0.5629270504687581,0.3177580630126845,3.9419788333234784,0.5196897743778546,-0.008150992520299438,3.8556914993166274
2025,2025-11-11,2025020258,OTT,DAL,1.0,1.0,3.0,shot_microstats,4963,0.5634254363973835,0.3179895600462789,3.9888836840125714,0.5645710241525915,0.3240180108564707,3.96051784627536
2025,2025-11-11,2025020259,CAR,WSH,0.0,-1.0,3.0,shot_microstats,4963,0.5272518564822313,0.11508772409369888,4.3709166353044555,0.6490636770210106,0.5518880958495755,3.9799494478678845
2025,2025-11-11,2025020262,COL,ANA,1.0,2.0,2.0,shot_microstats,4963,0.6622346130161999,0.8779564620323206,4.321390119620441,0.7083120980970191,1.0053460297087822,4.26099956545978
2025,2025-11-11,2025020263,VAN,WPG,0.0,-1.0,3.0,shot_microstats,4963,0.5509195536372063,0.24422957837657266,4.183950977312865,0.5541385605773693,0.11444314951812623,4.133280045865502
2025,2025-11-11,2025020264,SEA,CBJ,1.0,1.0,1.0,shot_microstats,4963,0.4852350474441331,-0.08321652899849596,4.239346505927873,0.49121291495824065,-0.0978012812356246,4.2568099599275655
2025,2025-11-12,2025020265,TBL,NYR,0.0,-3.0,7.0,shot_microstats,4963,0.5580954814089762,0.2919842416285941,3.9630220479146434,0.5936214051787331,0.3295652545053094,3.7470995828224583
2025,2025-11-12,2025020266,PHI,EDM,0.0,-1.0,1.0,shot_microstats,4963,0.5392339666485668,0.1900039454618686,4.091274848661263,0.5337445546963584,0.10296693306629265,4.419333014218459
2025,2025-11-12,2025020267,UTA,BUF,1.0,2.0,6.0,shot_microstats,4963,0.551880728648043,0.2503332724294488,4.159981314697349,0.6346337096312759,0.4328908513455505,4.193221398141687
2025,2025-11-12,2025020268,CHI,NJD,0.0,-1.0,5.0,shot_microstats,4963,0.4693972849815453,-0.16013358019291024,4.247086896121996,0.5031020856433219,-0.08979493945940442,4.295805110816228
2025,2025-11-13,2025020270,MTL,DAL,0.0,-6.0,6.0,shot_microstats,4963,0.5489500998588224,0.24258315073816844,4.020976481974763,0.47504100379731834,-0.08696077953438863,4.154487779947928
2025,2025-11-13,2025020271,OTT,BOS,1.0,1.0,5.0,shot_microstats,4963,0.5711641348124542,0.3572597807173664,4.0058045280346395,0.6133260803315567,0.4931132318392812,3.752186728630276
2025,2025-11-13,2025020275,COL,BUF,1.0,3.0,7.0,shot_microstats,4963,0.6395058381515359,0.7363970743627344,4.134707316542481,0.7074673921363519,0.9631038492656242,4.200323514771461
2025,2025-11-13,2025020276,CGY,SJS,1.0,1.0,1.0,shot_microstats,4963,0.5722529239989617,0.37227891484254977,3.811283075747186,0.5947785780948031,0.33519398180452986,3.8374912590433192
2025,2025-11-13,2025020277,VGK,NYI,1.0,1.0,3.0,shot_microstats,4963,0.6014409035133085,0.5141074642574717,4.156150011628656,0.6342371871626304,0.590929795513506,3.8204027231852655
2025,2025-11-13,2025020278,SEA,WPG,1.0,1.0,5.0,shot_microstats,4963,0.5650014529499009,0.32710620712556576,3.968550763152183,0.5988442409067732,0.4749077238764812,4.193822909038068
2025,2025-11-14,2025020279,CAR,VAN,1.0,1.0,3.0,shot_microstats,4963,0.6302913192472006,0.675912226437538,4.358383388519687,0.697259175278871,0.8673485385693458,4.149449598686651
2025,2025-11-14,2025020281,NSH,PIT,0.0,-1.0,1.0,shot_microstats,4963,0.47791121009003973,-0.12262934039662182,4.304812729799474,0.5584625983508285,0.10579711592149854,4.464327444261739
2025,2025-11-15,2025020283,FLA,TBL,0.0,-2.0,2.0,shot_microstats,4963,0.5041785052953605,0.02028007187325845,4.044990723908859,0.552075101075774,0.13966565262931085,3.9881309353661085
2025,2025-11-15,2025020284,MIN,ANA,1.0,1.0,1.0,shot_microstats,4963,0.49740974363486684,-0.033757519016507316,4.399863337450281,0.515543913322322,-0.11605087171728456,4.255556398324913
2025,2025-11-15,2025020285,MTL,BOS,0.0,-1.0,1.0,shot_microstats,4963,0.5586067313158211,0.2922350915098103,4.009646117251528,0.5358887064346144,0.1420865812484015,3.971280203094305
2025,2025-11-15,2025020286,OTT,LAK,0.0,-1.0,1.0,shot_microstats,4963,0.54032163120749,0.2037645516620189,3.9385624684894314,0.5743130595804049,0.22443355075311852,3.6459360112812753
2025,2025-11-15,2025020287,DET,BUF,0.0,-1.0,5.0,shot_microstats,4963,0.5214059788020644,0.09943126628254811,4.129522542477357,0.5983902945946327,0.28418638215363795,4.131709696857974
2025,2025-11-15,2025020288,WSH,NJD,1.0,1.0,3.0,shot_microstats,4963,0.5545677705373098,0.2637847535355995,4.165829243056566,0.6235962694510722,0.4312730382690625,3.8316098717033102
2025,2025-11-15,2025020289,CAR,EDM,1.0,1.0,5.0,shot_microstats,4963,0.6105871455098494,0.5601377247370223,4.339073665833454,0.6324674146923264,0.5285699241461504,4.36071417887322
2025,2025-11-15,2025020291,CHI,TOR,1.0,1.0,5.0,shot_microstats,4963,0.48758483838111744,-0.07439695473179173,4.281071358360833,0.5241275374232546,-0.02432260965109656,4.237330589774178
2025,2025-11-15,2025020292,STL,VGK,0.0,-2.0,4.0,shot_microstats,4963,0.4631919177401376,-0.19018414655798999,4.248971117154636,0.5462876495973545,0.10713274481070573,4.211502669548561
2025,2025-11-15,2025020293,DAL,PHI,1.0,3.0,5.0,shot_microstats,4963,0.5517469343645396,0.26258256075511854,3.9094723605304074,0.5326939568098791,0.11063678185311798,4.267818173259812
2025,2025-11-15,2025020295,SEA,SJS,1.0,3.0,3.0,shot_microstats,4963,0.5254637667612877,0.13441904533622392,3.868701677702987,0.5552219331883044,0.23730328106889975,4.2930121447049405
2025,2025-11-16,2025020296,PIT,NSH,1.0,3.0,3.0,shot_microstats,4963,0.5453428577225895,0.21101261520691791,4.279855531080737,0.5557287554079535,0.08948842536228219,4.288430017079744
2025,2025-11-16,2025020297,TBL,VAN,0.0,-1.0,5.0,shot_microstats,4963,0.6614228230079797,0.873761911380336,4.183857830757205,0.7006930243748972,0.9884534411026269,4.082415685036179
2025,2025-11-16,2025020298,MIN,VGK,1.0,2.0,2.0,shot_microstats,4963,0.42468742112722996,-0.37827917799579247,4.264570370662381,0.4873345434327289,-0.2040785467508861,4.157506739049732
2025,2025-11-16,2025020299,NYR,DET,0.0,-1.0,1.0,shot_microstats,4963,0.5870576028213522,0.44125016753149915,4.006777823461869,0.6429952791705418,0.5274555094185693,3.819368097398992
2025,2025-11-16,2025020300,COL,NYI,1.0,2.0,4.0,shot_microstats,4963,0.6715722156771223,0.940826979182144,4.19670660486628,0.7273471618554368,1.1738931333774112,4.2226764091974855
2025,2025-11-17,2025020301,BOS,CAR,0.0,-3.0,3.0,shot_microstats,4963,0.4451354530554444,-0.279015660265336,4.273080615255762,0.3978957411823701,-0.6674439271837067,3.8622635573313584
2025,2025-11-17,2025020302,BUF,EDM,1.0,2.0,4.0,shot_microstats,4963,0.5398774093198231,0.18612308168393552,4.225439707716959,0.49279239790096896,-0.0948345105092146,4.430333142399142
2025,2025-11-17,2025020303,FLA,VAN,1.0,2.0,8.0,shot_microstats,4963,0.6350715890509474,0.7096233002031569,4.129220355121323,0.6911683746562028,0.8146249849163967,4.061582875479841
2025,2025-11-17,2025020304,WSH,LAK,1.0,2.0,2.0,shot_microstats,4963,0.5759471999655517,0.3790303420977798,4.07840896503969,0.6514282026319081,0.5394261663022719,3.6483103412623628
2025,2025-11-17,2025020306,ANA,UTA,0.0,-1.0,3.0,shot_microstats,4963,0.4715705989063385,-0.15754238414733202,4.374047207304491,0.5126112164445266,-0.12402405818048645,4.473064717956345
2025,2025-11-18,2025020307,TOR,STL,1.0,1.0,3.0,shot_microstats,4963,0.5254565727591883,0.11244140518975257,4.254692486376979,0.6528870706098986,0.5313160481189327,4.242780935604865
2025,2025-11-18,2025020308,DET,SEA,1.0,1.0,3.0,shot_microstats,4963,0.5902499607105126,0.4606687290942163,3.952920165884353,0.6004096606393281,0.3602139284117771,4.147213761532983
2025,2025-11-18,2025020309,TBL,NJD,1.0,2.0,4.0,shot_microstats,4963,0.5971518388343197,0.4948460201218573,4.034948884218208,0.6263794905387549,0.5812545090891506,3.9162995051007674
2025,2025-11-18,2025020310,DAL,NYI,0.0,-1.0,3.0,shot_microstats,4963,0.565396008220192,0.32502663895951583,4.053419772053167,0.568769556956666,0.2779276794331996,4.147038255899485
2025,2025-11-18,2025020311,WPG,CBJ,1.0,3.0,5.0,shot_microstats,4963,0.4634698666407393,-0.1974227578650679,4.385930586780768,0.5254712883138026,-0.06909216941964547,4.096411198088697
2025,2025-11-18,2025020312,CHI,CGY,1.0,3.0,5.0,shot_microstats,4963,0.45861499546090084,-0.20424013617197512,4.121586147403397,0.5644703109384375,0.11819221284490233,4.01123912347207
2025,2025-11-19,2025020315,WSH,EDM,1.0,2.0,8.0,shot_microstats,4963,0.5903902963158361,0.4469176046565855,4.325152284105204,0.6316794362785146,0.46983825388376005,4.067375841210022
2025,2025-11-19,2025020316,BUF,CGY,0.0,-4.0,8.0,shot_microstats,4963,0.5434300593616551,0.21739404079875846,3.9730314214504454,0.5797794859523945,0.2606429232906372,3.9343305967524445
2025,2025-11-19,2025020317,MIN,CAR,0.0,-1.0,3.0,shot_microstats,4963,0.40352866772815155,-0.4936776553957414,4.432246557641221,0.4100596596531833,-0.6458457312212978,4.063784909345146
2025,2025-11-19,2025020318,ANA,BOS,1.0,2.0,4.0,shot_microstats,4963,0.5371444836267778,0.17513773805072402,4.173379748201364,0.6326668131731742,0.5034023444654564,4.170578420980591
2025,2025-11-20,2025020320,MTL,WSH,0.0,-3.0,7.0,shot_microstats,4963,0.502791279539555,0.0013040686371972449,4.250024818855807,0.4978575039350097,-0.09855467149053343,3.956983052899225
2025,2025-11-20,2025020321,DET,NYI,0.0,-5.0,5.0,shot_microstats,4963,0.5556062236913968,0.2712064171426798,4.1232973902124606,0.6326113418289679,0.5146725123943912,4.088212600965533
2025,2025-11-20,2025020323,FLA,NJD,1.0,1.0,1.0,shot_microstats,4963,0.5516668169227489,0.2568830257628768,4.010246655214569,0.6033604349908975,0.35384315371168346,3.890831858468237
2025,2025-11-20,2025020324,PHI,STL,1.0,1.0,3.0,shot_microstats,4963,0.5334632687052884,0.16200294856776026,4.0769914567116,0.5682850812168956,0.21508075762264467,4.234359106241217
2025,2025-11-20,2025020325,CHI,SEA,0.0,-1.0,3.0,shot_microstats,4963,0.5375112246797324,0.18282071564171068,4.0649546732265724,0.5439804925479381,0.0714002983262162,4.309257240134546
2025,2025-11-20,2025020326,COL,NYR,1.0,2.0,4.0,shot_microstats,4963,0.6152064131582476,0.5966617487040459,4.007160428707312,0.6842055860334693,0.8247814098203632,3.956098677259775
2025,2025-11-20,2025020327,UTA,VGK,0.0,-3.0,3.0,shot_microstats,4963,0.5035568576483728,0.011996649246799551,4.132730907119599,0.6291933976017918,0.4522414461427833,4.0378674081263
2025,2025-11-20,2025020328,VAN,DAL,0.0,-3.0,5.0,shot_microstats,4963,0.4401224950877466,-0.30067581897914897,4.230492694879568,0.41866912868323775,-0.4681328226828141,4.352356529335625
2025,2025-11-20,2025020330,SJS,LAK,1.0,2.0,4.0,shot_microstats,4963,0.4892192302722976,-0.0469536048773066,3.9632596099967037,0.5528084347044451,0.1478343098177435,3.8961823426475957
2025,2025-11-21,2025020331,BUF,CHI,1.0,6.0,10.0,shot_microstats,4963,0.5823134009550245,0.4067272963780821,4.22563426387329,0.543575672914088,0.15308902241653405,4.385884688289949
2025,2025-11-21,2025020332,PIT,MIN,0.0,-4.0,4.0,shot_microstats,4963,0.5431389273571615,0.1996526849124824,4.283056107645622,0.5803196190624916,0.20634280126409327,4.249658306792159
2025,2025-11-21,2025020333,WPG,CAR,1.0,1.0,3.0,shot_microstats,4963,0.3707089298156201,-0.6603400691515433,4.399964424795222,0.4078564240493198,-0.6836677333247507,3.872538721978104
2025,2025-11-21,2025020334,LAK,BOS,0.0,-1.0,1.0,shot_microstats,4963,0.5640431336327444,0.32346711293170927,3.9424089484522367,0.622811598360042,0.5411919609523602,3.852543426348172
2025,2025-11-22,2025020335,DET,CBJ,1.0,2.0,4.0,shot_microstats,4963,0.5312242038705737,0.13703678682223663,4.332037531519746,0.6053006135389197,0.3517768602289994,4.163787004184204
2025,2025-11-22,2025020336,NYI,STL,0.0,-2.0,2.0,shot_microstats,4963,0.5128868701820722,0.05255835554012939,4.217214640030181,0.5594326137499537,0.09510595051215992,4.2182510416249075
2025,2025-11-22,2025020337,MTL,TOR,1.0,3.0,5.0,shot_microstats,4963,0.5713368057923353,0.35410934531151866,4.093328848582756,0.5099163744782099,-0.02154150926740797,4.04115316155904
2025,2025-11-22,2025020338,FLA,EDM,0.0,-2.0,6.0,shot_microstats,4963,0.580123229661735,0.3982555467504703,4.146253179067454,0.6141388658712577,0.4116521377505137,4.15139799936479
2025,2025-11-22,2025020339,PHI,NJD,1.0,5.0,7.0,shot_microstats,4963,0.5132667785838562,0.06433920063734556,4.047196739454371,0.5489365030601682,0.14269090616003371,4.114525666889332
2025,2025-11-22,2025020340,PIT,SEA,0.0,-1.0,3.0,shot_microstats,4963,0.5581941597074928,0.2859506342001715,4.093441961955068,0.53778600894731,0.00986331513684717,4.248053547193295
2025,2025-11-22,2025020342,SJS,OTT,0.0,-1.0,3.0,shot_microstats,4963,0.47037773311705006,-0.13963095889560928,3.995834489170042,0.5641646428332172,0.1912951934328606,3.990719666827711
2025,2025-11-22,2025020343,NSH,COL,0.0,-1.0,1.0,shot_microstats,4963,0.3491685642104632,-0.771033719367648,4.288054461554275,0.3323847220380683,-1.0588120417618587,4.227694578376339
2025,2025-11-22,2025020344,UTA,NYR,1.0,1.0,5.0,shot_microstats,4963,0.5397683780452037,0.19487274422549958,4.050624535517835,0.648946973260253,0.5067842821807244,3.945035638602327
2025,2025-11-22,2025020345,CGY,DAL,0.0,-2.0,2.0,shot_microstats,4963,0.5566929333806566,0.28829436883290677,3.896230639861194,0.5728368252918172,0.2723992313783534,3.9045524229316055
2025,2025-11-22,2025020346,ANA,VGK,1.0,1.0,5.0,shot_microstats,4963,0.43745458403634313,-0.3188188714331228,4.312275945550254,0.5508188287586535,0.03045727781509311,4.218400142542317
2025,2025-11-23,2025020347,BUF,CAR,1.0,2.0,2.0,shot_microstats,4963,0.45873289976625636,-0.21717091875075317,4.335833646350845,0.41667711497262977,-0.5369194881017616,4.052936168987926
2025,2025-11-23,2025020348,WPG,MIN,0.0,-2.0,2.0,shot_microstats,4963,0.527610148075215,0.13132225332594927,4.106860055648465,0.5889922755635408,0.24923643645879637,4.005378074420432
2025,2025-11-23,2025020350,CHI,COL,0.0,-1.0,1.0,shot_microstats,4963,0.36028822117979525,-0.713687324251699,4.357753010939677,0.35850096906196105,-0.9060022789021072,4.1088785037392865
2025,2025-11-23,2025020352,VAN,CGY,0.0,-3.0,5.0,shot_microstats,4963,0.43062702033271716,-0.3407953897178365,4.131241742214536,0.48107580100903125,-0.285754162882662,3.961999344378309
2025,2025-11-24,2025020353,TBL,PHI,1.0,2.0,2.0,shot_microstats,4963,0.6131244953213988,0.5863206260691274,3.963152759158354,0.642450499531271,0.6285686781686503,4.1364377503842285
2025,2025-11-24,2025020354,NJD,DET,1.0,2.0,6.0,shot_microstats,4963,0.5336322424989995,0.15873278957851386,4.152019603813904,0.5690899487625354,0.1434803373789203,4.096321487432926
2025,2025-11-24,2025020355,NYR,STL,1.0,1.0,3.0,shot_microstats,4963,0.5796378809324645,0.39898017468914904,4.069079677306313,0.6534703941301075,0.5729597928577422,3.9658631843786445
2025,2025-11-24,2025020356,WSH,CBJ,1.0,3.0,5.0,shot_microstats,4963,0.5800455896869232,0.38633039981484063,4.434667963970617,0.6531887143715368,0.5593218720111061,3.9696367148624816
2025,2025-11-24,2025020357,NSH,FLA,0.0,-4.0,8.0,shot_microstats,4963,0.43413241968535826,-0.32643295506562164,4.175821117221968,0.4783948887050305,-0.25612520787497783,4.2140740256054645
2025,2025-11-24,2025020358,UTA,VGK,1.0,2.0,4.0,shot_microstats,4963,0.5116073146733009,0.0496315738598819,4.159722646387405,0.6273191282044145,0.42868279928781283,4.056501303209148
2025,2025-11-25,2025020360,EDM,DAL,0.0,-2.0,8.0,shot_microstats,4963,0.5182775632307465,0.0795597139260571,4.208118389738667,0.5422492333430879,0.12659191726964092,4.446575049005054
2025,2025-11-26,2025020361,DET,NSH,0.0,-2.0,4.0,shot_microstats,4963,0.5842685598871773,0.4191261012331295,4.1793898684220885,0.6466804424805347,0.5530122843493832,4.173754579519261
2025,2025-11-26,2025020362,TBL,CGY,1.0,5.0,5.0,shot_microstats,4963,0.5870131839300476,0.44640506445071926,3.8818837654020424,0.6737065804449756,0.7751472720409702,3.7915154112255314
2025,2025-11-26,2025020363,FLA,PHI,0.0,-3.0,5.0,shot_microstats,4963,0.5860608454407132,0.43754396321998035,3.968572552082244,0.6443853838618638,0.5247184736872503,4.154896543276664
2025,2025-11-26,2025020365,NYI,BOS,0.0,-1.0,3.0,shot_microstats,4963,0.520180244513092,0.0948091174991472,4.104967199829309,0.5932400576675751,0.32566776671680453,3.951305441871063
2025,2025-11-26,2025020366,PIT,BUF,1.0,1.0,5.0,shot_microstats,4963,0.4838873458779942,-0.09295142898291497,4.29193173709569,0.51115973343888,-0.16902827794682945,4.258236284489682
2025,2025-11-26,2025020367,WSH,WPG,1.0,2.0,6.0,shot_microstats,4963,0.6241707006548055,0.6432602978916283,4.188677285239513,0.7146688118671335,0.9460522728187662,3.863361272864441
2025,2025-11-26,2025020368,CAR,NYR,0.0,-2.0,4.0,shot_microstats,4963,0.5791434439675278,0.39434768873958603,4.1154123644271285,0.6718855279118814,0.6420205476804628,3.941870746032396
2025,2025-11-26,2025020371,COL,SJS,1.0,5.0,5.0,shot_microstats,4963,0.6868150106532409,1.0456908610701408,4.090679552396621,0.7286936213392197,1.1954738211272236,4.326500071361129
2025,2025-11-26,2025020374,ANA,VAN,0.0,-1.0,5.0,shot_microstats,4963,0.5804745118379873,0.391738027468174,4.353846131493766,0.6504146789713139,0.553425015636633,4.372271342978104
2025,2025-11-26,2025020375,SEA,DAL,0.0,-2.0,4.0,shot_microstats,4963,0.45959115926906063,-0.1919009568128751,4.000779323094005,0.45809721920729457,-0.1658211520725571,4.370058479013565
2025,2025-11-28,2025020376,BOS,NYR,0.0,-1.0,5.0,shot_microstats,4963,0.49556159499210023,-0.013861967458884406,3.922200729335151,0.5269322717630166,-0.047407378302711245,3.7188007075238514
2025,2025-11-28,2025020379,BUF,NJD,0.0,-5.0,5.0,shot_microstats,4963,0.5523437393968801,0.25475505450758473,4.1189710222411176,0.5603850126276135,0.19007223639025278,4.193092302585645
2025,2025-11-28,2025020380,FLA,CGY,0.0,-1.0,5.0,shot_microstats,4963,0.5504317143909992,0.255600494815784,3.9161363339535913,0.658023375060578,0.5779026457694914,3.7582975914024863
2025,2025-11-28,2025020381,NYI,PHI,0.0,-1.0,3.0,shot_microstats,4963,0.5249922754680996,0.11970432867849407,4.08366630737075,0.5706709509029443,0.15706047108808846,4.26722202447642
2025,2025-11-28,2025020382,STL,OTT,1.0,1.0,7.0,shot_microstats,4963,0.4844213620618961,-0.07783497429014485,4.088424629784717,0.5564055570654545,0.13817958746701808,4.133113337208718
2025,2025-11-28,2025020383,VGK,MTL,0.0,-1.0,3.0,shot_microstats,4963,0.5972218107734281,0.49511537648568943,4.037924029961534,0.611608553508203,0.5083691677149712,3.91654621627042
2025,2025-11-28,2025020384,ANA,LAK,0.0,-2.0,6.0,shot_microstats,4963,0.49869527935857877,-0.015386839929219603,4.195743390501391,0.5937400839900585,0.22515609466863162,4.106957365381336
2025,2025-11-28,2025020385,SJS,VAN,0.0,-1.0,3.0,shot_microstats,4963,0.5618077634344333,0.3027410905497909,4.131076016619729,0.6276743538126586,0.5331911773929154,4.085478943541668
2025,2025-11-28,2025020386,WSH,TOR,1.0,1.0,5.0,shot_microstats,4963,0.5973307603819479,0.48884810665694767,4.2246719141339435,0.6667191829348265,0.6281069709327387,3.8518634544803305
2025,2025-11-28,2025020387,CAR,WPG,1.0,3.0,5.0,shot_microstats,4963,0.6407366342150607,0.7420231104568847,4.2348233203455266,0.7189775739154676,1.003638271902184,4.172100347398619
2025,2025-11-28,2025020389,CHI,NSH,0.0,-2.0,6.0,shot_microstats,4963,0.5189152646441486,0.08106193777699305,4.237064048074456,0.5582259226932059,0.12191168593415613,4.241824022383208
2025,2025-11-29,2025020391,NYR,TBL,0.0,-2.0,4.0,shot_microstats,4963,0.5247284155555866,0.12443882249280215,3.9783266727087434,0.5515634833248135,0.1386923352317294,3.8323760261945603
2025,2025-11-29,2025020392,COL,MTL,1.0,3.0,5.0,shot_microstats,4963,0.6254897740988495,0.6532464341381046,4.1037149128282895,0.672781499696093,0.8618913280984077,4.3745322549247145
2025,2025-11-29,2025020393,SEA,EDM,0.0,-2.0,2.0,shot_microstats,4963,0.4772468795666355,-0.1165308345370048,4.154761907404681,0.4802686899822277,-0.13326973489527638,4.446749588325726
2025,2025-11-29,2025020395,NJD,PHI,0.0,-3.0,5.0,shot_microstats,4963,0.5405548401941339,0.2006457969007309,4.016682391983685,0.5797133900135841,0.20094095547122137,4.284589661238062
2025,2025-11-29,2025020396,PIT,TOR,0.0,-5.0,7.0,shot_microstats,4963,0.5162880673064647,0.06801144492662191,4.2390272454866835,0.578899548481807,0.18150184950220782,4.086598510393523
2025,2025-11-29,2025020397,NSH,WPG,0.0,-3.0,5.0,shot_microstats,4963,0.5367783277020429,0.17840894858572742,4.078813864212465,0.5972273946188525,0.32977082961979665,4.183169694342093
2025,2025-11-29,2025020398,STL,UTA,1.0,1.0,1.0,shot_microstats,4963,0.4597215592535367,-0.2107175486633952,4.309139624016923,0.480947582203097,-0.2031495198805222,4.388943850082623
2025,2025-11-29,2025020400,VGK,SJS,1.0,1.0,5.0,shot_microstats,4963,0.6638882363570926,0.8920592463152948,3.9819279648339165,0.6735443559814357,0.8418430331767893,3.821633875615441
2025,2025-11-30,2025020402,NYI,WSH,0.0,-1.0,1.0,shot_microstats,4963,0.4683030749286684,-0.17039793995004276,4.326932343442614,0.5530841212299754,0.07736187281997292,4.0164387768286245
2025,2025-11-30,2025020405,DAL,OTT,1.0,3.0,5.0,shot_microstats,4963,0.5230237623903542,0.11517503269661661,3.9938549423279786,0.5807832987749058,0.2679266810717889,4.04093206122295
2025,2025-12-01,2025020406,NJD,CBJ,0.0,-2.0,4.0,shot_microstats,4963,0.5178165167442964,0.07088072910190145,4.321812506328701,0.5689356090829093,0.14524630870532662,4.2379994426681655
2025,2025-12-01,2025020407,PHI,PIT,0.0,-2.0,2.0,shot_microstats,4963,0.5534799311713816,0.2598078490207081,4.133802730962075,0.5832914184030707,0.300527482094254,4.261304532862455
2025,2025-12-01,2025020408,BUF,WPG,1.0,2.0,4.0,shot_microstats,4963,0.5980062957244131,0.4983128608434504,4.067182694803335,0.6331240846637866,0.5794789396934987,4.170111469092369
2025,2025-12-01,2025020409,STL,ANA,0.0,-2.0,4.0,shot_microstats,4963,0.5313318042411452,0.14018930307785926,4.2828786551523415,0.547885513630755,0.10198776128191109,4.161465818942271
2025,2025-12-01,2025020410,SJS,UTA,1.0,3.0,7.0,shot_microstats,4963,0.4251254726864439,-0.3724808015584291,4.206154940133849,0.4773091332980545,-0.2201905583996483,4.22232760871832
2025,2025-12-02,2025020411,MTL,OTT,0.0,-4.0,4.0,shot_microstats,4963,0.5157707335343724,0.0789843585231089,4.005985775150517,0.5154732076527799,-0.00769975581251553,4.202144445502798
2025,2025-12-02,2025020412,DET,BOS,1.0,2.0,6.0,shot_microstats,4963,0.5720162719068685,0.35858257986784464,4.07337069847246,0.6663988826989524,0.6958494929152164,4.011915443056446
2025,2025-12-02,2025020413,FLA,TOR,0.0,-3.0,3.0,shot_microstats,4963,0.610230795708196,0.5659987941479185,4.08130375168238,0.6687537560069537,0.6640013170938049,3.9621294177309427
2025,2025-12-02,2025020414,NYI,TBL,1.0,1.0,3.0,shot_microstats,4963,0.46390210754784694,-0.18279678136703442,4.1859658697393725,0.4574337907231779,-0.3069040384552253,4.220410976304866
2025,2025-12-02,2025020415,NYR,DAL,0.0,-1.0,3.0,shot_microstats,4963,0.5546740216588405,0.2758877109313159,3.9378461306159402,0.6048942168297948,0.457007671871819,3.8770967255300417
2025,2025-12-02,2025020416,NSH,CGY,1.0,5.0,5.0,shot_microstats,4963,0.4674799145442178,-0.15784277497396426,4.063474374973708,0.5484302795816043,0.05108769863622448,4.030424861912059
2025,2025-12-02,2025020417,COL,VAN,1.0,2.0,4.0,shot_microstats,4963,0.6945863505776056,1.102715364033337,4.3544409423450485,0.7430125445117534,1.2927937674319925,4.372822009845663
2025,2025-12-02,2025020418,EDM,MIN,0.0,-1.0,1.0,shot_microstats,4963,0.5506961639033445,0.23779901251419056,4.291209587804641,0.614405262782832,0.40130257000489633,4.399998010566925
2025,2025-12-03,2025020421,NJD,DAL,0.0,-3.0,3.0,shot_microstats,4963,0.514623819408788,0.06846064074821892,4.089825112868933,0.5525842681751826,0.17482968509600771,4.2613749730105965
2025,2025-12-03,2025020422,MTL,WPG,0.0,-1.0,3.0,shot_microstats,4963,0.5721523148709109,0.36154172343106067,4.024606974670636,0.5528737522742513,0.2225678585121877,4.243700149296072
2025,2025-12-03,2025020423,PHI,BUF,1.0,2.0,4.0,shot_microstats,4963,0.5026965476061517,0.01308280066145287,4.045217701516884,0.5076651863260764,-0.08651184300794901,4.117515815352554
2025,2025-12-03,2025020424,ANA,UTA,0.0,-6.0,6.0,shot_microstats,4963,0.4547973266337355,-0.24065387234480812,4.406734674312446,0.5254757455112696,-0.11198805159505998,4.443331434723191
2025,2025-12-03,2025020425,SJS,WSH,0.0,-5.0,5.0,shot_microstats,4963,0.43448300229520265,-0.3290246581256788,4.244323240534972,0.5229926137335398,0.02633505482821752,3.982092862844562
2025,2025-12-04,2025020426,BOS,STL,1.0,2.0,6.0,shot_microstats,4963,0.5185857616291952,0.09132544664963622,4.0300986696034045,0.5003819118822782,-0.14112844546887116,4.08901904977242
2025,2025-12-04,2025020427,OTT,NYR,0.0,-3.0,3.0,shot_microstats,4963,0.5609455843129666,0.3098893090131689,3.897080504349673,0.6034035324454913,0.3580256601305962,3.6266471390034987
2025,2025-12-04,2025020430,NYI,COL,1.0,1.0,7.0,shot_microstats,4963,0.40711492305529684,-0.46759525849116657,4.299711674411929,0.40392498215040235,-0.6819174814462238,4.036508737020524
2025,2025-12-04,2025020431,CAR,TOR,0.0,-3.0,5.0,shot_microstats,4963,0.6316582691112674,0.6863681313536871,4.251662880364068,0.6766277610580259,0.7453858146556617,4.153936129687406
2025,2025-12-04,2025020433,CGY,MIN,1.0,1.0,3.0,shot_microstats,4963,0.5938528295332793,0.4783930594688581,3.9955473993681827,0.6506834520894209,0.5819514006920752,3.8860407753540507
2025,2025-12-04,2025020434,EDM,SEA,1.0,1.0,7.0,shot_microstats,4963,0.593879946251552,0.4762198617810414,4.0539797226814205,0.5834670274074168,0.27636686891623236,4.34016309768377
2025,2025-12-05,2025020436,NJD,VGK,0.0,-1.0,1.0,shot_microstats,4963,0.44563006920903364,-0.26941741175093903,4.1590560278846755,0.5305926676673584,-0.044774277229559845,4.046574506956204
2025,2025-12-05,2025020437,WPG,BUF,1.0,3.0,3.0,shot_microstats,4963,0.46649369910541694,-0.16950803535488274,4.173327380813733,0.5052728267369129,-0.18256934011139375,3.965738923207114
2025,2025-12-05,2025020438,DAL,SJS,1.0,1.0,3.0,shot_microstats,4963,0.6132557777300149,0.5879190348793031,3.9381436341431497,0.6157597882935054,0.5059505844646343,4.15870904086589
2025,2025-12-05,2025020439,VAN,UTA,0.0,-1.0,3.0,shot_microstats,4963,0.39999149106053683,-0.5101302193689974,4.410613741587364,0.39281383940002224,-0.6794363460958424,4.411557480715424
2025,2025-12-06,2025020441,NYR,COL,0.0,-1.0,3.0,shot_microstats,4963,0.4514241566119643,-0.23977199961564677,4.134071867535452,0.47308173362556916,-0.35463692613632003,3.659243505336617
2025,2025-12-06,2025020442,FLA,CBJ,0.0,-1.0,9.0,shot_microstats,4963,0.5752283134630339,0.36853279497830743,4.232314232020722,0.6427523744208415,0.5226904464945913,4.06619106159033
2025,2025-12-06,2025020443,BOS,NJD,1.0,2.0,4.0,shot_microstats,4963,0.5201501308669305,0.098951055955766,4.030690206578495,0.5129672266604103,-0.08106717969500532,3.923883334738756
2025,2025-12-06,2025020445,OTT,STL,0.0,-1.0,1.0,shot_microstats,4963,0.5777667319914105,0.39060895680708374,4.0341857742616085,0.5847700144922736,0.2728913001942704,3.961085070716966
2025,2025-12-06,2025020447,CAR,NSH,1.0,1.0,5.0,shot_microstats,4963,0.6406417165076155,0.740768493403109,4.272900121768289,0.6764555811343164,0.7642215745799172,4.257917840969914
2025,2025-12-06,2025020448,CGY,UTA,1.0,1.0,1.0,shot_microstats,4963,0.5132552744387292,0.06100235186769755,4.102993455878785,0.5292271140462563,-0.015801359800061254,4.001678206020565
2025,2025-12-06,2025020449,LAK,CHI,1.0,4.0,4.0,shot_microstats,4963,0.5766590433329081,0.38686671626134095,3.987768347788394,0.5970570502529285,0.37947878567585575,3.9193606993058747
2025,2025-12-06,2025020450,EDM,WPG,1.0,3.0,7.0,shot_microstats,4963,0.5507238579332052,0.24169179462429002,4.214847245625063,0.6197332793233203,0.4532022980908619,4.294060466961345
2025,2025-12-06,2025020451,VAN,MIN,1.0,3.0,5.0,shot_microstats,4963,0.4996673643545483,-0.01466474639523871,4.262802537025948,0.5304448033212222,-0.021694825931535794,4.2886618519093
2025,2025-12-07,2025020454,FLA,NYI,1.0,1.0,3.0,shot_microstats,4963,0.5743610010072173,0.3707422168036886,4.076793206803864,0.6268482583713163,0.4613508284203433,3.9836819827903525
2025,2025-12-07,2025020455,CAR,SJS,0.0,-1.0,1.0,shot_microstats,4963,0.6730215483837909,0.9507215960860451,4.167930313306329,0.7105783276340141,1.0058824181590769,4.2826314461614485
2025,2025-12-07,2025020456,DAL,PIT,0.0,-1.0,3.0,shot_microstats,4963,0.5586829263862372,0.28482193694620317,4.168233796928696,0.5845473340009066,0.293055909500623,4.240326508119601
2025,2025-12-07,2025020458,NYR,VGK,1.0,1.0,3.0,shot_microstats,4963,0.4866572632801662,-0.06229937310001715,4.011694989860342,0.5904266959287275,0.25602795253692145,3.6839447042352256
2025,2025-12-07,2025020459,WSH,CBJ,1.0,1.0,1.0,shot_microstats,4963,0.568209648219037,0.3246597054406153,4.388595931178127,0.6297178295563468,0.46157381782313667,4.0608830560074685
2025,2025-12-07,2025020460,ANA,CHI,1.0,5.0,5.0,shot_microstats,4963,0.5480659834291546,0.22344519574375082,4.309269751743335,0.6145240249266308,0.35215780469652724,4.3242384352255625
2025,2025-12-08,2025020462,UTA,LAK,0.0,-2.0,4.0,shot_microstats,4963,0.5774993225081724,0.38793449485485854,4.062551951645354,0.6569363371167719,0.5971049358065142,3.9735878818147787
2025,2025-12-08,2025020464,VAN,DET,0.0,-3.0,3.0,shot_microstats,4963,0.44302579345452947,-0.2931985607932639,4.335535197472203,0.43048606512634074,-0.47799981577744793,4.270695418167517
2025,2025-12-08,2025020465,SEA,MIN,0.0,-2.0,2.0,shot_microstats,4963,0.513526069939581,0.06566497561340336,4.04615994257855,0.5451807688602291,0.14290446155089298,4.317361293039819
2025,2025-12-09,2025020466,MTL,TBL,0.0,-4.0,4.0,shot_microstats,4963,0.47939191444229434,-0.10381831964166388,4.116601968180304,0.39696699786452916,-0.5241093827334334,4.32874253800247
2025,2025-12-09,2025020467,OTT,NJD,0.0,-3.0,3.0,shot_microstats,4963,0.5860060511428465,0.434418512307193,4.035053088140302,0.6024575333717506,0.3665725224674123,3.8129526692919553
2025,2025-12-09,2025020469,PHI,SJS,1.0,2.0,4.0,shot_microstats,4963,0.6107592298792364,0.5754646214162259,3.8936216372059302,0.6092762244025954,0.5036144664652185,4.147657880016687
2025,2025-12-09,2025020471,CAR,CBJ,1.0,2.0,2.0,shot_microstats,4963,0.6134223739564066,0.574367526164056,4.420729571663502,0.6558545023537571,0.6375770000688351,4.276485947290313
2025,2025-12-09,2025020472,STL,BOS,0.0,-3.0,5.0,shot_microstats,4963,0.5677417674305972,0.3389176194076177,4.017224661940516,0.6195973967600468,0.5066701456602414,4.091234822180589
2025,2025-12-09,2025020473,WPG,DAL,1.0,1.0,5.0,shot_microstats,4963,0.4700442212819088,-0.1472278412027883,4.091000349861712,0.5086678592993398,-0.031237403048298917,4.117787875050236
2025,2025-12-10,2025020476,CHI,NYR,1.0,2.0,2.0,shot_microstats,4963,0.4411476040329058,-0.2901511178012265,4.142591948080402,0.5509540590839717,0.07494285572286574,3.991020490291968
2025,2025-12-10,2025020477,CGY,DET,0.0,-2.0,6.0,shot_microstats,4963,0.5432180290681463,0.2118540555655422,4.056248629628358,0.5614728957541311,0.14680005305286548,3.8600130838163706
2025,2025-12-10,2025020478,UTA,FLA,0.0,-1.0,7.0,shot_microstats,4963,0.5305207932762387,0.14075266296452413,4.197493175768251,0.5996425977534764,0.319361815826939,4.132381486468996
2025,2025-12-11,2025020481,NJD,TBL,0.0,-4.0,6.0,shot_microstats,4963,0.45070475036010005,-0.24523307063215716,4.165422988139131,0.46706593530216384,-0.29905133933433825,4.190685360023417
2025,2025-12-11,2025020482,NYI,ANA,1.0,3.0,3.0,shot_microstats,4963,0.5384858749066176,0.17676038048828588,4.270568012912309,0.5635902773285006,0.15852211934071458,4.088299252996314
2025,2025-12-11,2025020483,PHI,VGK,1.0,1.0,3.0,shot_microstats,4963,0.4822353444054115,-0.08615086798326188,4.05283495114777,0.5271703709735406,0.03159487114211554,3.9768977006889816
2025,2025-12-11,2025020484,PIT,MTL,0.0,-2.0,4.0,shot_microstats,4963,0.5182156594000158,0.07897641739208175,4.213021249048462,0.5673119122061214,0.1975108376574191,4.402515895593891
2025,2025-12-11,2025020485,WSH,CAR,1.0,1.0,3.0,shot_microstats,4963,0.46319931247274676,-0.20028773323981125,4.410883145873816,0.5030341555162146,-0.20934456274447244,3.827558069400562
2025,2025-12-11,2025020486,CBJ,OTT,0.0,-2.0,6.0,shot_microstats,4963,0.4707344603616482,-0.15500179660077984,4.268198138387557,0.553147966815978,0.048107582077426436,4.224701193209119
2025,2025-12-11,2025020487,NSH,STL,1.0,3.0,7.0,shot_microstats,4963,0.5149682812149762,0.0680271551830452,4.126164325072967,0.5319223633786918,-0.005461361820400357,4.264234278003779
2025,2025-12-11,2025020488,MIN,DAL,1.0,3.0,3.0,shot_microstats,4963,0.48922718530976306,-0.05619392822651903,4.1132700287407955,0.4986076815821526,-0.0714476383310998,4.282270136782521
2025,2025-12-11,2025020489,WPG,BOS,0.0,-1.0,5.0,shot_microstats,4963,0.5211432737259799,0.10350435827024945,4.036128205952628,0.5855935560515426,0.28579905800740346,3.8498242336605584
2025,2025-12-11,2025020490,COL,FLA,1.0,4.0,8.0,shot_microstats,4963,0.6028888992044571,0.5224102433144823,4.149785628785046,0.6606624406338677,0.7217307862960123,4.074176972469054
2025,2025-12-11,2025020491,EDM,DET,1.0,1.0,3.0,shot_microstats,4963,0.4939481983301888,-0.048660760579500306,4.366615451362933,0.5195759314462851,-0.05159421062521463,4.435830594750286
2025,2025-12-11,2025020492,VAN,BUF,0.0,-1.0,3.0,shot_microstats,4963,0.4455005125282584,-0.27718347725630965,4.272106602478261,0.4494574562351665,-0.43965635140603293,4.2334069839486475
2025,2025-12-12,2025020494,UTA,SEA,0.0,-1.0,5.0,shot_microstats,4963,0.630935947324908,0.6852852064721368,4.110360299174066,0.6497862280419638,0.6035659599760439,4.274147670382995
2025,2025-12-13,2025020495,NJD,ANA,1.0,2.0,4.0,shot_microstats,4963,0.5320982561346308,0.1446837159729719,4.270522301361882,0.5706248422388468,0.14463594079519188,4.057731237537935
2025,2025-12-13,2025020496,MIN,OTT,1.0,2.0,2.0,shot_microstats,4963,0.46357486103861606,-0.1799314444667457,4.115433317517279,0.5314899147340163,-0.010113232041140785,4.0525095133916125
2025,2025-12-13,2025020497,PIT,SJS,0.0,-1.0,3.0,shot_microstats,4963,0.5833315794813707,0.41785551090068435,4.088139150450176,0.6517680548924932,0.5945050271695973,4.208792821993998
2025,2025-12-13,2025020499,TOR,EDM,0.0,-3.0,9.0,shot_microstats,4963,0.5117458094620717,0.04429631090340932,4.263510594510452,0.5777755955737595,0.22675643137884519,4.288570680981732
2025,2025-12-13,2025020500,NYR,MTL,0.0,-2.0,6.0,shot_microstats,4963,0.5420424285838004,0.2111636718826529,3.960059840062614,0.5969549502893665,0.36089936340031525,3.989033121782955
2025,2025-12-13,2025020503,WPG,WSH,1.0,4.0,4.0,shot_microstats,4963,0.45725191266504966,-0.22035705860311527,4.272761516970551,0.5338672762317004,0.010128841998715776,3.860374368200438
2025,2025-12-13,2025020504,CHI,DET,0.0,-3.0,3.0,shot_microstats,4963,0.4496280145925129,-0.2616355003614214,4.342639142458655,0.4971297258410752,-0.1653070211397375,4.238847014077558
2025,2025-12-13,2025020505,DAL,FLA,0.0,-1.0,1.0,shot_microstats,4963,0.500878354599348,0.004162594887379856,4.047098938108326,0.501898844894588,-0.06601381216164603,4.047581717323971
2025,2025-12-13,2025020507,LAK,CGY,1.0,1.0,1.0,shot_microstats,4963,0.5514103453367136,0.2663715198266101,3.8074363937441444,0.6406582318683629,0.5594159353587606,3.5930212359234055
2025,2025-12-14,2025020508,NJD,VAN,1.0,1.0,1.0,shot_microstats,4963,0.5650258096724148,0.31694386829185167,4.184388351865177,0.6113320854679681,0.3619824120672223,4.1300252776864195
2025,2025-12-14,2025020509,PIT,UTA,1.0,1.0,7.0,shot_microstats,4963,0.46057466508008554,-0.21587584947626398,4.45731214951042,0.5272349917096771,-0.06218803763047637,4.44974983439412
2025,2025-12-14,2025020510,CAR,PHI,1.0,1.0,1.0,shot_microstats,4963,0.62212095273755,0.6311294435674222,4.192229425082401,0.6679698413458175,0.6874097619508037,4.386974574876698
2025,2025-12-14,2025020511,MIN,BOS,1.0,1.0,5.0,shot_microstats,4963,0.5354230516545555,0.1718190378271689,4.075791514907344,0.5684105151882738,0.2214627661129861,4.02476854323928
2025,2025-12-14,2025020512,MTL,EDM,1.0,1.0,1.0,shot_microstats,4963,0.5523958144155601,0.25004839732932516,4.218837395688271,0.47722701101700565,-0.13207477666927236,4.529050811524546
2025,2025-12-14,2025020513,SEA,BUF,0.0,-1.0,1.0,shot_microstats,4963,0.4639918228909013,-0.1735062517964152,4.045433523960145,0.47993460943701016,-0.22200001742717324,4.226669668794505
2025,2025-12-15,2025020514,TBL,FLA,0.0,-1.0,5.0,shot_microstats,4963,0.567384550208831,0.33544020027586485,4.05134558380228,0.6128841479738136,0.47749604279407026,3.9354748067035943
2025,2025-12-15,2025020516,WPG,OTT,1.0,1.0,3.0,shot_microstats,4963,0.45287124664255635,-0.22882200598487712,4.071511162331957,0.5577267503079459,0.08349858004168856,3.8400412948455296
2025,2025-12-15,2025020517,STL,NSH,0.0,-2.0,4.0,shot_microstats,4963,0.5326180590384018,0.15481194757524555,4.1313003599792735,0.5720834020407383,0.23675265711561172,4.247747030931735
2025,2025-12-15,2025020518,DAL,LAK,1.0,3.0,3.0,shot_microstats,4963,0.5302467176879583,0.1578168570590023,3.869804745365243,0.5258389164660978,0.05380622199056451,3.8441217291576737
2025,2025-12-16,2025020519,BOS,UTA,1.0,3.0,3.0,shot_microstats,4963,0.46035326351059624,-0.20293879176950957,4.233970453569396,0.45176871416720843,-0.34690168744654637,4.2226908980601
2025,2025-12-16,2025020520,TOR,CHI,1.0,1.0,3.0,shot_microstats,4963,0.556282385806478,0.2716672737095789,4.184629546984416,0.6317036998884729,0.48413654839458625,4.149047157034145
2025,2025-12-16,2025020521,MTL,PHI,0.0,-2.0,4.0,shot_microstats,4963,0.5437689153246787,0.21812105374574256,3.9909562878655627,0.489540435639827,-0.10760960583925316,4.448626033249092
2025,2025-12-16,2025020522,DET,NYI,0.0,-1.0,3.0,shot_microstats,4963,0.5439266899706718,0.2075236639830741,4.207059018109767,0.5754592002711837,0.23513530603241983,4.184349732931978
2025,2025-12-16,2025020523,NYR,VAN,0.0,-2.0,2.0,shot_microstats,4963,0.6057557083749116,0.541952852832101,4.04876098632295,0.6626651592495427,0.6638437066083627,3.7970376096434735
2025,2025-12-16,2025020526,MIN,WSH,1.0,3.0,3.0,shot_microstats,4963,0.4764230538525346,-0.1299269806474987,4.306579721973971,0.5201447144755059,-0.035009295421927544,4.075799155442271
2025,2025-12-16,2025020527,SJS,CGY,1.0,2.0,8.0,shot_microstats,4963,0.47535892958580783,-0.11282686825520982,3.9506638731759383,0.5910490040399152,0.2946824872113346,3.7576363945145186
2025,2025-12-16,2025020528,SEA,COL,0.0,-1.0,5.0,shot_microstats,4963,0.3485362918406527,-0.7729676064913231,4.255917436444113,0.3307489483059501,-1.0086934191520638,4.151068360948444
2025,2025-12-17,2025020529,FLA,LAK,1.0,1.0,3.0,shot_microstats,4963,0.5693941235487554,0.35357810713901183,3.8910650467968746,0.6485772251395313,0.5604023005186338,3.6881302000771212
2025,2025-12-17,2025020530,DET,UTA,0.0,-4.0,4.0,shot_microstats,4963,0.497181492506243,-0.03165618083056683,4.3453010950555475,0.5323253639150569,0.008291098221335946,4.352457886271238
2025,2025-12-17,2025020531,STL,WPG,1.0,1.0,1.0,shot_microstats,4963,0.5521645902483867,0.2555047569842053,4.086174730310331,0.6260212208987876,0.520815300225047,4.123970758634946
2025,2025-12-17,2025020532,NSH,CAR,0.0,-1.0,3.0,shot_microstats,4963,0.4014161941371188,-0.500619800345432,4.372237247568849,0.4098093163300385,-0.6280367206167498,4.057880972260297
2025,2025-12-17,2025020533,VGK,NJD,0.0,-1.0,1.0,shot_microstats,4963,0.6100118893025972,0.5657942864036415,4.0503615224438265,0.636874978019497,0.5745349506144727,3.662999575996625
2025,2025-12-18,2025020534,BOS,EDM,0.0,-1.0,1.0,shot_microstats,4963,0.515431813164789,0.0677130689158929,4.170819887792718,0.4917070093345753,-0.12698436360695897,4.205660227939423
2025,2025-12-18,2025020536,MTL,CHI,1.0,2.0,4.0,shot_microstats,4963,0.6064094867047598,0.5437339214763237,4.1030721894703435,0.5421604895185983,0.18226940799720937,4.360031645095123
2025,2025-12-18,2025020537,OTT,PIT,1.0,3.0,3.0,shot_microstats,4963,0.5935366361543697,0.4707702832495894,4.14673406519316,0.6086799714263941,0.3850540393160013,3.973242364849998
2025,2025-12-18,2025020538,TBL,LAK,0.0,-2.0,2.0,shot_microstats,4963,0.5876978367285797,0.4488257030862444,3.9099679561281753,0.6397407214372165,0.6169396855495388,3.759639796080151
2025,2025-12-18,2025020539,WSH,TOR,1.0,4.0,4.0,shot_microstats,4963,0.581533591811615,0.40297630070835716,4.21464367481482,0.6487419728287112,0.5536046141470699,3.9036353212347072
2025,2025-12-18,2025020541,STL,NYR,1.0,1.0,1.0,shot_microstats,4963,0.5069082296049496,0.035310983201847446,4.015266153923901,0.5761009991458869,0.23019924794824623,3.9893602377750237
2025,2025-12-18,2025020542,CGY,SEA,1.0,1.0,3.0,shot_microstats,4963,0.5943116892387013,0.48413976801710945,3.9156061780212177,0.5911887791662264,0.29299322978728776,3.907948725346641
2025,2025-12-19,2025020544,FLA,CAR,0.0,-1.0,3.0,shot_microstats,4963,0.4469661911120193,-0.27076930034849434,4.283062189439713,0.490407868930223,-0.26237380125442844,3.8445068734834997
2025,2025-12-19,2025020545,NYI,VAN,0.0,-2.0,2.0,shot_microstats,4963,0.5606593045868011,0.2948020300742687,4.173002941602415,0.588339420690869,0.2982137547552234,4.126587654419182
2025,2025-12-19,2025020546,COL,WPG,1.0,3.0,3.0,shot_microstats,4963,0.6693311796912895,0.9253681062014139,4.286854492650594,0.7649043366871711,1.3828513988683084,4.276578196637769
2025,2025-12-19,2025020547,UTA,NJD,0.0,-1.0,1.0,shot_microstats,4963,0.5771129144671125,0.37897372030304854,4.222744051460717,0.6315356039602242,0.4781123969480048,4.183539683991309
2025,2025-12-19,2025020548,ANA,DAL,0.0,-3.0,9.0,shot_microstats,4963,0.5024028827882125,0.0018543946698421632,4.208784974718394,0.5662869755973818,0.16245039422835172,4.439890317777395
2025,2025-12-20,2025020549,NYR,PHI,1.0,2.0,4.0,shot_microstats,4963,0.5634088661236896,0.3221016070645454,3.904668903768907,0.6395073472149756,0.5224197460103586,3.9343621152980015
2025,2025-12-20,2025020550,WSH,DET,0.0,-2.0,6.0,shot_microstats,4963,0.5383040183466531,0.17393192884658892,4.307500004948058,0.5845046202776931,0.2258843522693586,4.051018894090093
2025,2025-12-20,2025020551,OTT,CHI,1.0,1.0,7.0,shot_microstats,4963,0.6352656208150617,0.7116582778644855,4.09113771140357,0.6415197190045623,0.6061213316413876,3.9812918443959338
2025,2025-12-20,2025020552,MIN,EDM,1.0,2.0,4.0,shot_microstats,4963,0.51069354304744,0.037043539835128605,4.299899822043028,0.514890977698046,-0.03622411422259075,4.377566763838667
2025,2025-12-20,2025020554,FLA,STL,0.0,-3.0,5.0,shot_microstats,4963,0.5811094084795552,0.4071268583729631,4.0616149645775295,0.6416903415509561,0.5042698261028908,4.0772069762152094
2025,2025-12-20,2025020555,BOS,VAN,0.0,-1.0,5.0,shot_microstats,4963,0.5528590099532182,0.2606651779225242,4.054246260131299,0.5501924578216905,0.12907558765815447,3.9688431761165788
2025,2025-12-20,2025020556,MTL,PIT,1.0,1.0,1.0,shot_microstats,4963,0.5677316207623853,0.33148817164043676,4.175397290648558,0.5253217068072523,0.05005875112396002,4.363066632791904
2025,2025-12-20,2025020557,TBL,CAR,1.0,3.0,7.0,shot_microstats,4963,0.48764755657429126,-0.0728906861734335,4.261307174520894,0.5039434795114749,-0.09856310918894191,3.884284714975319
2025,2025-12-20,2025020558,NSH,TOR,0.0,-1.0,3.0,shot_microstats,4963,0.5526408261566715,0.2571063095796051,4.102392098276562,0.5847303235147382,0.2543436984677163,4.090910759313282
2025,2025-12-20,2025020559,CGY,VGK,1.0,2.0,6.0,shot_microstats,4963,0.48268766717270595,-0.08304549053471266,4.037952742765748,0.5679790857936862,0.14100759099868354,3.7500921413730812
2025,2025-12-20,2025020560,ANA,CBJ,1.0,2.0,6.0,shot_microstats,4963,0.5047411325587361,0.0008821346030137706,4.421134138674914,0.5762187862495187,0.14718715103522295,4.369015500629903
2025,2025-12-20,2025020561,SJS,SEA,0.0,-2.0,4.0,shot_microstats,4963,0.5392915075221967,0.19775796450550048,3.9544592411778092,0.5752253136510191,0.23581315132025735,4.045559417335829
2025,2025-12-21,2025020562,DET,WSH,0.0,-1.0,3.0,shot_microstats,4963,0.5228217305009807,0.09585358087396363,4.318532269182099,0.5889107235768901,0.28869930789278186,4.093961399274194
2025,2025-12-21,2025020563,MIN,COL,0.0,-1.0,3.0,shot_microstats,4963,0.39122420436511113,-0.5551119340487686,4.419802076037621,0.36282224654214174,-0.8808196262219626,4.154905062171472
2025,2025-12-21,2025020564,BOS,OTT,0.0,-3.0,5.0,shot_microstats,4963,0.4627384485913346,-0.1763317442072858,3.994528527599905,0.514262398341092,-0.0670519290784608,3.882356062098267
2025,2025-12-21,2025020565,NJD,BUF,0.0,-1.0,3.0,shot_microstats,4963,0.5216022106266581,0.10014238754708327,4.133997463987151,0.5432095321481702,0.009207246214001819,4.171235345567672
2025,2025-12-21,2025020566,PIT,MTL,0.0,-1.0,5.0,shot_microstats,4963,0.5043624429737006,0.01180579769613141,4.201846228956541,0.5557574844301368,0.1447957588008153,4.355054316810287
2025,2025-12-21,2025020568,DAL,TOR,1.0,3.0,5.0,shot_microstats,4963,0.5729417920661629,0.364725691657698,4.045166370983617,0.5562915419785399,0.2055235933487865,4.087877621722916
2025,2025-12-21,2025020569,UTA,WPG,1.0,1.0,5.0,shot_microstats,4963,0.6234363010754308,0.6396853783032009,4.160322668733872,0.7208692831317967,1.0120051360553433,4.130331823241178
2025,2025-12-21,2025020570,EDM,VGK,1.0,1.0,3.0,shot_microstats,4963,0.43777386297085213,-0.31760712226460264,4.317711100284864,0.521130646163518,-0.07534578332003306,4.226694761428177
2025,2025-12-22,2025020572,PHI,VAN,1.0,2.0,6.0,shot_microstats,4963,0.5884874080691737,0.44695606167496593,4.054502022794152,0.5781073615779247,0.32315422289394685,4.125965150772958
2025,2025-12-22,2025020574,LAK,CBJ,1.0,1.0,1.0,shot_microstats,4963,0.5690220462897497,0.3415533775090799,4.103011796385968,0.6278093899623629,0.4927851408558874,3.8978299130040117
2025,2025-12-23,2025020576,WSH,NYR,0.0,-3.0,7.0,shot_microstats,4963,0.546565451097658,0.2259109253061219,4.109540282547856,0.6379083502228332,0.4785988348762661,3.7696637123423047
2025,2025-12-23,2025020577,BOS,MTL,0.0,-3.0,5.0,shot_microstats,4963,0.5066655188618663,0.03585204720212121,3.9867311236331258,0.48653546753535515,-0.10048055853586924,4.138796646035315
2025,2025-12-23,2025020578,OTT,BUF,0.0,-1.0,3.0,shot_microstats,4963,0.5926809836638691,0.4702477543038589,4.039975295208574,0.5754894184768329,0.22516487235392985,3.8829724439363718
2025,2025-12-23,2025020580,NYI,NJD,1.0,1.0,3.0,shot_microstats,4963,0.5199673358989336,0.09359398916594142,4.107914928369771,0.5553606707550118,0.1143775302208633,4.0324495427893385
2025,2025-12-23,2025020581,CAR,FLA,0.0,-2.0,6.0,shot_microstats,4963,0.5873408419763125,0.4356973696930743,4.180415693675412,0.6403381924200167,0.5434687384022817,4.059927268817544
2025,2025-12-23,2025020582,MIN,NSH,1.0,1.0,1.0,shot_microstats,4963,0.531237479191116,0.14615503164220417,4.163916069226674,0.5540321460562567,0.1307852714504123,4.195856788846777
2025,2025-12-23,2025020583,CHI,PHI,0.0,-1.0,1.0,shot_microstats,4963,0.44888848917367996,-0.25491303263173015,4.179468654196435,0.5064888107381919,-0.11793202656015755,4.35129613652656
2025,2025-12-23,2025020584,COL,UTA,1.0,1.0,1.0,shot_microstats,4963,0.5834248569120557,0.4089974169202446,4.320853123019802,0.648469560258731,0.6448206896480497,4.370958583931637
2025,2025-12-23,2025020585,EDM,CGY,1.0,1.0,3.0,shot_microstats,4963,0.5073774695302847,0.027390020196252515,4.186799456950866,0.5823741744187673,0.21377367673755598,4.141985842922553
2025,2025-12-23,2025020586,VGK,SJS,1.0,4.0,8.0,shot_microstats,4963,0.6372709823079517,0.725162931286946,4.029466943312115,0.6725962887753719,0.7912283154107165,3.828757751830167
2025,2025-12-27,2025020588,NYI,NYR,1.0,1.0,1.0,shot_microstats,4963,0.49880555340340504,-0.006125358503852485,4.051328971142537,0.5766444603564912,0.20487025928669816,3.9319140149237066
2025,2025-12-27,2025020589,BUF,BOS,1.0,2.0,4.0,shot_microstats,4963,0.5600289142873811,0.30005134574694026,3.998943358050585,0.6076001049597589,0.4317216052831308,4.112882130551502
2025,2025-12-27,2025020590,TOR,OTT,1.0,1.0,7.0,shot_microstats,4963,0.43468481989817614,-0.32104709959079314,4.132962862771756,0.5786857615672424,0.18418676134554401,4.021280885310123
2025,2025-12-27,2025020591,FLA,TBL,0.0,-1.0,3.0,shot_microstats,4963,0.5085021759652721,0.04248076037583923,4.024767295195305,0.5490673290037973,0.0827641499078079,3.9280517740246492
2025,2025-12-27,2025020592,NJD,WSH,0.0,-1.0,5.0,shot_microstats,4963,0.48837359602899877,-0.07142588941830733,4.29505230161514,0.5716747740340101,0.1645193919973098,4.080477857151051
2025,2025-12-27,2025020593,CAR,DET,1.0,4.0,4.0,shot_microstats,4963,0.6067420759979777,0.5380570190152558,4.340437674604079,0.6366590310098492,0.5367849923233516,4.270257278376456
2025,2025-12-27,2025020594,WPG,MIN,1.0,1.0,5.0,shot_microstats,4963,0.5004249275149834,-0.003563140697758177,4.138634368438668,0.5543196824094179,0.10492522731006129,3.930037511725262
2025,2025-12-27,2025020595,STL,NSH,1.0,1.0,3.0,shot_microstats,4963,0.5453564911557981,0.22084852066875676,4.089608665365041,0.5709439822120047,0.2581840557442845,4.209160688611354
2025,2025-12-27,2025020597,LAK,ANA,1.0,5.0,5.0,shot_microstats,4963,0.5770920273464979,0.3847465842242024,4.085947226548388,0.6272299163550821,0.47096804566121564,3.750606884805883
2025,2025-12-27,2025020598,CGY,EDM,1.0,2.0,4.0,shot_microstats,4963,0.5293595981936173,0.1367722342648035,4.164784263407066,0.5427286715181988,0.08424600028789953,4.141149900011548
2025,2025-12-27,2025020599,VAN,SJS,0.0,-3.0,5.0,shot_microstats,4963,0.5139507524875043,0.06246966878650476,4.1360958691039755,0.5378957296449575,0.04801950935366711,4.250205934398533
2025,2025-12-28,2025020601,DET,TOR,1.0,1.0,3.0,shot_microstats,4963,0.5499107982939511,0.23737321515444013,4.21819440472859,0.5955233623345298,0.3302301029618743,4.178864859655119
2025,2025-12-28,2025020602,TBL,MTL,1.0,1.0,7.0,shot_microstats,4963,0.5978591000848975,0.5013097137405762,3.968299714754605,0.6207477618317558,0.5965990741903785,4.130270610288934
2025,2025-12-28,2025020603,CBJ,NYI,1.0,1.0,5.0,shot_microstats,4963,0.5164238259185718,0.06431134436190203,4.316312040919753,0.5513712659360501,0.08597349880341476,4.32418370748882
2025,2025-12-28,2025020604,CHI,PIT,0.0,-3.0,9.0,shot_microstats,4963,0.4611957522555641,-0.20360453607524426,4.309239131026212,0.5250129185712741,-0.05185622024514136,4.227876980393628
2025,2025-12-28,2025020605,SEA,PHI,1.0,1.0,3.0,shot_microstats,4963,0.4657985396001597,-0.16330954250677,4.021766317617298,0.5060074422831694,-0.06580948071818449,4.360234830609958
2025,2025-12-29,2025020606,OTT,CBJ,0.0,-3.0,5.0,shot_microstats,4963,0.6033344018541948,0.523661631869504,4.186245192778877,0.6166112698452153,0.45294241030386545,3.947975060790615
2025,2025-12-29,2025020607,FLA,WSH,1.0,2.0,4.0,shot_microstats,4963,0.5371668497685246,0.175122357943107,4.175768063593134,0.6234373161003655,0.42850441578676957,3.8594045154051404
2025,2025-12-29,2025020610,STL,BUF,0.0,-1.0,5.0,shot_microstats,4963,0.5312973151373102,0.14866262655414683,4.123703286927465,0.5333382543599556,0.04066553804215178,4.236497592935946
2025,2025-12-29,2025020611,COL,LAK,1.0,4.0,4.0,shot_microstats,4963,0.6235199605475283,0.6427885102790734,4.064993697861522,0.7045121296981097,0.951639250198856,3.955360440349168
2025,2025-12-29,2025020612,UTA,NSH,0.0,-1.0,5.0,shot_microstats,4963,0.5906483163590376,0.4543560688584087,4.163145088246063,0.640667635335409,0.5540325716404352,4.188768035634015
2025,2025-12-29,2025020614,VGK,MIN,0.0,-3.0,7.0,shot_microstats,4963,0.5975470527359896,0.4933217944686292,4.133421429411227,0.6496272343323759,0.6411326766741746,3.880017147461418
2025,2025-12-29,2025020615,ANA,SJS,0.0,-2.0,8.0,shot_microstats,4963,0.5449189454727996,0.21285409393605503,4.20109178221194,0.6059539572323804,0.3167842659425157,4.324353269001889
2025,2025-12-29,2025020616,SEA,VAN,0.0,-1.0,3.0,shot_microstats,4963,0.5333138645471525,0.1604431267748293,4.091809193882796,0.555510787111908,0.18465013904343425,4.221485636129005
2025,2025-12-30,2025020617,TOR,NJD,1.0,2.0,2.0,shot_microstats,4963,0.5033099736341464,0.007984640420312022,4.179894353389783,0.5867709081935996,0.2337881549814019,4.051119171054569
2025,2025-12-30,2025020619,PIT,CAR,1.0,3.0,5.0,shot_microstats,4963,0.4050312078135411,-0.4897200761794307,4.490089709785427,0.43278600872056566,-0.5432259178152059,4.106647536611211
2025,2025-12-30,2025020621,VAN,PHI,0.0,-1.0,7.0,shot_microstats,4963,0.4532420545339914,-0.23245739570232482,4.157461010531911,0.4882055342986144,-0.2099158064546876,4.33889218810056
2025,2025-12-31,2025020622,WSH,NYR,1.0,2.0,6.0,shot_microstats,4963,0.5559193147228989,0.27379413211293596,4.103463131091891,0.6584339834292295,0.5793341148510667,3.7680086512195645
2025,2025-12-31,2025020623,VGK,NSH,0.0,-1.0,3.0,shot_microstats,4963,0.6042675084793285,0.5320893482620715,4.092891073172298,0.6377541382570334,0.5802208222385217,3.8224482038601857
2025,2025-12-31,2025020625,SJS,MIN,0.0,-1.0,5.0,shot_microstats,4963,0.49112211772396597,-0.04812311661885166,4.130859366695013,0.585620512747745,0.2929809717807759,4.104701632991283
2025,2025-12-31,2025020628,DAL,BUF,0.0,-3.0,5.0,shot_microstats,4963,0.5392547876808838,0.19240689961475368,4.048762985761597,0.49730998589277053,-0.09570382590487703,4.160749906890082
2025,2025-12-31,2025020629,COL,STL,1.0,4.0,6.0,shot_microstats,4963,0.6536844976691313,0.8227514607628044,4.279439447180948,0.7017982490506975,0.9507588796258926,4.40072499756303
2025,2025-12-31,2025020630,CGY,PHI,1.0,2.0,4.0,shot_microstats,4963,0.5143614189133804,0.0745269497192528,3.9652553728483637,0.5427989022030398,0.059946179039383374,4.051663302840576
2025,2025-12-31,2025020631,EDM,BOS,0.0,-3.0,7.0,shot_microstats,4963,0.5451469349403774,0.2179772276166735,4.124286675396849,0.597176380678529,0.3506281133345493,4.1895051913828825
2025,2026-01-01,2025020632,OTT,WSH,1.0,3.0,5.0,shot_microstats,4963,0.5518894527611123,0.2500370620693023,4.166797349341197,0.5987096503638385,0.34660237646560926,3.7600040382853996
2025,2026-01-01,2025020633,NYI,UTA,0.0,-3.0,5.0,shot_microstats,4963,0.44870943115347844,-0.26154821613604773,4.270792647984302,0.4803953727513648,-0.22347265365118596,4.268887335889242
2025,2026-01-01,2025020634,TOR,WPG,1.0,1.0,9.0,shot_microstats,4963,0.5278406465164613,0.13425835942277303,4.074886848833624,0.6626544722702349,0.6574877598385938,3.9520189931959906
2025,2026-01-01,2025020635,PIT,DET,1.0,1.0,3.0,shot_microstats,4963,0.5234771756318538,0.0996714126578274,4.308261504925049,0.5696348588926727,0.13055265414951087,4.220877941935874
2025,2026-01-01,2025020636,CAR,MTL,0.0,-4.0,8.0,shot_microstats,4963,0.6021855228891242,0.5158775087930411,4.226243584144588,0.6375799280238448,0.6049442878164923,4.354283186466045
2025,2026-01-01,2025020637,CHI,DAL,1.0,1.0,3.0,shot_microstats,4963,0.4580184632745093,-0.21012321611260443,4.169173962222187,0.5113926199559128,-0.036298183403757456,4.301745189689458
2025,2026-01-01,2025020638,SEA,NSH,1.0,3.0,3.0,shot_microstats,4963,0.48927789914851905,-0.051049933232229394,4.033862622215259,0.5139141438931049,-0.009074956697257108,4.220529853097474
2025,2026-01-01,2025020639,LAK,TBL,0.0,-2.0,4.0,shot_microstats,4963,0.5112527761481074,0.06312395377178484,3.903402275455827,0.5440719042034422,0.10630706249294186,3.7303897464602898
2025,2026-01-02,2025020640,STL,VGK,1.0,1.0,7.0,shot_microstats,4963,0.45593262503165977,-0.22039692241665398,4.172367499759285,0.5155279748890432,-0.03547458718719265,4.139607601418895
2025,2026-01-02,2025020641,FLA,NYR,0.0,-2.0,2.0,shot_microstats,4963,0.5754330223256766,0.3854267867193464,3.880843538323243,0.6671808549908974,0.6471273871117834,3.7036490992328477
2025,2026-01-02,2025020642,VAN,SEA,0.0,-1.0,3.0,shot_microstats,4963,0.531327554385265,0.1496816765166063,4.107974535461107,0.5168795140587168,-0.05424940132525358,4.230871908602328
2025,2026-01-02,2025020643,ANA,MIN,0.0,-2.0,6.0,shot_microstats,4963,0.5190872608330945,0.0771705482063566,4.321697572461946,0.5966864727723158,0.2664880521408212,4.380119324400417
2025,2026-01-03,2025020644,DET,PIT,0.0,-1.0,3.0,shot_microstats,4963,0.514482354669912,0.05666991713435308,4.282243051853446,0.5848187570488049,0.2284905855051858,4.251587009608119
2025,2026-01-03,2025020645,NJD,UTA,1.0,2.0,4.0,shot_microstats,4963,0.46084723631547536,-0.20238893802055175,4.263119678288489,0.5028881675359632,-0.153455935770219,4.307785683906235
2025,2026-01-03,2025020646,CBJ,BUF,1.0,2.0,4.0,shot_microstats,4963,0.5125534189503241,0.04608399480538665,4.301563407353471,0.5433838766737348,0.007330101927205568,4.306158137619648
2025,2026-01-03,2025020647,EDM,PHI,0.0,-3.0,5.0,shot_microstats,4963,0.5017245350996061,-0.001632318128425847,4.211919659120316,0.5352999341434083,0.025228162238904672,4.5064384906088515
2025,2026-01-03,2025020648,STL,MTL,1.0,1.0,1.0,shot_microstats,4963,0.4962849912875514,-0.02273270297761676,4.1238890447452095,0.5071186031700087,0.016219855095910785,4.413282049590564
2025,2026-01-03,2025020649,SJS,TBL,0.0,-2.0,6.0,shot_microstats,4963,0.41745000356438283,-0.40542820623951725,4.12562215317977,0.4790123365137533,-0.21217650446961833,4.024598667778153
2025,2026-01-03,2025020650,OTT,WPG,1.0,1.0,3.0,shot_microstats,4963,0.6259511247677799,0.6597685851743967,3.967130969772387,0.6949554031329553,0.8871824042091292,3.7213433063153234
2025,2026-01-03,2025020652,WSH,CHI,1.0,1.0,3.0,shot_microstats,4963,0.6153528424525433,0.5890765091746148,4.288759452055411,0.6666490232530214,0.6847731923988334,4.114110974329803
2025,2026-01-03,2025020653,CAR,COL,0.0,-1.0,3.0,shot_microstats,4963,0.47965379659869545,-0.12307943755905676,4.4499403907381865,0.4893922044104001,-0.28309289161878826,4.102327720703387
2025,2026-01-03,2025020654,CGY,NSH,0.0,-1.0,7.0,shot_microstats,4963,0.538750604049786,0.1919591084637579,4.010852322042007,0.5594835725958595,0.1465933491982933,3.9290016938016925
2025,2026-01-03,2025020656,VAN,BOS,1.0,1.0,1.0,shot_microstats,4963,0.5083274871962282,0.0380822132738845,4.084269615944463,0.5605034769554006,0.15857662275017856,4.016186825787495
2025,2026-01-04,2025020657,DAL,MTL,1.0,1.0,5.0,shot_microstats,4963,0.5229766383512815,0.1117837822818834,4.048641285997076,0.49584070616891796,-0.009777341016019625,4.32415218032537
2025,2026-01-04,2025020658,CBJ,PIT,1.0,2.0,6.0,shot_microstats,4963,0.5082172174473288,0.02017408181817358,4.382237090708618,0.5805484508760796,0.17073464275807687,4.357448102265516
2025,2026-01-04,2025020659,FLA,COL,1.0,1.0,3.0,shot_microstats,4963,0.4371561192185995,-0.31538187751196456,4.234692164519021,0.4559230141536349,-0.44321349801795706,3.853930738478413
2025,2026-01-04,2025020660,NJD,CAR,0.0,-2.0,4.0,shot_microstats,4963,0.40837174800022286,-0.46858314033162274,4.417947299171805,0.4297800676726245,-0.5349708822084801,4.144894660956958
2025,2026-01-05,2025020662,NYR,UTA,0.0,-2.0,2.0,shot_microstats,4963,0.48498667708918036,-0.07422105647994531,4.074082276188004,0.5549512750440228,0.10721782433884353,3.8742715322031325
2025,2026-01-05,2025020663,WSH,ANA,1.0,1.0,9.0,shot_microstats,4963,0.5499483877168407,0.22816888680638808,4.411991588048455,0.6163062370580441,0.34131483829642084,3.9618444611886767
2025,2026-01-05,2025020664,OTT,DET,0.0,-1.0,5.0,shot_microstats,4963,0.6045754227461859,0.5354843891846395,4.045442814140692,0.6107780115084342,0.4207270052652341,3.8807782123984675
2025,2026-01-05,2025020665,CGY,SEA,0.0,-3.0,5.0,shot_microstats,4963,0.590213239309963,0.4615694299064042,3.926928104636393,0.5723714707789712,0.23501754617088277,3.9611024287320142
2025,2026-01-05,2025020666,LAK,MIN,1.0,2.0,4.0,shot_microstats,4963,0.5733653234742893,0.37080636446943954,3.9619103855006546,0.6310581836551624,0.5334460183201817,3.863765325099996
2025,2026-01-06,2025020667,BUF,VAN,1.0,1.0,5.0,shot_microstats,4963,0.5903550949486197,0.4517547854349074,4.189265967145594,0.6306609925888063,0.5111942027602276,4.2111584037161265
2025,2026-01-06,2025020669,NYI,NJD,1.0,9.0,9.0,shot_microstats,4963,0.5144155165611022,0.06343865120256016,4.158591630374084,0.5465551907479874,0.0770427387735122,4.113121620708511
2025,2026-01-06,2025020670,PHI,ANA,1.0,3.0,3.0,shot_microstats,4963,0.5460967507923195,0.21905098743091647,4.196666139168477,0.5424253977300878,0.08690507510122499,4.036086262658004
2025,2026-01-06,2025020671,CAR,DAL,1.0,3.0,5.0,shot_microstats,4963,0.6041601740336459,0.5274196088892221,4.212699761274435,0.6505954042718071,0.6549422551273931,4.352667994157996
2025,2026-01-06,2025020672,TOR,FLA,1.0,2.0,4.0,shot_microstats,4963,0.4552240729746122,-0.21944290143767575,4.103063908164438,0.5400933470823679,0.02941548463662838,3.977369176563294
2025,2026-01-06,2025020673,WPG,VGK,1.0,1.0,5.0,shot_microstats,4963,0.4531383179872163,-0.2289661470816301,4.0942437467177735,0.5413093670733596,0.003337274959874792,3.7269500192986382
2025,2026-01-06,2025020674,EDM,NSH,1.0,2.0,6.0,shot_microstats,4963,0.520421479114187,0.08849594777457188,4.2370202875345155,0.552252463737659,0.10475813260672473,4.348329664811907
2025,2026-01-06,2025020676,SEA,BOS,0.0,-1.0,5.0,shot_microstats,4963,0.5146979633987653,0.078157671354766,3.9317928004780054,0.5625696524286197,0.2324311918793919,4.009553306346584
2025,2026-01-07,2025020677,WSH,DAL,0.0,-1.0,1.0,shot_microstats,4963,0.5327485000616246,0.1511729558768498,4.2101776031932525,0.605739805355966,0.37496308639017806,4.154376403998059
2025,2026-01-07,2025020678,MTL,CGY,1.0,2.0,4.0,shot_microstats,4963,0.5690962754303158,0.34565948939521396,4.023433445463844,0.5617392624847808,0.2068686871129401,4.113808550448147
2025,2026-01-07,2025020679,CHI,STL,1.0,1.0,7.0,shot_microstats,4963,0.48053841817005705,-0.10378934725612715,4.205145373542634,0.5201164721643086,-0.050192476615668724,4.28536441618258
2025,2026-01-07,2025020680,UTA,OTT,1.0,2.0,4.0,shot_microstats,4963,0.5439549688355267,0.21553414852346325,4.056661543167163,0.6394703672555659,0.5200222717674768,4.0069025507450995
2025,2026-01-07,2025020681,LAK,SJS,1.0,3.0,3.0,shot_microstats,4963,0.6282812805877148,0.6748175231012125,3.917205117104078,0.6672597542112335,0.7577973991590177,3.8981461587331565
2025,2026-01-08,2025020682,BOS,CGY,1.0,3.0,5.0,shot_microstats,4963,0.5316300413717651,0.16050923495232666,3.941691117441269,0.5788849468220181,0.21506553686183022,3.74607174276173
2025,2026-01-08,2025020683,MTL,FLA,1.0,3.0,7.0,shot_microstats,4963,0.5154503763058707,0.07693349079564013,4.014259781027686,0.4815788915220577,-0.15568431460087773,4.112911304187774
2025,2026-01-08,2025020684,DET,VAN,1.0,3.0,3.0,shot_microstats,4963,0.5693314421593996,0.33903072839193704,4.194125508539614,0.6184170723158896,0.43490565591819086,4.112701304062049
2025,2026-01-08,2025020687,PIT,NJD,1.0,3.0,3.0,shot_microstats,4963,0.5396066151757545,0.18480757142225543,4.224503828616697,0.5924479669078173,0.24958223038985375,4.101408033192146
2025,2026-01-08,2025020688,CAR,ANA,1.0,2.0,6.0,shot_microstats,4963,0.6204469457339179,0.6154609451061961,4.429005044912762,0.6602038309413254,0.6249605592654295,4.190411522167594
2025,2026-01-08,2025020689,NSH,NYI,0.0,-1.0,1.0,shot_microstats,4963,0.5458791318771934,0.22151721292093798,4.127340884848624,0.5606216946185432,0.15437280016724297,4.184779978795746
2025,2026-01-08,2025020691,COL,OTT,1.0,5.0,7.0,shot_microstats,4963,0.6069842190464276,0.5467672128517544,4.1088783369463,0.6987987715260671,0.9049236883961238,4.015970446468685
2025,2026-01-08,2025020693,SEA,MIN,0.0,-1.0,3.0,shot_microstats,4963,0.4695008408859805,-0.15366402917927252,4.151787566539852,0.5113829658480856,-0.03688685310159223,4.295062930113211
2025,2026-01-09,2025020694,CHI,WSH,0.0,-4.0,4.0,shot_microstats,4963,0.4435182542788583,-0.2923943237675436,4.36065443882428,0.5195934534899936,-0.04486825931550564,4.093553989933708
2025,2026-01-09,2025020695,WPG,LAK,1.0,3.0,5.0,shot_microstats,4963,0.46975071058127277,-0.13996557330120274,3.9533018839885727,0.5385152890174967,0.0015965425713672654,3.6082733163251937
2025,2026-01-09,2025020696,UTA,STL,1.0,2.0,4.0,shot_microstats,4963,0.6068594281548385,0.5448544673837918,4.145074766053473,0.6496654161231894,0.5981604408613839,4.26979222445469
2025,2026-01-10,2025020697,BOS,NYR,1.0,8.0,10.0,shot_microstats,4963,0.5180290488994996,0.09692169735738748,3.8889973135501372,0.5731080330527953,0.19836324449576387,3.6964406440192894
2025,2026-01-10,2025020698,PIT,CGY,0.0,-1.0,3.0,shot_microstats,4963,0.5628480451968857,0.3073085856772133,4.148302624213098,0.6416234246625175,0.483674981895031,3.994722509312102
2025,2026-01-10,2025020699,COL,CBJ,1.0,4.0,4.0,shot_microstats,4963,0.6478006074821424,0.7830812838007801,4.468432245087483,0.6976730005763161,0.9450509642776111,4.356899101404333
2025,2026-01-10,2025020700,SJS,DAL,0.0,-2.0,4.0,shot_microstats,4963,0.4638125972800318,-0.17800114668093237,4.102992218053155,0.5518204799752451,0.16429848983497514,4.184330924815781
2025,2026-01-10,2025020701,BUF,ANA,1.0,2.0,6.0,shot_microstats,4963,0.5398021044717838,0.18313700877900516,4.275689277993539,0.5759065012946185,0.20617774782582282,4.215354532491638
2025,2026-01-10,2025020702,TOR,VAN,1.0,3.0,3.0,shot_microstats,4963,0.561522325277517,0.299407134487822,4.170104246272098,0.6281332298409781,0.4826950639042879,4.064929839351096
2025,2026-01-10,2025020703,MTL,DET,0.0,-1.0,1.0,shot_microstats,4963,0.566093069227724,0.32499801022178854,4.130618172745154,0.5093624524023591,-0.00665214764325453,4.3344363214952635
2025,2026-01-10,2025020705,PHI,TBL,0.0,-6.0,8.0,shot_microstats,4963,0.47763810804611456,-0.10708776370667439,4.0338113483059175,0.4496950118208796,-0.29158559968459297,4.076228526091576
2025,2026-01-10,2025020706,CAR,SEA,1.0,1.0,5.0,shot_microstats,4963,0.6849626699677598,1.0330750459013531,4.298580377809282,0.6944403983725584,0.9390779099336884,4.360095697101812
2025,2026-01-10,2025020707,NSH,CHI,0.0,-1.0,1.0,shot_microstats,4963,0.5740230207721905,0.36697817706436586,4.121133574186252,0.6016408191546729,0.3634167835360169,4.20336954479989
2025,2026-01-10,2025020710,VGK,STL,1.0,2.0,4.0,shot_microstats,4963,0.5975752587488895,0.4964775906491573,4.053048213895655,0.6332576224106325,0.538789858975854,3.8733676345699983
2025,2026-01-11,2025020711,WPG,NJD,1.0,1.0,7.0,shot_microstats,4963,0.5018888633887489,0.004609055470006673,4.120847817477028,0.5460101664820467,0.028672523139393447,3.8349779699661273
2025,2026-01-11,2025020712,BOS,PIT,1.0,1.0,1.0,shot_microstats,4963,0.5011421945496758,0.0012977456592326575,4.115671588490113,0.5395518595591179,0.010972980936801546,3.958481736686159
2025,2026-01-11,2025020713,NSH,WSH,1.0,1.0,1.0,shot_microstats,4963,0.4909610939957359,-0.055569633464194884,4.240247364853399,0.5521489161164552,0.09345830475575678,4.0544425431471245
2025,2026-01-11,2025020714,UTA,CBJ,1.0,1.0,3.0,shot_microstats,4963,0.5794618293161873,0.3859961275699678,4.36074250330708,0.6274892477513815,0.4782070442126396,4.2926490148767416
2025,2026-01-11,2025020715,SJS,VGK,0.0,-2.0,6.0,shot_microstats,4963,0.4324089960554886,-0.3324094378856337,4.136706094322401,0.5582800064475294,0.12233042172281722,3.897010372566652
2025,2026-01-12,2025020717,DET,CAR,1.0,2.0,2.0,shot_microstats,4963,0.4005155241898468,-0.5080334721856312,4.419505915607787,0.43020566898383966,-0.5125944946860314,4.134587463874439
2025,2026-01-12,2025020718,NYR,SEA,0.0,-1.0,5.0,shot_microstats,4963,0.5980521366853134,0.5033713382923352,3.942806696949573,0.6328055235004345,0.5249800280225858,3.881285781507609
2025,2026-01-12,2025020719,PHI,TBL,0.0,-1.0,1.0,shot_microstats,4963,0.46285683458095234,-0.17967345266437484,4.0564884438526105,0.4411233468497364,-0.33312332571377723,4.094948955297468
2025,2026-01-12,2025020720,MTL,VAN,1.0,2.0,6.0,shot_microstats,4963,0.6052863671681703,0.5360014269396092,4.1451393552793,0.5715215188715633,0.29528108731053354,4.252095302065179
2025,2026-01-12,2025020721,MIN,NJD,0.0,-4.0,6.0,shot_microstats,4963,0.5375687304904575,0.1754035965619416,4.208424256314614,0.5687619706522928,0.14670169476817374,4.09781660780658
2025,2026-01-12,2025020722,CHI,EDM,0.0,-2.0,4.0,shot_microstats,4963,0.4659916881265962,-0.182872639393036,4.347998378714253,0.49355448277284036,-0.14144772764882307,4.409813486609581
2025,2026-01-12,2025020724,LAK,DAL,0.0,-2.0,2.0,shot_microstats,4963,0.5699959785294478,0.35580934830090716,3.909140026860184,0.622332873057967,0.5256483466471111,3.960065292923372
2025,2026-01-13,2025020725,OTT,VAN,1.0,1.0,3.0,shot_microstats,4963,0.6570211840123911,0.8468250722106576,4.065273169889647,0.6684790031355001,0.7630112326832008,3.8246245147114966
2025,2026-01-13,2025020726,PIT,TBL,0.0,-1.0,1.0,shot_microstats,4963,0.46163927356018003,-0.1949774963789624,4.206087665235831,0.4952698209742324,-0.1745348036295889,4.1197045877152245
2025,2026-01-13,2025020728,CBJ,CGY,1.0,3.0,3.0,shot_microstats,4963,0.5583049269408847,0.27857240863321897,4.258543683628571,0.6388055101367914,0.4598842887868055,4.162137136157027
2025,2026-01-13,2025020729,BOS,DET,1.0,2.0,2.0,shot_microstats,4963,0.529298344030568,0.14403908959973566,4.029162174933358,0.5297140289171536,0.019798014224274407,3.946953492568274
2025,2026-01-13,2025020730,STL,CAR,1.0,1.0,1.0,shot_microstats,4963,0.40454308300299924,-0.4848179653712653,4.370679730826307,0.40320650732749214,-0.6043725131238469,4.1797628122314885
2025,2026-01-13,2025020731,NSH,EDM,1.0,2.0,4.0,shot_microstats,4963,0.5072216036787562,0.02178666534736954,4.269558127121042,0.5247686744622606,-0.011687426097078957,4.400952580047374
2025,2026-01-13,2025020732,WPG,NYI,1.0,2.0,6.0,shot_microstats,4963,0.5345363936451357,0.16525805156349693,4.114979856671414,0.5618917644065976,0.13704150117353037,3.9298626222631503
2025,2026-01-13,2025020733,UTA,TOR,1.0,5.0,7.0,shot_microstats,4963,0.6090543501812624,0.55755371460998,4.135893154261979,0.6495810560346494,0.6136113659248923,4.135267260315253
2025,2026-01-13,2025020734,ANA,DAL,1.0,1.0,1.0,shot_microstats,4963,0.5059132731161393,0.018503197799650623,4.216458030701389,0.5751900508437623,0.19999900092591416,4.4149935987975795
2025,2026-01-14,2025020736,BUF,PHI,1.0,1.0,3.0,shot_microstats,4963,0.5415947057736443,0.20489537494647586,4.034248577921049,0.5746989903176812,0.2480407620240763,4.348730873397971
2025,2026-01-14,2025020737,NYR,OTT,0.0,-3.0,9.0,shot_microstats,4963,0.46791757150764945,-0.1472105842128203,3.9283383064260953,0.5745046109604959,0.19336265543392056,3.6800597544417903
2025,2026-01-15,2025020739,BOS,SEA,1.0,2.0,2.0,shot_microstats,4963,0.5786311425846172,0.3982283814442399,3.966224219024591,0.5662501641572695,0.20838406950409966,4.009711759275629
2025,2026-01-15,2025020740,BUF,MTL,1.0,1.0,3.0,shot_microstats,4963,0.5162342159799767,0.07257579652723341,4.154739521368969,0.5433025498216045,0.15265004741390675,4.474139339737477
2025,2026-01-15,2025020742,WSH,SJS,0.0,-2.0,4.0,shot_microstats,4963,0.6004754470098372,0.5087305294543756,4.156181251277281,0.6641505501703975,0.6667959254833203,4.0250894363595595
2025,2026-01-15,2025020743,CBJ,VAN,1.0,2.0,2.0,shot_microstats,4963,0.5849669472846964,0.4144881336145959,4.3987942746405295,0.6447192319965059,0.5282824946878086,4.301914534910472
2025,2026-01-15,2025020744,MIN,WPG,0.0,-2.0,6.0,shot_microstats,4963,0.56788531714419,0.3342109905039864,4.133478418761667,0.6452661686187633,0.5806836261965318,4.059043300027331
2025,2026-01-15,2025020745,CHI,CGY,1.0,1.0,1.0,shot_microstats,4963,0.4930509900244184,-0.03931484797712104,4.139280128205593,0.5711000473348655,0.16483723961040053,4.034153157381287
2025,2026-01-15,2025020746,UTA,DAL,1.0,2.0,2.0,shot_microstats,4963,0.5834212336322093,0.41791376193775914,4.09817918327087,0.6348666949581641,0.5663964294002621,4.299064190387846
2025,2026-01-15,2025020748,VGK,TOR,0.0,-2.0,6.0,shot_microstats,4963,0.6243507997859513,0.6478945125852867,4.0557954074514235,0.6644663363415715,0.7224741725207569,3.746075794605654
2025,2026-01-16,2025020750,CAR,FLA,1.0,4.0,6.0,shot_microstats,4963,0.5891798211756584,0.44604765578624855,4.171165206416478,0.6351539053923465,0.5109530037733633,4.06070763833111
2025,2026-01-16,2025020751,STL,TBL,1.0,2.0,2.0,shot_microstats,4963,0.449468390200813,-0.24832206683446367,4.119561910479216,0.4477607576927348,-0.3189103565506282,4.196319923102075
2025,2026-01-16,2025020752,COL,NSH,0.0,-1.0,7.0,shot_microstats,4963,0.6597988754108374,0.8629400329962937,4.210134713490243,0.718533018014911,1.0578698612802475,4.186212070011206
2025,2026-01-17,2025020754,BUF,MIN,0.0,-1.0,7.0,shot_microstats,4963,0.5408496668505115,0.19493184094029992,4.150851510777023,0.598389397658342,0.35900742474931896,4.29910259585158
2025,2026-01-17,2025020755,PHI,NYR,0.0,-3.0,7.0,shot_microstats,4963,0.560342078352003,0.3059549622579082,3.913809382368833,0.5959673415460653,0.3669931984666842,3.923399401177708
2025,2026-01-17,2025020756,CGY,NYI,1.0,3.0,5.0,shot_microstats,4963,0.5575814348711708,0.2832491370984054,4.084506944205304,0.5450523204245106,0.10496380188020693,4.028747864880757
2025,2026-01-17,2025020757,UTA,SEA,1.0,1.0,7.0,shot_microstats,4963,0.6542199696449705,0.8281027211923372,4.1280582070212315,0.6702650181776788,0.7578442397749869,4.256952218603864
2025,2026-01-17,2025020758,OTT,MTL,1.0,1.0,5.0,shot_microstats,4963,0.5709193754047531,0.357707198220317,3.969352420735683,0.5772366467330233,0.3188770132289944,4.010204279299408
2025,2026-01-17,2025020759,NJD,CAR,0.0,-3.0,3.0,shot_microstats,4963,0.3983705421951326,-0.5185642580535088,4.414883006098915,0.4303208500561286,-0.5488767292685612,4.11680976314411
2025,2026-01-17,2025020760,PIT,CBJ,0.0,-1.0,5.0,shot_microstats,4963,0.5201560319814723,0.07734050092180646,4.414991177569912,0.573041088806939,0.1724713181500399,4.238832761309723
2025,2026-01-17,2025020761,WSH,FLA,0.0,-1.0,3.0,shot_microstats,4963,0.5067965087552556,0.029080259239697065,4.110382202937139,0.5858926516061302,0.2259785487191472,3.80190205466341
2025,2026-01-17,2025020763,CHI,BOS,0.0,-2.0,6.0,shot_microstats,4963,0.49757024097219105,-0.014122519023576974,4.084549504851669,0.5653414637521358,0.19636363555367065,3.952499610177706
2025,2026-01-17,2025020764,VAN,EDM,0.0,-5.0,5.0,shot_microstats,4963,0.44400044258975324,-0.29610476264044694,4.456497692149704,0.4628665535681888,-0.32618824487473047,4.504995206741756
2025,2026-01-17,2025020765,VGK,NSH,1.0,6.0,8.0,shot_microstats,4963,0.6035348987349386,0.531433397958686,3.997729151770082,0.654132890195891,0.6483715934622069,3.724701745293005
2025,2026-01-17,2025020766,ANA,LAK,1.0,1.0,1.0,shot_microstats,4963,0.4833952839514011,-0.0865140133424005,4.148666591036115,0.5745063231120756,0.12052824552189728,4.050190913823599
2025,2026-01-18,2025020767,DAL,TBL,0.0,-2.0,4.0,shot_microstats,4963,0.4689613374317585,-0.1487724423092549,4.032722118012999,0.44431449977885185,-0.31843381799731396,4.059581996034821
2025,2026-01-18,2025020769,EDM,STL,1.0,4.0,4.0,shot_microstats,4963,0.5456993413157408,0.21211574156140944,4.294087584092887,0.5679244362791589,0.18240801579679478,4.484811346534252
2025,2026-01-19,2025020771,COL,WSH,1.0,3.0,5.0,shot_microstats,4963,0.6316032392690968,0.6849862381466885,4.301800229874511,0.7087973175611952,0.9853471010004254,4.059980914362262
2025,2026-01-19,2025020772,SEA,PIT,0.0,-2.0,6.0,shot_microstats,4963,0.4596423207060644,-0.20426017190008694,4.200483141589969,0.5011994110815563,-0.1333947495380311,4.247030201255411
2025,2026-01-19,2025020773,FLA,SJS,0.0,-2.0,4.0,shot_microstats,4963,0.6223680339798988,0.6381186420612843,3.9957563768070665,0.6690211920799409,0.72774626285555,4.042586804766013
2025,2026-01-19,2025020774,TOR,MIN,0.0,-1.0,5.0,shot_microstats,4963,0.49141452930970764,-0.050675847980668015,4.195826955101076,0.5774719925945847,0.2285018559537166,4.161788986020607
2025,2026-01-19,2025020775,VGK,PHI,0.0,-1.0,1.0,shot_microstats,4963,0.594480706277585,0.48299901573559106,3.9658937341335867,0.6368099419605848,0.5527344721726611,3.8607981727693614
2025,2026-01-19,2025020776,CHI,WPG,1.0,1.0,1.0,shot_microstats,4963,0.5012094001522865,0.0006339756513712436,4.132131725497732,0.6006428641070017,0.364579146232589,4.037935113588139
2025,2026-01-19,2025020778,VAN,NYI,0.0,-1.0,5.0,shot_microstats,4963,0.4920990331317307,-0.05295214998819364,4.288197299518352,0.5052528683801096,-0.13427276793166237,4.264248021010085
2025,2026-01-19,2025020779,ANA,NYR,1.0,2.0,4.0,shot_microstats,4963,0.5488495047188771,0.2359613137794635,4.13905349364901,0.6380398585248599,0.4520286642451533,4.1007945301525215
2025,2026-01-20,2025020780,MTL,MIN,1.0,3.0,5.0,shot_microstats,4963,0.5518252126219619,0.2501155144066296,4.158671574475778,0.527349483575256,0.07298962541872994,4.32323599513313
2025,2026-01-20,2025020781,TBL,SJS,1.0,2.0,4.0,shot_microstats,4963,0.655091554926191,0.8345818853928996,4.063543499944695,0.6920980678524304,0.9530746618592718,4.119836218952195
2025,2026-01-20,2025020782,CBJ,OTT,0.0,-2.0,4.0,shot_microstats,4963,0.47185425104358614,-0.14610114048126333,4.21212324938256,0.5714780937779647,0.13959586380275302,4.124443167062109
2025,2026-01-20,2025020783,DAL,BOS,1.0,3.0,5.0,shot_microstats,4963,0.5770200607873575,0.3919668691474119,3.918236678818044,0.5912614613284644,0.3930179333748941,3.9150173991888892
2025,2026-01-20,2025020784,NSH,BUF,0.0,-2.0,6.0,shot_microstats,4963,0.5164874293302854,0.0774491996653503,4.0920145964547885,0.5140674869564188,-0.07674906407282034,4.160052123928947
2025,2026-01-20,2025020786,EDM,NJD,0.0,-1.0,3.0,shot_microstats,4963,0.5445405518142173,0.2034845462159282,4.348937924629884,0.5699752808025085,0.17540189577500298,4.373706358736332
2025,2026-01-20,2025020787,LAK,NYR,1.0,2.0,6.0,shot_microstats,4963,0.6031598535785033,0.5359530053069699,3.8261741953913977,0.6784042425348523,0.7643074051946763,3.642055143504515
2025,2026-01-21,2025020791,CGY,PIT,0.0,-3.0,5.0,shot_microstats,4963,0.4886326159754733,-0.0609495217430992,4.143938094817368,0.5252642222481874,-0.05781505005154741,3.9888430252485936
2025,2026-01-21,2025020792,VAN,WSH,1.0,3.0,3.0,shot_microstats,4963,0.44257732111286463,-0.2985820180731316,4.386290463722902,0.5014588809253142,-0.1738135240045678,4.130138565879839
2025,2026-01-21,2025020793,SEA,NYI,1.0,2.0,2.0,shot_microstats,4963,0.5136806604752762,0.06098736354348902,4.138858583389144,0.512437201158711,-0.017823863713934907,4.2736922080699244
2025,2026-01-22,2025020794,BOS,VGK,1.0,1.0,3.0,shot_microstats,4963,0.45750093092241984,-0.2031907567682747,4.019832204424676,0.5060860653757613,-0.11545653490497143,3.8246451404447357
2025,2026-01-22,2025020796,CAR,CHI,1.0,1.0,5.0,shot_microstats,4963,0.6991817685357643,1.1375702327454,4.424782403821846,0.7330521528234809,1.1802171861361765,4.410976987335238
2025,2026-01-22,2025020797,CBJ,DAL,1.0,1.0,1.0,shot_microstats,4963,0.5191088918824912,0.08179963372416449,4.240913804328392,0.5775542279874178,0.22842050991387886,4.390041922296739
2025,2026-01-22,2025020798,NSH,OTT,0.0,-1.0,5.0,shot_microstats,4963,0.4601489151264887,-0.18737848601800933,3.9717705061338924,0.533444275777181,-0.003277212538848384,3.9440084822400405
2025,2026-01-22,2025020799,WPG,FLA,0.0,-1.0,1.0,shot_microstats,4963,0.45962573600146917,-0.19482881884069736,4.049775715678599,0.5109607351683083,-0.12804699956427948,3.779625881230544
2025,2026-01-22,2025020800,EDM,PIT,0.0,-4.0,6.0,shot_microstats,4963,0.5172189927090961,0.0627335594319839,4.41546094414225,0.5548712119975375,0.07086038313152304,4.419330824828181
2025,2026-01-23,2025020802,TOR,VGK,0.0,-2.0,8.0,shot_microstats,4963,0.44473749379216315,-0.2729412272838273,4.14626216812819,0.5415751838336745,0.040182196267811054,4.015812672888444
2025,2026-01-23,2025020805,COL,PHI,0.0,-1.0,7.0,shot_microstats,4963,0.6556280009978381,0.83656942042593,4.165627277973754,0.7070985633644666,0.9876533358031268,4.305983191247494
2025,2026-01-23,2025020806,CGY,WSH,0.0,-2.0,2.0,shot_microstats,4963,0.48478348405908656,-0.08039724793079106,4.158047989351566,0.5266558123178491,-0.0053531856047381865,3.8649364813404
2025,2026-01-23,2025020807,VAN,NJD,0.0,-1.0,5.0,shot_microstats,4963,0.46543697691855895,-0.1825433714292065,4.2998827038610425,0.5015340487885477,-0.19245112516097612,4.21168558324496
2025,2026-01-23,2025020809,SEA,ANA,1.0,1.0,3.0,shot_microstats,4963,0.4688179535563651,-0.16279377055826694,4.244946370882396,0.4917842837347167,-0.16927872690439827,4.199496503604048
2025,2026-01-24,2025020810,NYI,BUF,0.0,-4.0,4.0,shot_microstats,4963,0.48138024242476585,-0.10030337192695521,4.214468169218428,0.4772604663236625,-0.229493229239987,4.315614545861291
2025,2026-01-24,2025020811,NSH,UTA,0.0,-2.0,4.0,shot_microstats,4963,0.456063914627791,-0.22290437552839804,4.222142625325937,0.4980299728954477,-0.17059429972119422,4.250503812930495
2025,2026-01-24,2025020813,OTT,CAR,0.0,-2.0,4.0,shot_microstats,4963,0.47586002812331424,-0.12407985769668484,4.168651338824565,0.4776738590897041,-0.2637874555008451,3.7566076989328163
2025,2026-01-24,2025020814,CBJ,TBL,1.0,2.0,8.0,shot_microstats,4963,0.4326054849731536,-0.34334209377615166,4.326139426463703,0.46861424961103887,-0.3256180663683187,4.249754614845467
2025,2026-01-24,2025020815,WPG,DET,0.0,-3.0,5.0,shot_microstats,4963,0.5133205749502885,0.060504885138311315,4.116946993933321,0.5425071328535432,0.03914787184100432,3.878696011047701
2025,2026-01-24,2025020816,STL,LAK,0.0,-2.0,6.0,shot_microstats,4963,0.48613075338244266,-0.062335822072003555,3.9715755538833566,0.5339551795609413,0.04450826038771352,3.947442687888542
2025,2026-01-24,2025020817,MIN,FLA,0.0,-1.0,1.0,shot_microstats,4963,0.4896713635719446,-0.05348928003852249,4.104154018931219,0.5267879085279332,-0.03930791342462475,3.992616773504497
2025,2026-01-24,2025020818,EDM,WSH,0.0,-2.0,6.0,shot_microstats,4963,0.5150410615793879,0.05177786163858167,4.41851283453649,0.5601148881117954,0.1479373294481025,4.276598543266599
2025,2026-01-25,2025020819,TOR,COL,0.0,-3.0,3.0,shot_microstats,4963,0.35833056362770427,-0.7255012004443115,4.380578584484593,0.3845889382718095,-0.7915429698554682,4.025956283677482
2025,2026-01-25,2025020820,SEA,NJD,1.0,3.0,3.0,shot_microstats,4963,0.4847621934924485,-0.07861346264942703,4.127514131209004,0.5097828490573926,-0.0698022402930748,4.206677372473589
2025,2026-01-25,2025020821,OTT,VGK,1.0,6.0,8.0,shot_microstats,4963,0.5510551314592925,0.25938663443108334,3.904014135339498,0.5996652052110193,0.35263051982015203,3.697685502788495
2025,2026-01-25,2025020822,VAN,PIT,0.0,-1.0,5.0,shot_microstats,4963,0.4379882379298574,-0.32020539289507666,4.375403023798439,0.48453958387215446,-0.29912641910234106,4.263797807165612
2025,2026-01-25,2025020823,CHI,FLA,0.0,-3.0,5.0,shot_microstats,4963,0.41435504315367927,-0.4215916052980575,4.138281574965332,0.47170560322449967,-0.28926736597684144,4.0133984837610726
2025,2026-01-25,2025020824,CGY,ANA,0.0,-1.0,5.0,shot_microstats,4963,0.4810164804085805,-0.10218295988207532,4.216475104373837,0.4952228850404144,-0.18773178344847863,3.9773302942148154
2025,2026-01-26,2025020827,PHI,NYI,0.0,-2.0,2.0,shot_microstats,4963,0.5909903507574397,0.45998420818568114,4.067137153163067,0.5717254833007681,0.2890192704042926,4.1774771827946
2025,2026-01-26,2025020829,EDM,ANA,1.0,3.0,5.0,shot_microstats,4963,0.5235853624817931,0.09131967533022017,4.473116470768326,0.5477084760579652,0.05842213956388287,4.368759745017358
2025,2026-01-27,2025020830,BOS,NSH,1.0,2.0,2.0,shot_microstats,4963,0.5271212463090016,0.13463954767715897,4.005592827404087,0.5450562388316831,0.09012539913765932,3.9055269628927776
2025,2026-01-27,2025020831,TOR,BUF,0.0,-1.0,9.0,shot_microstats,4963,0.48998337141397835,-0.05672696475123312,4.181544475401111,0.515407095836013,-0.05849562063508579,4.196401320854842
2025,2026-01-27,2025020833,DET,LAK,0.0,-1.0,1.0,shot_microstats,4963,0.4710951864407613,-0.13957443765515232,4.049760750396013,0.5541924783582478,0.08499372289829965,3.944292621365412
2025,2026-01-27,2025020835,NJD,WPG,0.0,-3.0,5.0,shot_microstats,4963,0.5607520950318922,0.2998857297200779,4.077429458157858,0.6350368081521888,0.5269093123965851,4.119723737891502
2025,2026-01-27,2025020836,STL,DAL,1.0,1.0,5.0,shot_microstats,4963,0.5172748007779964,0.0868135707255399,3.997710064919661,0.537126785980542,0.13323074925245681,4.2590351979753365
2025,2026-01-27,2025020837,MIN,CHI,0.0,-1.0,5.0,shot_microstats,4963,0.5978026150617431,0.49340365480923,4.170090093175761,0.6226084621329485,0.4801002932111556,4.190011083536104
2025,2026-01-27,2025020838,VAN,SJS,0.0,-2.0,2.0,shot_microstats,4963,0.5050987969731575,0.013003246631197715,4.242429170563218,0.5386127602130464,0.02724333542415791,4.275983480027681
2025,2026-01-27,2025020839,SEA,WSH,1.0,4.0,4.0,shot_microstats,4963,0.4543836419737739,-0.22996787709161148,4.205419852240242,0.5096814095840622,-0.0504608313161814,4.123760058479238
2025,2026-01-28,2025020841,OTT,COL,1.0,1.0,5.0,shot_microstats,4963,0.46434077761671777,-0.17711216450197925,4.129274464798591,0.4488442737191768,-0.4460987068641248,3.71335868245763
2025,2026-01-28,2025020842,NYI,NYR,1.0,2.0,4.0,shot_microstats,4963,0.5058841776647491,0.027662363573372095,4.059869943055275,0.5666677686601345,0.16697784769880747,4.043199997915768
2025,2026-01-29,2025020843,BOS,PHI,1.0,3.0,7.0,shot_microstats,4963,0.506142872677061,0.03663876768303315,3.931899635731303,0.5098837282303891,-0.0778025487854625,4.010087703128072
2025,2026-01-29,2025020844,BUF,LAK,1.0,2.0,2.0,shot_microstats,4963,0.49540795937899745,-0.02075968233630293,4.022140261989043,0.5573615631046702,0.13786725575583686,4.122093772398389
2025,2026-01-29,2025020845,MTL,COL,1.0,2.0,8.0,shot_microstats,4963,0.41879596000223074,-0.4110331506716357,4.32416807812333,0.3618001425462517,-0.8382719101801409,4.168482243347432
2025,2026-01-29,2025020846,DET,WSH,0.0,-2.0,4.0,shot_microstats,4963,0.49716215295951877,-0.027932464760462433,4.280994734494426,0.5761125597202396,0.21075800250360527,4.0950474025532
2025,2026-01-29,2025020847,TBL,WPG,1.0,1.0,3.0,shot_microstats,4963,0.6550355489827012,0.8348457931401596,4.023846657812839,0.7340457453876409,1.183345595432315,3.9582373770556813
2025,2026-01-29,2025020849,NYR,NYI,0.0,-2.0,2.0,shot_microstats,4963,0.5625580295334598,0.31216701574839023,4.016486485161837,0.6105414622334381,0.39321347837877413,3.874794448097778
2025,2026-01-29,2025020850,PIT,CHI,1.0,4.0,8.0,shot_microstats,4963,0.6063293421730118,0.5387150570376136,4.242240356862407,0.6541113567776841,0.6302347194226332,4.2575993288712155
2025,2026-01-29,2025020851,CAR,UTA,0.0,-2.0,6.0,shot_microstats,4963,0.5707530616084139,0.33987814319856396,4.347688948211994,0.6219399873641778,0.4511048671103809,4.29392007244173
2025,2026-01-29,2025020852,STL,FLA,1.0,1.0,5.0,shot_microstats,4963,0.4912210313519673,-0.03912051216228429,3.9924093059478825,0.5121411931341546,-0.04015507127676432,4.023225751875348
2025,2026-01-29,2025020853,MIN,CGY,1.0,1.0,3.0,shot_microstats,4963,0.56414453764762,0.3171308093413623,4.082997851739884,0.6218808729963728,0.4082921030662009,3.995148677336333
2025,2026-01-29,2025020854,EDM,SJS,0.0,-2.0,4.0,shot_microstats,4963,0.576114479823323,0.3698621715735696,4.314005550282603,0.5971148925169274,0.35955213286466614,4.466007288992475
2025,2026-01-29,2025020855,VAN,ANA,1.0,1.0,1.0,shot_microstats,4963,0.44105089182825097,-0.3084915336138905,4.425777009205761,0.47295299600175195,-0.33331217086174786,4.216629575855646
2025,2026-01-29,2025020856,VGK,DAL,0.0,-2.0,6.0,shot_microstats,4963,0.5779114733268317,0.39371115187486294,3.98221110784612,0.6286832925939067,0.5530833697839967,3.891771024156818
2025,2026-01-29,2025020857,SEA,TOR,1.0,3.0,5.0,shot_microstats,4963,0.512023454664333,0.055310821042778346,4.097490594602062,0.5395994558063752,0.09155988487237698,4.205629712338321
2025,2026-01-31,2025020859,PHI,LAK,0.0,-2.0,2.0,shot_microstats,4963,0.5098310277968295,0.05600625948691662,3.9071036926305456,0.5380087685913123,0.08189737458740091,3.8903456712978324
2025,2026-01-31,2025020860,DET,COL,0.0,-5.0,5.0,shot_microstats,4963,0.36973682237058136,-0.6648080445226643,4.387961401502205,0.39465050122729445,-0.7509416013226997,4.0795719163221795
2025,2026-01-31,2025020861,PIT,NYR,1.0,2.0,6.0,shot_microstats,4963,0.5715749318330473,0.35500046263490975,4.101173553171937,0.6597012922673512,0.5889648576622077,3.9952905091026185
2025,2026-01-31,2025020862,FLA,WPG,0.0,-1.0,3.0,shot_microstats,4963,0.618432493506156,0.618150601201203,3.912268729597212,0.7052476726454462,0.9320435056097294,3.855760017884849
2025,2026-01-31,2025020863,CGY,SJS,0.0,-1.0,1.0,shot_microstats,4963,0.5426493510535324,0.21158620931016767,4.008128321269234,0.553285243950467,0.14509890502490108,4.02698767689011
2025,2026-01-31,2025020865,BUF,MTL,0.0,-2.0,2.0,shot_microstats,4963,0.5007429352931126,-0.005242209679458348,4.192411351390725,0.5359430043281472,0.1088881104524716,4.548280525625528
2025,2026-01-31,2025020867,NYI,NSH,1.0,1.0,5.0,shot_microstats,4963,0.4920238575574775,-0.04467857156173127,4.145794491257217,0.5269999883069955,-0.004898042877571396,4.170729856035895
2025,2026-01-31,2025020868,STL,CBJ,0.0,-1.0,5.0,shot_microstats,4963,0.5132140378192848,0.05248750323010524,4.246338942145768,0.5259481965444482,0.04853265543407148,4.268678905248429
2025,2026-01-31,2025020870,UTA,DAL,1.0,1.0,3.0,shot_microstats,4963,0.5805387124469423,0.40261637417249574,4.095816160211246,0.6323372265588947,0.5427877133141337,4.253368759733151
2025,2026-01-31,2025020871,EDM,MIN,0.0,-2.0,8.0,shot_microstats,4963,0.5406310525691874,0.18231424838624435,4.374435478531908,0.5736837271006876,0.22112493264952798,4.432730113500119
2025,2026-01-31,2025020872,VGK,SEA,0.0,-1.0,3.0,shot_microstats,4963,0.6413824280750511,0.7502795527367886,4.019228733446951,0.6584450292033811,0.7272681484860847,3.894634875318065
2025,2026-02-01,2025020873,TBL,BOS,0.0,-3.0,5.0,shot_microstats,4963,0.6439277186646793,0.7668022730478273,3.973086020524223,0.7071240822618793,1.0183903996758144,3.8994421067039013
2025,2026-02-01,2025020874,CAR,LAK,0.0,-1.0,3.0,shot_microstats,4963,0.5908891883552047,0.45665935382125095,4.137538383944915,0.6608058229050597,0.6252807601799003,3.9668602208499486
2025,2026-02-02,2025020876,FLA,BUF,0.0,-2.0,6.0,shot_microstats,4963,0.568624463078761,0.34441092840950516,3.9981202788243095,0.5857052950654599,0.2851783052044754,3.9863851763132754
2025,2026-02-02,2025020877,PIT,OTT,0.0,-1.0,5.0,shot_microstats,4963,0.4810919490845076,-0.09542808060487046,4.113387206057328,0.5743484681373298,0.1763421572873492,3.9989824059069505
2025,2026-02-02,2025020878,WSH,NYI,1.0,2.0,4.0,shot_microstats,4963,0.5943790029125928,0.4722949732603675,4.23082279749337,0.6415113155721334,0.5354733530734799,4.044779824931405
2025,2026-02-02,2025020880,NSH,STL,1.0,1.0,9.0,shot_microstats,4963,0.5396597940372815,0.1938074532158997,4.060273772373858,0.5749419600533965,0.18194602310357522,4.181163760582727
2025,2026-02-02,2025020881,CHI,SJS,1.0,2.0,8.0,shot_microstats,4963,0.5007315829732737,-0.003026307662424038,4.154473245701475,0.5502343047476278,0.11702337280704933,4.212412765024435
2025,2026-02-02,2025020882,DAL,WPG,1.0,1.0,3.0,shot_microstats,4963,0.5900238005637242,0.4607189447329368,3.923004851186784,0.6344980420739346,0.6063347147111489,3.970887003903453
2025,2026-02-02,2025020883,COL,DET,0.0,-1.0,1.0,shot_microstats,4963,0.6697637360072658,0.9281970081200974,4.309527305115685,0.7054063914642434,1.0225823188154455,4.236378750609363
2025,2026-02-02,2025020884,UTA,VAN,1.0,3.0,7.0,shot_microstats,4963,0.6600191854582159,0.8631610979673137,4.354442782382836,0.7053879030241923,0.9554933922509006,4.281982894545485
2025,2026-02-03,2025020886,TBL,BUF,0.0,-1.0,3.0,shot_microstats,4963,0.6038236954278112,0.5291066798326289,4.107309036070605,0.6206502724451839,0.5300207737517593,4.1285501014233486
2025,2026-02-03,2025020887,NJD,CBJ,0.0,-2.0,2.0,shot_microstats,4963,0.5012529517928196,-0.00913520475946808,4.2999055690368895,0.5392595423528703,0.0397577958788532,4.2775039931447925
2025,2026-02-03,2025020888,NYI,PIT,0.0,-1.0,7.0,shot_microstats,4963,0.45189546665024194,-0.2505369906016487,4.340704143400987,0.4943968843342192,-0.21262773467195184,4.336702122458509
2025,2026-02-03,2025020889,PHI,WSH,1.0,1.0,3.0,shot_microstats,4963,0.5345629282075435,0.1660838298688691,4.102289304765568,0.5607226405064639,0.21390532264034193,3.991644783541293
2025,2026-02-03,2025020890,CAR,OTT,1.0,2.0,4.0,shot_microstats,4963,0.5635364433554322,0.3118122734726697,4.12855100511479,0.6388627787720393,0.5293107224307401,3.998798814593407
2025,2026-02-03,2025020892,ANA,SEA,1.0,2.0,4.0,shot_microstats,4963,0.5878907998954462,0.44072524774631244,4.128767035372006,0.6139517365574366,0.40013456532911845,4.295795272425135
2025,2026-02-04,2025020893,FLA,BOS,0.0,-2.0,4.0,shot_microstats,4963,0.6028058915623172,0.5326225054789068,3.8612137488778293,0.6739010368813861,0.7527547436850208,3.7687056460264596
2025,2026-02-04,2025020894,CBJ,CHI,1.0,3.0,3.0,shot_microstats,4963,0.6105042207978406,0.5614612496491231,4.276525743179114,0.6592347981627324,0.6520967573490896,4.313484569355617
2025,2026-02-04,2025020895,WPG,MTL,0.0,-3.0,3.0,shot_microstats,4963,0.4700544548385792,-0.14939890333806205,4.126332396775818,0.49801763060732357,-0.10104204638608894,4.105185813735311
2025,2026-02-04,2025020896,NSH,MIN,0.0,-1.0,7.0,shot_microstats,4963,0.5362994897798551,0.1694746536786618,4.200166286680483,0.584554383128104,0.2382394472332212,4.2123396149531755
2025,2026-02-04,2025020897,COL,SJS,1.0,1.0,3.0,shot_microstats,4963,0.6964124251188959,1.115592675314056,4.3007341744461,0.7361494475763579,1.250207866870243,4.3658193135340895
2025,2026-02-04,2025020898,UTA,DET,1.0,2.0,2.0,shot_microstats,4963,0.5944648855614809,0.47416951345209046,4.192329696726594,0.63152447561118,0.5174353475527611,4.161411567743343
2025,2026-02-04,2025020899,DAL,STL,1.0,2.0,6.0,shot_microstats,4963,0.5617272651748942,0.3106254456432467,3.9615595649318185,0.5521631822308675,0.16609284673631153,4.130749142076367
2025,2026-02-04,2025020900,CGY,EDM,1.0,1.0,3.0,shot_microstats,4963,0.47533374426726327,-0.13568206115317838,4.314568594983346,0.47452897819437767,-0.2442846835562088,4.290521343758341
2025,2026-02-04,2025020901,VGK,VAN,1.0,2.0,6.0,shot_microstats,4963,0.6512082545169178,0.8078045561765971,4.213061682927313,0.6927034604758094,0.897474331581651,3.8947841232166986
2025,2026-02-04,2025020902,LAK,SEA,0.0,-2.0,2.0,shot_microstats,4963,0.6445732579361143,0.7728034783832732,3.8814358739439796,0.6508865434474225,0.7030681307890589,3.917181993097149
2025,2026-02-05,2025020903,BUF,PIT,0.0,-3.0,5.0,shot_microstats,4963,0.5020480242766654,-0.005918670469300336,4.311168681291496,0.5456932646423718,0.05289504815047136,4.439709301291588
2025,2026-02-05,2025020904,TBL,FLA,1.0,5.0,5.0,shot_microstats,4963,0.5845558192748705,0.4328273956347838,3.8935235546459888,0.6331072795584615,0.5707221323385685,3.801567649056587
2025,2026-02-05,2025020905,NJD,NYI,0.0,-1.0,3.0,shot_microstats,4963,0.5650940315166735,0.3192389945302041,4.142618458574558,0.5897333190917479,0.2862271472318024,4.222637185515912
2025,2026-02-05,2025020906,NYR,CAR,0.0,-1.0,1.0,shot_microstats,4963,0.3956213790908655,-0.5245072112705044,4.282146862502719,0.4519420861977315,-0.41959932351048307,3.819568372116682
2025,2026-02-05,2025020907,PHI,OTT,0.0,-1.0,1.0,shot_microstats,4963,0.4760168284967652,-0.10757903583277917,3.917550523955095,0.5080858228285302,-0.034862550516369994,3.9357344666720655
2025,2026-02-05,2025020909,VGK,LAK,1.0,2.0,4.0,shot_microstats,4963,0.5471844438429235,0.23887381886765455,3.9237046665629367,0.6107300526669898,0.39117233130655227,3.5968453022231484
2025,2026-02-25,2025020910,NJD,BUF,0.0,-2.0,2.0,shot_microstats,4963,0.5079879252429457,0.030876047954133526,4.178162297575615,0.5205508104227325,-0.053258768480706875,4.270198178472921
2025,2026-02-25,2025020911,WSH,PHI,1.0,2.0,2.0,shot_microstats,4963,0.5266227400730993,0.1259706384080931,4.115224022414266,0.5951957690343502,0.2609832313436171,4.039576146790922
2025,2026-02-25,2025020912,TBL,TOR,1.0,4.0,4.0,shot_microstats,4963,0.6337311941179286,0.7024417828815612,4.09134150735312,0.6751218746810457,0.8118507596078388,4.028427112780454
2025,2026-02-25,2025020913,DAL,SEA,1.0,2.0,4.0,shot_microstats,4963,0.6160384181874978,0.6049175858121576,3.901198142444599,0.5827300632217945,0.37860030771493797,4.093018711902475
2025,2026-02-25,2025020914,UTA,COL,0.0,-2.0,4.0,shot_microstats,4963,0.4397754383044218,-0.3115879070121179,4.376630778336901,0.46444393073635665,-0.4132723737787194,4.097059003077719
2025,2026-02-25,2025020916,LAK,VGK,0.0,-2.0,6.0,shot_microstats,4963,0.5356998610410691,0.18117971602555766,3.9319710178329115,0.6033642953861182,0.36892308212459274,3.7659155337962873
2025,2026-02-25,2025020917,ANA,EDM,1.0,2.0,8.0,shot_microstats,4963,0.5056141920834208,0.001072334154229193,4.493217222758803,0.5437588667931009,0.02078225711460524,4.599654474936298
2025,2026-02-26,2025020921,FLA,TOR,1.0,1.0,1.0,shot_microstats,4963,0.6079701490222155,0.5563652600708187,3.9912861585599315,0.6558610734918879,0.6393888821419894,3.9207869915811724
2025,2026-02-26,2025020922,PIT,NJD,1.0,2.0,2.0,shot_microstats,4963,0.5722189452577331,0.35202462108898525,4.244935500038648,0.63580735759227,0.4761754861079607,4.168806359185102
2025,2026-02-26,2025020923,CAR,TBL,1.0,1.0,7.0,shot_microstats,4963,0.5578666692740872,0.27757427293231013,4.2316831737288405,0.5824188343857812,0.26307222108260764,4.093783863639557
2025,2026-02-26,2025020924,NYR,PHI,1.0,1.0,3.0,shot_microstats,4963,0.5007315703023228,0.011252815296789509,3.9192684993653706,0.5657276833953073,0.15223578665708515,3.900703938897145
2025,2026-02-26,2025020925,STL,SEA,1.0,3.0,5.0,shot_microstats,4963,0.5923297891010402,0.4711932873234734,3.9696016247230546,0.5760709640428319,0.3306610808746233,4.233916596600381
2025,2026-02-26,2025020926,NSH,CHI,1.0,1.0,3.0,shot_microstats,4963,0.6093743099727504,0.5582765614720311,4.169854651807256,0.6401998583698458,0.5612912365533005,4.262637988964448
2025,2026-02-26,2025020928,SJS,CGY,0.0,-2.0,4.0,shot_microstats,4963,0.519004861511567,0.09396709152498496,4.019971294423426,0.6208246733129323,0.4255593513609582,3.8408640884003074
2025,2026-02-26,2025020929,LAK,EDM,0.0,-5.0,7.0,shot_microstats,4963,0.5543266519532372,0.2614693807818698,4.187785193913007,0.5694036972513322,0.2405429972814062,4.187383975213427
2025,2026-02-27,2025020930,FLA,BUF,0.0,-1.0,1.0,shot_microstats,4963,0.5760728641416005,0.383558424530434,3.9927416871293797,0.6038273409988271,0.37656273566053894,3.983656708686168
2025,2026-02-27,2025020931,WSH,VGK,1.0,1.0,3.0,shot_microstats,4963,0.4855144478665891,-0.08036678109025969,4.214893571083398,0.5953462550839997,0.24811147771695488,3.8821813750942478
2025,2026-02-27,2025020932,UTA,MIN,1.0,2.0,4.0,shot_microstats,4963,0.5856531693969921,0.4244332845591883,4.234322960106665,0.6438893533721449,0.5679590509364797,4.2399426447073365
2025,2026-02-27,2025020933,ANA,WPG,1.0,1.0,5.0,shot_microstats,4963,0.5549656305898804,0.26564735836898956,4.16942934488512,0.6536192732711851,0.56809832068392,4.172405590417746
2025,2026-02-28,2025020935,PHI,BOS,1.0,1.0,3.0,shot_microstats,4963,0.5801177884590976,0.4083286655802951,3.91644512096516,0.6034006371710775,0.45990428829482144,3.941585623375971
2025,2026-02-28,2025020936,SJS,EDM,1.0,1.0,7.0,shot_microstats,4963,0.4440561933518047,-0.29211450628276764,4.3975695918148,0.5065228279122129,-0.09513580202900249,4.359478410418684
2025,2026-02-28,2025020938,COL,CHI,1.0,2.0,2.0,shot_microstats,4963,0.7278713703548068,1.364645252886922,4.456160046057416,0.7566574144399555,1.4461362584931161,4.504555535149085
2025,2026-02-28,2025020939,TOR,OTT,0.0,-2.0,6.0,shot_microstats,4963,0.41996980739913753,-0.39107781123828345,4.095388997118976,0.5190941431944277,-0.06824059935342652,4.0134376326833925
2025,2026-02-28,2025020940,MTL,WSH,1.0,2.0,6.0,shot_microstats,4963,0.5372389488035264,0.17169251114274248,4.247399355418143,0.5338250670057583,0.07646394801629625,4.2135977607362385
2025,2026-02-28,2025020941,TBL,BUF,0.0,-3.0,7.0,shot_microstats,4963,0.6048926781335225,0.5354330464175899,4.097226543718389,0.6295668174409725,0.5680892533310059,4.083602319714161
2025,2026-02-28,2025020942,CAR,DET,1.0,3.0,5.0,shot_microstats,4963,0.6422197759571739,0.7499781498826763,4.307667690157965,0.6743813852736876,0.7708009440962983,4.1925520677505625
2025,2026-02-28,2025020943,STL,NJD,0.0,-1.0,1.0,shot_microstats,4963,0.5526408277466482,0.2586546305452294,4.07189645632758,0.5626573101124458,0.202167950422246,4.143061987945564
2025,2026-02-28,2025020944,LAK,CGY,1.0,1.0,1.0,shot_microstats,4963,0.6155198339841558,0.604365829352496,3.8328824556562564,0.6695580004185733,0.7208416743656529,3.6875616321724776
2025,2026-02-28,2025020946,SEA,VAN,1.0,2.0,4.0,shot_microstats,4963,0.5556614512530257,0.2704882481493134,4.143556991698042,0.5823046560835041,0.30492295743147413,4.229740934286301
2025,2026-03-01,2025020947,PIT,VGK,1.0,3.0,3.0,shot_microstats,4963,0.48726894801850673,-0.07438952407692542,4.255840462916967,0.5962208510300625,0.26117807808155347,4.134658026791405
2025,2026-03-01,2025020948,NYI,FLA,1.0,2.0,6.0,shot_microstats,4963,0.44715542451602613,-0.2561583849886542,4.066117525382737,0.4766771974709471,-0.2414390067397737,4.031238207434188
2025,2026-03-01,2025020949,UTA,CHI,0.0,-2.0,2.0,shot_microstats,4963,0.6629647340280563,0.8835281199778157,4.218132117527788,0.7089041830223572,0.9943061328710828,4.292429770460561
2025,2026-03-01,2025020951,MIN,STL,0.0,-2.0,2.0,shot_microstats,4963,0.5337064967140353,0.15942300557440747,4.146138054536427,0.5612854992555506,0.1301240641229155,4.2592941188317415
2025,2026-03-02,2025020953,NYR,CBJ,1.0,1.0,5.0,shot_microstats,4963,0.4940195424994907,-0.03454840030549794,4.137931741511081,0.5573312321254007,0.13759738418148632,3.8838721642640333
2025,2026-03-02,2025020956,VAN,DAL,0.0,-4.0,6.0,shot_microstats,4963,0.42039885952141054,-0.39663708770886985,4.219907969940266,0.45372463085152354,-0.3411325849468494,4.322245915548174
2025,2026-03-02,2025020957,SEA,CAR,1.0,1.0,3.0,shot_microstats,4963,0.35384075059176046,-0.7490301399671759,4.362614020855917,0.37384965386174607,-0.7493515665920952,4.206703498710171
2025,2026-03-02,2025020958,LAK,COL,0.0,-2.0,4.0,shot_microstats,4963,0.43079605078550753,-0.34224593009251547,4.167716790328824,0.4382073166885683,-0.5026820286690972,3.7841020526262343
2025,2026-03-03,2025020959,BOS,PIT,1.0,1.0,3.0,shot_microstats,4963,0.4864499341352257,-0.07449814560791734,4.192909456802975,0.5027901107725303,-0.1529020801634804,4.067142438477326
2025,2026-03-03,2025020960,BUF,VGK,1.0,1.0,5.0,shot_microstats,4963,0.4792176366625125,-0.10722011233942591,4.1577677236085835,0.5544915307032724,0.12015377818460948,4.242155914075162
2025,2026-03-03,2025020961,NJD,FLA,1.0,1.0,3.0,shot_microstats,4963,0.48079208389498246,-0.09073231986247243,4.0149609130852415,0.5264646525124949,-0.031526763622369613,3.9788872132748394
2025,2026-03-03,2025020962,WSH,UTA,0.0,-1.0,1.0,shot_microstats,4963,0.4777088092234955,-0.12396471252188523,4.310611562831867,0.5533929888302107,0.06901324700400674,4.086056476301424
2025,2026-03-03,2025020963,CBJ,NSH,1.0,1.0,3.0,shot_microstats,4963,0.5389178606165211,0.1784189481258471,4.2806058229688215,0.6023931886728653,0.29948739758242626,4.210564701028867
2025,2026-03-03,2025020964,WPG,CHI,0.0,-1.0,1.0,shot_microstats,4963,0.5839700009497902,0.4225689305527585,4.057425832595149,0.6135620254211114,0.42969629650544683,3.9535000310281654
2025,2026-03-03,2025020965,CGY,DAL,0.0,-3.0,5.0,shot_microstats,4963,0.4747737750978008,-0.11869813033748278,3.9992574937578285,0.4993075011193725,-0.09600958589132058,4.066939315023816
2025,2026-03-03,2025020966,EDM,OTT,0.0,-1.0,5.0,shot_microstats,4963,0.4546188638174457,-0.2313365817697528,4.245116187394648,0.515123613362081,-0.08156607151009204,4.24449601251871
2025,2026-03-03,2025020967,MIN,TBL,1.0,2.0,4.0,shot_microstats,4963,0.4419001138856859,-0.29047059419435184,4.205713657790064,0.45755489833446816,-0.34343203627539354,4.118035474312067
2025,2026-03-03,2025020968,ANA,COL,0.0,-3.0,5.0,shot_microstats,4963,0.3655198537515505,-0.6939625934685034,4.509157180600337,0.3995732345576077,-0.7952563843562921,4.214872648234314
2025,2026-03-03,2025020969,SJS,MTL,1.0,1.0,7.0,shot_microstats,4963,0.46610825864347205,-0.1714614775740786,4.174847987937453,0.5362422857373048,0.11639139645789015,4.235480822472466
2025,2026-03-04,2025020971,NJD,TOR,1.0,1.0,5.0,shot_microstats,4963,0.5454243769406901,0.21769518121721712,4.156737289127787,0.5919026202640908,0.28933450648993975,4.178138476881723
2025,2026-03-04,2025020972,VAN,CAR,0.0,-2.0,6.0,shot_microstats,4963,0.3123482881651976,-0.9974435033527655,4.571226380585852,0.3310098065424353,-1.0572822413311347,4.238707044912454
2025,2026-03-04,2025020973,ANA,NYI,1.0,3.0,3.0,shot_microstats,4963,0.5679867320331008,0.3279582627811164,4.284427346821335,0.617409899862086,0.3637774919213486,4.314963341449835
2025,2026-03-05,2025020975,NYR,TOR,1.0,2.0,6.0,shot_microstats,4963,0.5490119394587007,0.24312131199820633,4.01667190064571,0.6027195890886848,0.35463226664008113,3.827310958550897
2025,2026-03-05,2025020976,PHI,UTA,0.0,-1.0,1.0,shot_microstats,4963,0.49134057814757937,-0.0443445645022188,4.086462874087531,0.4996972610277945,-0.06706846333329342,4.178635664745646
2025,2026-03-05,2025020977,PIT,BUF,0.0,-1.0,1.0,shot_microstats,4963,0.5303731752031274,0.1335361988844646,4.31768907425417,0.5693780556872483,0.16788314604260698,4.330517111608686
2025,2026-03-05,2025020978,CBJ,FLA,1.0,1.0,3.0,shot_microstats,4963,0.5045874594224398,0.017630755257943886,4.1222546710909125,0.5720555334085387,0.16308538819016816,3.9980300604118355
2025,2026-03-05,2025020979,NSH,BOS,1.0,1.0,5.0,shot_microstats,4963,0.5588082479305518,0.2915195176161669,4.044586218215824,0.6145555185743277,0.4246993064322166,4.031346345443978
2025,2026-03-05,2025020980,WPG,TBL,1.0,3.0,3.0,shot_microstats,4963,0.4184997938125344,-0.3998144855248902,4.119021552523946,0.4364499762017543,-0.45147801371077534,3.865480215049401
2025,2026-03-05,2025020982,LAK,NYI,1.0,3.0,5.0,shot_microstats,4963,0.6200365397695222,0.6246601484350688,3.9959654189185967,0.6412023883485233,0.5982805912748594,3.9125183569429995
2025,2026-03-06,2025020983,DET,FLA,0.0,-1.0,1.0,shot_microstats,4963,0.47672731852576306,-0.11168620639818488,4.037257964344022,0.5360724707442076,0.017235954668942288,3.9459937220125383
2025,2026-03-06,2025020984,DAL,COL,1.0,2.0,4.0,shot_microstats,4963,0.4183767588060425,-0.4078071875973923,4.238820344156931,0.38424985495186076,-0.7319714619805318,3.987664821809727
2025,2026-03-06,2025020985,CHI,VAN,0.0,-1.0,5.0,shot_microstats,4963,0.5388551661320581,0.18072387316883556,4.230233640471662,0.5834148700382992,0.26396448082217083,4.1703009611440125
2025,2026-03-06,2025020986,EDM,CAR,0.0,-2.0,6.0,shot_microstats,4963,0.41572752052051015,-0.4432494085360421,4.5967791852386775,0.436123842012043,-0.4950842985827769,4.379393392160604
2025,2026-03-06,2025020987,ANA,MTL,0.0,-2.0,6.0,shot_microstats,4963,0.4996966250812522,-0.016918813393191345,4.30326289319682,0.5526023776694755,0.11328662657598887,4.4601507125288675
2025,2026-03-06,2025020988,VGK,MIN,0.0,-3.0,5.0,shot_microstats,4963,0.5946742486779871,0.4776754758209288,4.129043189334346,0.6316503155866062,0.5383235372356354,3.863722520580061
2025,2026-03-07,2025020991,NJD,NYR,0.0,-1.0,5.0,shot_microstats,4963,0.5520294319861955,0.26023112754272015,3.9812140368855804,0.63390539594303,0.4711733938217113,3.9764663510583325
2025,2026-03-07,2025020992,BUF,NSH,1.0,1.0,3.0,shot_microstats,4963,0.5417136020680776,0.19727791121955837,4.1890321588022035,0.5770823380650256,0.24447390322283666,4.3303474222978675
2025,2026-03-07,2025020993,PIT,PHI,0.0,-1.0,5.0,shot_microstats,4963,0.5364154837973771,0.17445400940379743,4.118272128083488,0.601023779039595,0.30020014992730576,4.256805774549227
2025,2026-03-07,2025020998,CGY,CAR,1.0,2.0,6.0,shot_microstats,4963,0.3738067836959657,-0.6403187017000336,4.33433971316269,0.38320366185772115,-0.7418122803277984,3.9668401462067977
2025,2026-03-07,2025021000,SEA,OTT,0.0,-4.0,10.0,shot_microstats,4963,0.39567233381652944,-0.508533243921518,4.013498271340816,0.44346291469511734,-0.36501833147223983,4.07258811312283
2025,2026-03-08,2025021001,COL,MIN,1.0,2.0,2.0,shot_microstats,4963,0.6619303447404994,0.8757831173096315,4.3477006013581985,0.6948304772194984,0.9722464451636479,4.365508851288474
2025,2026-03-08,2025021003,BUF,TBL,0.0,-3.0,9.0,shot_microstats,4963,0.46621460019341754,-0.1704463973281372,4.166855388158488,0.47863121712451123,-0.2066114835831241,4.252326094686807
2025,2026-03-08,2025021005,NJD,DET,0.0,-2.0,2.0,shot_microstats,4963,0.5352409942053753,0.16703763898185833,4.146917389298399,0.577296359764493,0.22494506989812163,4.149048874791114
2025,2026-03-08,2025021006,ANA,STL,0.0,-2.0,2.0,shot_microstats,4963,0.5327751335237659,0.15110979840995023,4.213816239290164,0.5912123734584864,0.2160297835223674,4.330554439026092
2025,2026-03-09,2025020828,CBJ,LAK,0.0,-1.0,7.0,shot_microstats,4963,0.518437168001453,0.08466529697446348,4.132526391875636,0.6015966496191775,0.2918529169529184,4.009663927345561
2025,2026-03-09,2025021008,PHI,NYR,0.0,-2.0,4.0,shot_microstats,4963,0.5848216083900506,0.4374225269044393,3.8229702149874356,0.6121407624908618,0.46370504011821645,3.879798627083509
2025,2026-03-09,2025021009,WSH,CGY,1.0,3.0,5.0,shot_microstats,4963,0.578715415670525,0.39136338989953035,4.131885739829994,0.6712993278328748,0.6375953215666804,3.831287674574305
2025,2026-03-09,2025021011,VAN,OTT,0.0,-1.0,1.0,shot_microstats,4963,0.3429420233917078,-0.8035134426128276,4.237324627283381,0.39016632034158866,-0.7088939428254352,4.141015645476683
2025,2026-03-10,2025021013,BUF,SJS,1.0,3.0,7.0,shot_microstats,4963,0.5868414814617694,0.4354943850424367,4.117821462990212,0.6182911084682224,0.4780181994724044,4.337007834388493
2025,2026-03-10,2025021014,MTL,TOR,1.0,1.0,3.0,shot_microstats,4963,0.5786815481080175,0.38873878592648,4.189500779067917,0.5466692194447844,0.14717253644196987,4.347205650486123
2025,2026-03-10,2025021017,NYR,CGY,1.0,3.0,3.0,shot_microstats,4963,0.5491741394578925,0.24860105954370965,3.928687570374106,0.6349368766352214,0.4873756334828441,3.7380809514879516
2025,2026-03-10,2025021018,CAR,PIT,1.0,2.0,4.0,shot_microstats,4963,0.6104242462143445,0.5577787283121025,4.390280044736507,0.6529826474879884,0.5874752566260693,4.29000211669807
2025,2026-03-10,2025021019,STL,NYI,1.0,2.0,4.0,shot_microstats,4963,0.5758132608315625,0.3772991909632854,4.101486203983824,0.5785207573939996,0.29727941192145546,4.223101791319371
2025,2026-03-10,2025021021,MIN,UTA,1.0,5.0,5.0,shot_microstats,4963,0.473041039590147,-0.1443052217327503,4.275141455218136,0.5147258665901857,-0.0783430517422849,4.297410708197026
2025,2026-03-10,2025021022,WPG,ANA,0.0,-2.0,4.0,shot_microstats,4963,0.509822974142339,0.03630083131175467,4.238805047755152,0.5469872558264838,0.05675797320284834,3.9057255866681317
2025,2026-03-10,2025021024,SEA,NSH,0.0,-1.0,5.0,shot_microstats,4963,0.4788775202913096,-0.10572504729616583,4.107442179113254,0.4961331030085672,-0.12011278070380366,4.213531478365443
2025,2026-03-11,2025021025,OTT,MTL,0.0,-1.0,3.0,shot_microstats,4963,0.6071116878509342,0.5515182293811469,3.9926506107171074,0.6204066791972281,0.5643705662823366,4.081035635497001
2025,2026-03-11,2025021026,PHI,WSH,1.0,2.0,2.0,shot_microstats,4963,0.5342156709053043,0.16518860496074433,4.087086742535462,0.5628701406208124,0.2385281910808747,3.9956658873156536
2025,2026-03-12,2025021027,BOS,SJS,0.0,-1.0,3.0,shot_microstats,4963,0.5606631481296268,0.3049024718450773,3.966979210329759,0.5807758698303882,0.2755984642153882,3.9458686611564184
2025,2026-03-12,2025021028,BUF,WSH,0.0,-1.0,3.0,shot_microstats,4963,0.5259747765129447,0.11380052139692916,4.2768640912687825,0.5911875231998475,0.31315341234600863,4.248685991353282
2025,2026-03-12,2025021029,TOR,ANA,0.0,-3.0,5.0,shot_microstats,4963,0.48813527719690614,-0.07593132566325653,4.350452689443261,0.5549252812171914,0.0889424847792788,4.189163292500632
2025,2026-03-12,2025021030,TBL,DET,1.0,1.0,3.0,shot_microstats,4963,0.6113654174085147,0.5726957087914802,4.072994664958789,0.6620396183604734,0.7255675301458833,3.9765444399549303
2025,2026-03-12,2025021031,FLA,CBJ,0.0,-1.0,1.0,shot_microstats,4963,0.5453417529082117,0.22035269986827305,4.097645803297534,0.5981662899417933,0.3351314584495167,3.981605291227042
2025,2026-03-12,2025021032,NJD,CGY,0.0,-2.0,6.0,shot_microstats,4963,0.564678812847976,0.32086650292867935,4.0627434427739875,0.6411327519556161,0.5065782239640029,4.040641496923976
2025,2026-03-12,2025021033,CAR,STL,0.0,-1.0,3.0,shot_microstats,4963,0.6478761921281576,0.7860016386334849,4.266741812597607,0.675519097497853,0.7700670245562142,4.339979808010578
2025,2026-03-12,2025021034,DAL,EDM,1.0,2.0,6.0,shot_microstats,4963,0.5353298775607727,0.16411802999669514,4.209518689253609,0.5069297352502852,-0.01719444392424313,4.364794426729565
2025,2026-03-12,2025021036,WPG,NYR,0.0,-1.0,7.0,shot_microstats,4963,0.5315571335453039,0.15974719356670458,3.948766100933676,0.5880537607205512,0.24012085324985188,3.7565251981468504
2025,2026-03-12,2025021037,UTA,CHI,1.0,1.0,3.0,shot_microstats,4963,0.6499881340580453,0.8008277357694725,4.163241479636156,0.6937686868346588,0.8922632460796309,4.251406426917585
2025,2026-03-12,2025021038,VAN,NSH,0.0,-1.0,5.0,shot_microstats,4963,0.43448522100483333,-0.3335333503552794,4.316098879467589,0.46000297887399644,-0.36500516915546766,4.265072996420726
2025,2026-03-12,2025021039,VGK,PIT,1.0,3.0,7.0,shot_microstats,4963,0.5707365665916367,0.3465067313022538,4.1921768888757835,0.6144829733483953,0.3911255526214738,3.8854108023656577
2025,2026-03-12,2025021040,SEA,COL,0.0,-4.0,4.0,shot_microstats,4963,0.3369034128023187,-0.8412835022327292,4.3094307926481985,0.32744753496105433,-1.0520372576458927,4.1539714357465005
2025,2026-03-13,2025021041,NYI,LAK,0.0,-1.0,5.0,shot_microstats,4963,0.45341242551944366,-0.22801101092577636,4.100103519212788,0.5116910491801927,-0.10657132424941518,4.043964889271799
2025,2026-03-14,2025021043,OTT,ANA,1.0,1.0,1.0,shot_microstats,4963,0.6217025028436294,0.6309604240335132,4.108969274857694,0.6464952216477016,0.6237967218987529,3.8790242815355414
2025,2026-03-14,2025021045,WPG,COL,1.0,2.0,2.0,shot_microstats,4963,0.3619031453433862,-0.7024839489456969,4.311243507862043,0.3652618060698712,-0.9073605527072127,3.8566984156033555
2025,2026-03-14,2025021046,MIN,NYR,0.0,-2.0,4.0,shot_microstats,4963,0.5679191494760168,0.33917590675334075,4.0311360813873875,0.6247534148618107,0.4351887402434017,4.015828725691032
2025,2026-03-14,2025021047,BUF,TOR,0.0,-1.0,3.0,shot_microstats,4963,0.5849653247257283,0.42140432722189997,4.21656845884084,0.6158430765833021,0.4527045069127845,4.367750586269867
2025,2026-03-14,2025021048,MTL,SJS,0.0,-1.0,5.0,shot_microstats,4963,0.6028927358924873,0.5236014327244586,4.116152372504443,0.5730434703836128,0.29946024535908194,4.327643294345027
2025,2026-03-14,2025021050,NJD,LAK,1.0,1.0,5.0,shot_microstats,4963,0.4954742656619438,-0.020117545713652207,4.016893638990459,0.5707770302522489,0.17015273609565285,3.962385340620949
2025,2026-03-14,2025021053,DAL,DET,0.0,-1.0,3.0,shot_microstats,4963,0.5862596316051863,0.4369086265851904,4.008290781321309,0.5651795213659424,0.26429983084465025,4.036608340076189
2025,2026-03-14,2025021055,VAN,SEA,0.0,-2.0,6.0,shot_microstats,4963,0.4878271529101345,-0.06817238719739593,4.19826698275407,0.48677861299138353,-0.19475663246024622,4.291108757421792
2025,2026-03-14,2025021056,VGK,CHI,1.0,2.0,2.0,shot_microstats,4963,0.6671987918624358,0.9125294680117013,4.083961791334448,0.698955116337633,0.958678459575108,3.9349691757977308
2025,2026-03-15,2025021057,WPG,STL,1.0,1.0,3.0,shot_microstats,4963,0.5164030323386092,0.07989493112558954,4.043036329228941,0.5355215216459176,0.01891177425331017,4.015316397957086
2025,2026-03-15,2025021059,MTL,ANA,0.0,-1.0,7.0,shot_microstats,4963,0.5474199799007002,0.22000126578655,4.312138595598335,0.515574572459771,-0.011711507756651307,4.311109543359003
2025,2026-03-15,2025021060,MIN,TOR,0.0,-1.0,5.0,shot_microstats,4963,0.5787734580043244,0.38798640470211937,4.2193011920779835,0.6078201745444018,0.38008661759779877,4.230965165784162
2025,2026-03-15,2025021062,SEA,FLA,1.0,3.0,7.0,shot_microstats,4963,0.45611944966157186,-0.20756992129823582,3.9835409029344566,0.4811732936422286,-0.18529378820567177,4.023987852965083
2025,2026-03-16,2025021063,DET,CGY,1.0,1.0,5.0,shot_microstats,4963,0.5646289600751148,0.3192052906038354,4.092117149001666,0.64457737965963,0.5274924796779815,4.012845610845547
2025,2026-03-16,2025021065,NYR,LAK,0.0,-1.0,1.0,shot_microstats,4963,0.4788002743304371,-0.0935614273174662,3.9073935419086836,0.5640832532372942,0.15478721909028417,3.6937630158648416
2025,2026-03-16,2025021067,COL,PIT,0.0,-4.0,8.0,shot_microstats,4963,0.6390667445417885,0.7296890733563413,4.353090407666132,0.6809086421515694,0.8139938018789451,4.314767985394915
2025,2026-03-17,2025021069,MTL,BOS,1.0,1.0,3.0,shot_microstats,4963,0.5789109836970462,0.3955105549947223,4.060231163453985,0.5665419127754447,0.26679202751810255,4.171769858343944
2025,2026-03-17,2025021070,CBJ,CAR,1.0,3.0,3.0,shot_microstats,4963,0.42334677213424726,-0.3980821076544775,4.475288267840371,0.4714659350265529,-0.3449238683202148,4.169410626800627
2025,2026-03-17,2025021071,WPG,NSH,0.0,-1.0,3.0,shot_microstats,4963,0.5194836658460121,0.0922165182522879,4.09059133598293,0.5420945875653788,0.05175626121013158,3.9313702369802677
2025,2026-03-17,2025021072,CHI,MIN,1.0,1.0,5.0,shot_microstats,4963,0.440631238786658,-0.2978868602566478,4.225501836626272,0.48216082092855794,-0.20700159451465516,4.178560016315459
2025,2026-03-17,2025021073,EDM,SJS,1.0,1.0,7.0,shot_microstats,4963,0.6005357884353897,0.504331645831175,4.295483300198069,0.6223221840495002,0.4826627242148757,4.432822362271201
2025,2026-03-17,2025021074,VAN,FLA,1.0,1.0,5.0,shot_microstats,4963,0.40833148477399395,-0.4552060266401896,4.196264667535284,0.4395699723341941,-0.4527390664015448,4.073746735111688
2025,2026-03-17,2025021075,VGK,BUF,0.0,-1.0,1.0,shot_microstats,4963,0.578141475396008,0.3893060317846981,4.108867108297049,0.5938821523030532,0.34999129800711837,3.880476898406439
2025,2026-03-17,2025021076,SEA,TBL,0.0,-2.0,6.0,shot_microstats,4963,0.4137740293451671,-0.42277212090876326,4.110118722335095,0.4178465595472016,-0.48244636831570387,4.1594331521450885
2025,2026-03-18,2025021077,NYR,NJD,0.0,-2.0,6.0,shot_microstats,4963,0.5158163573871067,0.07957776850638201,3.999697933569154,0.5668828687192029,0.16902400635488615,3.8054672000702467
2025,2026-03-18,2025021078,CAR,PIT,0.0,-1.0,7.0,shot_microstats,4963,0.6183862308242327,0.6042940355086642,4.386031176166397,0.6537307168346267,0.5993076256805445,4.287031923928315
2025,2026-03-18,2025021079,WSH,OTT,1.0,2.0,2.0,shot_microstats,4963,0.45136829118062,-0.24066552738565905,4.143940104445232,0.5491262287995583,0.05022783573824288,3.8511048957230107
2025,2026-03-18,2025021080,COL,DAL,0.0,-1.0,1.0,shot_microstats,4963,0.6335716735845007,0.7015071866197007,4.090460162876941,0.6782071141618033,0.8701052351074317,4.237286823828831
2025,2026-03-18,2025021082,ANA,PHI,0.0,-2.0,2.0,shot_microstats,4963,0.5259856593294395,0.12162658054431272,4.136510855252912,0.596242456684869,0.24020158147203025,4.272505219614291
2025,2026-03-19,2025021083,BOS,WPG,1.0,6.0,6.0,shot_microstats,4963,0.5410888849794492,0.20570248812662537,3.9728752880561977,0.5981381612703314,0.3582867307451089,3.874980540368039
2025,2026-03-19,2025021085,DET,MTL,1.0,2.0,2.0,shot_microstats,4963,0.49992362227878184,-0.011416100647207938,4.229143990212689,0.546452550166764,0.13983398172043648,4.357111252506554
2025,2026-03-19,2025021086,CBJ,NYR,1.0,2.0,4.0,shot_microstats,4963,0.597528964799675,0.4954608956176412,4.073190434868472,0.6681334722224735,0.6503052810105706,4.032676913739133
2025,2026-03-19,2025021088,MIN,CHI,0.0,-1.0,3.0,shot_microstats,4963,0.6154163398858961,0.5936124922445734,4.1431284611963655,0.6463369661482744,0.6078795554456793,4.230048941934809
2025,2026-03-19,2025021089,EDM,FLA,0.0,-3.0,3.0,shot_microstats,4963,0.5257589508087959,0.11675645733707302,4.203715674441653,0.5563288125773592,0.12265226242548888,4.195091663345731
2025,2026-03-19,2025021090,VAN,TBL,0.0,-4.0,8.0,shot_microstats,4963,0.36401591149707524,-0.6913324791267264,4.315419624200626,0.3735742835875184,-0.7732413499829571,4.209316038019447
2025,2026-03-19,2025021091,VGK,UTA,0.0,-3.0,3.0,shot_microstats,4963,0.5447600118699312,0.21712988174374356,4.103161564986958,0.5955653504335945,0.3444890219051858,3.8781499267431214
2025,2026-03-19,2025021092,SJS,BUF,0.0,-5.0,5.0,shot_microstats,4963,0.47079822753606265,-0.1510721988997601,4.210205640801187,0.5211208915445489,-0.030664686212208248,4.099532235758447
2025,2026-03-19,2025021093,LAK,PHI,0.0,-1.0,5.0,shot_microstats,4963,0.5742358393287648,0.38210586374560285,3.8203693619889343,0.6116662342148439,0.41397550821823936,3.878644648469388
2025,2026-03-20,2025021094,TOR,CAR,1.0,3.0,3.0,shot_microstats,4963,0.34742433155510843,-0.7904113710404679,4.479484649954314,0.4069756303910535,-0.6550950885630304,4.195987159846496
2025,2026-03-20,2025021095,WSH,NJD,1.0,1.0,1.0,shot_microstats,4963,0.5461444392475155,0.21849879311561263,4.212265209188225,0.6077786331177707,0.3292889496874987,3.91186001549626
2025,2026-03-20,2025021096,CHI,COL,0.0,-1.0,3.0,shot_microstats,4963,0.31768995940170475,-0.9556086341027585,4.3401744809893765,0.3266866187284503,-1.0955686332218733,4.037883522345103
2025,2026-03-20,2025021097,CGY,FLA,1.0,1.0,3.0,shot_microstats,4963,0.46731270581707174,-0.15429419169098968,3.994435488095134,0.4856353582597966,-0.2013235948641689,3.828725297212802
2025,2026-03-21,2025021099,PIT,WPG,1.0,1.0,7.0,shot_microstats,4963,0.5765611564948049,0.3776973697909475,4.183500166027338,0.6691534901419968,0.686714411834334,4.157674221889372
2025,2026-03-21,2025021100,NSH,VGK,1.0,1.0,1.0,shot_microstats,4963,0.4432474033772761,-0.28106656518117445,4.160385382078665,0.5259514791716476,-0.06222978833630144,4.0969499090772405
2025,2026-03-21,2025021101,MIN,DAL,1.0,1.0,1.0,shot_microstats,4963,0.503164182554569,0.014371351643389568,4.061420838232318,0.5499878309792806,0.12110169826656503,4.189267231077741
2025,2026-03-21,2025021102,LAK,BUF,0.0,-2.0,2.0,shot_microstats,4963,0.5531384493156272,0.2630140485945928,4.036113843622691,0.5672376422723152,0.21268820673434624,3.9636194011001655
2025,2026-03-21,2025021103,SJS,PHI,0.0,-1.0,1.0,shot_microstats,4963,0.48792026457910276,-0.05489366322547967,3.9903886978369174,0.5620521007380882,0.14442199344576295,4.02623880466929
2025,2026-03-21,2025021104,CBJ,SEA,1.0,3.0,5.0,shot_microstats,4963,0.6112668535346467,0.5696691363817551,4.149852574900917,0.6390803733158924,0.5593569452879528,4.245352405467454
2025,2026-03-21,2025021105,MTL,NYI,1.0,3.0,5.0,shot_microstats,4963,0.5931978036090488,0.46616134264050013,4.220543236555032,0.5570303041188212,0.1861427378502011,4.354420940115236
2025,2026-03-21,2025021106,OTT,TOR,1.0,2.0,6.0,shot_microstats,4963,0.6736603809829239,0.955531864198053,4.075865764692878,0.6998460393481443,0.9526111642950699,4.005710390196165
2025,2026-03-21,2025021107,VAN,STL,0.0,-2.0,2.0,shot_microstats,4963,0.43364261456717235,-0.33507440455811854,4.275268455151294,0.4534243257573916,-0.395331158354317,4.36742224735243
2025,2026-03-21,2025021108,DET,BOS,0.0,-1.0,3.0,shot_microstats,4963,0.5552900234196286,0.2730539065544981,4.0540859839098,0.6295139829764104,0.5045447570775803,3.9794197656229846
2025,2026-03-22,2025021111,WSH,COL,0.0,-1.0,3.0,shot_microstats,4963,0.3894091903908328,-0.5657354275821311,4.4425532355185675,0.43951725918984746,-0.5785362701881555,3.9330470847178796
2025,2026-03-22,2025021114,NYI,CBJ,1.0,1.0,1.0,shot_microstats,4963,0.44335910866568895,-0.2924677111295051,4.3495845780247056,0.4832049937857509,-0.2240550813169533,4.321468120504821
2025,2026-03-22,2025021115,DAL,VGK,0.0,-1.0,3.0,shot_microstats,4963,0.5094206584717836,0.05099685163435111,3.957168693873409,0.5316192182813414,0.05943697796071534,3.905816588813071
2025,2026-03-22,2025021117,ANA,BUF,0.0,-3.0,7.0,shot_microstats,4963,0.49973133411125914,-0.01880616368831972,4.33815238387689,0.5508012557273245,0.040280086612316635,4.353546850765749
2025,2026-03-24,2025021121,MTL,CAR,1.0,3.0,5.0,shot_microstats,4963,0.4291474918717216,-0.3664996925944666,4.425371008084529,0.3970063083874656,-0.6311228790266504,4.285311089558091
2025,2026-03-24,2025021122,DET,OTT,0.0,-1.0,3.0,shot_microstats,4963,0.4341772547631401,-0.32070920449630347,4.087920185162443,0.516221171205892,-0.07758898062881264,3.983237451586308
2025,2026-03-24,2025021123,FLA,SEA,1.0,2.0,6.0,shot_microstats,4963,0.6266539744586097,0.6659912532982395,3.895303950787547,0.6472303376739387,0.6273910437271781,3.9811320691895453
2025,2026-03-24,2025021124,NYI,CHI,0.0,-1.0,7.0,shot_microstats,4963,0.5568884340803514,0.27678947479023375,4.143459929426539,0.5874773947008098,0.30070027912728164,4.265949704083905
2025,2026-03-24,2025021125,PHI,CBJ,0.0,-2.0,4.0,shot_microstats,4963,0.5101965309902361,0.047685189133236466,4.075784056378212,0.5250747876526678,0.05960518731403369,4.099780650718461
2025,2026-03-24,2025021126,PIT,COL,0.0,-2.0,6.0,shot_microstats,4963,0.3911342247372914,-0.5582666913634832,4.464741657684437,0.43226054011681103,-0.6047596171287464,4.1555531475289
2025,2026-03-24,2025021127,TBL,MIN,1.0,1.0,3.0,shot_microstats,4963,0.5940934872552851,0.47573393310553747,4.096502525180935,0.6582548960419674,0.6889399022825743,4.000851629993078
2025,2026-03-24,2025021128,STL,WSH,1.0,2.0,2.0,shot_microstats,4963,0.5125490162737518,0.052954298275728555,4.181774594720682,0.5514023570443755,0.1660700739326911,4.154661066833717
2025,2026-03-24,2025021129,NSH,SJS,1.0,3.0,7.0,shot_microstats,4963,0.5474204536529309,0.22978806952884182,4.11818613675036,0.5896754655510529,0.2775651942479145,4.228690017288944
2025,2026-03-24,2025021130,DAL,NJD,0.0,-2.0,6.0,shot_microstats,4963,0.5757099812858506,0.3820220353463102,3.984688473703482,0.5497882629955461,0.1640318928047358,3.9622203709732364
2025,2026-03-24,2025021131,WPG,VGK,1.0,3.0,3.0,shot_microstats,4963,0.4313337214129492,-0.33640319674320773,4.116354583253924,0.5061466048446753,-0.14475254694604806,3.8622537509991663
2025,2026-03-24,2025021132,UTA,EDM,0.0,-2.0,4.0,shot_microstats,4963,0.5378382705440498,0.16823671986458263,4.372754323055254,0.5769581923508734,0.2383712106909791,4.465782509524885
2025,2026-03-24,2025021134,VAN,ANA,0.0,-2.0,4.0,shot_microstats,4963,0.414193327097099,-0.44376580284035116,4.483999996806085,0.43507697639164267,-0.48006245630268674,4.294898723548292
2025,2026-03-25,2025021135,BUF,BOS,0.0,-2.0,4.0,shot_microstats,4963,0.5861033177631367,0.43276661843117475,4.087238005931306,0.6340857283928525,0.5685415241047319,4.181368835630441
2025,2026-03-25,2025021136,TOR,NYR,1.0,3.0,5.0,shot_microstats,4963,0.5213016479350714,0.10356304114387538,4.048556544584858,0.6020557973506772,0.3117138770251958,4.055284679396172
2025,2026-03-26,2025021137,MTL,CBJ,1.0,1.0,3.0,shot_microstats,4963,0.5181331400736454,0.07416468402417645,4.291071126612419,0.5012755326481483,-0.08759859840216766,4.376904008373989
2025,2026-03-26,2025021139,TBL,SEA,0.0,-1.0,5.0,shot_microstats,4963,0.6577475796341528,0.8521751350647885,4.0159005768888445,0.6996816116357433,0.9706932942284145,4.054391718480194
2025,2026-03-26,2025021140,FLA,MIN,0.0,-3.0,3.0,shot_microstats,4963,0.5578234818169113,0.28788630886131605,4.016490478687555,0.5992773858285987,0.3434149430705281,3.9659461107613048
2025,2026-03-26,2025021141,NYI,DAL,1.0,2.0,2.0,shot_microstats,4963,0.46111353493245044,-0.19219757799296922,4.121761469697611,0.5100411386311995,-0.07112216801323101,4.288987131649297
2025,2026-03-26,2025021142,PHI,CHI,1.0,4.0,6.0,shot_microstats,4963,0.6249613076252204,0.6547769143912465,3.941376370402799,0.6302826327549957,0.6216606667809468,4.103114041147684
2025,2026-03-26,2025021146,UTA,WSH,0.0,-3.0,7.0,shot_microstats,4963,0.5574099776737873,0.2747247487995338,4.241996243036557,0.6327991877278767,0.5037575947473665,4.09063402862652
2025,2026-03-26,2025021147,CGY,ANA,1.0,1.0,3.0,shot_microstats,4963,0.4862651263913636,-0.07952299121446377,4.260387016716416,0.4880203569263336,-0.18560861362601766,4.031713314709759
2025,2026-03-26,2025021149,VAN,LAK,0.0,-2.0,2.0,shot_microstats,4963,0.3932079401571463,-0.5341250015307825,4.2367790271213375,0.44749417846063766,-0.43645087131546634,4.118328159804215
2025,2026-03-27,2025021151,NYR,CHI,1.0,4.0,6.0,shot_microstats,4963,0.5919463601559921,0.46888254530051504,3.9753838714842793,0.6496618293391341,0.6266261724671442,3.9269573439745282
2025,2026-03-28,2025021152,TBL,OTT,1.0,2.0,6.0,shot_microstats,4963,0.5214792567242551,0.11032141153296764,3.947278678710496,0.6045098048341977,0.39819931477477144,3.7883346909342666
2025,2026-03-28,2025021153,NYI,FLA,1.0,2.0,6.0,shot_microstats,4963,0.47032670350891215,-0.14702616723380207,4.109433254381539,0.5149047866718189,-0.08424797682901547,4.090864922581398
2025,2026-03-28,2025021155,BOS,MIN,1.0,3.0,7.0,shot_microstats,4963,0.4836173579798986,-0.08397617515638495,4.124972834742472,0.5180212035840492,-0.04863931935106125,4.00180449013507
2025,2026-03-28,2025021157,CAR,NJD,1.0,1.0,5.0,shot_microstats,4963,0.6422552130009069,0.7504429602381867,4.292348121268182,0.6696551094921286,0.7363427931248742,4.148284657041077
2025,2026-03-28,2025021159,BUF,SEA,0.0,-1.0,3.0,shot_microstats,4963,0.6022419329401679,0.5206048362947794,4.0983720310225795,0.6225821935175256,0.5114886381198602,4.367612568126273
2025,2026-03-28,2025021160,STL,TOR,1.0,2.0,4.0,shot_microstats,4963,0.5831862775605257,0.41617493063771993,4.109648769501752,0.5910544749461876,0.3733337318378179,4.267324915471302
2025,2026-03-28,2025021161,NSH,MTL,0.0,-2.0,4.0,shot_microstats,4963,0.4773057895493447,-0.12135470866696518,4.23692935707619,0.5134065792194678,-0.018250843075544698,4.405476574737307
2025,2026-03-28,2025021162,COL,WPG,0.0,-2.0,4.0,shot_microstats,4963,0.6898945589170247,1.0679731135782111,4.255955277854403,0.7523004681936403,1.332329042643231,4.231243356871542
2025,2026-03-28,2025021164,LAK,UTA,0.0,-1.0,5.0,shot_microstats,4963,0.5164107942675829,0.0798581317416377,4.044312503127301,0.5619100577534945,0.18413569936770846,3.943783303871524
2025,2026-03-28,2025021165,CGY,VAN,1.0,3.0,7.0,shot_microstats,4963,0.5928779027914406,0.46646253532404525,4.165235324183787,0.6035390571682927,0.3842185947721677,4.08925851632306
2025,2026-03-28,2025021166,VGK,WSH,0.0,-1.0,3.0,shot_microstats,4963,0.5904566581033167,0.4545463117364573,4.1313414041699135,0.6627578243505782,0.6870817167860731,3.725495360361143
2025,2026-03-29,2025021168,TBL,NSH,1.0,1.0,5.0,shot_microstats,4963,0.6347043099988118,0.7086903027010854,4.073851271967335,0.6847033110786865,0.8485230567939489,3.999483388463094
2025,2026-03-29,2025021169,CAR,MTL,0.0,-2.0,2.0,shot_microstats,4963,0.6170857435479573,0.5976983380139724,4.344523093760134,0.645319102515825,0.6728113254153198,4.404318545303052
2025,2026-03-29,2025021170,CBJ,BOS,1.0,1.0,3.0,shot_microstats,4963,0.5937853223141266,0.4729710784019239,4.1246326981720784,0.654341330284173,0.6377962939903945,4.024486399611264
2025,2026-03-29,2025021171,NJD,CHI,1.0,1.0,5.0,shot_microstats,4963,0.6119685662119121,0.573869923792532,4.143389020313365,0.655049405754123,0.652616331357415,4.265721999786252
2025,2026-03-30,2025021173,NYI,PIT,0.0,-5.0,9.0,shot_microstats,4963,0.4639811005920835,-0.19289614654984488,4.353012098570461,0.5004821932886884,-0.1973017207999802,4.345071541661435
2025,2026-03-30,2025021174,COL,CGY,1.0,3.0,7.0,shot_microstats,4963,0.7023724630154801,1.1592139162498103,4.248893916681434,0.7612658541169554,1.3554892210828555,4.183707128700986
2025,2026-03-30,2025021175,VGK,VAN,1.0,2.0,4.0,shot_microstats,4963,0.6912334044334741,1.0775705103310418,4.253382306706419,0.7378323114528292,1.1862295414466684,4.00074422463964
2025,2026-03-31,2025021178,BOS,DAL,1.0,1.0,5.0,shot_microstats,4963,0.48676819589122594,-0.05805219001755235,3.9520667127729583,0.5180191116358145,-0.014536393761187871,3.992184913430713
2025,2026-03-31,2025021182,NYR,NJD,1.0,3.0,3.0,shot_microstats,4963,0.5088703707596562,0.044813238692117674,4.01568415838158,0.5626860575526869,0.15141935382253052,3.8099472275189155
2025,2026-03-31,2025021183,PIT,DET,1.0,5.0,5.0,shot_microstats,4963,0.5655490309398012,0.3172521274218164,4.237443452990266,0.624171702672183,0.45354270966703464,4.168501391228909
2025,2026-03-31,2025021185,CBJ,CAR,1.0,1.0,3.0,shot_microstats,4963,0.4165882201883139,-0.4303337602830326,4.458635505593776,0.46149451553874005,-0.38915878219028155,4.1286765315240315
2025,2026-03-31,2025021186,CHI,WPG,1.0,1.0,5.0,shot_microstats,4963,0.4642777507470079,-0.1790685804639674,4.155510994107324,0.531220818704817,0.025947345856133675,4.108282805137119
2025,2026-03-31,2025021187,EDM,SEA,1.0,2.0,2.0,shot_microstats,4963,0.6106872151038965,0.5635336873247377,4.241986688264466,0.6187305574093279,0.48645674716468645,4.451378611506346
2025,2026-04-01,2025021189,LAK,STL,0.0,-1.0,1.0,shot_microstats,4963,0.5731463160989093,0.37226373306708577,3.907044926584981,0.6111520533615679,0.41281080361217715,3.923286447477737
2025,2026-04-01,2025021190,SJS,ANA,0.0,-1.0,5.0,shot_microstats,4963,0.4915924694896181,-0.054865918948699244,4.279188846200917,0.5627721501592533,0.1569774684944526,3.9925552776211495
2025,2026-04-02,2025021191,OTT,BUF,1.0,1.0,3.0,shot_microstats,4963,0.600675505410376,0.5140068978511881,4.041039554459551,0.6052188576324316,0.4161588215412272,3.9690960638255977
2025,2026-04-02,2025021192,TBL,PIT,1.0,2.0,6.0,shot_microstats,4963,0.5751545652344193,0.3702560426554664,4.182880836078018,0.6375508556534607,0.5200369696201381,4.056454585950549
2025,2026-04-02,2025021193,FLA,BOS,1.0,1.0,3.0,shot_microstats,4963,0.5881632759792578,0.45137649857968926,3.90849343338257,0.6351761376935802,0.5611561348607688,3.81939096947179
2025,2026-04-02,2025021194,NJD,WSH,1.0,3.0,7.0,shot_microstats,4963,0.5146577609099523,0.06039077306162182,4.232133293957969,0.5910829504420249,0.28456296261651115,4.1101456962775
2025,2026-04-02,2025021195,NYR,MTL,0.0,-1.0,5.0,shot_microstats,4963,0.4852765327622886,-0.07255547936466977,4.069747444413762,0.5430991393182971,0.14184164457093557,4.061967813288061
2025,2026-04-02,2025021196,PHI,DET,0.0,-1.0,5.0,shot_microstats,4963,0.571251507265338,0.3600671816029096,3.956063305047609,0.5734314192835573,0.31081438649774673,3.959267285797732
2025,2026-04-02,2025021197,CAR,CBJ,1.0,2.0,4.0,shot_microstats,4963,0.6158508209432394,0.5898167542366737,4.370534368204286,0.6578878020656878,0.6613198367542881,4.257035229494631
2025,2026-04-02,2025021198,DAL,WPG,1.0,2.0,2.0,shot_microstats,4963,0.592034593418092,0.47219613807769234,3.9072819298920503,0.6020719149423907,0.449411177522184,3.9726526244093048
2025,2026-04-02,2025021199,MIN,VAN,1.0,4.0,4.0,shot_microstats,4963,0.6353813161963096,0.7079474723370603,4.301335244288886,0.667716066462528,0.7048093373881877,4.285411745020047
2025,2026-04-02,2025021201,VGK,CGY,1.0,2.0,8.0,shot_microstats,4963,0.6535705942866018,0.8259275879965188,4.004673231890954,0.7227522218299104,1.0135701582774181,3.725290533221093
2025,2026-04-02,2025021202,SJS,TOR,1.0,3.0,3.0,shot_microstats,4963,0.5542687250365267,0.26407789130371856,4.129018494016652,0.6224257690094487,0.4661728578993499,4.051377826605758
2025,2026-04-02,2025021203,SEA,UTA,0.0,-1.0,5.0,shot_microstats,4963,0.4277633360767564,-0.3578802873947219,4.179909985705992,0.44585061423021516,-0.33699812061806894,4.290260901677108
2025,2026-04-03,2025021205,NYI,PHI,0.0,-3.0,5.0,shot_microstats,4963,0.46668836909021366,-0.1633944859803652,4.091082358881335,0.4957754236253695,-0.1729849524269712,4.258733333612224
2025,2026-04-03,2025021206,ANA,STL,0.0,-2.0,6.0,shot_microstats,4963,0.5217981326600104,0.0957037757674976,4.229751420291423,0.5976681394458238,0.2514861120934114,4.343045721358136
2025,2026-04-04,2025021207,NYR,DET,1.0,1.0,3.0,shot_microstats,4963,0.521792913963093,0.10862586687655373,4.002715688799819,0.5866034592990537,0.2813087187006169,3.8193407948808455
2025,2026-04-04,2025021208,OTT,MIN,0.0,-3.0,5.0,shot_microstats,4963,0.6092295038596169,0.5622468491668955,4.02512265089307,0.6496653059386173,0.6350024441175273,3.894632494273977
2025,2026-04-04,2025021209,DAL,COL,0.0,-1.0,1.0,shot_microstats,4963,0.4166813336585516,-0.4137298148064398,4.19867367564347,0.37661501695772115,-0.762479946501292,3.9825178734172075
2025,2026-04-04,2025021210,TBL,BOS,1.0,1.0,3.0,shot_microstats,4963,0.6395721890974427,0.7395204621165645,4.009282406511305,0.7095059368574219,1.023129826360494,3.849940969669916
2025,2026-04-04,2025021211,PIT,FLA,1.0,2.0,10.0,shot_microstats,4963,0.5356835069426621,0.16968194408188259,4.138891491231254,0.6107802090112281,0.3639689978885054,4.070030110036166
2025,2026-04-04,2025021212,NJD,MTL,0.0,-1.0,3.0,shot_microstats,4963,0.5008097241716367,-0.006844411028182645,4.224734304782042,0.5419636230091328,0.12373341962751916,4.386874911549848
2025,2026-04-04,2025021213,WSH,BUF,1.0,2.0,6.0,shot_microstats,4963,0.5077523567653163,0.024363421310909718,4.269891720954412,0.5520311969879615,0.08358411797008466,4.090994887770254
2025,2026-04-04,2025021215,CBJ,WPG,0.0,-1.0,3.0,shot_microstats,4963,0.5923803332756397,0.4656182408139324,4.11614447353254,0.6606944750475999,0.6621822078244892,4.06937956250494
2025,2026-04-04,2025021216,VAN,UTA,0.0,-3.0,7.0,shot_microstats,4963,0.36649804002903164,-0.6838890225658756,4.421922516438302,0.3936002615238186,-0.662702487752427,4.422416647435541
2025,2026-04-04,2025021217,LAK,TOR,1.0,3.0,7.0,shot_microstats,4963,0.6185369937596161,0.6152668604375454,4.020940608968758,0.6551194856077986,0.6595998326211148,3.950583489336993
2025,2026-04-04,2025021218,EDM,VGK,0.0,-3.0,5.0,shot_microstats,4963,0.4825563894202898,-0.09795235928355656,4.268529087390798,0.5435303209070439,0.051255291117653146,4.246941238072923
2025,2026-04-04,2025021219,ANA,CGY,0.0,-2.0,6.0,shot_microstats,4963,0.5713091436900083,0.34820194344959093,4.22221138911171,0.672496636027689,0.6040236734828555,4.174492819973312
2025,2026-04-04,2025021220,SJS,NSH,0.0,-1.0,3.0,shot_microstats,4963,0.5306744517014168,0.14675682623313605,4.102265871161897,0.600211355134639,0.3453204482409676,3.9974772363994457
2025,2026-04-05,2025021223,PIT,FLA,1.0,3.0,5.0,shot_microstats,4963,0.5410799201241125,0.1965153323657339,4.14279150093439,0.6148750879871145,0.38633482090462823,4.082355244886332
2025,2026-04-05,2025021224,PHI,BOS,1.0,1.0,1.0,shot_microstats,4963,0.5893919398999026,0.45963491109351834,3.8696070762006007,0.6099179537947104,0.5125886940689319,3.884019808668862
2025,2026-04-05,2025021225,OTT,CAR,1.0,1.0,5.0,shot_microstats,4963,0.492032144302623,-0.04622285075288546,4.171768006300561,0.523846949056172,-0.04716262746952382,3.792658465754488
2025,2026-04-05,2025021226,MTL,NJD,0.0,-2.0,2.0,shot_microstats,4963,0.5551357144115141,0.2648452798891552,4.203712339826686,0.518182564566392,-0.008001616259224381,4.289066452744201
2025,2026-04-05,2025021227,NYR,WSH,1.0,5.0,7.0,shot_microstats,4963,0.4954003227186267,-0.024385711813784572,4.080766803541532,0.5896858349912966,0.2879401799709459,3.806870308590498
2025,2026-04-05,2025021228,COL,STL,0.0,-1.0,5.0,shot_microstats,4963,0.6579061949049657,0.8508016599105784,4.199342392133841,0.6931046160146503,0.92587045723946,4.299520343134003
2025,2026-04-06,2025021229,BUF,TBL,1.0,2.0,4.0,shot_microstats,4963,0.47795249480889007,-0.11477341756547427,4.1811660542209435,0.5050616896883157,-0.09757516636468327,4.233120281567232
2025,2026-04-06,2025021231,SJS,CHI,1.0,2.0,4.0,shot_microstats,4963,0.588111329709221,0.4426396766987353,4.110780024086524,0.6577703140458232,0.6733364342863031,4.098146004824568
2025,2026-04-06,2025021232,LAK,NSH,1.0,1.0,3.0,shot_microstats,4963,0.5979390146720606,0.5011959765758994,3.982357716762333,0.6366607292183104,0.5483116356705917,3.885121291694166
2025,2026-04-07,2025021233,MTL,FLA,0.0,-2.0,2.0,shot_microstats,4963,0.5361267605799636,0.17679534201767275,4.04896840708646,0.5214735877925211,0.009812467936619107,4.1589561044639005
2025,2026-04-07,2025021234,OTT,TBL,1.0,1.0,5.0,shot_microstats,4963,0.556379594097954,0.28451161494464156,3.9384544782394775,0.5832668188558452,0.2855824261024642,3.759337940461775
2025,2026-04-07,2025021235,DET,CBJ,1.0,1.0,3.0,shot_microstats,4963,0.4836287996618564,-0.09187490862141362,4.25394958274991,0.5511744809476101,0.09011483234352247,4.194803420764687
2025,2026-04-07,2025021236,NJD,PHI,0.0,-2.0,4.0,shot_microstats,4963,0.5094798416875783,0.048907446279576744,3.9967564783865357,0.5579744774626214,0.1258681692495181,4.176950687882887
2025,2026-04-07,2025021237,CAR,BOS,0.0,-1.0,9.0,shot_microstats,4963,0.6711021522183321,0.9374116782689477,4.254798752872731,0.7202736131486137,1.0732503872181174,4.108265766433073
2025,2026-04-07,2025021238,STL,COL,0.0,-1.0,3.0,shot_microstats,4963,0.4023785689277391,-0.4906014412301074,4.286965455227554,0.3915703842295446,-0.6975649186079753,4.129207463763799
2025,2026-04-07,2025021239,DAL,CGY,1.0,1.0,5.0,shot_microstats,4963,0.612458625387788,0.5841476780897459,3.9174723169253216,0.6141183325443841,0.4727013861462628,3.9435030324233717
2025,2026-04-07,2025021240,MIN,SEA,1.0,2.0,6.0,shot_microstats,4963,0.6017605293893391,0.5177279538310475,4.103974504653799,0.6202427384273179,0.46047919175677926,4.1946026333494375
2025,2026-04-07,2025021242,VAN,VGK,0.0,-1.0,3.0,shot_microstats,4963,0.35280663656185624,-0.7516006096918404,4.302059307334172,0.41488815080872676,-0.5945907168099575,4.172184058367714
2025,2026-04-07,2025021243,ANA,NSH,0.0,-3.0,3.0,shot_microstats,4963,0.5498232591616099,0.23220712337613475,4.314157562395669,0.6231283693056338,0.3801799302363643,4.298893452222435
2025,2026-04-08,2025021244,NYR,BUF,0.0,-3.0,5.0,shot_microstats,4963,0.4809266427665917,-0.09381958738166363,4.074770642560244,0.5253500706777267,-0.011904574330225681,3.971977836211918
2025,2026-04-08,2025021245,TOR,WSH,0.0,-3.0,3.0,shot_microstats,4963,0.4655310943226243,-0.18111564888984016,4.284334023221811,0.5404208310830907,0.05201449355830329,4.126848086323922
2025,2026-04-08,2025021246,SJS,EDM,0.0,-1.0,3.0,shot_microstats,4963,0.4606814741678893,-0.20686114027304092,4.321552601595242,0.5208558666842334,-0.024926178634461726,4.2870466669755904
2025,2026-04-09,2025021247,BUF,CBJ,1.0,4.0,4.0,shot_microstats,4963,0.5181736559047302,0.07551834054750647,4.270530426620698,0.5609754163994953,0.17299578055029444,4.361850321687735
2025,2026-04-09,2025021248,MTL,TBL,1.0,2.0,2.0,shot_microstats,4963,0.47302235877002796,-0.13762886654913303,4.1666530223309515,0.4475410263577505,-0.34682689548564144,4.230633372500489
2025,2026-04-09,2025021249,OTT,FLA,1.0,2.0,4.0,shot_microstats,4963,0.6176051497322723,0.6152018448785469,3.8601151609976174,0.6527752396279496,0.6541569869892234,3.712368756807069
2025,2026-04-09,2025021250,DET,PHI,0.0,-1.0,3.0,shot_microstats,4963,0.5063986077136958,0.03491675546263007,3.980789357763672,0.557492768308264,0.12869936661544223,4.097927787608715
2025,2026-04-09,2025021251,NJD,PIT,0.0,-2.0,6.0,shot_microstats,4963,0.4898153151957266,-0.06458195657249574,4.297406828844667,0.5470668941414429,0.004609602373116084,4.314601392315065
2025,2026-04-09,2025021253,STL,WPG,0.0,-2.0,4.0,shot_microstats,4963,0.5752340703627656,0.3789834148101236,3.9964623767410696,0.6066658018464159,0.4541806787375331,4.127595326535603
2025,2026-04-09,2025021254,DAL,MIN,1.0,3.0,5.0,shot_microstats,4963,0.5438529523744534,0.21642354005325898,4.030386450021291,0.535021997540643,0.10769629702522499,4.060391467386775
2025,2026-04-09,2025021255,CHI,CAR,0.0,-5.0,9.0,shot_microstats,4963,0.3025459427807992,-1.0540818161266396,4.473886067977743,0.3345856657614288,-1.0092293683622549,4.152270865528063
2025,2026-04-09,2025021256,COL,CGY,1.0,1.0,1.0,shot_microstats,4963,0.7000991144436494,1.1426368244712568,4.2815014731993415,0.761664185917689,1.3475531714099858,4.192725661678544
2025,2026-04-09,2025021257,UTA,NSH,1.0,3.0,3.0,shot_microstats,4963,0.6134958142203253,0.581498620210274,4.179405919365502,0.6567968542061083,0.6460825363860436,4.183032975836804
2025,2026-04-09,2025021258,ANA,SJS,1.0,2.0,4.0,shot_microstats,4963,0.5628617594190984,0.3033302629249246,4.235086237048844,0.6452266333347374,0.49618030774362754,4.27518623241036
2025,2026-04-09,2025021260,LAK,VAN,1.0,3.0,5.0,shot_microstats,4963,0.6645533543355394,0.8947008529491718,4.132980212736929,0.707033820490575,0.9610175258996818,4.051860302447998
2025,2026-04-11,2025021261,BOS,TBL,0.0,-1.0,3.0,shot_microstats,4963,0.4342002458471364,-0.32079143781575337,4.091034523859571,0.45808864975549923,-0.3402306892627833,3.8983406834893755
2025,2026-04-11,2025021263,PIT,WSH,0.0,-1.0,7.0,shot_microstats,4963,0.5486482042483677,0.22588373726476307,4.320339249411776,0.6298952903381994,0.4736108360124077,4.170898277702056
2025,2026-04-11,2025021264,LAK,EDM,1.0,1.0,1.0,shot_microstats,4963,0.5262196123160531,0.12032281630302907,4.180593915053661,0.5598283589472673,0.16369141501564388,4.163817688042842
2025,2026-04-11,2025021265,DET,NJD,0.0,-1.0,7.0,shot_microstats,4963,0.5230151435500817,0.10562189217864734,4.1602018924029585,0.5631275639881757,0.1454927707617303,4.086858789008721
2025,2026-04-11,2025021266,CHI,STL,0.0,-1.0,7.0,shot_microstats,4963,0.43063656022989516,-0.34455809660665837,4.192186301590559,0.4560265480874832,-0.34338538012675446,4.3027376984712475
2025,2026-04-11,2025021267,NSH,MIN,1.0,1.0,3.0,shot_microstats,4963,0.4765289502410318,-0.12554109246972195,4.243995300050128,0.5350010793642761,0.0032194931919226066,4.263779880429841
2025,2026-04-11,2025021269,UTA,CAR,0.0,-2.0,2.0,shot_microstats,4963,0.442456305344751,-0.29923871185603934,4.38738254133873,0.49705419748226237,-0.20701080652827453,4.113661951083097
2025,2026-04-11,2025021270,TOR,FLA,0.0,-2.0,4.0,shot_microstats,4963,0.45714783215075927,-0.21035710684483144,4.106307314049595,0.5163473769183827,-0.07188029032666923,4.050971346875564
2025,2026-04-11,2025021271,MTL,CBJ,0.0,-2.0,4.0,shot_microstats,4963,0.5137432211178533,0.05454774538689182,4.255734230221483,0.5008206107868555,-0.08410760844926918,4.3709796805443695
2025,2026-04-11,2025021272,WPG,PHI,0.0,-5.0,7.0,shot_microstats,4963,0.4942478047603578,-0.018941148370061722,3.902025616284545,0.5188746886117991,-0.0339018669438339,3.9409368723396585
2025,2026-04-11,2025021273,SEA,CGY,1.0,2.0,4.0,shot_microstats,4963,0.5289378215650359,0.14155871673753545,4.041549677449394,0.572166956191481,0.20149867590418916,4.114737690213514
2025,2026-04-11,2025021275,SJS,VAN,1.0,2.0,4.0,shot_microstats,4963,0.5982719871164659,0.4961817345802847,4.165109298013956,0.6688565777683511,0.7070029585782497,4.059790979449463
2025,2026-04-12,2025021276,WSH,PIT,1.0,2.0,2.0,shot_microstats,4963,0.5008810611682819,-0.013106270169557066,4.336612134267885,0.5757201072722986,0.1372893300868319,4.133221245719192
2025,2026-04-12,2025021277,NYI,MTL,0.0,-2.0,4.0,shot_microstats,4963,0.46746411398978344,-0.17152559671530243,4.280137039327359,0.4819150395706098,-0.14615244092580237,4.453968743613675
2025,2026-04-12,2025021278,CBJ,BOS,0.0,-1.0,5.0,shot_microstats,4963,0.5941363922166567,0.47416869886142915,4.143806696136246,0.6504139254215274,0.624630872101094,4.039473999443417
2025,2026-04-12,2025021279,NJD,OTT,0.0,-1.0,3.0,shot_microstats,4963,0.43748492478143486,-0.3065280604739713,4.119374967566394,0.5134295391803935,-0.09034365747337592,4.077579464457218
2025,2026-04-12,2025021280,ANA,VAN,1.0,1.0,3.0,shot_microstats,4963,0.6266255932999594,0.652497686440602,4.423208616785399,0.7021935884226956,0.8227907715249498,4.419643444503324
2025,2026-04-12,2025021281,CGY,UTA,1.0,3.0,5.0,shot_microstats,4963,0.4242948807624276,-0.37633622267180866,4.202422041807668,0.4387057943632514,-0.4049070355736593,4.129436843746326
2025,2026-04-13,2025021283,FLA,NYR,1.0,1.0,5.0,shot_microstats,4963,0.5890801710167364,0.45942266724687664,3.836521297765265,0.6390904130230526,0.5274096147337433,3.795983521016321
2025,2026-04-13,2025021285,TOR,DAL,0.0,-1.0,9.0,shot_microstats,4963,0.4565222732470042,-0.21124652034240932,4.07256786304826,0.5214795930284222,-0.008671171683638512,4.208356889421848
2025,2026-04-13,2025021286,STL,MIN,1.0,4.0,6.0,shot_microstats,4963,0.5182428838571883,0.08346173743777864,4.136869552840025,0.537432202817511,0.10054681142213792,4.2497505858436275
2025,2026-04-13,2025021288,CHI,BUF,0.0,-5.0,5.0,shot_microstats,4963,0.4056544319511299,-0.47588146426881406,4.315608323447937,0.4155032624899662,-0.5219018276946501,4.309766454311051
2025,2026-04-13,2025021290,VGK,WPG,1.0,1.0,3.0,shot_microstats,4963,0.6422131945893196,0.7556227315254853,4.006187721066388,0.7088199585690762,0.9728207536873746,3.7664253787290214
2025,2026-04-13,2025021291,SEA,LAK,0.0,-2.0,6.0,shot_microstats,4963,0.46006926681329857,-0.1894512323438341,3.998505705177438,0.5006734658358722,-0.11612286971894781,4.009664210687614
2025,2026-04-14,2025021292,BOS,NJD,1.0,4.0,4.0,shot_microstats,4963,0.5095350282350565,0.041563398472856325,4.124811528916297,0.5253596144985284,-0.027263301140750984,3.963450386790921
2025,2026-04-14,2025021293,NYI,CAR,0.0,-2.0,2.0,shot_microstats,4963,0.3593667579454074,-0.7252447172859784,4.47970107129041,0.3865547432591447,-0.7306797638289527,4.239750825322261
2025,2026-04-14,2025021295,CBJ,WSH,0.0,-1.0,1.0,shot_microstats,4963,0.5544867126170713,0.2580157524186725,4.276097133820401,0.6166378567862586,0.42041372645400726,4.086687857448053
2025,2026-04-14,2025021296,MIN,ANA,1.0,3.0,3.0,shot_microstats,4963,0.5348292437967013,0.1548418285504395,4.337845274346322,0.5579535373024714,0.12423609873917874,4.142882568533513
2025,2026-04-14,2025021297,UTA,WPG,1.0,1.0,3.0,shot_microstats,4963,0.6122789675679761,0.5778504960442348,4.073852821917065,0.6839234665469525,0.7992498917797994,4.091009675978299
2025,2026-04-14,2025021298,CGY,COL,0.0,-1.0,3.0,shot_microstats,4963,0.3401182840086349,-0.8241574908674643,4.335046065995398,0.34097000994374044,-1.013028545001689,3.9597088677540473
2025,2026-04-14,2025021300,VAN,LAK,0.0,-1.0,5.0,shot_microstats,4963,0.39404651641168215,-0.5288248326577156,4.219498164796194,0.4484818428155302,-0.42426288619587493,4.109978729690407
2025,2026-04-15,2025021302,TBL,NYR,0.0,-1.0,5.0,shot_microstats,4963,0.6360369389952084,0.7208863920254256,3.904666173156172,0.7055157814295582,0.9413574977638597,3.7789457407765963
2025,2026-04-15,2025021303,FLA,DET,1.0,6.0,8.0,shot_microstats,4963,0.5664461184929782,0.3318959453152095,4.023591472285937,0.5966751940613647,0.3424787771921862,3.936105920037703
2025,2026-04-15,2025021304,OTT,TOR,0.0,-1.0,1.0,shot_microstats,4963,0.6792973798419811,0.9936611980282608,4.085980474637939,0.7076283629138072,1.0133081247459759,4.017876745417519
2025,2026-04-15,2025021305,CHI,SJS,1.0,4.0,6.0,shot_microstats,4963,0.4701450875616391,-0.15012251524947123,4.144812598832012,0.510041084339216,-0.08224274032109657,4.175932261655015
2025,2026-04-15,2025021306,VGK,SEA,1.0,2.0,4.0,shot_microstats,4963,0.6671116080876722,0.9123259653701195,4.045783340014115,0.7004820204960027,0.9487012611413864,3.912251860727297
2025,2026-04-16,2025021307,NSH,ANA,0.0,-2.0,6.0,shot_microstats,4963,0.4803913222598179,-0.11415380740435646,4.362077271436229,0.5146549203831201,-0.09609507571353848,4.238777447090602
2025,2026-04-16,2025021308,WPG,SJS,0.0,-4.0,6.0,shot_microstats,4963,0.5530919150982468,0.26530602061827935,3.9871087886180265,0.5866712379776882,0.29116605390518285,3.951956883068234
2025,2026-04-16,2025021309,UTA,STL,0.0,-1.0,7.0,shot_microstats,4963,0.5779686213089482,0.3890065772977007,4.094679673768084,0.6205970849816069,0.4454385489191548,4.245225848247687
2025,2026-04-16,2025021311,EDM,VAN,1.0,2.0,4.0,shot_microstats,4963,0.6557155239673388,0.834307409837957,4.454825625258558,0.6758004063554511,0.7874047178178891,4.552109460686122
2025,2026-04-16,2025021312,COL,SEA,1.0,1.0,1.0,shot_microstats,4963,0.7107034707017225,1.2240572361321393,4.345627241686296,0.7440846953783932,1.2976561231459083,4.37792935102595
