game_id,game_date,drat_exp_margin,drat_exp_total,sdv_exp_margin,sdv_exp_total,actual_margin,actual_total,history_source_file,home_puck_line,away_puck_line,home_dk_puck_line_american,away_dk_puck_line_american,home_dk_puck_line_decimal,away_dk_puck_line_decimal,price_source_file,home_decimal,away_decimal,home_american,away_american,home_cover,away_cover
2025020194,2025-11-02,-0.1599999999999997,6.14,0.085613910740979,4.166069815319178,-2,6,docs\win\hockey\nhl\research\sdv_challenger\season_2025\standalone_comparison.csv,1.5,-1.5,-265.0,219.0,,,2025_11_02_NHL_merged.csv,1.3773584905660377,3.19,-265.0,219.0,0.0,1.0
2025020195,2025-11-02,0.3999999999999999,6.32,0.0304865944198846,4.56711428077073,1,5,docs\win\hockey\nhl\research\sdv_challenger\season_2025\standalone_comparison.csv,-1.5,1.5,174.0,-200.0,,,2025_11_02_NHL_merged.csv,2.74,1.5,174.0,-200.0,0.0,1.0
2025020196,2025-11-02,0.6499999999999999,5.59,0.1047382706437334,3.797653479278541,-1,3,docs\win\hockey\nhl\research\sdv_challenger\season_2025\standalone_comparison.csv,-1.5,1.5,180.0,-210.0,,,2025_11_02_NHL_merged.csv,2.8,1.4761904761904763,180.0,-210.0,0.0,1.0
2025020197,2025-11-02,-0.1299999999999999,6.25,0.021128594365444,4.380162954717559,3,5,docs\win\hockey\nhl\research\sdv_challenger\season_2025\standalone_comparison.csv,1.5,-1.5,-215.0,183.0,,,2025_11_02_NHL_merged.csv,1.4651162790697674,2.83,-215.0,183.0,1.0,0.0
2025020198,2025-11-02,-1.1799999999999995,6.16,0.1213270947164248,4.119215915729976,-1,5,docs\win\hockey\nhl\research\sdv_challenger\season_2025\standalone_comparison.csv,1.5,-1.5,-160.0,140.0,,,2025_11_02_NHL_merged.csv,1.625,2.4,-160.0,140.0,1.0,0.0
2025020199,2025-11-03,1.04,6.22,0.2417293338978208,4.458622605054503,1,7,docs\win\hockey\nhl\research\sdv_challenger\season_2025\standalone_comparison.csv,-1.5,1.5,141.0,-161.0,,,2025_11_03_NHL_merged.csv,2.41,1.62111801242236,141.0,-161.0,0.0,1.0
2025020200,2025-11-03,-0.1499999999999999,6.01,0.19831968845578,4.559321465019172,1,5,docs\win\hockey\nhl\research\sdv_challenger\season_2025\standalone_comparison.csv,1.5,-1.5,-195.0,170.0,,,2025_11_03_NHL_merged.csv,1.5128205128205128,2.7,-195.0,170.0,1.0,0.0
2025020201,2025-11-03,0.1400000000000001,5.76,0.1459082307273354,4.27848393147701,-1,9,docs\win\hockey\nhl\research\sdv_challenger\season_2025\standalone_comparison.csv,-1.5,1.5,215.0,-260.0,,,2025_11_03_NHL_merged.csv,3.15,1.3846153846153846,215.0,-260.0,0.0,1.0
2025020202,2025-11-03,0.9500000000000002,5.83,0.1846891392121925,4.036539612767918,2,4,docs\win\hockey\nhl\research\sdv_challenger\season_2025\standalone_comparison.csv,-1.5,1.5,170.0,-195.0,,,2025_11_03_NHL_merged.csv,2.7,1.5128205128205128,170.0,-195.0,1.0,0.0
2025020203,2025-11-04,-0.0900000000000003,6.19,0.1200604668263163,4.205604439873487,-1,3,docs\win\hockey\nhl\research\sdv_challenger\season_2025\standalone_comparison.csv,1.5,-1.5,-220.0,186.0,,,2025_11_04_NHL_merged.csv,1.4545454545454546,2.8600000000000003,-220.0,186.0,1.0,0.0
2025020204,2025-11-04,0.7200000000000002,5.9,0.230561403516154,3.9039767134687295,-1,9,docs\win\hockey\nhl\research\sdv_challenger\season_2025\standalone_comparison.csv,-1.5,1.5,161.0,-185.0,,,2025_11_04_NHL_merged.csv,2.6100000000000003,1.5405405405405406,161.0,-185.0,0.0,1.0
2025020205,2025-11-04,0.96,6.12,0.1610701964313943,4.229176018657999,-1,7,docs\win\hockey\nhl\research\sdv_challenger\season_2025\standalone_comparison.csv,-1.5,1.5,159.0,-182.0,,,2025_11_04_NHL_merged.csv,2.59,1.5494505494505495,159.0,-182.0,0.0,1.0
2025020206,2025-11-04,-0.2299999999999999,5.79,0.1966328779513624,4.43511529378507,-3,3,docs\win\hockey\nhl\research\sdv_challenger\season_2025\standalone_comparison.csv,1.5,-1.5,-230.0,192.0,,,2025_11_04_NHL_merged.csv,1.434782608695652,2.92,-230.0,192.0,0.0,1.0
2025020207,2025-11-04,0.4199999999999999,6.2,0.1532728985333804,4.284122586713504,1,7,docs\win\hockey\nhl\research\sdv_challenger\season_2025\standalone_comparison.csv,-1.5,1.5,200.0,-240.0,,,2025_11_04_NHL_merged.csv,3.0,1.4166666666666667,200.0,-240.0,0.0,1.0
2025020208,2025-11-04,1.0100000000000002,5.89,0.2518781202775351,4.4361966369603065,1,5,docs\win\hockey\nhl\research\sdv_challenger\season_2025\standalone_comparison.csv,-1.5,1.5,117.0,-137.0,,,2025_11_04_NHL_merged.csv,2.17,1.72992700729927,117.0,-137.0,0.0,1.0
2025020209,2025-11-04,0.4599999999999999,6.36,0.2763246345923118,4.181665543175623,1,5,docs\win\hockey\nhl\research\sdv_challenger\season_2025\standalone_comparison.csv,-1.5,1.5,174.0,-200.0,,,2025_11_04_NHL_merged.csv,2.74,1.5,174.0,-200.0,0.0,1.0
2025020210,2025-11-04,1.0099999999999998,5.91,0.180965882425518,4.134279933141847,1,1,docs\win\hockey\nhl\research\sdv_challenger\season_2025\standalone_comparison.csv,-1.5,1.5,135.0,-155.0,,,2025_11_04_NHL_merged.csv,2.35,1.6451612903225805,135.0,-155.0,0.0,1.0
2025020211,2025-11-04,-0.8099999999999996,6.21,0.024103593275726,4.333989199924002,4,10,docs\win\hockey\nhl\research\sdv_challenger\season_2025\standalone_comparison.csv,1.5,-1.5,-205.0,177.0,,,2025_11_04_NHL_merged.csv,1.4878048780487805,2.77,-205.0,177.0,1.0,0.0
2025020212,2025-11-04,0.3000000000000002,5.64,0.2776392146694095,4.042160397735975,3,3,docs\win\hockey\nhl\research\sdv_challenger\season_2025\standalone_comparison.csv,-1.5,1.5,207.0,-250.0,,,2025_11_04_NHL_merged.csv,3.07,1.4,207.0,-250.0,1.0,0.0
2025020213,2025-11-05,0.8199999999999998,6.06,0.0722910824153135,4.244297595018242,2,8,docs\win\hockey\nhl\research\sdv_challenger\season_2025\standalone_comparison.csv,-1.5,1.5,153.0,-175.0,,,2025_11_05_NHL_merged.csv,2.5300000000000002,1.5714285714285714,153.0,-175.0,1.0,0.0
2025020214,2025-11-05,0.6200000000000001,5.78,0.213954240999918,4.495065352419557,5,7,docs\win\hockey\nhl\research\sdv_challenger\season_2025\standalone_comparison.csv,-1.5,1.5,165.0,-190.0,,,2025_11_05_NHL_merged.csv,2.65,1.526315789473684,165.0,-190.0,1.0,0.0
2025020215,2025-11-05,-0.0499999999999998,6.03,0.2091052005115496,4.308436717298051,4,6,docs\win\hockey\nhl\research\sdv_challenger\season_2025\standalone_comparison.csv,1.5,-1.5,-265.0,219.0,,,2025_11_05_NHL_merged.csv,1.3773584905660377,3.19,-265.0,219.0,1.0,0.0
2025020216,2025-11-05,0.8700000000000001,5.79,0.0551048829660549,4.270300825584527,-3,7,docs\win\hockey\nhl\research\sdv_challenger\season_2025\standalone_comparison.csv,-1.5,1.5,145.0,-165.0,,,2025_11_05_NHL_merged.csv,2.45,1.606060606060606,145.0,-165.0,0.0,1.0
2025020217,2025-11-05,1.2400000000000002,6.08,0.1199875881272918,3.859579095775899,-5,7,docs\win\hockey\nhl\research\sdv_challenger\season_2025\standalone_comparison.csv,-1.5,1.5,145.0,-165.0,,,2025_11_05_NHL_merged.csv,2.45,1.606060606060606,145.0,-165.0,0.0,1.0
2025020218,2025-11-06,-0.5699999999999998,6.15,0.072069218136745,4.048728703883871,1,5,docs\win\hockey\nhl\research\sdv_challenger\season_2025\standalone_comparison.csv,1.5,-1.5,-230.0,192.0,,,2025_11_06_NHL_merged.csv,1.434782608695652,2.92,-230.0,192.0,1.0,0.0
2025020219,2025-11-06,0.6299999999999999,6.25,0.1497880490521366,4.394050580949459,-3,3,docs\win\hockey\nhl\research\sdv_challenger\season_2025\standalone_comparison.csv,-1.5,1.5,192.0,-230.0,,,2025_11_06_NHL_merged.csv,2.92,1.434782608695652,192.0,-230.0,0.0,1.0
2025020220,2025-11-06,0.4500000000000002,5.97,0.1522894411587914,4.1979098797214105,1,7,docs\win\hockey\nhl\research\sdv_challenger\season_2025\standalone_comparison.csv,-1.5,1.5,165.0,-190.0,,,2025_11_06_NHL_merged.csv,2.65,1.526315789473684,165.0,-190.0,0.0,1.0
2025020221,2025-11-06,0.4199999999999999,6.08,0.046983861893024,4.570614865368459,2,8,docs\win\hockey\nhl\research\sdv_challenger\season_2025\standalone_comparison.csv,1.5,-1.5,-250.0,207.0,,,2025_11_06_NHL_merged.csv,1.4,3.07,-250.0,207.0,1.0,0.0
2025020222,2025-11-06,1.14,6.02,0.3129867304135043,4.637173980481292,1,7,docs\win\hockey\nhl\research\sdv_challenger\season_2025\standalone_comparison.csv,-1.5,1.5,140.0,-160.0,,,2025_11_06_NHL_merged.csv,2.4,1.625,140.0,-160.0,0.0,1.0
2025020223,2025-11-06,0.1299999999999999,5.75,0.0124012862292683,4.015014311968365,-2,4,docs\win\hockey\nhl\research\sdv_challenger\season_2025\standalone_comparison.csv,-1.5,1.5,226.0,-275.0,,,2025_11_06_NHL_merged.csv,3.26,1.3636363636363638,226.0,-275.0,0.0,1.0
2025020224,2025-11-06,1.0100000000000002,6.27,0.1972443009471503,4.388678115130613,-2,12,docs\win\hockey\nhl\research\sdv_challenger\season_2025\standalone_comparison.csv,-1.5,1.5,140.0,-160.0,,,2025_11_06_NHL_merged.csv,2.4,1.625,140.0,-160.0,0.0,1.0
2025020225,2025-11-06,0.2399999999999997,6.18,0.1250646020626797,4.127513371145859,-3,9,docs\win\hockey\nhl\research\sdv_challenger\season_2025\standalone_comparison.csv,-1.5,1.5,192.0,-230.0,,,2025_11_06_NHL_merged.csv,2.92,1.434782608695652,192.0,-230.0,0.0,1.0
2025020226,2025-11-06,-0.08,5.64,0.1170393292041196,3.855719353593856,-3,7,docs\win\hockey\nhl\research\sdv_challenger\season_2025\standalone_comparison.csv,-1.5,1.5,226.0,-275.0,,,2025_11_06_NHL_merged.csv,3.26,1.3636363636363638,226.0,-275.0,0.0,1.0
2025020227,2025-11-07,0.2200000000000002,5.82,0.0859995096303434,4.070020938778053,-3,5,docs\win\hockey\nhl\research\sdv_challenger\season_2025\standalone_comparison.csv,-1.5,1.5,219.0,-265.0,,,2025_11_07_NHL_merged.csv,3.19,1.3773584905660377,219.0,-265.0,0.0,1.0
2025020228,2025-11-07,0.4899999999999997,6.23,0.2167666572212656,4.446143666141818,-3,7,docs\win\hockey\nhl\research\sdv_challenger\season_2025\standalone_comparison.csv,-1.5,1.5,203.0,-245.0,,,2025_11_07_NHL_merged.csv,3.03,1.4081632653061225,203.0,-245.0,0.0,1.0
2025020229,2025-11-07,0.8500000000000001,5.69,0.2497394330693678,4.111400407409274,-4,4,docs\win\hockey\nhl\research\sdv_challenger\season_2025\standalone_comparison.csv,-1.5,1.5,177.0,-205.0,,,2025_11_07_NHL_merged.csv,2.77,1.4878048780487805,177.0,-205.0,0.0,1.0
2025020230,2025-11-07,-1.2200000000000002,6.1,0.2441150782766987,4.028447666712006,1,3,docs\win\hockey\nhl\research\sdv_challenger\season_2025\standalone_comparison.csv,1.5,-1.5,-155.0,135.0,,,2025_11_07_NHL_merged.csv,1.6451612903225805,2.35,-155.0,135.0,1.0,0.0
2025020231,2025-11-08,0.6299999999999999,6.13,0.2350029081005114,4.459691931932708,1,3,docs\win\hockey\nhl\research\sdv_challenger\season_2025\standalone_comparison.csv,-1.5,1.5,120.0,-140.0,,,2025_11_08_NHL_merged.csv,2.2,1.7142857142857144,120.0,-140.0,0.0,1.0
2025020232,2025-11-08,0.0299999999999998,5.85,0.1166429940169395,3.9049770525154135,-1,5,docs\win\hockey\nhl\research\sdv_challenger\season_2025\standalone_comparison.csv,1.5,-1.5,-270.0,222.0,,,2025_11_08_NHL_merged.csv,1.3703703703703702,3.22,-270.0,222.0,1.0,0.0
2025020233,2025-11-08,-0.6800000000000002,5.82,0.0545266140262636,4.210367089997752,-1,9,docs\win\hockey\nhl\research\sdv_challenger\season_2025\standalone_comparison.csv,1.5,-1.5,-185.0,161.0,,,2025_11_08_NHL_merged.csv,1.5405405405405406,2.6100000000000003,-185.0,161.0,1.0,0.0
2025020234,2025-11-08,1.2200000000000002,6.1,0.2105121560114851,4.117973257055201,-2,8,docs\win\hockey\nhl\research\sdv_challenger\season_2025\standalone_comparison.csv,-1.5,1.5,140.0,-160.0,,,2025_11_08_NHL_merged.csv,2.4,1.625,140.0,-160.0,0.0,1.0
2025020235,2025-11-08,0.1400000000000001,5.98,0.1328403484797027,4.112450726640137,4,8,docs\win\hockey\nhl\research\sdv_challenger\season_2025\standalone_comparison.csv,-1.5,1.5,219.0,-265.0,,,2025_11_08_NHL_merged.csv,3.19,1.3773584905660377,219.0,-265.0,1.0,0.0
2025020236,2025-11-08,0.8200000000000003,5.92,0.202915046460661,4.313496643719248,1,5,docs\win\hockey\nhl\research\sdv_challenger\season_2025\standalone_comparison.csv,-1.5,1.5,177.0,-205.0,,,2025_11_08_NHL_merged.csv,2.77,1.4878048780487805,177.0,-205.0,0.0,1.0
2025020237,2025-11-08,0.7600000000000002,5.94,0.334034003859343,4.111544703910695,-5,5,docs\win\hockey\nhl\research\sdv_challenger\season_2025\standalone_comparison.csv,-1.5,1.5,161.0,-185.0,,,2025_11_08_NHL_merged.csv,2.6100000000000003,1.5405405405405406,161.0,-185.0,0.0,1.0
2025020238,2025-11-08,1.1,6.36,0.2483162434349028,4.487749569914278,3,9,docs\win\hockey\nhl\research\sdv_challenger\season_2025\standalone_comparison.csv,-1.5,1.5,105.0,-125.0,,,2025_11_08_NHL_merged.csv,2.05,1.8,105.0,-125.0,1.0,0.0
2025020239,2025-11-08,0.7300000000000004,5.75,0.2202754129910724,4.0994509480590935,-1,7,docs\win\hockey\nhl\research\sdv_challenger\season_2025\standalone_comparison.csv,-1.5,1.5,165.0,-190.0,,,2025_11_08_NHL_merged.csv,2.65,1.526315789473684,165.0,-190.0,0.0,1.0
2025020240,2025-11-08,-0.1700000000000003,6.23,-0.1032354118413794,4.449200237735146,-8,10,docs\win\hockey\nhl\research\sdv_challenger\season_2025\standalone_comparison.csv,1.5,-1.5,-270.0,222.0,,,2025_11_08_NHL_merged.csv,1.3703703703703702,3.22,-270.0,222.0,0.0,1.0
2025020241,2025-11-08,-0.06,6.14,0.0494942230431396,4.636203487282216,1,7,docs\win\hockey\nhl\research\sdv_challenger\season_2025\standalone_comparison.csv,-1.5,1.5,211.0,-255.0,,,2025_11_08_NHL_merged.csv,3.11,1.392156862745098,211.0,-255.0,0.0,1.0
2025020242,2025-11-08,1.09,6.41,0.3072172771902091,4.478992694625242,-1,7,docs\win\hockey\nhl\research\sdv_challenger\season_2025\standalone_comparison.csv,-1.5,1.5,125.0,-145.0,,,2025_11_08_NHL_merged.csv,2.25,1.6896551724137931,125.0,-145.0,0.0,1.0
2025020243,2025-11-08,-1.38,6.08,0.0883367413093925,3.898786284466648,2,4,docs\win\hockey\nhl\research\sdv_challenger\season_2025\standalone_comparison.csv,1.5,-1.5,-125.0,105.0,,,2025_11_08_NHL_merged.csv,1.8,2.05,-125.0,105.0,1.0,0.0
2025020244,2025-11-09,0.9400000000000004,5.96,0.2141297528787102,4.402466271588373,-4,6,docs\win\hockey\nhl\research\sdv_challenger\season_2025\standalone_comparison.csv,-1.5,1.5,140.0,-160.0,,,2025_11_09_NHL_merged.csv,2.4,1.625,140.0,-160.0,0.0,1.0
2025020245,2025-11-09,-0.9200000000000004,6.02,0.132542153862488,4.202077583062929,-1,5,docs\win\hockey\nhl\research\sdv_challenger\season_2025\standalone_comparison.csv,1.5,-1.5,-185.0,161.0,,,2025_11_09_NHL_merged.csv,1.5405405405405406,2.6100000000000003,-185.0,161.0,1.0,0.0
2025020246,2025-11-09,0.0899999999999998,6.09,0.0794603410347241,4.541078411735717,-1,9,docs\win\hockey\nhl\research\sdv_challenger\season_2025\standalone_comparison.csv,1.5,-1.5,-240.0,200.0,,,2025_11_09_NHL_merged.csv,1.4166666666666667,3.0,-240.0,200.0,1.0,0.0
2025020247,2025-11-09,0.3800000000000003,6.06,0.1218926286035237,4.126565089742555,2,6,docs\win\hockey\nhl\research\sdv_challenger\season_2025\standalone_comparison.csv,-1.5,1.5,207.0,-250.0,,,2025_11_09_NHL_merged.csv,3.07,1.4,207.0,-250.0,1.0,0.0
2025020248,2025-11-09,1.04,5.66,0.2233753740229791,3.808385199806759,1,3,docs\win\hockey\nhl\research\sdv_challenger\season_2025\standalone_comparison.csv,-1.5,1.5,100.0,-120.0,,,2025_11_09_NHL_merged.csv,2.0,1.8333333333333335,100.0,-120.0,0.0,1.0
2025020249,2025-11-09,0.5499999999999998,5.67,0.066168255611656,4.0639426761409645,2,2,docs\win\hockey\nhl\research\sdv_challenger\season_2025\standalone_comparison.csv,-1.5,1.5,145.0,-165.0,,,2025_11_09_NHL_merged.csv,2.45,1.606060606060606,145.0,-165.0,1.0,0.0
2025020250,2025-11-09,-1.0699999999999998,5.97,-0.2047779601526334,4.303321348351179,-1,9,docs\win\hockey\nhl\research\sdv_challenger\season_2025\standalone_comparison.csv,1.5,-1.5,-165.0,145.0,,,2025_11_09_NHL_merged.csv,1.606060606060606,2.45,-165.0,145.0,1.0,0.0
2025020251,2025-11-09,-0.7600000000000002,6.02,0.2466869839468568,4.496719926973331,3,5,docs\win\hockey\nhl\research\sdv_challenger\season_2025\standalone_comparison.csv,1.5,-1.5,-200.0,174.0,,,2025_11_09_NHL_merged.csv,1.5,2.74,-200.0,174.0,1.0,0.0
2025020252,2025-11-10,0.56,6.1,0.2205762752930926,4.264037992008663,-1,5,docs\win\hockey\nhl\research\sdv_challenger\season_2025\standalone_comparison.csv,-1.5,1.5,145.0,-165.0,,,2025_11_10_NHL_merged.csv,2.45,1.606060606060606,145.0,-165.0,0.0,1.0
2025020253,2025-11-10,1.06,5.68,0.4046446744320424,4.114664808394827,3,9,docs\win\hockey\nhl\research\sdv_challenger\season_2025\standalone_comparison.csv,-1.5,1.5,153.0,-175.0,,,2025_11_10_NHL_merged.csv,2.5300000000000002,1.5714285714285714,153.0,-175.0,1.0,0.0
2025020254,2025-11-10,0.69,6.39,0.1730254192386118,4.7685392125725805,1,9,docs\win\hockey\nhl\research\sdv_challenger\season_2025\standalone_comparison.csv,-1.5,1.5,135.0,-155.0,,,2025_11_10_NHL_merged.csv,2.35,1.6451612903225805,135.0,-155.0,0.0,1.0
2025020255,2025-11-10,-0.04,5.82,0.1779163413268514,4.11896589694242,-1,5,docs\win\hockey\nhl\research\sdv_challenger\season_2025\standalone_comparison.csv,-1.5,1.5,177.0,-205.0,,,2025_11_10_NHL_merged.csv,2.77,1.4878048780487805,177.0,-205.0,0.0,1.0
2025020256,2025-11-11,-0.6099999999999999,6.19,0.1659475644418373,4.157418574376003,2,8,docs\win\hockey\nhl\research\sdv_challenger\season_2025\standalone_comparison.csv,1.5,-1.5,-220.0,186.0,,,2025_11_11_NHL_merged.csv,1.4545454545454546,2.8600000000000003,-220.0,186.0,1.0,0.0
2025020257,2025-11-11,0.0,5.78,0.2098561603211837,3.929266659979203,-4,6,docs\win\hockey\nhl\research\sdv_challenger\season_2025\standalone_comparison.csv,-1.5,1.5,222.0,-270.0,,,2025_11_11_NHL_merged.csv,3.22,1.3703703703703702,222.0,-270.0,0.0,1.0
2025020258,2025-11-11,0.3900000000000001,5.99,0.215884120897273,4.010182188006253,-1,5,docs\win\hockey\nhl\research\sdv_challenger\season_2025\standalone_comparison.csv,1.5,-1.5,-260.0,215.0,,,2025_11_11_NHL_merged.csv,1.3846153846153846,3.15,-260.0,215.0,1.0,0.0
2025020259,2025-11-11,0.94,5.94,0.1806979017154537,4.640725394173382,-3,5,docs\win\hockey\nhl\research\sdv_challenger\season_2025\standalone_comparison.csv,-1.5,1.5,161.0,-185.0,,,2025_11_11_NHL_merged.csv,2.6100000000000003,1.5405405405405406,161.0,-185.0,0.0,1.0
2025020260,2025-11-11,0.6800000000000002,5.68,0.1224421455650226,4.006253215096657,1,5,docs\win\hockey\nhl\research\sdv_challenger\season_2025\standalone_comparison.csv,-1.5,1.5,174.0,-200.0,,,2025_11_11_NHL_merged.csv,2.74,1.5,174.0,-200.0,0.0,1.0
2025020261,2025-11-11,0.9300000000000002,6.31,0.1113601734900111,4.198401298359026,-1,3,docs\win\hockey\nhl\research\sdv_challenger\season_2025\standalone_comparison.csv,-1.5,1.5,115.0,-135.0,,,2025_11_11_NHL_merged.csv,2.15,1.7407407407407407,115.0,-135.0,0.0,1.0
2025020262,2025-11-11,1.21,6.55,0.4608932623484429,4.491047703436303,3,5,docs\win\hockey\nhl\research\sdv_challenger\season_2025\standalone_comparison.csv,-1.5,1.5,112.0,-132.0,,,2025_11_11_NHL_merged.csv,2.12,1.7575757575757576,112.0,-132.0,1.0,0.0
2025020263,2025-11-11,-0.5500000000000003,5.73,0.210315593233179,4.337009465144636,-2,8,docs\win\hockey\nhl\research\sdv_challenger\season_2025\standalone_comparison.csv,1.5,-1.5,-240.0,200.0,,,2025_11_11_NHL_merged.csv,1.4166666666666667,3.0,-240.0,200.0,0.0,1.0
2025020264,2025-11-11,-0.2000000000000001,6.34,0.078425824093701,4.361363319950266,-1,3,docs\win\hockey\nhl\research\sdv_challenger\season_2025\standalone_comparison.csv,-1.5,1.5,200.0,-240.0,,,2025_11_11_NHL_merged.csv,3.0,1.4166666666666667,200.0,-240.0,0.0,1.0
2025020265,2025-11-12,0.5499999999999998,5.75,0.2019148133278792,3.961995273599277,-4,10,docs\win\hockey\nhl\research\sdv_challenger\season_2025\standalone_comparison.csv,-1.5,1.5,174.0,-200.0,,,2025_11_12_NHL_merged.csv,2.74,1.5,174.0,-200.0,0.0,1.0
2025020266,2025-11-12,-0.0499999999999998,5.87,0.1759458340822393,4.167603137569062,-1,3,docs\win\hockey\nhl\research\sdv_challenger\season_2025\standalone_comparison.csv,1.5,-1.5,-205.0,177.0,,,2025_11_12_NHL_merged.csv,1.4878048780487805,2.77,-205.0,177.0,1.0,0.0
2025020267,2025-11-12,0.9499999999999996,6.31,0.2097853685037902,4.296460191682419,3,7,docs\win\hockey\nhl\research\sdv_challenger\season_2025\standalone_comparison.csv,-1.5,1.5,140.0,-160.0,,,2025_11_12_NHL_merged.csv,2.4,1.625,140.0,-160.0,1.0,0.0
2025020268,2025-11-12,-0.25,5.91,0.0457983824136833,4.35192257845115,-1,7,docs\win\hockey\nhl\research\sdv_challenger\season_2025\standalone_comparison.csv,1.5,-1.5,-185.0,161.0,,,2025_11_12_NHL_merged.csv,1.5405405405405406,2.6100000000000003,-185.0,161.0,1.0,0.0
2025020269,2025-11-13,-0.0599999999999996,5.96,0.1202855332700503,4.01991403911332,-1,7,docs\win\hockey\nhl\research\sdv_challenger\season_2025\standalone_comparison.csv,1.5,-1.5,-250.0,207.0,,,2025_11_13_NHL_merged.csv,1.4,3.07,-250.0,207.0,1.0,0.0
2025020270,2025-11-13,0.1299999999999999,6.01,0.1888484669571895,4.054654903393718,-7,7,docs\win\hockey\nhl\research\sdv_challenger\season_2025\standalone_comparison.csv,1.5,-1.5,-275.0,226.0,,,2025_11_13_NHL_merged.csv,1.3636363636363638,3.26,-275.0,226.0,0.0,1.0
2025020271,2025-11-13,1.0299999999999998,6.03,0.2339812986012375,4.043554616181904,2,8,docs\win\hockey\nhl\research\sdv_challenger\season_2025\standalone_comparison.csv,-1.5,1.5,157.0,-180.0,,,2025_11_13_NHL_merged.csv,2.5700000000000003,1.5555555555555556,157.0,-180.0,1.0,0.0
2025020272,2025-11-13,0.3500000000000001,6.35,0.2020820155078948,4.495811233207871,3,9,docs\win\hockey\nhl\research\sdv_challenger\season_2025\standalone_comparison.csv,-1.5,1.5,207.0,-250.0,,,2025_11_13_NHL_merged.csv,3.07,1.4,207.0,-250.0,1.0,0.0
2025020273,2025-11-13,1.0299999999999998,5.57,0.1265434842318518,4.166616010482612,3,9,docs\win\hockey\nhl\research\sdv_challenger\season_2025\standalone_comparison.csv,-1.5,1.5,190.0,-227.0,,,2025_11_13_NHL_merged.csv,2.9,1.4405286343612334,190.0,-227.0,1.0,0.0
2025020274,2025-11-13,0.3799999999999999,6.5,0.1823372946935628,4.708703565588084,1,9,docs\win\hockey\nhl\research\sdv_challenger\season_2025\standalone_comparison.csv,1.5,-1.5,-250.0,207.0,,,2025_11_13_NHL_merged.csv,1.4,3.07,-250.0,207.0,1.0,0.0
2025020275,2025-11-13,1.36,6.6,0.3928006646278872,4.234810205651796,3,9,docs\win\hockey\nhl\research\sdv_challenger\season_2025\standalone_comparison.csv,-1.5,1.5,-120.0,100.0,,,2025_11_13_NHL_merged.csv,1.8333333333333335,2.0,-120.0,100.0,1.0,0.0
2025020276,2025-11-13,0.91,6.07,0.2156797452904393,3.710958483646228,2,2,docs\win\hockey\nhl\research\sdv_challenger\season_2025\standalone_comparison.csv,-1.5,1.5,165.0,-190.0,,,2025_11_13_NHL_merged.csv,2.65,1.526315789473684,165.0,-190.0,1.0,0.0
2025020277,2025-11-13,0.81,6.23,0.3137054416385227,4.300819088558272,-1,7,docs\win\hockey\nhl\research\sdv_challenger\season_2025\standalone_comparison.csv,-1.5,1.5,140.0,-160.0,,,2025_11_13_NHL_merged.csv,2.4,1.625,140.0,-160.0,0.0,1.0
2025020278,2025-11-13,-0.54,5.54,0.2170475516376688,3.9762841190600575,2,8,docs\win\hockey\nhl\research\sdv_challenger\season_2025\standalone_comparison.csv,1.5,-1.5,-210.0,180.0,,,2025_11_13_NHL_merged.csv,1.4761904761904763,2.8,-210.0,180.0,1.0,0.0
2025020279,2025-11-14,1.2199999999999998,6.08,0.3958082289424669,4.609683215057462,1,7,docs\win\hockey\nhl\research\sdv_challenger\season_2025\standalone_comparison.csv,-1.5,1.5,100.0,-120.0,,,2025_11_14_NHL_merged.csv,2.0,1.8333333333333335,100.0,-120.0,0.0,1.0
2025020280,2025-11-14,0.5699999999999998,5.69,0.1755423684828287,4.1472680662382055,-1,11,docs\win\hockey\nhl\research\sdv_challenger\season_2025\standalone_comparison.csv,-1.5,1.5,189.0,-225.0,,,2025_11_14_NHL_merged.csv,2.8899999999999997,1.4444444444444444,189.0,-225.0,0.0,1.0
2025020281,2025-11-14,-0.27,6.07,0.0700348609545198,4.465977681700359,1,3,docs\win\hockey\nhl\research\sdv_challenger\season_2025\standalone_comparison.csv,1.5,-1.5,-255.0,211.0,,,2025_11_14_NHL_merged.csv,1.392156862745098,3.11,-255.0,211.0,1.0,0.0
2025020282,2025-11-14,1.0099999999999998,6.17,0.2765952392236896,4.354539721354955,-1,5,docs\win\hockey\nhl\research\sdv_challenger\season_2025\standalone_comparison.csv,-1.5,1.5,125.0,-145.0,,,2025_11_14_NHL_merged.csv,2.25,1.6896551724137931,125.0,-145.0,0.0,1.0
2025020283,2025-11-15,1.1100000000000003,5.79,0.0973669611390724,4.046370796210036,-2,4,docs\win\hockey\nhl\research\sdv_challenger\season_2025\standalone_comparison.csv,-1.5,1.5,189.0,-225.0,,,2025_11_15_NHL_merged.csv,2.8899999999999997,1.4444444444444444,189.0,-225.0,0.0,1.0
2025020284,2025-11-15,0.1899999999999999,6.27,0.1213179646620083,4.65888511484653,2,2,docs\win\hockey\nhl\research\sdv_challenger\season_2025\standalone_comparison.csv,-1.5,1.5,189.0,-225.0,,,2025_11_15_NHL_merged.csv,2.8899999999999997,1.4444444444444444,189.0,-225.0,1.0,0.0
2025020285,2025-11-15,0.8600000000000003,6.12,0.2079454973443786,4.042616879806758,-1,5,docs\win\hockey\nhl\research\sdv_challenger\season_2025\standalone_comparison.csv,-1.5,1.5,157.0,-180.0,,,2025_11_15_NHL_merged.csv,2.5700000000000003,1.5555555555555556,157.0,-180.0,0.0,1.0
2025020286,2025-11-15,-0.1400000000000001,5.7,0.1619135371184805,3.90382418731468,-1,1,docs\win\hockey\nhl\research\sdv_challenger\season_2025\standalone_comparison.csv,-1.5,1.5,222.0,-270.0,,,2025_11_15_NHL_merged.csv,3.22,1.3703703703703702,222.0,-270.0,0.0,1.0
2025020287,2025-11-15,0.6500000000000004,6.33,0.1426399162627838,4.2155793369646055,-1,9,docs\win\hockey\nhl\research\sdv_challenger\season_2025\standalone_comparison.csv,-1.5,1.5,161.0,-185.0,,,2025_11_15_NHL_merged.csv,2.6100000000000003,1.5405405405405406,161.0,-185.0,0.0,1.0
2025020288,2025-11-15,0.4499999999999997,5.85,0.2160403780362347,4.308287696418127,-1,5,docs\win\hockey\nhl\research\sdv_challenger\season_2025\standalone_comparison.csv,-1.5,1.5,186.0,-220.0,,,2025_11_15_NHL_merged.csv,2.8600000000000003,1.4545454545454546,186.0,-220.0,0.0,1.0
2025020289,2025-11-15,0.54,6.34,0.3519923003766152,4.599151809172236,-1,7,docs\win\hockey\nhl\research\sdv_challenger\season_2025\standalone_comparison.csv,-1.5,1.5,211.0,-255.0,,,2025_11_15_NHL_merged.csv,3.11,1.392156862745098,211.0,-255.0,0.0,1.0
2025020290,2025-11-15,0.1099999999999998,6.09,0.0976885523706658,4.433722440029229,-1,3,docs\win\hockey\nhl\research\sdv_challenger\season_2025\standalone_comparison.csv,1.5,-1.5,-265.0,219.0,,,2025_11_15_NHL_merged.csv,1.3773584905660377,3.19,-265.0,219.0,1.0,0.0
2025020291,2025-11-15,-0.3599999999999999,6.22,0.0878753852996596,4.437901355042912,1,5,docs\win\hockey\nhl\research\sdv_challenger\season_2025\standalone_comparison.csv,1.5,-1.5,-240.0,200.0,,,2025_11_15_NHL_merged.csv,1.4166666666666667,3.0,-240.0,200.0,1.0,0.0
2025020292,2025-11-15,-0.5299999999999998,6.03,0.0328460560197685,4.345890631248472,-3,5,docs\win\hockey\nhl\research\sdv_challenger\season_2025\standalone_comparison.csv,1.5,-1.5,-210.0,180.0,,,2025_11_15_NHL_merged.csv,1.4761904761904763,2.8,-210.0,180.0,0.0,1.0
2025020293,2025-11-15,1.0099999999999998,5.67,0.1828463211134186,3.8643552805312487,4,6,docs\win\hockey\nhl\research\sdv_challenger\season_2025\standalone_comparison.csv,-1.5,1.5,125.0,-145.0,,,2025_11_15_NHL_merged.csv,2.25,1.6896551724137931,125.0,-145.0,1.0,0.0
2025020294,2025-11-15,-0.6199999999999997,5.52,0.3538056240903877,3.9260979485551406,-1,7,docs\win\hockey\nhl\research\sdv_challenger\season_2025\standalone_comparison.csv,1.5,-1.5,-235.0,195.0,,,2025_11_15_NHL_merged.csv,1.425531914893617,2.95,-235.0,195.0,1.0,0.0
2025020295,2025-11-15,0.79,6.17,0.123173868317675,3.765256930891485,3,5,docs\win\hockey\nhl\research\sdv_challenger\season_2025\standalone_comparison.csv,-1.5,1.5,177.0,-205.0,,,2025_11_15_NHL_merged.csv,2.77,1.4878048780487805,177.0,-205.0,1.0,0.0
2025020296,2025-11-16,0.25,6.25,0.2088236391552955,4.498066640220605,4,4,docs\win\hockey\nhl\research\sdv_challenger\season_2025\standalone_comparison.csv,-1.5,1.5,203.0,-245.0,,,2025_11_16_NHL_merged.csv,3.03,1.4081632653061225,203.0,-245.0,1.0,0.0
2025020297,2025-11-16,0.8000000000000003,6.06,0.4453614122459499,4.275545091031766,-4,8,docs\win\hockey\nhl\research\sdv_challenger\season_2025\standalone_comparison.csv,-1.5,1.5,157.0,-180.0,,,2025_11_16_NHL_merged.csv,2.5700000000000003,1.5555555555555556,157.0,-180.0,0.0,1.0
2025020298,2025-11-16,-0.3700000000000001,6.11,-0.0478395385631023,4.314110734205952,1,5,docs\win\hockey\nhl\research\sdv_challenger\season_2025\standalone_comparison.csv,1.5,-1.5,-225.0,189.0,,,2025_11_16_NHL_merged.csv,1.4444444444444444,2.8899999999999997,-225.0,189.0,1.0,0.0
2025020299,2025-11-16,0.8300000000000001,5.79,0.267646929573714,4.050572413990437,-1,3,docs\win\hockey\nhl\research\sdv_challenger\season_2025\standalone_comparison.csv,-1.5,1.5,177.0,-205.0,,,2025_11_16_NHL_merged.csv,2.77,1.4878048780487805,177.0,-205.0,0.0,1.0
2025020300,2025-11-16,1.21,6.37,0.4689274656681048,4.271962515498047,3,5,docs\win\hockey\nhl\research\sdv_challenger\season_2025\standalone_comparison.csv,-1.5,1.5,-105.0,-115.0,,,2025_11_16_NHL_merged.csv,1.9523809523809523,1.8695652173913042,-105.0,-115.0,1.0,0.0
2025020301,2025-11-17,-0.92,6.16,-0.0030016298002162,4.360620302527874,-2,4,docs\win\hockey\nhl\research\sdv_challenger\season_2025\standalone_comparison.csv,1.5,-1.5,-163.0,143.0,,,2025_11_17_NHL_merged.csv,1.6134969325153374,2.4299999999999997,-163.0,143.0,0.0,1.0
2025020302,2025-11-17,-0.3199999999999998,6.4,0.191599167515899,4.400159187423899,4,6,docs\win\hockey\nhl\research\sdv_challenger\season_2025\standalone_comparison.csv,1.5,-1.5,-180.0,157.0,,,2025_11_17_NHL_merged.csv,1.5555555555555556,2.5700000000000003,-180.0,157.0,1.0,0.0
2025020303,2025-11-17,1.3099999999999996,5.71,0.3826862237202446,4.231527480158835,3,13,docs\win\hockey\nhl\research\sdv_challenger\season_2025\standalone_comparison.csv,-1.5,1.5,-110.0,-110.0,,,2025_11_17_NHL_merged.csv,1.9090909090909092,1.9090909090909092,-110.0,-110.0,1.0,0.0
2025020304,2025-11-17,-0.08,5.54,0.2517256592709489,4.169313195600943,1,3,docs\win\hockey\nhl\research\sdv_challenger\season_2025\standalone_comparison.csv,-1.5,1.5,189.0,-225.0,,,2025_11_17_NHL_merged.csv,2.8899999999999997,1.4444444444444444,189.0,-225.0,0.0,1.0
2025020305,2025-11-17,0.5700000000000003,6.37,0.1510678312242976,4.554218940396754,1,7,docs\win\hockey\nhl\research\sdv_challenger\season_2025\standalone_comparison.csv,-1.5,1.5,189.0,-225.0,,,2025_11_17_NHL_merged.csv,2.8899999999999997,1.4444444444444444,189.0,-225.0,0.0,1.0
2025020306,2025-11-17,0.06,6.36,0.064106362807216,4.5785459779726025,1,5,docs\win\hockey\nhl\research\sdv_challenger\season_2025\standalone_comparison.csv,1.5,-1.5,-245.0,203.0,,,2025_11_17_NHL_merged.csv,1.4081632653061225,3.03,-245.0,203.0,1.0,0.0
2025020307,2025-11-18,0.5100000000000002,6.15,0.1645305306594187,4.437597788165775,1,5,docs\win\hockey\nhl\research\sdv_challenger\season_2025\standalone_comparison.csv,-1.5,1.5,186.0,-220.0,,,2025_11_18_NHL_merged.csv,2.8600000000000003,1.4545454545454546,186.0,-220.0,0.0,1.0
2025020308,2025-11-18,0.8799999999999999,5.86,0.2687523950110848,3.95994115749852,2,6,docs\win\hockey\nhl\research\sdv_challenger\season_2025\standalone_comparison.csv,-1.5,1.5,160.0,-183.0,,,2025_11_18_NHL_merged.csv,2.6,1.5464480874316942,160.0,-183.0,1.0,0.0
2025020309,2025-11-18,0.3900000000000001,6.01,0.2919820164201319,4.098641044560325,4,6,docs\win\hockey\nhl\research\sdv_challenger\season_2025\standalone_comparison.csv,-1.5,1.5,161.0,-185.0,,,2025_11_18_NHL_merged.csv,2.6100000000000003,1.5405405405405406,161.0,-185.0,1.0,0.0
2025020310,2025-11-18,0.5999999999999996,6.08,0.2268712818741507,4.122003617110974,-1,5,docs\win\hockey\nhl\research\sdv_challenger\season_2025\standalone_comparison.csv,-1.5,1.5,153.0,-175.0,,,2025_11_18_NHL_merged.csv,2.5300000000000002,1.5714285714285714,153.0,-175.0,0.0,1.0
2025020311,2025-11-18,1.12,6.12,0.0482321239597958,4.58751470510947,3,7,docs\win\hockey\nhl\research\sdv_challenger\season_2025\standalone_comparison.csv,-1.5,1.5,140.0,-160.0,,,2025_11_18_NHL_merged.csv,2.4,1.625,140.0,-160.0,1.0,0.0
2025020312,2025-11-18,0.5100000000000002,5.73,0.0093543149341543,4.114389348483644,3,7,docs\win\hockey\nhl\research\sdv_challenger\season_2025\standalone_comparison.csv,-1.5,1.5,215.0,-260.0,,,2025_11_18_NHL_merged.csv,3.15,1.3846153846153846,215.0,-260.0,1.0,0.0
2025020313,2025-11-18,0.6100000000000003,5.83,0.2255487597048024,3.971597715918008,1,5,docs\win\hockey\nhl\research\sdv_challenger\season_2025\standalone_comparison.csv,-1.5,1.5,183.0,-215.0,,,2025_11_18_NHL_merged.csv,2.83,1.4651162790697674,183.0,-215.0,0.0,1.0
2025020314,2025-11-18,-0.5900000000000003,6.35,0.0285344276764671,4.179114669971443,1,5,docs\win\hockey\nhl\research\sdv_challenger\season_2025\standalone_comparison.csv,1.5,-1.5,-203.0,176.0,,,2025_11_18_NHL_merged.csv,1.4926108374384237,2.76,-203.0,176.0,1.0,0.0
2025020315,2025-11-19,0.4100000000000001,5.97,0.3079713813167011,4.586261048750272,3,11,docs\win\hockey\nhl\research\sdv_challenger\season_2025\standalone_comparison.csv,-1.5,1.5,219.0,-265.0,,,2025_11_19_NHL_merged.csv,3.19,1.3773584905660377,219.0,-265.0,1.0,0.0
2025020316,2025-11-19,1.0099999999999998,5.99,0.172132693037462,3.966708779235613,-4,8,docs\win\hockey\nhl\research\sdv_challenger\season_2025\standalone_comparison.csv,-1.5,1.5,165.0,-190.0,,,2025_11_19_NHL_merged.csv,2.65,1.526315789473684,165.0,-190.0,0.0,1.0
2025020317,2025-11-19,-0.9699999999999998,6.29,-0.0757166471905015,4.577331864824961,1,7,docs\win\hockey\nhl\research\sdv_challenger\season_2025\standalone_comparison.csv,1.5,-1.5,-205.0,177.0,,,2025_11_19_NHL_merged.csv,1.4878048780487805,2.77,-205.0,177.0,1.0,0.0
2025020318,2025-11-19,1.0300000000000002,6.45,0.1803262199908428,4.307822364082578,1,7,docs\win\hockey\nhl\research\sdv_challenger\season_2025\standalone_comparison.csv,-1.5,1.5,157.0,-180.0,,,2025_11_19_NHL_merged.csv,2.5700000000000003,1.5555555555555556,157.0,-180.0,0.0,1.0
2025020319,2025-11-20,0.2400000000000002,6.46,0.1584830127516006,4.61168560009502,-1,5,docs\win\hockey\nhl\research\sdv_challenger\season_2025\standalone_comparison.csv,-1.5,1.5,203.0,-245.0,,,2025_11_20_NHL_merged.csv,3.03,1.4081632653061225,203.0,-245.0,0.0,1.0
2025020320,2025-11-20,0.2299999999999999,5.85,0.1165120791441549,4.403622554755877,-4,12,docs\win\hockey\nhl\research\sdv_challenger\season_2025\standalone_comparison.csv,-1.5,1.5,200.0,-240.0,,,2025_11_20_NHL_merged.csv,3.0,1.4166666666666667,200.0,-240.0,0.0,1.0
2025020321,2025-11-20,0.31,6.09,0.213706583537617,4.235924199385223,-5,5,docs\win\hockey\nhl\research\sdv_challenger\season_2025\standalone_comparison.csv,-1.5,1.5,186.0,-220.0,,,2025_11_20_NHL_merged.csv,2.8600000000000003,1.4545454545454546,186.0,-220.0,0.0,1.0
2025020322,2025-11-20,0.8600000000000003,6.12,0.3283764144081349,4.38276363944393,1,3,docs\win\hockey\nhl\research\sdv_challenger\season_2025\standalone_comparison.csv,-1.5,1.5,165.0,-190.0,,,2025_11_20_NHL_merged.csv,2.65,1.526315789473684,165.0,-190.0,0.0,1.0
2025020323,2025-11-20,1.04,5.8,0.1934154441814799,4.038382938333502,1,1,docs\win\hockey\nhl\research\sdv_challenger\season_2025\standalone_comparison.csv,-1.5,1.5,170.0,-195.0,,,2025_11_20_NHL_merged.csv,2.7,1.5128205128205128,170.0,-195.0,0.0,1.0
2025020324,2025-11-20,0.5800000000000001,5.66,0.1623116966743811,4.137196185657854,1,5,docs\win\hockey\nhl\research\sdv_challenger\season_2025\standalone_comparison.csv,-1.5,1.5,207.0,-250.0,,,2025_11_20_NHL_merged.csv,3.07,1.4,207.0,-250.0,0.0,1.0
2025020325,2025-11-20,0.6800000000000002,5.82,0.1695200476523499,4.120346874997852,-1,5,docs\win\hockey\nhl\research\sdv_challenger\season_2025\standalone_comparison.csv,-1.5,1.5,219.0,-265.0,,,2025_11_20_NHL_merged.csv,3.19,1.3773584905660377,219.0,-265.0,0.0,1.0
2025020326,2025-11-20,1.15,6.01,0.3275272851597304,4.0472737775472485,3,9,docs\win\hockey\nhl\research\sdv_challenger\season_2025\standalone_comparison.csv,-1.5,1.5,120.0,-140.0,,,2025_11_20_NHL_merged.csv,2.2,1.7142857142857144,120.0,-140.0,1.0,0.0
2025020327,2025-11-20,-0.1200000000000001,6.04,0.1055047672019542,4.199301952285557,-3,5,docs\win\hockey\nhl\research\sdv_challenger\season_2025\standalone_comparison.csv,1.5,-1.5,-255.0,211.0,,,2025_11_20_NHL_merged.csv,1.392156862745098,3.11,-255.0,211.0,0.0,1.0
2025020328,2025-11-20,-0.2000000000000001,5.92,-0.0183326004604813,4.277786192895914,-2,6,docs\win\hockey\nhl\research\sdv_challenger\season_2025\standalone_comparison.csv,1.5,-1.5,-190.0,165.0,,,2025_11_20_NHL_merged.csv,1.526315789473684,2.65,-190.0,165.0,0.0,1.0
2025020329,2025-11-20,0.04,6.34,0.074741362948095,4.320817704252084,-1,5,docs\win\hockey\nhl\research\sdv_challenger\season_2025\standalone_comparison.csv,1.5,-1.5,-240.0,200.0,,,2025_11_20_NHL_merged.csv,1.4166666666666667,3.0,-240.0,200.0,1.0,0.0
2025020330,2025-11-20,-1.02,6.06,0.0570388004865947,3.881703289035506,1,7,docs\win\hockey\nhl\research\sdv_challenger\season_2025\standalone_comparison.csv,1.5,-1.5,-165.0,145.0,,,2025_11_20_NHL_merged.csv,1.606060606060606,2.45,-165.0,145.0,1.0,0.0
2025020331,2025-11-21,0.6100000000000003,6.21,0.2805955475170774,4.419915252798988,6,12,docs\win\hockey\nhl\research\sdv_challenger\season_2025\standalone_comparison.csv,-1.5,1.5,135.0,-155.0,,,2025_11_21_NHL_merged.csv,2.35,1.6451612903225805,135.0,-155.0,1.0,0.0
2025020332,2025-11-21,0.25,6.61,0.2045538225499914,4.502009051428779,-5,5,docs\win\hockey\nhl\research\sdv_challenger\season_2025\standalone_comparison.csv,-1.5,1.5,219.0,-265.0,,,2025_11_21_NHL_merged.csv,3.19,1.3773584905660377,219.0,-265.0,0.0,1.0
2025020333,2025-11-21,0.1499999999999999,5.87,-0.1518463752163628,4.477065646864949,-1,7,docs\win\hockey\nhl\research\sdv_challenger\season_2025\standalone_comparison.csv,1.5,-1.5,-250.0,207.0,,,2025_11_21_NHL_merged.csv,1.4,3.07,-250.0,207.0,1.0,0.0
2025020334,2025-11-21,1.0699999999999998,5.81,0.2122542334872621,3.930765948385291,-1,3,docs\win\hockey\nhl\research\sdv_challenger\season_2025\standalone_comparison.csv,-1.5,1.5,149.0,-170.0,,,2025_11_21_NHL_merged.csv,2.49,1.5882352941176472,149.0,-170.0,0.0,1.0
2025020335,2025-11-22,0.04,6.32,0.184854940204195,4.576991606101027,1,7,docs\win\hockey\nhl\research\sdv_challenger\season_2025\standalone_comparison.csv,-1.5,1.5,183.0,-215.0,,,2025_11_22_NHL_merged.csv,2.83,1.4651162790697674,183.0,-215.0,0.0,1.0
2025020336,2025-11-22,1.0299999999999998,6.01,0.1341753229239248,4.35863117633158,-1,3,docs\win\hockey\nhl\research\sdv_challenger\season_2025\standalone_comparison.csv,-1.5,1.5,186.0,-220.0,,,2025_11_22_NHL_merged.csv,2.8600000000000003,1.4545454545454546,186.0,-220.0,0.0,1.0
2025020337,2025-11-22,0.1899999999999999,6.15,0.2435908958281611,4.193026986095635,3,7,docs\win\hockey\nhl\research\sdv_challenger\season_2025\standalone_comparison.csv,-1.5,1.5,192.0,-230.0,,,2025_11_22_NHL_merged.csv,2.92,1.434782608695652,192.0,-230.0,1.0,0.0
2025020338,2025-11-22,1.04,5.88,0.2676598285169005,4.2855143268862985,-3,9,docs\win\hockey\nhl\research\sdv_challenger\season_2025\standalone_comparison.csv,-1.5,1.5,192.0,-230.0,,,2025_11_22_NHL_merged.csv,2.92,1.434782608695652,192.0,-230.0,0.0,1.0
2025020339,2025-11-22,-0.0099999999999997,5.79,0.1167119648570942,4.062086678989116,3,9,docs\win\hockey\nhl\research\sdv_challenger\season_2025\standalone_comparison.csv,1.5,-1.5,-260.0,215.0,,,2025_11_22_NHL_merged.csv,1.3846153846153846,3.15,-260.0,215.0,1.0,0.0
2025020340,2025-11-22,0.29,6.03,0.2159727920418697,4.186333562048104,-1,5,docs\win\hockey\nhl\research\sdv_challenger\season_2025\standalone_comparison.csv,-1.5,1.5,222.0,-270.0,,,2025_11_22_NHL_merged.csv,3.22,1.3703703703703702,222.0,-270.0,0.0,1.0
2025020341,2025-11-22,0.4099999999999997,5.77,0.1098870428348481,4.381134545910093,-2,8,docs\win\hockey\nhl\research\sdv_challenger\season_2025\standalone_comparison.csv,-1.5,1.5,195.0,-235.0,,,2025_11_22_NHL_merged.csv,2.95,1.425531914893617,195.0,-235.0,0.0,1.0
2025020342,2025-11-22,-0.7200000000000002,6.32,0.0207258161315646,3.91078536304458,-1,5,docs\win\hockey\nhl\research\sdv_challenger\season_2025\standalone_comparison.csv,1.5,-1.5,-185.0,161.0,,,2025_11_22_NHL_merged.csv,1.5405405405405406,2.6100000000000003,-185.0,161.0,1.0,0.0
2025020343,2025-11-22,-1.3800000000000003,6.1,-0.2124795944669069,4.262974474295484,-3,3,docs\win\hockey\nhl\research\sdv_challenger\season_2025\standalone_comparison.csv,1.5,-1.5,-140.0,120.0,,,2025_11_22_NHL_merged.csv,1.7142857142857144,2.2,-140.0,120.0,0.0,1.0
2025020344,2025-11-22,0.27,5.77,0.172727265499629,4.097682221426177,1,5,docs\win\hockey\nhl\research\sdv_challenger\season_2025\standalone_comparison.csv,-1.5,1.5,195.0,-235.0,,,2025_11_22_NHL_merged.csv,2.95,1.425531914893617,195.0,-235.0,0.0,1.0
2025020345,2025-11-22,-0.5100000000000002,5.69,0.1918535031087742,3.8457191117066634,1,5,docs\win\hockey\nhl\research\sdv_challenger\season_2025\standalone_comparison.csv,1.5,-1.5,-190.0,165.0,,,2025_11_22_NHL_merged.csv,1.526315789473684,2.65,-190.0,165.0,1.0,0.0
2025020346,2025-11-22,-0.3500000000000001,6.37,-0.0152112562036026,4.417801862592938,1,7,docs\win\hockey\nhl\research\sdv_challenger\season_2025\standalone_comparison.csv,1.5,-1.5,-225.0,189.0,,,2025_11_22_NHL_merged.csv,1.4444444444444444,2.8899999999999997,-225.0,189.0,1.0,0.0
2025020347,2025-11-23,-0.7200000000000002,6.36,0.0327623939671242,4.492147362530755,3,5,docs\win\hockey\nhl\research\sdv_challenger\season_2025\standalone_comparison.csv,1.5,-1.5,-155.0,135.0,,,2025_11_23_NHL_merged.csv,1.6451612903225805,2.35,-155.0,135.0,1.0,0.0
2025020348,2025-11-23,0.96,5.86,0.1532274461679752,4.182975459881341,-3,3,docs\win\hockey\nhl\research\sdv_challenger\season_2025\standalone_comparison.csv,-1.5,1.5,207.0,-250.0,,,2025_11_23_NHL_merged.csv,3.07,1.4,207.0,-250.0,0.0,1.0
2025020349,2025-11-23,0.8200000000000003,6.04,0.220922754254456,4.003259552002793,1,1,docs\win\hockey\nhl\research\sdv_challenger\season_2025\standalone_comparison.csv,-1.5,1.5,150.0,-171.0,,,2025_11_23_NHL_merged.csv,2.5,1.5847953216374269,150.0,-171.0,0.0,1.0
2025020350,2025-11-23,-1.1700000000000004,6.19,-0.1798150354704519,4.3926761280118765,-1,1,docs\win\hockey\nhl\research\sdv_challenger\season_2025\standalone_comparison.csv,1.5,-1.5,-125.0,105.0,,,2025_11_23_NHL_merged.csv,1.8,2.05,-125.0,105.0,1.0,0.0
2025020351,2025-11-23,-0.2200000000000002,6.44,0.100991132789038,3.9833649455344657,2,4,docs\win\hockey\nhl\research\sdv_challenger\season_2025\standalone_comparison.csv,1.5,-1.5,-205.0,177.0,,,2025_11_23_NHL_merged.csv,1.4878048780487805,2.77,-205.0,177.0,1.0,0.0
2025020352,2025-11-23,0.8599999999999999,5.7,-0.0494404515275523,4.088397765162832,-3,7,docs\win\hockey\nhl\research\sdv_challenger\season_2025\standalone_comparison.csv,-1.5,1.5,174.0,-200.0,,,2025_11_23_NHL_merged.csv,2.74,1.5,174.0,-200.0,0.0,1.0
2025020353,2025-11-24,0.8300000000000001,5.67,0.3185117035683213,3.974945355625444,3,3,docs\win\hockey\nhl\research\sdv_challenger\season_2025\standalone_comparison.csv,-1.5,1.5,148.0,-168.0,,,2025_11_24_NHL_merged.csv,2.48,1.5952380952380953,148.0,-168.0,1.0,0.0
2025020354,2025-11-24,0.6699999999999999,6.11,0.1706853003347652,4.267543534696231,1,7,docs\win\hockey\nhl\research\sdv_challenger\season_2025\standalone_comparison.csv,-1.5,1.5,177.0,-205.0,,,2025_11_24_NHL_merged.csv,2.77,1.4878048780487805,177.0,-205.0,0.0,1.0
2025020355,2025-11-24,1.0499999999999998,5.71,0.2585233505455164,4.1545589419951,1,5,docs\win\hockey\nhl\research\sdv_challenger\season_2025\standalone_comparison.csv,-1.5,1.5,184.0,-216.0,,,2025_11_24_NHL_merged.csv,2.84,1.462962962962963,184.0,-216.0,0.0,1.0
2025020356,2025-11-24,0.6599999999999997,6.1,0.2976933381606867,4.771670007479077,4,6,docs\win\hockey\nhl\research\sdv_challenger\season_2025\standalone_comparison.csv,-1.5,1.5,157.0,-180.0,,,2025_11_24_NHL_merged.csv,2.5700000000000003,1.5555555555555556,157.0,-180.0,1.0,0.0
2025020357,2025-11-24,-1.12,5.66,-0.03709007683406,4.172231403867811,-5,11,docs\win\hockey\nhl\research\sdv_challenger\season_2025\standalone_comparison.csv,1.5,-1.5,-200.0,174.0,,,2025_11_24_NHL_merged.csv,1.5,2.74,-200.0,174.0,0.0,1.0
2025020358,2025-11-24,-0.1299999999999999,6.01,0.1253180557899789,4.25672372645251,4,6,docs\win\hockey\nhl\research\sdv_challenger\season_2025\standalone_comparison.csv,1.5,-1.5,-255.0,211.0,,,2025_11_24_NHL_merged.csv,1.392156862745098,3.11,-255.0,211.0,1.0,0.0
2025020359,2025-11-24,0.5300000000000002,5.71,0.1104821432281379,3.867927030253989,1,3,docs\win\hockey\nhl\research\sdv_challenger\season_2025\standalone_comparison.csv,-1.5,1.5,177.0,-205.0,,,2025_11_24_NHL_merged.csv,2.77,1.4878048780487805,177.0,-205.0,0.0,1.0
2025020360,2025-11-25,0.31,6.09,0.1445039099801857,4.348973206708125,-5,11,docs\win\hockey\nhl\research\sdv_challenger\season_2025\standalone_comparison.csv,-1.5,1.5,177.0,-205.0,,,2025_11_25_NHL_merged.csv,2.77,1.4878048780487805,177.0,-205.0,0.0,1.0
2025020361,2025-11-26,1.1399999999999997,5.88,0.2798661878171566,4.342001110749663,-3,9,docs\win\hockey\nhl\research\sdv_challenger\season_2025\standalone_comparison.csv,-1.5,1.5,165.0,-190.0,,,2025_11_26_NHL_merged.csv,2.65,1.526315789473684,165.0,-190.0,0.0,1.0
2025020362,2025-11-26,1.13,5.71,0.254416628830941,3.8386791356313994,4,6,docs\win\hockey\nhl\research\sdv_challenger\season_2025\standalone_comparison.csv,-1.5,1.5,145.0,-165.0,,,2025_11_26_NHL_merged.csv,2.45,1.606060606060606,145.0,-165.0,1.0,0.0
2025020363,2025-11-26,1.15,5.45,0.2615218218273476,3.9856159031323934,-2,6,docs\win\hockey\nhl\research\sdv_challenger\season_2025\standalone_comparison.csv,-1.5,1.5,151.0,-172.0,,,2025_11_26_NHL_merged.csv,2.51,1.5813953488372094,151.0,-172.0,0.0,1.0
2025020364,2025-11-26,1.0799999999999996,6.02,0.1944854963140638,4.363145634893483,1,5,docs\win\hockey\nhl\research\sdv_challenger\season_2025\standalone_comparison.csv,-1.5,1.5,180.0,-210.0,,,2025_11_26_NHL_merged.csv,2.8,1.4761904761904763,180.0,-210.0,0.0,1.0
2025020365,2025-11-26,1.09,6.17,0.1374346245000928,4.171371038963695,-2,4,docs\win\hockey\nhl\research\sdv_challenger\season_2025\standalone_comparison.csv,-1.5,1.5,161.0,-185.0,,,2025_11_26_NHL_merged.csv,2.6100000000000003,1.5405405405405406,161.0,-185.0,0.0,1.0
2025020366,2025-11-26,0.04,6.46,0.0812544793514864,4.451827308358884,2,6,docs\win\hockey\nhl\research\sdv_challenger\season_2025\standalone_comparison.csv,-1.5,1.5,203.0,-245.0,,,2025_11_26_NHL_merged.csv,3.03,1.4081632653061225,203.0,-245.0,1.0,0.0
2025020367,2025-11-26,0.4100000000000001,5.59,0.3654015136737665,4.340356395941909,1,7,docs\win\hockey\nhl\research\sdv_challenger\season_2025\standalone_comparison.csv,-1.5,1.5,165.0,-190.0,,,2025_11_26_NHL_merged.csv,2.65,1.526315789473684,165.0,-190.0,0.0,1.0
2025020368,2025-11-26,1.0099999999999998,5.87,0.2623549220478001,4.233053848014264,-2,6,docs\win\hockey\nhl\research\sdv_challenger\season_2025\standalone_comparison.csv,-1.5,1.5,145.0,-165.0,,,2025_11_26_NHL_merged.csv,2.45,1.606060606060606,145.0,-165.0,0.0,1.0
2025020369,2025-11-26,0.5899999999999999,6.43,0.188477036350473,4.498066695946341,-1,3,docs\win\hockey\nhl\research\sdv_challenger\season_2025\standalone_comparison.csv,-1.5,1.5,207.0,-250.0,,,2025_11_26_NHL_merged.csv,3.07,1.4,207.0,-250.0,0.0,1.0
2025020370,2025-11-26,-0.4000000000000003,6.04,0.1535684852272809,4.357299839574946,-1,7,docs\win\hockey\nhl\research\sdv_challenger\season_2025\standalone_comparison.csv,1.5,-1.5,-215.0,183.0,,,2025_11_26_NHL_merged.csv,1.4651162790697674,2.83,-215.0,183.0,1.0,0.0
2025020371,2025-11-26,1.65,6.61,0.4923006117168005,4.064227581920286,6,6,docs\win\hockey\nhl\research\sdv_challenger\season_2025\standalone_comparison.csv,-1.5,1.5,-130.0,110.0,,,2025_11_26_NHL_merged.csv,1.7692307692307692,2.1,-130.0,110.0,1.0,0.0
2025020372,2025-11-26,1.0100000000000002,6.03,0.2024330978610566,4.30461120080254,-1,7,docs\win\hockey\nhl\research\sdv_challenger\season_2025\standalone_comparison.csv,-1.5,1.5,177.0,-205.0,,,2025_11_26_NHL_merged.csv,2.77,1.4878048780487805,177.0,-205.0,0.0,1.0
2025020373,2025-11-26,0.8900000000000001,5.99,0.2145772120471969,3.988657479166631,-1,7,docs\win\hockey\nhl\research\sdv_challenger\season_2025\standalone_comparison.csv,-1.5,1.5,157.0,-180.0,,,2025_11_26_NHL_merged.csv,2.5700000000000003,1.5555555555555556,157.0,-180.0,0.0,1.0
2025020374,2025-11-26,1.04,6.3,0.2901504740896548,4.635866467800479,-1,9,docs\win\hockey\nhl\research\sdv_challenger\season_2025\standalone_comparison.csv,-1.5,1.5,165.0,-190.0,,,2025_11_26_NHL_merged.csv,2.65,1.526315789473684,165.0,-190.0,0.0,1.0
2025020375,2025-11-26,-0.3599999999999999,5.76,-0.0016305725904106,3.902933290033407,-1,5,docs\win\hockey\nhl\research\sdv_challenger\season_2025\standalone_comparison.csv,1.5,-1.5,-200.0,174.0,,,2025_11_26_NHL_merged.csv,1.5,2.74,-200.0,174.0,1.0,0.0
2025020376,2025-11-28,-0.54,5.86,0.0659828777469777,3.818716071523448,-4,8,docs\win\hockey\nhl\research\sdv_challenger\season_2025\standalone_comparison.csv,1.5,-1.5,-215.0,183.0,,,2025_11_28_NHL_merged.csv,1.4651162790697674,2.83,-215.0,183.0,0.0,1.0
2025020377,2025-11-28,-0.4100000000000001,5.97,0.0541975848768618,4.180393888522703,-3,9,docs\win\hockey\nhl\research\sdv_challenger\season_2025\standalone_comparison.csv,1.5,-1.5,-240.0,200.0,,,2025_11_28_NHL_merged.csv,1.4166666666666667,3.0,-240.0,200.0,0.0,1.0
2025020378,2025-11-28,-1.14,6.34,-0.1614698625612729,4.303184936702362,1,5,docs\win\hockey\nhl\research\sdv_challenger\season_2025\standalone_comparison.csv,1.5,-1.5,-180.0,157.0,,,2025_11_28_NHL_merged.csv,1.5555555555555556,2.5700000000000003,-180.0,157.0,1.0,0.0
2025020379,2025-11-28,-0.1699999999999999,6.35,0.2064006709713419,4.226248996426333,-5,5,docs\win\hockey\nhl\research\sdv_challenger\season_2025\standalone_comparison.csv,1.5,-1.5,-265.0,219.0,,,2025_11_28_NHL_merged.csv,1.3773584905660377,3.19,-265.0,219.0,0.0,1.0
2025020380,2025-11-28,1.29,5.49,0.1807880924237923,3.8747043106173114,-2,8,docs\win\hockey\nhl\research\sdv_challenger\season_2025\standalone_comparison.csv,-1.5,1.5,135.0,-155.0,,,2025_11_28_NHL_merged.csv,2.35,1.6451612903225805,135.0,-155.0,0.0,1.0
2025020381,2025-11-28,0.5899999999999999,5.79,0.145249895669481,4.139737056024428,-1,7,docs\win\hockey\nhl\research\sdv_challenger\season_2025\standalone_comparison.csv,-1.5,1.5,189.0,-225.0,,,2025_11_28_NHL_merged.csv,2.8899999999999997,1.4444444444444444,189.0,-225.0,0.0,1.0
2025020382,2025-11-28,-0.4900000000000002,5.91,0.0604261968490336,4.094888031114269,1,7,docs\win\hockey\nhl\research\sdv_challenger\season_2025\standalone_comparison.csv,1.5,-1.5,-280.0,230.0,,,2025_11_28_NHL_merged.csv,1.3571428571428572,3.3,-280.0,230.0,1.0,0.0
2025020383,2025-11-28,1.0499999999999998,6.03,0.2924412754013401,4.103636014280911,-3,5,docs\win\hockey\nhl\research\sdv_challenger\season_2025\standalone_comparison.csv,-1.5,1.5,140.0,-160.0,,,2025_11_28_NHL_merged.csv,2.4,1.625,140.0,-160.0,0.0,1.0
2025020384,2025-11-28,0.1899999999999999,6.07,0.1020656262246637,4.303288334683334,1,9,docs\win\hockey\nhl\research\sdv_challenger\season_2025\standalone_comparison.csv,1.5,-1.5,-250.0,207.0,,,2025_11_28_NHL_merged.csv,1.4,3.07,-250.0,207.0,1.0,0.0
2025020385,2025-11-28,-0.1500000000000003,6.29,0.2275499482475909,4.252989135983965,1,5,docs\win\hockey\nhl\research\sdv_challenger\season_2025\standalone_comparison.csv,1.5,-1.5,-250.0,207.0,,,2025_11_28_NHL_merged.csv,1.4,3.07,-250.0,207.0,1.0,0.0
2025020386,2025-11-28,1.0299999999999998,5.93,0.3121385816420354,4.416467921674969,2,6,docs\win\hockey\nhl\research\sdv_challenger\season_2025\standalone_comparison.csv,-1.5,1.5,161.0,-185.0,,,2025_11_28_NHL_merged.csv,2.6100000000000003,1.5405405405405406,161.0,-185.0,1.0,0.0
2025020387,2025-11-28,0.91,5.87,0.4056312795015739,4.394926442565015,4,6,docs\win\hockey\nhl\research\sdv_challenger\season_2025\standalone_comparison.csv,-1.5,1.5,115.0,-135.0,,,2025_11_28_NHL_merged.csv,2.15,1.7407407407407407,115.0,-135.0,1.0,0.0
2025020388,2025-11-28,0.7599999999999998,6.5,0.219484066555947,4.733802039075618,-1,7,docs\win\hockey\nhl\research\sdv_challenger\season_2025\standalone_comparison.csv,-1.5,1.5,177.0,-205.0,,,2025_11_28_NHL_merged.csv,2.77,1.4878048780487805,177.0,-205.0,0.0,1.0
2025020389,2025-11-28,0.7200000000000002,5.82,0.148942146229535,4.400080636361357,-1,7,docs\win\hockey\nhl\research\sdv_challenger\season_2025\standalone_comparison.csv,1.5,-1.5,-280.0,230.0,,,2025_11_28_NHL_merged.csv,1.3571428571428572,3.3,-280.0,230.0,1.0,0.0
2025020390,2025-11-28,0.4899999999999997,5.93,0.0956174142246775,4.278937430886416,1,7,docs\win\hockey\nhl\research\sdv_challenger\season_2025\standalone_comparison.csv,-1.5,1.5,170.0,-195.0,,,2025_11_28_NHL_merged.csv,2.7,1.5128205128205128,170.0,-195.0,0.0,1.0
2025020391,2025-11-29,0.4199999999999999,5.82,0.1333986039509112,3.9557969800850783,-3,5,docs\win\hockey\nhl\research\sdv_challenger\season_2025\standalone_comparison.csv,-1.5,1.5,207.0,-250.0,,,2025_11_29_NHL_merged.csv,3.07,1.4,207.0,-250.0,0.0,1.0
2025020392,2025-11-29,1.4300000000000002,6.27,0.359498199400277,4.199778193385328,5,9,docs\win\hockey\nhl\research\sdv_challenger\season_2025\standalone_comparison.csv,-1.5,1.5,100.0,-120.0,,,2025_11_29_NHL_merged.csv,2.0,1.8333333333333335,100.0,-120.0,1.0,0.0
2025020393,2025-11-29,-0.5100000000000002,5.97,0.0524349100238188,4.2010697286660434,-4,4,docs\win\hockey\nhl\research\sdv_challenger\season_2025\standalone_comparison.csv,1.5,-1.5,-190.0,165.0,,,2025_11_29_NHL_merged.csv,1.526315789473684,2.65,-190.0,165.0,0.0,1.0
2025020394,2025-11-29,-0.27,6.11,0.1077893676313812,4.162220567527049,1,5,docs\win\hockey\nhl\research\sdv_challenger\season_2025\standalone_comparison.csv,1.5,-1.5,-235.0,195.0,,,2025_11_29_NHL_merged.csv,1.425531914893617,2.95,-235.0,195.0,1.0,0.0
2025020395,2025-11-29,0.6900000000000004,5.79,0.1707535161234137,4.039604680871742,-2,8,docs\win\hockey\nhl\research\sdv_challenger\season_2025\standalone_comparison.csv,-1.5,1.5,174.0,-200.0,,,2025_11_29_NHL_merged.csv,2.74,1.5,174.0,-200.0,0.0,1.0
2025020396,2025-11-29,0.1400000000000001,6.32,0.1436463891187265,4.400578033550914,-5,9,docs\win\hockey\nhl\research\sdv_challenger\season_2025\standalone_comparison.csv,1.5,-1.5,-250.0,207.0,,,2025_11_29_NHL_merged.csv,1.4,3.07,-250.0,207.0,0.0,1.0
2025020397,2025-11-29,-1.04,5.64,0.1694627191917899,4.14366551240412,-3,7,docs\win\hockey\nhl\research\sdv_challenger\season_2025\standalone_comparison.csv,1.5,-1.5,-245.0,203.0,,,2025_11_29_NHL_merged.csv,1.4081632653061225,3.03,-245.0,203.0,0.0,1.0
2025020398,2025-11-29,-0.6499999999999999,5.93,0.0319786870594569,4.4466216292833325,1,1,docs\win\hockey\nhl\research\sdv_challenger\season_2025\standalone_comparison.csv,-1.5,1.5,219.0,-265.0,,,2025_11_29_NHL_merged.csv,3.19,1.3773584905660377,219.0,-265.0,0.0,1.0
2025020399,2025-11-29,0.69,6.35,0.0322056660190326,4.35935513765307,-1,5,docs\win\hockey\nhl\research\sdv_challenger\season_2025\standalone_comparison.csv,-1.5,1.5,165.0,-190.0,,,2025_11_29_NHL_merged.csv,2.65,1.526315789473684,165.0,-190.0,0.0,1.0
2025020400,2025-11-29,1.3000000000000005,6.36,0.4304782660404256,3.9492566334715726,1,7,docs\win\hockey\nhl\research\sdv_challenger\season_2025\standalone_comparison.csv,-1.5,1.5,-130.0,110.0,,,2025_11_29_NHL_merged.csv,1.7692307692307692,2.1,-130.0,110.0,0.0,1.0
2025020401,2025-11-29,1.0700000000000005,5.67,0.3306469226953288,4.156539671827467,1,3,docs\win\hockey\nhl\research\sdv_challenger\season_2025\standalone_comparison.csv,-1.5,1.5,140.0,-160.0,,,2025_11_29_NHL_merged.csv,2.4,1.625,140.0,-160.0,0.0,1.0
2025020402,2025-11-30,0.0100000000000002,5.89,0.052104357989009,4.490852754437258,-3,5,docs\win\hockey\nhl\research\sdv_challenger\season_2025\standalone_comparison.csv,1.5,-1.5,-245.0,203.0,,,2025_11_30_NHL_merged.csv,1.4081632653061225,3.03,-245.0,203.0,0.0,1.0
2025020403,2025-11-30,-0.75,6.31,0.0843212775373616,4.627130133801662,2,8,docs\win\hockey\nhl\research\sdv_challenger\season_2025\standalone_comparison.csv,1.5,-1.5,-240.0,200.0,,,2025_11_30_NHL_merged.csv,1.4166666666666667,3.0,-240.0,200.0,1.0,0.0
2025020404,2025-11-30,1.3699999999999997,5.85,0.2703451253539324,4.219155657790076,1,1,docs\win\hockey\nhl\research\sdv_challenger\season_2025\standalone_comparison.csv,-1.5,1.5,105.0,-125.0,,,2025_11_30_NHL_merged.csv,2.05,1.8,105.0,-125.0,0.0,1.0
2025020405,2025-11-30,0.8300000000000001,5.91,0.1314831936390512,3.980870693496157,5,7,docs\win\hockey\nhl\research\sdv_challenger\season_2025\standalone_comparison.csv,-1.5,1.5,180.0,-210.0,,,2025_11_30_NHL_merged.csv,2.8,1.4761904761904763,180.0,-210.0,1.0,0.0
2025020406,2025-12-01,0.9700000000000002,6.39,0.15571563137975,4.546319414364503,-2,8,docs\win\hockey\nhl\research\sdv_challenger\season_2025\standalone_comparison.csv,-1.5,1.5,165.0,-190.0,,,2025_12_01_NHL_merged.csv,2.65,1.526315789473684,165.0,-190.0,0.0,1.0
2025020407,2025-12-01,0.9099999999999996,5.89,0.2103598797856531,4.252551115292169,-4,6,docs\win\hockey\nhl\research\sdv_challenger\season_2025\standalone_comparison.csv,-1.5,1.5,174.0,-200.0,,,2025_12_01_NHL_merged.csv,2.74,1.5,174.0,-200.0,0.0,1.0
2025020408,2025-12-01,-0.3000000000000002,6.02,0.2971599976214403,4.152688759990706,4,6,docs\win\hockey\nhl\research\sdv_challenger\season_2025\standalone_comparison.csv,-1.5,1.5,207.0,-250.0,,,2025_12_01_NHL_merged.csv,3.07,1.4,207.0,-250.0,1.0,0.0
2025020409,2025-12-01,0.3700000000000001,6.29,0.1798374647979974,4.492058215740249,-3,5,docs\win\hockey\nhl\research\sdv_challenger\season_2025\standalone_comparison.csv,-1.5,1.5,173.0,-198.0,,,2025_12_01_NHL_merged.csv,2.73,1.5050505050505052,173.0,-198.0,0.0,1.0
2025020410,2025-12-01,-0.9899999999999998,6.27,-0.05320265494719,4.211949099960455,3,9,docs\win\hockey\nhl\research\sdv_challenger\season_2025\standalone_comparison.csv,1.5,-1.5,-195.0,170.0,,,2025_12_01_NHL_merged.csv,1.5128205128205128,2.7,-195.0,170.0,1.0,0.0
2025020411,2025-12-02,0.1099999999999998,5.97,0.1175442426014652,3.993167827736504,-3,7,docs\win\hockey\nhl\research\sdv_challenger\season_2025\standalone_comparison.csv,-1.5,1.5,226.0,-275.0,,,2025_12_02_NHL_merged.csv,3.26,1.3636363636363638,226.0,-275.0,0.0,1.0
2025020412,2025-12-02,1.04,6.04,0.2429146376795068,4.159277433902416,1,9,docs\win\hockey\nhl\research\sdv_challenger\season_2025\standalone_comparison.csv,-1.5,1.5,140.0,-160.0,,,2025_12_02_NHL_merged.csv,2.4,1.625,140.0,-160.0,0.0,1.0
2025020413,2025-12-02,1.04,5.74,0.3245985240830569,4.1727998354662175,-3,5,docs\win\hockey\nhl\research\sdv_challenger\season_2025\standalone_comparison.csv,-1.5,1.5,165.0,-190.0,,,2025_12_02_NHL_merged.csv,2.65,1.526315789473684,165.0,-190.0,0.0,1.0
2025020414,2025-12-02,0.0100000000000002,6.15,0.0275444127187753,4.235961296920031,1,3,docs\win\hockey\nhl\research\sdv_challenger\season_2025\standalone_comparison.csv,1.5,-1.5,-205.0,177.0,,,2025_12_02_NHL_merged.csv,1.4878048780487805,2.77,-205.0,177.0,1.0,0.0
2025020415,2025-12-02,-0.2200000000000002,5.76,0.1920327238573036,3.915889013520355,1,5,docs\win\hockey\nhl\research\sdv_challenger\season_2025\standalone_comparison.csv,1.5,-1.5,-260.0,215.0,,,2025_12_02_NHL_merged.csv,1.3846153846153846,3.15,-260.0,215.0,1.0,0.0
2025020416,2025-12-02,-0.0299999999999998,5.65,0.0218947574296795,4.025564768064289,4,6,docs\win\hockey\nhl\research\sdv_challenger\season_2025\standalone_comparison.csv,-1.5,1.5,215.0,-260.0,,,2025_12_02_NHL_merged.csv,3.15,1.3846153846153846,215.0,-260.0,1.0,0.0
2025020417,2025-12-02,1.7200000000000002,6.34,0.5356080532303529,4.443208540751117,2,4,docs\win\hockey\nhl\research\sdv_challenger\season_2025\standalone_comparison.csv,-1.5,1.5,-125.0,105.0,,,2025_12_02_NHL_merged.csv,1.8,2.05,-125.0,105.0,1.0,0.0
2025020418,2025-12-02,0.79,6.29,0.2212255078203462,4.521011035513241,-1,1,docs\win\hockey\nhl\research\sdv_challenger\season_2025\standalone_comparison.csv,-1.5,1.5,161.0,-185.0,,,2025_12_02_NHL_merged.csv,2.6100000000000003,1.5405405405405406,161.0,-185.0,0.0,1.0
2025020419,2025-12-02,1.25,5.97,0.4252294138661261,4.322132179254146,1,7,docs\win\hockey\nhl\research\sdv_challenger\season_2025\standalone_comparison.csv,-1.5,1.5,-110.0,-110.0,,,2025_12_02_NHL_merged.csv,1.9090909090909092,1.9090909090909092,-110.0,-110.0,0.0,1.0
2025020420,2025-12-02,-0.04,5.58,0.0937900440036805,4.201834897497232,-2,4,docs\win\hockey\nhl\research\sdv_challenger\season_2025\standalone_comparison.csv,-1.5,1.5,218.0,-264.0,,,2025_12_02_NHL_merged.csv,3.18,1.378787878787879,218.0,-264.0,0.0,1.0
2025020421,2025-12-03,0.5100000000000002,6.03,0.1241437148952915,4.138298933377621,-3,3,docs\win\hockey\nhl\research\sdv_challenger\season_2025\standalone_comparison.csv,-1.5,1.5,215.0,-260.0,,,2025_12_03_NHL_merged.csv,3.15,1.3846153846153846,215.0,-260.0,0.0,1.0
2025020422,2025-12-03,-0.3399999999999998,5.8,0.2380515653013688,4.076138637940463,1,5,docs\win\hockey\nhl\research\sdv_challenger\season_2025\standalone_comparison.csv,-1.5,1.5,219.0,-265.0,,,2025_12_03_NHL_merged.csv,3.19,1.3773584905660377,219.0,-265.0,0.0,1.0
2025020423,2025-12-03,0.5,6.0,0.0942735801008094,4.044769444212182,3,7,docs\win\hockey\nhl\research\sdv_challenger\season_2025\standalone_comparison.csv,-1.5,1.5,211.0,-255.0,,,2025_12_03_NHL_merged.csv,3.11,1.392156862745098,211.0,-255.0,1.0,0.0
2025020424,2025-12-03,0.2999999999999998,6.3,0.0320539877690722,4.611070597244302,-7,7,docs\win\hockey\nhl\research\sdv_challenger\season_2025\standalone_comparison.csv,-1.5,1.5,222.0,-270.0,,,2025_12_03_NHL_merged.csv,3.22,1.3703703703703702,222.0,-270.0,0.0,1.0
2025020425,2025-12-03,-0.9499999999999996,6.07,-0.0289347218389002,4.293451621901208,-6,8,docs\win\hockey\nhl\research\sdv_challenger\season_2025\standalone_comparison.csv,1.5,-1.5,-200.0,174.0,,,2025_12_03_NHL_merged.csv,1.5,2.74,-200.0,174.0,0.0,1.0
2025020426,2025-12-04,1.0099999999999998,5.79,0.126050426243653,4.038802840419921,3,7,docs\win\hockey\nhl\research\sdv_challenger\season_2025\standalone_comparison.csv,1.5,-1.5,-215.0,183.0,,,2025_12_04_NHL_merged.csv,1.4651162790697674,2.83,-215.0,183.0,1.0,0.0
2025020427,2025-12-04,0.31,5.63,0.2009081218241464,3.850558362248096,-2,6,docs\win\hockey\nhl\research\sdv_challenger\season_2025\standalone_comparison.csv,-1.5,1.5,177.0,-205.0,,,2025_12_04_NHL_merged.csv,2.77,1.4878048780487805,177.0,-205.0,0.0,1.0
2025020428,2025-12-04,1.08,6.14,0.3438900712910442,4.439772697738459,-1,7,docs\win\hockey\nhl\research\sdv_challenger\season_2025\standalone_comparison.csv,-1.5,1.5,130.0,-150.0,,,2025_12_04_NHL_merged.csv,2.3,1.6666666666666665,130.0,-150.0,0.0,1.0
2025020429,2025-12-04,1.4,5.8,0.3241733125883774,4.153428934508318,-1,3,docs\win\hockey\nhl\research\sdv_challenger\season_2025\standalone_comparison.csv,-1.5,1.5,128.0,-148.0,,,2025_12_04_NHL_merged.csv,2.2800000000000002,1.6756756756756757,128.0,-148.0,0.0,1.0
2025020430,2025-12-04,-1.15,6.19,-0.0821730066621069,4.349768561296575,3,9,docs\win\hockey\nhl\research\sdv_challenger\season_2025\standalone_comparison.csv,1.5,-1.5,-155.0,135.0,,,2025_12_04_NHL_merged.csv,1.6451612903225805,2.35,-155.0,135.0,1.0,0.0
2025020431,2025-12-04,1.14,6.18,0.3878566888809112,4.434813276776639,-4,6,docs\win\hockey\nhl\research\sdv_challenger\season_2025\standalone_comparison.csv,-1.5,1.5,125.0,-145.0,,,2025_12_04_NHL_merged.csv,2.25,1.6896551724137931,125.0,-145.0,0.0,1.0
2025020432,2025-12-04,0.6399999999999997,6.42,0.1073901835353314,4.608444915888975,1,11,docs\win\hockey\nhl\research\sdv_challenger\season_2025\standalone_comparison.csv,-1.5,1.5,200.0,-240.0,,,2025_12_04_NHL_merged.csv,3.0,1.4166666666666667,200.0,-240.0,0.0,1.0
2025020433,2025-12-04,-0.48,5.64,0.2808631246495934,4.032348522851565,3,5,docs\win\hockey\nhl\research\sdv_challenger\season_2025\standalone_comparison.csv,1.5,-1.5,-250.0,207.0,,,2025_12_04_NHL_merged.csv,1.4,3.07,-250.0,207.0,1.0,0.0
2025020434,2025-12-04,1.1599999999999997,5.98,0.2870368007689405,4.130808477714811,5,13,docs\win\hockey\nhl\research\sdv_challenger\season_2025\standalone_comparison.csv,-1.5,1.5,115.0,-135.0,,,2025_12_04_NHL_merged.csv,2.15,1.7407407407407407,115.0,-135.0,1.0,0.0
2025020435,2025-12-04,1.1799999999999995,5.66,0.2676637679544806,4.028859480958028,-1,3,docs\win\hockey\nhl\research\sdv_challenger\season_2025\standalone_comparison.csv,-1.5,1.5,120.0,-140.0,,,2025_12_04_NHL_merged.csv,2.2,1.7142857142857144,120.0,-140.0,0.0,1.0
2025020436,2025-12-05,0.04,5.96,-0.0142712091942751,4.160388524219167,-3,3,docs\win\hockey\nhl\research\sdv_challenger\season_2025\standalone_comparison.csv,1.5,-1.5,-240.0,200.0,,,2025_12_05_NHL_merged.csv,1.4166666666666667,3.0,-240.0,200.0,0.0,1.0
2025020437,2025-12-05,0.7800000000000002,6.16,0.0316761270266736,4.217634612128623,3,5,docs\win\hockey\nhl\research\sdv_challenger\season_2025\standalone_comparison.csv,-1.5,1.5,174.0,-200.0,,,2025_12_05_NHL_merged.csv,2.74,1.5,174.0,-200.0,1.0,0.0
2025020438,2025-12-05,1.34,6.16,0.316194680878445,3.933208892996779,3,5,docs\win\hockey\nhl\research\sdv_challenger\season_2025\standalone_comparison.csv,-1.5,1.5,-115.0,-105.0,,,2025_12_05_NHL_merged.csv,1.8695652173913042,1.9523809523809523,-115.0,-105.0,1.0,0.0
2025020439,2025-12-05,-0.6799999999999997,6.04,-0.0857977130797134,4.534184201684169,-3,5,docs\win\hockey\nhl\research\sdv_challenger\season_2025\standalone_comparison.csv,1.5,-1.5,-230.0,192.0,,,2025_12_05_NHL_merged.csv,1.434782608695652,2.92,-230.0,192.0,0.0,1.0
2025020440,2025-12-05,-0.9300000000000002,6.27,0.0362906184588407,4.632677525375427,1,7,docs\win\hockey\nhl\research\sdv_challenger\season_2025\standalone_comparison.csv,1.5,-1.5,-215.0,183.0,,,2025_12_05_NHL_merged.csv,1.4651162790697674,2.83,-215.0,183.0,1.0,0.0
2025020441,2025-12-06,-1.08,6.0,-0.0046054864403295,4.125302857605104,-1,5,docs\win\hockey\nhl\research\sdv_challenger\season_2025\standalone_comparison.csv,1.5,-1.5,-170.0,149.0,,,2025_12_06_NHL_merged.csv,1.5882352941176472,2.49,-170.0,149.0,1.0,0.0
2025020442,2025-12-06,1.04,6.06,0.2664075067308702,4.430372170877814,1,13,docs\win\hockey\nhl\research\sdv_challenger\season_2025\standalone_comparison.csv,-1.5,1.5,140.0,-160.0,,,2025_12_06_NHL_merged.csv,2.4,1.625,140.0,-160.0,0.0,1.0
2025020443,2025-12-06,-0.0499999999999998,5.95,0.1294002746294089,4.041730591221666,3,5,docs\win\hockey\nhl\research\sdv_challenger\season_2025\standalone_comparison.csv,1.5,-1.5,-255.0,211.0,,,2025_12_06_NHL_merged.csv,1.392156862745098,3.11,-255.0,211.0,1.0,0.0
2025020444,2025-12-06,0.8399999999999999,6.26,0.1051376847751872,4.224057073772372,-1,3,docs\win\hockey\nhl\research\sdv_challenger\season_2025\standalone_comparison.csv,-1.5,1.5,192.0,-230.0,,,2025_12_06_NHL_merged.csv,2.92,1.434782608695652,192.0,-230.0,0.0,1.0
2025020445,2025-12-06,1.13,5.71,0.2509015042646947,4.0946904669763535,-1,3,docs\win\hockey\nhl\research\sdv_challenger\season_2025\standalone_comparison.csv,-1.5,1.5,177.0,-205.0,,,2025_12_06_NHL_merged.csv,2.77,1.4878048780487805,177.0,-205.0,0.0,1.0
2025020446,2025-12-06,0.5499999999999998,6.21,0.3073808259413235,4.27852590180127,-2,2,docs\win\hockey\nhl\research\sdv_challenger\season_2025\standalone_comparison.csv,-1.5,1.5,140.0,-160.0,,,2025_12_06_NHL_merged.csv,2.4,1.625,140.0,-160.0,0.0,1.0
2025020447,2025-12-06,1.39,6.03,0.4092889415348555,4.456433740473114,3,9,docs\win\hockey\nhl\research\sdv_challenger\season_2025\standalone_comparison.csv,-1.5,1.5,110.0,-130.0,,,2025_12_06_NHL_merged.csv,2.1,1.7692307692307692,110.0,-130.0,1.0,0.0
2025020448,2025-12-06,-0.4100000000000001,5.63,0.1226842341952991,4.15962471996738,2,2,docs\win\hockey\nhl\research\sdv_challenger\season_2025\standalone_comparison.csv,-1.5,1.5,200.0,-240.0,,,2025_12_06_NHL_merged.csv,3.0,1.4166666666666667,200.0,-240.0,1.0,0.0
2025020449,2025-12-06,1.14,5.68,0.2436682232558644,4.01522924738506,6,6,docs\win\hockey\nhl\research\sdv_challenger\season_2025\standalone_comparison.csv,-1.5,1.5,125.0,-145.0,,,2025_12_06_NHL_merged.csv,2.25,1.6896551724137931,125.0,-145.0,1.0,0.0
2025020450,2025-12-06,0.8000000000000003,6.06,0.2131852066228092,4.389972641541987,4,8,docs\win\hockey\nhl\research\sdv_challenger\season_2025\standalone_comparison.csv,-1.5,1.5,105.0,-125.0,,,2025_12_06_NHL_merged.csv,2.05,1.8,105.0,-125.0,1.0,0.0
2025020451,2025-12-06,-0.6799999999999997,6.04,0.1113243318035861,4.421998337727516,2,6,docs\win\hockey\nhl\research\sdv_challenger\season_2025\standalone_comparison.csv,1.5,-1.5,-210.0,180.0,,,2025_12_06_NHL_merged.csv,1.4761904761904763,2.8,-210.0,180.0,1.0,0.0
2025020452,2025-12-06,-0.1699999999999999,5.91,0.0021695172097095,4.07815218168924,-1,7,docs\win\hockey\nhl\research\sdv_challenger\season_2025\standalone_comparison.csv,1.5,-1.5,-260.0,215.0,,,2025_12_06_NHL_merged.csv,1.3846153846153846,3.15,-260.0,215.0,1.0,0.0
2025020453,2025-12-07,-1.09,5.97,-0.0798363868494109,4.212347623393297,-1,5,docs\win\hockey\nhl\research\sdv_challenger\season_2025\standalone_comparison.csv,1.5,-1.5,-200.0,174.0,,,2025_12_07_NHL_merged.csv,1.5,2.74,-200.0,174.0,1.0,0.0
2025020454,2025-12-07,0.9899999999999998,5.97,0.2482136975044913,4.166014709277067,3,5,docs\win\hockey\nhl\research\sdv_challenger\season_2025\standalone_comparison.csv,-1.5,1.5,157.0,-180.0,,,2025_12_07_NHL_merged.csv,2.5700000000000003,1.5555555555555556,157.0,-180.0,1.0,0.0
2025020455,2025-12-07,1.44,6.28,0.4692609210114957,4.22310347928301,-3,5,docs\win\hockey\nhl\research\sdv_challenger\season_2025\standalone_comparison.csv,-1.5,1.5,-120.0,100.0,,,2025_12_07_NHL_merged.csv,1.8333333333333335,2.0,-120.0,100.0,0.0,1.0
2025020456,2025-12-07,1.1799999999999995,6.12,0.2249259887558636,4.314886992370043,1,5,docs\win\hockey\nhl\research\sdv_challenger\season_2025\standalone_comparison.csv,-1.5,1.5,135.0,-155.0,,,2025_12_07_NHL_merged.csv,2.35,1.6451612903225805,135.0,-155.0,0.0,1.0
2025020457,2025-12-07,1.0399999999999996,6.02,0.1926870034758243,4.1583664790261405,-1,7,docs\win\hockey\nhl\research\sdv_challenger\season_2025\standalone_comparison.csv,-1.5,1.5,189.0,-225.0,,,2025_12_07_NHL_merged.csv,2.8899999999999997,1.4444444444444444,189.0,-225.0,0.0,1.0
2025020458,2025-12-07,-0.2600000000000002,5.82,0.0568618448509496,3.963167758249764,-1,5,docs\win\hockey\nhl\research\sdv_challenger\season_2025\standalone_comparison.csv,1.5,-1.5,-185.0,161.0,,,2025_12_07_NHL_merged.csv,1.5405405405405406,2.6100000000000003,-185.0,161.0,1.0,0.0
2025020459,2025-12-07,1.1599999999999997,6.1,0.2681194517292367,4.693769339729424,2,2,docs\win\hockey\nhl\research\sdv_challenger\season_2025\standalone_comparison.csv,-1.5,1.5,130.0,-150.0,,,2025_12_07_NHL_merged.csv,2.3,1.6666666666666665,130.0,-150.0,1.0,0.0
2025020460,2025-12-07,1.17,6.49,0.2176398703134947,4.550389227738111,6,8,docs\win\hockey\nhl\research\sdv_challenger\season_2025\standalone_comparison.csv,-1.5,1.5,130.0,-150.0,,,2025_12_07_NHL_merged.csv,2.3,1.6666666666666665,130.0,-150.0,1.0,0.0
2025020461,2025-12-08,0.2799999999999998,6.32,-0.0224885026191006,4.197713106132997,2,2,docs\win\hockey\nhl\research\sdv_challenger\season_2025\standalone_comparison.csv,-1.5,1.5,219.0,-265.0,,,2025_12_08_NHL_merged.csv,3.19,1.3773584905660377,219.0,-265.0,1.0,0.0
2025020462,2025-12-08,0.3700000000000001,5.57,0.2533263846741458,4.142847485528683,-2,6,docs\win\hockey\nhl\research\sdv_challenger\season_2025\standalone_comparison.csv,-1.5,1.5,219.0,-265.0,,,2025_12_08_NHL_merged.csv,3.19,1.3773584905660377,219.0,-265.0,0.0,1.0
2025020463,2025-12-08,0.1,5.98,0.1551321556166365,4.042575084104543,3,11,docs\win\hockey\nhl\research\sdv_challenger\season_2025\standalone_comparison.csv,-1.5,1.5,215.0,-260.0,,,2025_12_08_NHL_merged.csv,3.15,1.3846153846153846,215.0,-260.0,1.0,0.0
2025020464,2025-12-08,0.0499999999999998,6.37,-0.0007613168581803,4.467446793987104,-4,4,docs\win\hockey\nhl\research\sdv_challenger\season_2025\standalone_comparison.csv,1.5,-1.5,-240.0,200.0,,,2025_12_08_NHL_merged.csv,1.4166666666666667,3.0,-240.0,200.0,0.0,1.0
2025020465,2025-12-08,-0.6400000000000001,5.7,0.1171453780973346,4.060600494715579,-3,5,docs\win\hockey\nhl\research\sdv_challenger\season_2025\standalone_comparison.csv,1.5,-1.5,-230.0,192.0,,,2025_12_08_NHL_merged.csv,1.434782608695652,2.92,-230.0,192.0,0.0,1.0
2025020466,2025-12-09,0.3799999999999999,6.24,0.0528474020157601,4.137079405938675,-5,7,docs\win\hockey\nhl\research\sdv_challenger\season_2025\standalone_comparison.csv,-1.5,1.5,200.0,-240.0,,,2025_12_09_NHL_merged.csv,3.0,1.4166666666666667,200.0,-240.0,0.0,1.0
2025020467,2025-12-09,0.31,5.87,0.2683926448753313,4.098262262353652,-1,7,docs\win\hockey\nhl\research\sdv_challenger\season_2025\standalone_comparison.csv,-1.5,1.5,186.0,-220.0,,,2025_12_09_NHL_merged.csv,2.8600000000000003,1.4545454545454546,186.0,-220.0,0.0,1.0
2025020468,2025-12-09,-0.1699999999999999,5.93,0.005856326419368,4.184909348622988,1,9,docs\win\hockey\nhl\research\sdv_challenger\season_2025\standalone_comparison.csv,1.5,-1.5,-230.0,192.0,,,2025_12_09_NHL_merged.csv,1.434782608695652,2.92,-230.0,192.0,1.0,0.0
2025020469,2025-12-09,1.14,5.86,0.3062222018275626,3.859562571994741,3,5,docs\win\hockey\nhl\research\sdv_challenger\season_2025\standalone_comparison.csv,-1.5,1.5,145.0,-165.0,,,2025_12_09_NHL_merged.csv,2.45,1.606060606060606,145.0,-165.0,1.0,0.0
2025020470,2025-12-09,-0.08,6.66,0.1495438575078065,4.6507935283147335,-1,7,docs\win\hockey\nhl\research\sdv_challenger\season_2025\standalone_comparison.csv,-1.5,1.5,207.0,-250.0,,,2025_12_09_NHL_merged.csv,3.07,1.4,207.0,-250.0,0.0,1.0
2025020471,2025-12-09,1.21,6.43,0.3663786252071239,4.73079881199031,3,5,docs\win\hockey\nhl\research\sdv_challenger\season_2025\standalone_comparison.csv,-1.5,1.5,115.0,-135.0,,,2025_12_09_NHL_merged.csv,2.15,1.7407407407407407,115.0,-135.0,1.0,0.0
2025020472,2025-12-09,0.1699999999999999,5.83,0.2279779013374581,4.0613213372091055,-3,7,docs\win\hockey\nhl\research\sdv_challenger\season_2025\standalone_comparison.csv,-1.5,1.5,174.0,-200.0,,,2025_12_09_NHL_merged.csv,2.74,1.5,174.0,-200.0,0.0,1.0
2025020473,2025-12-09,-0.4300000000000001,5.81,0.0303046835672846,4.077975653002158,-1,7,docs\win\hockey\nhl\research\sdv_challenger\season_2025\standalone_comparison.csv,1.5,-1.5,-220.0,186.0,,,2025_12_09_NHL_merged.csv,1.4545454545454546,2.8600000000000003,-220.0,186.0,1.0,0.0
2025020474,2025-12-09,1.14,6.48,0.0947321121430149,4.512843238010728,-1,7,docs\win\hockey\nhl\research\sdv_challenger\season_2025\standalone_comparison.csv,-1.5,1.5,115.0,-135.0,,,2025_12_09_NHL_merged.csv,2.15,1.7407407407407407,115.0,-135.0,0.0,1.0
2025020475,2025-12-09,-1.4499999999999995,6.23,-0.1409741091821885,4.325453365496866,1,7,docs\win\hockey\nhl\research\sdv_challenger\season_2025\standalone_comparison.csv,1.5,-1.5,-130.0,110.0,,,2025_12_09_NHL_merged.csv,1.7692307692307692,2.1,-130.0,110.0,1.0,0.0
2025020476,2025-12-10,-1.0,5.8,-0.0256382302078699,4.124456723324807,3,3,docs\win\hockey\nhl\research\sdv_challenger\season_2025\standalone_comparison.csv,1.5,-1.5,-210.0,180.0,,,2025_12_10_NHL_merged.csv,1.4761904761904763,2.8,-210.0,180.0,1.0,0.0
2025020477,2025-12-10,-0.1800000000000001,5.9,0.1805695962443776,4.110624221137406,-1,7,docs\win\hockey\nhl\research\sdv_challenger\season_2025\standalone_comparison.csv,-1.5,1.5,226.0,-275.0,,,2025_12_10_NHL_merged.csv,3.26,1.3636363636363638,226.0,-275.0,0.0,1.0
2025020478,2025-12-10,-0.06,5.76,0.1690233362896589,4.343371759981735,-1,7,docs\win\hockey\nhl\research\sdv_challenger\season_2025\standalone_comparison.csv,1.5,-1.5,-270.0,222.0,,,2025_12_10_NHL_merged.csv,1.3703703703703702,3.22,-270.0,222.0,1.0,0.0
2025020479,2025-12-10,-0.98,5.48,0.0029356626205383,3.691241012802253,1,5,docs\win\hockey\nhl\research\sdv_challenger\season_2025\standalone_comparison.csv,1.5,-1.5,-210.0,180.0,,,2025_12_10_NHL_merged.csv,1.4761904761904763,2.8,-210.0,180.0,1.0,0.0
2025020480,2025-12-11,1.2599999999999998,6.24,0.2423607106875809,3.993097750051334,-1,5,docs\win\hockey\nhl\research\sdv_challenger\season_2025\standalone_comparison.csv,-1.5,1.5,125.0,-145.0,,,2025_12_11_NHL_merged.csv,2.25,1.6896551724137931,125.0,-145.0,0.0,1.0
2025020481,2025-12-11,0.02,6.18,-0.0027500804260851,4.179457558756592,-4,12,docs\win\hockey\nhl\research\sdv_challenger\season_2025\standalone_comparison.csv,1.5,-1.5,-250.0,207.0,,,2025_12_11_NHL_merged.csv,1.4,3.07,-250.0,207.0,0.0,1.0
2025020482,2025-12-11,0.6399999999999997,6.38,0.193492199499909,4.476913850366486,3,7,docs\win\hockey\nhl\research\sdv_challenger\season_2025\standalone_comparison.csv,-1.5,1.5,195.0,-235.0,,,2025_12_11_NHL_merged.csv,2.95,1.425531914893617,195.0,-235.0,1.0,0.0
2025020483,2025-12-11,-0.3999999999999999,5.72,0.0519682119180631,4.02905098133466,-1,5,docs\win\hockey\nhl\research\sdv_challenger\season_2025\standalone_comparison.csv,1.5,-1.5,-210.0,180.0,,,2025_12_11_NHL_merged.csv,1.4761904761904763,2.8,-210.0,180.0,1.0,0.0
2025020484,2025-12-11,0.04,6.34,0.1448996161385563,4.357443479039063,-2,6,docs\win\hockey\nhl\research\sdv_challenger\season_2025\standalone_comparison.csv,-1.5,1.5,200.0,-240.0,,,2025_12_11_NHL_merged.csv,3.0,1.4166666666666667,200.0,-240.0,0.0,1.0
2025020485,2025-12-11,0.0599999999999996,6.0,0.0503531348724997,4.631036974655344,-1,5,docs\win\hockey\nhl\research\sdv_challenger\season_2025\standalone_comparison.csv,1.5,-1.5,-275.0,226.0,,,2025_12_11_NHL_merged.csv,1.3636363636363638,3.26,-275.0,226.0,1.0,0.0
2025020486,2025-12-11,-0.2299999999999999,6.15,0.0509097156393489,4.391080097342822,-3,9,docs\win\hockey\nhl\research\sdv_challenger\season_2025\standalone_comparison.csv,1.5,-1.5,-260.0,215.0,,,2025_12_11_NHL_merged.csv,1.3846153846153846,3.15,-260.0,215.0,0.0,1.0
2025020487,2025-12-11,0.4499999999999997,5.81,0.12876966528375,4.202191459237018,5,9,docs\win\hockey\nhl\research\sdv_challenger\season_2025\standalone_comparison.csv,-1.5,1.5,215.0,-260.0,,,2025_12_11_NHL_merged.csv,3.15,1.3846153846153846,215.0,-260.0,1.0,0.0
2025020488,2025-12-11,-0.6499999999999999,5.85,0.073244323862101,4.14550788828986,3,7,docs\win\hockey\nhl\research\sdv_challenger\season_2025\standalone_comparison.csv,1.5,-1.5,-215.0,183.0,,,2025_12_11_NHL_merged.csv,1.4651162790697674,2.83,-215.0,183.0,1.0,0.0
2025020489,2025-12-11,0.8599999999999999,5.84,0.1320701232201298,4.052411176422565,-3,9,docs\win\hockey\nhl\research\sdv_challenger\season_2025\standalone_comparison.csv,-1.5,1.5,174.0,-200.0,,,2025_12_11_NHL_merged.csv,2.74,1.5,174.0,-200.0,0.0,1.0
2025020490,2025-12-11,1.3000000000000005,6.14,0.316111832843013,4.289725049032104,4,8,docs\win\hockey\nhl\research\sdv_challenger\season_2025\standalone_comparison.csv,-1.5,1.5,-105.0,-115.0,,,2025_12_11_NHL_merged.csv,1.9523809523809523,1.8695652173913042,-105.0,-115.0,1.0,0.0
2025020491,2025-12-11,1.1,6.28,0.1104734969657146,4.596345646448144,3,5,docs\win\hockey\nhl\research\sdv_challenger\season_2025\standalone_comparison.csv,-1.5,1.5,132.0,-152.0,,,2025_12_11_NHL_merged.csv,2.3200000000000003,1.6578947368421053,132.0,-152.0,1.0,0.0
2025020492,2025-12-11,-0.1999999999999997,6.64,-0.0023266685158627,4.359468925384095,-1,5,docs\win\hockey\nhl\research\sdv_challenger\season_2025\standalone_comparison.csv,1.5,-1.5,-255.0,211.0,,,2025_12_11_NHL_merged.csv,1.392156862745098,3.11,-255.0,211.0,1.0,0.0
2025020493,2025-12-12,0.1400000000000001,5.82,0.2564943627838412,4.345303760354293,1,5,docs\win\hockey\nhl\research\sdv_challenger\season_2025\standalone_comparison.csv,-1.5,1.5,177.0,-205.0,,,2025_12_12_NHL_merged.csv,2.77,1.4878048780487805,177.0,-205.0,0.0,1.0
2025020494,2025-12-12,1.25,5.71,0.3718644809836586,4.20540984317694,2,8,docs\win\hockey\nhl\research\sdv_challenger\season_2025\standalone_comparison.csv,-1.5,1.5,149.0,-170.0,,,2025_12_12_NHL_merged.csv,2.49,1.5882352941176472,149.0,-170.0,1.0,0.0
2025020495,2025-12-13,0.5799999999999996,6.44,0.1801229340812158,4.471367641043786,3,5,docs\win\hockey\nhl\research\sdv_challenger\season_2025\standalone_comparison.csv,-1.5,1.5,195.0,-235.0,,,2025_12_13_NHL_merged.csv,2.95,1.425531914893617,195.0,-235.0,1.0,0.0
2025020496,2025-12-13,0.1899999999999999,5.67,0.0192263721819005,4.111163316361086,1,5,docs\win\hockey\nhl\research\sdv_challenger\season_2025\standalone_comparison.csv,-1.5,1.5,222.0,-270.0,,,2025_12_13_NHL_merged.csv,3.22,1.3703703703703702,222.0,-270.0,0.0,1.0
2025020497,2025-12-13,0.9299999999999996,6.33,0.2683192140345687,4.187677760447195,-1,11,docs\win\hockey\nhl\research\sdv_challenger\season_2025\standalone_comparison.csv,-1.5,1.5,165.0,-190.0,,,2025_12_13_NHL_merged.csv,2.65,1.526315789473684,165.0,-190.0,0.0,1.0
2025020498,2025-12-13,0.06,6.22,0.0115990057300816,4.177154048265427,1,5,docs\win\hockey\nhl\research\sdv_challenger\season_2025\standalone_comparison.csv,1.5,-1.5,-225.0,189.0,,,2025_12_13_NHL_merged.csv,1.4444444444444444,2.8899999999999997,-225.0,189.0,1.0,0.0
2025020499,2025-12-13,-0.2400000000000002,6.62,0.1367495908689324,4.438051661881845,-3,9,docs\win\hockey\nhl\research\sdv_challenger\season_2025\standalone_comparison.csv,1.5,-1.5,-260.0,215.0,,,2025_12_13_NHL_merged.csv,1.3846153846153846,3.15,-260.0,215.0,0.0,1.0
2025020500,2025-12-13,0.7800000000000002,5.84,0.1678298233156159,3.9428661869057406,1,9,docs\win\hockey\nhl\research\sdv_challenger\season_2025\standalone_comparison.csv,-1.5,1.5,180.0,-210.0,,,2025_12_13_NHL_merged.csv,2.8,1.4761904761904763,180.0,-210.0,0.0,1.0
2025020501,2025-12-13,-0.9499999999999996,5.89,-0.0180480713687742,4.339916724698593,-1,7,docs\win\hockey\nhl\research\sdv_challenger\season_2025\standalone_comparison.csv,1.5,-1.5,-195.0,170.0,,,2025_12_13_NHL_merged.csv,1.5128205128205128,2.7,-195.0,170.0,1.0,0.0
2025020502,2025-12-13,-0.56,6.34,-0.0032624551991338,4.43958261501607,-1,5,docs\win\hockey\nhl\research\sdv_challenger\season_2025\standalone_comparison.csv,1.5,-1.5,-200.0,174.0,,,2025_12_13_NHL_merged.csv,1.5,2.74,-200.0,174.0,1.0,0.0
2025020503,2025-12-13,-0.4300000000000001,5.85,0.0227971748614148,4.378750988429206,4,6,docs\win\hockey\nhl\research\sdv_challenger\season_2025\standalone_comparison.csv,1.5,-1.5,-235.0,195.0,,,2025_12_13_NHL_merged.csv,1.425531914893617,2.95,-235.0,195.0,1.0,0.0
2025020504,2025-12-13,-0.7599999999999998,6.08,0.0141115856712228,4.4901875494578,-4,4,docs\win\hockey\nhl\research\sdv_challenger\season_2025\standalone_comparison.csv,1.5,-1.5,-160.0,140.0,,,2025_12_13_NHL_merged.csv,1.625,2.4,-160.0,140.0,0.0,1.0
2025020505,2025-12-13,0.4699999999999997,5.79,0.0906501516995526,4.045593893139321,-4,4,docs\win\hockey\nhl\research\sdv_challenger\season_2025\standalone_comparison.csv,-1.5,1.5,180.0,-210.0,,,2025_12_13_NHL_merged.csv,2.8,1.4761904761904763,180.0,-210.0,0.0,1.0
2025020506,2025-12-13,1.77,6.17,0.4617632312343631,4.3579982212485895,2,6,docs\win\hockey\nhl\research\sdv_challenger\season_2025\standalone_comparison.csv,-1.5,1.5,-140.0,120.0,,,2025_12_13_NHL_merged.csv,1.7142857142857144,2.2,-140.0,120.0,1.0,0.0
2025020507,2025-12-13,1.1599999999999997,5.4,0.1712471896468552,3.6873649694285726,-1,3,docs\win\hockey\nhl\research\sdv_challenger\season_2025\standalone_comparison.csv,-1.5,1.5,145.0,-165.0,,,2025_12_13_NHL_merged.csv,2.45,1.606060606060606,145.0,-165.0,0.0,1.0
2025020508,2025-12-14,1.06,6.24,0.2399424783877251,4.34568423011012,-1,3,docs\win\hockey\nhl\research\sdv_challenger\season_2025\standalone_comparison.csv,-1.5,1.5,183.0,-215.0,,,2025_12_14_NHL_merged.csv,2.83,1.4651162790697674,183.0,-215.0,0.0,1.0
2025020509,2025-12-14,-1.0,6.1,0.0497979997112159,4.708855074392685,-1,9,docs\win\hockey\nhl\research\sdv_challenger\season_2025\standalone_comparison.csv,1.5,-1.5,-205.0,177.0,,,2025_12_14_NHL_merged.csv,1.4878048780487805,2.77,-205.0,177.0,1.0,0.0
2025020510,2025-12-14,1.23,5.79,0.3613898359884628,4.348087523556547,1,5,docs\win\hockey\nhl\research\sdv_challenger\season_2025\standalone_comparison.csv,-1.5,1.5,115.0,-135.0,,,2025_12_14_NHL_merged.csv,2.15,1.7407407407407407,115.0,-135.0,0.0,1.0
2025020511,2025-12-14,0.3799999999999999,5.72,0.1662958447237237,4.137087809513276,4,8,docs\win\hockey\nhl\research\sdv_challenger\season_2025\standalone_comparison.csv,-1.5,1.5,177.0,-205.0,,,2025_12_14_NHL_merged.csv,2.77,1.4878048780487805,177.0,-205.0,1.0,0.0
2025020512,2025-12-14,-0.33,6.25,0.2171105796531875,4.397901169216271,3,5,docs\win\hockey\nhl\research\sdv_challenger\season_2025\standalone_comparison.csv,1.5,-1.5,-225.0,189.0,,,2025_12_14_NHL_merged.csv,1.4444444444444444,2.8899999999999997,-225.0,189.0,1.0,0.0
2025020513,2025-12-14,-0.2599999999999998,6.2,0.0125446374813087,3.9884226987636775,-2,4,docs\win\hockey\nhl\research\sdv_challenger\season_2025\standalone_comparison.csv,1.5,-1.5,-260.0,215.0,,,2025_12_14_NHL_merged.csv,1.3846153846153846,3.15,-260.0,215.0,0.0,1.0
2025020514,2025-12-15,0.0899999999999998,6.01,0.230836494094845,4.119515073463568,-3,7,docs\win\hockey\nhl\research\sdv_challenger\season_2025\standalone_comparison.csv,-1.5,1.5,180.0,-210.0,,,2025_12_15_NHL_merged.csv,2.8,1.4761904761904763,180.0,-210.0,0.0,1.0
2025020515,2025-12-15,0.6400000000000001,6.2,0.2475410386643033,4.293472711396513,-3,5,docs\win\hockey\nhl\research\sdv_challenger\season_2025\standalone_comparison.csv,-1.5,1.5,195.0,-235.0,,,2025_12_15_NHL_merged.csv,2.95,1.425531914893617,195.0,-235.0,0.0,1.0
2025020516,2025-12-15,0.3999999999999999,5.78,-0.0082846077535978,4.017255810107112,-1,5,docs\win\hockey\nhl\research\sdv_challenger\season_2025\standalone_comparison.csv,-1.5,1.5,189.0,-225.0,,,2025_12_15_NHL_merged.csv,2.8899999999999997,1.4444444444444444,189.0,-225.0,0.0,1.0
2025020517,2025-12-15,0.02,5.8,0.1663451673830938,4.230613693421012,-3,7,docs\win\hockey\nhl\research\sdv_challenger\season_2025\standalone_comparison.csv,-1.5,1.5,203.0,-245.0,,,2025_12_15_NHL_merged.csv,3.03,1.4081632653061225,203.0,-245.0,0.0,1.0
2025020518,2025-12-15,0.9200000000000004,5.52,0.1333556585081861,3.772971812700513,3,5,docs\win\hockey\nhl\research\sdv_challenger\season_2025\standalone_comparison.csv,-1.5,1.5,183.0,-215.0,,,2025_12_15_NHL_merged.csv,2.83,1.4651162790697674,183.0,-215.0,1.0,0.0
2025020519,2025-12-16,-0.3499999999999996,5.83,0.0251971283390828,4.315136288241491,3,5,docs\win\hockey\nhl\research\sdv_challenger\season_2025\standalone_comparison.csv,1.5,-1.5,-270.0,222.0,,,2025_12_16_NHL_merged.csv,1.3703703703703702,3.22,-270.0,222.0,1.0,0.0
2025020520,2025-12-16,1.23,6.09,0.2216287403214245,4.341595286916475,1,5,docs\win\hockey\nhl\research\sdv_challenger\season_2025\standalone_comparison.csv,-1.5,1.5,115.0,-135.0,,,2025_12_16_NHL_merged.csv,2.15,1.7407407407407407,115.0,-135.0,0.0,1.0
2025020521,2025-12-16,0.0300000000000002,5.95,0.1747589400252818,3.998090570471373,-3,5,docs\win\hockey\nhl\research\sdv_challenger\season_2025\standalone_comparison.csv,-1.5,1.5,189.0,-225.0,,,2025_12_16_NHL_merged.csv,2.8899999999999997,1.4444444444444444,189.0,-225.0,0.0,1.0
2025020522,2025-12-16,-0.1100000000000003,6.25,0.1981216328130197,4.371687196095575,1,5,docs\win\hockey\nhl\research\sdv_challenger\season_2025\standalone_comparison.csv,-1.5,1.5,195.0,-235.0,,,2025_12_16_NHL_merged.csv,2.95,1.425531914893617,195.0,-235.0,0.0,1.0
2025020523,2025-12-16,0.8400000000000003,6.06,0.3116960900471013,4.120214307186243,-3,3,docs\win\hockey\nhl\research\sdv_challenger\season_2025\standalone_comparison.csv,-1.5,1.5,192.0,-230.0,,,2025_12_16_NHL_merged.csv,2.92,1.434782608695652,192.0,-230.0,0.0,1.0
2025020524,2025-12-16,-0.8400000000000003,6.44,0.1507403913349736,4.653778520220603,-2,10,docs\win\hockey\nhl\research\sdv_challenger\season_2025\standalone_comparison.csv,1.5,-1.5,-190.0,165.0,,,2025_12_16_NHL_merged.csv,1.526315789473684,2.65,-190.0,165.0,0.0,1.0
2025020525,2025-12-16,0.3899999999999997,6.75,0.1994040547330082,4.71433954888032,1,7,docs\win\hockey\nhl\research\sdv_challenger\season_2025\standalone_comparison.csv,-1.5,1.5,178.0,-207.0,,,2025_12_16_NHL_merged.csv,2.7800000000000002,1.4830917874396135,178.0,-207.0,0.0,1.0
2025020526,2025-12-16,-0.1200000000000001,5.78,0.0670824229989843,4.466940315403607,5,5,docs\win\hockey\nhl\research\sdv_challenger\season_2025\standalone_comparison.csv,-1.5,1.5,200.0,-240.0,,,2025_12_16_NHL_merged.csv,3.0,1.4166666666666667,200.0,-240.0,1.0,0.0
2025020527,2025-12-16,-0.27,5.85,0.026391552798664,3.838776035288408,3,9,docs\win\hockey\nhl\research\sdv_challenger\season_2025\standalone_comparison.csv,1.5,-1.5,-220.0,186.0,,,2025_12_16_NHL_merged.csv,1.4545454545454546,2.8600000000000003,-220.0,186.0,1.0,0.0
2025020528,2025-12-16,-1.58,6.16,-0.2173312016937205,4.20734428529331,-2,8,docs\win\hockey\nhl\research\sdv_challenger\season_2025\standalone_comparison.csv,1.5,-1.5,-125.0,105.0,,,2025_12_16_NHL_merged.csv,1.8,2.05,-125.0,105.0,0.0,1.0
2025020529,2025-12-17,0.9900000000000002,5.49,0.2180972986023177,3.846075509602681,1,5,docs\win\hockey\nhl\research\sdv_challenger\season_2025\standalone_comparison.csv,-1.5,1.5,192.0,-230.0,,,2025_12_17_NHL_merged.csv,2.92,1.434782608695652,192.0,-230.0,0.0,1.0
2025020530,2025-12-17,-0.2600000000000002,6.02,0.1149740533343148,4.563184336007442,-3,5,docs\win\hockey\nhl\research\sdv_challenger\season_2025\standalone_comparison.csv,-1.5,1.5,195.0,-235.0,,,2025_12_17_NHL_merged.csv,2.95,1.425531914893617,195.0,-235.0,0.0,1.0
2025020531,2025-12-17,-0.8900000000000001,5.85,0.2025391164539298,4.169663197153066,1,1,docs\win\hockey\nhl\research\sdv_challenger\season_2025\standalone_comparison.csv,1.5,-1.5,-210.0,180.0,,,2025_12_17_NHL_merged.csv,1.4761904761904763,2.8,-210.0,180.0,1.0,0.0
2025020532,2025-12-17,-1.19,6.03,-0.0868112121606499,4.468874570954957,-3,5,docs\win\hockey\nhl\research\sdv_challenger\season_2025\standalone_comparison.csv,1.5,-1.5,-165.0,145.0,,,2025_12_17_NHL_merged.csv,1.606060606060606,2.45,-165.0,145.0,0.0,1.0
2025020533,2025-12-17,0.9800000000000004,6.0,0.3209224180450323,4.121407687896383,-1,3,docs\win\hockey\nhl\research\sdv_challenger\season_2025\standalone_comparison.csv,-1.5,1.5,145.0,-165.0,,,2025_12_17_NHL_merged.csv,2.45,1.606060606060606,145.0,-165.0,0.0,1.0
2025020534,2025-12-18,-0.52,6.06,0.1345356406261535,4.280683089075415,-2,4,docs\win\hockey\nhl\research\sdv_challenger\season_2025\standalone_comparison.csv,1.5,-1.5,-205.0,177.0,,,2025_12_18_NHL_merged.csv,1.4878048780487805,2.77,-205.0,177.0,0.0,1.0
2025020535,2025-12-18,0.2399999999999997,6.02,0.1871309132972651,4.094004370342341,2,8,docs\win\hockey\nhl\research\sdv_challenger\season_2025\standalone_comparison.csv,-1.5,1.5,186.0,-220.0,,,2025_12_18_NHL_merged.csv,2.8600000000000003,1.4545454545454546,186.0,-220.0,1.0,0.0
2025020536,2025-12-18,1.1399999999999997,6.08,0.3187302646103509,4.210595868706797,3,5,docs\win\hockey\nhl\research\sdv_challenger\season_2025\standalone_comparison.csv,-1.5,1.5,140.0,-160.0,,,2025_12_18_NHL_merged.csv,2.4,1.625,140.0,-160.0,1.0,0.0
2025020537,2025-12-18,1.0699999999999998,5.99,0.2960030272375817,4.28675748042408,4,4,docs\win\hockey\nhl\research\sdv_challenger\season_2025\standalone_comparison.csv,-1.5,1.5,145.0,-165.0,,,2025_12_18_NHL_merged.csv,2.45,1.606060606060606,145.0,-165.0,1.0,0.0
2025020538,2025-12-18,0.7400000000000002,5.7,0.2588253715826534,3.88657926128614,-1,3,docs\win\hockey\nhl\research\sdv_challenger\season_2025\standalone_comparison.csv,-1.5,1.5,135.0,-155.0,,,2025_12_18_NHL_merged.csv,2.35,1.6451612903225805,135.0,-155.0,0.0,1.0
2025020539,2025-12-18,0.8300000000000001,5.95,0.2778038492828161,4.401321972001668,4,4,docs\win\hockey\nhl\research\sdv_challenger\season_2025\standalone_comparison.csv,-1.5,1.5,159.0,-182.0,,,2025_12_18_NHL_merged.csv,2.59,1.5494505494505495,159.0,-182.0,1.0,0.0
2025020540,2025-12-18,-0.02,6.12,0.2043636990960311,4.521386746319661,-3,7,docs\win\hockey\nhl\research\sdv_challenger\season_2025\standalone_comparison.csv,1.5,-1.5,-250.0,207.0,,,2025_12_18_NHL_merged.csv,1.4,3.07,-250.0,207.0,0.0,1.0
2025020541,2025-12-18,-1.0099999999999998,5.75,0.0999085086633622,3.997918067974787,-1,3,docs\win\hockey\nhl\research\sdv_challenger\season_2025\standalone_comparison.csv,1.5,-1.5,-220.0,186.0,,,2025_12_18_NHL_merged.csv,1.4545454545454546,2.8600000000000003,-220.0,186.0,1.0,0.0
2025020542,2025-12-18,1.0299999999999998,5.61,0.2734573219510121,3.897405151804747,2,6,docs\win\hockey\nhl\research\sdv_challenger\season_2025\standalone_comparison.csv,-1.5,1.5,165.0,-190.0,,,2025_12_18_NHL_merged.csv,2.65,1.526315789473684,165.0,-190.0,1.0,0.0
2025020543,2025-12-18,-1.2199999999999998,6.0,0.0630636734953671,3.939995695600964,-2,8,docs\win\hockey\nhl\research\sdv_challenger\season_2025\standalone_comparison.csv,1.5,-1.5,-140.0,120.0,,,2025_12_18_NHL_merged.csv,1.7142857142857144,2.2,-140.0,120.0,0.0,1.0
2025020544,2025-12-19,0.3999999999999999,6.18,0.0019891549483253,4.38105213979271,1,7,docs\win\hockey\nhl\research\sdv_challenger\season_2025\standalone_comparison.csv,1.5,-1.5,-245.0,203.0,,,2025_12_19_NHL_merged.csv,1.4081632653061225,3.03,-245.0,203.0,1.0,0.0
2025020545,2025-12-19,1.12,6.36,0.2295768981824477,4.324129734610043,-3,5,docs\win\hockey\nhl\research\sdv_challenger\season_2025\standalone_comparison.csv,-1.5,1.5,183.0,-215.0,,,2025_12_19_NHL_merged.csv,2.83,1.4651162790697674,183.0,-215.0,0.0,1.0
2025020546,2025-12-19,1.4299999999999995,6.25,0.4729683380162592,4.4190732412418186,1,5,docs\win\hockey\nhl\research\sdv_challenger\season_2025\standalone_comparison.csv,-1.5,1.5,105.0,-125.0,,,2025_12_19_NHL_merged.csv,2.05,1.8,105.0,-125.0,0.0,1.0
2025020547,2025-12-19,0.5899999999999999,5.91,0.2693607802676516,4.414496049004995,-1,3,docs\win\hockey\nhl\research\sdv_challenger\season_2025\standalone_comparison.csv,-1.5,1.5,186.0,-220.0,,,2025_12_19_NHL_merged.csv,2.8600000000000003,1.4545454545454546,186.0,-220.0,0.0,1.0
2025020548,2025-12-19,-0.27,6.33,0.1112617450605544,4.330969534459146,-5,11,docs\win\hockey\nhl\research\sdv_challenger\season_2025\standalone_comparison.csv,1.5,-1.5,-252.0,209.0,,,2025_12_19_NHL_merged.csv,1.3968253968253967,3.09,-252.0,209.0,0.0,1.0
2025020549,2025-12-20,0.6000000000000001,5.62,0.2069093179125065,3.8654380472069008,1,9,docs\win\hockey\nhl\research\sdv_challenger\season_2025\standalone_comparison.csv,-1.5,1.5,189.0,-225.0,,,2025_12_20_NHL_merged.csv,2.8899999999999997,1.4444444444444444,189.0,-225.0,0.0,1.0
2025020550,2025-12-20,1.0999999999999996,6.0,0.1970427159890482,4.540474597289002,-3,7,docs\win\hockey\nhl\research\sdv_challenger\season_2025\standalone_comparison.csv,-1.5,1.5,157.0,-180.0,,,2025_12_20_NHL_merged.csv,2.5700000000000003,1.5555555555555556,157.0,-180.0,0.0,1.0
2025020551,2025-12-20,1.3000000000000005,5.82,0.3792126027415889,4.169273663669828,2,10,docs\win\hockey\nhl\research\sdv_challenger\season_2025\standalone_comparison.csv,-1.5,1.5,110.0,-130.0,,,2025_12_20_NHL_merged.csv,2.1,1.7692307692307692,110.0,-130.0,1.0,0.0
2025020552,2025-12-20,0.0599999999999996,6.0,0.1384469785670692,4.5002863005738485,3,7,docs\win\hockey\nhl\research\sdv_challenger\season_2025\standalone_comparison.csv,-1.5,1.5,207.0,-250.0,,,2025_12_20_NHL_merged.csv,3.07,1.4,207.0,-250.0,1.0,0.0
2025020553,2025-12-20,0.6699999999999999,6.49,0.2120226194561656,4.251112761735545,1,5,docs\win\hockey\nhl\research\sdv_challenger\season_2025\standalone_comparison.csv,-1.5,1.5,161.0,-185.0,,,2025_12_20_NHL_merged.csv,2.6100000000000003,1.5405405405405406,161.0,-185.0,0.0,1.0
2025020554,2025-12-20,1.37,5.75,0.2608423882934341,4.142264875043393,-4,8,docs\win\hockey\nhl\research\sdv_challenger\season_2025\standalone_comparison.csv,-1.5,1.5,153.0,-175.0,,,2025_12_20_NHL_merged.csv,2.5300000000000002,1.5714285714285714,153.0,-175.0,0.0,1.0
2025020555,2025-12-20,0.9700000000000002,6.07,0.2006026161221363,4.115187731939096,-1,9,docs\win\hockey\nhl\research\sdv_challenger\season_2025\standalone_comparison.csv,-1.5,1.5,165.0,-190.0,,,2025_12_20_NHL_merged.csv,2.65,1.526315789473684,165.0,-190.0,0.0,1.0
2025020556,2025-12-20,0.8899999999999997,6.21,0.2446732218091547,4.331473379062327,4,4,docs\win\hockey\nhl\research\sdv_challenger\season_2025\standalone_comparison.csv,-1.5,1.5,177.0,-205.0,,,2025_12_20_NHL_merged.csv,2.77,1.4878048780487805,177.0,-205.0,1.0,0.0
2025020557,2025-12-20,0.1,6.44,0.0858775010455263,4.403298460874925,2,10,docs\win\hockey\nhl\research\sdv_challenger\season_2025\standalone_comparison.csv,-1.5,1.5,222.0,-270.0,,,2025_12_20_NHL_merged.csv,3.22,1.3703703703703702,222.0,-270.0,1.0,0.0
2025020558,2025-12-20,-0.5,6.12,0.2052625804516985,4.197932664187326,2,8,docs\win\hockey\nhl\research\sdv_challenger\season_2025\standalone_comparison.csv,1.5,-1.5,-250.0,207.0,,,2025_12_20_NHL_merged.csv,1.4,3.07,-250.0,207.0,1.0,0.0
2025020559,2025-12-20,-0.79,5.75,0.0513164210010339,4.003525807599559,3,9,docs\win\hockey\nhl\research\sdv_challenger\season_2025\standalone_comparison.csv,1.5,-1.5,-240.0,200.0,,,2025_12_20_NHL_merged.csv,1.4166666666666667,3.0,-240.0,200.0,1.0,0.0
2025020560,2025-12-20,0.2099999999999999,6.75,0.1389759017186089,4.704791752181546,1,7,docs\win\hockey\nhl\research\sdv_challenger\season_2025\standalone_comparison.csv,-1.5,1.5,207.0,-250.0,,,2025_12_20_NHL_merged.csv,3.07,1.4,207.0,-250.0,0.0,1.0
2025020561,2025-12-20,0.4299999999999997,5.91,0.161447879679093,3.9303745236245247,-2,6,docs\win\hockey\nhl\research\sdv_challenger\season_2025\standalone_comparison.csv,-1.5,1.5,219.0,-265.0,,,2025_12_20_NHL_merged.csv,3.19,1.3773584905660377,219.0,-265.0,0.0,1.0
2025020562,2025-12-21,-0.1499999999999999,6.11,0.1658401561120519,4.545758800130078,1,5,docs\win\hockey\nhl\research\sdv_challenger\season_2025\standalone_comparison.csv,-1.5,1.5,226.0,-275.0,,,2025_12_21_NHL_merged.csv,3.26,1.3636363636363638,226.0,-275.0,0.0,1.0
2025020563,2025-12-21,-1.25,6.19,-0.1040946902302866,4.53790503770864,-4,6,docs\win\hockey\nhl\research\sdv_challenger\season_2025\standalone_comparison.csv,1.5,-1.5,-190.0,165.0,,,2025_12_21_NHL_merged.csv,1.526315789473684,2.65,-190.0,165.0,0.0,1.0
2025020564,2025-12-21,-0.3700000000000001,5.71,0.0043804378422018,3.896761840479511,-4,8,docs\win\hockey\nhl\research\sdv_challenger\season_2025\standalone_comparison.csv,1.5,-1.5,-230.0,192.0,,,2025_12_21_NHL_merged.csv,1.434782608695652,2.92,-230.0,192.0,0.0,1.0
2025020565,2025-12-21,1.0099999999999998,6.37,0.1435312968504956,4.223597560357879,-2,4,docs\win\hockey\nhl\research\sdv_challenger\season_2025\standalone_comparison.csv,-1.5,1.5,183.0,-215.0,,,2025_12_21_NHL_merged.csv,2.83,1.4651162790697674,183.0,-215.0,0.0,1.0
2025020566,2025-12-21,-0.1800000000000001,6.22,0.1146321096098521,4.321333312414511,1,7,docs\win\hockey\nhl\research\sdv_challenger\season_2025\standalone_comparison.csv,-1.5,1.5,207.0,-250.0,,,2025_12_21_NHL_merged.csv,3.07,1.4,207.0,-250.0,0.0,1.0
2025020567,2025-12-21,-0.4899999999999997,5.85,0.0874896184618356,3.97880816038786,1,3,docs\win\hockey\nhl\research\sdv_challenger\season_2025\standalone_comparison.csv,1.5,-1.5,-240.0,200.0,,,2025_12_21_NHL_merged.csv,1.4166666666666667,3.0,-240.0,200.0,1.0,0.0
2025020568,2025-12-21,1.19,6.05,0.2418867118588457,4.111565732280059,4,6,docs\win\hockey\nhl\research\sdv_challenger\season_2025\standalone_comparison.csv,-1.5,1.5,125.0,-145.0,,,2025_12_21_NHL_merged.csv,2.25,1.6896551724137931,125.0,-145.0,1.0,0.0
2025020569,2025-12-21,0.7200000000000002,5.9,0.3609209497269763,4.294539666292826,1,7,docs\win\hockey\nhl\research\sdv_challenger\season_2025\standalone_comparison.csv,-1.5,1.5,211.0,-255.0,,,2025_12_21_NHL_merged.csv,3.11,1.392156862745098,211.0,-255.0,0.0,1.0
2025020570,2025-12-21,0.52,6.28,-0.0139388637132769,4.4278771940172295,1,7,docs\win\hockey\nhl\research\sdv_challenger\season_2025\standalone_comparison.csv,-1.5,1.5,174.0,-200.0,,,2025_12_21_NHL_merged.csv,2.74,1.5,174.0,-200.0,0.0,1.0
2025020571,2025-12-22,1.29,5.97,0.3307912166257578,4.146147396921973,3,5,docs\win\hockey\nhl\research\sdv_challenger\season_2025\standalone_comparison.csv,-1.5,1.5,112.0,-132.0,,,2025_12_22_NHL_merged.csv,2.12,1.7575757575757576,112.0,-132.0,1.0,0.0
2025020572,2025-12-22,0.8700000000000001,5.93,0.2756798369587749,4.131483320610071,3,7,docs\win\hockey\nhl\research\sdv_challenger\season_2025\standalone_comparison.csv,-1.5,1.5,189.0,-225.0,,,2025_12_22_NHL_merged.csv,2.8899999999999997,1.4444444444444444,189.0,-225.0,1.0,0.0
2025020573,2025-12-22,1.1500000000000004,6.25,0.2219091570410443,4.305309498898502,-2,4,docs\win\hockey\nhl\research\sdv_challenger\season_2025\standalone_comparison.csv,-1.5,1.5,124.0,-144.0,,,2025_12_22_NHL_merged.csv,2.24,1.6944444444444444,124.0,-144.0,0.0,1.0
2025020574,2025-12-22,1.0099999999999998,5.91,0.2397433131558193,4.208567151506603,-2,4,docs\win\hockey\nhl\research\sdv_challenger\season_2025\standalone_comparison.csv,-1.5,1.5,149.0,-170.0,,,2025_12_22_NHL_merged.csv,2.49,1.5882352941176472,149.0,-170.0,0.0,1.0
2025020575,2025-12-23,1.0499999999999998,6.29,0.09581047642193,4.409077346082219,3,9,docs\win\hockey\nhl\research\sdv_challenger\season_2025\standalone_comparison.csv,-1.5,1.5,186.0,-220.0,,,2025_12_23_NHL_merged.csv,2.8600000000000003,1.4545454545454546,186.0,-220.0,1.0,0.0
2025020576,2025-12-23,1.02,5.76,0.1932740861452999,4.205584502530019,-4,10,docs\win\hockey\nhl\research\sdv_challenger\season_2025\standalone_comparison.csv,-1.5,1.5,157.0,-180.0,,,2025_12_23_NHL_merged.csv,2.5700000000000003,1.5555555555555556,157.0,-180.0,0.0,1.0
2025020577,2025-12-23,0.4100000000000001,6.07,0.0963253121008942,3.9475686466656414,-4,8,docs\win\hockey\nhl\research\sdv_challenger\season_2025\standalone_comparison.csv,-1.5,1.5,203.0,-245.0,,,2025_12_23_NHL_merged.csv,3.03,1.4081632653061225,203.0,-245.0,0.0,1.0
2025020578,2025-12-23,0.8399999999999999,6.12,0.2830320307816629,4.107218634304388,-1,5,docs\win\hockey\nhl\research\sdv_challenger\season_2025\standalone_comparison.csv,-1.5,1.5,170.0,-195.0,,,2025_12_23_NHL_merged.csv,2.7,1.5128205128205128,170.0,-195.0,0.0,1.0
2025020579,2025-12-23,-0.7399999999999998,6.02,0.1812818905602751,4.251207654381241,1,7,docs\win\hockey\nhl\research\sdv_challenger\season_2025\standalone_comparison.csv,1.5,-1.5,-235.0,195.0,,,2025_12_23_NHL_merged.csv,1.425531914893617,2.95,-235.0,195.0,1.0,0.0
2025020580,2025-12-23,0.0899999999999998,6.05,0.1373039792640682,4.176264072014402,1,3,docs\win\hockey\nhl\research\sdv_challenger\season_2025\standalone_comparison.csv,1.5,-1.5,-240.0,200.0,,,2025_12_23_NHL_merged.csv,1.4166666666666667,3.0,-240.0,200.0,1.0,0.0
2025020581,2025-12-23,0.48,5.92,0.2864470548661617,4.34378998657772,-3,7,docs\win\hockey\nhl\research\sdv_challenger\season_2025\standalone_comparison.csv,-1.5,1.5,170.0,-195.0,,,2025_12_23_NHL_merged.csv,2.7,1.5128205128205128,170.0,-195.0,0.0,1.0
2025020582,2025-12-23,1.0999999999999996,5.92,0.166936988009609,4.285833626997564,-1,5,docs\win\hockey\nhl\research\sdv_challenger\season_2025\standalone_comparison.csv,-1.5,1.5,130.0,-150.0,,,2025_12_23_NHL_merged.csv,2.3,1.6666666666666665,130.0,-150.0,0.0,1.0
2025020583,2025-12-23,-0.4599999999999999,5.74,-0.0051062353167941,4.201409045492286,-2,4,docs\win\hockey\nhl\research\sdv_challenger\season_2025\standalone_comparison.csv,1.5,-1.5,-235.0,195.0,,,2025_12_23_NHL_merged.csv,1.425531914893617,2.95,-235.0,195.0,0.0,1.0
2025020584,2025-12-23,1.33,6.17,0.2928914010627004,4.580201848091749,1,1,docs\win\hockey\nhl\research\sdv_challenger\season_2025\standalone_comparison.csv,-1.5,1.5,100.0,-120.0,,,2025_12_23_NHL_merged.csv,2.0,1.8333333333333335,100.0,-120.0,0.0,1.0
2025020585,2025-12-23,1.08,6.0,0.1193466064447577,4.298817927365832,4,6,docs\win\hockey\nhl\research\sdv_challenger\season_2025\standalone_comparison.csv,-1.5,1.5,135.0,-155.0,,,2025_12_23_NHL_merged.csv,2.35,1.6451612903225805,135.0,-155.0,1.0,0.0
2025020587,2025-12-23,1.31,5.49,0.3295580506501157,3.7648040832242433,-1,5,docs\win\hockey\nhl\research\sdv_challenger\season_2025\standalone_comparison.csv,-1.5,1.5,108.0,-128.0,,,2025_12_23_NHL_merged.csv,2.08,1.78125,108.0,-128.0,0.0,1.0
2025020588,2025-12-27,0.71,5.93,0.0867429199928286,4.050166926117718,2,2,docs\win\hockey\nhl\research\sdv_challenger\season_2025\standalone_comparison.csv,-1.5,1.5,226.0,-275.0,,,2025_12_27_NHL_merged.csv,3.26,1.3636363636363638,226.0,-275.0,1.0,0.0
2025020589,2025-12-27,0.79,6.21,0.209801315466231,4.025203222482917,3,5,docs\win\hockey\nhl\research\sdv_challenger\season_2025\standalone_comparison.csv,-1.5,1.5,177.0,-205.0,,,2025_12_27_NHL_merged.csv,2.77,1.4878048780487805,177.0,-205.0,1.0,0.0
2025020590,2025-12-27,0.1299999999999999,5.97,-0.0405343054464419,4.09758869332788,2,12,docs\win\hockey\nhl\research\sdv_challenger\season_2025\standalone_comparison.csv,-1.5,1.5,230.0,-280.0,,,2025_12_27_NHL_merged.csv,3.3,1.3571428571428572,230.0,-280.0,1.0,0.0
2025020591,2025-12-27,0.8799999999999999,5.82,0.1042835853350427,4.016678535672366,-2,6,docs\win\hockey\nhl\research\sdv_challenger\season_2025\standalone_comparison.csv,-1.5,1.5,219.0,-265.0,,,2025_12_27_NHL_merged.csv,3.19,1.3773584905660377,219.0,-265.0,0.0,1.0
2025020592,2025-12-27,0.0700000000000002,5.75,0.0910429585908647,4.463516939393944,-1,7,docs\win\hockey\nhl\research\sdv_challenger\season_2025\standalone_comparison.csv,-1.5,1.5,211.0,-255.0,,,2025_12_27_NHL_merged.csv,3.11,1.392156862745098,211.0,-255.0,0.0,1.0
2025020593,2025-12-27,1.1,6.12,0.344006370217357,4.604187844377132,3,7,docs\win\hockey\nhl\research\sdv_challenger\season_2025\standalone_comparison.csv,-1.5,1.5,130.0,-150.0,,,2025_12_27_NHL_merged.csv,2.3,1.6666666666666665,130.0,-150.0,1.0,0.0
2025020594,2025-12-27,0.0100000000000002,5.85,0.0995548938402386,4.205502738951441,-1,7,docs\win\hockey\nhl\research\sdv_challenger\season_2025\standalone_comparison.csv,1.5,-1.5,-285.0,234.0,,,2025_12_27_NHL_merged.csv,1.3508771929824561,3.34,-285.0,234.0,1.0,0.0
2025020595,2025-12-27,-0.02,5.8,0.1886145865788693,4.170168961591919,1,5,docs\win\hockey\nhl\research\sdv_challenger\season_2025\standalone_comparison.csv,-1.5,1.5,211.0,-255.0,,,2025_12_27_NHL_merged.csv,3.11,1.392156862745098,211.0,-255.0,0.0,1.0
2025020596,2025-12-27,1.4899999999999998,5.85,0.3179945963766073,4.139784008666279,-1,7,docs\win\hockey\nhl\research\sdv_challenger\season_2025\standalone_comparison.csv,-1.5,1.5,-120.0,100.0,,,2025_12_27_NHL_merged.csv,1.8333333333333335,2.0,-120.0,100.0,0.0,1.0
2025020597,2025-12-27,0.77,5.99,0.2549320079229114,4.182490010614282,5,7,docs\win\hockey\nhl\research\sdv_challenger\season_2025\standalone_comparison.csv,-1.5,1.5,183.0,-215.0,,,2025_12_27_NHL_merged.csv,2.83,1.4651162790697674,183.0,-215.0,1.0,0.0
2025020598,2025-12-27,-0.54,6.0,0.1630938467481351,4.285458987313703,1,5,docs\win\hockey\nhl\research\sdv_challenger\season_2025\standalone_comparison.csv,1.5,-1.5,-240.0,200.0,,,2025_12_27_NHL_merged.csv,1.4166666666666667,3.0,-240.0,200.0,1.0,0.0
2025020599,2025-12-27,1.0099999999999998,6.21,0.1277000507849766,4.2183053372528025,-3,9,docs\win\hockey\nhl\research\sdv_challenger\season_2025\standalone_comparison.csv,-1.5,1.5,174.0,-200.0,,,2025_12_27_NHL_merged.csv,2.74,1.5,174.0,-200.0,0.0,1.0
2025020600,2025-12-27,-1.0700000000000005,6.25,0.0626290491349186,4.418973645698162,-1,11,docs\win\hockey\nhl\research\sdv_challenger\season_2025\standalone_comparison.csv,1.5,-1.5,-215.0,183.0,,,2025_12_27_NHL_merged.csv,1.4651162790697674,2.83,-215.0,183.0,1.0,0.0
2025020601,2025-12-28,0.71,6.51,0.211837540043843,4.395182787759844,1,5,docs\win\hockey\nhl\research\sdv_challenger\season_2025\standalone_comparison.csv,-1.5,1.5,177.0,-205.0,,,2025_12_28_NHL_merged.csv,2.77,1.4878048780487805,177.0,-205.0,0.0,1.0
2025020602,2025-12-28,0.9299999999999996,6.17,0.2865153866136936,3.986488348470076,1,9,docs\win\hockey\nhl\research\sdv_challenger\season_2025\standalone_comparison.csv,-1.5,1.5,174.0,-200.0,,,2025_12_28_NHL_merged.csv,2.74,1.5,174.0,-200.0,0.0,1.0
2025020603,2025-12-28,0.29,6.51,0.1522108749939672,4.535267494955416,2,6,docs\win\hockey\nhl\research\sdv_challenger\season_2025\standalone_comparison.csv,-1.5,1.5,177.0,-205.0,,,2025_12_28_NHL_merged.csv,2.77,1.4878048780487805,177.0,-205.0,1.0,0.0
2025020604,2025-12-28,-0.3900000000000001,6.31,0.035120756622641,4.449034920459005,-4,10,docs\win\hockey\nhl\research\sdv_challenger\season_2025\standalone_comparison.csv,1.5,-1.5,-185.0,161.0,,,2025_12_28_NHL_merged.csv,1.5405405405405406,2.6100000000000003,-185.0,161.0,0.0,1.0
2025020605,2025-12-28,-0.4199999999999999,5.68,0.0138202196052885,3.9494789880308767,3,5,docs\win\hockey\nhl\research\sdv_challenger\season_2025\standalone_comparison.csv,1.5,-1.5,-235.0,195.0,,,2025_12_28_NHL_merged.csv,1.425531914893617,2.95,-235.0,195.0,1.0,0.0
2025020606,2025-12-29,1.1,6.2,0.3208418480531798,4.350313601104439,-3,5,docs\win\hockey\nhl\research\sdv_challenger\season_2025\standalone_comparison.csv,-1.5,1.5,113.0,-133.0,,,2025_12_29_NHL_merged.csv,2.13,1.7518796992481203,113.0,-133.0,0.0,1.0
2025020607,2025-12-29,0.6300000000000003,5.69,0.1806278539345056,4.311975106352519,2,8,docs\win\hockey\nhl\research\sdv_challenger\season_2025\standalone_comparison.csv,-1.5,1.5,186.0,-220.0,,,2025_12_29_NHL_merged.csv,2.8600000000000003,1.4545454545454546,186.0,-220.0,1.0,0.0
2025020608,2025-12-29,1.14,5.82,0.3393221842804181,4.231520450022519,1,5,docs\win\hockey\nhl\research\sdv_challenger\season_2025\standalone_comparison.csv,-1.5,1.5,145.0,-165.0,,,2025_12_29_NHL_merged.csv,2.45,1.606060606060606,145.0,-165.0,0.0,1.0
2025020609,2025-12-29,-0.08,6.14,0.1117330334285777,4.357989540916721,-2,4,docs\win\hockey\nhl\research\sdv_challenger\season_2025\standalone_comparison.csv,1.5,-1.5,-230.0,192.0,,,2025_12_29_NHL_merged.csv,1.434782608695652,2.92,-230.0,192.0,0.0,1.0
2025020610,2025-12-29,-0.3700000000000001,6.01,0.1627634190168487,4.216099687039051,-2,6,docs\win\hockey\nhl\research\sdv_challenger\season_2025\standalone_comparison.csv,1.5,-1.5,-250.0,207.0,,,2025_12_29_NHL_merged.csv,1.4,3.07,-250.0,207.0,0.0,1.0
2025020611,2025-12-29,1.33,5.83,0.3512936203504915,4.137729404176486,3,7,docs\win\hockey\nhl\research\sdv_challenger\season_2025\standalone_comparison.csv,-1.5,1.5,110.0,-130.0,,,2025_12_29_NHL_merged.csv,2.1,1.7692307692307692,110.0,-130.0,1.0,0.0
2025020612,2025-12-29,1.0700000000000005,5.91,0.29161741035391,4.314594957571871,-1,7,docs\win\hockey\nhl\research\sdv_challenger\season_2025\standalone_comparison.csv,-1.5,1.5,170.0,-195.0,,,2025_12_29_NHL_merged.csv,2.7,1.5128205128205128,170.0,-195.0,0.0,1.0
2025020613,2025-12-29,0.54,5.64,0.2051901247739604,3.851499260465228,1,3,docs\win\hockey\nhl\research\sdv_challenger\season_2025\standalone_comparison.csv,-1.5,1.5,180.0,-210.0,,,2025_12_29_NHL_merged.csv,2.8,1.4761904761904763,180.0,-210.0,0.0,1.0
2025020614,2025-12-29,0.3400000000000003,5.9,0.3030954699219212,4.2638099883549705,-3,7,docs\win\hockey\nhl\research\sdv_challenger\season_2025\standalone_comparison.csv,-1.5,1.5,207.0,-250.0,,,2025_12_29_NHL_merged.csv,3.07,1.4,207.0,-250.0,0.0,1.0
2025020615,2025-12-29,1.0900000000000003,6.61,0.1995650954769146,4.362166396982852,-1,9,docs\win\hockey\nhl\research\sdv_challenger\season_2025\standalone_comparison.csv,-1.5,1.5,115.0,-135.0,,,2025_12_29_NHL_merged.csv,2.15,1.7407407407407407,115.0,-135.0,0.0,1.0
2025020616,2025-12-29,-0.3700000000000001,6.01,0.1635827357850661,4.162771434606444,-1,5,docs\win\hockey\nhl\research\sdv_challenger\season_2025\standalone_comparison.csv,1.5,-1.5,-275.0,226.0,,,2025_12_29_NHL_merged.csv,1.3636363636363638,3.26,-275.0,226.0,1.0,0.0
2025020617,2025-12-30,-0.0699999999999998,6.11,0.1100601706938584,4.281567318941511,4,4,docs\win\hockey\nhl\research\sdv_challenger\season_2025\standalone_comparison.csv,1.5,-1.5,-260.0,215.0,,,2025_12_30_NHL_merged.csv,1.3846153846153846,3.15,-260.0,215.0,1.0,0.0
2025020618,2025-12-30,1.0100000000000002,5.89,0.2253207840674553,3.998686074020712,-1,5,docs\win\hockey\nhl\research\sdv_challenger\season_2025\standalone_comparison.csv,-1.5,1.5,174.0,-200.0,,,2025_12_30_NHL_merged.csv,2.74,1.5,174.0,-200.0,0.0,1.0
2025020619,2025-12-30,-0.9499999999999996,6.35,-0.0661895051644299,4.681235067067199,4,6,docs\win\hockey\nhl\research\sdv_challenger\season_2025\standalone_comparison.csv,1.5,-1.5,-230.0,192.0,,,2025_12_30_NHL_merged.csv,1.434782608695652,2.92,-230.0,192.0,1.0,0.0
2025020620,2025-12-30,-1.0699999999999998,6.03,0.0759634601573151,4.373669626330018,-1,5,docs\win\hockey\nhl\research\sdv_challenger\season_2025\standalone_comparison.csv,1.5,-1.5,-205.0,177.0,,,2025_12_30_NHL_merged.csv,1.4878048780487805,2.77,-205.0,177.0,1.0,0.0
2025020621,2025-12-30,-0.3500000000000001,5.77,0.0017973272897604,4.169342750993458,-3,9,docs\win\hockey\nhl\research\sdv_challenger\season_2025\standalone_comparison.csv,1.5,-1.5,-250.0,207.0,,,2025_12_30_NHL_merged.csv,1.4,3.07,-250.0,207.0,0.0,1.0
2025020622,2025-12-31,0.8699999999999997,5.65,0.2122588614304872,4.202056951572569,3,9,docs\win\hockey\nhl\research\sdv_challenger\season_2025\standalone_comparison.csv,-1.5,1.5,170.0,-195.0,,,2025_12_31_NHL_merged.csv,2.7,1.5128205128205128,170.0,-195.0,1.0,0.0
2025020623,2025-12-31,1.0699999999999998,6.07,0.3131227363596194,4.19434758115646,-2,6,docs\win\hockey\nhl\research\sdv_challenger\season_2025\standalone_comparison.csv,-1.5,1.5,115.0,-135.0,,,2025_12_31_NHL_merged.csv,2.15,1.7407407407407407,115.0,-135.0,0.0,1.0
2025020624,2025-12-31,-0.4700000000000002,6.31,0.0092262940213694,4.426617069838622,-1,7,docs\win\hockey\nhl\research\sdv_challenger\season_2025\standalone_comparison.csv,1.5,-1.5,-205.0,177.0,,,2025_12_31_NHL_merged.csv,1.4878048780487805,2.77,-205.0,177.0,1.0,0.0
2025020625,2025-12-31,-1.11,6.05,0.079134902132659,4.179094855926593,1,7,docs\win\hockey\nhl\research\sdv_challenger\season_2025\standalone_comparison.csv,1.5,-1.5,-170.0,149.0,,,2025_12_31_NHL_merged.csv,1.5882352941176472,2.49,-170.0,149.0,1.0,0.0
2025020626,2025-12-31,0.3600000000000003,6.0,0.2215365073998838,4.302084670182011,1,3,docs\win\hockey\nhl\research\sdv_challenger\season_2025\standalone_comparison.csv,-1.5,1.5,192.0,-230.0,,,2025_12_31_NHL_merged.csv,2.92,1.434782608695652,192.0,-230.0,0.0,1.0
2025020627,2025-12-31,0.2400000000000002,6.2,0.1479739289009751,4.497719252242127,-1,5,docs\win\hockey\nhl\research\sdv_challenger\season_2025\standalone_comparison.csv,-1.5,1.5,215.0,-260.0,,,2025_12_31_NHL_merged.csv,3.15,1.3846153846153846,215.0,-260.0,0.0,1.0
2025020628,2025-12-31,1.0999999999999996,6.08,0.1714502443330161,4.093963437566946,-3,5,docs\win\hockey\nhl\research\sdv_challenger\season_2025\standalone_comparison.csv,-1.5,1.5,153.0,-175.0,,,2025_12_31_NHL_merged.csv,2.5300000000000002,1.5714285714285714,153.0,-175.0,0.0,1.0
2025020629,2025-12-31,2.03,5.99,0.4381079853067331,4.443498111208333,5,7,docs\win\hockey\nhl\research\sdv_challenger\season_2025\standalone_comparison.csv,-1.5,1.5,-125.0,105.0,,,2025_12_31_NHL_merged.csv,1.8,2.05,-125.0,105.0,1.0,0.0
2025020630,2025-12-31,0.4100000000000001,5.51,0.1102016105313827,3.9201031887519298,4,6,docs\win\hockey\nhl\research\sdv_challenger\season_2025\standalone_comparison.csv,-1.5,1.5,174.0,-200.0,,,2025_12_31_NHL_merged.csv,2.74,1.5,174.0,-200.0,1.0,0.0
2025020631,2025-12-31,1.1100000000000003,6.21,0.1918687883551584,4.2298766583335015,-4,8,docs\win\hockey\nhl\research\sdv_challenger\season_2025\standalone_comparison.csv,-1.5,1.5,135.0,-155.0,,,2025_12_31_NHL_merged.csv,2.35,1.6451612903225805,135.0,-155.0,0.0,1.0
2025020632,2026-01-01,0.4500000000000002,5.75,0.2105273737369026,4.308183770683691,1,7,docs\win\hockey\nhl\research\sdv_challenger\season_2025\standalone_comparison.csv,-1.5,1.5,182.0,-213.0,,,2026_01_01_NHL_merged.csv,2.8200000000000003,1.4694835680751175,182.0,-213.0,0.0,1.0
2025020633,2026-01-01,0.3400000000000003,5.86,0.0043845693868922,4.362121039174558,-5,9,docs\win\hockey\nhl\research\sdv_challenger\season_2025\standalone_comparison.csv,-1.5,1.5,219.0,-265.0,,,2026_01_01_NHL_merged.csv,3.19,1.3773584905660377,219.0,-265.0,0.0,1.0
2025020634,2026-01-01,0.6299999999999999,6.11,0.1502871766817053,4.127601101350117,1,11,docs\win\hockey\nhl\research\sdv_challenger\season_2025\standalone_comparison.csv,-1.5,1.5,180.0,-210.0,,,2026_01_01_NHL_merged.csv,2.8,1.4761904761904763,180.0,-210.0,0.0,1.0
2025020635,2026-01-01,0.2299999999999999,6.47,0.1661138099075803,4.528588125908571,1,7,docs\win\hockey\nhl\research\sdv_challenger\season_2025\standalone_comparison.csv,-1.5,1.5,189.0,-225.0,,,2026_01_01_NHL_merged.csv,2.8899999999999997,1.4444444444444444,189.0,-225.0,0.0,1.0
2025020636,2026-01-01,1.11,6.07,0.3225608809315767,4.417358607014203,-2,12,docs\win\hockey\nhl\research\sdv_challenger\season_2025\standalone_comparison.csv,-1.5,1.5,135.0,-155.0,,,2026_01_01_NHL_merged.csv,2.35,1.6451612903225805,135.0,-155.0,0.0,1.0
2025020637,2026-01-01,-1.12,5.86,0.0132302231090393,4.197354686284603,1,7,docs\win\hockey\nhl\research\sdv_challenger\season_2025\standalone_comparison.csv,1.5,-1.5,-160.0,140.0,,,2026_01_01_NHL_merged.csv,1.625,2.4,-160.0,140.0,1.0,0.0
2025020638,2026-01-01,-0.2599999999999998,5.8,0.0647836039290941,4.005983544282243,3,5,docs\win\hockey\nhl\research\sdv_challenger\season_2025\standalone_comparison.csv,-1.5,1.5,211.0,-255.0,,,2026_01_01_NHL_merged.csv,3.11,1.392156862745098,211.0,-255.0,1.0,0.0
2025020639,2026-01-01,0.3599999999999999,5.56,0.0970045711670835,3.8076390189245455,-2,8,docs\win\hockey\nhl\research\sdv_challenger\season_2025\standalone_comparison.csv,-1.5,1.5,189.0,-225.0,,,2026_01_01_NHL_merged.csv,2.8899999999999997,1.4444444444444444,189.0,-225.0,0.0,1.0
2025020640,2026-01-02,-1.0499999999999998,5.83,0.0091379619820544,4.199771879570041,1,7,docs\win\hockey\nhl\research\sdv_challenger\season_2025\standalone_comparison.csv,1.5,-1.5,-190.0,165.0,,,2026_01_02_NHL_merged.csv,1.526315789473684,2.65,-190.0,165.0,1.0,0.0
2025020641,2026-01-02,-0.6799999999999997,5.66,0.2297777333245658,3.832048793085146,-4,6,docs\win\hockey\nhl\research\sdv_challenger\season_2025\standalone_comparison.csv,1.5,-1.5,-210.0,180.0,,,2026_01_02_NHL_merged.csv,1.4761904761904763,2.8,-210.0,180.0,0.0,1.0
2025020642,2026-01-02,0.9300000000000002,5.89,0.1611446847776023,4.188816841104094,-1,7,docs\win\hockey\nhl\research\sdv_challenger\season_2025\standalone_comparison.csv,-1.5,1.5,145.0,-165.0,,,2026_01_02_NHL_merged.csv,2.45,1.606060606060606,145.0,-165.0,0.0,1.0
2025020643,2026-01-02,-0.4399999999999999,6.34,0.1583633683005114,4.54745271442969,-3,7,docs\win\hockey\nhl\research\sdv_challenger\season_2025\standalone_comparison.csv,1.5,-1.5,-235.0,195.0,,,2026_01_02_NHL_merged.csv,1.425531914893617,2.95,-235.0,195.0,0.0,1.0
2025020644,2026-01-03,0.7400000000000002,6.42,0.1444942095129757,4.473828135031546,-3,5,docs\win\hockey\nhl\research\sdv_challenger\season_2025\standalone_comparison.csv,-1.5,1.5,177.0,-205.0,,,2026_01_03_NHL_merged.csv,2.77,1.4878048780487805,177.0,-205.0,0.0,1.0
2025020645,2026-01-03,0.02,5.78,0.0293968105836226,4.367253171052388,3,5,docs\win\hockey\nhl\research\sdv_challenger\season_2025\standalone_comparison.csv,-1.5,1.5,203.0,-245.0,,,2026_01_03_NHL_merged.csv,3.03,1.4081632653061225,203.0,-245.0,1.0,0.0
2025020646,2026-01-03,0.2000000000000001,6.62,0.1425232544923966,4.505312482006791,4,6,docs\win\hockey\nhl\research\sdv_challenger\season_2025\standalone_comparison.csv,1.5,-1.5,-260.0,215.0,,,2026_01_03_NHL_merged.csv,1.3846153846153846,3.15,-260.0,215.0,1.0,0.0
2025020647,2026-01-03,0.8500000000000001,5.99,0.1101736241024347,4.33558242501228,-3,7,docs\win\hockey\nhl\research\sdv_challenger\season_2025\standalone_comparison.csv,-1.5,1.5,145.0,-165.0,,,2026_01_03_NHL_merged.csv,2.45,1.606060606060606,145.0,-165.0,0.0,1.0
2025020648,2026-01-03,-0.6800000000000002,5.74,0.0892561866016699,4.174036115803542,2,2,docs\win\hockey\nhl\research\sdv_challenger\season_2025\standalone_comparison.csv,1.5,-1.5,-245.0,203.0,,,2026_01_03_NHL_merged.csv,1.4081632653061225,3.03,-245.0,203.0,1.0,0.0
2025020649,2026-01-03,-1.06,6.1,-0.0784840542752611,4.058978733393148,-4,10,docs\win\hockey\nhl\research\sdv_challenger\season_2025\standalone_comparison.csv,1.5,-1.5,-155.0,135.0,,,2026_01_03_NHL_merged.csv,1.6451612903225805,2.35,-155.0,135.0,0.0,1.0
2025020650,2026-01-03,0.77,5.83,0.3464269196247054,3.974576938307736,2,6,docs\win\hockey\nhl\research\sdv_challenger\season_2025\standalone_comparison.csv,-1.5,1.5,189.0,-225.0,,,2026_01_03_NHL_merged.csv,2.8899999999999997,1.4444444444444444,189.0,-225.0,1.0,0.0
2025020651,2026-01-03,0.3900000000000001,6.19,0.1841405278530654,4.264480019984182,1,7,docs\win\hockey\nhl\research\sdv_challenger\season_2025\standalone_comparison.csv,1.5,-1.5,-285.0,234.0,,,2026_01_03_NHL_merged.csv,1.3508771929824561,3.34,-285.0,234.0,1.0,0.0
2025020652,2026-01-03,1.2800000000000002,5.84,0.3569102415193623,4.512524037770463,-1,5,docs\win\hockey\nhl\research\sdv_challenger\season_2025\standalone_comparison.csv,-1.5,1.5,-110.0,-110.0,,,2026_01_03_NHL_merged.csv,1.9090909090909092,1.9090909090909092,-110.0,-110.0,0.0,1.0
2025020653,2026-01-03,-0.8799999999999999,6.26,0.0893597657363387,4.723324530675315,-2,8,docs\win\hockey\nhl\research\sdv_challenger\season_2025\standalone_comparison.csv,1.5,-1.5,-210.0,180.0,,,2026_01_03_NHL_merged.csv,1.4761904761904763,2.8,-210.0,180.0,0.0,1.0
2025020654,2026-01-03,0.48,5.78,0.1663408078906432,4.02772157484972,-1,7,docs\win\hockey\nhl\research\sdv_challenger\season_2025\standalone_comparison.csv,-1.5,1.5,195.0,-235.0,,,2026_01_03_NHL_merged.csv,2.95,1.425531914893617,195.0,-235.0,0.0,1.0
2025020655,2026-01-03,0.3600000000000003,5.54,0.2305416225989041,3.952649378516606,1,9,docs\win\hockey\nhl\research\sdv_challenger\season_2025\standalone_comparison.csv,-1.5,1.5,177.0,-205.0,,,2026_01_03_NHL_merged.csv,2.77,1.4878048780487805,177.0,-205.0,0.0,1.0
2025020656,2026-01-03,-0.2299999999999999,6.01,0.1103184249444138,4.1206498204744,-1,5,docs\win\hockey\nhl\research\sdv_challenger\season_2025\standalone_comparison.csv,1.5,-1.5,-270.0,222.0,,,2026_01_03_NHL_merged.csv,1.3703703703703702,3.22,-270.0,222.0,1.0,0.0
2025020657,2026-01-04,1.1799999999999995,5.96,0.1372630564226877,4.0763972624643765,-1,7,docs\win\hockey\nhl\research\sdv_challenger\season_2025\standalone_comparison.csv,-1.5,1.5,120.0,-140.0,,,2026_01_04_NHL_merged.csv,2.2,1.7142857142857144,120.0,-140.0,0.0,1.0
2025020658,2026-01-04,0.5800000000000001,6.64,0.1420873156564512,4.6409683574916505,-1,9,docs\win\hockey\nhl\research\sdv_challenger\season_2025\standalone_comparison.csv,-1.5,1.5,189.0,-225.0,,,2026_01_04_NHL_merged.csv,2.8899999999999997,1.4444444444444444,189.0,-225.0,0.0,1.0
2025020659,2026-01-04,-0.77,6.07,-0.0242376606199368,4.280603429187541,1,3,docs\win\hockey\nhl\research\sdv_challenger\season_2025\standalone_comparison.csv,1.5,-1.5,-245.0,203.0,,,2026_01_04_NHL_merged.csv,1.4081632653061225,3.03,-245.0,203.0,1.0,0.0
2025020660,2026-01-04,-0.27,5.89,-0.0666788153734603,4.559378941110947,-2,4,docs\win\hockey\nhl\research\sdv_challenger\season_2025\standalone_comparison.csv,1.5,-1.5,-245.0,203.0,,,2026_01_04_NHL_merged.csv,1.4081632653061225,3.03,-245.0,203.0,0.0,1.0
2025020661,2026-01-04,-1.19,5.87,-0.0784510668225362,4.255292217359017,1,5,docs\win\hockey\nhl\research\sdv_challenger\season_2025\standalone_comparison.csv,1.5,-1.5,-125.0,105.0,,,2026_01_04_NHL_merged.csv,1.8,2.05,-125.0,105.0,1.0,0.0
2025020662,2026-01-05,0.02,5.7,0.0600711398137656,4.070483246161599,-1,5,docs\win\hockey\nhl\research\sdv_challenger\season_2025\standalone_comparison.csv,-1.5,1.5,203.0,-245.0,,,2026_01_05_NHL_merged.csv,3.03,1.4081632653061225,203.0,-245.0,0.0,1.0
2025020663,2026-01-05,0.96,6.36,0.2324504758830374,4.727400154814704,3,11,docs\win\hockey\nhl\research\sdv_challenger\season_2025\standalone_comparison.csv,-1.5,1.5,170.0,-195.0,,,2026_01_05_NHL_merged.csv,2.7,1.5128205128205128,170.0,-195.0,1.0,0.0
2025020664,2026-01-05,0.8000000000000003,6.02,0.3088409037609594,4.1149967241439285,-2,8,docs\win\hockey\nhl\research\sdv_challenger\season_2025\standalone_comparison.csv,-1.5,1.5,170.0,-195.0,,,2026_01_05_NHL_merged.csv,2.7,1.5128205128205128,170.0,-195.0,0.0,1.0
2025020665,2026-01-05,0.92,5.6,0.265944233467672,3.9159190197619815,-4,6,docs\win\hockey\nhl\research\sdv_challenger\season_2025\standalone_comparison.csv,-1.5,1.5,170.0,-195.0,,,2026_01_05_NHL_merged.csv,2.7,1.5128205128205128,170.0,-195.0,0.0,1.0
2025020666,2026-01-05,0.1600000000000001,5.5,0.2339835222175335,3.969617151301047,2,6,docs\win\hockey\nhl\research\sdv_challenger\season_2025\standalone_comparison.csv,-1.5,1.5,237.0,-290.0,,,2026_01_05_NHL_merged.csv,3.37,1.3448275862068966,237.0,-290.0,1.0,0.0
2025020667,2026-01-06,0.94,6.3,0.293727608768823,4.35851358618263,2,8,docs\win\hockey\nhl\research\sdv_challenger\season_2025\standalone_comparison.csv,-1.5,1.5,140.0,-160.0,,,2026_01_06_NHL_merged.csv,2.4,1.625,140.0,-160.0,1.0,0.0
2025020668,2026-01-06,-0.79,6.11,0.0326567027114879,4.377541438579909,2,6,docs\win\hockey\nhl\research\sdv_challenger\season_2025\standalone_comparison.csv,1.5,-1.5,-245.0,203.0,,,2026_01_06_NHL_merged.csv,1.4081632653061225,3.03,-245.0,203.0,1.0,0.0
2025020669,2026-01-06,0.27,5.87,0.1310907543114696,4.258140276277062,9,9,docs\win\hockey\nhl\research\sdv_challenger\season_2025\standalone_comparison.csv,1.5,-1.5,-255.0,211.0,,,2026_01_06_NHL_merged.csv,1.392156862745098,3.11,-255.0,211.0,1.0,0.0
2025020670,2026-01-06,0.92,6.2,0.2015615903562935,4.355433461503598,3,7,docs\win\hockey\nhl\research\sdv_challenger\season_2025\standalone_comparison.csv,-1.5,1.5,161.0,-185.0,,,2026_01_06_NHL_merged.csv,2.6100000000000003,1.5405405405405406,161.0,-185.0,1.0,0.0
2025020671,2026-01-06,0.5899999999999999,5.93,0.3253344862652549,4.393976387371088,3,9,docs\win\hockey\nhl\research\sdv_challenger\season_2025\standalone_comparison.csv,-1.5,1.5,186.0,-220.0,,,2026_01_06_NHL_merged.csv,2.8600000000000003,1.4545454545454546,186.0,-220.0,1.0,0.0
2025020672,2026-01-06,-0.4700000000000002,5.81,0.0001374815100261,4.076509553157127,3,5,docs\win\hockey\nhl\research\sdv_challenger\season_2025\standalone_comparison.csv,1.5,-1.5,-240.0,200.0,,,2026_01_06_NHL_merged.csv,1.4166666666666667,3.0,-240.0,200.0,1.0,0.0
2025020673,2026-01-06,-0.1699999999999999,5.83,-0.0052580352473858,4.057740972602003,-1,7,docs\win\hockey\nhl\research\sdv_challenger\season_2025\standalone_comparison.csv,1.5,-1.5,-285.0,234.0,,,2026_01_06_NHL_merged.csv,1.3508771929824561,3.34,-285.0,234.0,1.0,0.0
2025020674,2026-01-06,1.0100000000000002,6.27,0.1520935681854287,4.401643223173889,4,8,docs\win\hockey\nhl\research\sdv_challenger\season_2025\standalone_comparison.csv,-1.5,1.5,149.0,-170.0,,,2026_01_06_NHL_merged.csv,2.49,1.5882352941176472,149.0,-170.0,1.0,0.0
2025020675,2026-01-06,-0.3600000000000003,6.54,0.079361280615569,4.45833601780399,3,7,docs\win\hockey\nhl\research\sdv_challenger\season_2025\standalone_comparison.csv,1.5,-1.5,-225.0,189.0,,,2026_01_06_NHL_merged.csv,1.4444444444444444,2.8899999999999997,-225.0,189.0,1.0,0.0
2025020676,2026-01-06,-0.2099999999999999,5.67,0.1073095339662804,3.861951729302072,3,11,docs\win\hockey\nhl\research\sdv_challenger\season_2025\standalone_comparison.csv,1.5,-1.5,-240.0,200.0,,,2026_01_06_NHL_merged.csv,1.4166666666666667,3.0,-240.0,200.0,1.0,0.0
2025020677,2026-01-07,0.2599999999999998,5.84,0.1750443027551651,4.367488173095456,-3,5,docs\win\hockey\nhl\research\sdv_challenger\season_2025\standalone_comparison.csv,-1.5,1.5,180.0,-210.0,,,2026_01_07_NHL_merged.csv,2.8,1.4761904761904763,180.0,-210.0,0.0,1.0
2025020678,2026-01-07,0.79,5.83,0.2314880611307033,4.072657236380465,3,5,docs\win\hockey\nhl\research\sdv_challenger\season_2025\standalone_comparison.csv,-1.5,1.5,161.0,-185.0,,,2026_01_07_NHL_merged.csv,2.6100000000000003,1.5405405405405406,161.0,-185.0,1.0,0.0
2025020679,2026-01-07,-0.02,5.64,0.0648274958540038,4.294532839155308,4,10,docs\win\hockey\nhl\research\sdv_challenger\season_2025\standalone_comparison.csv,1.5,-1.5,-255.0,211.0,,,2026_01_07_NHL_merged.csv,1.392156862745098,3.11,-255.0,211.0,1.0,0.0
2025020680,2026-01-07,0.5300000000000002,5.83,0.1821607908966585,4.111999463035827,2,4,docs\win\hockey\nhl\research\sdv_challenger\season_2025\standalone_comparison.csv,-1.5,1.5,192.0,-230.0,,,2026_01_07_NHL_merged.csv,2.92,1.434782608695652,192.0,-230.0,1.0,0.0
2025020681,2026-01-07,1.2200000000000002,5.86,0.3462966160957896,3.890522191521139,-1,7,docs\win\hockey\nhl\research\sdv_challenger\season_2025\standalone_comparison.csv,-1.5,1.5,-102.0,-118.0,,,2026_01_07_NHL_merged.csv,1.9803921568627452,1.847457627118644,-102.0,-118.0,0.0,1.0
2025020682,2026-01-08,0.5800000000000001,5.7,0.1439750072008871,3.899903334091239,3,5,docs\win\hockey\nhl\research\sdv_challenger\season_2025\standalone_comparison.csv,-1.5,1.5,177.0,-205.0,,,2026_01_08_NHL_merged.csv,2.77,1.4878048780487805,177.0,-205.0,1.0,0.0
2025020683,2026-01-08,-0.4100000000000001,5.93,0.1177603079212303,4.007234482216244,4,8,docs\win\hockey\nhl\research\sdv_challenger\season_2025\standalone_comparison.csv,1.5,-1.5,-230.0,192.0,,,2026_01_08_NHL_merged.csv,1.434782608695652,2.92,-230.0,192.0,1.0,0.0
2025020684,2026-01-08,1.02,6.14,0.2500073931348732,4.363957804924008,4,6,docs\win\hockey\nhl\research\sdv_challenger\season_2025\standalone_comparison.csv,-1.5,1.5,157.0,-180.0,,,2026_01_08_NHL_merged.csv,2.5700000000000003,1.5555555555555556,157.0,-180.0,1.0,0.0
2025020685,2026-01-08,0.5699999999999998,6.03,0.1419953936493176,4.01905665637712,-3,7,docs\win\hockey\nhl\research\sdv_challenger\season_2025\standalone_comparison.csv,1.5,-1.5,-280.0,230.0,,,2026_01_08_NHL_merged.csv,1.3571428571428572,3.3,-280.0,230.0,0.0,1.0
2025020686,2026-01-08,0.4899999999999997,5.85,0.2542454616922378,4.053325660463493,-1,3,docs\win\hockey\nhl\research\sdv_challenger\season_2025\standalone_comparison.csv,-1.5,1.5,200.0,-240.0,,,2026_01_08_NHL_merged.csv,3.0,1.4166666666666667,200.0,-240.0,0.0,1.0
2025020687,2026-01-08,0.0299999999999998,6.23,0.1909325584267835,4.398320004108329,3,5,docs\win\hockey\nhl\research\sdv_challenger\season_2025\standalone_comparison.csv,-1.5,1.5,215.0,-260.0,,,2026_01_08_NHL_merged.csv,3.15,1.3846153846153846,215.0,-260.0,1.0,0.0
2025020688,2026-01-08,1.2199999999999998,6.46,0.3820860502224703,4.736836083970566,3,7,docs\win\hockey\nhl\research\sdv_challenger\season_2025\standalone_comparison.csv,-1.5,1.5,120.0,-140.0,,,2026_01_08_NHL_merged.csv,2.2,1.7142857142857144,120.0,-140.0,1.0,0.0
2025020689,2026-01-08,-0.25,5.99,0.1937296003750335,4.23574495502697,1,3,docs\win\hockey\nhl\research\sdv_challenger\season_2025\standalone_comparison.csv,-1.5,1.5,219.0,-265.0,,,2026_01_08_NHL_merged.csv,3.19,1.3773584905660377,219.0,-265.0,0.0,1.0
2025020690,2026-01-08,-0.04,6.2,0.1115326673339343,4.37538208919889,-1,7,docs\win\hockey\nhl\research\sdv_challenger\season_2025\standalone_comparison.csv,1.5,-1.5,-260.0,215.0,,,2026_01_08_NHL_merged.csv,1.3846153846153846,3.15,-260.0,215.0,1.0,0.0
2025020691,2026-01-08,1.39,6.11,0.3205541700623477,4.220045885265671,6,10,docs\win\hockey\nhl\research\sdv_challenger\season_2025\standalone_comparison.csv,-1.5,1.5,-107.0,-113.0,,,2026_01_08_NHL_merged.csv,1.9345794392523366,1.8849557522123894,-107.0,-113.0,1.0,0.0
2025020692,2026-01-08,1.0299999999999998,6.23,0.3141189877210086,4.47701909051216,2,8,docs\win\hockey\nhl\research\sdv_challenger\season_2025\standalone_comparison.csv,-1.5,1.5,140.0,-160.0,,,2026_01_08_NHL_merged.csv,2.4,1.625,140.0,-160.0,1.0,0.0
2025020693,2026-01-08,-0.8999999999999999,5.74,0.035722162588252,4.184242989225285,-1,5,docs\win\hockey\nhl\research\sdv_challenger\season_2025\standalone_comparison.csv,1.5,-1.5,-188.0,164.0,,,2026_01_08_NHL_merged.csv,1.5319148936170213,2.6399999999999997,-188.0,164.0,1.0,0.0
2025020694,2026-01-09,-0.9499999999999996,5.85,0.0030078415489418,4.512491775753934,-4,6,docs\win\hockey\nhl\research\sdv_challenger\season_2025\standalone_comparison.csv,1.5,-1.5,-190.0,165.0,,,2026_01_09_NHL_merged.csv,1.526315789473684,2.65,-190.0,165.0,0.0,1.0
2025020695,2026-01-09,-0.4499999999999997,5.69,0.014799525227167,3.834861474776867,4,6,docs\win\hockey\nhl\research\sdv_challenger\season_2025\standalone_comparison.csv,1.5,-1.5,-215.0,183.0,,,2026_01_09_NHL_merged.csv,1.4651162790697674,2.83,-215.0,183.0,1.0,0.0
2025020696,2026-01-09,1.2000000000000002,5.58,0.3240445236103531,4.2803342746530655,2,6,docs\win\hockey\nhl\research\sdv_challenger\season_2025\standalone_comparison.csv,-1.5,1.5,140.0,-160.0,,,2026_01_09_NHL_merged.csv,2.4,1.625,140.0,-160.0,1.0,0.0
2025020697,2026-01-10,-0.1999999999999997,5.64,0.1097133099853131,3.791349215917576,8,12,docs\win\hockey\nhl\research\sdv_challenger\season_2025\standalone_comparison.csv,-1.5,1.5,192.0,-230.0,,,2026_01_10_NHL_merged.csv,2.92,1.434782608695652,192.0,-230.0,1.0,0.0
2025020698,2026-01-10,0.6099999999999999,6.09,0.231557107050162,4.283011284076816,-1,3,docs\win\hockey\nhl\research\sdv_challenger\season_2025\standalone_comparison.csv,-1.5,1.5,170.0,-195.0,,,2026_01_10_NHL_merged.csv,2.7,1.5128205128205128,170.0,-195.0,0.0,1.0
2025020699,2026-01-10,1.4700000000000002,6.51,0.4443902019830368,4.755852111039631,4,4,docs\win\hockey\nhl\research\sdv_challenger\season_2025\standalone_comparison.csv,-1.5,1.5,-118.0,-102.0,,,2026_01_10_NHL_merged.csv,1.847457627118644,1.9803921568627452,-118.0,-102.0,1.0,0.0
2025020700,2026-01-10,-1.08,6.12,0.0183862086120205,4.089600357137453,1,9,docs\win\hockey\nhl\research\sdv_challenger\season_2025\standalone_comparison.csv,1.5,-1.5,-165.0,145.0,,,2026_01_10_NHL_merged.csv,1.606060606060606,2.45,-165.0,145.0,1.0,0.0
2025020701,2026-01-10,0.7100000000000004,6.73,0.1967907810598377,4.486796305149193,2,8,docs\win\hockey\nhl\research\sdv_challenger\season_2025\standalone_comparison.csv,-1.5,1.5,167.0,-192.0,,,2026_01_10_NHL_merged.csv,2.67,1.5208333333333335,167.0,-192.0,1.0,0.0
2025020702,2026-01-10,1.08,6.14,0.2310808941893505,4.319619311053497,5,5,docs\win\hockey\nhl\research\sdv_challenger\season_2025\standalone_comparison.csv,-1.5,1.5,146.0,-166.0,,,2026_01_10_NHL_merged.csv,2.46,1.6024096385542168,146.0,-166.0,1.0,0.0
2025020703,2026-01-10,0.5,6.16,0.2365027663347865,4.254371506243438,-4,4,docs\win\hockey\nhl\research\sdv_challenger\season_2025\standalone_comparison.csv,-1.5,1.5,180.0,-210.0,,,2026_01_10_NHL_merged.csv,2.8,1.4761904761904763,180.0,-210.0,0.0,1.0
2025020704,2026-01-10,0.1800000000000001,5.82,0.1907476331219797,3.818405887279033,-1,5,docs\win\hockey\nhl\research\sdv_challenger\season_2025\standalone_comparison.csv,-1.5,1.5,209.0,-252.0,,,2026_01_10_NHL_merged.csv,3.09,1.3968253968253967,209.0,-252.0,0.0,1.0
2025020705,2026-01-10,-0.6300000000000003,5.69,0.0401979175377835,3.988702564848593,-5,9,docs\win\hockey\nhl\research\sdv_challenger\season_2025\standalone_comparison.csv,1.5,-1.5,-202.0,175.0,,,2026_01_10_NHL_merged.csv,1.495049504950495,2.75,-202.0,175.0,0.0,1.0
2025020706,2026-01-10,1.4,5.8,0.5086514623017888,4.391529631940113,1,5,docs\win\hockey\nhl\research\sdv_challenger\season_2025\standalone_comparison.csv,-1.5,1.5,-105.0,-115.0,,,2026_01_10_NHL_merged.csv,1.9523809523809523,1.8695652173913042,-105.0,-115.0,0.0,1.0
2025020707,2026-01-10,1.0900000000000003,5.89,0.2521759135045398,4.241351156100922,-3,3,docs\win\hockey\nhl\research\sdv_challenger\season_2025\standalone_comparison.csv,-1.5,1.5,125.0,-145.0,,,2026_01_10_NHL_merged.csv,2.25,1.6896551724137931,125.0,-145.0,0.0,1.0
2025020708,2026-01-10,0.79,5.85,0.2147084928342897,4.303539770670905,-1,7,docs\win\hockey\nhl\research\sdv_challenger\season_2025\standalone_comparison.csv,-1.5,1.5,153.0,-175.0,,,2026_01_10_NHL_merged.csv,2.5300000000000002,1.5714285714285714,153.0,-175.0,0.0,1.0
2025020709,2026-01-10,0.96,5.96,0.0769424050939524,4.244876312724089,-1,7,docs\win\hockey\nhl\research\sdv_challenger\season_2025\standalone_comparison.csv,-1.5,1.5,146.0,-166.0,,,2026_01_10_NHL_merged.csv,2.46,1.6024096385542168,146.0,-166.0,0.0,1.0
2025020710,2026-01-10,1.3200000000000005,5.66,0.2947705395782543,4.129011662513656,2,6,docs\win\hockey\nhl\research\sdv_challenger\season_2025\standalone_comparison.csv,-1.5,1.5,102.0,-122.0,,,2026_01_10_NHL_merged.csv,2.02,1.819672131147541,102.0,-122.0,1.0,0.0
2025020711,2026-01-11,0.2400000000000002,5.74,0.1007186972674509,4.1762793500551,1,7,docs\win\hockey\nhl\research\sdv_challenger\season_2025\standalone_comparison.csv,-1.5,1.5,207.0,-250.0,,,2026_01_11_NHL_merged.csv,3.07,1.4,207.0,-250.0,0.0,1.0
2025020712,2026-01-11,0.3000000000000002,6.32,0.0985910646507854,4.1662103025054185,1,1,docs\win\hockey\nhl\research\sdv_challenger\season_2025\standalone_comparison.csv,1.5,-1.5,-260.0,215.0,,,2026_01_11_NHL_merged.csv,1.3846153846153846,3.15,-260.0,215.0,1.0,0.0
2025020713,2026-01-11,-0.6599999999999997,5.86,0.0905862139099071,4.370903366548097,1,5,docs\win\hockey\nhl\research\sdv_challenger\season_2025\standalone_comparison.csv,1.5,-1.5,-202.0,175.0,,,2026_01_11_NHL_merged.csv,1.495049504950495,2.75,-202.0,175.0,1.0,0.0
2025020714,2026-01-11,1.17,6.21,0.2887490957321703,4.647514074670757,-1,5,docs\win\hockey\nhl\research\sdv_challenger\season_2025\standalone_comparison.csv,-1.5,1.5,145.0,-165.0,,,2026_01_11_NHL_merged.csv,2.45,1.606060606060606,145.0,-165.0,0.0,1.0
2025020715,2026-01-11,-1.06,6.12,-0.0450187053870587,4.100717857310214,-5,9,docs\win\hockey\nhl\research\sdv_challenger\season_2025\standalone_comparison.csv,1.5,-1.5,-175.0,153.0,,,2026_01_11_NHL_merged.csv,1.5714285714285714,2.5300000000000002,-175.0,153.0,0.0,1.0
2025020716,2026-01-12,-0.1599999999999997,6.14,0.0919942971435685,4.048635786015517,-1,7,docs\win\hockey\nhl\research\sdv_challenger\season_2025\standalone_comparison.csv,-1.5,1.5,211.0,-255.0,,,2026_01_12_NHL_merged.csv,3.11,1.392156862745098,211.0,-255.0,0.0,1.0
2025020717,2026-01-12,-0.79,6.17,-0.0836901714934779,4.550552589081612,1,7,docs\win\hockey\nhl\research\sdv_challenger\season_2025\standalone_comparison.csv,1.5,-1.5,-190.0,165.0,,,2026_01_12_NHL_merged.csv,1.526315789473684,2.65,-190.0,165.0,1.0,0.0
2025020718,2026-01-12,1.06,5.6,0.2842581434309217,3.9435503218638375,-2,6,docs\win\hockey\nhl\research\sdv_challenger\season_2025\standalone_comparison.csv,-1.5,1.5,180.0,-210.0,,,2026_01_12_NHL_merged.csv,2.8,1.4761904761904763,180.0,-210.0,0.0,1.0
2025020719,2026-01-12,-0.75,5.73,0.0113300910940368,4.006165308717003,-4,6,docs\win\hockey\nhl\research\sdv_challenger\season_2025\standalone_comparison.csv,1.5,-1.5,-190.0,165.0,,,2026_01_12_NHL_merged.csv,1.526315789473684,2.65,-190.0,165.0,0.0,1.0
2025020720,2026-01-12,1.1,5.98,0.3207130150846975,4.281096540550091,3,9,docs\win\hockey\nhl\research\sdv_challenger\season_2025\standalone_comparison.csv,-1.5,1.5,140.0,-160.0,,,2026_01_12_NHL_merged.csv,2.4,1.625,140.0,-160.0,1.0,0.0
2025020721,2026-01-12,1.0299999999999998,5.89,0.1849520538248126,4.368810190742441,-3,7,docs\win\hockey\nhl\research\sdv_challenger\season_2025\standalone_comparison.csv,-1.5,1.5,153.0,-175.0,,,2026_01_12_NHL_merged.csv,2.5300000000000002,1.5714285714285714,153.0,-175.0,0.0,1.0
2025020722,2026-01-12,-1.0100000000000002,6.23,0.0494822662993112,4.5244984639875705,-3,5,docs\win\hockey\nhl\research\sdv_challenger\season_2025\standalone_comparison.csv,1.5,-1.5,-170.0,149.0,,,2026_01_12_NHL_merged.csv,1.5882352941176472,2.49,-170.0,149.0,0.0,1.0
2025020723,2026-01-12,1.3699999999999997,6.27,0.4753323425854243,4.418860683641952,-1,7,docs\win\hockey\nhl\research\sdv_challenger\season_2025\standalone_comparison.csv,-1.5,1.5,100.0,-120.0,,,2026_01_12_NHL_merged.csv,2.0,1.8333333333333335,100.0,-120.0,0.0,1.0
2025020724,2026-01-12,-0.27,5.63,0.2212842839211104,3.877446353218813,-2,4,docs\win\hockey\nhl\research\sdv_challenger\season_2025\standalone_comparison.csv,1.5,-1.5,-250.0,207.0,,,2026_01_12_NHL_merged.csv,1.4,3.07,-250.0,207.0,0.0,1.0
2025020725,2026-01-13,1.29,5.93,0.4238027793810657,4.095353668321996,1,3,docs\win\hockey\nhl\research\sdv_challenger\season_2025\standalone_comparison.csv,-1.5,1.5,110.0,-130.0,,,2026_01_13_NHL_merged.csv,2.1,1.7692307692307692,110.0,-130.0,0.0,1.0
2025020726,2026-01-13,-0.6100000000000003,6.37,0.0249152310064912,4.267966051752752,-1,3,docs\win\hockey\nhl\research\sdv_challenger\season_2025\standalone_comparison.csv,1.5,-1.5,-225.0,189.0,,,2026_01_13_NHL_merged.csv,1.4444444444444444,2.8899999999999997,-225.0,189.0,1.0,0.0
2025020727,2026-01-13,0.92,5.92,0.1491547652978955,4.408295202589626,1,5,docs\win\hockey\nhl\research\sdv_challenger\season_2025\standalone_comparison.csv,-1.5,1.5,157.0,-180.0,,,2026_01_13_NHL_merged.csv,2.5700000000000003,1.5555555555555556,157.0,-180.0,0.0,1.0
2025020728,2026-01-13,0.5999999999999996,6.04,0.2336906621583949,4.469216168699253,2,8,docs\win\hockey\nhl\research\sdv_challenger\season_2025\standalone_comparison.csv,-1.5,1.5,174.0,-200.0,,,2026_01_13_NHL_merged.csv,2.74,1.5,174.0,-200.0,1.0,0.0
2025020729,2026-01-13,0.2600000000000002,6.1,0.1484493546845215,4.049619690845786,3,3,docs\win\hockey\nhl\research\sdv_challenger\season_2025\standalone_comparison.csv,-1.5,1.5,189.0,-225.0,,,2026_01_13_NHL_merged.csv,2.8899999999999997,1.4444444444444444,189.0,-225.0,1.0,0.0
2025020730,2026-01-13,-1.13,5.75,-0.0801372411635261,4.470665071405174,3,3,docs\win\hockey\nhl\research\sdv_challenger\season_2025\standalone_comparison.csv,1.5,-1.5,-185.0,161.0,,,2026_01_13_NHL_merged.csv,1.5405405405405406,2.6100000000000003,-185.0,161.0,1.0,0.0
2025020731,2026-01-13,-0.1499999999999999,6.37,0.1279099709909368,4.443238329419615,1,7,docs\win\hockey\nhl\research\sdv_challenger\season_2025\standalone_comparison.csv,1.5,-1.5,-255.0,211.0,,,2026_01_13_NHL_merged.csv,1.392156862745098,3.11,-255.0,211.0,1.0,0.0
2025020732,2026-01-13,0.2099999999999999,5.57,0.1686238041441998,4.204194852631825,1,9,docs\win\hockey\nhl\research\sdv_challenger\season_2025\standalone_comparison.csv,-1.5,1.5,189.0,-225.0,,,2026_01_13_NHL_merged.csv,2.8899999999999997,1.4444444444444444,189.0,-225.0,0.0,1.0
2025020733,2026-01-13,0.94,5.78,0.3277545194067439,4.264067827156085,5,7,docs\win\hockey\nhl\research\sdv_challenger\season_2025\standalone_comparison.csv,-1.5,1.5,168.0,-193.0,,,2026_01_13_NHL_merged.csv,2.6799999999999997,1.5181347150259068,168.0,-193.0,1.0,0.0
2025020734,2026-01-13,-0.4100000000000001,6.41,0.1194596738854114,4.348843941577181,2,4,docs\win\hockey\nhl\research\sdv_challenger\season_2025\standalone_comparison.csv,1.5,-1.5,-255.0,211.0,,,2026_01_13_NHL_merged.csv,1.392156862745098,3.11,-255.0,211.0,1.0,0.0
2025020735,2026-01-14,1.0299999999999998,5.73,0.2755707131068474,4.210267508735739,1,5,docs\win\hockey\nhl\research\sdv_challenger\season_2025\standalone_comparison.csv,-1.5,1.5,165.0,-190.0,,,2026_01_14_NHL_merged.csv,2.65,1.526315789473684,165.0,-190.0,0.0,1.0
2025020736,2026-01-14,0.54,6.1,0.1748133570619909,4.071039144374822,3,7,docs\win\hockey\nhl\research\sdv_challenger\season_2025\standalone_comparison.csv,-1.5,1.5,170.0,-195.0,,,2026_01_14_NHL_merged.csv,2.7,1.5128205128205128,170.0,-195.0,1.0,0.0
2025020737,2026-01-14,0.1800000000000001,5.68,0.0082147855474352,3.788045484900014,-4,12,docs\win\hockey\nhl\research\sdv_challenger\season_2025\standalone_comparison.csv,-1.5,1.5,226.0,-275.0,,,2026_01_14_NHL_merged.csv,3.26,1.3636363636363638,226.0,-275.0,0.0,1.0
2025020738,2026-01-14,-0.29,5.67,0.1367892808151403,3.838625887324849,-1,5,docs\win\hockey\nhl\research\sdv_challenger\season_2025\standalone_comparison.csv,1.5,-1.5,-280.0,230.0,,,2026_01_14_NHL_merged.csv,1.3571428571428572,3.3,-280.0,230.0,1.0,0.0
2025020739,2026-01-15,1.0299999999999998,5.81,0.2455602863585104,3.979293925660489,2,6,docs\win\hockey\nhl\research\sdv_challenger\season_2025\standalone_comparison.csv,-1.5,1.5,153.0,-175.0,,,2026_01_15_NHL_merged.csv,2.5300000000000002,1.5714285714285714,153.0,-175.0,1.0,0.0
2025020740,2026-01-15,-0.0900000000000003,6.31,0.1344937292550363,4.253572846358044,2,8,docs\win\hockey\nhl\research\sdv_challenger\season_2025\standalone_comparison.csv,-1.5,1.5,222.0,-270.0,,,2026_01_15_NHL_merged.csv,3.22,1.3703703703703702,222.0,-270.0,1.0,0.0
2025020741,2026-01-15,0.5899999999999999,6.17,0.1708416497159999,4.155565555663361,3,9,docs\win\hockey\nhl\research\sdv_challenger\season_2025\standalone_comparison.csv,-1.5,1.5,174.0,-200.0,,,2026_01_15_NHL_merged.csv,2.74,1.5,174.0,-200.0,1.0,0.0
2025020742,2026-01-15,1.1500000000000004,6.21,0.3116641900726269,4.301163975184249,-1,5,docs\win\hockey\nhl\research\sdv_challenger\season_2025\standalone_comparison.csv,-1.5,1.5,130.0,-150.0,,,2026_01_15_NHL_merged.csv,2.3,1.6666666666666665,130.0,-150.0,0.0,1.0
2025020743,2026-01-15,1.0700000000000005,6.21,0.304257477404052,4.710709593308279,3,5,docs\win\hockey\nhl\research\sdv_challenger\season_2025\standalone_comparison.csv,-1.5,1.5,149.0,-170.0,,,2026_01_15_NHL_merged.csv,2.49,1.5882352941176472,149.0,-170.0,1.0,0.0
2025020744,2026-01-15,0.8900000000000001,5.69,0.2405710641426286,4.260058058175351,-4,8,docs\win\hockey\nhl\research\sdv_challenger\season_2025\standalone_comparison.csv,-1.5,1.5,170.0,-195.0,,,2026_01_15_NHL_merged.csv,2.7,1.5128205128205128,170.0,-195.0,0.0,1.0
2025020745,2026-01-15,-0.1500000000000003,5.71,0.0841058762743807,4.196580970087703,-2,4,docs\win\hockey\nhl\research\sdv_challenger\season_2025\standalone_comparison.csv,-1.5,1.5,222.0,-270.0,,,2026_01_15_NHL_merged.csv,3.22,1.3703703703703702,222.0,-270.0,0.0,1.0
2025020746,2026-01-15,0.3099999999999996,5.71,0.2695626565332878,4.204686570828737,1,3,docs\win\hockey\nhl\research\sdv_challenger\season_2025\standalone_comparison.csv,-1.5,1.5,230.0,-280.0,,,2026_01_15_NHL_merged.csv,3.3,1.3571428571428572,230.0,-280.0,0.0,1.0
2025020747,2026-01-15,0.6999999999999997,6.1,0.2346726966975429,4.533535111289428,-1,1,docs\win\hockey\nhl\research\sdv_challenger\season_2025\standalone_comparison.csv,-1.5,1.5,145.0,-165.0,,,2026_01_15_NHL_merged.csv,2.45,1.606060606060606,145.0,-165.0,0.0,1.0
2025020748,2026-01-15,0.6099999999999999,5.93,0.3521271590808723,4.121931068066532,1,11,docs\win\hockey\nhl\research\sdv_challenger\season_2025\standalone_comparison.csv,-1.5,1.5,180.0,-210.0,,,2026_01_15_NHL_merged.csv,2.8,1.4761904761904763,180.0,-210.0,0.0,1.0
2025020749,2026-01-16,1.19,6.33,0.2144686527125991,4.216753661527443,2,6,docs\win\hockey\nhl\research\sdv_challenger\season_2025\standalone_comparison.csv,-1.5,1.5,105.0,-125.0,,,2026_01_16_NHL_merged.csv,2.05,1.8,105.0,-125.0,1.0,0.0
2025020750,2026-01-16,0.9500000000000002,5.87,0.2893572560801534,4.328166253587726,8,10,docs\win\hockey\nhl\research\sdv_challenger\season_2025\standalone_comparison.csv,-1.5,1.5,161.0,-185.0,,,2026_01_16_NHL_merged.csv,2.6100000000000003,1.5405405405405406,161.0,-185.0,1.0,0.0
2025020751,2026-01-16,-1.11,5.65,-0.010345161457987,4.096703152787431,1,5,docs\win\hockey\nhl\research\sdv_challenger\season_2025\standalone_comparison.csv,1.5,-1.5,-165.0,145.0,,,2026_01_16_NHL_merged.csv,1.606060606060606,2.45,-165.0,145.0,1.0,0.0
2025020752,2026-01-16,1.48,6.3,0.4444491807328767,4.320702284284991,-4,10,docs\win\hockey\nhl\research\sdv_challenger\season_2025\standalone_comparison.csv,-1.5,1.5,-120.0,100.0,,,2026_01_16_NHL_merged.csv,1.8333333333333335,2.0,-120.0,100.0,0.0,1.0
2025020753,2026-01-16,0.8300000000000001,6.21,0.2553993291740921,4.179225398978487,-1,5,docs\win\hockey\nhl\research\sdv_challenger\season_2025\standalone_comparison.csv,-1.5,1.5,157.0,-180.0,,,2026_01_16_NHL_merged.csv,2.5700000000000003,1.5555555555555556,157.0,-180.0,0.0,1.0
2025020754,2026-01-17,0.5,6.28,0.1856890108518203,4.272136358604116,-1,9,docs\win\hockey\nhl\research\sdv_challenger\season_2025\standalone_comparison.csv,-1.5,1.5,203.0,-245.0,,,2026_01_17_NHL_merged.csv,3.03,1.4081632653061225,203.0,-245.0,0.0,1.0
2025020755,2026-01-17,0.2200000000000002,5.64,0.201414708634287,3.8789195947145423,-3,9,docs\win\hockey\nhl\research\sdv_challenger\season_2025\standalone_comparison.csv,-1.5,1.5,177.0,-205.0,,,2026_01_17_NHL_merged.csv,2.77,1.4878048780487805,177.0,-205.0,0.0,1.0
2025020756,2026-01-17,-0.2199999999999997,5.58,0.2137377682344099,4.1705929574193,2,6,docs\win\hockey\nhl\research\sdv_challenger\season_2025\standalone_comparison.csv,1.5,-1.5,-270.0,222.0,,,2026_01_17_NHL_merged.csv,1.3703703703703702,3.22,-270.0,222.0,1.0,0.0
2025020757,2026-01-17,1.19,5.59,0.4240245359593086,4.200928099843615,3,9,docs\win\hockey\nhl\research\sdv_challenger\season_2025\standalone_comparison.csv,-1.5,1.5,149.0,-170.0,,,2026_01_17_NHL_merged.csv,2.49,1.5882352941176472,149.0,-170.0,1.0,0.0
2025020758,2026-01-17,0.6699999999999999,5.97,0.2296094136592041,3.981096471559814,-1,11,docs\win\hockey\nhl\research\sdv_challenger\season_2025\standalone_comparison.csv,-1.5,1.5,192.0,-230.0,,,2026_01_17_NHL_merged.csv,2.92,1.434782608695652,192.0,-230.0,0.0,1.0
2025020759,2026-01-17,-0.4199999999999999,6.14,-0.0888945173719486,4.539345993911733,-3,5,docs\win\hockey\nhl\research\sdv_challenger\season_2025\standalone_comparison.csv,1.5,-1.5,-260.0,215.0,,,2026_01_17_NHL_merged.csv,1.3846153846153846,3.15,-260.0,215.0,0.0,1.0
2025020760,2026-01-17,0.27,6.65,0.170573010077164,4.710457183657118,-1,7,docs\win\hockey\nhl\research\sdv_challenger\season_2025\standalone_comparison.csv,-1.5,1.5,186.0,-220.0,,,2026_01_17_NHL_merged.csv,2.8600000000000003,1.4545454545454546,186.0,-220.0,0.0,1.0
2025020761,2026-01-17,0.5300000000000002,5.87,0.10990964536045,4.164384254512873,-3,7,docs\win\hockey\nhl\research\sdv_challenger\season_2025\standalone_comparison.csv,-1.5,1.5,189.0,-225.0,,,2026_01_17_NHL_merged.csv,2.8899999999999997,1.4444444444444444,189.0,-225.0,0.0,1.0
2025020762,2026-01-17,0.3399999999999998,5.82,0.1530335205921176,4.176909907216659,-1,7,docs\win\hockey\nhl\research\sdv_challenger\season_2025\standalone_comparison.csv,-1.5,1.5,203.0,-245.0,,,2026_01_17_NHL_merged.csv,3.03,1.4081632653061225,203.0,-245.0,0.0,1.0
2025020763,2026-01-17,-0.56,5.86,0.0877225035128055,4.106767821018552,-3,7,docs\win\hockey\nhl\research\sdv_challenger\season_2025\standalone_comparison.csv,1.5,-1.5,-255.0,211.0,,,2026_01_17_NHL_merged.csv,1.392156862745098,3.11,-255.0,211.0,0.0,1.0
2025020764,2026-01-17,-0.77,6.43,0.0144003114920066,4.682186656247911,-6,6,docs\win\hockey\nhl\research\sdv_challenger\season_2025\standalone_comparison.csv,1.5,-1.5,-160.0,140.0,,,2026_01_17_NHL_merged.csv,1.625,2.4,-160.0,140.0,0.0,1.0
2025020765,2026-01-17,1.21,5.97,0.3016573842597156,4.035368766150851,5,9,docs\win\hockey\nhl\research\sdv_challenger\season_2025\standalone_comparison.csv,-1.5,1.5,100.0,-120.0,,,2026_01_17_NHL_merged.csv,2.0,1.8333333333333335,100.0,-120.0,1.0,0.0
2025020766,2026-01-17,0.1300000000000003,6.23,0.0647627153473315,4.1993520365046,1,3,docs\win\hockey\nhl\research\sdv_challenger\season_2025\standalone_comparison.csv,1.5,-1.5,-250.0,207.0,,,2026_01_17_NHL_merged.csv,1.4,3.07,-250.0,207.0,1.0,0.0
2025020767,2026-01-18,0.08,5.88,0.0217113411029998,3.973631601643664,-3,5,docs\win\hockey\nhl\research\sdv_challenger\season_2025\standalone_comparison.csv,-1.5,1.5,222.0,-270.0,,,2026_01_18_NHL_merged.csv,3.22,1.3703703703703702,222.0,-270.0,0.0,1.0
2025020768,2026-01-18,0.71,6.13,0.002500129535619,4.019659516059221,1,7,docs\win\hockey\nhl\research\sdv_challenger\season_2025\standalone_comparison.csv,-1.5,1.5,177.0,-205.0,,,2026_01_18_NHL_merged.csv,2.77,1.4878048780487805,177.0,-205.0,0.0,1.0
2025020769,2026-01-18,0.5199999999999996,6.5,0.2110804010245353,4.522778435554325,5,5,docs\win\hockey\nhl\research\sdv_challenger\season_2025\standalone_comparison.csv,-1.5,1.5,140.0,-160.0,,,2026_01_18_NHL_merged.csv,2.4,1.625,140.0,-160.0,1.0,0.0
2025020770,2026-01-19,1.21,6.33,0.3954977373282169,4.495127980529665,1,3,docs\win\hockey\nhl\research\sdv_challenger\season_2025\standalone_comparison.csv,-1.5,1.5,125.0,-145.0,,,2026_01_19_NHL_merged.csv,2.25,1.6896551724137931,125.0,-145.0,0.0,1.0
2025020771,2026-01-19,1.2400000000000002,6.26,0.392848873005041,4.516241744278819,3,7,docs\win\hockey\nhl\research\sdv_challenger\season_2025\standalone_comparison.csv,-1.5,1.5,117.0,-137.0,,,2026_01_19_NHL_merged.csv,2.17,1.72992700729927,117.0,-137.0,1.0,0.0
2025020772,2026-01-19,-0.02,6.1,0.0200669011294634,4.255032873577977,-3,9,docs\win\hockey\nhl\research\sdv_challenger\season_2025\standalone_comparison.csv,1.5,-1.5,-240.0,200.0,,,2026_01_19_NHL_merged.csv,1.4166666666666667,3.0,-240.0,200.0,0.0,1.0
2025020773,2026-01-19,1.21,6.19,0.3416836797859512,4.0243115734140495,-3,5,docs\win\hockey\nhl\research\sdv_challenger\season_2025\standalone_comparison.csv,-1.5,1.5,130.0,-150.0,,,2026_01_19_NHL_merged.csv,2.3,1.6666666666666665,130.0,-150.0,0.0,1.0
2025020774,2026-01-19,0.3200000000000003,5.92,0.0867543590141806,4.293575687940299,-3,9,docs\win\hockey\nhl\research\sdv_challenger\season_2025\standalone_comparison.csv,-1.5,1.5,207.0,-250.0,,,2026_01_19_NHL_merged.csv,3.07,1.4,207.0,-250.0,0.0,1.0
2025020775,2026-01-19,1.16,5.78,0.2790886879699448,3.9823538984912994,-1,3,docs\win\hockey\nhl\research\sdv_challenger\season_2025\standalone_comparison.csv,-1.5,1.5,120.0,-140.0,,,2026_01_19_NHL_merged.csv,2.2,1.7142857142857144,120.0,-140.0,0.0,1.0
2025020776,2026-01-19,-0.6200000000000001,5.74,0.1005045936817201,4.195151188566959,2,2,docs\win\hockey\nhl\research\sdv_challenger\season_2025\standalone_comparison.csv,1.5,-1.5,-215.0,183.0,,,2026_01_19_NHL_merged.csv,1.4651162790697674,2.83,-215.0,183.0,1.0,0.0
2025020777,2026-01-19,-0.0100000000000002,5.69,0.117804115367849,4.170466701412258,-1,3,docs\win\hockey\nhl\research\sdv_challenger\season_2025\standalone_comparison.csv,1.5,-1.5,-245.0,203.0,,,2026_01_19_NHL_merged.csv,1.4081632653061225,3.03,-245.0,203.0,1.0,0.0
2025020778,2026-01-19,-0.7600000000000002,5.94,0.0981458000708235,4.456539642725042,-1,7,docs\win\hockey\nhl\research\sdv_challenger\season_2025\standalone_comparison.csv,1.5,-1.5,-210.0,180.0,,,2026_01_19_NHL_merged.csv,1.4761904761904763,2.8,-210.0,180.0,1.0,0.0
2025020779,2026-01-19,0.2000000000000001,6.26,0.2012052335314069,4.258259389436565,2,8,docs\win\hockey\nhl\research\sdv_challenger\season_2025\standalone_comparison.csv,-1.5,1.5,180.0,-210.0,,,2026_01_19_NHL_merged.csv,2.8,1.4761904761904763,180.0,-210.0,1.0,0.0
2025020780,2026-01-20,0.6600000000000001,6.0,0.2095298853546099,4.294170104365276,1,7,docs\win\hockey\nhl\research\sdv_challenger\season_2025\standalone_comparison.csv,-1.5,1.5,180.0,-210.0,,,2026_01_20_NHL_merged.csv,2.8,1.4761904761904763,180.0,-210.0,0.0,1.0
2025020781,2026-01-20,1.4900000000000002,6.25,0.4194099441001664,4.096025229635212,3,5,docs\win\hockey\nhl\research\sdv_challenger\season_2025\standalone_comparison.csv,-1.5,1.5,-115.0,-105.0,,,2026_01_20_NHL_merged.csv,1.8695652173913042,1.9523809523809523,-115.0,-105.0,1.0,0.0
2025020782,2026-01-20,-0.0799999999999996,6.52,0.0472237891052125,4.294032920925604,-3,5,docs\win\hockey\nhl\research\sdv_challenger\season_2025\standalone_comparison.csv,1.5,-1.5,-250.0,207.0,,,2026_01_20_NHL_merged.csv,1.4,3.07,-250.0,207.0,0.0,1.0
2025020783,2026-01-20,1.09,5.93,0.2370879854103464,3.8967523424027593,4,8,docs\win\hockey\nhl\research\sdv_challenger\season_2025\standalone_comparison.csv,-1.5,1.5,151.0,-172.0,,,2026_01_20_NHL_merged.csv,2.51,1.5813953488372094,151.0,-172.0,1.0,0.0
2025020784,2026-01-20,0.1600000000000001,6.24,0.1282923449797204,4.144393257889683,-2,8,docs\win\hockey\nhl\research\sdv_challenger\season_2025\standalone_comparison.csv,-1.5,1.5,180.0,-210.0,,,2026_01_20_NHL_merged.csv,2.8,1.4761904761904763,180.0,-210.0,0.0,1.0
2025020785,2026-01-20,0.6499999999999999,5.49,0.1191587267146712,4.13014038831519,2,4,docs\win\hockey\nhl\research\sdv_challenger\season_2025\standalone_comparison.csv,-1.5,1.5,183.0,-215.0,,,2026_01_20_NHL_merged.csv,2.83,1.4651162790697674,183.0,-215.0,1.0,0.0
2025020786,2026-01-20,0.98,6.28,0.2144796564561062,4.616247819356707,-1,3,docs\win\hockey\nhl\research\sdv_challenger\season_2025\standalone_comparison.csv,-1.5,1.5,157.0,-180.0,,,2026_01_20_NHL_merged.csv,2.5700000000000003,1.5555555555555556,157.0,-180.0,0.0,1.0
2025020787,2026-01-20,0.9900000000000002,5.55,0.2829341578143194,3.747077975186583,1,7,docs\win\hockey\nhl\research\sdv_challenger\season_2025\standalone_comparison.csv,-1.5,1.5,140.0,-160.0,,,2026_01_20_NHL_merged.csv,2.4,1.625,140.0,-160.0,0.0,1.0
2025020788,2026-01-21,0.3900000000000001,6.15,0.1307759423372774,4.284597797822782,-1,3,docs\win\hockey\nhl\research\sdv_challenger\season_2025\standalone_comparison.csv,-1.5,1.5,211.0,-255.0,,,2026_01_21_NHL_merged.csv,3.11,1.392156862745098,211.0,-255.0,0.0,1.0
2025020789,2026-01-21,1.4399999999999995,6.76,0.4230197106354829,4.622091844850475,-1,3,docs\win\hockey\nhl\research\sdv_challenger\season_2025\standalone_comparison.csv,-1.5,1.5,-115.0,-105.0,,,2026_01_21_NHL_merged.csv,1.8695652173913042,1.9523809523809523,-115.0,-105.0,0.0,1.0
2025020790,2026-01-21,1.1,5.68,0.2880852865019063,4.182450720365676,1,9,docs\win\hockey\nhl\research\sdv_challenger\season_2025\standalone_comparison.csv,-1.5,1.5,153.0,-175.0,,,2026_01_21_NHL_merged.csv,2.5300000000000002,1.5714285714285714,153.0,-175.0,0.0,1.0
2025020791,2026-01-21,0.29,6.13,0.0752988810150863,4.198553149893595,-3,5,docs\win\hockey\nhl\research\sdv_challenger\season_2025\standalone_comparison.csv,1.5,-1.5,-250.0,207.0,,,2026_01_21_NHL_merged.csv,1.4,3.07,-250.0,207.0,0.0,1.0
2025020792,2026-01-21,-1.0499999999999998,5.99,0.0037661533762083,4.556224369922578,1,7,docs\win\hockey\nhl\research\sdv_challenger\season_2025\standalone_comparison.csv,1.5,-1.5,-200.0,174.0,,,2026_01_21_NHL_merged.csv,1.5,2.74,-200.0,174.0,1.0,0.0
2025020793,2026-01-21,-0.4399999999999999,5.66,0.1274297379825264,4.222803073100113,3,5,docs\win\hockey\nhl\research\sdv_challenger\season_2025\standalone_comparison.csv,1.5,-1.5,-260.0,215.0,,,2026_01_21_NHL_merged.csv,1.3846153846153846,3.15,-260.0,215.0,1.0,0.0
2025020794,2026-01-22,-0.56,5.94,-0.0040154620675827,3.9332982456743872,1,7,docs\win\hockey\nhl\research\sdv_challenger\season_2025\standalone_comparison.csv,1.5,-1.5,-225.0,189.0,,,2026_01_22_NHL_merged.csv,1.4444444444444444,2.8899999999999997,-225.0,189.0,1.0,0.0
2025020795,2026-01-22,0.54,6.36,0.2158464356946594,4.219863406823507,-2,6,docs\win\hockey\nhl\research\sdv_challenger\season_2025\standalone_comparison.csv,-1.5,1.5,189.0,-225.0,,,2026_01_22_NHL_merged.csv,2.8899999999999997,1.4444444444444444,189.0,-225.0,0.0,1.0
2025020796,2026-01-22,1.5,5.98,0.5527577905133287,4.53160978217691,-1,7,docs\win\hockey\nhl\research\sdv_challenger\season_2025\standalone_comparison.csv,-1.5,1.5,-112.0,-108.0,,,2026_01_22_NHL_merged.csv,1.8928571428571428,1.925925925925926,-112.0,-108.0,0.0,1.0
2025020797,2026-01-22,-0.4599999999999999,6.3,0.1497602689155783,4.406992779661205,1,1,docs\win\hockey\nhl\research\sdv_challenger\season_2025\standalone_comparison.csv,1.5,-1.5,-235.0,195.0,,,2026_01_22_NHL_merged.csv,1.425531914893617,2.95,-235.0,195.0,1.0,0.0
2025020798,2026-01-22,0.04,6.16,-0.0035811878390066,3.852654973358396,2,8,docs\win\hockey\nhl\research\sdv_challenger\season_2025\standalone_comparison.csv,1.5,-1.5,-275.0,226.0,,,2026_01_22_NHL_merged.csv,1.3636363636363638,3.26,-275.0,226.0,1.0,0.0
2025020799,2026-01-22,-0.0500000000000002,5.69,0.0037398854422763,3.989359277537317,-1,3,docs\win\hockey\nhl\research\sdv_challenger\season_2025\standalone_comparison.csv,-1.5,1.5,230.0,-280.0,,,2026_01_22_NHL_merged.csv,3.3,1.3571428571428572,230.0,-280.0,0.0,1.0
2025020800,2026-01-22,1.13,6.75,0.1644834107269432,4.708383429035438,-4,8,docs\win\hockey\nhl\research\sdv_challenger\season_2025\standalone_comparison.csv,-1.5,1.5,135.0,-155.0,,,2026_01_22_NHL_merged.csv,2.35,1.6451612903225805,135.0,-155.0,0.0,1.0
2025020801,2026-01-22,0.8200000000000003,6.0,0.206188619442373,4.355668526907779,1,7,docs\win\hockey\nhl\research\sdv_challenger\season_2025\standalone_comparison.csv,-1.5,1.5,165.0,-190.0,,,2026_01_22_NHL_merged.csv,2.65,1.526315789473684,165.0,-190.0,0.0,1.0
2025020802,2026-01-23,-0.0300000000000002,5.95,-0.0175618637846923,4.136459656274396,-3,9,docs\win\hockey\nhl\research\sdv_challenger\season_2025\standalone_comparison.csv,1.5,-1.5,-255.0,211.0,,,2026_01_23_NHL_merged.csv,1.392156862745098,3.11,-255.0,211.0,0.0,1.0
2025020803,2026-01-23,-1.3200000000000005,5.92,-0.1698305051726318,4.150270441986332,-1,3,docs\win\hockey\nhl\research\sdv_challenger\season_2025\standalone_comparison.csv,1.5,-1.5,-125.0,105.0,,,2026_01_23_NHL_merged.csv,1.8,2.05,-125.0,105.0,1.0,0.0
2025020804,2026-01-23,1.1800000000000002,5.7,0.2198674802412639,4.014013593014861,1,5,docs\win\hockey\nhl\research\sdv_challenger\season_2025\standalone_comparison.csv,-1.5,1.5,149.0,-170.0,,,2026_01_23_NHL_merged.csv,2.49,1.5882352941176472,149.0,-170.0,0.0,1.0
2025020805,2026-01-23,1.4099999999999997,6.11,0.4308804457608448,4.258337302023893,-4,10,docs\win\hockey\nhl\research\sdv_challenger\season_2025\standalone_comparison.csv,-1.5,1.5,-120.0,100.0,,,2026_01_23_NHL_merged.csv,1.8333333333333335,2.0,-120.0,100.0,0.0,1.0
2025020806,2026-01-23,-0.5,5.76,0.0687041816956743,4.217851886066404,-2,4,docs\win\hockey\nhl\research\sdv_challenger\season_2025\standalone_comparison.csv,1.5,-1.5,-215.0,183.0,,,2026_01_23_NHL_merged.csv,1.4651162790697674,2.83,-215.0,183.0,0.0,1.0
2025020807,2026-01-23,-0.71,5.93,0.0431092481427519,4.438954005984989,-1,9,docs\win\hockey\nhl\research\sdv_challenger\season_2025\standalone_comparison.csv,1.5,-1.5,-200.0,174.0,,,2026_01_23_NHL_merged.csv,1.5,2.74,-200.0,174.0,1.0,0.0
2025020808,2026-01-23,-0.4199999999999999,6.08,0.1079780058251724,4.022010349871104,2,4,docs\win\hockey\nhl\research\sdv_challenger\season_2025\standalone_comparison.csv,-1.5,1.5,183.0,-215.0,,,2026_01_23_NHL_merged.csv,2.83,1.4651162790697674,183.0,-215.0,1.0,0.0
2025020809,2026-01-23,-0.1,6.24,0.0443400897073948,4.347286745140148,-2,6,docs\win\hockey\nhl\research\sdv_challenger\season_2025\standalone_comparison.csv,-1.5,1.5,211.0,-255.0,,,2026_01_23_NHL_merged.csv,3.11,1.392156862745098,211.0,-255.0,0.0,1.0
2025020810,2026-01-24,0.27,6.07,0.067610632305112,4.312143052042495,-5,5,docs\win\hockey\nhl\research\sdv_challenger\season_2025\standalone_comparison.csv,-1.5,1.5,203.0,-245.0,,,2026_01_24_NHL_merged.csv,3.03,1.4081632653061225,203.0,-245.0,0.0,1.0
2025020811,2026-01-24,-0.5900000000000003,5.77,0.0147981936515462,4.287712321740247,-3,7,docs\win\hockey\nhl\research\sdv_challenger\season_2025\standalone_comparison.csv,1.5,-1.5,-250.0,207.0,,,2026_01_24_NHL_merged.csv,1.4,3.07,-250.0,207.0,0.0,1.0
2025020812,2026-01-24,0.1699999999999999,6.13,0.0504845709792483,4.060185816741745,1,7,docs\win\hockey\nhl\research\sdv_challenger\season_2025\standalone_comparison.csv,-1.5,1.5,203.0,-245.0,,,2026_01_24_NHL_merged.csv,3.03,1.4081632653061225,203.0,-245.0,0.0,1.0
2025020813,2026-01-24,-0.8199999999999998,6.24,0.0510028822897679,4.223462707615996,-3,5,docs\win\hockey\nhl\research\sdv_challenger\season_2025\standalone_comparison.csv,1.5,-1.5,-235.0,195.0,,,2026_01_24_NHL_merged.csv,1.425531914893617,2.95,-235.0,195.0,0.0,1.0
2025020814,2026-01-24,-0.5800000000000001,6.26,-0.0241272834283376,4.434722232204591,3,13,docs\win\hockey\nhl\research\sdv_challenger\season_2025\standalone_comparison.csv,1.5,-1.5,-215.0,183.0,,,2026_01_24_NHL_merged.csv,1.4651162790697674,2.83,-215.0,183.0,1.0,0.0
2025020815,2026-01-24,0.1499999999999999,5.91,0.1243203731237931,4.184087951707538,-4,6,docs\win\hockey\nhl\research\sdv_challenger\season_2025\standalone_comparison.csv,-1.5,1.5,200.0,-240.0,,,2026_01_24_NHL_merged.csv,3.0,1.4166666666666667,200.0,-240.0,0.0,1.0
2025020816,2026-01-24,-0.8999999999999999,5.4,0.0514185129938939,3.891787561523941,-1,9,docs\win\hockey\nhl\research\sdv_challenger\season_2025\standalone_comparison.csv,1.5,-1.5,-205.0,177.0,,,2026_01_24_NHL_merged.csv,1.4878048780487805,2.77,-205.0,177.0,1.0,0.0
2025020817,2026-01-24,0.2799999999999998,5.86,0.0731973344837806,4.130120555470174,-1,7,docs\win\hockey\nhl\research\sdv_challenger\season_2025\standalone_comparison.csv,-1.5,1.5,192.0,-230.0,,,2026_01_24_NHL_merged.csv,2.92,1.434782608695652,192.0,-230.0,0.0,1.0
2025020818,2026-01-24,0.6800000000000002,6.26,0.1602553597021803,4.711470201457255,1,11,docs\win\hockey\nhl\research\sdv_challenger\season_2025\standalone_comparison.csv,-1.5,1.5,140.0,-160.0,,,2026_01_24_NHL_merged.csv,2.4,1.625,140.0,-160.0,0.0,1.0
2025020819,2026-01-25,-1.0500000000000005,6.35,-0.1818100730109688,4.430269130896355,-3,5,docs\win\hockey\nhl\research\sdv_challenger\season_2025\standalone_comparison.csv,1.5,-1.5,-160.0,140.0,,,2026_01_25_NHL_merged.csv,1.625,2.4,-160.0,140.0,0.0,1.0
2025020820,2026-01-25,-0.4099999999999997,5.65,0.0653644397949153,4.164134528181921,2,6,docs\win\hockey\nhl\research\sdv_challenger\season_2025\standalone_comparison.csv,1.5,-1.5,-250.0,207.0,,,2026_01_25_NHL_merged.csv,1.4,3.07,-250.0,207.0,1.0,0.0
2025020821,2026-01-25,-0.7599999999999998,6.12,0.1808075370494335,3.8542932788045015,6,8,docs\win\hockey\nhl\research\sdv_challenger\season_2025\standalone_comparison.csv,1.5,-1.5,-195.0,170.0,,,2026_01_25_NHL_merged.csv,1.5128205128205128,2.7,-195.0,170.0,1.0,0.0
2025020822,2026-01-25,-0.5700000000000003,6.29,-0.0072423390414693,4.52990495312325,-1,5,docs\win\hockey\nhl\research\sdv_challenger\season_2025\standalone_comparison.csv,1.5,-1.5,-200.0,174.0,,,2026_01_25_NHL_merged.csv,1.5,2.74,-200.0,174.0,1.0,0.0
2025020823,2026-01-25,-0.7599999999999998,5.8,-0.0838270180897029,4.076750632416158,-4,6,docs\win\hockey\nhl\research\sdv_challenger\season_2025\standalone_comparison.csv,1.5,-1.5,-200.0,174.0,,,2026_01_25_NHL_merged.csv,1.5,2.74,-200.0,174.0,0.0,1.0
2025020824,2026-01-25,0.0899999999999998,6.29,0.0670593638183714,4.315146808343044,-1,7,docs\win\hockey\nhl\research\sdv_challenger\season_2025\standalone_comparison.csv,-1.5,1.5,211.0,-255.0,,,2026_01_25_NHL_merged.csv,3.11,1.392156862745098,211.0,-255.0,0.0,1.0
2025020825,2026-01-26,0.79,5.83,0.2324013747991218,4.242743779811427,2,2,docs\win\hockey\nhl\research\sdv_challenger\season_2025\standalone_comparison.csv,-1.5,1.5,153.0,-175.0,,,2026_01_26_NHL_merged.csv,2.5300000000000002,1.5714285714285714,153.0,-175.0,1.0,0.0
2025020826,2026-01-26,0.2899999999999996,5.73,0.1845442828339285,3.851645523698236,1,7,docs\win\hockey\nhl\research\sdv_challenger\season_2025\standalone_comparison.csv,1.5,-1.5,-250.0,207.0,,,2026_01_26_NHL_merged.csv,1.4,3.07,-250.0,207.0,1.0,0.0
2025020827,2026-01-26,0.3200000000000003,5.62,0.2822974695330194,4.152963130472615,-4,4,docs\win\hockey\nhl\research\sdv_challenger\season_2025\standalone_comparison.csv,-1.5,1.5,215.0,-260.0,,,2026_01_26_NHL_merged.csv,3.15,1.3846153846153846,215.0,-260.0,0.0,1.0
2025020829,2026-01-26,1.1,6.84,0.1839391589343546,4.814251520638824,3,11,docs\win\hockey\nhl\research\sdv_challenger\season_2025\standalone_comparison.csv,-1.5,1.5,-105.0,-115.0,,,2026_01_26_NHL_merged.csv,1.9523809523809523,1.8695652173913042,-105.0,-115.0,1.0,0.0
2025020830,2026-01-27,0.2399999999999997,5.98,0.1413508356093942,4.0061261925193445,1,5,docs\win\hockey\nhl\research\sdv_challenger\season_2025\standalone_comparison.csv,-1.5,1.5,215.0,-260.0,,,2026_01_27_NHL_merged.csv,3.15,1.3846153846153846,215.0,-260.0,0.0,1.0
2025020831,2026-01-27,0.25,6.33,0.0822004665279996,4.266512424946142,-3,11,docs\win\hockey\nhl\research\sdv_challenger\season_2025\standalone_comparison.csv,-1.5,1.5,200.0,-240.0,,,2026_01_27_NHL_merged.csv,3.0,1.4166666666666667,200.0,-240.0,0.0,1.0
2025020832,2026-01-27,-0.1800000000000001,6.1,0.1179142962744785,4.147449346882904,1,5,docs\win\hockey\nhl\research\sdv_challenger\season_2025\standalone_comparison.csv,1.5,-1.5,-235.0,195.0,,,2026_01_27_NHL_merged.csv,1.425531914893617,2.95,-235.0,195.0,1.0,0.0
2025020833,2026-01-27,0.3700000000000001,5.71,0.0280742312786954,4.006909429424936,-2,4,docs\win\hockey\nhl\research\sdv_challenger\season_2025\standalone_comparison.csv,-1.5,1.5,192.0,-230.0,,,2026_01_27_NHL_merged.csv,2.92,1.434782608695652,192.0,-230.0,0.0,1.0
2025020834,2026-01-27,0.5800000000000001,5.76,0.1164017387790932,4.1683480349936985,-1,7,docs\win\hockey\nhl\research\sdv_challenger\season_2025\standalone_comparison.csv,-1.5,1.5,157.0,-180.0,,,2026_01_27_NHL_merged.csv,2.5700000000000003,1.5555555555555556,157.0,-180.0,0.0,1.0
2025020835,2026-01-27,0.54,5.64,0.2196493020775469,4.160454176907258,-1,7,docs\win\hockey\nhl\research\sdv_challenger\season_2025\standalone_comparison.csv,-1.5,1.5,200.0,-240.0,,,2026_01_27_NHL_merged.csv,3.0,1.4166666666666667,200.0,-240.0,0.0,1.0
2025020836,2026-01-27,-1.0700000000000005,5.59,0.1198160196158175,3.980583381640364,-1,7,docs\win\hockey\nhl\research\sdv_challenger\season_2025\standalone_comparison.csv,1.5,-1.5,-195.0,170.0,,,2026_01_27_NHL_merged.csv,1.5128205128205128,2.7,-195.0,170.0,1.0,0.0
2025020837,2026-01-27,1.21,5.79,0.3074559021029421,4.325124886453681,1,7,docs\win\hockey\nhl\research\sdv_challenger\season_2025\standalone_comparison.csv,-1.5,1.5,113.0,-133.0,,,2026_01_27_NHL_merged.csv,2.13,1.7518796992481203,113.0,-133.0,0.0,1.0
2025020838,2026-01-27,0.08,6.38,0.1205407120673065,4.393233337156967,-3,7,docs\win\hockey\nhl\research\sdv_challenger\season_2025\standalone_comparison.csv,1.5,-1.5,-240.0,200.0,,,2026_01_27_NHL_merged.csv,1.4166666666666667,3.0,-240.0,200.0,0.0,1.0
2025020839,2026-01-27,-0.7200000000000002,5.72,0.0094135586708508,4.255646879849255,4,6,docs\win\hockey\nhl\research\sdv_challenger\season_2025\standalone_comparison.csv,1.5,-1.5,-215.0,183.0,,,2026_01_27_NHL_merged.csv,1.4651162790697674,2.83,-215.0,183.0,1.0,0.0
2025020840,2026-01-28,0.52,6.12,0.1483230915828128,4.339658642511828,2,8,docs\win\hockey\nhl\research\sdv_challenger\season_2025\standalone_comparison.csv,-1.5,1.5,192.0,-230.0,,,2026_01_28_NHL_merged.csv,2.92,1.434782608695652,192.0,-230.0,1.0,0.0
2025020841,2026-01-28,-1.0300000000000002,6.55,0.0223480730710821,4.136729099125867,3,7,docs\win\hockey\nhl\research\sdv_challenger\season_2025\standalone_comparison.csv,1.5,-1.5,-180.0,157.0,,,2026_01_28_NHL_merged.csv,1.5555555555555556,2.5700000000000003,-180.0,157.0,1.0,0.0
2025020842,2026-01-28,0.6500000000000004,5.75,0.1025563614629536,4.07472373738475,3,7,docs\win\hockey\nhl\research\sdv_challenger\season_2025\standalone_comparison.csv,-1.5,1.5,177.0,-205.0,,,2026_01_28_NHL_merged.csv,2.77,1.4878048780487805,177.0,-205.0,1.0,0.0
2025020843,2026-01-29,0.8399999999999999,5.92,0.0893187545986093,3.850678208661184,3,9,docs\win\hockey\nhl\research\sdv_challenger\season_2025\standalone_comparison.csv,-1.5,1.5,165.0,-190.0,,,2026_01_29_NHL_merged.csv,2.65,1.526315789473684,165.0,-190.0,1.0,0.0
2025020844,2026-01-29,0.3200000000000003,5.92,0.0764406617453725,3.9941572208635256,3,5,docs\win\hockey\nhl\research\sdv_challenger\season_2025\standalone_comparison.csv,-1.5,1.5,192.0,-230.0,,,2026_01_29_NHL_merged.csv,2.92,1.434782608695652,192.0,-230.0,1.0,0.0
2025020845,2026-01-29,-0.7400000000000002,6.46,-0.0541437912122138,4.410080098108081,4,10,docs\win\hockey\nhl\research\sdv_challenger\season_2025\standalone_comparison.csv,1.5,-1.5,-190.0,165.0,,,2026_01_29_NHL_merged.csv,1.526315789473684,2.65,-190.0,165.0,1.0,0.0
2025020846,2026-01-29,0.2600000000000002,5.98,0.1080170634324089,4.450607079252368,-1,7,docs\win\hockey\nhl\research\sdv_challenger\season_2025\standalone_comparison.csv,-1.5,1.5,203.0,-245.0,,,2026_01_29_NHL_merged.csv,3.03,1.4081632653061225,203.0,-245.0,0.0,1.0
2025020847,2026-01-29,1.2000000000000002,5.74,0.4152728960741756,4.032412114341096,3,5,docs\win\hockey\nhl\research\sdv_challenger\season_2025\standalone_comparison.csv,-1.5,1.5,130.0,-150.0,,,2026_01_29_NHL_merged.csv,2.3,1.6666666666666665,130.0,-150.0,1.0,0.0
2025020848,2026-01-29,0.6699999999999999,5.83,0.149995709606177,4.206815316405032,1,5,docs\win\hockey\nhl\research\sdv_challenger\season_2025\standalone_comparison.csv,-1.5,1.5,180.0,-210.0,,,2026_01_29_NHL_merged.csv,2.8,1.4761904761904763,180.0,-210.0,0.0,1.0
2025020849,2026-01-29,-0.2399999999999997,5.86,0.2169856792018278,4.057011399289405,-1,3,docs\win\hockey\nhl\research\sdv_challenger\season_2025\standalone_comparison.csv,1.5,-1.5,-250.0,207.0,,,2026_01_29_NHL_merged.csv,1.4,3.07,-250.0,207.0,1.0,0.0
2025020850,2026-01-29,1.08,6.16,0.332986403223459,4.441945295939531,4,8,docs\win\hockey\nhl\research\sdv_challenger\season_2025\standalone_comparison.csv,-1.5,1.5,140.0,-160.0,,,2026_01_29_NHL_merged.csv,2.4,1.625,140.0,-160.0,1.0,0.0
2025020851,2026-01-29,1.0,5.92,0.2691437833429484,4.624944316698604,1,9,docs\win\hockey\nhl\research\sdv_challenger\season_2025\standalone_comparison.csv,-1.5,1.5,140.0,-160.0,,,2026_01_29_NHL_merged.csv,2.4,1.625,140.0,-160.0,0.0,1.0
2025020852,2026-01-29,-0.8999999999999999,5.66,0.0644078304651598,3.935898921390386,1,9,docs\win\hockey\nhl\research\sdv_challenger\season_2025\standalone_comparison.csv,1.5,-1.5,-190.0,165.0,,,2026_01_29_NHL_merged.csv,1.526315789473684,2.65,-190.0,165.0,1.0,0.0
2025020853,2026-01-29,1.08,5.7,0.2273704120341659,4.171956796914508,3,5,docs\win\hockey\nhl\research\sdv_challenger\season_2025\standalone_comparison.csv,-1.5,1.5,120.0,-140.0,,,2026_01_29_NHL_merged.csv,2.2,1.7142857142857144,120.0,-140.0,1.0,0.0
2025020854,2026-01-29,1.21,6.59,0.2768401669784373,4.568656772338261,1,7,docs\win\hockey\nhl\research\sdv_challenger\season_2025\standalone_comparison.csv,-1.5,1.5,110.0,-130.0,,,2026_01_29_NHL_merged.csv,2.1,1.7692307692307692,110.0,-130.0,0.0,1.0
2025020855,2026-01-29,-0.6699999999999999,6.61,0.0047672479655282,4.623463561614527,2,2,docs\win\hockey\nhl\research\sdv_challenger\season_2025\standalone_comparison.csv,1.5,-1.5,-205.0,177.0,,,2026_01_29_NHL_merged.csv,1.4878048780487805,2.77,-205.0,177.0,1.0,0.0
2025020856,2026-01-29,0.2800000000000002,5.84,0.245726533814254,4.006253667030975,-1,9,docs\win\hockey\nhl\research\sdv_challenger\season_2025\standalone_comparison.csv,-1.5,1.5,186.0,-220.0,,,2026_01_29_NHL_merged.csv,2.8600000000000003,1.4545454545454546,186.0,-220.0,0.0,1.0
2025020857,2026-01-29,-0.2599999999999998,5.84,0.1195056758097412,4.148475277900448,3,7,docs\win\hockey\nhl\research\sdv_challenger\season_2025\standalone_comparison.csv,1.5,-1.5,-265.0,219.0,,,2026_01_29_NHL_merged.csv,1.3773584905660377,3.19,-265.0,219.0,1.0,0.0
2025020858,2026-01-30,-0.9900000000000002,6.17,-0.0101580081508685,4.589017164041325,-2,6,docs\win\hockey\nhl\research\sdv_challenger\season_2025\standalone_comparison.csv,1.5,-1.5,-190.0,165.0,,,2026_01_30_NHL_merged.csv,1.526315789473684,2.65,-190.0,165.0,0.0,1.0
2025020859,2026-01-31,-0.1200000000000001,5.54,0.0944108392577529,3.81221012074659,-1,5,docs\win\hockey\nhl\research\sdv_challenger\season_2025\standalone_comparison.csv,1.5,-1.5,-285.0,234.0,,,2026_01_31_NHL_merged.csv,1.3508771929824561,3.34,-285.0,234.0,1.0,0.0
2025020860,2026-01-31,-0.9300000000000002,6.45,-0.1553113294017909,4.455077016883928,-5,5,docs\win\hockey\nhl\research\sdv_challenger\season_2025\standalone_comparison.csv,1.5,-1.5,-205.0,177.0,,,2026_01_31_NHL_merged.csv,1.4878048780487805,2.77,-205.0,177.0,0.0,1.0
2025020861,2026-01-31,0.5700000000000003,6.25,0.2449198403541261,4.206492439092531,1,11,docs\win\hockey\nhl\research\sdv_challenger\season_2025\standalone_comparison.csv,-1.5,1.5,135.0,-155.0,,,2026_01_31_NHL_merged.csv,2.35,1.6451612903225805,135.0,-155.0,0.0,1.0
2025020862,2026-01-31,0.8399999999999999,5.74,0.3246005952433228,3.8880664600328334,-1,3,docs\win\hockey\nhl\research\sdv_challenger\season_2025\standalone_comparison.csv,-1.5,1.5,157.0,-180.0,,,2026_01_31_NHL_merged.csv,2.5700000000000003,1.5555555555555556,157.0,-180.0,0.0,1.0
2025020863,2026-01-31,0.7199999999999998,6.08,0.1742398524025277,4.026783079141143,1,5,docs\win\hockey\nhl\research\sdv_challenger\season_2025\standalone_comparison.csv,-1.5,1.5,219.0,-265.0,,,2026_01_31_NHL_merged.csv,3.19,1.3773584905660377,219.0,-265.0,0.0,1.0
2025020864,2026-01-31,-0.6800000000000002,5.94,-0.0501618491639397,4.646791902489496,1,7,docs\win\hockey\nhl\research\sdv_challenger\season_2025\standalone_comparison.csv,1.5,-1.5,-180.0,157.0,,,2026_01_31_NHL_merged.csv,1.5555555555555556,2.5700000000000003,-180.0,157.0,1.0,0.0
2025020865,2026-01-31,0.3599999999999999,6.4,0.1060118681004516,4.300147305619387,-2,6,docs\win\hockey\nhl\research\sdv_challenger\season_2025\standalone_comparison.csv,-1.5,1.5,183.0,-215.0,,,2026_01_31_NHL_merged.csv,2.83,1.4651162790697674,183.0,-215.0,0.0,1.0
2025020866,2026-01-31,0.6600000000000001,6.18,0.3347026379825726,3.978374128637443,3,5,docs\win\hockey\nhl\research\sdv_challenger\season_2025\standalone_comparison.csv,-1.5,1.5,170.0,-195.0,,,2026_01_31_NHL_merged.csv,2.7,1.5128205128205128,170.0,-195.0,1.0,0.0
2025020867,2026-01-31,0.7400000000000002,5.8,0.0826447924661932,4.206587554306124,-1,7,docs\win\hockey\nhl\research\sdv_challenger\season_2025\standalone_comparison.csv,-1.5,1.5,189.0,-225.0,,,2026_01_31_NHL_merged.csv,2.8899999999999997,1.4444444444444444,189.0,-225.0,0.0,1.0
2025020868,2026-01-31,-0.0999999999999996,6.0,0.1379860254571769,4.409810947429669,-2,8,docs\win\hockey\nhl\research\sdv_challenger\season_2025\standalone_comparison.csv,-1.5,1.5,207.0,-250.0,,,2026_01_31_NHL_merged.csv,3.07,1.4,207.0,-250.0,0.0,1.0
2025020869,2026-01-31,-1.0100000000000002,6.15,0.0717773172974007,4.436703936584587,-1,5,docs\win\hockey\nhl\research\sdv_challenger\season_2025\standalone_comparison.csv,1.5,-1.5,-205.0,177.0,,,2026_01_31_NHL_merged.csv,1.4878048780487805,2.77,-205.0,177.0,1.0,0.0
2025020870,2026-01-31,0.25,5.75,0.263235162523872,4.200138506534408,-1,5,docs\win\hockey\nhl\research\sdv_challenger\season_2025\standalone_comparison.csv,-1.5,1.5,219.0,-265.0,,,2026_01_31_NHL_merged.csv,3.19,1.3773584905660377,219.0,-265.0,0.0,1.0
2025020871,2026-01-31,0.4899999999999997,6.23,0.209020534492744,4.657448081100615,-4,10,docs\win\hockey\nhl\research\sdv_challenger\season_2025\standalone_comparison.csv,-1.5,1.5,186.0,-220.0,,,2026_01_31_NHL_merged.csv,2.8600000000000003,1.4545454545454546,186.0,-220.0,0.0,1.0
2025020872,2026-01-31,1.1800000000000002,5.76,0.3850843182915722,4.044897592177338,-1,5,docs\win\hockey\nhl\research\sdv_challenger\season_2025\standalone_comparison.csv,-1.5,1.5,125.0,-145.0,,,2026_01_31_NHL_merged.csv,2.25,1.6896551724137931,125.0,-145.0,0.0,1.0
2025020873,2026-02-01,-1.06,6.06,0.3858990104678201,3.966703826806213,1,11,docs\win\hockey\nhl\research\sdv_challenger\season_2025\standalone_comparison.csv,-1.5,1.5,120.0,-140.0,,,2026_02_01_NHL_merged.csv,2.2,1.7142857142857144,120.0,-140.0,0.0,1.0
2025020874,2026-02-01,1.1100000000000003,5.67,0.2894495454459909,4.271521158705342,1,5,docs\win\hockey\nhl\research\sdv_challenger\season_2025\standalone_comparison.csv,-1.5,1.5,140.0,-160.0,,,2026_02_01_NHL_merged.csv,2.4,1.625,140.0,-160.0,0.0,1.0
2025020875,2026-02-01,-0.08,6.46,0.0746278044405976,4.372847971732339,1,7,docs\win\hockey\nhl\research\sdv_challenger\season_2025\standalone_comparison.csv,1.5,-1.5,-225.0,189.0,,,2026_02_01_NHL_merged.csv,1.4444444444444444,2.8899999999999997,-225.0,189.0,1.0,0.0
2025020876,2026-02-02,0.5099999999999998,6.17,0.2278154002707801,4.02909891216393,-2,8,docs\win\hockey\nhl\research\sdv_challenger\season_2025\standalone_comparison.csv,-1.5,1.5,183.0,-215.0,,,2026_02_02_NHL_merged.csv,2.83,1.4651162790697674,183.0,-215.0,0.0,1.0
2025020877,2026-02-02,0.0599999999999996,6.46,0.0560915846501055,4.133928356079212,-1,5,docs\win\hockey\nhl\research\sdv_challenger\season_2025\standalone_comparison.csv,-1.5,1.5,207.0,-250.0,,,2026_02_02_NHL_merged.csv,3.07,1.4,207.0,-250.0,0.0,1.0
2025020878,2026-02-02,0.2099999999999999,5.93,0.3065490727637687,4.427529057690172,3,5,docs\win\hockey\nhl\research\sdv_challenger\season_2025\standalone_comparison.csv,-1.5,1.5,183.0,-215.0,,,2026_02_02_NHL_merged.csv,2.83,1.4651162790697674,183.0,-215.0,1.0,0.0
2025020879,2026-02-02,0.5599999999999996,6.0,0.0762640201206297,4.367002120405297,1,7,docs\win\hockey\nhl\research\sdv_challenger\season_2025\standalone_comparison.csv,-1.5,1.5,174.0,-200.0,,,2026_02_02_NHL_merged.csv,2.74,1.5,174.0,-200.0,0.0,1.0
2025020880,2026-02-02,0.8799999999999999,5.7,0.1735297272002025,4.114299796697976,1,11,docs\win\hockey\nhl\research\sdv_challenger\season_2025\standalone_comparison.csv,-1.5,1.5,177.0,-205.0,,,2026_02_02_NHL_merged.csv,2.77,1.4878048780487805,177.0,-205.0,0.0,1.0
2025020881,2026-02-02,0.1100000000000003,6.17,0.1019048972405167,4.233669085588764,3,9,docs\win\hockey\nhl\research\sdv_challenger\season_2025\standalone_comparison.csv,1.5,-1.5,-265.0,219.0,,,2026_02_02_NHL_merged.csv,1.3773584905660377,3.19,-265.0,219.0,1.0,0.0
2025020882,2026-02-02,1.0900000000000003,5.65,0.26513005966956,3.9092341199077314,1,7,docs\win\hockey\nhl\research\sdv_challenger\season_2025\standalone_comparison.csv,-1.5,1.5,157.0,-180.0,,,2026_02_02_NHL_merged.csv,2.5700000000000003,1.5555555555555556,157.0,-180.0,0.0,1.0
2025020883,2026-02-02,1.27,6.45,0.4761702945567796,4.453421295281413,-2,2,docs\win\hockey\nhl\research\sdv_challenger\season_2025\standalone_comparison.csv,-1.5,1.5,118.0,-138.0,,,2026_02_02_NHL_merged.csv,2.1799999999999997,1.7246376811594204,118.0,-138.0,0.0,1.0
2025020884,2026-02-02,1.36,5.94,0.4593720233430591,4.548385163597788,4,8,docs\win\hockey\nhl\research\sdv_challenger\season_2025\standalone_comparison.csv,-1.5,1.5,-105.0,-115.0,,,2026_02_02_NHL_merged.csv,1.9523809523809523,1.8695652173913042,-105.0,-115.0,1.0,0.0
2025020885,2026-02-02,-0.33,5.89,0.1347434565810954,4.129050882797575,-2,6,docs\win\hockey\nhl\research\sdv_challenger\season_2025\standalone_comparison.csv,1.5,-1.5,-245.0,203.0,,,2026_02_02_NHL_merged.csv,1.4081632653061225,3.03,-245.0,203.0,0.0,1.0
2025020886,2026-02-03,1.16,6.26,0.3136796266077253,4.218552194620611,1,7,docs\win\hockey\nhl\research\sdv_challenger\season_2025\standalone_comparison.csv,-1.5,1.5,105.0,-125.0,,,2026_02_03_NHL_merged.csv,2.05,1.8,105.0,-125.0,0.0,1.0
2025020887,2026-02-03,0.33,6.25,0.1186437171621652,4.488921820182927,-3,3,docs\win\hockey\nhl\research\sdv_challenger\season_2025\standalone_comparison.csv,-1.5,1.5,203.0,-245.0,,,2026_02_03_NHL_merged.csv,3.03,1.4081632653061225,203.0,-245.0,0.0,1.0
2025020888,2026-02-03,0.4599999999999999,6.04,0.0187371636148916,4.490270222870381,1,9,docs\win\hockey\nhl\research\sdv_challenger\season_2025\standalone_comparison.csv,-1.5,1.5,192.0,-230.0,,,2026_02_03_NHL_merged.csv,2.92,1.434782608695652,192.0,-230.0,0.0,1.0
2025020889,2026-02-03,0.1400000000000001,5.78,0.1673233253761235,4.182207969211568,2,6,docs\win\hockey\nhl\research\sdv_challenger\season_2025\standalone_comparison.csv,-1.5,1.5,183.0,-215.0,,,2026_02_03_NHL_merged.csv,2.83,1.4651162790697674,183.0,-215.0,1.0,0.0
2025020890,2026-02-03,1.25,6.25,0.2309132642452476,4.24958344701729,1,7,docs\win\hockey\nhl\research\sdv_challenger\season_2025\standalone_comparison.csv,-1.5,1.5,110.0,-130.0,,,2026_02_03_NHL_merged.csv,2.1,1.7692307692307692,110.0,-130.0,0.0,1.0
2025020891,2026-02-03,1.0299999999999998,6.51,0.2382909726687989,4.664107098551217,-3,7,docs\win\hockey\nhl\research\sdv_challenger\season_2025\standalone_comparison.csv,-1.5,1.5,115.0,-135.0,,,2026_02_03_NHL_merged.csv,2.15,1.7407407407407407,115.0,-135.0,0.0,1.0
2025020892,2026-02-03,0.7400000000000002,6.24,0.2822013403162255,4.25677495641173,2,6,docs\win\hockey\nhl\research\sdv_challenger\season_2025\standalone_comparison.csv,-1.5,1.5,165.0,-190.0,,,2026_02_03_NHL_merged.csv,2.65,1.526315789473684,165.0,-190.0,1.0,0.0
2025020893,2026-02-04,0.8000000000000003,6.02,0.2858457393062155,3.80611001045275,1,9,docs\win\hockey\nhl\research\sdv_challenger\season_2025\standalone_comparison.csv,-1.5,1.5,180.0,-210.0,,,2026_02_04_NHL_merged.csv,2.8,1.4761904761904763,180.0,-210.0,0.0,1.0
2025020894,2026-02-04,1.06,6.24,0.3453701157769635,4.496089688596395,4,4,docs\win\hockey\nhl\research\sdv_challenger\season_2025\standalone_comparison.csv,-1.5,1.5,177.0,-205.0,,,2026_02_04_NHL_merged.csv,2.77,1.4878048780487805,177.0,-205.0,1.0,0.0
2025020895,2026-02-04,0.0,5.9,0.0341444310276357,4.140238475599039,-4,6,docs\win\hockey\nhl\research\sdv_challenger\season_2025\standalone_comparison.csv,-1.5,1.5,230.0,-280.0,,,2026_02_04_NHL_merged.csv,3.3,1.3571428571428572,230.0,-280.0,0.0,1.0
2025020896,2026-02-04,-0.4599999999999999,5.9,0.1814132672809698,4.353409350321342,-1,11,docs\win\hockey\nhl\research\sdv_challenger\season_2025\standalone_comparison.csv,1.5,-1.5,-237.0,197.0,,,2026_02_04_NHL_merged.csv,1.4219409282700421,2.9699999999999998,-237.0,197.0,1.0,0.0
2025020897,2026-02-04,1.64,6.7,0.5344780527483306,4.354638374535933,2,6,docs\win\hockey\nhl\research\sdv_challenger\season_2025\standalone_comparison.csv,-1.5,1.5,-110.0,-110.0,,,2026_02_04_NHL_merged.csv,1.9090909090909092,1.9090909090909092,-110.0,-110.0,1.0,0.0
2025020898,2026-02-04,0.94,5.94,0.3027199013754464,4.363072935117714,3,5,docs\win\hockey\nhl\research\sdv_challenger\season_2025\standalone_comparison.csv,-1.5,1.5,180.0,-210.0,,,2026_02_04_NHL_merged.csv,2.8,1.4761904761904763,180.0,-210.0,1.0,0.0
2025020899,2026-02-04,1.33,5.59,0.2094074474645628,3.962102278101258,1,9,docs\win\hockey\nhl\research\sdv_challenger\season_2025\standalone_comparison.csv,-1.5,1.5,123.0,-143.0,,,2026_02_04_NHL_merged.csv,2.23,1.6993006993006992,123.0,-143.0,0.0,1.0
2025020900,2026-02-04,-0.3200000000000003,6.16,0.0656429710557975,4.479411545559298,1,7,docs\win\hockey\nhl\research\sdv_challenger\season_2025\standalone_comparison.csv,1.5,-1.5,-220.0,186.0,,,2026_02_04_NHL_merged.csv,1.4545454545454546,2.8600000000000003,-220.0,186.0,1.0,0.0
2025020901,2026-02-04,1.3600000000000003,6.08,0.4260546986375937,4.342407885156634,3,7,docs\win\hockey\nhl\research\sdv_challenger\season_2025\standalone_comparison.csv,-1.5,1.5,-105.0,-115.0,,,2026_02_04_NHL_merged.csv,1.9523809523809523,1.8695652173913042,-105.0,-115.0,1.0,0.0
2025020902,2026-02-04,1.15,5.61,0.3779414446846445,3.816713282125428,-2,6,docs\win\hockey\nhl\research\sdv_challenger\season_2025\standalone_comparison.csv,-1.5,1.5,133.0,-153.0,,,2026_02_04_NHL_merged.csv,2.33,1.65359477124183,133.0,-153.0,0.0,1.0
2025020903,2026-02-05,0.73,6.41,0.1215231590055316,4.509603629027239,-3,7,docs\win\hockey\nhl\research\sdv_challenger\season_2025\standalone_comparison.csv,-1.5,1.5,188.0,-223.0,,,2026_02_05_NHL_merged.csv,2.88,1.4484304932735426,188.0,-223.0,0.0,1.0
2025020904,2026-02-05,1.16,5.88,0.250432089960706,3.857674751513153,5,7,docs\win\hockey\nhl\research\sdv_challenger\season_2025\standalone_comparison.csv,-1.5,1.5,135.0,-155.0,,,2026_02_05_NHL_merged.csv,2.35,1.6451612903225805,135.0,-155.0,1.0,0.0
2025020905,2026-02-05,0.1800000000000001,5.7,0.2356723943407659,4.274399697838982,-2,4,docs\win\hockey\nhl\research\sdv_challenger\season_2025\standalone_comparison.csv,-1.5,1.5,207.0,-250.0,,,2026_02_05_NHL_merged.csv,3.07,1.4,207.0,-250.0,0.0,1.0
2025020906,2026-02-05,-1.0699999999999998,5.93,-0.1092242318343585,4.302843134851901,-2,2,docs\win\hockey\nhl\research\sdv_challenger\season_2025\standalone_comparison.csv,1.5,-1.5,-135.0,115.0,,,2026_02_05_NHL_merged.csv,1.7407407407407407,2.15,-135.0,115.0,0.0,1.0
2025020907,2026-02-05,-0.04,6.08,0.0242049155620218,3.781425351843709,-1,3,docs\win\hockey\nhl\research\sdv_challenger\season_2025\standalone_comparison.csv,1.5,-1.5,-225.0,189.0,,,2026_02_05_NHL_merged.csv,1.4444444444444444,2.8899999999999997,-225.0,189.0,1.0,0.0
2025020908,2026-02-05,1.2100000000000004,6.23,0.2062974386169198,4.428945827332985,2,6,docs\win\hockey\nhl\research\sdv_challenger\season_2025\standalone_comparison.csv,-1.5,1.5,145.0,-165.0,,,2026_02_05_NHL_merged.csv,2.45,1.606060606060606,145.0,-165.0,1.0,0.0
2025020909,2026-02-05,0.7600000000000002,5.68,0.1747614724527011,3.884808955975673,3,5,docs\win\hockey\nhl\research\sdv_challenger\season_2025\standalone_comparison.csv,-1.5,1.5,161.0,-185.0,,,2026_02_05_NHL_merged.csv,2.6100000000000003,1.5405405405405406,161.0,-185.0,1.0,0.0
2025020910,2026-02-25,0.2400000000000002,6.08,0.1197002116930074,4.284479335894472,-1,3,docs\win\hockey\nhl\research\sdv_challenger\season_2025\standalone_comparison.csv,-1.5,1.5,210.0,-258.0,,,2026_02_25_NHL_merged.csv,3.1,1.3875968992248062,210.0,-258.0,0.0,1.0
2025020911,2026-02-25,0.69,5.95,0.1520516667089406,4.196460556026959,2,4,docs\win\hockey\nhl\research\sdv_challenger\season_2025\standalone_comparison.csv,-1.5,1.5,160.0,-192.0,,,2026_02_25_NHL_merged.csv,2.6,1.5208333333333335,160.0,-192.0,1.0,0.0
2025020912,2026-02-25,1.13,6.07,0.3759286624574161,4.171337847862804,2,6,docs\win\hockey\nhl\research\sdv_challenger\season_2025\standalone_comparison.csv,-1.5,1.5,105.0,-125.0,,,2026_02_25_NHL_merged.csv,2.05,1.8,105.0,-125.0,1.0,0.0
2025020913,2026-02-25,1.2000000000000002,5.74,0.3183165448125669,3.870619222577204,3,5,docs\win\hockey\nhl\research\sdv_challenger\season_2025\standalone_comparison.csv,-1.5,1.5,142.0,-170.0,,,2026_02_25_NHL_merged.csv,2.42,1.5882352941176472,142.0,-170.0,1.0,0.0
2025020914,2026-02-25,-0.7799999999999998,6.28,-0.0032782014765184,4.534846046813817,-2,6,docs\win\hockey\nhl\research\sdv_challenger\season_2025\standalone_comparison.csv,1.5,-1.5,-225.0,185.0,,,2026_02_25_NHL_merged.csv,1.4444444444444444,2.85,-225.0,185.0,0.0,1.0
2025020915,2026-02-25,-0.69,5.85,0.0622441982979808,4.308974390981607,-1,5,docs\win\hockey\nhl\research\sdv_challenger\season_2025\standalone_comparison.csv,1.5,-1.5,-218.0,180.0,,,2026_02_25_NHL_merged.csv,1.4587155963302751,2.8,-218.0,180.0,1.0,0.0
2025020916,2026-02-25,0.2800000000000002,5.8,0.151489972155467,3.887488240483071,-2,10,docs\win\hockey\nhl\research\sdv_challenger\season_2025\standalone_comparison.csv,-1.5,1.5,230.0,-285.0,,,2026_02_25_NHL_merged.csv,3.3,1.3508771929824561,230.0,-285.0,0.0,1.0
2025020917,2026-02-25,-0.3400000000000003,6.9,0.1485307544696681,4.831345144941041,1,11,docs\win\hockey\nhl\research\sdv_challenger\season_2025\standalone_comparison.csv,1.5,-1.5,-218.0,180.0,,,2026_02_25_NHL_merged.csv,1.4587155963302751,2.8,-218.0,180.0,1.0,0.0
2025020918,2026-02-26,0.2299999999999999,6.37,0.1097236332511979,4.254093141361966,2,6,docs\win\hockey\nhl\research\sdv_challenger\season_2025\standalone_comparison.csv,-1.5,1.5,220.0,-270.0,,,2026_02_26_NHL_merged.csv,3.2,1.3703703703703702,220.0,-270.0,1.0,0.0
2025020919,2026-02-26,0.48,6.06,0.3229772123511587,4.312194110408088,-1,7,docs\win\hockey\nhl\research\sdv_challenger\season_2025\standalone_comparison.csv,-1.5,1.5,170.0,-205.0,,,2026_02_26_NHL_merged.csv,2.7,1.4878048780487805,170.0,-205.0,0.0,1.0
2025020920,2026-02-26,0.79,6.17,0.3593685319441677,3.963558698451393,-1,3,docs\win\hockey\nhl\research\sdv_challenger\season_2025\standalone_comparison.csv,-1.5,1.5,160.0,-192.0,,,2026_02_26_NHL_merged.csv,2.6,1.5208333333333335,160.0,-192.0,0.0,1.0
2025020921,2026-02-26,1.0,6.1,0.3104323844102379,4.02357010781976,4,6,docs\win\hockey\nhl\research\sdv_challenger\season_2025\standalone_comparison.csv,-1.5,1.5,160.0,-192.0,,,2026_02_26_NHL_merged.csv,2.6,1.5208333333333335,160.0,-192.0,1.0,0.0
2025020922,2026-02-26,0.54,6.06,0.2614175923505084,4.451126847354928,3,5,docs\win\hockey\nhl\research\sdv_challenger\season_2025\standalone_comparison.csv,-1.5,1.5,164.0,-198.0,,,2026_02_26_NHL_merged.csv,2.6399999999999997,1.5050505050505052,164.0,-198.0,1.0,0.0
2025020923,2026-02-26,0.79,6.09,0.2299315680722333,4.4230629415250045,1,9,docs\win\hockey\nhl\research\sdv_challenger\season_2025\standalone_comparison.csv,-1.5,1.5,170.0,-205.0,,,2026_02_26_NHL_merged.csv,2.7,1.4878048780487805,170.0,-205.0,0.0,1.0
2025020924,2026-02-26,0.8000000000000003,5.82,0.0765616183580362,3.8209549559413696,-1,5,docs\win\hockey\nhl\research\sdv_challenger\season_2025\standalone_comparison.csv,-1.5,1.5,185.0,-225.0,,,2026_02_26_NHL_merged.csv,2.85,1.4444444444444444,185.0,-225.0,0.0,1.0
2025020925,2026-02-26,0.4000000000000003,5.54,0.274913632481796,3.9884354390462655,4,6,docs\win\hockey\nhl\research\sdv_challenger\season_2025\standalone_comparison.csv,-1.5,1.5,180.0,-218.0,,,2026_02_26_NHL_merged.csv,2.8,1.4587155963302751,180.0,-218.0,1.0,0.0
2025020926,2026-02-26,1.0599999999999996,6.0,0.3319511917820996,4.320276049254681,2,6,docs\win\hockey\nhl\research\sdv_challenger\season_2025\standalone_comparison.csv,-1.5,1.5,150.0,-180.0,,,2026_02_26_NHL_merged.csv,2.5,1.5555555555555556,150.0,-180.0,1.0,0.0
2025020927,2026-02-26,1.12,6.46,0.4590782603260037,4.539747146605439,-3,7,docs\win\hockey\nhl\research\sdv_challenger\season_2025\standalone_comparison.csv,-1.5,1.5,160.0,-192.0,,,2026_02_26_NHL_merged.csv,2.6,1.5208333333333335,160.0,-192.0,0.0,1.0
2025020928,2026-02-26,0.0,6.4,0.1258432331048631,4.021623365487361,-3,5,docs\win\hockey\nhl\research\sdv_challenger\season_2025\standalone_comparison.csv,-1.5,1.5,190.0,-230.0,,,2026_02_26_NHL_merged.csv,2.9,1.434782608695652,190.0,-230.0,0.0,1.0
2025020929,2026-02-26,0.0500000000000002,6.19,0.2178634115628206,4.345819712446568,-7,9,docs\win\hockey\nhl\research\sdv_challenger\season_2025\standalone_comparison.csv,1.5,-1.5,-278.0,225.0,,,2026_02_26_NHL_merged.csv,1.3597122302158273,3.25,-278.0,225.0,0.0,1.0
2025020930,2026-02-27,0.3799999999999999,6.12,0.2429557233896622,4.023468993120418,-1,5,docs\win\hockey\nhl\research\sdv_challenger\season_2025\standalone_comparison.csv,-1.5,1.5,210.0,-258.0,,,2026_02_27_NHL_merged.csv,3.1,1.3875968992248062,210.0,-258.0,0.0,1.0
2025020931,2026-02-27,-0.0100000000000002,6.11,0.076377886982232,4.318800533287536,1,5,docs\win\hockey\nhl\research\sdv_challenger\season_2025\standalone_comparison.csv,-1.5,1.5,220.0,-270.0,,,2026_02_27_NHL_merged.csv,3.2,1.3703703703703702,220.0,-270.0,0.0,1.0
2025020932,2026-02-27,0.7200000000000002,5.9,0.2885308508535735,4.434569182898054,3,7,docs\win\hockey\nhl\research\sdv_challenger\season_2025\standalone_comparison.csv,-1.5,1.5,185.0,-225.0,,,2026_02_27_NHL_merged.csv,2.85,1.4444444444444444,185.0,-225.0,1.0,0.0
2025020933,2026-02-27,0.31,6.13,0.2172564971039943,4.31471896028623,1,9,docs\win\hockey\nhl\research\sdv_challenger\season_2025\standalone_comparison.csv,-1.5,1.5,190.0,-230.0,,,2026_02_27_NHL_merged.csv,2.9,1.434782608695652,190.0,-230.0,0.0,1.0
2025020934,2026-02-28,0.1899999999999999,6.17,0.0593362815526443,4.193781903797795,1,5,docs\win\hockey\nhl\research\sdv_challenger\season_2025\standalone_comparison.csv,1.5,-1.5,-270.0,222.0,,,2026_02_28_NHL_merged.csv,1.3703703703703702,3.22,-270.0,222.0,1.0,0.0
2025020935,2026-02-28,0.0499999999999998,5.95,0.2434510454652687,3.895046309217316,2,4,docs\win\hockey\nhl\research\sdv_challenger\season_2025\standalone_comparison.csv,-1.5,1.5,222.0,-270.0,,,2026_02_28_NHL_merged.csv,3.22,1.3703703703703702,222.0,-270.0,1.0,0.0
2025020936,2026-02-28,-1.1,6.72,0.0081492023021016,4.5783998914468,1,9,docs\win\hockey\nhl\research\sdv_challenger\season_2025\standalone_comparison.csv,1.5,-1.5,-195.0,170.0,,,2026_02_28_NHL_merged.csv,1.5128205128205128,2.7,-195.0,170.0,1.0,0.0
2025020937,2026-02-28,0.3400000000000003,6.06,0.2909619399488714,4.4947459882144,-1,7,docs\win\hockey\nhl\research\sdv_challenger\season_2025\standalone_comparison.csv,-1.5,1.5,195.0,-235.0,,,2026_02_28_NHL_merged.csv,2.95,1.425531914893617,195.0,-235.0,0.0,1.0
2025020938,2026-02-28,2.06,6.3,0.6213835573132336,4.438885614426322,2,4,docs\win\hockey\nhl\research\sdv_challenger\season_2025\standalone_comparison.csv,-1.5,1.5,-120.0,100.0,,,2026_02_28_NHL_merged.csv,1.8333333333333335,2.0,-120.0,100.0,1.0,0.0
2025020939,2026-02-28,0.2399999999999997,6.32,-0.0762922137092347,4.009521421559562,-3,7,docs\win\hockey\nhl\research\sdv_challenger\season_2025\standalone_comparison.csv,1.5,-1.5,-275.0,226.0,,,2026_02_28_NHL_merged.csv,1.3636363636363638,3.26,-275.0,226.0,0.0,1.0
2025020940,2026-02-28,0.6400000000000001,6.2,0.1884154267402458,4.435880906897103,4,8,docs\win\hockey\nhl\research\sdv_challenger\season_2025\standalone_comparison.csv,-1.5,1.5,170.0,-195.0,,,2026_02_28_NHL_merged.csv,2.7,1.5128205128205128,170.0,-195.0,1.0,0.0
2025020941,2026-02-28,1.2800000000000002,6.16,0.3149010327912052,4.201383155024229,-4,8,docs\win\hockey\nhl\research\sdv_challenger\season_2025\standalone_comparison.csv,-1.5,1.5,110.0,-130.0,,,2026_02_28_NHL_merged.csv,2.1,1.7692307692307692,110.0,-130.0,0.0,1.0
2025020942,2026-02-28,1.2599999999999998,6.08,0.4162029337632349,4.509776205844166,3,7,docs\win\hockey\nhl\research\sdv_challenger\season_2025\standalone_comparison.csv,-1.5,1.5,149.0,-170.0,,,2026_02_28_NHL_merged.csv,2.49,1.5882352941176472,149.0,-170.0,1.0,0.0
2025020943,2026-02-28,-0.1799999999999997,5.5,0.2020211245064525,4.145427898777736,-2,4,docs\win\hockey\nhl\research\sdv_challenger\season_2025\standalone_comparison.csv,1.5,-1.5,-290.0,237.0,,,2026_02_28_NHL_merged.csv,1.3448275862068966,3.37,-290.0,237.0,0.0,1.0
2025020944,2026-02-28,0.77,5.61,0.3101023434074355,3.7567881774370497,2,2,docs\win\hockey\nhl\research\sdv_challenger\season_2025\standalone_comparison.csv,-1.5,1.5,170.0,-195.0,,,2026_02_28_NHL_merged.csv,2.7,1.5128205128205128,170.0,-195.0,1.0,0.0
2025020945,2026-02-28,1.13,5.93,0.2031283928309251,4.100459848395873,1,5,docs\win\hockey\nhl\research\sdv_challenger\season_2025\standalone_comparison.csv,-1.5,1.5,174.0,-200.0,,,2026_02_28_NHL_merged.csv,2.74,1.5,174.0,-200.0,0.0,1.0
2025020946,2026-02-28,0.9099999999999996,5.85,0.2159718935725356,4.27075011391236,4,6,docs\win\hockey\nhl\research\sdv_challenger\season_2025\standalone_comparison.csv,-1.5,1.5,165.0,-190.0,,,2026_02_28_NHL_merged.csv,2.65,1.526315789473684,165.0,-190.0,1.0,0.0
2025020947,2026-03-01,-0.8000000000000003,6.32,0.0844906423082396,4.3931763442115805,5,5,docs\win\hockey\nhl\research\sdv_challenger\season_2025\standalone_comparison.csv,1.5,-1.5,-198.0,164.0,,,2026_03_01_NHL_merged.csv,1.5050505050505052,2.6399999999999997,-198.0,164.0,1.0,0.0
2025020948,2026-03-01,-0.3199999999999998,5.76,-0.02105913476269,3.998935512953533,1,9,docs\win\hockey\nhl\research\sdv_challenger\season_2025\standalone_comparison.csv,1.5,-1.5,-218.0,180.0,,,2026_03_01_NHL_merged.csv,1.4587155963302751,2.8,-218.0,180.0,1.0,0.0
2025020949,2026-03-01,1.56,5.86,0.4521673888089301,4.326412492674951,-4,4,docs\win\hockey\nhl\research\sdv_challenger\season_2025\standalone_comparison.csv,-1.5,1.5,-115.0,-105.0,,,2026_03_01_NHL_merged.csv,1.8695652173913042,1.9523809523809523,-115.0,-105.0,0.0,1.0
2025020950,2026-03-01,-0.7599999999999998,6.12,0.1238459876516424,4.090465922610865,1,3,docs\win\hockey\nhl\research\sdv_challenger\season_2025\standalone_comparison.csv,1.5,-1.5,-250.0,205.0,,,2026_03_01_NHL_merged.csv,1.4,3.05,-250.0,205.0,1.0,0.0
2025020951,2026-03-01,1.2800000000000002,5.8,0.1702126547778149,4.257418101926024,-2,4,docs\win\hockey\nhl\research\sdv_challenger\season_2025\standalone_comparison.csv,-1.5,1.5,102.0,-122.0,,,2026_03_01_NHL_merged.csv,2.02,1.819672131147541,102.0,-122.0,0.0,1.0
2025020952,2026-03-01,1.11,6.45,0.2214687136989028,4.298419700687305,1,5,docs\win\hockey\nhl\research\sdv_challenger\season_2025\standalone_comparison.csv,-1.5,1.5,142.0,-170.0,,,2026_03_01_NHL_merged.csv,2.42,1.5882352941176472,142.0,-170.0,0.0,1.0
2025020953,2026-03-02,0.27,6.19,0.0860001233570297,4.19555796416017,-1,9,docs\win\hockey\nhl\research\sdv_challenger\season_2025\standalone_comparison.csv,1.5,-1.5,-230.0,190.0,,,2026_03_02_NHL_merged.csv,1.434782608695652,2.9,-230.0,190.0,1.0,0.0
2025020954,2026-03-02,0.69,5.97,0.0637237958542922,4.129955468142513,-1,5,docs\win\hockey\nhl\research\sdv_challenger\season_2025\standalone_comparison.csv,-1.5,1.5,190.0,-230.0,,,2026_03_02_NHL_merged.csv,2.9,1.434782608695652,190.0,-230.0,0.0,1.0
2025020955,2026-03-02,-0.04,6.1,0.1842363761018504,4.267857206206941,-2,6,docs\win\hockey\nhl\research\sdv_challenger\season_2025\standalone_comparison.csv,1.5,-1.5,-285.0,230.0,,,2026_03_02_NHL_merged.csv,1.3508771929824561,3.3,-285.0,230.0,0.0,1.0
2025020956,2026-03-02,-1.1999999999999995,6.02,-0.0619294796261451,4.22905322499404,-5,7,docs\win\hockey\nhl\research\sdv_challenger\season_2025\standalone_comparison.csv,1.5,-1.5,-162.0,136.0,,,2026_03_02_NHL_merged.csv,1.617283950617284,2.3600000000000003,-162.0,136.0,0.0,1.0
2025020957,2026-03-02,-1.2599999999999998,5.8,-0.1939138894241989,4.39509952044166,1,3,docs\win\hockey\nhl\research\sdv_challenger\season_2025\standalone_comparison.csv,1.5,-1.5,-166.0,140.0,,,2026_03_02_NHL_merged.csv,1.6024096385542168,2.4,-166.0,140.0,1.0,0.0
2025020958,2026-03-02,-1.21,5.95,-0.0451372279014261,4.152870444089347,-2,6,docs\win\hockey\nhl\research\sdv_challenger\season_2025\standalone_comparison.csv,1.5,-1.5,-175.0,145.0,,,2026_03_02_NHL_merged.csv,1.5714285714285714,2.45,-175.0,145.0,0.0,1.0
2025020959,2026-03-03,0.31,6.37,0.0759792726792749,4.28150126348511,1,3,docs\win\hockey\nhl\research\sdv_challenger\season_2025\standalone_comparison.csv,-1.5,1.5,205.0,-250.0,,,2026_03_03_NHL_merged.csv,3.05,1.4,205.0,-250.0,0.0,1.0
2025020960,2026-03-03,0.2600000000000002,6.22,0.0569240108103121,4.209264849652412,1,5,docs\win\hockey\nhl\research\sdv_challenger\season_2025\standalone_comparison.csv,-1.5,1.5,180.0,-218.0,,,2026_03_03_NHL_merged.csv,2.8,1.4587155963302751,180.0,-218.0,0.0,1.0
2025020961,2026-03-03,-0.27,5.79,0.0448286177076484,3.960230466848192,4,6,docs\win\hockey\nhl\research\sdv_challenger\season_2025\standalone_comparison.csv,1.5,-1.5,-265.0,215.0,,,2026_03_03_NHL_merged.csv,1.3773584905660377,3.15,-265.0,215.0,1.0,0.0
2025020962,2026-03-03,-0.2000000000000001,5.96,0.0702330899127674,4.475880405395032,-1,5,docs\win\hockey\nhl\research\sdv_challenger\season_2025\standalone_comparison.csv,-1.5,1.5,205.0,-250.0,,,2026_03_03_NHL_merged.csv,3.05,1.4,205.0,-250.0,0.0,1.0
2025020963,2026-03-03,1.06,6.42,0.1954643673743947,4.494577588151034,1,5,docs\win\hockey\nhl\research\sdv_challenger\season_2025\standalone_comparison.csv,-1.5,1.5,180.0,-218.0,,,2026_03_03_NHL_merged.csv,2.8,1.4587155963302751,180.0,-218.0,0.0,1.0
2025020964,2026-03-03,1.08,5.74,0.2664407097188137,4.135782415590802,1,5,docs\win\hockey\nhl\research\sdv_challenger\season_2025\standalone_comparison.csv,-1.5,1.5,164.0,-198.0,,,2026_03_03_NHL_merged.csv,2.6399999999999997,1.5050505050505052,164.0,-198.0,0.0,1.0
2025020965,2026-03-03,-0.54,5.8,0.0304048168826618,3.923510121552455,-5,7,docs\win\hockey\nhl\research\sdv_challenger\season_2025\standalone_comparison.csv,1.5,-1.5,-230.0,190.0,,,2026_03_03_NHL_merged.csv,1.434782608695652,2.9,-230.0,190.0,0.0,1.0
2025020966,2026-03-03,0.0100000000000002,6.89,0.0142057081787374,4.325981978422679,1,9,docs\win\hockey\nhl\research\sdv_challenger\season_2025\standalone_comparison.csv,-1.5,1.5,195.0,-238.0,,,2026_03_03_NHL_merged.csv,2.95,1.4201680672268908,195.0,-238.0,0.0,1.0
2025020967,2026-03-03,-0.3600000000000003,6.08,-0.0172046356384423,4.236861393365236,4,6,docs\win\hockey\nhl\research\sdv_challenger\season_2025\standalone_comparison.csv,1.5,-1.5,-225.0,185.0,,,2026_03_03_NHL_merged.csv,1.4444444444444444,2.85,-225.0,185.0,1.0,0.0
2025020968,2026-03-03,-1.0700000000000005,6.79,-0.1518197234269527,4.661010355091146,-4,6,docs\win\hockey\nhl\research\sdv_challenger\season_2025\standalone_comparison.csv,1.5,-1.5,-192.0,160.0,,,2026_03_03_NHL_merged.csv,1.5208333333333335,2.6,-192.0,160.0,0.0,1.0
2025020969,2026-03-03,-0.9300000000000002,6.53,0.0310231009861694,4.219728433335148,2,12,docs\win\hockey\nhl\research\sdv_challenger\season_2025\standalone_comparison.csv,1.5,-1.5,-225.0,185.0,,,2026_03_03_NHL_merged.csv,1.4444444444444444,2.85,-225.0,185.0,1.0,0.0
2025020970,2026-03-04,0.3399999999999998,6.04,0.0069890072078613,4.16641296485382,-1,7,docs\win\hockey\nhl\research\sdv_challenger\season_2025\standalone_comparison.csv,-1.5,1.5,195.0,-238.0,,,2026_03_04_NHL_merged.csv,2.95,1.4201680672268908,195.0,-238.0,0.0,1.0
2025020971,2026-03-04,0.0,5.8,0.1959051356778718,4.286092826045506,1,7,docs\win\hockey\nhl\research\sdv_challenger\season_2025\standalone_comparison.csv,-1.5,1.5,215.0,-265.0,,,2026_03_04_NHL_merged.csv,3.15,1.3773584905660377,215.0,-265.0,0.0,1.0
2025020972,2026-03-04,-1.3499999999999996,6.29,-0.268420553643355,4.728595201363662,-2,10,docs\win\hockey\nhl\research\sdv_challenger\season_2025\standalone_comparison.csv,1.5,-1.5,-112.0,-108.0,,,2026_03_04_NHL_merged.csv,1.8928571428571428,1.925925925925926,-112.0,-108.0,0.0,1.0
2025020973,2026-03-04,-0.2100000000000004,6.27,0.2566996856560646,4.517066430892763,4,6,docs\win\hockey\nhl\research\sdv_challenger\season_2025\standalone_comparison.csv,-1.5,1.5,225.0,-278.0,,,2026_03_04_NHL_merged.csv,3.25,1.3597122302158273,225.0,-278.0,1.0,0.0
2025020974,2026-03-04,0.1600000000000001,5.5,0.0530606676059859,3.9971159604243818,-1,5,docs\win\hockey\nhl\research\sdv_challenger\season_2025\standalone_comparison.csv,-1.5,1.5,180.0,-218.0,,,2026_03_04_NHL_merged.csv,2.8,1.4587155963302751,180.0,-218.0,0.0,1.0
2025020975,2026-03-05,0.25,6.11,0.1885197908274878,4.047271576724557,4,8,docs\win\hockey\nhl\research\sdv_challenger\season_2025\standalone_comparison.csv,-1.5,1.5,210.0,-258.0,,,2026_03_05_NHL_merged.csv,3.1,1.3875968992248062,210.0,-258.0,1.0,0.0
2025020976,2026-03-05,-0.3599999999999999,5.76,0.0748073964738429,4.101407312700973,-3,3,docs\win\hockey\nhl\research\sdv_challenger\season_2025\standalone_comparison.csv,1.5,-1.5,-250.0,205.0,,,2026_03_05_NHL_merged.csv,1.4,3.05,-250.0,205.0,0.0,1.0
2025020977,2026-03-05,-0.0299999999999998,6.57,0.1815455828977783,4.551428403196831,-4,6,docs\win\hockey\nhl\research\sdv_challenger\season_2025\standalone_comparison.csv,1.5,-1.5,-265.0,215.0,,,2026_03_05_NHL_merged.csv,1.3773584905660377,3.15,-265.0,215.0,0.0,1.0
2025020978,2026-03-05,0.2399999999999997,6.18,0.1065438946418626,4.182302052485514,2,6,docs\win\hockey\nhl\research\sdv_challenger\season_2025\standalone_comparison.csv,-1.5,1.5,215.0,-265.0,,,2026_03_05_NHL_merged.csv,3.15,1.3773584905660377,215.0,-265.0,1.0,0.0
2025020979,2026-03-05,0.1400000000000001,6.18,0.212079272176954,4.102823804258165,3,9,docs\win\hockey\nhl\research\sdv_challenger\season_2025\standalone_comparison.csv,-1.5,1.5,225.0,-278.0,,,2026_03_05_NHL_merged.csv,3.25,1.3597122302158273,225.0,-278.0,1.0,0.0
2025020980,2026-03-05,-1.06,5.72,-0.0769233103889921,4.048905805735984,3,5,docs\win\hockey\nhl\research\sdv_challenger\season_2025\standalone_comparison.csv,1.5,-1.5,-175.0,145.0,,,2026_03_05_NHL_merged.csv,1.5714285714285714,2.45,-175.0,145.0,1.0,0.0
2025020981,2026-03-05,-0.9900000000000002,5.99,-0.0842751486978694,3.828448748568713,-3,5,docs\win\hockey\nhl\research\sdv_challenger\season_2025\standalone_comparison.csv,1.5,-1.5,-185.0,154.0,,,2026_03_05_NHL_merged.csv,1.5405405405405406,2.54,-185.0,154.0,0.0,1.0
2025020982,2026-03-05,0.52,5.52,0.3367061296349201,4.026114000785361,2,8,docs\win\hockey\nhl\research\sdv_challenger\season_2025\standalone_comparison.csv,-1.5,1.5,180.0,-218.0,,,2026_03_05_NHL_merged.csv,2.8,1.4587155963302751,180.0,-218.0,1.0,0.0
2025020983,2026-03-06,0.4499999999999997,5.93,0.0386441210699883,3.9934038129253873,-2,4,docs\win\hockey\nhl\research\sdv_challenger\season_2025\standalone_comparison.csv,-1.5,1.5,164.0,-198.0,,,2026_03_06_NHL_merged.csv,2.6399999999999997,1.5050505050505052,164.0,-198.0,0.0,1.0
2025020984,2026-03-06,-0.3499999999999996,6.29,-0.0642652281906022,4.259301896918476,-1,9,docs\win\hockey\nhl\research\sdv_challenger\season_2025\standalone_comparison.csv,1.5,-1.5,-230.0,190.0,,,2026_03_06_NHL_merged.csv,1.434782608695652,2.9,-230.0,190.0,1.0,0.0
2025020985,2026-03-06,0.6000000000000001,6.06,0.1899696850455656,4.407589473469298,-3,9,docs\win\hockey\nhl\research\sdv_challenger\season_2025\standalone_comparison.csv,-1.5,1.5,170.0,-205.0,,,2026_03_06_NHL_merged.csv,2.7,1.4878048780487805,170.0,-205.0,0.0,1.0
2025020986,2026-03-06,-0.5899999999999999,6.41,-0.031352140473797,4.885417441567935,-3,9,docs\win\hockey\nhl\research\sdv_challenger\season_2025\standalone_comparison.csv,1.5,-1.5,-245.0,200.0,,,2026_03_06_NHL_merged.csv,1.4081632653061225,3.0,-245.0,200.0,0.0,1.0
2025020987,2026-03-06,0.02,6.68,0.1157366209281178,4.492833055359868,1,11,docs\win\hockey\nhl\research\sdv_challenger\season_2025\standalone_comparison.csv,-1.5,1.5,225.0,-278.0,,,2026_03_06_NHL_merged.csv,3.25,1.3597122302158273,225.0,-278.0,0.0,1.0
2025020988,2026-03-06,0.31,6.09,0.2965611955929152,4.256926170789525,-2,6,docs\win\hockey\nhl\research\sdv_challenger\season_2025\standalone_comparison.csv,1.5,-1.5,-270.0,220.0,,,2026_03_06_NHL_merged.csv,1.3703703703703702,3.2,-270.0,220.0,0.0,1.0
2025020989,2026-03-06,0.0699999999999998,5.99,0.0943620381875285,4.071759687763513,-1,5,docs\win\hockey\nhl\research\sdv_challenger\season_2025\standalone_comparison.csv,-1.5,1.5,190.0,-230.0,,,2026_03_06_NHL_merged.csv,2.9,1.434782608695652,190.0,-230.0,0.0,1.0
2025020990,2026-03-07,-0.06,6.1,0.0927437022054697,4.210043171746388,2,4,docs\win\hockey\nhl\research\sdv_challenger\season_2025\standalone_comparison.csv,-1.5,1.5,205.0,-250.0,,,2026_03_07_NHL_merged.csv,3.05,1.4,205.0,-250.0,1.0,0.0
2025020991,2026-03-07,0.7800000000000002,5.92,0.1910863681027672,3.988568534822056,3,9,docs\win\hockey\nhl\research\sdv_challenger\season_2025\standalone_comparison.csv,-1.5,1.5,150.0,-180.0,,,2026_03_07_NHL_merged.csv,2.5,1.5555555555555556,150.0,-180.0,1.0,0.0
2025020992,2026-03-07,1.0100000000000002,6.31,0.1915673086568556,4.3388195603268045,1,5,docs\win\hockey\nhl\research\sdv_challenger\season_2025\standalone_comparison.csv,-1.5,1.5,140.0,-166.0,,,2026_03_07_NHL_merged.csv,2.4,1.6024096385542168,140.0,-166.0,0.0,1.0
2025020993,2026-03-07,0.6699999999999999,6.13,0.1729162779092932,4.211717841602296,-1,7,docs\win\hockey\nhl\research\sdv_challenger\season_2025\standalone_comparison.csv,-1.5,1.5,180.0,-218.0,,,2026_03_07_NHL_merged.csv,2.8,1.4587155963302751,180.0,-218.0,0.0,1.0
2025020994,2026-03-07,-1.0299999999999998,6.11,-0.0711772372823822,4.221329690181581,-3,7,docs\win\hockey\nhl\research\sdv_challenger\season_2025\standalone_comparison.csv,1.5,-1.5,-170.0,142.0,,,2026_03_07_NHL_merged.csv,1.5882352941176472,2.42,-170.0,142.0,0.0,1.0
2025020995,2026-03-07,-0.5299999999999998,6.19,0.071526862123477,4.506175105942857,-1,9,docs\win\hockey\nhl\research\sdv_challenger\season_2025\standalone_comparison.csv,1.5,-1.5,-258.0,210.0,,,2026_03_07_NHL_merged.csv,1.3875968992248062,3.1,-258.0,210.0,1.0,0.0
2025020996,2026-03-07,1.2799999999999998,5.9,0.3048069768675874,4.349010107201567,1,5,docs\win\hockey\nhl\research\sdv_challenger\season_2025\standalone_comparison.csv,-1.5,1.5,100.0,-120.0,,,2026_03_07_NHL_merged.csv,2.0,1.8333333333333335,100.0,-120.0,0.0,1.0
2025020997,2026-03-07,0.5300000000000002,5.91,0.1843994846319803,4.012658684487155,-1,7,docs\win\hockey\nhl\research\sdv_challenger\season_2025\standalone_comparison.csv,-1.5,1.5,180.0,-218.0,,,2026_03_07_NHL_merged.csv,2.8,1.4587155963302751,180.0,-218.0,0.0,1.0
2025020998,2026-03-07,-1.1,5.9,-0.1519412174808518,4.366474474144775,1,9,docs\win\hockey\nhl\research\sdv_challenger\season_2025\standalone_comparison.csv,1.5,-1.5,-175.0,145.0,,,2026_03_07_NHL_merged.csv,1.5714285714285714,2.45,-175.0,145.0,1.0,0.0
2025020999,2026-03-07,-1.0,6.14,0.177210489796558,4.208550725067045,-1,3,docs\win\hockey\nhl\research\sdv_challenger\season_2025\standalone_comparison.csv,1.5,-1.5,-225.0,185.0,,,2026_03_07_NHL_merged.csv,1.4444444444444444,2.85,-225.0,185.0,1.0,0.0
2025021000,2026-03-07,-1.0099999999999998,5.79,-0.1379719011534246,3.833488001144364,-3,11,docs\win\hockey\nhl\research\sdv_challenger\season_2025\standalone_comparison.csv,1.5,-1.5,-218.0,180.0,,,2026_03_07_NHL_merged.csv,1.4587155963302751,2.8,-218.0,180.0,0.0,1.0
2025021001,2026-03-08,1.13,6.45,0.4628557606437828,4.533197862805487,1,5,docs\win\hockey\nhl\research\sdv_challenger\season_2025\standalone_comparison.csv,-1.5,1.5,142.0,-170.0,,,2026_03_08_NHL_merged.csv,2.42,1.5882352941176472,142.0,-170.0,0.0,1.0
2025021002,2026-03-08,0.2299999999999999,6.47,0.2513851490326919,4.237392079051485,1,9,docs\win\hockey\nhl\research\sdv_challenger\season_2025\standalone_comparison.csv,-1.5,1.5,200.0,-245.0,,,2026_03_08_NHL_merged.csv,3.0,1.4081632653061225,200.0,-245.0,0.0,1.0
2025021003,2026-03-08,-0.3199999999999998,6.24,0.0303848822831414,4.205807994909027,1,15,docs\win\hockey\nhl\research\sdv_challenger\season_2025\standalone_comparison.csv,1.5,-1.5,-265.0,215.0,,,2026_03_08_NHL_merged.csv,1.3773584905660377,3.15,-265.0,215.0,1.0,0.0
2025021004,2026-03-08,1.48,6.04,0.4050118489451519,4.011651755580232,1,7,docs\win\hockey\nhl\research\sdv_challenger\season_2025\standalone_comparison.csv,-1.5,1.5,-105.0,-115.0,,,2026_03_08_NHL_merged.csv,1.9523809523809523,1.8695652173913042,-105.0,-115.0,0.0,1.0
2025021005,2026-03-08,-0.02,5.78,0.1735126145091685,4.260239874062551,-3,3,docs\win\hockey\nhl\research\sdv_challenger\season_2025\standalone_comparison.csv,-1.5,1.5,220.0,-270.0,,,2026_03_08_NHL_merged.csv,3.2,1.3703703703703702,220.0,-270.0,0.0,1.0
2025021006,2026-03-08,1.06,6.28,0.1754885178620213,4.3738157364800045,-4,4,docs\win\hockey\nhl\research\sdv_challenger\season_2025\standalone_comparison.csv,-1.5,1.5,145.0,-175.0,,,2026_03_08_NHL_merged.csv,2.45,1.5714285714285714,145.0,-175.0,0.0,1.0
2025021007,2026-03-08,0.2800000000000002,6.54,0.2463853858273821,4.554583883198319,-2,6,docs\win\hockey\nhl\research\sdv_challenger\season_2025\standalone_comparison.csv,-1.5,1.5,215.0,-265.0,,,2026_03_08_NHL_merged.csv,3.15,1.3773584905660377,215.0,-265.0,0.0,1.0
2025020828,2026-03-09,0.4500000000000002,5.87,0.1367329801935861,4.217404630410252,-1,9,docs\win\hockey\nhl\research\sdv_challenger\season_2025\standalone_comparison.csv,-1.5,1.5,205.0,-250.0,,,2026_03_09_NHL_merged.csv,3.05,1.4,205.0,-250.0,0.0,1.0
2025021008,2026-03-09,0.5700000000000003,5.79,0.2435544116250505,3.737611337976757,-4,8,docs\win\hockey\nhl\research\sdv_challenger\season_2025\standalone_comparison.csv,-1.5,1.5,180.0,-218.0,,,2026_03_09_NHL_merged.csv,2.8,1.4587155963302751,180.0,-218.0,0.0,1.0
2025021009,2026-03-09,1.1,5.78,0.2631854003789375,4.260891113423411,4,10,docs\win\hockey\nhl\research\sdv_challenger\season_2025\standalone_comparison.csv,-1.5,1.5,136.0,-162.0,,,2026_03_09_NHL_merged.csv,2.3600000000000003,1.617283950617284,136.0,-162.0,1.0,0.0
2025021010,2026-03-09,-1.2799999999999998,5.86,-0.1116264536639031,4.26346915906701,1,5,docs\win\hockey\nhl\research\sdv_challenger\season_2025\standalone_comparison.csv,1.5,-1.5,-155.0,130.0,,,2026_03_09_NHL_merged.csv,1.6451612903225805,2.3,-155.0,130.0,1.0,0.0
2025021011,2026-03-09,-1.16,6.16,-0.2320917752369755,4.172039226680035,-2,2,docs\win\hockey\nhl\research\sdv_challenger\season_2025\standalone_comparison.csv,1.5,-1.5,-135.0,114.0,,,2026_03_09_NHL_merged.csv,1.7407407407407407,2.1399999999999997,-135.0,114.0,0.0,1.0
2025021012,2026-03-10,0.6200000000000001,5.82,0.0314946997671516,3.806917551065352,1,3,docs\win\hockey\nhl\research\sdv_challenger\season_2025\standalone_comparison.csv,-1.5,1.5,170.0,-205.0,,,2026_03_10_NHL_merged.csv,2.7,1.4878048780487805,170.0,-205.0,0.0,1.0
2025021013,2026-03-10,1.21,6.57,0.2788400910891657,4.238262854410165,3,9,docs\win\hockey\nhl\research\sdv_challenger\season_2025\standalone_comparison.csv,-1.5,1.5,124.0,-148.0,,,2026_03_10_NHL_merged.csv,2.24,1.6756756756756757,124.0,-148.0,1.0,0.0
2025021014,2026-03-10,0.8499999999999996,6.29,0.2691676303751769,4.358484308119161,2,4,docs\win\hockey\nhl\research\sdv_challenger\season_2025\standalone_comparison.csv,-1.5,1.5,145.0,-175.0,,,2026_03_10_NHL_merged.csv,2.45,1.5714285714285714,145.0,-175.0,1.0,0.0
2025021015,2026-03-10,1.31,6.19,0.2999898719705953,4.343236639913125,-3,7,docs\win\hockey\nhl\research\sdv_challenger\season_2025\standalone_comparison.csv,-1.5,1.5,100.0,-120.0,,,2026_03_10_NHL_merged.csv,2.0,1.8333333333333335,100.0,-120.0,0.0,1.0
2025021016,2026-03-10,0.2600000000000002,6.22,0.2660131928795968,4.005668602509722,1,7,docs\win\hockey\nhl\research\sdv_challenger\season_2025\standalone_comparison.csv,-1.5,1.5,190.0,-230.0,,,2026_03_10_NHL_merged.csv,2.9,1.434782608695652,190.0,-230.0,0.0,1.0
2025021017,2026-03-10,0.3500000000000001,5.85,0.1794801830207042,3.895282467359453,4,4,docs\win\hockey\nhl\research\sdv_challenger\season_2025\standalone_comparison.csv,-1.5,1.5,190.0,-230.0,,,2026_03_10_NHL_merged.csv,2.9,1.434782608695652,190.0,-230.0,1.0,0.0
2025021018,2026-03-10,1.2000000000000002,6.58,0.3569178198424971,4.683528539351153,1,9,docs\win\hockey\nhl\research\sdv_challenger\season_2025\standalone_comparison.csv,-1.5,1.5,120.0,-142.0,,,2026_03_10_NHL_merged.csv,2.2,1.704225352112676,120.0,-142.0,0.0,1.0
2025021019,2026-03-10,-0.2400000000000002,5.58,0.2538747776371375,4.208511972764342,-1,7,docs\win\hockey\nhl\research\sdv_challenger\season_2025\standalone_comparison.csv,1.5,-1.5,-258.0,210.0,,,2026_03_10_NHL_merged.csv,1.3875968992248062,3.1,-258.0,210.0,1.0,0.0
2025021020,2026-03-10,0.69,5.97,0.1136234382567469,3.9803395213518655,1,3,docs\win\hockey\nhl\research\sdv_challenger\season_2025\standalone_comparison.csv,-1.5,1.5,164.0,-198.0,,,2026_03_10_NHL_merged.csv,2.6399999999999997,1.5050505050505052,164.0,-198.0,0.0,1.0
2025021021,2026-03-10,0.6200000000000001,6.0,0.0565400488076344,4.40670926606384,5,5,docs\win\hockey\nhl\research\sdv_challenger\season_2025\standalone_comparison.csv,-1.5,1.5,160.0,-192.0,,,2026_03_10_NHL_merged.csv,2.6,1.5208333333333335,160.0,-192.0,1.0,0.0
2025021022,2026-03-10,0.54,6.24,0.1300655531087065,4.392672428868242,-3,5,docs\win\hockey\nhl\research\sdv_challenger\season_2025\standalone_comparison.csv,-1.5,1.5,195.0,-238.0,,,2026_03_10_NHL_merged.csv,2.95,1.4201680672268908,195.0,-238.0,0.0,1.0
2025021023,2026-03-10,1.29,7.21,0.4064804653604597,4.803696704692989,-1,7,docs\win\hockey\nhl\research\sdv_challenger\season_2025\standalone_comparison.csv,-1.5,1.5,130.0,-155.0,,,2026_03_10_NHL_merged.csv,2.3,1.6451612903225805,130.0,-155.0,0.0,1.0
2025021024,2026-03-10,-0.1999999999999997,5.94,0.0507712774057473,4.12019581492459,-2,6,docs\win\hockey\nhl\research\sdv_challenger\season_2025\standalone_comparison.csv,-1.5,1.5,215.0,-265.0,,,2026_03_10_NHL_merged.csv,3.15,1.3773584905660377,215.0,-265.0,0.0,1.0
2025021025,2026-03-11,0.9500000000000002,6.29,0.3087446559216431,4.026082075795845,-1,5,docs\win\hockey\nhl\research\sdv_challenger\season_2025\standalone_comparison.csv,-1.5,1.5,160.0,-192.0,,,2026_03_11_NHL_merged.csv,2.6,1.5208333333333335,160.0,-192.0,0.0,1.0
2025021026,2026-03-11,-0.2799999999999998,5.82,0.1649698537722868,4.15548276165936,3,5,docs\win\hockey\nhl\research\sdv_challenger\season_2025\standalone_comparison.csv,1.5,-1.5,-265.0,215.0,,,2026_03_11_NHL_merged.csv,1.3773584905660377,3.15,-265.0,215.0,1.0,0.0
2025021027,2026-03-12,1.1,6.44,0.20774183644837,3.970677888566699,-2,6,docs\win\hockey\nhl\research\sdv_challenger\season_2025\standalone_comparison.csv,-1.5,1.5,154.0,-185.0,,,2026_03_12_NHL_merged.csv,2.54,1.5405405405405406,154.0,-185.0,0.0,1.0
2025021028,2026-03-12,0.9200000000000004,6.44,0.1679852068829537,4.476583602010486,-1,3,docs\win\hockey\nhl\research\sdv_challenger\season_2025\standalone_comparison.csv,-1.5,1.5,120.0,-142.0,,,2026_03_12_NHL_merged.csv,2.2,1.704225352112676,120.0,-142.0,0.0,1.0
2025021029,2026-03-12,0.3199999999999998,6.48,0.0965086867598588,4.560360930381133,2,10,docs\win\hockey\nhl\research\sdv_challenger\season_2025\standalone_comparison.csv,1.5,-1.5,-258.0,210.0,,,2026_03_12_NHL_merged.csv,1.3875968992248062,3.1,-258.0,210.0,1.0,0.0
2025021030,2026-03-12,1.21,6.01,0.3261535096492709,4.158472592953549,3,5,docs\win\hockey\nhl\research\sdv_challenger\season_2025\standalone_comparison.csv,-1.5,1.5,130.0,-155.0,,,2026_03_12_NHL_merged.csv,2.3,1.6451612903225805,130.0,-155.0,1.0,0.0
2025021031,2026-03-12,0.3399999999999998,6.24,0.1894399183046404,4.184038784074051,1,3,docs\win\hockey\nhl\research\sdv_challenger\season_2025\standalone_comparison.csv,-1.5,1.5,215.0,-265.0,,,2026_03_12_NHL_merged.csv,3.15,1.3773584905660377,215.0,-265.0,0.0,1.0
2025021032,2026-03-12,0.7799999999999998,5.6,0.2263496289851625,4.137571988927151,-1,9,docs\win\hockey\nhl\research\sdv_challenger\season_2025\standalone_comparison.csv,-1.5,1.5,145.0,-175.0,,,2026_03_12_NHL_merged.csv,2.45,1.5714285714285714,145.0,-175.0,0.0,1.0
2025021033,2026-03-12,1.4300000000000002,5.93,0.4242584270614129,4.434340260295705,-2,4,docs\win\hockey\nhl\research\sdv_challenger\season_2025\standalone_comparison.csv,-1.5,1.5,-105.0,-115.0,,,2026_03_12_NHL_merged.csv,1.9523809523809523,1.8695652173913042,-105.0,-115.0,0.0,1.0
2025021034,2026-03-12,0.5900000000000003,6.39,0.1803801371159767,4.368720218346796,5,9,docs\win\hockey\nhl\research\sdv_challenger\season_2025\standalone_comparison.csv,-1.5,1.5,180.0,-218.0,,,2026_03_12_NHL_merged.csv,2.8,1.4587155963302751,180.0,-218.0,1.0,0.0
2025021035,2026-03-12,1.19,5.93,0.1413843109928811,4.087203064845439,-1,5,docs\win\hockey\nhl\research\sdv_challenger\season_2025\standalone_comparison.csv,-1.5,1.5,105.0,-125.0,,,2026_03_12_NHL_merged.csv,2.05,1.8,105.0,-125.0,0.0,1.0
2025021036,2026-03-12,0.6300000000000003,5.77,0.1445800717870384,3.912145085338126,-3,9,docs\win\hockey\nhl\research\sdv_challenger\season_2025\standalone_comparison.csv,-1.5,1.5,170.0,-205.0,,,2026_03_12_NHL_merged.csv,2.7,1.4878048780487805,170.0,-205.0,0.0,1.0
2025021037,2026-03-12,1.36,5.86,0.4183764566764463,4.264786695741234,-1,5,docs\win\hockey\nhl\research\sdv_challenger\season_2025\standalone_comparison.csv,-1.5,1.5,120.0,-142.0,,,2026_03_12_NHL_merged.csv,2.2,1.704225352112676,120.0,-142.0,0.0,1.0
2025021038,2026-03-12,-0.7599999999999998,6.2,-0.0211723874324474,4.419937768162352,1,7,docs\win\hockey\nhl\research\sdv_challenger\season_2025\standalone_comparison.csv,1.5,-1.5,-198.0,164.0,,,2026_03_12_NHL_merged.csv,1.5050505050505052,2.6399999999999997,-198.0,164.0,1.0,0.0
2025021039,2026-03-12,1.0499999999999998,6.41,0.2527524196362858,4.361109196356205,4,8,docs\win\hockey\nhl\research\sdv_challenger\season_2025\standalone_comparison.csv,-1.5,1.5,170.0,-205.0,,,2026_03_12_NHL_merged.csv,2.7,1.4878048780487805,170.0,-205.0,1.0,0.0
2025021040,2026-03-12,-1.37,6.21,-0.2383629617894156,4.292073553835606,-4,6,docs\win\hockey\nhl\research\sdv_challenger\season_2025\standalone_comparison.csv,1.5,-1.5,-148.0,124.0,,,2026_03_12_NHL_merged.csv,1.6756756756756757,2.24,-148.0,124.0,0.0,1.0
2025021041,2026-03-13,0.5,5.6,-0.0040405916763499,4.068493948984331,-1,5,docs\win\hockey\nhl\research\sdv_challenger\season_2025\standalone_comparison.csv,-1.5,1.5,185.0,-225.0,,,2026_03_13_NHL_merged.csv,2.85,1.4444444444444444,185.0,-225.0,0.0,1.0
2025021042,2026-03-13,-0.1799999999999997,6.5,0.0830665776832839,4.499660893434802,1,5,docs\win\hockey\nhl\research\sdv_challenger\season_2025\standalone_comparison.csv,1.5,-1.5,-192.0,160.0,,,2026_03_13_NHL_merged.csv,1.5208333333333335,2.6,-192.0,160.0,1.0,0.0
2025021043,2026-03-14,1.04,6.4,0.3519323649746879,4.211571841976707,2,2,docs\win\hockey\nhl\research\sdv_challenger\season_2025\standalone_comparison.csv,-1.5,1.5,145.0,-175.0,,,2026_03_14_NHL_merged.csv,2.45,1.5714285714285714,145.0,-175.0,1.0,0.0
2025021044,2026-03-14,0.79,6.11,0.2429543329098171,4.222323018284079,-1,5,docs\win\hockey\nhl\research\sdv_challenger\season_2025\standalone_comparison.csv,-1.5,1.5,185.0,-225.0,,,2026_03_14_NHL_merged.csv,2.85,1.4444444444444444,185.0,-225.0,0.0,1.0
2025021045,2026-03-14,-1.11,6.09,-0.1811298376139909,4.313767224430209,2,4,docs\win\hockey\nhl\research\sdv_challenger\season_2025\standalone_comparison.csv,1.5,-1.5,-155.0,130.0,,,2026_03_14_NHL_merged.csv,1.6451612903225805,2.3,-155.0,130.0,1.0,0.0
2025021046,2026-03-14,1.06,6.1,0.2298237432153174,4.085222246117972,-2,6,docs\win\hockey\nhl\research\sdv_challenger\season_2025\standalone_comparison.csv,-1.5,1.5,114.0,-135.0,,,2026_03_14_NHL_merged.csv,2.1399999999999997,1.7407407407407407,114.0,-135.0,0.0,1.0
2025021047,2026-03-14,1.0099999999999998,6.33,0.2852260144069234,4.404692795773232,1,5,docs\win\hockey\nhl\research\sdv_challenger\season_2025\standalone_comparison.csv,-1.5,1.5,102.0,-122.0,,,2026_03_14_NHL_merged.csv,2.02,1.819672131147541,102.0,-122.0,0.0,1.0
2025021048,2026-03-14,1.17,6.63,0.3126238678231128,4.233602271689729,-2,6,docs\win\hockey\nhl\research\sdv_challenger\season_2025\standalone_comparison.csv,-1.5,1.5,142.0,-170.0,,,2026_03_14_NHL_merged.csv,2.42,1.5882352941176472,142.0,-170.0,0.0,1.0
2025021049,2026-03-14,0.29,6.13,0.0657956738250309,4.414973494288949,-2,6,docs\win\hockey\nhl\research\sdv_challenger\season_2025\standalone_comparison.csv,-1.5,1.5,180.0,-218.0,,,2026_03_14_NHL_merged.csv,2.8,1.4587155963302751,180.0,-218.0,0.0,1.0
2025021050,2026-03-14,0.6099999999999999,5.61,0.0760145213736724,3.9850331370889696,2,10,docs\win\hockey\nhl\research\sdv_challenger\season_2025\standalone_comparison.csv,-1.5,1.5,180.0,-218.0,,,2026_03_14_NHL_merged.csv,2.8,1.4587155963302751,180.0,-218.0,1.0,0.0
2025021051,2026-03-14,0.7400000000000002,5.66,0.1452832278556703,4.2256215463270825,1,5,docs\win\hockey\nhl\research\sdv_challenger\season_2025\standalone_comparison.csv,-1.5,1.5,170.0,-205.0,,,2026_03_14_NHL_merged.csv,2.7,1.4878048780487805,170.0,-205.0,0.0,1.0
2025021052,2026-03-14,0.02,5.96,0.1312558185141532,4.1905512653158175,-1,3,docs\win\hockey\nhl\research\sdv_challenger\season_2025\standalone_comparison.csv,1.5,-1.5,-230.0,190.0,,,2026_03_14_NHL_merged.csv,1.434782608695652,2.9,-230.0,190.0,1.0,0.0
2025021053,2026-03-14,1.08,6.0,0.2661176480163476,4.05298715479229,1,5,docs\win\hockey\nhl\research\sdv_challenger\season_2025\standalone_comparison.csv,-1.5,1.5,145.0,-175.0,,,2026_03_14_NHL_merged.csv,2.45,1.5714285714285714,145.0,-175.0,0.0,1.0
2025021054,2026-03-14,1.0699999999999998,6.19,0.2254002070174978,4.488773326618636,-1,7,docs\win\hockey\nhl\research\sdv_challenger\season_2025\standalone_comparison.csv,-1.5,1.5,170.0,-205.0,,,2026_03_14_NHL_merged.csv,2.7,1.4878048780487805,170.0,-205.0,0.0,1.0
2025021055,2026-03-14,-0.1299999999999999,6.01,0.0794600423042974,4.292857440536677,-3,7,docs\win\hockey\nhl\research\sdv_challenger\season_2025\standalone_comparison.csv,1.5,-1.5,-225.0,185.0,,,2026_03_14_NHL_merged.csv,1.4444444444444444,2.85,-225.0,185.0,0.0,1.0
2025021056,2026-03-14,1.31,5.97,0.4480272504658118,4.104624692811334,4,4,docs\win\hockey\nhl\research\sdv_challenger\season_2025\standalone_comparison.csv,-1.5,1.5,110.0,-130.0,,,2026_03_14_NHL_merged.csv,2.1,1.7692307692307692,110.0,-130.0,1.0,0.0
2025021057,2026-03-15,0.08,5.64,0.1228545368794535,4.058729367143442,1,5,docs\win\hockey\nhl\research\sdv_challenger\season_2025\standalone_comparison.csv,-1.5,1.5,205.0,-250.0,,,2026_03_15_NHL_merged.csv,3.05,1.4,205.0,-250.0,0.0,1.0
2025021058,2026-03-15,1.21,6.59,0.444352032333247,3.94426266048302,3,11,docs\win\hockey\nhl\research\sdv_challenger\season_2025\standalone_comparison.csv,-1.5,1.5,120.0,-142.0,,,2026_03_15_NHL_merged.csv,2.2,1.704225352112676,120.0,-142.0,1.0,0.0
2025021059,2026-03-15,0.5500000000000003,6.85,0.2165935333321487,4.554907782145845,-1,7,docs\win\hockey\nhl\research\sdv_challenger\season_2025\standalone_comparison.csv,-1.5,1.5,164.0,-198.0,,,2026_03_15_NHL_merged.csv,2.6399999999999997,1.5050505050505052,164.0,-198.0,0.0,1.0
2025021060,2026-03-15,1.1700000000000004,6.23,0.2724889158495402,4.408910781844948,-2,6,docs\win\hockey\nhl\research\sdv_challenger\season_2025\standalone_comparison.csv,-1.5,1.5,105.0,-125.0,,,2026_03_15_NHL_merged.csv,2.05,1.8,105.0,-125.0,0.0,1.0
2025021061,2026-03-15,1.0500000000000005,6.57,0.2594287157318429,4.598233434315798,2,4,docs\win\hockey\nhl\research\sdv_challenger\season_2025\standalone_comparison.csv,-1.5,1.5,140.0,-166.0,,,2026_03_15_NHL_merged.csv,2.4,1.6024096385542168,140.0,-166.0,1.0,0.0
2025021062,2026-03-15,-0.6000000000000001,5.94,-0.0108780593309143,3.867195229751466,4,8,docs\win\hockey\nhl\research\sdv_challenger\season_2025\standalone_comparison.csv,1.5,-1.5,-245.0,200.0,,,2026_03_15_NHL_merged.csv,1.4081632653061225,3.0,-245.0,200.0,1.0,0.0
2025021063,2026-03-16,0.92,5.82,0.2293540457123701,4.187824800352912,3,7,docs\win\hockey\nhl\research\sdv_challenger\season_2025\standalone_comparison.csv,-1.5,1.5,142.0,-170.0,,,2026_03_16_NHL_merged.csv,2.42,1.5882352941176472,142.0,-170.0,1.0,0.0
2025021064,2026-03-16,0.08,5.92,0.190577994430483,4.048022502127979,1,7,docs\win\hockey\nhl\research\sdv_challenger\season_2025\standalone_comparison.csv,-1.5,1.5,205.0,-250.0,,,2026_03_16_NHL_merged.csv,3.05,1.4,205.0,-250.0,0.0,1.0
2025021065,2026-03-16,0.2799999999999998,5.64,0.0289955399590509,3.767758482866917,-3,5,docs\win\hockey\nhl\research\sdv_challenger\season_2025\standalone_comparison.csv,1.5,-1.5,-250.0,205.0,,,2026_03_16_NHL_merged.csv,1.4,3.05,-250.0,205.0,0.0,1.0
2025021066,2026-03-16,0.6800000000000002,5.82,0.1318909592226722,4.073979350293583,-3,9,docs\win\hockey\nhl\research\sdv_challenger\season_2025\standalone_comparison.csv,-1.5,1.5,154.0,-185.0,,,2026_03_16_NHL_merged.csv,2.54,1.5405405405405406,154.0,-185.0,0.0,1.0
2025021067,2026-03-16,1.3699999999999997,6.67,0.4140311724990408,4.587964442218396,-5,9,docs\win\hockey\nhl\research\sdv_challenger\season_2025\standalone_comparison.csv,-1.5,1.5,110.0,-130.0,,,2026_03_16_NHL_merged.csv,2.1,1.7692307692307692,110.0,-130.0,0.0,1.0
2025021068,2026-03-17,-0.1399999999999996,5.92,0.1431912103972643,4.415438516706587,-2,4,docs\win\hockey\nhl\research\sdv_challenger\season_2025\standalone_comparison.csv,1.5,-1.5,-218.0,180.0,,,2026_03_17_NHL_merged.csv,1.4587155963302751,2.8,-218.0,180.0,0.0,1.0
2025021069,2026-03-17,0.9699999999999998,6.37,0.2560588455009589,4.139329688374552,1,5,docs\win\hockey\nhl\research\sdv_challenger\season_2025\standalone_comparison.csv,-1.5,1.5,142.0,-170.0,,,2026_03_17_NHL_merged.csv,2.42,1.5882352941176472,142.0,-170.0,0.0,1.0
2025021070,2026-03-17,-0.7800000000000002,6.34,-0.027969254670451,4.683196086029163,4,6,docs\win\hockey\nhl\research\sdv_challenger\season_2025\standalone_comparison.csv,1.5,-1.5,-218.0,180.0,,,2026_03_17_NHL_merged.csv,1.4587155963302751,2.8,-218.0,180.0,1.0,0.0
2025021071,2026-03-17,0.6000000000000001,5.86,0.1344301511701666,4.1454820745095216,-1,7,docs\win\hockey\nhl\research\sdv_challenger\season_2025\standalone_comparison.csv,-1.5,1.5,180.0,-218.0,,,2026_03_17_NHL_merged.csv,2.8,1.4587155963302751,180.0,-218.0,0.0,1.0
2025021072,2026-03-17,-1.09,6.05,-0.0177823737014652,4.269776564734528,-1,7,docs\win\hockey\nhl\research\sdv_challenger\season_2025\standalone_comparison.csv,1.5,-1.5,-170.0,142.0,,,2026_03_17_NHL_merged.csv,1.5882352941176472,2.42,-170.0,142.0,1.0,0.0
2025021073,2026-03-17,1.0299999999999998,7.23,0.3262558944912781,4.533223814437159,2,8,docs\win\hockey\nhl\research\sdv_challenger\season_2025\standalone_comparison.csv,-1.5,1.5,136.0,-162.0,,,2026_03_17_NHL_merged.csv,2.3600000000000003,1.617283950617284,136.0,-162.0,1.0,0.0
2025021074,2026-03-17,-1.02,6.26,-0.0906704243901401,4.1699349284204414,3,7,docs\win\hockey\nhl\research\sdv_challenger\season_2025\standalone_comparison.csv,1.5,-1.5,-205.0,170.0,,,2026_03_17_NHL_merged.csv,1.4878048780487805,2.7,-205.0,170.0,1.0,0.0
2025021075,2026-03-17,0.5299999999999998,6.31,0.2595556321911987,4.221706971517421,-2,2,docs\win\hockey\nhl\research\sdv_challenger\season_2025\standalone_comparison.csv,-1.5,1.5,180.0,-218.0,,,2026_03_17_NHL_merged.csv,2.8,1.4587155963302751,180.0,-218.0,0.0,1.0
2025021076,2026-03-17,-1.14,5.78,-0.0881227900812797,4.026486721635033,-4,8,docs\win\hockey\nhl\research\sdv_challenger\season_2025\standalone_comparison.csv,1.5,-1.5,-155.0,130.0,,,2026_03_17_NHL_merged.csv,1.6451612903225805,2.3,-155.0,130.0,0.0,1.0
2025021077,2026-03-18,0.4299999999999997,5.71,0.1169642270136845,3.982228310437309,-3,9,docs\win\hockey\nhl\research\sdv_challenger\season_2025\standalone_comparison.csv,1.5,-1.5,-278.0,225.0,,,2026_03_18_NHL_merged.csv,1.3597122302158273,3.25,-278.0,225.0,0.0,1.0
2025021078,2026-03-18,1.02,6.56,0.3733248636935129,4.669047248901979,1,11,docs\win\hockey\nhl\research\sdv_challenger\season_2025\standalone_comparison.csv,-1.5,1.5,154.0,-185.0,,,2026_03_18_NHL_merged.csv,2.54,1.5405405405405406,154.0,-185.0,0.0,1.0
2025021079,2026-03-18,0.2200000000000002,6.02,-0.0036577464896869,4.142612492565768,3,5,docs\win\hockey\nhl\research\sdv_challenger\season_2025\standalone_comparison.csv,1.5,-1.5,-265.0,215.0,,,2026_03_18_NHL_merged.csv,1.3773584905660377,3.15,-265.0,215.0,1.0,0.0
2025021080,2026-03-18,0.98,6.3,0.3754950669025012,4.170075378606513,-1,3,docs\win\hockey\nhl\research\sdv_challenger\season_2025\standalone_comparison.csv,-1.5,1.5,170.0,-205.0,,,2026_03_18_NHL_merged.csv,2.7,1.4878048780487805,170.0,-205.0,0.0,1.0
2025021081,2026-03-18,0.1899999999999999,5.55,0.104431351227431,4.066928002981152,1,3,docs\win\hockey\nhl\research\sdv_challenger\season_2025\standalone_comparison.csv,1.5,-1.5,-265.0,215.0,,,2026_03_18_NHL_merged.csv,1.3773584905660377,3.15,-265.0,215.0,1.0,0.0
2025021082,2026-03-18,0.4599999999999999,6.12,0.1529947616226605,4.232801917465745,-1,5,docs\win\hockey\nhl\research\sdv_challenger\season_2025\standalone_comparison.csv,-1.5,1.5,164.0,-198.0,,,2026_03_18_NHL_merged.csv,2.6399999999999997,1.5050505050505052,164.0,-198.0,0.0,1.0
2025021083,2026-03-19,0.4900000000000002,5.87,0.1671949625266373,3.9641545735216335,5,7,docs\win\hockey\nhl\research\sdv_challenger\season_2025\standalone_comparison.csv,-1.5,1.5,180.0,-218.0,,,2026_03_19_NHL_merged.csv,2.8,1.4587155963302751,180.0,-218.0,1.0,0.0
2025021084,2026-03-19,0.1199999999999996,5.98,0.4383922459860945,4.08334972104734,1,5,docs\win\hockey\nhl\research\sdv_challenger\season_2025\standalone_comparison.csv,-1.5,1.5,180.0,-218.0,,,2026_03_19_NHL_merged.csv,2.8,1.4587155963302751,180.0,-218.0,0.0,1.0
2025021085,2026-03-19,0.04,6.26,0.1082421413188412,4.36340571189686,2,4,docs\win\hockey\nhl\research\sdv_challenger\season_2025\standalone_comparison.csv,1.5,-1.5,-285.0,230.0,,,2026_03_19_NHL_merged.csv,1.3508771929824561,3.3,-285.0,230.0,1.0,0.0
2025021086,2026-03-19,1.13,6.07,0.2967751840237378,4.162831787037399,3,9,docs\win\hockey\nhl\research\sdv_challenger\season_2025\standalone_comparison.csv,-1.5,1.5,120.0,-142.0,,,2026_03_19_NHL_merged.csv,2.2,1.704225352112676,120.0,-142.0,1.0,0.0
2025021087,2026-03-19,0.6799999999999997,6.0,0.2258564448402245,4.109996759578541,2,4,docs\win\hockey\nhl\research\sdv_challenger\season_2025\standalone_comparison.csv,-1.5,1.5,190.0,-230.0,,,2026_03_19_NHL_merged.csv,2.9,1.434782608695652,190.0,-230.0,1.0,0.0
2025021088,2026-03-19,1.34,6.0,0.342038578308979,4.27244524318338,-1,3,docs\win\hockey\nhl\research\sdv_challenger\season_2025\standalone_comparison.csv,-1.5,1.5,105.0,-125.0,,,2026_03_19_NHL_merged.csv,2.05,1.8,105.0,-125.0,0.0,1.0
2025021089,2026-03-19,0.29,7.05,0.1597121414956981,4.349385042749795,-4,4,docs\win\hockey\nhl\research\sdv_challenger\season_2025\standalone_comparison.csv,-1.5,1.5,164.0,-198.0,,,2026_03_19_NHL_merged.csv,2.6399999999999997,1.5050505050505052,164.0,-198.0,0.0,1.0
2025021090,2026-03-19,-1.3899999999999997,6.13,-0.1759228338561289,4.323073602985003,-4,8,docs\win\hockey\nhl\research\sdv_challenger\season_2025\standalone_comparison.csv,1.5,-1.5,-102.0,-118.0,,,2026_03_19_NHL_merged.csv,1.9803921568627452,1.847457627118644,-102.0,-118.0,0.0,1.0
2025021091,2026-03-19,0.3000000000000002,5.98,0.1888069969405599,4.193075802112581,-4,4,docs\win\hockey\nhl\research\sdv_challenger\season_2025\standalone_comparison.csv,-1.5,1.5,190.0,-230.0,,,2026_03_19_NHL_merged.csv,2.9,1.434782608695652,190.0,-230.0,0.0,1.0
2025021092,2026-03-19,-0.98,6.68,0.044781169675657,4.289079114131853,-5,5,docs\win\hockey\nhl\research\sdv_challenger\season_2025\standalone_comparison.csv,1.5,-1.5,-205.0,170.0,,,2026_03_19_NHL_merged.csv,1.4878048780487805,2.7,-205.0,170.0,0.0,1.0
2025021093,2026-03-19,1.04,5.6,0.2208402673018001,3.7277892221327527,-1,7,docs\win\hockey\nhl\research\sdv_challenger\season_2025\standalone_comparison.csv,-1.5,1.5,160.0,-192.0,,,2026_03_19_NHL_merged.csv,2.6,1.5208333333333335,160.0,-192.0,0.0,1.0
2025021094,2026-03-20,-1.11,6.23,-0.1961226414039707,4.591121660307348,-1,7,docs\win\hockey\nhl\research\sdv_challenger\season_2025\standalone_comparison.csv,1.5,-1.5,-142.0,120.0,,,2026_03_20_NHL_merged.csv,1.704225352112676,2.2,-142.0,120.0,1.0,0.0
2025021095,2026-03-20,0.9300000000000002,5.81,0.2033198643247766,4.382333374412998,1,3,docs\win\hockey\nhl\research\sdv_challenger\season_2025\standalone_comparison.csv,-1.5,1.5,195.0,-238.0,,,2026_03_20_NHL_merged.csv,2.95,1.4201680672268908,195.0,-238.0,0.0,1.0
2025021096,2026-03-20,-1.5799999999999996,6.44,-0.2799753616007008,4.338787589711641,-3,5,docs\win\hockey\nhl\research\sdv_challenger\season_2025\standalone_comparison.csv,1.5,-1.5,102.0,-122.0,,,2026_03_20_NHL_merged.csv,2.02,1.819672131147541,102.0,-122.0,0.0,1.0
2025021097,2026-03-20,0.3500000000000001,5.91,0.0140774629914806,3.903627311224472,3,5,docs\win\hockey\nhl\research\sdv_challenger\season_2025\standalone_comparison.csv,1.5,-1.5,-270.0,220.0,,,2026_03_20_NHL_merged.csv,1.3703703703703702,3.2,-270.0,220.0,1.0,0.0
2025021098,2026-03-20,0.6799999999999997,6.34,0.2635172457740529,4.553799653132378,-3,5,docs\win\hockey\nhl\research\sdv_challenger\season_2025\standalone_comparison.csv,-1.5,1.5,205.0,-250.0,,,2026_03_20_NHL_merged.csv,3.05,1.4,205.0,-250.0,0.0,1.0
2025021099,2026-03-21,0.6599999999999997,5.98,0.2640782789782081,4.347925215209921,1,9,docs\win\hockey\nhl\research\sdv_challenger\season_2025\standalone_comparison.csv,-1.5,1.5,160.0,-192.0,,,2026_03_21_NHL_merged.csv,2.6,1.5208333333333335,160.0,-192.0,0.0,1.0
2025021100,2026-03-21,-0.4500000000000002,6.17,-0.0192215316200607,4.159051524081139,3,5,docs\win\hockey\nhl\research\sdv_challenger\season_2025\standalone_comparison.csv,1.5,-1.5,-238.0,195.0,,,2026_03_21_NHL_merged.csv,1.4201680672268908,2.95,-238.0,195.0,1.0,0.0
2025021101,2026-03-21,-0.06,6.1,0.0970024844385708,4.073813829981525,1,3,docs\win\hockey\nhl\research\sdv_challenger\season_2025\standalone_comparison.csv,1.5,-1.5,-265.0,215.0,,,2026_03_21_NHL_merged.csv,1.3773584905660377,3.15,-265.0,215.0,1.0,0.0
2025021102,2026-03-21,-0.0699999999999998,6.01,0.1992612656910952,4.084156346562409,-3,5,docs\win\hockey\nhl\research\sdv_challenger\season_2025\standalone_comparison.csv,1.5,-1.5,-258.0,210.0,,,2026_03_21_NHL_merged.csv,1.3875968992248062,3.1,-258.0,210.0,0.0,1.0
2025021103,2026-03-21,-0.5,6.08,0.0572268668794779,3.9275319275560094,-3,5,docs\win\hockey\nhl\research\sdv_challenger\season_2025\standalone_comparison.csv,-1.5,1.5,215.0,-265.0,,,2026_03_21_NHL_merged.csv,3.15,1.3773584905660377,215.0,-265.0,0.0,1.0
2025021104,2026-03-21,1.0700000000000005,6.17,0.3339026652124586,4.2860849653857,3,7,docs\win\hockey\nhl\research\sdv_challenger\season_2025\standalone_comparison.csv,-1.5,1.5,142.0,-170.0,,,2026_03_21_NHL_merged.csv,2.42,1.5882352941176472,142.0,-170.0,1.0,0.0
2025021105,2026-03-21,0.5,6.12,0.3029866227399407,4.4105732994522775,4,10,docs\win\hockey\nhl\research\sdv_challenger\season_2025\standalone_comparison.csv,-1.5,1.5,190.0,-230.0,,,2026_03_21_NHL_merged.csv,2.9,1.434782608695652,190.0,-230.0,1.0,0.0
2025021106,2026-03-21,1.23,6.23,0.4614988093460308,4.07680528068793,3,7,docs\win\hockey\nhl\research\sdv_challenger\season_2025\standalone_comparison.csv,-1.5,1.5,-110.0,-110.0,,,2026_03_21_NHL_merged.csv,1.9090909090909092,1.9090909090909092,-110.0,-110.0,1.0,0.0
2025021107,2026-03-21,-0.33,5.95,-0.0273959022133167,4.346682132285772,-2,4,docs\win\hockey\nhl\research\sdv_challenger\season_2025\standalone_comparison.csv,1.5,-1.5,-230.0,190.0,,,2026_03_21_NHL_merged.csv,1.434782608695652,2.9,-230.0,190.0,0.0,1.0
2025021108,2026-03-21,0.3500000000000001,6.09,0.2056932611623936,4.116710946604389,-2,6,docs\win\hockey\nhl\research\sdv_challenger\season_2025\standalone_comparison.csv,-1.5,1.5,205.0,-250.0,,,2026_03_21_NHL_merged.csv,3.05,1.4,205.0,-250.0,0.0,1.0
2025021109,2026-03-21,-1.0500000000000005,7.01,0.084491486938969,4.486875132650226,-3,7,docs\win\hockey\nhl\research\sdv_challenger\season_2025\standalone_comparison.csv,1.5,-1.5,-205.0,170.0,,,2026_03_21_NHL_merged.csv,1.4878048780487805,2.7,-205.0,170.0,0.0,1.0
2025021110,2026-03-22,0.98,5.74,0.1629702361739777,3.91033184373286,-1,5,docs\win\hockey\nhl\research\sdv_challenger\season_2025\standalone_comparison.csv,-1.5,1.5,200.0,-245.0,,,2026_03_22_NHL_merged.csv,3.0,1.4081632653061225,200.0,-245.0,0.0,1.0
2025021111,2026-03-22,-0.7600000000000002,6.32,-0.1056546557830713,4.575253885835156,-1,5,docs\win\hockey\nhl\research\sdv_challenger\season_2025\standalone_comparison.csv,1.5,-1.5,-185.0,154.0,,,2026_03_22_NHL_merged.csv,1.5405405405405406,2.54,-185.0,154.0,1.0,0.0
2025021112,2026-03-22,-0.9700000000000002,6.49,-0.0570472850082639,4.719507730643634,-4,6,docs\win\hockey\nhl\research\sdv_challenger\season_2025\standalone_comparison.csv,1.5,-1.5,-205.0,170.0,,,2026_03_22_NHL_merged.csv,1.4878048780487805,2.7,-205.0,170.0,0.0,1.0
2025021113,2026-03-22,0.0899999999999998,6.13,0.0580863115929721,4.207996904490933,-1,5,docs\win\hockey\nhl\research\sdv_challenger\season_2025\standalone_comparison.csv,1.5,-1.5,-290.0,235.0,,,2026_03_22_NHL_merged.csv,1.3448275862068966,3.35,-290.0,235.0,1.0,0.0
2025021114,2026-03-22,0.0699999999999998,5.99,0.0014706501934091,4.492730618416499,1,1,docs\win\hockey\nhl\research\sdv_challenger\season_2025\standalone_comparison.csv,1.5,-1.5,-250.0,205.0,,,2026_03_22_NHL_merged.csv,1.4,3.05,-250.0,205.0,1.0,0.0
2025021115,2026-03-22,0.77,6.03,0.0989387809407222,3.899439489614056,-1,5,docs\win\hockey\nhl\research\sdv_challenger\season_2025\standalone_comparison.csv,-1.5,1.5,180.0,-218.0,,,2026_03_22_NHL_merged.csv,2.8,1.4587155963302751,180.0,-218.0,0.0,1.0
2025021116,2026-03-22,-1.02,5.88,-0.0686353853044448,4.019670052603861,1,7,docs\win\hockey\nhl\research\sdv_challenger\season_2025\standalone_comparison.csv,1.5,-1.5,-162.0,136.0,,,2026_03_22_NHL_merged.csv,1.617283950617284,2.3600000000000003,-162.0,136.0,1.0,0.0
2025021117,2026-03-22,0.0099999999999997,6.67,0.1195598042092687,4.553892936217299,1,11,docs\win\hockey\nhl\research\sdv_challenger\season_2025\standalone_comparison.csv,-1.5,1.5,225.0,-278.0,,,2026_03_22_NHL_merged.csv,3.25,1.3597122302158273,225.0,-278.0,0.0,1.0
2025021118,2026-03-22,1.04,5.72,0.2055124739271572,4.056537407364456,1,7,docs\win\hockey\nhl\research\sdv_challenger\season_2025\standalone_comparison.csv,-1.5,1.5,154.0,-185.0,,,2026_03_22_NHL_merged.csv,2.54,1.5405405405405406,154.0,-185.0,0.0,1.0
2025021119,2026-03-23,-0.4100000000000001,5.87,-0.1074833021137511,3.757213544180297,-1,3,docs\win\hockey\nhl\research\sdv_challenger\season_2025\standalone_comparison.csv,1.5,-1.5,-147.0,124.0,1.68,2.24,2026_03_23_NHL_merged.csv,1.68,2.24,-147.0,124.0,1.0,0.0
2025021120,2026-03-24,0.8399999999999999,6.22,0.218627232105641,4.158116066488017,-2,6,docs\win\hockey\nhl\research\sdv_challenger\season_2025\standalone_comparison.csv,-1.5,1.5,130.0,-154.0,2.3,1.65,2026_03_24_NHL_merged.csv,2.3,1.65,130.0,-154.0,0.0,1.0
2025021121,2026-03-24,-0.6999999999999997,6.44,-0.0208450105299773,4.604238464160068,3,7,docs\win\hockey\nhl\research\sdv_challenger\season_2025\standalone_comparison.csv,1.5,-1.5,-217.0,180.0,1.46,2.8,2026_03_24_NHL_merged.csv,1.46,2.8,-217.0,180.0,1.0,0.0
2025021122,2026-03-24,0.2099999999999999,6.03,-0.0464897581718264,4.017501504248875,-1,5,docs\win\hockey\nhl\research\sdv_challenger\season_2025\standalone_comparison.csv,-1.5,1.5,205.0,-250.0,3.05,1.4,2026_03_24_NHL_merged.csv,3.05,1.4,205.0,-250.0,0.0,1.0
2025021123,2026-03-24,0.9500000000000002,5.97,0.3405275313195299,3.855453017564812,1,9,docs\win\hockey\nhl\research\sdv_challenger\season_2025\standalone_comparison.csv,-1.5,1.5,180.0,-217.0,2.8,1.46,2026_03_24_NHL_merged.csv,2.8,1.46,180.0,-217.0,0.0,1.0
2025021124,2026-03-24,1.16,5.72,0.2185359875066828,4.271354478081088,-1,7,docs\win\hockey\nhl\research\sdv_challenger\season_2025\standalone_comparison.csv,-1.5,1.5,136.0,-161.0,2.36,1.62,2026_03_24_NHL_merged.csv,2.36,1.62,136.0,-161.0,0.0,1.0
2025021125,2026-03-24,-0.1400000000000001,5.9,0.1133337750323373,4.108198822616954,-1,5,docs\win\hockey\nhl\research\sdv_challenger\season_2025\standalone_comparison.csv,1.5,-1.5,-227.0,185.0,1.44,2.85,2026_03_24_NHL_merged.csv,1.44,2.85,-227.0,185.0,1.0,0.0
2025021126,2026-03-24,-1.0499999999999998,6.59,-0.0994557637111857,4.616529151186077,-4,8,docs\win\hockey\nhl\research\sdv_challenger\season_2025\standalone_comparison.csv,1.5,-1.5,-185.0,154.0,1.54,2.54,2026_03_24_NHL_merged.csv,1.54,2.54,-185.0,154.0,0.0,1.0
2025021127,2026-03-24,1.0299999999999998,6.15,0.2919343647912633,4.202327422914393,3,9,docs\win\hockey\nhl\research\sdv_challenger\season_2025\standalone_comparison.csv,-1.5,1.5,145.0,-175.0,2.45,1.57,2026_03_24_NHL_merged.csv,2.45,1.57,145.0,-175.0,1.0,0.0
2025021128,2026-03-24,-0.3799999999999999,5.74,0.1296625901639134,4.296376522379478,3,3,docs\win\hockey\nhl\research\sdv_challenger\season_2025\standalone_comparison.csv,1.5,-1.5,-278.0,225.0,1.36,3.25,2026_03_24_NHL_merged.csv,1.36,3.25,-278.0,225.0,1.0,0.0
2025021129,2026-03-24,1.0299999999999998,6.47,0.1959880465105041,4.22118623827575,3,9,docs\win\hockey\nhl\research\sdv_challenger\season_2025\standalone_comparison.csv,-1.5,1.5,170.0,-204.0,2.7,1.49,2026_03_24_NHL_merged.csv,2.7,1.49,170.0,-204.0,1.0,0.0
2025021130,2026-03-24,1.16,5.8,0.2413395469319668,4.00958337027509,-2,10,docs\win\hockey\nhl\research\sdv_challenger\season_2025\standalone_comparison.csv,-1.5,1.5,160.0,-192.0,2.6,1.52,2026_03_24_NHL_merged.csv,2.6,1.52,160.0,-192.0,0.0,1.0
2025021131,2026-03-24,-0.3599999999999999,5.84,-0.0495284043966792,4.063259124314596,3,5,docs\win\hockey\nhl\research\sdv_challenger\season_2025\standalone_comparison.csv,1.5,-1.5,-244.0,200.0,1.41,3.0,2026_03_24_NHL_merged.csv,1.41,3.0,-244.0,200.0,1.0,0.0
2025021132,2026-03-24,1.06,6.76,0.2030095707241916,4.652561778307548,-3,7,docs\win\hockey\nhl\research\sdv_challenger\season_2025\standalone_comparison.csv,-1.5,1.5,180.0,-217.0,2.8,1.46,2026_03_24_NHL_merged.csv,2.8,1.46,180.0,-217.0,0.0,1.0
2025021133,2026-03-24,-0.1999999999999997,5.56,0.0131760308643631,3.915206135413724,1,5,docs\win\hockey\nhl\research\sdv_challenger\season_2025\standalone_comparison.csv,1.5,-1.5,-217.0,180.0,1.46,2.8,2026_03_24_NHL_merged.csv,1.46,2.8,-217.0,180.0,1.0,0.0
2025021134,2026-03-24,-1.02,6.42,-0.0468710078090497,4.684413779475065,-2,8,docs\win\hockey\nhl\research\sdv_challenger\season_2025\standalone_comparison.csv,1.5,-1.5,-161.0,136.0,1.62,2.36,2026_03_24_NHL_merged.csv,1.62,2.36,-161.0,136.0,0.0,1.0
2025021135,2026-03-25,1.0900000000000003,6.39,0.2740753439984962,4.186546253394546,-1,7,docs\win\hockey\nhl\research\sdv_challenger\season_2025\standalone_comparison.csv,-1.5,1.5,120.0,-143.0,2.2,1.7,2026_03_25_NHL_merged.csv,2.2,1.7,120.0,-143.0,0.0,1.0
2025021136,2026-03-25,-0.1099999999999998,5.95,0.1337365806207868,4.074286668321869,1,7,docs\win\hockey\nhl\research\sdv_challenger\season_2025\standalone_comparison.csv,1.5,-1.5,-244.0,200.0,1.41,3.0,2026_03_25_NHL_merged.csv,1.41,3.0,-244.0,200.0,1.0,0.0
2025021137,2026-03-26,0.3700000000000001,6.43,0.1530876701666073,4.493200303867576,1,3,docs\win\hockey\nhl\research\sdv_challenger\season_2025\standalone_comparison.csv,-1.5,1.5,205.0,-250.0,3.05,1.4,2026_03_26_NHL_merged.csv,3.05,1.4,205.0,-250.0,0.0,1.0
2025021138,2026-03-26,0.9499999999999996,6.31,0.3260926997013662,4.184567275229554,-1,7,docs\win\hockey\nhl\research\sdv_challenger\season_2025\standalone_comparison.csv,-1.5,1.5,164.0,-196.0,2.64,1.51,2026_03_26_NHL_merged.csv,2.64,1.51,164.0,-196.0,0.0,1.0
2025021139,2026-03-26,1.48,6.14,0.420407193263999,4.014970402307103,-1,7,docs\win\hockey\nhl\research\sdv_challenger\season_2025\standalone_comparison.csv,-1.5,1.5,-115.0,-105.0,1.87,1.95,2026_03_26_NHL_merged.csv,1.87,1.95,-115.0,-105.0,0.0,1.0
2025021140,2026-03-26,-0.6000000000000001,6.16,0.2070249687294669,4.053836281922981,-1,5,docs\win\hockey\nhl\research\sdv_challenger\season_2025\standalone_comparison.csv,1.5,-1.5,-196.0,164.0,1.51,2.64,2026_03_26_NHL_merged.csv,1.51,2.64,-196.0,164.0,1.0,0.0
2025021141,2026-03-26,-0.56,5.78,0.0146835761792725,4.118541284357342,1,3,docs\win\hockey\nhl\research\sdv_challenger\season_2025\standalone_comparison.csv,1.5,-1.5,-250.0,205.0,1.4,3.05,2026_03_26_NHL_merged.csv,1.4,3.05,-250.0,205.0,1.0,0.0
2025021142,2026-03-26,1.09,5.67,0.3416400586607162,3.932723893969309,4,6,docs\win\hockey\nhl\research\sdv_challenger\season_2025\standalone_comparison.csv,-1.5,1.5,160.0,-192.0,2.6,1.52,2026_03_26_NHL_merged.csv,2.6,1.52,160.0,-192.0,1.0,0.0
2025021143,2026-03-26,0.8499999999999996,6.17,0.2544539875167495,4.090387830138421,1,3,docs\win\hockey\nhl\research\sdv_challenger\season_2025\standalone_comparison.csv,-1.5,1.5,180.0,-217.0,2.8,1.46,2026_03_26_NHL_merged.csv,2.8,1.46,180.0,-217.0,0.0,1.0
2025021144,2026-03-26,0.0699999999999998,6.11,0.1114944481109674,4.2548381325852045,-2,6,docs\win\hockey\nhl\research\sdv_challenger\season_2025\standalone_comparison.csv,-1.5,1.5,215.0,-263.0,3.15,1.38,2026_03_26_NHL_merged.csv,3.15,1.38,215.0,-263.0,0.0,1.0
2025021145,2026-03-26,-1.14,6.1,-0.1807519617439426,4.305886505529563,-1,5,docs\win\hockey\nhl\research\sdv_challenger\season_2025\standalone_comparison.csv,1.5,-1.5,-169.0,142.0,1.59,2.42,2026_03_26_NHL_merged.csv,1.59,2.42,-169.0,142.0,1.0,0.0
2025021146,2026-03-26,0.4599999999999999,5.96,0.2300661549451437,4.44046840555632,-3,11,docs\win\hockey\nhl\research\sdv_challenger\season_2025\standalone_comparison.csv,-1.5,1.5,170.0,-204.0,2.7,1.49,2026_03_26_NHL_merged.csv,2.7,1.49,170.0,-204.0,0.0,1.0
2025021147,2026-03-26,-0.3699999999999996,6.31,0.0828655541348011,4.399760478920595,-1,5,docs\win\hockey\nhl\research\sdv_challenger\season_2025\standalone_comparison.csv,1.5,-1.5,-217.0,180.0,1.46,2.8,2026_03_26_NHL_merged.csv,1.46,2.8,-217.0,180.0,1.0,0.0
2025021148,2026-03-26,1.0,7.02,0.2426176602840688,4.466546892885006,-1,7,docs\win\hockey\nhl\research\sdv_challenger\season_2025\standalone_comparison.csv,-1.5,1.5,185.0,-227.0,2.85,1.44,2026_03_26_NHL_merged.csv,2.85,1.44,185.0,-227.0,0.0,1.0
2025021149,2026-03-26,-1.04,5.84,-0.1194081443804817,4.220252420457665,-4,4,docs\win\hockey\nhl\research\sdv_challenger\season_2025\standalone_comparison.csv,1.5,-1.5,-185.0,154.0,1.54,2.54,2026_03_26_NHL_merged.csv,1.54,2.54,-185.0,154.0,0.0,1.0
2025021150,2026-03-27,0.8499999999999996,6.25,0.2088007800914599,4.354855542498635,-3,7,docs\win\hockey\nhl\research\sdv_challenger\season_2025\standalone_comparison.csv,-1.5,1.5,164.0,-196.0,2.64,1.51,2026_03_27_NHL_merged.csv,2.64,1.51,164.0,-196.0,0.0,1.0
2025021151,2026-03-27,1.2600000000000002,5.94,0.2747069292832362,3.998165092655235,5,7,docs\win\hockey\nhl\research\sdv_challenger\season_2025\standalone_comparison.csv,-1.5,1.5,154.0,-185.0,2.54,1.54,2026_03_27_NHL_merged.csv,2.54,1.54,154.0,-185.0,1.0,0.0
2025021152,2026-03-28,1.0300000000000002,6.09,0.1232352908228415,3.897652888151369,2,6,docs\win\hockey\nhl\research\sdv_challenger\season_2025\standalone_comparison.csv,-1.5,1.5,160.0,-192.0,2.6,1.52,2026_03_28_NHL_merged.csv,2.6,1.52,160.0,-192.0,1.0,0.0
2025021153,2026-03-28,0.7999999999999998,5.88,0.032895046015303,4.110879543591869,3,7,docs\win\hockey\nhl\research\sdv_challenger\season_2025\standalone_comparison.csv,-1.5,1.5,142.0,-169.0,2.42,1.59,2026_03_28_NHL_merged.csv,2.42,1.59,142.0,-169.0,1.0,0.0
2025021154,2026-03-28,0.25,7.43,0.2363893899406308,4.82846401670957,2,6,docs\win\hockey\nhl\research\sdv_challenger\season_2025\standalone_comparison.csv,-1.5,1.5,170.0,-204.0,2.7,1.49,2026_03_28_NHL_merged.csv,2.7,1.49,170.0,-204.0,1.0,0.0
2025021155,2026-03-28,-0.1200000000000001,6.12,0.0626742197573397,4.158004100107684,3,9,docs\win\hockey\nhl\research\sdv_challenger\season_2025\standalone_comparison.csv,1.5,-1.5,-250.0,205.0,1.4,3.05,2026_03_28_NHL_merged.csv,1.4,3.05,-250.0,205.0,1.0,0.0
2025021156,2026-03-28,-0.5,6.38,0.155984206253442,4.221693390918868,-3,9,docs\win\hockey\nhl\research\sdv_challenger\season_2025\standalone_comparison.csv,1.5,-1.5,-256.0,210.0,1.39,3.1,2026_03_28_NHL_merged.csv,1.39,3.1,-256.0,210.0,0.0,1.0
2025021157,2026-03-28,1.31,6.07,0.4147289906212443,4.485111592215734,3,7,docs\win\hockey\nhl\research\sdv_challenger\season_2025\standalone_comparison.csv,-1.5,1.5,124.0,-147.0,2.24,1.68,2026_03_28_NHL_merged.csv,2.24,1.68,124.0,-147.0,1.0,0.0
2025021158,2026-03-28,1.19,6.45,0.3174585182057425,4.312059860454665,-1,5,docs\win\hockey\nhl\research\sdv_challenger\season_2025\standalone_comparison.csv,-1.5,1.5,124.0,-147.0,2.24,1.68,2026_03_28_NHL_merged.csv,2.24,1.68,124.0,-147.0,0.0,1.0
2025021159,2026-03-28,1.08,6.3,0.3093935682565432,4.204085384354573,1,5,docs\win\hockey\nhl\research\sdv_challenger\season_2025\standalone_comparison.csv,-1.5,1.5,136.0,-161.0,2.36,1.62,2026_03_28_NHL_merged.csv,2.36,1.62,136.0,-161.0,0.0,1.0
2025021160,2026-03-28,0.3899999999999997,5.87,0.2702712047328206,4.2240585224590514,4,6,docs\win\hockey\nhl\research\sdv_challenger\season_2025\standalone_comparison.csv,-1.5,1.5,180.0,-217.0,2.8,1.46,2026_03_28_NHL_merged.csv,2.8,1.46,180.0,-217.0,1.0,0.0
2025021161,2026-03-28,-0.29,6.39,0.0614304592435335,4.345732532261877,-3,5,docs\win\hockey\nhl\research\sdv_challenger\season_2025\standalone_comparison.csv,1.5,-1.5,-244.0,200.0,1.41,3.0,2026_03_28_NHL_merged.csv,1.41,3.0,-244.0,200.0,0.0,1.0
2025021162,2026-03-28,1.41,6.07,0.515471336420263,4.309552578732003,-2,6,docs\win\hockey\nhl\research\sdv_challenger\season_2025\standalone_comparison.csv,-1.5,1.5,-105.0,-115.0,1.95,1.87,2026_03_28_NHL_merged.csv,1.95,1.87,-105.0,-115.0,0.0,1.0
2025021163,2026-03-28,0.31,5.69,0.1133674672446769,3.99092607739237,-2,8,docs\win\hockey\nhl\research\sdv_challenger\season_2025\standalone_comparison.csv,-1.5,1.5,185.0,-227.0,2.85,1.44,2026_03_28_NHL_merged.csv,2.85,1.44,185.0,-227.0,0.0,1.0
2025021164,2026-03-28,-0.1600000000000001,5.7,0.1230079492918956,4.060969152628868,-4,8,docs\win\hockey\nhl\research\sdv_challenger\season_2025\standalone_comparison.csv,-1.5,1.5,230.0,-286.0,3.3,1.35,2026_03_28_NHL_merged.csv,3.3,1.35,230.0,-286.0,0.0,1.0
2025021165,2026-03-28,1.0900000000000003,5.85,0.2965427384863002,4.31789149362077,4,10,docs\win\hockey\nhl\research\sdv_challenger\season_2025\standalone_comparison.csv,-1.5,1.5,150.0,-179.0,2.5,1.56,2026_03_28_NHL_merged.csv,2.5,1.56,150.0,-179.0,1.0,0.0
2025021166,2026-03-28,0.4899999999999997,5.97,0.2878880752970252,4.261110927643125,-1,9,docs\win\hockey\nhl\research\sdv_challenger\season_2025\standalone_comparison.csv,-1.5,1.5,170.0,-204.0,2.7,1.49,2026_03_28_NHL_merged.csv,2.7,1.49,170.0,-204.0,0.0,1.0
2025021167,2026-03-29,0.98,5.94,0.0705130303860346,3.764477196467862,2,4,docs\win\hockey\nhl\research\sdv_challenger\season_2025\standalone_comparison.csv,-1.5,1.5,170.0,-204.0,2.7,1.49,2026_03_29_NHL_merged.csv,2.7,1.49,170.0,-204.0,1.0,0.0
2025021168,2026-03-29,1.29,6.69,0.376235071958285,4.141718541914266,1,5,docs\win\hockey\nhl\research\sdv_challenger\season_2025\standalone_comparison.csv,-1.5,1.5,130.0,-154.0,2.3,1.65,2026_03_29_NHL_merged.csv,2.3,1.65,130.0,-154.0,0.0,1.0
2025021169,2026-03-29,1.0299999999999998,6.57,0.366313933686603,4.602461310773438,-2,4,docs\win\hockey\nhl\research\sdv_challenger\season_2025\standalone_comparison.csv,-1.5,1.5,142.0,-169.0,2.42,1.59,2026_03_29_NHL_merged.csv,2.42,1.59,142.0,-169.0,0.0,1.0
2025021170,2026-03-29,0.5700000000000003,6.25,0.2942210284537618,4.249619144539297,-1,7,docs\win\hockey\nhl\research\sdv_challenger\season_2025\standalone_comparison.csv,-1.5,1.5,160.0,-192.0,2.6,1.52,2026_03_29_NHL_merged.csv,2.6,1.52,160.0,-192.0,0.0,1.0
2025021171,2026-03-29,1.04,5.72,0.3347263399761355,4.274980493141519,2,8,docs\win\hockey\nhl\research\sdv_challenger\season_2025\standalone_comparison.csv,-1.5,1.5,154.0,-185.0,2.54,1.54,2026_03_29_NHL_merged.csv,2.54,1.54,154.0,-185.0,1.0,0.0
2025021172,2026-03-29,-0.7799999999999998,5.72,0.1440462133429498,3.726658009439348,1,3,docs\win\hockey\nhl\research\sdv_challenger\season_2025\standalone_comparison.csv,1.5,-1.5,-204.0,170.0,1.49,2.7,2026_03_29_NHL_merged.csv,1.49,2.7,-204.0,170.0,1.0,0.0
2025021173,2026-03-30,0.4699999999999997,6.25,0.0457609390471125,4.530323047169664,-5,11,docs\win\hockey\nhl\research\sdv_challenger\season_2025\standalone_comparison.csv,-1.5,1.5,205.0,-250.0,3.05,1.4,2026_03_30_NHL_merged.csv,3.05,1.4,205.0,-250.0,0.0,1.0
2025021174,2026-03-30,1.65,6.15,0.5429046077849007,4.252917015531239,7,11,docs\win\hockey\nhl\research\sdv_challenger\season_2025\standalone_comparison.csv,-1.5,1.5,-135.0,114.0,1.74,2.14,2026_03_30_NHL_merged.csv,1.74,2.14,-135.0,114.0,1.0,0.0
2025021175,2026-03-30,1.42,6.14,0.5182182863721989,4.301014189126564,2,6,docs\win\hockey\nhl\research\sdv_challenger\season_2025\standalone_comparison.csv,-1.5,1.5,-135.0,114.0,1.74,2.14,2026_03_30_NHL_merged.csv,1.74,2.14,-135.0,114.0,1.0,0.0
2025021176,2026-03-30,0.8000000000000003,6.48,0.2829811981083603,4.594205263407609,-1,9,docs\win\hockey\nhl\research\sdv_challenger\season_2025\standalone_comparison.csv,-1.5,1.5,120.0,-143.0,2.2,1.7,2026_03_30_NHL_merged.csv,2.2,1.7,120.0,-143.0,0.0,1.0
2025021177,2026-03-30,-0.31,6.03,0.0912246399816392,4.08405747568086,1,9,docs\win\hockey\nhl\research\sdv_challenger\season_2025\standalone_comparison.csv,-1.5,1.5,225.0,-278.0,3.25,1.36,2026_03_30_NHL_merged.csv,3.25,1.36,225.0,-278.0,0.0,1.0
2025021178,2026-03-31,-0.3700000000000001,6.03,0.0506573895870117,3.8583919704241008,3,9,docs\win\hockey\nhl\research\sdv_challenger\season_2025\standalone_comparison.csv,1.5,-1.5,-250.0,205.0,1.4,3.05,2026_03_31_NHL_merged.csv,1.4,3.05,-250.0,205.0,1.0,0.0
2025021179,2026-03-31,1.0699999999999998,6.19,0.2900288993025577,4.476740989440266,1,7,docs\win\hockey\nhl\research\sdv_challenger\season_2025\standalone_comparison.csv,-1.5,1.5,136.0,-161.0,2.36,1.62,2026_03_31_NHL_merged.csv,2.36,1.62,136.0,-161.0,0.0,1.0
2025021180,2026-03-31,1.09,6.49,0.2791450903548318,4.23386167683484,-3,5,docs\win\hockey\nhl\research\sdv_challenger\season_2025\standalone_comparison.csv,-1.5,1.5,142.0,-169.0,2.42,1.59,2026_03_31_NHL_merged.csv,2.42,1.59,142.0,-169.0,0.0,1.0
2025021181,2026-03-31,-0.6399999999999997,6.04,0.0060886398438562,3.7848068402044968,3,9,docs\win\hockey\nhl\research\sdv_challenger\season_2025\standalone_comparison.csv,1.5,-1.5,-169.0,142.0,1.59,2.42,2026_03_31_NHL_merged.csv,1.59,2.42,-169.0,142.0,1.0,0.0
2025021182,2026-03-31,0.4499999999999997,5.77,0.1040803179674902,4.001251083371438,3,5,docs\win\hockey\nhl\research\sdv_challenger\season_2025\standalone_comparison.csv,1.5,-1.5,-250.0,205.0,1.4,3.05,2026_03_31_NHL_merged.csv,1.4,3.05,-250.0,205.0,1.0,0.0
2025021183,2026-03-31,0.1200000000000001,6.32,0.2466398071034161,4.436347780589779,4,6,docs\win\hockey\nhl\research\sdv_challenger\season_2025\standalone_comparison.csv,-1.5,1.5,225.0,-278.0,3.25,1.36,2026_03_31_NHL_merged.csv,3.25,1.36,225.0,-278.0,1.0,0.0
2025021184,2026-03-31,0.7000000000000002,5.72,0.1492023619313256,4.06609801710756,2,10,docs\win\hockey\nhl\research\sdv_challenger\season_2025\standalone_comparison.csv,-1.5,1.5,190.0,-233.0,2.9,1.43,2026_03_31_NHL_merged.csv,2.9,1.43,190.0,-233.0,1.0,0.0
2025021185,2026-03-31,-0.8300000000000001,6.29,-0.04440866011742,4.643426615283388,-3,7,docs\win\hockey\nhl\research\sdv_challenger\season_2025\standalone_comparison.csv,1.5,-1.5,-233.0,190.0,1.43,2.9,2026_03_31_NHL_merged.csv,1.43,2.9,-233.0,190.0,0.0,1.0
2025021186,2026-03-31,-0.6600000000000001,5.72,0.025050071309705,4.182868600425051,-1,7,docs\win\hockey\nhl\research\sdv_challenger\season_2025\standalone_comparison.csv,1.5,-1.5,-204.0,170.0,1.49,2.7,2026_03_31_NHL_merged.csv,1.49,2.7,-204.0,170.0,1.0,0.0
2025021187,2026-03-31,0.9299999999999996,6.91,0.3421936513376442,4.43892028330015,3,3,docs\win\hockey\nhl\research\sdv_challenger\season_2025\standalone_comparison.csv,-1.5,1.5,140.0,-167.0,2.4,1.6,2026_03_31_NHL_merged.csv,2.4,1.6,140.0,-167.0,1.0,0.0
2025021188,2026-04-01,2.07,6.43,0.6708760565208416,4.615541520584074,-2,14,docs\win\hockey\nhl\research\sdv_challenger\season_2025\standalone_comparison.csv,-1.5,1.5,-169.0,142.0,1.59,2.42,2026_04_01_NHL_merged.csv,1.59,2.42,-169.0,142.0,0.0,1.0
2025021189,2026-04-01,0.6800000000000002,5.48,0.2277165775660039,3.875660519264974,1,3,docs\win\hockey\nhl\research\sdv_challenger\season_2025\standalone_comparison.csv,-1.5,1.5,180.0,-217.0,2.8,1.46,2026_04_01_NHL_merged.csv,2.8,1.46,180.0,-217.0,0.0,1.0
2025021190,2026-04-01,-0.4300000000000001,6.73,0.096109852320426,4.440064326416036,1,7,docs\win\hockey\nhl\research\sdv_challenger\season_2025\standalone_comparison.csv,1.5,-1.5,-263.0,215.0,1.38,3.15,2026_04_01_NHL_merged.csv,1.38,3.15,-263.0,215.0,1.0,0.0
2025021191,2026-04-02,0.3799999999999999,6.3,0.3000958065777119,4.108449313254889,3,5,docs\win\hockey\nhl\research\sdv_challenger\season_2025\standalone_comparison.csv,-1.5,1.5,205.0,-250.0,3.05,1.4,2026_04_02_NHL_merged.csv,3.05,1.4,205.0,-250.0,1.0,0.0
2025021192,2026-04-02,1.09,6.53,0.2610560733621887,4.346557095900766,3,9,docs\win\hockey\nhl\research\sdv_challenger\season_2025\standalone_comparison.csv,-1.5,1.5,145.0,-175.0,2.45,1.57,2026_04_02_NHL_merged.csv,2.45,1.57,145.0,-175.0,1.0,0.0
2025021193,2026-04-02,-0.25,6.09,0.2596573751944167,3.884197599844335,1,3,docs\win\hockey\nhl\research\sdv_challenger\season_2025\standalone_comparison.csv,1.5,-1.5,-196.0,164.0,1.51,2.64,2026_04_02_NHL_merged.csv,1.51,2.64,-196.0,164.0,1.0,0.0
2025021194,2026-04-02,-0.1300000000000003,5.85,0.1394894744690549,4.3867089815399805,4,10,docs\win\hockey\nhl\research\sdv_challenger\season_2025\standalone_comparison.csv,-1.5,1.5,220.0,-270.0,3.2,1.37,2026_04_02_NHL_merged.csv,3.2,1.37,220.0,-270.0,1.0,0.0
2025021195,2026-04-02,0.1099999999999998,6.31,0.0602149447478308,4.063280898161191,-1,5,docs\win\hockey\nhl\research\sdv_challenger\season_2025\standalone_comparison.csv,1.5,-1.5,-204.0,170.0,1.49,2.7,2026_04_02_NHL_merged.csv,1.49,2.7,-204.0,170.0,1.0,0.0
2025021196,2026-04-02,0.2400000000000002,5.7,0.2289038335799067,3.958533723180719,-2,6,docs\win\hockey\nhl\research\sdv_challenger\season_2025\standalone_comparison.csv,-1.5,1.5,215.0,-263.0,3.15,1.38,2026_04_02_NHL_merged.csv,3.15,1.38,215.0,-263.0,0.0,1.0
2025021197,2026-04-02,1.1,6.4,0.366365684227147,4.646252811867624,4,6,docs\win\hockey\nhl\research\sdv_challenger\season_2025\standalone_comparison.csv,-1.5,1.5,136.0,-161.0,2.36,1.62,2026_04_02_NHL_merged.csv,2.36,1.62,136.0,-161.0,1.0,0.0
2025021198,2026-04-02,1.06,5.74,0.2677463550743471,3.882983755891324,3,3,docs\win\hockey\nhl\research\sdv_challenger\season_2025\standalone_comparison.csv,-1.5,1.5,150.0,-179.0,2.5,1.56,2026_04_02_NHL_merged.csv,2.5,1.56,150.0,-179.0,1.0,0.0
2025021199,2026-04-02,1.71,6.17,0.4008856628242063,4.510243751940893,3,7,docs\win\hockey\nhl\research\sdv_challenger\season_2025\standalone_comparison.csv,-1.5,1.5,-167.0,140.0,1.6,2.4,2026_04_02_NHL_merged.csv,1.6,2.4,-167.0,140.0,1.0,0.0
2025021200,2026-04-02,1.2799999999999998,6.6,0.4262606367002766,4.610301849669897,2,4,docs\win\hockey\nhl\research\sdv_challenger\season_2025\standalone_comparison.csv,-1.5,1.5,100.0,-120.0,2.0,1.83,2026_04_02_NHL_merged.csv,2.0,1.83,100.0,-120.0,1.0,0.0
2025021201,2026-04-02,1.14,5.8,0.4101282077816695,4.003999368078585,3,9,docs\win\hockey\nhl\research\sdv_challenger\season_2025\standalone_comparison.csv,-1.5,1.5,100.0,-120.0,2.0,1.83,2026_04_02_NHL_merged.csv,2.0,1.83,100.0,-120.0,1.0,0.0
2025021202,2026-04-02,-0.4399999999999999,6.44,0.2115069805445228,4.244863390349653,3,5,docs\win\hockey\nhl\research\sdv_challenger\season_2025\standalone_comparison.csv,-1.5,1.5,205.0,-250.0,3.05,1.4,2026_04_02_NHL_merged.csv,3.05,1.4,205.0,-250.0,1.0,0.0
2025021203,2026-04-02,-0.96,5.86,-0.0503493037879527,4.169739285164161,-4,8,docs\win\hockey\nhl\research\sdv_challenger\season_2025\standalone_comparison.csv,1.5,-1.5,-227.0,185.0,1.44,2.85,2026_04_02_NHL_merged.csv,1.44,2.85,-227.0,185.0,0.0,1.0
2025021204,2026-04-02,0.33,5.83,0.2911079124317193,3.995173272694398,-1,9,docs\win\hockey\nhl\research\sdv_challenger\season_2025\standalone_comparison.csv,-1.5,1.5,205.0,-250.0,3.05,1.4,2026_04_02_NHL_merged.csv,3.05,1.4,205.0,-250.0,0.0,1.0
2025021205,2026-04-03,0.8599999999999999,5.6,0.0232003030861753,4.073009809902295,-3,5,docs\win\hockey\nhl\research\sdv_challenger\season_2025\standalone_comparison.csv,-1.5,1.5,180.0,-217.0,2.8,1.46,2026_04_03_NHL_merged.csv,2.8,1.46,180.0,-217.0,0.0,1.0
2025021206,2026-04-03,0.52,6.12,0.15419966897363,4.39047748646836,-4,8,docs\win\hockey\nhl\research\sdv_challenger\season_2025\standalone_comparison.csv,-1.5,1.5,180.0,-217.0,2.8,1.46,2026_04_03_NHL_merged.csv,2.8,1.46,180.0,-217.0,0.0,1.0
2025021207,2026-04-04,-0.0700000000000002,5.91,0.1298481814354009,3.994864859365874,3,5,docs\win\hockey\nhl\research\sdv_challenger\season_2025\standalone_comparison.csv,1.5,-1.5,-217.0,180.0,1.46,2.8,2026_04_04_NHL_merged.csv,1.46,2.8,-217.0,180.0,1.0,0.0
2025021208,2026-04-04,0.2999999999999998,6.04,0.316634565652012,4.079649804390936,-3,5,docs\win\hockey\nhl\research\sdv_challenger\season_2025\standalone_comparison.csv,-1.5,1.5,215.0,-263.0,3.15,1.38,2026_04_04_NHL_merged.csv,3.15,1.38,215.0,-263.0,0.0,1.0
2025021209,2026-04-04,-0.2800000000000002,6.2,-0.0722704175159685,4.186213647658546,-2,2,docs\win\hockey\nhl\research\sdv_challenger\season_2025\standalone_comparison.csv,1.5,-1.5,-286.0,230.0,1.35,3.3,2026_04_04_NHL_merged.csv,1.35,3.3,-286.0,230.0,0.0,1.0
2025021210,2026-04-04,1.12,6.3,0.38014721048155,4.030889297132806,2,4,docs\win\hockey\nhl\research\sdv_challenger\season_2025\standalone_comparison.csv,-1.5,1.5,140.0,-167.0,2.4,1.6,2026_04_04_NHL_merged.csv,2.4,1.6,140.0,-167.0,1.0,0.0
2025021211,2026-04-04,0.8099999999999996,6.25,0.1735832806256882,4.246752505262675,5,13,docs\win\hockey\nhl\research\sdv_challenger\season_2025\standalone_comparison.csv,-1.5,1.5,120.0,-143.0,2.2,1.7,2026_04_04_NHL_merged.csv,2.2,1.7,120.0,-143.0,1.0,0.0
2025021212,2026-04-04,-0.3399999999999998,6.18,0.1096298319584425,4.35683379261913,-1,7,docs\win\hockey\nhl\research\sdv_challenger\season_2025\standalone_comparison.csv,1.5,-1.5,-244.0,200.0,1.41,3.0,2026_04_04_NHL_merged.csv,1.41,3.0,-244.0,200.0,1.0,0.0
2025021213,2026-04-04,0.2099999999999999,6.29,0.1290592499585412,4.444460847417984,4,8,docs\win\hockey\nhl\research\sdv_challenger\season_2025\standalone_comparison.csv,1.5,-1.5,-270.0,220.0,1.37,3.2,2026_04_04_NHL_merged.csv,1.37,3.2,-270.0,220.0,1.0,0.0
2025021214,2026-04-04,1.3600000000000003,6.04,0.5156810491589718,4.595440770522027,1,7,docs\win\hockey\nhl\research\sdv_challenger\season_2025\standalone_comparison.csv,-1.5,1.5,110.0,-130.0,2.1,1.77,2026_04_04_NHL_merged.csv,2.1,1.77,110.0,-130.0,0.0,1.0
2025021215,2026-04-04,0.6600000000000001,5.92,0.2903638352156794,4.235461659550404,-1,3,docs\win\hockey\nhl\research\sdv_challenger\season_2025\standalone_comparison.csv,-1.5,1.5,180.0,-217.0,2.8,1.46,2026_04_04_NHL_merged.csv,2.8,1.46,180.0,-217.0,0.0,1.0
2025021216,2026-04-04,-1.25,6.09,-0.1589536701681906,4.51045883117316,-3,11,docs\win\hockey\nhl\research\sdv_challenger\season_2025\standalone_comparison.csv,1.5,-1.5,-135.0,114.0,1.74,2.14,2026_04_04_NHL_merged.csv,1.74,2.14,-135.0,114.0,0.0,1.0
2025021217,2026-04-04,0.9099999999999996,5.81,0.3360770383422569,4.068356860632848,1,13,docs\win\hockey\nhl\research\sdv_challenger\season_2025\standalone_comparison.csv,-1.5,1.5,145.0,-175.0,2.45,1.57,2026_04_04_NHL_merged.csv,2.45,1.57,145.0,-175.0,0.0,1.0
2025021218,2026-04-04,-0.3199999999999998,7.1,0.0759242762153555,4.408842623879998,-4,6,docs\win\hockey\nhl\research\sdv_challenger\season_2025\standalone_comparison.csv,-1.5,1.5,205.0,-250.0,3.05,1.4,2026_04_04_NHL_merged.csv,3.05,1.4,205.0,-250.0,0.0,1.0
2025021219,2026-04-04,0.6499999999999999,6.39,0.2571173948412131,4.412321746354317,-2,8,docs\win\hockey\nhl\research\sdv_challenger\season_2025\standalone_comparison.csv,-1.5,1.5,164.0,-196.0,2.64,1.51,2026_04_04_NHL_merged.csv,2.64,1.51,164.0,-196.0,0.0,1.0
2025021220,2026-04-04,-0.2600000000000002,6.4,0.1591640222223289,4.178225838477841,-3,9,docs\win\hockey\nhl\research\sdv_challenger\season_2025\standalone_comparison.csv,-1.5,1.5,205.0,-250.0,3.05,1.4,2026_04_04_NHL_merged.csv,3.05,1.4,205.0,-250.0,0.0,1.0
2025021221,2026-04-04,0.6000000000000001,5.94,0.2481959488502072,4.171162858935504,-2,6,docs\win\hockey\nhl\research\sdv_challenger\season_2025\standalone_comparison.csv,-1.5,1.5,150.0,-179.0,2.5,1.56,2026_04_04_NHL_merged.csv,2.5,1.56,150.0,-179.0,0.0,1.0
2025021222,2026-04-05,-0.2599999999999998,5.96,0.0987453259178305,4.332871290012282,-1,9,docs\win\hockey\nhl\research\sdv_challenger\season_2025\standalone_comparison.csv,1.5,-1.5,-263.0,215.0,1.38,3.15,2026_04_05_NHL_merged.csv,1.38,3.15,-263.0,215.0,1.0,0.0
2025021223,2026-04-05,1.02,6.22,0.1853125330423264,4.258403883356369,3,7,docs\win\hockey\nhl\research\sdv_challenger\season_2025\standalone_comparison.csv,-1.5,1.5,102.0,-122.0,2.02,1.82,2026_04_05_NHL_merged.csv,2.02,1.82,102.0,-122.0,1.0,0.0
2025021224,2026-04-05,0.54,5.86,0.2581732391472577,3.8185106842580905,1,3,docs\win\hockey\nhl\research\sdv_challenger\season_2025\standalone_comparison.csv,-1.5,1.5,180.0,-217.0,2.8,1.46,2026_04_05_NHL_merged.csv,2.8,1.46,180.0,-217.0,0.0,1.0
2025021225,2026-04-05,-0.4399999999999999,6.4,0.0854619864414325,4.252199777418867,3,9,docs\win\hockey\nhl\research\sdv_challenger\season_2025\standalone_comparison.csv,1.5,-1.5,-244.0,200.0,1.41,3.0,2026_04_05_NHL_merged.csv,1.41,3.0,-244.0,200.0,1.0,0.0
2025021226,2026-04-05,0.7199999999999998,6.34,0.2212474810407103,4.373631551807492,-3,3,docs\win\hockey\nhl\research\sdv_challenger\season_2025\standalone_comparison.csv,-1.5,1.5,160.0,-192.0,2.6,1.52,2026_04_05_NHL_merged.csv,2.6,1.52,160.0,-192.0,0.0,1.0
2025021227,2026-04-05,0.4199999999999999,5.96,0.0827459619008319,4.097117969308654,7,9,docs\win\hockey\nhl\research\sdv_challenger\season_2025\standalone_comparison.csv,1.5,-1.5,-278.0,225.0,1.36,3.25,2026_04_05_NHL_merged.csv,1.36,3.25,-278.0,225.0,1.0,0.0
2025021228,2026-04-05,1.4,6.22,0.4392372470208077,4.307520570829119,-1,5,docs\win\hockey\nhl\research\sdv_challenger\season_2025\standalone_comparison.csv,-1.5,1.5,114.0,-135.0,2.14,1.74,2026_04_05_NHL_merged.csv,2.14,1.74,114.0,-135.0,0.0,1.0
2025021229,2026-04-06,-0.2099999999999999,6.51,0.0567771548251467,4.248576295142448,2,6,docs\win\hockey\nhl\research\sdv_challenger\season_2025\standalone_comparison.csv,1.5,-1.5,-263.0,215.0,1.38,3.15,2026_04_06_NHL_merged.csv,1.38,3.15,-263.0,215.0,1.0,0.0
2025021230,2026-04-06,0.9300000000000002,5.73,0.2162169157483582,3.989611167808386,4,8,docs\win\hockey\nhl\research\sdv_challenger\season_2025\standalone_comparison.csv,-1.5,1.5,150.0,-179.0,2.5,1.56,2026_04_06_NHL_merged.csv,2.5,1.56,150.0,-179.0,1.0,0.0
2025021231,2026-04-06,0.6500000000000004,6.21,0.2807831691865523,4.226451753892999,1,5,docs\win\hockey\nhl\research\sdv_challenger\season_2025\standalone_comparison.csv,-1.5,1.5,150.0,-179.0,2.5,1.56,2026_04_06_NHL_merged.csv,2.5,1.56,150.0,-179.0,0.0,1.0
2025021232,2026-04-06,0.5900000000000003,5.77,0.2881555529806774,4.010149693630392,1,5,docs\win\hockey\nhl\research\sdv_challenger\season_2025\standalone_comparison.csv,-1.5,1.5,190.0,-233.0,2.9,1.43,2026_04_06_NHL_merged.csv,2.9,1.43,190.0,-233.0,0.0,1.0
2025021233,2026-04-07,1.21,6.35,0.1649055339164267,4.091243141511824,1,7,docs\win\hockey\nhl\research\sdv_challenger\season_2025\standalone_comparison.csv,-1.5,1.5,114.0,-135.0,2.14,1.74,2026_04_07_NHL_merged.csv,2.14,1.74,114.0,-135.0,0.0,1.0
2025021234,2026-04-07,0.6099999999999999,6.27,0.1956885948780362,3.918321940439051,4,8,docs\win\hockey\nhl\research\sdv_challenger\season_2025\standalone_comparison.csv,-1.5,1.5,185.0,-227.0,2.85,1.44,2026_04_07_NHL_merged.csv,2.85,1.44,185.0,-227.0,1.0,0.0
2025021235,2026-04-07,0.2799999999999998,6.06,0.0766137289069437,4.384747260390896,-1,7,docs\win\hockey\nhl\research\sdv_challenger\season_2025\standalone_comparison.csv,-1.5,1.5,205.0,-250.0,3.05,1.4,2026_04_07_NHL_merged.csv,3.05,1.4,205.0,-250.0,0.0,1.0
2025021236,2026-04-07,0.2899999999999996,5.73,0.1033249498494837,3.968894540283455,-4,6,docs\win\hockey\nhl\research\sdv_challenger\season_2025\standalone_comparison.csv,-1.5,1.5,200.0,-244.0,3.0,1.41,2026_04_07_NHL_merged.csv,3.0,1.41,200.0,-244.0,0.0,1.0
2025021237,2026-04-07,1.1900000000000004,6.29,0.4736715271045231,4.3642391779236736,1,11,docs\win\hockey\nhl\research\sdv_challenger\season_2025\standalone_comparison.csv,-1.5,1.5,130.0,-154.0,2.3,1.65,2026_04_07_NHL_merged.csv,2.3,1.65,130.0,-154.0,0.0,1.0
2025021238,2026-04-07,-1.09,6.03,-0.0938921018055558,4.320631424178972,-2,4,docs\win\hockey\nhl\research\sdv_challenger\season_2025\standalone_comparison.csv,1.5,-1.5,-196.0,164.0,1.51,2.64,2026_04_07_NHL_merged.csv,1.51,2.64,-196.0,164.0,0.0,1.0
2025021239,2026-04-07,1.27,5.69,0.312340342403151,3.898973702511062,1,7,docs\win\hockey\nhl\research\sdv_challenger\season_2025\standalone_comparison.csv,-1.5,1.5,110.0,-130.0,2.1,1.77,2026_04_07_NHL_merged.csv,2.1,1.77,110.0,-130.0,0.0,1.0
2025021240,2026-04-07,1.35,5.99,0.3089554577331603,4.213577012609001,3,7,docs\win\hockey\nhl\research\sdv_challenger\season_2025\standalone_comparison.csv,-1.5,1.5,105.0,-125.0,2.05,1.8,2026_04_07_NHL_merged.csv,2.05,1.8,105.0,-125.0,1.0,0.0
2025021241,2026-04-07,1.06,6.9,0.2089924505460354,4.596453014183847,1,11,docs\win\hockey\nhl\research\sdv_challenger\season_2025\standalone_comparison.csv,-1.5,1.5,190.0,-233.0,2.9,1.43,2026_04_07_NHL_merged.csv,2.9,1.43,190.0,-233.0,0.0,1.0
2025021242,2026-04-07,-1.21,6.33,-0.2027072404732521,4.289847885859522,-1,3,docs\win\hockey\nhl\research\sdv_challenger\season_2025\standalone_comparison.csv,1.5,-1.5,-120.0,100.0,1.83,2.0,2026_04_07_NHL_merged.csv,1.83,2.0,-120.0,100.0,1.0,0.0
2025021243,2026-04-07,1.02,6.64,0.2218319474879853,4.559837516918562,-5,5,docs\win\hockey\nhl\research\sdv_challenger\season_2025\standalone_comparison.csv,-1.5,1.5,160.0,-192.0,2.6,1.52,2026_04_07_NHL_merged.csv,2.6,1.52,160.0,-192.0,0.0,1.0
2025021244,2026-04-08,-0.1500000000000003,6.21,0.0515726401656744,4.065723697948897,-2,8,docs\win\hockey\nhl\research\sdv_challenger\season_2025\standalone_comparison.csv,1.5,-1.5,-204.0,170.0,1.49,2.7,2026_04_08_NHL_merged.csv,1.49,2.7,-204.0,170.0,0.0,1.0
2025021245,2026-04-08,-0.4199999999999999,6.04,0.0416291074667882,4.41171402818972,-4,4,docs\win\hockey\nhl\research\sdv_challenger\season_2025\standalone_comparison.csv,1.5,-1.5,-204.0,170.0,1.49,2.7,2026_04_08_NHL_merged.csv,1.49,2.7,-204.0,170.0,0.0,1.0
2025021246,2026-04-08,0.1,7.34,0.0353591151319401,4.469946590664007,-3,7,docs\win\hockey\nhl\research\sdv_challenger\season_2025\standalone_comparison.csv,1.5,-1.5,-238.0,195.0,1.42,2.95,2026_04_08_NHL_merged.csv,1.42,2.95,-238.0,195.0,0.0,1.0
2025021247,2026-04-09,0.4399999999999999,6.44,0.1509729602988079,4.4575109981332535,5,5,docs\win\hockey\nhl\research\sdv_challenger\season_2025\standalone_comparison.csv,-1.5,1.5,200.0,-244.0,3.0,1.41,2026_04_09_NHL_merged.csv,3.0,1.41,200.0,-244.0,1.0,0.0
2025021248,2026-04-09,-0.1200000000000001,6.42,0.0447845106328168,4.215718777214399,1,3,docs\win\hockey\nhl\research\sdv_challenger\season_2025\standalone_comparison.csv,1.5,-1.5,-250.0,205.0,1.4,3.05,2026_04_09_NHL_merged.csv,1.4,3.05,-250.0,205.0,1.0,0.0
2025021249,2026-04-09,1.31,6.05,0.3174117638173346,3.801571520149993,4,6,docs\win\hockey\nhl\research\sdv_challenger\season_2025\standalone_comparison.csv,-1.5,1.5,-112.0,-108.0,1.89,1.93,2026_04_09_NHL_merged.csv,1.89,1.93,-112.0,-108.0,1.0,0.0
2025021250,2026-04-09,0.3899999999999997,5.67,0.0951237762208476,3.9367892578661534,3,9,docs\win\hockey\nhl\research\sdv_challenger\season_2025\standalone_comparison.csv,-1.5,1.5,195.0,-238.0,2.95,1.42,2026_04_09_NHL_merged.csv,2.95,1.42,195.0,-238.0,1.0,0.0
2025021251,2026-04-09,-0.1499999999999999,6.31,0.0943318089801668,4.469609749013143,-3,7,docs\win\hockey\nhl\research\sdv_challenger\season_2025\standalone_comparison.csv,1.5,-1.5,-278.0,225.0,1.36,3.25,2026_04_09_NHL_merged.csv,1.36,3.25,-278.0,225.0,0.0,1.0
2025021252,2026-04-09,1.08,5.96,0.1826696808927188,4.393762129419157,2,8,docs\win\hockey\nhl\research\sdv_challenger\season_2025\standalone_comparison.csv,-1.5,1.5,100.0,-120.0,2.0,1.83,2026_04_09_NHL_merged.csv,2.0,1.83,100.0,-120.0,1.0,0.0
2025021253,2026-04-09,-0.0699999999999998,5.65,0.2415782498756478,4.029464062466703,-1,5,docs\win\hockey\nhl\research\sdv_challenger\season_2025\standalone_comparison.csv,-1.5,1.5,225.0,-278.0,3.25,1.36,2026_04_09_NHL_merged.csv,3.25,1.36,225.0,-278.0,0.0,1.0
2025021254,2026-04-09,0.5500000000000003,5.89,0.17914378647284,4.066444357007539,1,9,docs\win\hockey\nhl\research\sdv_challenger\season_2025\standalone_comparison.csv,-1.5,1.5,205.0,-250.0,3.05,1.4,2026_04_09_NHL_merged.csv,3.05,1.4,205.0,-250.0,0.0,1.0
2025021255,2026-04-09,-1.1599999999999997,6.14,-0.3021322540244129,4.5646950244311135,-5,9,docs\win\hockey\nhl\research\sdv_challenger\season_2025\standalone_comparison.csv,1.5,-1.5,-135.0,114.0,1.74,2.14,2026_04_09_NHL_merged.csv,1.74,2.14,-135.0,114.0,0.0,1.0
2025021256,2026-04-09,1.4700000000000002,6.15,0.5409234000058105,4.311281284948768,2,4,docs\win\hockey\nhl\research\sdv_challenger\season_2025\standalone_comparison.csv,-1.5,1.5,-120.0,100.0,1.83,2.0,2026_04_09_NHL_merged.csv,1.83,2.0,-120.0,100.0,1.0,0.0
2025021257,2026-04-09,1.04,6.0,0.3416965747893519,4.333658166627786,3,5,docs\win\hockey\nhl\research\sdv_challenger\season_2025\standalone_comparison.csv,-1.5,1.5,154.0,-185.0,2.54,1.54,2026_04_09_NHL_merged.csv,2.54,1.54,154.0,-185.0,1.0,0.0
2025021258,2026-04-09,1.0700000000000005,6.75,0.2407580446634689,4.431250728660203,5,7,docs\win\hockey\nhl\research\sdv_challenger\season_2025\standalone_comparison.csv,-1.5,1.5,142.0,-169.0,2.42,1.59,2026_04_09_NHL_merged.csv,2.42,1.59,142.0,-169.0,1.0,0.0
2025021259,2026-04-09,-0.8700000000000001,6.09,-0.1177172375332582,4.009659809992796,1,7,docs\win\hockey\nhl\research\sdv_challenger\season_2025\standalone_comparison.csv,1.5,-1.5,-167.0,140.0,1.6,2.4,2026_04_09_NHL_merged.csv,1.6,2.4,-167.0,140.0,1.0,0.0
2025021260,2026-04-09,1.35,5.93,0.4471204457686859,4.188101309790495,3,5,docs\win\hockey\nhl\research\sdv_challenger\season_2025\standalone_comparison.csv,-1.5,1.5,-105.0,-115.0,1.95,1.87,2026_04_09_NHL_merged.csv,1.95,1.87,-105.0,-115.0,1.0,0.0
2025021261,2026-04-11,-0.4899999999999997,6.31,-0.0461040055155166,4.023019604949678,-1,3,docs\win\hockey\nhl\research\sdv_challenger\season_2025\standalone_comparison.csv,1.5,-1.5,-244.0,200.0,1.41,3.0,2026_04_11_NHL_merged.csv,1.41,3.0,-244.0,200.0,1.0,0.0
2025021262,2026-04-11,-0.4699999999999997,5.79,-0.1241135411905798,4.162210012117864,-3,3,docs\win\hockey\nhl\research\sdv_challenger\season_2025\standalone_comparison.csv,1.5,-1.5,-250.0,205.0,1.4,3.05,2026_04_11_NHL_merged.csv,1.4,3.05,-250.0,205.0,0.0,1.0
2025021263,2026-04-11,0.3799999999999999,6.24,0.2200306296797847,4.569736673497159,-3,9,docs\win\hockey\nhl\research\sdv_challenger\season_2025\standalone_comparison.csv,-1.5,1.5,190.0,-233.0,2.9,1.43,2026_04_11_NHL_merged.csv,2.9,1.43,190.0,-233.0,0.0,1.0
2025021264,2026-04-11,-0.0299999999999998,6.43,0.1582037079531115,4.309689622401747,1,1,docs\win\hockey\nhl\research\sdv_challenger\season_2025\standalone_comparison.csv,-1.5,1.5,230.0,-286.0,3.3,1.35,2026_04_11_NHL_merged.csv,3.3,1.35,230.0,-286.0,0.0,1.0
2025021265,2026-04-11,0.4300000000000001,5.85,0.1493027082495062,4.2707978898049,-2,8,docs\win\hockey\nhl\research\sdv_challenger\season_2025\standalone_comparison.csv,-1.5,1.5,180.0,-217.0,2.8,1.46,2026_04_11_NHL_merged.csv,2.8,1.46,180.0,-217.0,0.0,1.0
2025021266,2026-04-11,-0.6299999999999999,5.63,-0.042837107176564,4.195715312075591,-2,8,docs\win\hockey\nhl\research\sdv_challenger\season_2025\standalone_comparison.csv,1.5,-1.5,-233.0,190.0,1.43,2.9,2026_04_11_NHL_merged.csv,1.43,2.9,-233.0,190.0,0.0,1.0
2025021267,2026-04-11,-0.5499999999999998,6.09,0.0605516868477487,4.357027582974432,1,3,docs\win\hockey\nhl\research\sdv_challenger\season_2025\standalone_comparison.csv,1.5,-1.5,-233.0,190.0,1.43,2.9,2026_04_11_NHL_merged.csv,1.43,2.9,-233.0,190.0,1.0,0.0
2025021268,2026-04-11,1.08,5.78,0.272464490565385,3.7185102539423096,2,2,docs\win\hockey\nhl\research\sdv_challenger\season_2025\standalone_comparison.csv,-1.5,1.5,140.0,-167.0,2.4,1.6,2026_04_11_NHL_merged.csv,2.4,1.6,140.0,-167.0,1.0,0.0
2025021269,2026-04-11,-0.4399999999999999,6.08,0.0036252344019227,4.55796178228135,-3,5,docs\win\hockey\nhl\research\sdv_challenger\season_2025\standalone_comparison.csv,-1.5,1.5,210.0,-256.0,3.1,1.39,2026_04_11_NHL_merged.csv,3.1,1.39,210.0,-256.0,0.0,1.0
2025021270,2026-04-11,0.7200000000000002,6.22,0.004582137674236,4.085195071546695,-4,8,docs\win\hockey\nhl\research\sdv_challenger\season_2025\standalone_comparison.csv,-1.5,1.5,185.0,-227.0,2.85,1.44,2026_04_11_NHL_merged.csv,2.85,1.44,185.0,-227.0,0.0,1.0
2025021271,2026-04-11,0.7999999999999998,6.38,0.1401031002400419,4.426799704187152,-3,7,docs\win\hockey\nhl\research\sdv_challenger\season_2025\standalone_comparison.csv,-1.5,1.5,170.0,-204.0,2.7,1.49,2026_04_11_NHL_merged.csv,2.7,1.49,170.0,-204.0,0.0,1.0
2025021272,2026-04-11,0.3900000000000001,5.57,0.061035336722778,3.781327225919056,-6,8,docs\win\hockey\nhl\research\sdv_challenger\season_2025\standalone_comparison.csv,-1.5,1.5,190.0,-233.0,2.9,1.43,2026_04_11_NHL_merged.csv,2.9,1.43,190.0,-233.0,0.0,1.0
2025021273,2026-04-11,0.2100000000000004,5.77,0.1490193910043826,4.07078468518113,3,5,docs\win\hockey\nhl\research\sdv_challenger\season_2025\standalone_comparison.csv,-1.5,1.5,180.0,-217.0,2.8,1.46,2026_04_11_NHL_merged.csv,2.8,1.46,180.0,-217.0,1.0,0.0
2025021274,2026-04-11,1.17,6.49,0.2879118730387402,4.306748034806398,-1,5,docs\win\hockey\nhl\research\sdv_challenger\season_2025\standalone_comparison.csv,-1.5,1.5,185.0,-227.0,2.85,1.44,2026_04_11_NHL_merged.csv,2.85,1.44,185.0,-227.0,0.0,1.0
2025021275,2026-04-11,1.0699999999999998,6.51,0.3079300719314508,4.316679708685327,-1,7,docs\win\hockey\nhl\research\sdv_challenger\season_2025\standalone_comparison.csv,-1.5,1.5,110.0,-130.0,2.1,1.77,2026_04_11_NHL_merged.csv,2.1,1.77,110.0,-130.0,0.0,1.0
2025021276,2026-04-12,0.5500000000000003,6.43,0.1218076746714351,4.552630072643641,3,3,docs\win\hockey\nhl\research\sdv_challenger\season_2025\standalone_comparison.csv,-1.5,1.5,160.0,-192.0,2.6,1.52,2026_04_12_NHL_merged.csv,2.6,1.52,160.0,-192.0,1.0,0.0
2025021277,2026-04-12,0.1200000000000001,6.2,0.0452730596635317,4.407223354989359,-3,5,docs\win\hockey\nhl\research\sdv_challenger\season_2025\standalone_comparison.csv,-1.5,1.5,220.0,-270.0,3.2,1.37,2026_04_12_NHL_merged.csv,3.2,1.37,220.0,-270.0,0.0,1.0
2025021278,2026-04-12,0.4899999999999997,6.27,0.2969649841120794,4.281770784094956,-1,5,docs\win\hockey\nhl\research\sdv_challenger\season_2025\standalone_comparison.csv,-1.5,1.5,180.0,-217.0,2.8,1.46,2026_04_12_NHL_merged.csv,2.8,1.46,180.0,-217.0,0.0,1.0
2025021279,2026-04-12,-0.4599999999999999,6.1,-0.035994564101915,4.077930935979809,1,7,docs\win\hockey\nhl\research\sdv_challenger\season_2025\standalone_comparison.csv,1.5,-1.5,-227.0,185.0,1.44,2.85,2026_04_12_NHL_merged.csv,1.44,2.85,-227.0,185.0,1.0,0.0
2025021280,2026-04-12,1.3899999999999997,6.63,0.3946030057894281,4.719647584945012,-1,7,docs\win\hockey\nhl\research\sdv_challenger\season_2025\standalone_comparison.csv,-1.5,1.5,-125.0,105.0,1.8,2.05,2026_04_12_NHL_merged.csv,1.8,2.05,-125.0,105.0,0.0,1.0
2025021281,2026-04-12,-0.6099999999999999,5.77,-0.055398250893647,4.204128508340505,3,5,docs\win\hockey\nhl\research\sdv_challenger\season_2025\standalone_comparison.csv,1.5,-1.5,-192.0,160.0,1.52,2.6,2026_04_12_NHL_merged.csv,1.52,2.6,-192.0,160.0,1.0,0.0
2025021282,2026-04-13,1.12,6.12,0.3553754436909058,4.156564851935821,1,7,docs\win\hockey\nhl\research\sdv_challenger\season_2025\standalone_comparison.csv,-1.5,1.5,120.0,-143.0,2.2,1.7,2026_04_13_NHL_merged.csv,2.2,1.7,120.0,-143.0,0.0,1.0
2025021283,2026-04-13,-0.4500000000000002,5.99,0.2540275618015006,3.762211254018752,1,5,docs\win\hockey\nhl\research\sdv_challenger\season_2025\standalone_comparison.csv,1.5,-1.5,-250.0,205.0,1.4,3.05,2026_04_13_NHL_merged.csv,1.4,3.05,-250.0,205.0,1.0,0.0
2025021284,2026-04-13,-0.91,5.87,-0.0641249154702841,4.146753753535943,1,5,docs\win\hockey\nhl\research\sdv_challenger\season_2025\standalone_comparison.csv,1.5,-1.5,-263.0,215.0,1.38,3.15,2026_04_13_NHL_merged.csv,1.38,3.15,-263.0,215.0,1.0,0.0
2025021285,2026-04-13,-0.94,5.98,-0.0003963703855789,4.024753099288347,-1,11,docs\win\hockey\nhl\research\sdv_challenger\season_2025\standalone_comparison.csv,1.5,-1.5,-192.0,160.0,1.52,2.6,2026_04_13_NHL_merged.csv,1.52,2.6,-192.0,160.0,1.0,0.0
2025021286,2026-04-13,-0.5700000000000003,5.75,0.1367912232789345,4.2247528371672605,3,9,docs\win\hockey\nhl\research\sdv_challenger\season_2025\standalone_comparison.csv,1.5,-1.5,-244.0,200.0,1.41,3.0,2026_04_13_NHL_merged.csv,1.41,3.0,-244.0,200.0,1.0,0.0
2025021287,2026-04-13,1.02,6.36,0.1695164657005023,4.164160301057014,-1,5,docs\win\hockey\nhl\research\sdv_challenger\season_2025\standalone_comparison.csv,-1.5,1.5,164.0,-196.0,2.64,1.51,2026_04_13_NHL_merged.csv,2.64,1.51,164.0,-196.0,0.0,1.0
2025021288,2026-04-13,-1.14,6.22,-0.0836465199859928,4.3755699808012505,-4,6,docs\win\hockey\nhl\research\sdv_challenger\season_2025\standalone_comparison.csv,1.5,-1.5,-135.0,114.0,1.74,2.14,2026_04_13_NHL_merged.csv,1.74,2.14,-135.0,114.0,0.0,1.0
2025021289,2026-04-13,-1.1100000000000003,7.37,-0.0551277251975128,4.731089921493966,-1,3,docs\win\hockey\nhl\research\sdv_challenger\season_2025\standalone_comparison.csv,1.5,-1.5,-250.0,205.0,1.4,3.05,2026_04_13_NHL_merged.csv,1.4,3.05,-250.0,205.0,1.0,0.0
2025021290,2026-04-13,1.04,5.88,0.3855544539267757,4.022660875991824,4,8,docs\win\hockey\nhl\research\sdv_challenger\season_2025\standalone_comparison.csv,-1.5,1.5,136.0,-161.0,2.36,1.62,2026_04_13_NHL_merged.csv,2.36,1.62,136.0,-161.0,1.0,0.0
2025021291,2026-04-13,-0.5,5.7,-0.0008601480153158,3.8996620230101793,-2,8,docs\win\hockey\nhl\research\sdv_challenger\season_2025\standalone_comparison.csv,1.5,-1.5,-227.0,185.0,1.44,2.85,2026_04_13_NHL_merged.csv,1.44,2.85,-227.0,185.0,0.0,1.0
2025021292,2026-04-14,0.4199999999999999,6.08,0.1172151585788019,4.193127908856265,4,4,docs\win\hockey\nhl\research\sdv_challenger\season_2025\standalone_comparison.csv,-1.5,1.5,190.0,-233.0,2.9,1.43,2026_04_14_NHL_merged.csv,2.9,1.43,190.0,-233.0,1.0,0.0
2025021293,2026-04-14,-0.7999999999999998,6.0,-0.1688807277167443,4.603007626174272,-1,3,docs\win\hockey\nhl\research\sdv_challenger\season_2025\standalone_comparison.csv,-1.5,1.5,195.0,-238.0,2.95,1.42,2026_04_14_NHL_merged.csv,2.95,1.42,195.0,-238.0,0.0,1.0
2025021294,2026-04-14,-0.3199999999999998,6.02,0.1820751507326798,3.974674756279461,2,6,docs\win\hockey\nhl\research\sdv_challenger\season_2025\standalone_comparison.csv,1.5,-1.5,-196.0,164.0,1.51,2.64,2026_04_14_NHL_merged.csv,1.51,2.64,-196.0,164.0,1.0,0.0
2025021295,2026-04-14,0.1800000000000001,6.14,0.2275551536511448,4.497272934769112,-1,3,docs\win\hockey\nhl\research\sdv_challenger\season_2025\standalone_comparison.csv,-1.5,1.5,200.0,-244.0,3.0,1.41,2026_04_14_NHL_merged.csv,3.0,1.41,200.0,-244.0,0.0,1.0
2025021296,2026-04-14,0.6799999999999997,6.58,0.1930091219186724,4.590052691019183,1,5,docs\win\hockey\nhl\research\sdv_challenger\season_2025\standalone_comparison.csv,-1.5,1.5,215.0,-263.0,3.15,1.38,2026_04_14_NHL_merged.csv,3.15,1.38,215.0,-263.0,0.0,1.0
2025021297,2026-04-14,1.15,5.73,0.3281890405765875,4.159464506821875,2,8,docs\win\hockey\nhl\research\sdv_challenger\season_2025\standalone_comparison.csv,-1.5,1.5,142.0,-169.0,2.42,1.59,2026_04_14_NHL_merged.csv,2.42,1.59,142.0,-169.0,1.0,0.0
2025021298,2026-04-14,-1.15,6.13,-0.2282400668017863,4.337603225539056,-2,4,docs\win\hockey\nhl\research\sdv_challenger\season_2025\standalone_comparison.csv,1.5,-1.5,-175.0,145.0,1.57,2.45,2026_04_14_NHL_merged.csv,1.57,2.45,-175.0,145.0,0.0,1.0
2025021299,2026-04-14,-0.54,6.04,0.1186589720076636,4.351989197298923,2,12,docs\win\hockey\nhl\research\sdv_challenger\season_2025\standalone_comparison.csv,-1.5,1.5,185.0,-227.0,2.85,1.44,2026_04_14_NHL_merged.csv,2.85,1.44,185.0,-227.0,1.0,0.0
2025021300,2026-04-14,-0.94,5.92,-0.1194214344807758,4.1911355678536575,1,7,docs\win\hockey\nhl\research\sdv_challenger\season_2025\standalone_comparison.csv,1.5,-1.5,-192.0,160.0,1.52,2.6,2026_04_14_NHL_merged.csv,1.52,2.6,-192.0,160.0,1.0,0.0
2025021301,2026-04-15,0.1999999999999997,6.1,0.175755725584235,4.031408467979259,-1,7,docs\win\hockey\nhl\research\sdv_challenger\season_2025\standalone_comparison.csv,-1.5,1.5,215.0,-263.0,3.15,1.38,2026_04_15_NHL_merged.csv,3.15,1.38,215.0,-263.0,0.0,1.0
2025021302,2026-04-15,1.19,6.09,0.3617705139019338,3.8635367633884,-2,6,docs\win\hockey\nhl\research\sdv_challenger\season_2025\standalone_comparison.csv,-1.5,1.5,170.0,-204.0,2.7,1.49,2026_04_15_NHL_merged.csv,2.7,1.49,170.0,-204.0,0.0,1.0
2025021303,2026-04-15,-0.4399999999999999,6.02,0.2259233779612706,4.0715092641793005,7,9,docs\win\hockey\nhl\research\sdv_challenger\season_2025\standalone_comparison.csv,1.5,-1.5,-217.0,180.0,1.46,2.8,2026_04_15_NHL_merged.csv,1.46,2.8,-217.0,180.0,1.0,0.0
2025021304,2026-04-15,1.17,6.13,0.475031086324444,4.078241654444381,2,4,docs\win\hockey\nhl\research\sdv_challenger\season_2025\standalone_comparison.csv,-1.5,1.5,136.0,-161.0,2.36,1.62,2026_04_15_NHL_merged.csv,2.36,1.62,136.0,-161.0,1.0,0.0
2025021305,2026-04-15,-0.0499999999999998,6.21,0.036333263668109,4.172929729404883,3,7,docs\win\hockey\nhl\research\sdv_challenger\season_2025\standalone_comparison.csv,1.5,-1.5,-238.0,195.0,1.42,2.95,2026_04_15_NHL_merged.csv,1.42,2.95,-238.0,195.0,1.0,0.0
2025021306,2026-04-15,1.2999999999999998,6.28,0.4440069777456612,4.044290359116435,3,5,docs\win\hockey\nhl\research\sdv_challenger\season_2025\standalone_comparison.csv,-1.5,1.5,-112.0,-108.0,1.89,1.93,2026_04_15_NHL_merged.csv,1.89,1.93,-112.0,-108.0,1.0,0.0
2025021307,2026-04-16,0.3500000000000001,6.51,0.0814449926302991,4.57011135938292,-1,9,docs\win\hockey\nhl\research\sdv_challenger\season_2025\standalone_comparison.csv,1.5,-1.5,-270.0,220.0,1.37,3.2,2026_04_16_NHL_merged.csv,1.37,3.2,-270.0,220.0,1.0,0.0
2025021308,2026-04-16,1.0499999999999998,6.09,0.1939486821779299,3.9996138292755865,-5,7,docs\win\hockey\nhl\research\sdv_challenger\season_2025\standalone_comparison.csv,-1.5,1.5,160.0,-192.0,2.6,1.52,2026_04_16_NHL_merged.csv,2.6,1.52,160.0,-192.0,0.0,1.0
2025021309,2026-04-16,1.0700000000000005,5.75,0.2576984950125975,4.197575669703239,-2,8,docs\win\hockey\nhl\research\sdv_challenger\season_2025\standalone_comparison.csv,-1.5,1.5,220.0,-270.0,3.2,1.37,2026_04_16_NHL_merged.csv,3.2,1.37,220.0,-270.0,0.0,1.0
2025021310,2026-04-16,-0.3700000000000001,5.59,0.0032291425479158,3.917581186682231,2,4,docs\win\hockey\nhl\research\sdv_challenger\season_2025\standalone_comparison.csv,1.5,-1.5,-233.0,190.0,1.43,2.9,2026_04_16_NHL_merged.csv,1.43,2.9,-233.0,190.0,1.0,0.0
2025021311,2026-04-16,1.3699999999999997,6.81,0.4600715465116547,4.716714265019123,5,7,docs\win\hockey\nhl\research\sdv_challenger\season_2025\standalone_comparison.csv,-1.5,1.5,-120.0,100.0,1.83,2.0,2026_04_16_NHL_merged.csv,1.83,2.0,-120.0,100.0,1.0,0.0
2025021312,2026-04-16,2.0,6.28,0.5712315032493596,4.363101281190256,2,2,docs\win\hockey\nhl\research\sdv_challenger\season_2025\standalone_comparison.csv,-1.5,1.5,136.0,-161.0,2.36,1.62,2026_04_16_NHL_merged.csv,2.36,1.62,136.0,-161.0,1.0,0.0
