game_id,game_date,drat_exp_total,sdv_exp_total,actual_total,history_source_file,total,dk_total_over_american,dk_total_under_american,dk_total_over_decimal,dk_total_under_decimal,price_source_file,total_line,over_decimal,under_decimal,outcome_class,actual_over,actual_under,actual_push
2025020008,2025-10-09,5.76,4.235024999999999,7,docs\win\hockey\nhl\research\sdv_challenger\season_2025\standalone_comparison.csv,5.5,-115,-105,,,2025_10_09_NHL_merged.csv,5.5,1.8695652173913042,1.9523809523809523,2,1.0,0.0,0.0
2025020022,2025-10-11,5.22,4.195002834558823,5,docs\win\hockey\nhl\research\sdv_challenger\season_2025\standalone_comparison.csv,5.5,-110,-110,,,2025_10_11_NHL_merged.csv,5.5,1.9090909090909092,1.9090909090909092,0,0.0,1.0,0.0
2025020023,2025-10-11,5.56,4.235024999999999,6,docs\win\hockey\nhl\research\sdv_challenger\season_2025\standalone_comparison.csv,5.5,-115,-105,,,2025_10_11_NHL_merged.csv,5.5,1.8695652173913042,1.9523809523809523,2,1.0,0.0,0.0
2025020024,2025-10-11,5.89,4.152998525367647,4,docs\win\hockey\nhl\research\sdv_challenger\season_2025\standalone_comparison.csv,6.0,-110,-110,,,2025_10_11_NHL_merged.csv,6.0,1.9090909090909092,1.9090909090909092,0,0.0,1.0,0.0
2025020025,2025-10-11,5.9,4.235024999999999,9,docs\win\hockey\nhl\research\sdv_challenger\season_2025\standalone_comparison.csv,6.0,-110,-110,,,2025_10_11_NHL_merged.csv,6.0,1.9090909090909092,1.9090909090909092,2,1.0,0.0,0.0
2025020026,2025-10-11,5.7,4.235024999999999,8,docs\win\hockey\nhl\research\sdv_challenger\season_2025\standalone_comparison.csv,6.0,-110,-110,,,2025_10_11_NHL_merged.csv,6.0,1.9090909090909092,1.9090909090909092,2,1.0,0.0,0.0
2025020027,2025-10-11,5.63,4.275713030882353,8,docs\win\hockey\nhl\research\sdv_challenger\season_2025\standalone_comparison.csv,5.5,-115,-105,,,2025_10_11_NHL_merged.csv,5.5,1.8695652173913042,1.9523809523809523,2,1.0,0.0,0.0
2025020028,2025-10-11,5.84,4.256404689062499,6,docs\win\hockey\nhl\research\sdv_challenger\season_2025\standalone_comparison.csv,5.5,-110,-110,,,2025_10_11_NHL_merged.csv,5.5,1.9090909090909092,1.9090909090909092,2,1.0,0.0,0.0
2025020029,2025-10-11,6.14,4.2502752852941175,7,docs\win\hockey\nhl\research\sdv_challenger\season_2025\standalone_comparison.csv,5.5,-115,-105,,,2025_10_11_NHL_merged.csv,5.5,1.8695652173913042,1.9523809523809523,2,1.0,0.0,0.0
2025020030,2025-10-11,5.72,4.193226842187499,7,docs\win\hockey\nhl\research\sdv_challenger\season_2025\standalone_comparison.csv,6.0,-102,-118,,,2025_10_11_NHL_merged.csv,6.0,1.9803921568627452,1.847457627118644,2,1.0,0.0,0.0
2025020031,2025-10-11,5.99,4.277898867647061,5,docs\win\hockey\nhl\research\sdv_challenger\season_2025\standalone_comparison.csv,5.5,-115,-105,,,2025_10_11_NHL_merged.csv,5.5,1.8695652173913042,1.9523809523809523,0,0.0,1.0,0.0
2025020032,2025-10-11,5.93,4.285884599609375,5,docs\win\hockey\nhl\research\sdv_challenger\season_2025\standalone_comparison.csv,5.5,-120,100,,,2025_10_11_NHL_merged.csv,5.5,1.8333333333333335,2.0,0,0.0,1.0,0.0
2025020033,2025-10-11,5.83,4.235024999999999,11,docs\win\hockey\nhl\research\sdv_challenger\season_2025\standalone_comparison.csv,5.5,-120,100,,,2025_10_11_NHL_merged.csv,5.5,1.8333333333333335,2.0,2,1.0,0.0,0.0
2025020034,2025-10-11,6.01,4.176417602941177,9,docs\win\hockey\nhl\research\sdv_challenger\season_2025\standalone_comparison.csv,6.0,-118,-102,,,2025_10_11_NHL_merged.csv,6.0,1.847457627118644,1.9803921568627452,2,1.0,0.0,0.0
2025020035,2025-10-11,5.74,4.235024999999999,4,docs\win\hockey\nhl\research\sdv_challenger\season_2025\standalone_comparison.csv,6.0,-118,-102,,,2025_10_11_NHL_merged.csv,6.0,1.847457627118644,1.9803921568627452,0,0.0,1.0,0.0
2025020036,2025-10-11,6.15,4.226688951171875,13,docs\win\hockey\nhl\research\sdv_challenger\season_2025\standalone_comparison.csv,6.0,-118,-102,,,2025_10_11_NHL_merged.csv,6.0,1.847457627118644,1.9803921568627452,2,1.0,0.0,0.0
2025020037,2025-10-11,5.88,4.293632397058824,3,docs\win\hockey\nhl\research\sdv_challenger\season_2025\standalone_comparison.csv,6.0,-110,-110,,,2025_10_11_NHL_merged.csv,6.0,1.9090909090909092,1.9090909090909092,0,0.0,1.0,0.0
2025020038,2025-10-12,6.03,4.327222151046202,1,docs\win\hockey\nhl\research\sdv_challenger\season_2025\standalone_comparison.csv,6.0,-105,-115,,,2025_10_12_NHL_merged.csv,6.0,1.9523809523809523,1.8695652173913042,0,0.0,1.0,0.0
2025020039,2025-10-13,6.25,3.874124523640492,4,docs\win\hockey\nhl\research\sdv_challenger\season_2025\standalone_comparison.csv,6.5,-110,-110,,,2025_10_13_NHL_merged.csv,6.5,1.9090909090909092,1.9090909090909092,0,0.0,1.0,0.0
2025020040,2025-10-13,5.8,4.451102254162069,7,docs\win\hockey\nhl\research\sdv_challenger\season_2025\standalone_comparison.csv,6.0,100,-120,,,2025_10_13_NHL_merged.csv,6.0,2.0,1.8333333333333335,2,1.0,0.0,0.0
2025020041,2025-10-13,5.86,3.946315740026498,5,docs\win\hockey\nhl\research\sdv_challenger\season_2025\standalone_comparison.csv,5.5,-120,100,,,2025_10_13_NHL_merged.csv,5.5,1.8333333333333335,2.0,0,0.0,1.0,0.0
2025020042,2025-10-13,5.5,4.23572325948636,7,docs\win\hockey\nhl\research\sdv_challenger\season_2025\standalone_comparison.csv,5.5,-110,-110,,,2025_10_13_NHL_merged.csv,5.5,1.9090909090909092,1.9090909090909092,2,1.0,0.0,0.0
2025020043,2025-10-13,5.89,4.34520270634184,5,docs\win\hockey\nhl\research\sdv_challenger\season_2025\standalone_comparison.csv,6.0,-115,-105,,,2025_10_13_NHL_merged.csv,6.0,1.8695652173913042,1.9523809523809523,0,0.0,1.0,0.0
2025020044,2025-10-13,5.69,4.301021149273148,7,docs\win\hockey\nhl\research\sdv_challenger\season_2025\standalone_comparison.csv,5.5,-120,100,,,2025_10_13_NHL_merged.csv,5.5,1.8333333333333335,2.0,2,1.0,0.0,0.0
2025020045,2025-10-13,5.89,4.213623335050999,5,docs\win\hockey\nhl\research\sdv_challenger\season_2025\standalone_comparison.csv,6.0,-110,-110,,,2025_10_13_NHL_merged.csv,6.0,1.9090909090909092,1.9090909090909092,0,0.0,1.0,0.0
2025020046,2025-10-13,5.31,4.4689466772247926,7,docs\win\hockey\nhl\research\sdv_challenger\season_2025\standalone_comparison.csv,5.5,-115,-105,,,2025_10_13_NHL_merged.csv,5.5,1.8695652173913042,1.9523809523809523,2,1.0,0.0,0.0
2025020047,2025-10-13,5.23,4.116476696007385,7,docs\win\hockey\nhl\research\sdv_challenger\season_2025\standalone_comparison.csv,5.5,-110,-110,,,2025_10_13_NHL_merged.csv,5.5,1.9090909090909092,1.9090909090909092,2,1.0,0.0,0.0
2025020048,2025-10-13,6.0,4.334738587310666,4,docs\win\hockey\nhl\research\sdv_challenger\season_2025\standalone_comparison.csv,6.0,-120,100,,,2025_10_13_NHL_merged.csv,6.0,1.8333333333333335,2.0,0,0.0,1.0,0.0
2025020049,2025-10-14,5.94,4.434007397151636,11,docs\win\hockey\nhl\research\sdv_challenger\season_2025\standalone_comparison.csv,6.5,-105,-115,,,2025_10_14_NHL_merged.csv,6.5,1.9523809523809523,1.8695652173913042,2,1.0,0.0,0.0
2025020050,2025-10-14,5.95,3.951348312017929,9,docs\win\hockey\nhl\research\sdv_challenger\season_2025\standalone_comparison.csv,6.0,-105,-115,,,2025_10_14_NHL_merged.csv,6.0,1.9523809523809523,1.8695652173913042,2,1.0,0.0,0.0
2025020051,2025-10-14,6.2,4.229090117005759,2,docs\win\hockey\nhl\research\sdv_challenger\season_2025\standalone_comparison.csv,6.0,-105,-115,,,2025_10_14_NHL_merged.csv,6.0,1.9523809523809523,1.8695652173913042,0,0.0,1.0,0.0
2025020052,2025-10-14,5.97,4.432326125293455,5,docs\win\hockey\nhl\research\sdv_challenger\season_2025\standalone_comparison.csv,6.0,100,-120,,,2025_10_14_NHL_merged.csv,6.0,2.0,1.8333333333333335,0,0.0,1.0,0.0
2025020053,2025-10-14,5.84,4.122071259854043,6,docs\win\hockey\nhl\research\sdv_challenger\season_2025\standalone_comparison.csv,6.0,-102,-118,,,2025_10_14_NHL_merged.csv,6.0,1.9803921568627452,1.847457627118644,1,0.0,0.0,1.0
2025020054,2025-10-14,6.02,4.227867823233191,7,docs\win\hockey\nhl\research\sdv_challenger\season_2025\standalone_comparison.csv,6.0,100,-120,,,2025_10_14_NHL_merged.csv,6.0,2.0,1.8333333333333335,2,1.0,0.0,0.0
2025020055,2025-10-14,6.2,4.297618848462225,6,docs\win\hockey\nhl\research\sdv_challenger\season_2025\standalone_comparison.csv,6.0,-125,105,,,2025_10_14_NHL_merged.csv,6.0,1.8,2.05,1,0.0,0.0,1.0
2025020056,2025-10-14,6.34,4.52198064404031,7,docs\win\hockey\nhl\research\sdv_challenger\season_2025\standalone_comparison.csv,6.0,-118,-102,,,2025_10_14_NHL_merged.csv,6.0,1.847457627118644,1.9803921568627452,2,1.0,0.0,0.0
2025020057,2025-10-15,6.17,3.98315304698704,12,docs\win\hockey\nhl\research\sdv_challenger\season_2025\standalone_comparison.csv,6.0,-115,-105,,,2025_10_15_NHL_merged.csv,6.0,1.8695652173913042,1.9523809523809523,2,1.0,0.0,0.0
2025020058,2025-10-15,6.04,4.225079323257768,5,docs\win\hockey\nhl\research\sdv_challenger\season_2025\standalone_comparison.csv,6.0,-102,-118,,,2025_10_15_NHL_merged.csv,6.0,1.9803921568627452,1.847457627118644,0,0.0,1.0,0.0
2025020059,2025-10-15,5.72,4.4197438116317045,11,docs\win\hockey\nhl\research\sdv_challenger\season_2025\standalone_comparison.csv,6.0,100,-120,,,2025_10_15_NHL_merged.csv,6.0,2.0,1.8333333333333335,2,1.0,0.0,0.0
2025020060,2025-10-15,5.85,4.007074294428087,4,docs\win\hockey\nhl\research\sdv_challenger\season_2025\standalone_comparison.csv,5.5,-120,100,,,2025_10_15_NHL_merged.csv,5.5,1.8333333333333335,2.0,0,0.0,1.0,0.0
2025020061,2025-10-16,5.97,4.468426379484019,3,docs\win\hockey\nhl\research\sdv_challenger\season_2025\standalone_comparison.csv,6.0,-110,-110,,,2025_10_16_NHL_merged.csv,6.0,1.9090909090909092,1.9090909090909092,0,0.0,1.0,0.0
2025020062,2025-10-16,5.87,3.968075728309206,5,docs\win\hockey\nhl\research\sdv_challenger\season_2025\standalone_comparison.csv,6.0,100,-120,,,2025_10_16_NHL_merged.csv,6.0,2.0,1.8333333333333335,0,0.0,1.0,0.0
2025020063,2025-10-16,5.84,4.196062128453342,7,docs\win\hockey\nhl\research\sdv_challenger\season_2025\standalone_comparison.csv,6.0,-102,-118,,,2025_10_16_NHL_merged.csv,6.0,1.9803921568627452,1.847457627118644,2,1.0,0.0,0.0
2025020064,2025-10-16,5.62,4.170842289708766,4,docs\win\hockey\nhl\research\sdv_challenger\season_2025\standalone_comparison.csv,6.0,-110,-110,,,2025_10_16_NHL_merged.csv,6.0,1.9090909090909092,1.9090909090909092,0,0.0,1.0,0.0
2025020065,2025-10-16,6.15,4.371327120691699,6,docs\win\hockey\nhl\research\sdv_challenger\season_2025\standalone_comparison.csv,6.0,100,-120,,,2025_10_16_NHL_merged.csv,6.0,2.0,1.8333333333333335,1,0.0,0.0,1.0
2025020066,2025-10-16,5.52,4.125551649174869,7,docs\win\hockey\nhl\research\sdv_challenger\season_2025\standalone_comparison.csv,5.5,-120,100,,,2025_10_16_NHL_merged.csv,5.5,1.8333333333333335,2.0,2,1.0,0.0,0.0
2025020067,2025-10-16,6.42,4.33294150173666,5,docs\win\hockey\nhl\research\sdv_challenger\season_2025\standalone_comparison.csv,6.0,-118,-102,,,2025_10_16_NHL_merged.csv,6.0,1.847457627118644,1.9803921568627452,0,0.0,1.0,0.0
2025020068,2025-10-16,5.84,4.274118164848935,8,docs\win\hockey\nhl\research\sdv_challenger\season_2025\standalone_comparison.csv,6.0,100,-120,,,2025_10_16_NHL_merged.csv,6.0,2.0,1.8333333333333335,2,1.0,0.0,0.0
2025020069,2025-10-16,5.79,4.218476219009492,11,docs\win\hockey\nhl\research\sdv_challenger\season_2025\standalone_comparison.csv,6.0,-115,-105,,,2025_10_16_NHL_merged.csv,6.0,1.8695652173913042,1.9523809523809523,2,1.0,0.0,0.0
2025020070,2025-10-16,6.08,4.551860956234763,5,docs\win\hockey\nhl\research\sdv_challenger\season_2025\standalone_comparison.csv,6.0,-110,-110,,,2025_10_16_NHL_merged.csv,6.0,1.9090909090909092,1.9090909090909092,0,0.0,1.0,0.0
2025020071,2025-10-16,5.87,4.030230662791299,6,docs\win\hockey\nhl\research\sdv_challenger\season_2025\standalone_comparison.csv,6.0,-105,-115,,,2025_10_16_NHL_merged.csv,6.0,1.9523809523809523,1.8695652173913042,1,0.0,0.0,1.0
2025020072,2025-10-17,6.55,4.1795737440528455,3,docs\win\hockey\nhl\research\sdv_challenger\season_2025\standalone_comparison.csv,6.0,-118,-102,,,2025_10_17_NHL_merged.csv,6.0,1.847457627118644,1.9803921568627452,0,0.0,1.0,0.0
2025020073,2025-10-17,5.71,4.134183097603593,6,docs\win\hockey\nhl\research\sdv_challenger\season_2025\standalone_comparison.csv,6.0,100,-120,,,2025_10_17_NHL_merged.csv,6.0,2.0,1.8333333333333335,1,0.0,0.0,1.0
2025020074,2025-10-17,5.72,4.349564361416487,5,docs\win\hockey\nhl\research\sdv_challenger\season_2025\standalone_comparison.csv,6.0,-118,-102,,,2025_10_17_NHL_merged.csv,6.0,1.847457627118644,1.9803921568627452,0,0.0,1.0,0.0
2025020075,2025-10-17,6.23,4.183548186729253,9,docs\win\hockey\nhl\research\sdv_challenger\season_2025\standalone_comparison.csv,6.0,-120,100,,,2025_10_17_NHL_merged.csv,6.0,1.8333333333333335,2.0,2,1.0,0.0,0.0
2025020076,2025-10-18,5.96,4.155791333882648,3,docs\win\hockey\nhl\research\sdv_challenger\season_2025\standalone_comparison.csv,6.0,-118,-102,,,2025_10_18_NHL_merged.csv,6.0,1.847457627118644,1.9803921568627452,0,0.0,1.0,0.0
2025020077,2025-10-18,5.83,4.321504531533657,9,docs\win\hockey\nhl\research\sdv_challenger\season_2025\standalone_comparison.csv,6.0,-110,-110,,,2025_10_18_NHL_merged.csv,6.0,1.9090909090909092,1.9090909090909092,2,1.0,0.0,0.0
2025020078,2025-10-18,5.95,4.191136102465705,8,docs\win\hockey\nhl\research\sdv_challenger\season_2025\standalone_comparison.csv,6.0,-110,-110,,,2025_10_18_NHL_merged.csv,6.0,1.9090909090909092,1.9090909090909092,2,1.0,0.0,0.0
2025020079,2025-10-18,5.87,4.283394895663985,7,docs\win\hockey\nhl\research\sdv_challenger\season_2025\standalone_comparison.csv,6.0,-118,-102,,,2025_10_18_NHL_merged.csv,6.0,1.847457627118644,1.9803921568627452,2,1.0,0.0,0.0
2025020080,2025-10-18,5.98,3.996926545588577,7,docs\win\hockey\nhl\research\sdv_challenger\season_2025\standalone_comparison.csv,6.0,100,-120,,,2025_10_18_NHL_merged.csv,6.0,2.0,1.8333333333333335,2,1.0,0.0,0.0
2025020081,2025-10-18,5.79,4.035099843391988,3,docs\win\hockey\nhl\research\sdv_challenger\season_2025\standalone_comparison.csv,6.0,-110,-110,,,2025_10_18_NHL_merged.csv,6.0,1.9090909090909092,1.9090909090909092,0,0.0,1.0,0.0
2025020082,2025-10-18,6.69,4.386820876274568,5,docs\win\hockey\nhl\research\sdv_challenger\season_2025\standalone_comparison.csv,6.5,-110,-110,,,2025_10_18_NHL_merged.csv,6.5,1.9090909090909092,1.9090909090909092,0,0.0,1.0,0.0
2025020083,2025-10-18,5.88,4.576273785593699,4,docs\win\hockey\nhl\research\sdv_challenger\season_2025\standalone_comparison.csv,6.0,-105,-115,,,2025_10_18_NHL_merged.csv,6.0,1.9523809523809523,1.8695652173913042,0,0.0,1.0,0.0
2025020084,2025-10-18,5.64,3.973745418171855,5,docs\win\hockey\nhl\research\sdv_challenger\season_2025\standalone_comparison.csv,6.0,100,-120,,,2025_10_18_NHL_merged.csv,6.0,2.0,1.8333333333333335,0,0.0,1.0,0.0
2025020085,2025-10-18,5.91,4.1071144095634775,5,docs\win\hockey\nhl\research\sdv_challenger\season_2025\standalone_comparison.csv,6.0,-105,-115,,,2025_10_18_NHL_merged.csv,6.0,1.9523809523809523,1.8695652173913042,0,0.0,1.0,0.0
2025020086,2025-10-18,5.69,4.368831708764477,7,docs\win\hockey\nhl\research\sdv_challenger\season_2025\standalone_comparison.csv,6.0,100,-120,,,2025_10_18_NHL_merged.csv,6.0,2.0,1.8333333333333335,2,1.0,0.0,0.0
2025020087,2025-10-18,5.81,4.111930545770641,7,docs\win\hockey\nhl\research\sdv_challenger\season_2025\standalone_comparison.csv,6.0,-118,-102,,,2025_10_18_NHL_merged.csv,6.0,1.847457627118644,1.9803921568627452,2,1.0,0.0,0.0
2025020088,2025-10-18,6.39,4.259338942824763,3,docs\win\hockey\nhl\research\sdv_challenger\season_2025\standalone_comparison.csv,6.0,-118,-102,,,2025_10_18_NHL_merged.csv,6.0,1.847457627118644,1.9803921568627452,0,0.0,1.0,0.0
2025020089,2025-10-19,5.62,4.385837770771646,7,docs\win\hockey\nhl\research\sdv_challenger\season_2025\standalone_comparison.csv,6.0,100,-120,,,2025_10_19_NHL_merged.csv,6.0,2.0,1.8333333333333335,2,1.0,0.0,0.0
2025020090,2025-10-19,6.38,4.249919444955923,6,docs\win\hockey\nhl\research\sdv_challenger\season_2025\standalone_comparison.csv,6.0,-118,-102,,,2025_10_19_NHL_merged.csv,6.0,1.847457627118644,1.9803921568627452,1,0.0,0.0,1.0
2025020091,2025-10-19,6.17,4.406795481759044,3,docs\win\hockey\nhl\research\sdv_challenger\season_2025\standalone_comparison.csv,6.0,100,-120,,,2025_10_19_NHL_merged.csv,6.0,2.0,1.8333333333333335,0,0.0,1.0,0.0
2025020092,2025-10-19,5.77,4.092859905781962,5,docs\win\hockey\nhl\research\sdv_challenger\season_2025\standalone_comparison.csv,6.0,-105,-115,,,2025_10_19_NHL_merged.csv,6.0,1.9523809523809523,1.8695652173913042,0,0.0,1.0,0.0
2025020093,2025-10-20,5.89,4.081596320229111,4,docs\win\hockey\nhl\research\sdv_challenger\season_2025\standalone_comparison.csv,5.5,-120,100,,,2025_10_20_NHL_merged.csv,5.5,1.8333333333333335,2.0,0,0.0,1.0,0.0
2025020094,2025-10-20,5.72,3.998969004816816,7,docs\win\hockey\nhl\research\sdv_challenger\season_2025\standalone_comparison.csv,6.0,-102,-118,,,2025_10_20_NHL_merged.csv,6.0,1.9803921568627452,1.847457627118644,2,1.0,0.0,0.0
2025020095,2025-10-20,6.15,3.925978894580544,6,docs\win\hockey\nhl\research\sdv_challenger\season_2025\standalone_comparison.csv,6.0,-110,-110,,,2025_10_20_NHL_merged.csv,6.0,1.9090909090909092,1.9090909090909092,1,0.0,0.0,1.0
2025020096,2025-10-20,5.5,3.981027158455836,3,docs\win\hockey\nhl\research\sdv_challenger\season_2025\standalone_comparison.csv,6.0,100,-120,,,2025_10_20_NHL_merged.csv,6.0,2.0,1.8333333333333335,0,0.0,1.0,0.0
2025020097,2025-10-20,5.92,4.572061832551436,5,docs\win\hockey\nhl\research\sdv_challenger\season_2025\standalone_comparison.csv,6.0,-110,-110,,,2025_10_20_NHL_merged.csv,6.0,1.9090909090909092,1.9090909090909092,0,0.0,1.0,0.0
2025020098,2025-10-21,5.8,4.226211218107652,7,docs\win\hockey\nhl\research\sdv_challenger\season_2025\standalone_comparison.csv,6.0,-105,-115,,,2025_10_21_NHL_merged.csv,6.0,1.9523809523809523,1.8695652173913042,2,1.0,0.0,0.0
2025020099,2025-10-21,6.16,4.265712824975624,5,docs\win\hockey\nhl\research\sdv_challenger\season_2025\standalone_comparison.csv,6.0,-105,-115,,,2025_10_21_NHL_merged.csv,6.0,1.9523809523809523,1.8695652173913042,0,0.0,1.0,0.0
2025020100,2025-10-21,6.11,4.34340186014764,7,docs\win\hockey\nhl\research\sdv_challenger\season_2025\standalone_comparison.csv,6.0,-120,100,,,2025_10_21_NHL_merged.csv,6.0,1.8333333333333335,2.0,2,1.0,0.0,0.0
2025020101,2025-10-21,5.88,4.3447330023119415,6,docs\win\hockey\nhl\research\sdv_challenger\season_2025\standalone_comparison.csv,6.0,100,-120,,,2025_10_21_NHL_merged.csv,6.0,2.0,1.8333333333333335,1,0.0,0.0,1.0
2025020102,2025-10-21,5.67,4.280639943676223,5,docs\win\hockey\nhl\research\sdv_challenger\season_2025\standalone_comparison.csv,6.0,-105,-115,,,2025_10_21_NHL_merged.csv,6.0,1.9523809523809523,1.8695652173913042,0,0.0,1.0,0.0
2025020103,2025-10-21,5.64,4.128896823306099,7,docs\win\hockey\nhl\research\sdv_challenger\season_2025\standalone_comparison.csv,5.5,-120,100,,,2025_10_21_NHL_merged.csv,5.5,1.8333333333333335,2.0,2,1.0,0.0,0.0
2025020104,2025-10-21,5.63,4.315342861962485,3,docs\win\hockey\nhl\research\sdv_challenger\season_2025\standalone_comparison.csv,5.5,-115,-105,,,2025_10_21_NHL_merged.csv,5.5,1.8695652173913042,1.9523809523809523,0,0.0,1.0,0.0
2025020105,2025-10-21,6.19,4.419040674164027,7,docs\win\hockey\nhl\research\sdv_challenger\season_2025\standalone_comparison.csv,5.5,-120,100,,,2025_10_21_NHL_merged.csv,5.5,1.8333333333333335,2.0,2,1.0,0.0,0.0
2025020106,2025-10-21,6.46,4.37425291221541,6,docs\win\hockey\nhl\research\sdv_challenger\season_2025\standalone_comparison.csv,6.0,-118,-102,,,2025_10_21_NHL_merged.csv,6.0,1.847457627118644,1.9803921568627452,1,0.0,0.0,1.0
2025020107,2025-10-21,6.03,4.168911089946461,7,docs\win\hockey\nhl\research\sdv_challenger\season_2025\standalone_comparison.csv,6.0,-110,-110,,,2025_10_21_NHL_merged.csv,6.0,1.9090909090909092,1.9090909090909092,2,1.0,0.0,0.0
2025020108,2025-10-22,5.82,4.206720321257531,5,docs\win\hockey\nhl\research\sdv_challenger\season_2025\standalone_comparison.csv,6.0,100,-120,,,2025_10_22_NHL_merged.csv,6.0,2.0,1.8333333333333335,0,0.0,1.0,0.0
2025020109,2025-10-22,6.27,4.258344326175106,6,docs\win\hockey\nhl\research\sdv_challenger\season_2025\standalone_comparison.csv,6.0,-110,-110,,,2025_10_22_NHL_merged.csv,6.0,1.9090909090909092,1.9090909090909092,1,0.0,0.0,1.0
2025020110,2025-10-22,5.81,3.971418935004893,3,docs\win\hockey\nhl\research\sdv_challenger\season_2025\standalone_comparison.csv,6.0,-110,-110,,,2025_10_22_NHL_merged.csv,6.0,1.9090909090909092,1.9090909090909092,0,0.0,1.0,0.0
2025020111,2025-10-23,5.98,4.18839025109083,12,docs\win\hockey\nhl\research\sdv_challenger\season_2025\standalone_comparison.csv,6.0,-102,-118,,,2025_10_23_NHL_merged.csv,6.0,1.9803921568627452,1.847457627118644,2,1.0,0.0,0.0
2025020112,2025-10-23,5.82,4.040795623210686,3,docs\win\hockey\nhl\research\sdv_challenger\season_2025\standalone_comparison.csv,6.0,-102,-118,,,2025_10_23_NHL_merged.csv,6.0,1.9803921568627452,1.847457627118644,0,0.0,1.0,0.0
2025020113,2025-10-23,6.21,4.197813524012858,5,docs\win\hockey\nhl\research\sdv_challenger\season_2025\standalone_comparison.csv,6.0,-115,-105,,,2025_10_23_NHL_merged.csv,6.0,1.8695652173913042,1.9523809523809523,0,0.0,1.0,0.0
2025020114,2025-10-23,5.89,4.364142573229612,8,docs\win\hockey\nhl\research\sdv_challenger\season_2025\standalone_comparison.csv,6.0,-118,-102,,,2025_10_23_NHL_merged.csv,6.0,1.847457627118644,1.9803921568627452,2,1.0,0.0,0.0
2025020115,2025-10-23,6.03,4.431595839210225,9,docs\win\hockey\nhl\research\sdv_challenger\season_2025\standalone_comparison.csv,6.0,100,-120,,,2025_10_23_NHL_merged.csv,6.0,2.0,1.8333333333333335,2,1.0,0.0,0.0
2025020116,2025-10-23,6.34,4.118497565482728,11,docs\win\hockey\nhl\research\sdv_challenger\season_2025\standalone_comparison.csv,6.0,-105,-115,,,2025_10_23_NHL_merged.csv,6.0,1.9523809523809523,1.8695652173913042,2,1.0,0.0,0.0
2025020117,2025-10-23,5.71,4.3315364280628135,11,docs\win\hockey\nhl\research\sdv_challenger\season_2025\standalone_comparison.csv,6.0,-110,-110,,,2025_10_23_NHL_merged.csv,6.0,1.9090909090909092,1.9090909090909092,2,1.0,0.0,0.0
2025020118,2025-10-23,5.77,4.355262715393237,3,docs\win\hockey\nhl\research\sdv_challenger\season_2025\standalone_comparison.csv,5.5,-115,-105,,,2025_10_23_NHL_merged.csv,5.5,1.8695652173913042,1.9523809523809523,0,0.0,1.0,0.0
2025020119,2025-10-23,5.95,4.0488673896688105,5,docs\win\hockey\nhl\research\sdv_challenger\season_2025\standalone_comparison.csv,6.0,-102,-118,,,2025_10_23_NHL_merged.csv,6.0,1.9803921568627452,1.847457627118644,0,0.0,1.0,0.0
2025020120,2025-10-23,5.58,3.989691512245343,3,docs\win\hockey\nhl\research\sdv_challenger\season_2025\standalone_comparison.csv,5.5,-120,100,,,2025_10_23_NHL_merged.csv,5.5,1.8333333333333335,2.0,0,0.0,1.0,0.0
2025020121,2025-10-23,6.0,4.470210740605543,9,docs\win\hockey\nhl\research\sdv_challenger\season_2025\standalone_comparison.csv,6.0,-105,-115,,,2025_10_23_NHL_merged.csv,6.0,1.9523809523809523,1.8695652173913042,2,1.0,0.0,0.0
2025020122,2025-10-23,6.19,4.116799820165661,11,docs\win\hockey\nhl\research\sdv_challenger\season_2025\standalone_comparison.csv,6.0,-125,105,,,2025_10_23_NHL_merged.csv,6.0,1.8,2.05,2,1.0,0.0,0.0
2025020123,2025-10-24,6.1,4.329426475427786,8,docs\win\hockey\nhl\research\sdv_challenger\season_2025\standalone_comparison.csv,6.0,-110,-110,,,2025_10_24_NHL_merged.csv,6.0,1.9090909090909092,1.9090909090909092,2,1.0,0.0,0.0
2025020124,2025-10-24,6.1,4.1664973307809285,4,docs\win\hockey\nhl\research\sdv_challenger\season_2025\standalone_comparison.csv,6.0,-115,-105,,,2025_10_24_NHL_merged.csv,6.0,1.8695652173913042,1.9523809523809523,0,0.0,1.0,0.0
2025020125,2025-10-24,6.04,4.49712998435524,6,docs\win\hockey\nhl\research\sdv_challenger\season_2025\standalone_comparison.csv,6.0,-110,-110,,,2025_10_24_NHL_merged.csv,6.0,1.9090909090909092,1.9090909090909092,1,0.0,0.0,1.0
2025020126,2025-10-24,5.5,3.908419657370093,8,docs\win\hockey\nhl\research\sdv_challenger\season_2025\standalone_comparison.csv,6.0,-105,-115,,,2025_10_24_NHL_merged.csv,6.0,1.9523809523809523,1.8695652173913042,2,1.0,0.0,0.0
2025020127,2025-10-25,5.64,4.177440000218389,7,docs\win\hockey\nhl\research\sdv_challenger\season_2025\standalone_comparison.csv,6.0,-105,-115,,,2025_10_25_NHL_merged.csv,6.0,1.9523809523809523,1.8695652173913042,2,1.0,0.0,0.0
2025020128,2025-10-25,6.04,4.151415610896979,5,docs\win\hockey\nhl\research\sdv_challenger\season_2025\standalone_comparison.csv,6.0,100,-120,,,2025_10_25_NHL_merged.csv,6.0,2.0,1.8333333333333335,0,0.0,1.0,0.0
2025020129,2025-10-25,6.41,4.460947957053812,7,docs\win\hockey\nhl\research\sdv_challenger\season_2025\standalone_comparison.csv,5.5,-125,105,,,2025_10_25_NHL_merged.csv,5.5,1.8,2.05,2,1.0,0.0,0.0
2025020130,2025-10-25,5.86,4.277012796762213,3,docs\win\hockey\nhl\research\sdv_challenger\season_2025\standalone_comparison.csv,6.0,-120,100,,,2025_10_25_NHL_merged.csv,6.0,1.8333333333333335,2.0,0,0.0,1.0,0.0
2025020131,2025-10-25,5.81,4.2149224042000295,8,docs\win\hockey\nhl\research\sdv_challenger\season_2025\standalone_comparison.csv,5.5,-120,100,,,2025_10_25_NHL_merged.csv,5.5,1.8333333333333335,2.0,2,1.0,0.0,0.0
2025020132,2025-10-25,6.5,4.31567647411906,7,docs\win\hockey\nhl\research\sdv_challenger\season_2025\standalone_comparison.csv,6.0,-118,-102,,,2025_10_25_NHL_merged.csv,6.0,1.847457627118644,1.9803921568627452,2,1.0,0.0,0.0
2025020133,2025-10-25,5.91,4.347602748023766,10,docs\win\hockey\nhl\research\sdv_challenger\season_2025\standalone_comparison.csv,6.0,-105,-115,,,2025_10_25_NHL_merged.csv,6.0,1.9523809523809523,1.8695652173913042,2,1.0,0.0,0.0
2025020134,2025-10-25,6.38,4.527995480881191,9,docs\win\hockey\nhl\research\sdv_challenger\season_2025\standalone_comparison.csv,6.5,-120,100,,,2025_10_25_NHL_merged.csv,6.5,1.8333333333333335,2.0,2,1.0,0.0,0.0
2025020135,2025-10-25,5.68,4.388167411203336,8,docs\win\hockey\nhl\research\sdv_challenger\season_2025\standalone_comparison.csv,6.0,-105,-115,,,2025_10_25_NHL_merged.csv,6.0,1.9523809523809523,1.8695652173913042,2,1.0,0.0,0.0
2025020136,2025-10-25,5.77,4.298576917101389,7,docs\win\hockey\nhl\research\sdv_challenger\season_2025\standalone_comparison.csv,6.0,-120,100,,,2025_10_25_NHL_merged.csv,6.0,1.8333333333333335,2.0,2,1.0,0.0,0.0
2025020137,2025-10-25,5.84,3.979496900306264,9,docs\win\hockey\nhl\research\sdv_challenger\season_2025\standalone_comparison.csv,6.0,-105,-115,,,2025_10_25_NHL_merged.csv,6.0,1.9523809523809523,1.8695652173913042,2,1.0,0.0,0.0
2025020138,2025-10-25,5.94,4.437013693473389,5,docs\win\hockey\nhl\research\sdv_challenger\season_2025\standalone_comparison.csv,6.0,-118,-102,,,2025_10_25_NHL_merged.csv,6.0,1.847457627118644,1.9803921568627452,0,0.0,1.0,0.0
2025020139,2025-10-25,6.08,4.152819797730547,5,docs\win\hockey\nhl\research\sdv_challenger\season_2025\standalone_comparison.csv,6.0,-110,-110,,,2025_10_25_NHL_merged.csv,6.0,1.9090909090909092,1.9090909090909092,0,0.0,1.0,0.0
2025020140,2025-10-26,6.05,4.175728391599414,7,docs\win\hockey\nhl\research\sdv_challenger\season_2025\standalone_comparison.csv,6.0,-118,-102,,,2025_10_26_NHL_merged.csv,6.0,1.847457627118644,1.9803921568627452,2,1.0,0.0,0.0
2025020141,2025-10-26,6.38,4.22169927815186,3,docs\win\hockey\nhl\research\sdv_challenger\season_2025\standalone_comparison.csv,6.0,-110,-110,,,2025_10_26_NHL_merged.csv,6.0,1.9090909090909092,1.9090909090909092,0,0.0,1.0,0.0
2025020142,2025-10-26,6.32,4.195324523467894,11,docs\win\hockey\nhl\research\sdv_challenger\season_2025\standalone_comparison.csv,6.0,-120,100,,,2025_10_26_NHL_merged.csv,6.0,1.8333333333333335,2.0,2,1.0,0.0,0.0
2025020143,2025-10-26,5.6,4.050730571134747,5,docs\win\hockey\nhl\research\sdv_challenger\season_2025\standalone_comparison.csv,5.5,-120,100,,,2025_10_26_NHL_merged.csv,5.5,1.8333333333333335,2.0,0,0.0,1.0,0.0
2025020144,2025-10-26,5.79,4.129811074556288,4,docs\win\hockey\nhl\research\sdv_challenger\season_2025\standalone_comparison.csv,5.5,-120,100,,,2025_10_26_NHL_merged.csv,5.5,1.8333333333333335,2.0,0,0.0,1.0,0.0
2025020145,2025-10-26,6.26,4.261302144363423,5,docs\win\hockey\nhl\research\sdv_challenger\season_2025\standalone_comparison.csv,6.0,-105,-115,,,2025_10_26_NHL_merged.csv,6.0,1.9523809523809523,1.8695652173913042,0,0.0,1.0,0.0
2025020146,2025-10-26,5.82,3.861079670384609,6,docs\win\hockey\nhl\research\sdv_challenger\season_2025\standalone_comparison.csv,5.5,-120,100,,,2025_10_26_NHL_merged.csv,5.5,1.8333333333333335,2.0,2,1.0,0.0,0.0
2025020147,2025-10-26,5.95,4.322633253206757,7,docs\win\hockey\nhl\research\sdv_challenger\season_2025\standalone_comparison.csv,6.0,-110,-110,,,2025_10_26_NHL_merged.csv,6.0,1.9090909090909092,1.9090909090909092,2,1.0,0.0,0.0
2025020148,2025-10-27,5.92,4.462132983709419,9,docs\win\hockey\nhl\research\sdv_challenger\season_2025\standalone_comparison.csv,6.0,-110,-110,,,2025_10_27_NHL_merged.csv,6.0,1.9090909090909092,1.9090909090909092,2,1.0,0.0,0.0
2025020149,2025-10-27,5.82,4.099752456685412,9,docs\win\hockey\nhl\research\sdv_challenger\season_2025\standalone_comparison.csv,6.0,100,-120,,,2025_10_27_NHL_merged.csv,6.0,2.0,1.8333333333333335,2,1.0,0.0,0.0
2025020150,2025-10-28,5.93,4.124066880104532,5,docs\win\hockey\nhl\research\sdv_challenger\season_2025\standalone_comparison.csv,6.0,100,-120,,,2025_10_28_NHL_merged.csv,6.0,2.0,1.8333333333333335,0,0.0,1.0,0.0
2025020151,2025-10-28,5.84,3.996314326622111,7,docs\win\hockey\nhl\research\sdv_challenger\season_2025\standalone_comparison.csv,5.5,-120,100,,,2025_10_28_NHL_merged.csv,5.5,1.8333333333333335,2.0,2,1.0,0.0,0.0
2025020152,2025-10-28,6.47,4.313963381292727,7,docs\win\hockey\nhl\research\sdv_challenger\season_2025\standalone_comparison.csv,6.5,-110,-110,,,2025_10_28_NHL_merged.csv,6.5,1.9090909090909092,1.9090909090909092,2,1.0,0.0,0.0
2025020153,2025-10-28,6.13,4.491458848585294,5,docs\win\hockey\nhl\research\sdv_challenger\season_2025\standalone_comparison.csv,6.0,-110,-110,,,2025_10_28_NHL_merged.csv,6.0,1.9090909090909092,1.9090909090909092,0,0.0,1.0,0.0
2025020154,2025-10-28,5.6,4.292646175084853,7,docs\win\hockey\nhl\research\sdv_challenger\season_2025\standalone_comparison.csv,6.0,100,-120,,,2025_10_28_NHL_merged.csv,6.0,2.0,1.8333333333333335,2,1.0,0.0,0.0
2025020155,2025-10-28,5.88,4.342497555364966,9,docs\win\hockey\nhl\research\sdv_challenger\season_2025\standalone_comparison.csv,6.0,-110,-110,,,2025_10_28_NHL_merged.csv,6.0,1.9090909090909092,1.9090909090909092,2,1.0,0.0,0.0
2025020156,2025-10-28,6.13,4.2224767480438565,7,docs\win\hockey\nhl\research\sdv_challenger\season_2025\standalone_comparison.csv,6.0,-105,-115,,,2025_10_28_NHL_merged.csv,6.0,1.9523809523809523,1.8695652173913042,2,1.0,0.0,0.0
2025020157,2025-10-28,5.58,4.207437606626879,7,docs\win\hockey\nhl\research\sdv_challenger\season_2025\standalone_comparison.csv,6.0,-118,-102,,,2025_10_28_NHL_merged.csv,6.0,1.847457627118644,1.9803921568627452,2,1.0,0.0,0.0
2025020158,2025-10-28,5.98,4.461695798320437,7,docs\win\hockey\nhl\research\sdv_challenger\season_2025\standalone_comparison.csv,6.0,-110,-110,,,2025_10_28_NHL_merged.csv,6.0,1.9090909090909092,1.9090909090909092,2,1.0,0.0,0.0
2025020159,2025-10-28,5.95,4.405340368092342,1,docs\win\hockey\nhl\research\sdv_challenger\season_2025\standalone_comparison.csv,6.0,-105,-115,,,2025_10_28_NHL_merged.csv,6.0,1.9523809523809523,1.8695652173913042,0,0.0,1.0,0.0
2025020160,2025-10-28,5.97,4.223387612869221,10,docs\win\hockey\nhl\research\sdv_challenger\season_2025\standalone_comparison.csv,6.0,-105,-115,,,2025_10_28_NHL_merged.csv,6.0,1.9523809523809523,1.8695652173913042,2,1.0,0.0,0.0
2025020161,2025-10-28,5.85,4.248197864154895,12,docs\win\hockey\nhl\research\sdv_challenger\season_2025\standalone_comparison.csv,6.0,-118,-102,,,2025_10_28_NHL_merged.csv,6.0,1.847457627118644,1.9803921568627452,2,1.0,0.0,0.0
2025020162,2025-10-28,6.09,4.239456075620003,9,docs\win\hockey\nhl\research\sdv_challenger\season_2025\standalone_comparison.csv,6.0,-118,-102,,,2025_10_28_NHL_merged.csv,6.0,1.847457627118644,1.9803921568627452,2,1.0,0.0,0.0
2025020163,2025-10-28,5.83,4.162297122017923,2,docs\win\hockey\nhl\research\sdv_challenger\season_2025\standalone_comparison.csv,6.0,-105,-115,,,2025_10_28_NHL_merged.csv,6.0,1.9523809523809523,1.8695652173913042,0,0.0,1.0,0.0
2025020164,2025-10-28,5.89,4.11061780016933,7,docs\win\hockey\nhl\research\sdv_challenger\season_2025\standalone_comparison.csv,6.0,100,-120,,,2025_10_28_NHL_merged.csv,6.0,2.0,1.8333333333333335,2,1.0,0.0,0.0
2025020165,2025-10-28,6.08,3.953472726011339,7,docs\win\hockey\nhl\research\sdv_challenger\season_2025\standalone_comparison.csv,6.0,-110,-110,,,2025_10_28_NHL_merged.csv,6.0,1.9090909090909092,1.9090909090909092,2,1.0,0.0,0.0
2025020166,2025-10-29,6.26,4.38858768113599,9,docs\win\hockey\nhl\research\sdv_challenger\season_2025\standalone_comparison.csv,6.0,-118,-102,,,2025_10_29_NHL_merged.csv,6.0,1.847457627118644,1.9803921568627452,2,1.0,0.0,0.0
2025020167,2025-10-30,6.27,4.111255736025177,7,docs\win\hockey\nhl\research\sdv_challenger\season_2025\standalone_comparison.csv,6.0,-118,-102,,,2025_10_30_NHL_merged.csv,6.0,1.847457627118644,1.9803921568627452,2,1.0,0.0,0.0
2025020168,2025-10-30,5.66,4.010345754145277,7,docs\win\hockey\nhl\research\sdv_challenger\season_2025\standalone_comparison.csv,6.0,-105,-115,,,2025_10_30_NHL_merged.csv,6.0,1.9523809523809523,1.8695652173913042,2,1.0,0.0,0.0
2025020169,2025-10-30,6.27,4.033233930464951,3,docs\win\hockey\nhl\research\sdv_challenger\season_2025\standalone_comparison.csv,6.0,-110,-110,,,2025_10_30_NHL_merged.csv,6.0,1.9090909090909092,1.9090909090909092,0,0.0,1.0,0.0
2025020170,2025-10-30,5.82,4.03015148347105,5,docs\win\hockey\nhl\research\sdv_challenger\season_2025\standalone_comparison.csv,6.0,-105,-115,,,2025_10_30_NHL_merged.csv,6.0,1.9523809523809523,1.8695652173913042,0,0.0,1.0,0.0
2025020171,2025-10-30,6.0,4.556536557154091,8,docs\win\hockey\nhl\research\sdv_challenger\season_2025\standalone_comparison.csv,6.0,-105,-115,,,2025_10_30_NHL_merged.csv,6.0,1.9523809523809523,1.8695652173913042,2,1.0,0.0,0.0
2025020172,2025-10-30,5.76,4.382636322808514,7,docs\win\hockey\nhl\research\sdv_challenger\season_2025\standalone_comparison.csv,6.0,-105,-115,,,2025_10_30_NHL_merged.csv,6.0,1.9523809523809523,1.8695652173913042,2,1.0,0.0,0.0
2025020173,2025-10-30,6.14,4.530152925992757,5,docs\win\hockey\nhl\research\sdv_challenger\season_2025\standalone_comparison.csv,6.0,-125,105,,,2025_10_30_NHL_merged.csv,6.0,1.8,2.05,0,0.0,1.0,0.0
2025020174,2025-10-30,5.56,4.197269088306518,9,docs\win\hockey\nhl\research\sdv_challenger\season_2025\standalone_comparison.csv,6.0,-105,-115,,,2025_10_30_NHL_merged.csv,6.0,1.9523809523809523,1.8695652173913042,2,1.0,0.0,0.0
2025020175,2025-10-30,6.07,4.213272183743964,7,docs\win\hockey\nhl\research\sdv_challenger\season_2025\standalone_comparison.csv,6.0,-105,-115,,,2025_10_30_NHL_merged.csv,6.0,1.9523809523809523,1.8695652173913042,2,1.0,0.0,0.0
2025020176,2025-10-30,6.23,4.118683068985834,7,docs\win\hockey\nhl\research\sdv_challenger\season_2025\standalone_comparison.csv,6.5,-102,-118,,,2025_10_30_NHL_merged.csv,6.5,1.9803921568627452,1.847457627118644,2,1.0,0.0,0.0
2025020177,2025-10-30,5.94,4.090981567171031,7,docs\win\hockey\nhl\research\sdv_challenger\season_2025\standalone_comparison.csv,6.0,-105,-115,,,2025_10_30_NHL_merged.csv,6.0,1.9523809523809523,1.8695652173913042,2,1.0,0.0,0.0
2025020178,2025-10-31,6.16,4.192399363899899,6,docs\win\hockey\nhl\research\sdv_challenger\season_2025\standalone_comparison.csv,6.0,-118,-102,,,2025_10_31_NHL_merged.csv,6.0,1.847457627118644,1.9803921568627452,1,0.0,0.0,1.0
2025020179,2025-10-31,5.85,4.491009257606772,4,docs\win\hockey\nhl\research\sdv_challenger\season_2025\standalone_comparison.csv,5.5,-125,105,,,2025_10_31_NHL_merged.csv,5.5,1.8,2.05,0,0.0,1.0,0.0
2025020180,2025-10-31,6.21,4.50825669831592,7,docs\win\hockey\nhl\research\sdv_challenger\season_2025\standalone_comparison.csv,6.0,-110,-110,,,2025_10_31_NHL_merged.csv,6.0,1.9090909090909092,1.9090909090909092,2,1.0,0.0,0.0
2025020181,2025-11-01,5.98,4.3844381922847,3,docs\win\hockey\nhl\research\sdv_challenger\season_2025\standalone_comparison.csv,6.0,-105,-115,,,2025_11_01_NHL_merged.csv,6.0,1.9523809523809523,1.8695652173913042,0,0.0,1.0,0.0
2025020182,2025-11-01,5.78,4.319074166232778,7,docs\win\hockey\nhl\research\sdv_challenger\season_2025\standalone_comparison.csv,6.0,-105,-115,,,2025_11_01_NHL_merged.csv,6.0,1.9523809523809523,1.8695652173913042,2,1.0,0.0,0.0
2025020183,2025-11-01,5.6,4.087803083536883,6,docs\win\hockey\nhl\research\sdv_challenger\season_2025\standalone_comparison.csv,6.0,-105,-115,,,2025_11_01_NHL_merged.csv,6.0,1.9523809523809523,1.8695652173913042,1,0.0,0.0,1.0
2025020184,2025-11-01,6.42,4.1722610134825695,5,docs\win\hockey\nhl\research\sdv_challenger\season_2025\standalone_comparison.csv,6.5,-110,-110,,,2025_11_01_NHL_merged.csv,6.5,1.9090909090909092,1.9090909090909092,0,0.0,1.0,0.0
2025020185,2025-11-01,5.98,4.084890839107318,7,docs\win\hockey\nhl\research\sdv_challenger\season_2025\standalone_comparison.csv,6.0,-102,-118,,,2025_11_01_NHL_merged.csv,6.0,1.9803921568627452,1.847457627118644,2,1.0,0.0,0.0
2025020186,2025-11-01,6.13,4.421689662822958,7,docs\win\hockey\nhl\research\sdv_challenger\season_2025\standalone_comparison.csv,6.0,-118,-102,,,2025_11_01_NHL_merged.csv,6.0,1.847457627118644,1.9803921568627452,2,1.0,0.0,0.0
2025020187,2025-11-01,5.97,4.082022247901285,7,docs\win\hockey\nhl\research\sdv_challenger\season_2025\standalone_comparison.csv,6.5,-110,-110,,,2025_11_01_NHL_merged.csv,6.5,1.9090909090909092,1.9090909090909092,2,1.0,0.0,0.0
2025020188,2025-11-01,5.97,3.9900841432873886,7,docs\win\hockey\nhl\research\sdv_challenger\season_2025\standalone_comparison.csv,6.0,-125,105,,,2025_11_01_NHL_merged.csv,6.0,1.8,2.05,2,1.0,0.0,0.0
2025020189,2025-11-01,6.17,4.600526145449032,5,docs\win\hockey\nhl\research\sdv_challenger\season_2025\standalone_comparison.csv,6.0,-125,105,,,2025_11_01_NHL_merged.csv,6.0,1.8,2.05,0,0.0,1.0,0.0
2025020190,2025-11-01,5.91,4.430756940428776,7,docs\win\hockey\nhl\research\sdv_challenger\season_2025\standalone_comparison.csv,6.0,-110,-110,,,2025_11_01_NHL_merged.csv,6.0,1.9090909090909092,1.9090909090909092,2,1.0,0.0,0.0
2025020191,2025-11-01,6.02,4.016605032554597,5,docs\win\hockey\nhl\research\sdv_challenger\season_2025\standalone_comparison.csv,6.0,-110,-110,,,2025_11_01_NHL_merged.csv,6.0,1.9090909090909092,1.9090909090909092,0,0.0,1.0,0.0
2025020192,2025-11-01,6.11,4.410854027311689,5,docs\win\hockey\nhl\research\sdv_challenger\season_2025\standalone_comparison.csv,6.0,-130,105,,,2025_11_01_NHL_merged.csv,6.0,1.7692307692307692,2.05,0,0.0,1.0,0.0
2025020193,2025-11-01,5.78,3.9816067676254168,5,docs\win\hockey\nhl\research\sdv_challenger\season_2025\standalone_comparison.csv,6.0,-110,-110,,,2025_11_01_NHL_merged.csv,6.0,1.9090909090909092,1.9090909090909092,0,0.0,1.0,0.0
2025020194,2025-11-02,6.14,4.166069815319178,6,docs\win\hockey\nhl\research\sdv_challenger\season_2025\standalone_comparison.csv,6.0,-110,-110,,,2025_11_02_NHL_merged.csv,6.0,1.9090909090909092,1.9090909090909092,1,0.0,0.0,1.0
2025020195,2025-11-02,6.32,4.56711428077073,5,docs\win\hockey\nhl\research\sdv_challenger\season_2025\standalone_comparison.csv,6.5,-105,-115,,,2025_11_02_NHL_merged.csv,6.5,1.9523809523809523,1.8695652173913042,0,0.0,1.0,0.0
2025020196,2025-11-02,5.59,3.797653479278541,3,docs\win\hockey\nhl\research\sdv_challenger\season_2025\standalone_comparison.csv,5.5,-120,100,,,2025_11_02_NHL_merged.csv,5.5,1.8333333333333335,2.0,0,0.0,1.0,0.0
2025020197,2025-11-02,6.25,4.380162954717559,5,docs\win\hockey\nhl\research\sdv_challenger\season_2025\standalone_comparison.csv,6.0,-125,105,,,2025_11_02_NHL_merged.csv,6.0,1.8,2.05,0,0.0,1.0,0.0
2025020198,2025-11-02,6.16,4.119215915729976,5,docs\win\hockey\nhl\research\sdv_challenger\season_2025\standalone_comparison.csv,6.5,-120,100,,,2025_11_02_NHL_merged.csv,6.5,1.8333333333333335,2.0,0,0.0,1.0,0.0
2025020199,2025-11-03,6.22,4.458622605054503,7,docs\win\hockey\nhl\research\sdv_challenger\season_2025\standalone_comparison.csv,6.5,-105,-115,,,2025_11_03_NHL_merged.csv,6.5,1.9523809523809523,1.8695652173913042,2,1.0,0.0,0.0
2025020200,2025-11-03,6.01,4.559321465019172,5,docs\win\hockey\nhl\research\sdv_challenger\season_2025\standalone_comparison.csv,6.0,-110,-110,,,2025_11_03_NHL_merged.csv,6.0,1.9090909090909092,1.9090909090909092,0,0.0,1.0,0.0
2025020201,2025-11-03,5.76,4.27848393147701,9,docs\win\hockey\nhl\research\sdv_challenger\season_2025\standalone_comparison.csv,6.0,100,-120,,,2025_11_03_NHL_merged.csv,6.0,2.0,1.8333333333333335,2,1.0,0.0,0.0
2025020202,2025-11-03,5.83,4.036539612767918,4,docs\win\hockey\nhl\research\sdv_challenger\season_2025\standalone_comparison.csv,6.0,-105,-115,,,2025_11_03_NHL_merged.csv,6.0,1.9523809523809523,1.8695652173913042,0,0.0,1.0,0.0
2025020203,2025-11-04,6.19,4.205604439873487,3,docs\win\hockey\nhl\research\sdv_challenger\season_2025\standalone_comparison.csv,6.0,-125,105,,,2025_11_04_NHL_merged.csv,6.0,1.8,2.05,0,0.0,1.0,0.0
2025020204,2025-11-04,5.9,3.9039767134687295,9,docs\win\hockey\nhl\research\sdv_challenger\season_2025\standalone_comparison.csv,5.5,-120,100,,,2025_11_04_NHL_merged.csv,5.5,1.8333333333333335,2.0,2,1.0,0.0,0.0
2025020205,2025-11-04,6.12,4.229176018657999,7,docs\win\hockey\nhl\research\sdv_challenger\season_2025\standalone_comparison.csv,6.0,-110,-110,,,2025_11_04_NHL_merged.csv,6.0,1.9090909090909092,1.9090909090909092,2,1.0,0.0,0.0
2025020206,2025-11-04,5.79,4.43511529378507,3,docs\win\hockey\nhl\research\sdv_challenger\season_2025\standalone_comparison.csv,6.0,100,-120,,,2025_11_04_NHL_merged.csv,6.0,2.0,1.8333333333333335,0,0.0,1.0,0.0
2025020207,2025-11-04,6.2,4.284122586713504,7,docs\win\hockey\nhl\research\sdv_challenger\season_2025\standalone_comparison.csv,6.0,-110,-110,,,2025_11_04_NHL_merged.csv,6.0,1.9090909090909092,1.9090909090909092,2,1.0,0.0,0.0
2025020208,2025-11-04,5.89,4.4361966369603065,5,docs\win\hockey\nhl\research\sdv_challenger\season_2025\standalone_comparison.csv,6.0,-115,-105,,,2025_11_04_NHL_merged.csv,6.0,1.8695652173913042,1.9523809523809523,0,0.0,1.0,0.0
2025020209,2025-11-04,6.36,4.181665543175623,5,docs\win\hockey\nhl\research\sdv_challenger\season_2025\standalone_comparison.csv,6.0,-118,-102,,,2025_11_04_NHL_merged.csv,6.0,1.847457627118644,1.9803921568627452,0,0.0,1.0,0.0
2025020210,2025-11-04,5.91,4.134279933141847,1,docs\win\hockey\nhl\research\sdv_challenger\season_2025\standalone_comparison.csv,6.0,-110,-110,,,2025_11_04_NHL_merged.csv,6.0,1.9090909090909092,1.9090909090909092,0,0.0,1.0,0.0
2025020211,2025-11-04,6.21,4.333989199924002,10,docs\win\hockey\nhl\research\sdv_challenger\season_2025\standalone_comparison.csv,6.0,-120,100,,,2025_11_04_NHL_merged.csv,6.0,1.8333333333333335,2.0,2,1.0,0.0,0.0
2025020212,2025-11-04,5.64,4.042160397735975,3,docs\win\hockey\nhl\research\sdv_challenger\season_2025\standalone_comparison.csv,5.5,100,-120,,,2025_11_04_NHL_merged.csv,5.5,2.0,1.8333333333333335,0,0.0,1.0,0.0
2025020213,2025-11-05,6.06,4.244297595018242,8,docs\win\hockey\nhl\research\sdv_challenger\season_2025\standalone_comparison.csv,6.0,-110,-110,,,2025_11_05_NHL_merged.csv,6.0,1.9090909090909092,1.9090909090909092,2,1.0,0.0,0.0
2025020214,2025-11-05,5.78,4.495065352419557,7,docs\win\hockey\nhl\research\sdv_challenger\season_2025\standalone_comparison.csv,6.0,-110,-110,,,2025_11_05_NHL_merged.csv,6.0,1.9090909090909092,1.9090909090909092,2,1.0,0.0,0.0
2025020215,2025-11-05,6.03,4.308436717298051,6,docs\win\hockey\nhl\research\sdv_challenger\season_2025\standalone_comparison.csv,6.0,-105,-115,,,2025_11_05_NHL_merged.csv,6.0,1.9523809523809523,1.8695652173913042,1,0.0,0.0,1.0
2025020216,2025-11-05,5.79,4.270300825584527,7,docs\win\hockey\nhl\research\sdv_challenger\season_2025\standalone_comparison.csv,6.0,-105,-115,,,2025_11_05_NHL_merged.csv,6.0,1.9523809523809523,1.8695652173913042,2,1.0,0.0,0.0
2025020217,2025-11-05,6.08,3.859579095775899,7,docs\win\hockey\nhl\research\sdv_challenger\season_2025\standalone_comparison.csv,6.0,-125,105,,,2025_11_05_NHL_merged.csv,6.0,1.8,2.05,2,1.0,0.0,0.0
2025020218,2025-11-06,6.15,4.048728703883871,5,docs\win\hockey\nhl\research\sdv_challenger\season_2025\standalone_comparison.csv,6.0,-110,-110,,,2025_11_06_NHL_merged.csv,6.0,1.9090909090909092,1.9090909090909092,0,0.0,1.0,0.0
2025020219,2025-11-06,6.25,4.394050580949459,3,docs\win\hockey\nhl\research\sdv_challenger\season_2025\standalone_comparison.csv,6.0,-125,105,,,2025_11_06_NHL_merged.csv,6.0,1.8,2.05,0,0.0,1.0,0.0
2025020220,2025-11-06,5.97,4.1979098797214105,7,docs\win\hockey\nhl\research\sdv_challenger\season_2025\standalone_comparison.csv,6.0,-110,-110,,,2025_11_06_NHL_merged.csv,6.0,1.9090909090909092,1.9090909090909092,2,1.0,0.0,0.0
2025020221,2025-11-06,6.08,4.570614865368459,8,docs\win\hockey\nhl\research\sdv_challenger\season_2025\standalone_comparison.csv,6.0,-125,105,,,2025_11_06_NHL_merged.csv,6.0,1.8,2.05,2,1.0,0.0,0.0
2025020222,2025-11-06,6.02,4.637173980481292,7,docs\win\hockey\nhl\research\sdv_challenger\season_2025\standalone_comparison.csv,6.0,-118,-102,,,2025_11_06_NHL_merged.csv,6.0,1.847457627118644,1.9803921568627452,2,1.0,0.0,0.0
2025020223,2025-11-06,5.75,4.015014311968365,4,docs\win\hockey\nhl\research\sdv_challenger\season_2025\standalone_comparison.csv,5.5,-115,-105,,,2025_11_06_NHL_merged.csv,5.5,1.8695652173913042,1.9523809523809523,0,0.0,1.0,0.0
2025020224,2025-11-06,6.27,4.388678115130613,12,docs\win\hockey\nhl\research\sdv_challenger\season_2025\standalone_comparison.csv,6.0,-110,-110,,,2025_11_06_NHL_merged.csv,6.0,1.9090909090909092,1.9090909090909092,2,1.0,0.0,0.0
2025020225,2025-11-06,6.18,4.127513371145859,9,docs\win\hockey\nhl\research\sdv_challenger\season_2025\standalone_comparison.csv,6.0,-110,-110,,,2025_11_06_NHL_merged.csv,6.0,1.9090909090909092,1.9090909090909092,2,1.0,0.0,0.0
2025020226,2025-11-06,5.64,3.855719353593856,7,docs\win\hockey\nhl\research\sdv_challenger\season_2025\standalone_comparison.csv,5.5,-105,-115,,,2025_11_06_NHL_merged.csv,5.5,1.9523809523809523,1.8695652173913042,2,1.0,0.0,0.0
2025020227,2025-11-07,5.82,4.070020938778053,5,docs\win\hockey\nhl\research\sdv_challenger\season_2025\standalone_comparison.csv,6.0,-110,-110,,,2025_11_07_NHL_merged.csv,6.0,1.9090909090909092,1.9090909090909092,0,0.0,1.0,0.0
2025020228,2025-11-07,6.23,4.446143666141818,7,docs\win\hockey\nhl\research\sdv_challenger\season_2025\standalone_comparison.csv,6.0,-110,-110,,,2025_11_07_NHL_merged.csv,6.0,1.9090909090909092,1.9090909090909092,2,1.0,0.0,0.0
2025020229,2025-11-07,5.69,4.111400407409274,4,docs\win\hockey\nhl\research\sdv_challenger\season_2025\standalone_comparison.csv,6.0,-110,-110,,,2025_11_07_NHL_merged.csv,6.0,1.9090909090909092,1.9090909090909092,0,0.0,1.0,0.0
2025020230,2025-11-07,6.1,4.028447666712006,3,docs\win\hockey\nhl\research\sdv_challenger\season_2025\standalone_comparison.csv,6.0,-118,-102,,,2025_11_07_NHL_merged.csv,6.0,1.847457627118644,1.9803921568627452,0,0.0,1.0,0.0
2025020231,2025-11-08,6.13,4.459691931932708,3,docs\win\hockey\nhl\research\sdv_challenger\season_2025\standalone_comparison.csv,6.5,-105,-115,,,2025_11_08_NHL_merged.csv,6.5,1.9523809523809523,1.8695652173913042,0,0.0,1.0,0.0
2025020232,2025-11-08,5.85,3.9049770525154135,5,docs\win\hockey\nhl\research\sdv_challenger\season_2025\standalone_comparison.csv,6.0,-102,-118,,,2025_11_08_NHL_merged.csv,6.0,1.9803921568627452,1.847457627118644,0,0.0,1.0,0.0
2025020233,2025-11-08,5.82,4.210367089997752,9,docs\win\hockey\nhl\research\sdv_challenger\season_2025\standalone_comparison.csv,6.0,100,-120,,,2025_11_08_NHL_merged.csv,6.0,2.0,1.8333333333333335,2,1.0,0.0,0.0
2025020234,2025-11-08,6.1,4.117973257055201,8,docs\win\hockey\nhl\research\sdv_challenger\season_2025\standalone_comparison.csv,6.0,-120,100,,,2025_11_08_NHL_merged.csv,6.0,1.8333333333333335,2.0,2,1.0,0.0,0.0
2025020235,2025-11-08,5.98,4.112450726640137,8,docs\win\hockey\nhl\research\sdv_challenger\season_2025\standalone_comparison.csv,6.0,-118,-102,,,2025_11_08_NHL_merged.csv,6.0,1.847457627118644,1.9803921568627452,2,1.0,0.0,0.0
2025020236,2025-11-08,5.92,4.313496643719248,5,docs\win\hockey\nhl\research\sdv_challenger\season_2025\standalone_comparison.csv,6.0,-118,-102,,,2025_11_08_NHL_merged.csv,6.0,1.847457627118644,1.9803921568627452,0,0.0,1.0,0.0
2025020237,2025-11-08,5.94,4.111544703910695,5,docs\win\hockey\nhl\research\sdv_challenger\season_2025\standalone_comparison.csv,6.0,-118,-102,,,2025_11_08_NHL_merged.csv,6.0,1.847457627118644,1.9803921568627452,0,0.0,1.0,0.0
2025020238,2025-11-08,6.36,4.487749569914278,9,docs\win\hockey\nhl\research\sdv_challenger\season_2025\standalone_comparison.csv,6.0,-125,105,,,2025_11_08_NHL_merged.csv,6.0,1.8,2.05,2,1.0,0.0,0.0
2025020239,2025-11-08,5.75,4.0994509480590935,7,docs\win\hockey\nhl\research\sdv_challenger\season_2025\standalone_comparison.csv,5.5,-120,100,,,2025_11_08_NHL_merged.csv,5.5,1.8333333333333335,2.0,2,1.0,0.0,0.0
2025020240,2025-11-08,6.23,4.449200237735146,10,docs\win\hockey\nhl\research\sdv_challenger\season_2025\standalone_comparison.csv,6.0,-118,-102,,,2025_11_08_NHL_merged.csv,6.0,1.847457627118644,1.9803921568627452,2,1.0,0.0,0.0
2025020241,2025-11-08,6.14,4.636203487282216,7,docs\win\hockey\nhl\research\sdv_challenger\season_2025\standalone_comparison.csv,6.0,-110,-110,,,2025_11_08_NHL_merged.csv,6.0,1.9090909090909092,1.9090909090909092,2,1.0,0.0,0.0
2025020242,2025-11-08,6.41,4.478992694625242,7,docs\win\hockey\nhl\research\sdv_challenger\season_2025\standalone_comparison.csv,6.0,-125,105,,,2025_11_08_NHL_merged.csv,6.0,1.8,2.05,2,1.0,0.0,0.0
2025020243,2025-11-08,6.08,3.898786284466648,4,docs\win\hockey\nhl\research\sdv_challenger\season_2025\standalone_comparison.csv,6.0,-120,100,,,2025_11_08_NHL_merged.csv,6.0,1.8333333333333335,2.0,0,0.0,1.0,0.0
2025020244,2025-11-09,5.96,4.402466271588373,6,docs\win\hockey\nhl\research\sdv_challenger\season_2025\standalone_comparison.csv,6.0,-110,-110,,,2025_11_09_NHL_merged.csv,6.0,1.9090909090909092,1.9090909090909092,1,0.0,0.0,1.0
2025020245,2025-11-09,6.02,4.202077583062929,5,docs\win\hockey\nhl\research\sdv_challenger\season_2025\standalone_comparison.csv,6.0,-110,-110,,,2025_11_09_NHL_merged.csv,6.0,1.9090909090909092,1.9090909090909092,0,0.0,1.0,0.0
2025020246,2025-11-09,6.09,4.541078411735717,9,docs\win\hockey\nhl\research\sdv_challenger\season_2025\standalone_comparison.csv,6.0,-130,105,,,2025_11_09_NHL_merged.csv,6.0,1.7692307692307692,2.05,2,1.0,0.0,0.0
2025020247,2025-11-09,6.06,4.126565089742555,6,docs\win\hockey\nhl\research\sdv_challenger\season_2025\standalone_comparison.csv,6.0,-118,-102,,,2025_11_09_NHL_merged.csv,6.0,1.847457627118644,1.9803921568627452,1,0.0,0.0,1.0
2025020248,2025-11-09,5.66,3.808385199806759,3,docs\win\hockey\nhl\research\sdv_challenger\season_2025\standalone_comparison.csv,6.0,-120,100,,,2025_11_09_NHL_merged.csv,6.0,1.8333333333333335,2.0,0,0.0,1.0,0.0
2025020249,2025-11-09,5.67,4.0639426761409645,2,docs\win\hockey\nhl\research\sdv_challenger\season_2025\standalone_comparison.csv,6.0,-105,-115,,,2025_11_09_NHL_merged.csv,6.0,1.9523809523809523,1.8695652173913042,0,0.0,1.0,0.0
2025020250,2025-11-09,5.97,4.303321348351179,9,docs\win\hockey\nhl\research\sdv_challenger\season_2025\standalone_comparison.csv,6.0,-118,-102,,,2025_11_09_NHL_merged.csv,6.0,1.847457627118644,1.9803921568627452,2,1.0,0.0,0.0
2025020251,2025-11-09,6.02,4.496719926973331,5,docs\win\hockey\nhl\research\sdv_challenger\season_2025\standalone_comparison.csv,6.0,-110,-110,,,2025_11_09_NHL_merged.csv,6.0,1.9090909090909092,1.9090909090909092,0,0.0,1.0,0.0
2025020252,2025-11-10,6.1,4.264037992008663,5,docs\win\hockey\nhl\research\sdv_challenger\season_2025\standalone_comparison.csv,6.0,-110,-110,,,2025_11_10_NHL_merged.csv,6.0,1.9090909090909092,1.9090909090909092,0,0.0,1.0,0.0
2025020253,2025-11-10,5.68,4.114664808394827,9,docs\win\hockey\nhl\research\sdv_challenger\season_2025\standalone_comparison.csv,5.5,-120,100,,,2025_11_10_NHL_merged.csv,5.5,1.8333333333333335,2.0,2,1.0,0.0,0.0
2025020254,2025-11-10,6.39,4.7685392125725805,9,docs\win\hockey\nhl\research\sdv_challenger\season_2025\standalone_comparison.csv,6.5,-120,100,,,2025_11_10_NHL_merged.csv,6.5,1.8333333333333335,2.0,2,1.0,0.0,0.0
2025020255,2025-11-10,5.82,4.11896589694242,5,docs\win\hockey\nhl\research\sdv_challenger\season_2025\standalone_comparison.csv,6.0,-110,-110,,,2025_11_10_NHL_merged.csv,6.0,1.9090909090909092,1.9090909090909092,0,0.0,1.0,0.0
2025020256,2025-11-11,6.19,4.157418574376003,8,docs\win\hockey\nhl\research\sdv_challenger\season_2025\standalone_comparison.csv,6.0,-125,105,,,2025_11_11_NHL_merged.csv,6.0,1.8,2.05,2,1.0,0.0,0.0
2025020257,2025-11-11,5.78,3.929266659979203,6,docs\win\hockey\nhl\research\sdv_challenger\season_2025\standalone_comparison.csv,6.0,-118,-102,,,2025_11_11_NHL_merged.csv,6.0,1.847457627118644,1.9803921568627452,1,0.0,0.0,1.0
2025020258,2025-11-11,5.99,4.010182188006253,5,docs\win\hockey\nhl\research\sdv_challenger\season_2025\standalone_comparison.csv,6.0,-118,-102,,,2025_11_11_NHL_merged.csv,6.0,1.847457627118644,1.9803921568627452,0,0.0,1.0,0.0
2025020259,2025-11-11,5.94,4.640725394173382,5,docs\win\hockey\nhl\research\sdv_challenger\season_2025\standalone_comparison.csv,6.0,-120,100,,,2025_11_11_NHL_merged.csv,6.0,1.8333333333333335,2.0,0,0.0,1.0,0.0
2025020260,2025-11-11,5.68,4.006253215096657,5,docs\win\hockey\nhl\research\sdv_challenger\season_2025\standalone_comparison.csv,6.0,100,-120,,,2025_11_11_NHL_merged.csv,6.0,2.0,1.8333333333333335,0,0.0,1.0,0.0
2025020261,2025-11-11,6.31,4.198401298359026,3,docs\win\hockey\nhl\research\sdv_challenger\season_2025\standalone_comparison.csv,6.5,-110,-110,,,2025_11_11_NHL_merged.csv,6.5,1.9090909090909092,1.9090909090909092,0,0.0,1.0,0.0
2025020262,2025-11-11,6.55,4.491047703436303,5,docs\win\hockey\nhl\research\sdv_challenger\season_2025\standalone_comparison.csv,6.5,-135,110,,,2025_11_11_NHL_merged.csv,6.5,1.7407407407407407,2.1,0,0.0,1.0,0.0
2025020263,2025-11-11,5.73,4.337009465144636,8,docs\win\hockey\nhl\research\sdv_challenger\season_2025\standalone_comparison.csv,6.0,100,-120,,,2025_11_11_NHL_merged.csv,6.0,2.0,1.8333333333333335,2,1.0,0.0,0.0
2025020264,2025-11-11,6.34,4.361363319950266,3,docs\win\hockey\nhl\research\sdv_challenger\season_2025\standalone_comparison.csv,6.0,-118,-102,,,2025_11_11_NHL_merged.csv,6.0,1.847457627118644,1.9803921568627452,0,0.0,1.0,0.0
2025020265,2025-11-12,5.75,3.961995273599277,10,docs\win\hockey\nhl\research\sdv_challenger\season_2025\standalone_comparison.csv,6.0,-110,-110,,,2025_11_12_NHL_merged.csv,6.0,1.9090909090909092,1.9090909090909092,2,1.0,0.0,0.0
2025020266,2025-11-12,5.87,4.167603137569062,3,docs\win\hockey\nhl\research\sdv_challenger\season_2025\standalone_comparison.csv,6.0,-110,-110,,,2025_11_12_NHL_merged.csv,6.0,1.9090909090909092,1.9090909090909092,0,0.0,1.0,0.0
2025020267,2025-11-12,6.31,4.296460191682419,7,docs\win\hockey\nhl\research\sdv_challenger\season_2025\standalone_comparison.csv,6.5,-105,-115,,,2025_11_12_NHL_merged.csv,6.5,1.9523809523809523,1.8695652173913042,2,1.0,0.0,0.0
2025020268,2025-11-12,5.91,4.35192257845115,7,docs\win\hockey\nhl\research\sdv_challenger\season_2025\standalone_comparison.csv,6.0,-118,-102,,,2025_11_12_NHL_merged.csv,6.0,1.847457627118644,1.9803921568627452,2,1.0,0.0,0.0
2025020269,2025-11-13,5.96,4.01991403911332,7,docs\win\hockey\nhl\research\sdv_challenger\season_2025\standalone_comparison.csv,6.0,-110,-110,,,2025_11_13_NHL_merged.csv,6.0,1.9090909090909092,1.9090909090909092,2,1.0,0.0,0.0
2025020270,2025-11-13,6.01,4.054654903393718,7,docs\win\hockey\nhl\research\sdv_challenger\season_2025\standalone_comparison.csv,6.0,100,-120,,,2025_11_13_NHL_merged.csv,6.0,2.0,1.8333333333333335,2,1.0,0.0,0.0
2025020271,2025-11-13,6.03,4.043554616181904,8,docs\win\hockey\nhl\research\sdv_challenger\season_2025\standalone_comparison.csv,6.0,-110,-110,,,2025_11_13_NHL_merged.csv,6.0,1.9090909090909092,1.9090909090909092,2,1.0,0.0,0.0
2025020272,2025-11-13,6.35,4.495811233207871,9,docs\win\hockey\nhl\research\sdv_challenger\season_2025\standalone_comparison.csv,6.0,-125,105,,,2025_11_13_NHL_merged.csv,6.0,1.8,2.05,2,1.0,0.0,0.0
2025020273,2025-11-13,5.57,4.166616010482612,9,docs\win\hockey\nhl\research\sdv_challenger\season_2025\standalone_comparison.csv,5.5,-115,-105,,,2025_11_13_NHL_merged.csv,5.5,1.8695652173913042,1.9523809523809523,2,1.0,0.0,0.0
2025020274,2025-11-13,6.5,4.708703565588084,9,docs\win\hockey\nhl\research\sdv_challenger\season_2025\standalone_comparison.csv,6.5,-120,100,,,2025_11_13_NHL_merged.csv,6.5,1.8333333333333335,2.0,2,1.0,0.0,0.0
2025020275,2025-11-13,6.6,4.234810205651796,9,docs\win\hockey\nhl\research\sdv_challenger\season_2025\standalone_comparison.csv,6.5,-120,100,,,2025_11_13_NHL_merged.csv,6.5,1.8333333333333335,2.0,2,1.0,0.0,0.0
2025020276,2025-11-13,6.07,3.710958483646228,2,docs\win\hockey\nhl\research\sdv_challenger\season_2025\standalone_comparison.csv,6.0,-110,-110,,,2025_11_13_NHL_merged.csv,6.0,1.9090909090909092,1.9090909090909092,0,0.0,1.0,0.0
2025020277,2025-11-13,6.23,4.300819088558272,7,docs\win\hockey\nhl\research\sdv_challenger\season_2025\standalone_comparison.csv,6.0,-118,-102,,,2025_11_13_NHL_merged.csv,6.0,1.847457627118644,1.9803921568627452,2,1.0,0.0,0.0
2025020278,2025-11-13,5.54,3.9762841190600575,8,docs\win\hockey\nhl\research\sdv_challenger\season_2025\standalone_comparison.csv,5.5,-120,100,,,2025_11_13_NHL_merged.csv,5.5,1.8333333333333335,2.0,2,1.0,0.0,0.0
2025020279,2025-11-14,6.08,4.609683215057462,7,docs\win\hockey\nhl\research\sdv_challenger\season_2025\standalone_comparison.csv,6.0,-120,100,,,2025_11_14_NHL_merged.csv,6.0,1.8333333333333335,2.0,2,1.0,0.0,0.0
2025020280,2025-11-14,5.69,4.1472680662382055,11,docs\win\hockey\nhl\research\sdv_challenger\season_2025\standalone_comparison.csv,5.5,-115,-105,,,2025_11_14_NHL_merged.csv,5.5,1.8695652173913042,1.9523809523809523,2,1.0,0.0,0.0
2025020281,2025-11-14,6.07,4.465977681700359,3,docs\win\hockey\nhl\research\sdv_challenger\season_2025\standalone_comparison.csv,6.5,-102,-118,,,2025_11_14_NHL_merged.csv,6.5,1.9803921568627452,1.847457627118644,0,0.0,1.0,0.0
2025020282,2025-11-14,6.17,4.354539721354955,5,docs\win\hockey\nhl\research\sdv_challenger\season_2025\standalone_comparison.csv,6.5,-105,-115,,,2025_11_14_NHL_merged.csv,6.5,1.9523809523809523,1.8695652173913042,0,0.0,1.0,0.0
2025020283,2025-11-15,5.79,4.046370796210036,4,docs\win\hockey\nhl\research\sdv_challenger\season_2025\standalone_comparison.csv,5.5,-115,-105,,,2025_11_15_NHL_merged.csv,5.5,1.8695652173913042,1.9523809523809523,0,0.0,1.0,0.0
2025020284,2025-11-15,6.27,4.65888511484653,2,docs\win\hockey\nhl\research\sdv_challenger\season_2025\standalone_comparison.csv,6.5,-110,-110,,,2025_11_15_NHL_merged.csv,6.5,1.9090909090909092,1.9090909090909092,0,0.0,1.0,0.0
2025020285,2025-11-15,6.12,4.042616879806758,5,docs\win\hockey\nhl\research\sdv_challenger\season_2025\standalone_comparison.csv,6.0,-118,-102,,,2025_11_15_NHL_merged.csv,6.0,1.847457627118644,1.9803921568627452,0,0.0,1.0,0.0
2025020286,2025-11-15,5.7,3.90382418731468,1,docs\win\hockey\nhl\research\sdv_challenger\season_2025\standalone_comparison.csv,5.5,-110,-110,,,2025_11_15_NHL_merged.csv,5.5,1.9090909090909092,1.9090909090909092,0,0.0,1.0,0.0
2025020287,2025-11-15,6.33,4.2155793369646055,9,docs\win\hockey\nhl\research\sdv_challenger\season_2025\standalone_comparison.csv,6.5,-110,-110,,,2025_11_15_NHL_merged.csv,6.5,1.9090909090909092,1.9090909090909092,2,1.0,0.0,0.0
2025020288,2025-11-15,5.85,4.308287696418127,5,docs\win\hockey\nhl\research\sdv_challenger\season_2025\standalone_comparison.csv,5.5,-120,100,,,2025_11_15_NHL_merged.csv,5.5,1.8333333333333335,2.0,0,0.0,1.0,0.0
2025020289,2025-11-15,6.34,4.599151809172236,7,docs\win\hockey\nhl\research\sdv_challenger\season_2025\standalone_comparison.csv,6.0,-118,-102,,,2025_11_15_NHL_merged.csv,6.0,1.847457627118644,1.9803921568627452,2,1.0,0.0,0.0
2025020290,2025-11-15,6.09,4.433722440029229,3,docs\win\hockey\nhl\research\sdv_challenger\season_2025\standalone_comparison.csv,6.0,-120,100,,,2025_11_15_NHL_merged.csv,6.0,1.8333333333333335,2.0,0,0.0,1.0,0.0
2025020291,2025-11-15,6.22,4.437901355042912,5,docs\win\hockey\nhl\research\sdv_challenger\season_2025\standalone_comparison.csv,6.0,-110,-110,,,2025_11_15_NHL_merged.csv,6.0,1.9090909090909092,1.9090909090909092,0,0.0,1.0,0.0
2025020292,2025-11-15,6.03,4.345890631248472,5,docs\win\hockey\nhl\research\sdv_challenger\season_2025\standalone_comparison.csv,6.0,-115,-105,,,2025_11_15_NHL_merged.csv,6.0,1.8695652173913042,1.9523809523809523,0,0.0,1.0,0.0
2025020293,2025-11-15,5.67,3.8643552805312487,6,docs\win\hockey\nhl\research\sdv_challenger\season_2025\standalone_comparison.csv,5.5,-120,100,,,2025_11_15_NHL_merged.csv,5.5,1.8333333333333335,2.0,2,1.0,0.0,0.0
2025020294,2025-11-15,5.52,3.9260979485551406,7,docs\win\hockey\nhl\research\sdv_challenger\season_2025\standalone_comparison.csv,5.5,-120,100,,,2025_11_15_NHL_merged.csv,5.5,1.8333333333333335,2.0,2,1.0,0.0,0.0
2025020295,2025-11-15,6.17,3.765256930891485,5,docs\win\hockey\nhl\research\sdv_challenger\season_2025\standalone_comparison.csv,6.0,-118,-102,,,2025_11_15_NHL_merged.csv,6.0,1.847457627118644,1.9803921568627452,0,0.0,1.0,0.0
2025020296,2025-11-16,6.25,4.498066640220605,4,docs\win\hockey\nhl\research\sdv_challenger\season_2025\standalone_comparison.csv,6.0,-120,100,,,2025_11_16_NHL_merged.csv,6.0,1.8333333333333335,2.0,0,0.0,1.0,0.0
2025020297,2025-11-16,6.06,4.275545091031766,8,docs\win\hockey\nhl\research\sdv_challenger\season_2025\standalone_comparison.csv,6.0,-125,105,,,2025_11_16_NHL_merged.csv,6.0,1.8,2.05,2,1.0,0.0,0.0
2025020298,2025-11-16,6.11,4.314110734205952,5,docs\win\hockey\nhl\research\sdv_challenger\season_2025\standalone_comparison.csv,6.0,-118,-102,,,2025_11_16_NHL_merged.csv,6.0,1.847457627118644,1.9803921568627452,0,0.0,1.0,0.0
2025020299,2025-11-16,5.79,4.050572413990437,3,docs\win\hockey\nhl\research\sdv_challenger\season_2025\standalone_comparison.csv,6.0,-110,-110,,,2025_11_16_NHL_merged.csv,6.0,1.9090909090909092,1.9090909090909092,0,0.0,1.0,0.0
2025020300,2025-11-16,6.37,4.271962515498047,5,docs\win\hockey\nhl\research\sdv_challenger\season_2025\standalone_comparison.csv,6.0,-125,105,,,2025_11_16_NHL_merged.csv,6.0,1.8,2.05,0,0.0,1.0,0.0
2025020301,2025-11-17,6.16,4.360620302527874,4,docs\win\hockey\nhl\research\sdv_challenger\season_2025\standalone_comparison.csv,6.0,-125,105,,,2025_11_17_NHL_merged.csv,6.0,1.8,2.05,0,0.0,1.0,0.0
2025020302,2025-11-17,6.4,4.400159187423899,6,docs\win\hockey\nhl\research\sdv_challenger\season_2025\standalone_comparison.csv,6.5,-120,100,,,2025_11_17_NHL_merged.csv,6.5,1.8333333333333335,2.0,0,0.0,1.0,0.0
2025020303,2025-11-17,5.71,4.231527480158835,13,docs\win\hockey\nhl\research\sdv_challenger\season_2025\standalone_comparison.csv,5.5,-125,105,,,2025_11_17_NHL_merged.csv,5.5,1.8,2.05,2,1.0,0.0,0.0
2025020304,2025-11-17,5.54,4.169313195600943,3,docs\win\hockey\nhl\research\sdv_challenger\season_2025\standalone_comparison.csv,5.5,-110,-110,,,2025_11_17_NHL_merged.csv,5.5,1.9090909090909092,1.9090909090909092,0,0.0,1.0,0.0
2025020305,2025-11-17,6.37,4.554218940396754,7,docs\win\hockey\nhl\research\sdv_challenger\season_2025\standalone_comparison.csv,6.0,-125,105,,,2025_11_17_NHL_merged.csv,6.0,1.8,2.05,2,1.0,0.0,0.0
2025020306,2025-11-17,6.36,4.5785459779726025,5,docs\win\hockey\nhl\research\sdv_challenger\season_2025\standalone_comparison.csv,6.5,-110,-110,,,2025_11_17_NHL_merged.csv,6.5,1.9090909090909092,1.9090909090909092,0,0.0,1.0,0.0
2025020307,2025-11-18,6.15,4.437597788165775,5,docs\win\hockey\nhl\research\sdv_challenger\season_2025\standalone_comparison.csv,6.0,-102,-118,,,2025_11_18_NHL_merged.csv,6.0,1.9803921568627452,1.847457627118644,0,0.0,1.0,0.0
2025020308,2025-11-18,5.86,3.95994115749852,6,docs\win\hockey\nhl\research\sdv_challenger\season_2025\standalone_comparison.csv,6.0,-118,-102,,,2025_11_18_NHL_merged.csv,6.0,1.847457627118644,1.9803921568627452,1,0.0,0.0,1.0
2025020309,2025-11-18,6.01,4.098641044560325,6,docs\win\hockey\nhl\research\sdv_challenger\season_2025\standalone_comparison.csv,6.0,-120,100,,,2025_11_18_NHL_merged.csv,6.0,1.8333333333333335,2.0,1,0.0,0.0,1.0
2025020310,2025-11-18,6.08,4.122003617110974,5,docs\win\hockey\nhl\research\sdv_challenger\season_2025\standalone_comparison.csv,6.0,-118,-102,,,2025_11_18_NHL_merged.csv,6.0,1.847457627118644,1.9803921568627452,0,0.0,1.0,0.0
2025020311,2025-11-18,6.12,4.58751470510947,7,docs\win\hockey\nhl\research\sdv_challenger\season_2025\standalone_comparison.csv,6.0,-118,-102,,,2025_11_18_NHL_merged.csv,6.0,1.847457627118644,1.9803921568627452,2,1.0,0.0,0.0
2025020312,2025-11-18,5.73,4.114389348483644,7,docs\win\hockey\nhl\research\sdv_challenger\season_2025\standalone_comparison.csv,6.0,-118,-102,,,2025_11_18_NHL_merged.csv,6.0,1.847457627118644,1.9803921568627452,2,1.0,0.0,0.0
2025020313,2025-11-18,5.83,3.971597715918008,5,docs\win\hockey\nhl\research\sdv_challenger\season_2025\standalone_comparison.csv,6.0,-118,-102,,,2025_11_18_NHL_merged.csv,6.0,1.847457627118644,1.9803921568627452,0,0.0,1.0,0.0
2025020314,2025-11-18,6.35,4.179114669971443,5,docs\win\hockey\nhl\research\sdv_challenger\season_2025\standalone_comparison.csv,6.5,-105,-115,,,2025_11_18_NHL_merged.csv,6.5,1.9523809523809523,1.8695652173913042,0,0.0,1.0,0.0
2025020315,2025-11-19,5.97,4.586261048750272,11,docs\win\hockey\nhl\research\sdv_challenger\season_2025\standalone_comparison.csv,6.0,-118,-102,,,2025_11_19_NHL_merged.csv,6.0,1.847457627118644,1.9803921568627452,2,1.0,0.0,0.0
2025020316,2025-11-19,5.99,3.966708779235613,8,docs\win\hockey\nhl\research\sdv_challenger\season_2025\standalone_comparison.csv,6.0,-118,-102,,,2025_11_19_NHL_merged.csv,6.0,1.847457627118644,1.9803921568627452,2,1.0,0.0,0.0
2025020317,2025-11-19,6.29,4.577331864824961,7,docs\win\hockey\nhl\research\sdv_challenger\season_2025\standalone_comparison.csv,6.0,-115,-105,,,2025_11_19_NHL_merged.csv,6.0,1.8695652173913042,1.9523809523809523,2,1.0,0.0,0.0
2025020318,2025-11-19,6.45,4.307822364082578,7,docs\win\hockey\nhl\research\sdv_challenger\season_2025\standalone_comparison.csv,6.5,-105,-115,,,2025_11_19_NHL_merged.csv,6.5,1.9523809523809523,1.8695652173913042,2,1.0,0.0,0.0
2025020319,2025-11-20,6.46,4.61168560009502,5,docs\win\hockey\nhl\research\sdv_challenger\season_2025\standalone_comparison.csv,6.5,-110,-110,,,2025_11_20_NHL_merged.csv,6.5,1.9090909090909092,1.9090909090909092,0,0.0,1.0,0.0
2025020320,2025-11-20,5.85,4.403622554755877,12,docs\win\hockey\nhl\research\sdv_challenger\season_2025\standalone_comparison.csv,6.0,-110,-110,,,2025_11_20_NHL_merged.csv,6.0,1.9090909090909092,1.9090909090909092,2,1.0,0.0,0.0
2025020321,2025-11-20,6.09,4.235924199385223,5,docs\win\hockey\nhl\research\sdv_challenger\season_2025\standalone_comparison.csv,6.0,-115,-105,,,2025_11_20_NHL_merged.csv,6.0,1.8695652173913042,1.9523809523809523,0,0.0,1.0,0.0
2025020322,2025-11-20,6.12,4.38276363944393,3,docs\win\hockey\nhl\research\sdv_challenger\season_2025\standalone_comparison.csv,6.0,-125,105,,,2025_11_20_NHL_merged.csv,6.0,1.8,2.05,0,0.0,1.0,0.0
2025020323,2025-11-20,5.8,4.038382938333502,1,docs\win\hockey\nhl\research\sdv_challenger\season_2025\standalone_comparison.csv,6.0,-102,-118,,,2025_11_20_NHL_merged.csv,6.0,1.9803921568627452,1.847457627118644,0,0.0,1.0,0.0
2025020324,2025-11-20,5.66,4.137196185657854,5,docs\win\hockey\nhl\research\sdv_challenger\season_2025\standalone_comparison.csv,5.5,-105,-115,,,2025_11_20_NHL_merged.csv,5.5,1.9523809523809523,1.8695652173913042,0,0.0,1.0,0.0
2025020325,2025-11-20,5.82,4.120346874997852,5,docs\win\hockey\nhl\research\sdv_challenger\season_2025\standalone_comparison.csv,5.5,-120,100,,,2025_11_20_NHL_merged.csv,5.5,1.8333333333333335,2.0,0,0.0,1.0,0.0
2025020326,2025-11-20,6.01,4.0472737775472485,9,docs\win\hockey\nhl\research\sdv_challenger\season_2025\standalone_comparison.csv,6.0,-118,-102,,,2025_11_20_NHL_merged.csv,6.0,1.847457627118644,1.9803921568627452,2,1.0,0.0,0.0
2025020327,2025-11-20,6.04,4.199301952285557,5,docs\win\hockey\nhl\research\sdv_challenger\season_2025\standalone_comparison.csv,6.0,-120,100,,,2025_11_20_NHL_merged.csv,6.0,1.8333333333333335,2.0,0,0.0,1.0,0.0
2025020328,2025-11-20,5.92,4.277786192895914,6,docs\win\hockey\nhl\research\sdv_challenger\season_2025\standalone_comparison.csv,6.0,-115,-105,,,2025_11_20_NHL_merged.csv,6.0,1.8695652173913042,1.9523809523809523,1,0.0,0.0,1.0
2025020329,2025-11-20,6.34,4.320817704252084,5,docs\win\hockey\nhl\research\sdv_challenger\season_2025\standalone_comparison.csv,6.5,-110,-110,,,2025_11_20_NHL_merged.csv,6.5,1.9090909090909092,1.9090909090909092,0,0.0,1.0,0.0
2025020330,2025-11-20,6.06,3.881703289035506,7,docs\win\hockey\nhl\research\sdv_challenger\season_2025\standalone_comparison.csv,6.0,100,-120,,,2025_11_20_NHL_merged.csv,6.0,2.0,1.8333333333333335,2,1.0,0.0,0.0
2025020331,2025-11-21,6.21,4.419915252798988,12,docs\win\hockey\nhl\research\sdv_challenger\season_2025\standalone_comparison.csv,6.0,-110,-110,,,2025_11_21_NHL_merged.csv,6.0,1.9090909090909092,1.9090909090909092,2,1.0,0.0,0.0
2025020332,2025-11-21,6.61,4.502009051428779,5,docs\win\hockey\nhl\research\sdv_challenger\season_2025\standalone_comparison.csv,6.0,-120,100,,,2025_11_21_NHL_merged.csv,6.0,1.8333333333333335,2.0,0,0.0,1.0,0.0
2025020333,2025-11-21,5.87,4.477065646864949,7,docs\win\hockey\nhl\research\sdv_challenger\season_2025\standalone_comparison.csv,6.0,-110,-110,,,2025_11_21_NHL_merged.csv,6.0,1.9090909090909092,1.9090909090909092,2,1.0,0.0,0.0
2025020334,2025-11-21,5.81,3.930765948385291,3,docs\win\hockey\nhl\research\sdv_challenger\season_2025\standalone_comparison.csv,5.5,-115,-105,,,2025_11_21_NHL_merged.csv,5.5,1.8695652173913042,1.9523809523809523,0,0.0,1.0,0.0
2025020335,2025-11-22,6.32,4.576991606101027,7,docs\win\hockey\nhl\research\sdv_challenger\season_2025\standalone_comparison.csv,6.5,-110,-110,,,2025_11_22_NHL_merged.csv,6.5,1.9090909090909092,1.9090909090909092,2,1.0,0.0,0.0
2025020336,2025-11-22,6.01,4.35863117633158,3,docs\win\hockey\nhl\research\sdv_challenger\season_2025\standalone_comparison.csv,6.0,-115,-105,,,2025_11_22_NHL_merged.csv,6.0,1.8695652173913042,1.9523809523809523,0,0.0,1.0,0.0
2025020337,2025-11-22,6.15,4.193026986095635,7,docs\win\hockey\nhl\research\sdv_challenger\season_2025\standalone_comparison.csv,6.0,-105,-115,,,2025_11_22_NHL_merged.csv,6.0,1.9523809523809523,1.8695652173913042,2,1.0,0.0,0.0
2025020338,2025-11-22,5.88,4.2855143268862985,9,docs\win\hockey\nhl\research\sdv_challenger\season_2025\standalone_comparison.csv,6.0,-105,-115,,,2025_11_22_NHL_merged.csv,6.0,1.9523809523809523,1.8695652173913042,2,1.0,0.0,0.0
2025020339,2025-11-22,5.79,4.062086678989116,9,docs\win\hockey\nhl\research\sdv_challenger\season_2025\standalone_comparison.csv,5.5,-105,-115,,,2025_11_22_NHL_merged.csv,5.5,1.9523809523809523,1.8695652173913042,2,1.0,0.0,0.0
2025020340,2025-11-22,6.03,4.186333562048104,5,docs\win\hockey\nhl\research\sdv_challenger\season_2025\standalone_comparison.csv,5.5,-125,105,,,2025_11_22_NHL_merged.csv,5.5,1.8,2.05,0,0.0,1.0,0.0
2025020341,2025-11-22,5.77,4.381134545910093,8,docs\win\hockey\nhl\research\sdv_challenger\season_2025\standalone_comparison.csv,5.5,-125,105,,,2025_11_22_NHL_merged.csv,5.5,1.8,2.05,2,1.0,0.0,0.0
2025020342,2025-11-22,6.32,3.91078536304458,5,docs\win\hockey\nhl\research\sdv_challenger\season_2025\standalone_comparison.csv,6.0,-110,-110,,,2025_11_22_NHL_merged.csv,6.0,1.9090909090909092,1.9090909090909092,0,0.0,1.0,0.0
2025020343,2025-11-22,6.1,4.262974474295484,3,docs\win\hockey\nhl\research\sdv_challenger\season_2025\standalone_comparison.csv,6.0,-110,-110,,,2025_11_22_NHL_merged.csv,6.0,1.9090909090909092,1.9090909090909092,0,0.0,1.0,0.0
2025020344,2025-11-22,5.77,4.097682221426177,5,docs\win\hockey\nhl\research\sdv_challenger\season_2025\standalone_comparison.csv,6.0,-118,-102,,,2025_11_22_NHL_merged.csv,6.0,1.847457627118644,1.9803921568627452,0,0.0,1.0,0.0
2025020345,2025-11-22,5.69,3.8457191117066634,5,docs\win\hockey\nhl\research\sdv_challenger\season_2025\standalone_comparison.csv,6.0,-118,-102,,,2025_11_22_NHL_merged.csv,6.0,1.847457627118644,1.9803921568627452,0,0.0,1.0,0.0
2025020346,2025-11-22,6.37,4.417801862592938,7,docs\win\hockey\nhl\research\sdv_challenger\season_2025\standalone_comparison.csv,6.0,-130,105,,,2025_11_22_NHL_merged.csv,6.0,1.7692307692307692,2.05,2,1.0,0.0,0.0
2025020347,2025-11-23,6.36,4.492147362530755,5,docs\win\hockey\nhl\research\sdv_challenger\season_2025\standalone_comparison.csv,6.5,-110,-110,,,2025_11_23_NHL_merged.csv,6.5,1.9090909090909092,1.9090909090909092,0,0.0,1.0,0.0
2025020348,2025-11-23,5.86,4.182975459881341,3,docs\win\hockey\nhl\research\sdv_challenger\season_2025\standalone_comparison.csv,6.0,-110,-110,,,2025_11_23_NHL_merged.csv,6.0,1.9090909090909092,1.9090909090909092,0,0.0,1.0,0.0
2025020349,2025-11-23,6.04,4.003259552002793,1,docs\win\hockey\nhl\research\sdv_challenger\season_2025\standalone_comparison.csv,6.0,-105,-115,,,2025_11_23_NHL_merged.csv,6.0,1.9523809523809523,1.8695652173913042,0,0.0,1.0,0.0
2025020350,2025-11-23,6.19,4.3926761280118765,1,docs\win\hockey\nhl\research\sdv_challenger\season_2025\standalone_comparison.csv,6.5,-110,-110,,,2025_11_23_NHL_merged.csv,6.5,1.9090909090909092,1.9090909090909092,0,0.0,1.0,0.0
2025020351,2025-11-23,6.44,3.9833649455344657,4,docs\win\hockey\nhl\research\sdv_challenger\season_2025\standalone_comparison.csv,6.0,-118,-102,,,2025_11_23_NHL_merged.csv,6.0,1.847457627118644,1.9803921568627452,0,0.0,1.0,0.0
2025020352,2025-11-23,5.7,4.088397765162832,7,docs\win\hockey\nhl\research\sdv_challenger\season_2025\standalone_comparison.csv,5.5,-120,100,,,2025_11_23_NHL_merged.csv,5.5,1.8333333333333335,2.0,2,1.0,0.0,0.0
2025020353,2025-11-24,5.67,3.974945355625444,3,docs\win\hockey\nhl\research\sdv_challenger\season_2025\standalone_comparison.csv,5.5,-115,-105,,,2025_11_24_NHL_merged.csv,5.5,1.8695652173913042,1.9523809523809523,0,0.0,1.0,0.0
2025020354,2025-11-24,6.11,4.267543534696231,7,docs\win\hockey\nhl\research\sdv_challenger\season_2025\standalone_comparison.csv,6.0,100,-120,,,2025_11_24_NHL_merged.csv,6.0,2.0,1.8333333333333335,2,1.0,0.0,0.0
2025020355,2025-11-24,5.71,4.1545589419951,5,docs\win\hockey\nhl\research\sdv_challenger\season_2025\standalone_comparison.csv,5.5,-120,100,,,2025_11_24_NHL_merged.csv,5.5,1.8333333333333335,2.0,0,0.0,1.0,0.0
2025020356,2025-11-24,6.1,4.771670007479077,6,docs\win\hockey\nhl\research\sdv_challenger\season_2025\standalone_comparison.csv,6.0,-118,-102,,,2025_11_24_NHL_merged.csv,6.0,1.847457627118644,1.9803921568627452,1,0.0,0.0,1.0
2025020357,2025-11-24,5.66,4.172231403867811,11,docs\win\hockey\nhl\research\sdv_challenger\season_2025\standalone_comparison.csv,6.0,100,-120,,,2025_11_24_NHL_merged.csv,6.0,2.0,1.8333333333333335,2,1.0,0.0,0.0
2025020358,2025-11-24,6.01,4.25672372645251,6,docs\win\hockey\nhl\research\sdv_challenger\season_2025\standalone_comparison.csv,6.0,-120,100,,,2025_11_24_NHL_merged.csv,6.0,1.8333333333333335,2.0,1,0.0,0.0,1.0
2025020359,2025-11-24,5.71,3.867927030253989,3,docs\win\hockey\nhl\research\sdv_challenger\season_2025\standalone_comparison.csv,5.5,-105,-115,,,2025_11_24_NHL_merged.csv,5.5,1.9523809523809523,1.8695652173913042,0,0.0,1.0,0.0
2025020360,2025-11-25,6.09,4.348973206708125,11,docs\win\hockey\nhl\research\sdv_challenger\season_2025\standalone_comparison.csv,6.0,-115,-105,,,2025_11_25_NHL_merged.csv,6.0,1.8695652173913042,1.9523809523809523,2,1.0,0.0,0.0
2025020361,2025-11-26,5.88,4.342001110749663,9,docs\win\hockey\nhl\research\sdv_challenger\season_2025\standalone_comparison.csv,6.0,-115,-105,,,2025_11_26_NHL_merged.csv,6.0,1.8695652173913042,1.9523809523809523,2,1.0,0.0,0.0
2025020362,2025-11-26,5.71,3.8386791356313994,6,docs\win\hockey\nhl\research\sdv_challenger\season_2025\standalone_comparison.csv,6.0,100,-120,,,2025_11_26_NHL_merged.csv,6.0,2.0,1.8333333333333335,1,0.0,0.0,1.0
2025020363,2025-11-26,5.45,3.9856159031323934,6,docs\win\hockey\nhl\research\sdv_challenger\season_2025\standalone_comparison.csv,5.5,-115,-105,,,2025_11_26_NHL_merged.csv,5.5,1.8695652173913042,1.9523809523809523,2,1.0,0.0,0.0
2025020364,2025-11-26,6.02,4.363145634893483,5,docs\win\hockey\nhl\research\sdv_challenger\season_2025\standalone_comparison.csv,5.5,-115,-105,,,2025_11_26_NHL_merged.csv,5.5,1.8695652173913042,1.9523809523809523,0,0.0,1.0,0.0
2025020365,2025-11-26,6.17,4.171371038963695,4,docs\win\hockey\nhl\research\sdv_challenger\season_2025\standalone_comparison.csv,6.0,-110,-110,,,2025_11_26_NHL_merged.csv,6.0,1.9090909090909092,1.9090909090909092,0,0.0,1.0,0.0
2025020366,2025-11-26,6.46,4.451827308358884,6,docs\win\hockey\nhl\research\sdv_challenger\season_2025\standalone_comparison.csv,6.5,-105,-115,,,2025_11_26_NHL_merged.csv,6.5,1.9523809523809523,1.8695652173913042,0,0.0,1.0,0.0
2025020367,2025-11-26,5.59,4.340356395941909,7,docs\win\hockey\nhl\research\sdv_challenger\season_2025\standalone_comparison.csv,6.0,-115,-105,,,2025_11_26_NHL_merged.csv,6.0,1.8695652173913042,1.9523809523809523,2,1.0,0.0,0.0
2025020368,2025-11-26,5.87,4.233053848014264,6,docs\win\hockey\nhl\research\sdv_challenger\season_2025\standalone_comparison.csv,6.0,-110,-110,,,2025_11_26_NHL_merged.csv,6.0,1.9090909090909092,1.9090909090909092,1,0.0,0.0,1.0
2025020369,2025-11-26,6.43,4.498066695946341,3,docs\win\hockey\nhl\research\sdv_challenger\season_2025\standalone_comparison.csv,6.0,-130,105,,,2025_11_26_NHL_merged.csv,6.0,1.7692307692307692,2.05,0,0.0,1.0,0.0
2025020370,2025-11-26,6.04,4.357299839574946,7,docs\win\hockey\nhl\research\sdv_challenger\season_2025\standalone_comparison.csv,6.0,100,-120,,,2025_11_26_NHL_merged.csv,6.0,2.0,1.8333333333333335,2,1.0,0.0,0.0
2025020371,2025-11-26,6.61,4.064227581920286,6,docs\win\hockey\nhl\research\sdv_challenger\season_2025\standalone_comparison.csv,6.0,-120,100,,,2025_11_26_NHL_merged.csv,6.0,1.8333333333333335,2.0,1,0.0,0.0,1.0
2025020372,2025-11-26,6.03,4.30461120080254,7,docs\win\hockey\nhl\research\sdv_challenger\season_2025\standalone_comparison.csv,6.0,-125,105,,,2025_11_26_NHL_merged.csv,6.0,1.8,2.05,2,1.0,0.0,0.0
2025020373,2025-11-26,5.99,3.988657479166631,7,docs\win\hockey\nhl\research\sdv_challenger\season_2025\standalone_comparison.csv,6.0,100,-120,,,2025_11_26_NHL_merged.csv,6.0,2.0,1.8333333333333335,2,1.0,0.0,0.0
2025020374,2025-11-26,6.3,4.635866467800479,9,docs\win\hockey\nhl\research\sdv_challenger\season_2025\standalone_comparison.csv,6.5,-110,-110,,,2025_11_26_NHL_merged.csv,6.5,1.9090909090909092,1.9090909090909092,2,1.0,0.0,0.0
2025020375,2025-11-26,5.76,3.902933290033407,5,docs\win\hockey\nhl\research\sdv_challenger\season_2025\standalone_comparison.csv,5.5,-125,105,,,2025_11_26_NHL_merged.csv,5.5,1.8,2.05,0,0.0,1.0,0.0
2025020376,2025-11-28,5.86,3.818716071523448,8,docs\win\hockey\nhl\research\sdv_challenger\season_2025\standalone_comparison.csv,6.0,-115,-105,,,2025_11_28_NHL_merged.csv,6.0,1.8695652173913042,1.9523809523809523,2,1.0,0.0,0.0
2025020377,2025-11-28,5.97,4.180393888522703,9,docs\win\hockey\nhl\research\sdv_challenger\season_2025\standalone_comparison.csv,6.0,-125,105,,,2025_11_28_NHL_merged.csv,6.0,1.8,2.05,2,1.0,0.0,0.0
2025020378,2025-11-28,6.34,4.303184936702362,5,docs\win\hockey\nhl\research\sdv_challenger\season_2025\standalone_comparison.csv,6.0,-120,100,,,2025_11_28_NHL_merged.csv,6.0,1.8333333333333335,2.0,0,0.0,1.0,0.0
2025020379,2025-11-28,6.35,4.226248996426333,5,docs\win\hockey\nhl\research\sdv_challenger\season_2025\standalone_comparison.csv,6.0,-120,100,,,2025_11_28_NHL_merged.csv,6.0,1.8333333333333335,2.0,0,0.0,1.0,0.0
2025020380,2025-11-28,5.49,3.8747043106173114,8,docs\win\hockey\nhl\research\sdv_challenger\season_2025\standalone_comparison.csv,5.5,-110,-110,,,2025_11_28_NHL_merged.csv,5.5,1.9090909090909092,1.9090909090909092,2,1.0,0.0,0.0
2025020381,2025-11-28,5.79,4.139737056024428,7,docs\win\hockey\nhl\research\sdv_challenger\season_2025\standalone_comparison.csv,6.0,-105,-115,,,2025_11_28_NHL_merged.csv,6.0,1.9523809523809523,1.8695652173913042,2,1.0,0.0,0.0
2025020382,2025-11-28,5.91,4.094888031114269,7,docs\win\hockey\nhl\research\sdv_challenger\season_2025\standalone_comparison.csv,5.5,-125,105,,,2025_11_28_NHL_merged.csv,5.5,1.8,2.05,2,1.0,0.0,0.0
2025020383,2025-11-28,6.03,4.103636014280911,5,docs\win\hockey\nhl\research\sdv_challenger\season_2025\standalone_comparison.csv,6.0,-115,-105,,,2025_11_28_NHL_merged.csv,6.0,1.8695652173913042,1.9523809523809523,0,0.0,1.0,0.0
2025020384,2025-11-28,6.07,4.303288334683334,9,docs\win\hockey\nhl\research\sdv_challenger\season_2025\standalone_comparison.csv,6.0,-110,-110,,,2025_11_28_NHL_merged.csv,6.0,1.9090909090909092,1.9090909090909092,2,1.0,0.0,0.0
2025020385,2025-11-28,6.29,4.252989135983965,5,docs\win\hockey\nhl\research\sdv_challenger\season_2025\standalone_comparison.csv,6.5,-120,100,,,2025_11_28_NHL_merged.csv,6.5,1.8333333333333335,2.0,0,0.0,1.0,0.0
2025020386,2025-11-28,5.93,4.416467921674969,6,docs\win\hockey\nhl\research\sdv_challenger\season_2025\standalone_comparison.csv,6.0,-120,100,,,2025_11_28_NHL_merged.csv,6.0,1.8333333333333335,2.0,1,0.0,0.0,1.0
2025020387,2025-11-28,5.87,4.394926442565015,6,docs\win\hockey\nhl\research\sdv_challenger\season_2025\standalone_comparison.csv,6.0,-130,105,,,2025_11_28_NHL_merged.csv,6.0,1.7692307692307692,2.05,1,0.0,0.0,1.0
2025020388,2025-11-28,6.5,4.733802039075618,7,docs\win\hockey\nhl\research\sdv_challenger\season_2025\standalone_comparison.csv,6.5,-110,-110,,,2025_11_28_NHL_merged.csv,6.5,1.9090909090909092,1.9090909090909092,2,1.0,0.0,0.0
2025020389,2025-11-28,5.82,4.400080636361357,7,docs\win\hockey\nhl\research\sdv_challenger\season_2025\standalone_comparison.csv,6.0,-110,-110,,,2025_11_28_NHL_merged.csv,6.0,1.9090909090909092,1.9090909090909092,2,1.0,0.0,0.0
2025020390,2025-11-28,5.93,4.278937430886416,7,docs\win\hockey\nhl\research\sdv_challenger\season_2025\standalone_comparison.csv,6.0,-115,-105,,,2025_11_28_NHL_merged.csv,6.0,1.8695652173913042,1.9523809523809523,2,1.0,0.0,0.0
2025020391,2025-11-29,5.82,3.9557969800850783,5,docs\win\hockey\nhl\research\sdv_challenger\season_2025\standalone_comparison.csv,6.0,-118,-102,,,2025_11_29_NHL_merged.csv,6.0,1.847457627118644,1.9803921568627452,0,0.0,1.0,0.0
2025020392,2025-11-29,6.27,4.199778193385328,9,docs\win\hockey\nhl\research\sdv_challenger\season_2025\standalone_comparison.csv,6.0,-125,105,,,2025_11_29_NHL_merged.csv,6.0,1.8,2.05,2,1.0,0.0,0.0
2025020393,2025-11-29,5.97,4.2010697286660434,4,docs\win\hockey\nhl\research\sdv_challenger\season_2025\standalone_comparison.csv,6.0,-110,-110,,,2025_11_29_NHL_merged.csv,6.0,1.9090909090909092,1.9090909090909092,0,0.0,1.0,0.0
2025020394,2025-11-29,6.11,4.162220567527049,5,docs\win\hockey\nhl\research\sdv_challenger\season_2025\standalone_comparison.csv,6.0,-110,-110,,,2025_11_29_NHL_merged.csv,6.0,1.9090909090909092,1.9090909090909092,0,0.0,1.0,0.0
2025020395,2025-11-29,5.79,4.039604680871742,8,docs\win\hockey\nhl\research\sdv_challenger\season_2025\standalone_comparison.csv,6.0,-110,-110,,,2025_11_29_NHL_merged.csv,6.0,1.9090909090909092,1.9090909090909092,2,1.0,0.0,0.0
2025020396,2025-11-29,6.32,4.400578033550914,9,docs\win\hockey\nhl\research\sdv_challenger\season_2025\standalone_comparison.csv,6.0,-110,-110,,,2025_11_29_NHL_merged.csv,6.0,1.9090909090909092,1.9090909090909092,2,1.0,0.0,0.0
2025020397,2025-11-29,5.64,4.14366551240412,7,docs\win\hockey\nhl\research\sdv_challenger\season_2025\standalone_comparison.csv,6.0,-105,-115,,,2025_11_29_NHL_merged.csv,6.0,1.9523809523809523,1.8695652173913042,2,1.0,0.0,0.0
2025020398,2025-11-29,5.93,4.4466216292833325,1,docs\win\hockey\nhl\research\sdv_challenger\season_2025\standalone_comparison.csv,6.0,-105,-115,,,2025_11_29_NHL_merged.csv,6.0,1.9523809523809523,1.8695652173913042,0,0.0,1.0,0.0
2025020399,2025-11-29,6.35,4.35935513765307,5,docs\win\hockey\nhl\research\sdv_challenger\season_2025\standalone_comparison.csv,6.0,-110,-110,,,2025_11_29_NHL_merged.csv,6.0,1.9090909090909092,1.9090909090909092,0,0.0,1.0,0.0
2025020400,2025-11-29,6.36,3.9492566334715726,7,docs\win\hockey\nhl\research\sdv_challenger\season_2025\standalone_comparison.csv,6.0,-115,-105,,,2025_11_29_NHL_merged.csv,6.0,1.8695652173913042,1.9523809523809523,2,1.0,0.0,0.0
2025020401,2025-11-29,5.67,4.156539671827467,3,docs\win\hockey\nhl\research\sdv_challenger\season_2025\standalone_comparison.csv,6.0,-125,105,,,2025_11_29_NHL_merged.csv,6.0,1.8,2.05,0,0.0,1.0,0.0
2025020402,2025-11-30,5.89,4.490852754437258,5,docs\win\hockey\nhl\research\sdv_challenger\season_2025\standalone_comparison.csv,6.0,-110,-110,,,2025_11_30_NHL_merged.csv,6.0,1.9090909090909092,1.9090909090909092,0,0.0,1.0,0.0
2025020403,2025-11-30,6.31,4.627130133801662,8,docs\win\hockey\nhl\research\sdv_challenger\season_2025\standalone_comparison.csv,6.5,-110,-110,,,2025_11_30_NHL_merged.csv,6.5,1.9090909090909092,1.9090909090909092,2,1.0,0.0,0.0
2025020404,2025-11-30,5.85,4.219155657790076,1,docs\win\hockey\nhl\research\sdv_challenger\season_2025\standalone_comparison.csv,6.0,-110,-110,,,2025_11_30_NHL_merged.csv,6.0,1.9090909090909092,1.9090909090909092,0,0.0,1.0,0.0
2025020405,2025-11-30,5.91,3.980870693496157,7,docs\win\hockey\nhl\research\sdv_challenger\season_2025\standalone_comparison.csv,6.0,100,-120,,,2025_11_30_NHL_merged.csv,6.0,2.0,1.8333333333333335,2,1.0,0.0,0.0
2025020406,2025-12-01,6.39,4.546319414364503,8,docs\win\hockey\nhl\research\sdv_challenger\season_2025\standalone_comparison.csv,6.0,-110,-110,,,2025_12_01_NHL_merged.csv,6.0,1.9090909090909092,1.9090909090909092,2,1.0,0.0,0.0
2025020407,2025-12-01,5.89,4.252551115292169,6,docs\win\hockey\nhl\research\sdv_challenger\season_2025\standalone_comparison.csv,6.0,-118,-102,,,2025_12_01_NHL_merged.csv,6.0,1.847457627118644,1.9803921568627452,1,0.0,0.0,1.0
2025020408,2025-12-01,6.02,4.152688759990706,6,docs\win\hockey\nhl\research\sdv_challenger\season_2025\standalone_comparison.csv,6.0,-125,105,,,2025_12_01_NHL_merged.csv,6.0,1.8,2.05,1,0.0,0.0,1.0
2025020409,2025-12-01,6.29,4.492058215740249,5,docs\win\hockey\nhl\research\sdv_challenger\season_2025\standalone_comparison.csv,6.0,-110,-110,,,2025_12_01_NHL_merged.csv,6.0,1.9090909090909092,1.9090909090909092,0,0.0,1.0,0.0
2025020410,2025-12-01,6.27,4.211949099960455,9,docs\win\hockey\nhl\research\sdv_challenger\season_2025\standalone_comparison.csv,6.0,-125,105,,,2025_12_01_NHL_merged.csv,6.0,1.8,2.05,2,1.0,0.0,0.0
2025020411,2025-12-02,5.97,3.993167827736504,7,docs\win\hockey\nhl\research\sdv_challenger\season_2025\standalone_comparison.csv,6.0,-115,-105,,,2025_12_02_NHL_merged.csv,6.0,1.8695652173913042,1.9523809523809523,2,1.0,0.0,0.0
2025020412,2025-12-02,6.04,4.159277433902416,9,docs\win\hockey\nhl\research\sdv_challenger\season_2025\standalone_comparison.csv,5.5,-115,-105,,,2025_12_02_NHL_merged.csv,5.5,1.8695652173913042,1.9523809523809523,2,1.0,0.0,0.0
2025020413,2025-12-02,5.74,4.1727998354662175,5,docs\win\hockey\nhl\research\sdv_challenger\season_2025\standalone_comparison.csv,6.0,-110,-110,,,2025_12_02_NHL_merged.csv,6.0,1.9090909090909092,1.9090909090909092,0,0.0,1.0,0.0
2025020414,2025-12-02,6.15,4.235961296920031,3,docs\win\hockey\nhl\research\sdv_challenger\season_2025\standalone_comparison.csv,6.0,-115,-105,,,2025_12_02_NHL_merged.csv,6.0,1.8695652173913042,1.9523809523809523,0,0.0,1.0,0.0
2025020415,2025-12-02,5.76,3.915889013520355,5,docs\win\hockey\nhl\research\sdv_challenger\season_2025\standalone_comparison.csv,5.5,-110,-110,,,2025_12_02_NHL_merged.csv,5.5,1.9090909090909092,1.9090909090909092,0,0.0,1.0,0.0
2025020416,2025-12-02,5.65,4.025564768064289,6,docs\win\hockey\nhl\research\sdv_challenger\season_2025\standalone_comparison.csv,5.5,-120,100,,,2025_12_02_NHL_merged.csv,5.5,1.8333333333333335,2.0,2,1.0,0.0,0.0
2025020417,2025-12-02,6.34,4.443208540751117,4,docs\win\hockey\nhl\research\sdv_challenger\season_2025\standalone_comparison.csv,6.5,-110,-110,,,2025_12_02_NHL_merged.csv,6.5,1.9090909090909092,1.9090909090909092,0,0.0,1.0,0.0
2025020418,2025-12-02,6.29,4.521011035513241,1,docs\win\hockey\nhl\research\sdv_challenger\season_2025\standalone_comparison.csv,6.0,-110,-110,,,2025_12_02_NHL_merged.csv,6.0,1.9090909090909092,1.9090909090909092,0,0.0,1.0,0.0
2025020419,2025-12-02,5.97,4.322132179254146,7,docs\win\hockey\nhl\research\sdv_challenger\season_2025\standalone_comparison.csv,6.0,-120,100,,,2025_12_02_NHL_merged.csv,6.0,1.8333333333333335,2.0,2,1.0,0.0,0.0
2025020420,2025-12-02,5.58,4.201834897497232,4,docs\win\hockey\nhl\research\sdv_challenger\season_2025\standalone_comparison.csv,5.5,-115,-105,,,2025_12_02_NHL_merged.csv,5.5,1.8695652173913042,1.9523809523809523,0,0.0,1.0,0.0
2025020421,2025-12-03,6.03,4.138298933377621,3,docs\win\hockey\nhl\research\sdv_challenger\season_2025\standalone_comparison.csv,5.5,-120,100,,,2025_12_03_NHL_merged.csv,5.5,1.8333333333333335,2.0,0,0.0,1.0,0.0
2025020422,2025-12-03,5.8,4.076138637940463,5,docs\win\hockey\nhl\research\sdv_challenger\season_2025\standalone_comparison.csv,6.0,-125,105,,,2025_12_03_NHL_merged.csv,6.0,1.8,2.05,0,0.0,1.0,0.0
2025020423,2025-12-03,6.0,4.044769444212182,7,docs\win\hockey\nhl\research\sdv_challenger\season_2025\standalone_comparison.csv,6.0,-110,-110,,,2025_12_03_NHL_merged.csv,6.0,1.9090909090909092,1.9090909090909092,2,1.0,0.0,0.0
2025020424,2025-12-03,6.3,4.611070597244302,7,docs\win\hockey\nhl\research\sdv_challenger\season_2025\standalone_comparison.csv,6.5,-110,-110,,,2025_12_03_NHL_merged.csv,6.5,1.9090909090909092,1.9090909090909092,2,1.0,0.0,0.0
2025020425,2025-12-03,6.07,4.293451621901208,8,docs\win\hockey\nhl\research\sdv_challenger\season_2025\standalone_comparison.csv,6.0,-110,-110,,,2025_12_03_NHL_merged.csv,6.0,1.9090909090909092,1.9090909090909092,2,1.0,0.0,0.0
2025020426,2025-12-04,5.79,4.038802840419921,7,docs\win\hockey\nhl\research\sdv_challenger\season_2025\standalone_comparison.csv,5.5,-110,-110,,,2025_12_04_NHL_merged.csv,5.5,1.9090909090909092,1.9090909090909092,2,1.0,0.0,0.0
2025020427,2025-12-04,5.63,3.850558362248096,6,docs\win\hockey\nhl\research\sdv_challenger\season_2025\standalone_comparison.csv,5.5,-110,-110,,,2025_12_04_NHL_merged.csv,5.5,1.9090909090909092,1.9090909090909092,2,1.0,0.0,0.0
2025020428,2025-12-04,6.14,4.439772697738459,7,docs\win\hockey\nhl\research\sdv_challenger\season_2025\standalone_comparison.csv,6.0,-110,-110,,,2025_12_04_NHL_merged.csv,6.0,1.9090909090909092,1.9090909090909092,2,1.0,0.0,0.0
2025020429,2025-12-04,5.8,4.153428934508318,3,docs\win\hockey\nhl\research\sdv_challenger\season_2025\standalone_comparison.csv,5.5,-120,100,,,2025_12_04_NHL_merged.csv,5.5,1.8333333333333335,2.0,0,0.0,1.0,0.0
2025020430,2025-12-04,6.19,4.349768561296575,9,docs\win\hockey\nhl\research\sdv_challenger\season_2025\standalone_comparison.csv,6.0,-115,-105,,,2025_12_04_NHL_merged.csv,6.0,1.8695652173913042,1.9523809523809523,2,1.0,0.0,0.0
2025020431,2025-12-04,6.18,4.434813276776639,6,docs\win\hockey\nhl\research\sdv_challenger\season_2025\standalone_comparison.csv,6.5,-105,-115,,,2025_12_04_NHL_merged.csv,6.5,1.9523809523809523,1.8695652173913042,0,0.0,1.0,0.0
2025020432,2025-12-04,6.42,4.608444915888975,11,docs\win\hockey\nhl\research\sdv_challenger\season_2025\standalone_comparison.csv,6.0,-118,-102,,,2025_12_04_NHL_merged.csv,6.0,1.847457627118644,1.9803921568627452,2,1.0,0.0,0.0
2025020433,2025-12-04,5.64,4.032348522851565,5,docs\win\hockey\nhl\research\sdv_challenger\season_2025\standalone_comparison.csv,5.5,-125,105,,,2025_12_04_NHL_merged.csv,5.5,1.8,2.05,0,0.0,1.0,0.0
2025020434,2025-12-04,5.98,4.130808477714811,13,docs\win\hockey\nhl\research\sdv_challenger\season_2025\standalone_comparison.csv,5.5,-120,100,,,2025_12_04_NHL_merged.csv,5.5,1.8333333333333335,2.0,2,1.0,0.0,0.0
2025020435,2025-12-04,5.66,4.028859480958028,3,docs\win\hockey\nhl\research\sdv_challenger\season_2025\standalone_comparison.csv,5.5,-120,100,,,2025_12_04_NHL_merged.csv,5.5,1.8333333333333335,2.0,0,0.0,1.0,0.0
2025020436,2025-12-05,5.96,4.160388524219167,3,docs\win\hockey\nhl\research\sdv_challenger\season_2025\standalone_comparison.csv,6.0,-118,-102,,,2025_12_05_NHL_merged.csv,6.0,1.847457627118644,1.9803921568627452,0,0.0,1.0,0.0
2025020437,2025-12-05,6.16,4.217634612128623,5,docs\win\hockey\nhl\research\sdv_challenger\season_2025\standalone_comparison.csv,6.0,-118,-102,,,2025_12_05_NHL_merged.csv,6.0,1.847457627118644,1.9803921568627452,0,0.0,1.0,0.0
2025020438,2025-12-05,6.16,3.933208892996779,5,docs\win\hockey\nhl\research\sdv_challenger\season_2025\standalone_comparison.csv,6.0,-115,-105,,,2025_12_05_NHL_merged.csv,6.0,1.8695652173913042,1.9523809523809523,0,0.0,1.0,0.0
2025020439,2025-12-05,6.04,4.534184201684169,5,docs\win\hockey\nhl\research\sdv_challenger\season_2025\standalone_comparison.csv,6.0,-125,105,,,2025_12_05_NHL_merged.csv,6.0,1.8,2.05,0,0.0,1.0,0.0
2025020440,2025-12-05,6.27,4.632677525375427,7,docs\win\hockey\nhl\research\sdv_challenger\season_2025\standalone_comparison.csv,6.0,-125,105,,,2025_12_05_NHL_merged.csv,6.0,1.8,2.05,2,1.0,0.0,0.0
2025020441,2025-12-06,6.0,4.125302857605104,5,docs\win\hockey\nhl\research\sdv_challenger\season_2025\standalone_comparison.csv,6.0,-120,100,,,2025_12_06_NHL_merged.csv,6.0,1.8333333333333335,2.0,0,0.0,1.0,0.0
2025020442,2025-12-06,6.06,4.430372170877814,13,docs\win\hockey\nhl\research\sdv_challenger\season_2025\standalone_comparison.csv,6.5,-105,-115,,,2025_12_06_NHL_merged.csv,6.5,1.9523809523809523,1.8695652173913042,2,1.0,0.0,0.0
2025020443,2025-12-06,5.95,4.041730591221666,5,docs\win\hockey\nhl\research\sdv_challenger\season_2025\standalone_comparison.csv,5.5,-115,-105,,,2025_12_06_NHL_merged.csv,5.5,1.8695652173913042,1.9523809523809523,0,0.0,1.0,0.0
2025020444,2025-12-06,6.26,4.224057073772372,3,docs\win\hockey\nhl\research\sdv_challenger\season_2025\standalone_comparison.csv,6.5,-110,-110,,,2025_12_06_NHL_merged.csv,6.5,1.9090909090909092,1.9090909090909092,0,0.0,1.0,0.0
2025020445,2025-12-06,5.71,4.0946904669763535,3,docs\win\hockey\nhl\research\sdv_challenger\season_2025\standalone_comparison.csv,5.5,-120,100,,,2025_12_06_NHL_merged.csv,5.5,1.8333333333333335,2.0,0,0.0,1.0,0.0
2025020446,2025-12-06,6.21,4.27852590180127,2,docs\win\hockey\nhl\research\sdv_challenger\season_2025\standalone_comparison.csv,6.0,-105,-115,,,2025_12_06_NHL_merged.csv,6.0,1.9523809523809523,1.8695652173913042,0,0.0,1.0,0.0
2025020447,2025-12-06,6.03,4.456433740473114,9,docs\win\hockey\nhl\research\sdv_challenger\season_2025\standalone_comparison.csv,6.0,-110,-110,,,2025_12_06_NHL_merged.csv,6.0,1.9090909090909092,1.9090909090909092,2,1.0,0.0,0.0
2025020448,2025-12-06,5.63,4.15962471996738,2,docs\win\hockey\nhl\research\sdv_challenger\season_2025\standalone_comparison.csv,6.5,-110,-110,,,2025_12_06_NHL_merged.csv,6.5,1.9090909090909092,1.9090909090909092,0,0.0,1.0,0.0
2025020449,2025-12-06,5.68,4.01522924738506,6,docs\win\hockey\nhl\research\sdv_challenger\season_2025\standalone_comparison.csv,6.0,-110,-110,,,2025_12_06_NHL_merged.csv,6.0,1.9090909090909092,1.9090909090909092,1,0.0,0.0,1.0
2025020450,2025-12-06,6.06,4.389972641541987,8,docs\win\hockey\nhl\research\sdv_challenger\season_2025\standalone_comparison.csv,6.5,-110,-110,,,2025_12_06_NHL_merged.csv,6.5,1.9090909090909092,1.9090909090909092,2,1.0,0.0,0.0
2025020451,2025-12-06,6.04,4.421998337727516,6,docs\win\hockey\nhl\research\sdv_challenger\season_2025\standalone_comparison.csv,5.5,-120,100,,,2025_12_06_NHL_merged.csv,5.5,1.8333333333333335,2.0,2,1.0,0.0,0.0
2025020452,2025-12-06,5.91,4.07815218168924,7,docs\win\hockey\nhl\research\sdv_challenger\season_2025\standalone_comparison.csv,6.0,-110,-110,,,2025_12_06_NHL_merged.csv,6.0,1.9090909090909092,1.9090909090909092,2,1.0,0.0,0.0
2025020453,2025-12-07,5.97,4.212347623393297,5,docs\win\hockey\nhl\research\sdv_challenger\season_2025\standalone_comparison.csv,6.0,-118,-102,,,2025_12_07_NHL_merged.csv,6.0,1.847457627118644,1.9803921568627452,0,0.0,1.0,0.0
2025020454,2025-12-07,5.97,4.166014709277067,5,docs\win\hockey\nhl\research\sdv_challenger\season_2025\standalone_comparison.csv,6.0,-105,-115,,,2025_12_07_NHL_merged.csv,6.0,1.9523809523809523,1.8695652173913042,0,0.0,1.0,0.0
2025020455,2025-12-07,6.28,4.22310347928301,5,docs\win\hockey\nhl\research\sdv_challenger\season_2025\standalone_comparison.csv,6.0,-125,105,,,2025_12_07_NHL_merged.csv,6.0,1.8,2.05,0,0.0,1.0,0.0
2025020456,2025-12-07,6.12,4.314886992370043,5,docs\win\hockey\nhl\research\sdv_challenger\season_2025\standalone_comparison.csv,6.0,-118,-102,,,2025_12_07_NHL_merged.csv,6.0,1.847457627118644,1.9803921568627452,0,0.0,1.0,0.0
2025020457,2025-12-07,6.02,4.1583664790261405,7,docs\win\hockey\nhl\research\sdv_challenger\season_2025\standalone_comparison.csv,6.0,-105,-115,,,2025_12_07_NHL_merged.csv,6.0,1.9523809523809523,1.8695652173913042,2,1.0,0.0,0.0
2025020458,2025-12-07,5.82,3.963167758249764,5,docs\win\hockey\nhl\research\sdv_challenger\season_2025\standalone_comparison.csv,6.0,-110,-110,,,2025_12_07_NHL_merged.csv,6.0,1.9090909090909092,1.9090909090909092,0,0.0,1.0,0.0
2025020459,2025-12-07,6.1,4.693769339729424,2,docs\win\hockey\nhl\research\sdv_challenger\season_2025\standalone_comparison.csv,6.0,-125,105,,,2025_12_07_NHL_merged.csv,6.0,1.8,2.05,0,0.0,1.0,0.0
2025020460,2025-12-07,6.49,4.550389227738111,8,docs\win\hockey\nhl\research\sdv_challenger\season_2025\standalone_comparison.csv,6.5,-110,-110,,,2025_12_07_NHL_merged.csv,6.5,1.9090909090909092,1.9090909090909092,2,1.0,0.0,0.0
2025020461,2025-12-08,6.32,4.197713106132997,2,docs\win\hockey\nhl\research\sdv_challenger\season_2025\standalone_comparison.csv,6.0,-118,-102,,,2025_12_08_NHL_merged.csv,6.0,1.847457627118644,1.9803921568627452,0,0.0,1.0,0.0
2025020462,2025-12-08,5.57,4.142847485528683,6,docs\win\hockey\nhl\research\sdv_challenger\season_2025\standalone_comparison.csv,6.0,100,-120,,,2025_12_08_NHL_merged.csv,6.0,2.0,1.8333333333333335,1,0.0,0.0,1.0
2025020463,2025-12-08,5.98,4.042575084104543,11,docs\win\hockey\nhl\research\sdv_challenger\season_2025\standalone_comparison.csv,6.0,-110,-110,,,2025_12_08_NHL_merged.csv,6.0,1.9090909090909092,1.9090909090909092,2,1.0,0.0,0.0
2025020464,2025-12-08,6.37,4.467446793987104,4,docs\win\hockey\nhl\research\sdv_challenger\season_2025\standalone_comparison.csv,6.0,-118,-102,,,2025_12_08_NHL_merged.csv,6.0,1.847457627118644,1.9803921568627452,0,0.0,1.0,0.0
2025020465,2025-12-08,5.7,4.060600494715579,5,docs\win\hockey\nhl\research\sdv_challenger\season_2025\standalone_comparison.csv,5.5,-110,-110,,,2025_12_08_NHL_merged.csv,5.5,1.9090909090909092,1.9090909090909092,0,0.0,1.0,0.0
2025020466,2025-12-09,6.24,4.137079405938675,7,docs\win\hockey\nhl\research\sdv_challenger\season_2025\standalone_comparison.csv,6.0,-118,-102,,,2025_12_09_NHL_merged.csv,6.0,1.847457627118644,1.9803921568627452,2,1.0,0.0,0.0
2025020467,2025-12-09,5.87,4.098262262353652,7,docs\win\hockey\nhl\research\sdv_challenger\season_2025\standalone_comparison.csv,5.5,-115,-105,,,2025_12_09_NHL_merged.csv,5.5,1.8695652173913042,1.9523809523809523,2,1.0,0.0,0.0
2025020468,2025-12-09,5.93,4.184909348622988,9,docs\win\hockey\nhl\research\sdv_challenger\season_2025\standalone_comparison.csv,6.0,-118,-102,,,2025_12_09_NHL_merged.csv,6.0,1.847457627118644,1.9803921568627452,2,1.0,0.0,0.0
2025020469,2025-12-09,5.86,3.859562571994741,5,docs\win\hockey\nhl\research\sdv_challenger\season_2025\standalone_comparison.csv,6.0,-120,100,,,2025_12_09_NHL_merged.csv,6.0,1.8333333333333335,2.0,0,0.0,1.0,0.0
2025020470,2025-12-09,6.66,4.6507935283147335,7,docs\win\hockey\nhl\research\sdv_challenger\season_2025\standalone_comparison.csv,6.5,-110,-110,,,2025_12_09_NHL_merged.csv,6.5,1.9090909090909092,1.9090909090909092,2,1.0,0.0,0.0
2025020471,2025-12-09,6.43,4.73079881199031,5,docs\win\hockey\nhl\research\sdv_challenger\season_2025\standalone_comparison.csv,6.5,-105,-115,,,2025_12_09_NHL_merged.csv,6.5,1.9523809523809523,1.8695652173913042,0,0.0,1.0,0.0
2025020472,2025-12-09,5.83,4.0613213372091055,7,docs\win\hockey\nhl\research\sdv_challenger\season_2025\standalone_comparison.csv,5.5,-110,-110,,,2025_12_09_NHL_merged.csv,5.5,1.9090909090909092,1.9090909090909092,2,1.0,0.0,0.0
2025020473,2025-12-09,5.81,4.077975653002158,7,docs\win\hockey\nhl\research\sdv_challenger\season_2025\standalone_comparison.csv,6.0,-120,100,,,2025_12_09_NHL_merged.csv,6.0,1.8333333333333335,2.0,2,1.0,0.0,0.0
2025020474,2025-12-09,6.48,4.512843238010728,7,docs\win\hockey\nhl\research\sdv_challenger\season_2025\standalone_comparison.csv,6.0,-120,100,,,2025_12_09_NHL_merged.csv,6.0,1.8333333333333335,2.0,2,1.0,0.0,0.0
2025020475,2025-12-09,6.23,4.325453365496866,7,docs\win\hockey\nhl\research\sdv_challenger\season_2025\standalone_comparison.csv,6.0,-110,-110,,,2025_12_09_NHL_merged.csv,6.0,1.9090909090909092,1.9090909090909092,2,1.0,0.0,0.0
2025020476,2025-12-10,5.8,4.124456723324807,3,docs\win\hockey\nhl\research\sdv_challenger\season_2025\standalone_comparison.csv,6.0,-110,-110,,,2025_12_10_NHL_merged.csv,6.0,1.9090909090909092,1.9090909090909092,0,0.0,1.0,0.0
2025020477,2025-12-10,5.9,4.110624221137406,7,docs\win\hockey\nhl\research\sdv_challenger\season_2025\standalone_comparison.csv,6.0,-118,-102,,,2025_12_10_NHL_merged.csv,6.0,1.847457627118644,1.9803921568627452,2,1.0,0.0,0.0
2025020478,2025-12-10,5.76,4.343371759981735,7,docs\win\hockey\nhl\research\sdv_challenger\season_2025\standalone_comparison.csv,6.0,-105,-115,,,2025_12_10_NHL_merged.csv,6.0,1.9523809523809523,1.8695652173913042,2,1.0,0.0,0.0
2025020479,2025-12-10,5.48,3.691241012802253,5,docs\win\hockey\nhl\research\sdv_challenger\season_2025\standalone_comparison.csv,5.5,-115,-105,,,2025_12_10_NHL_merged.csv,5.5,1.8695652173913042,1.9523809523809523,0,0.0,1.0,0.0
2025020480,2025-12-11,6.24,3.993097750051334,5,docs\win\hockey\nhl\research\sdv_challenger\season_2025\standalone_comparison.csv,6.5,-105,-115,,,2025_12_11_NHL_merged.csv,6.5,1.9523809523809523,1.8695652173913042,0,0.0,1.0,0.0
2025020481,2025-12-11,6.18,4.179457558756592,12,docs\win\hockey\nhl\research\sdv_challenger\season_2025\standalone_comparison.csv,6.0,-110,-110,,,2025_12_11_NHL_merged.csv,6.0,1.9090909090909092,1.9090909090909092,2,1.0,0.0,0.0
2025020482,2025-12-11,6.38,4.476913850366486,7,docs\win\hockey\nhl\research\sdv_challenger\season_2025\standalone_comparison.csv,6.0,-130,105,,,2025_12_11_NHL_merged.csv,6.0,1.7692307692307692,2.05,2,1.0,0.0,0.0
2025020483,2025-12-11,5.72,4.02905098133466,5,docs\win\hockey\nhl\research\sdv_challenger\season_2025\standalone_comparison.csv,5.5,-115,-105,,,2025_12_11_NHL_merged.csv,5.5,1.8695652173913042,1.9523809523809523,0,0.0,1.0,0.0
2025020484,2025-12-11,6.34,4.357443479039063,6,docs\win\hockey\nhl\research\sdv_challenger\season_2025\standalone_comparison.csv,6.0,-125,105,,,2025_12_11_NHL_merged.csv,6.0,1.8,2.05,1,0.0,0.0,1.0
2025020485,2025-12-11,6.0,4.631036974655344,5,docs\win\hockey\nhl\research\sdv_challenger\season_2025\standalone_comparison.csv,6.0,-110,-110,,,2025_12_11_NHL_merged.csv,6.0,1.9090909090909092,1.9090909090909092,0,0.0,1.0,0.0
2025020486,2025-12-11,6.15,4.391080097342822,9,docs\win\hockey\nhl\research\sdv_challenger\season_2025\standalone_comparison.csv,6.0,-120,100,,,2025_12_11_NHL_merged.csv,6.0,1.8333333333333335,2.0,2,1.0,0.0,0.0
2025020487,2025-12-11,5.81,4.202191459237018,9,docs\win\hockey\nhl\research\sdv_challenger\season_2025\standalone_comparison.csv,5.5,-120,100,,,2025_12_11_NHL_merged.csv,5.5,1.8333333333333335,2.0,2,1.0,0.0,0.0
2025020488,2025-12-11,5.85,4.14550788828986,7,docs\win\hockey\nhl\research\sdv_challenger\season_2025\standalone_comparison.csv,6.0,-105,-115,,,2025_12_11_NHL_merged.csv,6.0,1.9523809523809523,1.8695652173913042,2,1.0,0.0,0.0
2025020489,2025-12-11,5.84,4.052411176422565,9,docs\win\hockey\nhl\research\sdv_challenger\season_2025\standalone_comparison.csv,6.0,-115,-105,,,2025_12_11_NHL_merged.csv,6.0,1.8695652173913042,1.9523809523809523,2,1.0,0.0,0.0
2025020490,2025-12-11,6.14,4.289725049032104,8,docs\win\hockey\nhl\research\sdv_challenger\season_2025\standalone_comparison.csv,6.0,-120,100,,,2025_12_11_NHL_merged.csv,6.0,1.8333333333333335,2.0,2,1.0,0.0,0.0
2025020491,2025-12-11,6.28,4.596345646448144,5,docs\win\hockey\nhl\research\sdv_challenger\season_2025\standalone_comparison.csv,6.0,-125,105,,,2025_12_11_NHL_merged.csv,6.0,1.8,2.05,0,0.0,1.0,0.0
2025020492,2025-12-11,6.64,4.359468925384095,5,docs\win\hockey\nhl\research\sdv_challenger\season_2025\standalone_comparison.csv,6.0,-118,-102,,,2025_12_11_NHL_merged.csv,6.0,1.847457627118644,1.9803921568627452,0,0.0,1.0,0.0
2025020493,2025-12-12,5.82,4.345303760354293,5,docs\win\hockey\nhl\research\sdv_challenger\season_2025\standalone_comparison.csv,6.0,-105,-115,,,2025_12_12_NHL_merged.csv,6.0,1.9523809523809523,1.8695652173913042,0,0.0,1.0,0.0
2025020494,2025-12-12,5.71,4.20540984317694,8,docs\win\hockey\nhl\research\sdv_challenger\season_2025\standalone_comparison.csv,5.5,-120,100,,,2025_12_12_NHL_merged.csv,5.5,1.8333333333333335,2.0,2,1.0,0.0,0.0
2025020495,2025-12-13,6.44,4.471367641043786,5,docs\win\hockey\nhl\research\sdv_challenger\season_2025\standalone_comparison.csv,6.0,-110,-110,,,2025_12_13_NHL_merged.csv,6.0,1.9090909090909092,1.9090909090909092,0,0.0,1.0,0.0
2025020496,2025-12-13,5.67,4.111163316361086,5,docs\win\hockey\nhl\research\sdv_challenger\season_2025\standalone_comparison.csv,5.5,-115,-105,,,2025_12_13_NHL_merged.csv,5.5,1.8695652173913042,1.9523809523809523,0,0.0,1.0,0.0
2025020497,2025-12-13,6.33,4.187677760447195,11,docs\win\hockey\nhl\research\sdv_challenger\season_2025\standalone_comparison.csv,6.0,-105,-115,,,2025_12_13_NHL_merged.csv,6.0,1.9523809523809523,1.8695652173913042,2,1.0,0.0,0.0
2025020498,2025-12-13,6.22,4.177154048265427,5,docs\win\hockey\nhl\research\sdv_challenger\season_2025\standalone_comparison.csv,5.5,-125,105,,,2025_12_13_NHL_merged.csv,5.5,1.8,2.05,0,0.0,1.0,0.0
2025020499,2025-12-13,6.62,4.438051661881845,9,docs\win\hockey\nhl\research\sdv_challenger\season_2025\standalone_comparison.csv,6.5,-110,-110,,,2025_12_13_NHL_merged.csv,6.5,1.9090909090909092,1.9090909090909092,2,1.0,0.0,0.0
2025020500,2025-12-13,5.84,3.9428661869057406,9,docs\win\hockey\nhl\research\sdv_challenger\season_2025\standalone_comparison.csv,6.0,-105,-115,,,2025_12_13_NHL_merged.csv,6.0,1.9523809523809523,1.8695652173913042,2,1.0,0.0,0.0
2025020501,2025-12-13,5.89,4.339916724698593,7,docs\win\hockey\nhl\research\sdv_challenger\season_2025\standalone_comparison.csv,6.0,-110,-110,,,2025_12_13_NHL_merged.csv,6.0,1.9090909090909092,1.9090909090909092,2,1.0,0.0,0.0
2025020502,2025-12-13,6.34,4.43958261501607,5,docs\win\hockey\nhl\research\sdv_challenger\season_2025\standalone_comparison.csv,6.0,-118,-102,,,2025_12_13_NHL_merged.csv,6.0,1.847457627118644,1.9803921568627452,0,0.0,1.0,0.0
2025020503,2025-12-13,5.85,4.378750988429206,6,docs\win\hockey\nhl\research\sdv_challenger\season_2025\standalone_comparison.csv,6.0,-110,-110,,,2025_12_13_NHL_merged.csv,6.0,1.9090909090909092,1.9090909090909092,1,0.0,0.0,1.0
2025020504,2025-12-13,6.08,4.4901875494578,4,docs\win\hockey\nhl\research\sdv_challenger\season_2025\standalone_comparison.csv,6.0,-118,-102,,,2025_12_13_NHL_merged.csv,6.0,1.847457627118644,1.9803921568627452,0,0.0,1.0,0.0
2025020505,2025-12-13,5.79,4.045593893139321,4,docs\win\hockey\nhl\research\sdv_challenger\season_2025\standalone_comparison.csv,5.5,-120,100,,,2025_12_13_NHL_merged.csv,5.5,1.8333333333333335,2.0,0,0.0,1.0,0.0
2025020506,2025-12-13,6.17,4.3579982212485895,6,docs\win\hockey\nhl\research\sdv_challenger\season_2025\standalone_comparison.csv,6.0,-120,100,,,2025_12_13_NHL_merged.csv,6.0,1.8333333333333335,2.0,1,0.0,0.0,1.0
2025020507,2025-12-13,5.4,3.6873649694285726,3,docs\win\hockey\nhl\research\sdv_challenger\season_2025\standalone_comparison.csv,5.5,-115,-105,,,2025_12_13_NHL_merged.csv,5.5,1.8695652173913042,1.9523809523809523,0,0.0,1.0,0.0
2025020508,2025-12-14,6.24,4.34568423011012,3,docs\win\hockey\nhl\research\sdv_challenger\season_2025\standalone_comparison.csv,5.5,-110,-110,,,2025_12_14_NHL_merged.csv,5.5,1.9090909090909092,1.9090909090909092,0,0.0,1.0,0.0
2025020509,2025-12-14,6.1,4.708855074392685,9,docs\win\hockey\nhl\research\sdv_challenger\season_2025\standalone_comparison.csv,6.0,-105,-115,,,2025_12_14_NHL_merged.csv,6.0,1.9523809523809523,1.8695652173913042,2,1.0,0.0,0.0
2025020510,2025-12-14,5.79,4.348087523556547,5,docs\win\hockey\nhl\research\sdv_challenger\season_2025\standalone_comparison.csv,5.5,-125,105,,,2025_12_14_NHL_merged.csv,5.5,1.8,2.05,0,0.0,1.0,0.0
2025020511,2025-12-14,5.72,4.137087809513276,8,docs\win\hockey\nhl\research\sdv_challenger\season_2025\standalone_comparison.csv,6.0,100,-120,,,2025_12_14_NHL_merged.csv,6.0,2.0,1.8333333333333335,2,1.0,0.0,0.0
2025020512,2025-12-14,6.25,4.397901169216271,5,docs\win\hockey\nhl\research\sdv_challenger\season_2025\standalone_comparison.csv,6.0,-125,105,,,2025_12_14_NHL_merged.csv,6.0,1.8,2.05,0,0.0,1.0,0.0
2025020513,2025-12-14,6.2,3.9884226987636775,4,docs\win\hockey\nhl\research\sdv_challenger\season_2025\standalone_comparison.csv,6.0,-110,-110,,,2025_12_14_NHL_merged.csv,6.0,1.9090909090909092,1.9090909090909092,0,0.0,1.0,0.0
2025020514,2025-12-15,6.01,4.119515073463568,7,docs\win\hockey\nhl\research\sdv_challenger\season_2025\standalone_comparison.csv,6.0,-110,-110,,,2025_12_15_NHL_merged.csv,6.0,1.9090909090909092,1.9090909090909092,2,1.0,0.0,0.0
2025020515,2025-12-15,6.2,4.293472711396513,5,docs\win\hockey\nhl\research\sdv_challenger\season_2025\standalone_comparison.csv,6.0,-125,105,,,2025_12_15_NHL_merged.csv,6.0,1.8,2.05,0,0.0,1.0,0.0
2025020516,2025-12-15,5.78,4.017255810107112,5,docs\win\hockey\nhl\research\sdv_challenger\season_2025\standalone_comparison.csv,5.5,-110,-110,,,2025_12_15_NHL_merged.csv,5.5,1.9090909090909092,1.9090909090909092,0,0.0,1.0,0.0
2025020517,2025-12-15,5.8,4.230613693421012,7,docs\win\hockey\nhl\research\sdv_challenger\season_2025\standalone_comparison.csv,5.5,-120,100,,,2025_12_15_NHL_merged.csv,5.5,1.8333333333333335,2.0,2,1.0,0.0,0.0
2025020518,2025-12-15,5.52,3.772971812700513,5,docs\win\hockey\nhl\research\sdv_challenger\season_2025\standalone_comparison.csv,5.5,-110,-110,,,2025_12_15_NHL_merged.csv,5.5,1.9090909090909092,1.9090909090909092,0,0.0,1.0,0.0
2025020519,2025-12-16,5.83,4.315136288241491,5,docs\win\hockey\nhl\research\sdv_challenger\season_2025\standalone_comparison.csv,6.0,-115,-105,,,2025_12_16_NHL_merged.csv,6.0,1.8695652173913042,1.9523809523809523,0,0.0,1.0,0.0
2025020520,2025-12-16,6.09,4.341595286916475,5,docs\win\hockey\nhl\research\sdv_challenger\season_2025\standalone_comparison.csv,5.5,-120,100,,,2025_12_16_NHL_merged.csv,5.5,1.8333333333333335,2.0,0,0.0,1.0,0.0
2025020521,2025-12-16,5.95,3.998090570471373,5,docs\win\hockey\nhl\research\sdv_challenger\season_2025\standalone_comparison.csv,5.5,-120,100,,,2025_12_16_NHL_merged.csv,5.5,1.8333333333333335,2.0,0,0.0,1.0,0.0
2025020522,2025-12-16,6.25,4.371687196095575,5,docs\win\hockey\nhl\research\sdv_challenger\season_2025\standalone_comparison.csv,6.0,-120,100,,,2025_12_16_NHL_merged.csv,6.0,1.8333333333333335,2.0,0,0.0,1.0,0.0
2025020523,2025-12-16,6.06,4.120214307186243,3,docs\win\hockey\nhl\research\sdv_challenger\season_2025\standalone_comparison.csv,6.0,-105,-115,,,2025_12_16_NHL_merged.csv,6.0,1.9523809523809523,1.8695652173913042,0,0.0,1.0,0.0
2025020524,2025-12-16,6.44,4.653778520220603,10,docs\win\hockey\nhl\research\sdv_challenger\season_2025\standalone_comparison.csv,6.5,-105,-115,,,2025_12_16_NHL_merged.csv,6.5,1.9523809523809523,1.8695652173913042,2,1.0,0.0,0.0
2025020525,2025-12-16,6.75,4.71433954888032,7,docs\win\hockey\nhl\research\sdv_challenger\season_2025\standalone_comparison.csv,6.5,-115,-105,,,2025_12_16_NHL_merged.csv,6.5,1.8695652173913042,1.9523809523809523,2,1.0,0.0,0.0
2025020526,2025-12-16,5.78,4.466940315403607,5,docs\win\hockey\nhl\research\sdv_challenger\season_2025\standalone_comparison.csv,6.0,100,-120,,,2025_12_16_NHL_merged.csv,6.0,2.0,1.8333333333333335,0,0.0,1.0,0.0
2025020527,2025-12-16,5.85,3.838776035288408,9,docs\win\hockey\nhl\research\sdv_challenger\season_2025\standalone_comparison.csv,6.0,100,-120,,,2025_12_16_NHL_merged.csv,6.0,2.0,1.8333333333333335,2,1.0,0.0,0.0
2025020528,2025-12-16,6.16,4.20734428529331,8,docs\win\hockey\nhl\research\sdv_challenger\season_2025\standalone_comparison.csv,6.0,-118,-102,,,2025_12_16_NHL_merged.csv,6.0,1.847457627118644,1.9803921568627452,2,1.0,0.0,0.0
2025020529,2025-12-17,5.49,3.846075509602681,5,docs\win\hockey\nhl\research\sdv_challenger\season_2025\standalone_comparison.csv,5.5,-120,100,,,2025_12_17_NHL_merged.csv,5.5,1.8333333333333335,2.0,0,0.0,1.0,0.0
2025020530,2025-12-17,6.02,4.563184336007442,5,docs\win\hockey\nhl\research\sdv_challenger\season_2025\standalone_comparison.csv,6.0,-110,-110,,,2025_12_17_NHL_merged.csv,6.0,1.9090909090909092,1.9090909090909092,0,0.0,1.0,0.0
2025020531,2025-12-17,5.85,4.169663197153066,1,docs\win\hockey\nhl\research\sdv_challenger\season_2025\standalone_comparison.csv,5.5,-110,-110,,,2025_12_17_NHL_merged.csv,5.5,1.9090909090909092,1.9090909090909092,0,0.0,1.0,0.0
2025020532,2025-12-17,6.03,4.468874570954957,5,docs\win\hockey\nhl\research\sdv_challenger\season_2025\standalone_comparison.csv,6.0,-110,-110,,,2025_12_17_NHL_merged.csv,6.0,1.9090909090909092,1.9090909090909092,0,0.0,1.0,0.0
2025020533,2025-12-17,6.0,4.121407687896383,3,docs\win\hockey\nhl\research\sdv_challenger\season_2025\standalone_comparison.csv,5.5,100,-120,,,2025_12_17_NHL_merged.csv,5.5,2.0,1.8333333333333335,0,0.0,1.0,0.0
2025020534,2025-12-18,6.06,4.280683089075415,4,docs\win\hockey\nhl\research\sdv_challenger\season_2025\standalone_comparison.csv,6.0,-125,105,,,2025_12_18_NHL_merged.csv,6.0,1.8,2.05,0,0.0,1.0,0.0
2025020535,2025-12-18,6.02,4.094004370342341,8,docs\win\hockey\nhl\research\sdv_challenger\season_2025\standalone_comparison.csv,6.0,-110,-110,,,2025_12_18_NHL_merged.csv,6.0,1.9090909090909092,1.9090909090909092,2,1.0,0.0,0.0
2025020536,2025-12-18,6.08,4.210595868706797,5,docs\win\hockey\nhl\research\sdv_challenger\season_2025\standalone_comparison.csv,5.5,-118,-102,,,2025_12_18_NHL_merged.csv,5.5,1.847457627118644,1.9803921568627452,0,0.0,1.0,0.0
2025020537,2025-12-18,5.99,4.28675748042408,4,docs\win\hockey\nhl\research\sdv_challenger\season_2025\standalone_comparison.csv,6.0,-118,-102,,,2025_12_18_NHL_merged.csv,6.0,1.847457627118644,1.9803921568627452,0,0.0,1.0,0.0
2025020538,2025-12-18,5.7,3.88657926128614,3,docs\win\hockey\nhl\research\sdv_challenger\season_2025\standalone_comparison.csv,5.5,-120,100,,,2025_12_18_NHL_merged.csv,5.5,1.8333333333333335,2.0,0,0.0,1.0,0.0
2025020539,2025-12-18,5.95,4.401321972001668,4,docs\win\hockey\nhl\research\sdv_challenger\season_2025\standalone_comparison.csv,6.0,-110,-110,,,2025_12_18_NHL_merged.csv,6.0,1.9090909090909092,1.9090909090909092,0,0.0,1.0,0.0
2025020540,2025-12-18,6.12,4.521386746319661,7,docs\win\hockey\nhl\research\sdv_challenger\season_2025\standalone_comparison.csv,6.0,-115,-105,,,2025_12_18_NHL_merged.csv,6.0,1.8695652173913042,1.9523809523809523,2,1.0,0.0,0.0
2025020541,2025-12-18,5.75,3.997918067974787,3,docs\win\hockey\nhl\research\sdv_challenger\season_2025\standalone_comparison.csv,5.5,100,-120,,,2025_12_18_NHL_merged.csv,5.5,2.0,1.8333333333333335,0,0.0,1.0,0.0
2025020542,2025-12-18,5.61,3.897405151804747,6,docs\win\hockey\nhl\research\sdv_challenger\season_2025\standalone_comparison.csv,5.5,-105,-115,,,2025_12_18_NHL_merged.csv,5.5,1.9523809523809523,1.8695652173913042,2,1.0,0.0,0.0
2025020543,2025-12-18,6.0,3.939995695600964,8,docs\win\hockey\nhl\research\sdv_challenger\season_2025\standalone_comparison.csv,6.0,-120,100,,,2025_12_18_NHL_merged.csv,6.0,1.8333333333333335,2.0,2,1.0,0.0,0.0
2025020544,2025-12-19,6.18,4.38105213979271,7,docs\win\hockey\nhl\research\sdv_challenger\season_2025\standalone_comparison.csv,5.5,-125,105,,,2025_12_19_NHL_merged.csv,5.5,1.8,2.05,2,1.0,0.0,0.0
2025020545,2025-12-19,6.36,4.324129734610043,5,docs\win\hockey\nhl\research\sdv_challenger\season_2025\standalone_comparison.csv,5.5,-125,105,,,2025_12_19_NHL_merged.csv,5.5,1.8,2.05,0,0.0,1.0,0.0
2025020546,2025-12-19,6.25,4.4190732412418186,5,docs\win\hockey\nhl\research\sdv_challenger\season_2025\standalone_comparison.csv,6.0,-105,-115,,,2025_12_19_NHL_merged.csv,6.0,1.9523809523809523,1.8695652173913042,0,0.0,1.0,0.0
2025020547,2025-12-19,5.91,4.414496049004995,3,docs\win\hockey\nhl\research\sdv_challenger\season_2025\standalone_comparison.csv,5.5,-118,-102,,,2025_12_19_NHL_merged.csv,5.5,1.847457627118644,1.9803921568627452,0,0.0,1.0,0.0
2025020548,2025-12-19,6.33,4.330969534459146,11,docs\win\hockey\nhl\research\sdv_challenger\season_2025\standalone_comparison.csv,6.0,-118,-102,,,2025_12_19_NHL_merged.csv,6.0,1.847457627118644,1.9803921568627452,2,1.0,0.0,0.0
2025020549,2025-12-20,5.62,3.8654380472069008,9,docs\win\hockey\nhl\research\sdv_challenger\season_2025\standalone_comparison.csv,5.5,-110,-110,,,2025_12_20_NHL_merged.csv,5.5,1.9090909090909092,1.9090909090909092,2,1.0,0.0,0.0
2025020550,2025-12-20,6.0,4.540474597289002,7,docs\win\hockey\nhl\research\sdv_challenger\season_2025\standalone_comparison.csv,6.0,-110,-110,,,2025_12_20_NHL_merged.csv,6.0,1.9090909090909092,1.9090909090909092,2,1.0,0.0,0.0
2025020551,2025-12-20,5.82,4.169273663669828,10,docs\win\hockey\nhl\research\sdv_challenger\season_2025\standalone_comparison.csv,5.5,-110,-110,,,2025_12_20_NHL_merged.csv,5.5,1.9090909090909092,1.9090909090909092,2,1.0,0.0,0.0
2025020552,2025-12-20,6.0,4.5002863005738485,7,docs\win\hockey\nhl\research\sdv_challenger\season_2025\standalone_comparison.csv,6.0,-130,105,,,2025_12_20_NHL_merged.csv,6.0,1.7692307692307692,2.05,2,1.0,0.0,0.0
2025020553,2025-12-20,6.49,4.251112761735545,5,docs\win\hockey\nhl\research\sdv_challenger\season_2025\standalone_comparison.csv,6.0,-118,-102,,,2025_12_20_NHL_merged.csv,6.0,1.847457627118644,1.9803921568627452,0,0.0,1.0,0.0
2025020554,2025-12-20,5.75,4.142264875043393,8,docs\win\hockey\nhl\research\sdv_challenger\season_2025\standalone_comparison.csv,5.5,-110,-110,,,2025_12_20_NHL_merged.csv,5.5,1.9090909090909092,1.9090909090909092,2,1.0,0.0,0.0
2025020555,2025-12-20,6.07,4.115187731939096,9,docs\win\hockey\nhl\research\sdv_challenger\season_2025\standalone_comparison.csv,5.5,-118,-102,,,2025_12_20_NHL_merged.csv,5.5,1.847457627118644,1.9803921568627452,2,1.0,0.0,0.0
2025020556,2025-12-20,6.21,4.331473379062327,4,docs\win\hockey\nhl\research\sdv_challenger\season_2025\standalone_comparison.csv,6.0,-118,-102,,,2025_12_20_NHL_merged.csv,6.0,1.847457627118644,1.9803921568627452,0,0.0,1.0,0.0
2025020557,2025-12-20,6.44,4.403298460874925,10,docs\win\hockey\nhl\research\sdv_challenger\season_2025\standalone_comparison.csv,5.5,-102,-118,,,2025_12_20_NHL_merged.csv,5.5,1.9803921568627452,1.847457627118644,2,1.0,0.0,0.0
2025020558,2025-12-20,6.12,4.197932664187326,8,docs\win\hockey\nhl\research\sdv_challenger\season_2025\standalone_comparison.csv,6.0,-110,-110,,,2025_12_20_NHL_merged.csv,6.0,1.9090909090909092,1.9090909090909092,2,1.0,0.0,0.0
2025020559,2025-12-20,5.75,4.003525807599559,9,docs\win\hockey\nhl\research\sdv_challenger\season_2025\standalone_comparison.csv,5.5,-110,-110,,,2025_12_20_NHL_merged.csv,5.5,1.9090909090909092,1.9090909090909092,2,1.0,0.0,0.0
2025020560,2025-12-20,6.75,4.704791752181546,7,docs\win\hockey\nhl\research\sdv_challenger\season_2025\standalone_comparison.csv,6.5,-125,105,,,2025_12_20_NHL_merged.csv,6.5,1.8,2.05,2,1.0,0.0,0.0
2025020561,2025-12-20,5.91,3.9303745236245247,6,docs\win\hockey\nhl\research\sdv_challenger\season_2025\standalone_comparison.csv,5.5,-120,100,,,2025_12_20_NHL_merged.csv,5.5,1.8333333333333335,2.0,2,1.0,0.0,0.0
2025020562,2025-12-21,6.11,4.545758800130078,5,docs\win\hockey\nhl\research\sdv_challenger\season_2025\standalone_comparison.csv,6.0,-110,-110,,,2025_12_21_NHL_merged.csv,6.0,1.9090909090909092,1.9090909090909092,0,0.0,1.0,0.0
2025020563,2025-12-21,6.19,4.53790503770864,6,docs\win\hockey\nhl\research\sdv_challenger\season_2025\standalone_comparison.csv,6.0,-110,-110,,,2025_12_21_NHL_merged.csv,6.0,1.9090909090909092,1.9090909090909092,1,0.0,0.0,1.0
2025020564,2025-12-21,5.71,3.896761840479511,8,docs\win\hockey\nhl\research\sdv_challenger\season_2025\standalone_comparison.csv,5.5,-115,-105,,,2025_12_21_NHL_merged.csv,5.5,1.8695652173913042,1.9523809523809523,2,1.0,0.0,0.0
2025020565,2025-12-21,6.37,4.223597560357879,4,docs\win\hockey\nhl\research\sdv_challenger\season_2025\standalone_comparison.csv,6.0,-110,-110,,,2025_12_21_NHL_merged.csv,6.0,1.9090909090909092,1.9090909090909092,0,0.0,1.0,0.0
2025020566,2025-12-21,6.22,4.321333312414511,7,docs\win\hockey\nhl\research\sdv_challenger\season_2025\standalone_comparison.csv,6.5,-105,-115,,,2025_12_21_NHL_merged.csv,6.5,1.9523809523809523,1.8695652173913042,2,1.0,0.0,0.0
2025020567,2025-12-21,5.85,3.97880816038786,3,docs\win\hockey\nhl\research\sdv_challenger\season_2025\standalone_comparison.csv,5.5,-118,-102,,,2025_12_21_NHL_merged.csv,5.5,1.847457627118644,1.9803921568627452,0,0.0,1.0,0.0
2025020568,2025-12-21,6.05,4.111565732280059,6,docs\win\hockey\nhl\research\sdv_challenger\season_2025\standalone_comparison.csv,6.0,-118,-102,,,2025_12_21_NHL_merged.csv,6.0,1.847457627118644,1.9803921568627452,1,0.0,0.0,1.0
2025020569,2025-12-21,5.9,4.294539666292826,7,docs\win\hockey\nhl\research\sdv_challenger\season_2025\standalone_comparison.csv,5.5,-125,105,,,2025_12_21_NHL_merged.csv,5.5,1.8,2.05,2,1.0,0.0,0.0
2025020570,2025-12-21,6.28,4.4278771940172295,7,docs\win\hockey\nhl\research\sdv_challenger\season_2025\standalone_comparison.csv,6.0,-115,-105,,,2025_12_21_NHL_merged.csv,6.0,1.8695652173913042,1.9523809523809523,2,1.0,0.0,0.0
2025020571,2025-12-22,5.97,4.146147396921973,5,docs\win\hockey\nhl\research\sdv_challenger\season_2025\standalone_comparison.csv,5.5,-120,100,,,2025_12_22_NHL_merged.csv,5.5,1.8333333333333335,2.0,0,0.0,1.0,0.0
2025020572,2025-12-22,5.93,4.131483320610071,7,docs\win\hockey\nhl\research\sdv_challenger\season_2025\standalone_comparison.csv,5.5,-110,-110,,,2025_12_22_NHL_merged.csv,5.5,1.9090909090909092,1.9090909090909092,2,1.0,0.0,0.0
2025020573,2025-12-22,6.25,4.305309498898502,4,docs\win\hockey\nhl\research\sdv_challenger\season_2025\standalone_comparison.csv,6.5,-105,-115,,,2025_12_22_NHL_merged.csv,6.5,1.9523809523809523,1.8695652173913042,0,0.0,1.0,0.0
2025020574,2025-12-22,5.91,4.208567151506603,4,docs\win\hockey\nhl\research\sdv_challenger\season_2025\standalone_comparison.csv,5.5,-120,100,,,2025_12_22_NHL_merged.csv,5.5,1.8333333333333335,2.0,0,0.0,1.0,0.0
2025020575,2025-12-23,6.29,4.409077346082219,9,docs\win\hockey\nhl\research\sdv_challenger\season_2025\standalone_comparison.csv,6.0,-125,105,,,2025_12_23_NHL_merged.csv,6.0,1.8,2.05,2,1.0,0.0,0.0
2025020576,2025-12-23,5.76,4.205584502530019,10,docs\win\hockey\nhl\research\sdv_challenger\season_2025\standalone_comparison.csv,5.5,-110,-110,,,2025_12_23_NHL_merged.csv,5.5,1.9090909090909092,1.9090909090909092,2,1.0,0.0,0.0
2025020577,2025-12-23,6.07,3.9475686466656414,8,docs\win\hockey\nhl\research\sdv_challenger\season_2025\standalone_comparison.csv,6.0,-105,-115,,,2025_12_23_NHL_merged.csv,6.0,1.9523809523809523,1.8695652173913042,2,1.0,0.0,0.0
2025020578,2025-12-23,6.12,4.107218634304388,5,docs\win\hockey\nhl\research\sdv_challenger\season_2025\standalone_comparison.csv,6.0,-118,-102,,,2025_12_23_NHL_merged.csv,6.0,1.847457627118644,1.9803921568627452,0,0.0,1.0,0.0
2025020579,2025-12-23,6.02,4.251207654381241,7,docs\win\hockey\nhl\research\sdv_challenger\season_2025\standalone_comparison.csv,6.0,-120,100,,,2025_12_23_NHL_merged.csv,6.0,1.8333333333333335,2.0,2,1.0,0.0,0.0
2025020580,2025-12-23,6.05,4.176264072014402,3,docs\win\hockey\nhl\research\sdv_challenger\season_2025\standalone_comparison.csv,6.0,-118,-102,,,2025_12_23_NHL_merged.csv,6.0,1.847457627118644,1.9803921568627452,0,0.0,1.0,0.0
2025020581,2025-12-23,5.92,4.34378998657772,7,docs\win\hockey\nhl\research\sdv_challenger\season_2025\standalone_comparison.csv,6.0,-115,-105,,,2025_12_23_NHL_merged.csv,6.0,1.8695652173913042,1.9523809523809523,2,1.0,0.0,0.0
2025020582,2025-12-23,5.92,4.285833626997564,5,docs\win\hockey\nhl\research\sdv_challenger\season_2025\standalone_comparison.csv,6.0,-120,100,,,2025_12_23_NHL_merged.csv,6.0,1.8333333333333335,2.0,0,0.0,1.0,0.0
2025020583,2025-12-23,5.74,4.201409045492286,4,docs\win\hockey\nhl\research\sdv_challenger\season_2025\standalone_comparison.csv,5.5,-120,100,,,2025_12_23_NHL_merged.csv,5.5,1.8333333333333335,2.0,0,0.0,1.0,0.0
2025020584,2025-12-23,6.17,4.580201848091749,1,docs\win\hockey\nhl\research\sdv_challenger\season_2025\standalone_comparison.csv,6.0,-130,105,,,2025_12_23_NHL_merged.csv,6.0,1.7692307692307692,2.05,0,0.0,1.0,0.0
2025020585,2025-12-23,6.0,4.298817927365832,6,docs\win\hockey\nhl\research\sdv_challenger\season_2025\standalone_comparison.csv,6.0,-125,105,,,2025_12_23_NHL_merged.csv,6.0,1.8,2.05,1,0.0,0.0,1.0
2025020587,2025-12-23,5.49,3.7648040832242433,5,docs\win\hockey\nhl\research\sdv_challenger\season_2025\standalone_comparison.csv,5.5,-105,-115,,,2025_12_23_NHL_merged.csv,5.5,1.9523809523809523,1.8695652173913042,0,0.0,1.0,0.0
2025020588,2025-12-27,5.93,4.050166926117718,2,docs\win\hockey\nhl\research\sdv_challenger\season_2025\standalone_comparison.csv,5.5,-115,-105,,,2025_12_27_NHL_merged.csv,5.5,1.8695652173913042,1.9523809523809523,0,0.0,1.0,0.0
2025020589,2025-12-27,6.21,4.025203222482917,5,docs\win\hockey\nhl\research\sdv_challenger\season_2025\standalone_comparison.csv,6.0,-115,-105,,,2025_12_27_NHL_merged.csv,6.0,1.8695652173913042,1.9523809523809523,0,0.0,1.0,0.0
2025020590,2025-12-27,5.97,4.09758869332788,12,docs\win\hockey\nhl\research\sdv_challenger\season_2025\standalone_comparison.csv,6.0,-110,-110,,,2025_12_27_NHL_merged.csv,6.0,1.9090909090909092,1.9090909090909092,2,1.0,0.0,0.0
2025020591,2025-12-27,5.82,4.016678535672366,6,docs\win\hockey\nhl\research\sdv_challenger\season_2025\standalone_comparison.csv,6.0,100,-120,,,2025_12_27_NHL_merged.csv,6.0,2.0,1.8333333333333335,1,0.0,0.0,1.0
2025020592,2025-12-27,5.75,4.463516939393944,7,docs\win\hockey\nhl\research\sdv_challenger\season_2025\standalone_comparison.csv,6.0,-110,-110,,,2025_12_27_NHL_merged.csv,6.0,1.9090909090909092,1.9090909090909092,2,1.0,0.0,0.0
2025020593,2025-12-27,6.12,4.604187844377132,7,docs\win\hockey\nhl\research\sdv_challenger\season_2025\standalone_comparison.csv,6.0,-115,-105,,,2025_12_27_NHL_merged.csv,6.0,1.8695652173913042,1.9523809523809523,2,1.0,0.0,0.0
2025020594,2025-12-27,5.85,4.205502738951441,7,docs\win\hockey\nhl\research\sdv_challenger\season_2025\standalone_comparison.csv,6.0,-110,-110,,,2025_12_27_NHL_merged.csv,6.0,1.9090909090909092,1.9090909090909092,2,1.0,0.0,0.0
2025020595,2025-12-27,5.8,4.170168961591919,5,docs\win\hockey\nhl\research\sdv_challenger\season_2025\standalone_comparison.csv,5.5,-118,-102,,,2025_12_27_NHL_merged.csv,5.5,1.847457627118644,1.9803921568627452,0,0.0,1.0,0.0
2025020596,2025-12-27,5.85,4.139784008666279,7,docs\win\hockey\nhl\research\sdv_challenger\season_2025\standalone_comparison.csv,5.5,-120,100,,,2025_12_27_NHL_merged.csv,5.5,1.8333333333333335,2.0,2,1.0,0.0,0.0
2025020597,2025-12-27,5.99,4.182490010614282,7,docs\win\hockey\nhl\research\sdv_challenger\season_2025\standalone_comparison.csv,6.0,-115,-105,,,2025_12_27_NHL_merged.csv,6.0,1.8695652173913042,1.9523809523809523,2,1.0,0.0,0.0
2025020598,2025-12-27,6.0,4.285458987313703,5,docs\win\hockey\nhl\research\sdv_challenger\season_2025\standalone_comparison.csv,6.5,-102,-118,,,2025_12_27_NHL_merged.csv,6.5,1.9803921568627452,1.847457627118644,0,0.0,1.0,0.0
2025020599,2025-12-27,6.21,4.2183053372528025,9,docs\win\hockey\nhl\research\sdv_challenger\season_2025\standalone_comparison.csv,6.0,-110,-110,,,2025_12_27_NHL_merged.csv,6.0,1.9090909090909092,1.9090909090909092,2,1.0,0.0,0.0
2025020600,2025-12-27,6.25,4.418973645698162,11,docs\win\hockey\nhl\research\sdv_challenger\season_2025\standalone_comparison.csv,6.0,-115,-105,,,2025_12_27_NHL_merged.csv,6.0,1.8695652173913042,1.9523809523809523,2,1.0,0.0,0.0
2025020601,2025-12-28,6.51,4.395182787759844,5,docs\win\hockey\nhl\research\sdv_challenger\season_2025\standalone_comparison.csv,6.0,-125,105,,,2025_12_28_NHL_merged.csv,6.0,1.8,2.05,0,0.0,1.0,0.0
2025020602,2025-12-28,6.17,3.986488348470076,9,docs\win\hockey\nhl\research\sdv_challenger\season_2025\standalone_comparison.csv,6.0,-110,-110,,,2025_12_28_NHL_merged.csv,6.0,1.9090909090909092,1.9090909090909092,2,1.0,0.0,0.0
2025020603,2025-12-28,6.51,4.535267494955416,6,docs\win\hockey\nhl\research\sdv_challenger\season_2025\standalone_comparison.csv,6.0,-110,-110,,,2025_12_28_NHL_merged.csv,6.0,1.9090909090909092,1.9090909090909092,1,0.0,0.0,1.0
2025020604,2025-12-28,6.31,4.449034920459005,10,docs\win\hockey\nhl\research\sdv_challenger\season_2025\standalone_comparison.csv,6.0,-110,-110,,,2025_12_28_NHL_merged.csv,6.0,1.9090909090909092,1.9090909090909092,2,1.0,0.0,0.0
2025020605,2025-12-28,5.68,3.9494789880308767,5,docs\win\hockey\nhl\research\sdv_challenger\season_2025\standalone_comparison.csv,5.5,-115,-105,,,2025_12_28_NHL_merged.csv,5.5,1.8695652173913042,1.9523809523809523,0,0.0,1.0,0.0
2025020606,2025-12-29,6.2,4.350313601104439,5,docs\win\hockey\nhl\research\sdv_challenger\season_2025\standalone_comparison.csv,6.0,-125,105,,,2025_12_29_NHL_merged.csv,6.0,1.8,2.05,0,0.0,1.0,0.0
2025020607,2025-12-29,5.69,4.311975106352519,8,docs\win\hockey\nhl\research\sdv_challenger\season_2025\standalone_comparison.csv,5.5,-118,-102,,,2025_12_29_NHL_merged.csv,5.5,1.847457627118644,1.9803921568627452,2,1.0,0.0,0.0
2025020608,2025-12-29,5.82,4.231520450022519,5,docs\win\hockey\nhl\research\sdv_challenger\season_2025\standalone_comparison.csv,6.0,100,-120,,,2025_12_29_NHL_merged.csv,6.0,2.0,1.8333333333333335,0,0.0,1.0,0.0
2025020609,2025-12-29,6.14,4.357989540916721,4,docs\win\hockey\nhl\research\sdv_challenger\season_2025\standalone_comparison.csv,6.0,-120,100,,,2025_12_29_NHL_merged.csv,6.0,1.8333333333333335,2.0,0,0.0,1.0,0.0
2025020610,2025-12-29,6.01,4.216099687039051,6,docs\win\hockey\nhl\research\sdv_challenger\season_2025\standalone_comparison.csv,6.0,-115,-105,,,2025_12_29_NHL_merged.csv,6.0,1.8695652173913042,1.9523809523809523,1,0.0,0.0,1.0
2025020611,2025-12-29,5.83,4.137729404176486,7,docs\win\hockey\nhl\research\sdv_challenger\season_2025\standalone_comparison.csv,6.0,-118,-102,,,2025_12_29_NHL_merged.csv,6.0,1.847457627118644,1.9803921568627452,2,1.0,0.0,0.0
2025020612,2025-12-29,5.91,4.314594957571871,7,docs\win\hockey\nhl\research\sdv_challenger\season_2025\standalone_comparison.csv,5.5,-120,100,,,2025_12_29_NHL_merged.csv,5.5,1.8333333333333335,2.0,2,1.0,0.0,0.0
2025020613,2025-12-29,5.64,3.851499260465228,3,docs\win\hockey\nhl\research\sdv_challenger\season_2025\standalone_comparison.csv,6.0,-105,-115,,,2025_12_29_NHL_merged.csv,6.0,1.9523809523809523,1.8695652173913042,0,0.0,1.0,0.0
2025020614,2025-12-29,5.9,4.2638099883549705,7,docs\win\hockey\nhl\research\sdv_challenger\season_2025\standalone_comparison.csv,6.0,-110,-110,,,2025_12_29_NHL_merged.csv,6.0,1.9090909090909092,1.9090909090909092,2,1.0,0.0,0.0
2025020615,2025-12-29,6.61,4.362166396982852,9,docs\win\hockey\nhl\research\sdv_challenger\season_2025\standalone_comparison.csv,6.5,-115,-105,,,2025_12_29_NHL_merged.csv,6.5,1.8695652173913042,1.9523809523809523,2,1.0,0.0,0.0
2025020616,2025-12-29,6.01,4.162771434606444,5,docs\win\hockey\nhl\research\sdv_challenger\season_2025\standalone_comparison.csv,5.5,-115,-105,,,2025_12_29_NHL_merged.csv,5.5,1.8695652173913042,1.9523809523809523,0,0.0,1.0,0.0
2025020617,2025-12-30,6.11,4.281567318941511,4,docs\win\hockey\nhl\research\sdv_challenger\season_2025\standalone_comparison.csv,6.0,-105,-115,,,2025_12_30_NHL_merged.csv,6.0,1.9523809523809523,1.8695652173913042,0,0.0,1.0,0.0
2025020618,2025-12-30,5.89,3.998686074020712,5,docs\win\hockey\nhl\research\sdv_challenger\season_2025\standalone_comparison.csv,6.0,-110,-110,,,2025_12_30_NHL_merged.csv,6.0,1.9090909090909092,1.9090909090909092,0,0.0,1.0,0.0
2025020619,2025-12-30,6.35,4.681235067067199,6,docs\win\hockey\nhl\research\sdv_challenger\season_2025\standalone_comparison.csv,6.0,-105,-115,,,2025_12_30_NHL_merged.csv,6.0,1.9523809523809523,1.8695652173913042,1,0.0,0.0,1.0
2025020620,2025-12-30,6.03,4.373669626330018,5,docs\win\hockey\nhl\research\sdv_challenger\season_2025\standalone_comparison.csv,5.5,-125,105,,,2025_12_30_NHL_merged.csv,5.5,1.8,2.05,0,0.0,1.0,0.0
2025020621,2025-12-30,5.77,4.169342750993458,9,docs\win\hockey\nhl\research\sdv_challenger\season_2025\standalone_comparison.csv,5.5,-102,-118,,,2025_12_30_NHL_merged.csv,5.5,1.9803921568627452,1.847457627118644,2,1.0,0.0,0.0
2025020622,2025-12-31,5.65,4.202056951572569,9,docs\win\hockey\nhl\research\sdv_challenger\season_2025\standalone_comparison.csv,5.5,-120,100,,,2025_12_31_NHL_merged.csv,5.5,1.8333333333333335,2.0,2,1.0,0.0,0.0
2025020623,2025-12-31,6.07,4.19434758115646,6,docs\win\hockey\nhl\research\sdv_challenger\season_2025\standalone_comparison.csv,6.0,-105,-115,,,2025_12_31_NHL_merged.csv,6.0,1.9523809523809523,1.8695652173913042,1,0.0,0.0,1.0
2025020624,2025-12-31,6.31,4.426617069838622,7,docs\win\hockey\nhl\research\sdv_challenger\season_2025\standalone_comparison.csv,6.5,-110,-110,,,2025_12_31_NHL_merged.csv,6.5,1.9090909090909092,1.9090909090909092,2,1.0,0.0,0.0
2025020625,2025-12-31,6.05,4.179094855926593,7,docs\win\hockey\nhl\research\sdv_challenger\season_2025\standalone_comparison.csv,6.0,-125,105,,,2025_12_31_NHL_merged.csv,6.0,1.8,2.05,2,1.0,0.0,0.0
2025020626,2025-12-31,6.0,4.302084670182011,3,docs\win\hockey\nhl\research\sdv_challenger\season_2025\standalone_comparison.csv,6.0,-118,-102,,,2025_12_31_NHL_merged.csv,6.0,1.847457627118644,1.9803921568627452,0,0.0,1.0,0.0
2025020627,2025-12-31,6.2,4.497719252242127,5,docs\win\hockey\nhl\research\sdv_challenger\season_2025\standalone_comparison.csv,6.0,-115,-105,,,2025_12_31_NHL_merged.csv,6.0,1.8695652173913042,1.9523809523809523,0,0.0,1.0,0.0
2025020628,2025-12-31,6.08,4.093963437566946,5,docs\win\hockey\nhl\research\sdv_challenger\season_2025\standalone_comparison.csv,6.0,-118,-102,,,2025_12_31_NHL_merged.csv,6.0,1.847457627118644,1.9803921568627452,0,0.0,1.0,0.0
2025020629,2025-12-31,5.99,4.443498111208333,7,docs\win\hockey\nhl\research\sdv_challenger\season_2025\standalone_comparison.csv,6.0,-115,-105,,,2025_12_31_NHL_merged.csv,6.0,1.8695652173913042,1.9523809523809523,2,1.0,0.0,0.0
2025020630,2025-12-31,5.51,3.9201031887519298,6,docs\win\hockey\nhl\research\sdv_challenger\season_2025\standalone_comparison.csv,5.5,-110,-110,,,2025_12_31_NHL_merged.csv,5.5,1.9090909090909092,1.9090909090909092,2,1.0,0.0,0.0
2025020631,2025-12-31,6.21,4.2298766583335015,8,docs\win\hockey\nhl\research\sdv_challenger\season_2025\standalone_comparison.csv,6.0,-118,-102,,,2025_12_31_NHL_merged.csv,6.0,1.847457627118644,1.9803921568627452,2,1.0,0.0,0.0
2025020632,2026-01-01,5.75,4.308183770683691,7,docs\win\hockey\nhl\research\sdv_challenger\season_2025\standalone_comparison.csv,5.5,-118,-102,,,2026_01_01_NHL_merged.csv,5.5,1.847457627118644,1.9803921568627452,2,1.0,0.0,0.0
2025020633,2026-01-01,5.86,4.362121039174558,9,docs\win\hockey\nhl\research\sdv_challenger\season_2025\standalone_comparison.csv,6.0,-110,-110,,,2026_01_01_NHL_merged.csv,6.0,1.9090909090909092,1.9090909090909092,2,1.0,0.0,0.0
2025020634,2026-01-01,6.11,4.127601101350117,11,docs\win\hockey\nhl\research\sdv_challenger\season_2025\standalone_comparison.csv,6.0,-110,-110,,,2026_01_01_NHL_merged.csv,6.0,1.9090909090909092,1.9090909090909092,2,1.0,0.0,0.0
2025020635,2026-01-01,6.47,4.528588125908571,7,docs\win\hockey\nhl\research\sdv_challenger\season_2025\standalone_comparison.csv,6.0,-110,-110,,,2026_01_01_NHL_merged.csv,6.0,1.9090909090909092,1.9090909090909092,2,1.0,0.0,0.0
2025020636,2026-01-01,6.07,4.417358607014203,12,docs\win\hockey\nhl\research\sdv_challenger\season_2025\standalone_comparison.csv,6.0,-105,-115,,,2026_01_01_NHL_merged.csv,6.0,1.9523809523809523,1.8695652173913042,2,1.0,0.0,0.0
2025020637,2026-01-01,5.86,4.197354686284603,7,docs\win\hockey\nhl\research\sdv_challenger\season_2025\standalone_comparison.csv,5.5,-118,-102,,,2026_01_01_NHL_merged.csv,5.5,1.847457627118644,1.9803921568627452,2,1.0,0.0,0.0
2025020638,2026-01-01,5.8,4.005983544282243,5,docs\win\hockey\nhl\research\sdv_challenger\season_2025\standalone_comparison.csv,5.5,-118,-102,,,2026_01_01_NHL_merged.csv,5.5,1.847457627118644,1.9803921568627452,0,0.0,1.0,0.0
2025020639,2026-01-01,5.56,3.8076390189245455,8,docs\win\hockey\nhl\research\sdv_challenger\season_2025\standalone_comparison.csv,5.5,-125,105,,,2026_01_01_NHL_merged.csv,5.5,1.8,2.05,2,1.0,0.0,0.0
2025020640,2026-01-02,5.83,4.199771879570041,7,docs\win\hockey\nhl\research\sdv_challenger\season_2025\standalone_comparison.csv,5.5,-118,-102,,,2026_01_02_NHL_merged.csv,5.5,1.847457627118644,1.9803921568627452,2,1.0,0.0,0.0
2025020641,2026-01-02,5.66,3.832048793085146,6,docs\win\hockey\nhl\research\sdv_challenger\season_2025\standalone_comparison.csv,5.5,-115,-105,,,2026_01_02_NHL_merged.csv,5.5,1.8695652173913042,1.9523809523809523,2,1.0,0.0,0.0
2025020642,2026-01-02,5.89,4.188816841104094,7,docs\win\hockey\nhl\research\sdv_challenger\season_2025\standalone_comparison.csv,6.0,-105,-115,,,2026_01_02_NHL_merged.csv,6.0,1.9523809523809523,1.8695652173913042,2,1.0,0.0,0.0
2025020643,2026-01-02,6.34,4.54745271442969,7,docs\win\hockey\nhl\research\sdv_challenger\season_2025\standalone_comparison.csv,6.5,-105,-115,,,2026_01_02_NHL_merged.csv,6.5,1.9523809523809523,1.8695652173913042,2,1.0,0.0,0.0
2025020644,2026-01-03,6.42,4.473828135031546,5,docs\win\hockey\nhl\research\sdv_challenger\season_2025\standalone_comparison.csv,6.0,-120,100,,,2026_01_03_NHL_merged.csv,6.0,1.8333333333333335,2.0,0,0.0,1.0,0.0
2025020645,2026-01-03,5.78,4.367253171052388,5,docs\win\hockey\nhl\research\sdv_challenger\season_2025\standalone_comparison.csv,6.0,-105,-115,,,2026_01_03_NHL_merged.csv,6.0,1.9523809523809523,1.8695652173913042,0,0.0,1.0,0.0
2025020646,2026-01-03,6.62,4.505312482006791,6,docs\win\hockey\nhl\research\sdv_challenger\season_2025\standalone_comparison.csv,6.5,-110,-110,,,2026_01_03_NHL_merged.csv,6.5,1.9090909090909092,1.9090909090909092,0,0.0,1.0,0.0
2025020647,2026-01-03,5.99,4.33558242501228,7,docs\win\hockey\nhl\research\sdv_challenger\season_2025\standalone_comparison.csv,6.0,-118,-102,,,2026_01_03_NHL_merged.csv,6.0,1.847457627118644,1.9803921568627452,2,1.0,0.0,0.0
2025020648,2026-01-03,5.74,4.174036115803542,2,docs\win\hockey\nhl\research\sdv_challenger\season_2025\standalone_comparison.csv,6.0,-110,-110,,,2026_01_03_NHL_merged.csv,6.0,1.9090909090909092,1.9090909090909092,0,0.0,1.0,0.0
2025020649,2026-01-03,6.1,4.058978733393148,10,docs\win\hockey\nhl\research\sdv_challenger\season_2025\standalone_comparison.csv,6.0,-118,-102,,,2026_01_03_NHL_merged.csv,6.0,1.847457627118644,1.9803921568627452,2,1.0,0.0,0.0
2025020650,2026-01-03,5.83,3.974576938307736,6,docs\win\hockey\nhl\research\sdv_challenger\season_2025\standalone_comparison.csv,5.5,-118,-102,,,2026_01_03_NHL_merged.csv,5.5,1.847457627118644,1.9803921568627452,2,1.0,0.0,0.0
2025020651,2026-01-03,6.19,4.264480019984182,7,docs\win\hockey\nhl\research\sdv_challenger\season_2025\standalone_comparison.csv,6.0,-105,-115,,,2026_01_03_NHL_merged.csv,6.0,1.9523809523809523,1.8695652173913042,2,1.0,0.0,0.0
2025020652,2026-01-03,5.84,4.512524037770463,5,docs\win\hockey\nhl\research\sdv_challenger\season_2025\standalone_comparison.csv,6.0,-102,-118,,,2026_01_03_NHL_merged.csv,6.0,1.9803921568627452,1.847457627118644,0,0.0,1.0,0.0
2025020653,2026-01-03,6.26,4.723324530675315,8,docs\win\hockey\nhl\research\sdv_challenger\season_2025\standalone_comparison.csv,6.0,-115,-105,,,2026_01_03_NHL_merged.csv,6.0,1.8695652173913042,1.9523809523809523,2,1.0,0.0,0.0
2025020654,2026-01-03,5.78,4.02772157484972,7,docs\win\hockey\nhl\research\sdv_challenger\season_2025\standalone_comparison.csv,5.5,-118,-102,,,2026_01_03_NHL_merged.csv,5.5,1.847457627118644,1.9803921568627452,2,1.0,0.0,0.0
2025020655,2026-01-03,5.54,3.952649378516606,9,docs\win\hockey\nhl\research\sdv_challenger\season_2025\standalone_comparison.csv,6.0,-105,-115,,,2026_01_03_NHL_merged.csv,6.0,1.9523809523809523,1.8695652173913042,2,1.0,0.0,0.0
2025020656,2026-01-03,6.01,4.1206498204744,5,docs\win\hockey\nhl\research\sdv_challenger\season_2025\standalone_comparison.csv,6.0,-105,-115,,,2026_01_03_NHL_merged.csv,6.0,1.9523809523809523,1.8695652173913042,0,0.0,1.0,0.0
2025020657,2026-01-04,5.96,4.0763972624643765,7,docs\win\hockey\nhl\research\sdv_challenger\season_2025\standalone_comparison.csv,6.0,-105,-115,,,2026_01_04_NHL_merged.csv,6.0,1.9523809523809523,1.8695652173913042,2,1.0,0.0,0.0
2025020658,2026-01-04,6.64,4.6409683574916505,9,docs\win\hockey\nhl\research\sdv_challenger\season_2025\standalone_comparison.csv,6.0,-135,110,,,2026_01_04_NHL_merged.csv,6.0,1.7407407407407407,2.1,2,1.0,0.0,0.0
2025020659,2026-01-04,6.07,4.280603429187541,3,docs\win\hockey\nhl\research\sdv_challenger\season_2025\standalone_comparison.csv,6.0,-120,100,,,2026_01_04_NHL_merged.csv,6.0,1.8333333333333335,2.0,0,0.0,1.0,0.0
2025020660,2026-01-04,5.89,4.559378941110947,4,docs\win\hockey\nhl\research\sdv_challenger\season_2025\standalone_comparison.csv,6.0,-120,100,,,2026_01_04_NHL_merged.csv,6.0,1.8333333333333335,2.0,0,0.0,1.0,0.0
2025020661,2026-01-04,5.87,4.255292217359017,5,docs\win\hockey\nhl\research\sdv_challenger\season_2025\standalone_comparison.csv,6.0,-110,-110,,,2026_01_04_NHL_merged.csv,6.0,1.9090909090909092,1.9090909090909092,0,0.0,1.0,0.0
2025020662,2026-01-05,5.7,4.070483246161599,5,docs\win\hockey\nhl\research\sdv_challenger\season_2025\standalone_comparison.csv,5.5,-115,-105,,,2026_01_05_NHL_merged.csv,5.5,1.8695652173913042,1.9523809523809523,0,0.0,1.0,0.0
2025020663,2026-01-05,6.36,4.727400154814704,11,docs\win\hockey\nhl\research\sdv_challenger\season_2025\standalone_comparison.csv,6.5,100,-120,,,2026_01_05_NHL_merged.csv,6.5,2.0,1.8333333333333335,2,1.0,0.0,0.0
2025020664,2026-01-05,6.02,4.1149967241439285,8,docs\win\hockey\nhl\research\sdv_challenger\season_2025\standalone_comparison.csv,6.0,-118,-102,,,2026_01_05_NHL_merged.csv,6.0,1.847457627118644,1.9803921568627452,2,1.0,0.0,0.0
2025020665,2026-01-05,5.6,3.9159190197619815,6,docs\win\hockey\nhl\research\sdv_challenger\season_2025\standalone_comparison.csv,5.5,-118,-102,,,2026_01_05_NHL_merged.csv,5.5,1.847457627118644,1.9803921568627452,2,1.0,0.0,0.0
2025020666,2026-01-05,5.5,3.969617151301047,6,docs\win\hockey\nhl\research\sdv_challenger\season_2025\standalone_comparison.csv,5.5,-115,-105,,,2026_01_05_NHL_merged.csv,5.5,1.8695652173913042,1.9523809523809523,2,1.0,0.0,0.0
2025020667,2026-01-06,6.3,4.35851358618263,8,docs\win\hockey\nhl\research\sdv_challenger\season_2025\standalone_comparison.csv,6.0,-115,-105,,,2026_01_06_NHL_merged.csv,6.0,1.8695652173913042,1.9523809523809523,2,1.0,0.0,0.0
2025020668,2026-01-06,6.11,4.377541438579909,6,docs\win\hockey\nhl\research\sdv_challenger\season_2025\standalone_comparison.csv,6.0,-120,100,,,2026_01_06_NHL_merged.csv,6.0,1.8333333333333335,2.0,1,0.0,0.0,1.0
2025020669,2026-01-06,5.87,4.258140276277062,9,docs\win\hockey\nhl\research\sdv_challenger\season_2025\standalone_comparison.csv,5.5,-118,-102,,,2026_01_06_NHL_merged.csv,5.5,1.847457627118644,1.9803921568627452,2,1.0,0.0,0.0
2025020670,2026-01-06,6.2,4.355433461503598,7,docs\win\hockey\nhl\research\sdv_challenger\season_2025\standalone_comparison.csv,6.0,-115,-105,,,2026_01_06_NHL_merged.csv,6.0,1.8695652173913042,1.9523809523809523,2,1.0,0.0,0.0
2025020671,2026-01-06,5.93,4.393976387371088,9,docs\win\hockey\nhl\research\sdv_challenger\season_2025\standalone_comparison.csv,6.0,-110,-110,,,2026_01_06_NHL_merged.csv,6.0,1.9090909090909092,1.9090909090909092,2,1.0,0.0,0.0
2025020672,2026-01-06,5.81,4.076509553157127,5,docs\win\hockey\nhl\research\sdv_challenger\season_2025\standalone_comparison.csv,6.0,-105,-115,,,2026_01_06_NHL_merged.csv,6.0,1.9523809523809523,1.8695652173913042,0,0.0,1.0,0.0
2025020673,2026-01-06,5.83,4.057740972602003,7,docs\win\hockey\nhl\research\sdv_challenger\season_2025\standalone_comparison.csv,6.0,-110,-110,,,2026_01_06_NHL_merged.csv,6.0,1.9090909090909092,1.9090909090909092,2,1.0,0.0,0.0
2025020674,2026-01-06,6.27,4.401643223173889,8,docs\win\hockey\nhl\research\sdv_challenger\season_2025\standalone_comparison.csv,6.0,-135,110,,,2026_01_06_NHL_merged.csv,6.0,1.7407407407407407,2.1,2,1.0,0.0,0.0
2025020675,2026-01-06,6.54,4.45833601780399,7,docs\win\hockey\nhl\research\sdv_challenger\season_2025\standalone_comparison.csv,6.5,-115,-105,,,2026_01_06_NHL_merged.csv,6.5,1.8695652173913042,1.9523809523809523,2,1.0,0.0,0.0
2025020676,2026-01-06,5.67,3.861951729302072,11,docs\win\hockey\nhl\research\sdv_challenger\season_2025\standalone_comparison.csv,6.0,-105,-115,,,2026_01_06_NHL_merged.csv,6.0,1.9523809523809523,1.8695652173913042,2,1.0,0.0,0.0
2025020677,2026-01-07,5.84,4.367488173095456,5,docs\win\hockey\nhl\research\sdv_challenger\season_2025\standalone_comparison.csv,6.0,-105,-115,,,2026_01_07_NHL_merged.csv,6.0,1.9523809523809523,1.8695652173913042,0,0.0,1.0,0.0
2025020678,2026-01-07,5.83,4.072657236380465,5,docs\win\hockey\nhl\research\sdv_challenger\season_2025\standalone_comparison.csv,6.0,-110,-110,,,2026_01_07_NHL_merged.csv,6.0,1.9090909090909092,1.9090909090909092,0,0.0,1.0,0.0
2025020679,2026-01-07,5.64,4.294532839155308,10,docs\win\hockey\nhl\research\sdv_challenger\season_2025\standalone_comparison.csv,5.5,-102,-118,,,2026_01_07_NHL_merged.csv,5.5,1.9803921568627452,1.847457627118644,2,1.0,0.0,0.0
2025020680,2026-01-07,5.83,4.111999463035827,4,docs\win\hockey\nhl\research\sdv_challenger\season_2025\standalone_comparison.csv,6.0,-110,-110,,,2026_01_07_NHL_merged.csv,6.0,1.9090909090909092,1.9090909090909092,0,0.0,1.0,0.0
2025020681,2026-01-07,5.86,3.890522191521139,7,docs\win\hockey\nhl\research\sdv_challenger\season_2025\standalone_comparison.csv,6.0,-105,-115,,,2026_01_07_NHL_merged.csv,6.0,1.9523809523809523,1.8695652173913042,2,1.0,0.0,0.0
2025020682,2026-01-08,5.7,3.899903334091239,5,docs\win\hockey\nhl\research\sdv_challenger\season_2025\standalone_comparison.csv,5.5,-118,-102,,,2026_01_08_NHL_merged.csv,5.5,1.847457627118644,1.9803921568627452,0,0.0,1.0,0.0
2025020683,2026-01-08,5.93,4.007234482216244,8,docs\win\hockey\nhl\research\sdv_challenger\season_2025\standalone_comparison.csv,6.0,-110,-110,,,2026_01_08_NHL_merged.csv,6.0,1.9090909090909092,1.9090909090909092,2,1.0,0.0,0.0
2025020684,2026-01-08,6.14,4.363957804924008,6,docs\win\hockey\nhl\research\sdv_challenger\season_2025\standalone_comparison.csv,6.0,-110,-110,,,2026_01_08_NHL_merged.csv,6.0,1.9090909090909092,1.9090909090909092,1,0.0,0.0,1.0
2025020685,2026-01-08,6.03,4.01905665637712,7,docs\win\hockey\nhl\research\sdv_challenger\season_2025\standalone_comparison.csv,6.0,-118,-102,,,2026_01_08_NHL_merged.csv,6.0,1.847457627118644,1.9803921568627452,2,1.0,0.0,0.0
2025020686,2026-01-08,5.85,4.053325660463493,3,docs\win\hockey\nhl\research\sdv_challenger\season_2025\standalone_comparison.csv,6.0,-120,100,,,2026_01_08_NHL_merged.csv,6.0,1.8333333333333335,2.0,0,0.0,1.0,0.0
2025020687,2026-01-08,6.23,4.398320004108329,5,docs\win\hockey\nhl\research\sdv_challenger\season_2025\standalone_comparison.csv,6.0,-110,-110,,,2026_01_08_NHL_merged.csv,6.0,1.9090909090909092,1.9090909090909092,0,0.0,1.0,0.0
2025020688,2026-01-08,6.46,4.736836083970566,7,docs\win\hockey\nhl\research\sdv_challenger\season_2025\standalone_comparison.csv,6.5,-115,-105,,,2026_01_08_NHL_merged.csv,6.5,1.8695652173913042,1.9523809523809523,2,1.0,0.0,0.0
2025020689,2026-01-08,5.99,4.23574495502697,3,docs\win\hockey\nhl\research\sdv_challenger\season_2025\standalone_comparison.csv,5.5,-118,-102,,,2026_01_08_NHL_merged.csv,5.5,1.847457627118644,1.9803921568627452,0,0.0,1.0,0.0
2025020690,2026-01-08,6.2,4.37538208919889,7,docs\win\hockey\nhl\research\sdv_challenger\season_2025\standalone_comparison.csv,6.0,-110,-110,,,2026_01_08_NHL_merged.csv,6.0,1.9090909090909092,1.9090909090909092,2,1.0,0.0,0.0
2025020691,2026-01-08,6.11,4.220045885265671,10,docs\win\hockey\nhl\research\sdv_challenger\season_2025\standalone_comparison.csv,6.0,-105,-115,,,2026_01_08_NHL_merged.csv,6.0,1.9523809523809523,1.8695652173913042,2,1.0,0.0,0.0
2025020692,2026-01-08,6.23,4.47701909051216,8,docs\win\hockey\nhl\research\sdv_challenger\season_2025\standalone_comparison.csv,6.0,-135,110,,,2026_01_08_NHL_merged.csv,6.0,1.7407407407407407,2.1,2,1.0,0.0,0.0
2025020693,2026-01-08,5.74,4.184242989225285,5,docs\win\hockey\nhl\research\sdv_challenger\season_2025\standalone_comparison.csv,6.0,-105,-115,,,2026_01_08_NHL_merged.csv,6.0,1.9523809523809523,1.8695652173913042,0,0.0,1.0,0.0
2025020694,2026-01-09,5.85,4.512491775753934,6,docs\win\hockey\nhl\research\sdv_challenger\season_2025\standalone_comparison.csv,6.0,-105,-115,,,2026_01_09_NHL_merged.csv,6.0,1.9523809523809523,1.8695652173913042,1,0.0,0.0,1.0
2025020695,2026-01-09,5.69,3.834861474776867,6,docs\win\hockey\nhl\research\sdv_challenger\season_2025\standalone_comparison.csv,6.0,-105,-115,,,2026_01_09_NHL_merged.csv,6.0,1.9523809523809523,1.8695652173913042,1,0.0,0.0,1.0
2025020696,2026-01-09,5.58,4.2803342746530655,6,docs\win\hockey\nhl\research\sdv_challenger\season_2025\standalone_comparison.csv,5.5,-110,-110,,,2026_01_09_NHL_merged.csv,5.5,1.9090909090909092,1.9090909090909092,2,1.0,0.0,0.0
2025020697,2026-01-10,5.64,3.791349215917576,12,docs\win\hockey\nhl\research\sdv_challenger\season_2025\standalone_comparison.csv,5.5,-125,105,,,2026_01_10_NHL_merged.csv,5.5,1.8,2.05,2,1.0,0.0,0.0
2025020698,2026-01-10,6.09,4.283011284076816,3,docs\win\hockey\nhl\research\sdv_challenger\season_2025\standalone_comparison.csv,6.0,-115,-105,,,2026_01_10_NHL_merged.csv,6.0,1.8695652173913042,1.9523809523809523,0,0.0,1.0,0.0
2025020699,2026-01-10,6.51,4.755852111039631,4,docs\win\hockey\nhl\research\sdv_challenger\season_2025\standalone_comparison.csv,6.5,-135,110,,,2026_01_10_NHL_merged.csv,6.5,1.7407407407407407,2.1,0,0.0,1.0,0.0
2025020700,2026-01-10,6.12,4.089600357137453,9,docs\win\hockey\nhl\research\sdv_challenger\season_2025\standalone_comparison.csv,6.5,-110,-110,,,2026_01_10_NHL_merged.csv,6.5,1.9090909090909092,1.9090909090909092,2,1.0,0.0,0.0
2025020701,2026-01-10,6.73,4.486796305149193,8,docs\win\hockey\nhl\research\sdv_challenger\season_2025\standalone_comparison.csv,6.5,-125,105,,,2026_01_10_NHL_merged.csv,6.5,1.8,2.05,2,1.0,0.0,0.0
2025020702,2026-01-10,6.14,4.319619311053497,5,docs\win\hockey\nhl\research\sdv_challenger\season_2025\standalone_comparison.csv,6.0,-105,-115,,,2026_01_10_NHL_merged.csv,6.0,1.9523809523809523,1.8695652173913042,0,0.0,1.0,0.0
2025020703,2026-01-10,6.16,4.254371506243438,4,docs\win\hockey\nhl\research\sdv_challenger\season_2025\standalone_comparison.csv,6.0,-115,-105,,,2026_01_10_NHL_merged.csv,6.0,1.8695652173913042,1.9523809523809523,0,0.0,1.0,0.0
2025020704,2026-01-10,5.82,3.818405887279033,5,docs\win\hockey\nhl\research\sdv_challenger\season_2025\standalone_comparison.csv,6.0,-110,-110,,,2026_01_10_NHL_merged.csv,6.0,1.9090909090909092,1.9090909090909092,0,0.0,1.0,0.0
2025020705,2026-01-10,5.69,3.988702564848593,9,docs\win\hockey\nhl\research\sdv_challenger\season_2025\standalone_comparison.csv,6.0,-115,-105,,,2026_01_10_NHL_merged.csv,6.0,1.8695652173913042,1.9523809523809523,2,1.0,0.0,0.0
2025020706,2026-01-10,5.8,4.391529631940113,5,docs\win\hockey\nhl\research\sdv_challenger\season_2025\standalone_comparison.csv,6.0,-118,-102,,,2026_01_10_NHL_merged.csv,6.0,1.847457627118644,1.9803921568627452,0,0.0,1.0,0.0
2025020707,2026-01-10,5.89,4.241351156100922,3,docs\win\hockey\nhl\research\sdv_challenger\season_2025\standalone_comparison.csv,6.0,-110,-110,,,2026_01_10_NHL_merged.csv,6.0,1.9090909090909092,1.9090909090909092,0,0.0,1.0,0.0
2025020708,2026-01-10,5.85,4.303539770670905,7,docs\win\hockey\nhl\research\sdv_challenger\season_2025\standalone_comparison.csv,5.5,-118,-102,,,2026_01_10_NHL_merged.csv,5.5,1.847457627118644,1.9803921568627452,2,1.0,0.0,0.0
2025020709,2026-01-10,5.96,4.244876312724089,7,docs\win\hockey\nhl\research\sdv_challenger\season_2025\standalone_comparison.csv,6.0,-110,-110,,,2026_01_10_NHL_merged.csv,6.0,1.9090909090909092,1.9090909090909092,2,1.0,0.0,0.0
2025020710,2026-01-10,5.66,4.129011662513656,6,docs\win\hockey\nhl\research\sdv_challenger\season_2025\standalone_comparison.csv,5.5,-118,-102,,,2026_01_10_NHL_merged.csv,5.5,1.847457627118644,1.9803921568627452,2,1.0,0.0,0.0
2025020711,2026-01-11,5.74,4.1762793500551,7,docs\win\hockey\nhl\research\sdv_challenger\season_2025\standalone_comparison.csv,5.5,-125,105,,,2026_01_11_NHL_merged.csv,5.5,1.8,2.05,2,1.0,0.0,0.0
2025020712,2026-01-11,6.32,4.1662103025054185,1,docs\win\hockey\nhl\research\sdv_challenger\season_2025\standalone_comparison.csv,6.0,-118,-102,,,2026_01_11_NHL_merged.csv,6.0,1.847457627118644,1.9803921568627452,0,0.0,1.0,0.0
2025020713,2026-01-11,5.86,4.370903366548097,5,docs\win\hockey\nhl\research\sdv_challenger\season_2025\standalone_comparison.csv,6.0,-110,-110,,,2026_01_11_NHL_merged.csv,6.0,1.9090909090909092,1.9090909090909092,0,0.0,1.0,0.0
2025020714,2026-01-11,6.21,4.647514074670757,5,docs\win\hockey\nhl\research\sdv_challenger\season_2025\standalone_comparison.csv,6.0,-110,-110,,,2026_01_11_NHL_merged.csv,6.0,1.9090909090909092,1.9090909090909092,0,0.0,1.0,0.0
2025020715,2026-01-11,6.12,4.100717857310214,9,docs\win\hockey\nhl\research\sdv_challenger\season_2025\standalone_comparison.csv,6.5,-120,100,,,2026_01_11_NHL_merged.csv,6.5,1.8333333333333335,2.0,2,1.0,0.0,0.0
2025020716,2026-01-12,6.14,4.048635786015517,7,docs\win\hockey\nhl\research\sdv_challenger\season_2025\standalone_comparison.csv,6.0,-110,-110,,,2026_01_12_NHL_merged.csv,6.0,1.9090909090909092,1.9090909090909092,2,1.0,0.0,0.0
2025020717,2026-01-12,6.17,4.550552589081612,7,docs\win\hockey\nhl\research\sdv_challenger\season_2025\standalone_comparison.csv,6.0,-110,-110,,,2026_01_12_NHL_merged.csv,6.0,1.9090909090909092,1.9090909090909092,2,1.0,0.0,0.0
2025020718,2026-01-12,5.6,3.9435503218638375,6,docs\win\hockey\nhl\research\sdv_challenger\season_2025\standalone_comparison.csv,5.5,-110,-110,,,2026_01_12_NHL_merged.csv,5.5,1.9090909090909092,1.9090909090909092,2,1.0,0.0,0.0
2025020719,2026-01-12,5.73,4.006165308717003,6,docs\win\hockey\nhl\research\sdv_challenger\season_2025\standalone_comparison.csv,6.0,-110,-110,,,2026_01_12_NHL_merged.csv,6.0,1.9090909090909092,1.9090909090909092,1,0.0,0.0,1.0
2025020720,2026-01-12,5.98,4.281096540550091,9,docs\win\hockey\nhl\research\sdv_challenger\season_2025\standalone_comparison.csv,6.0,-110,-110,,,2026_01_12_NHL_merged.csv,6.0,1.9090909090909092,1.9090909090909092,2,1.0,0.0,0.0
2025020721,2026-01-12,5.89,4.368810190742441,7,docs\win\hockey\nhl\research\sdv_challenger\season_2025\standalone_comparison.csv,6.0,-105,-115,,,2026_01_12_NHL_merged.csv,6.0,1.9523809523809523,1.8695652173913042,2,1.0,0.0,0.0
2025020722,2026-01-12,6.23,4.5244984639875705,5,docs\win\hockey\nhl\research\sdv_challenger\season_2025\standalone_comparison.csv,6.0,-115,-105,,,2026_01_12_NHL_merged.csv,6.0,1.8695652173913042,1.9523809523809523,0,0.0,1.0,0.0
2025020723,2026-01-12,6.27,4.418860683641952,7,docs\win\hockey\nhl\research\sdv_challenger\season_2025\standalone_comparison.csv,6.5,-105,-115,,,2026_01_12_NHL_merged.csv,6.5,1.9523809523809523,1.8695652173913042,2,1.0,0.0,0.0
2025020724,2026-01-12,5.63,3.877446353218813,4,docs\win\hockey\nhl\research\sdv_challenger\season_2025\standalone_comparison.csv,5.5,-120,100,,,2026_01_12_NHL_merged.csv,5.5,1.8333333333333335,2.0,0,0.0,1.0,0.0
2025020725,2026-01-13,5.93,4.095353668321996,3,docs\win\hockey\nhl\research\sdv_challenger\season_2025\standalone_comparison.csv,6.0,-110,-110,,,2026_01_13_NHL_merged.csv,6.0,1.9090909090909092,1.9090909090909092,0,0.0,1.0,0.0
2025020726,2026-01-13,6.37,4.267966051752752,3,docs\win\hockey\nhl\research\sdv_challenger\season_2025\standalone_comparison.csv,6.0,-118,-102,,,2026_01_13_NHL_merged.csv,6.0,1.847457627118644,1.9803921568627452,0,0.0,1.0,0.0
2025020727,2026-01-13,5.92,4.408295202589626,5,docs\win\hockey\nhl\research\sdv_challenger\season_2025\standalone_comparison.csv,6.0,-115,-105,,,2026_01_13_NHL_merged.csv,6.0,1.8695652173913042,1.9523809523809523,0,0.0,1.0,0.0
2025020728,2026-01-13,6.04,4.469216168699253,8,docs\win\hockey\nhl\research\sdv_challenger\season_2025\standalone_comparison.csv,6.0,-120,100,,,2026_01_13_NHL_merged.csv,6.0,1.8333333333333335,2.0,2,1.0,0.0,0.0
2025020729,2026-01-13,6.1,4.049619690845786,3,docs\win\hockey\nhl\research\sdv_challenger\season_2025\standalone_comparison.csv,6.0,-105,-115,,,2026_01_13_NHL_merged.csv,6.0,1.9523809523809523,1.8695652173913042,0,0.0,1.0,0.0
2025020730,2026-01-13,5.75,4.470665071405174,3,docs\win\hockey\nhl\research\sdv_challenger\season_2025\standalone_comparison.csv,6.0,-105,-115,,,2026_01_13_NHL_merged.csv,6.0,1.9523809523809523,1.8695652173913042,0,0.0,1.0,0.0
2025020731,2026-01-13,6.37,4.443238329419615,7,docs\win\hockey\nhl\research\sdv_challenger\season_2025\standalone_comparison.csv,6.0,-130,105,,,2026_01_13_NHL_merged.csv,6.0,1.7692307692307692,2.05,2,1.0,0.0,0.0
2025020732,2026-01-13,5.57,4.204194852631825,9,docs\win\hockey\nhl\research\sdv_challenger\season_2025\standalone_comparison.csv,5.5,-115,-105,,,2026_01_13_NHL_merged.csv,5.5,1.8695652173913042,1.9523809523809523,2,1.0,0.0,0.0
2025020733,2026-01-13,5.78,4.264067827156085,7,docs\win\hockey\nhl\research\sdv_challenger\season_2025\standalone_comparison.csv,6.0,-110,-110,,,2026_01_13_NHL_merged.csv,6.0,1.9090909090909092,1.9090909090909092,2,1.0,0.0,0.0
2025020734,2026-01-13,6.41,4.348843941577181,4,docs\win\hockey\nhl\research\sdv_challenger\season_2025\standalone_comparison.csv,6.0,-130,105,,,2026_01_13_NHL_merged.csv,6.0,1.7692307692307692,2.05,0,0.0,1.0,0.0
2025020735,2026-01-14,5.73,4.210267508735739,5,docs\win\hockey\nhl\research\sdv_challenger\season_2025\standalone_comparison.csv,6.0,-105,-115,,,2026_01_14_NHL_merged.csv,6.0,1.9523809523809523,1.8695652173913042,0,0.0,1.0,0.0
2025020736,2026-01-14,6.1,4.071039144374822,7,docs\win\hockey\nhl\research\sdv_challenger\season_2025\standalone_comparison.csv,6.0,-110,-110,,,2026_01_14_NHL_merged.csv,6.0,1.9090909090909092,1.9090909090909092,2,1.0,0.0,0.0
2025020737,2026-01-14,5.68,3.788045484900014,12,docs\win\hockey\nhl\research\sdv_challenger\season_2025\standalone_comparison.csv,6.0,-105,-115,,,2026_01_14_NHL_merged.csv,6.0,1.9523809523809523,1.8695652173913042,2,1.0,0.0,0.0
2025020738,2026-01-14,5.67,3.838625887324849,5,docs\win\hockey\nhl\research\sdv_challenger\season_2025\standalone_comparison.csv,6.0,-105,-115,,,2026_01_14_NHL_merged.csv,6.0,1.9523809523809523,1.8695652173913042,0,0.0,1.0,0.0
2025020739,2026-01-15,5.81,3.979293925660489,6,docs\win\hockey\nhl\research\sdv_challenger\season_2025\standalone_comparison.csv,6.0,-110,-110,,,2026_01_15_NHL_merged.csv,6.0,1.9090909090909092,1.9090909090909092,1,0.0,0.0,1.0
2025020740,2026-01-15,6.31,4.253572846358044,8,docs\win\hockey\nhl\research\sdv_challenger\season_2025\standalone_comparison.csv,6.0,-110,-110,,,2026_01_15_NHL_merged.csv,6.0,1.9090909090909092,1.9090909090909092,2,1.0,0.0,0.0
2025020741,2026-01-15,6.17,4.155565555663361,9,docs\win\hockey\nhl\research\sdv_challenger\season_2025\standalone_comparison.csv,6.0,-110,-110,,,2026_01_15_NHL_merged.csv,6.0,1.9090909090909092,1.9090909090909092,2,1.0,0.0,0.0
2025020742,2026-01-15,6.21,4.301163975184249,5,docs\win\hockey\nhl\research\sdv_challenger\season_2025\standalone_comparison.csv,6.5,-110,-110,,,2026_01_15_NHL_merged.csv,6.5,1.9090909090909092,1.9090909090909092,0,0.0,1.0,0.0
2025020743,2026-01-15,6.21,4.710709593308279,5,docs\win\hockey\nhl\research\sdv_challenger\season_2025\standalone_comparison.csv,6.0,-120,100,,,2026_01_15_NHL_merged.csv,6.0,1.8333333333333335,2.0,0,0.0,1.0,0.0
2025020744,2026-01-15,5.69,4.260058058175351,8,docs\win\hockey\nhl\research\sdv_challenger\season_2025\standalone_comparison.csv,6.0,100,-120,,,2026_01_15_NHL_merged.csv,6.0,2.0,1.8333333333333335,2,1.0,0.0,0.0
2025020745,2026-01-15,5.71,4.196580970087703,4,docs\win\hockey\nhl\research\sdv_challenger\season_2025\standalone_comparison.csv,6.0,-110,-110,,,2026_01_15_NHL_merged.csv,6.0,1.9090909090909092,1.9090909090909092,0,0.0,1.0,0.0
2025020746,2026-01-15,5.71,4.204686570828737,3,docs\win\hockey\nhl\research\sdv_challenger\season_2025\standalone_comparison.csv,6.0,-120,100,,,2026_01_15_NHL_merged.csv,6.0,1.8333333333333335,2.0,0,0.0,1.0,0.0
2025020747,2026-01-15,6.1,4.533535111289428,1,docs\win\hockey\nhl\research\sdv_challenger\season_2025\standalone_comparison.csv,6.0,-115,-105,,,2026_01_15_NHL_merged.csv,6.0,1.8695652173913042,1.9523809523809523,0,0.0,1.0,0.0
2025020748,2026-01-15,5.93,4.121931068066532,11,docs\win\hockey\nhl\research\sdv_challenger\season_2025\standalone_comparison.csv,6.0,-115,-105,,,2026_01_15_NHL_merged.csv,6.0,1.8695652173913042,1.9523809523809523,2,1.0,0.0,0.0
2025020749,2026-01-16,6.33,4.216753661527443,6,docs\win\hockey\nhl\research\sdv_challenger\season_2025\standalone_comparison.csv,6.0,-118,-102,,,2026_01_16_NHL_merged.csv,6.0,1.847457627118644,1.9803921568627452,1,0.0,0.0,1.0
2025020750,2026-01-16,5.87,4.328166253587726,10,docs\win\hockey\nhl\research\sdv_challenger\season_2025\standalone_comparison.csv,6.0,-115,-105,,,2026_01_16_NHL_merged.csv,6.0,1.8695652173913042,1.9523809523809523,2,1.0,0.0,0.0
2025020751,2026-01-16,5.65,4.096703152787431,5,docs\win\hockey\nhl\research\sdv_challenger\season_2025\standalone_comparison.csv,5.5,-118,-102,,,2026_01_16_NHL_merged.csv,5.5,1.847457627118644,1.9803921568627452,0,0.0,1.0,0.0
2025020752,2026-01-16,6.3,4.320702284284991,10,docs\win\hockey\nhl\research\sdv_challenger\season_2025\standalone_comparison.csv,6.5,-110,-110,,,2026_01_16_NHL_merged.csv,6.5,1.9090909090909092,1.9090909090909092,2,1.0,0.0,0.0
2025020753,2026-01-16,6.21,4.179225398978487,5,docs\win\hockey\nhl\research\sdv_challenger\season_2025\standalone_comparison.csv,6.0,-115,-105,,,2026_01_16_NHL_merged.csv,6.0,1.8695652173913042,1.9523809523809523,0,0.0,1.0,0.0
2025020754,2026-01-17,6.28,4.272136358604116,9,docs\win\hockey\nhl\research\sdv_challenger\season_2025\standalone_comparison.csv,6.0,-115,-105,,,2026_01_17_NHL_merged.csv,6.0,1.8695652173913042,1.9523809523809523,2,1.0,0.0,0.0
2025020755,2026-01-17,5.64,3.8789195947145423,9,docs\win\hockey\nhl\research\sdv_challenger\season_2025\standalone_comparison.csv,6.0,-115,-105,,,2026_01_17_NHL_merged.csv,6.0,1.8695652173913042,1.9523809523809523,2,1.0,0.0,0.0
2025020756,2026-01-17,5.58,4.1705929574193,6,docs\win\hockey\nhl\research\sdv_challenger\season_2025\standalone_comparison.csv,5.5,-115,-105,,,2026_01_17_NHL_merged.csv,5.5,1.8695652173913042,1.9523809523809523,2,1.0,0.0,0.0
2025020757,2026-01-17,5.59,4.200928099843615,9,docs\win\hockey\nhl\research\sdv_challenger\season_2025\standalone_comparison.csv,5.5,-118,-102,,,2026_01_17_NHL_merged.csv,5.5,1.847457627118644,1.9803921568627452,2,1.0,0.0,0.0
2025020758,2026-01-17,5.97,3.981096471559814,11,docs\win\hockey\nhl\research\sdv_challenger\season_2025\standalone_comparison.csv,6.0,-135,110,,,2026_01_17_NHL_merged.csv,6.0,1.7407407407407407,2.1,2,1.0,0.0,0.0
2025020759,2026-01-17,6.14,4.539345993911733,5,docs\win\hockey\nhl\research\sdv_challenger\season_2025\standalone_comparison.csv,6.0,-115,-105,,,2026_01_17_NHL_merged.csv,6.0,1.8695652173913042,1.9523809523809523,0,0.0,1.0,0.0
2025020760,2026-01-17,6.65,4.710457183657118,7,docs\win\hockey\nhl\research\sdv_challenger\season_2025\standalone_comparison.csv,6.5,-115,-105,,,2026_01_17_NHL_merged.csv,6.5,1.8695652173913042,1.9523809523809523,2,1.0,0.0,0.0
2025020761,2026-01-17,5.87,4.164384254512873,7,docs\win\hockey\nhl\research\sdv_challenger\season_2025\standalone_comparison.csv,5.5,-118,-102,,,2026_01_17_NHL_merged.csv,5.5,1.847457627118644,1.9803921568627452,2,1.0,0.0,0.0
2025020762,2026-01-17,5.82,4.176909907216659,7,docs\win\hockey\nhl\research\sdv_challenger\season_2025\standalone_comparison.csv,5.5,-118,-102,,,2026_01_17_NHL_merged.csv,5.5,1.847457627118644,1.9803921568627452,2,1.0,0.0,0.0
2025020763,2026-01-17,5.86,4.106767821018552,7,docs\win\hockey\nhl\research\sdv_challenger\season_2025\standalone_comparison.csv,6.0,-120,100,,,2026_01_17_NHL_merged.csv,6.0,1.8333333333333335,2.0,2,1.0,0.0,0.0
2025020764,2026-01-17,6.43,4.682186656247911,6,docs\win\hockey\nhl\research\sdv_challenger\season_2025\standalone_comparison.csv,6.5,-110,-110,,,2026_01_17_NHL_merged.csv,6.5,1.9090909090909092,1.9090909090909092,0,0.0,1.0,0.0
2025020765,2026-01-17,5.97,4.035368766150851,9,docs\win\hockey\nhl\research\sdv_challenger\season_2025\standalone_comparison.csv,6.0,-110,-110,,,2026_01_17_NHL_merged.csv,6.0,1.9090909090909092,1.9090909090909092,2,1.0,0.0,0.0
2025020766,2026-01-17,6.23,4.1993520365046,3,docs\win\hockey\nhl\research\sdv_challenger\season_2025\standalone_comparison.csv,6.0,-120,100,,,2026_01_17_NHL_merged.csv,6.0,1.8333333333333335,2.0,0,0.0,1.0,0.0
2025020767,2026-01-18,5.88,3.973631601643664,5,docs\win\hockey\nhl\research\sdv_challenger\season_2025\standalone_comparison.csv,6.0,-115,-105,,,2026_01_18_NHL_merged.csv,6.0,1.8695652173913042,1.9523809523809523,0,0.0,1.0,0.0
2025020768,2026-01-18,6.13,4.019659516059221,7,docs\win\hockey\nhl\research\sdv_challenger\season_2025\standalone_comparison.csv,6.5,-115,-105,,,2026_01_18_NHL_merged.csv,6.5,1.8695652173913042,1.9523809523809523,2,1.0,0.0,0.0
2025020769,2026-01-18,6.5,4.522778435554325,5,docs\win\hockey\nhl\research\sdv_challenger\season_2025\standalone_comparison.csv,6.0,-118,-102,,,2026_01_18_NHL_merged.csv,6.0,1.847457627118644,1.9803921568627452,0,0.0,1.0,0.0
2025020770,2026-01-19,6.33,4.495127980529665,3,docs\win\hockey\nhl\research\sdv_challenger\season_2025\standalone_comparison.csv,6.0,-118,-102,,,2026_01_19_NHL_merged.csv,6.0,1.847457627118644,1.9803921568627452,0,0.0,1.0,0.0
2025020771,2026-01-19,6.26,4.516241744278819,7,docs\win\hockey\nhl\research\sdv_challenger\season_2025\standalone_comparison.csv,6.0,-125,105,,,2026_01_19_NHL_merged.csv,6.0,1.8,2.05,2,1.0,0.0,0.0
2025020772,2026-01-19,6.1,4.255032873577977,9,docs\win\hockey\nhl\research\sdv_challenger\season_2025\standalone_comparison.csv,6.0,-115,-105,,,2026_01_19_NHL_merged.csv,6.0,1.8695652173913042,1.9523809523809523,2,1.0,0.0,0.0
2025020773,2026-01-19,6.19,4.0243115734140495,5,docs\win\hockey\nhl\research\sdv_challenger\season_2025\standalone_comparison.csv,6.0,-115,-105,,,2026_01_19_NHL_merged.csv,6.0,1.8695652173913042,1.9523809523809523,0,0.0,1.0,0.0
2025020774,2026-01-19,5.92,4.293575687940299,9,docs\win\hockey\nhl\research\sdv_challenger\season_2025\standalone_comparison.csv,5.5,-125,105,,,2026_01_19_NHL_merged.csv,5.5,1.8,2.05,2,1.0,0.0,0.0
2025020775,2026-01-19,5.78,3.9823538984912994,3,docs\win\hockey\nhl\research\sdv_challenger\season_2025\standalone_comparison.csv,6.0,-102,-118,,,2026_01_19_NHL_merged.csv,6.0,1.9803921568627452,1.847457627118644,0,0.0,1.0,0.0
2025020776,2026-01-19,5.74,4.195151188566959,2,docs\win\hockey\nhl\research\sdv_challenger\season_2025\standalone_comparison.csv,6.0,-120,100,,,2026_01_19_NHL_merged.csv,6.0,1.8333333333333335,2.0,0,0.0,1.0,0.0
2025020777,2026-01-19,5.69,4.170466701412258,3,docs\win\hockey\nhl\research\sdv_challenger\season_2025\standalone_comparison.csv,6.0,-115,-105,,,2026_01_19_NHL_merged.csv,6.0,1.8695652173913042,1.9523809523809523,0,0.0,1.0,0.0
2025020778,2026-01-19,5.94,4.456539642725042,7,docs\win\hockey\nhl\research\sdv_challenger\season_2025\standalone_comparison.csv,6.0,-105,-115,,,2026_01_19_NHL_merged.csv,6.0,1.9523809523809523,1.8695652173913042,2,1.0,0.0,0.0
2025020779,2026-01-19,6.26,4.258259389436565,8,docs\win\hockey\nhl\research\sdv_challenger\season_2025\standalone_comparison.csv,6.5,-110,-110,,,2026_01_19_NHL_merged.csv,6.5,1.9090909090909092,1.9090909090909092,2,1.0,0.0,0.0
2025020780,2026-01-20,6.0,4.294170104365276,7,docs\win\hockey\nhl\research\sdv_challenger\season_2025\standalone_comparison.csv,6.0,-105,-115,,,2026_01_20_NHL_merged.csv,6.0,1.9523809523809523,1.8695652173913042,2,1.0,0.0,0.0
2025020781,2026-01-20,6.25,4.096025229635212,5,docs\win\hockey\nhl\research\sdv_challenger\season_2025\standalone_comparison.csv,6.0,-130,105,,,2026_01_20_NHL_merged.csv,6.0,1.7692307692307692,2.05,0,0.0,1.0,0.0
2025020782,2026-01-20,6.52,4.294032920925604,5,docs\win\hockey\nhl\research\sdv_challenger\season_2025\standalone_comparison.csv,6.5,-110,-110,,,2026_01_20_NHL_merged.csv,6.5,1.9090909090909092,1.9090909090909092,0,0.0,1.0,0.0
2025020783,2026-01-20,5.93,3.8967523424027593,8,docs\win\hockey\nhl\research\sdv_challenger\season_2025\standalone_comparison.csv,6.0,-105,-115,,,2026_01_20_NHL_merged.csv,6.0,1.9523809523809523,1.8695652173913042,2,1.0,0.0,0.0
2025020784,2026-01-20,6.24,4.144393257889683,8,docs\win\hockey\nhl\research\sdv_challenger\season_2025\standalone_comparison.csv,6.0,-120,100,,,2026_01_20_NHL_merged.csv,6.0,1.8333333333333335,2.0,2,1.0,0.0,0.0
2025020785,2026-01-20,5.49,4.13014038831519,4,docs\win\hockey\nhl\research\sdv_challenger\season_2025\standalone_comparison.csv,6.0,-105,-115,,,2026_01_20_NHL_merged.csv,6.0,1.9523809523809523,1.8695652173913042,0,0.0,1.0,0.0
2025020786,2026-01-20,6.28,4.616247819356707,3,docs\win\hockey\nhl\research\sdv_challenger\season_2025\standalone_comparison.csv,6.0,-115,-105,,,2026_01_20_NHL_merged.csv,6.0,1.8695652173913042,1.9523809523809523,0,0.0,1.0,0.0
2025020787,2026-01-20,5.55,3.747077975186583,7,docs\win\hockey\nhl\research\sdv_challenger\season_2025\standalone_comparison.csv,5.5,-120,100,,,2026_01_20_NHL_merged.csv,5.5,1.8333333333333335,2.0,2,1.0,0.0,0.0
2025020788,2026-01-21,6.15,4.284597797822782,3,docs\win\hockey\nhl\research\sdv_challenger\season_2025\standalone_comparison.csv,6.0,-118,-102,,,2026_01_21_NHL_merged.csv,6.0,1.847457627118644,1.9803921568627452,0,0.0,1.0,0.0
2025020789,2026-01-21,6.76,4.622091844850475,3,docs\win\hockey\nhl\research\sdv_challenger\season_2025\standalone_comparison.csv,6.5,-125,105,,,2026_01_21_NHL_merged.csv,6.5,1.8,2.05,0,0.0,1.0,0.0
2025020790,2026-01-21,5.68,4.182450720365676,9,docs\win\hockey\nhl\research\sdv_challenger\season_2025\standalone_comparison.csv,6.0,-110,-110,,,2026_01_21_NHL_merged.csv,6.0,1.9090909090909092,1.9090909090909092,2,1.0,0.0,0.0
2025020791,2026-01-21,6.13,4.198553149893595,5,docs\win\hockey\nhl\research\sdv_challenger\season_2025\standalone_comparison.csv,6.0,-110,-110,,,2026_01_21_NHL_merged.csv,6.0,1.9090909090909092,1.9090909090909092,0,0.0,1.0,0.0
2025020792,2026-01-21,5.99,4.556224369922578,7,docs\win\hockey\nhl\research\sdv_challenger\season_2025\standalone_comparison.csv,6.0,-105,-115,,,2026_01_21_NHL_merged.csv,6.0,1.9523809523809523,1.8695652173913042,2,1.0,0.0,0.0
2025020793,2026-01-21,5.66,4.222803073100113,5,docs\win\hockey\nhl\research\sdv_challenger\season_2025\standalone_comparison.csv,5.5,-120,100,,,2026_01_21_NHL_merged.csv,5.5,1.8333333333333335,2.0,0,0.0,1.0,0.0
2025020794,2026-01-22,5.94,3.9332982456743872,7,docs\win\hockey\nhl\research\sdv_challenger\season_2025\standalone_comparison.csv,6.0,-110,-110,,,2026_01_22_NHL_merged.csv,6.0,1.9090909090909092,1.9090909090909092,2,1.0,0.0,0.0
2025020795,2026-01-22,6.36,4.219863406823507,6,docs\win\hockey\nhl\research\sdv_challenger\season_2025\standalone_comparison.csv,6.5,-110,-110,,,2026_01_22_NHL_merged.csv,6.5,1.9090909090909092,1.9090909090909092,0,0.0,1.0,0.0
2025020796,2026-01-22,5.98,4.53160978217691,7,docs\win\hockey\nhl\research\sdv_challenger\season_2025\standalone_comparison.csv,6.0,-115,-105,,,2026_01_22_NHL_merged.csv,6.0,1.8695652173913042,1.9523809523809523,2,1.0,0.0,0.0
2025020797,2026-01-22,6.3,4.406992779661205,1,docs\win\hockey\nhl\research\sdv_challenger\season_2025\standalone_comparison.csv,6.5,-105,-115,,,2026_01_22_NHL_merged.csv,6.5,1.9523809523809523,1.8695652173913042,0,0.0,1.0,0.0
2025020798,2026-01-22,6.16,3.852654973358396,8,docs\win\hockey\nhl\research\sdv_challenger\season_2025\standalone_comparison.csv,6.0,-120,100,,,2026_01_22_NHL_merged.csv,6.0,1.8333333333333335,2.0,2,1.0,0.0,0.0
2025020799,2026-01-22,5.69,3.989359277537317,3,docs\win\hockey\nhl\research\sdv_challenger\season_2025\standalone_comparison.csv,6.0,-105,-115,,,2026_01_22_NHL_merged.csv,6.0,1.9523809523809523,1.8695652173913042,0,0.0,1.0,0.0
2025020800,2026-01-22,6.75,4.708383429035438,8,docs\win\hockey\nhl\research\sdv_challenger\season_2025\standalone_comparison.csv,6.5,-105,-115,,,2026_01_22_NHL_merged.csv,6.5,1.9523809523809523,1.8695652173913042,2,1.0,0.0,0.0
2025020801,2026-01-22,6.0,4.355668526907779,7,docs\win\hockey\nhl\research\sdv_challenger\season_2025\standalone_comparison.csv,6.0,-110,-110,,,2026_01_22_NHL_merged.csv,6.0,1.9090909090909092,1.9090909090909092,2,1.0,0.0,0.0
2025020802,2026-01-23,5.95,4.136459656274396,9,docs\win\hockey\nhl\research\sdv_challenger\season_2025\standalone_comparison.csv,6.0,-115,-105,,,2026_01_23_NHL_merged.csv,6.0,1.8695652173913042,1.9523809523809523,2,1.0,0.0,0.0
2025020803,2026-01-23,5.92,4.150270441986332,3,docs\win\hockey\nhl\research\sdv_challenger\season_2025\standalone_comparison.csv,6.0,-110,-110,,,2026_01_23_NHL_merged.csv,6.0,1.9090909090909092,1.9090909090909092,0,0.0,1.0,0.0
2025020804,2026-01-23,5.7,4.014013593014861,5,docs\win\hockey\nhl\research\sdv_challenger\season_2025\standalone_comparison.csv,6.0,-105,-115,,,2026_01_23_NHL_merged.csv,6.0,1.9523809523809523,1.8695652173913042,0,0.0,1.0,0.0
2025020805,2026-01-23,6.11,4.258337302023893,10,docs\win\hockey\nhl\research\sdv_challenger\season_2025\standalone_comparison.csv,6.5,-102,-118,,,2026_01_23_NHL_merged.csv,6.5,1.9803921568627452,1.847457627118644,2,1.0,0.0,0.0
2025020806,2026-01-23,5.76,4.217851886066404,4,docs\win\hockey\nhl\research\sdv_challenger\season_2025\standalone_comparison.csv,6.0,-115,-105,,,2026_01_23_NHL_merged.csv,6.0,1.8695652173913042,1.9523809523809523,0,0.0,1.0,0.0
2025020807,2026-01-23,5.93,4.438954005984989,9,docs\win\hockey\nhl\research\sdv_challenger\season_2025\standalone_comparison.csv,6.0,-105,-115,,,2026_01_23_NHL_merged.csv,6.0,1.9523809523809523,1.8695652173913042,2,1.0,0.0,0.0
2025020808,2026-01-23,6.08,4.022010349871104,4,docs\win\hockey\nhl\research\sdv_challenger\season_2025\standalone_comparison.csv,6.5,-110,-110,,,2026_01_23_NHL_merged.csv,6.5,1.9090909090909092,1.9090909090909092,0,0.0,1.0,0.0
2025020809,2026-01-23,6.24,4.347286745140148,6,docs\win\hockey\nhl\research\sdv_challenger\season_2025\standalone_comparison.csv,6.0,-118,-102,,,2026_01_23_NHL_merged.csv,6.0,1.847457627118644,1.9803921568627452,1,0.0,0.0,1.0
2025020810,2026-01-24,6.07,4.312143052042495,5,docs\win\hockey\nhl\research\sdv_challenger\season_2025\standalone_comparison.csv,6.0,-118,-102,,,2026_01_24_NHL_merged.csv,6.0,1.847457627118644,1.9803921568627452,0,0.0,1.0,0.0
2025020811,2026-01-24,5.77,4.287712321740247,7,docs\win\hockey\nhl\research\sdv_challenger\season_2025\standalone_comparison.csv,6.0,-115,-105,,,2026_01_24_NHL_merged.csv,6.0,1.8695652173913042,1.9523809523809523,2,1.0,0.0,0.0
2025020812,2026-01-24,6.13,4.060185816741745,7,docs\win\hockey\nhl\research\sdv_challenger\season_2025\standalone_comparison.csv,6.5,-105,-115,,,2026_01_24_NHL_merged.csv,6.5,1.9523809523809523,1.8695652173913042,2,1.0,0.0,0.0
2025020813,2026-01-24,6.24,4.223462707615996,5,docs\win\hockey\nhl\research\sdv_challenger\season_2025\standalone_comparison.csv,6.0,-118,-102,,,2026_01_24_NHL_merged.csv,6.0,1.847457627118644,1.9803921568627452,0,0.0,1.0,0.0
2025020814,2026-01-24,6.26,4.434722232204591,13,docs\win\hockey\nhl\research\sdv_challenger\season_2025\standalone_comparison.csv,6.5,-105,-115,,,2026_01_24_NHL_merged.csv,6.5,1.9523809523809523,1.8695652173913042,2,1.0,0.0,0.0
2025020815,2026-01-24,5.91,4.184087951707538,6,docs\win\hockey\nhl\research\sdv_challenger\season_2025\standalone_comparison.csv,6.0,-110,-110,,,2026_01_24_NHL_merged.csv,6.0,1.9090909090909092,1.9090909090909092,1,0.0,0.0,1.0
2025020816,2026-01-24,5.4,3.891787561523941,9,docs\win\hockey\nhl\research\sdv_challenger\season_2025\standalone_comparison.csv,5.5,-105,-115,,,2026_01_24_NHL_merged.csv,5.5,1.9523809523809523,1.8695652173913042,2,1.0,0.0,0.0
2025020817,2026-01-24,5.86,4.130120555470174,7,docs\win\hockey\nhl\research\sdv_challenger\season_2025\standalone_comparison.csv,6.0,-105,-115,,,2026_01_24_NHL_merged.csv,6.0,1.9523809523809523,1.8695652173913042,2,1.0,0.0,0.0
2025020818,2026-01-24,6.26,4.711470201457255,11,docs\win\hockey\nhl\research\sdv_challenger\season_2025\standalone_comparison.csv,6.5,-105,-115,,,2026_01_24_NHL_merged.csv,6.5,1.9523809523809523,1.8695652173913042,2,1.0,0.0,0.0
2025020819,2026-01-25,6.35,4.430269130896355,5,docs\win\hockey\nhl\research\sdv_challenger\season_2025\standalone_comparison.csv,6.5,-120,100,,,2026_01_25_NHL_merged.csv,6.5,1.8333333333333335,2.0,0,0.0,1.0,0.0
2025020820,2026-01-25,5.65,4.164134528181921,6,docs\win\hockey\nhl\research\sdv_challenger\season_2025\standalone_comparison.csv,5.5,-125,105,,,2026_01_25_NHL_merged.csv,5.5,1.8,2.05,2,1.0,0.0,0.0
2025020821,2026-01-25,6.12,3.8542932788045015,8,docs\win\hockey\nhl\research\sdv_challenger\season_2025\standalone_comparison.csv,6.0,-135,110,,,2026_01_25_NHL_merged.csv,6.0,1.7407407407407407,2.1,2,1.0,0.0,0.0
2025020822,2026-01-25,6.29,4.52990495312325,5,docs\win\hockey\nhl\research\sdv_challenger\season_2025\standalone_comparison.csv,6.0,-118,-102,,,2026_01_25_NHL_merged.csv,6.0,1.847457627118644,1.9803921568627452,0,0.0,1.0,0.0
2025020823,2026-01-25,5.8,4.076750632416158,6,docs\win\hockey\nhl\research\sdv_challenger\season_2025\standalone_comparison.csv,6.0,-110,-110,,,2026_01_25_NHL_merged.csv,6.0,1.9090909090909092,1.9090909090909092,1,0.0,0.0,1.0
2025020824,2026-01-25,6.29,4.315146808343044,7,docs\win\hockey\nhl\research\sdv_challenger\season_2025\standalone_comparison.csv,6.5,-110,-110,,,2026_01_25_NHL_merged.csv,6.5,1.9090909090909092,1.9090909090909092,2,1.0,0.0,0.0
2025020825,2026-01-26,5.83,4.242743779811427,2,docs\win\hockey\nhl\research\sdv_challenger\season_2025\standalone_comparison.csv,6.0,-115,-105,,,2026_01_26_NHL_merged.csv,6.0,1.8695652173913042,1.9523809523809523,0,0.0,1.0,0.0
2025020826,2026-01-26,5.73,3.851645523698236,7,docs\win\hockey\nhl\research\sdv_challenger\season_2025\standalone_comparison.csv,6.0,-120,100,,,2026_01_26_NHL_merged.csv,6.0,1.8333333333333335,2.0,2,1.0,0.0,0.0
2025020827,2026-01-26,5.62,4.152963130472615,4,docs\win\hockey\nhl\research\sdv_challenger\season_2025\standalone_comparison.csv,5.5,-120,100,,,2026_01_26_NHL_merged.csv,5.5,1.8333333333333335,2.0,0,0.0,1.0,0.0
2025020829,2026-01-26,6.84,4.814251520638824,11,docs\win\hockey\nhl\research\sdv_challenger\season_2025\standalone_comparison.csv,6.5,-145,118,,,2026_01_26_NHL_merged.csv,6.5,1.6896551724137931,2.1799999999999997,2,1.0,0.0,0.0
2025020830,2026-01-27,5.98,4.0061261925193445,5,docs\win\hockey\nhl\research\sdv_challenger\season_2025\standalone_comparison.csv,6.0,-120,100,,,2026_01_27_NHL_merged.csv,6.0,1.8333333333333335,2.0,0,0.0,1.0,0.0
2025020831,2026-01-27,6.33,4.266512424946142,11,docs\win\hockey\nhl\research\sdv_challenger\season_2025\standalone_comparison.csv,6.5,-110,-110,,,2026_01_27_NHL_merged.csv,6.5,1.9090909090909092,1.9090909090909092,2,1.0,0.0,0.0
2025020832,2026-01-27,6.1,4.147449346882904,5,docs\win\hockey\nhl\research\sdv_challenger\season_2025\standalone_comparison.csv,6.5,-110,-110,,,2026_01_27_NHL_merged.csv,6.5,1.9090909090909092,1.9090909090909092,0,0.0,1.0,0.0
2025020833,2026-01-27,5.71,4.006909429424936,4,docs\win\hockey\nhl\research\sdv_challenger\season_2025\standalone_comparison.csv,5.5,-120,100,,,2026_01_27_NHL_merged.csv,5.5,1.8333333333333335,2.0,0,0.0,1.0,0.0
2025020834,2026-01-27,5.76,4.1683480349936985,7,docs\win\hockey\nhl\research\sdv_challenger\season_2025\standalone_comparison.csv,6.0,-105,-115,,,2026_01_27_NHL_merged.csv,6.0,1.9523809523809523,1.8695652173913042,2,1.0,0.0,0.0
2025020835,2026-01-27,5.64,4.160454176907258,7,docs\win\hockey\nhl\research\sdv_challenger\season_2025\standalone_comparison.csv,6.0,100,-120,,,2026_01_27_NHL_merged.csv,6.0,2.0,1.8333333333333335,2,1.0,0.0,0.0
2025020836,2026-01-27,5.59,3.980583381640364,7,docs\win\hockey\nhl\research\sdv_challenger\season_2025\standalone_comparison.csv,5.5,-120,100,,,2026_01_27_NHL_merged.csv,5.5,1.8333333333333335,2.0,2,1.0,0.0,0.0
2025020837,2026-01-27,5.79,4.325124886453681,7,docs\win\hockey\nhl\research\sdv_challenger\season_2025\standalone_comparison.csv,6.0,-118,-102,,,2026_01_27_NHL_merged.csv,6.0,1.847457627118644,1.9803921568627452,2,1.0,0.0,0.0
2025020838,2026-01-27,6.38,4.393233337156967,7,docs\win\hockey\nhl\research\sdv_challenger\season_2025\standalone_comparison.csv,6.0,-130,105,,,2026_01_27_NHL_merged.csv,6.0,1.7692307692307692,2.05,2,1.0,0.0,0.0
2025020839,2026-01-27,5.72,4.255646879849255,6,docs\win\hockey\nhl\research\sdv_challenger\season_2025\standalone_comparison.csv,6.0,100,-120,,,2026_01_27_NHL_merged.csv,6.0,2.0,1.8333333333333335,1,0.0,0.0,1.0
2025020840,2026-01-28,6.12,4.339658642511828,8,docs\win\hockey\nhl\research\sdv_challenger\season_2025\standalone_comparison.csv,6.0,-120,100,,,2026_01_28_NHL_merged.csv,6.0,1.8333333333333335,2.0,2,1.0,0.0,0.0
2025020841,2026-01-28,6.55,4.136729099125867,7,docs\win\hockey\nhl\research\sdv_challenger\season_2025\standalone_comparison.csv,6.5,-110,-110,,,2026_01_28_NHL_merged.csv,6.5,1.9090909090909092,1.9090909090909092,2,1.0,0.0,0.0
2025020842,2026-01-28,5.75,4.07472373738475,7,docs\win\hockey\nhl\research\sdv_challenger\season_2025\standalone_comparison.csv,6.0,-110,-110,,,2026_01_28_NHL_merged.csv,6.0,1.9090909090909092,1.9090909090909092,2,1.0,0.0,0.0
2025020843,2026-01-29,5.92,3.850678208661184,9,docs\win\hockey\nhl\research\sdv_challenger\season_2025\standalone_comparison.csv,6.0,-120,100,,,2026_01_29_NHL_merged.csv,6.0,1.8333333333333335,2.0,2,1.0,0.0,0.0
2025020844,2026-01-29,5.92,3.9941572208635256,5,docs\win\hockey\nhl\research\sdv_challenger\season_2025\standalone_comparison.csv,6.0,-120,100,,,2026_01_29_NHL_merged.csv,6.0,1.8333333333333335,2.0,0,0.0,1.0,0.0
2025020845,2026-01-29,6.46,4.410080098108081,10,docs\win\hockey\nhl\research\sdv_challenger\season_2025\standalone_comparison.csv,6.5,-120,100,,,2026_01_29_NHL_merged.csv,6.5,1.8333333333333335,2.0,2,1.0,0.0,0.0
2025020846,2026-01-29,5.98,4.450607079252368,7,docs\win\hockey\nhl\research\sdv_challenger\season_2025\standalone_comparison.csv,6.0,-105,-115,,,2026_01_29_NHL_merged.csv,6.0,1.9523809523809523,1.8695652173913042,2,1.0,0.0,0.0
2025020847,2026-01-29,5.74,4.032412114341096,5,docs\win\hockey\nhl\research\sdv_challenger\season_2025\standalone_comparison.csv,6.0,-105,-115,,,2026_01_29_NHL_merged.csv,6.0,1.9523809523809523,1.8695652173913042,0,0.0,1.0,0.0
2025020848,2026-01-29,5.83,4.206815316405032,5,docs\win\hockey\nhl\research\sdv_challenger\season_2025\standalone_comparison.csv,6.0,-105,-115,,,2026_01_29_NHL_merged.csv,6.0,1.9523809523809523,1.8695652173913042,0,0.0,1.0,0.0
2025020849,2026-01-29,5.86,4.057011399289405,3,docs\win\hockey\nhl\research\sdv_challenger\season_2025\standalone_comparison.csv,6.0,-110,-110,,,2026_01_29_NHL_merged.csv,6.0,1.9090909090909092,1.9090909090909092,0,0.0,1.0,0.0
2025020850,2026-01-29,6.16,4.441945295939531,8,docs\win\hockey\nhl\research\sdv_challenger\season_2025\standalone_comparison.csv,6.0,-110,-110,,,2026_01_29_NHL_merged.csv,6.0,1.9090909090909092,1.9090909090909092,2,1.0,0.0,0.0
2025020851,2026-01-29,5.92,4.624944316698604,9,docs\win\hockey\nhl\research\sdv_challenger\season_2025\standalone_comparison.csv,5.5,-125,105,,,2026_01_29_NHL_merged.csv,5.5,1.8,2.05,2,1.0,0.0,0.0
2025020852,2026-01-29,5.66,3.935898921390386,9,docs\win\hockey\nhl\research\sdv_challenger\season_2025\standalone_comparison.csv,5.5,-118,-102,,,2026_01_29_NHL_merged.csv,5.5,1.847457627118644,1.9803921568627452,2,1.0,0.0,0.0
2025020853,2026-01-29,5.7,4.171956796914508,5,docs\win\hockey\nhl\research\sdv_challenger\season_2025\standalone_comparison.csv,6.0,-105,-115,,,2026_01_29_NHL_merged.csv,6.0,1.9523809523809523,1.8695652173913042,0,0.0,1.0,0.0
2025020854,2026-01-29,6.59,4.568656772338261,7,docs\win\hockey\nhl\research\sdv_challenger\season_2025\standalone_comparison.csv,6.5,-115,-105,,,2026_01_29_NHL_merged.csv,6.5,1.8695652173913042,1.9523809523809523,2,1.0,0.0,0.0
2025020855,2026-01-29,6.61,4.623463561614527,2,docs\win\hockey\nhl\research\sdv_challenger\season_2025\standalone_comparison.csv,6.5,-130,105,,,2026_01_29_NHL_merged.csv,6.5,1.7692307692307692,2.05,0,0.0,1.0,0.0
2025020856,2026-01-29,5.84,4.006253667030975,9,docs\win\hockey\nhl\research\sdv_challenger\season_2025\standalone_comparison.csv,6.0,-118,-102,,,2026_01_29_NHL_merged.csv,6.0,1.847457627118644,1.9803921568627452,2,1.0,0.0,0.0
2025020857,2026-01-29,5.84,4.148475277900448,7,docs\win\hockey\nhl\research\sdv_challenger\season_2025\standalone_comparison.csv,6.0,-105,-115,,,2026_01_29_NHL_merged.csv,6.0,1.9523809523809523,1.8695652173913042,2,1.0,0.0,0.0
2025020858,2026-01-30,6.17,4.589017164041325,6,docs\win\hockey\nhl\research\sdv_challenger\season_2025\standalone_comparison.csv,6.0,-125,105,,,2026_01_30_NHL_merged.csv,6.0,1.8,2.05,1,0.0,0.0,1.0
2025020859,2026-01-31,5.54,3.81221012074659,5,docs\win\hockey\nhl\research\sdv_challenger\season_2025\standalone_comparison.csv,5.5,-105,-115,,,2026_01_31_NHL_merged.csv,5.5,1.9523809523809523,1.8695652173913042,0,0.0,1.0,0.0
2025020860,2026-01-31,6.45,4.455077016883928,5,docs\win\hockey\nhl\research\sdv_challenger\season_2025\standalone_comparison.csv,6.5,-110,-110,,,2026_01_31_NHL_merged.csv,6.5,1.9090909090909092,1.9090909090909092,0,0.0,1.0,0.0
2025020861,2026-01-31,6.25,4.206492439092531,11,docs\win\hockey\nhl\research\sdv_challenger\season_2025\standalone_comparison.csv,6.0,-135,110,,,2026_01_31_NHL_merged.csv,6.0,1.7407407407407407,2.1,2,1.0,0.0,0.0
2025020862,2026-01-31,5.74,3.8880664600328334,3,docs\win\hockey\nhl\research\sdv_challenger\season_2025\standalone_comparison.csv,6.0,-110,-110,,,2026_01_31_NHL_merged.csv,6.0,1.9090909090909092,1.9090909090909092,0,0.0,1.0,0.0
2025020863,2026-01-31,6.08,4.026783079141143,5,docs\win\hockey\nhl\research\sdv_challenger\season_2025\standalone_comparison.csv,6.0,-115,-105,,,2026_01_31_NHL_merged.csv,6.0,1.8695652173913042,1.9523809523809523,0,0.0,1.0,0.0
2025020864,2026-01-31,5.94,4.646791902489496,7,docs\win\hockey\nhl\research\sdv_challenger\season_2025\standalone_comparison.csv,6.0,-105,-115,,,2026_01_31_NHL_merged.csv,6.0,1.9523809523809523,1.8695652173913042,2,1.0,0.0,0.0
2025020865,2026-01-31,6.4,4.300147305619387,6,docs\win\hockey\nhl\research\sdv_challenger\season_2025\standalone_comparison.csv,6.5,-120,100,,,2026_01_31_NHL_merged.csv,6.5,1.8333333333333335,2.0,0,0.0,1.0,0.0
2025020866,2026-01-31,6.18,3.978374128637443,5,docs\win\hockey\nhl\research\sdv_challenger\season_2025\standalone_comparison.csv,6.0,-105,-115,,,2026_01_31_NHL_merged.csv,6.0,1.9523809523809523,1.8695652173913042,0,0.0,1.0,0.0
2025020867,2026-01-31,5.8,4.206587554306124,7,docs\win\hockey\nhl\research\sdv_challenger\season_2025\standalone_comparison.csv,5.5,-125,105,,,2026_01_31_NHL_merged.csv,5.5,1.8,2.05,2,1.0,0.0,0.0
2025020868,2026-01-31,6.0,4.409810947429669,8,docs\win\hockey\nhl\research\sdv_challenger\season_2025\standalone_comparison.csv,6.0,-120,100,,,2026_01_31_NHL_merged.csv,6.0,1.8333333333333335,2.0,2,1.0,0.0,0.0
2025020869,2026-01-31,6.15,4.436703936584587,5,docs\win\hockey\nhl\research\sdv_challenger\season_2025\standalone_comparison.csv,6.5,-110,-110,,,2026_01_31_NHL_merged.csv,6.5,1.9090909090909092,1.9090909090909092,0,0.0,1.0,0.0
2025020870,2026-01-31,5.75,4.200138506534408,5,docs\win\hockey\nhl\research\sdv_challenger\season_2025\standalone_comparison.csv,5.5,-125,105,,,2026_01_31_NHL_merged.csv,5.5,1.8,2.05,0,0.0,1.0,0.0
2025020871,2026-01-31,6.23,4.657448081100615,10,docs\win\hockey\nhl\research\sdv_challenger\season_2025\standalone_comparison.csv,6.5,-118,-102,,,2026_01_31_NHL_merged.csv,6.5,1.847457627118644,1.9803921568627452,2,1.0,0.0,0.0
2025020872,2026-01-31,5.76,4.044897592177338,5,docs\win\hockey\nhl\research\sdv_challenger\season_2025\standalone_comparison.csv,6.0,-115,-105,,,2026_01_31_NHL_merged.csv,6.0,1.8695652173913042,1.9523809523809523,0,0.0,1.0,0.0
2025020873,2026-02-01,6.06,3.966703826806213,11,docs\win\hockey\nhl\research\sdv_challenger\season_2025\standalone_comparison.csv,6.0,-110,-110,,,2026_02_01_NHL_merged.csv,6.0,1.9090909090909092,1.9090909090909092,2,1.0,0.0,0.0
2025020874,2026-02-01,5.67,4.271521158705342,5,docs\win\hockey\nhl\research\sdv_challenger\season_2025\standalone_comparison.csv,6.0,-102,-118,,,2026_02_01_NHL_merged.csv,6.0,1.9803921568627452,1.847457627118644,0,0.0,1.0,0.0
2025020875,2026-02-01,6.46,4.372847971732339,7,docs\win\hockey\nhl\research\sdv_challenger\season_2025\standalone_comparison.csv,6.5,-120,100,,,2026_02_01_NHL_merged.csv,6.5,1.8333333333333335,2.0,2,1.0,0.0,0.0
2025020876,2026-02-02,6.17,4.02909891216393,8,docs\win\hockey\nhl\research\sdv_challenger\season_2025\standalone_comparison.csv,6.0,-118,-102,,,2026_02_02_NHL_merged.csv,6.0,1.847457627118644,1.9803921568627452,2,1.0,0.0,0.0
2025020877,2026-02-02,6.46,4.133928356079212,5,docs\win\hockey\nhl\research\sdv_challenger\season_2025\standalone_comparison.csv,6.0,-125,105,,,2026_02_02_NHL_merged.csv,6.0,1.8,2.05,0,0.0,1.0,0.0
2025020878,2026-02-02,5.93,4.427529057690172,5,docs\win\hockey\nhl\research\sdv_challenger\season_2025\standalone_comparison.csv,6.0,-120,100,,,2026_02_02_NHL_merged.csv,6.0,1.8333333333333335,2.0,0,0.0,1.0,0.0
2025020879,2026-02-02,6.0,4.367002120405297,7,docs\win\hockey\nhl\research\sdv_challenger\season_2025\standalone_comparison.csv,6.5,-105,-115,,,2026_02_02_NHL_merged.csv,6.5,1.9523809523809523,1.8695652173913042,2,1.0,0.0,0.0
2025020880,2026-02-02,5.7,4.114299796697976,11,docs\win\hockey\nhl\research\sdv_challenger\season_2025\standalone_comparison.csv,6.0,-102,-118,,,2026_02_02_NHL_merged.csv,6.0,1.9803921568627452,1.847457627118644,2,1.0,0.0,0.0
2025020881,2026-02-02,6.17,4.233669085588764,9,docs\win\hockey\nhl\research\sdv_challenger\season_2025\standalone_comparison.csv,6.0,-118,-102,,,2026_02_02_NHL_merged.csv,6.0,1.847457627118644,1.9803921568627452,2,1.0,0.0,0.0
2025020882,2026-02-02,5.65,3.9092341199077314,7,docs\win\hockey\nhl\research\sdv_challenger\season_2025\standalone_comparison.csv,5.5,-120,100,,,2026_02_02_NHL_merged.csv,5.5,1.8333333333333335,2.0,2,1.0,0.0,0.0
2025020883,2026-02-02,6.45,4.453421295281413,2,docs\win\hockey\nhl\research\sdv_challenger\season_2025\standalone_comparison.csv,6.0,-125,105,,,2026_02_02_NHL_merged.csv,6.0,1.8,2.05,0,0.0,1.0,0.0
2025020884,2026-02-02,5.94,4.548385163597788,8,docs\win\hockey\nhl\research\sdv_challenger\season_2025\standalone_comparison.csv,6.5,-105,-115,,,2026_02_02_NHL_merged.csv,6.5,1.9523809523809523,1.8695652173913042,2,1.0,0.0,0.0
2025020885,2026-02-02,5.89,4.129050882797575,6,docs\win\hockey\nhl\research\sdv_challenger\season_2025\standalone_comparison.csv,6.0,-120,100,,,2026_02_02_NHL_merged.csv,6.0,1.8333333333333335,2.0,1,0.0,0.0,1.0
2025020886,2026-02-03,6.26,4.218552194620611,7,docs\win\hockey\nhl\research\sdv_challenger\season_2025\standalone_comparison.csv,6.0,-130,105,,,2026_02_03_NHL_merged.csv,6.0,1.7692307692307692,2.05,2,1.0,0.0,0.0
2025020887,2026-02-03,6.25,4.488921820182927,3,docs\win\hockey\nhl\research\sdv_challenger\season_2025\standalone_comparison.csv,6.0,-120,100,,,2026_02_03_NHL_merged.csv,6.0,1.8333333333333335,2.0,0,0.0,1.0,0.0
2025020888,2026-02-03,6.04,4.490270222870381,9,docs\win\hockey\nhl\research\sdv_challenger\season_2025\standalone_comparison.csv,6.0,-105,-115,,,2026_02_03_NHL_merged.csv,6.0,1.9523809523809523,1.8695652173913042,2,1.0,0.0,0.0
2025020889,2026-02-03,5.78,4.182207969211568,6,docs\win\hockey\nhl\research\sdv_challenger\season_2025\standalone_comparison.csv,6.0,-115,-105,,,2026_02_03_NHL_merged.csv,6.0,1.8695652173913042,1.9523809523809523,1,0.0,0.0,1.0
2025020890,2026-02-03,6.25,4.24958344701729,7,docs\win\hockey\nhl\research\sdv_challenger\season_2025\standalone_comparison.csv,6.5,-105,-115,,,2026_02_03_NHL_merged.csv,6.5,1.9523809523809523,1.8695652173913042,2,1.0,0.0,0.0
2025020891,2026-02-03,6.51,4.664107098551217,7,docs\win\hockey\nhl\research\sdv_challenger\season_2025\standalone_comparison.csv,6.5,-135,110,,,2026_02_03_NHL_merged.csv,6.5,1.7407407407407407,2.1,2,1.0,0.0,0.0
2025020892,2026-02-03,6.24,4.25677495641173,6,docs\win\hockey\nhl\research\sdv_challenger\season_2025\standalone_comparison.csv,6.5,-110,-110,,,2026_02_03_NHL_merged.csv,6.5,1.9090909090909092,1.9090909090909092,0,0.0,1.0,0.0
2025020893,2026-02-04,6.02,3.80611001045275,9,docs\win\hockey\nhl\research\sdv_challenger\season_2025\standalone_comparison.csv,6.0,-115,-105,,,2026_02_04_NHL_merged.csv,6.0,1.8695652173913042,1.9523809523809523,2,1.0,0.0,0.0
2025020894,2026-02-04,6.24,4.496089688596395,4,docs\win\hockey\nhl\research\sdv_challenger\season_2025\standalone_comparison.csv,6.0,-130,105,,,2026_02_04_NHL_merged.csv,6.0,1.7692307692307692,2.05,0,0.0,1.0,0.0
2025020895,2026-02-04,5.9,4.140238475599039,6,docs\win\hockey\nhl\research\sdv_challenger\season_2025\standalone_comparison.csv,6.0,-115,-105,,,2026_02_04_NHL_merged.csv,6.0,1.8695652173913042,1.9523809523809523,1,0.0,0.0,1.0
2025020896,2026-02-04,5.9,4.353409350321342,11,docs\win\hockey\nhl\research\sdv_challenger\season_2025\standalone_comparison.csv,6.0,-118,-102,,,2026_02_04_NHL_merged.csv,6.0,1.847457627118644,1.9803921568627452,2,1.0,0.0,0.0
2025020897,2026-02-04,6.7,4.354638374535933,6,docs\win\hockey\nhl\research\sdv_challenger\season_2025\standalone_comparison.csv,6.5,-135,110,,,2026_02_04_NHL_merged.csv,6.5,1.7407407407407407,2.1,0,0.0,1.0,0.0
2025020898,2026-02-04,5.94,4.363072935117714,5,docs\win\hockey\nhl\research\sdv_challenger\season_2025\standalone_comparison.csv,6.0,-110,-110,,,2026_02_04_NHL_merged.csv,6.0,1.9090909090909092,1.9090909090909092,0,0.0,1.0,0.0
2025020899,2026-02-04,5.59,3.962102278101258,9,docs\win\hockey\nhl\research\sdv_challenger\season_2025\standalone_comparison.csv,6.0,-105,-115,,,2026_02_04_NHL_merged.csv,6.0,1.9523809523809523,1.8695652173913042,2,1.0,0.0,0.0
2025020900,2026-02-04,6.16,4.479411545559298,7,docs\win\hockey\nhl\research\sdv_challenger\season_2025\standalone_comparison.csv,6.5,-110,-110,,,2026_02_04_NHL_merged.csv,6.5,1.9090909090909092,1.9090909090909092,2,1.0,0.0,0.0
2025020901,2026-02-04,6.08,4.342407885156634,7,docs\win\hockey\nhl\research\sdv_challenger\season_2025\standalone_comparison.csv,6.0,-125,105,,,2026_02_04_NHL_merged.csv,6.0,1.8,2.05,2,1.0,0.0,0.0
2025020902,2026-02-04,5.61,3.816713282125428,6,docs\win\hockey\nhl\research\sdv_challenger\season_2025\standalone_comparison.csv,5.5,-115,-105,,,2026_02_04_NHL_merged.csv,5.5,1.8695652173913042,1.9523809523809523,2,1.0,0.0,0.0
2025020903,2026-02-05,6.41,4.509603629027239,7,docs\win\hockey\nhl\research\sdv_challenger\season_2025\standalone_comparison.csv,6.5,-110,-110,,,2026_02_05_NHL_merged.csv,6.5,1.9090909090909092,1.9090909090909092,2,1.0,0.0,0.0
2025020904,2026-02-05,5.88,3.857674751513153,7,docs\win\hockey\nhl\research\sdv_challenger\season_2025\standalone_comparison.csv,6.0,-110,-110,,,2026_02_05_NHL_merged.csv,6.0,1.9090909090909092,1.9090909090909092,2,1.0,0.0,0.0
2025020905,2026-02-05,5.7,4.274399697838982,4,docs\win\hockey\nhl\research\sdv_challenger\season_2025\standalone_comparison.csv,5.5,-102,-118,,,2026_02_05_NHL_merged.csv,5.5,1.9803921568627452,1.847457627118644,0,0.0,1.0,0.0
2025020906,2026-02-05,5.93,4.302843134851901,2,docs\win\hockey\nhl\research\sdv_challenger\season_2025\standalone_comparison.csv,6.0,-110,-110,,,2026_02_05_NHL_merged.csv,6.0,1.9090909090909092,1.9090909090909092,0,0.0,1.0,0.0
2025020907,2026-02-05,6.08,3.781425351843709,3,docs\win\hockey\nhl\research\sdv_challenger\season_2025\standalone_comparison.csv,6.0,-110,-110,,,2026_02_05_NHL_merged.csv,6.0,1.9090909090909092,1.9090909090909092,0,0.0,1.0,0.0
2025020908,2026-02-05,6.23,4.428945827332985,6,docs\win\hockey\nhl\research\sdv_challenger\season_2025\standalone_comparison.csv,6.0,-118,-102,,,2026_02_05_NHL_merged.csv,6.0,1.847457627118644,1.9803921568627452,1,0.0,0.0,1.0
2025020909,2026-02-05,5.68,3.884808955975673,5,docs\win\hockey\nhl\research\sdv_challenger\season_2025\standalone_comparison.csv,6.0,-110,-110,,,2026_02_05_NHL_merged.csv,6.0,1.9090909090909092,1.9090909090909092,0,0.0,1.0,0.0
2025020910,2026-02-25,6.08,4.284479335894472,3,docs\win\hockey\nhl\research\sdv_challenger\season_2025\standalone_comparison.csv,5.5,-135,114,,,2026_02_25_NHL_merged.csv,5.5,1.7407407407407407,2.1399999999999997,0,0.0,1.0,0.0
2025020911,2026-02-25,5.95,4.196460556026959,4,docs\win\hockey\nhl\research\sdv_challenger\season_2025\standalone_comparison.csv,6.5,110,-130,,,2026_02_25_NHL_merged.csv,6.5,2.1,1.7692307692307692,0,0.0,1.0,0.0
2025020912,2026-02-25,6.07,4.171337847862804,6,docs\win\hockey\nhl\research\sdv_challenger\season_2025\standalone_comparison.csv,6.5,110,-130,,,2026_02_25_NHL_merged.csv,6.5,2.1,1.7692307692307692,0,0.0,1.0,0.0
2025020913,2026-02-25,5.74,3.870619222577204,5,docs\win\hockey\nhl\research\sdv_challenger\season_2025\standalone_comparison.csv,5.5,-110,-110,,,2026_02_25_NHL_merged.csv,5.5,1.9090909090909092,1.9090909090909092,0,0.0,1.0,0.0
2025020914,2026-02-25,6.28,4.534846046813817,6,docs\win\hockey\nhl\research\sdv_challenger\season_2025\standalone_comparison.csv,5.5,-135,114,,,2026_02_25_NHL_merged.csv,5.5,1.7407407407407407,2.1399999999999997,2,1.0,0.0,0.0
2025020915,2026-02-25,5.85,4.308974390981607,5,docs\win\hockey\nhl\research\sdv_challenger\season_2025\standalone_comparison.csv,6.5,110,-130,,,2026_02_25_NHL_merged.csv,6.5,2.1,1.7692307692307692,0,0.0,1.0,0.0
2025020916,2026-02-25,5.8,3.887488240483071,10,docs\win\hockey\nhl\research\sdv_challenger\season_2025\standalone_comparison.csv,5.5,-118,-102,,,2026_02_25_NHL_merged.csv,5.5,1.847457627118644,1.9803921568627452,2,1.0,0.0,0.0
2025020917,2026-02-25,6.9,4.831345144941041,11,docs\win\hockey\nhl\research\sdv_challenger\season_2025\standalone_comparison.csv,6.5,-115,-105,,,2026_02_25_NHL_merged.csv,6.5,1.8695652173913042,1.9523809523809523,2,1.0,0.0,0.0
2025020918,2026-02-26,6.37,4.254093141361966,6,docs\win\hockey\nhl\research\sdv_challenger\season_2025\standalone_comparison.csv,6.5,100,-120,,,2026_02_26_NHL_merged.csv,6.5,2.0,1.8333333333333335,0,0.0,1.0,0.0
2025020919,2026-02-26,6.06,4.312194110408088,7,docs\win\hockey\nhl\research\sdv_challenger\season_2025\standalone_comparison.csv,6.5,110,-130,,,2026_02_26_NHL_merged.csv,6.5,2.1,1.7692307692307692,2,1.0,0.0,0.0
2025020920,2026-02-26,6.17,3.963558698451393,3,docs\win\hockey\nhl\research\sdv_challenger\season_2025\standalone_comparison.csv,5.5,-135,114,,,2026_02_26_NHL_merged.csv,5.5,1.7407407407407407,2.1399999999999997,0,0.0,1.0,0.0
2025020921,2026-02-26,6.1,4.02357010781976,6,docs\win\hockey\nhl\research\sdv_challenger\season_2025\standalone_comparison.csv,6.5,105,-125,,,2026_02_26_NHL_merged.csv,6.5,2.05,1.8,0,0.0,1.0,0.0
2025020922,2026-02-26,6.06,4.451126847354928,5,docs\win\hockey\nhl\research\sdv_challenger\season_2025\standalone_comparison.csv,5.5,-125,105,,,2026_02_26_NHL_merged.csv,5.5,1.8,2.05,0,0.0,1.0,0.0
2025020923,2026-02-26,6.09,4.4230629415250045,9,docs\win\hockey\nhl\research\sdv_challenger\season_2025\standalone_comparison.csv,6.5,110,-130,,,2026_02_26_NHL_merged.csv,6.5,2.1,1.7692307692307692,2,1.0,0.0,0.0
2025020924,2026-02-26,5.82,3.8209549559413696,5,docs\win\hockey\nhl\research\sdv_challenger\season_2025\standalone_comparison.csv,5.5,-135,114,,,2026_02_26_NHL_merged.csv,5.5,1.7407407407407407,2.1399999999999997,0,0.0,1.0,0.0
2025020925,2026-02-26,5.54,3.9884354390462655,6,docs\win\hockey\nhl\research\sdv_challenger\season_2025\standalone_comparison.csv,5.5,-125,105,,,2026_02_26_NHL_merged.csv,5.5,1.8,2.05,2,1.0,0.0,0.0
2025020926,2026-02-26,6.0,4.320276049254681,6,docs\win\hockey\nhl\research\sdv_challenger\season_2025\standalone_comparison.csv,6.5,114,-135,,,2026_02_26_NHL_merged.csv,6.5,2.1399999999999997,1.7407407407407407,0,0.0,1.0,0.0
2025020927,2026-02-26,6.46,4.539747146605439,7,docs\win\hockey\nhl\research\sdv_challenger\season_2025\standalone_comparison.csv,6.5,-105,-115,,,2026_02_26_NHL_merged.csv,6.5,1.9523809523809523,1.8695652173913042,2,1.0,0.0,0.0
2025020928,2026-02-26,6.4,4.021623365487361,5,docs\win\hockey\nhl\research\sdv_challenger\season_2025\standalone_comparison.csv,6.5,-102,-118,,,2026_02_26_NHL_merged.csv,6.5,1.9803921568627452,1.847457627118644,0,0.0,1.0,0.0
2025020929,2026-02-26,6.19,4.345819712446568,9,docs\win\hockey\nhl\research\sdv_challenger\season_2025\standalone_comparison.csv,6.5,-112,-108,,,2026_02_26_NHL_merged.csv,6.5,1.8928571428571428,1.925925925925926,2,1.0,0.0,0.0
2025020930,2026-02-27,6.12,4.023468993120418,5,docs\win\hockey\nhl\research\sdv_challenger\season_2025\standalone_comparison.csv,6.5,105,-125,,,2026_02_27_NHL_merged.csv,6.5,2.05,1.8,0,0.0,1.0,0.0
2025020931,2026-02-27,6.11,4.318800533287536,5,docs\win\hockey\nhl\research\sdv_challenger\season_2025\standalone_comparison.csv,5.5,-130,110,,,2026_02_27_NHL_merged.csv,5.5,1.7692307692307692,2.1,0,0.0,1.0,0.0
2025020932,2026-02-27,5.9,4.434569182898054,7,docs\win\hockey\nhl\research\sdv_challenger\season_2025\standalone_comparison.csv,6.5,-105,-115,,,2026_02_27_NHL_merged.csv,6.5,1.9523809523809523,1.8695652173913042,2,1.0,0.0,0.0
2025020933,2026-02-27,6.13,4.31471896028623,9,docs\win\hockey\nhl\research\sdv_challenger\season_2025\standalone_comparison.csv,6.5,110,-130,,,2026_02_27_NHL_merged.csv,6.5,2.1,1.7692307692307692,2,1.0,0.0,0.0
2025020934,2026-02-28,6.17,4.193781903797795,5,docs\win\hockey\nhl\research\sdv_challenger\season_2025\standalone_comparison.csv,6.0,-105,-115,,,2026_02_28_NHL_merged.csv,6.0,1.9523809523809523,1.8695652173913042,0,0.0,1.0,0.0
2025020935,2026-02-28,5.95,3.895046309217316,4,docs\win\hockey\nhl\research\sdv_challenger\season_2025\standalone_comparison.csv,6.0,-102,-118,,,2026_02_28_NHL_merged.csv,6.0,1.9803921568627452,1.847457627118644,0,0.0,1.0,0.0
2025020936,2026-02-28,6.72,4.5783998914468,9,docs\win\hockey\nhl\research\sdv_challenger\season_2025\standalone_comparison.csv,6.5,-110,-110,,,2026_02_28_NHL_merged.csv,6.5,1.9090909090909092,1.9090909090909092,2,1.0,0.0,0.0
2025020937,2026-02-28,6.06,4.4947459882144,7,docs\win\hockey\nhl\research\sdv_challenger\season_2025\standalone_comparison.csv,6.0,-110,-110,,,2026_02_28_NHL_merged.csv,6.0,1.9090909090909092,1.9090909090909092,2,1.0,0.0,0.0
2025020938,2026-02-28,6.3,4.438885614426322,4,docs\win\hockey\nhl\research\sdv_challenger\season_2025\standalone_comparison.csv,6.5,-105,-115,,,2026_02_28_NHL_merged.csv,6.5,1.9523809523809523,1.8695652173913042,0,0.0,1.0,0.0
2025020939,2026-02-28,6.32,4.009521421559562,7,docs\win\hockey\nhl\research\sdv_challenger\season_2025\standalone_comparison.csv,6.0,-110,-110,,,2026_02_28_NHL_merged.csv,6.0,1.9090909090909092,1.9090909090909092,2,1.0,0.0,0.0
2025020940,2026-02-28,6.2,4.435880906897103,8,docs\win\hockey\nhl\research\sdv_challenger\season_2025\standalone_comparison.csv,6.0,-125,105,,,2026_02_28_NHL_merged.csv,6.0,1.8,2.05,2,1.0,0.0,0.0
2025020941,2026-02-28,6.16,4.201383155024229,8,docs\win\hockey\nhl\research\sdv_challenger\season_2025\standalone_comparison.csv,6.0,-125,105,,,2026_02_28_NHL_merged.csv,6.0,1.8,2.05,2,1.0,0.0,0.0
2025020942,2026-02-28,6.08,4.509776205844166,7,docs\win\hockey\nhl\research\sdv_challenger\season_2025\standalone_comparison.csv,6.0,-120,100,,,2026_02_28_NHL_merged.csv,6.0,1.8333333333333335,2.0,2,1.0,0.0,0.0
2025020943,2026-02-28,5.5,4.145427898777736,4,docs\win\hockey\nhl\research\sdv_challenger\season_2025\standalone_comparison.csv,5.5,-110,-110,,,2026_02_28_NHL_merged.csv,5.5,1.9090909090909092,1.9090909090909092,0,0.0,1.0,0.0
2025020944,2026-02-28,5.61,3.7567881774370497,2,docs\win\hockey\nhl\research\sdv_challenger\season_2025\standalone_comparison.csv,5.5,-110,-110,,,2026_02_28_NHL_merged.csv,5.5,1.9090909090909092,1.9090909090909092,0,0.0,1.0,0.0
2025020945,2026-02-28,5.93,4.100459848395873,5,docs\win\hockey\nhl\research\sdv_challenger\season_2025\standalone_comparison.csv,6.0,-105,-115,,,2026_02_28_NHL_merged.csv,6.0,1.9523809523809523,1.8695652173913042,0,0.0,1.0,0.0
2025020946,2026-02-28,5.85,4.27075011391236,6,docs\win\hockey\nhl\research\sdv_challenger\season_2025\standalone_comparison.csv,6.0,-105,-115,,,2026_02_28_NHL_merged.csv,6.0,1.9523809523809523,1.8695652173913042,1,0.0,0.0,1.0
2025020947,2026-03-01,6.32,4.3931763442115805,5,docs\win\hockey\nhl\research\sdv_challenger\season_2025\standalone_comparison.csv,6.5,100,-120,,,2026_03_01_NHL_merged.csv,6.5,2.0,1.8333333333333335,0,0.0,1.0,0.0
2025020948,2026-03-01,5.76,3.998935512953533,9,docs\win\hockey\nhl\research\sdv_challenger\season_2025\standalone_comparison.csv,5.5,-130,110,,,2026_03_01_NHL_merged.csv,5.5,1.7692307692307692,2.1,2,1.0,0.0,0.0
2025020949,2026-03-01,5.86,4.326412492674951,4,docs\win\hockey\nhl\research\sdv_challenger\season_2025\standalone_comparison.csv,6.5,105,-125,,,2026_03_01_NHL_merged.csv,6.5,2.05,1.8,0,0.0,1.0,0.0
2025020950,2026-03-01,6.12,4.090465922610865,3,docs\win\hockey\nhl\research\sdv_challenger\season_2025\standalone_comparison.csv,6.5,100,-120,,,2026_03_01_NHL_merged.csv,6.5,2.0,1.8333333333333335,0,0.0,1.0,0.0
2025020951,2026-03-01,5.8,4.257418101926024,4,docs\win\hockey\nhl\research\sdv_challenger\season_2025\standalone_comparison.csv,5.5,-135,114,,,2026_03_01_NHL_merged.csv,5.5,1.7407407407407407,2.1399999999999997,0,0.0,1.0,0.0
2025020952,2026-03-01,6.45,4.298419700687305,5,docs\win\hockey\nhl\research\sdv_challenger\season_2025\standalone_comparison.csv,6.5,100,-120,,,2026_03_01_NHL_merged.csv,6.5,2.0,1.8333333333333335,0,0.0,1.0,0.0
2025020953,2026-03-02,6.19,4.19555796416017,9,docs\win\hockey\nhl\research\sdv_challenger\season_2025\standalone_comparison.csv,6.5,110,-130,,,2026_03_02_NHL_merged.csv,6.5,2.1,1.7692307692307692,2,1.0,0.0,0.0
2025020954,2026-03-02,5.97,4.129955468142513,5,docs\win\hockey\nhl\research\sdv_challenger\season_2025\standalone_comparison.csv,6.5,105,-125,,,2026_03_02_NHL_merged.csv,6.5,2.05,1.8,0,0.0,1.0,0.0
2025020955,2026-03-02,6.1,4.267857206206941,6,docs\win\hockey\nhl\research\sdv_challenger\season_2025\standalone_comparison.csv,6.5,105,-125,,,2026_03_02_NHL_merged.csv,6.5,2.05,1.8,0,0.0,1.0,0.0
2025020956,2026-03-02,6.02,4.22905322499404,7,docs\win\hockey\nhl\research\sdv_challenger\season_2025\standalone_comparison.csv,5.5,-130,110,,,2026_03_02_NHL_merged.csv,5.5,1.7692307692307692,2.1,2,1.0,0.0,0.0
2025020957,2026-03-02,5.8,4.39509952044166,3,docs\win\hockey\nhl\research\sdv_challenger\season_2025\standalone_comparison.csv,5.5,-130,110,,,2026_03_02_NHL_merged.csv,5.5,1.7692307692307692,2.1,0,0.0,1.0,0.0
2025020958,2026-03-02,5.95,4.152870444089347,6,docs\win\hockey\nhl\research\sdv_challenger\season_2025\standalone_comparison.csv,5.5,-135,114,,,2026_03_02_NHL_merged.csv,5.5,1.7407407407407407,2.1399999999999997,2,1.0,0.0,0.0
2025020959,2026-03-03,6.37,4.28150126348511,3,docs\win\hockey\nhl\research\sdv_challenger\season_2025\standalone_comparison.csv,6.5,-105,-115,,,2026_03_03_NHL_merged.csv,6.5,1.9523809523809523,1.8695652173913042,0,0.0,1.0,0.0
2025020960,2026-03-03,6.22,4.209264849652412,5,docs\win\hockey\nhl\research\sdv_challenger\season_2025\standalone_comparison.csv,6.5,105,-125,,,2026_03_03_NHL_merged.csv,6.5,2.05,1.8,0,0.0,1.0,0.0
2025020961,2026-03-03,5.79,3.960230466848192,6,docs\win\hockey\nhl\research\sdv_challenger\season_2025\standalone_comparison.csv,5.5,-125,105,,,2026_03_03_NHL_merged.csv,5.5,1.8,2.05,2,1.0,0.0,0.0
2025020962,2026-03-03,5.96,4.475880405395032,5,docs\win\hockey\nhl\research\sdv_challenger\season_2025\standalone_comparison.csv,6.5,105,-125,,,2026_03_03_NHL_merged.csv,6.5,2.05,1.8,0,0.0,1.0,0.0
2025020963,2026-03-03,6.42,4.494577588151034,5,docs\win\hockey\nhl\research\sdv_challenger\season_2025\standalone_comparison.csv,6.5,100,-120,,,2026_03_03_NHL_merged.csv,6.5,2.0,1.8333333333333335,0,0.0,1.0,0.0
2025020964,2026-03-03,5.74,4.135782415590802,5,docs\win\hockey\nhl\research\sdv_challenger\season_2025\standalone_comparison.csv,5.5,-120,100,,,2026_03_03_NHL_merged.csv,5.5,1.8333333333333335,2.0,0,0.0,1.0,0.0
2025020965,2026-03-03,5.8,3.923510121552455,7,docs\win\hockey\nhl\research\sdv_challenger\season_2025\standalone_comparison.csv,5.5,-108,-112,,,2026_03_03_NHL_merged.csv,5.5,1.925925925925926,1.8928571428571428,2,1.0,0.0,0.0
2025020966,2026-03-03,6.89,4.325981978422679,9,docs\win\hockey\nhl\research\sdv_challenger\season_2025\standalone_comparison.csv,6.5,-142,120,,,2026_03_03_NHL_merged.csv,6.5,1.704225352112676,2.2,2,1.0,0.0,0.0
2025020967,2026-03-03,6.08,4.236861393365236,6,docs\win\hockey\nhl\research\sdv_challenger\season_2025\standalone_comparison.csv,6.5,105,-125,,,2026_03_03_NHL_merged.csv,6.5,2.05,1.8,0,0.0,1.0,0.0
2025020968,2026-03-03,6.79,4.661010355091146,6,docs\win\hockey\nhl\research\sdv_challenger\season_2025\standalone_comparison.csv,6.5,-130,110,,,2026_03_03_NHL_merged.csv,6.5,1.7692307692307692,2.1,0,0.0,1.0,0.0
2025020969,2026-03-03,6.53,4.219728433335148,12,docs\win\hockey\nhl\research\sdv_challenger\season_2025\standalone_comparison.csv,6.5,-120,100,,,2026_03_03_NHL_merged.csv,6.5,1.8333333333333335,2.0,2,1.0,0.0,0.0
2025020970,2026-03-04,6.04,4.16641296485382,7,docs\win\hockey\nhl\research\sdv_challenger\season_2025\standalone_comparison.csv,5.5,-130,110,,,2026_03_04_NHL_merged.csv,5.5,1.7692307692307692,2.1,2,1.0,0.0,0.0
2025020971,2026-03-04,5.8,4.286092826045506,7,docs\win\hockey\nhl\research\sdv_challenger\season_2025\standalone_comparison.csv,5.5,-125,105,,,2026_03_04_NHL_merged.csv,5.5,1.8,2.05,2,1.0,0.0,0.0
2025020972,2026-03-04,6.29,4.728595201363662,10,docs\win\hockey\nhl\research\sdv_challenger\season_2025\standalone_comparison.csv,6.5,114,-135,,,2026_03_04_NHL_merged.csv,6.5,2.1399999999999997,1.7407407407407407,2,1.0,0.0,0.0
2025020973,2026-03-04,6.27,4.517066430892763,6,docs\win\hockey\nhl\research\sdv_challenger\season_2025\standalone_comparison.csv,6.5,-115,-105,,,2026_03_04_NHL_merged.csv,6.5,1.8695652173913042,1.9523809523809523,0,0.0,1.0,0.0
2025020974,2026-03-04,5.5,3.9971159604243818,5,docs\win\hockey\nhl\research\sdv_challenger\season_2025\standalone_comparison.csv,5.5,-125,105,,,2026_03_04_NHL_merged.csv,5.5,1.8,2.05,0,0.0,1.0,0.0
2025020975,2026-03-05,6.11,4.047271576724557,8,docs\win\hockey\nhl\research\sdv_challenger\season_2025\standalone_comparison.csv,5.5,-135,114,,,2026_03_05_NHL_merged.csv,5.5,1.7407407407407407,2.1399999999999997,2,1.0,0.0,0.0
2025020976,2026-03-05,5.76,4.101407312700973,3,docs\win\hockey\nhl\research\sdv_challenger\season_2025\standalone_comparison.csv,5.5,-125,105,,,2026_03_05_NHL_merged.csv,5.5,1.8,2.05,0,0.0,1.0,0.0
2025020977,2026-03-05,6.57,4.551428403196831,6,docs\win\hockey\nhl\research\sdv_challenger\season_2025\standalone_comparison.csv,6.5,-105,-115,,,2026_03_05_NHL_merged.csv,6.5,1.9523809523809523,1.8695652173913042,0,0.0,1.0,0.0
2025020978,2026-03-05,6.18,4.182302052485514,6,docs\win\hockey\nhl\research\sdv_challenger\season_2025\standalone_comparison.csv,6.5,100,-120,,,2026_03_05_NHL_merged.csv,6.5,2.0,1.8333333333333335,0,0.0,1.0,0.0
2025020979,2026-03-05,6.18,4.102823804258165,9,docs\win\hockey\nhl\research\sdv_challenger\season_2025\standalone_comparison.csv,6.5,110,-130,,,2026_03_05_NHL_merged.csv,6.5,2.1,1.7692307692307692,2,1.0,0.0,0.0
2025020980,2026-03-05,5.72,4.048905805735984,5,docs\win\hockey\nhl\research\sdv_challenger\season_2025\standalone_comparison.csv,5.5,-125,105,,,2026_03_05_NHL_merged.csv,5.5,1.8,2.05,0,0.0,1.0,0.0
2025020981,2026-03-05,5.99,3.828448748568713,5,docs\win\hockey\nhl\research\sdv_challenger\season_2025\standalone_comparison.csv,5.5,-135,114,,,2026_03_05_NHL_merged.csv,5.5,1.7407407407407407,2.1399999999999997,0,0.0,1.0,0.0
2025020982,2026-03-05,5.52,4.026114000785361,8,docs\win\hockey\nhl\research\sdv_challenger\season_2025\standalone_comparison.csv,5.5,-105,-115,,,2026_03_05_NHL_merged.csv,5.5,1.9523809523809523,1.8695652173913042,2,1.0,0.0,0.0
2025020983,2026-03-06,5.93,3.9934038129253873,4,docs\win\hockey\nhl\research\sdv_challenger\season_2025\standalone_comparison.csv,6.5,114,-135,,,2026_03_06_NHL_merged.csv,6.5,2.1399999999999997,1.7407407407407407,0,0.0,1.0,0.0
2025020984,2026-03-06,6.29,4.259301896918476,9,docs\win\hockey\nhl\research\sdv_challenger\season_2025\standalone_comparison.csv,5.5,-135,114,,,2026_03_06_NHL_merged.csv,5.5,1.7407407407407407,2.1399999999999997,2,1.0,0.0,0.0
2025020985,2026-03-06,6.06,4.407589473469298,9,docs\win\hockey\nhl\research\sdv_challenger\season_2025\standalone_comparison.csv,6.5,114,-135,,,2026_03_06_NHL_merged.csv,6.5,2.1399999999999997,1.7407407407407407,2,1.0,0.0,0.0
2025020986,2026-03-06,6.41,4.885417441567935,9,docs\win\hockey\nhl\research\sdv_challenger\season_2025\standalone_comparison.csv,6.5,-135,114,,,2026_03_06_NHL_merged.csv,6.5,1.7407407407407407,2.1399999999999997,2,1.0,0.0,0.0
2025020987,2026-03-06,6.68,4.492833055359868,11,docs\win\hockey\nhl\research\sdv_challenger\season_2025\standalone_comparison.csv,6.5,-135,114,,,2026_03_06_NHL_merged.csv,6.5,1.7407407407407407,2.1399999999999997,2,1.0,0.0,0.0
2025020988,2026-03-06,6.09,4.256926170789525,6,docs\win\hockey\nhl\research\sdv_challenger\season_2025\standalone_comparison.csv,6.5,105,-125,,,2026_03_06_NHL_merged.csv,6.5,2.05,1.8,0,0.0,1.0,0.0
2025020989,2026-03-06,5.99,4.071759687763513,5,docs\win\hockey\nhl\research\sdv_challenger\season_2025\standalone_comparison.csv,6.5,110,-130,,,2026_03_06_NHL_merged.csv,6.5,2.1,1.7692307692307692,0,0.0,1.0,0.0
2025020990,2026-03-07,6.1,4.210043171746388,4,docs\win\hockey\nhl\research\sdv_challenger\season_2025\standalone_comparison.csv,5.5,-135,114,,,2026_03_07_NHL_merged.csv,5.5,1.7407407407407407,2.1399999999999997,0,0.0,1.0,0.0
2025020991,2026-03-07,5.92,3.988568534822056,9,docs\win\hockey\nhl\research\sdv_challenger\season_2025\standalone_comparison.csv,5.5,-115,-105,,,2026_03_07_NHL_merged.csv,5.5,1.8695652173913042,1.9523809523809523,2,1.0,0.0,0.0
2025020992,2026-03-07,6.31,4.3388195603268045,5,docs\win\hockey\nhl\research\sdv_challenger\season_2025\standalone_comparison.csv,6.5,102,-122,,,2026_03_07_NHL_merged.csv,6.5,2.02,1.819672131147541,0,0.0,1.0,0.0
2025020993,2026-03-07,6.13,4.211717841602296,7,docs\win\hockey\nhl\research\sdv_challenger\season_2025\standalone_comparison.csv,5.5,-130,110,,,2026_03_07_NHL_merged.csv,5.5,1.7692307692307692,2.1,2,1.0,0.0,0.0
2025020994,2026-03-07,6.11,4.221329690181581,7,docs\win\hockey\nhl\research\sdv_challenger\season_2025\standalone_comparison.csv,6.5,-108,-112,,,2026_03_07_NHL_merged.csv,6.5,1.925925925925926,1.8928571428571428,2,1.0,0.0,0.0
2025020995,2026-03-07,6.19,4.506175105942857,9,docs\win\hockey\nhl\research\sdv_challenger\season_2025\standalone_comparison.csv,6.5,110,-130,,,2026_03_07_NHL_merged.csv,6.5,2.1,1.7692307692307692,2,1.0,0.0,0.0
2025020996,2026-03-07,5.9,4.349010107201567,5,docs\win\hockey\nhl\research\sdv_challenger\season_2025\standalone_comparison.csv,5.5,-130,110,,,2026_03_07_NHL_merged.csv,5.5,1.7692307692307692,2.1,0,0.0,1.0,0.0
2025020997,2026-03-07,5.91,4.012658684487155,7,docs\win\hockey\nhl\research\sdv_challenger\season_2025\standalone_comparison.csv,5.5,-130,110,,,2026_03_07_NHL_merged.csv,5.5,1.7692307692307692,2.1,2,1.0,0.0,0.0
2025020998,2026-03-07,5.9,4.366474474144775,9,docs\win\hockey\nhl\research\sdv_challenger\season_2025\standalone_comparison.csv,5.5,-130,110,,,2026_03_07_NHL_merged.csv,5.5,1.7692307692307692,2.1,2,1.0,0.0,0.0
2025020999,2026-03-07,6.14,4.208550725067045,3,docs\win\hockey\nhl\research\sdv_challenger\season_2025\standalone_comparison.csv,6.5,102,-122,,,2026_03_07_NHL_merged.csv,6.5,2.02,1.819672131147541,0,0.0,1.0,0.0
2025021000,2026-03-07,5.79,3.833488001144364,11,docs\win\hockey\nhl\research\sdv_challenger\season_2025\standalone_comparison.csv,5.5,-125,105,,,2026_03_07_NHL_merged.csv,5.5,1.8,2.05,2,1.0,0.0,0.0
2025021001,2026-03-08,6.45,4.533197862805487,5,docs\win\hockey\nhl\research\sdv_challenger\season_2025\standalone_comparison.csv,6.5,-102,-118,,,2026_03_08_NHL_merged.csv,6.5,1.9803921568627452,1.847457627118644,0,0.0,1.0,0.0
2025021002,2026-03-08,6.47,4.237392079051485,9,docs\win\hockey\nhl\research\sdv_challenger\season_2025\standalone_comparison.csv,6.5,102,-122,,,2026_03_08_NHL_merged.csv,6.5,2.02,1.819672131147541,2,1.0,0.0,0.0
2025021003,2026-03-08,6.24,4.205807994909027,15,docs\win\hockey\nhl\research\sdv_challenger\season_2025\standalone_comparison.csv,6.5,-105,-115,,,2026_03_08_NHL_merged.csv,6.5,1.9523809523809523,1.8695652173913042,2,1.0,0.0,0.0
2025021004,2026-03-08,6.04,4.011651755580232,7,docs\win\hockey\nhl\research\sdv_challenger\season_2025\standalone_comparison.csv,5.5,-135,114,,,2026_03_08_NHL_merged.csv,5.5,1.7407407407407407,2.1399999999999997,2,1.0,0.0,0.0
2025021005,2026-03-08,5.78,4.260239874062551,3,docs\win\hockey\nhl\research\sdv_challenger\season_2025\standalone_comparison.csv,5.5,-115,-105,,,2026_03_08_NHL_merged.csv,5.5,1.8695652173913042,1.9523809523809523,0,0.0,1.0,0.0
2025021006,2026-03-08,6.28,4.3738157364800045,4,docs\win\hockey\nhl\research\sdv_challenger\season_2025\standalone_comparison.csv,6.5,-105,-115,,,2026_03_08_NHL_merged.csv,6.5,1.9523809523809523,1.8695652173913042,0,0.0,1.0,0.0
2025021007,2026-03-08,6.54,4.554583883198319,6,docs\win\hockey\nhl\research\sdv_challenger\season_2025\standalone_comparison.csv,6.5,-142,120,,,2026_03_08_NHL_merged.csv,6.5,1.704225352112676,2.2,0,0.0,1.0,0.0
2025020828,2026-03-09,5.87,4.217404630410252,9,docs\win\hockey\nhl\research\sdv_challenger\season_2025\standalone_comparison.csv,5.5,-135,114,,,2026_03_09_NHL_merged.csv,5.5,1.7407407407407407,2.1399999999999997,2,1.0,0.0,0.0
2025021008,2026-03-09,5.79,3.737611337976757,8,docs\win\hockey\nhl\research\sdv_challenger\season_2025\standalone_comparison.csv,5.5,-120,100,,,2026_03_09_NHL_merged.csv,5.5,1.8333333333333335,2.0,2,1.0,0.0,0.0
2025021009,2026-03-09,5.78,4.260891113423411,10,docs\win\hockey\nhl\research\sdv_challenger\season_2025\standalone_comparison.csv,5.5,-135,114,,,2026_03_09_NHL_merged.csv,5.5,1.7407407407407407,2.1399999999999997,2,1.0,0.0,0.0
2025021010,2026-03-09,5.86,4.26346915906701,5,docs\win\hockey\nhl\research\sdv_challenger\season_2025\standalone_comparison.csv,5.5,-135,114,,,2026_03_09_NHL_merged.csv,5.5,1.7407407407407407,2.1399999999999997,0,0.0,1.0,0.0
2025021011,2026-03-09,6.16,4.172039226680035,2,docs\win\hockey\nhl\research\sdv_challenger\season_2025\standalone_comparison.csv,6.5,102,-122,,,2026_03_09_NHL_merged.csv,6.5,2.02,1.819672131147541,0,0.0,1.0,0.0
2025021012,2026-03-10,5.82,3.806917551065352,3,docs\win\hockey\nhl\research\sdv_challenger\season_2025\standalone_comparison.csv,5.5,-135,114,,,2026_03_10_NHL_merged.csv,5.5,1.7407407407407407,2.1399999999999997,0,0.0,1.0,0.0
2025021013,2026-03-10,6.57,4.238262854410165,9,docs\win\hockey\nhl\research\sdv_challenger\season_2025\standalone_comparison.csv,6.5,-120,100,,,2026_03_10_NHL_merged.csv,6.5,1.8333333333333335,2.0,2,1.0,0.0,0.0
2025021014,2026-03-10,6.29,4.358484308119161,4,docs\win\hockey\nhl\research\sdv_challenger\season_2025\standalone_comparison.csv,6.5,-118,-102,,,2026_03_10_NHL_merged.csv,6.5,1.847457627118644,1.9803921568627452,0,0.0,1.0,0.0
2025021015,2026-03-10,6.19,4.343236639913125,7,docs\win\hockey\nhl\research\sdv_challenger\season_2025\standalone_comparison.csv,6.5,-112,-108,,,2026_03_10_NHL_merged.csv,6.5,1.8928571428571428,1.925925925925926,2,1.0,0.0,0.0
2025021016,2026-03-10,6.22,4.005668602509722,7,docs\win\hockey\nhl\research\sdv_challenger\season_2025\standalone_comparison.csv,5.5,-130,110,,,2026_03_10_NHL_merged.csv,5.5,1.7692307692307692,2.1,2,1.0,0.0,0.0
2025021017,2026-03-10,5.85,3.895282467359453,4,docs\win\hockey\nhl\research\sdv_challenger\season_2025\standalone_comparison.csv,5.5,-130,110,,,2026_03_10_NHL_merged.csv,5.5,1.7692307692307692,2.1,0,0.0,1.0,0.0
2025021018,2026-03-10,6.58,4.683528539351153,9,docs\win\hockey\nhl\research\sdv_challenger\season_2025\standalone_comparison.csv,6.5,105,-125,,,2026_03_10_NHL_merged.csv,6.5,2.05,1.8,2,1.0,0.0,0.0
2025021019,2026-03-10,5.58,4.208511972764342,7,docs\win\hockey\nhl\research\sdv_challenger\season_2025\standalone_comparison.csv,5.5,-108,-112,,,2026_03_10_NHL_merged.csv,5.5,1.925925925925926,1.8928571428571428,2,1.0,0.0,0.0
2025021020,2026-03-10,5.97,3.9803395213518655,3,docs\win\hockey\nhl\research\sdv_challenger\season_2025\standalone_comparison.csv,5.5,-125,105,,,2026_03_10_NHL_merged.csv,5.5,1.8,2.05,0,0.0,1.0,0.0
2025021021,2026-03-10,6.0,4.40670926606384,5,docs\win\hockey\nhl\research\sdv_challenger\season_2025\standalone_comparison.csv,5.5,-135,114,,,2026_03_10_NHL_merged.csv,5.5,1.7407407407407407,2.1399999999999997,0,0.0,1.0,0.0
2025021022,2026-03-10,6.24,4.392672428868242,5,docs\win\hockey\nhl\research\sdv_challenger\season_2025\standalone_comparison.csv,6.5,102,-122,,,2026_03_10_NHL_merged.csv,6.5,2.02,1.819672131147541,0,0.0,1.0,0.0
2025021023,2026-03-10,7.21,4.803696704692989,7,docs\win\hockey\nhl\research\sdv_challenger\season_2025\standalone_comparison.csv,6.5,-155,130,,,2026_03_10_NHL_merged.csv,6.5,1.6451612903225805,2.3,2,1.0,0.0,0.0
2025021024,2026-03-10,5.94,4.12019581492459,6,docs\win\hockey\nhl\research\sdv_challenger\season_2025\standalone_comparison.csv,5.5,-135,114,,,2026_03_10_NHL_merged.csv,5.5,1.7407407407407407,2.1399999999999997,2,1.0,0.0,0.0
2025021025,2026-03-11,6.29,4.026082075795845,5,docs\win\hockey\nhl\research\sdv_challenger\season_2025\standalone_comparison.csv,6.5,-108,-112,,,2026_03_11_NHL_merged.csv,6.5,1.925925925925926,1.8928571428571428,0,0.0,1.0,0.0
2025021026,2026-03-11,5.82,4.15548276165936,5,docs\win\hockey\nhl\research\sdv_challenger\season_2025\standalone_comparison.csv,6.5,114,-135,,,2026_03_11_NHL_merged.csv,6.5,2.1399999999999997,1.7407407407407407,0,0.0,1.0,0.0
2025021027,2026-03-12,6.44,3.970677888566699,6,docs\win\hockey\nhl\research\sdv_challenger\season_2025\standalone_comparison.csv,6.5,-115,-105,,,2026_03_12_NHL_merged.csv,6.5,1.8695652173913042,1.9523809523809523,0,0.0,1.0,0.0
2025021028,2026-03-12,6.44,4.476583602010486,3,docs\win\hockey\nhl\research\sdv_challenger\season_2025\standalone_comparison.csv,6.5,-112,-108,,,2026_03_12_NHL_merged.csv,6.5,1.8928571428571428,1.925925925925926,0,0.0,1.0,0.0
2025021029,2026-03-12,6.48,4.560360930381133,10,docs\win\hockey\nhl\research\sdv_challenger\season_2025\standalone_comparison.csv,6.5,-120,100,,,2026_03_12_NHL_merged.csv,6.5,1.8333333333333335,2.0,2,1.0,0.0,0.0
2025021030,2026-03-12,6.01,4.158472592953549,5,docs\win\hockey\nhl\research\sdv_challenger\season_2025\standalone_comparison.csv,6.5,110,-130,,,2026_03_12_NHL_merged.csv,6.5,2.1,1.7692307692307692,0,0.0,1.0,0.0
2025021031,2026-03-12,6.24,4.184038784074051,3,docs\win\hockey\nhl\research\sdv_challenger\season_2025\standalone_comparison.csv,6.5,-102,-118,,,2026_03_12_NHL_merged.csv,6.5,1.9803921568627452,1.847457627118644,0,0.0,1.0,0.0
2025021032,2026-03-12,5.6,4.137571988927151,9,docs\win\hockey\nhl\research\sdv_challenger\season_2025\standalone_comparison.csv,5.5,-112,-108,,,2026_03_12_NHL_merged.csv,5.5,1.8928571428571428,1.925925925925926,2,1.0,0.0,0.0
2025021033,2026-03-12,5.93,4.434340260295705,4,docs\win\hockey\nhl\research\sdv_challenger\season_2025\standalone_comparison.csv,5.5,-142,120,,,2026_03_12_NHL_merged.csv,5.5,1.704225352112676,2.2,0,0.0,1.0,0.0
2025021034,2026-03-12,6.39,4.368720218346796,9,docs\win\hockey\nhl\research\sdv_challenger\season_2025\standalone_comparison.csv,6.5,-125,105,,,2026_03_12_NHL_merged.csv,6.5,1.8,2.05,2,1.0,0.0,0.0
2025021035,2026-03-12,5.93,4.087203064845439,5,docs\win\hockey\nhl\research\sdv_challenger\season_2025\standalone_comparison.csv,5.5,-135,114,,,2026_03_12_NHL_merged.csv,5.5,1.7407407407407407,2.1399999999999997,0,0.0,1.0,0.0
2025021036,2026-03-12,5.77,3.912145085338126,9,docs\win\hockey\nhl\research\sdv_challenger\season_2025\standalone_comparison.csv,5.5,-112,-108,,,2026_03_12_NHL_merged.csv,5.5,1.8928571428571428,1.925925925925926,2,1.0,0.0,0.0
2025021037,2026-03-12,5.86,4.264786695741234,5,docs\win\hockey\nhl\research\sdv_challenger\season_2025\standalone_comparison.csv,5.5,-135,114,,,2026_03_12_NHL_merged.csv,5.5,1.7407407407407407,2.1399999999999997,0,0.0,1.0,0.0
2025021038,2026-03-12,6.2,4.419937768162352,7,docs\win\hockey\nhl\research\sdv_challenger\season_2025\standalone_comparison.csv,6.5,110,-130,,,2026_03_12_NHL_merged.csv,6.5,2.1,1.7692307692307692,2,1.0,0.0,0.0
2025021039,2026-03-12,6.41,4.361109196356205,8,docs\win\hockey\nhl\research\sdv_challenger\season_2025\standalone_comparison.csv,6.5,105,-125,,,2026_03_12_NHL_merged.csv,6.5,2.05,1.8,2,1.0,0.0,0.0
2025021040,2026-03-12,6.21,4.292073553835606,6,docs\win\hockey\nhl\research\sdv_challenger\season_2025\standalone_comparison.csv,6.5,105,-125,,,2026_03_12_NHL_merged.csv,6.5,2.05,1.8,0,0.0,1.0,0.0
2025021041,2026-03-13,5.6,4.068493948984331,5,docs\win\hockey\nhl\research\sdv_challenger\season_2025\standalone_comparison.csv,5.5,-115,-105,,,2026_03_13_NHL_merged.csv,5.5,1.8695652173913042,1.9523809523809523,0,0.0,1.0,0.0
2025021042,2026-03-13,6.5,4.499660893434802,5,docs\win\hockey\nhl\research\sdv_challenger\season_2025\standalone_comparison.csv,6.5,-115,-105,,,2026_03_13_NHL_merged.csv,6.5,1.8695652173913042,1.9523809523809523,0,0.0,1.0,0.0
2025021043,2026-03-14,6.4,4.211571841976707,2,docs\win\hockey\nhl\research\sdv_challenger\season_2025\standalone_comparison.csv,6.5,-112,-108,,,2026_03_14_NHL_merged.csv,6.5,1.8928571428571428,1.925925925925926,0,0.0,1.0,0.0
2025021044,2026-03-14,6.11,4.222323018284079,5,docs\win\hockey\nhl\research\sdv_challenger\season_2025\standalone_comparison.csv,6.5,114,-135,,,2026_03_14_NHL_merged.csv,6.5,2.1399999999999997,1.7407407407407407,0,0.0,1.0,0.0
2025021045,2026-03-14,6.09,4.313767224430209,4,docs\win\hockey\nhl\research\sdv_challenger\season_2025\standalone_comparison.csv,6.5,110,-130,,,2026_03_14_NHL_merged.csv,6.5,2.1,1.7692307692307692,0,0.0,1.0,0.0
2025021046,2026-03-14,6.1,4.085222246117972,6,docs\win\hockey\nhl\research\sdv_challenger\season_2025\standalone_comparison.csv,6.5,110,-130,,,2026_03_14_NHL_merged.csv,6.5,2.1,1.7692307692307692,0,0.0,1.0,0.0
2025021047,2026-03-14,6.33,4.404692795773232,5,docs\win\hockey\nhl\research\sdv_challenger\season_2025\standalone_comparison.csv,6.5,-115,-105,,,2026_03_14_NHL_merged.csv,6.5,1.8695652173913042,1.9523809523809523,0,0.0,1.0,0.0
2025021048,2026-03-14,6.63,4.233602271689729,6,docs\win\hockey\nhl\research\sdv_challenger\season_2025\standalone_comparison.csv,6.5,-122,102,,,2026_03_14_NHL_merged.csv,6.5,1.819672131147541,2.02,0,0.0,1.0,0.0
2025021049,2026-03-14,6.13,4.414973494288949,6,docs\win\hockey\nhl\research\sdv_challenger\season_2025\standalone_comparison.csv,6.5,100,-120,,,2026_03_14_NHL_merged.csv,6.5,2.0,1.8333333333333335,0,0.0,1.0,0.0
2025021050,2026-03-14,5.61,3.9850331370889696,10,docs\win\hockey\nhl\research\sdv_challenger\season_2025\standalone_comparison.csv,5.5,-118,-102,,,2026_03_14_NHL_merged.csv,5.5,1.847457627118644,1.9803921568627452,2,1.0,0.0,0.0
2025021051,2026-03-14,5.66,4.2256215463270825,5,docs\win\hockey\nhl\research\sdv_challenger\season_2025\standalone_comparison.csv,5.5,-130,110,,,2026_03_14_NHL_merged.csv,5.5,1.7692307692307692,2.1,0,0.0,1.0,0.0
2025021052,2026-03-14,5.96,4.1905512653158175,3,docs\win\hockey\nhl\research\sdv_challenger\season_2025\standalone_comparison.csv,6.5,110,-130,,,2026_03_14_NHL_merged.csv,6.5,2.1,1.7692307692307692,0,0.0,1.0,0.0
2025021053,2026-03-14,6.0,4.05298715479229,5,docs\win\hockey\nhl\research\sdv_challenger\season_2025\standalone_comparison.csv,5.5,-115,-105,,,2026_03_14_NHL_merged.csv,5.5,1.8695652173913042,1.9523809523809523,0,0.0,1.0,0.0
2025021054,2026-03-14,6.19,4.488773326618636,7,docs\win\hockey\nhl\research\sdv_challenger\season_2025\standalone_comparison.csv,6.5,110,-130,,,2026_03_14_NHL_merged.csv,6.5,2.1,1.7692307692307692,2,1.0,0.0,0.0
2025021055,2026-03-14,6.01,4.292857440536677,7,docs\win\hockey\nhl\research\sdv_challenger\season_2025\standalone_comparison.csv,6.5,114,-135,,,2026_03_14_NHL_merged.csv,6.5,2.1399999999999997,1.7407407407407407,2,1.0,0.0,0.0
2025021056,2026-03-14,5.97,4.104624692811334,4,docs\win\hockey\nhl\research\sdv_challenger\season_2025\standalone_comparison.csv,6.5,110,-130,,,2026_03_14_NHL_merged.csv,6.5,2.1,1.7692307692307692,0,0.0,1.0,0.0
2025021057,2026-03-15,5.64,4.058729367143442,5,docs\win\hockey\nhl\research\sdv_challenger\season_2025\standalone_comparison.csv,5.5,-120,100,,,2026_03_15_NHL_merged.csv,5.5,1.8333333333333335,2.0,0,0.0,1.0,0.0
2025021058,2026-03-15,6.59,3.94426266048302,11,docs\win\hockey\nhl\research\sdv_challenger\season_2025\standalone_comparison.csv,6.5,-115,-105,,,2026_03_15_NHL_merged.csv,6.5,1.8695652173913042,1.9523809523809523,2,1.0,0.0,0.0
2025021059,2026-03-15,6.85,4.554907782145845,7,docs\win\hockey\nhl\research\sdv_challenger\season_2025\standalone_comparison.csv,6.5,-130,110,,,2026_03_15_NHL_merged.csv,6.5,1.7692307692307692,2.1,2,1.0,0.0,0.0
2025021060,2026-03-15,6.23,4.408910781844948,6,docs\win\hockey\nhl\research\sdv_challenger\season_2025\standalone_comparison.csv,6.5,110,-130,,,2026_03_15_NHL_merged.csv,6.5,2.1,1.7692307692307692,0,0.0,1.0,0.0
2025021061,2026-03-15,6.57,4.598233434315798,4,docs\win\hockey\nhl\research\sdv_challenger\season_2025\standalone_comparison.csv,6.5,-120,100,,,2026_03_15_NHL_merged.csv,6.5,1.8333333333333335,2.0,0,0.0,1.0,0.0
2025021062,2026-03-15,5.94,3.867195229751466,8,docs\win\hockey\nhl\research\sdv_challenger\season_2025\standalone_comparison.csv,6.5,110,-130,,,2026_03_15_NHL_merged.csv,6.5,2.1,1.7692307692307692,2,1.0,0.0,0.0
2025021063,2026-03-16,5.82,4.187824800352912,7,docs\win\hockey\nhl\research\sdv_challenger\season_2025\standalone_comparison.csv,5.5,-125,105,,,2026_03_16_NHL_merged.csv,5.5,1.8,2.05,2,1.0,0.0,0.0
2025021064,2026-03-16,5.92,4.048022502127979,7,docs\win\hockey\nhl\research\sdv_challenger\season_2025\standalone_comparison.csv,5.5,-125,105,,,2026_03_16_NHL_merged.csv,5.5,1.8,2.05,2,1.0,0.0,0.0
2025021065,2026-03-16,5.64,3.767758482866917,5,docs\win\hockey\nhl\research\sdv_challenger\season_2025\standalone_comparison.csv,5.5,-130,110,,,2026_03_16_NHL_merged.csv,5.5,1.7692307692307692,2.1,0,0.0,1.0,0.0
2025021066,2026-03-16,5.82,4.073979350293583,9,docs\win\hockey\nhl\research\sdv_challenger\season_2025\standalone_comparison.csv,5.5,-125,105,,,2026_03_16_NHL_merged.csv,5.5,1.8,2.05,2,1.0,0.0,0.0
2025021067,2026-03-16,6.67,4.587964442218396,9,docs\win\hockey\nhl\research\sdv_challenger\season_2025\standalone_comparison.csv,6.5,-120,100,,,2026_03_16_NHL_merged.csv,6.5,1.8333333333333335,2.0,2,1.0,0.0,0.0
2025021068,2026-03-17,5.92,4.415438516706587,4,docs\win\hockey\nhl\research\sdv_challenger\season_2025\standalone_comparison.csv,5.5,-135,114,,,2026_03_17_NHL_merged.csv,5.5,1.7407407407407407,2.1399999999999997,0,0.0,1.0,0.0
2025021069,2026-03-17,6.37,4.139329688374552,5,docs\win\hockey\nhl\research\sdv_challenger\season_2025\standalone_comparison.csv,6.5,100,-120,,,2026_03_17_NHL_merged.csv,6.5,2.0,1.8333333333333335,0,0.0,1.0,0.0
2025021070,2026-03-17,6.34,4.683196086029163,6,docs\win\hockey\nhl\research\sdv_challenger\season_2025\standalone_comparison.csv,6.5,-105,-115,,,2026_03_17_NHL_merged.csv,6.5,1.9523809523809523,1.8695652173913042,0,0.0,1.0,0.0
2025021071,2026-03-17,5.86,4.1454820745095216,7,docs\win\hockey\nhl\research\sdv_challenger\season_2025\standalone_comparison.csv,5.5,-125,105,,,2026_03_17_NHL_merged.csv,5.5,1.8,2.05,2,1.0,0.0,0.0
2025021072,2026-03-17,6.05,4.269776564734528,7,docs\win\hockey\nhl\research\sdv_challenger\season_2025\standalone_comparison.csv,5.5,-135,114,,,2026_03_17_NHL_merged.csv,5.5,1.7407407407407407,2.1399999999999997,2,1.0,0.0,0.0
2025021073,2026-03-17,7.23,4.533223814437159,8,docs\win\hockey\nhl\research\sdv_challenger\season_2025\standalone_comparison.csv,6.5,-148,124,,,2026_03_17_NHL_merged.csv,6.5,1.6756756756756757,2.24,2,1.0,0.0,0.0
2025021074,2026-03-17,6.26,4.1699349284204414,7,docs\win\hockey\nhl\research\sdv_challenger\season_2025\standalone_comparison.csv,5.5,-130,110,,,2026_03_17_NHL_merged.csv,5.5,1.7692307692307692,2.1,2,1.0,0.0,0.0
2025021075,2026-03-17,6.31,4.221706971517421,2,docs\win\hockey\nhl\research\sdv_challenger\season_2025\standalone_comparison.csv,6.5,-110,-110,,,2026_03_17_NHL_merged.csv,6.5,1.9090909090909092,1.9090909090909092,0,0.0,1.0,0.0
2025021076,2026-03-17,5.78,4.026486721635033,8,docs\win\hockey\nhl\research\sdv_challenger\season_2025\standalone_comparison.csv,6.5,110,-130,,,2026_03_17_NHL_merged.csv,6.5,2.1,1.7692307692307692,2,1.0,0.0,0.0
2025021077,2026-03-18,5.71,3.982228310437309,9,docs\win\hockey\nhl\research\sdv_challenger\season_2025\standalone_comparison.csv,5.5,-135,114,,,2026_03_18_NHL_merged.csv,5.5,1.7407407407407407,2.1399999999999997,2,1.0,0.0,0.0
2025021078,2026-03-18,6.56,4.669047248901979,11,docs\win\hockey\nhl\research\sdv_challenger\season_2025\standalone_comparison.csv,6.5,-102,-118,,,2026_03_18_NHL_merged.csv,6.5,1.9803921568627452,1.847457627118644,2,1.0,0.0,0.0
2025021079,2026-03-18,6.02,4.142612492565768,5,docs\win\hockey\nhl\research\sdv_challenger\season_2025\standalone_comparison.csv,6.5,100,-120,,,2026_03_18_NHL_merged.csv,6.5,2.0,1.8333333333333335,0,0.0,1.0,0.0
2025021080,2026-03-18,6.3,4.170075378606513,3,docs\win\hockey\nhl\research\sdv_challenger\season_2025\standalone_comparison.csv,6.5,105,-125,,,2026_03_18_NHL_merged.csv,6.5,2.05,1.8,0,0.0,1.0,0.0
2025021081,2026-03-18,5.55,4.066928002981152,3,docs\win\hockey\nhl\research\sdv_challenger\season_2025\standalone_comparison.csv,5.5,-115,-105,,,2026_03_18_NHL_merged.csv,5.5,1.8695652173913042,1.9523809523809523,0,0.0,1.0,0.0
2025021082,2026-03-18,6.12,4.232801917465745,5,docs\win\hockey\nhl\research\sdv_challenger\season_2025\standalone_comparison.csv,6.5,-105,-115,,,2026_03_18_NHL_merged.csv,6.5,1.9523809523809523,1.8695652173913042,0,0.0,1.0,0.0
2025021083,2026-03-19,5.87,3.9641545735216335,7,docs\win\hockey\nhl\research\sdv_challenger\season_2025\standalone_comparison.csv,5.5,-130,110,,,2026_03_19_NHL_merged.csv,5.5,1.7692307692307692,2.1,2,1.0,0.0,0.0
2025021084,2026-03-19,5.98,4.08334972104734,5,docs\win\hockey\nhl\research\sdv_challenger\season_2025\standalone_comparison.csv,5.5,-135,114,,,2026_03_19_NHL_merged.csv,5.5,1.7407407407407407,2.1399999999999997,0,0.0,1.0,0.0
2025021085,2026-03-19,6.26,4.36340571189686,4,docs\win\hockey\nhl\research\sdv_challenger\season_2025\standalone_comparison.csv,6.5,110,-130,,,2026_03_19_NHL_merged.csv,6.5,2.1,1.7692307692307692,0,0.0,1.0,0.0
2025021086,2026-03-19,6.07,4.162831787037399,9,docs\win\hockey\nhl\research\sdv_challenger\season_2025\standalone_comparison.csv,6.5,114,-135,,,2026_03_19_NHL_merged.csv,6.5,2.1399999999999997,1.7407407407407407,2,1.0,0.0,0.0
2025021087,2026-03-19,6.0,4.109996759578541,4,docs\win\hockey\nhl\research\sdv_challenger\season_2025\standalone_comparison.csv,5.5,-130,110,,,2026_03_19_NHL_merged.csv,5.5,1.7692307692307692,2.1,0,0.0,1.0,0.0
2025021088,2026-03-19,6.0,4.27244524318338,3,docs\win\hockey\nhl\research\sdv_challenger\season_2025\standalone_comparison.csv,6.5,114,-135,,,2026_03_19_NHL_merged.csv,6.5,2.1399999999999997,1.7407407407407407,0,0.0,1.0,0.0
2025021089,2026-03-19,7.05,4.349385042749795,4,docs\win\hockey\nhl\research\sdv_challenger\season_2025\standalone_comparison.csv,6.5,-115,-105,,,2026_03_19_NHL_merged.csv,6.5,1.8695652173913042,1.9523809523809523,0,0.0,1.0,0.0
2025021090,2026-03-19,6.13,4.323073602985003,8,docs\win\hockey\nhl\research\sdv_challenger\season_2025\standalone_comparison.csv,6.5,110,-130,,,2026_03_19_NHL_merged.csv,6.5,2.1,1.7692307692307692,2,1.0,0.0,0.0
2025021091,2026-03-19,5.98,4.193075802112581,4,docs\win\hockey\nhl\research\sdv_challenger\season_2025\standalone_comparison.csv,5.5,-135,114,,,2026_03_19_NHL_merged.csv,5.5,1.7407407407407407,2.1399999999999997,0,0.0,1.0,0.0
2025021092,2026-03-19,6.68,4.289079114131853,5,docs\win\hockey\nhl\research\sdv_challenger\season_2025\standalone_comparison.csv,6.5,-130,110,,,2026_03_19_NHL_merged.csv,6.5,1.7692307692307692,2.1,0,0.0,1.0,0.0
2025021093,2026-03-19,5.6,3.7277892221327527,7,docs\win\hockey\nhl\research\sdv_challenger\season_2025\standalone_comparison.csv,5.5,-135,114,,,2026_03_19_NHL_merged.csv,5.5,1.7407407407407407,2.1399999999999997,2,1.0,0.0,0.0
2025021094,2026-03-20,6.23,4.591121660307348,7,docs\win\hockey\nhl\research\sdv_challenger\season_2025\standalone_comparison.csv,6.5,105,-125,,,2026_03_20_NHL_merged.csv,6.5,2.05,1.8,2,1.0,0.0,0.0
2025021095,2026-03-20,5.81,4.382333374412998,3,docs\win\hockey\nhl\research\sdv_challenger\season_2025\standalone_comparison.csv,5.5,-135,114,,,2026_03_20_NHL_merged.csv,5.5,1.7407407407407407,2.1399999999999997,0,0.0,1.0,0.0
2025021096,2026-03-20,6.44,4.338787589711641,5,docs\win\hockey\nhl\research\sdv_challenger\season_2025\standalone_comparison.csv,6.5,100,-120,,,2026_03_20_NHL_merged.csv,6.5,2.0,1.8333333333333335,0,0.0,1.0,0.0
2025021097,2026-03-20,5.91,3.903627311224472,5,docs\win\hockey\nhl\research\sdv_challenger\season_2025\standalone_comparison.csv,5.5,-125,105,,,2026_03_20_NHL_merged.csv,5.5,1.8,2.05,0,0.0,1.0,0.0
2025021098,2026-03-20,6.34,4.553799653132378,5,docs\win\hockey\nhl\research\sdv_challenger\season_2025\standalone_comparison.csv,6.5,-115,-105,,,2026_03_20_NHL_merged.csv,6.5,1.8695652173913042,1.9523809523809523,0,0.0,1.0,0.0
2025021099,2026-03-21,5.98,4.347925215209921,9,docs\win\hockey\nhl\research\sdv_challenger\season_2025\standalone_comparison.csv,6.5,110,-130,,,2026_03_21_NHL_merged.csv,6.5,2.1,1.7692307692307692,2,1.0,0.0,0.0
2025021100,2026-03-21,6.17,4.159051524081139,5,docs\win\hockey\nhl\research\sdv_challenger\season_2025\standalone_comparison.csv,6.5,110,-130,,,2026_03_21_NHL_merged.csv,6.5,2.1,1.7692307692307692,0,0.0,1.0,0.0
2025021101,2026-03-21,6.1,4.073813829981525,3,docs\win\hockey\nhl\research\sdv_challenger\season_2025\standalone_comparison.csv,5.5,-115,-105,,,2026_03_21_NHL_merged.csv,5.5,1.8695652173913042,1.9523809523809523,0,0.0,1.0,0.0
2025021102,2026-03-21,6.01,4.084156346562409,5,docs\win\hockey\nhl\research\sdv_challenger\season_2025\standalone_comparison.csv,6.5,105,-125,,,2026_03_21_NHL_merged.csv,6.5,2.05,1.8,0,0.0,1.0,0.0
2025021103,2026-03-21,6.08,3.9275319275560094,5,docs\win\hockey\nhl\research\sdv_challenger\season_2025\standalone_comparison.csv,5.5,-135,114,,,2026_03_21_NHL_merged.csv,5.5,1.7407407407407407,2.1399999999999997,0,0.0,1.0,0.0
2025021104,2026-03-21,6.17,4.2860849653857,7,docs\win\hockey\nhl\research\sdv_challenger\season_2025\standalone_comparison.csv,6.5,105,-125,,,2026_03_21_NHL_merged.csv,6.5,2.05,1.8,2,1.0,0.0,0.0
2025021105,2026-03-21,6.12,4.4105732994522775,10,docs\win\hockey\nhl\research\sdv_challenger\season_2025\standalone_comparison.csv,5.5,-130,110,,,2026_03_21_NHL_merged.csv,5.5,1.7692307692307692,2.1,2,1.0,0.0,0.0
2025021106,2026-03-21,6.23,4.07680528068793,7,docs\win\hockey\nhl\research\sdv_challenger\season_2025\standalone_comparison.csv,5.5,-142,120,,,2026_03_21_NHL_merged.csv,5.5,1.704225352112676,2.2,2,1.0,0.0,0.0
2025021107,2026-03-21,5.95,4.346682132285772,4,docs\win\hockey\nhl\research\sdv_challenger\season_2025\standalone_comparison.csv,5.5,-125,105,,,2026_03_21_NHL_merged.csv,5.5,1.8,2.05,0,0.0,1.0,0.0
2025021108,2026-03-21,6.09,4.116710946604389,6,docs\win\hockey\nhl\research\sdv_challenger\season_2025\standalone_comparison.csv,5.5,-130,110,,,2026_03_21_NHL_merged.csv,5.5,1.7692307692307692,2.1,2,1.0,0.0,0.0
2025021109,2026-03-21,7.01,4.486875132650226,7,docs\win\hockey\nhl\research\sdv_challenger\season_2025\standalone_comparison.csv,6.5,-130,110,,,2026_03_21_NHL_merged.csv,6.5,1.7692307692307692,2.1,2,1.0,0.0,0.0
2025021110,2026-03-22,5.74,3.91033184373286,5,docs\win\hockey\nhl\research\sdv_challenger\season_2025\standalone_comparison.csv,5.5,-135,114,,,2026_03_22_NHL_merged.csv,5.5,1.7407407407407407,2.1399999999999997,0,0.0,1.0,0.0
2025021111,2026-03-22,6.32,4.575253885835156,5,docs\win\hockey\nhl\research\sdv_challenger\season_2025\standalone_comparison.csv,6.5,114,-135,,,2026_03_22_NHL_merged.csv,6.5,2.1399999999999997,1.7407407407407407,0,0.0,1.0,0.0
2025021112,2026-03-22,6.49,4.719507730643634,6,docs\win\hockey\nhl\research\sdv_challenger\season_2025\standalone_comparison.csv,6.5,-118,-102,,,2026_03_22_NHL_merged.csv,6.5,1.847457627118644,1.9803921568627452,0,0.0,1.0,0.0
2025021113,2026-03-22,6.13,4.207996904490933,5,docs\win\hockey\nhl\research\sdv_challenger\season_2025\standalone_comparison.csv,5.5,-135,114,,,2026_03_22_NHL_merged.csv,5.5,1.7407407407407407,2.1399999999999997,0,0.0,1.0,0.0
2025021114,2026-03-22,5.99,4.492730618416499,1,docs\win\hockey\nhl\research\sdv_challenger\season_2025\standalone_comparison.csv,6.5,110,-130,,,2026_03_22_NHL_merged.csv,6.5,2.1,1.7692307692307692,0,0.0,1.0,0.0
2025021115,2026-03-22,6.03,3.899439489614056,5,docs\win\hockey\nhl\research\sdv_challenger\season_2025\standalone_comparison.csv,5.5,-135,114,,,2026_03_22_NHL_merged.csv,5.5,1.7407407407407407,2.1399999999999997,0,0.0,1.0,0.0
2025021116,2026-03-22,5.88,4.019670052603861,7,docs\win\hockey\nhl\research\sdv_challenger\season_2025\standalone_comparison.csv,6.5,100,-120,,,2026_03_22_NHL_merged.csv,6.5,2.0,1.8333333333333335,2,1.0,0.0,0.0
2025021117,2026-03-22,6.67,4.553892936217299,11,docs\win\hockey\nhl\research\sdv_challenger\season_2025\standalone_comparison.csv,6.5,-120,100,,,2026_03_22_NHL_merged.csv,6.5,1.8333333333333335,2.0,2,1.0,0.0,0.0
2025021118,2026-03-22,5.72,4.056537407364456,7,docs\win\hockey\nhl\research\sdv_challenger\season_2025\standalone_comparison.csv,5.5,-122,102,,,2026_03_22_NHL_merged.csv,5.5,1.819672131147541,2.02,2,1.0,0.0,0.0
2025021119,2026-03-23,5.87,3.757213544180297,3,docs\win\hockey\nhl\research\sdv_challenger\season_2025\standalone_comparison.csv,5.5,-130,110,1.77,2.1,2026_03_23_NHL_merged.csv,5.5,1.77,2.1,0,0.0,1.0,0.0
2025021120,2026-03-24,6.22,4.158116066488017,6,docs\win\hockey\nhl\research\sdv_challenger\season_2025\standalone_comparison.csv,6.5,102,-122,2.02,1.82,2026_03_24_NHL_merged.csv,6.5,2.02,1.82,0,0.0,1.0,0.0
2025021121,2026-03-24,6.44,4.604238464160068,7,docs\win\hockey\nhl\research\sdv_challenger\season_2025\standalone_comparison.csv,6.5,-120,100,1.83,2.0,2026_03_24_NHL_merged.csv,6.5,1.83,2.0,2,1.0,0.0,0.0
2025021122,2026-03-24,6.03,4.017501504248875,5,docs\win\hockey\nhl\research\sdv_challenger\season_2025\standalone_comparison.csv,5.5,-125,105,1.8,2.05,2026_03_24_NHL_merged.csv,5.5,1.8,2.05,0,0.0,1.0,0.0
2025021123,2026-03-24,5.97,3.855453017564812,9,docs\win\hockey\nhl\research\sdv_challenger\season_2025\standalone_comparison.csv,5.5,-135,114,1.74,2.14,2026_03_24_NHL_merged.csv,5.5,1.74,2.14,2,1.0,0.0,0.0
2025021124,2026-03-24,5.72,4.271354478081088,7,docs\win\hockey\nhl\research\sdv_challenger\season_2025\standalone_comparison.csv,5.5,-125,105,1.8,2.05,2026_03_24_NHL_merged.csv,5.5,1.8,2.05,2,1.0,0.0,0.0
2025021125,2026-03-24,5.9,4.108198822616954,5,docs\win\hockey\nhl\research\sdv_challenger\season_2025\standalone_comparison.csv,5.5,-130,110,1.77,2.1,2026_03_24_NHL_merged.csv,5.5,1.77,2.1,0,0.0,1.0,0.0
2025021126,2026-03-24,6.59,4.616529151186077,8,docs\win\hockey\nhl\research\sdv_challenger\season_2025\standalone_comparison.csv,6.5,-122,102,1.82,2.02,2026_03_24_NHL_merged.csv,6.5,1.82,2.02,2,1.0,0.0,0.0
2025021127,2026-03-24,6.15,4.202327422914393,9,docs\win\hockey\nhl\research\sdv_challenger\season_2025\standalone_comparison.csv,6.5,105,-125,2.05,1.8,2026_03_24_NHL_merged.csv,6.5,2.05,1.8,2,1.0,0.0,0.0
2025021128,2026-03-24,5.74,4.296376522379478,3,docs\win\hockey\nhl\research\sdv_challenger\season_2025\standalone_comparison.csv,5.5,-130,110,1.77,2.1,2026_03_24_NHL_merged.csv,5.5,1.77,2.1,0,0.0,1.0,0.0
2025021129,2026-03-24,6.47,4.22118623827575,9,docs\win\hockey\nhl\research\sdv_challenger\season_2025\standalone_comparison.csv,6.5,100,-120,2.0,1.83,2026_03_24_NHL_merged.csv,6.5,2.0,1.83,2,1.0,0.0,0.0
2025021130,2026-03-24,5.8,4.00958337027509,10,docs\win\hockey\nhl\research\sdv_challenger\season_2025\standalone_comparison.csv,5.5,-130,110,1.77,2.1,2026_03_24_NHL_merged.csv,5.5,1.77,2.1,2,1.0,0.0,0.0
2025021131,2026-03-24,5.84,4.063259124314596,5,docs\win\hockey\nhl\research\sdv_challenger\season_2025\standalone_comparison.csv,5.5,-130,110,1.77,2.1,2026_03_24_NHL_merged.csv,5.5,1.77,2.1,0,0.0,1.0,0.0
2025021132,2026-03-24,6.76,4.652561778307548,7,docs\win\hockey\nhl\research\sdv_challenger\season_2025\standalone_comparison.csv,6.5,-118,-102,1.85,1.98,2026_03_24_NHL_merged.csv,6.5,1.85,1.98,2,1.0,0.0,0.0
2025021133,2026-03-24,5.56,3.915206135413724,5,docs\win\hockey\nhl\research\sdv_challenger\season_2025\standalone_comparison.csv,5.5,-120,100,1.83,2.0,2026_03_24_NHL_merged.csv,5.5,1.83,2.0,0,0.0,1.0,0.0
2025021134,2026-03-24,6.42,4.684413779475065,8,docs\win\hockey\nhl\research\sdv_challenger\season_2025\standalone_comparison.csv,6.5,-130,110,1.77,2.1,2026_03_24_NHL_merged.csv,6.5,1.77,2.1,2,1.0,0.0,0.0
2025021135,2026-03-25,6.39,4.186546253394546,7,docs\win\hockey\nhl\research\sdv_challenger\season_2025\standalone_comparison.csv,6.5,-112,-108,1.89,1.93,2026_03_25_NHL_merged.csv,6.5,1.89,1.93,2,1.0,0.0,0.0
2025021136,2026-03-25,5.95,4.074286668321869,7,docs\win\hockey\nhl\research\sdv_challenger\season_2025\standalone_comparison.csv,6.5,105,-125,2.05,1.8,2026_03_25_NHL_merged.csv,6.5,2.05,1.8,2,1.0,0.0,0.0
2025021137,2026-03-26,6.43,4.493200303867576,3,docs\win\hockey\nhl\research\sdv_challenger\season_2025\standalone_comparison.csv,6.5,-115,-105,1.87,1.95,2026_03_26_NHL_merged.csv,6.5,1.87,1.95,0,0.0,1.0,0.0
2025021138,2026-03-26,6.31,4.184567275229554,7,docs\win\hockey\nhl\research\sdv_challenger\season_2025\standalone_comparison.csv,6.5,105,-125,2.05,1.8,2026_03_26_NHL_merged.csv,6.5,2.05,1.8,2,1.0,0.0,0.0
2025021139,2026-03-26,6.14,4.014970402307103,7,docs\win\hockey\nhl\research\sdv_challenger\season_2025\standalone_comparison.csv,6.5,105,-125,2.05,1.8,2026_03_26_NHL_merged.csv,6.5,2.05,1.8,2,1.0,0.0,0.0
2025021140,2026-03-26,6.16,4.053836281922981,5,docs\win\hockey\nhl\research\sdv_challenger\season_2025\standalone_comparison.csv,6.5,102,-122,2.02,1.82,2026_03_26_NHL_merged.csv,6.5,2.02,1.82,0,0.0,1.0,0.0
2025021141,2026-03-26,5.78,4.118541284357342,3,docs\win\hockey\nhl\research\sdv_challenger\season_2025\standalone_comparison.csv,5.5,-120,100,1.83,2.0,2026_03_26_NHL_merged.csv,5.5,1.83,2.0,0,0.0,1.0,0.0
2025021142,2026-03-26,5.67,3.932723893969309,6,docs\win\hockey\nhl\research\sdv_challenger\season_2025\standalone_comparison.csv,5.5,-115,-105,1.87,1.95,2026_03_26_NHL_merged.csv,5.5,1.87,1.95,2,1.0,0.0,0.0
2025021143,2026-03-26,6.17,4.090387830138421,3,docs\win\hockey\nhl\research\sdv_challenger\season_2025\standalone_comparison.csv,6.5,110,-130,2.1,1.77,2026_03_26_NHL_merged.csv,6.5,2.1,1.77,0,0.0,1.0,0.0
2025021144,2026-03-26,6.11,4.2548381325852045,6,docs\win\hockey\nhl\research\sdv_challenger\season_2025\standalone_comparison.csv,6.5,102,-122,2.02,1.82,2026_03_26_NHL_merged.csv,6.5,2.02,1.82,0,0.0,1.0,0.0
2025021145,2026-03-26,6.1,4.305886505529563,5,docs\win\hockey\nhl\research\sdv_challenger\season_2025\standalone_comparison.csv,6.5,114,-135,2.14,1.74,2026_03_26_NHL_merged.csv,6.5,2.14,1.74,0,0.0,1.0,0.0
2025021146,2026-03-26,5.96,4.44046840555632,11,docs\win\hockey\nhl\research\sdv_challenger\season_2025\standalone_comparison.csv,6.5,110,-130,2.1,1.77,2026_03_26_NHL_merged.csv,6.5,2.1,1.77,2,1.0,0.0,0.0
2025021147,2026-03-26,6.31,4.399760478920595,5,docs\win\hockey\nhl\research\sdv_challenger\season_2025\standalone_comparison.csv,6.5,-115,-105,1.87,1.95,2026_03_26_NHL_merged.csv,6.5,1.87,1.95,0,0.0,1.0,0.0
2025021148,2026-03-26,7.02,4.466546892885006,7,docs\win\hockey\nhl\research\sdv_challenger\season_2025\standalone_comparison.csv,6.5,-115,-105,1.87,1.95,2026_03_26_NHL_merged.csv,6.5,1.87,1.95,2,1.0,0.0,0.0
2025021149,2026-03-26,5.84,4.220252420457665,4,docs\win\hockey\nhl\research\sdv_challenger\season_2025\standalone_comparison.csv,6.5,114,-135,2.14,1.74,2026_03_26_NHL_merged.csv,6.5,2.14,1.74,0,0.0,1.0,0.0
2025021150,2026-03-27,6.25,4.354855542498635,7,docs\win\hockey\nhl\research\sdv_challenger\season_2025\standalone_comparison.csv,5.5,-135,114,1.74,2.14,2026_03_27_NHL_merged.csv,5.5,1.74,2.14,2,1.0,0.0,0.0
2025021151,2026-03-27,5.94,3.998165092655235,7,docs\win\hockey\nhl\research\sdv_challenger\season_2025\standalone_comparison.csv,6.5,114,-135,2.14,1.74,2026_03_27_NHL_merged.csv,6.5,2.14,1.74,2,1.0,0.0,0.0
2025021152,2026-03-28,6.09,3.897652888151369,6,docs\win\hockey\nhl\research\sdv_challenger\season_2025\standalone_comparison.csv,6.5,114,-135,2.14,1.74,2026_03_28_NHL_merged.csv,6.5,2.14,1.74,0,0.0,1.0,0.0
2025021153,2026-03-28,5.88,4.110879543591869,7,docs\win\hockey\nhl\research\sdv_challenger\season_2025\standalone_comparison.csv,5.5,-118,-102,1.85,1.98,2026_03_28_NHL_merged.csv,5.5,1.85,1.98,2,1.0,0.0,0.0
2025021154,2026-03-28,7.43,4.82846401670957,6,docs\win\hockey\nhl\research\sdv_challenger\season_2025\standalone_comparison.csv,6.5,-147,124,1.68,2.24,2026_03_28_NHL_merged.csv,6.5,1.68,2.24,0,0.0,1.0,0.0
2025021155,2026-03-28,6.12,4.158004100107684,9,docs\win\hockey\nhl\research\sdv_challenger\season_2025\standalone_comparison.csv,6.5,105,-125,2.05,1.8,2026_03_28_NHL_merged.csv,6.5,2.05,1.8,2,1.0,0.0,0.0
2025021156,2026-03-28,6.38,4.221693390918868,9,docs\win\hockey\nhl\research\sdv_challenger\season_2025\standalone_comparison.csv,6.5,110,-130,2.1,1.77,2026_03_28_NHL_merged.csv,6.5,2.1,1.77,2,1.0,0.0,0.0
2025021157,2026-03-28,6.07,4.485111592215734,7,docs\win\hockey\nhl\research\sdv_challenger\season_2025\standalone_comparison.csv,6.5,-105,-115,1.95,1.87,2026_03_28_NHL_merged.csv,6.5,1.95,1.87,2,1.0,0.0,0.0
2025021158,2026-03-28,6.45,4.312059860454665,5,docs\win\hockey\nhl\research\sdv_challenger\season_2025\standalone_comparison.csv,6.5,-105,-115,1.95,1.87,2026_03_28_NHL_merged.csv,6.5,1.95,1.87,0,0.0,1.0,0.0
2025021159,2026-03-28,6.3,4.204085384354573,5,docs\win\hockey\nhl\research\sdv_challenger\season_2025\standalone_comparison.csv,6.5,100,-120,2.0,1.83,2026_03_28_NHL_merged.csv,6.5,2.0,1.83,0,0.0,1.0,0.0
2025021160,2026-03-28,5.87,4.2240585224590514,6,docs\win\hockey\nhl\research\sdv_challenger\season_2025\standalone_comparison.csv,5.5,-125,105,1.8,2.05,2026_03_28_NHL_merged.csv,5.5,1.8,2.05,2,1.0,0.0,0.0
2025021161,2026-03-28,6.39,4.345732532261877,5,docs\win\hockey\nhl\research\sdv_challenger\season_2025\standalone_comparison.csv,6.5,-105,-115,1.95,1.87,2026_03_28_NHL_merged.csv,6.5,1.95,1.87,0,0.0,1.0,0.0
2025021162,2026-03-28,6.07,4.309552578732003,6,docs\win\hockey\nhl\research\sdv_challenger\season_2025\standalone_comparison.csv,6.5,114,-135,2.14,1.74,2026_03_28_NHL_merged.csv,6.5,2.14,1.74,0,0.0,1.0,0.0
2025021163,2026-03-28,5.69,3.99092607739237,8,docs\win\hockey\nhl\research\sdv_challenger\season_2025\standalone_comparison.csv,5.5,-130,110,1.77,2.1,2026_03_28_NHL_merged.csv,5.5,1.77,2.1,2,1.0,0.0,0.0
2025021164,2026-03-28,5.7,4.060969152628868,8,docs\win\hockey\nhl\research\sdv_challenger\season_2025\standalone_comparison.csv,5.5,-122,102,1.82,2.02,2026_03_28_NHL_merged.csv,5.5,1.82,2.02,2,1.0,0.0,0.0
2025021165,2026-03-28,5.85,4.31789149362077,10,docs\win\hockey\nhl\research\sdv_challenger\season_2025\standalone_comparison.csv,5.5,-130,110,1.77,2.1,2026_03_28_NHL_merged.csv,5.5,1.77,2.1,2,1.0,0.0,0.0
2025021166,2026-03-28,5.97,4.261110927643125,9,docs\win\hockey\nhl\research\sdv_challenger\season_2025\standalone_comparison.csv,5.5,-135,114,1.74,2.14,2026_03_28_NHL_merged.csv,5.5,1.74,2.14,2,1.0,0.0,0.0
2025021167,2026-03-29,5.94,3.764477196467862,4,docs\win\hockey\nhl\research\sdv_challenger\season_2025\standalone_comparison.csv,5.5,-135,114,1.74,2.14,2026_03_29_NHL_merged.csv,5.5,1.74,2.14,0,0.0,1.0,0.0
2025021168,2026-03-29,6.69,4.141718541914266,5,docs\win\hockey\nhl\research\sdv_challenger\season_2025\standalone_comparison.csv,6.5,-110,-110,1.91,1.91,2026_03_29_NHL_merged.csv,6.5,1.91,1.91,0,0.0,1.0,0.0
2025021169,2026-03-29,6.57,4.602461310773438,4,docs\win\hockey\nhl\research\sdv_challenger\season_2025\standalone_comparison.csv,6.5,-105,-115,1.95,1.87,2026_03_29_NHL_merged.csv,6.5,1.95,1.87,0,0.0,1.0,0.0
2025021170,2026-03-29,6.25,4.249619144539297,7,docs\win\hockey\nhl\research\sdv_challenger\season_2025\standalone_comparison.csv,6.5,110,-130,2.1,1.77,2026_03_29_NHL_merged.csv,6.5,2.1,1.77,2,1.0,0.0,0.0
2025021171,2026-03-29,5.72,4.274980493141519,8,docs\win\hockey\nhl\research\sdv_challenger\season_2025\standalone_comparison.csv,5.5,-130,110,1.77,2.1,2026_03_29_NHL_merged.csv,5.5,1.77,2.1,2,1.0,0.0,0.0
2025021172,2026-03-29,5.72,3.726658009439348,3,docs\win\hockey\nhl\research\sdv_challenger\season_2025\standalone_comparison.csv,5.5,-125,105,1.8,2.05,2026_03_29_NHL_merged.csv,5.5,1.8,2.05,0,0.0,1.0,0.0
2025021173,2026-03-30,6.25,4.530323047169664,11,docs\win\hockey\nhl\research\sdv_challenger\season_2025\standalone_comparison.csv,6.5,114,-135,2.14,1.74,2026_03_30_NHL_merged.csv,6.5,2.14,1.74,2,1.0,0.0,0.0
2025021174,2026-03-30,6.15,4.252917015531239,11,docs\win\hockey\nhl\research\sdv_challenger\season_2025\standalone_comparison.csv,6.5,114,-135,2.14,1.74,2026_03_30_NHL_merged.csv,6.5,2.14,1.74,2,1.0,0.0,0.0
2025021175,2026-03-30,6.14,4.301014189126564,6,docs\win\hockey\nhl\research\sdv_challenger\season_2025\standalone_comparison.csv,6.5,-112,-108,1.89,1.93,2026_03_30_NHL_merged.csv,6.5,1.89,1.93,0,0.0,1.0,0.0
2025021176,2026-03-30,6.48,4.594205263407609,9,docs\win\hockey\nhl\research\sdv_challenger\season_2025\standalone_comparison.csv,6.5,-115,-105,1.87,1.95,2026_03_30_NHL_merged.csv,6.5,1.87,1.95,2,1.0,0.0,0.0
2025021177,2026-03-30,6.03,4.08405747568086,9,docs\win\hockey\nhl\research\sdv_challenger\season_2025\standalone_comparison.csv,5.5,-130,110,1.77,2.1,2026_03_30_NHL_merged.csv,5.5,1.77,2.1,2,1.0,0.0,0.0
2025021178,2026-03-31,6.03,3.8583919704241008,9,docs\win\hockey\nhl\research\sdv_challenger\season_2025\standalone_comparison.csv,5.5,-130,110,1.77,2.1,2026_03_31_NHL_merged.csv,5.5,1.77,2.1,2,1.0,0.0,0.0
2025021179,2026-03-31,6.19,4.476740989440266,7,docs\win\hockey\nhl\research\sdv_challenger\season_2025\standalone_comparison.csv,6.5,110,-130,2.1,1.77,2026_03_31_NHL_merged.csv,6.5,2.1,1.77,2,1.0,0.0,0.0
2025021180,2026-03-31,6.49,4.23386167683484,5,docs\win\hockey\nhl\research\sdv_challenger\season_2025\standalone_comparison.csv,6.5,105,-125,2.05,1.8,2026_03_31_NHL_merged.csv,6.5,2.05,1.8,0,0.0,1.0,0.0
2025021181,2026-03-31,6.04,3.7848068402044968,9,docs\win\hockey\nhl\research\sdv_challenger\season_2025\standalone_comparison.csv,5.5,-135,114,1.74,2.14,2026_03_31_NHL_merged.csv,5.5,1.74,2.14,2,1.0,0.0,0.0
2025021182,2026-03-31,5.77,4.001251083371438,5,docs\win\hockey\nhl\research\sdv_challenger\season_2025\standalone_comparison.csv,6.5,114,-135,2.14,1.74,2026_03_31_NHL_merged.csv,6.5,2.14,1.74,0,0.0,1.0,0.0
2025021183,2026-03-31,6.32,4.436347780589779,6,docs\win\hockey\nhl\research\sdv_challenger\season_2025\standalone_comparison.csv,6.5,102,-122,2.02,1.82,2026_03_31_NHL_merged.csv,6.5,2.02,1.82,0,0.0,1.0,0.0
2025021184,2026-03-31,5.72,4.06609801710756,10,docs\win\hockey\nhl\research\sdv_challenger\season_2025\standalone_comparison.csv,5.5,-120,100,1.83,2.0,2026_03_31_NHL_merged.csv,5.5,1.83,2.0,2,1.0,0.0,0.0
2025021185,2026-03-31,6.29,4.643426615283388,7,docs\win\hockey\nhl\research\sdv_challenger\season_2025\standalone_comparison.csv,6.5,-105,-115,1.95,1.87,2026_03_31_NHL_merged.csv,6.5,1.95,1.87,2,1.0,0.0,0.0
2025021186,2026-03-31,5.72,4.182868600425051,7,docs\win\hockey\nhl\research\sdv_challenger\season_2025\standalone_comparison.csv,5.5,-130,110,1.77,2.1,2026_03_31_NHL_merged.csv,5.5,1.77,2.1,2,1.0,0.0,0.0
2025021187,2026-03-31,6.91,4.43892028330015,3,docs\win\hockey\nhl\research\sdv_challenger\season_2025\standalone_comparison.csv,6.5,-105,-115,1.95,1.87,2026_03_31_NHL_merged.csv,6.5,1.95,1.87,0,0.0,1.0,0.0
2025021188,2026-04-01,6.43,4.615541520584074,14,docs\win\hockey\nhl\research\sdv_challenger\season_2025\standalone_comparison.csv,6.5,-105,-115,1.95,1.87,2026_04_01_NHL_merged.csv,6.5,1.95,1.87,2,1.0,0.0,0.0
2025021189,2026-04-01,5.48,3.875660519264974,3,docs\win\hockey\nhl\research\sdv_challenger\season_2025\standalone_comparison.csv,5.5,-115,-105,1.87,1.95,2026_04_01_NHL_merged.csv,5.5,1.87,1.95,0,0.0,1.0,0.0
2025021190,2026-04-01,6.73,4.440064326416036,7,docs\win\hockey\nhl\research\sdv_challenger\season_2025\standalone_comparison.csv,6.5,-130,110,1.77,2.1,2026_04_01_NHL_merged.csv,6.5,1.77,2.1,2,1.0,0.0,0.0
2025021191,2026-04-02,6.3,4.108449313254889,5,docs\win\hockey\nhl\research\sdv_challenger\season_2025\standalone_comparison.csv,6.5,-105,-115,1.95,1.87,2026_04_02_NHL_merged.csv,6.5,1.95,1.87,0,0.0,1.0,0.0
2025021192,2026-04-02,6.53,4.346557095900766,9,docs\win\hockey\nhl\research\sdv_challenger\season_2025\standalone_comparison.csv,6.5,-110,-110,1.91,1.91,2026_04_02_NHL_merged.csv,6.5,1.91,1.91,2,1.0,0.0,0.0
2025021193,2026-04-02,6.09,3.884197599844335,3,docs\win\hockey\nhl\research\sdv_challenger\season_2025\standalone_comparison.csv,6.5,105,-125,2.05,1.8,2026_04_02_NHL_merged.csv,6.5,2.05,1.8,0,0.0,1.0,0.0
2025021194,2026-04-02,5.85,4.3867089815399805,10,docs\win\hockey\nhl\research\sdv_challenger\season_2025\standalone_comparison.csv,6.5,105,-125,2.05,1.8,2026_04_02_NHL_merged.csv,6.5,2.05,1.8,2,1.0,0.0,0.0
2025021195,2026-04-02,6.31,4.063280898161191,5,docs\win\hockey\nhl\research\sdv_challenger\season_2025\standalone_comparison.csv,6.5,100,-120,2.0,1.83,2026_04_02_NHL_merged.csv,6.5,2.0,1.83,0,0.0,1.0,0.0
2025021196,2026-04-02,5.7,3.958533723180719,6,docs\win\hockey\nhl\research\sdv_challenger\season_2025\standalone_comparison.csv,5.5,-125,105,1.8,2.05,2026_04_02_NHL_merged.csv,5.5,1.8,2.05,2,1.0,0.0,0.0
2025021197,2026-04-02,6.4,4.646252811867624,6,docs\win\hockey\nhl\research\sdv_challenger\season_2025\standalone_comparison.csv,6.5,-105,-115,1.95,1.87,2026_04_02_NHL_merged.csv,6.5,1.95,1.87,0,0.0,1.0,0.0
2025021198,2026-04-02,5.74,3.882983755891324,3,docs\win\hockey\nhl\research\sdv_challenger\season_2025\standalone_comparison.csv,5.5,-120,100,1.83,2.0,2026_04_02_NHL_merged.csv,5.5,1.83,2.0,0,0.0,1.0,0.0
2025021199,2026-04-02,6.17,4.510243751940893,7,docs\win\hockey\nhl\research\sdv_challenger\season_2025\standalone_comparison.csv,6.5,-110,-110,1.91,1.91,2026_04_02_NHL_merged.csv,6.5,1.91,1.91,2,1.0,0.0,0.0
2025021200,2026-04-02,6.6,4.610301849669897,4,docs\win\hockey\nhl\research\sdv_challenger\season_2025\standalone_comparison.csv,6.5,-112,-108,1.89,1.93,2026_04_02_NHL_merged.csv,6.5,1.89,1.93,0,0.0,1.0,0.0
2025021201,2026-04-02,5.8,4.003999368078585,9,docs\win\hockey\nhl\research\sdv_challenger\season_2025\standalone_comparison.csv,5.5,-143,120,1.7,2.2,2026_04_02_NHL_merged.csv,5.5,1.7,2.2,2,1.0,0.0,0.0
2025021202,2026-04-02,6.44,4.244863390349653,5,docs\win\hockey\nhl\research\sdv_challenger\season_2025\standalone_comparison.csv,6.5,100,-120,2.0,1.83,2026_04_02_NHL_merged.csv,6.5,2.0,1.83,0,0.0,1.0,0.0
2025021203,2026-04-02,5.86,4.169739285164161,8,docs\win\hockey\nhl\research\sdv_challenger\season_2025\standalone_comparison.csv,6.5,114,-135,2.14,1.74,2026_04_02_NHL_merged.csv,6.5,2.14,1.74,2,1.0,0.0,0.0
2025021204,2026-04-02,5.83,3.995173272694398,9,docs\win\hockey\nhl\research\sdv_challenger\season_2025\standalone_comparison.csv,5.5,-125,105,1.8,2.05,2026_04_02_NHL_merged.csv,5.5,1.8,2.05,2,1.0,0.0,0.0
2025021205,2026-04-03,5.6,4.073009809902295,5,docs\win\hockey\nhl\research\sdv_challenger\season_2025\standalone_comparison.csv,5.5,-125,105,1.8,2.05,2026_04_03_NHL_merged.csv,5.5,1.8,2.05,0,0.0,1.0,0.0
2025021206,2026-04-03,6.12,4.39047748646836,8,docs\win\hockey\nhl\research\sdv_challenger\season_2025\standalone_comparison.csv,6.5,110,-130,2.1,1.77,2026_04_03_NHL_merged.csv,6.5,2.1,1.77,2,1.0,0.0,0.0
2025021207,2026-04-04,5.91,3.994864859365874,5,docs\win\hockey\nhl\research\sdv_challenger\season_2025\standalone_comparison.csv,6.5,110,-130,2.1,1.77,2026_04_04_NHL_merged.csv,6.5,2.1,1.77,0,0.0,1.0,0.0
2025021208,2026-04-04,6.04,4.079649804390936,5,docs\win\hockey\nhl\research\sdv_challenger\season_2025\standalone_comparison.csv,5.5,-135,114,1.74,2.14,2026_04_04_NHL_merged.csv,5.5,1.74,2.14,0,0.0,1.0,0.0
2025021209,2026-04-04,6.2,4.186213647658546,2,docs\win\hockey\nhl\research\sdv_challenger\season_2025\standalone_comparison.csv,6.5,114,-135,2.14,1.74,2026_04_04_NHL_merged.csv,6.5,2.14,1.74,0,0.0,1.0,0.0
2025021210,2026-04-04,6.3,4.030889297132806,4,docs\win\hockey\nhl\research\sdv_challenger\season_2025\standalone_comparison.csv,6.5,110,-130,2.1,1.77,2026_04_04_NHL_merged.csv,6.5,2.1,1.77,0,0.0,1.0,0.0
2025021211,2026-04-04,6.25,4.246752505262675,13,docs\win\hockey\nhl\research\sdv_challenger\season_2025\standalone_comparison.csv,6.5,-105,-115,1.95,1.87,2026_04_04_NHL_merged.csv,6.5,1.95,1.87,2,1.0,0.0,0.0
2025021212,2026-04-04,6.18,4.35683379261913,7,docs\win\hockey\nhl\research\sdv_challenger\season_2025\standalone_comparison.csv,6.5,100,-120,2.0,1.83,2026_04_04_NHL_merged.csv,6.5,2.0,1.83,2,1.0,0.0,0.0
2025021213,2026-04-04,6.29,4.444460847417984,8,docs\win\hockey\nhl\research\sdv_challenger\season_2025\standalone_comparison.csv,6.5,100,-120,2.0,1.83,2026_04_04_NHL_merged.csv,6.5,2.0,1.83,2,1.0,0.0,0.0
2025021214,2026-04-04,6.04,4.595440770522027,7,docs\win\hockey\nhl\research\sdv_challenger\season_2025\standalone_comparison.csv,6.5,105,-125,2.05,1.8,2026_04_04_NHL_merged.csv,6.5,2.05,1.8,2,1.0,0.0,0.0
2025021215,2026-04-04,5.92,4.235461659550404,3,docs\win\hockey\nhl\research\sdv_challenger\season_2025\standalone_comparison.csv,6.5,114,-135,2.14,1.74,2026_04_04_NHL_merged.csv,6.5,2.14,1.74,0,0.0,1.0,0.0
2025021216,2026-04-04,6.09,4.51045883117316,11,docs\win\hockey\nhl\research\sdv_challenger\season_2025\standalone_comparison.csv,6.5,102,-122,2.02,1.82,2026_04_04_NHL_merged.csv,6.5,2.02,1.82,2,1.0,0.0,0.0
2025021217,2026-04-04,5.81,4.068356860632848,13,docs\win\hockey\nhl\research\sdv_challenger\season_2025\standalone_comparison.csv,5.5,-135,114,1.74,2.14,2026_04_04_NHL_merged.csv,5.5,1.74,2.14,2,1.0,0.0,0.0
2025021218,2026-04-04,7.1,4.408842623879998,6,docs\win\hockey\nhl\research\sdv_challenger\season_2025\standalone_comparison.csv,6.5,100,-120,2.0,1.83,2026_04_04_NHL_merged.csv,6.5,2.0,1.83,0,0.0,1.0,0.0
2025021219,2026-04-04,6.39,4.412321746354317,8,docs\win\hockey\nhl\research\sdv_challenger\season_2025\standalone_comparison.csv,6.5,-105,-115,1.95,1.87,2026_04_04_NHL_merged.csv,6.5,1.95,1.87,2,1.0,0.0,0.0
2025021220,2026-04-04,6.4,4.178225838477841,9,docs\win\hockey\nhl\research\sdv_challenger\season_2025\standalone_comparison.csv,6.5,100,-120,2.0,1.83,2026_04_04_NHL_merged.csv,6.5,2.0,1.83,2,1.0,0.0,0.0
2025021221,2026-04-04,5.94,4.171162858935504,6,docs\win\hockey\nhl\research\sdv_challenger\season_2025\standalone_comparison.csv,5.5,-130,110,1.77,2.1,2026_04_04_NHL_merged.csv,5.5,1.77,2.1,2,1.0,0.0,0.0
2025021222,2026-04-05,5.96,4.332871290012282,9,docs\win\hockey\nhl\research\sdv_challenger\season_2025\standalone_comparison.csv,5.5,-135,114,1.74,2.14,2026_04_05_NHL_merged.csv,5.5,1.74,2.14,2,1.0,0.0,0.0
2025021223,2026-04-05,6.22,4.258403883356369,7,docs\win\hockey\nhl\research\sdv_challenger\season_2025\standalone_comparison.csv,6.5,-122,102,1.82,2.02,2026_04_05_NHL_merged.csv,6.5,1.82,2.02,2,1.0,0.0,0.0
2025021224,2026-04-05,5.86,3.8185106842580905,3,docs\win\hockey\nhl\research\sdv_challenger\season_2025\standalone_comparison.csv,5.5,-135,114,1.74,2.14,2026_04_05_NHL_merged.csv,5.5,1.74,2.14,0,0.0,1.0,0.0
2025021225,2026-04-05,6.4,4.252199777418867,9,docs\win\hockey\nhl\research\sdv_challenger\season_2025\standalone_comparison.csv,6.5,105,-125,2.05,1.8,2026_04_05_NHL_merged.csv,6.5,2.05,1.8,2,1.0,0.0,0.0
2025021226,2026-04-05,6.34,4.373631551807492,3,docs\win\hockey\nhl\research\sdv_challenger\season_2025\standalone_comparison.csv,6.5,-105,-115,1.95,1.87,2026_04_05_NHL_merged.csv,6.5,1.95,1.87,0,0.0,1.0,0.0
2025021227,2026-04-05,5.96,4.097117969308654,9,docs\win\hockey\nhl\research\sdv_challenger\season_2025\standalone_comparison.csv,5.5,-130,110,1.77,2.1,2026_04_05_NHL_merged.csv,5.5,1.77,2.1,2,1.0,0.0,0.0
2025021228,2026-04-05,6.22,4.307520570829119,5,docs\win\hockey\nhl\research\sdv_challenger\season_2025\standalone_comparison.csv,6.5,114,-135,2.14,1.74,2026_04_05_NHL_merged.csv,6.5,2.14,1.74,0,0.0,1.0,0.0
2025021229,2026-04-06,6.51,4.248576295142448,6,docs\win\hockey\nhl\research\sdv_challenger\season_2025\standalone_comparison.csv,6.5,-108,-112,1.93,1.89,2026_04_06_NHL_merged.csv,6.5,1.93,1.89,0,0.0,1.0,0.0
2025021230,2026-04-06,5.73,3.989611167808386,8,docs\win\hockey\nhl\research\sdv_challenger\season_2025\standalone_comparison.csv,5.5,-120,100,1.83,2.0,2026_04_06_NHL_merged.csv,5.5,1.83,2.0,2,1.0,0.0,0.0
2025021231,2026-04-06,6.21,4.226451753892999,5,docs\win\hockey\nhl\research\sdv_challenger\season_2025\standalone_comparison.csv,6.5,100,-120,2.0,1.83,2026_04_06_NHL_merged.csv,6.5,2.0,1.83,0,0.0,1.0,0.0
2025021232,2026-04-06,5.77,4.010149693630392,5,docs\win\hockey\nhl\research\sdv_challenger\season_2025\standalone_comparison.csv,5.5,-130,110,1.77,2.1,2026_04_06_NHL_merged.csv,5.5,1.77,2.1,0,0.0,1.0,0.0
2025021233,2026-04-07,6.35,4.091243141511824,7,docs\win\hockey\nhl\research\sdv_challenger\season_2025\standalone_comparison.csv,6.5,-110,-110,1.91,1.91,2026_04_07_NHL_merged.csv,6.5,1.91,1.91,2,1.0,0.0,0.0
2025021234,2026-04-07,6.27,3.918321940439051,8,docs\win\hockey\nhl\research\sdv_challenger\season_2025\standalone_comparison.csv,6.5,-105,-115,1.95,1.87,2026_04_07_NHL_merged.csv,6.5,1.95,1.87,2,1.0,0.0,0.0
2025021235,2026-04-07,6.06,4.384747260390896,7,docs\win\hockey\nhl\research\sdv_challenger\season_2025\standalone_comparison.csv,6.5,114,-135,2.14,1.74,2026_04_07_NHL_merged.csv,6.5,2.14,1.74,2,1.0,0.0,0.0
2025021236,2026-04-07,5.73,3.968894540283455,6,docs\win\hockey\nhl\research\sdv_challenger\season_2025\standalone_comparison.csv,5.5,-135,114,1.74,2.14,2026_04_07_NHL_merged.csv,5.5,1.74,2.14,2,1.0,0.0,0.0
2025021237,2026-04-07,6.29,4.3642391779236736,11,docs\win\hockey\nhl\research\sdv_challenger\season_2025\standalone_comparison.csv,6.5,105,-125,2.05,1.8,2026_04_07_NHL_merged.csv,6.5,2.05,1.8,2,1.0,0.0,0.0
2025021238,2026-04-07,6.03,4.320631424178972,4,docs\win\hockey\nhl\research\sdv_challenger\season_2025\standalone_comparison.csv,6.5,110,-130,2.1,1.77,2026_04_07_NHL_merged.csv,6.5,2.1,1.77,0,0.0,1.0,0.0
2025021239,2026-04-07,5.69,3.898973702511062,7,docs\win\hockey\nhl\research\sdv_challenger\season_2025\standalone_comparison.csv,5.5,-120,100,1.83,2.0,2026_04_07_NHL_merged.csv,5.5,1.83,2.0,2,1.0,0.0,0.0
2025021240,2026-04-07,5.99,4.213577012609001,7,docs\win\hockey\nhl\research\sdv_challenger\season_2025\standalone_comparison.csv,5.5,-143,120,1.7,2.2,2026_04_07_NHL_merged.csv,5.5,1.7,2.2,2,1.0,0.0,0.0
2025021241,2026-04-07,6.9,4.596453014183847,11,docs\win\hockey\nhl\research\sdv_challenger\season_2025\standalone_comparison.csv,6.5,-105,-115,1.95,1.87,2026_04_07_NHL_merged.csv,6.5,1.95,1.87,2,1.0,0.0,0.0
2025021242,2026-04-07,6.33,4.289847885859522,3,docs\win\hockey\nhl\research\sdv_challenger\season_2025\standalone_comparison.csv,6.5,-105,-115,1.95,1.87,2026_04_07_NHL_merged.csv,6.5,1.95,1.87,0,0.0,1.0,0.0
2025021243,2026-04-07,6.64,4.559837516918562,5,docs\win\hockey\nhl\research\sdv_challenger\season_2025\standalone_comparison.csv,6.5,-110,-110,1.91,1.91,2026_04_07_NHL_merged.csv,6.5,1.91,1.91,0,0.0,1.0,0.0
2025021244,2026-04-08,6.21,4.065723697948897,8,docs\win\hockey\nhl\research\sdv_challenger\season_2025\standalone_comparison.csv,6.5,110,-130,2.1,1.77,2026_04_08_NHL_merged.csv,6.5,2.1,1.77,2,1.0,0.0,0.0
2025021245,2026-04-08,6.04,4.41171402818972,4,docs\win\hockey\nhl\research\sdv_challenger\season_2025\standalone_comparison.csv,6.5,-105,-115,1.95,1.87,2026_04_08_NHL_merged.csv,6.5,1.95,1.87,0,0.0,1.0,0.0
2025021246,2026-04-08,7.34,4.469946590664007,7,docs\win\hockey\nhl\research\sdv_challenger\season_2025\standalone_comparison.csv,6.5,-115,-105,1.87,1.95,2026_04_08_NHL_merged.csv,6.5,1.87,1.95,2,1.0,0.0,0.0
2025021247,2026-04-09,6.44,4.4575109981332535,5,docs\win\hockey\nhl\research\sdv_challenger\season_2025\standalone_comparison.csv,6.5,105,-125,2.05,1.8,2026_04_09_NHL_merged.csv,6.5,2.05,1.8,0,0.0,1.0,0.0
2025021248,2026-04-09,6.42,4.215718777214399,3,docs\win\hockey\nhl\research\sdv_challenger\season_2025\standalone_comparison.csv,6.5,-105,-115,1.95,1.87,2026_04_09_NHL_merged.csv,6.5,1.95,1.87,0,0.0,1.0,0.0
2025021249,2026-04-09,6.05,3.801571520149993,6,docs\win\hockey\nhl\research\sdv_challenger\season_2025\standalone_comparison.csv,6.5,-102,-118,1.98,1.85,2026_04_09_NHL_merged.csv,6.5,1.98,1.85,0,0.0,1.0,0.0
2025021250,2026-04-09,5.67,3.9367892578661534,9,docs\win\hockey\nhl\research\sdv_challenger\season_2025\standalone_comparison.csv,6.5,110,-130,2.1,1.77,2026_04_09_NHL_merged.csv,6.5,2.1,1.77,2,1.0,0.0,0.0
2025021251,2026-04-09,6.31,4.469609749013143,7,docs\win\hockey\nhl\research\sdv_challenger\season_2025\standalone_comparison.csv,6.5,-110,-110,1.91,1.91,2026_04_09_NHL_merged.csv,6.5,1.91,1.91,2,1.0,0.0,0.0
2025021252,2026-04-09,5.96,4.393762129419157,8,docs\win\hockey\nhl\research\sdv_challenger\season_2025\standalone_comparison.csv,6.5,100,-120,2.0,1.83,2026_04_09_NHL_merged.csv,6.5,2.0,1.83,2,1.0,0.0,0.0
2025021253,2026-04-09,5.65,4.029464062466703,5,docs\win\hockey\nhl\research\sdv_challenger\season_2025\standalone_comparison.csv,5.5,-108,-112,1.93,1.89,2026_04_09_NHL_merged.csv,5.5,1.93,1.89,0,0.0,1.0,0.0
2025021254,2026-04-09,5.89,4.066444357007539,9,docs\win\hockey\nhl\research\sdv_challenger\season_2025\standalone_comparison.csv,6.5,114,-135,2.14,1.74,2026_04_09_NHL_merged.csv,6.5,2.14,1.74,2,1.0,0.0,0.0
2025021255,2026-04-09,6.14,4.5646950244311135,9,docs\win\hockey\nhl\research\sdv_challenger\season_2025\standalone_comparison.csv,6.5,105,-125,2.05,1.8,2026_04_09_NHL_merged.csv,6.5,2.05,1.8,2,1.0,0.0,0.0
2025021256,2026-04-09,6.15,4.311281284948768,4,docs\win\hockey\nhl\research\sdv_challenger\season_2025\standalone_comparison.csv,6.5,105,-125,2.05,1.8,2026_04_09_NHL_merged.csv,6.5,2.05,1.8,0,0.0,1.0,0.0
2025021257,2026-04-09,6.0,4.333658166627786,5,docs\win\hockey\nhl\research\sdv_challenger\season_2025\standalone_comparison.csv,6.5,110,-130,2.1,1.77,2026_04_09_NHL_merged.csv,6.5,2.1,1.77,0,0.0,1.0,0.0
2025021258,2026-04-09,6.75,4.431250728660203,7,docs\win\hockey\nhl\research\sdv_challenger\season_2025\standalone_comparison.csv,6.5,-120,100,1.83,2.0,2026_04_09_NHL_merged.csv,6.5,1.83,2.0,2,1.0,0.0,0.0
2025021259,2026-04-09,6.09,4.009659809992796,7,docs\win\hockey\nhl\research\sdv_challenger\season_2025\standalone_comparison.csv,6.5,114,-135,2.14,1.74,2026_04_09_NHL_merged.csv,6.5,2.14,1.74,2,1.0,0.0,0.0
2025021260,2026-04-09,5.93,4.188101309790495,5,docs\win\hockey\nhl\research\sdv_challenger\season_2025\standalone_comparison.csv,6.5,114,-135,2.14,1.74,2026_04_09_NHL_merged.csv,6.5,2.14,1.74,0,0.0,1.0,0.0
2025021261,2026-04-11,6.31,4.023019604949678,3,docs\win\hockey\nhl\research\sdv_challenger\season_2025\standalone_comparison.csv,5.5,-135,114,1.74,2.14,2026_04_11_NHL_merged.csv,5.5,1.74,2.14,0,0.0,1.0,0.0
2025021262,2026-04-11,5.79,4.162210012117864,3,docs\win\hockey\nhl\research\sdv_challenger\season_2025\standalone_comparison.csv,6.5,114,-135,2.14,1.74,2026_04_11_NHL_merged.csv,6.5,2.14,1.74,0,0.0,1.0,0.0
2025021263,2026-04-11,6.24,4.569736673497159,9,docs\win\hockey\nhl\research\sdv_challenger\season_2025\standalone_comparison.csv,6.5,-105,-115,1.95,1.87,2026_04_11_NHL_merged.csv,6.5,1.95,1.87,2,1.0,0.0,0.0
2025021264,2026-04-11,6.43,4.309689622401747,1,docs\win\hockey\nhl\research\sdv_challenger\season_2025\standalone_comparison.csv,6.5,100,-120,2.0,1.83,2026_04_11_NHL_merged.csv,6.5,2.0,1.83,0,0.0,1.0,0.0
2025021265,2026-04-11,5.85,4.2707978898049,8,docs\win\hockey\nhl\research\sdv_challenger\season_2025\standalone_comparison.csv,6.5,102,-122,2.02,1.82,2026_04_11_NHL_merged.csv,6.5,2.02,1.82,2,1.0,0.0,0.0
2025021266,2026-04-11,5.63,4.195715312075591,8,docs\win\hockey\nhl\research\sdv_challenger\season_2025\standalone_comparison.csv,5.5,-135,114,1.74,2.14,2026_04_11_NHL_merged.csv,5.5,1.74,2.14,2,1.0,0.0,0.0
2025021267,2026-04-11,6.09,4.357027582974432,3,docs\win\hockey\nhl\research\sdv_challenger\season_2025\standalone_comparison.csv,6.5,110,-130,2.1,1.77,2026_04_11_NHL_merged.csv,6.5,2.1,1.77,0,0.0,1.0,0.0
2025021268,2026-04-11,5.78,3.7185102539423096,2,docs\win\hockey\nhl\research\sdv_challenger\season_2025\standalone_comparison.csv,5.5,-125,105,1.8,2.05,2026_04_11_NHL_merged.csv,5.5,1.8,2.05,0,0.0,1.0,0.0
2025021269,2026-04-11,6.08,4.55796178228135,5,docs\win\hockey\nhl\research\sdv_challenger\season_2025\standalone_comparison.csv,6.5,-105,-115,1.95,1.87,2026_04_11_NHL_merged.csv,6.5,1.95,1.87,0,0.0,1.0,0.0
2025021270,2026-04-11,6.22,4.085195071546695,8,docs\win\hockey\nhl\research\sdv_challenger\season_2025\standalone_comparison.csv,6.5,-120,100,1.83,2.0,2026_04_11_NHL_merged.csv,6.5,1.83,2.0,2,1.0,0.0,0.0
2025021271,2026-04-11,6.38,4.426799704187152,7,docs\win\hockey\nhl\research\sdv_challenger\season_2025\standalone_comparison.csv,6.5,110,-130,2.1,1.77,2026_04_11_NHL_merged.csv,6.5,2.1,1.77,2,1.0,0.0,0.0
2025021272,2026-04-11,5.57,3.781327225919056,8,docs\win\hockey\nhl\research\sdv_challenger\season_2025\standalone_comparison.csv,5.5,-115,-105,1.87,1.95,2026_04_11_NHL_merged.csv,5.5,1.87,1.95,2,1.0,0.0,0.0
2025021273,2026-04-11,5.77,4.07078468518113,5,docs\win\hockey\nhl\research\sdv_challenger\season_2025\standalone_comparison.csv,6.5,114,-135,2.14,1.74,2026_04_11_NHL_merged.csv,6.5,2.14,1.74,0,0.0,1.0,0.0
2025021274,2026-04-11,6.49,4.306748034806398,5,docs\win\hockey\nhl\research\sdv_challenger\season_2025\standalone_comparison.csv,6.5,114,-135,2.14,1.74,2026_04_11_NHL_merged.csv,6.5,2.14,1.74,0,0.0,1.0,0.0
2025021275,2026-04-11,6.51,4.316679708685327,7,docs\win\hockey\nhl\research\sdv_challenger\season_2025\standalone_comparison.csv,6.5,-115,-105,1.87,1.95,2026_04_11_NHL_merged.csv,6.5,1.87,1.95,2,1.0,0.0,0.0
2025021276,2026-04-12,6.43,4.552630072643641,3,docs\win\hockey\nhl\research\sdv_challenger\season_2025\standalone_comparison.csv,6.5,-122,102,1.82,2.02,2026_04_12_NHL_merged.csv,6.5,1.82,2.02,0,0.0,1.0,0.0
2025021277,2026-04-12,6.2,4.407223354989359,5,docs\win\hockey\nhl\research\sdv_challenger\season_2025\standalone_comparison.csv,6.5,110,-130,2.1,1.77,2026_04_12_NHL_merged.csv,6.5,2.1,1.77,0,0.0,1.0,0.0
2025021278,2026-04-12,6.27,4.281770784094956,5,docs\win\hockey\nhl\research\sdv_challenger\season_2025\standalone_comparison.csv,6.5,100,-120,2.0,1.83,2026_04_12_NHL_merged.csv,6.5,2.0,1.83,0,0.0,1.0,0.0
2025021279,2026-04-12,6.1,4.077930935979809,7,docs\win\hockey\nhl\research\sdv_challenger\season_2025\standalone_comparison.csv,6.5,110,-130,2.1,1.77,2026_04_12_NHL_merged.csv,6.5,2.1,1.77,2,1.0,0.0,0.0
2025021280,2026-04-12,6.63,4.719647584945012,7,docs\win\hockey\nhl\research\sdv_challenger\season_2025\standalone_comparison.csv,6.5,-130,110,1.77,2.1,2026_04_12_NHL_merged.csv,6.5,1.77,2.1,2,1.0,0.0,0.0
2025021281,2026-04-12,5.77,4.204128508340505,5,docs\win\hockey\nhl\research\sdv_challenger\season_2025\standalone_comparison.csv,5.5,-135,114,1.74,2.14,2026_04_12_NHL_merged.csv,5.5,1.74,2.14,0,0.0,1.0,0.0
2025021282,2026-04-13,6.12,4.156564851935821,7,docs\win\hockey\nhl\research\sdv_challenger\season_2025\standalone_comparison.csv,6.5,105,-125,2.05,1.8,2026_04_13_NHL_merged.csv,6.5,2.05,1.8,2,1.0,0.0,0.0
2025021283,2026-04-13,5.99,3.762211254018752,5,docs\win\hockey\nhl\research\sdv_challenger\season_2025\standalone_comparison.csv,6.5,114,-135,2.14,1.74,2026_04_13_NHL_merged.csv,6.5,2.14,1.74,0,0.0,1.0,0.0
2025021284,2026-04-13,5.87,4.146753753535943,5,docs\win\hockey\nhl\research\sdv_challenger\season_2025\standalone_comparison.csv,5.5,-135,114,1.74,2.14,2026_04_13_NHL_merged.csv,5.5,1.74,2.14,0,0.0,1.0,0.0
2025021285,2026-04-13,5.98,4.024753099288347,11,docs\win\hockey\nhl\research\sdv_challenger\season_2025\standalone_comparison.csv,6.5,110,-130,2.1,1.77,2026_04_13_NHL_merged.csv,6.5,2.1,1.77,2,1.0,0.0,0.0
2025021286,2026-04-13,5.75,4.2247528371672605,9,docs\win\hockey\nhl\research\sdv_challenger\season_2025\standalone_comparison.csv,5.5,-135,114,1.74,2.14,2026_04_13_NHL_merged.csv,5.5,1.74,2.14,2,1.0,0.0,0.0
2025021287,2026-04-13,6.36,4.164160301057014,5,docs\win\hockey\nhl\research\sdv_challenger\season_2025\standalone_comparison.csv,6.5,-105,-115,1.95,1.87,2026_04_13_NHL_merged.csv,6.5,1.95,1.87,0,0.0,1.0,0.0
2025021288,2026-04-13,6.22,4.3755699808012505,6,docs\win\hockey\nhl\research\sdv_challenger\season_2025\standalone_comparison.csv,6.5,102,-122,2.02,1.82,2026_04_13_NHL_merged.csv,6.5,2.02,1.82,0,0.0,1.0,0.0
2025021289,2026-04-13,7.37,4.731089921493966,3,docs\win\hockey\nhl\research\sdv_challenger\season_2025\standalone_comparison.csv,6.5,-115,-105,1.87,1.95,2026_04_13_NHL_merged.csv,6.5,1.87,1.95,0,0.0,1.0,0.0
2025021290,2026-04-13,5.88,4.022660875991824,8,docs\win\hockey\nhl\research\sdv_challenger\season_2025\standalone_comparison.csv,5.5,-130,110,1.77,2.1,2026_04_13_NHL_merged.csv,5.5,1.77,2.1,2,1.0,0.0,0.0
2025021291,2026-04-13,5.7,3.8996620230101793,8,docs\win\hockey\nhl\research\sdv_challenger\season_2025\standalone_comparison.csv,5.5,-125,105,1.8,2.05,2026_04_13_NHL_merged.csv,5.5,1.8,2.05,2,1.0,0.0,0.0
2025021292,2026-04-14,6.08,4.193127908856265,4,docs\win\hockey\nhl\research\sdv_challenger\season_2025\standalone_comparison.csv,6.5,110,-130,2.1,1.77,2026_04_14_NHL_merged.csv,6.5,2.1,1.77,0,0.0,1.0,0.0
2025021293,2026-04-14,6.0,4.603007626174272,3,docs\win\hockey\nhl\research\sdv_challenger\season_2025\standalone_comparison.csv,6.5,-110,-110,1.91,1.91,2026_04_14_NHL_merged.csv,6.5,1.91,1.91,0,0.0,1.0,0.0
2025021294,2026-04-14,6.02,3.974674756279461,6,docs\win\hockey\nhl\research\sdv_challenger\season_2025\standalone_comparison.csv,6.5,110,-130,2.1,1.77,2026_04_14_NHL_merged.csv,6.5,2.1,1.77,0,0.0,1.0,0.0
2025021295,2026-04-14,6.14,4.497272934769112,3,docs\win\hockey\nhl\research\sdv_challenger\season_2025\standalone_comparison.csv,6.5,-105,-115,1.95,1.87,2026_04_14_NHL_merged.csv,6.5,1.95,1.87,0,0.0,1.0,0.0
2025021296,2026-04-14,6.58,4.590052691019183,5,docs\win\hockey\nhl\research\sdv_challenger\season_2025\standalone_comparison.csv,6.5,-115,-105,1.87,1.95,2026_04_14_NHL_merged.csv,6.5,1.87,1.95,0,0.0,1.0,0.0
2025021297,2026-04-14,5.73,4.159464506821875,8,docs\win\hockey\nhl\research\sdv_challenger\season_2025\standalone_comparison.csv,6.5,114,-135,2.14,1.74,2026_04_14_NHL_merged.csv,6.5,2.14,1.74,2,1.0,0.0,0.0
2025021298,2026-04-14,6.13,4.337603225539056,4,docs\win\hockey\nhl\research\sdv_challenger\season_2025\standalone_comparison.csv,6.5,-108,-112,1.93,1.89,2026_04_14_NHL_merged.csv,6.5,1.93,1.89,0,0.0,1.0,0.0
2025021299,2026-04-14,6.04,4.351989197298923,12,docs\win\hockey\nhl\research\sdv_challenger\season_2025\standalone_comparison.csv,6.5,105,-125,2.05,1.8,2026_04_14_NHL_merged.csv,6.5,2.05,1.8,2,1.0,0.0,0.0
2025021300,2026-04-14,5.92,4.1911355678536575,7,docs\win\hockey\nhl\research\sdv_challenger\season_2025\standalone_comparison.csv,6.5,110,-130,2.1,1.77,2026_04_14_NHL_merged.csv,6.5,2.1,1.77,2,1.0,0.0,0.0
2025021301,2026-04-15,6.1,4.031408467979259,7,docs\win\hockey\nhl\research\sdv_challenger\season_2025\standalone_comparison.csv,6.5,110,-130,2.1,1.77,2026_04_15_NHL_merged.csv,6.5,2.1,1.77,2,1.0,0.0,0.0
2025021302,2026-04-15,6.09,3.8635367633884,6,docs\win\hockey\nhl\research\sdv_challenger\season_2025\standalone_comparison.csv,5.5,-135,114,1.74,2.14,2026_04_15_NHL_merged.csv,5.5,1.74,2.14,2,1.0,0.0,0.0
2025021303,2026-04-15,6.02,4.0715092641793005,9,docs\win\hockey\nhl\research\sdv_challenger\season_2025\standalone_comparison.csv,6.5,110,-130,2.1,1.77,2026_04_15_NHL_merged.csv,6.5,2.1,1.77,2,1.0,0.0,0.0
2025021304,2026-04-15,6.13,4.078241654444381,4,docs\win\hockey\nhl\research\sdv_challenger\season_2025\standalone_comparison.csv,6.5,-105,-115,1.95,1.87,2026_04_15_NHL_merged.csv,6.5,1.95,1.87,0,0.0,1.0,0.0
2025021305,2026-04-15,6.21,4.172929729404883,7,docs\win\hockey\nhl\research\sdv_challenger\season_2025\standalone_comparison.csv,6.5,-105,-115,1.95,1.87,2026_04_15_NHL_merged.csv,6.5,1.95,1.87,2,1.0,0.0,0.0
2025021306,2026-04-15,6.28,4.044290359116435,5,docs\win\hockey\nhl\research\sdv_challenger\season_2025\standalone_comparison.csv,6.5,114,-135,2.14,1.74,2026_04_15_NHL_merged.csv,6.5,2.14,1.74,0,0.0,1.0,0.0
2025021307,2026-04-16,6.51,4.57011135938292,9,docs\win\hockey\nhl\research\sdv_challenger\season_2025\standalone_comparison.csv,6.5,-102,-118,1.98,1.85,2026_04_16_NHL_merged.csv,6.5,1.98,1.85,2,1.0,0.0,0.0
2025021308,2026-04-16,6.09,3.9996138292755865,7,docs\win\hockey\nhl\research\sdv_challenger\season_2025\standalone_comparison.csv,6.5,102,-122,2.02,1.82,2026_04_16_NHL_merged.csv,6.5,2.02,1.82,2,1.0,0.0,0.0
2025021309,2026-04-16,5.75,4.197575669703239,8,docs\win\hockey\nhl\research\sdv_challenger\season_2025\standalone_comparison.csv,6.5,114,-135,2.14,1.74,2026_04_16_NHL_merged.csv,6.5,2.14,1.74,2,1.0,0.0,0.0
2025021310,2026-04-16,5.59,3.917581186682231,4,docs\win\hockey\nhl\research\sdv_challenger\season_2025\standalone_comparison.csv,5.5,-130,110,1.77,2.1,2026_04_16_NHL_merged.csv,5.5,1.77,2.1,0,0.0,1.0,0.0
2025021311,2026-04-16,6.81,4.716714265019123,7,docs\win\hockey\nhl\research\sdv_challenger\season_2025\standalone_comparison.csv,6.5,-112,-108,1.89,1.93,2026_04_16_NHL_merged.csv,6.5,1.89,1.93,2,1.0,0.0,0.0
2025021312,2026-04-16,6.28,4.363101281190256,2,docs\win\hockey\nhl\research\sdv_challenger\season_2025\standalone_comparison.csv,6.5,114,-135,2.14,1.74,2026_04_16_NHL_merged.csv,6.5,2.14,1.74,0,0.0,1.0,0.0
