market,candidate_id,family,feature_spec,hyperparameters,fold,status,failure_reason,train_start,train_end,validation_start,validation_end,train_rows,validation_rows,train_decisions,validation_decisions,fitted_parameters,decision_count,brier_score,log_loss,ece,calibration_intercept,calibration_slope,side_decision_count,edge_mae,edge_bias,positive_edge_decisions,positive_edge_hit_rate,ev_mae,ev_bias,positive_ev_bets,positive_ev_wins,positive_ev_losses,positive_ev_pushes,positive_ev_profit_units,positive_ev_roi
moneyline,raw_baseline,raw_baseline,raw_probability,{},1,ok,,2025-10-07,2025-12-03,2025-12-04,2025-12-28,423,178,423,178,{},178.0,0.2476025617977528,0.6886766687166386,0.04933707865168543,-0.038891391979476116,0.6530225586628368,356.0,0.4883932584269663,-4.366045602458481e-18,79.0,0.46835443037974683,0.970359760129079,-0.01282937549973561,79.0,37.0,42.0,0.0,1.0845299464895444,0.013728227170753726
moneyline,raw_baseline,raw_baseline,raw_probability,{},2,ok,,2025-10-07,2025-12-28,2025-12-29,2026-01-19,601,174,601,174,{},174.0,0.25349465517241376,0.7002892623164443,0.053551724137931044,0.05627397506665625,0.22931860502860757,348.0,0.4952068965517241,-2.2332072334414068e-18,69.0,0.4782608695652174,0.9834362006938487,-0.023677092456060818,69.0,33.0,36.0,0.0,6.6458049944445445,0.09631601441223978
moneyline,raw_baseline,raw_baseline,raw_probability,{},3,ok,,2025-10-07,2026-01-19,2026-01-20,2026-02-28,775,166,775,166,{},166.0,0.2345727891566265,0.6617650940336335,0.051210843373494117,-0.04596113391087224,1.5010306613759354,332.0,0.4760060240963856,-1.6720226274475249e-18,57.0,0.3684210526315789,0.9432576271167468,0.01894455355687092,57.0,21.0,36.0,0.0,-15.621538665084477,-0.2740620818435873
moneyline,raw_baseline,raw_baseline,raw_probability,{},4,ok,,2025-10-07,2026-02-28,2026-03-01,2026-03-21,941,164,941,164,{},164.0,0.24981312804878048,0.6933558898131724,0.03293292682926831,-0.08429045831546471,0.5482943688523549,328.0,0.49048170731707313,-1.692413147294446e-19,76.0,0.5263157894736842,0.9791659712488332,-0.019747124163359837,76.0,40.0,36.0,0.0,8.809250254030829,0.11591118755303723
moneyline,production_baseline,production_baseline,current_stage02_adjusted_probability,{},1,ok,,2025-10-07,2025-12-03,2025-12-04,2025-12-28,423,178,423,178,{},178.0,0.24962754419280386,0.6923847560435475,0.07489163272240083,-0.02395828995942233,0.5511750448721,356.0,0.49205544693750175,-2.806743601580452e-18,109.0,0.45871559633027525,0.9774166414728584,-0.007678203169877747,109.0,50.0,59.0,0.0,-0.17995397020752102,-0.0016509538551148716
moneyline,production_baseline,production_baseline,current_stage02_adjusted_probability,{},2,ok,,2025-10-07,2025-12-28,2025-12-29,2026-01-19,601,174,601,174,{},174.0,0.253373943659759,0.7006035081121904,0.05001618265973034,0.06479973399259815,0.164962904456032,348.0,0.4961255065514953,9.570888143320315e-19,84.0,0.4642857142857143,0.9858251770501555,-0.02055897236601424,84.0,39.0,45.0,0.0,7.029966485127776,0.08369007720390209
moneyline,production_baseline,production_baseline,current_stage02_adjusted_probability,{},3,ok,,2025-10-07,2026-01-19,2026-01-20,2026-02-28,775,166,775,166,{},166.0,0.23350934825216055,0.6592484410397856,0.05617845776325131,-0.07939957649148492,1.8567023073091218,332.0,0.47620516972737587,-2.8424384666607923e-18,88.0,0.5,0.9440033147410309,0.02353911759792324,88.0,44.0,44.0,0.0,4.67611918863342,0.0531377180526525
moneyline,production_baseline,production_baseline,current_stage02_adjusted_probability,{},4,ok,,2025-10-07,2026-02-28,2026-03-01,2026-03-21,941,164,941,164,{},164.0,0.24941621112542608,0.6916930970118617,0.10207274367849357,-0.09000538025995611,0.5923025999621041,328.0,0.490002506548259,1.3539305178355568e-18,94.0,0.5,0.9776465412263914,-0.01848092697795966,94.0,47.0,47.0,0.0,7.205137095353802,0.07665039463142342
moneyline,platt_raw_C=0.01,platt_logistic_raw_probability,[raw_probability],"{""C"": 0.01, ""class_weight"": null, ""max_iter"": 5000, ""random_state"": 20260912, ""solver"": ""lbfgs""}",1,ok,,2025-10-07,2025-12-03,2025-12-04,2025-12-28,423,178,423,178,"{""coefficient_raw_probability"": 0.01583916133694957, ""intercept"": 0.08136467838387076}",178.0,0.2497069513603309,0.6925609196802169,0.005609269308354037,-15.414952309343143,172.2021295701954,356.0,0.49920223673872677,-5.769417403248707e-18,146.0,0.4520547945205479,0.9930065903208483,0.0200917110551862,146.0,66.0,80.0,0.0,8.989523809523808,0.06157208088714937
moneyline,platt_raw_C=0.01,platt_logistic_raw_probability,[raw_probability],"{""C"": 0.01, ""class_weight"": null, ""max_iter"": 5000, ""random_state"": 20260912, ""solver"": ""lbfgs""}",2,ok,,2025-10-07,2025-12-28,2025-12-29,2026-01-19,601,174,601,174,"{""coefficient_raw_probability"": 0.025111094143896312, ""intercept"": 0.06990194141186494}",174.0,0.24945727967478457,0.6920613125379943,0.0021487632015829705,-2.8778678194641985,35.60836981005427,348.0,0.49902271551542887,6.380592095546877e-19,146.0,0.4383561643835616,0.9916574618078374,0.007251684178588709,146.0,64.0,82.0,0.0,7.027142857142862,0.04813111545988261
moneyline,platt_raw_C=0.01,platt_logistic_raw_probability,[raw_probability],"{""C"": 0.01, ""class_weight"": null, ""max_iter"": 5000, ""random_state"": 20260912, ""solver"": ""lbfgs""}",3,ok,,2025-10-07,2026-01-19,2026-01-20,2026-02-28,775,166,775,166,"{""coefficient_raw_probability"": 0.027380871738733253, ""intercept"": 0.07047614649280563}",166.0,0.2482635204551085,0.689672055396466,0.026884197075392358,-19.33830758092924,229.18269799938707,332.0,0.4978091432233068,-2.0064271529370298e-18,131.0,0.366412213740458,0.9894262755476116,0.05097851576243375,131.0,48.0,83.0,0.0,-20.494453781512608,-0.15644621207261533
moneyline,platt_raw_C=0.01,platt_logistic_raw_probability,[raw_probability],"{""C"": 0.01, ""class_weight"": null, ""max_iter"": 5000, ""random_state"": 20260912, ""solver"": ""lbfgs""}",4,ok,,2025-10-07,2026-02-28,2026-03-01,2026-03-21,941,164,941,164,"{""coefficient_raw_probability"": 0.044183780932056424, ""intercept"": 0.0807094578275182}",164.0,0.2508837043065024,0.6949164622145462,0.03206664616039001,-5.455108182611647,52.22823502586061,328.0,0.5002082633843243,-2.7078610356711136e-18,137.0,0.4744525547445255,0.9996013976999607,0.01473770715285201,137.0,65.0,72.0,0.0,16.16917748917749,0.1180231933516605
moneyline,logit_logistic_C=0.01,logistic_logit_probability,[logit(raw_probability)],"{""C"": 0.01, ""class_weight"": null, ""max_iter"": 5000, ""random_state"": 20260912, ""solver"": ""lbfgs""}",1,ok,,2025-10-07,2025-12-03,2025-12-04,2025-12-28,423,178,423,178,"{""coefficient_logit_probability"": 0.060899920092003935, ""intercept"": 0.08037672339630865}",178.0,0.2491371087377537,0.6914188552673518,0.005723380686966761,-0.9008826081438117,10.724245975189147,356.0,0.49859707986279383,-6.704998603775524e-18,145.0,0.45517241379310347,0.99173983501114,0.01830180878341493,145.0,66.0,79.0,0.0,9.98952380952381,0.06889326765188834
moneyline,logit_logistic_C=0.01,logistic_logit_probability,[logit(raw_probability)],"{""C"": 0.01, ""class_weight"": null, ""max_iter"": 5000, ""random_state"": 20260912, ""solver"": ""lbfgs""}",2,ok,,2025-10-07,2025-12-28,2025-12-29,2026-01-19,601,174,601,174,"{""coefficient_logit_probability"": 0.09001384589180166, ""intercept"": 0.06897081266492716}",174.0,0.24923462833953616,0.6916135652777112,0.0022399927667641206,-0.12130438008916009,2.570327091618415,348.0,0.49874473098556255,2.5522368382187506e-18,146.0,0.4383561643835616,0.9910429108826778,0.004836874744361035,146.0,64.0,82.0,0.0,7.027142857142862,0.04813111545988261
moneyline,logit_logistic_C=0.01,logistic_logit_probability,[logit(raw_probability)],"{""C"": 0.01, ""class_weight"": null, ""max_iter"": 5000, ""random_state"": 20260912, ""solver"": ""lbfgs""}",3,ok,,2025-10-07,2026-01-19,2026-01-20,2026-02-28,775,166,775,166,"{""coefficient_logit_probability"": 0.09583605701186149, ""intercept"": 0.0700674118321246}",166.0,0.24647503546163127,0.6860865137773632,0.03263980158204302,-1.1433792118942172,15.662405982548183,332.0,0.4959414804737989,-3.3440452548950498e-18,131.0,0.366412213740458,0.9854691681748584,0.04828912809688586,131.0,48.0,83.0,0.0,-20.494453781512608,-0.15644621207261533
moneyline,logit_logistic_C=0.01,logistic_logit_probability,[logit(raw_probability)],"{""C"": 0.01, ""class_weight"": null, ""max_iter"": 5000, ""random_state"": 20260912, ""solver"": ""lbfgs""}",4,ok,,2025-10-07,2026-02-28,2026-03-01,2026-03-21,941,164,941,164,"{""coefficient_logit_probability"": 0.14665034837708463, ""intercept"": 0.08079599459842493}",164.0,0.2495988348964068,0.6923493248076023,0.030232023523097076,-0.38650971813231305,3.740468575011508,328.0,0.4988175441784569,-6.769652589177784e-19,132.0,0.4696969696969697,0.9966586987728889,0.010076918014061968,132.0,62.0,70.0,0.0,15.441904761904762,0.11698412698412698
moneyline,platt_raw_C=0.1,platt_logistic_raw_probability,[raw_probability],"{""C"": 0.1, ""class_weight"": null, ""max_iter"": 5000, ""random_state"": 20260912, ""solver"": ""lbfgs""}",1,ok,,2025-10-07,2025-12-03,2025-12-04,2025-12-28,423,178,423,178,"{""coefficient_raw_probability"": 0.15005011620425243, ""intercept"": 0.009182204682317492}",178.0,0.24937442173210397,0.6918945148972669,0.005671624517901153,-1.5706809741422545,18.177494241628423,356.0,0.49885632574119904,-7.796510004390144e-19,145.0,0.45517241379310347,0.9922831783881001,0.01907884792142902,145.0,66.0,79.0,0.0,9.98952380952381,0.06889326765188834
moneyline,platt_raw_C=0.1,platt_logistic_raw_probability,[raw_probability],"{""C"": 0.1, ""class_weight"": null, ""max_iter"": 5000, ""random_state"": 20260912, ""solver"": ""lbfgs""}",2,ok,,2025-10-07,2025-12-28,2025-12-29,2026-01-19,601,174,601,174,"{""coefficient_raw_probability"": 0.22861062487939843, ""intercept"": -0.03984963341465285}",174.0,0.24932482759881228,0.6917954180523671,0.002226457486130262,-0.23285563062617798,3.9106317955160184,348.0,0.49887145006763617,-2.2332072334414068e-18,146.0,0.4383561643835616,0.9913264883095113,0.005844847803604283,146.0,64.0,82.0,0.0,7.027142857142862,0.04813111545988261
moneyline,platt_raw_C=0.1,platt_logistic_raw_probability,[raw_probability],"{""C"": 0.1, ""class_weight"": null, ""max_iter"": 5000, ""random_state"": 20260912, ""solver"": ""lbfgs""}",3,ok,,2025-10-07,2026-01-19,2026-01-20,2026-02-28,775,166,775,166,"{""coefficient_raw_probability"": 0.24658960535222427, ""intercept"": -0.047441584875973414}",166.0,0.24718396325255798,0.68750839994253,0.02672447439264758,-1.979119172670185,25.44833339935793,332.0,0.496696978092208,-3.34404525489505e-19,131.0,0.366412213740458,0.9870768212017712,0.0493949773388074,131.0,48.0,83.0,0.0,-20.494453781512608,-0.15644621207261533
moneyline,platt_raw_C=0.1,platt_logistic_raw_probability,[raw_probability],"{""C"": 0.1, ""class_weight"": null, ""max_iter"": 5000, ""random_state"": 20260912, ""solver"": ""lbfgs""}",4,ok,,2025-10-07,2026-02-28,2026-03-01,2026-03-21,941,164,941,164,"{""coefficient_raw_probability"": 0.3850653860836104, ""intercept"": -0.10319571331872535}",164.0,0.2500539430584139,0.693256561648605,0.030950620198396707,-0.6213569174316553,5.992862710186681,328.0,0.49935667799412964,0.0,133.0,0.46616541353383456,0.9978007060778586,0.0119256161616389,133.0,62.0,71.0,0.0,14.441904761904762,0.10858575008950949
moneyline,logit_logistic_C=0.1,logistic_logit_probability,[logit(raw_probability)],"{""C"": 0.1, ""class_weight"": null, ""max_iter"": 5000, ""random_state"": 20260912, ""solver"": ""lbfgs""}",1,ok,,2025-10-07,2025-12-03,2025-12-04,2025-12-28,423,178,423,178,"{""coefficient_logit_probability"": 0.32301776628009043, ""intercept"": 0.03954041651958413}",178.0,0.24720464988895618,0.6875396708163766,0.011807825722441889,-0.11885975799957095,2.0218825710602983,356.0,0.4958262530916316,1.403371800790226e-18,134.0,0.44029850746268656,0.9859412691035822,0.010125480908799079,134.0,59.0,75.0,0.0,6.632380952380952,0.0494953802416489
moneyline,logit_logistic_C=0.1,logistic_logit_probability,[logit(raw_probability)],"{""C"": 0.1, ""class_weight"": null, ""max_iter"": 5000, ""random_state"": 20260912, ""solver"": ""lbfgs""}",2,ok,,2025-10-07,2025-12-28,2025-12-29,2026-01-19,601,174,601,174,"{""coefficient_logit_probability"": 0.3932347908999755, ""intercept"": 0.021082826092579776}",174.0,0.24930371257856238,0.6917230083165005,0.005083078925322044,0.04396689479198221,0.5828911290822351,348.0,0.4977585140816178,1.914177628664063e-18,125.0,0.456,0.9888696395924768,-0.0038541125924559548,125.0,57.0,68.0,0.0,14.069999999999997,0.11255999999999998
moneyline,logit_logistic_C=0.1,logistic_logit_probability,[logit(raw_probability)],"{""C"": 0.1, ""class_weight"": null, ""max_iter"": 5000, ""random_state"": 20260912, ""solver"": ""lbfgs""}",3,ok,,2025-10-07,2026-01-19,2026-01-20,2026-02-28,775,166,775,166,"{""coefficient_logit_probability"": 0.3668498783701293, ""intercept"": 0.027371493440831493}",166.0,0.24179013182528736,0.6766478251515395,0.02590227932170435,-0.15795281555288937,4.091655957567543,332.0,0.4902987112322149,5.0160678823425745e-19,118.0,0.3305084745762712,0.9735228259639535,0.04018913333311257,118.0,39.0,79.0,0.0,-25.660000000000004,-0.2174576271186441
moneyline,logit_logistic_C=0.1,logistic_logit_probability,[logit(raw_probability)],"{""C"": 0.1, ""class_weight"": null, ""max_iter"": 5000, ""random_state"": 20260912, ""solver"": ""lbfgs""}",4,ok,,2025-10-07,2026-02-28,2026-03-01,2026-03-21,941,164,941,164,"{""coefficient_logit_probability"": 0.5063103409376326, ""intercept"": 0.0236173637572258}",164.0,0.24787342992582512,0.6889341628025194,0.033486376234189916,-0.10991280720567716,1.0832769907214843,328.0,0.4951599017070603,1.692413147294446e-18,120.0,0.4583333333333333,0.9889228172280365,-0.0021338636816306627,120.0,55.0,65.0,0.0,12.477142857142859,0.10397619047619049
moneyline,platt_raw_C=1,platt_logistic_raw_probability,[raw_probability],"{""C"": 1.0, ""class_weight"": null, ""max_iter"": 5000, ""random_state"": 20260912, ""solver"": ""lbfgs""}",1,ok,,2025-10-07,2025-12-03,2025-12-04,2025-12-28,423,178,423,178,"{""coefficient_raw_probability"": 0.9755291213851123, ""intercept"": -0.43481458802057976}",178.0,0.24770675500718745,0.6885493587748662,0.00785092180900196,-0.1880572102970231,2.7959658707766932,356.0,0.4967331666989211,-2.650813401492649e-18,138.0,0.45652173913043476,0.9878436142499963,0.012869300014731426,138.0,63.0,75.0,0.0,10.884761904761906,0.07887508626639061
moneyline,platt_raw_C=1,platt_logistic_raw_probability,[raw_probability],"{""C"": 1.0, ""class_weight"": null, ""max_iter"": 5000, ""random_state"": 20260912, ""solver"": ""lbfgs""}",2,ok,,2025-10-07,2025-12-28,2025-12-29,2026-01-19,601,174,601,174,"{""coefficient_raw_probability"": 1.271672555571246, ""intercept"": -0.6013420620234162}",174.0,0.24920564238777687,0.6915409400937238,0.004196639631392836,0.03416129941268797,0.701787437540115,348.0,0.49809519424809945,-1.5951480238867191e-18,128.0,0.453125,0.9896314644887829,-0.001381583871179031,128.0,58.0,70.0,0.0,13.022380952380953,0.1017373511904762
moneyline,platt_raw_C=1,platt_logistic_raw_probability,[raw_probability],"{""C"": 1.0, ""class_weight"": null, ""max_iter"": 5000, ""random_state"": 20260912, ""solver"": ""lbfgs""}",3,ok,,2025-10-07,2026-01-19,2026-01-20,2026-02-28,775,166,775,166,"{""coefficient_raw_probability"": 1.2197777886531795, ""intercept"": -0.5713588011003512}",166.0,0.24290710658950668,0.6789110150779003,0.032990591240732614,-0.24702379522114348,5.144683963120516,332.0,0.4917871515553448,-1.1704158392132674e-18,122.0,0.3442622950819672,0.9767085791009098,0.042421215350947845,122.0,42.0,80.0,0.0,-23.607619047619046,-0.19350507416081186
moneyline,platt_raw_C=1,platt_logistic_raw_probability,[raw_probability],"{""C"": 1.0, ""class_weight"": null, ""max_iter"": 5000, ""random_state"": 20260912, ""solver"": ""lbfgs""}",4,ok,,2025-10-07,2026-02-28,2026-03-01,2026-03-21,941,164,941,164,"{""coefficient_raw_probability"": 1.7415512772817658, ""intercept"": -0.8337122326046333}",164.0,0.24801762181828596,0.6892072138004212,0.026765112550869694,-0.1351184012086179,1.3253336909129025,328.0,0.495977351692685,-1.8616544620238907e-18,124.0,0.45161290322580644,0.9906574650389631,0.0007738874139635581,124.0,56.0,68.0,0.0,11.114761904761902,0.08963517665130566
moneyline,logit_logistic_C=1,logistic_logit_probability,[logit(raw_probability)],"{""C"": 1.0, ""class_weight"": null, ""max_iter"": 5000, ""random_state"": 20260912, ""solver"": ""lbfgs""}",1,ok,,2025-10-07,2025-12-03,2025-12-04,2025-12-28,423,178,423,178,"{""coefficient_logit_probability"": 0.570730448489158, ""intercept"": 0.0013323184936741915}",178.0,0.24639620883280308,0.6859229587384428,0.013724889295692546,-0.040499367096715595,1.1448140648765484,356.0,0.49323632420224395,-5.613487203160904e-18,108.0,0.4166666666666667,0.980522606639003,0.0025175524226969093,108.0,45.0,63.0,0.0,2.122380952380953,0.01965167548500882
moneyline,logit_logistic_C=1,logistic_logit_probability,[logit(raw_probability)],"{""C"": 1.0, ""class_weight"": null, ""max_iter"": 5000, ""random_state"": 20260912, ""solver"": ""lbfgs""}",2,ok,,2025-10-07,2025-12-28,2025-12-29,2026-01-19,601,174,601,174,"{""coefficient_logit_probability"": 0.5971991557758431, ""intercept"": -0.010774131334051378}",174.0,0.2500961430767891,0.6932963093717704,0.023717177445264186,0.06040451359327502,0.3839891622842519,348.0,0.49711971823307977,7.975740119433596e-19,117.0,0.42735042735042733,0.9874694179308786,-0.009605908746750495,117.0,50.0,67.0,0.0,7.169999999999998,0.06128205128205127
moneyline,logit_logistic_C=1,logistic_logit_probability,[logit(raw_probability)],"{""C"": 1.0, ""class_weight"": null, ""max_iter"": 5000, ""random_state"": 20260912, ""solver"": ""lbfgs""}",3,ok,,2025-10-07,2026-01-19,2026-01-20,2026-02-28,775,166,775,166,"{""coefficient_logit_probability"": 0.5116325819119327, ""intercept"": 0.004581940925236394}",166.0,0.23974919521836172,0.6724954037758488,0.04580763917391062,-0.05943094245898822,2.9338394123427065,332.0,0.48732039768320573,-3.511247517639802e-18,106.0,0.32075471698113206,0.967224826275714,0.035934638642663864,106.0,34.0,72.0,0.0,-24.36,-0.22981132075471697
moneyline,logit_logistic_C=1,logistic_logit_probability,[logit(raw_probability)],"{""C"": 1.0, ""class_weight"": null, ""max_iter"": 5000, ""random_state"": 20260912, ""solver"": ""lbfgs""}",4,ok,,2025-10-07,2026-02-28,2026-03-01,2026-03-21,941,164,941,164,"{""coefficient_logit_probability"": 0.6771528348136435, ""intercept"": -0.002891165625576433}",164.0,0.24788751060828834,0.689003185889271,0.03372530734997771,-0.08196474513980755,0.8095746233019989,328.0,0.49346738985051114,-1.5231718325650014e-18,109.0,0.46788990825688076,0.9853485205796016,-0.00780183936721059,109.0,51.0,58.0,0.0,13.03817993600602,0.11961632968812863
moneyline,platt_raw_C=10,platt_logistic_raw_probability,[raw_probability],"{""C"": 10.0, ""class_weight"": null, ""max_iter"": 5000, ""random_state"": 20260912, ""solver"": ""lbfgs""}",1,ok,,2025-10-07,2025-12-03,2025-12-04,2025-12-28,423,178,423,178,"{""coefficient_raw_probability"": 2.170026137719871, ""intercept"": -1.0772180460397145}",178.0,0.246433698690911,0.685991276425257,0.020157572265909668,-0.04980713659573631,1.2569565949323656,356.0,0.49368973706444796,-9.355812005268173e-19,113.0,0.4247787610619469,0.9814812019626515,0.0040029897446620145,113.0,48.0,65.0,0.0,3.722380952380951,0.032941424357353546
moneyline,platt_raw_C=10,platt_logistic_raw_probability,[raw_probability],"{""C"": 10.0, ""class_weight"": null, ""max_iter"": 5000, ""random_state"": 20260912, ""solver"": ""lbfgs""}",2,ok,,2025-10-07,2025-12-28,2025-12-29,2026-01-19,601,174,601,174,"{""coefficient_raw_probability"": 2.3442749201824573, ""intercept"": -1.1787026968492142}",174.0,0.25004199472013516,0.6932039229057534,0.019797334473559518,0.06083538250076451,0.3813123902000184,348.0,0.4973228199080672,-1.2761184191093753e-18,114.0,0.43859649122807015,0.987951165455301,-0.00870014034117875,114.0,50.0,64.0,0.0,10.169999999999998,0.08921052631578946
moneyline,platt_raw_C=10,platt_logistic_raw_probability,[raw_probability],"{""C"": 10.0, ""class_weight"": null, ""max_iter"": 5000, ""random_state"": 20260912, ""solver"": ""lbfgs""}",3,ok,,2025-10-07,2026-01-19,2026-01-20,2026-02-28,775,166,775,166,"{""coefficient_raw_probability"": 2.0285573517735327, ""intercept"": -1.0064330276098008}",166.0,0.23998508120583906,0.6729874970367573,0.04934019903975591,-0.07309401920485006,3.0935782559210203,332.0,0.487739905198411,-2.67523620391604e-18,108.0,0.32407407407407407,0.9681685621141364,0.036691408611905126,108.0,35.0,73.0,0.0,-24.21,-0.22416666666666668
moneyline,platt_raw_C=10,platt_logistic_raw_probability,[raw_probability],"{""C"": 10.0, ""class_weight"": null, ""max_iter"": 5000, ""random_state"": 20260912, ""solver"": ""lbfgs""}",4,ok,,2025-10-07,2026-02-28,2026-03-01,2026-03-21,941,164,941,164,"{""coefficient_raw_probability"": 2.7113072845708004, ""intercept"": -1.355530601758507}",164.0,0.2477754079225671,0.6887568818608616,0.0373678965561344,-0.08608421752831896,0.8508341571867939,328.0,0.49361333820957937,1.692413147294446e-19,110.0,0.4727272727272727,0.9856654072051229,-0.007027028718238698,110.0,52.0,58.0,0.0,14.638179936006019,0.13307436305460016
moneyline,logit_logistic_C=10,logistic_logit_probability,[logit(raw_probability)],"{""C"": 10.0, ""class_weight"": null, ""max_iter"": 5000, ""random_state"": 20260912, ""solver"": ""lbfgs""}",1,ok,,2025-10-07,2025-12-03,2025-12-04,2025-12-28,423,178,423,178,"{""coefficient_logit_probability"": 0.6186279716178983, ""intercept"": -0.0060405874103869805}",178.0,0.24634969097101597,0.6858368215393034,0.01399461800086299,-0.03260006280845341,1.0560119974233342,356.0,0.4927407354796688,2.806743601580452e-18,105.0,0.42857142857142855,0.9794858703783088,0.001068084738178061,105.0,45.0,60.0,0.0,5.022380952380951,0.047832199546485245
moneyline,logit_logistic_C=10,logistic_logit_probability,[logit(raw_probability)],"{""C"": 10.0, ""class_weight"": null, ""max_iter"": 5000, ""random_state"": 20260912, ""solver"": ""lbfgs""}",2,ok,,2025-10-07,2025-12-28,2025-12-29,2026-01-19,601,174,601,174,"{""coefficient_logit_probability"": 0.6300838784911186, ""intercept"": -0.015908714390740864}",174.0,0.25027768616331775,0.6936614077944327,0.025129002175763145,0.06205814683323292,0.36394847434106076,348.0,0.4970193343303656,-7.975740119433596e-19,116.0,0.4224137931034483,0.9872501131115297,-0.010521804578840584,116.0,49.0,67.0,0.0,5.772380952380952,0.04976190476190476
moneyline,logit_logistic_C=10,logistic_logit_probability,[logit(raw_probability)],"{""C"": 10.0, ""class_weight"": null, ""max_iter"": 5000, ""random_state"": 20260912, ""solver"": ""lbfgs""}",3,ok,,2025-10-07,2026-01-19,2026-01-20,2026-02-28,775,166,775,166,"{""coefficient_logit_probability"": 0.5357881637129884, ""intercept"": 0.001108853488166008}",166.0,0.2394354791684504,0.6718538790169851,0.05042862818282335,-0.04908225570186383,2.8015475562897216,332.0,0.4868191776005356,-2.67523620391604e-18,102.0,0.3235294117647059,0.9661651126995053,0.03521581609974625,102.0,33.0,69.0,0.0,-22.879607843137254,-0.2243098808150711
moneyline,logit_logistic_C=10,logistic_logit_probability,[logit(raw_probability)],"{""C"": 10.0, ""class_weight"": null, ""max_iter"": 5000, ""random_state"": 20260912, ""solver"": ""lbfgs""}",4,ok,,2025-10-07,2026-02-28,2026-03-01,2026-03-21,941,164,941,164,"{""coefficient_logit_probability"": 0.7007375606370115, ""intercept"": -0.006572868919208903}",164.0,0.2479289321401624,0.6890950613049177,0.04018084528336482,-0.07916083734537872,0.7825795074554575,328.0,0.49323708758986406,-1.5231718325650014e-18,107.0,0.45794392523364486,0.9848624395940824,-0.008572866567493865,107.0,49.0,58.0,0.0,10.778179936006023,0.10073065360753292
moneyline,platt_raw_C=100,platt_logistic_raw_probability,[raw_probability],"{""C"": 100.0, ""class_weight"": null, ""max_iter"": 5000, ""random_state"": 20260912, ""solver"": ""lbfgs""}",1,ok,,2025-10-07,2025-12-03,2025-12-04,2025-12-28,423,178,423,178,"{""coefficient_raw_probability"": 2.475119353515417, ""intercept"": -1.2410979530985446}",178.0,0.24631925089707504,0.6857670219267986,0.018307590463176183,-0.036144593566961605,1.102308422990915,356.0,0.49291974340051203,-2.1830228012292403e-18,106.0,0.42452830188679247,0.9798715779258541,0.001765584102168211,106.0,45.0,61.0,0.0,4.022380952380951,0.03794699011680142
moneyline,platt_raw_C=100,platt_logistic_raw_probability,[raw_probability],"{""C"": 100.0, ""class_weight"": null, ""max_iter"": 5000, ""random_state"": 20260912, ""solver"": ""lbfgs""}",2,ok,,2025-10-07,2025-12-28,2025-12-29,2026-01-19,601,174,601,174,"{""coefficient_raw_probability"": 2.564574107949861, ""intercept"": -1.2972059768337068}",174.0,0.2503294240785072,0.6937840567036829,0.02565943386610192,0.06353061209127978,0.3485581249833168,348.0,0.49716732915541195,-1.2761184191093753e-18,114.0,0.4298245614035088,0.9876141994476788,-0.010185696811725037,114.0,49.0,65.0,0.0,7.772380952380951,0.06817878028404344
moneyline,platt_raw_C=100,platt_logistic_raw_probability,[raw_probability],"{""C"": 100.0, ""class_weight"": null, ""max_iter"": 5000, ""random_state"": 20260912, ""solver"": ""lbfgs""}",3,ok,,2025-10-07,2026-01-19,2026-01-20,2026-02-28,775,166,775,166,"{""coefficient_raw_probability"": 2.1713935325470084, ""intercept"": -1.083254916573526}",166.0,0.23952831066154318,0.6720558496445384,0.05076925981492094,-0.055857594027757876,2.890035735084256,332.0,0.48703029330840025,-4.6816633568530694e-18,101.0,0.31683168316831684,0.9666721659874313,0.03568969600355013,101.0,32.0,69.0,0.0,-23.86,-0.23623762376237623
moneyline,platt_raw_C=100,platt_logistic_raw_probability,[raw_probability],"{""C"": 100.0, ""class_weight"": null, ""max_iter"": 5000, ""random_state"": 20260912, ""solver"": ""lbfgs""}",4,ok,,2025-10-07,2026-02-28,2026-03-01,2026-03-21,941,164,941,164,"{""coefficient_raw_probability"": 2.8731647833217724, ""intercept"": -1.4425773877311674}",164.0,0.24782961615484697,0.6888765236089835,0.0322402220769877,-0.08115413369212876,0.8028676767791553,328.0,0.49322614062423015,-8.46206573647223e-19,107.0,0.45794392523364486,0.9848485241619993,-0.008308105562922025,107.0,49.0,58.0,0.0,10.778179936006023,0.10073065360753292
moneyline,logit_logistic_C=100,logistic_logit_probability,[logit(raw_probability)],"{""C"": 100.0, ""class_weight"": null, ""max_iter"": 5000, ""random_state"": 20260912, ""solver"": ""lbfgs""}",1,ok,,2025-10-07,2025-12-03,2025-12-04,2025-12-28,423,178,423,178,"{""coefficient_logit_probability"": 0.6238765362428641, ""intercept"": -0.006848023457866835}",178.0,0.24634669317093819,0.6858318015179393,0.013652555871832232,-0.03179151186420975,1.0470385980077466,356.0,0.49268654822784025,1.8711624010536346e-18,106.0,0.42452830188679247,0.9793725167639797,0.0009097393250970491,106.0,45.0,61.0,0.0,4.022380952380951,0.03794699011680142
moneyline,logit_logistic_C=100,logistic_logit_probability,[logit(raw_probability)],"{""C"": 100.0, ""class_weight"": null, ""max_iter"": 5000, ""random_state"": 20260912, ""solver"": ""lbfgs""}",2,ok,,2025-10-07,2025-12-28,2025-12-29,2026-01-19,601,174,601,174,"{""coefficient_logit_probability"": 0.6335788769304255, ""intercept"": -0.016454193854710572}",174.0,0.2502978350115403,0.693702015041782,0.029873535204050197,0.06222366203825572,0.3619425862162088,348.0,0.4970087085365653,-2.073692431052735e-18,116.0,0.4224137931034483,0.9872269131486036,-0.010618946840069057,116.0,49.0,67.0,0.0,5.772380952380952,0.04976190476190476
moneyline,logit_logistic_C=100,logistic_logit_probability,[logit(raw_probability)],"{""C"": 100.0, ""class_weight"": null, ""max_iter"": 5000, ""random_state"": 20260912, ""solver"": ""lbfgs""}",3,ok,,2025-10-07,2026-01-19,2026-01-20,2026-02-28,775,166,775,166,"{""coefficient_logit_probability"": 0.5380461546154706, ""intercept"": 0.0007572478833247479}",166.0,0.23940693215946457,0.6717954663305526,0.050298752557245155,-0.04808741642408906,2.7897892708320846,332.0,0.4867730071334527,-2.1736294156817824e-18,102.0,0.3235294117647059,0.9660675477744098,0.0351500162841737,102.0,33.0,69.0,0.0,-22.879607843137254,-0.2243098808150711
moneyline,logit_logistic_C=100,logistic_logit_probability,[logit(raw_probability)],"{""C"": 100.0, ""class_weight"": null, ""max_iter"": 5000, ""random_state"": 20260912, ""solver"": ""lbfgs""}",4,ok,,2025-10-07,2026-02-28,2026-03-01,2026-03-21,941,164,941,164,"{""coefficient_logit_probability"": 0.7031902037374695, ""intercept"": -0.006955566092927759}",164.0,0.2479337809798692,0.6891057636819311,0.0400943469230381,-0.07887967133050611,0.7798462764681605,328.0,0.4932131909968864,1.692413147294446e-19,107.0,0.45794392523364486,0.984812008477295,-0.008652890962911101,107.0,49.0,58.0,0.0,10.778179936006023,0.10073065360753292
moneyline,beta_l2=0,beta_calibration,"[log(raw_probability), -log(1-raw_probability)]","{""constraints"": ""a>=0,b>=0"", ""l2"": 0.0, ""maxiter"": 5000, ""optimizer"": ""L-BFGS-B""}",1,ok,,2025-10-07,2025-12-03,2025-12-04,2025-12-28,423,178,423,178,"{""a"": 0.0, ""b"": 1.2259092140297876, ""c"": -0.8736920218581036}",178.0,0.24637932867027654,0.685899739147067,0.03003439769365167,-0.02963730179864217,0.9789371233598771,356.0,0.4922710548807535,-3.4304644019316634e-18,106.0,0.42452830188679247,0.9784154165204902,-0.0005077194095141506,106.0,45.0,61.0,0.0,3.1527731092436966,0.029743142540034875
moneyline,beta_l2=0,beta_calibration,"[log(raw_probability), -log(1-raw_probability)]","{""constraints"": ""a>=0,b>=0"", ""l2"": 0.0, ""maxiter"": 5000, ""optimizer"": ""L-BFGS-B""}",2,ok,,2025-10-07,2025-12-28,2025-12-29,2026-01-19,601,174,601,174,"{""a"": 0.0, ""b"": 1.2153318897345269, ""c"": -0.8747050085750602}",174.0,0.2499430743915512,0.692919961651499,0.020808657035235097,0.05576490678807694,0.43427974957538995,348.0,0.4963691996328398,9.570888143320315e-19,119.0,0.42857142857142855,0.9857715210427285,-0.011442766294446289,119.0,51.0,68.0,0.0,6.792380952380952,0.05707883153261305
moneyline,beta_l2=0,beta_calibration,"[log(raw_probability), -log(1-raw_probability)]","{""constraints"": ""a>=0,b>=0"", ""l2"": 0.0, ""maxiter"": 5000, ""optimizer"": ""L-BFGS-B""}",3,ok,,2025-10-07,2026-01-19,2026-01-20,2026-02-28,775,166,775,166,"{""a"": 0.0, ""b"": 1.0492252098467216, ""c"": -0.7418403659471573}",166.0,0.23903710054747684,0.6710188840610525,0.0667100672478402,-0.027277209856615508,2.570619226724091,332.0,0.4860304799767947,-4.0128543058740596e-18,110.0,0.34545454545454546,0.9644311700444471,0.03388353116435643,110.0,38.0,72.0,0.0,-20.079607843137257,-0.18254188948306596
moneyline,beta_l2=0,beta_calibration,"[log(raw_probability), -log(1-raw_probability)]","{""constraints"": ""a>=0,b>=0"", ""l2"": 0.0, ""maxiter"": 5000, ""optimizer"": ""L-BFGS-B""}",4,ok,,2025-10-07,2026-02-28,2026-03-01,2026-03-21,941,164,941,164,"{""a"": 0.0, ""b"": 1.3386115022735965, ""c"": -0.9516755373302521}",164.0,0.24910252890667112,0.6916856518003837,0.03334386835275931,-0.0729770286044853,0.6467567135279165,328.0,0.49450155399325174,1.5231718325650014e-18,112.0,0.4642857142857143,0.9877140230535573,-0.008200235819101754,112.0,52.0,60.0,0.0,13.158179936006023,0.1174837494286252
moneyline,beta_l2=0.0001,beta_calibration,"[log(raw_probability), -log(1-raw_probability)]","{""constraints"": ""a>=0,b>=0"", ""l2"": 0.0001, ""maxiter"": 5000, ""optimizer"": ""L-BFGS-B""}",1,ok,,2025-10-07,2025-12-03,2025-12-04,2025-12-28,423,178,423,178,"{""a"": 0.0, ""b"": 1.1927898537058772, ""c"": -0.8476785710452284}",178.0,0.24637936463126953,0.6858953081793898,0.043645139571823706,-0.03203030036034498,1.0061319233633197,356.0,0.4924547581210394,-2.3389530013170432e-18,108.0,0.4166666666666667,0.9788017526678058,3.423917989416032e-05,108.0,45.0,63.0,0.0,2.022380952380951,0.01872574955908288
moneyline,beta_l2=0.0001,beta_calibration,"[log(raw_probability), -log(1-raw_probability)]","{""constraints"": ""a>=0,b>=0"", ""l2"": 0.0001, ""maxiter"": 5000, ""optimizer"": ""L-BFGS-B""}",2,ok,,2025-10-07,2025-12-28,2025-12-29,2026-01-19,601,174,601,174,"{""a"": 0.0, ""b"": 1.1850555542784473, ""c"": -0.8509040973076208}",174.0,0.24985436158128355,0.6927448109839425,0.025033805193478694,0.054865702892206165,0.4453320943429361,348.0,0.496430560500443,-2.073692431052735e-18,118.0,0.4322033898305085,0.985906329482311,-0.010986004048368577,118.0,51.0,67.0,0.0,7.922380952380951,0.06713882163034704
moneyline,beta_l2=0.0001,beta_calibration,"[log(raw_probability), -log(1-raw_probability)]","{""constraints"": ""a>=0,b>=0"", ""l2"": 0.0001, ""maxiter"": 5000, ""optimizer"": ""L-BFGS-B""}",3,ok,,2025-10-07,2026-01-19,2026-01-20,2026-02-28,775,166,775,166,"{""a"": 0.0, ""b"": 1.0237082712140024, ""c"": -0.7217651053143502}",166.0,0.239204006468018,0.6713610959543371,0.06599188940576088,-0.03263965200192482,2.634699591652501,332.0,0.48631474116004697,-1.6720226274475249e-18,110.0,0.34545454545454546,0.965032783294562,0.03429212696766181,110.0,38.0,72.0,0.0,-20.079607843137257,-0.18254188948306596
moneyline,beta_l2=0.0001,beta_calibration,"[log(raw_probability), -log(1-raw_probability)]","{""constraints"": ""a>=0,b>=0"", ""l2"": 0.0001, ""maxiter"": 5000, ""optimizer"": ""L-BFGS-B""}",4,ok,,2025-10-07,2026-02-28,2026-03-01,2026-03-21,941,164,941,164,"{""a"": 0.0, ""b"": 1.306020535642618, ""c"": -0.9260295153019982}",164.0,0.24905146271216794,0.6915605148599517,0.03594008143973289,-0.07461901568988755,0.6628182168480624,328.0,0.49464234874158686,-4.4002741829655595e-18,113.0,0.46017699115044247,0.9880076080991425,-0.0076507196457552065,113.0,52.0,61.0,0.0,12.158179936006025,0.10759451270801793
moneyline,beta_l2=0.001,beta_calibration,"[log(raw_probability), -log(1-raw_probability)]","{""constraints"": ""a>=0,b>=0"", ""l2"": 0.001, ""maxiter"": 5000, ""optimizer"": ""L-BFGS-B""}",1,ok,,2025-10-07,2025-12-03,2025-12-04,2025-12-28,423,178,423,178,"{""a"": 0.24608699039927742, ""b"": 0.7975490617686243, ""c"": -0.38187542954355613}",178.0,0.24644769689163903,0.6860185895658419,0.013860879481950982,-0.047553851322769285,1.2000661526423198,356.0,0.4935019275712185,-4.054185202282875e-18,113.0,0.4336283185840708,0.9810377948767501,0.0032034101147254595,113.0,49.0,64.0,0.0,5.90238095238095,0.052233459755583626
moneyline,beta_l2=0.001,beta_calibration,"[log(raw_probability), -log(1-raw_probability)]","{""constraints"": ""a>=0,b>=0"", ""l2"": 0.001, ""maxiter"": 5000, ""optimizer"": ""L-BFGS-B""}",2,ok,,2025-10-07,2025-12-28,2025-12-29,2026-01-19,601,174,601,174,"{""a"": 0.3313415019328562, ""b"": 0.7469676109257888, ""c"": -0.29666382102284466}",174.0,0.24970806522747283,0.692499033002968,0.027846374802540295,0.054402979050237346,0.45504325373442284,348.0,0.4970458472529064,-1.5951480238867191e-19,119.0,0.42857142857142855,0.9872868305995671,-0.008520682128880292,119.0,51.0,68.0,0.0,7.270000000000003,0.06109243697478994
moneyline,beta_l2=0.001,beta_calibration,"[log(raw_probability), -log(1-raw_probability)]","{""constraints"": ""a>=0,b>=0"", ""l2"": 0.001, ""maxiter"": 5000, ""optimizer"": ""L-BFGS-B""}",3,ok,,2025-10-07,2026-01-19,2026-01-20,2026-02-28,775,166,775,166,"{""a"": 0.19487034781092774, ""b"": 0.7106904915517112, ""c"": -0.35213139970360446}",166.0,0.2402299141449068,0.6734677982978906,0.04845347280731174,-0.0745170307846757,3.121091801032317,332.0,0.48801544890785997,-3.009640729405545e-18,113.0,0.336283185840708,0.9686581213672474,0.036815389380191556,113.0,38.0,75.0,0.0,-22.91,-0.2027433628318584
moneyline,beta_l2=0.001,beta_calibration,"[log(raw_probability), -log(1-raw_probability)]","{""constraints"": ""a>=0,b>=0"", ""l2"": 0.001, ""maxiter"": 5000, ""optimizer"": ""L-BFGS-B""}",4,ok,,2025-10-07,2026-02-28,2026-03-01,2026-03-21,941,164,941,164,"{""a"": 0.3598557084118228, ""b"": 0.8342303147358261, ""c"": -0.32711215958098583}",164.0,0.2482397919222403,0.689752305222377,0.056160576116656466,-0.08843581965766487,0.8417417203640775,328.0,0.49460182091815474,1.692413147294446e-19,111.0,0.4594594594594595,0.987809465361353,-0.005401998240172518,111.0,51.0,60.0,0.0,12.356233766233764,0.1113174213174213
moneyline,beta_l2=0.01,beta_calibration,"[log(raw_probability), -log(1-raw_probability)]","{""constraints"": ""a>=0,b>=0"", ""l2"": 0.01, ""maxiter"": 5000, ""optimizer"": ""L-BFGS-B""}",1,ok,,2025-10-07,2025-12-03,2025-12-04,2025-12-28,423,178,423,178,"{""a"": 0.1982628065328688, ""b"": 0.2846015443206575, ""c"": -0.008949226384853473}",178.0,0.2476636482302514,0.6884619884896193,0.007650897043231745,-0.17759444661694138,2.667713796393126,356.0,0.49664681059251503,-2.650813401492649e-18,137.0,0.45255474452554745,0.9876516952207285,0.012529563614608052,137.0,62.0,75.0,0.0,9.932380952380953,0.07249913103927703
moneyline,beta_l2=0.01,beta_calibration,"[log(raw_probability), -log(1-raw_probability)]","{""constraints"": ""a>=0,b>=0"", ""l2"": 0.01, ""maxiter"": 5000, ""optimizer"": ""L-BFGS-B""}",2,ok,,2025-10-07,2025-12-28,2025-12-29,2026-01-19,601,174,601,174,"{""a"": 0.21925048258888213, ""b"": 0.2939643025636213, ""c"": -0.010386261474587795}",174.0,0.2490704634103395,0.6912706397271412,0.007368212770045059,0.016059821181309754,0.9185146792322645,348.0,0.4981497259038336,-1.5951480238867191e-19,131.0,0.45038167938931295,0.9897270504617383,-5.6802444194981676e-05,131.0,59.0,72.0,0.0,12.072380952380954,0.09215557978916758
moneyline,beta_l2=0.01,beta_calibration,"[log(raw_probability), -log(1-raw_probability)]","{""constraints"": ""a>=0,b>=0"", ""l2"": 0.01, ""maxiter"": 5000, ""optimizer"": ""L-BFGS-B""}",3,ok,,2025-10-07,2026-01-19,2026-01-20,2026-02-28,775,166,775,166,"{""a"": 0.17803621645981393, ""b"": 0.2611104851088599, ""c"": -0.008428420547805333}",166.0,0.2441280977171718,0.6813693067761364,0.048422079312564516,-0.3796093627121996,6.702300638504281,332.0,0.4932733083945161,-1.6720226274475249e-18,127.0,0.3700787401574803,0.9798123198092428,0.04443565300323306,127.0,47.0,80.0,0.0,-18.44683473389356,-0.1452506671960123
moneyline,beta_l2=0.01,beta_calibration,"[log(raw_probability), -log(1-raw_probability)]","{""constraints"": ""a>=0,b>=0"", ""l2"": 0.01, ""maxiter"": 5000, ""optimizer"": ""L-BFGS-B""}",4,ok,,2025-10-07,2026-02-28,2026-03-01,2026-03-21,941,164,941,164,"{""a"": 0.24268489249277084, ""b"": 0.33173240761192563, ""c"": -0.004788889636372886}",164.0,0.24871461659927002,0.6905955465450923,0.028471549526169274,-0.19104885613538017,1.8510354797883073,328.0,0.4974484125584953,1.8616544620238907e-18,128.0,0.453125,0.9937751567611633,0.00522172835944619,128.0,58.0,70.0,0.0,11.494761904761905,0.08980282738095238
moneyline,beta_l2=0.1,beta_calibration,"[log(raw_probability), -log(1-raw_probability)]","{""constraints"": ""a>=0,b>=0"", ""l2"": 0.1, ""maxiter"": 5000, ""optimizer"": ""L-BFGS-B""}",1,ok,,2025-10-07,2025-12-03,2025-12-04,2025-12-28,423,178,423,178,"{""a"": 0.03217188113132836, ""b"": 0.042789968276264696, ""c"": 0.07650771286685207}",178.0,0.2493603935939544,0.6918663786194739,0.005687565620185242,-1.4866493903576796,17.23457953516822,356.0,0.49884053566065395,-2.3389530013170432e-18,145.0,0.45517241379310347,0.9922485932905032,0.019019630615818014,145.0,66.0,79.0,0.0,9.98952380952381,0.06889326765188834
moneyline,beta_l2=0.1,beta_calibration,"[log(raw_probability), -log(1-raw_probability)]","{""constraints"": ""a>=0,b>=0"", ""l2"": 0.1, ""maxiter"": 5000, ""optimizer"": ""L-BFGS-B""}",2,ok,,2025-10-07,2025-12-28,2025-12-29,2026-01-19,601,174,601,174,"{""a"": 0.03594640143402693, ""b"": 0.04574624037872496, ""c"": 0.06980397121390167}",174.0,0.24934564270359869,0.6918373138982546,0.0022109974651846054,-0.3857550527213478,5.7469059518889045,348.0,0.49890142596481807,-9.570888143320315e-19,146.0,0.4383561643835616,0.9913883908539882,0.006242029523518684,146.0,64.0,82.0,0.0,7.027142857142862,0.04813111545988261
moneyline,beta_l2=0.1,beta_calibration,"[log(raw_probability), -log(1-raw_probability)]","{""constraints"": ""a>=0,b>=0"", ""l2"": 0.1, ""maxiter"": 5000, ""optimizer"": ""L-BFGS-B""}",3,ok,,2025-10-07,2026-01-19,2026-01-20,2026-02-28,775,166,775,166,"{""a"": 0.029943123628631753, ""b"": 0.04038939939623256, ""c"": 0.07223227385223568}",166.0,0.24766805532099756,0.68847873392835,0.02679864415434363,-3.3893494706495235,42.02769241191442,332.0,0.49720079947521434,6.6880905097901e-19,131.0,0.366412213740458,0.9881359132922946,0.05009847433666226,131.0,48.0,83.0,0.0,-20.494453781512608,-0.15644621207261533
moneyline,beta_l2=0.1,beta_calibration,"[log(raw_probability), -log(1-raw_probability)]","{""constraints"": ""a>=0,b>=0"", ""l2"": 0.1, ""maxiter"": 5000, ""optimizer"": ""L-BFGS-B""}",4,ok,,2025-10-07,2026-02-28,2026-03-01,2026-03-21,941,164,941,164,"{""a"": 0.040131205106921045, ""b"": 0.052040590534826715, ""c"": 0.08839850094617407}",164.0,0.25052340789911304,0.6941950508725799,0.03154390179274158,-1.2045709991736258,11.579832680400548,328.0,0.4998561233520895,-2.7078610356711136e-18,135.0,0.4740740740740741,0.9988574693658079,0.013523165973906733,135.0,64.0,71.0,0.0,16.26008658008658,0.1204450857784191
moneyline,isotonic,isotonic_regression,raw_probability,"{""min_class_count"": 30, ""min_train_decisions"": 300, ""min_unique_probability"": 20, ""out_of_bounds"": ""clip""}",1,ok,,2025-10-07,2025-12-03,2025-12-04,2025-12-28,423,178,423,178,"{""x_threshold_count"": 17, ""y_threshold_count"": 17}",178.0,0.24926457704230012,0.8365763285011834,0.03941620925844107,0.0660397160458119,0.011019528089660962,356.0,0.48710459245545423,-5.457557003073101e-18,137.0,0.5109489051094891,0.9674297602656564,-0.013037292763104698,136.0,70.0,66.0,0.0,9.637303872103617,0.07086252847135012
moneyline,isotonic,isotonic_regression,raw_probability,"{""min_class_count"": 30, ""min_train_decisions"": 300, ""min_unique_probability"": 20, ""out_of_bounds"": ""clip""}",2,ok,,2025-10-07,2025-12-28,2025-12-29,2026-01-19,601,174,601,174,"{""x_threshold_count"": 18, ""y_threshold_count"": 18}",174.0,0.25327225913783186,0.6995498048649674,0.044339786619797504,0.06813460748304617,0.17025093213948167,348.0,0.4945370844188389,-5.583018083603517e-18,118.0,0.4745762711864407,0.9811714453741756,-0.019686657230214722,118.0,56.0,62.0,0.0,4.799342003226698,0.040672389857853375
moneyline,isotonic,isotonic_regression,raw_probability,"{""min_class_count"": 30, ""min_train_decisions"": 300, ""min_unique_probability"": 20, ""out_of_bounds"": ""clip""}",3,ok,,2025-10-07,2026-01-19,2026-01-20,2026-02-28,775,166,775,166,"{""x_threshold_count"": 18, ""y_threshold_count"": 18}",166.0,0.24279970678773158,0.6822307291726535,0.0674548384375426,0.12418034322636293,0.4652069240379069,332.0,0.48331142714397896,1.6720226274475249e-18,111.0,0.40540540540540543,0.9573297538755308,0.023695600343468,111.0,45.0,66.0,0.0,-19.82850006078647,-0.178635135682761
moneyline,isotonic,isotonic_regression,raw_probability,"{""min_class_count"": 30, ""min_train_decisions"": 300, ""min_unique_probability"": 20, ""out_of_bounds"": ""clip""}",4,ok,,2025-10-07,2026-02-28,2026-03-01,2026-03-21,941,164,941,164,"{""x_threshold_count"": 16, ""y_threshold_count"": 16}",164.0,0.25750086183905185,0.8641567245366225,0.05852730726679117,-0.010371725645693615,-0.08516546496690394,328.0,0.49770168112026203,-6.769652589177784e-18,111.0,0.44144144144144143,0.9939144273100051,-0.017092885457461054,111.0,49.0,62.0,0.0,-5.528706146853642,-0.04980816348516794
puck_line,raw_baseline,raw_baseline,raw_probability,{},1,ok,,2025-11-02,2025-12-19,2025-12-20,2026-01-09,219,93,219,93,{},93.0,0.23012399615734064,0.6526907020536166,0.05694975370794594,0.21819128742967778,1.7224305701020861,186.0,0.46900979368092743,0.0,61.0,0.4262295081967213,0.9740007042310712,0.02049013929268958,61.0,26.0,35.0,0.0,3.5101097897708073,0.057542783438865694
puck_line,raw_baseline,raw_baseline,raw_probability,{},2,ok,,2025-11-02,2026-01-09,2026-01-10,2026-01-27,312,87,312,87,{},87.0,0.22947721802795565,0.6513945014939406,0.05888644770526469,-0.09505209942258047,1.3714719078633815,174.0,0.4682626557447305,3.1902960477734383e-19,57.0,0.3508771929824561,0.9589020382652929,0.03004015890681826,57.0,20.0,37.0,0.0,-10.311002886002884,-0.1808947874737348
puck_line,raw_baseline,raw_baseline,raw_probability,{},3,ok,,2025-11-02,2026-01-27,2026-01-28,2026-03-04,399,85,399,85,{},85.0,0.23856804324389733,0.6698701274769072,0.05407394357186765,0.11889649423412486,1.1736266115372225,170.0,0.4778332761383961,1.6326809185664067e-18,55.0,0.43636363636363634,0.9819703161965315,0.002525966829915522,55.0,24.0,31.0,0.0,3.6292353643966564,0.06598609753448466
puck_line,raw_baseline,raw_baseline,raw_probability,{},4,ok,,2025-11-02,2026-03-04,2026-03-05,2026-03-21,484,91,484,91,{},91.0,0.23090713859806838,0.6543419255739039,0.09082171325393029,-0.4077330878150226,0.8807779631523409,182.0,0.47000963432019205,-2.4400506035717728e-18,49.0,0.46938775510204084,0.9561773584872707,0.019397990964287806,49.0,23.0,26.0,0.0,3.404739234101969,0.06948447416534631
puck_line,production_baseline,production_baseline,current_stage02_adjusted_probability,{},1,ok,,2025-11-02,2025-12-19,2025-12-20,2026-01-09,219,93,219,93,{},93.0,0.23960110669204077,0.675548613866418,0.10952066466513039,0.25256704308234784,0.700992647582269,186.0,0.4309098484592263,4.178258694825858e-18,93.0,0.6344086021505376,0.8936978205008441,-0.051961554038443526,93.0,59.0,34.0,0.0,-1.0638700275439468,-0.011439462661762868
puck_line,production_baseline,production_baseline,current_stage02_adjusted_probability,{},2,ok,,2025-11-02,2026-01-09,2026-01-10,2026-01-27,312,87,312,87,{},87.0,0.23313005304593537,0.6622545138278917,0.08989895473794325,-0.04649093122322564,0.5868675021458197,174.0,0.42394792049352154,3.5093256525507825e-18,87.0,0.6551724137931034,0.8666420563443966,-0.033680732868925374,87.0,57.0,30.0,0.0,3.7135187708323327,0.04268412380267049
puck_line,production_baseline,production_baseline,current_stage02_adjusted_probability,{},3,ok,,2025-11-02,2026-01-27,2026-01-28,2026-03-04,399,85,399,85,{},85.0,0.26484296241892846,0.7300787937610385,0.1656222705938137,0.09149503669387231,0.39271278244765634,170.0,0.4570271628490915,9.143013143971877e-18,85.0,0.5764705882352941,0.9370197418944533,-0.06551721447746377,85.0,49.0,36.0,0.0,-8.564775247635879,-0.1007620617368927
puck_line,production_baseline,production_baseline,current_stage02_adjusted_probability,{},4,ok,,2025-11-02,2026-03-04,2026-03-05,2026-03-21,484,91,484,91,{},91.0,0.24026487773284283,0.6774392576652877,0.14190400804313885,-0.4243149472919039,0.3424254094127903,182.0,0.43207168474939495,2.4400506035717728e-18,91.0,0.6373626373626373,0.8783043976583361,-0.04396210686442344,91.0,58.0,33.0,0.0,0.5502910331388122,0.006047154210316618
puck_line,platt_raw_C=0.01,platt_logistic_raw_probability,[raw_probability],"{""C"": 0.01, ""class_weight"": null, ""max_iter"": 5000, ""random_state"": 20260912, ""solver"": ""lbfgs""}",1,ok,,2025-11-02,2025-12-19,2025-12-20,2026-01-09,219,93,219,93,"{""coefficient_raw_probability"": 0.0358553924787816, ""intercept"": -0.4515885524788212}",93.0,0.25090771107631,0.6951605932496722,0.058863176078633395,85.55695037643319,196.78443317907963,186.0,0.48940452988390853,-1.7906822977825105e-18,80.0,0.4,1.0183335511665272,0.04787229571137636,80.0,32.0,48.0,0.0,-2.2001101243306826,-0.02750137655413353
puck_line,platt_raw_C=0.01,platt_logistic_raw_probability,[raw_probability],"{""C"": 0.01, ""class_weight"": null, ""max_iter"": 5000, ""random_state"": 20260912, ""solver"": ""lbfgs""}",2,ok,,2025-11-02,2026-01-09,2026-01-10,2026-01-27,312,87,312,87,"{""coefficient_raw_probability"": 0.047623628299611594, ""intercept"": -0.38375194227952547}",87.0,0.24433929568226562,0.681777274238845,0.014766518484137792,42.37347715826736,117.98602608669096,174.0,0.4863314908660987,1.2761184191093753e-18,78.0,0.38461538461538464,0.9983590115636045,0.06757157064149391,78.0,30.0,48.0,0.0,-6.293398388203879,-0.08068459472056255
puck_line,platt_raw_C=0.01,platt_logistic_raw_probability,[raw_probability],"{""C"": 0.01, ""class_weight"": null, ""max_iter"": 5000, ""random_state"": 20260912, ""solver"": ""lbfgs""}",3,ok,,2025-11-02,2026-01-27,2026-01-28,2026-03-04,399,85,399,85,"{""coefficient_raw_probability"": 0.05890030673369787, ""intercept"": -0.3754673524502404}",85.0,0.25210425820684496,0.6974634181262231,0.05694601907228919,28.506900101908215,82.03785028844716,170.0,0.4946448990734427,-9.79608551139844e-19,76.0,0.4605263157894737,1.0183681327728469,0.034702884101866754,76.0,35.0,41.0,0.0,8.571049739046884,0.1127769702506169
puck_line,platt_raw_C=0.01,platt_logistic_raw_probability,[raw_probability],"{""C"": 0.01, ""class_weight"": null, ""max_iter"": 5000, ""random_state"": 20260912, ""solver"": ""lbfgs""}",4,ok,,2025-11-02,2026-03-04,2026-03-05,2026-03-21,484,91,484,91,"{""coefficient_raw_probability"": 0.06718261193999694, ""intercept"": -0.3380766643156048}",91.0,0.23295316211912157,0.6588237346307844,0.0718293477282847,16.008309627992183,53.91279886369634,182.0,0.47709553494009344,1.0675221390626506e-17,81.0,0.43209876543209874,0.9716916012950717,0.04990339566691102,81.0,35.0,46.0,0.0,0.5825705008345103,0.007192228405364326
puck_line,logit_logistic_C=0.01,logistic_logit_probability,[logit(raw_probability)],"{""C"": 0.01, ""class_weight"": null, ""max_iter"": 5000, ""random_state"": 20260912, ""solver"": ""lbfgs""}",1,ok,,2025-11-02,2025-12-19,2025-12-20,2026-01-09,219,93,219,93,"{""coefficient_logit_probability"": 0.13804486239176988, ""intercept"": -0.40085188264536964}",93.0,0.24777916117317011,0.6886487163252624,0.07350481769555929,5.219701062840834,12.477225899148916,186.0,0.48623541295866834,-4.775152794086695e-18,83.0,0.40963855421686746,1.011516402504664,0.04277176114400953,83.0,34.0,49.0,0.0,-1.9097875436855247,-0.023009488478138853
puck_line,logit_logistic_C=0.01,logistic_logit_probability,[logit(raw_probability)],"{""C"": 0.01, ""class_weight"": null, ""max_iter"": 5000, ""random_state"": 20260912, ""solver"": ""lbfgs""}",2,ok,,2025-11-02,2026-01-09,2026-01-10,2026-01-27,312,87,312,87,"{""coefficient_logit_probability"": 0.1787663795882892, ""intercept"": -0.3181487659180561}",87.0,0.2402367071252768,0.673356180520546,0.049838095643445615,2.3456854970405736,7.671752530861869,174.0,0.4825732725615664,-5.104473676437501e-18,77.0,0.4025974025974026,0.9902401790685432,0.06050052573629979,77.0,31.0,46.0,0.0,-3.603743215790085,-0.04680185994532578
puck_line,logit_logistic_C=0.01,logistic_logit_probability,[logit(raw_probability)],"{""C"": 0.01, ""class_weight"": null, ""max_iter"": 5000, ""random_state"": 20260912, ""solver"": ""lbfgs""}",3,ok,,2025-11-02,2026-01-27,2026-01-28,2026-03-04,399,85,399,85,"{""coefficient_logit_probability"": 0.2145656290809939, ""intercept"": -0.3001058771105738}",85.0,0.2484536030676171,0.6900179784826534,0.05552237444683588,1.7602763432960626,5.469453682801674,170.0,0.49086037500784224,9.79608551139844e-19,75.0,0.4666666666666667,1.0102274525795432,0.02681279107566848,75.0,35.0,40.0,0.0,9.571049739046888,0.12761399652062516
puck_line,logit_logistic_C=0.01,logistic_logit_probability,[logit(raw_probability)],"{""C"": 0.01, ""class_weight"": null, ""max_iter"": 5000, ""random_state"": 20260912, ""solver"": ""lbfgs""}",4,ok,,2025-11-02,2026-03-04,2026-03-05,2026-03-21,484,91,484,91,"{""coefficient_logit_probability"": 0.2389557070859878, ""intercept"": -0.254574203334414}",91.0,0.23049965361643918,0.6537845489493451,0.07075562037951127,0.5307743642472229,3.6864187336274896,182.0,0.47405885702634804,3.3550695799111874e-18,79.0,0.43037974683544306,0.9652493455027152,0.041765616357868046,79.0,34.0,45.0,0.0,0.1625705008345113,0.002057854440943181
puck_line,platt_raw_C=0.1,platt_logistic_raw_probability,[raw_probability],"{""C"": 0.1, ""class_weight"": null, ""max_iter"": 5000, ""random_state"": 20260912, ""solver"": ""lbfgs""}",1,ok,,2025-11-02,2025-12-19,2025-12-20,2026-01-09,219,93,219,93,"{""coefficient_raw_probability"": 0.345927107450118, ""intercept"": -0.5875327188526048}",93.0,0.2490555911798963,0.6912963022808147,0.07664940183394847,8.675833003720115,20.398399733361916,186.0,0.4875492044613332,-7.759623290390878e-18,84.0,0.40476190476190477,1.0143451122379517,0.04487514775970506,84.0,34.0,50.0,0.0,-2.909787543685525,-0.034640327901018154
puck_line,platt_raw_C=0.1,platt_logistic_raw_probability,[raw_probability],"{""C"": 0.1, ""class_weight"": null, ""max_iter"": 5000, ""random_state"": 20260912, ""solver"": ""lbfgs""}",2,ok,,2025-11-02,2026-01-09,2026-01-10,2026-01-27,312,87,312,87,"{""coefficient_raw_probability"": 0.45282058903250016, ""intercept"": -0.5616222038936365}",87.0,0.2418496223049727,0.6766564661700213,0.04004808712261259,4.065218999454545,12.40902713010585,174.0,0.4841092511801384,3.828355257328126e-18,77.0,0.38961038961038963,0.9935609579316443,0.06338945045978706,77.0,30.0,47.0,0.0,-5.293398388203877,-0.06874543361303737
puck_line,platt_raw_C=0.1,platt_logistic_raw_probability,[raw_probability],"{""C"": 0.1, ""class_weight"": null, ""max_iter"": 5000, ""random_state"": 20260912, ""solver"": ""lbfgs""}",3,ok,,2025-11-02,2026-01-27,2026-01-28,2026-03-04,399,85,399,85,"{""coefficient_raw_probability"": 0.5501425299567624, ""intercept"": -0.5934981472630341}",85.0,0.249849158858405,0.6928491508928586,0.08888211374424793,2.888128358313643,8.699299847538063,170.0,0.4923886480375641,1.3061447348531253e-18,75.0,0.4666666666666667,1.0135153325654553,0.029968868658036867,75.0,35.0,40.0,0.0,9.571049739046888,0.12761399652062516
puck_line,platt_raw_C=0.1,platt_logistic_raw_probability,[raw_probability],"{""C"": 0.1, ""class_weight"": null, ""max_iter"": 5000, ""random_state"": 20260912, ""solver"": ""lbfgs""}",4,ok,,2025-11-02,2026-03-04,2026-03-05,2026-03-21,484,91,484,91,"{""coefficient_raw_probability"": 0.6184106742478055, ""intercept"": -0.5834124379575171}",91.0,0.23138170208486047,0.6556013446284082,0.07119838239547693,1.1986442215201005,5.856945946294981,182.0,0.4752621242203891,-6.1001265089294314e-18,81.0,0.43209876543209874,0.9678035234496816,0.044987060199907454,81.0,35.0,46.0,0.0,0.5825705008345103,0.007192228405364326
puck_line,logit_logistic_C=0.1,logistic_logit_probability,[logit(raw_probability)],"{""C"": 0.1, ""class_weight"": null, ""max_iter"": 5000, ""random_state"": 20260912, ""solver"": ""lbfgs""}",1,ok,,2025-11-02,2025-12-19,2025-12-20,2026-01-09,219,93,219,93,"{""coefficient_logit_probability"": 0.8790827989957882, ""intercept"": -0.21907373339735478}",93.0,0.23455146206977112,0.6617022292009918,0.07475508104779031,0.6474351771446771,1.9593469922319788,186.0,0.4679672795139212,-2.9844704963041843e-18,60.0,0.4666666666666667,0.9722468513987661,0.01331983328847433,60.0,28.0,32.0,0.0,-4.058631233937668,-0.06764385389896113
puck_line,logit_logistic_C=0.1,logistic_logit_probability,[logit(raw_probability)],"{""C"": 0.1, ""class_weight"": null, ""max_iter"": 5000, ""random_state"": 20260912, ""solver"": ""lbfgs""}",2,ok,,2025-11-02,2026-01-09,2026-01-10,2026-01-27,312,87,312,87,"{""coefficient_logit_probability"": 0.995827453877939, ""intercept"": -0.12049511781826323}",87.0,0.22832361870665627,0.6489235865153572,0.045965008849740696,0.07093661650188875,1.3772641392942957,174.0,0.46424150740207804,-2.2332072334414068e-18,56.0,0.44642857142857145,0.9506735039829851,0.026000162551149227,56.0,25.0,31.0,0.0,-5.521687493734364,-0.09860156238811364
puck_line,logit_logistic_C=0.1,logistic_logit_probability,[logit(raw_probability)],"{""C"": 0.1, ""class_weight"": null, ""max_iter"": 5000, ""random_state"": 20260912, ""solver"": ""lbfgs""}",3,ok,,2025-11-02,2026-01-27,2026-01-28,2026-03-04,399,85,399,85,"{""coefficient_logit_probability"": 1.0467304383629377, ""intercept"": -0.11581120186058312}",85.0,0.24046208459944368,0.6740120588717249,0.09077804809104698,0.24875228318519085,1.121217898170138,170.0,0.47530219560211034,1.6326809185664067e-18,56.0,0.5,0.9767758771224097,-0.0058010039776332555,56.0,28.0,28.0,0.0,-0.033443016983770946,-0.0005971967318530526
puck_line,logit_logistic_C=0.1,logistic_logit_probability,[logit(raw_probability)],"{""C"": 0.1, ""class_weight"": null, ""max_iter"": 5000, ""random_state"": 20260912, ""solver"": ""lbfgs""}",4,ok,,2025-11-02,2026-03-04,2026-03-05,2026-03-21,484,91,484,91,"{""coefficient_logit_probability"": 1.0632729921824418, ""intercept"": -0.07508529636680529}",91.0,0.2277027862920711,0.6476704173428013,0.07011635331643001,-0.3455267435299276,0.8283805728254741,182.0,0.4629911977867737,-5.490113858036488e-18,55.0,0.509090909090909,0.94178868421374,0.012091301822251134,55.0,28.0,27.0,0.0,-0.6846012565660482,-0.012447295573928149
puck_line,platt_raw_C=1,platt_logistic_raw_probability,[raw_probability],"{""C"": 1.0, ""class_weight"": null, ""max_iter"": 5000, ""random_state"": 20260912, ""solver"": ""lbfgs""}",1,ok,,2025-11-02,2025-12-19,2025-12-20,2026-01-09,219,93,219,93,"{""coefficient_raw_probability"": 2.5657415045474994, ""intercept"": -1.5629811042713522}",93.0,0.23812168548425164,0.668948860416651,0.05664472002823031,0.9896495668335757,2.7502200200677245,186.0,0.47415531452597715,4.178258694825858e-18,62.0,0.46774193548387094,0.9855605880823899,0.02326525799373546,62.0,29.0,33.0,0.0,0.6856947217967395,0.011059592287044185
puck_line,platt_raw_C=1,platt_logistic_raw_probability,[raw_probability],"{""C"": 1.0, ""class_weight"": null, ""max_iter"": 5000, ""random_state"": 20260912, ""solver"": ""lbfgs""}",2,ok,,2025-11-02,2026-01-09,2026-01-10,2026-01-27,312,87,312,87,"{""coefficient_raw_probability"": 3.032028813169802, ""intercept"": -1.6974727387085429}",87.0,0.23056190960730027,0.6536206000361396,0.050827248367821196,0.2419096326420229,1.8532699587103354,174.0,0.4698836560906589,-6.380592095546877e-19,59.0,0.423728813559322,0.9628646116882971,0.036607995859112695,59.0,25.0,34.0,0.0,-4.507127054173924,-0.07639198396904956
puck_line,platt_raw_C=1,platt_logistic_raw_probability,[raw_probability],"{""C"": 1.0, ""class_weight"": null, ""max_iter"": 5000, ""random_state"": 20260912, ""solver"": ""lbfgs""}",3,ok,,2025-11-02,2026-01-27,2026-01-28,2026-03-04,399,85,399,85,"{""coefficient_raw_probability"": 3.313554947029811, ""intercept"": -1.8244010082136706}",85.0,0.24158012219049216,0.6762725205652309,0.05633095189166898,0.36015248696534546,1.4443754903171366,170.0,0.4796724969730367,0.0,52.0,0.4230769230769231,0.9861778856418442,0.0032771097479986004,52.0,22.0,30.0,0.0,-2.4565476996670967,-0.04724130191667494
puck_line,platt_raw_C=1,platt_logistic_raw_probability,[raw_probability],"{""C"": 1.0, ""class_weight"": null, ""max_iter"": 5000, ""random_state"": 20260912, ""solver"": ""lbfgs""}",4,ok,,2025-11-02,2026-03-04,2026-03-05,2026-03-21,484,91,484,91,"{""coefficient_raw_probability"": 3.449554970302322, ""intercept"": -1.8474376562497963}",91.0,0.227477182536972,0.6473335614158492,0.07353900418930231,-0.27872321474261996,1.0496524825733415,182.0,0.46589273689411714,7.320151810715318e-18,49.0,0.4897959183673469,0.9479511878249276,0.01988145841136695,49.0,24.0,25.0,0.0,2.0919649069798147,0.042693161366935
puck_line,logit_logistic_C=1,logistic_logit_probability,[logit(raw_probability)],"{""C"": 1.0, ""class_weight"": null, ""max_iter"": 5000, ""random_state"": 20260912, ""solver"": ""lbfgs""}",1,ok,,2025-11-02,2025-12-19,2025-12-20,2026-01-09,219,93,219,93,"{""coefficient_logit_probability"": 1.9865771391806495, ""intercept"": 0.045044297603313556}",93.0,0.22981987177221855,0.6523974562543337,0.06454669241945908,0.17913007203373613,0.867039175134146,186.0,0.4431030469094425,1.1937881985216738e-18,80.0,0.625,0.9189089345903905,-0.027059022129612424,80.0,50.0,30.0,0.0,1.1986576197122316,0.014983220246402895
puck_line,logit_logistic_C=1,logistic_logit_probability,[logit(raw_probability)],"{""C"": 1.0, ""class_weight"": null, ""max_iter"": 5000, ""random_state"": 20260912, ""solver"": ""lbfgs""}",2,ok,,2025-11-02,2026-01-09,2026-01-10,2026-01-27,312,87,312,87,"{""coefficient_logit_probability"": 1.9168034952729682, ""intercept"": 0.10044595655281575}",87.0,0.22987390159209248,0.6527992734116496,0.08329493890469221,-0.16689465733314024,0.7155329308725499,174.0,0.4458633455368081,-3.1902960477734383e-18,64.0,0.640625,0.9110321083683767,-0.008803688478338368,64.0,41.0,23.0,0.0,0.28971791224522825,0.004526842378831691
puck_line,logit_logistic_C=1,logistic_logit_probability,[logit(raw_probability)],"{""C"": 1.0, ""class_weight"": null, ""max_iter"": 5000, ""random_state"": 20260912, ""solver"": ""lbfgs""}",3,ok,,2025-11-02,2026-01-27,2026-01-28,2026-03-04,399,85,399,85,"{""coefficient_logit_probability"": 1.7692182459562191, ""intercept"": 0.042198425616206806}",85.0,0.24259651780805422,0.6784964657637943,0.09157999567510841,0.0908928615294092,0.6633015859256297,170.0,0.4633214412631374,-1.959217102279688e-18,65.0,0.6,0.950990687922584,-0.03191407637115994,65.0,39.0,26.0,0.0,-0.8111293561047859,-0.01247891317084286
puck_line,logit_logistic_C=1,logistic_logit_probability,[logit(raw_probability)],"{""C"": 1.0, ""class_weight"": null, ""max_iter"": 5000, ""random_state"": 20260912, ""solver"": ""lbfgs""}",4,ok,,2025-11-02,2026-03-04,2026-03-05,2026-03-21,484,91,484,91,"{""coefficient_logit_probability"": 1.670371358387056, ""intercept"": 0.0563775485250338}",91.0,0.23144376164301614,0.6556233073716419,0.06499496945857669,-0.4374402934871008,0.5273450642170867,182.0,0.45558508242599943,1.2200253017858864e-18,60.0,0.5833333333333334,0.9260631750778218,-0.00812015678326645,60.0,35.0,25.0,0.0,-3.9428190962759557,-0.06571365160459926
puck_line,platt_raw_C=10,platt_logistic_raw_probability,[raw_probability],"{""C"": 10.0, ""class_weight"": null, ""max_iter"": 5000, ""random_state"": 20260912, ""solver"": ""lbfgs""}",1,ok,,2025-11-02,2025-12-19,2025-12-20,2026-01-09,219,93,219,93,"{""coefficient_raw_probability"": 7.396563126041767, ""intercept"": -3.6959054229235493}",93.0,0.22953885158035928,0.6516493756035574,0.06522934256535497,0.21708415418611918,0.9540957518643861,186.0,0.4467467985429016,-2.9844704963041843e-18,78.0,0.6025641025641025,0.9267586608500263,-0.021170865354324147,78.0,47.0,31.0,0.0,-1.3240567291852248,-0.016975086271605447
puck_line,platt_raw_C=10,platt_logistic_raw_probability,[raw_probability],"{""C"": 10.0, ""class_weight"": null, ""max_iter"": 5000, ""random_state"": 20260912, ""solver"": ""lbfgs""}",2,ok,,2025-11-02,2026-01-09,2026-01-10,2026-01-27,312,87,312,87,"{""coefficient_raw_probability"": 7.316681765110299, ""intercept"": -3.588679825985471}",87.0,0.22889818280518648,0.6503917547760395,0.07552705460103361,-0.14790961377375988,0.7679852327037074,174.0,0.44821303242869287,3.1902960477734383e-19,63.0,0.6190476190476191,0.9161379820158607,-0.004367602769963028,63.0,39.0,24.0,0.0,-1.2636431411158242,-0.020057827636759114
puck_line,platt_raw_C=10,platt_logistic_raw_probability,[raw_probability],"{""C"": 10.0, ""class_weight"": null, ""max_iter"": 5000, ""random_state"": 20260912, ""solver"": ""lbfgs""}",3,ok,,2025-11-02,2026-01-27,2026-01-28,2026-03-04,399,85,399,85,"{""coefficient_raw_probability"": 6.883553122348463, ""intercept"": -3.4180355370742723}",85.0,0.24204643662123076,0.6773194338220069,0.09822253031408303,0.10151881390337245,0.6952236550552954,170.0,0.46472605590180255,2.6122894697062506e-18,61.0,0.6065573770491803,0.954025911810903,-0.02905251831718719,61.0,37.0,24.0,0.0,0.5581014131259847,0.009149203493868602
puck_line,platt_raw_C=10,platt_logistic_raw_probability,[raw_probability],"{""C"": 10.0, ""class_weight"": null, ""max_iter"": 5000, ""random_state"": 20260912, ""solver"": ""lbfgs""}",4,ok,,2025-11-02,2026-03-04,2026-03-05,2026-03-21,484,91,484,91,"{""coefficient_raw_probability"": 6.559255817910231, ""intercept"": -3.2376798115369634}",91.0,0.23078682267410405,0.6541393763390753,0.07405586738135678,-0.430536301363603,0.5521889901475544,182.0,0.45639618838254387,0.0,61.0,0.5737704918032787,0.9278068443271765,-0.0059418378063614136,61.0,35.0,26.0,0.0,-3.8310543903936045,-0.06280417033432138
puck_line,logit_logistic_C=10,logistic_logit_probability,[logit(raw_probability)],"{""C"": 10.0, ""class_weight"": null, ""max_iter"": 5000, ""random_state"": 20260912, ""solver"": ""lbfgs""}",1,ok,,2025-11-02,2025-12-19,2025-12-20,2026-01-09,219,93,219,93,"{""coefficient_logit_probability"": 2.3205491476644724, ""intercept"": 0.12598590033522358}",93.0,0.2311432546475437,0.655951600073685,0.0940733442625164,0.12463172668604167,0.7421860172723918,186.0,0.43671392496570133,-5.968940992608369e-19,78.0,0.6538461538461539,0.9052332427108002,-0.03754558164698074,78.0,51.0,27.0,0.0,2.9363613855264314,0.037645658788800405
puck_line,logit_logistic_C=10,logistic_logit_probability,[logit(raw_probability)],"{""C"": 10.0, ""class_weight"": null, ""max_iter"": 5000, ""random_state"": 20260912, ""solver"": ""lbfgs""}",2,ok,,2025-11-02,2026-01-09,2026-01-10,2026-01-27,312,87,312,87,"{""coefficient_logit_probability"": 2.137946715024925, ""intercept"": 0.15450749745630132}",87.0,0.23190889324122818,0.6581398247286699,0.10518230354630927,-0.19417583307780897,0.6414830882394814,174.0,0.4420532356551893,-2.8712664429960945e-18,67.0,0.6417910447761194,0.9028128202144275,-0.016072878864327504,67.0,43.0,24.0,0.0,0.4167020392293559,0.00621943342133367
puck_line,logit_logistic_C=10,logistic_logit_probability,[logit(raw_probability)],"{""C"": 10.0, ""class_weight"": null, ""max_iter"": 5000, ""random_state"": 20260912, ""solver"": ""lbfgs""}",3,ok,,2025-11-02,2026-01-27,2026-01-28,2026-03-04,399,85,399,85,"{""coefficient_logit_probability"": 1.9144907294590678, ""intercept"": 0.0749134146959458}",85.0,0.2438526196420662,0.681247197372277,0.10342818691879162,0.07297206079826898,0.6129797762642496,170.0,0.46119577492140823,0.0,66.0,0.6060606060606061,0.946407536875485,-0.03672625391956313,66.0,40.0,26.0,0.0,-0.32332447805600406,-0.004898855728121274
puck_line,logit_logistic_C=10,logistic_logit_probability,[logit(raw_probability)],"{""C"": 10.0, ""class_weight"": null, ""max_iter"": 5000, ""random_state"": 20260912, ""solver"": ""lbfgs""}",4,ok,,2025-11-02,2026-03-04,2026-03-05,2026-03-21,484,91,484,91,"{""coefficient_logit_probability"": 1.77865655532976, ""intercept"": 0.0801713150284762}",91.0,0.23253613388913869,0.6581069058144788,0.06928745366988366,-0.4474096003719498,0.4952458880178246,182.0,0.4543723998990432,4.5750948816970736e-18,61.0,0.5901639344262295,0.9234820805872103,-0.011498445835401164,61.0,36.0,25.0,0.0,-3.3713905248473854,-0.05526869712864566
puck_line,platt_raw_C=100,platt_logistic_raw_probability,[raw_probability],"{""C"": 100.0, ""class_weight"": null, ""max_iter"": 5000, ""random_state"": 20260912, ""solver"": ""lbfgs""}",1,ok,,2025-11-02,2025-12-19,2025-12-20,2026-01-09,219,93,219,93,"{""coefficient_raw_probability"": 9.398232233384032, ""intercept"": -4.578074410473364}",93.0,0.23101366820211391,0.655615810692486,0.09047164902789327,0.12835725537439038,0.7507519151509192,186.0,0.43710211189611164,-6.565835091869206e-18,81.0,0.654320987654321,0.9061150115135832,-0.03695906296177083,81.0,53.0,28.0,0.0,3.0424219915870383,0.03756076532823504
puck_line,platt_raw_C=100,platt_logistic_raw_probability,[raw_probability],"{""C"": 100.0, ""class_weight"": null, ""max_iter"": 5000, ""random_state"": 20260912, ""solver"": ""lbfgs""}",2,ok,,2025-11-02,2026-01-09,2026-01-10,2026-01-27,312,87,312,87,"{""coefficient_raw_probability"": 8.697644136175727, ""intercept"": -4.1966133473320895}",87.0,0.23175273344313246,0.6577362324829993,0.09190201358243716,-0.19274419608388169,0.6460474243848507,174.0,0.44226530091471794,9.570888143320315e-19,68.0,0.6323529411764706,0.9033126880192278,-0.015701216773397888,68.0,43.0,25.0,0.0,-0.5832979607706437,-0.008577911187803584
puck_line,platt_raw_C=100,platt_logistic_raw_probability,[raw_probability],"{""C"": 100.0, ""class_weight"": null, ""max_iter"": 5000, ""random_state"": 20260912, ""solver"": ""lbfgs""}",3,ok,,2025-11-02,2026-01-27,2026-01-28,2026-03-04,399,85,399,85,"{""coefficient_raw_probability"": 7.807865274800836, ""intercept"": -3.830026806547448}",85.0,0.24390302466738406,0.6813603681480334,0.10379073863237671,0.07274792228842732,0.612954816835799,170.0,0.4613603522722849,-2.6122894697062506e-18,66.0,0.6060606060606061,0.9467735976629954,-0.03666778760168045,66.0,40.0,26.0,0.0,-0.32332447805600406,-0.004898855728121274
puck_line,platt_raw_C=100,platt_logistic_raw_probability,[raw_probability],"{""C"": 100.0, ""class_weight"": null, ""max_iter"": 5000, ""random_state"": 20260912, ""solver"": ""lbfgs""}",4,ok,,2025-11-02,2026-03-04,2026-03-05,2026-03-21,484,91,484,91,"{""coefficient_raw_probability"": 7.26086549857867, ""intercept"": -3.5504758129116114}",91.0,0.2324633160616343,0.6579084430103922,0.06811513277955238,-0.4472565098645397,0.4988312862228533,182.0,0.45447830485521995,9.150189763394148e-19,61.0,0.5901639344262295,0.9237257800446509,-0.011317806356662083,61.0,36.0,25.0,0.0,-3.3713905248473854,-0.05526869712864566
puck_line,logit_logistic_C=100,logistic_logit_probability,[logit(raw_probability)],"{""C"": 100.0, ""class_weight"": null, ""max_iter"": 5000, ""random_state"": 20260912, ""solver"": ""lbfgs""}",1,ok,,2025-11-02,2025-12-19,2025-12-20,2026-01-09,219,93,219,93,"{""coefficient_logit_probability"": 2.362346003243734, ""intercept"": 0.13619490661282402}",93.0,0.23137232389189816,0.6565788753812347,0.07565718682324445,0.11884531683927935,0.7290603662320966,186.0,0.4359568846008023,4.775152794086695e-18,79.0,0.6582278481012658,0.9036138591192074,-0.03879360591214299,79.0,52.0,27.0,0.0,3.43636138552643,0.043498245386410506
puck_line,logit_logistic_C=100,logistic_logit_probability,[logit(raw_probability)],"{""C"": 100.0, ""class_weight"": null, ""max_iter"": 5000, ""random_state"": 20260912, ""solver"": ""lbfgs""}",2,ok,,2025-11-02,2026-01-09,2026-01-10,2026-01-27,312,87,312,87,"{""coefficient_logit_probability"": 2.16373835039339, ""intercept"": 0.1608538706295774}",87.0,0.23217460474745047,0.6588633566403683,0.09424702085092332,-0.1970588952843928,0.6337815881190024,174.0,0.44162595052762316,2.8712664429960945e-18,67.0,0.6417910447761194,0.9018909555432159,-0.016889790138657244,67.0,43.0,24.0,0.0,0.4167020392293559,0.00621943342133367
puck_line,logit_logistic_C=100,logistic_logit_probability,[logit(raw_probability)],"{""C"": 100.0, ""class_weight"": null, ""max_iter"": 5000, ""random_state"": 20260912, ""solver"": ""lbfgs""}",3,ok,,2025-11-02,2026-01-27,2026-01-28,2026-03-04,399,85,399,85,"{""coefficient_logit_probability"": 1.9304907909391953, ""intercept"": 0.07848209665086177}",85.0,0.24400602503458474,0.6815881842548559,0.10397938296182926,0.07118288403736277,0.6078991994116705,170.0,0.46096730047784434,-1.959217102279688e-18,67.0,0.6119402985074627,0.9459148322820621,-0.03724896996165217,67.0,41.0,26.0,0.0,0.12111996638844036,0.0018077606923647814
puck_line,logit_logistic_C=100,logistic_logit_probability,[logit(raw_probability)],"{""C"": 100.0, ""class_weight"": null, ""max_iter"": 5000, ""random_state"": 20260912, ""solver"": ""lbfgs""}",4,ok,,2025-11-02,2026-03-04,2026-03-05,2026-03-21,484,91,484,91,"{""coefficient_logit_probability"": 1.7904104615615768, ""intercept"": 0.08276333199275104}",91.0,0.23266141767634813,0.6583952777188296,0.06978905415702462,-0.4484271892348419,0.49200238617912284,182.0,0.45424300780103366,-5.79512018348296e-18,61.0,0.5901639344262295,0.9232065325036736,-0.01186051933510328,61.0,36.0,25.0,0.0,-3.3713905248473854,-0.05526869712864566
puck_line,beta_l2=0,beta_calibration,"[log(raw_probability), -log(1-raw_probability)]","{""constraints"": ""a>=0,b>=0"", ""l2"": 0.0, ""maxiter"": 5000, ""optimizer"": ""L-BFGS-B""}",1,ok,,2025-11-02,2025-12-19,2025-12-20,2026-01-09,219,93,219,93,"{""a"": 2.639263918077309, ""b"": 2.069062099874943, ""c"": 0.5416242444142426}",93.0,0.231445849626687,0.6567422409881799,0.08746866005211569,0.11803979905433441,0.72691439578139,186.0,0.4359804447325837,5.3720468933475315e-18,75.0,0.6533333333333333,0.9036468866201957,-0.03880656845264789,75.0,49.0,26.0,0.0,2.3217780521930975,0.03095704069590797
puck_line,beta_l2=0,beta_calibration,"[log(raw_probability), -log(1-raw_probability)]","{""constraints"": ""a>=0,b>=0"", ""l2"": 0.0, ""maxiter"": 5000, ""optimizer"": ""L-BFGS-B""}",2,ok,,2025-11-02,2026-01-09,2026-01-10,2026-01-27,312,87,312,87,"{""a"": 1.8924178418471307, ""b"": 2.467413709496758, ""c"": -0.24586666329474452}",87.0,0.2322419109379574,0.6591395687222121,0.09427171143814231,-0.19883908789417096,0.6308292038672441,174.0,0.44143428104697313,-6.380592095546877e-19,68.0,0.6323529411764706,0.9015119543841332,-0.017207948009840577,68.0,43.0,25.0,0.0,-0.5832979607706437,-0.008577911187803584
puck_line,beta_l2=0,beta_calibration,"[log(raw_probability), -log(1-raw_probability)]","{""constraints"": ""a>=0,b>=0"", ""l2"": 0.0, ""maxiter"": 5000, ""optimizer"": ""L-BFGS-B""}",3,ok,,2025-11-02,2026-01-27,2026-01-28,2026-03-04,399,85,399,85,"{""a"": 2.114154991533551, ""b"": 1.736338450645378, ""c"": 0.34739579410158705}",85.0,0.2441390644500986,0.6819174437641805,0.10459053021100095,0.07023159049243792,0.6047591137921273,170.0,0.4610688117738613,7.18379604169219e-18,68.0,0.6029411764705882,0.9461095887947484,-0.03724435661539023,68.0,41.0,27.0,0.0,-0.8788800336115608,-0.0129247063766406
puck_line,beta_l2=0,beta_calibration,"[log(raw_probability), -log(1-raw_probability)]","{""constraints"": ""a>=0,b>=0"", ""l2"": 0.0, ""maxiter"": 5000, ""optimizer"": ""L-BFGS-B""}",4,ok,,2025-11-02,2026-03-04,2026-03-05,2026-03-21,484,91,484,91,"{""a"": 0.7574558735068679, ""b"": 2.9131378030185204, ""c"": -1.4480424710430584}",91.0,0.23200210804174454,0.6571386559071,0.06914668888703347,-0.444295155655605,0.5050790586896138,182.0,0.4539794074839342,6.4051328343759035e-18,59.0,0.6101694915254238,0.9228532886060677,-0.011542677718245442,59.0,36.0,23.0,0.0,-1.3713905248473854,-0.023243907200803143
puck_line,beta_l2=0.0001,beta_calibration,"[log(raw_probability), -log(1-raw_probability)]","{""constraints"": ""a>=0,b>=0"", ""l2"": 0.0001, ""maxiter"": 5000, ""optimizer"": ""L-BFGS-B""}",1,ok,,2025-11-02,2025-12-19,2025-12-20,2026-01-09,219,93,219,93,"{""a"": 2.4838521523569375, ""b"": 2.1545433320678113, ""c"": 0.3610475582867732}",93.0,0.2312007094184272,0.6560869315874487,0.08031562042732154,0.12361317943581399,0.7398396159122042,186.0,0.43666678517561397,1.7906822977825105e-18,78.0,0.6538461538461539,0.9051221677779028,-0.03765042983147908,78.0,51.0,27.0,0.0,2.9363613855264314,0.037645658788800405
puck_line,beta_l2=0.0001,beta_calibration,"[log(raw_probability), -log(1-raw_probability)]","{""constraints"": ""a>=0,b>=0"", ""l2"": 0.0001, ""maxiter"": 5000, ""optimizer"": ""L-BFGS-B""}",2,ok,,2025-11-02,2026-01-09,2026-01-10,2026-01-27,312,87,312,87,"{""a"": 2.1026653735206726, ""b"": 2.162387333972224, ""c"": 0.1106310659920595}",87.0,0.2318446407071229,0.657974093256052,0.10490661251490348,-0.1936485061733432,0.6433057234114823,174.0,0.4421550316269226,3.828355257328126e-18,67.0,0.6417910447761194,0.9030355996241763,-0.015876540835769663,67.0,43.0,24.0,0.0,0.4167020392293559,0.00621943342133367
puck_line,beta_l2=0.0001,beta_calibration,"[log(raw_probability), -log(1-raw_probability)]","{""constraints"": ""a>=0,b>=0"", ""l2"": 0.0001, ""maxiter"": 5000, ""optimizer"": ""L-BFGS-B""}",3,ok,,2025-11-02,2026-01-27,2026-01-28,2026-03-04,399,85,399,85,"{""a"": 2.012582190703613, ""b"": 1.7870472729827533, ""c"": 0.23291425979609795}",85.0,0.2438219855588581,0.6811982038184164,0.10339421208830668,0.07366730180000546,0.6147766541969892,170.0,0.4614228016636077,-6.530723674265627e-19,67.0,0.5970149253731343,0.946882541666839,-0.03634317215264792,67.0,40.0,27.0,0.0,-1.3233244780560052,-0.019751111612776196
puck_line,beta_l2=0.0001,beta_calibration,"[log(raw_probability), -log(1-raw_probability)]","{""constraints"": ""a>=0,b>=0"", ""l2"": 0.0001, ""maxiter"": 5000, ""optimizer"": ""L-BFGS-B""}",4,ok,,2025-11-02,2026-03-04,2026-03-05,2026-03-21,484,91,484,91,"{""a"": 1.4477471267656785, ""b"": 2.1135164743313255, ""c"": -0.39504773212572664}",91.0,0.2322058926655269,0.6574224463814706,0.07827496444041115,-0.44507732359824226,0.5029526230149761,182.0,0.45443332834847466,-5.185107532590017e-18,61.0,0.5901639344262295,0.9236751415963268,-0.011027455439621494,61.0,36.0,25.0,0.0,-3.3713905248473854,-0.05526869712864566
puck_line,beta_l2=0.001,beta_calibration,"[log(raw_probability), -log(1-raw_probability)]","{""constraints"": ""a>=0,b>=0"", ""l2"": 0.001, ""maxiter"": 5000, ""optimizer"": ""L-BFGS-B""}",1,ok,,2025-11-02,2025-12-19,2025-12-20,2026-01-09,219,93,219,93,"{""a"": 2.121345153982372, ""b"": 1.9219859205860255, ""c"": 0.1960359127972567}",93.0,0.22994023118704593,0.6527074430091688,0.08250930407607136,0.1716405318375107,0.8497427905380647,186.0,0.44235346295434663,-2.3875763970433476e-18,80.0,0.625,0.9172975238317848,-0.028298673313916497,80.0,50.0,30.0,0.0,1.1986576197122316,0.014983220246402895
puck_line,beta_l2=0.001,beta_calibration,"[log(raw_probability), -log(1-raw_probability)]","{""constraints"": ""a>=0,b>=0"", ""l2"": 0.001, ""maxiter"": 5000, ""optimizer"": ""L-BFGS-B""}",2,ok,,2025-11-02,2026-01-09,2026-01-10,2026-01-27,312,87,312,87,"{""a"": 1.9295769306181345, ""b"": 1.7957999116518262, ""c"": 0.1829784198886055}",87.0,0.22946932969780356,0.6517701221281056,0.08035876359474997,-0.1594466248053105,0.7357089518526673,174.0,0.4468196108593893,-1.914177628664063e-18,62.0,0.6290322580645161,0.9130862076032484,-0.006995846239318964,62.0,39.0,23.0,0.0,-0.7508226282953105,-0.012110042391859848
puck_line,beta_l2=0.001,beta_calibration,"[log(raw_probability), -log(1-raw_probability)]","{""constraints"": ""a>=0,b>=0"", ""l2"": 0.001, ""maxiter"": 5000, ""optimizer"": ""L-BFGS-B""}",3,ok,,2025-11-02,2026-01-27,2026-01-28,2026-03-04,399,85,399,85,"{""a"": 1.7555965068195225, ""b"": 1.6166154052347423, ""c"": 0.12366193999451937}",85.0,0.24203834592349088,0.6773022491601164,0.09791071511829592,0.10120533182292138,0.693674467110259,170.0,0.4646019217757289,-6.530723674265627e-19,59.0,0.5932203389830508,0.9537395428183345,-0.029122053209976632,59.0,35.0,24.0,0.0,-0.836129356104786,-0.014171684001776035
puck_line,beta_l2=0.001,beta_calibration,"[log(raw_probability), -log(1-raw_probability)]","{""constraints"": ""a>=0,b>=0"", ""l2"": 0.001, ""maxiter"": 5000, ""optimizer"": ""L-BFGS-B""}",4,ok,,2025-11-02,2026-03-04,2026-03-05,2026-03-21,484,91,484,91,"{""a"": 1.5687628042492279, ""b"": 1.5782340818340013, ""c"": 0.028668839319216804}",91.0,0.23056824304192075,0.6536746160879291,0.08037906892065516,-0.42749875915957347,0.5599636571279455,182.0,0.45671690545485766,-2.745056929018244e-18,60.0,0.5666666666666667,0.9284697120257056,-0.005014548934526635,60.0,34.0,26.0,0.0,-3.764892600376392,-0.0627482100062732
puck_line,beta_l2=0.01,beta_calibration,"[log(raw_probability), -log(1-raw_probability)]","{""constraints"": ""a>=0,b>=0"", ""l2"": 0.01, ""maxiter"": 5000, ""optimizer"": ""L-BFGS-B""}",1,ok,,2025-11-02,2025-12-19,2025-12-20,2026-01-09,219,93,219,93,"{""a"": 0.9912664692115377, ""b"": 0.90707779356036, ""c"": -0.14195316104251632}",93.0,0.2337264884750589,0.6600233053654561,0.10081468284039616,0.5831632747085045,1.8104564065590898,186.0,0.4662398576439866,-5.968940992608369e-19,68.0,0.4852941176470588,0.968533525489635,0.010530222136020133,68.0,33.0,35.0,0.0,-4.71606583898536,-0.06935390939684352
puck_line,beta_l2=0.01,beta_calibration,"[log(raw_probability), -log(1-raw_probability)]","{""constraints"": ""a>=0,b>=0"", ""l2"": 0.01, ""maxiter"": 5000, ""optimizer"": ""L-BFGS-B""}",2,ok,,2025-11-02,2026-01-09,2026-01-10,2026-01-27,312,87,312,87,"{""a"": 0.9193110631522992, ""b"": 0.8460948446551857, ""c"": -0.09500820026009102}",87.0,0.22914968852521936,0.6506698306707681,0.041880570893354244,0.13353280297328912,1.5523134409310886,174.0,0.46671050891683136,5.742532885992189e-18,58.0,0.4827586206896552,0.9559948467761867,0.030646234282169463,58.0,28.0,30.0,0.0,0.06831250626563556,0.0011778018321661305
puck_line,beta_l2=0.01,beta_calibration,"[log(raw_probability), -log(1-raw_probability)]","{""constraints"": ""a>=0,b>=0"", ""l2"": 0.01, ""maxiter"": 5000, ""optimizer"": ""L-BFGS-B""}",3,ok,,2025-11-02,2026-01-27,2026-01-28,2026-03-04,399,85,399,85,"{""a"": 0.8609726838836161, ""b"": 0.7995904998436274, ""c"": -0.11908699212930128}",85.0,0.24141397301824655,0.6759281591062024,0.05682318741462505,0.3478334538057063,1.409277193760163,170.0,0.4792468468708885,-1.6326809185664067e-18,53.0,0.4339622641509434,0.9852533074255144,0.0025069678542974823,53.0,23.0,30.0,0.0,-3.34143142059733,-0.06304587586032698
puck_line,beta_l2=0.01,beta_calibration,"[log(raw_probability), -log(1-raw_probability)]","{""constraints"": ""a>=0,b>=0"", ""l2"": 0.01, ""maxiter"": 5000, ""optimizer"": ""L-BFGS-B""}",4,ok,,2025-11-02,2026-03-04,2026-03-05,2026-03-21,484,91,484,91,"{""a"": 0.8023682531861486, ""b"": 0.7567812554395732, ""c"": -0.1036106956514024}",91.0,0.22757131107445078,0.6475589752998928,0.07743495252775177,-0.2546957867008826,1.1270916357745355,182.0,0.4667155288399923,5.490113858036488e-18,49.0,0.46938775510204084,0.9496788690660815,0.022079240260412275,49.0,23.0,26.0,0.0,0.520536335551244,0.01062319052145396
puck_line,beta_l2=0.1,beta_calibration,"[log(raw_probability), -log(1-raw_probability)]","{""constraints"": ""a>=0,b>=0"", ""l2"": 0.1, ""maxiter"": 5000, ""optimizer"": ""L-BFGS-B""}",1,ok,,2025-11-02,2025-12-19,2025-12-20,2026-01-09,219,93,219,93,"{""a"": 0.16306367679259584, ""b"": 0.14930168411046363, ""c"": -0.3864066763114746}",93.0,0.24735230194418312,0.6877659026445582,0.06379762460466208,4.576995441620446,11.002736439194095,186.0,0.48578334694544156,-3.581364595565021e-18,83.0,0.40963855421686746,1.0105435454126335,0.042044928672705525,83.0,34.0,49.0,0.0,-1.9097875436855247,-0.023009488478138853
puck_line,beta_l2=0.1,beta_calibration,"[log(raw_probability), -log(1-raw_probability)]","{""constraints"": ""a>=0,b>=0"", ""l2"": 0.1, ""maxiter"": 5000, ""optimizer"": ""L-BFGS-B""}",2,ok,,2025-11-02,2026-01-09,2026-01-10,2026-01-27,312,87,312,87,"{""a"": 0.15195615434559867, ""b"": 0.13962692920589517, ""c"": -0.31760234280696475}",87.0,0.24100282889414928,0.6749219167897758,0.06108786107937937,2.9725533574301526,9.398333353088962,174.0,0.48331209823910143,-1.914177628664063e-18,76.0,0.39473684210526316,0.9918354144098986,0.061892469187916854,76.0,30.0,46.0,0.0,-4.293398388203878,-0.05649208405531418
puck_line,beta_l2=0.1,beta_calibration,"[log(raw_probability), -log(1-raw_probability)]","{""constraints"": ""a>=0,b>=0"", ""l2"": 0.1, ""maxiter"": 5000, ""optimizer"": ""L-BFGS-B""}",3,ok,,2025-11-02,2026-01-27,2026-01-28,2026-03-04,399,85,399,85,"{""a"": 0.1458233507563879, ""b"": 0.1354171348147726, ""c"": -0.30952931259466404}",85.0,0.24972913476156056,0.6926042779710476,0.08393252261008083,2.755589075307832,8.320760895048206,170.0,0.4922623486562478,0.0,75.0,0.4666666666666667,1.0132420720882616,0.029728178890464307,75.0,35.0,40.0,0.0,9.571049739046888,0.12761399652062516
puck_line,beta_l2=0.1,beta_calibration,"[log(raw_probability), -log(1-raw_probability)]","{""constraints"": ""a>=0,b>=0"", ""l2"": 0.1, ""maxiter"": 5000, ""optimizer"": ""L-BFGS-B""}",4,ok,,2025-11-02,2026-03-04,2026-03-05,2026-03-21,484,91,484,91,"{""a"": 0.13672593577719525, ""b"": 0.1281074840977455, ""c"": -0.27217463863560465}",91.0,0.23158413600063626,0.6560166753733073,0.07127223919708975,1.4379784993286557,6.633120747618803,182.0,0.475513613510152,4.8801012071435456e-18,81.0,0.43209876543209874,0.9683338879259012,0.04565705326693521,81.0,35.0,46.0,0.0,0.5825705008345103,0.007192228405364326
puck_line,isotonic,isotonic_regression,raw_probability,"{""min_class_count"": 30, ""min_train_decisions"": 300, ""min_unique_probability"": 20, ""out_of_bounds"": ""clip""}",1,ineligible,isotonic_insufficient_train_rows,2025-11-02,2025-12-19,2025-12-20,2026-01-09,219,93,219,93,,,,,,,,,,,,,,,,,,,,
total,raw_baseline,raw_baseline,raw_probability,{},1,ok,,2025-10-07,2025-12-03,2025-12-04,2025-12-28,425,179,394,169,{},169.0,0.25401692768959155,0.7012094775181233,0.06999958009778169,-0.0674304748818225,-0.536697289972001,338.0,0.5020420332151357,-3.941620205769787e-18,99.0,0.5050505050505051,0.9111432261483527,-0.0034488123974063954,106.0,50.0,49.0,7.0,-2.336059598355319,-0.02203829809769169
total,raw_baseline,raw_baseline,raw_probability,{},2,ok,,2025-10-07,2025-12-28,2025-12-29,2026-01-19,604,174,563,164,{},164.0,0.2529962008824341,0.699194575798173,0.10780640796994174,0.42957141198185683,0.9148269440094572,328.0,0.500777477481496,-1.1846892031061123e-18,104.0,0.41346153846153844,0.9077036594822003,0.005921184088003843,111.0,43.0,61.0,7.0,-21.166123768310687,-0.1906857997145107
total,raw_baseline,raw_baseline,raw_probability,{},3,ok,,2025-10-07,2026-01-19,2026-01-20,2026-02-28,778,166,727,156,{},156.0,0.2568320141433767,0.7069046378075291,0.11672682398647435,0.12280333559855805,-0.23089903635092046,312.0,0.503602350017366,-1.6012832085939759e-18,114.0,0.43859649122807015,0.9107438551496272,0.0023730802901070543,122.0,50.0,64.0,8.0,-18.62735580330231,-0.1526832442893632
total,raw_baseline,raw_baseline,raw_probability,{},4,ok,,2025-10-07,2026-02-28,2026-03-01,2026-03-21,944,164,883,164,{},164.0,0.23733712379066257,0.6675954803792626,0.06200982931146662,-0.10332736947137476,2.0775581109537447,328.0,0.48338697479446235,-1.692413147294446e-18,107.0,0.6915887850467289,0.9317458188465771,0.002756115470154375,107.0,74.0,33.0,0.0,32.876304995356,0.307255186872486
total,production_baseline,production_baseline,current_stage02_adjusted_probability,{},1,ok,,2025-10-07,2025-12-03,2025-12-04,2025-12-28,425,179,394,169,{},169.0,0.2530338631284509,0.6992327918671352,0.03330580322168121,-0.06141628718057202,-0.383664955756197,338.0,0.5013123159066647,-4.43432273149101e-18,83.0,0.5060240963855421,0.9095642682786432,-0.003463507134298164,90.0,42.0,41.0,7.0,-1.5951970082599933,-0.017724411202888816
total,production_baseline,production_baseline,current_stage02_adjusted_probability,{},2,ok,,2025-10-07,2025-12-28,2025-12-29,2026-01-19,604,174,563,164,{},164.0,0.25319572590046596,0.69958020321239,0.1037927272671565,0.39094132299851686,0.6107855534311569,328.0,0.5013077703391664,-5.077239441883338e-19,99.0,0.42424242424242425,0.9083098064367299,0.005893806712903992,106.0,42.0,57.0,7.0,-18.23573161144794,-0.17203520388158433
total,production_baseline,production_baseline,current_stage02_adjusted_probability,{},3,ok,,2025-10-07,2026-01-19,2026-01-20,2026-02-28,778,166,727,156,{},156.0,0.2556036525037049,0.7044200046152534,0.0941313757428688,0.13570351925426738,-0.15823072164049262,312.0,0.5028598643180205,0.0,110.0,0.44545454545454544,0.9089810064441562,0.0024033065767258732,118.0,49.0,61.0,8.0,-16.21052771613524,-0.13737735352656982
total,production_baseline,production_baseline,current_stage02_adjusted_probability,{},4,ok,,2025-10-07,2026-02-28,2026-03-01,2026-03-21,944,164,883,164,{},164.0,0.23791857241206704,0.6687913978741598,0.05509054827858837,-0.09621179226942393,2.305830135134278,328.0,0.48459147826657484,0.0,102.0,0.6764705882352942,0.9340476770527737,0.0034011422486484953,102.0,69.0,33.0,0.0,29.437502449364633,0.28860296518984935
total,platt_raw_C=0.01,platt_logistic_raw_probability,[raw_probability],"{""C"": 0.01, ""class_weight"": null, ""max_iter"": 5000, ""random_state"": 20260912, ""solver"": ""lbfgs""}",1,ok,,2025-10-07,2025-12-03,2025-12-04,2025-12-28,425,179,394,169,"{""coefficient_raw_probability"": -0.004506164809987076, ""intercept"": 0.09356950764059584}",169.0,0.2511932915795273,0.6955357778858593,0.03761035717624389,-0.14926880382882693,0.986395693530165,338.0,0.5006726527222963,0.0,28.0,0.5,0.9075220944739473,-0.0033145019392098927,30.0,14.0,14.0,2.0,-0.543417366946779,-0.0181139122315593
total,platt_raw_C=0.01,platt_logistic_raw_probability,[raw_probability],"{""C"": 0.01, ""class_weight"": null, ""max_iter"": 5000, ""random_state"": 20260912, ""solver"": ""lbfgs""}",2,ok,,2025-10-07,2025-12-28,2025-12-29,2026-01-19,604,174,563,164,"{""coefficient_raw_probability"": -0.007278500382904074, ""intercept"": 0.04968366865095458}",164.0,0.2481670281062152,0.6894806121913672,0.07381597090414771,23.729683042208915,-506.0380057887553,328.0,0.4980336226417291,0.0,23.0,0.34782608695652173,0.899840099405336,0.006002787735205718,23.0,8.0,15.0,0.0,-6.7892156862745106,-0.2951832907075874
total,platt_raw_C=0.01,platt_logistic_raw_probability,[raw_probability],"{""C"": 0.01, ""class_weight"": null, ""max_iter"": 5000, ""random_state"": 20260912, ""solver"": ""lbfgs""}",3,ok,,2025-10-07,2026-01-19,2026-01-20,2026-02-28,778,166,727,156,"{""coefficient_raw_probability"": -0.0051024529873755255, ""intercept"": 0.11536775105801848}",156.0,0.24862437711567426,0.6903938505255655,0.010244438389702237,0.04063600004107496,1.0046067211145275,312.0,0.4978281689930624,-3.2025664171879517e-18,88.0,0.5113636363636364,0.8990030678499733,0.0035288981508656606,92.0,45.0,43.0,4.0,0.3171479500891272,0.0034472603270557308
total,platt_raw_C=0.01,platt_logistic_raw_probability,[raw_probability],"{""C"": 0.01, ""class_weight"": null, ""max_iter"": 5000, ""random_state"": 20260912, ""solver"": ""lbfgs""}",4,ok,,2025-10-07,2026-02-28,2026-03-01,2026-03-21,944,164,883,164,"{""coefficient_raw_probability"": -0.005988218101197908, ""intercept"": 0.12313621337543515}",164.0,0.2545848941273036,0.7023292071134045,0.09100285938818625,168.31423569745297,-1401.8259840014132,328.0,0.5036832503904788,1.8616544620238907e-18,105.0,0.4,0.9707662102787677,0.008678013163968766,105.0,42.0,63.0,0.0,-17.758496732026146,-0.1691285403050109
total,logit_logistic_C=0.01,logistic_logit_probability,[logit(raw_probability)],"{""C"": 0.01, ""class_weight"": null, ""max_iter"": 5000, ""random_state"": 20260912, ""solver"": ""lbfgs""}",1,ok,,2025-10-07,2025-12-03,2025-12-04,2025-12-28,425,179,394,169,"{""coefficient_logit_probability"": -0.017678507671017633, ""intercept"": 0.08962831511471413}",169.0,0.2511317413272121,0.6954124475961464,0.0372517756736625,-2.7882665317766415,30.356761537203546,338.0,0.5006267177603525,-3.2846835048081553e-18,30.0,0.5,0.907472032590878,-0.0032871320953951973,33.0,15.0,15.0,3.0,-0.6343264578558698,-0.019222013874420296
total,logit_logistic_C=0.01,logistic_logit_probability,[logit(raw_probability)],"{""C"": 0.01, ""class_weight"": null, ""max_iter"": 5000, ""random_state"": 20260912, ""solver"": ""lbfgs""}",2,ok,,2025-10-07,2025-12-28,2025-12-29,2026-01-19,604,174,563,164,"{""coefficient_logit_probability"": -0.028038618843876074, ""intercept"": 0.04405817958010553}",164.0,0.2482349248941298,0.6896164750824731,0.07371941688027184,1.8677696714406833,-32.6431585281454,328.0,0.4980979182600164,0.0,40.0,0.425,0.8999563769477411,0.006027449319867654,42.0,17.0,23.0,2.0,-6.217787114845938,-0.14804255035347472
total,logit_logistic_C=0.01,logistic_logit_probability,[logit(raw_probability)],"{""C"": 0.01, ""class_weight"": null, ""max_iter"": 5000, ""random_state"": 20260912, ""solver"": ""lbfgs""}",3,ok,,2025-10-07,2026-01-19,2026-01-20,2026-02-28,778,166,727,156,"{""coefficient_logit_probability"": -0.019675515681442296, ""intercept"": 0.11132361544926575}",156.0,0.24860209581676182,0.6903491712225829,0.009992431238565636,-1.1838396034038676,11.737214825606161,312.0,0.4977907823609382,-1.0675221390626506e-18,89.0,0.5168539325842697,0.8989708447727501,0.0035702722684590846,93.0,46.0,43.0,4.0,1.2100050929462691,0.013010807451035151
total,logit_logistic_C=0.01,logistic_logit_probability,[logit(raw_probability)],"{""C"": 0.01, ""class_weight"": null, ""max_iter"": 5000, ""random_state"": 20260912, ""solver"": ""lbfgs""}",4,ok,,2025-10-07,2026-02-28,2026-03-01,2026-03-21,944,164,883,164,"{""coefficient_logit_probability"": -0.022063690479391364, ""intercept"": 0.11827314479823867}",164.0,0.25486961650180545,0.7029007537447802,0.09092539914222514,11.032935671285253,-94.15747716948933,328.0,0.5039708477912012,-4.231032868236115e-18,105.0,0.4,0.9713210736887894,0.00883495967472683,105.0,42.0,63.0,0.0,-17.758496732026146,-0.1691285403050109
total,platt_raw_C=0.1,platt_logistic_raw_probability,[raw_probability],"{""C"": 0.1, ""class_weight"": null, ""max_iter"": 5000, ""random_state"": 20260912, ""solver"": ""lbfgs""}",1,ok,,2025-10-07,2025-12-03,2025-12-04,2025-12-28,425,179,394,169,"{""coefficient_raw_probability"": -0.04447252250564624, ""intercept"": 0.11257780275956912}",169.0,0.25115661334381956,0.6954622784434651,0.03740438869757018,-4.543154240047373,49.54127775816499,338.0,0.5006450924953117,-1.9708101028848933e-18,29.0,0.4827586206896552,0.9074909064109996,-0.003298390650476048,31.0,14.0,15.0,2.0,-1.5434173669467792,-0.0497876569982832
total,platt_raw_C=0.1,platt_logistic_raw_probability,[raw_probability],"{""C"": 0.1, ""class_weight"": null, ""max_iter"": 5000, ""random_state"": 20260912, ""solver"": ""lbfgs""}",2,ok,,2025-10-07,2025-12-28,2025-12-29,2026-01-19,604,174,563,164,"{""coefficient_raw_probability"": -0.0714702845033394, ""intercept"": 0.08096543926772312}",164.0,0.24819346982065874,0.6895335233043477,0.07365948652746857,2.760541585243651,-51.53779665537253,328.0,0.49805588383155996,-1.3539305178355568e-18,39.0,0.41025641025641024,0.8998778756898681,0.0060150139967866945,41.0,16.0,23.0,2.0,-7.17016806722689,-0.17488214798114365
total,platt_raw_C=0.1,platt_logistic_raw_probability,[raw_probability],"{""C"": 0.1, ""class_weight"": null, ""max_iter"": 5000, ""random_state"": 20260912, ""solver"": ""lbfgs""}",3,ok,,2025-10-07,2026-01-19,2026-01-20,2026-02-28,778,166,727,156,"{""coefficient_raw_probability"": -0.05001465882164128, ""intercept"": 0.1370174426887684}",156.0,0.24860980695877827,0.6903646269904401,0.010068311932153073,-2.053528896307504,19.418004947501416,312.0,0.4978033063207552,0.0,89.0,0.5168539325842697,0.898981059616855,0.0035533055441261782,93.0,46.0,43.0,4.0,1.2100050929462691,0.013010807451035151
total,platt_raw_C=0.1,platt_logistic_raw_probability,[raw_probability],"{""C"": 0.1, ""class_weight"": null, ""max_iter"": 5000, ""random_state"": 20260912, ""solver"": ""lbfgs""}",4,ok,,2025-10-07,2026-02-28,2026-03-01,2026-03-21,944,164,883,164,"{""coefficient_raw_probability"": -0.058842511988505014, ""intercept"": 0.14837661550446962}",164.0,0.2547653120024768,0.7026913661285542,0.09095252759381761,16.874114310047943,-142.72698483018223,328.0,0.5038659223445479,-5.077239441883338e-19,105.0,0.4,0.9711186305869964,0.008777768301758634,105.0,42.0,63.0,0.0,-17.758496732026146,-0.1691285403050109
total,logit_logistic_C=0.1,logistic_logit_probability,[logit(raw_probability)],"{""C"": 0.1, ""class_weight"": null, ""max_iter"": 5000, ""random_state"": 20260912, ""solver"": ""lbfgs""}",1,ok,,2025-10-07,2025-12-03,2025-12-04,2025-12-28,425,179,394,169,"{""coefficient_logit_probability"": -0.141085993844211, ""intercept"": 0.07703477531597769}",169.0,0.2507143946888962,0.694577591616761,0.03457257129831698,-0.36063638229848965,3.806363376083784,338.0,0.5002835008632075,-3.2846835048081554e-19,43.0,0.5348837209302325,0.9071914095795502,-0.0030829522756790338,47.0,23.0,20.0,4.0,1.9898268398268395,0.042336741272911475
total,logit_logistic_C=0.1,logistic_logit_probability,[logit(raw_probability)],"{""C"": 0.1, ""class_weight"": null, ""max_iter"": 5000, ""random_state"": 20260912, ""solver"": ""lbfgs""}",2,ok,,2025-10-07,2025-12-28,2025-12-29,2026-01-19,604,174,563,164,"{""coefficient_logit_probability"": -0.20241951091394506, ""intercept"": 0.030763549556329806}",164.0,0.24875087179566444,0.6906488606176561,0.0848759655626006,0.5686870126945379,-4.5219246643154625,328.0,0.49852929233424714,-6.769652589177784e-19,46.0,0.41304347826086957,0.9008124797855329,0.006192070622453321,49.0,19.0,27.0,3.0,-8.336707410236823,-0.17013688592320048
total,logit_logistic_C=0.1,logistic_logit_probability,[logit(raw_probability)],"{""C"": 0.1, ""class_weight"": null, ""max_iter"": 5000, ""random_state"": 20260912, ""solver"": ""lbfgs""}",3,ok,,2025-10-07,2026-01-19,2026-01-20,2026-02-28,778,166,727,156,"{""coefficient_logit_probability"": -0.1316934139906918, ""intercept"": 0.10250597925468302}",156.0,0.24849842564802818,0.6901423511852605,0.008397144971932669,-0.05724328144201518,1.7559435405530275,312.0,0.4975576982959727,0.0,93.0,0.5053763440860215,0.8987724163892366,0.003820444854355936,98.0,47.0,46.0,5.0,-0.729520598753334,-0.007444087742380959
total,logit_logistic_C=0.1,logistic_logit_probability,[logit(raw_probability)],"{""C"": 0.1, ""class_weight"": null, ""max_iter"": 5000, ""random_state"": 20260912, ""solver"": ""lbfgs""}",4,ok,,2025-10-07,2026-02-28,2026-03-01,2026-03-21,944,164,883,164,"{""coefficient_logit_probability"": -0.1431584567296937, ""intercept"": 0.10748960120653471}",164.0,0.2566161111270859,0.7064087950467878,0.0905142962008127,1.456491555349471,-14.511718274880064,328.0,0.5056687060050906,-4.231032868236115e-18,121.0,0.371900826446281,0.9745966422727527,0.009756755373408295,121.0,45.0,76.0,0.0,-27.251353874883293,-0.2252178006188702
total,platt_raw_C=1,platt_logistic_raw_probability,[raw_probability],"{""C"": 1.0, ""class_weight"": null, ""max_iter"": 5000, ""random_state"": 20260912, ""solver"": ""lbfgs""}",1,ok,,2025-10-07,2025-12-03,2025-12-04,2025-12-28,425,179,394,169,"{""coefficient_raw_probability"": -0.3840090697555875, ""intercept"": 0.27371607454083247}",169.0,0.25085766466394505,0.694863859751153,0.03556615460304319,-0.5365494241805381,5.740002698373561,338.0,0.5004081313042091,-2.299278453365709e-18,41.0,0.5365853658536586,0.9072885005533816,-0.003158735686759206,45.0,22.0,19.0,4.0,2.0111280875986752,0.044691735279970564
total,platt_raw_C=1,platt_logistic_raw_probability,[raw_probability],"{""C"": 1.0, ""class_weight"": null, ""max_iter"": 5000, ""random_state"": 20260912, ""solver"": ""lbfgs""}",2,ok,,2025-10-07,2025-12-28,2025-12-29,2026-01-19,604,174,563,164,"{""coefficient_raw_probability"": -0.5763718583238012, ""intercept"": 0.3236689217820557}",164.0,0.24855566749928718,0.6902582613844758,0.07326566989916156,0.6562203974336629,-6.390827681059741,328.0,0.49837369163155765,0.0,42.0,0.42857142857142855,0.9005009146434438,0.006134736830541538,44.0,18.0,24.0,2.0,-6.265406162464986,-0.14239559460147697
total,platt_raw_C=1,platt_logistic_raw_probability,[raw_probability],"{""C"": 1.0, ""class_weight"": null, ""max_iter"": 5000, ""random_state"": 20260912, ""solver"": ""lbfgs""}",3,ok,,2025-10-07,2026-01-19,2026-01-20,2026-02-28,778,166,727,156,"{""coefficient_raw_probability"": -0.3827199400397635, ""intercept"": 0.2967517869835521}",156.0,0.24852272048297294,0.690190494280756,0.00892628641211457,-0.14603578148559837,2.53827560235097,312.0,0.4976313487168299,-2.846725704167068e-18,89.0,0.5168539325842697,0.8988306215010811,0.0037376784013770157,93.0,46.0,43.0,4.0,1.4009141838553614,0.015063593374788832
total,platt_raw_C=1,platt_logistic_raw_probability,[raw_probability],"{""C"": 1.0, ""class_weight"": null, ""max_iter"": 5000, ""random_state"": 20260912, ""solver"": ""lbfgs""}",4,ok,,2025-10-07,2026-02-28,2026-03-01,2026-03-21,944,164,883,164,"{""coefficient_raw_probability"": -0.42745608708628685, ""intercept"": 0.3244705068552867}",164.0,0.25606079636184637,0.7052928799684952,0.09061321272423911,2.071855455141814,-19.647985203211213,328.0,0.5051415631360727,-5.077239441883338e-19,116.0,0.3706896551724138,0.9735796363163435,0.009473039280394566,116.0,43.0,73.0,0.0,-26.45135387488329,-0.22802891271451112
total,logit_logistic_C=1,logistic_logit_probability,[logit(raw_probability)],"{""C"": 1.0, ""class_weight"": null, ""max_iter"": 5000, ""random_state"": 20260912, ""solver"": ""lbfgs""}",1,ok,,2025-10-07,2025-12-03,2025-12-04,2025-12-28,425,179,394,169,"{""coefficient_logit_probability"": -0.4676668020242187, ""intercept"": 0.04377975944867095}",169.0,0.24996794331426275,0.6930953915806788,0.027482548404473298,-0.1177037260398053,1.1478046649114129,338.0,0.499372142747367,-3.120449329567748e-18,74.0,0.5675675675675675,0.9066097175416951,-0.0025430476865042862,79.0,42.0,32.0,5.0,8.745335525514555,0.11070044969005766
total,logit_logistic_C=1,logistic_logit_probability,[logit(raw_probability)],"{""C"": 1.0, ""class_weight"": null, ""max_iter"": 5000, ""random_state"": 20260912, ""solver"": ""lbfgs""}",2,ok,,2025-10-07,2025-12-28,2025-12-29,2026-01-19,604,174,563,164,"{""coefficient_logit_probability"": -0.5362474258973304, ""intercept"": 0.0055311003241383366}",164.0,0.25002619290895267,0.6932032911809349,0.07188704861417919,0.4390385658541808,-1.7066541951023801,328.0,0.4993461967492081,0.0,88.0,0.45454545454545453,0.9028474480628262,0.00650540968075858,93.0,40.0,48.0,5.0,-9.858518506216715,-0.1060055753356636
total,logit_logistic_C=1,logistic_logit_probability,[logit(raw_probability)],"{""C"": 1.0, ""class_weight"": null, ""max_iter"": 5000, ""random_state"": 20260912, ""solver"": ""lbfgs""}",3,ok,,2025-10-07,2026-01-19,2026-01-20,2026-02-28,778,166,727,156,"{""coefficient_logit_probability"": -0.31207368624610676, ""intercept"": 0.08851404212775496}",156.0,0.24845135534870713,0.6900543590083486,0.012039229297384017,0.05740705804594089,0.7392179402133272,312.0,0.4971775764843002,7.11681426041767e-19,101.0,0.5247524752475248,0.8985600509681632,0.004221689839721635,107.0,53.0,48.0,6.0,3.0780037977541124,0.028766390633216003
total,logit_logistic_C=1,logistic_logit_probability,[logit(raw_probability)],"{""C"": 1.0, ""class_weight"": null, ""max_iter"": 5000, ""random_state"": 20260912, ""solver"": ""lbfgs""}",4,ok,,2025-10-07,2026-02-28,2026-03-01,2026-03-21,944,164,883,164,"{""coefficient_logit_probability"": -0.3042612941915545, ""intercept"": 0.09342791212238614}",164.0,0.2591138177902337,0.7114357545842929,0.12691907343891778,0.5345498124933057,-6.827927929476237,328.0,0.5079324911032577,-5.077239441883338e-19,128.0,0.375,0.9789638791332833,0.010980069980865032,128.0,48.0,80.0,0.0,-27.720136943666365,-0.21656356987239347
total,platt_raw_C=10,platt_logistic_raw_probability,[raw_probability],"{""C"": 10.0, ""class_weight"": null, ""max_iter"": 5000, ""random_state"": 20260912, ""solver"": ""lbfgs""}",1,ok,,2025-10-07,2025-12-03,2025-12-04,2025-12-28,425,179,394,169,"{""coefficient_raw_probability"": -1.628556622476436, ""intercept"": 0.8644919275747225}",169.0,0.2500584945394707,0.6932723863699509,0.02884497322355445,-0.13554965248503836,1.3537232199447398,338.0,0.4995375989234314,-3.120449329567748e-18,70.0,0.5714285714285714,0.9066936429273355,-0.0026476154819931458,75.0,40.0,30.0,5.0,8.784551211789065,0.11712734949052087
total,platt_raw_C=10,platt_logistic_raw_probability,[raw_probability],"{""C"": 10.0, ""class_weight"": null, ""max_iter"": 5000, ""random_state"": 20260912, ""solver"": ""lbfgs""}",2,ok,,2025-10-07,2025-12-28,2025-12-29,2026-01-19,604,174,563,164,"{""coefficient_raw_probability"": -1.9538096607133462, ""intercept"": 0.9862758279874027}",164.0,0.2498045453859812,0.6927589598095149,0.07208695523974339,0.4471338536045016,-1.8852393146601447,328.0,0.49922062028031955,6.769652589177784e-19,84.0,0.4642857142857143,0.9025220404357035,0.006457821576323436,89.0,39.0,45.0,5.0,-7.691851839550048,-0.08642530156797806
total,platt_raw_C=10,platt_logistic_raw_probability,[raw_probability],"{""C"": 10.0, ""class_weight"": null, ""max_iter"": 5000, ""random_state"": 20260912, ""solver"": ""lbfgs""}",3,ok,,2025-10-07,2026-01-19,2026-01-20,2026-02-28,778,166,727,156,"{""coefficient_raw_probability"": -1.1609671799966161, ""intercept"": 0.6706553357373238}",156.0,0.24843859464297863,0.6900273479198529,0.00620576304069837,0.04619497967523322,0.835570499284265,312.0,0.49722329104139945,-3.558407130208835e-19,100.0,0.52,0.898575429724153,0.00416713859710416,106.0,52.0,48.0,6.0,2.2305461706354697,0.02104288840222141
total,platt_raw_C=10,platt_logistic_raw_probability,[raw_probability],"{""C"": 10.0, ""class_weight"": null, ""max_iter"": 5000, ""random_state"": 20260912, ""solver"": ""lbfgs""}",4,ok,,2025-10-07,2026-02-28,2026-03-01,2026-03-21,944,164,883,164,"{""coefficient_raw_probability"": -1.1540650236891152, ""intercept"": 0.6717652561949743}",164.0,0.25879619417212074,0.7107954309884335,0.12062475786056195,0.5854164193533349,-7.277457841742344,328.0,0.5076581787960195,-3.2155849798594475e-18,126.0,0.373015873015873,0.9784347062221148,0.010841569057207066,126.0,47.0,79.0,0.0,-27.77013694366636,-0.2203979122513203
total,logit_logistic_C=10,logistic_logit_probability,[logit(raw_probability)],"{""C"": 10.0, ""class_weight"": null, ""max_iter"": 5000, ""random_state"": 20260912, ""solver"": ""lbfgs""}",1,ok,,2025-10-07,2025-12-03,2025-12-04,2025-12-28,425,179,394,169,"{""coefficient_logit_probability"": -0.6089370962828812, ""intercept"": 0.029549203030487796}",169.0,0.24980674621216498,0.692783188987777,0.031006524058936374,-0.09348754229325078,0.8813445024075394,338.0,0.49897809559193085,-1.1496392266828545e-18,93.0,0.6021505376344086,0.9064376170992073,-0.0023111031463581406,99.0,56.0,37.0,6.0,17.142746426633895,0.1731590548144838
total,logit_logistic_C=10,logistic_logit_probability,[logit(raw_probability)],"{""C"": 10.0, ""class_weight"": null, ""max_iter"": 5000, ""random_state"": 20260912, ""solver"": ""lbfgs""}",2,ok,,2025-10-07,2025-12-28,2025-12-29,2026-01-19,604,174,563,164,"{""coefficient_logit_probability"": -0.6426259976252843, ""intercept"": -0.0025028750461349634}",164.0,0.2505130560866463,0.6941803956363178,0.07150332055336062,0.4260359356513451,-1.4241405321067468,328.0,0.49960628116314104,-1.5231718325650014e-18,95.0,0.4421052631578947,0.9035211105385403,0.006605000287690596,100.0,42.0,53.0,5.0,-13.0798623797345,-0.130798623797345
total,logit_logistic_C=10,logistic_logit_probability,[logit(raw_probability)],"{""C"": 10.0, ""class_weight"": null, ""max_iter"": 5000, ""random_state"": 20260912, ""solver"": ""lbfgs""}",3,ok,,2025-10-07,2026-01-19,2026-01-20,2026-02-28,778,166,727,156,"{""coefficient_logit_probability"": -0.3606250487622321, ""intercept"": 0.0844509076804477}",156.0,0.24846475603712365,0.6900841753841991,0.023971767855967288,0.06897587083482011,0.6383017170431998,312.0,0.497080792831419,0.0,101.0,0.5346534653465347,0.8985137577682503,0.00433118495287447,107.0,54.0,47.0,6.0,4.947569015145415,0.04623896275836837
total,logit_logistic_C=10,logistic_logit_probability,[logit(raw_probability)],"{""C"": 10.0, ""class_weight"": null, ""max_iter"": 5000, ""random_state"": 20260912, ""solver"": ""lbfgs""}",4,ok,,2025-10-07,2026-02-28,2026-03-01,2026-03-21,944,164,883,164,"{""coefficient_logit_probability"": -0.34179709569978667, ""intercept"": 0.08979378332914573}",164.0,0.25970589029287733,0.7126295726246819,0.13329225928047295,0.44243394863158525,-6.078095147647453,328.0,0.5084482377651466,-2.877102350400558e-18,130.0,0.3769230769230769,0.979959078927535,0.011267693916064357,130.0,49.0,81.0,0.0,-27.62013694366636,-0.21246259187435662
total,platt_raw_C=100,platt_logistic_raw_probability,[raw_probability],"{""C"": 100.0, ""class_weight"": null, ""max_iter"": 5000, ""random_state"": 20260912, ""solver"": ""lbfgs""}",1,ok,,2025-10-07,2025-12-03,2025-12-04,2025-12-28,425,179,394,169,"{""coefficient_raw_probability"": -2.422548827019928, ""intercept"": 1.2415233354009378}",169.0,0.24979142211580382,0.6927496435057926,0.024585534112815378,-0.09506075090875842,0.9094166751565836,338.0,0.49898189899344386,-2.135044278125301e-18,92.0,0.5978260869565217,0.9064074212794091,-0.0023230047292860405,98.0,55.0,37.0,6.0,16.233655517542985,0.1656495460973774
total,platt_raw_C=100,platt_logistic_raw_probability,[raw_probability],"{""C"": 100.0, ""class_weight"": null, ""max_iter"": 5000, ""random_state"": 20260912, ""solver"": ""lbfgs""}",2,ok,,2025-10-07,2025-12-28,2025-12-29,2026-01-19,604,174,563,164,"{""coefficient_raw_probability"": -2.5828106921353133, ""intercept"": 1.2890100864355487}",164.0,0.25050331349492666,0.6941610032353305,0.07151819527099051,0.4260550246183401,-1.4261138610309545,328.0,0.4996007028750862,5.077239441883338e-19,95.0,0.4421052631578947,0.9035081376082025,0.006603937511924353,100.0,42.0,53.0,5.0,-13.0798623797345,-0.130798623797345
total,platt_raw_C=100,platt_logistic_raw_probability,[raw_probability],"{""C"": 100.0, ""class_weight"": null, ""max_iter"": 5000, ""random_state"": 20260912, ""solver"": ""lbfgs""}",3,ok,,2025-10-07,2026-01-19,2026-01-20,2026-02-28,778,166,727,156,"{""coefficient_raw_probability"": -1.4492365907858962, ""intercept"": 0.8091831605247032}",156.0,0.24845006205433448,0.6900543609039423,0.024007278847420294,0.06493859599162514,0.6692322643828599,312.0,0.4970712984944444,-4.625929269271485e-18,101.0,0.5346534653465347,0.8984983546575326,0.00432579180833204,107.0,54.0,47.0,6.0,4.947569015145415,0.04623896275836837
total,platt_raw_C=100,platt_logistic_raw_probability,[raw_probability],"{""C"": 100.0, ""class_weight"": null, ""max_iter"": 5000, ""random_state"": 20260912, ""solver"": ""lbfgs""}",4,ok,,2025-10-07,2026-02-28,2026-03-01,2026-03-21,944,164,883,164,"{""coefficient_raw_probability"": -1.383046678259111, ""intercept"": 0.7812484930138729}",164.0,0.2597068496088814,0.7126312601527192,0.13326360831682854,0.4408706174096542,-6.072601998248773,328.0,0.5084508538872772,-2.538619720941669e-18,130.0,0.3769230769230769,0.9799639243586411,0.011272105127314764,130.0,49.0,81.0,0.0,-27.62013694366636,-0.21246259187435662
total,logit_logistic_C=100,logistic_logit_probability,[logit(raw_probability)],"{""C"": 100.0, ""class_weight"": null, ""max_iter"": 5000, ""random_state"": 20260912, ""solver"": ""lbfgs""}",1,ok,,2025-10-07,2025-12-03,2025-12-04,2025-12-28,425,179,394,169,"{""coefficient_logit_probability"": -0.6279059820418936, ""intercept"": 0.027727530093438275}",169.0,0.2497934103050076,0.6927582482582371,0.025623234372440247,-0.09114338836718705,0.8547019196966119,338.0,0.49892581958757576,-1.1496392266828545e-18,94.0,0.6063829787234043,0.9064218463849137,-0.002280693146271096,100.0,57.0,37.0,6.0,18.142746426633895,0.18142746426633896
total,logit_logistic_C=100,logistic_logit_probability,[logit(raw_probability)],"{""C"": 100.0, ""class_weight"": null, ""max_iter"": 5000, ""random_state"": 20260912, ""solver"": ""lbfgs""}",2,ok,,2025-10-07,2025-12-28,2025-12-29,2026-01-19,604,174,563,164,"{""coefficient_logit_probability"": -0.6556529247814212, ""intercept"": -0.003486206982243861}",164.0,0.2505753093271206,0.6943054341046417,0.07145640998852223,0.42472122611475027,-1.3959798084849677,328.0,0.49963810967708505,-2.030895776753335e-18,95.0,0.4421052631578947,0.9036035410668446,0.006617182120560795,100.0,42.0,53.0,5.0,-13.0798623797345,-0.130798623797345
total,logit_logistic_C=100,logistic_logit_probability,[logit(raw_probability)],"{""C"": 100.0, ""class_weight"": null, ""max_iter"": 5000, ""random_state"": 20260912, ""solver"": ""lbfgs""}",3,ok,,2025-10-07,2026-01-19,2026-01-20,2026-02-28,778,166,727,156,"{""coefficient_logit_probability"": -0.366448377900903, ""intercept"": 0.08399524271495656}",156.0,0.2484669849803093,0.690089042266021,0.02385318229508604,0.07006223345135987,0.6285622527630788,312.0,0.4970685738177157,-3.558407130208835e-19,101.0,0.5346534653465347,0.8985077063578625,0.004344134894747395,107.0,54.0,47.0,6.0,4.947569015145415,0.04623896275836837
total,logit_logistic_C=100,logistic_logit_probability,[logit(raw_probability)],"{""C"": 100.0, ""class_weight"": null, ""max_iter"": 5000, ""random_state"": 20260912, ""solver"": ""lbfgs""}",4,ok,,2025-10-07,2026-02-28,2026-03-01,2026-03-21,944,164,883,164,"{""coefficient_logit_probability"": -0.34619496361360746, ""intercept"": 0.08940582613233541}",164.0,0.2597775802918891,0.7127742030936413,0.1333487124278203,0.43316776983997646,-6.000883331004078,328.0,0.508509776083455,-2.538619720941669e-18,130.0,0.3769230769230769,0.9800778002906273,0.011301080021373729,130.0,49.0,81.0,0.0,-27.62013694366636,-0.21246259187435662
total,beta_l2=0,beta_calibration,"[log(raw_probability), -log(1-raw_probability)]","{""constraints"": ""a>=0,b>=0"", ""l2"": 0.0, ""maxiter"": 5000, ""optimizer"": ""L-BFGS-B""}",1,ok,,2025-10-07,2025-12-03,2025-12-04,2025-12-28,425,179,394,169,"{""a"": 0.0, ""b"": 0.0, ""c"": 0.09144177607956225}",169.0,0.25119774608207657,0.6955447054120981,0.03763742758186467,-0.1493725519229847,0.9863411067304754,338.0,0.500675873614603,0.0,28.0,0.5,0.9075259222170118,-0.003316439287416924,30.0,14.0,14.0,2.0,-0.543417366946779,-0.0181139122315593
total,beta_l2=0,beta_calibration,"[log(raw_probability), -log(1-raw_probability)]","{""constraints"": ""a>=0,b>=0"", ""l2"": 0.0, ""maxiter"": 5000, ""optimizer"": ""L-BFGS-B""}",2,ok,,2025-10-07,2025-12-28,2025-12-29,2026-01-19,604,174,563,164,"{""a"": 0.0, ""b"": 0.0, ""c"": 0.04618939269863827}",164.0,0.24816214581697446,0.6894708424188428,0.07382055802976006,0.2980124070178302,1.0137649867231313,328.0,0.4980288519658187,0.0,23.0,0.34782608695652173,0.8998326922611235,0.006001030864849499,23.0,8.0,15.0,0.0,-6.7892156862745106,-0.2951832907075874
total,beta_l2=0,beta_calibration,"[log(raw_probability), -log(1-raw_probability)]","{""constraints"": ""a>=0,b>=0"", ""l2"": 0.0, ""maxiter"": 5000, ""optimizer"": ""L-BFGS-B""}",3,ok,,2025-10-07,2026-01-19,2026-01-20,2026-02-28,778,166,727,156,"{""a"": 0.0, ""b"": 0.0, ""c"": 0.11291218247067784}",156.0,0.248626048362085,0.6903972035804449,0.010263444982725578,0.04071255753799259,1.0045969257039156,312.0,0.4978309158862451,0.0,88.0,0.5113636363636364,0.8990054867089058,0.0035261027997078383,92.0,45.0,43.0,4.0,0.3171479500891272,0.0034472603270557308
total,beta_l2=0,beta_calibration,"[log(raw_probability), -log(1-raw_probability)]","{""constraints"": ""a>=0,b>=0"", ""l2"": 0.0, ""maxiter"": 5000, ""optimizer"": ""L-BFGS-B""}",4,ok,,2025-10-07,2026-02-28,2026-03-01,2026-03-21,944,164,883,164,"{""a"": 0.0, ""b"": 0.0, ""c"": 0.12019496261774718}",164.0,0.2545608324392957,0.702280909335033,0.0909882268451459,-0.3601133260549758,0.9567161716705483,328.0,0.503660075254762,-1.5231718325650014e-18,105.0,0.4,0.9707215523789652,0.00866735668881323,105.0,42.0,63.0,0.0,-17.758496732026146,-0.1691285403050109
total,beta_l2=0.0001,beta_calibration,"[log(raw_probability), -log(1-raw_probability)]","{""constraints"": ""a>=0,b>=0"", ""l2"": 0.0001, ""maxiter"": 5000, ""optimizer"": ""L-BFGS-B""}",1,ok,,2025-10-07,2025-12-03,2025-12-04,2025-12-28,425,179,394,169,"{""a"": 0.0, ""b"": 0.0, ""c"": 0.0914170713252672}",169.0,0.25119728217859905,0.6955437756648286,0.037631264282543986,-0.14934866296716923,0.9863469698817158,338.0,0.5006756912684691,-5.91243030865468e-18,28.0,0.5,0.9075254225642833,-0.0033162457411111657,30.0,14.0,14.0,2.0,-0.543417366946779,-0.0181139122315593
total,beta_l2=0.0001,beta_calibration,"[log(raw_probability), -log(1-raw_probability)]","{""constraints"": ""a>=0,b>=0"", ""l2"": 0.0001, ""maxiter"": 5000, ""optimizer"": ""L-BFGS-B""}",2,ok,,2025-10-07,2025-12-28,2025-12-29,2026-01-19,604,174,563,164,"{""a"": 0.0, ""b"": 0.0, ""c"": 0.04618938430066828}",164.0,0.24816214612678067,0.6894708430387858,0.0738205601281331,0.29801248166419464,1.0137650141487051,328.0,0.49802885232407745,0.0,23.0,0.34782608695652173,0.8998326929144773,0.006001030923950751,23.0,8.0,15.0,0.0,-6.7892156862745106,-0.2951832907075874
total,beta_l2=0.0001,beta_calibration,"[log(raw_probability), -log(1-raw_probability)]","{""constraints"": ""a>=0,b>=0"", ""l2"": 0.0001, ""maxiter"": 5000, ""optimizer"": ""L-BFGS-B""}",3,ok,,2025-10-07,2026-01-19,2026-01-20,2026-02-28,778,166,727,156,"{""a"": 0.0, ""b"": 0.0, ""c"": 0.11291212687718391}",156.0,0.24862604864646826,0.690397204151026,0.010263458836894834,0.04071268176983432,1.0045969094182365,312.0,0.49783091695195053,-4.625929269271485e-18,88.0,0.5113636363636364,0.8990054878213938,0.003526103108202094,92.0,45.0,43.0,4.0,0.3171479500891272,0.0034472603270557308
total,beta_l2=0.0001,beta_calibration,"[log(raw_probability), -log(1-raw_probability)]","{""constraints"": ""a>=0,b>=0"", ""l2"": 0.0001, ""maxiter"": 5000, ""optimizer"": ""L-BFGS-B""}",4,ok,,2025-10-07,2026-02-28,2026-03-01,2026-03-21,944,164,883,164,"{""a"": 0.0, ""b"": 0.0, ""c"": 0.12019211120874204}",164.0,0.25456070318485785,0.7022806498913964,0.09098751656126086,-0.3601108210750956,0.9567175176402682,328.0,0.503659988634776,-3.5540676093183366e-18,105.0,0.4,0.9707213871106127,0.00866737923388907,105.0,42.0,63.0,0.0,-17.758496732026146,-0.1691285403050109
total,beta_l2=0.001,beta_calibration,"[log(raw_probability), -log(1-raw_probability)]","{""constraints"": ""a>=0,b>=0"", ""l2"": 0.001, ""maxiter"": 5000, ""optimizer"": ""L-BFGS-B""}",1,ok,,2025-10-07,2025-12-03,2025-12-04,2025-12-28,425,179,394,169,"{""a"": 0.0, ""b"": 0.0, ""c"": 0.09143368454162688}",169.0,0.2511975941316538,0.695544400875592,0.03763540891975875,-0.1493647827509704,0.9863430029653536,338.0,0.500675813890872,0.0,28.0,0.5,0.9075257585660227,-0.0033163758952996715,30.0,14.0,14.0,2.0,-0.543417366946779,-0.0181139122315593
total,beta_l2=0.001,beta_calibration,"[log(raw_probability), -log(1-raw_probability)]","{""constraints"": ""a>=0,b>=0"", ""l2"": 0.001, ""maxiter"": 5000, ""optimizer"": ""L-BFGS-B""}",2,ok,,2025-10-07,2025-12-28,2025-12-29,2026-01-19,604,174,563,164,"{""a"": 0.0, ""b"": 0.0, ""c"": 0.04618860619211713}",164.0,0.24816217483171035,0.6894709004792705,0.07382075455155546,0.29801322084903903,1.0137648375322448,328.0,0.4980288855183203,0.0,23.0,0.34782608695652173,0.8998327534505645,0.00600103639994034,23.0,8.0,15.0,0.0,-6.7892156862745106,-0.2951832907075874
total,beta_l2=0.001,beta_calibration,"[log(raw_probability), -log(1-raw_probability)]","{""constraints"": ""a>=0,b>=0"", ""l2"": 0.001, ""maxiter"": 5000, ""optimizer"": ""L-BFGS-B""}",3,ok,,2025-10-07,2026-01-19,2026-01-20,2026-02-28,778,166,727,156,"{""a"": 0.0, ""b"": 0.0, ""c"": 0.11291205863716634}",156.0,0.248626048995544,0.6903972048514052,0.010263475842639425,0.040712711999028914,1.0045969506270755,312.0,0.49783091826008474,0.0,88.0,0.5113636363636364,0.8990054891869533,0.0035261034868732505,92.0,45.0,43.0,4.0,0.3171479500891272,0.0034472603270557308
total,beta_l2=0.001,beta_calibration,"[log(raw_probability), -log(1-raw_probability)]","{""constraints"": ""a>=0,b>=0"", ""l2"": 0.001, ""maxiter"": 5000, ""optimizer"": ""L-BFGS-B""}",4,ok,,2025-10-07,2026-02-28,2026-03-01,2026-03-21,944,164,883,164,"{""a"": 0.0, ""b"": 0.0, ""c"": 0.12018969122026175}",164.0,0.2545605934874967,0.7022804297033837,0.0909869137438159,-0.360108666584318,0.9567186791537586,328.0,0.5036599151204534,-1.5231718325650014e-18,105.0,0.4,0.9707212468474756,0.008667398367879454,105.0,42.0,63.0,0.0,-17.758496732026146,-0.1691285403050109
total,beta_l2=0.01,beta_calibration,"[log(raw_probability), -log(1-raw_probability)]","{""constraints"": ""a>=0,b>=0"", ""l2"": 0.01, ""maxiter"": 5000, ""optimizer"": ""L-BFGS-B""}",1,ok,,2025-10-07,2025-12-03,2025-12-04,2025-12-28,425,179,394,169,"{""a"": 0.0, ""b"": 0.0, ""c"": 0.09143368951067625}",169.0,0.2511975942249648,0.6955444010626042,0.03763541015942823,-0.14936479742196893,0.98634295688799,338.0,0.5006758139275487,-3.941620205769787e-18,28.0,0.5,0.9075257586665215,-0.0033163759342290573,30.0,14.0,14.0,2.0,-0.543417366946779,-0.0181139122315593
total,beta_l2=0.01,beta_calibration,"[log(raw_probability), -log(1-raw_probability)]","{""constraints"": ""a>=0,b>=0"", ""l2"": 0.01, ""maxiter"": 5000, ""optimizer"": ""L-BFGS-B""}",2,ok,,2025-10-07,2025-12-28,2025-12-29,2026-01-19,604,174,563,164,"{""a"": 0.0, ""b"": 0.0, ""c"": 0.046189467972687005}",164.0,0.24816214304007012,0.6894708368620714,0.0738205392212814,0.29801233446361763,1.0137650613571043,328.0,0.498028848754615,-2.7078610356711136e-18,23.0,0.34782608695652173,0.8998326864048758,0.006001030335103494,23.0,8.0,15.0,0.0,-6.7892156862745106,-0.2951832907075874
total,beta_l2=0.01,beta_calibration,"[log(raw_probability), -log(1-raw_probability)]","{""constraints"": ""a>=0,b>=0"", ""l2"": 0.01, ""maxiter"": 5000, ""optimizer"": ""L-BFGS-B""}",3,ok,,2025-10-07,2026-01-19,2026-01-20,2026-02-28,778,166,727,156,"{""a"": 0.0, ""b"": 0.0, ""c"": 0.11291191666817382}",156.0,0.24862604972177585,0.6903972063085032,0.010263511222003752,0.040712848377152326,1.0045970172182068,312.0,0.4978309209815742,0.0,88.0,0.5113636363636364,0.8990054920279124,0.0035261042746743835,92.0,45.0,43.0,4.0,0.3171479500891272,0.0034472603270557308
total,beta_l2=0.01,beta_calibration,"[log(raw_probability), -log(1-raw_probability)]","{""constraints"": ""a>=0,b>=0"", ""l2"": 0.01, ""maxiter"": 5000, ""optimizer"": ""L-BFGS-B""}",4,ok,,2025-10-07,2026-02-28,2026-03-01,2026-03-21,944,164,883,164,"{""a"": 0.0, ""b"": 0.0, ""c"": 0.12018975915891826}",164.0,0.2545605965671261,0.702280435884913,0.09098693066728919,-0.3601087373478097,0.9567186337667553,328.0,0.5036599171842916,-1.5231718325650014e-18,105.0,0.4,0.9707212507852174,0.008667397830712582,105.0,42.0,63.0,0.0,-17.758496732026146,-0.1691285403050109
total,beta_l2=0.1,beta_calibration,"[log(raw_probability), -log(1-raw_probability)]","{""constraints"": ""a>=0,b>=0"", ""l2"": 0.1, ""maxiter"": 5000, ""optimizer"": ""L-BFGS-B""}",1,ok,,2025-10-07,2025-12-03,2025-12-04,2025-12-28,425,179,394,169,"{""a"": 0.0, ""b"": 0.0, ""c"": 0.09144636270622586}",169.0,0.25119783221761083,0.6955448780435511,0.037638571844776536,-0.14937710331251647,0.9863400554888748,338.0,0.5006759074685353,0.0,28.0,0.5,0.9075260149813017,-0.0033164752207454433,30.0,14.0,14.0,2.0,-0.543417366946779,-0.0181139122315593
total,beta_l2=0.1,beta_calibration,"[log(raw_probability), -log(1-raw_probability)]","{""constraints"": ""a>=0,b>=0"", ""l2"": 0.1, ""maxiter"": 5000, ""optimizer"": ""L-BFGS-B""}",2,ok,,2025-10-07,2025-12-28,2025-12-29,2026-01-19,604,174,563,164,"{""a"": 0.0, ""b"": 0.0, ""c"": 0.046208499975937685}",164.0,0.24816144096101186,0.689469431954582,0.07381578375837106,0.2979928419109426,1.0137697618780235,328.0,0.49802803684631325,0.0,23.0,0.34782608695652173,0.8998312057339071,0.0060008963961723765,23.0,8.0,15.0,0.0,-6.7892156862745106,-0.2951832907075874
total,beta_l2=0.1,beta_calibration,"[log(raw_probability), -log(1-raw_probability)]","{""constraints"": ""a>=0,b>=0"", ""l2"": 0.1, ""maxiter"": 5000, ""optimizer"": ""L-BFGS-B""}",3,ok,,2025-10-07,2026-01-19,2026-01-20,2026-02-28,778,166,727,156,"{""a"": 0.0, ""b"": 0.0, ""c"": 0.11291212606751277}",156.0,0.24862604865061003,0.6903972041593361,0.010263459038668654,0.040712589937224895,1.0045970012834333,312.0,0.4978309169674716,0.0,88.0,0.5113636363636364,0.8990054878375964,0.003526103112695036,92.0,45.0,43.0,4.0,0.3171479500891272,0.0034472603270557308
total,beta_l2=0.1,beta_calibration,"[log(raw_probability), -log(1-raw_probability)]","{""constraints"": ""a>=0,b>=0"", ""l2"": 0.1, ""maxiter"": 5000, ""optimizer"": ""L-BFGS-B""}",4,ok,,2025-10-07,2026-02-28,2026-03-01,2026-03-21,944,164,883,164,"{""a"": 0.0, ""b"": 0.0, ""c"": 0.12022760687164334}",164.0,0.25456231227442394,0.7022838797105375,0.09099635849610582,-0.36014281381433494,0.9567008738152489,328.0,0.5036610669195132,-1.692413147294446e-19,105.0,0.4,0.9707234444457644,0.008667098582594627,105.0,42.0,63.0,0.0,-17.758496732026146,-0.1691285403050109
total,isotonic,isotonic_regression,raw_probability,"{""min_class_count"": 30, ""min_train_decisions"": 300, ""min_unique_probability"": 20, ""out_of_bounds"": ""clip""}",1,ok,,2025-10-07,2025-12-03,2025-12-04,2025-12-28,425,179,394,169,"{""x_threshold_count"": 7, ""y_threshold_count"": 7}",169.0,0.25404771353469346,0.7010092373862095,0.04878982271222095,-0.08547895037737735,0.11843942995660918,338.0,0.5008637185730991,0.0,62.0,0.5645161290322581,0.907642469653801,-0.0038917633847720544,64.0,35.0,27.0,2.0,4.902741558873167,0.07660533685739324
total,isotonic,isotonic_regression,raw_probability,"{""min_class_count"": 30, ""min_train_decisions"": 300, ""min_unique_probability"": 20, ""out_of_bounds"": ""clip""}",2,ok,,2025-10-07,2025-12-28,2025-12-29,2026-01-19,604,174,563,164,"{""x_threshold_count"": 7, ""y_threshold_count"": 7}",164.0,0.24684444586605644,0.6868342956709362,0.10169766354435347,0.02469622974231889,8.085777504254107,328.0,0.4966401194624191,0.0,28.0,0.5714285714285714,0.8978071473497755,0.005879161752947356,31.0,16.0,12.0,3.0,3.6126050420168063,0.11653564651667117
total,isotonic,isotonic_regression,raw_probability,"{""min_class_count"": 30, ""min_train_decisions"": 300, ""min_unique_probability"": 20, ""out_of_bounds"": ""clip""}",3,ok,,2025-10-07,2026-01-19,2026-01-20,2026-02-28,778,166,727,156,"{""x_threshold_count"": 10, ""y_threshold_count"": 10}",156.0,0.24825002879064983,0.6896368815628315,0.018812980807381356,0.08912743698690966,0.8295860671259019,312.0,0.4969086407796377,-2.846725704167068e-18,73.0,0.5342465753424658,0.8979321158484734,0.0024079042009345097,77.0,39.0,34.0,4.0,1.866741953698475,0.02424340199608409
total,isotonic,isotonic_regression,raw_probability,"{""min_class_count"": 30, ""min_train_decisions"": 300, ""min_unique_probability"": 20, ""out_of_bounds"": ""clip""}",4,ok,,2025-10-07,2026-02-28,2026-03-01,2026-03-21,944,164,883,164,"{""x_threshold_count"": 11, ""y_threshold_count"": 11}",164.0,0.2523849998205334,0.851451760352675,0.0913611494624901,-0.5947676558554823,3.2485610416419077,328.0,0.49735518890119607,-3.5540676093183366e-18,79.0,0.379746835443038,0.9585652892978441,0.004582125498995117,79.0,30.0,49.0,0.0,-18.322331950548172,-0.23192825253858446
