market,game_id,game_date,canonical_side,opposite_side,raw_prob,production_prob,canonical_decimal,opposite_decimal,canonical_american,opposite_american,line,opposite_line,push_prob,is_push,y,home_score,away_score,source_input_file,source_score_file,market_name
moneyline,2025020001,2025-10-07,home,away,0.735,0.6376420527193314,1.2857142857142856,3.8,-350.0,280.0,,,0.0,False,1.0,3.0,2.0,2025_10_07_NHL_merged.csv,2025_10_07_NHL_final_scores.csv,moneyline
moneyline,2025020002,2025-10-07,home,away,0.638,0.6137677424349538,1.4761904761904763,2.7,-210.0,170.0,,,0.0,False,0.0,0.0,3.0,2025_10_07_NHL_merged.csv,2025_10_07_NHL_final_scores.csv,moneyline
moneyline,2025020003,2025-10-07,home,away,0.532,0.5549597934341571,1.9523809523809523,1.8695652173913042,-105.0,-115.0,,,0.0,False,0.0,1.0,4.0,2025_10_07_NHL_merged.csv,2025_10_07_NHL_final_scores.csv,moneyline
moneyline,2025020004,2025-10-08,home,away,0.631,0.6343154666872368,1.625,2.35,-160.0,135.0,,,0.0,False,1.0,5.0,2.0,2025_10_08_NHL_merged.csv,2025_10_08_NHL_final_scores.csv,moneyline
moneyline,2025020005,2025-10-08,home,away,0.629,0.6344082134000787,1.5,2.65,-200.0,165.0,,,0.0,False,0.0,1.0,3.0,2025_10_08_NHL_merged.csv,2025_10_08_NHL_final_scores.csv,moneyline
moneyline,2025020006,2025-10-08,home,away,0.66,0.6359824416414898,1.4545454545454546,2.8,-220.0,180.0,,,0.0,False,0.0,3.0,4.0,2025_10_08_NHL_merged.csv,2025_10_08_NHL_final_scores.csv,moneyline
moneyline,2025020007,2025-10-08,home,away,0.599,0.5875383708930677,1.526315789473684,2.55,-190.0,155.0,,,0.0,False,0.0,5.0,6.0,2025_10_08_NHL_merged.csv,2025_10_08_NHL_final_scores.csv,moneyline
moneyline,2025020008,2025-10-09,home,away,0.607,0.6004674932534337,1.6896551724137931,2.2,-145.0,120.0,,,0.0,False,1.0,4.0,3.0,2025_10_09_NHL_merged.csv,2025_10_09_NHL_final_scores.csv,moneyline
moneyline,2025020009,2025-10-09,home,away,0.469,0.515466132886407,2.0,1.8333333333333335,100.0,-120.0,,,0.0,False,0.0,0.0,4.0,2025_10_09_NHL_merged.csv,2025_10_09_NHL_final_scores.csv,moneyline
moneyline,2025020010,2025-10-09,home,away,0.57,0.5718738570829347,1.7692307692307692,2.1,-130.0,110.0,,,0.0,False,0.0,1.0,5.0,2025_10_09_NHL_merged.csv,2025_10_09_NHL_final_scores.csv,moneyline
moneyline,2025020011,2025-10-09,home,away,0.618,0.6213621817104311,1.625,2.35,-160.0,135.0,,,0.0,False,0.0,4.0,5.0,2025_10_09_NHL_merged.csv,2025_10_09_NHL_final_scores.csv,moneyline
moneyline,2025020012,2025-10-09,home,away,0.645,0.6209579342790007,1.4761904761904763,2.7,-210.0,170.0,,,0.0,False,1.0,2.0,1.0,2025_10_09_NHL_merged.csv,2025_10_09_NHL_final_scores.csv,moneyline
moneyline,2025020013,2025-10-09,home,away,0.53,0.5759544840172767,2.0,1.8333333333333335,100.0,-120.0,,,0.0,False,1.0,4.0,3.0,2025_10_09_NHL_merged.csv,2025_10_09_NHL_final_scores.csv,moneyline
moneyline,2025020014,2025-10-09,home,away,0.592,0.5954412169874443,1.625,2.35,-160.0,135.0,,,0.0,False,1.0,6.0,3.0,2025_10_09_NHL_merged.csv,2025_10_09_NHL_final_scores.csv,moneyline
moneyline,2025020015,2025-10-09,home,away,0.546,0.5475319610151904,1.9090909090909092,1.9090909090909092,-110.0,-110.0,,,0.0,False,0.0,0.0,5.0,2025_10_09_NHL_merged.csv,2025_10_09_NHL_final_scores.csv,moneyline
moneyline,2025020016,2025-10-09,home,away,0.564,0.5608023122608886,1.7142857142857144,2.1799999999999997,-140.0,118.0,,,0.0,False,1.0,2.0,1.0,2025_10_09_NHL_merged.csv,2025_10_09_NHL_final_scores.csv,moneyline
moneyline,2025020017,2025-10-09,home,away,0.511,0.5125446245307261,1.9090909090909092,1.9090909090909092,-110.0,-110.0,,,0.0,False,0.0,4.0,5.0,2025_10_09_NHL_merged.csv,2025_10_09_NHL_final_scores.csv,moneyline
moneyline,2025020018,2025-10-09,home,away,0.627,0.6303303513427154,1.625,2.35,-160.0,135.0,,,0.0,False,1.0,2.0,1.0,2025_10_09_NHL_merged.csv,2025_10_09_NHL_final_scores.csv,moneyline
moneyline,2025020019,2025-10-09,home,away,0.625,0.6304322632981806,1.5,2.65,-200.0,165.0,,,0.0,False,1.0,5.0,1.0,2025_10_09_NHL_merged.csv,2025_10_09_NHL_final_scores.csv,moneyline
moneyline,2025020020,2025-10-09,home,away,0.336,0.3711737826919358,2.54,1.526315789473684,154.0,-190.0,,,0.0,False,0.0,3.0,4.0,2025_10_09_NHL_merged.csv,2025_10_09_NHL_final_scores.csv,moneyline
moneyline,2025020021,2025-10-09,home,away,0.545,0.5040598562872924,1.8695652173913042,1.9523809523809523,-115.0,-105.0,,,0.0,False,1.0,3.0,1.0,2025_10_09_NHL_merged.csv,2025_10_09_NHL_final_scores.csv,moneyline
moneyline,2025020022,2025-10-11,home,away,0.522,0.5222587744316143,1.7692307692307692,2.05,-130.0,105.0,,,0.0,False,1.0,3.0,2.0,2025_10_11_NHL_merged.csv,2025_10_11_NHL_final_scores.csv,moneyline
moneyline,2025020023,2025-10-11,home,away,0.493,0.5161329014345211,1.9523809523809523,1.8695652173913042,-105.0,-115.0,,,0.0,False,0.0,2.0,4.0,2025_10_11_NHL_merged.csv,2025_10_11_NHL_final_scores.csv,moneyline
moneyline,2025020024,2025-10-11,home,away,0.543,0.5020443224526553,1.8695652173913042,1.9523809523809523,-115.0,-105.0,,,0.0,False,1.0,3.0,1.0,2025_10_11_NHL_merged.csv,2025_10_11_NHL_final_scores.csv,moneyline
moneyline,2025020025,2025-10-11,home,away,0.46,0.4609605609717322,2.15,1.7142857142857144,115.0,-140.0,,,0.0,False,1.0,6.0,3.0,2025_10_11_NHL_merged.csv,2025_10_11_NHL_final_scores.csv,moneyline
moneyline,2025020026,2025-10-11,home,away,0.574,0.5708198439709078,1.6896551724137931,2.1799999999999997,-145.0,118.0,,,0.0,False,0.0,3.0,5.0,2025_10_11_NHL_merged.csv,2025_10_11_NHL_final_scores.csv,moneyline
moneyline,2025020027,2025-10-11,home,away,0.609,0.6125275521232746,1.6451612903225805,2.25,-155.0,125.0,,,0.0,False,1.0,6.0,2.0,2025_10_11_NHL_merged.csv,2025_10_11_NHL_final_scores.csv,moneyline
moneyline,2025020028,2025-10-11,home,away,0.489,0.5354495288685874,2.0,1.8333333333333335,100.0,-120.0,,,0.0,False,0.0,2.0,4.0,2025_10_11_NHL_merged.csv,2025_10_11_NHL_final_scores.csv,moneyline
moneyline,2025020029,2025-10-11,home,away,0.466,0.46696225559025273,2.15,1.7142857142857144,115.0,-140.0,,,0.0,False,0.0,1.0,6.0,2025_10_11_NHL_merged.csv,2025_10_11_NHL_final_scores.csv,moneyline
moneyline,2025020030,2025-10-11,home,away,0.661,0.674848047542454,1.4,3.0,-250.0,200.0,,,0.0,False,1.0,4.0,3.0,2025_10_11_NHL_merged.csv,2025_10_11_NHL_final_scores.csv,moneyline
moneyline,2025020031,2025-10-11,home,away,0.431,0.431948443769125,2.1799999999999997,1.6896551724137931,118.0,-145.0,,,0.0,False,0.0,2.0,3.0,2025_10_11_NHL_merged.csv,2025_10_11_NHL_final_scores.csv,moneyline
moneyline,2025020032,2025-10-11,home,away,0.517,0.5400594699418229,1.9523809523809523,1.8695652173913042,-105.0,-115.0,,,0.0,False,0.0,2.0,3.0,2025_10_11_NHL_merged.csv,2025_10_11_NHL_final_scores.csv,moneyline
moneyline,2025020033,2025-10-11,home,away,0.599,0.6024218271910529,1.625,2.35,-160.0,135.0,,,0.0,False,0.0,4.0,7.0,2025_10_11_NHL_merged.csv,2025_10_11_NHL_final_scores.csv,moneyline
moneyline,2025020034,2025-10-11,home,away,0.57,0.5709670988281178,1.8,2.05,-125.0,105.0,,,0.0,False,0.0,4.0,5.0,2025_10_11_NHL_merged.csv,2025_10_11_NHL_final_scores.csv,moneyline
moneyline,2025020035,2025-10-11,home,away,0.618,0.6129459907294595,1.5714285714285714,2.45,-175.0,145.0,,,0.0,False,1.0,3.0,1.0,2025_10_11_NHL_merged.csv,2025_10_11_NHL_final_scores.csv,moneyline
moneyline,2025020036,2025-10-11,home,away,0.447,0.4933114288947751,2.05,1.8,105.0,-125.0,,,0.0,False,0.0,6.0,7.0,2025_10_11_NHL_merged.csv,2025_10_11_NHL_final_scores.csv,moneyline
moneyline,2025020037,2025-10-11,home,away,0.406,0.46186106708159436,2.4,1.5882352941176472,140.0,-170.0,,,0.0,False,1.0,2.0,1.0,2025_10_11_NHL_merged.csv,2025_10_11_NHL_final_scores.csv,moneyline
moneyline,2025020038,2025-10-12,home,away,0.553,0.5121353196427839,1.8695652173913042,1.9523809523809523,-115.0,-105.0,,,0.0,False,0.0,0.0,1.0,2025_10_12_NHL_merged.csv,2025_10_12_NHL_final_scores.csv,moneyline
moneyline,2025020039,2025-10-13,home,away,0.419,0.41040584066104074,2.35,1.625,135.0,-160.0,,,0.0,False,0.0,1.0,3.0,2025_10_13_NHL_merged.csv,2025_10_13_NHL_final_scores.csv,moneyline
moneyline,2025020040,2025-10-13,home,away,0.432,0.42333348107437285,2.35,1.625,135.0,-160.0,,,0.0,False,0.0,3.0,4.0,2025_10_13_NHL_merged.csv,2025_10_13_NHL_final_scores.csv,moneyline
moneyline,2025020041,2025-10-13,home,away,0.585,0.5892873822056603,1.5555555555555556,2.45,-180.0,145.0,,,0.0,False,0.0,1.0,4.0,2025_10_13_NHL_merged.csv,2025_10_13_NHL_final_scores.csv,moneyline
moneyline,2025020042,2025-10-13,home,away,0.483,0.5294701291302237,2.0,1.8333333333333335,100.0,-120.0,,,0.0,False,0.0,2.0,5.0,2025_10_13_NHL_merged.csv,2025_10_13_NHL_final_scores.csv,moneyline
moneyline,2025020043,2025-10-13,home,away,0.628,0.6334142949847038,1.5,2.65,-200.0,165.0,,,0.0,False,0.0,2.0,3.0,2025_10_13_NHL_merged.csv,2025_10_13_NHL_final_scores.csv,moneyline
moneyline,2025020044,2025-10-13,home,away,0.456,0.456959276500266,2.1799999999999997,1.6896551724137931,118.0,-145.0,,,0.0,False,1.0,5.0,2.0,2025_10_13_NHL_merged.csv,2025_10_13_NHL_final_scores.csv,moneyline
moneyline,2025020045,2025-10-13,home,away,0.449,0.47359446203489747,2.1,1.7407407407407407,110.0,-135.0,,,0.0,False,0.0,2.0,3.0,2025_10_13_NHL_merged.csv,2025_10_13_NHL_final_scores.csv,moneyline
moneyline,2025020046,2025-10-13,home,away,0.539,0.5399805513941456,1.8,2.05,-125.0,105.0,,,0.0,False,0.0,2.0,5.0,2025_10_13_NHL_merged.csv,2025_10_13_NHL_final_scores.csv,moneyline
moneyline,2025020047,2025-10-13,home,away,0.5,0.5009867054424596,1.8,2.05,-125.0,105.0,,,0.0,False,1.0,4.0,3.0,2025_10_13_NHL_merged.csv,2025_10_13_NHL_final_scores.csv,moneyline
moneyline,2025020048,2025-10-13,home,away,0.404,0.3955040694730026,2.35,1.606060606060606,135.0,-165.0,,,0.0,False,1.0,3.0,1.0,2025_10_13_NHL_merged.csv,2025_10_13_NHL_final_scores.csv,moneyline
moneyline,2025020049,2025-10-14,home,away,0.608,0.5826320568889464,1.4545454545454546,2.8,-220.0,180.0,,,0.0,False,1.0,7.0,4.0,2025_10_14_NHL_merged.csv,2025_10_14_NHL_final_scores.csv,moneyline
moneyline,2025020050,2025-10-14,home,away,0.577,0.5804780769889656,1.625,2.35,-160.0,135.0,,,0.0,False,1.0,5.0,4.0,2025_10_14_NHL_merged.csv,2025_10_14_NHL_final_scores.csv,moneyline
moneyline,2025020051,2025-10-14,home,away,0.503,0.5277194380310206,2.1,1.7407407407407407,110.0,-135.0,,,0.0,False,0.0,0.0,2.0,2025_10_14_NHL_merged.csv,2025_10_14_NHL_final_scores.csv,moneyline
moneyline,2025020052,2025-10-14,home,away,0.517,0.5179854986879776,1.8333333333333335,2.0,-120.0,100.0,,,0.0,False,1.0,3.0,2.0,2025_10_14_NHL_merged.csv,2025_10_14_NHL_final_scores.csv,moneyline
moneyline,2025020053,2025-10-14,home,away,0.401,0.4146549703721722,2.25,1.6451612903225805,125.0,-155.0,,,0.0,False,0.0,2.0,4.0,2025_10_14_NHL_merged.csv,2025_10_14_NHL_final_scores.csv,moneyline
moneyline,2025020054,2025-10-14,home,away,0.628,0.6168370460787306,1.526315789473684,2.55,-190.0,155.0,,,0.0,False,1.0,5.0,2.0,2025_10_14_NHL_merged.csv,2025_10_14_NHL_final_scores.csv,moneyline
moneyline,2025020056,2025-10-14,home,away,0.522,0.525558458688698,1.625,2.35,-160.0,135.0,,,0.0,False,1.0,4.0,3.0,2025_10_14_NHL_merged.csv,2025_10_14_NHL_final_scores.csv,moneyline
moneyline,2025020057,2025-10-15,home,away,0.489,0.5354495288685874,2.0,1.8333333333333335,100.0,-120.0,,,0.0,False,1.0,8.0,4.0,2025_10_15_NHL_merged.csv,2025_10_15_NHL_final_scores.csv,moneyline
moneyline,2025020058,2025-10-15,home,away,0.43,0.43094790986283477,2.1799999999999997,1.6896551724137931,118.0,-145.0,,,0.0,False,1.0,4.0,1.0,2025_10_15_NHL_merged.csv,2025_10_15_NHL_final_scores.csv,moneyline
moneyline,2025020059,2025-10-15,home,away,0.655,0.6191198029117976,1.425531914893617,2.95,-235.0,195.0,,,0.0,False,0.0,3.0,8.0,2025_10_15_NHL_merged.csv,2025_10_15_NHL_final_scores.csv,moneyline
moneyline,2025020060,2025-10-15,home,away,0.66,0.6359824416414898,1.4444444444444444,2.85,-225.0,185.0,,,0.0,False,1.0,3.0,1.0,2025_10_15_NHL_merged.csv,2025_10_15_NHL_final_scores.csv,moneyline
moneyline,2025020061,2025-10-16,home,away,0.573,0.5766265491112862,1.6666666666666665,2.25,-150.0,125.0,,,0.0,False,1.0,2.0,1.0,2025_10_16_NHL_merged.csv,2025_10_16_NHL_final_scores.csv,moneyline
moneyline,2025020062,2025-10-16,home,away,0.543,0.5465379322398525,1.625,2.35,-160.0,135.0,,,0.0,False,1.0,3.0,2.0,2025_10_16_NHL_merged.csv,2025_10_16_NHL_final_scores.csv,moneyline
moneyline,2025020063,2025-10-16,home,away,0.549,0.5526712543334712,1.6451612903225805,2.25,-155.0,125.0,,,0.0,False,1.0,4.0,3.0,2025_10_16_NHL_merged.csv,2025_10_16_NHL_final_scores.csv,moneyline
moneyline,2025020064,2025-10-16,home,away,0.539,0.5425428106351462,1.625,2.35,-160.0,135.0,,,0.0,False,1.0,3.0,1.0,2025_10_16_NHL_merged.csv,2025_10_16_NHL_final_scores.csv,moneyline
moneyline,2025020065,2025-10-16,home,away,0.417,0.44291517474038755,2.45,1.5555555555555556,145.0,-180.0,,,0.0,False,1.0,4.0,2.0,2025_10_16_NHL_merged.csv,2025_10_16_NHL_final_scores.csv,moneyline
moneyline,2025020066,2025-10-16,home,away,0.498,0.4989665906556253,2.15,1.7142857142857144,115.0,-140.0,,,0.0,False,0.0,2.0,5.0,2025_10_16_NHL_merged.csv,2025_10_16_NHL_final_scores.csv,moneyline
moneyline,2025020067,2025-10-16,home,away,0.405,0.39649703012083626,2.35,1.606060606060606,135.0,-165.0,,,0.0,False,0.0,1.0,4.0,2025_10_16_NHL_merged.csv,2025_10_16_NHL_final_scores.csv,moneyline
moneyline,2025020068,2025-10-16,home,away,0.627,0.6324203304980648,1.5,2.65,-200.0,165.0,,,0.0,False,0.0,3.0,5.0,2025_10_16_NHL_merged.csv,2025_10_16_NHL_final_scores.csv,moneyline
moneyline,2025020069,2025-10-16,home,away,0.654,0.6297963400236128,1.4444444444444444,2.85,-225.0,185.0,,,0.0,False,1.0,6.0,5.0,2025_10_16_NHL_merged.csv,2025_10_16_NHL_final_scores.csv,moneyline
moneyline,2025020070,2025-10-16,home,away,0.381,0.4359458106926407,2.45,1.5714285714285714,145.0,-175.0,,,0.0,False,0.0,1.0,4.0,2025_10_16_NHL_merged.csv,2025_10_16_NHL_final_scores.csv,moneyline
moneyline,2025020071,2025-10-16,home,away,0.637,0.6127414342592961,1.4761904761904763,2.7,-210.0,170.0,,,0.0,False,0.0,2.0,4.0,2025_10_16_NHL_merged.csv,2025_10_16_NHL_final_scores.csv,moneyline
moneyline,2025020072,2025-10-17,home,away,0.472,0.5288569511057276,2.4,1.5882352941176472,140.0,-170.0,,,0.0,False,1.0,2.0,1.0,2025_10_17_NHL_merged.csv,2025_10_17_NHL_final_scores.csv,moneyline
moneyline,2025020073,2025-10-17,home,away,0.563,0.5639707991178761,1.8,2.05,-125.0,105.0,,,0.0,False,1.0,5.0,1.0,2025_10_17_NHL_merged.csv,2025_10_17_NHL_final_scores.csv,moneyline
moneyline,2025020074,2025-10-17,home,away,0.475,0.4771751391136034,2.2,1.6896551724137931,120.0,-145.0,,,0.0,False,0.0,2.0,3.0,2025_10_17_NHL_merged.csv,2025_10_17_NHL_final_scores.csv,moneyline
moneyline,2025020075,2025-10-17,home,away,0.707,0.6738348389075156,1.425531914893617,2.95,-235.0,195.0,,,0.0,False,1.0,6.0,3.0,2025_10_17_NHL_merged.csv,2025_10_17_NHL_final_scores.csv,moneyline
moneyline,2025020076,2025-10-18,home,away,0.427,0.4408886688642403,2.25,1.6666666666666665,125.0,-150.0,,,0.0,False,1.0,3.0,0.0,2025_10_18_NHL_merged.csv,2025_10_18_NHL_final_scores.csv,moneyline
moneyline,2025020077,2025-10-18,home,away,0.568,0.5714971221021081,1.625,2.35,-160.0,135.0,,,0.0,False,0.0,4.0,5.0,2025_10_18_NHL_merged.csv,2025_10_18_NHL_final_scores.csv,moneyline
moneyline,2025020078,2025-10-18,home,away,0.525,0.5265413756678091,1.9090909090909092,1.9090909090909092,-110.0,-110.0,,,0.0,False,1.0,5.0,3.0,2025_10_18_NHL_merged.csv,2025_10_18_NHL_final_scores.csv,moneyline
moneyline,2025020079,2025-10-18,home,away,0.647,0.6225892493543146,1.4545454545454546,2.8,-220.0,180.0,,,0.0,False,0.0,3.0,4.0,2025_10_18_NHL_merged.csv,2025_10_18_NHL_final_scores.csv,moneyline
moneyline,2025020080,2025-10-18,home,away,0.499,0.45803679335436676,1.8695652173913042,1.9523809523809523,-115.0,-105.0,,,0.0,False,0.0,3.0,4.0,2025_10_18_NHL_merged.csv,2025_10_18_NHL_final_scores.csv,moneyline
moneyline,2025020081,2025-10-18,home,away,0.553,0.5121353196427839,1.8695652173913042,1.9523809523809523,-115.0,-105.0,,,0.0,False,1.0,2.0,1.0,2025_10_18_NHL_merged.csv,2025_10_18_NHL_final_scores.csv,moneyline
moneyline,2025020082,2025-10-18,home,away,0.492,0.5151336542021473,1.9523809523809523,1.8695652173913042,-105.0,-115.0,,,0.0,False,1.0,3.0,2.0,2025_10_18_NHL_merged.csv,2025_10_18_NHL_final_scores.csv,moneyline
moneyline,2025020083,2025-10-18,home,away,0.465,0.46596199249388276,2.15,1.7142857142857144,115.0,-140.0,,,0.0,False,1.0,3.0,1.0,2025_10_18_NHL_merged.csv,2025_10_18_NHL_final_scores.csv,moneyline
moneyline,2025020084,2025-10-18,home,away,0.603,0.5915747456831737,1.526315789473684,2.55,-190.0,155.0,,,0.0,False,1.0,4.0,1.0,2025_10_18_NHL_merged.csv,2025_10_18_NHL_final_scores.csv,moneyline
moneyline,2025020085,2025-10-18,home,away,0.669,0.6826781334984966,1.4,3.0,-250.0,200.0,,,0.0,False,1.0,4.0,1.0,2025_10_18_NHL_merged.csv,2025_10_18_NHL_final_scores.csv,moneyline
moneyline,2025020086,2025-10-18,home,away,0.491,0.5374396992184598,2.05,1.8,105.0,-125.0,,,0.0,False,0.0,3.0,4.0,2025_10_18_NHL_merged.csv,2025_10_18_NHL_final_scores.csv,moneyline
moneyline,2025020087,2025-10-18,home,away,0.662,0.6380462414899614,1.4444444444444444,2.85,-225.0,185.0,,,0.0,False,1.0,6.0,1.0,2025_10_18_NHL_merged.csv,2025_10_18_NHL_final_scores.csv,moneyline
moneyline,2025020088,2025-10-18,home,away,0.371,0.3719027082136123,2.15,1.7142857142857144,115.0,-140.0,,,0.0,False,0.0,0.0,3.0,2025_10_18_NHL_merged.csv,2025_10_18_NHL_final_scores.csv,moneyline
moneyline,2025020089,2025-10-19,home,away,0.602,0.6055498008696545,1.6451612903225805,2.25,-155.0,125.0,,,0.0,False,0.0,3.0,4.0,2025_10_19_NHL_merged.csv,2025_10_19_NHL_final_scores.csv,moneyline
moneyline,2025020090,2025-10-19,home,away,0.494,0.4949664818773585,2.15,1.7142857142857144,115.0,-140.0,,,0.0,False,1.0,4.0,2.0,2025_10_19_NHL_merged.csv,2025_10_19_NHL_final_scores.csv,moneyline
moneyline,2025020091,2025-10-19,home,away,0.492,0.5167409101089964,2.1,1.7407407407407407,110.0,-135.0,,,0.0,False,1.0,2.0,1.0,2025_10_19_NHL_merged.csv,2025_10_19_NHL_final_scores.csv,moneyline
moneyline,2025020092,2025-10-19,home,away,0.627,0.5900304402227461,1.425531914893617,2.95,-235.0,195.0,,,0.0,False,1.0,3.0,2.0,2025_10_19_NHL_merged.csv,2025_10_19_NHL_final_scores.csv,moneyline
moneyline,2025020093,2025-10-20,home,away,0.56,0.5609722666422992,1.8333333333333335,2.0,-120.0,100.0,,,0.0,False,0.0,1.0,3.0,2025_10_20_NHL_merged.csv,2025_10_20_NHL_final_scores.csv,moneyline
moneyline,2025020094,2025-10-20,home,away,0.569,0.5658107524296424,1.7142857142857144,2.15,-140.0,115.0,,,0.0,False,1.0,5.0,2.0,2025_10_20_NHL_merged.csv,2025_10_20_NHL_final_scores.csv,moneyline
moneyline,2025020095,2025-10-20,home,away,0.557,0.5606582467425342,1.6666666666666665,2.25,-150.0,125.0,,,0.0,False,1.0,4.0,2.0,2025_10_20_NHL_merged.csv,2025_10_20_NHL_final_scores.csv,moneyline
moneyline,2025020096,2025-10-20,home,away,0.437,0.45095794563511166,2.25,1.6451612903225805,125.0,-155.0,,,0.0,False,0.0,1.0,2.0,2025_10_20_NHL_merged.csv,2025_10_20_NHL_final_scores.csv,moneyline
moneyline,2025020097,2025-10-20,home,away,0.513,0.5139859878398428,1.8333333333333335,2.0,-120.0,100.0,,,0.0,False,1.0,4.0,1.0,2025_10_20_NHL_merged.csv,2025_10_20_NHL_final_scores.csv,moneyline
moneyline,2025020098,2025-10-21,home,away,0.564,0.5649702941674891,1.8,2.05,-125.0,105.0,,,0.0,False,0.0,2.0,5.0,2025_10_21_NHL_merged.csv,2025_10_21_NHL_final_scores.csv,moneyline
moneyline,2025020099,2025-10-21,home,away,0.484,0.4849656685882405,2.15,1.7142857142857144,115.0,-140.0,,,0.0,False,0.0,2.0,3.0,2025_10_21_NHL_merged.csv,2025_10_21_NHL_final_scores.csv,moneyline
moneyline,2025020100,2025-10-21,home,away,0.673,0.6494129562071029,1.4545454545454546,2.8,-220.0,180.0,,,0.0,False,1.0,4.0,3.0,2025_10_21_NHL_merged.csv,2025_10_21_NHL_final_scores.csv,moneyline
moneyline,2025020101,2025-10-21,home,away,0.519,0.5420485643061582,1.9523809523809523,1.8695652173913042,-105.0,-115.0,,,0.0,False,1.0,5.0,1.0,2025_10_21_NHL_merged.csv,2025_10_21_NHL_final_scores.csv,moneyline
moneyline,2025020102,2025-10-21,home,away,0.65,0.6233062613524857,1.3636363636363638,3.25,-275.0,225.0,,,0.0,False,1.0,4.0,1.0,2025_10_21_NHL_merged.csv,2025_10_21_NHL_final_scores.csv,moneyline
moneyline,2025020103,2025-10-21,home,away,0.421,0.43484161377204367,2.25,1.6451612903225805,125.0,-155.0,,,0.0,False,0.0,3.0,4.0,2025_10_21_NHL_merged.csv,2025_10_21_NHL_final_scores.csv,moneyline
moneyline,2025020104,2025-10-21,home,away,0.485,0.4859858757737008,1.8,2.05,-125.0,105.0,,,0.0,False,0.0,1.0,2.0,2025_10_21_NHL_merged.csv,2025_10_21_NHL_final_scores.csv,moneyline
moneyline,2025020105,2025-10-21,home,away,0.573,0.574870534357391,1.7407407407407407,2.1,-135.0,110.0,,,0.0,False,0.0,2.0,5.0,2025_10_21_NHL_merged.csv,2025_10_21_NHL_final_scores.csv,moneyline
moneyline,2025020106,2025-10-21,home,away,0.616,0.5912385970047319,1.4761904761904763,2.7,-210.0,170.0,,,0.0,False,0.0,1.0,5.0,2025_10_21_NHL_merged.csv,2025_10_21_NHL_final_scores.csv,moneyline
moneyline,2025020107,2025-10-21,home,away,0.458,0.45895993420905634,2.15,1.7142857142857144,115.0,-140.0,,,0.0,False,1.0,4.0,3.0,2025_10_21_NHL_merged.csv,2025_10_21_NHL_final_scores.csv,moneyline
moneyline,2025020108,2025-10-22,home,away,0.536,0.5379019050366945,1.7407407407407407,2.1,-135.0,110.0,,,0.0,False,1.0,4.0,1.0,2025_10_22_NHL_merged.csv,2025_10_22_NHL_final_scores.csv,moneyline
moneyline,2025020109,2025-10-22,home,away,0.513,0.5139859878398428,1.8333333333333335,2.0,-120.0,100.0,,,0.0,False,1.0,4.0,2.0,2025_10_22_NHL_merged.csv,2025_10_22_NHL_final_scores.csv,moneyline
moneyline,2025020110,2025-10-22,home,away,0.493,0.5177399459616646,2.1,1.7407407407407407,110.0,-135.0,,,0.0,False,0.0,1.0,2.0,2025_10_22_NHL_merged.csv,2025_10_22_NHL_final_scores.csv,moneyline
moneyline,2025020111,2025-10-23,home,away,0.539,0.5399805513941456,1.8333333333333335,2.0,-120.0,100.0,,,0.0,False,0.0,5.0,7.0,2025_10_23_NHL_merged.csv,2025_10_23_NHL_final_scores.csv,moneyline
moneyline,2025020112,2025-10-23,home,away,0.557,0.560517270146111,1.625,2.35,-160.0,135.0,,,0.0,False,1.0,2.0,1.0,2025_10_23_NHL_merged.csv,2025_10_23_NHL_final_scores.csv,moneyline
moneyline,2025020113,2025-10-23,home,away,0.706,0.6505823541423851,1.3333333333333333,3.4,-300.0,240.0,,,0.0,False,0.0,2.0,3.0,2025_10_23_NHL_merged.csv,2025_10_23_NHL_final_scores.csv,moneyline
moneyline,2025020114,2025-10-23,home,away,0.638,0.6133388209470053,1.4545454545454546,2.8,-220.0,180.0,,,0.0,False,0.0,3.0,5.0,2025_10_23_NHL_merged.csv,2025_10_23_NHL_final_scores.csv,moneyline
moneyline,2025020115,2025-10-23,home,away,0.514,0.510753708127582,1.7142857142857144,2.15,-140.0,115.0,,,0.0,False,1.0,7.0,2.0,2025_10_23_NHL_merged.csv,2025_10_23_NHL_final_scores.csv,moneyline
moneyline,2025020116,2025-10-23,home,away,0.72,0.6659727395158626,1.3333333333333333,3.4,-300.0,240.0,,,0.0,False,0.0,5.0,6.0,2025_10_23_NHL_merged.csv,2025_10_23_NHL_final_scores.csv,moneyline
moneyline,2025020117,2025-10-23,home,away,0.518,0.5189853566697173,1.8333333333333335,2.0,-120.0,100.0,,,0.0,False,0.0,4.0,7.0,2025_10_23_NHL_merged.csv,2025_10_23_NHL_final_scores.csv,moneyline
moneyline,2025020118,2025-10-23,home,away,0.52,0.4789609587075985,1.8695652173913042,1.9523809523809523,-115.0,-105.0,,,0.0,False,1.0,2.0,1.0,2025_10_23_NHL_merged.csv,2025_10_23_NHL_final_scores.csv,moneyline
moneyline,2025020119,2025-10-23,home,away,0.533,0.5365492737190384,1.606060606060606,2.35,-165.0,135.0,,,0.0,False,0.0,2.0,3.0,2025_10_23_NHL_merged.csv,2025_10_23_NHL_final_scores.csv,moneyline
moneyline,2025020120,2025-10-23,home,away,0.636,0.5993524697195209,1.425531914893617,2.95,-235.0,195.0,,,0.0,False,0.0,0.0,3.0,2025_10_23_NHL_merged.csv,2025_10_23_NHL_final_scores.csv,moneyline
moneyline,2025020121,2025-10-23,home,away,0.538,0.5382577745328435,1.7692307692307692,2.05,-130.0,105.0,,,0.0,False,0.0,4.0,5.0,2025_10_23_NHL_merged.csv,2025_10_23_NHL_final_scores.csv,moneyline
moneyline,2025020122,2025-10-23,home,away,0.626,0.5889962962374489,1.425531914893617,2.95,-235.0,195.0,,,0.0,False,1.0,6.0,5.0,2025_10_23_NHL_merged.csv,2025_10_23_NHL_final_scores.csv,moneyline
moneyline,2025020123,2025-10-24,home,away,0.457,0.49896069807377175,2.05,1.7692307692307692,105.0,-130.0,,,0.0,False,1.0,5.0,3.0,2025_10_24_NHL_merged.csv,2025_10_24_NHL_final_scores.csv,moneyline
moneyline,2025020124,2025-10-24,home,away,0.753,0.6591886742207644,1.2857142857142856,3.8,-350.0,280.0,,,0.0,False,1.0,3.0,1.0,2025_10_24_NHL_merged.csv,2025_10_24_NHL_final_scores.csv,moneyline
moneyline,2025020125,2025-10-24,home,away,0.473,0.4961127491886879,1.9523809523809523,1.8695652173913042,-105.0,-115.0,,,0.0,False,0.0,1.0,5.0,2025_10_24_NHL_merged.csv,2025_10_24_NHL_final_scores.csv,moneyline
moneyline,2025020126,2025-10-24,home,away,0.603,0.6065467110881206,1.6666666666666665,2.25,-150.0,125.0,,,0.0,False,1.0,5.0,3.0,2025_10_24_NHL_merged.csv,2025_10_24_NHL_final_scores.csv,moneyline
moneyline,2025020127,2025-10-25,home,away,0.542,0.5429795808671516,1.8,2.05,-125.0,105.0,,,0.0,False,1.0,4.0,3.0,2025_10_25_NHL_merged.csv,2025_10_25_NHL_final_scores.csv,moneyline
moneyline,2025020128,2025-10-25,home,away,0.396,0.42155376758972024,2.45,1.5555555555555556,145.0,-180.0,,,0.0,False,1.0,3.0,2.0,2025_10_25_NHL_merged.csv,2025_10_25_NHL_final_scores.csv,moneyline
moneyline,2025020129,2025-10-25,home,away,0.685,0.6505753760572653,1.425531914893617,2.95,-235.0,195.0,,,0.0,False,1.0,4.0,3.0,2025_10_25_NHL_merged.csv,2025_10_25_NHL_final_scores.csv,moneyline
moneyline,2025020130,2025-10-25,home,away,0.547,0.5060767216029315,1.8695652173913042,1.9523809523809523,-115.0,-105.0,,,0.0,False,1.0,3.0,0.0,2025_10_25_NHL_merged.csv,2025_10_25_NHL_final_scores.csv,moneyline
moneyline,2025020131,2025-10-25,home,away,0.502,0.5039122825079789,1.7407407407407407,2.1,-135.0,110.0,,,0.0,False,0.0,2.0,6.0,2025_10_25_NHL_merged.csv,2025_10_25_NHL_final_scores.csv,moneyline
moneyline,2025020132,2025-10-25,home,away,0.565,0.5620393043846694,1.5405405405405406,2.5,-185.0,150.0,,,0.0,False,1.0,4.0,3.0,2025_10_25_NHL_merged.csv,2025_10_25_NHL_final_scores.csv,moneyline
moneyline,2025020133,2025-10-25,home,away,0.515,0.47396591930228843,1.8695652173913042,1.9523809523809523,-115.0,-105.0,,,0.0,False,1.0,6.0,4.0,2025_10_25_NHL_merged.csv,2025_10_25_NHL_final_scores.csv,moneyline
moneyline,2025020134,2025-10-25,home,away,0.554,0.5549749887124181,1.8333333333333335,2.0,-120.0,100.0,,,0.0,False,0.0,4.0,5.0,2025_10_25_NHL_merged.csv,2025_10_25_NHL_final_scores.csv,moneyline
moneyline,2025020135,2025-10-25,home,away,0.553,0.5539754147813284,1.8333333333333335,2.0,-120.0,100.0,,,0.0,False,0.0,1.0,7.0,2025_10_25_NHL_merged.csv,2025_10_25_NHL_final_scores.csv,moneyline
moneyline,2025020136,2025-10-25,home,away,0.519,0.4779612939100962,1.8695652173913042,1.9523809523809523,-115.0,-105.0,,,0.0,False,0.0,3.0,4.0,2025_10_25_NHL_merged.csv,2025_10_25_NHL_final_scores.csv,moneyline
moneyline,2025020137,2025-10-25,home,away,0.427,0.47301171151553695,2.0,1.8333333333333335,100.0,-120.0,,,0.0,False,1.0,5.0,4.0,2025_10_25_NHL_merged.csv,2025_10_25_NHL_final_scores.csv,moneyline
moneyline,2025020138,2025-10-25,home,away,0.495,0.4959866262421049,1.8333333333333335,2.0,-120.0,100.0,,,0.0,False,1.0,3.0,2.0,2025_10_25_NHL_merged.csv,2025_10_25_NHL_final_scores.csv,moneyline
moneyline,2025020139,2025-10-25,home,away,0.442,0.49865611280164335,2.4,1.5882352941176472,140.0,-170.0,,,0.0,False,1.0,3.0,2.0,2025_10_25_NHL_merged.csv,2025_10_25_NHL_final_scores.csv,moneyline
moneyline,2025020140,2025-10-26,home,away,0.539,0.5357698775593178,1.7142857142857144,2.15,-140.0,115.0,,,0.0,False,1.0,4.0,3.0,2025_10_26_NHL_merged.csv,2025_10_26_NHL_final_scores.csv,moneyline
moneyline,2025020141,2025-10-26,home,away,0.579,0.5808634765470442,1.7407407407407407,2.1,-135.0,110.0,,,0.0,False,1.0,2.0,1.0,2025_10_26_NHL_merged.csv,2025_10_26_NHL_final_scores.csv,moneyline
moneyline,2025020142,2025-10-26,home,away,0.633,0.6082073724439137,1.4444444444444444,2.85,-225.0,185.0,,,0.0,False,0.0,5.0,6.0,2025_10_26_NHL_merged.csv,2025_10_26_NHL_final_scores.csv,moneyline
moneyline,2025020143,2025-10-26,home,away,0.595,0.5992548429847717,1.5555555555555556,2.45,-180.0,145.0,,,0.0,False,0.0,2.0,3.0,2025_10_26_NHL_merged.csv,2025_10_26_NHL_final_scores.csv,moneyline
moneyline,2025020144,2025-10-26,home,away,0.429,0.4299473682175023,2.1799999999999997,1.6896551724137931,118.0,-145.0,,,0.0,False,0.0,1.0,3.0,2025_10_26_NHL_merged.csv,2025_10_26_NHL_final_scores.csv,moneyline
moneyline,2025020145,2025-10-26,home,away,0.433,0.4469316062497509,2.25,1.6666666666666665,125.0,-150.0,,,0.0,False,0.0,2.0,3.0,2025_10_26_NHL_merged.csv,2025_10_26_NHL_final_scores.csv,moneyline
moneyline,2025020146,2025-10-26,home,away,0.476,0.5007293947520488,2.1,1.7407407407407407,110.0,-135.0,,,0.0,False,1.0,5.0,1.0,2025_10_26_NHL_merged.csv,2025_10_26_NHL_final_scores.csv,moneyline
moneyline,2025020147,2025-10-26,home,away,0.451,0.4519574968343267,2.1799999999999997,1.6896551724137931,118.0,-145.0,,,0.0,False,1.0,4.0,3.0,2025_10_26_NHL_merged.csv,2025_10_26_NHL_final_scores.csv,moneyline
moneyline,2025020148,2025-10-27,home,away,0.5,0.5463771906879414,2.0,1.8333333333333335,100.0,-120.0,,,0.0,False,1.0,6.0,3.0,2025_10_27_NHL_merged.csv,2025_10_27_NHL_final_scores.csv,moneyline
moneyline,2025020149,2025-10-27,home,away,0.64,0.6440648927360765,1.5555555555555556,2.45,-180.0,145.0,,,0.0,False,1.0,7.0,2.0,2025_10_27_NHL_merged.csv,2025_10_27_NHL_final_scores.csv,moneyline
moneyline,2025020150,2025-10-28,home,away,0.572,0.5756287521082449,1.6451612903225805,2.25,-155.0,125.0,,,0.0,False,1.0,3.0,2.0,2025_10_28_NHL_merged.csv,2025_10_28_NHL_final_scores.csv,moneyline
moneyline,2025020151,2025-10-28,home,away,0.61,0.6155158822165546,1.5,2.65,-200.0,165.0,,,0.0,False,1.0,4.0,3.0,2025_10_28_NHL_merged.csv,2025_10_28_NHL_final_scores.csv,moneyline
moneyline,2025020152,2025-10-28,home,away,0.523,0.5239845282013246,1.8333333333333335,2.0,-120.0,100.0,,,0.0,False,0.0,3.0,4.0,2025_10_28_NHL_merged.csv,2025_10_28_NHL_final_scores.csv,moneyline
moneyline,2025020153,2025-10-28,home,away,0.673,0.6703454906408821,1.5405405405405406,2.5,-185.0,150.0,,,0.0,False,0.0,2.0,3.0,2025_10_28_NHL_merged.csv,2025_10_28_NHL_final_scores.csv,moneyline
moneyline,2025020154,2025-10-28,home,away,0.456,0.456959276500266,2.15,1.7142857142857144,115.0,-140.0,,,0.0,False,1.0,5.0,2.0,2025_10_28_NHL_merged.csv,2025_10_28_NHL_final_scores.csv,moneyline
moneyline,2025020155,2025-10-28,home,away,0.569,0.5658107524296424,1.6896551724137931,2.1799999999999997,-145.0,118.0,,,0.0,False,0.0,3.0,6.0,2025_10_28_NHL_merged.csv,2025_10_28_NHL_final_scores.csv,moneyline
moneyline,2025020156,2025-10-28,home,away,0.409,0.4004695735571823,2.35,1.625,135.0,-160.0,,,0.0,False,0.0,2.0,5.0,2025_10_28_NHL_merged.csv,2025_10_28_NHL_final_scores.csv,moneyline
moneyline,2025020157,2025-10-28,home,away,0.453,0.4545322669378577,1.9090909090909092,1.9090909090909092,-110.0,-110.0,,,0.0,False,0.0,3.0,4.0,2025_10_28_NHL_merged.csv,2025_10_28_NHL_final_scores.csv,moneyline
moneyline,2025020158,2025-10-28,home,away,0.515,0.47396591930228843,1.8695652173913042,1.9523809523809523,-115.0,-105.0,,,0.0,False,0.0,2.0,5.0,2025_10_28_NHL_merged.csv,2025_10_28_NHL_final_scores.csv,moneyline
moneyline,2025020159,2025-10-28,home,away,0.528,0.5247607600657623,1.6896551724137931,2.1799999999999997,-145.0,118.0,,,0.0,False,1.0,1.0,0.0,2025_10_28_NHL_merged.csv,2025_10_28_NHL_final_scores.csv,moneyline
moneyline,2025020160,2025-10-28,home,away,0.439,0.4399524364247007,2.15,1.7142857142857144,115.0,-140.0,,,0.0,False,1.0,7.0,3.0,2025_10_28_NHL_merged.csv,2025_10_28_NHL_final_scores.csv,moneyline
moneyline,2025020161,2025-10-28,home,away,0.592,0.5955790737443187,1.6666666666666665,2.25,-150.0,125.0,,,0.0,False,1.0,8.0,4.0,2025_10_28_NHL_merged.csv,2025_10_28_NHL_final_scores.csv,moneyline
moneyline,2025020162,2025-10-28,home,away,0.554,0.5576633466223433,1.6666666666666665,2.25,-150.0,125.0,,,0.0,False,1.0,6.0,3.0,2025_10_28_NHL_merged.csv,2025_10_28_NHL_final_scores.csv,moneyline
moneyline,2025020163,2025-10-28,home,away,0.486,0.5324614971784424,2.0,1.8333333333333335,100.0,-120.0,,,0.0,False,0.0,0.0,2.0,2025_10_28_NHL_merged.csv,2025_10_28_NHL_final_scores.csv,moneyline
moneyline,2025020164,2025-10-28,home,away,0.52,0.544639357114857,2.1,1.7407407407407407,110.0,-135.0,,,0.0,False,0.0,3.0,4.0,2025_10_28_NHL_merged.csv,2025_10_28_NHL_final_scores.csv,moneyline
moneyline,2025020165,2025-10-28,home,away,0.319,0.29154864217936116,2.65,1.5,165.0,-200.0,,,0.0,False,0.0,3.0,4.0,2025_10_28_NHL_merged.csv,2025_10_28_NHL_final_scores.csv,moneyline
moneyline,2025020166,2025-10-29,home,away,0.48,0.5264754191328748,2.05,1.8,105.0,-125.0,,,0.0,False,1.0,6.0,3.0,2025_10_29_NHL_merged.csv,2025_10_29_NHL_final_scores.csv,moneyline
moneyline,2025020167,2025-10-30,home,away,0.483,0.4845438532531871,1.9090909090909092,1.9090909090909092,-110.0,-110.0,,,0.0,False,1.0,4.0,3.0,2025_10_30_NHL_merged.csv,2025_10_30_NHL_final_scores.csv,moneyline
moneyline,2025020168,2025-10-30,home,away,0.593,0.5878358253410376,1.5882352941176472,2.4,-170.0,140.0,,,0.0,False,1.0,4.0,3.0,2025_10_30_NHL_merged.csv,2025_10_30_NHL_final_scores.csv,moneyline
moneyline,2025020169,2025-10-30,home,away,0.589,0.5858510281007338,1.7142857142857144,2.15,-140.0,115.0,,,0.0,False,1.0,2.0,1.0,2025_10_30_NHL_merged.csv,2025_10_30_NHL_final_scores.csv,moneyline
moneyline,2025020170,2025-10-30,home,away,0.568,0.5716372682843136,1.6666666666666665,2.25,-150.0,125.0,,,0.0,False,1.0,4.0,1.0,2025_10_30_NHL_merged.csv,2025_10_30_NHL_final_scores.csv,moneyline
moneyline,2025020171,2025-10-30,home,away,0.66,0.6359824416414898,1.4444444444444444,2.85,-225.0,185.0,,,0.0,False,1.0,6.0,2.0,2025_10_30_NHL_merged.csv,2025_10_30_NHL_final_scores.csv,moneyline
moneyline,2025020172,2025-10-30,home,away,0.579,0.575829587011764,1.6896551724137931,2.1799999999999997,-145.0,118.0,,,0.0,False,0.0,3.0,4.0,2025_10_30_NHL_merged.csv,2025_10_30_NHL_final_scores.csv,moneyline
moneyline,2025020173,2025-10-30,home,away,0.54,0.5346910188461145,1.5882352941176472,2.4,-170.0,140.0,,,0.0,False,0.0,1.0,4.0,2025_10_30_NHL_merged.csv,2025_10_30_NHL_final_scores.csv,moneyline
moneyline,2025020174,2025-10-30,home,away,0.676,0.6502221529739347,1.3636363636363638,3.25,-275.0,225.0,,,0.0,False,1.0,6.0,3.0,2025_10_30_NHL_merged.csv,2025_10_30_NHL_final_scores.csv,moneyline
moneyline,2025020175,2025-10-30,home,away,0.574,0.5687700590175181,1.5882352941176472,2.4,-170.0,140.0,,,0.0,False,0.0,3.0,4.0,2025_10_30_NHL_merged.csv,2025_10_30_NHL_final_scores.csv,moneyline
moneyline,2025020176,2025-10-30,home,away,0.344,0.2806507867150072,3.0,1.4,200.0,-250.0,,,0.0,False,1.0,5.0,2.0,2025_10_30_NHL_merged.csv,2025_10_30_NHL_final_scores.csv,moneyline
moneyline,2025020177,2025-10-30,home,away,0.594,0.5975734555559128,1.6666666666666665,2.25,-150.0,125.0,,,0.0,False,0.0,3.0,4.0,2025_10_30_NHL_merged.csv,2025_10_30_NHL_final_scores.csv,moneyline
moneyline,2025020178,2025-10-31,home,away,0.498,0.49954547195820415,1.9090909090909092,1.9090909090909092,-110.0,-110.0,,,0.0,False,0.0,2.0,4.0,2025_10_31_NHL_merged.csv,2025_10_31_NHL_final_scores.csv,moneyline
moneyline,2025020179,2025-10-31,home,away,0.625,0.58796247909699,1.425531914893617,2.95,-235.0,195.0,,,0.0,False,0.0,1.0,3.0,2025_10_31_NHL_merged.csv,2025_10_31_NHL_final_scores.csv,moneyline
moneyline,2025020180,2025-10-31,home,away,0.499,0.5009123493398647,1.7407407407407407,2.1,-135.0,110.0,,,0.0,False,1.0,5.0,2.0,2025_10_31_NHL_merged.csv,2025_10_31_NHL_final_scores.csv,moneyline
moneyline,2025020181,2025-11-01,home,away,0.393,0.4302741407634608,2.55,1.526315789473684,155.0,-190.0,,,0.0,False,1.0,2.0,1.0,2025_11_01_NHL_merged.csv,2025_11_01_NHL_final_scores.csv,moneyline
moneyline,2025020182,2025-11-01,home,away,0.605,0.5800128922884826,1.4761904761904763,2.7,-210.0,170.0,,,0.0,False,1.0,5.0,2.0,2025_11_01_NHL_merged.csv,2025_11_01_NHL_final_scores.csv,moneyline
moneyline,2025020183,2025-11-01,home,away,0.512,0.5087531167578841,1.7142857142857144,2.15,-140.0,115.0,,,0.0,False,1.0,4.0,2.0,2025_11_01_NHL_merged.csv,2025_11_01_NHL_final_scores.csv,moneyline
moneyline,2025020184,2025-11-01,home,away,0.318,0.2879190100675956,2.8,1.4545454545454546,180.0,-220.0,,,0.0,False,1.0,3.0,2.0,2025_11_01_NHL_merged.csv,2025_11_01_NHL_final_scores.csv,moneyline
moneyline,2025020185,2025-11-01,home,away,0.575,0.5759642191499194,1.8333333333333335,2.0,-120.0,100.0,,,0.0,False,1.0,4.0,3.0,2025_11_01_NHL_merged.csv,2025_11_01_NHL_final_scores.csv,moneyline
moneyline,2025020186,2025-11-01,home,away,0.541,0.5425346968049953,1.9090909090909092,1.9090909090909092,-110.0,-110.0,,,0.0,False,1.0,4.0,3.0,2025_11_01_NHL_merged.csv,2025_11_01_NHL_final_scores.csv,moneyline
moneyline,2025020187,2025-11-01,home,away,0.51,0.5119114312115881,1.7407407407407407,2.1,-135.0,110.0,,,0.0,False,1.0,4.0,3.0,2025_11_01_NHL_merged.csv,2025_11_01_NHL_final_scores.csv,moneyline
moneyline,2025020188,2025-11-01,home,away,0.481,0.52747402747198,2.05,1.8,105.0,-125.0,,,0.0,False,0.0,2.0,5.0,2025_11_01_NHL_merged.csv,2025_11_01_NHL_final_scores.csv,moneyline
moneyline,2025020189,2025-11-01,home,away,0.546,0.5469781763759549,1.8333333333333335,2.0,-120.0,100.0,,,0.0,False,1.0,3.0,2.0,2025_11_01_NHL_merged.csv,2025_11_01_NHL_final_scores.csv,moneyline
moneyline,2025020190,2025-11-01,home,away,0.543,0.5465379322398525,1.625,2.35,-160.0,135.0,,,0.0,False,1.0,5.0,2.0,2025_11_01_NHL_merged.csv,2025_11_01_NHL_final_scores.csv,moneyline
moneyline,2025020191,2025-11-01,home,away,0.567,0.5685170986184896,1.9090909090909092,1.9090909090909092,-110.0,-110.0,,,0.0,False,0.0,1.0,4.0,2025_11_01_NHL_merged.csv,2025_11_01_NHL_final_scores.csv,moneyline
moneyline,2025020192,2025-11-01,home,away,0.658,0.5986777410524062,1.3333333333333333,3.4,-300.0,240.0,,,0.0,False,1.0,3.0,2.0,2025_11_01_NHL_merged.csv,2025_11_01_NHL_final_scores.csv,moneyline
moneyline,2025020193,2025-11-01,home,away,0.5,0.5009665986467619,2.1799999999999997,1.6896551724137931,118.0,-145.0,,,0.0,False,0.0,2.0,3.0,2025_11_01_NHL_merged.csv,2025_11_01_NHL_final_scores.csv,moneyline
moneyline,2025020194,2025-11-02,home,away,0.485,0.5081337408539409,1.9523809523809523,1.8695652173913042,-105.0,-115.0,,,0.0,False,0.0,2.0,4.0,2025_11_02_NHL_merged.csv,2025_11_02_NHL_final_scores.csv,moneyline
moneyline,2025020195,2025-11-02,home,away,0.537,0.5302044876617922,1.6896551724137931,2.2,-145.0,120.0,,,0.0,False,1.0,3.0,2.0,2025_11_02_NHL_merged.csv,2025_11_02_NHL_final_scores.csv,moneyline
moneyline,2025020196,2025-11-02,home,away,0.56,0.5567960290287175,1.6896551724137931,2.1799999999999997,-145.0,118.0,,,0.0,False,0.0,1.0,2.0,2025_11_02_NHL_merged.csv,2025_11_02_NHL_final_scores.csv,moneyline
moneyline,2025020197,2025-11-02,home,away,0.488,0.4889660867092105,2.15,1.7142857142857144,115.0,-140.0,,,0.0,False,1.0,4.0,1.0,2025_11_02_NHL_merged.csv,2025_11_02_NHL_final_scores.csv,moneyline
moneyline,2025020198,2025-11-02,home,away,0.356,0.3920313349298333,2.54,1.526315789473684,154.0,-190.0,,,0.0,False,0.0,2.0,3.0,2025_11_02_NHL_merged.csv,2025_11_02_NHL_final_scores.csv,moneyline
moneyline,2025020199,2025-11-03,home,away,0.603,0.5915747456831737,1.526315789473684,2.55,-190.0,155.0,,,0.0,False,1.0,4.0,3.0,2025_11_03_NHL_merged.csv,2025_11_03_NHL_final_scores.csv,moneyline
moneyline,2025020200,2025-11-03,home,away,0.486,0.5001327098424433,2.25,1.6666666666666665,125.0,-150.0,,,0.0,False,1.0,3.0,2.0,2025_11_03_NHL_merged.csv,2025_11_03_NHL_final_scores.csv,moneyline
moneyline,2025020201,2025-11-03,home,away,0.512,0.512986090397048,1.8333333333333335,2.0,-120.0,100.0,,,0.0,False,0.0,4.0,5.0,2025_11_03_NHL_merged.csv,2025_11_03_NHL_final_scores.csv,moneyline
moneyline,2025020202,2025-11-03,home,away,0.588,0.5915899554677776,1.6666666666666665,2.25,-150.0,125.0,,,0.0,False,1.0,3.0,1.0,2025_11_03_NHL_merged.csv,2025_11_03_NHL_final_scores.csv,moneyline
moneyline,2025020203,2025-11-04,home,away,0.492,0.5340138803493741,2.05,1.7692307692307692,105.0,-130.0,,,0.0,False,0.0,1.0,2.0,2025_11_04_NHL_merged.csv,2025_11_04_NHL_final_scores.csv,moneyline
moneyline,2025020204,2025-11-04,home,away,0.568,0.5714971221021081,1.625,2.35,-160.0,135.0,,,0.0,False,0.0,4.0,5.0,2025_11_04_NHL_merged.csv,2025_11_04_NHL_final_scores.csv,moneyline
moneyline,2025020205,2025-11-04,home,away,0.589,0.5924491006492398,1.625,2.35,-160.0,135.0,,,0.0,False,0.0,3.0,4.0,2025_11_04_NHL_merged.csv,2025_11_04_NHL_final_scores.csv,moneyline
moneyline,2025020206,2025-11-04,home,away,0.479,0.5254764388435744,2.05,1.8,105.0,-125.0,,,0.0,False,0.0,0.0,3.0,2025_11_04_NHL_merged.csv,2025_11_04_NHL_final_scores.csv,moneyline
moneyline,2025020207,2025-11-04,home,away,0.539,0.5357698775593178,1.7142857142857144,2.15,-140.0,115.0,,,0.0,False,1.0,4.0,3.0,2025_11_04_NHL_merged.csv,2025_11_04_NHL_final_scores.csv,moneyline
moneyline,2025020208,2025-11-04,home,away,0.597,0.5591476718399856,1.425531914893617,2.95,-235.0,195.0,,,0.0,False,1.0,3.0,2.0,2025_11_04_NHL_merged.csv,2025_11_04_NHL_final_scores.csv,moneyline
moneyline,2025020209,2025-11-04,home,away,0.544,0.5407750627705522,1.6896551724137931,2.1799999999999997,-145.0,118.0,,,0.0,False,1.0,3.0,2.0,2025_11_04_NHL_merged.csv,2025_11_04_NHL_final_scores.csv,moneyline
moneyline,2025020210,2025-11-04,home,away,0.593,0.5814866969498996,1.526315789473684,2.55,-190.0,155.0,,,0.0,False,1.0,1.0,0.0,2025_11_04_NHL_merged.csv,2025_11_04_NHL_final_scores.csv,moneyline
moneyline,2025020211,2025-11-04,home,away,0.424,0.42494454390206376,2.1799999999999997,1.6896551724137931,118.0,-145.0,,,0.0,False,1.0,7.0,3.0,2025_11_04_NHL_merged.csv,2025_11_04_NHL_final_scores.csv,moneyline
moneyline,2025020212,2025-11-04,home,away,0.528,0.5289835024463437,1.8333333333333335,2.0,-120.0,100.0,,,0.0,False,1.0,3.0,0.0,2025_11_04_NHL_merged.csv,2025_11_04_NHL_final_scores.csv,moneyline
moneyline,2025020213,2025-11-05,home,away,0.577,0.5717794129180679,1.5882352941176472,2.4,-170.0,140.0,,,0.0,False,1.0,5.0,3.0,2025_11_05_NHL_merged.csv,2025_11_05_NHL_final_scores.csv,moneyline
moneyline,2025020214,2025-11-05,home,away,0.557,0.560517270146111,1.625,2.35,-160.0,135.0,,,0.0,False,1.0,6.0,1.0,2025_11_05_NHL_merged.csv,2025_11_05_NHL_final_scores.csv,moneyline
moneyline,2025020215,2025-11-05,home,away,0.495,0.4965453707968678,1.9090909090909092,1.9090909090909092,-110.0,-110.0,,,0.0,False,1.0,5.0,1.0,2025_11_05_NHL_merged.csv,2025_11_05_NHL_final_scores.csv,moneyline
moneyline,2025020216,2025-11-05,home,away,0.581,0.5693937358288418,1.526315789473684,2.55,-190.0,155.0,,,0.0,False,0.0,2.0,5.0,2025_11_05_NHL_merged.csv,2025_11_05_NHL_final_scores.csv,moneyline
moneyline,2025020217,2025-11-05,home,away,0.659,0.654184899492819,1.5714285714285714,2.45,-175.0,145.0,,,0.0,False,0.0,1.0,6.0,2025_11_05_NHL_merged.csv,2025_11_05_NHL_final_scores.csv,moneyline
moneyline,2025020218,2025-11-06,home,away,0.447,0.4715786711476487,2.1,1.7407407407407407,110.0,-135.0,,,0.0,False,1.0,3.0,2.0,2025_11_06_NHL_merged.csv,2025_11_06_NHL_final_scores.csv,moneyline
moneyline,2025020219,2025-11-06,home,away,0.558,0.558973205552032,1.8,2.05,-125.0,105.0,,,0.0,False,0.0,0.0,3.0,2025_11_06_NHL_merged.csv,2025_11_06_NHL_final_scores.csv,moneyline
moneyline,2025020220,2025-11-06,home,away,0.542,0.5455391945586459,1.625,2.35,-160.0,135.0,,,0.0,False,1.0,4.0,3.0,2025_11_06_NHL_merged.csv,2025_11_06_NHL_final_scores.csv,moneyline
moneyline,2025020221,2025-11-06,home,away,0.539,0.5618991797990969,1.9523809523809523,1.8695652173913042,-105.0,-115.0,,,0.0,False,1.0,5.0,3.0,2025_11_06_NHL_merged.csv,2025_11_06_NHL_final_scores.csv,moneyline
moneyline,2025020222,2025-11-06,home,away,0.635,0.6322055971413545,1.5405405405405406,2.5,-185.0,150.0,,,0.0,False,1.0,4.0,3.0,2025_11_06_NHL_merged.csv,2025_11_06_NHL_final_scores.csv,moneyline
moneyline,2025020223,2025-11-06,home,away,0.513,0.4719702004821094,1.8695652173913042,1.9523809523809523,-115.0,-105.0,,,0.0,False,0.0,1.0,3.0,2025_11_06_NHL_merged.csv,2025_11_06_NHL_final_scores.csv,moneyline
moneyline,2025020224,2025-11-06,home,away,0.599,0.5875383708930677,1.526315789473684,2.55,-190.0,155.0,,,0.0,False,0.0,5.0,7.0,2025_11_06_NHL_merged.csv,2025_11_06_NHL_final_scores.csv,moneyline
moneyline,2025020225,2025-11-06,home,away,0.523,0.5239845282013246,1.8,2.05,-125.0,105.0,,,0.0,False,0.0,3.0,6.0,2025_11_06_NHL_merged.csv,2025_11_06_NHL_final_scores.csv,moneyline
moneyline,2025020226,2025-11-06,home,away,0.492,0.4510940342182269,1.8695652173913042,1.9523809523809523,-115.0,-105.0,,,0.0,False,0.0,2.0,5.0,2025_11_06_NHL_merged.csv,2025_11_06_NHL_final_scores.csv,moneyline
moneyline,2025020227,2025-11-07,home,away,0.521,0.5225425511012961,1.9090909090909092,1.9090909090909092,-110.0,-110.0,,,0.0,False,0.0,1.0,4.0,2025_11_07_NHL_merged.csv,2025_11_07_NHL_final_scores.csv,moneyline
moneyline,2025020228,2025-11-07,home,away,0.546,0.5469781763759549,1.8333333333333335,2.0,-120.0,100.0,,,0.0,False,0.0,2.0,5.0,2025_11_07_NHL_merged.csv,2025_11_07_NHL_final_scores.csv,moneyline
moneyline,2025020229,2025-11-07,home,away,0.58,0.5836103000069374,1.6666666666666665,2.25,-150.0,125.0,,,0.0,False,0.0,0.0,4.0,2025_11_07_NHL_merged.csv,2025_11_07_NHL_final_scores.csv,moneyline
moneyline,2025020230,2025-11-07,home,away,0.345,0.3234168091155375,2.7,1.4761904761904763,170.0,-210.0,,,0.0,False,1.0,2.0,1.0,2025_11_07_NHL_merged.csv,2025_11_07_NHL_final_scores.csv,moneyline
moneyline,2025020231,2025-11-08,home,away,0.558,0.5323379727373561,1.4761904761904763,2.7,-210.0,170.0,,,0.0,False,1.0,2.0,1.0,2025_11_08_NHL_merged.csv,2025_11_08_NHL_final_scores.csv,moneyline
moneyline,2025020232,2025-11-08,home,away,0.502,0.5251178102459775,1.9523809523809523,1.8695652173913042,-105.0,-115.0,,,0.0,False,0.0,2.0,3.0,2025_11_08_NHL_merged.csv,2025_11_08_NHL_final_scores.csv,moneyline
moneyline,2025020233,2025-11-08,home,away,0.438,0.4945978549791003,2.4,1.5882352941176472,140.0,-170.0,,,0.0,False,0.0,4.0,5.0,2025_11_08_NHL_merged.csv,2025_11_08_NHL_final_scores.csv,moneyline
moneyline,2025020234,2025-11-08,home,away,0.652,0.649263860162123,1.5405405405405406,2.5,-185.0,150.0,,,0.0,False,0.0,3.0,5.0,2025_11_08_NHL_merged.csv,2025_11_08_NHL_final_scores.csv,moneyline
moneyline,2025020235,2025-11-08,home,away,0.513,0.4719702004821094,1.8695652173913042,1.9523809523809523,-115.0,-105.0,,,0.0,False,1.0,6.0,2.0,2025_11_08_NHL_merged.csv,2025_11_08_NHL_final_scores.csv,moneyline
moneyline,2025020236,2025-11-08,home,away,0.577,0.5806174413511445,1.6666666666666665,2.25,-150.0,125.0,,,0.0,False,1.0,3.0,2.0,2025_11_08_NHL_merged.csv,2025_11_08_NHL_final_scores.csv,moneyline
moneyline,2025020237,2025-11-08,home,away,0.572,0.5667640376240415,1.5882352941176472,2.4,-170.0,140.0,,,0.0,False,0.0,0.0,5.0,2025_11_08_NHL_merged.csv,2025_11_08_NHL_final_scores.csv,moneyline
moneyline,2025020238,2025-11-08,home,away,0.624,0.638532957889838,1.4,3.0,-250.0,200.0,,,0.0,False,1.0,6.0,3.0,2025_11_08_NHL_merged.csv,2025_11_08_NHL_final_scores.csv,moneyline
moneyline,2025020239,2025-11-08,home,away,0.568,0.5714971221021081,1.625,2.35,-160.0,135.0,,,0.0,False,0.0,3.0,4.0,2025_11_08_NHL_merged.csv,2025_11_08_NHL_final_scores.csv,moneyline
moneyline,2025020240,2025-11-08,home,away,0.484,0.48554404773150095,1.9090909090909092,1.9090909090909092,-110.0,-110.0,,,0.0,False,0.0,1.0,9.0,2025_11_08_NHL_merged.csv,2025_11_08_NHL_final_scores.csv,moneyline
moneyline,2025020241,2025-11-08,home,away,0.494,0.4530760558799421,1.8695652173913042,1.9523809523809523,-115.0,-105.0,,,0.0,False,1.0,4.0,3.0,2025_11_08_NHL_merged.csv,2025_11_08_NHL_final_scores.csv,moneyline
moneyline,2025020242,2025-11-08,home,away,0.619,0.5943046410130505,1.4761904761904763,2.7,-210.0,170.0,,,0.0,False,0.0,3.0,4.0,2025_11_08_NHL_merged.csv,2025_11_08_NHL_final_scores.csv,moneyline
moneyline,2025020244,2025-11-09,home,away,0.588,0.5764462809917356,1.526315789473684,2.55,-190.0,155.0,,,0.0,False,0.0,1.0,5.0,2025_11_09_NHL_merged.csv,2025_11_09_NHL_final_scores.csv,moneyline
moneyline,2025020245,2025-11-09,home,away,0.415,0.40643049206310755,2.35,1.625,135.0,-160.0,,,0.0,False,0.0,2.0,3.0,2025_11_09_NHL_merged.csv,2025_11_09_NHL_final_scores.csv,moneyline
moneyline,2025020246,2025-11-09,home,away,0.508,0.554296610711344,2.05,1.8,105.0,-125.0,,,0.0,False,0.0,4.0,5.0,2025_11_09_NHL_merged.csv,2025_11_09_NHL_final_scores.csv,moneyline
moneyline,2025020247,2025-11-09,home,away,0.535,0.535981734970138,1.8333333333333335,2.0,-120.0,100.0,,,0.0,False,1.0,4.0,2.0,2025_11_09_NHL_merged.csv,2025_11_09_NHL_final_scores.csv,moneyline
moneyline,2025020248,2025-11-09,home,away,0.603,0.6178475461855536,1.4,3.0,-250.0,200.0,,,0.0,False,1.0,2.0,1.0,2025_11_09_NHL_merged.csv,2025_11_09_NHL_final_scores.csv,moneyline
moneyline,2025020249,2025-11-09,home,away,0.551,0.5553716664914937,1.5555555555555556,2.45,-180.0,145.0,,,0.0,False,1.0,2.0,0.0,2025_11_09_NHL_merged.csv,2025_11_09_NHL_final_scores.csv,moneyline
moneyline,2025020250,2025-11-09,home,away,0.391,0.4463480554892521,2.4,1.5882352941176472,140.0,-170.0,,,0.0,False,0.0,4.0,5.0,2025_11_09_NHL_merged.csv,2025_11_09_NHL_final_scores.csv,moneyline
moneyline,2025020251,2025-11-09,home,away,0.429,0.4299473682175023,2.15,1.7142857142857144,115.0,-140.0,,,0.0,False,1.0,4.0,1.0,2025_11_09_NHL_merged.csv,2025_11_09_NHL_final_scores.csv,moneyline
moneyline,2025020252,2025-11-10,home,away,0.553,0.5500226771214011,1.5405405405405406,2.5,-185.0,150.0,,,0.0,False,0.0,2.0,3.0,2025_11_10_NHL_merged.csv,2025_11_10_NHL_final_scores.csv,moneyline
moneyline,2025020253,2025-11-10,home,away,0.613,0.6101405751436113,1.5405405405405406,2.5,-185.0,150.0,,,0.0,False,1.0,6.0,3.0,2025_11_10_NHL_merged.csv,2025_11_10_NHL_final_scores.csv,moneyline
moneyline,2025020254,2025-11-10,home,away,0.564,0.5522857082105249,1.526315789473684,2.54,-190.0,154.0,,,0.0,False,1.0,5.0,4.0,2025_11_10_NHL_merged.csv,2025_11_10_NHL_final_scores.csv,moneyline
moneyline,2025020255,2025-11-10,home,away,0.496,0.4927521286939101,1.6896551724137931,2.1799999999999997,-145.0,118.0,,,0.0,False,0.0,2.0,3.0,2025_11_10_NHL_merged.csv,2025_11_10_NHL_final_scores.csv,moneyline
moneyline,2025020256,2025-11-11,home,away,0.444,0.44495468033890695,2.15,1.7142857142857144,115.0,-140.0,,,0.0,False,1.0,5.0,3.0,2025_11_11_NHL_merged.csv,2025_11_11_NHL_final_scores.csv,moneyline
moneyline,2025020257,2025-11-11,home,away,0.5,0.5009867054424596,1.8333333333333335,2.0,-120.0,100.0,,,0.0,False,0.0,1.0,5.0,2025_11_11_NHL_merged.csv,2025_11_11_NHL_final_scores.csv,moneyline
moneyline,2025020258,2025-11-11,home,away,0.536,0.5818306994626937,2.0,1.8333333333333335,100.0,-120.0,,,0.0,False,0.0,2.0,3.0,2025_11_11_NHL_merged.csv,2025_11_11_NHL_final_scores.csv,moneyline
moneyline,2025020259,2025-11-11,home,away,0.588,0.5828170156038377,1.5882352941176472,2.4,-170.0,140.0,,,0.0,False,0.0,1.0,4.0,2025_11_11_NHL_merged.csv,2025_11_11_NHL_final_scores.csv,moneyline
moneyline,2025020260,2025-11-11,home,away,0.564,0.5676453110984107,1.6666666666666665,2.25,-150.0,125.0,,,0.0,False,1.0,3.0,2.0,2025_11_11_NHL_merged.csv,2025_11_11_NHL_final_scores.csv,moneyline
moneyline,2025020261,2025-11-11,home,away,0.586,0.5602381054793563,1.4545454545454546,2.8,-220.0,180.0,,,0.0,False,0.0,1.0,2.0,2025_11_11_NHL_merged.csv,2025_11_11_NHL_final_scores.csv,moneyline
moneyline,2025020262,2025-11-11,home,away,0.653,0.6287660949580527,1.4545454545454546,2.8,-220.0,180.0,,,0.0,False,1.0,4.0,1.0,2025_11_11_NHL_merged.csv,2025_11_11_NHL_final_scores.csv,moneyline
moneyline,2025020263,2025-11-11,home,away,0.449,0.4908902066938101,2.05,1.7692307692307692,105.0,-130.0,,,0.0,False,0.0,3.0,5.0,2025_11_11_NHL_merged.csv,2025_11_11_NHL_final_scores.csv,moneyline
moneyline,2025020264,2025-11-11,home,away,0.481,0.4819853545311562,1.8333333333333335,2.0,-120.0,100.0,,,0.0,False,0.0,1.0,2.0,2025_11_11_NHL_merged.csv,2025_11_11_NHL_final_scores.csv,moneyline
moneyline,2025020265,2025-11-12,home,away,0.55,0.5536697320062464,1.6666666666666665,2.25,-150.0,125.0,,,0.0,False,0.0,3.0,7.0,2025_11_12_NHL_merged.csv,2025_11_12_NHL_final_scores.csv,moneyline
moneyline,2025020266,2025-11-12,home,away,0.495,0.49596652067164854,2.15,1.7142857142857144,115.0,-140.0,,,0.0,False,0.0,1.0,2.0,2025_11_12_NHL_merged.csv,2025_11_12_NHL_final_scores.csv,moneyline
moneyline,2025020267,2025-11-12,home,away,0.588,0.5828170156038377,1.5714285714285714,2.45,-175.0,145.0,,,0.0,False,1.0,5.0,2.0,2025_11_12_NHL_merged.csv,2025_11_12_NHL_final_scores.csv,moneyline
moneyline,2025020268,2025-11-12,home,away,0.477,0.49112106041836884,2.25,1.6666666666666665,125.0,-150.0,,,0.0,False,0.0,3.0,4.0,2025_11_12_NHL_merged.csv,2025_11_12_NHL_final_scores.csv,moneyline
moneyline,2025020269,2025-11-13,home,away,0.495,0.45406755353345535,1.8695652173913042,1.9523809523809523,-115.0,-105.0,,,0.0,False,0.0,3.0,4.0,2025_11_13_NHL_merged.csv,2025_11_13_NHL_final_scores.csv,moneyline
moneyline,2025020270,2025-11-13,home,away,0.512,0.5350835181079084,1.9523809523809523,1.8695652173913042,-105.0,-115.0,,,0.0,False,0.0,0.0,7.0,2025_11_13_NHL_merged.csv,2025_11_13_NHL_final_scores.csv,moneyline
moneyline,2025020271,2025-11-13,home,away,0.601,0.5958681549568988,1.5714285714285714,2.45,-175.0,145.0,,,0.0,False,1.0,5.0,3.0,2025_11_13_NHL_merged.csv,2025_11_13_NHL_final_scores.csv,moneyline
moneyline,2025020272,2025-11-13,home,away,0.533,0.5339822794164533,1.8,2.05,-125.0,105.0,,,0.0,False,1.0,6.0,3.0,2025_11_13_NHL_merged.csv,2025_11_13_NHL_final_scores.csv,moneyline
moneyline,2025020273,2025-11-13,home,away,0.6,0.596877625028171,1.7142857142857144,2.15,-140.0,115.0,,,0.0,False,1.0,6.0,3.0,2025_11_13_NHL_merged.csv,2025_11_13_NHL_final_scores.csv,moneyline
moneyline,2025020274,2025-11-13,home,away,0.535,0.5808522327696032,2.05,1.8,105.0,-125.0,,,0.0,False,1.0,5.0,4.0,2025_11_13_NHL_merged.csv,2025_11_13_NHL_final_scores.csv,moneyline
moneyline,2025020275,2025-11-13,home,away,0.693,0.6363939464028344,1.3333333333333333,3.4,-300.0,240.0,,,0.0,False,1.0,6.0,3.0,2025_11_13_NHL_merged.csv,2025_11_13_NHL_final_scores.csv,moneyline
moneyline,2025020276,2025-11-13,home,away,0.585,0.5884592142847257,1.625,2.35,-160.0,135.0,,,0.0,False,1.0,2.0,0.0,2025_11_13_NHL_merged.csv,2025_11_13_NHL_final_scores.csv,moneyline
moneyline,2025020277,2025-11-13,home,away,0.576,0.5643590849319149,1.526315789473684,2.55,-190.0,155.0,,,0.0,False,0.0,3.0,4.0,2025_11_13_NHL_merged.csv,2025_11_13_NHL_final_scores.csv,moneyline
moneyline,2025020278,2025-11-13,home,away,0.449,0.4630260068905182,2.25,1.6666666666666665,125.0,-150.0,,,0.0,False,1.0,5.0,3.0,2025_11_13_NHL_merged.csv,2025_11_13_NHL_final_scores.csv,moneyline
moneyline,2025020279,2025-11-14,home,away,0.652,0.6159907196004357,1.425531914893617,2.95,-235.0,195.0,,,0.0,False,1.0,4.0,3.0,2025_11_14_NHL_merged.csv,2025_11_14_NHL_final_scores.csv,moneyline
moneyline,2025020280,2025-11-14,home,away,0.554,0.5507873855327621,1.6896551724137931,2.1799999999999997,-145.0,118.0,,,0.0,False,0.0,5.0,6.0,2025_11_14_NHL_merged.csv,2025_11_14_NHL_final_scores.csv,moneyline
moneyline,2025020281,2025-11-14,home,away,0.474,0.4755415463787744,1.9090909090909092,1.9090909090909092,-110.0,-110.0,,,0.0,False,1.0,2.0,1.0,2025_11_14_NHL_merged.csv,2025_11_14_NHL_final_scores.csv,moneyline
moneyline,2025020282,2025-11-14,home,away,0.593,0.567796082614078,1.4761904761904763,2.7,-210.0,170.0,,,0.0,False,0.0,2.0,3.0,2025_11_14_NHL_merged.csv,2025_11_14_NHL_final_scores.csv,moneyline
moneyline,2025020283,2025-11-15,home,away,0.627,0.6287872294415658,1.7407407407407407,2.1,-135.0,110.0,,,0.0,False,0.0,1.0,3.0,2025_11_15_NHL_merged.csv,2025_11_15_NHL_final_scores.csv,moneyline
moneyline,2025020284,2025-11-15,home,away,0.518,0.5199096010348793,1.7407407407407407,2.1,-135.0,110.0,,,0.0,False,1.0,2.0,0.0,2025_11_15_NHL_merged.csv,2025_11_15_NHL_final_scores.csv,moneyline
moneyline,2025020285,2025-11-15,home,away,0.58,0.5834712167157716,1.625,2.35,-160.0,135.0,,,0.0,False,0.0,2.0,3.0,2025_11_15_NHL_merged.csv,2025_11_15_NHL_final_scores.csv,moneyline
moneyline,2025020286,2025-11-15,home,away,0.488,0.4889861838076253,1.8333333333333335,2.0,-120.0,100.0,,,0.0,False,0.0,0.0,1.0,2025_11_15_NHL_merged.csv,2025_11_15_NHL_final_scores.csv,moneyline
moneyline,2025020287,2025-11-15,home,away,0.561,0.5557339868355261,1.5882352941176472,2.4,-170.0,140.0,,,0.0,False,0.0,4.0,5.0,2025_11_15_NHL_merged.csv,2025_11_15_NHL_final_scores.csv,moneyline
moneyline,2025020288,2025-11-15,home,away,0.542,0.5387729106046514,1.6896551724137931,2.1799999999999997,-145.0,118.0,,,0.0,False,0.0,2.0,3.0,2025_11_15_NHL_merged.csv,2025_11_15_NHL_final_scores.csv,moneyline
moneyline,2025020289,2025-11-15,home,away,0.55,0.5509766456557181,1.8333333333333335,2.0,-120.0,100.0,,,0.0,False,0.0,3.0,4.0,2025_11_15_NHL_merged.csv,2025_11_15_NHL_final_scores.csv,moneyline
moneyline,2025020290,2025-11-15,home,away,0.511,0.5340877760325233,1.9523809523809523,1.8695652173913042,-105.0,-115.0,,,0.0,False,0.0,1.0,2.0,2025_11_15_NHL_merged.csv,2025_11_15_NHL_final_scores.csv,moneyline
moneyline,2025020291,2025-11-15,home,away,0.467,0.49170057351828794,2.1,1.7407407407407407,110.0,-135.0,,,0.0,False,1.0,3.0,2.0,2025_11_15_NHL_merged.csv,2025_11_15_NHL_final_scores.csv,moneyline
moneyline,2025020292,2025-11-15,home,away,0.451,0.4519574968343267,2.15,1.7142857142857144,115.0,-140.0,,,0.0,False,0.0,1.0,4.0,2025_11_15_NHL_merged.csv,2025_11_15_NHL_final_scores.csv,moneyline
moneyline,2025020293,2025-11-15,home,away,0.596,0.610940429513904,1.4,3.0,-250.0,200.0,,,0.0,False,1.0,5.0,1.0,2025_11_15_NHL_merged.csv,2025_11_15_NHL_final_scores.csv,moneyline
moneyline,2025020294,2025-11-15,home,away,0.443,0.4439542470319953,2.15,1.7142857142857144,115.0,-140.0,,,0.0,False,0.0,3.0,4.0,2025_11_15_NHL_merged.csv,2025_11_15_NHL_final_scores.csv,moneyline
moneyline,2025020295,2025-11-15,home,away,0.574,0.5776243165357817,1.6666666666666665,2.25,-150.0,125.0,,,0.0,False,1.0,4.0,1.0,2025_11_15_NHL_merged.csv,2025_11_15_NHL_final_scores.csv,moneyline
moneyline,2025020296,2025-11-16,home,away,0.523,0.4819619264429388,1.8695652173913042,1.9523809523809523,-115.0,-105.0,,,0.0,False,1.0,4.0,0.0,2025_11_16_NHL_merged.csv,2025_11_16_NHL_final_scores.csv,moneyline
moneyline,2025020297,2025-11-16,home,away,0.574,0.5796742005847682,1.5,2.65,-200.0,165.0,,,0.0,False,0.0,2.0,6.0,2025_11_16_NHL_merged.csv,2025_11_16_NHL_final_scores.csv,moneyline
moneyline,2025020298,2025-11-16,home,away,0.465,0.5114515433452566,2.05,1.8,105.0,-125.0,,,0.0,False,1.0,3.0,2.0,2025_11_16_NHL_merged.csv,2025_11_16_NHL_final_scores.csv,moneyline
moneyline,2025020299,2025-11-16,home,away,0.577,0.5806174413511445,1.6666666666666665,2.25,-150.0,125.0,,,0.0,False,0.0,1.0,2.0,2025_11_16_NHL_merged.csv,2025_11_16_NHL_final_scores.csv,moneyline
moneyline,2025020300,2025-11-16,home,away,0.649,0.6128646144575078,1.425531914893617,2.95,-235.0,195.0,,,0.0,False,1.0,4.0,1.0,2025_11_16_NHL_merged.csv,2025_11_16_NHL_final_scores.csv,moneyline
moneyline,2025020301,2025-11-17,home,away,0.414,0.4405484154007823,2.5,1.5405405405405406,150.0,-185.0,,,0.0,False,0.0,1.0,3.0,2025_11_17_NHL_merged.csv,2025_11_17_NHL_final_scores.csv,moneyline
moneyline,2025020302,2025-11-17,home,away,0.469,0.46019259667106077,2.35,1.625,135.0,-160.0,,,0.0,False,1.0,5.0,1.0,2025_11_17_NHL_merged.csv,2025_11_17_NHL_final_scores.csv,moneyline
moneyline,2025020303,2025-11-17,home,away,0.678,0.6324776267548622,1.3389830508474576,3.3,-295.0,230.0,,,0.0,False,1.0,8.0,5.0,2025_11_17_NHL_merged.csv,2025_11_17_NHL_final_scores.csv,moneyline
moneyline,2025020304,2025-11-17,home,away,0.493,0.49491206992476955,1.7407407407407407,2.1,-135.0,110.0,,,0.0,False,1.0,2.0,1.0,2025_11_17_NHL_merged.csv,2025_11_17_NHL_final_scores.csv,moneyline
moneyline,2025020305,2025-11-17,home,away,0.552,0.5529758329615775,1.8,2.05,-125.0,105.0,,,0.0,False,1.0,4.0,3.0,2025_11_17_NHL_merged.csv,2025_11_17_NHL_final_scores.csv,moneyline
moneyline,2025020306,2025-11-17,home,away,0.506,0.552318956938121,2.0,1.8333333333333335,100.0,-120.0,,,0.0,False,1.0,3.0,2.0,2025_11_17_NHL_merged.csv,2025_11_17_NHL_final_scores.csv,moneyline
moneyline,2025020307,2025-11-18,home,away,0.548,0.5498940227859277,1.7407407407407407,2.1,-135.0,110.0,,,0.0,False,1.0,3.0,2.0,2025_11_18_NHL_merged.csv,2025_11_18_NHL_final_scores.csv,moneyline
moneyline,2025020308,2025-11-18,home,away,0.582,0.5854665010336346,1.606060606060606,2.35,-165.0,135.0,,,0.0,False,1.0,4.0,2.0,2025_11_18_NHL_merged.csv,2025_11_18_NHL_final_scores.csv,moneyline
moneyline,2025020309,2025-11-18,home,away,0.536,0.5306849759281586,1.5882352941176472,2.4,-170.0,140.0,,,0.0,False,1.0,5.0,1.0,2025_11_18_NHL_merged.csv,2025_11_18_NHL_final_scores.csv,moneyline
moneyline,2025020310,2025-11-18,home,away,0.555,0.5497197821693433,1.5882352941176472,2.4,-170.0,140.0,,,0.0,False,0.0,2.0,3.0,2025_11_18_NHL_merged.csv,2025_11_18_NHL_final_scores.csv,moneyline
moneyline,2025020311,2025-11-18,home,away,0.625,0.6138023836985774,1.526315789473684,2.55,-190.0,155.0,,,0.0,False,1.0,5.0,2.0,2025_11_18_NHL_merged.csv,2025_11_18_NHL_final_scores.csv,moneyline
moneyline,2025020312,2025-11-18,home,away,0.548,0.5495307802255384,1.9090909090909092,1.9090909090909092,-110.0,-110.0,,,0.0,False,1.0,5.0,2.0,2025_11_18_NHL_merged.csv,2025_11_18_NHL_final_scores.csv,moneyline
moneyline,2025020313,2025-11-18,home,away,0.557,0.5606582467425342,1.6666666666666665,2.25,-150.0,125.0,,,0.0,False,1.0,3.0,2.0,2025_11_18_NHL_merged.csv,2025_11_18_NHL_final_scores.csv,moneyline
moneyline,2025020314,2025-11-18,home,away,0.445,0.45900514471283516,2.25,1.6666666666666665,125.0,-150.0,,,0.0,False,1.0,3.0,2.0,2025_11_18_NHL_merged.csv,2025_11_18_NHL_final_scores.csv,moneyline
moneyline,2025020315,2025-11-19,home,away,0.538,0.4970113044498405,1.8695652173913042,1.9523809523809523,-115.0,-105.0,,,0.0,False,1.0,7.0,4.0,2025_11_19_NHL_merged.csv,2025_11_19_NHL_final_scores.csv,moneyline
moneyline,2025020316,2025-11-19,home,away,0.594,0.5888397161558847,1.5882352941176472,2.4,-170.0,140.0,,,0.0,False,0.0,2.0,6.0,2025_11_19_NHL_merged.csv,2025_11_19_NHL_final_scores.csv,moneyline
moneyline,2025020317,2025-11-19,home,away,0.411,0.42475402672139057,2.25,1.6666666666666665,125.0,-150.0,,,0.0,False,1.0,4.0,3.0,2025_11_19_NHL_merged.csv,2025_11_19_NHL_final_scores.csv,moneyline
moneyline,2025020318,2025-11-19,home,away,0.602,0.596872389546874,1.5882352941176472,2.4,-170.0,140.0,,,0.0,False,1.0,4.0,3.0,2025_11_19_NHL_merged.csv,2025_11_19_NHL_final_scores.csv,moneyline
moneyline,2025020319,2025-11-20,home,away,0.523,0.5239845282013246,1.8333333333333335,2.0,-120.0,100.0,,,0.0,False,0.0,2.0,3.0,2025_11_20_NHL_merged.csv,2025_11_20_NHL_final_scores.csv,moneyline
moneyline,2025020320,2025-11-20,home,away,0.521,0.5229086623877042,1.7407407407407407,2.1,-135.0,110.0,,,0.0,False,0.0,4.0,8.0,2025_11_20_NHL_merged.csv,2025_11_20_NHL_final_scores.csv,moneyline
moneyline,2025020321,2025-11-20,home,away,0.529,0.5309054865439196,1.7407407407407407,2.1,-135.0,110.0,,,0.0,False,0.0,0.0,5.0,2025_11_20_NHL_merged.csv,2025_11_20_NHL_final_scores.csv,moneyline
moneyline,2025020322,2025-11-20,home,away,0.58,0.5836103000069374,1.6451612903225805,2.25,-155.0,125.0,,,0.0,False,1.0,2.0,1.0,2025_11_20_NHL_merged.csv,2025_11_20_NHL_final_scores.csv,moneyline
moneyline,2025020323,2025-11-20,home,away,0.602,0.5988827999171442,1.6896551724137931,2.1799999999999997,-145.0,118.0,,,0.0,False,1.0,1.0,0.0,2025_11_20_NHL_merged.csv,2025_11_20_NHL_final_scores.csv,moneyline
moneyline,2025020324,2025-11-20,home,away,0.553,0.5539754147813284,1.8,2.05,-125.0,105.0,,,0.0,False,1.0,3.0,2.0,2025_11_20_NHL_merged.csv,2025_11_20_NHL_final_scores.csv,moneyline
moneyline,2025020325,2025-11-20,home,away,0.562,0.5212457859331838,1.8695652173913042,1.9523809523809523,-115.0,-105.0,,,0.0,False,0.0,2.0,3.0,2025_11_20_NHL_merged.csv,2025_11_20_NHL_final_scores.csv,moneyline
moneyline,2025020326,2025-11-20,home,away,0.637,0.642357902541882,1.5,2.65,-200.0,165.0,,,0.0,False,1.0,6.0,3.0,2025_11_20_NHL_merged.csv,2025_11_20_NHL_final_scores.csv,moneyline
moneyline,2025020327,2025-11-20,home,away,0.489,0.5121348023331173,1.9523809523809523,1.8695652173913042,-105.0,-115.0,,,0.0,False,0.0,1.0,4.0,2025_11_20_NHL_merged.csv,2025_11_20_NHL_final_scores.csv,moneyline
moneyline,2025020328,2025-11-20,home,away,0.482,0.4961286655455651,2.25,1.6666666666666665,125.0,-150.0,,,0.0,False,0.0,2.0,4.0,2025_11_20_NHL_merged.csv,2025_11_20_NHL_final_scores.csv,moneyline
moneyline,2025020329,2025-11-20,home,away,0.504,0.5503398367646001,2.05,1.8,105.0,-125.0,,,0.0,False,0.0,2.0,3.0,2025_11_20_NHL_merged.csv,2025_11_20_NHL_final_scores.csv,moneyline
moneyline,2025020330,2025-11-20,home,away,0.399,0.42461126380275704,2.45,1.5555555555555556,145.0,-180.0,,,0.0,False,1.0,4.0,3.0,2025_11_20_NHL_merged.csv,2025_11_20_NHL_final_scores.csv,moneyline
moneyline,2025020331,2025-11-21,home,away,0.557,0.5540278335618462,1.5405405405405406,2.5,-185.0,150.0,,,0.0,False,1.0,9.0,3.0,2025_11_21_NHL_merged.csv,2025_11_21_NHL_final_scores.csv,moneyline
moneyline,2025020332,2025-11-21,home,away,0.524,0.5255416880637117,1.9090909090909092,1.9090909090909092,-110.0,-110.0,,,0.0,False,0.0,0.0,5.0,2025_11_21_NHL_merged.csv,2025_11_21_NHL_final_scores.csv,moneyline
moneyline,2025020333,2025-11-21,home,away,0.515,0.5612068745144951,2.05,1.8,105.0,-125.0,,,0.0,False,0.0,3.0,4.0,2025_11_21_NHL_merged.csv,2025_11_21_NHL_final_scores.csv,moneyline
moneyline,2025020334,2025-11-21,home,away,0.615,0.6099313517932906,1.5714285714285714,2.45,-175.0,145.0,,,0.0,False,0.0,1.0,2.0,2025_11_21_NHL_merged.csv,2025_11_21_NHL_final_scores.csv,moneyline
moneyline,2025020335,2025-11-22,home,away,0.503,0.5049122296345896,1.7407407407407407,2.1,-135.0,110.0,,,0.0,False,1.0,4.0,3.0,2025_11_22_NHL_merged.csv,2025_11_22_NHL_final_scores.csv,moneyline
moneyline,2025020336,2025-11-22,home,away,0.602,0.6038313294526868,1.7407407407407407,2.15,-135.0,115.0,,,0.0,False,0.0,1.0,2.0,2025_11_22_NHL_merged.csv,2025_11_22_NHL_final_scores.csv,moneyline
moneyline,2025020337,2025-11-22,home,away,0.518,0.5199096010348793,1.7407407407407407,2.1,-135.0,110.0,,,0.0,False,1.0,5.0,2.0,2025_11_22_NHL_merged.csv,2025_11_22_NHL_final_scores.csv,moneyline
moneyline,2025020338,2025-11-22,home,away,0.608,0.6082471575471737,1.7692307692307692,2.05,-130.0,105.0,,,0.0,False,0.0,3.0,6.0,2025_11_22_NHL_merged.csv,2025_11_22_NHL_final_scores.csv,moneyline
moneyline,2025020339,2025-11-22,home,away,0.499,0.5453856101163209,2.0,1.8333333333333335,100.0,-120.0,,,0.0,False,1.0,6.0,3.0,2025_11_22_NHL_merged.csv,2025_11_22_NHL_final_scores.csv,moneyline
moneyline,2025020340,2025-11-22,home,away,0.526,0.4849658576026758,1.847457627118644,1.9803921568627452,-118.0,-102.0,,,0.0,False,0.0,2.0,3.0,2025_11_22_NHL_merged.csv,2025_11_22_NHL_final_scores.csv,moneyline
moneyline,2025020341,2025-11-22,home,away,0.538,0.5389808591233305,1.8333333333333335,2.0,-120.0,100.0,,,0.0,False,0.0,3.0,5.0,2025_11_22_NHL_merged.csv,2025_11_22_NHL_final_scores.csv,moneyline
moneyline,2025020342,2025-11-22,home,away,0.432,0.42333348107437285,2.35,1.625,135.0,-160.0,,,0.0,False,0.0,2.0,3.0,2025_11_22_NHL_merged.csv,2025_11_22_NHL_final_scores.csv,moneyline
moneyline,2025020343,2025-11-22,home,away,0.299,0.2700047515672809,2.8,1.4545454545454546,180.0,-220.0,,,0.0,False,0.0,0.0,3.0,2025_11_22_NHL_merged.csv,2025_11_22_NHL_final_scores.csv,moneyline
moneyline,2025020344,2025-11-22,home,away,0.525,0.5252586273950581,1.7692307692307692,2.05,-130.0,105.0,,,0.0,False,1.0,3.0,2.0,2025_11_22_NHL_merged.csv,2025_11_22_NHL_final_scores.csv,moneyline
moneyline,2025020345,2025-11-22,home,away,0.452,0.4432453560350061,2.35,1.625,135.0,-160.0,,,0.0,False,1.0,3.0,2.0,2025_11_22_NHL_merged.csv,2025_11_22_NHL_final_scores.csv,moneyline
moneyline,2025020346,2025-11-22,home,away,0.467,0.5090181591263121,2.05,1.7692307692307692,105.0,-130.0,,,0.0,False,1.0,4.0,3.0,2025_11_22_NHL_merged.csv,2025_11_22_NHL_final_scores.csv,moneyline
moneyline,2025020347,2025-11-23,home,away,0.432,0.4701083365795981,2.55,1.526315789473684,155.0,-190.0,,,0.0,False,1.0,4.0,1.0,2025_11_23_NHL_merged.csv,2025_11_23_NHL_final_scores.csv,moneyline
moneyline,2025020348,2025-11-23,home,away,0.589,0.5899551071694591,1.8333333333333335,2.0,-120.0,100.0,,,0.0,False,0.0,0.0,3.0,2025_11_23_NHL_merged.csv,2025_11_23_NHL_final_scores.csv,moneyline
moneyline,2025020349,2025-11-23,home,away,0.577,0.5804780769889656,1.625,2.35,-160.0,135.0,,,0.0,False,1.0,1.0,0.0,2025_11_23_NHL_merged.csv,2025_11_23_NHL_final_scores.csv,moneyline
moneyline,2025020350,2025-11-23,home,away,0.361,0.3389338022641347,2.7,1.4761904761904763,170.0,-210.0,,,0.0,False,0.0,0.0,1.0,2025_11_23_NHL_merged.csv,2025_11_23_NHL_final_scores.csv,moneyline
moneyline,2025020351,2025-11-23,home,away,0.479,0.5037354222082322,2.1,1.7407407407407407,110.0,-135.0,,,0.0,False,1.0,3.0,1.0,2025_11_23_NHL_merged.csv,2025_11_23_NHL_final_scores.csv,moneyline
moneyline,2025020352,2025-11-23,home,away,0.581,0.5846078604184332,1.6451612903225805,2.25,-155.0,125.0,,,0.0,False,0.0,2.0,5.0,2025_11_23_NHL_merged.csv,2025_11_23_NHL_final_scores.csv,moneyline
moneyline,2025020353,2025-11-24,home,away,0.578,0.5727826167120209,1.5714285714285714,2.45,-175.0,145.0,,,0.0,False,1.0,3.0,0.0,2025_11_24_NHL_merged.csv,2025_11_24_NHL_final_scores.csv,moneyline
moneyline,2025020354,2025-11-24,home,away,0.563,0.5598007023806586,1.6896551724137931,2.1799999999999997,-145.0,118.0,,,0.0,False,1.0,4.0,3.0,2025_11_24_NHL_merged.csv,2025_11_24_NHL_final_scores.csv,moneyline
moneyline,2025020355,2025-11-24,home,away,0.607,0.6038961937056899,1.6896551724137931,2.1799999999999997,-145.0,118.0,,,0.0,False,1.0,3.0,2.0,2025_11_24_NHL_merged.csv,2025_11_24_NHL_final_scores.csv,moneyline
moneyline,2025020356,2025-11-24,home,away,0.561,0.5557339868355261,1.5882352941176472,2.4,-170.0,140.0,,,0.0,False,1.0,5.0,1.0,2025_11_24_NHL_merged.csv,2025_11_24_NHL_final_scores.csv,moneyline
moneyline,2025020357,2025-11-24,home,away,0.373,0.38631642916244124,2.25,1.6451612903225805,125.0,-155.0,,,0.0,False,0.0,3.0,8.0,2025_11_24_NHL_merged.csv,2025_11_24_NHL_final_scores.csv,moneyline
moneyline,2025020358,2025-11-24,home,away,0.489,0.5121348023331173,1.9523809523809523,1.8695652173913042,-105.0,-115.0,,,0.0,False,1.0,5.0,1.0,2025_11_24_NHL_merged.csv,2025_11_24_NHL_final_scores.csv,moneyline
moneyline,2025020359,2025-11-24,home,away,0.55,0.5536697320062464,1.6666666666666665,2.25,-150.0,125.0,,,0.0,False,1.0,2.0,1.0,2025_11_24_NHL_merged.csv,2025_11_24_NHL_final_scores.csv,moneyline
moneyline,2025020360,2025-11-25,home,away,0.528,0.5247607600657623,1.7142857142857144,2.15,-140.0,115.0,,,0.0,False,0.0,3.0,8.0,2025_11_25_NHL_merged.csv,2025_11_25_NHL_final_scores.csv,moneyline
moneyline,2025020361,2025-11-26,home,away,0.631,0.6343154666872368,1.625,2.35,-160.0,135.0,,,0.0,False,0.0,3.0,6.0,2025_11_26_NHL_merged.csv,2025_11_26_NHL_final_scores.csv,moneyline
moneyline,2025020362,2025-11-26,home,away,0.632,0.6208846162366437,1.526315789473684,2.55,-190.0,155.0,,,0.0,False,1.0,5.0,1.0,2025_11_26_NHL_merged.csv,2025_11_26_NHL_final_scores.csv,moneyline
moneyline,2025020363,2025-11-26,home,away,0.634,0.6290306072074706,1.5882352941176472,2.4,-170.0,140.0,,,0.0,False,0.0,2.0,4.0,2025_11_26_NHL_merged.csv,2025_11_26_NHL_final_scores.csv,moneyline
moneyline,2025020364,2025-11-26,home,away,0.616,0.6129219465052858,1.6896551724137931,2.1799999999999997,-145.0,118.0,,,0.0,False,1.0,3.0,2.0,2025_11_26_NHL_merged.csv,2025_11_26_NHL_final_scores.csv,moneyline
moneyline,2025020365,2025-11-26,home,away,0.62,0.6149559651580973,1.5882352941176472,2.4,-170.0,140.0,,,0.0,False,0.0,1.0,3.0,2025_11_26_NHL_merged.csv,2025_11_26_NHL_final_scores.csv,moneyline
moneyline,2025020366,2025-11-26,home,away,0.504,0.504986626717152,1.8333333333333335,2.0,-120.0,100.0,,,0.0,False,1.0,4.0,2.0,2025_11_26_NHL_merged.csv,2025_11_26_NHL_final_scores.csv,moneyline
moneyline,2025020367,2025-11-26,home,away,0.537,0.5406872122929195,1.6666666666666665,2.25,-150.0,125.0,,,0.0,False,1.0,4.0,3.0,2025_11_26_NHL_merged.csv,2025_11_26_NHL_final_scores.csv,moneyline
moneyline,2025020368,2025-11-26,home,away,0.597,0.5941006350883069,1.5405405405405406,2.5,-185.0,150.0,,,0.0,False,0.0,2.0,4.0,2025_11_26_NHL_merged.csv,2025_11_26_NHL_final_scores.csv,moneyline
moneyline,2025020369,2025-11-26,home,away,0.554,0.5549749887124181,1.8,2.05,-125.0,105.0,,,0.0,False,0.0,1.0,2.0,2025_11_26_NHL_merged.csv,2025_11_26_NHL_final_scores.csv,moneyline
moneyline,2025020370,2025-11-26,home,away,0.463,0.46396144309335197,2.15,1.7142857142857144,115.0,-140.0,,,0.0,False,0.0,3.0,4.0,2025_11_26_NHL_merged.csv,2025_11_26_NHL_final_scores.csv,moneyline
moneyline,2025020371,2025-11-26,home,away,0.749,0.7279441939469209,1.2666666666666666,4.0,-375.0,300.0,,,0.0,False,1.0,6.0,0.0,2025_11_26_NHL_merged.csv,2025_11_26_NHL_final_scores.csv,moneyline
moneyline,2025020372,2025-11-26,home,away,0.594,0.5873982887406656,1.6896551724137931,2.2,-145.0,120.0,,,0.0,False,0.0,3.0,4.0,2025_11_26_NHL_merged.csv,2025_11_26_NHL_final_scores.csv,moneyline
moneyline,2025020373,2025-11-26,home,away,0.584,0.5788027408531098,1.5882352941176472,2.4,-170.0,140.0,,,0.0,False,0.0,3.0,4.0,2025_11_26_NHL_merged.csv,2025_11_26_NHL_final_scores.csv,moneyline
moneyline,2025020374,2025-11-26,home,away,0.603,0.6065467110881206,1.6451612903225805,2.25,-155.0,125.0,,,0.0,False,0.0,4.0,5.0,2025_11_26_NHL_merged.csv,2025_11_26_NHL_final_scores.csv,moneyline
moneyline,2025020375,2025-11-26,home,away,0.466,0.46696225559025273,2.1799999999999997,1.6896551724137931,118.0,-145.0,,,0.0,False,0.0,2.0,3.0,2025_11_26_NHL_merged.csv,2025_11_26_NHL_final_scores.csv,moneyline
moneyline,2025020376,2025-11-28,home,away,0.449,0.47359446203489747,2.1,1.7407407407407407,110.0,-135.0,,,0.0,False,0.0,2.0,6.0,2025_11_28_NHL_merged.csv,2025_11_28_NHL_final_scores.csv,moneyline
moneyline,2025020377,2025-11-28,home,away,0.461,0.5074309524529705,2.05,1.8,105.0,-125.0,,,0.0,False,0.0,3.0,6.0,2025_11_28_NHL_merged.csv,2025_11_28_NHL_final_scores.csv,moneyline
moneyline,2025020378,2025-11-28,home,away,0.37,0.424447214337338,2.4,1.5882352941176472,140.0,-170.0,,,0.0,False,1.0,3.0,2.0,2025_11_28_NHL_merged.csv,2025_11_28_NHL_final_scores.csv,moneyline
moneyline,2025020379,2025-11-28,home,away,0.484,0.5304676228642861,2.0,1.8333333333333335,100.0,-120.0,,,0.0,False,0.0,0.0,5.0,2025_11_28_NHL_merged.csv,2025_11_28_NHL_final_scores.csv,moneyline
moneyline,2025020380,2025-11-28,home,away,0.677,0.6820621802439985,1.5,2.65,-200.0,165.0,,,0.0,False,0.0,3.0,5.0,2025_11_28_NHL_merged.csv,2025_11_28_NHL_final_scores.csv,moneyline
moneyline,2025020381,2025-11-28,home,away,0.556,0.5527901625286106,1.6896551724137931,2.1799999999999997,-145.0,118.0,,,0.0,False,0.0,3.0,4.0,2025_11_28_NHL_merged.csv,2025_11_28_NHL_final_scores.csv,moneyline
moneyline,2025020382,2025-11-28,home,away,0.454,0.47702470741222375,1.9523809523809523,1.8695652173913042,-105.0,-115.0,,,0.0,False,1.0,4.0,3.0,2025_11_28_NHL_merged.csv,2025_11_28_NHL_final_scores.csv,moneyline
moneyline,2025020383,2025-11-28,home,away,0.606,0.5946030382877355,1.526315789473684,2.55,-190.0,155.0,,,0.0,False,0.0,1.0,4.0,2025_11_28_NHL_merged.csv,2025_11_28_NHL_final_scores.csv,moneyline
moneyline,2025020384,2025-11-28,home,away,0.517,0.5400594699418229,1.9523809523809523,1.8695652173913042,-105.0,-115.0,,,0.0,False,1.0,5.0,4.0,2025_11_28_NHL_merged.csv,2025_11_28_NHL_final_scores.csv,moneyline
moneyline,2025020385,2025-11-28,home,away,0.487,0.5334578781725344,2.0,1.8333333333333335,100.0,-120.0,,,0.0,False,1.0,3.0,2.0,2025_11_28_NHL_merged.csv,2025_11_28_NHL_final_scores.csv,moneyline
moneyline,2025020386,2025-11-28,home,away,0.603,0.6065467110881206,1.6666666666666665,2.25,-150.0,125.0,,,0.0,False,1.0,4.0,2.0,2025_11_28_NHL_merged.csv,2025_11_28_NHL_final_scores.csv,moneyline
moneyline,2025020387,2025-11-28,home,away,0.585,0.5592226844167277,1.4444444444444444,2.85,-225.0,185.0,,,0.0,False,1.0,5.0,1.0,2025_11_28_NHL_merged.csv,2025_11_28_NHL_final_scores.csv,moneyline
moneyline,2025020388,2025-11-28,home,away,0.57,0.5632949483583584,1.6896551724137931,2.2,-145.0,120.0,,,0.0,False,0.0,3.0,4.0,2025_11_28_NHL_merged.csv,2025_11_28_NHL_final_scores.csv,moneyline
moneyline,2025020389,2025-11-28,home,away,0.567,0.5263188974407734,1.8695652173913042,1.9523809523809523,-115.0,-105.0,,,0.0,False,0.0,3.0,4.0,2025_11_28_NHL_merged.csv,2025_11_28_NHL_final_scores.csv,moneyline
moneyline,2025020390,2025-11-28,home,away,0.545,0.5486770475278543,1.6666666666666665,2.25,-150.0,125.0,,,0.0,False,1.0,4.0,3.0,2025_11_28_NHL_merged.csv,2025_11_28_NHL_final_scores.csv,moneyline
moneyline,2025020391,2025-11-29,home,away,0.54,0.540980235774992,1.8,2.05,-125.0,105.0,,,0.0,False,0.0,1.0,4.0,2025_11_29_NHL_merged.csv,2025_11_29_NHL_final_scores.csv,moneyline
moneyline,2025020392,2025-11-29,home,away,0.712,0.6903168580298624,1.4761904761904763,2.7,-210.0,170.0,,,0.0,False,1.0,7.0,2.0,2025_11_29_NHL_merged.csv,2025_11_29_NHL_final_scores.csv,moneyline
moneyline,2025020393,2025-11-29,home,away,0.452,0.4432453560350061,2.35,1.625,135.0,-160.0,,,0.0,False,0.0,0.0,4.0,2025_11_29_NHL_merged.csv,2025_11_29_NHL_final_scores.csv,moneyline
moneyline,2025020394,2025-11-29,home,away,0.475,0.5214767940251284,2.0,1.8333333333333335,100.0,-120.0,,,0.0,False,1.0,3.0,2.0,2025_11_29_NHL_merged.csv,2025_11_29_NHL_final_scores.csv,moneyline
moneyline,2025020395,2025-11-29,home,away,0.564,0.5676453110984107,1.6666666666666665,2.25,-150.0,125.0,,,0.0,False,0.0,3.0,5.0,2025_11_29_NHL_merged.csv,2025_11_29_NHL_final_scores.csv,moneyline
moneyline,2025020396,2025-11-29,home,away,0.513,0.5376792138906747,2.1,1.7407407407407407,110.0,-135.0,,,0.0,False,0.0,2.0,7.0,2025_11_29_NHL_merged.csv,2025_11_29_NHL_final_scores.csv,moneyline
moneyline,2025020397,2025-11-29,home,away,0.395,0.44021262712303,2.05,1.8,105.0,-125.0,,,0.0,False,0.0,2.0,5.0,2025_11_29_NHL_merged.csv,2025_11_29_NHL_final_scores.csv,moneyline
moneyline,2025020398,2025-11-29,home,away,0.439,0.43997225339461654,1.8,2.05,-125.0,105.0,,,0.0,False,1.0,1.0,0.0,2025_11_29_NHL_merged.csv,2025_11_29_NHL_final_scores.csv,moneyline
moneyline,2025020399,2025-11-29,home,away,0.564,0.5676453110984107,1.6666666666666665,2.25,-150.0,125.0,,,0.0,False,0.0,2.0,3.0,2025_11_29_NHL_merged.csv,2025_11_29_NHL_final_scores.csv,moneyline
moneyline,2025020400,2025-11-29,home,away,0.677,0.5707772046821683,1.2857142857142856,3.8,-350.0,280.0,,,0.0,False,1.0,4.0,3.0,2025_11_29_NHL_merged.csv,2025_11_29_NHL_final_scores.csv,moneyline
moneyline,2025020401,2025-11-29,home,away,0.612,0.6069171000389523,1.5882352941176472,2.4,-170.0,140.0,,,0.0,False,1.0,2.0,1.0,2025_11_29_NHL_merged.csv,2025_11_29_NHL_final_scores.csv,moneyline
moneyline,2025020402,2025-11-30,home,away,0.501,0.5473684034340268,2.05,1.8,105.0,-125.0,,,0.0,False,0.0,1.0,4.0,2025_11_30_NHL_merged.csv,2025_11_30_NHL_final_scores.csv,moneyline
moneyline,2025020403,2025-11-30,home,away,0.43,0.47606639818771407,2.05,1.8,105.0,-125.0,,,0.0,False,1.0,5.0,3.0,2025_11_30_NHL_merged.csv,2025_11_30_NHL_final_scores.csv,moneyline
moneyline,2025020404,2025-11-30,home,away,0.694,0.7070973516822018,1.4,3.0,-250.0,200.0,,,0.0,False,1.0,1.0,0.0,2025_11_30_NHL_merged.csv,2025_11_30_NHL_final_scores.csv,moneyline
moneyline,2025020405,2025-11-30,home,away,0.576,0.5796197626543957,1.6666666666666665,2.25,-150.0,125.0,,,0.0,False,1.0,6.0,1.0,2025_11_30_NHL_merged.csv,2025_11_30_NHL_final_scores.csv,moneyline
moneyline,2025020406,2025-12-01,home,away,0.59,0.5934465011823481,1.625,2.35,-160.0,135.0,,,0.0,False,0.0,3.0,5.0,2025_12_01_NHL_merged.csv,2025_12_01_NHL_final_scores.csv,moneyline
moneyline,2025020407,2025-12-01,home,away,0.584,0.5876003642500207,1.6666666666666665,2.25,-150.0,125.0,,,0.0,False,0.0,1.0,5.0,2025_12_01_NHL_merged.csv,2025_12_01_NHL_final_scores.csv,moneyline
moneyline,2025020408,2025-12-01,home,away,0.472,0.4313449503597658,1.8695652173913042,1.9523809523809523,-115.0,-105.0,,,0.0,False,1.0,5.0,1.0,2025_12_01_NHL_merged.csv,2025_12_01_NHL_final_scores.csv,moneyline
moneyline,2025020409,2025-12-01,home,away,0.534,0.5375482677566155,1.625,2.35,-160.0,135.0,,,0.0,False,0.0,1.0,4.0,2025_12_01_NHL_merged.csv,2025_12_01_NHL_final_scores.csv,moneyline
moneyline,2025020410,2025-12-01,home,away,0.408,0.4217255149826184,2.25,1.6666666666666665,125.0,-150.0,,,0.0,False,1.0,6.0,3.0,2025_12_01_NHL_merged.csv,2025_12_01_NHL_final_scores.csv,moneyline
moneyline,2025020411,2025-12-02,home,away,0.51,0.46897907922133725,1.8695652173913042,1.9523809523809523,-115.0,-105.0,,,0.0,False,0.0,2.0,5.0,2025_12_02_NHL_merged.csv,2025_12_02_NHL_final_scores.csv,moneyline
moneyline,2025020412,2025-12-02,home,away,0.607,0.6125313608644237,1.5,2.65,-200.0,165.0,,,0.0,False,1.0,5.0,4.0,2025_12_02_NHL_merged.csv,2025_12_02_NHL_final_scores.csv,moneyline
moneyline,2025020413,2025-12-02,home,away,0.606,0.6008897577774425,1.5882352941176472,2.4,-170.0,140.0,,,0.0,False,0.0,1.0,4.0,2025_12_02_NHL_merged.csv,2025_12_02_NHL_final_scores.csv,moneyline
moneyline,2025020414,2025-12-02,home,away,0.502,0.5029665757068574,2.15,1.7142857142857144,115.0,-140.0,,,0.0,False,1.0,2.0,1.0,2025_12_02_NHL_merged.csv,2025_12_02_NHL_final_scores.csv,moneyline
moneyline,2025020415,2025-12-02,home,away,0.48,0.5047370341369825,2.1,1.7407407407407407,110.0,-135.0,,,0.0,False,1.0,3.0,2.0,2025_12_02_NHL_merged.csv,2025_12_02_NHL_final_scores.csv,moneyline
moneyline,2025020416,2025-12-02,home,away,0.498,0.49898669744381036,1.8333333333333335,2.0,-120.0,100.0,,,0.0,False,1.0,5.0,1.0,2025_12_02_NHL_merged.csv,2025_12_02_NHL_final_scores.csv,moneyline
moneyline,2025020417,2025-12-02,home,away,0.755,0.7830640825465098,1.3076923076923077,3.6,-325.0,260.0,,,0.0,False,1.0,3.0,1.0,2025_12_02_NHL_merged.csv,2025_12_02_NHL_final_scores.csv,moneyline
moneyline,2025020418,2025-12-02,home,away,0.573,0.5764868259021472,1.625,2.35,-160.0,135.0,,,0.0,False,0.0,0.0,1.0,2025_12_02_NHL_merged.csv,2025_12_02_NHL_final_scores.csv,moneyline
moneyline,2025020419,2025-12-02,home,away,0.661,0.6144409902532852,1.3389830508474576,3.3,-295.0,230.0,,,0.0,False,1.0,4.0,3.0,2025_12_02_NHL_merged.csv,2025_12_02_NHL_final_scores.csv,moneyline
moneyline,2025020420,2025-12-02,home,away,0.496,0.4969866578699623,1.8,2.05,-125.0,105.0,,,0.0,False,0.0,1.0,3.0,2025_12_02_NHL_merged.csv,2025_12_02_NHL_final_scores.csv,moneyline
moneyline,2025020421,2025-12-03,home,away,0.547,0.5479778055296348,1.8333333333333335,2.0,-120.0,100.0,,,0.0,False,0.0,0.0,3.0,2025_12_03_NHL_merged.csv,2025_12_03_NHL_final_scores.csv,moneyline
moneyline,2025020422,2025-12-03,home,away,0.469,0.4920998052128745,1.9523809523809523,1.8695652173913042,-105.0,-115.0,,,0.0,False,1.0,3.0,2.0,2025_12_03_NHL_merged.csv,2025_12_03_NHL_final_scores.csv,moneyline
moneyline,2025020423,2025-12-03,home,away,0.546,0.5427773190544699,1.7142857142857144,2.15,-140.0,115.0,,,0.0,False,1.0,5.0,2.0,2025_12_03_NHL_merged.csv,2025_12_03_NHL_final_scores.csv,moneyline
moneyline,2025020424,2025-12-03,home,away,0.528,0.5295403643331865,1.9090909090909092,1.9090909090909092,-110.0,-110.0,,,0.0,False,0.0,0.0,7.0,2025_12_03_NHL_merged.csv,2025_12_03_NHL_final_scores.csv,moneyline
moneyline,2025020425,2025-12-03,home,away,0.412,0.42576330122234646,2.25,1.6666666666666665,125.0,-150.0,,,0.0,False,0.0,1.0,7.0,2025_12_03_NHL_merged.csv,2025_12_03_NHL_final_scores.csv,moneyline
moneyline,2025020426,2025-12-04,home,away,0.593,0.5939328227805102,2.15,1.7142857142857144,115.0,-140.0,,,0.0,False,1.0,5.0,2.0,2025_12_04_NHL_merged.csv,2025_12_04_NHL_final_scores.csv,moneyline
moneyline,2025020427,2025-12-04,home,away,0.528,0.5316963812351364,1.6451612903225805,2.25,-155.0,125.0,,,0.0,False,0.0,2.0,4.0,2025_12_04_NHL_merged.csv,2025_12_04_NHL_final_scores.csv,moneyline
moneyline,2025020428,2025-12-04,home,away,0.619,0.5943046410130505,1.4761904761904763,2.7,-210.0,170.0,,,0.0,False,0.0,3.0,4.0,2025_12_04_NHL_merged.csv,2025_12_04_NHL_final_scores.csv,moneyline
moneyline,2025020429,2025-12-04,home,away,0.705,0.6826326823723207,1.4444444444444444,2.85,-225.0,185.0,,,0.0,False,0.0,1.0,2.0,2025_12_04_NHL_merged.csv,2025_12_04_NHL_final_scores.csv,moneyline
moneyline,2025020430,2025-12-04,home,away,0.364,0.4003376884212936,2.55,1.526315789473684,155.0,-190.0,,,0.0,False,1.0,6.0,3.0,2025_12_04_NHL_merged.csv,2025_12_04_NHL_final_scores.csv,moneyline
moneyline,2025020431,2025-12-04,home,away,0.634,0.6393771145200908,1.5,2.65,-200.0,165.0,,,0.0,False,0.0,1.0,5.0,2025_12_04_NHL_merged.csv,2025_12_04_NHL_final_scores.csv,moneyline
moneyline,2025020432,2025-12-04,home,away,0.559,0.5599727400412161,1.8,2.05,-125.0,105.0,,,0.0,False,1.0,6.0,5.0,2025_12_04_NHL_merged.csv,2025_12_04_NHL_final_scores.csv,moneyline
moneyline,2025020433,2025-12-04,home,away,0.455,0.5013887841109381,2.0,1.8333333333333335,100.0,-120.0,,,0.0,False,1.0,4.0,1.0,2025_12_04_NHL_merged.csv,2025_12_04_NHL_final_scores.csv,moneyline
moneyline,2025020434,2025-12-04,home,away,0.641,0.6552389178667051,1.4,3.0,-250.0,200.0,,,0.0,False,1.0,9.0,4.0,2025_12_04_NHL_merged.csv,2025_12_04_NHL_final_scores.csv,moneyline
moneyline,2025020435,2025-12-04,home,away,0.642,0.6055819270330747,1.425531914893617,2.95,-235.0,195.0,,,0.0,False,0.0,1.0,2.0,2025_12_04_NHL_merged.csv,2025_12_04_NHL_final_scores.csv,moneyline
moneyline,2025020436,2025-12-05,home,away,0.503,0.5449455648927322,2.05,1.7692307692307692,105.0,-130.0,,,0.0,False,0.0,0.0,3.0,2025_12_05_NHL_merged.csv,2025_12_05_NHL_final_scores.csv,moneyline
moneyline,2025020437,2025-12-05,home,away,0.571,0.5642986222840941,1.6896551724137931,2.2,-145.0,120.0,,,0.0,False,1.0,4.0,1.0,2025_12_05_NHL_merged.csv,2025_12_05_NHL_final_scores.csv,moneyline
moneyline,2025020438,2025-12-05,home,away,0.688,0.6309629668759116,1.3333333333333333,3.4,-300.0,240.0,,,0.0,False,1.0,4.0,1.0,2025_12_05_NHL_merged.csv,2025_12_05_NHL_final_scores.csv,moneyline
moneyline,2025020439,2025-12-05,home,away,0.436,0.4777289229889904,2.05,1.7692307692307692,105.0,-130.0,,,0.0,False,0.0,1.0,4.0,2025_12_05_NHL_merged.csv,2025_12_05_NHL_final_scores.csv,moneyline
moneyline,2025020440,2025-12-05,home,away,0.413,0.4139376493091651,2.15,1.7142857142857144,115.0,-140.0,,,0.0,False,1.0,4.0,3.0,2025_12_05_NHL_merged.csv,2025_12_05_NHL_final_scores.csv,moneyline
moneyline,2025020441,2025-12-06,home,away,0.388,0.44323246314893544,2.4,1.5882352941176472,140.0,-170.0,,,0.0,False,0.0,2.0,3.0,2025_12_06_NHL_merged.csv,2025_12_06_NHL_final_scores.csv,moneyline
moneyline,2025020442,2025-12-06,home,away,0.606,0.6008897577774425,1.5882352941176472,2.4,-170.0,140.0,,,0.0,False,1.0,7.0,6.0,2025_12_06_NHL_merged.csv,2025_12_06_NHL_final_scores.csv,moneyline
moneyline,2025020443,2025-12-06,home,away,0.496,0.5191295336787565,1.9523809523809523,1.8695652173913042,-105.0,-115.0,,,0.0,False,1.0,4.0,1.0,2025_12_06_NHL_merged.csv,2025_12_06_NHL_final_scores.csv,moneyline
moneyline,2025020444,2025-12-06,home,away,0.577,0.5738256116073361,1.7142857142857144,2.15,-140.0,115.0,,,0.0,False,0.0,1.0,2.0,2025_12_06_NHL_merged.csv,2025_12_06_NHL_final_scores.csv,moneyline
moneyline,2025020445,2025-12-06,home,away,0.628,0.6314598697469934,1.6451612903225805,2.25,-155.0,125.0,,,0.0,False,0.0,1.0,2.0,2025_12_06_NHL_merged.csv,2025_12_06_NHL_final_scores.csv,moneyline
moneyline,2025020446,2025-12-06,home,away,0.552,0.5262853543103588,1.4761904761904763,2.7,-210.0,170.0,,,0.0,False,0.0,0.0,2.0,2025_12_06_NHL_merged.csv,2025_12_06_NHL_final_scores.csv,moneyline
moneyline,2025020447,2025-12-06,home,away,0.703,0.7158698466167217,1.4,3.0,-250.0,200.0,,,0.0,False,1.0,6.0,3.0,2025_12_06_NHL_merged.csv,2025_12_06_NHL_final_scores.csv,moneyline
moneyline,2025020448,2025-12-06,home,away,0.462,0.4215186552725985,1.8695652173913042,1.9523809523809523,-115.0,-105.0,,,0.0,False,1.0,2.0,0.0,2025_12_06_NHL_merged.csv,2025_12_06_NHL_final_scores.csv,moneyline
moneyline,2025020449,2025-12-06,home,away,0.632,0.6071817398375302,1.4545454545454546,2.8,-220.0,180.0,,,0.0,False,1.0,6.0,0.0,2025_12_06_NHL_merged.csv,2025_12_06_NHL_final_scores.csv,moneyline
moneyline,2025020450,2025-12-06,home,away,0.575,0.5495281706175525,1.4761904761904763,2.7,-210.0,170.0,,,0.0,False,1.0,6.0,2.0,2025_12_06_NHL_merged.csv,2025_12_06_NHL_final_scores.csv,moneyline
moneyline,2025020451,2025-12-06,home,away,0.436,0.43695099721808506,2.15,1.7142857142857144,115.0,-140.0,,,0.0,False,1.0,4.0,2.0,2025_12_06_NHL_merged.csv,2025_12_06_NHL_final_scores.csv,moneyline
moneyline,2025020452,2025-12-06,home,away,0.484,0.5071330122267507,1.9523809523809523,1.8695652173913042,-105.0,-115.0,,,0.0,False,0.0,3.0,4.0,2025_12_06_NHL_merged.csv,2025_12_06_NHL_final_scores.csv,moneyline
moneyline,2025020453,2025-12-07,home,away,0.38,0.3716940177793754,2.35,1.625,135.0,-160.0,,,0.0,False,0.0,2.0,3.0,2025_12_07_NHL_merged.csv,2025_12_07_NHL_final_scores.csv,moneyline
moneyline,2025020454,2025-12-07,home,away,0.592,0.5868319774856694,1.5882352941176472,2.4,-170.0,140.0,,,0.0,False,1.0,4.0,1.0,2025_12_07_NHL_merged.csv,2025_12_07_NHL_final_scores.csv,moneyline
moneyline,2025020455,2025-12-07,home,away,0.714,0.6710981582769211,1.3389830508474576,3.3,-295.0,230.0,,,0.0,False,0.0,1.0,4.0,2025_12_07_NHL_merged.csv,2025_12_07_NHL_final_scores.csv,moneyline
moneyline,2025020456,2025-12-07,home,away,0.643,0.6189025154636654,1.4761904761904763,2.7,-210.0,170.0,,,0.0,False,1.0,3.0,2.0,2025_12_07_NHL_merged.csv,2025_12_07_NHL_final_scores.csv,moneyline
moneyline,2025020457,2025-12-07,home,away,0.604,0.6008880791600127,1.7142857142857144,2.15,-140.0,115.0,,,0.0,False,0.0,3.0,4.0,2025_12_07_NHL_merged.csv,2025_12_07_NHL_final_scores.csv,moneyline
moneyline,2025020458,2025-12-07,home,away,0.476,0.49011919923300384,2.25,1.6666666666666665,125.0,-150.0,,,0.0,False,0.0,2.0,3.0,2025_12_07_NHL_merged.csv,2025_12_07_NHL_final_scores.csv,moneyline
moneyline,2025020459,2025-12-07,home,away,0.637,0.6127414342592961,1.4761904761904763,2.7,-210.0,170.0,,,0.0,False,1.0,2.0,0.0,2025_12_07_NHL_merged.csv,2025_12_07_NHL_final_scores.csv,moneyline
moneyline,2025020460,2025-12-07,home,away,0.644,0.6195037964548389,1.4545454545454546,2.8,-220.0,180.0,,,0.0,False,1.0,7.0,1.0,2025_12_07_NHL_merged.csv,2025_12_07_NHL_final_scores.csv,moneyline
moneyline,2025020461,2025-12-08,home,away,0.526,0.5269839364219792,1.8333333333333335,2.0,-120.0,100.0,,,0.0,False,1.0,2.0,0.0,2025_12_08_NHL_merged.csv,2025_12_08_NHL_final_scores.csv,moneyline
moneyline,2025020462,2025-12-08,home,away,0.534,0.5349820111385136,1.8333333333333335,2.0,-120.0,100.0,,,0.0,False,0.0,2.0,4.0,2025_12_08_NHL_merged.csv,2025_12_08_NHL_final_scores.csv,moneyline
moneyline,2025020463,2025-12-08,home,away,0.509,0.46798269334775544,1.8695652173913042,1.9523809523809523,-115.0,-105.0,,,0.0,False,1.0,7.0,4.0,2025_12_08_NHL_merged.csv,2025_12_08_NHL_final_scores.csv,moneyline
moneyline,2025020464,2025-12-08,home,away,0.505,0.5513295802533147,2.05,1.8,105.0,-125.0,,,0.0,False,0.0,0.0,4.0,2025_12_08_NHL_merged.csv,2025_12_08_NHL_final_scores.csv,moneyline
moneyline,2025020465,2025-12-08,home,away,0.44,0.4645170849762514,2.1,1.7407407407407407,110.0,-135.0,,,0.0,False,0.0,1.0,4.0,2025_12_08_NHL_merged.csv,2025_12_08_NHL_final_scores.csv,moneyline
moneyline,2025020466,2025-12-09,home,away,0.535,0.535981734970138,1.8,2.05,-125.0,105.0,,,0.0,False,0.0,1.0,6.0,2025_12_09_NHL_merged.csv,2025_12_09_NHL_final_scores.csv,moneyline
moneyline,2025020467,2025-12-09,home,away,0.528,0.5247607600657623,1.7142857142857144,2.15,-140.0,115.0,,,0.0,False,0.0,3.0,4.0,2025_12_09_NHL_merged.csv,2025_12_09_NHL_final_scores.csv,moneyline
moneyline,2025020468,2025-12-09,home,away,0.483,0.48396554472273334,2.15,1.7142857142857144,115.0,-140.0,,,0.0,False,1.0,5.0,4.0,2025_12_09_NHL_merged.csv,2025_12_09_NHL_final_scores.csv,moneyline
moneyline,2025020469,2025-12-09,home,away,0.631,0.6281929043659589,1.5405405405405406,2.5,-185.0,150.0,,,0.0,False,1.0,4.0,1.0,2025_12_09_NHL_merged.csv,2025_12_09_NHL_final_scores.csv,moneyline
moneyline,2025020470,2025-12-09,home,away,0.493,0.45208488282799203,1.8695652173913042,1.9523809523809523,-115.0,-105.0,,,0.0,False,0.0,3.0,4.0,2025_12_09_NHL_merged.csv,2025_12_09_NHL_final_scores.csv,moneyline
moneyline,2025020471,2025-12-09,home,away,0.65,0.6256766815536609,1.4545454545454546,2.8,-220.0,180.0,,,0.0,False,1.0,4.0,1.0,2025_12_09_NHL_merged.csv,2025_12_09_NHL_final_scores.csv,moneyline
moneyline,2025020472,2025-12-09,home,away,0.515,0.5187053868042,1.6451612903225805,2.25,-155.0,125.0,,,0.0,False,0.0,2.0,5.0,2025_12_09_NHL_merged.csv,2025_12_09_NHL_final_scores.csv,moneyline
moneyline,2025020473,2025-12-09,home,away,0.46,0.4846669993900072,2.1,1.7407407407407407,110.0,-135.0,,,0.0,False,0.0,3.0,4.0,2025_12_09_NHL_merged.csv,2025_12_09_NHL_final_scores.csv,moneyline
moneyline,2025020474,2025-12-09,home,away,0.631,0.6061563260989652,1.4545454545454546,2.8,-220.0,180.0,,,0.0,False,0.0,3.0,4.0,2025_12_09_NHL_merged.csv,2025_12_09_NHL_final_scores.csv,moneyline
moneyline,2025020475,2025-12-09,home,away,0.283,0.40793803330915296,2.95,1.425531914893617,195.0,-235.0,,,0.0,False,1.0,4.0,3.0,2025_12_09_NHL_merged.csv,2025_12_09_NHL_final_scores.csv,moneyline
moneyline,2025020476,2025-12-10,home,away,0.406,0.40693277419266116,2.15,1.7142857142857144,115.0,-140.0,,,0.0,False,1.0,3.0,0.0,2025_12_10_NHL_merged.csv,2025_12_10_NHL_final_scores.csv,moneyline
moneyline,2025020477,2025-12-10,home,away,0.483,0.4845438532531871,1.9090909090909092,1.9090909090909092,-110.0,-110.0,,,0.0,False,0.0,3.0,4.0,2025_12_10_NHL_merged.csv,2025_12_10_NHL_final_scores.csv,moneyline
moneyline,2025020478,2025-12-10,home,away,0.495,0.4965453707968678,1.9090909090909092,1.9090909090909092,-110.0,-110.0,,,0.0,False,0.0,3.0,4.0,2025_12_10_NHL_merged.csv,2025_12_10_NHL_final_scores.csv,moneyline
moneyline,2025020479,2025-12-10,home,away,0.408,0.4089342057877316,2.1799999999999997,1.6896551724137931,118.0,-145.0,,,0.0,False,1.0,3.0,2.0,2025_12_10_NHL_merged.csv,2025_12_10_NHL_final_scores.csv,moneyline
moneyline,2025020480,2025-12-11,home,away,0.664,0.6405275544224357,1.4761904761904763,2.7,-210.0,170.0,,,0.0,False,0.0,2.0,3.0,2025_12_11_NHL_merged.csv,2025_12_11_NHL_final_scores.csv,moneyline
moneyline,2025020481,2025-12-11,home,away,0.501,0.5257251187858777,2.1,1.7407407407407407,110.0,-135.0,,,0.0,False,0.0,4.0,8.0,2025_12_11_NHL_merged.csv,2025_12_11_NHL_final_scores.csv,moneyline
moneyline,2025020482,2025-12-11,home,away,0.559,0.559255656415963,1.7692307692307692,2.05,-130.0,105.0,,,0.0,False,1.0,5.0,2.0,2025_12_11_NHL_merged.csv,2025_12_11_NHL_final_scores.csv,moneyline
moneyline,2025020483,2025-12-11,home,away,0.462,0.47608122355093785,2.25,1.6666666666666665,125.0,-150.0,,,0.0,False,0.0,2.0,3.0,2025_12_11_NHL_merged.csv,2025_12_11_NHL_final_scores.csv,moneyline
moneyline,2025020484,2025-12-11,home,away,0.504,0.504986626717152,1.8333333333333335,2.0,-120.0,100.0,,,0.0,False,0.0,2.0,4.0,2025_12_11_NHL_merged.csv,2025_12_11_NHL_final_scores.csv,moneyline
moneyline,2025020485,2025-12-11,home,away,0.506,0.5075451977154939,1.9090909090909092,1.9090909090909092,-110.0,-110.0,,,0.0,False,0.0,2.0,3.0,2025_12_11_NHL_merged.csv,2025_12_11_NHL_final_scores.csv,moneyline
moneyline,2025020486,2025-12-11,home,away,0.479,0.5021265869706237,1.9523809523809523,1.8695652173913042,-105.0,-115.0,,,0.0,False,0.0,3.0,6.0,2025_12_11_NHL_merged.csv,2025_12_11_NHL_final_scores.csv,moneyline
moneyline,2025020487,2025-12-11,home,away,0.542,0.501037054428745,1.847457627118644,1.9803921568627452,-118.0,-102.0,,,0.0,False,1.0,7.0,2.0,2025_12_11_NHL_merged.csv,2025_12_11_NHL_final_scores.csv,moneyline
moneyline,2025020488,2025-12-11,home,away,0.439,0.4399524364247007,2.1799999999999997,1.6896551724137931,118.0,-145.0,,,0.0,False,1.0,5.0,2.0,2025_12_11_NHL_merged.csv,2025_12_11_NHL_final_scores.csv,moneyline
moneyline,2025020489,2025-12-11,home,away,0.581,0.5846078604184332,1.6666666666666665,2.25,-150.0,125.0,,,0.0,False,0.0,3.0,6.0,2025_12_11_NHL_merged.csv,2025_12_11_NHL_final_scores.csv,moneyline
moneyline,2025020490,2025-12-11,home,away,0.679,0.6442601961217548,1.425531914893617,2.95,-235.0,195.0,,,0.0,False,1.0,6.0,2.0,2025_12_11_NHL_merged.csv,2025_12_11_NHL_final_scores.csv,moneyline
moneyline,2025020491,2025-12-11,home,away,0.621,0.596349740756144,1.4761904761904763,2.7,-210.0,170.0,,,0.0,False,1.0,4.0,1.0,2025_12_11_NHL_merged.csv,2025_12_11_NHL_final_scores.csv,moneyline
moneyline,2025020492,2025-12-11,home,away,0.481,0.52747402747198,2.0,1.8333333333333335,100.0,-120.0,,,0.0,False,0.0,2.0,3.0,2025_12_11_NHL_merged.csv,2025_12_11_NHL_final_scores.csv,moneyline
moneyline,2025020493,2025-12-12,home,away,0.514,0.5177058719924954,1.6666666666666665,2.25,-150.0,125.0,,,0.0,False,1.0,3.0,2.0,2025_12_12_NHL_merged.csv,2025_12_12_NHL_final_scores.csv,moneyline
moneyline,2025020494,2025-12-12,home,away,0.664,0.6613091985257605,1.5405405405405406,2.5,-185.0,150.0,,,0.0,False,1.0,5.0,3.0,2025_12_12_NHL_merged.csv,2025_12_12_NHL_final_scores.csv,moneyline
moneyline,2025020495,2025-12-13,home,away,0.553,0.5539754147813284,1.8,2.05,-125.0,105.0,,,0.0,False,1.0,4.0,1.0,2025_12_13_NHL_merged.csv,2025_12_13_NHL_final_scores.csv,moneyline
moneyline,2025020496,2025-12-13,home,away,0.517,0.4759629500136213,1.8695652173913042,1.9523809523809523,-115.0,-105.0,,,0.0,False,1.0,3.0,2.0,2025_12_13_NHL_merged.csv,2025_12_13_NHL_final_scores.csv,moneyline
moneyline,2025020497,2025-12-13,home,away,0.586,0.5894567285130963,1.625,2.35,-160.0,135.0,,,0.0,False,0.0,5.0,6.0,2025_12_13_NHL_merged.csv,2025_12_13_NHL_final_scores.csv,moneyline
moneyline,2025020498,2025-12-13,home,away,0.506,0.5307094383305688,2.1,1.7407407407407407,110.0,-135.0,,,0.0,False,1.0,3.0,2.0,2025_12_13_NHL_merged.csv,2025_12_13_NHL_final_scores.csv,moneyline
moneyline,2025020499,2025-12-13,home,away,0.478,0.5011247451343835,1.9523809523809523,1.8695652173913042,-105.0,-115.0,,,0.0,False,0.0,3.0,6.0,2025_12_13_NHL_merged.csv,2025_12_13_NHL_final_scores.csv,moneyline
moneyline,2025020500,2025-12-13,home,away,0.573,0.5698179735467545,1.7142857142857144,2.15,-140.0,115.0,,,0.0,False,1.0,5.0,4.0,2025_12_13_NHL_merged.csv,2025_12_13_NHL_final_scores.csv,moneyline
moneyline,2025020501,2025-12-13,home,away,0.411,0.4024562658862494,2.35,1.625,135.0,-160.0,,,0.0,False,0.0,3.0,4.0,2025_12_13_NHL_merged.csv,2025_12_13_NHL_final_scores.csv,moneyline
moneyline,2025020502,2025-12-13,home,away,0.448,0.4620209623244709,2.25,1.6666666666666665,125.0,-150.0,,,0.0,False,0.0,2.0,3.0,2025_12_13_NHL_merged.csv,2025_12_13_NHL_final_scores.csv,moneyline
moneyline,2025020503,2025-12-13,home,away,0.461,0.5029877612968493,2.05,1.7692307692307692,105.0,-130.0,,,0.0,False,1.0,5.0,1.0,2025_12_13_NHL_merged.csv,2025_12_13_NHL_final_scores.csv,moneyline
moneyline,2025020504,2025-12-13,home,away,0.429,0.48543942504497,2.45,1.5714285714285714,145.0,-175.0,,,0.0,False,0.0,0.0,4.0,2025_12_13_NHL_merged.csv,2025_12_13_NHL_final_scores.csv,moneyline
moneyline,2025020505,2025-12-13,home,away,0.543,0.5397739736733572,1.6896551724137931,2.1799999999999997,-145.0,118.0,,,0.0,False,0.0,0.0,4.0,2025_12_13_NHL_merged.csv,2025_12_13_NHL_final_scores.csv,moneyline
moneyline,2025020506,2025-12-13,home,away,0.759,0.7867353180176122,1.3076923076923077,3.6,-325.0,260.0,,,0.0,False,1.0,4.0,2.0,2025_12_13_NHL_merged.csv,2025_12_13_NHL_final_scores.csv,moneyline
moneyline,2025020507,2025-12-13,home,away,0.638,0.6352153707226864,1.5405405405405406,2.5,-185.0,150.0,,,0.0,False,0.0,1.0,2.0,2025_12_13_NHL_merged.csv,2025_12_13_NHL_final_scores.csv,moneyline
moneyline,2025020508,2025-12-14,home,away,0.612,0.6155175739512929,1.6666666666666665,2.25,-150.0,125.0,,,0.0,False,0.0,1.0,2.0,2025_12_14_NHL_merged.csv,2025_12_14_NHL_final_scores.csv,moneyline
moneyline,2025020509,2025-12-14,home,away,0.406,0.40810478654731885,2.2,1.6896551724137931,120.0,-145.0,,,0.0,False,0.0,4.0,5.0,2025_12_14_NHL_merged.csv,2025_12_14_NHL_final_scores.csv,moneyline
moneyline,2025020510,2025-12-14,home,away,0.661,0.625386921079452,1.425531914893617,2.95,-235.0,195.0,,,0.0,False,1.0,3.0,2.0,2025_12_14_NHL_merged.csv,2025_12_14_NHL_final_scores.csv,moneyline
moneyline,2025020511,2025-12-14,home,away,0.536,0.5396883495856357,1.6451612903225805,2.25,-155.0,125.0,,,0.0,False,1.0,6.0,2.0,2025_12_14_NHL_merged.csv,2025_12_14_NHL_final_scores.csv,moneyline
moneyline,2025020512,2025-12-14,home,away,0.469,0.515466132886407,2.05,1.8,105.0,-125.0,,,0.0,False,1.0,4.0,1.0,2025_12_14_NHL_merged.csv,2025_12_14_NHL_final_scores.csv,moneyline
moneyline,2025020513,2025-12-14,home,away,0.476,0.522477264195243,2.0,1.8333333333333335,100.0,-120.0,,,0.0,False,0.0,1.0,3.0,2025_12_14_NHL_merged.csv,2025_12_14_NHL_final_scores.csv,moneyline
moneyline,2025020514,2025-12-15,home,away,0.508,0.5011742300105737,1.6896551724137931,2.2,-145.0,120.0,,,0.0,False,0.0,2.0,5.0,2025_12_15_NHL_merged.csv,2025_12_15_NHL_final_scores.csv,moneyline
moneyline,2025020515,2025-12-15,home,away,0.56,0.5602555327401324,1.7692307692307692,2.05,-130.0,105.0,,,0.0,False,0.0,1.0,4.0,2025_12_15_NHL_merged.csv,2025_12_15_NHL_final_scores.csv,moneyline
moneyline,2025020516,2025-12-15,home,away,0.538,0.5399007441707041,1.7407407407407407,2.1,-135.0,110.0,,,0.0,False,0.0,2.0,3.0,2025_12_15_NHL_merged.csv,2025_12_15_NHL_final_scores.csv,moneyline
moneyline,2025020517,2025-12-15,home,away,0.501,0.5019866976013181,1.8333333333333335,2.0,-120.0,100.0,,,0.0,False,0.0,2.0,5.0,2025_12_15_NHL_merged.csv,2025_12_15_NHL_final_scores.csv,moneyline
moneyline,2025020518,2025-12-15,home,away,0.586,0.5828443220303049,1.6896551724137931,2.1799999999999997,-145.0,118.0,,,0.0,False,1.0,4.0,1.0,2025_12_15_NHL_merged.csv,2025_12_15_NHL_final_scores.csv,moneyline
moneyline,2025020519,2025-12-16,home,away,0.467,0.49009221634659994,1.9523809523809523,1.8695652173913042,-105.0,-115.0,,,0.0,False,1.0,4.0,1.0,2025_12_16_NHL_merged.csv,2025_12_16_NHL_final_scores.csv,moneyline
moneyline,2025020520,2025-12-16,home,away,0.66,0.6243415714844226,1.425531914893617,2.95,-235.0,195.0,,,0.0,False,1.0,3.0,2.0,2025_12_16_NHL_merged.csv,2025_12_16_NHL_final_scores.csv,moneyline
moneyline,2025020521,2025-12-16,home,away,0.503,0.49975174233094555,1.6896551724137931,2.1799999999999997,-145.0,118.0,,,0.0,False,0.0,1.0,4.0,2025_12_16_NHL_merged.csv,2025_12_16_NHL_final_scores.csv,moneyline
moneyline,2025020522,2025-12-16,home,away,0.49,0.49191172365882857,1.7407407407407407,2.1,-135.0,110.0,,,0.0,False,1.0,3.0,2.0,2025_12_16_NHL_merged.csv,2025_12_16_NHL_final_scores.csv,moneyline
moneyline,2025020523,2025-12-16,home,away,0.579,0.5723299910734244,1.6896551724137931,2.2,-145.0,120.0,,,0.0,False,0.0,0.0,3.0,2025_12_16_NHL_merged.csv,2025_12_16_NHL_final_scores.csv,moneyline
moneyline,2025020524,2025-12-16,home,away,0.423,0.4368577565855114,2.25,1.6666666666666665,125.0,-150.0,,,0.0,False,0.0,4.0,6.0,2025_12_16_NHL_merged.csv,2025_12_16_NHL_final_scores.csv,moneyline
moneyline,2025020525,2025-12-16,home,away,0.536,0.5292026782288706,1.6896551724137931,2.2,-145.0,120.0,,,0.0,False,1.0,4.0,3.0,2025_12_16_NHL_merged.csv,2025_12_16_NHL_final_scores.csv,moneyline
moneyline,2025020526,2025-12-16,home,away,0.489,0.4899862706960065,1.8,2.05,-125.0,105.0,,,0.0,False,1.0,5.0,0.0,2025_12_16_NHL_merged.csv,2025_12_16_NHL_final_scores.csv,moneyline
moneyline,2025020527,2025-12-16,home,away,0.475,0.49972698817974176,2.1,1.7407407407407407,110.0,-135.0,,,0.0,False,1.0,6.0,3.0,2025_12_16_NHL_merged.csv,2025_12_16_NHL_final_scores.csv,moneyline
moneyline,2025020529,2025-12-17,home,away,0.593,0.589860334586096,1.7142857142857144,2.15,-140.0,115.0,,,0.0,False,1.0,3.0,2.0,2025_12_17_NHL_merged.csv,2025_12_17_NHL_final_scores.csv,moneyline
moneyline,2025020530,2025-12-17,home,away,0.477,0.4779847069623894,1.8,2.05,-125.0,105.0,,,0.0,False,0.0,1.0,4.0,2025_12_17_NHL_merged.csv,2025_12_17_NHL_final_scores.csv,moneyline
moneyline,2025020531,2025-12-17,home,away,0.418,0.41894089931637657,2.1799999999999997,1.6896551724137931,118.0,-145.0,,,0.0,False,1.0,1.0,0.0,2025_12_17_NHL_merged.csv,2025_12_17_NHL_final_scores.csv,moneyline
moneyline,2025020532,2025-12-17,home,away,0.354,0.37919053251718216,2.5,1.5405405405405406,150.0,-185.0,,,0.0,False,0.0,1.0,4.0,2025_12_17_NHL_merged.csv,2025_12_17_NHL_final_scores.csv,moneyline
moneyline,2025020533,2025-12-17,home,away,0.59,0.578462158881317,1.526315789473684,2.55,-190.0,155.0,,,0.0,False,0.0,1.0,2.0,2025_12_17_NHL_merged.csv,2025_12_17_NHL_final_scores.csv,moneyline
moneyline,2025020534,2025-12-18,home,away,0.451,0.4531601003863308,2.2,1.6896551724137931,120.0,-145.0,,,0.0,False,0.0,1.0,3.0,2025_12_18_NHL_merged.csv,2025_12_18_NHL_final_scores.csv,moneyline
moneyline,2025020535,2025-12-18,home,away,0.523,0.5197576563623955,1.7142857142857144,2.15,-140.0,115.0,,,0.0,False,1.0,5.0,3.0,2025_12_18_NHL_merged.csv,2025_12_18_NHL_final_scores.csv,moneyline
moneyline,2025020536,2025-12-18,home,away,0.631,0.6198725786215379,1.526315789473684,2.55,-190.0,155.0,,,0.0,False,1.0,4.0,1.0,2025_12_18_NHL_merged.csv,2025_12_18_NHL_final_scores.csv,moneyline
moneyline,2025020537,2025-12-18,home,away,0.612,0.6091378976409829,1.5405405405405406,2.5,-185.0,150.0,,,0.0,False,1.0,4.0,0.0,2025_12_18_NHL_merged.csv,2025_12_18_NHL_final_scores.csv,moneyline
moneyline,2025020538,2025-12-18,home,away,0.569,0.5573146039313911,1.526315789473684,2.54,-190.0,154.0,,,0.0,False,0.0,1.0,2.0,2025_12_18_NHL_merged.csv,2025_12_18_NHL_final_scores.csv,moneyline
moneyline,2025020539,2025-12-18,home,away,0.577,0.5804780769889656,1.625,2.35,-160.0,135.0,,,0.0,False,1.0,4.0,0.0,2025_12_18_NHL_merged.csv,2025_12_18_NHL_final_scores.csv,moneyline
moneyline,2025020540,2025-12-18,home,away,0.499,0.5453856101163209,2.0,1.8333333333333335,100.0,-120.0,,,0.0,False,0.0,2.0,5.0,2025_12_18_NHL_merged.csv,2025_12_18_NHL_final_scores.csv,moneyline
moneyline,2025020541,2025-12-18,home,away,0.403,0.4050998406037168,2.2,1.6896551724137931,120.0,-145.0,,,0.0,False,0.0,1.0,2.0,2025_12_18_NHL_merged.csv,2025_12_18_NHL_final_scores.csv,moneyline
moneyline,2025020542,2025-12-18,home,away,0.599,0.5938598147188305,1.5882352941176472,2.4,-170.0,140.0,,,0.0,False,1.0,4.0,2.0,2025_12_18_NHL_merged.csv,2025_12_18_NHL_final_scores.csv,moneyline
moneyline,2025020543,2025-12-18,home,away,0.343,0.31163475625800907,2.8,1.4545454545454546,180.0,-220.0,,,0.0,False,0.0,3.0,5.0,2025_12_18_NHL_merged.csv,2025_12_18_NHL_final_scores.csv,moneyline
moneyline,2025020544,2025-12-19,home,away,0.537,0.5599174117430178,1.9523809523809523,1.8695652173913042,-105.0,-115.0,,,0.0,False,1.0,4.0,3.0,2025_12_19_NHL_merged.csv,2025_12_19_NHL_final_scores.csv,moneyline
moneyline,2025020545,2025-12-19,home,away,0.628,0.6215989528081244,1.6896551724137931,2.2,-145.0,120.0,,,0.0,False,0.0,1.0,4.0,2025_12_19_NHL_merged.csv,2025_12_19_NHL_final_scores.csv,moneyline
moneyline,2025020546,2025-12-19,home,away,0.713,0.6802067929602974,1.425531914893617,2.9,-235.0,190.0,,,0.0,False,1.0,3.0,2.0,2025_12_19_NHL_merged.csv,2025_12_19_NHL_final_scores.csv,moneyline
moneyline,2025020547,2025-12-19,home,away,0.555,0.5568884085359994,1.7407407407407407,2.1,-135.0,110.0,,,0.0,False,0.0,1.0,2.0,2025_12_19_NHL_merged.csv,2025_12_19_NHL_final_scores.csv,moneyline
moneyline,2025020548,2025-12-19,home,away,0.475,0.49811810512654126,1.9523809523809523,1.8695652173913042,-105.0,-115.0,,,0.0,False,0.0,3.0,8.0,2025_12_19_NHL_merged.csv,2025_12_19_NHL_final_scores.csv,moneyline
moneyline,2025020549,2025-12-20,home,away,0.556,0.5527901625286106,1.6896551724137931,2.1799999999999997,-145.0,118.0,,,0.0,False,1.0,5.0,4.0,2025_12_20_NHL_merged.csv,2025_12_20_NHL_final_scores.csv,moneyline
moneyline,2025020550,2025-12-20,home,away,0.623,0.6201686797470821,1.5405405405405406,2.5,-185.0,150.0,,,0.0,False,0.0,2.0,5.0,2025_12_20_NHL_merged.csv,2025_12_20_NHL_final_scores.csv,moneyline
moneyline,2025020551,2025-12-20,home,away,0.678,0.6522994308293905,1.3636363636363638,3.2,-275.0,220.0,,,0.0,False,1.0,6.0,4.0,2025_12_20_NHL_merged.csv,2025_12_20_NHL_final_scores.csv,moneyline
moneyline,2025020552,2025-12-20,home,away,0.506,0.4649954971122067,1.8695652173913042,1.9523809523809523,-115.0,-105.0,,,0.0,False,1.0,5.0,2.0,2025_12_20_NHL_merged.csv,2025_12_20_NHL_final_scores.csv,moneyline
moneyline,2025020553,2025-12-20,home,away,0.562,0.5656491549684048,1.6666666666666665,2.25,-150.0,125.0,,,0.0,False,1.0,3.0,2.0,2025_12_20_NHL_merged.csv,2025_12_20_NHL_final_scores.csv,moneyline
moneyline,2025020554,2025-12-20,home,away,0.697,0.6944518640653337,1.5405405405405406,2.5,-185.0,150.0,,,0.0,False,0.0,2.0,6.0,2025_12_20_NHL_merged.csv,2025_12_20_NHL_final_scores.csv,moneyline
moneyline,2025020555,2025-12-20,home,away,0.59,0.5934465011823481,1.625,2.35,-160.0,135.0,,,0.0,False,0.0,4.0,5.0,2025_12_20_NHL_merged.csv,2025_12_20_NHL_final_scores.csv,moneyline
moneyline,2025020556,2025-12-20,home,away,0.582,0.5856053912619027,1.6666666666666665,2.25,-150.0,125.0,,,0.0,False,1.0,4.0,0.0,2025_12_20_NHL_merged.csv,2025_12_20_NHL_final_scores.csv,moneyline
moneyline,2025020557,2025-12-20,home,away,0.509,0.46798269334775544,1.8695652173913042,1.9523809523809523,-115.0,-105.0,,,0.0,False,1.0,6.0,4.0,2025_12_20_NHL_merged.csv,2025_12_20_NHL_final_scores.csv,moneyline
moneyline,2025020558,2025-12-20,home,away,0.453,0.4539582319115449,2.15,1.7142857142857144,115.0,-140.0,,,0.0,False,1.0,5.0,3.0,2025_12_20_NHL_merged.csv,2025_12_20_NHL_final_scores.csv,moneyline
moneyline,2025020559,2025-12-20,home,away,0.426,0.4398811124143575,2.25,1.6666666666666665,125.0,-150.0,,,0.0,False,1.0,6.0,3.0,2025_12_20_NHL_merged.csv,2025_12_20_NHL_final_scores.csv,moneyline
moneyline,2025020560,2025-12-20,home,away,0.52,0.4789609587075985,1.8695652173913042,1.9523809523809523,-115.0,-105.0,,,0.0,False,1.0,4.0,3.0,2025_12_20_NHL_merged.csv,2025_12_20_NHL_final_scores.csv,moneyline
moneyline,2025020561,2025-12-20,home,away,0.539,0.5405357046423771,1.9090909090909092,1.9090909090909092,-110.0,-110.0,,,0.0,False,0.0,2.0,4.0,2025_12_20_NHL_merged.csv,2025_12_20_NHL_final_scores.csv,moneyline
moneyline,2025020562,2025-12-21,home,away,0.486,0.5091342841266902,1.9523809523809523,1.8695652173913042,-105.0,-115.0,,,0.0,False,1.0,3.0,2.0,2025_12_21_NHL_merged.csv,2025_12_21_NHL_final_scores.csv,moneyline
moneyline,2025020563,2025-12-21,home,away,0.335,0.3874644235694183,2.45,1.5714285714285714,145.0,-175.0,,,0.0,False,0.0,1.0,5.0,2025_12_21_NHL_merged.csv,2025_12_21_NHL_final_scores.csv,moneyline
moneyline,2025020564,2025-12-21,home,away,0.466,0.46696225559025273,2.15,1.7142857142857144,115.0,-140.0,,,0.0,False,0.0,2.0,6.0,2025_12_21_NHL_merged.csv,2025_12_21_NHL_final_scores.csv,moneyline
moneyline,2025020565,2025-12-21,home,away,0.596,0.5995677191637359,1.6666666666666665,2.25,-150.0,125.0,,,0.0,False,0.0,1.0,3.0,2025_12_21_NHL_merged.csv,2025_12_21_NHL_final_scores.csv,moneyline
moneyline,2025020566,2025-12-21,home,away,0.483,0.44219097038277644,1.8695652173913042,1.9523809523809523,-115.0,-105.0,,,0.0,False,1.0,4.0,3.0,2025_12_21_NHL_merged.csv,2025_12_21_NHL_final_scores.csv,moneyline
moneyline,2025020567,2025-12-21,home,away,0.455,0.5013887841109381,2.0,1.8333333333333335,100.0,-120.0,,,0.0,False,1.0,2.0,1.0,2025_12_21_NHL_merged.csv,2025_12_21_NHL_final_scores.csv,moneyline
moneyline,2025020568,2025-12-21,home,away,0.646,0.6219859674449617,1.4761904761904763,2.7,-210.0,170.0,,,0.0,False,1.0,5.0,1.0,2025_12_21_NHL_merged.csv,2025_12_21_NHL_final_scores.csv,moneyline
moneyline,2025020569,2025-12-21,home,away,0.566,0.5253036027601665,1.847457627118644,1.9803921568627452,-118.0,-102.0,,,0.0,False,1.0,4.0,3.0,2025_12_21_NHL_merged.csv,2025_12_21_NHL_final_scores.csv,moneyline
moneyline,2025020570,2025-12-21,home,away,0.548,0.5516727470505617,1.6666666666666665,2.25,-150.0,125.0,,,0.0,False,1.0,4.0,3.0,2025_12_21_NHL_merged.csv,2025_12_21_NHL_final_scores.csv,moneyline
moneyline,2025020571,2025-12-22,home,away,0.675,0.6400567822679195,1.425531914893617,2.95,-235.0,195.0,,,0.0,False,1.0,4.0,1.0,2025_12_22_NHL_merged.csv,2025_12_22_NHL_final_scores.csv,moneyline
moneyline,2025020572,2025-12-22,home,away,0.581,0.5828610017733483,1.7407407407407407,2.1,-135.0,110.0,,,0.0,False,1.0,5.0,2.0,2025_12_22_NHL_merged.csv,2025_12_22_NHL_final_scores.csv,moneyline
moneyline,2025020573,2025-12-22,home,away,0.635,0.6106894637956405,1.4761904761904763,2.7,-210.0,170.0,,,0.0,False,0.0,1.0,3.0,2025_12_22_NHL_merged.csv,2025_12_22_NHL_final_scores.csv,moneyline
moneyline,2025020574,2025-12-22,home,away,0.595,0.5835035366456689,1.526315789473684,2.54,-190.0,154.0,,,0.0,False,0.0,1.0,3.0,2025_12_22_NHL_merged.csv,2025_12_22_NHL_final_scores.csv,moneyline
moneyline,2025020575,2025-12-23,home,away,0.605,0.6018907579167035,1.6896551724137931,2.1799999999999997,-145.0,118.0,,,0.0,False,1.0,6.0,3.0,2025_12_23_NHL_merged.csv,2025_12_23_NHL_final_scores.csv,moneyline
moneyline,2025020576,2025-12-23,home,away,0.596,0.5908476266750465,1.5882352941176472,2.4,-170.0,140.0,,,0.0,False,0.0,3.0,7.0,2025_12_23_NHL_merged.csv,2025_12_23_NHL_final_scores.csv,moneyline
moneyline,2025020577,2025-12-23,home,away,0.538,0.5389808591233305,1.8333333333333335,2.0,-120.0,100.0,,,0.0,False,0.0,2.0,6.0,2025_12_23_NHL_merged.csv,2025_12_23_NHL_final_scores.csv,moneyline
moneyline,2025020578,2025-12-23,home,away,0.579,0.5824735319080532,1.625,2.35,-160.0,135.0,,,0.0,False,0.0,2.0,3.0,2025_12_23_NHL_merged.csv,2025_12_23_NHL_final_scores.csv,moneyline
moneyline,2025020579,2025-12-23,home,away,0.431,0.4554234355742671,2.1,1.7407407407407407,110.0,-135.0,,,0.0,False,1.0,4.0,3.0,2025_12_23_NHL_merged.csv,2025_12_23_NHL_final_scores.csv,moneyline
moneyline,2025020580,2025-12-23,home,away,0.508,0.554296610711344,2.0,1.8333333333333335,100.0,-120.0,,,0.0,False,1.0,2.0,1.0,2025_12_23_NHL_merged.csv,2025_12_23_NHL_final_scores.csv,moneyline
moneyline,2025020581,2025-12-23,home,away,0.544,0.5476784217912346,1.6666666666666665,2.25,-150.0,125.0,,,0.0,False,0.0,2.0,5.0,2025_12_23_NHL_merged.csv,2025_12_23_NHL_final_scores.csv,moneyline
moneyline,2025020582,2025-12-23,home,away,0.62,0.6254612888270746,1.5,2.65,-200.0,165.0,,,0.0,False,0.0,2.0,3.0,2025_12_23_NHL_merged.csv,2025_12_23_NHL_final_scores.csv,moneyline
moneyline,2025020583,2025-12-23,home,away,0.457,0.503404346742485,2.05,1.8,105.0,-125.0,,,0.0,False,0.0,1.0,3.0,2025_12_23_NHL_merged.csv,2025_12_23_NHL_final_scores.csv,moneyline
moneyline,2025020584,2025-12-23,home,away,0.683,0.6574969074567705,1.3636363636363638,3.2,-275.0,220.0,,,0.0,False,1.0,1.0,0.0,2025_12_23_NHL_merged.csv,2025_12_23_NHL_final_scores.csv,moneyline
moneyline,2025020585,2025-12-23,home,away,0.615,0.6036931221377253,1.526315789473684,2.54,-190.0,154.0,,,0.0,False,1.0,5.0,1.0,2025_12_23_NHL_merged.csv,2025_12_23_NHL_final_scores.csv,moneyline
moneyline,2025020587,2025-12-23,home,away,0.678,0.6522994308293905,1.3636363636363638,3.2,-275.0,220.0,,,0.0,False,0.0,2.0,3.0,2025_12_23_NHL_merged.csv,2025_12_23_NHL_final_scores.csv,moneyline
moneyline,2025020588,2025-12-27,home,away,0.565,0.5659697813294677,1.8,2.05,-125.0,105.0,,,0.0,False,1.0,2.0,0.0,2025_12_27_NHL_merged.csv,2025_12_27_NHL_final_scores.csv,moneyline
moneyline,2025020589,2025-12-27,home,away,0.573,0.5826597541447618,1.6451612903225805,2.3,-155.0,130.0,,,0.0,False,1.0,4.0,1.0,2025_12_27_NHL_merged.csv,2025_12_27_NHL_final_scores.csv,moneyline
moneyline,2025020590,2025-12-27,home,away,0.512,0.47097283262729606,1.847457627118644,1.9803921568627452,-118.0,-102.0,,,0.0,False,1.0,7.0,5.0,2025_12_27_NHL_merged.csv,2025_12_27_NHL_final_scores.csv,moneyline
moneyline,2025020591,2025-12-27,home,away,0.581,0.5819605032790722,1.8,2.05,-125.0,105.0,,,0.0,False,0.0,2.0,4.0,2025_12_27_NHL_merged.csv,2025_12_27_NHL_final_scores.csv,moneyline
moneyline,2025020592,2025-12-27,home,away,0.507,0.5079864847938351,1.8,2.05,-125.0,105.0,,,0.0,False,0.0,3.0,4.0,2025_12_27_NHL_merged.csv,2025_12_27_NHL_final_scores.csv,moneyline
moneyline,2025020593,2025-12-27,home,away,0.619,0.5943046410130505,1.4761904761904763,2.7,-210.0,170.0,,,0.0,False,1.0,5.0,2.0,2025_12_27_NHL_merged.csv,2025_12_27_NHL_final_scores.csv,moneyline
moneyline,2025020594,2025-12-27,home,away,0.501,0.46002336502572455,1.847457627118644,1.9803921568627452,-118.0,-102.0,,,0.0,False,0.0,3.0,4.0,2025_12_27_NHL_merged.csv,2025_12_27_NHL_final_scores.csv,moneyline
moneyline,2025020595,2025-12-27,home,away,0.498,0.49898669744381036,1.8,2.05,-125.0,105.0,,,0.0,False,1.0,3.0,2.0,2025_12_27_NHL_merged.csv,2025_12_27_NHL_final_scores.csv,moneyline
moneyline,2025020596,2025-12-27,home,away,0.729,0.7069229305571195,1.2666666666666666,4.0,-375.0,300.0,,,0.0,False,0.0,3.0,4.0,2025_12_27_NHL_merged.csv,2025_12_27_NHL_final_scores.csv,moneyline
moneyline,2025020597,2025-12-27,home,away,0.571,0.5746309255253423,1.6666666666666665,2.25,-150.0,125.0,,,0.0,False,1.0,6.0,1.0,2025_12_27_NHL_merged.csv,2025_12_27_NHL_final_scores.csv,moneyline
moneyline,2025020598,2025-12-27,home,away,0.449,0.49533303679689095,2.05,1.8,105.0,-125.0,,,0.0,False,1.0,3.0,2.0,2025_12_27_NHL_merged.csv,2025_12_27_NHL_final_scores.csv,moneyline
moneyline,2025020599,2025-12-27,home,away,0.594,0.6035134082408171,1.6451612903225805,2.3,-155.0,130.0,,,0.0,False,0.0,3.0,6.0,2025_12_27_NHL_merged.csv,2025_12_27_NHL_final_scores.csv,moneyline
moneyline,2025020600,2025-12-27,home,away,0.388,0.41175003071927796,2.15,1.7407407407407407,115.0,-135.0,,,0.0,False,0.0,5.0,6.0,2025_12_27_NHL_merged.csv,2025_12_27_NHL_final_scores.csv,moneyline
moneyline,2025020601,2025-12-28,home,away,0.567,0.5638072982045549,1.7142857142857144,2.15,-140.0,115.0,,,0.0,False,1.0,3.0,2.0,2025_12_28_NHL_merged.csv,2025_12_28_NHL_final_scores.csv,moneyline
moneyline,2025020602,2025-12-28,home,away,0.587,0.5905926020048626,1.6666666666666665,2.25,-150.0,125.0,,,0.0,False,1.0,5.0,4.0,2025_12_28_NHL_merged.csv,2025_12_28_NHL_final_scores.csv,moneyline
moneyline,2025020603,2025-12-28,home,away,0.527,0.5201888569647708,1.6896551724137931,2.2,-145.0,120.0,,,0.0,False,1.0,4.0,2.0,2025_12_28_NHL_merged.csv,2025_12_28_NHL_final_scores.csv,moneyline
moneyline,2025020604,2025-12-28,home,away,0.464,0.5208438901598078,2.4,1.5882352941176472,140.0,-170.0,,,0.0,False,0.0,3.0,7.0,2025_12_28_NHL_merged.csv,2025_12_28_NHL_final_scores.csv,moneyline
moneyline,2025020605,2025-12-28,home,away,0.461,0.4856723943135834,2.1,1.7407407407407407,110.0,-135.0,,,0.0,False,1.0,4.0,1.0,2025_12_28_NHL_merged.csv,2025_12_28_NHL_final_scores.csv,moneyline
moneyline,2025020606,2025-12-29,home,away,0.623,0.5979608870320215,1.4545454545454546,2.8,-220.0,180.0,,,0.0,False,0.0,1.0,4.0,2025_12_29_NHL_merged.csv,2025_12_29_NHL_final_scores.csv,moneyline
moneyline,2025020607,2025-12-29,home,away,0.559,0.5608848642425799,1.7407407407407407,2.1,-135.0,110.0,,,0.0,False,1.0,5.0,3.0,2025_12_29_NHL_merged.csv,2025_12_29_NHL_final_scores.csv,moneyline
moneyline,2025020608,2025-12-29,home,away,0.632,0.629196041276749,1.5405405405405406,2.5,-185.0,150.0,,,0.0,False,1.0,3.0,2.0,2025_12_29_NHL_merged.csv,2025_12_29_NHL_final_scores.csv,moneyline
moneyline,2025020609,2025-12-29,home,away,0.492,0.5384342297792508,2.05,1.8,105.0,-125.0,,,0.0,False,0.0,1.0,3.0,2025_12_29_NHL_merged.csv,2025_12_29_NHL_final_scores.csv,moneyline
moneyline,2025020610,2025-12-29,home,away,0.465,0.4880838823420247,1.9803921568627452,1.847457627118644,-102.0,-118.0,,,0.0,False,0.0,2.0,4.0,2025_12_29_NHL_merged.csv,2025_12_29_NHL_final_scores.csv,moneyline
moneyline,2025020611,2025-12-29,home,away,0.688,0.6537375020374244,1.425531914893617,2.95,-235.0,195.0,,,0.0,False,1.0,5.0,2.0,2025_12_29_NHL_merged.csv,2025_12_29_NHL_final_scores.csv,moneyline
moneyline,2025020612,2025-12-29,home,away,0.61,0.6133885450962671,1.625,2.35,-160.0,135.0,,,0.0,False,0.0,3.0,4.0,2025_12_29_NHL_merged.csv,2025_12_29_NHL_final_scores.csv,moneyline
moneyline,2025020613,2025-12-29,home,away,0.55,0.5518924951176416,1.7407407407407407,2.1,-135.0,110.0,,,0.0,False,1.0,2.0,1.0,2025_12_29_NHL_merged.csv,2025_12_29_NHL_final_scores.csv,moneyline
moneyline,2025020614,2025-12-29,home,away,0.532,0.5329825398038636,1.8,2.05,-125.0,105.0,,,0.0,False,0.0,2.0,5.0,2025_12_29_NHL_merged.csv,2025_12_29_NHL_final_scores.csv,moneyline
moneyline,2025020615,2025-12-29,home,away,0.615,0.6204891619334646,1.5,2.65,-200.0,165.0,,,0.0,False,0.0,4.0,5.0,2025_12_29_NHL_merged.csv,2025_12_29_NHL_final_scores.csv,moneyline
moneyline,2025020616,2025-12-29,home,away,0.466,0.5124557528320399,2.0,1.8333333333333335,100.0,-120.0,,,0.0,False,0.0,2.0,3.0,2025_12_29_NHL_merged.csv,2025_12_29_NHL_final_scores.csv,moneyline
moneyline,2025020617,2025-12-30,home,away,0.493,0.49454524153211393,1.9090909090909092,1.9090909090909092,-110.0,-110.0,,,0.0,False,1.0,4.0,0.0,2025_12_30_NHL_merged.csv,2025_12_30_NHL_final_scores.csv,moneyline
moneyline,2025020618,2025-12-30,home,away,0.596,0.5995677191637359,1.6666666666666665,2.25,-150.0,125.0,,,0.0,False,0.0,2.0,3.0,2025_12_30_NHL_merged.csv,2025_12_30_NHL_final_scores.csv,moneyline
moneyline,2025020619,2025-12-30,home,away,0.412,0.457686431364607,2.05,1.8,105.0,-125.0,,,0.0,False,1.0,5.0,1.0,2025_12_30_NHL_merged.csv,2025_12_30_NHL_final_scores.csv,moneyline
moneyline,2025020620,2025-12-30,home,away,0.389,0.40252093571916325,2.25,1.6666666666666665,125.0,-150.0,,,0.0,False,0.0,2.0,3.0,2025_12_30_NHL_merged.csv,2025_12_30_NHL_final_scores.csv,moneyline
moneyline,2025020621,2025-12-30,home,away,0.468,0.4927045722173265,2.1,1.7407407407407407,110.0,-135.0,,,0.0,False,0.0,3.0,6.0,2025_12_30_NHL_merged.csv,2025_12_30_NHL_final_scores.csv,moneyline
moneyline,2025020622,2025-12-31,home,away,0.581,0.5844688730905602,1.625,2.35,-160.0,135.0,,,0.0,False,1.0,6.0,3.0,2025_12_31_NHL_merged.csv,2025_12_31_NHL_final_scores.csv,moneyline
moneyline,2025020623,2025-12-31,home,away,0.612,0.5867149569619707,1.4444444444444444,2.85,-225.0,185.0,,,0.0,False,0.0,2.0,4.0,2025_12_31_NHL_merged.csv,2025_12_31_NHL_final_scores.csv,moneyline
moneyline,2025020624,2025-12-31,home,away,0.456,0.4581640627355967,2.2,1.6896551724137931,120.0,-145.0,,,0.0,False,0.0,3.0,4.0,2025_12_31_NHL_merged.csv,2025_12_31_NHL_final_scores.csv,moneyline
moneyline,2025020625,2025-12-31,home,away,0.376,0.4307264907201312,2.45,1.5714285714285714,145.0,-175.0,,,0.0,False,1.0,4.0,3.0,2025_12_31_NHL_merged.csv,2025_12_31_NHL_final_scores.csv,moneyline
moneyline,2025020626,2025-12-31,home,away,0.533,0.5349035316906772,1.7407407407407407,2.1,-135.0,110.0,,,0.0,False,1.0,2.0,1.0,2025_12_31_NHL_merged.csv,2025_12_31_NHL_final_scores.csv,moneyline
moneyline,2025020627,2025-12-31,home,away,0.523,0.4819619264429388,1.8695652173913042,1.9523809523809523,-115.0,-105.0,,,0.0,False,0.0,2.0,3.0,2025_12_31_NHL_merged.csv,2025_12_31_NHL_final_scores.csv,moneyline
moneyline,2025020628,2025-12-31,home,away,0.622,0.6191657604900337,1.5405405405405406,2.5,-185.0,150.0,,,0.0,False,0.0,1.0,4.0,2025_12_31_NHL_merged.csv,2025_12_31_NHL_final_scores.csv,moneyline
moneyline,2025020629,2025-12-31,home,away,0.784,0.6972284359341447,1.2857142857142856,3.8,-350.0,280.0,,,0.0,False,1.0,6.0,1.0,2025_12_31_NHL_merged.csv,2025_12_31_NHL_final_scores.csv,moneyline
moneyline,2025020630,2025-12-31,home,away,0.538,0.5347689185944178,1.6896551724137931,2.1799999999999997,-145.0,118.0,,,0.0,False,1.0,5.0,1.0,2025_12_31_NHL_merged.csv,2025_12_31_NHL_final_scores.csv,moneyline
moneyline,2025020631,2025-12-31,home,away,0.623,0.6284440117747955,1.5,2.65,-200.0,165.0,,,0.0,False,0.0,2.0,6.0,2025_12_31_NHL_merged.csv,2025_12_31_NHL_final_scores.csv,moneyline
moneyline,2025020632,2026-01-01,home,away,0.542,0.5352143563738541,1.6896551724137931,2.2,-145.0,120.0,,,0.0,False,1.0,4.0,3.0,2026_01_01_NHL_merged.csv,2026_01_01_NHL_final_scores.csv,moneyline
moneyline,2025020633,2026-01-01,home,away,0.531,0.4899790068551075,1.8695652173913042,1.9523809523809523,-115.0,-105.0,,,0.0,False,0.0,2.0,7.0,2026_01_01_NHL_merged.csv,2026_01_01_NHL_final_scores.csv,moneyline
moneyline,2025020634,2026-01-01,home,away,0.558,0.551255143119855,1.6896551724137931,2.2,-145.0,120.0,,,0.0,False,1.0,6.0,5.0,2026_01_01_NHL_merged.csv,2026_01_01_NHL_final_scores.csv,moneyline
moneyline,2025020635,2026-01-01,home,away,0.521,0.517756596945527,1.7142857142857144,2.15,-140.0,115.0,,,0.0,False,1.0,4.0,3.0,2026_01_01_NHL_merged.csv,2026_01_01_NHL_final_scores.csv,moneyline
moneyline,2025020636,2026-01-01,home,away,0.625,0.6004425116350042,1.4761904761904763,2.7,-210.0,170.0,,,0.0,False,0.0,5.0,7.0,2026_01_01_NHL_merged.csv,2026_01_01_NHL_final_scores.csv,moneyline
moneyline,2025020637,2026-01-01,home,away,0.37,0.3956317987755448,2.5,1.5405405405405406,150.0,-185.0,,,0.0,False,1.0,4.0,3.0,2026_01_01_NHL_merged.csv,2026_01_01_NHL_final_scores.csv,moneyline
moneyline,2025020638,2026-01-01,home,away,0.475,0.4759843358038027,1.8,2.05,-125.0,105.0,,,0.0,False,1.0,4.0,1.0,2026_01_01_NHL_merged.csv,2026_01_01_NHL_final_scores.csv,moneyline
moneyline,2025020639,2026-01-01,home,away,0.534,0.5307653429588107,1.7142857142857144,2.15,-140.0,115.0,,,0.0,False,0.0,3.0,5.0,2026_01_01_NHL_merged.csv,2026_01_01_NHL_final_scores.csv,moneyline
moneyline,2025020640,2026-01-02,home,away,0.396,0.3980876880749683,2.2,1.6896551724137931,120.0,-145.0,,,0.0,False,1.0,4.0,3.0,2026_01_02_NHL_merged.csv,2026_01_02_NHL_final_scores.csv,moneyline
moneyline,2025020641,2026-01-02,home,away,0.564,0.5522873985744385,2.3,1.6451612903225805,130.0,-155.0,,,0.0,False,0.0,1.0,5.0,2026_01_02_NHL_merged.csv,2026_01_02_NHL_final_scores.csv,moneyline
moneyline,2025020642,2026-01-02,home,away,0.586,0.5744307876319955,1.526315789473684,2.55,-190.0,155.0,,,0.0,False,0.0,3.0,4.0,2026_01_02_NHL_merged.csv,2026_01_02_NHL_final_scores.csv,moneyline
moneyline,2025020643,2026-01-02,home,away,0.459,0.48205440534769295,1.9523809523809523,1.8695652173913042,-105.0,-115.0,,,0.0,False,0.0,2.0,5.0,2026_01_02_NHL_merged.csv,2026_01_02_NHL_final_scores.csv,moneyline
moneyline,2025020644,2026-01-03,home,away,0.569,0.5726351836146922,1.6666666666666665,2.25,-150.0,125.0,,,0.0,False,0.0,1.0,4.0,2026_01_03_NHL_merged.csv,2026_01_03_NHL_final_scores.csv,moneyline
moneyline,2025020645,2026-01-03,home,away,0.502,0.5057093806845195,1.6666666666666665,2.25,-150.0,125.0,,,0.0,False,1.0,4.0,1.0,2026_01_03_NHL_merged.csv,2026_01_03_NHL_final_scores.csv,moneyline
moneyline,2025020646,2026-01-03,home,away,0.519,0.5205430646656247,1.9090909090909092,1.9090909090909092,-110.0,-110.0,,,0.0,False,1.0,5.0,1.0,2026_01_03_NHL_merged.csv,2026_01_03_NHL_final_scores.csv,moneyline
moneyline,2025020647,2026-01-03,home,away,0.578,0.5663726572918104,1.526315789473684,2.54,-190.0,154.0,,,0.0,False,0.0,2.0,5.0,2026_01_03_NHL_merged.csv,2026_01_03_NHL_final_scores.csv,moneyline
moneyline,2025020648,2026-01-03,home,away,0.436,0.4821654488953231,2.0,1.8333333333333335,100.0,-120.0,,,0.0,False,1.0,2.0,0.0,2026_01_03_NHL_merged.csv,2026_01_03_NHL_final_scores.csv,moneyline
moneyline,2025020649,2026-01-03,home,away,0.39,0.36717975382574164,2.7,1.4761904761904763,170.0,-210.0,,,0.0,False,0.0,3.0,7.0,2026_01_03_NHL_merged.csv,2026_01_03_NHL_final_scores.csv,moneyline
moneyline,2025020650,2026-01-03,home,away,0.572,0.5653023511266289,1.6896551724137931,2.2,-145.0,120.0,,,0.0,False,1.0,4.0,2.0,2026_01_03_NHL_merged.csv,2026_01_03_NHL_final_scores.csv,moneyline
moneyline,2025020651,2026-01-03,home,away,0.537,0.4960056966626719,1.8695652173913042,1.9523809523809523,-115.0,-105.0,,,0.0,False,1.0,4.0,3.0,2026_01_03_NHL_merged.csv,2026_01_03_NHL_final_scores.csv,moneyline
moneyline,2025020652,2026-01-03,home,away,0.67,0.703983152648347,1.3076923076923077,3.6,-325.0,260.0,,,0.0,False,0.0,2.0,3.0,2026_01_03_NHL_merged.csv,2026_01_03_NHL_final_scores.csv,moneyline
moneyline,2025020653,2026-01-03,home,away,0.418,0.4201229969258311,2.2,1.6896551724137931,120.0,-145.0,,,0.0,False,0.0,3.0,5.0,2026_01_03_NHL_merged.csv,2026_01_03_NHL_final_scores.csv,moneyline
moneyline,2025020654,2026-01-03,home,away,0.545,0.5459785393329603,1.8,2.05,-125.0,105.0,,,0.0,False,0.0,3.0,4.0,2026_01_03_NHL_merged.csv,2026_01_03_NHL_final_scores.csv,moneyline
moneyline,2025020655,2026-01-03,home,away,0.534,0.5271992236365942,1.6896551724137931,2.2,-145.0,120.0,,,0.0,False,1.0,5.0,4.0,2026_01_03_NHL_merged.csv,2026_01_03_NHL_final_scores.csv,moneyline
moneyline,2025020656,2026-01-03,home,away,0.479,0.5021265869706237,1.9523809523809523,1.8695652173913042,-105.0,-115.0,,,0.0,False,0.0,2.0,3.0,2026_01_03_NHL_merged.csv,2026_01_03_NHL_final_scores.csv,moneyline
moneyline,2025020657,2026-01-04,home,away,0.641,0.6164203209525008,1.4545454545454546,2.8,-220.0,180.0,,,0.0,False,0.0,3.0,4.0,2026_01_04_NHL_merged.csv,2026_01_04_NHL_final_scores.csv,moneyline
moneyline,2025020658,2026-01-04,home,away,0.553,0.5548900890087769,1.7407407407407407,2.1,-135.0,110.0,,,0.0,False,0.0,4.0,5.0,2026_01_04_NHL_merged.csv,2026_01_04_NHL_final_scores.csv,moneyline
moneyline,2025020659,2026-01-04,home,away,0.429,0.47504855211995994,2.0,1.8333333333333335,100.0,-120.0,,,0.0,False,1.0,2.0,1.0,2026_01_04_NHL_merged.csv,2026_01_04_NHL_final_scores.csv,moneyline
moneyline,2025020660,2026-01-04,home,away,0.474,0.5204759508640261,2.0,1.8333333333333335,100.0,-120.0,,,0.0,False,0.0,1.0,3.0,2026_01_04_NHL_merged.csv,2026_01_04_NHL_final_scores.csv,moneyline
moneyline,2025020661,2026-01-04,home,away,0.354,0.22513475114111225,3.2,1.3636363636363638,220.0,-275.0,,,0.0,False,1.0,3.0,2.0,2026_01_04_NHL_merged.csv,2026_01_04_NHL_final_scores.csv,moneyline
moneyline,2025020662,2026-01-05,home,away,0.502,0.5022592776202496,1.7692307692307692,2.05,-130.0,105.0,,,0.0,False,0.0,2.0,3.0,2026_01_05_NHL_merged.csv,2026_01_05_NHL_final_scores.csv,moneyline
moneyline,2025020663,2026-01-05,home,away,0.589,0.582374148089505,1.6896551724137931,2.2,-145.0,120.0,,,0.0,False,1.0,7.0,4.0,2026_01_05_NHL_merged.csv,2026_01_05_NHL_final_scores.csv,moneyline
moneyline,2025020664,2026-01-05,home,away,0.575,0.5786220543830465,1.6666666666666665,2.25,-150.0,125.0,,,0.0,False,0.0,3.0,5.0,2026_01_05_NHL_merged.csv,2026_01_05_NHL_final_scores.csv,moneyline
moneyline,2025020665,2026-01-05,home,away,0.585,0.5884592142847257,1.625,2.35,-160.0,135.0,,,0.0,False,0.0,1.0,5.0,2026_01_05_NHL_merged.csv,2026_01_05_NHL_final_scores.csv,moneyline
moneyline,2025020666,2026-01-05,home,away,0.514,0.5155441322838642,1.9090909090909092,1.9090909090909092,-110.0,-110.0,,,0.0,False,1.0,4.0,2.0,2026_01_05_NHL_merged.csv,2026_01_05_NHL_final_scores.csv,moneyline
moneyline,2025020667,2026-01-06,home,away,0.588,0.5828170156038377,1.5714285714285714,2.45,-175.0,145.0,,,0.0,False,1.0,5.0,3.0,2026_01_06_NHL_merged.csv,2026_01_06_NHL_final_scores.csv,moneyline
moneyline,2025020668,2026-01-06,home,away,0.426,0.4719927165468352,2.0,1.8333333333333335,100.0,-120.0,,,0.0,False,1.0,4.0,2.0,2026_01_06_NHL_merged.csv,2026_01_06_NHL_final_scores.csv,moneyline
moneyline,2025020669,2026-01-06,home,away,0.525,0.5259841415730687,1.8,2.05,-125.0,105.0,,,0.0,False,1.0,9.0,0.0,2026_01_06_NHL_merged.csv,2026_01_06_NHL_final_scores.csv,moneyline
moneyline,2025020670,2026-01-06,home,away,0.585,0.5885978063972983,1.6666666666666665,2.25,-150.0,125.0,,,0.0,False,1.0,5.0,2.0,2026_01_06_NHL_merged.csv,2026_01_06_NHL_final_scores.csv,moneyline
moneyline,2025020671,2026-01-06,home,away,0.555,0.5568884085359994,1.7407407407407407,2.1,-135.0,110.0,,,0.0,False,1.0,6.0,3.0,2026_01_06_NHL_merged.csv,2026_01_06_NHL_final_scores.csv,moneyline
moneyline,2025020672,2026-01-06,home,away,0.457,0.503404346742485,2.05,1.8,105.0,-125.0,,,0.0,False,1.0,4.0,1.0,2026_01_06_NHL_merged.csv,2026_01_06_NHL_final_scores.csv,moneyline
moneyline,2025020673,2026-01-06,home,away,0.484,0.5071330122267507,1.9523809523809523,1.8695652173913042,-105.0,-115.0,,,0.0,False,0.0,3.0,4.0,2026_01_06_NHL_merged.csv,2026_01_06_NHL_final_scores.csv,moneyline
moneyline,2025020674,2026-01-06,home,away,0.595,0.5835035366456689,1.526315789473684,2.54,-190.0,154.0,,,0.0,False,1.0,6.0,2.0,2026_01_06_NHL_merged.csv,2026_01_06_NHL_final_scores.csv,moneyline
moneyline,2025020675,2026-01-06,home,away,0.466,0.4906963755367357,2.1,1.7407407407407407,110.0,-135.0,,,0.0,False,1.0,5.0,2.0,2026_01_06_NHL_merged.csv,2026_01_06_NHL_final_scores.csv,moneyline
moneyline,2025020676,2026-01-06,home,away,0.481,0.5057384475524863,2.1,1.7407407407407407,110.0,-135.0,,,0.0,False,1.0,7.0,4.0,2026_01_06_NHL_merged.csv,2026_01_06_NHL_final_scores.csv,moneyline
moneyline,2025020677,2026-01-07,home,away,0.524,0.5276996857946089,1.6666666666666665,2.25,-150.0,125.0,,,0.0,False,0.0,1.0,4.0,2026_01_07_NHL_merged.csv,2026_01_07_NHL_final_scores.csv,moneyline
moneyline,2025020678,2026-01-07,home,away,0.573,0.5764868259021472,1.625,2.35,-160.0,135.0,,,0.0,False,1.0,4.0,1.0,2026_01_07_NHL_merged.csv,2026_01_07_NHL_final_scores.csv,moneyline
moneyline,2025020679,2026-01-07,home,away,0.497,0.5434013446771999,2.0,1.8333333333333335,100.0,-120.0,,,0.0,False,1.0,7.0,3.0,2026_01_07_NHL_merged.csv,2026_01_07_NHL_final_scores.csv,moneyline
moneyline,2025020680,2026-01-07,home,away,0.549,0.5492567791099603,1.7692307692307692,2.05,-130.0,105.0,,,0.0,False,1.0,3.0,1.0,2026_01_07_NHL_merged.csv,2026_01_07_NHL_final_scores.csv,moneyline
moneyline,2025020681,2026-01-07,home,away,0.657,0.6102155781665245,1.3389830508474576,3.3,-295.0,230.0,,,0.0,False,0.0,3.0,4.0,2026_01_07_NHL_merged.csv,2026_01_07_NHL_final_scores.csv,moneyline
moneyline,2025020682,2026-01-08,home,away,0.555,0.5586616762642012,1.6666666666666665,2.25,-150.0,125.0,,,0.0,False,1.0,4.0,1.0,2026_01_08_NHL_merged.csv,2026_01_08_NHL_final_scores.csv,moneyline
moneyline,2025020683,2026-01-08,home,away,0.462,0.46416824135725865,2.2,1.6896551724137931,120.0,-145.0,,,0.0,False,1.0,6.0,2.0,2026_01_08_NHL_merged.csv,2026_01_08_NHL_final_scores.csv,moneyline
moneyline,2025020684,2026-01-08,home,away,0.599,0.5938598147188305,1.5882352941176472,2.4,-170.0,140.0,,,0.0,False,1.0,5.0,1.0,2026_01_08_NHL_merged.csv,2026_01_08_NHL_final_scores.csv,moneyline
moneyline,2025020685,2026-01-08,home,away,0.553,0.5545276120831149,1.9090909090909092,1.9090909090909092,-110.0,-110.0,,,0.0,False,0.0,2.0,5.0,2026_01_08_NHL_merged.csv,2026_01_08_NHL_final_scores.csv,moneyline
moneyline,2025020686,2026-01-08,home,away,0.546,0.54625707547659,1.7692307692307692,2.05,-130.0,105.0,,,0.0,False,0.0,1.0,2.0,2026_01_08_NHL_merged.csv,2026_01_08_NHL_final_scores.csv,moneyline
moneyline,2025020687,2026-01-08,home,away,0.503,0.5045453932802665,1.9090909090909092,1.9090909090909092,-110.0,-110.0,,,0.0,False,1.0,4.0,1.0,2026_01_08_NHL_merged.csv,2026_01_08_NHL_final_scores.csv,moneyline
moneyline,2025020688,2026-01-08,home,away,0.655,0.6308268055057177,1.4545454545454546,2.8,-220.0,180.0,,,0.0,False,1.0,5.0,2.0,2026_01_08_NHL_merged.csv,2026_01_08_NHL_final_scores.csv,moneyline
moneyline,2025020689,2026-01-08,home,away,0.477,0.4779847069623894,1.8333333333333335,2.0,-120.0,100.0,,,0.0,False,1.0,2.0,1.0,2026_01_08_NHL_merged.csv,2026_01_08_NHL_final_scores.csv,moneyline
moneyline,2025020690,2026-01-08,home,away,0.497,0.5201280414469424,1.9523809523809523,1.8695652173913042,-105.0,-115.0,,,0.0,False,0.0,3.0,4.0,2026_01_08_NHL_merged.csv,2026_01_08_NHL_final_scores.csv,moneyline
moneyline,2025020691,2026-01-08,home,away,0.699,0.7119721619095069,1.4,3.0,-250.0,200.0,,,0.0,False,1.0,8.0,2.0,2026_01_08_NHL_merged.csv,2026_01_08_NHL_final_scores.csv,moneyline
moneyline,2025020692,2026-01-08,home,away,0.603,0.6001148876909963,1.5405405405405406,2.5,-185.0,150.0,,,0.0,False,1.0,5.0,3.0,2026_01_08_NHL_merged.csv,2026_01_08_NHL_final_scores.csv,moneyline
moneyline,2025020693,2026-01-08,home,away,0.417,0.4308079540168824,2.25,1.6666666666666665,125.0,-150.0,,,0.0,False,0.0,2.0,3.0,2026_01_08_NHL_merged.csv,2026_01_08_NHL_final_scores.csv,moneyline
moneyline,2025020694,2026-01-09,home,away,0.411,0.4670081433579602,2.4,1.5882352941176472,140.0,-170.0,,,0.0,False,0.0,1.0,5.0,2026_01_09_NHL_merged.csv,2026_01_09_NHL_final_scores.csv,moneyline
moneyline,2025020695,2026-01-09,home,away,0.458,0.5044115627973073,2.05,1.8,105.0,-125.0,,,0.0,False,1.0,5.0,1.0,2026_01_09_NHL_merged.csv,2026_01_09_NHL_final_scores.csv,moneyline
moneyline,2025020696,2026-01-09,home,away,0.648,0.6513771178431833,1.6451612903225805,2.25,-155.0,125.0,,,0.0,False,1.0,4.0,2.0,2026_01_09_NHL_merged.csv,2026_01_09_NHL_final_scores.csv,moneyline
moneyline,2025020697,2026-01-10,home,away,0.482,0.4839101269680711,1.7407407407407407,2.1,-135.0,110.0,,,0.0,False,1.0,10.0,2.0,2026_01_10_NHL_merged.csv,2026_01_10_NHL_final_scores.csv,moneyline
moneyline,2025020698,2026-01-10,home,away,0.556,0.5596599763038259,1.6666666666666665,2.25,-150.0,125.0,,,0.0,False,0.0,1.0,2.0,2026_01_10_NHL_merged.csv,2026_01_10_NHL_final_scores.csv,moneyline
moneyline,2025020699,2026-01-10,home,away,0.726,0.6895144330958524,1.3508771929824561,3.25,-285.0,225.0,,,0.0,False,1.0,4.0,0.0,2026_01_10_NHL_merged.csv,2026_01_10_NHL_final_scores.csv,moneyline
moneyline,2025020700,2026-01-10,home,away,0.386,0.41201531414946996,2.5,1.5405405405405406,150.0,-185.0,,,0.0,False,1.0,5.0,4.0,2026_01_10_NHL_merged.csv,2026_01_10_NHL_final_scores.csv,moneyline
moneyline,2025020701,2026-01-10,home,away,0.567,0.5706393233688118,1.6666666666666665,2.25,-150.0,125.0,,,0.0,False,1.0,5.0,3.0,2026_01_10_NHL_merged.csv,2026_01_10_NHL_final_scores.csv,moneyline
moneyline,2025020702,2026-01-10,home,away,0.618,0.6129459907294595,1.5882352941176472,2.4,-170.0,140.0,,,0.0,False,1.0,5.0,0.0,2026_01_10_NHL_merged.csv,2026_01_10_NHL_final_scores.csv,moneyline
moneyline,2025020703,2026-01-10,home,away,0.547,0.5402255947434474,1.6896551724137931,2.2,-145.0,120.0,,,0.0,False,0.0,0.0,4.0,2026_01_10_NHL_merged.csv,2026_01_10_NHL_final_scores.csv,moneyline
moneyline,2025020704,2026-01-10,home,away,0.516,0.47496427059072627,1.8695652173913042,1.9523809523809523,-115.0,-105.0,,,0.0,False,0.0,2.0,3.0,2026_01_10_NHL_merged.csv,2026_01_10_NHL_final_scores.csv,moneyline
moneyline,2025020705,2026-01-10,home,away,0.441,0.4549824580417317,2.25,1.6666666666666665,125.0,-150.0,,,0.0,False,0.0,2.0,7.0,2026_01_10_NHL_merged.csv,2026_01_10_NHL_final_scores.csv,moneyline
moneyline,2025020706,2026-01-10,home,away,0.709,0.6526175077351681,1.3508771929824561,3.3,-285.0,230.0,,,0.0,False,1.0,3.0,2.0,2026_01_10_NHL_merged.csv,2026_01_10_NHL_final_scores.csv,moneyline
moneyline,2025020707,2026-01-10,home,away,0.619,0.6244669556549757,1.5,2.65,-200.0,165.0,,,0.0,False,0.0,0.0,3.0,2026_01_10_NHL_merged.csv,2026_01_10_NHL_final_scores.csv,moneyline
moneyline,2025020708,2026-01-10,home,away,0.573,0.5677670268685928,1.5714285714285714,2.45,-175.0,145.0,,,0.0,False,0.0,3.0,4.0,2026_01_10_NHL_merged.csv,2026_01_10_NHL_final_scores.csv,moneyline
moneyline,2025020709,2026-01-10,home,away,0.59,0.5848244106423394,1.5714285714285714,2.45,-175.0,145.0,,,0.0,False,0.0,3.0,4.0,2026_01_10_NHL_merged.csv,2026_01_10_NHL_final_scores.csv,moneyline
moneyline,2025020710,2026-01-10,home,away,0.685,0.6983151127010732,1.4,3.0,-250.0,200.0,,,0.0,False,1.0,4.0,2.0,2026_01_10_NHL_merged.csv,2026_01_10_NHL_final_scores.csv,moneyline
moneyline,2025020711,2026-01-11,home,away,0.522,0.5229847096783038,1.8333333333333335,2.0,-120.0,100.0,,,0.0,False,1.0,4.0,3.0,2026_01_11_NHL_merged.csv,2026_01_11_NHL_final_scores.csv,moneyline
moneyline,2025020712,2026-01-11,home,away,0.529,0.5749738498105458,2.0,1.8333333333333335,100.0,-120.0,,,0.0,False,1.0,1.0,0.0,2026_01_11_NHL_merged.csv,2026_01_11_NHL_final_scores.csv,moneyline
moneyline,2025020713,2026-01-11,home,away,0.439,0.45297043013303623,2.25,1.6666666666666665,125.0,-150.0,,,0.0,False,1.0,3.0,2.0,2026_01_11_NHL_merged.csv,2026_01_11_NHL_final_scores.csv,moneyline
moneyline,2025020714,2026-01-11,home,away,0.638,0.6352153707226864,1.5405405405405406,2.5,-185.0,150.0,,,0.0,False,0.0,2.0,3.0,2026_01_11_NHL_merged.csv,2026_01_11_NHL_final_scores.csv,moneyline
moneyline,2025020715,2026-01-11,home,away,0.394,0.44945930575317017,2.4,1.5882352941176472,140.0,-170.0,,,0.0,False,0.0,2.0,7.0,2026_01_11_NHL_merged.csv,2026_01_11_NHL_final_scores.csv,moneyline
moneyline,2025020716,2026-01-12,home,away,0.485,0.44416716496513736,1.8695652173913042,1.9523809523809523,-115.0,-105.0,,,0.0,False,0.0,3.0,4.0,2026_01_12_NHL_merged.csv,2026_01_12_NHL_final_scores.csv,moneyline
moneyline,2025020717,2026-01-12,home,away,0.427,0.4408886688642403,2.25,1.6666666666666665,125.0,-150.0,,,0.0,False,1.0,4.0,3.0,2026_01_12_NHL_merged.csv,2026_01_12_NHL_final_scores.csv,moneyline
moneyline,2025020718,2026-01-12,home,away,0.607,0.6105340565838799,1.6666666666666665,2.25,-150.0,125.0,,,0.0,False,0.0,2.0,4.0,2026_01_12_NHL_merged.csv,2026_01_12_NHL_final_scores.csv,moneyline
moneyline,2025020719,2026-01-12,home,away,0.429,0.44290343864129667,2.25,1.6666666666666665,125.0,-150.0,,,0.0,False,0.0,1.0,5.0,2026_01_12_NHL_merged.csv,2026_01_12_NHL_final_scores.csv,moneyline
moneyline,2025020720,2026-01-12,home,away,0.623,0.6117797586840863,1.526315789473684,2.54,-190.0,154.0,,,0.0,False,1.0,6.0,3.0,2026_01_12_NHL_merged.csv,2026_01_12_NHL_final_scores.csv,moneyline
moneyline,2025020721,2026-01-12,home,away,0.605,0.5998853512336799,1.5714285714285714,2.45,-175.0,145.0,,,0.0,False,0.0,2.0,5.0,2026_01_12_NHL_merged.csv,2026_01_12_NHL_final_scores.csv,moneyline
moneyline,2025020722,2026-01-12,home,away,0.404,0.4597988968005553,2.4,1.5882352941176472,140.0,-170.0,,,0.0,False,0.0,1.0,4.0,2026_01_12_NHL_merged.csv,2026_01_12_NHL_final_scores.csv,moneyline
moneyline,2025020723,2026-01-12,home,away,0.694,0.7070973516822018,1.4,3.0,-250.0,200.0,,,0.0,False,0.0,3.0,4.0,2026_01_12_NHL_merged.csv,2026_01_12_NHL_final_scores.csv,moneyline
moneyline,2025020724,2026-01-12,home,away,0.476,0.499120504263997,1.9523809523809523,1.8695652173913042,-105.0,-115.0,,,0.0,False,0.0,1.0,3.0,2026_01_12_NHL_merged.csv,2026_01_12_NHL_final_scores.csv,moneyline
moneyline,2025020725,2026-01-13,home,away,0.674,0.6390067655988385,1.425531914893617,2.95,-235.0,195.0,,,0.0,False,1.0,2.0,1.0,2026_01_13_NHL_merged.csv,2026_01_13_NHL_final_scores.csv,moneyline
moneyline,2025020726,2026-01-13,home,away,0.444,0.4902761748203571,2.0,1.8333333333333335,100.0,-120.0,,,0.0,False,0.0,1.0,2.0,2026_01_13_NHL_merged.csv,2026_01_13_NHL_final_scores.csv,moneyline
moneyline,2025020727,2026-01-13,home,away,0.586,0.5902842867026976,1.5555555555555556,2.45,-180.0,145.0,,,0.0,False,1.0,3.0,2.0,2026_01_13_NHL_merged.csv,2026_01_13_NHL_final_scores.csv,moneyline
moneyline,2025020728,2026-01-13,home,away,0.556,0.5492492771390185,1.6896551724137931,2.2,-145.0,120.0,,,0.0,False,1.0,5.0,3.0,2026_01_13_NHL_merged.csv,2026_01_13_NHL_final_scores.csv,moneyline
moneyline,2025020729,2026-01-13,home,away,0.525,0.5259841415730687,1.8,2.05,-125.0,105.0,,,0.0,False,1.0,3.0,0.0,2026_01_13_NHL_merged.csv,2026_01_13_NHL_final_scores.csv,moneyline
moneyline,2025020730,2026-01-13,home,away,0.372,0.3853026671080942,2.25,1.6666666666666665,125.0,-150.0,,,0.0,False,1.0,3.0,0.0,2026_01_13_NHL_merged.csv,2026_01_13_NHL_final_scores.csv,moneyline
moneyline,2025020731,2026-01-13,home,away,0.486,0.5091342841266902,1.9523809523809523,1.8695652173913042,-105.0,-115.0,,,0.0,False,1.0,4.0,3.0,2026_01_13_NHL_merged.csv,2026_01_13_NHL_final_scores.csv,moneyline
moneyline,2025020732,2026-01-13,home,away,0.519,0.5157556415533345,1.6896551724137931,2.1799999999999997,-145.0,118.0,,,0.0,False,1.0,5.0,4.0,2026_01_13_NHL_merged.csv,2026_01_13_NHL_final_scores.csv,moneyline
moneyline,2025020733,2026-01-13,home,away,0.587,0.5905926020048626,1.6666666666666665,2.25,-150.0,125.0,,,0.0,False,1.0,6.0,1.0,2026_01_13_NHL_merged.csv,2026_01_13_NHL_final_scores.csv,moneyline
moneyline,2025020734,2026-01-13,home,away,0.463,0.46453736618550595,1.9090909090909092,1.9090909090909092,-110.0,-110.0,,,0.0,False,1.0,3.0,1.0,2026_01_13_NHL_merged.csv,2026_01_13_NHL_final_scores.csv,moneyline
moneyline,2025020735,2026-01-14,home,away,0.6,0.6034189435710332,1.606060606060606,2.35,-165.0,135.0,,,0.0,False,1.0,3.0,2.0,2026_01_14_NHL_merged.csv,2026_01_14_NHL_final_scores.csv,moneyline
moneyline,2025020736,2026-01-14,home,away,0.55,0.5536697320062464,1.6666666666666665,2.25,-150.0,125.0,,,0.0,False,1.0,5.0,2.0,2026_01_14_NHL_merged.csv,2026_01_14_NHL_final_scores.csv,moneyline
moneyline,2025020737,2026-01-14,home,away,0.517,0.4759629500136213,1.8695652173913042,1.9523809523809523,-115.0,-105.0,,,0.0,False,0.0,4.0,8.0,2026_01_14_NHL_merged.csv,2026_01_14_NHL_final_scores.csv,moneyline
moneyline,2025020738,2026-01-14,home,away,0.474,0.4971155201186723,1.9523809523809523,1.8695652173913042,-105.0,-115.0,,,0.0,False,0.0,2.0,3.0,2026_01_14_NHL_merged.csv,2026_01_14_NHL_final_scores.csv,moneyline
moneyline,2025020739,2026-01-15,home,away,0.603,0.5978766671211561,1.5882352941176472,2.4,-170.0,140.0,,,0.0,False,1.0,4.0,2.0,2026_01_15_NHL_merged.csv,2026_01_15_NHL_final_scores.csv,moneyline
moneyline,2025020740,2026-01-15,home,away,0.492,0.4510940342182269,1.8695652173913042,1.9523809523809523,-115.0,-105.0,,,0.0,False,1.0,5.0,3.0,2026_01_15_NHL_merged.csv,2026_01_15_NHL_final_scores.csv,moneyline
moneyline,2025020741,2026-01-15,home,away,0.555,0.5586616762642012,1.6666666666666665,2.25,-150.0,125.0,,,0.0,False,1.0,6.0,3.0,2026_01_15_NHL_merged.csv,2026_01_15_NHL_final_scores.csv,moneyline
moneyline,2025020742,2026-01-15,home,away,0.638,0.6433514064599842,1.5,2.65,-200.0,165.0,,,0.0,False,0.0,2.0,3.0,2026_01_15_NHL_merged.csv,2026_01_15_NHL_final_scores.csv,moneyline
moneyline,2025020743,2026-01-15,home,away,0.61,0.604907813933577,1.5714285714285714,2.45,-175.0,145.0,,,0.0,False,1.0,4.0,1.0,2026_01_15_NHL_merged.csv,2026_01_15_NHL_final_scores.csv,moneyline
moneyline,2025020744,2026-01-15,home,away,0.583,0.5864641005462101,1.625,2.35,-160.0,135.0,,,0.0,False,0.0,2.0,6.0,2026_01_15_NHL_merged.csv,2026_01_15_NHL_final_scores.csv,moneyline
moneyline,2025020745,2026-01-15,home,away,0.485,0.48654422984244294,1.9090909090909092,1.9090909090909092,-110.0,-110.0,,,0.0,False,0.0,1.0,3.0,2026_01_15_NHL_merged.csv,2026_01_15_NHL_final_scores.csv,moneyline
moneyline,2025020746,2026-01-15,home,away,0.529,0.5305400025067714,1.9090909090909092,1.9090909090909092,-110.0,-110.0,,,0.0,False,1.0,2.0,1.0,2026_01_15_NHL_merged.csv,2026_01_15_NHL_final_scores.csv,moneyline
moneyline,2025020747,2026-01-15,home,away,0.565,0.5620393043846694,1.5405405405405406,2.5,-185.0,150.0,,,0.0,False,0.0,0.0,1.0,2026_01_15_NHL_merged.csv,2026_01_15_NHL_final_scores.csv,moneyline
moneyline,2025020748,2026-01-15,home,away,0.557,0.5537915900885622,1.7142857142857144,2.15,-140.0,115.0,,,0.0,False,1.0,6.0,5.0,2026_01_15_NHL_merged.csv,2026_01_15_NHL_final_scores.csv,moneyline
moneyline,2025020749,2026-01-16,home,away,0.646,0.6601457489066325,1.4,3.0,-250.0,200.0,,,0.0,False,1.0,4.0,2.0,2026_01_16_NHL_merged.csv,2026_01_16_NHL_final_scores.csv,moneyline
moneyline,2025020750,2026-01-16,home,away,0.589,0.5838206916488634,1.5882352941176472,2.4,-170.0,140.0,,,0.0,False,1.0,9.0,1.0,2026_01_16_NHL_merged.csv,2026_01_16_NHL_final_scores.csv,moneyline
moneyline,2025020751,2026-01-16,home,away,0.373,0.3987080977137407,2.5,1.5405405405405406,150.0,-185.0,,,0.0,False,1.0,3.0,2.0,2026_01_16_NHL_merged.csv,2026_01_16_NHL_final_scores.csv,moneyline
moneyline,2025020752,2026-01-16,home,away,0.728,0.6748192077770813,1.3333333333333333,3.4,-300.0,240.0,,,0.0,False,0.0,3.0,7.0,2026_01_16_NHL_merged.csv,2026_01_16_NHL_final_scores.csv,moneyline
moneyline,2025020753,2026-01-16,home,away,0.577,0.5717794129180679,1.5882352941176472,2.4,-170.0,140.0,,,0.0,False,0.0,2.0,3.0,2026_01_16_NHL_merged.csv,2026_01_16_NHL_final_scores.csv,moneyline
moneyline,2025020754,2026-01-17,home,away,0.547,0.548894763697732,1.7407407407407407,2.1,-135.0,110.0,,,0.0,False,0.0,4.0,5.0,2026_01_17_NHL_merged.csv,2026_01_17_NHL_final_scores.csv,moneyline
moneyline,2025020755,2026-01-17,home,away,0.521,0.517756596945527,1.7142857142857144,2.15,-140.0,115.0,,,0.0,False,0.0,3.0,6.0,2026_01_17_NHL_merged.csv,2026_01_17_NHL_final_scores.csv,moneyline
moneyline,2025020756,2026-01-17,home,away,0.48,0.5031282431430689,1.9523809523809523,1.8695652173913042,-105.0,-115.0,,,0.0,False,1.0,4.0,2.0,2026_01_17_NHL_merged.csv,2026_01_17_NHL_final_scores.csv,moneyline
moneyline,2025020757,2026-01-17,home,away,0.646,0.6411013051669842,1.5714285714285714,2.45,-175.0,145.0,,,0.0,False,1.0,6.0,3.0,2026_01_17_NHL_merged.csv,2026_01_17_NHL_final_scores.csv,moneyline
moneyline,2025020758,2026-01-17,home,away,0.563,0.5639707991178761,1.8,2.05,-125.0,105.0,,,0.0,False,0.0,5.0,6.0,2026_01_17_NHL_merged.csv,2026_01_17_NHL_final_scores.csv,moneyline
moneyline,2025020759,2026-01-17,home,away,0.461,0.4840649772579597,1.9523809523809523,1.8695652173913042,-105.0,-115.0,,,0.0,False,0.0,1.0,4.0,2026_01_17_NHL_merged.csv,2026_01_17_NHL_final_scores.csv,moneyline
moneyline,2025020760,2026-01-17,home,away,0.525,0.5269071967837451,1.7407407407407407,2.1,-135.0,110.0,,,0.0,False,0.0,3.0,4.0,2026_01_17_NHL_merged.csv,2026_01_17_NHL_final_scores.csv,moneyline
moneyline,2025020761,2026-01-17,home,away,0.549,0.5457808987193955,1.7142857142857144,2.15,-140.0,115.0,,,0.0,False,0.0,2.0,5.0,2026_01_17_NHL_merged.csv,2026_01_17_NHL_final_scores.csv,moneyline
moneyline,2025020762,2026-01-17,home,away,0.531,0.5329045396925723,1.7407407407407407,2.1,-135.0,110.0,,,0.0,False,0.0,3.0,4.0,2026_01_17_NHL_merged.csv,2026_01_17_NHL_final_scores.csv,moneyline
moneyline,2025020763,2026-01-17,home,away,0.447,0.4933114288947751,2.0,1.8333333333333335,100.0,-120.0,,,0.0,False,0.0,2.0,5.0,2026_01_17_NHL_merged.csv,2026_01_17_NHL_final_scores.csv,moneyline
moneyline,2025020764,2026-01-17,home,away,0.428,0.4547494957651285,2.5,1.5405405405405406,150.0,-185.0,,,0.0,False,0.0,0.0,6.0,2026_01_17_NHL_merged.csv,2026_01_17_NHL_final_scores.csv,moneyline
moneyline,2025020765,2026-01-17,home,away,0.65,0.66406902891526,1.4,3.0,-250.0,200.0,,,0.0,False,1.0,7.0,2.0,2026_01_17_NHL_merged.csv,2026_01_17_NHL_final_scores.csv,moneyline
moneyline,2025020766,2026-01-17,home,away,0.512,0.5350835181079084,1.9523809523809523,1.8695652173913042,-105.0,-115.0,,,0.0,False,1.0,2.0,1.0,2026_01_17_NHL_merged.csv,2026_01_17_NHL_final_scores.csv,moneyline
moneyline,2025020767,2026-01-18,home,away,0.508,0.4669866344789913,1.8695652173913042,1.9523809523809523,-115.0,-105.0,,,0.0,False,0.0,1.0,4.0,2026_01_18_NHL_merged.csv,2026_01_18_NHL_final_scores.csv,moneyline
moneyline,2025020768,2026-01-18,home,away,0.565,0.5618039481909373,1.7142857142857144,2.15,-140.0,115.0,,,0.0,False,1.0,4.0,3.0,2026_01_18_NHL_merged.csv,2026_01_18_NHL_final_scores.csv,moneyline
moneyline,2025020769,2026-01-18,home,away,0.549,0.5372133846744452,1.526315789473684,2.54,-190.0,154.0,,,0.0,False,1.0,5.0,0.0,2026_01_18_NHL_merged.csv,2026_01_18_NHL_final_scores.csv,moneyline
moneyline,2025020770,2026-01-19,home,away,0.65,0.6552698633310169,1.5,2.65,-200.0,165.0,,,0.0,False,1.0,2.0,1.0,2026_01_19_NHL_merged.csv,2026_01_19_NHL_final_scores.csv,moneyline
moneyline,2025020771,2026-01-19,home,away,0.661,0.6374324146318301,1.4761904761904763,2.7,-210.0,170.0,,,0.0,False,1.0,5.0,2.0,2026_01_19_NHL_merged.csv,2026_01_19_NHL_final_scores.csv,moneyline
moneyline,2025020772,2026-01-19,home,away,0.498,0.5211263644773357,1.9803921568627452,1.847457627118644,-102.0,-118.0,,,0.0,False,0.0,3.0,6.0,2026_01_19_NHL_merged.csv,2026_01_19_NHL_final_scores.csv,moneyline
moneyline,2025020773,2026-01-19,home,away,0.652,0.657255628648198,1.5,2.65,-200.0,165.0,,,0.0,False,0.0,1.0,4.0,2026_01_19_NHL_merged.csv,2026_01_19_NHL_final_scores.csv,moneyline
moneyline,2025020774,2026-01-19,home,away,0.53,0.5309830369067228,1.8,2.05,-125.0,105.0,,,0.0,False,0.0,3.0,6.0,2026_01_19_NHL_merged.csv,2026_01_19_NHL_final_scores.csv,moneyline
moneyline,2025020775,2026-01-19,home,away,0.641,0.6168479595507129,1.4761904761904763,2.7,-210.0,170.0,,,0.0,False,0.0,1.0,2.0,2026_01_19_NHL_merged.csv,2026_01_19_NHL_final_scores.csv,moneyline
moneyline,2025020776,2026-01-19,home,away,0.442,0.44295380598720874,2.1799999999999997,1.6896551724137931,118.0,-145.0,,,0.0,False,1.0,2.0,0.0,2026_01_19_NHL_merged.csv,2026_01_19_NHL_final_scores.csv,moneyline
moneyline,2025020777,2026-01-19,home,away,0.5,0.5419682003063758,2.05,1.7692307692307692,105.0,-130.0,,,0.0,False,0.0,1.0,2.0,2026_01_19_NHL_merged.csv,2026_01_19_NHL_final_scores.csv,moneyline
moneyline,2025020778,2026-01-19,home,away,0.429,0.4311374787791849,2.2,1.6896551724137931,120.0,-145.0,,,0.0,False,0.0,3.0,4.0,2026_01_19_NHL_merged.csv,2026_01_19_NHL_final_scores.csv,moneyline
moneyline,2025020779,2026-01-19,home,away,0.518,0.5147552028639569,1.7142857142857144,2.15,-140.0,115.0,,,0.0,False,1.0,5.0,3.0,2026_01_19_NHL_merged.csv,2026_01_19_NHL_final_scores.csv,moneyline
moneyline,2025020780,2026-01-20,home,away,0.562,0.5552675334165199,1.6896551724137931,2.2,-145.0,120.0,,,0.0,False,1.0,4.0,3.0,2026_01_20_NHL_merged.csv,2026_01_20_NHL_final_scores.csv,moneyline
moneyline,2025020781,2026-01-20,home,away,0.73,0.6770367677337261,1.3333333333333333,3.4,-300.0,240.0,,,0.0,False,1.0,4.0,1.0,2026_01_20_NHL_merged.csv,2026_01_20_NHL_final_scores.csv,moneyline
moneyline,2025020782,2026-01-20,home,away,0.492,0.4935451583518901,1.9090909090909092,1.9090909090909092,-110.0,-110.0,,,0.0,False,0.0,1.0,4.0,2026_01_20_NHL_merged.csv,2026_01_20_NHL_final_scores.csv,moneyline
moneyline,2025020783,2026-01-20,home,away,0.616,0.6214836795252225,1.5,2.65,-200.0,165.0,,,0.0,False,1.0,6.0,2.0,2026_01_20_NHL_merged.csv,2026_01_20_NHL_final_scores.csv,moneyline
moneyline,2025020784,2026-01-20,home,away,0.514,0.5159106384720429,1.7407407407407407,2.1,-135.0,110.0,,,0.0,False,0.0,3.0,5.0,2026_01_20_NHL_merged.csv,2026_01_20_NHL_final_scores.csv,moneyline
moneyline,2025020785,2026-01-20,home,away,0.561,0.5645103419521309,1.625,2.35,-160.0,135.0,,,0.0,False,1.0,3.0,1.0,2026_01_20_NHL_merged.csv,2026_01_20_NHL_final_scores.csv,moneyline
moneyline,2025020786,2026-01-20,home,away,0.591,0.5945818385088233,1.6666666666666665,2.25,-150.0,125.0,,,0.0,False,0.0,1.0,2.0,2026_01_20_NHL_merged.csv,2026_01_20_NHL_final_scores.csv,moneyline
moneyline,2025020787,2026-01-20,home,away,0.593,0.5878358253410376,1.5882352941176472,2.4,-170.0,140.0,,,0.0,False,1.0,4.0,3.0,2026_01_20_NHL_merged.csv,2026_01_20_NHL_final_scores.csv,moneyline
moneyline,2025020788,2026-01-21,home,away,0.535,0.535258002457907,1.7692307692307692,2.05,-130.0,105.0,,,0.0,False,0.0,1.0,2.0,2026_01_21_NHL_merged.csv,2026_01_21_NHL_final_scores.csv,moneyline
moneyline,2025020789,2026-01-21,home,away,0.714,0.6710981582769211,1.3389830508474576,3.3,-295.0,230.0,,,0.0,False,0.0,1.0,2.0,2026_01_21_NHL_merged.csv,2026_01_21_NHL_final_scores.csv,moneyline
moneyline,2025020790,2026-01-21,home,away,0.621,0.6243518270253257,1.625,2.35,-160.0,135.0,,,0.0,False,1.0,5.0,4.0,2026_01_21_NHL_merged.csv,2026_01_21_NHL_final_scores.csv,moneyline
moneyline,2025020791,2026-01-21,home,away,0.527,0.5285407138023175,1.9090909090909092,1.9090909090909092,-110.0,-110.0,,,0.0,False,0.0,1.0,4.0,2026_01_21_NHL_merged.csv,2026_01_21_NHL_final_scores.csv,moneyline
moneyline,2025020792,2026-01-21,home,away,0.394,0.40757879621631016,2.25,1.6666666666666665,125.0,-150.0,,,0.0,False,1.0,4.0,3.0,2026_01_21_NHL_merged.csv,2026_01_21_NHL_final_scores.csv,moneyline
moneyline,2025020793,2026-01-21,home,away,0.459,0.48205440534769295,1.9523809523809523,1.8695652173913042,-105.0,-115.0,,,0.0,False,1.0,4.0,1.0,2026_01_21_NHL_merged.csv,2026_01_21_NHL_final_scores.csv,moneyline
moneyline,2025020794,2026-01-22,home,away,0.447,0.447955933833289,2.15,1.7142857142857144,115.0,-140.0,,,0.0,False,1.0,4.0,3.0,2026_01_22_NHL_merged.csv,2026_01_22_NHL_final_scores.csv,moneyline
moneyline,2025020795,2026-01-22,home,away,0.55,0.5518924951176416,1.7407407407407407,2.1,-135.0,110.0,,,0.0,False,0.0,2.0,4.0,2026_01_22_NHL_merged.csv,2026_01_22_NHL_final_scores.csv,moneyline
moneyline,2025020796,2026-01-22,home,away,0.734,0.6814790459739011,1.3333333333333333,3.4,-300.0,240.0,,,0.0,False,0.0,3.0,4.0,2026_01_22_NHL_merged.csv,2026_01_22_NHL_final_scores.csv,moneyline
moneyline,2025020797,2026-01-22,home,away,0.458,0.5044115627973073,2.05,1.8,105.0,-125.0,,,0.0,False,1.0,1.0,0.0,2026_01_22_NHL_merged.csv,2026_01_22_NHL_final_scores.csv,moneyline
moneyline,2025020798,2026-01-22,home,away,0.503,0.5045453932802665,1.9090909090909092,1.9090909090909092,-110.0,-110.0,,,0.0,False,1.0,5.0,3.0,2026_01_22_NHL_merged.csv,2026_01_22_NHL_final_scores.csv,moneyline
moneyline,2025020799,2026-01-22,home,away,0.495,0.5181308411214953,1.9523809523809523,1.8695652173913042,-105.0,-115.0,,,0.0,False,0.0,1.0,2.0,2026_01_22_NHL_merged.csv,2026_01_22_NHL_final_scores.csv,moneyline
moneyline,2025020800,2026-01-22,home,away,0.628,0.6334142949847038,1.5,2.65,-200.0,165.0,,,0.0,False,0.0,2.0,6.0,2026_01_22_NHL_merged.csv,2026_01_22_NHL_final_scores.csv,moneyline
moneyline,2025020801,2026-01-22,home,away,0.576,0.579480306875165,1.625,2.35,-160.0,135.0,,,0.0,False,1.0,4.0,3.0,2026_01_22_NHL_merged.csv,2026_01_22_NHL_final_scores.csv,moneyline
moneyline,2025020802,2026-01-23,home,away,0.498,0.49954547195820415,1.9090909090909092,1.9090909090909092,-110.0,-110.0,,,0.0,False,0.0,3.0,6.0,2026_01_23_NHL_merged.csv,2026_01_23_NHL_final_scores.csv,moneyline
moneyline,2025020803,2026-01-23,home,away,0.315,0.19602379253562835,3.2,1.3636363636363638,220.0,-275.0,,,0.0,False,0.0,1.0,2.0,2026_01_23_NHL_merged.csv,2026_01_23_NHL_final_scores.csv,moneyline
moneyline,2025020804,2026-01-23,home,away,0.642,0.6370770497213768,1.5714285714285714,2.45,-175.0,145.0,,,0.0,False,1.0,3.0,2.0,2026_01_23_NHL_merged.csv,2026_01_23_NHL_final_scores.csv,moneyline
moneyline,2025020805,2026-01-23,home,away,0.709,0.665699297354572,1.3389830508474576,3.3,-295.0,230.0,,,0.0,False,0.0,3.0,7.0,2026_01_23_NHL_merged.csv,2026_01_23_NHL_final_scores.csv,moneyline
moneyline,2025020806,2026-01-23,home,away,0.453,0.45516173771173696,2.2,1.6896551724137931,120.0,-145.0,,,0.0,False,0.0,1.0,3.0,2026_01_23_NHL_merged.csv,2026_01_23_NHL_final_scores.csv,moneyline
moneyline,2025020807,2026-01-23,home,away,0.433,0.4351422206848961,2.2,1.6896551724137931,120.0,-145.0,,,0.0,False,0.0,4.0,5.0,2026_01_23_NHL_merged.csv,2026_01_23_NHL_final_scores.csv,moneyline
moneyline,2025020808,2026-01-23,home,away,0.462,0.4215186552725985,1.8695652173913042,1.9523809523809523,-115.0,-105.0,,,0.0,False,1.0,3.0,1.0,2026_01_23_NHL_merged.csv,2026_01_23_NHL_final_scores.csv,moneyline
moneyline,2025020809,2026-01-23,home,away,0.49,0.44911330968825824,1.8695652173913042,1.9523809523809523,-115.0,-105.0,,,0.0,False,0.0,2.0,4.0,2026_01_23_NHL_merged.csv,2026_01_23_NHL_final_scores.csv,moneyline
moneyline,2025020810,2026-01-24,home,away,0.525,0.5259841415730687,1.8333333333333335,2.0,-120.0,100.0,,,0.0,False,0.0,0.0,5.0,2026_01_24_NHL_merged.csv,2026_01_24_NHL_final_scores.csv,moneyline
moneyline,2025020811,2026-01-24,home,away,0.445,0.46795946825323037,1.9803921568627452,1.847457627118644,-102.0,-118.0,,,0.0,False,0.0,2.0,5.0,2026_01_24_NHL_merged.csv,2026_01_24_NHL_final_scores.csv,moneyline
moneyline,2025020812,2026-01-24,home,away,0.515,0.5159857590483322,1.8333333333333335,2.0,-120.0,100.0,,,0.0,False,1.0,4.0,3.0,2026_01_24_NHL_merged.csv,2026_01_24_NHL_final_scores.csv,moneyline
moneyline,2025020813,2026-01-24,home,away,0.423,0.44732649552810594,2.1,1.7407407407407407,110.0,-135.0,,,0.0,False,0.0,1.0,4.0,2026_01_24_NHL_merged.csv,2026_01_24_NHL_final_scores.csv,moneyline
moneyline,2025020814,2026-01-24,home,away,0.446,0.4923000567125053,2.05,1.8,105.0,-125.0,,,0.0,False,1.0,8.0,5.0,2026_01_24_NHL_merged.csv,2026_01_24_NHL_final_scores.csv,moneyline
moneyline,2025020815,2026-01-24,home,away,0.514,0.5159106384720429,1.7407407407407407,2.1,-135.0,110.0,,,0.0,False,0.0,1.0,5.0,2026_01_24_NHL_merged.csv,2026_01_24_NHL_final_scores.csv,moneyline
moneyline,2025020816,2026-01-24,home,away,0.416,0.41693962253448014,2.1799999999999997,1.6896551724137931,118.0,-145.0,,,0.0,False,0.0,4.0,5.0,2026_01_24_NHL_merged.csv,2026_01_24_NHL_final_scores.csv,moneyline
moneyline,2025020817,2026-01-24,home,away,0.526,0.5279067921575242,1.7407407407407407,2.1,-135.0,110.0,,,0.0,False,0.0,3.0,4.0,2026_01_24_NHL_merged.csv,2026_01_24_NHL_final_scores.csv,moneyline
moneyline,2025020818,2026-01-24,home,away,0.564,0.5587416678948058,1.5714285714285714,2.45,-175.0,145.0,,,0.0,False,1.0,6.0,5.0,2026_01_24_NHL_merged.csv,2026_01_24_NHL_final_scores.csv,moneyline
moneyline,2025020819,2026-01-25,home,away,0.392,0.38359400501242047,2.35,1.625,135.0,-160.0,,,0.0,False,0.0,1.0,4.0,2026_01_25_NHL_merged.csv,2026_01_25_NHL_final_scores.csv,moneyline
moneyline,2025020820,2026-01-25,home,away,0.462,0.508436663538503,2.0,1.8333333333333335,100.0,-120.0,,,0.0,False,1.0,4.0,2.0,2026_01_25_NHL_merged.csv,2026_01_25_NHL_final_scores.csv,moneyline
moneyline,2025020821,2026-01-25,home,away,0.429,0.4299473682175023,2.15,1.7142857142857144,115.0,-140.0,,,0.0,False,1.0,7.0,1.0,2026_01_25_NHL_merged.csv,2026_01_25_NHL_final_scores.csv,moneyline
moneyline,2025020822,2026-01-25,home,away,0.448,0.44895633618959796,2.15,1.7142857142857144,115.0,-140.0,,,0.0,False,0.0,2.0,3.0,2026_01_25_NHL_merged.csv,2026_01_25_NHL_final_scores.csv,moneyline
moneyline,2025020823,2026-01-25,home,away,0.429,0.4311374787791849,2.2,1.6896551724137931,120.0,-145.0,,,0.0,False,0.0,1.0,5.0,2026_01_25_NHL_merged.csv,2026_01_25_NHL_final_scores.csv,moneyline
moneyline,2025020824,2026-01-25,home,away,0.509,0.46798269334775544,1.8695652173913042,1.9523809523809523,-115.0,-105.0,,,0.0,False,0.0,3.0,4.0,2026_01_25_NHL_merged.csv,2026_01_25_NHL_final_scores.csv,moneyline
moneyline,2025020825,2026-01-26,home,away,0.573,0.5677670268685928,1.5714285714285714,2.45,-175.0,145.0,,,0.0,False,1.0,2.0,0.0,2026_01_26_NHL_merged.csv,2026_01_26_NHL_final_scores.csv,moneyline
moneyline,2025020826,2026-01-26,home,away,0.527,0.485967827286818,1.8695652173913042,1.9523809523809523,-115.0,-105.0,,,0.0,False,1.0,4.0,3.0,2026_01_26_NHL_merged.csv,2026_01_26_NHL_final_scores.csv,moneyline
moneyline,2025020827,2026-01-26,home,away,0.53,0.5309830369067228,1.8333333333333335,2.0,-120.0,100.0,,,0.0,False,0.0,0.0,4.0,2026_01_26_NHL_merged.csv,2026_01_26_NHL_final_scores.csv,moneyline
moneyline,2025020829,2026-01-26,home,away,0.622,0.5945029753803818,1.3636363636363638,3.2,-275.0,220.0,,,0.0,False,1.0,7.0,4.0,2026_01_26_NHL_merged.csv,2026_01_26_NHL_final_scores.csv,moneyline
moneyline,2025020830,2026-01-27,home,away,0.523,0.5245419881014131,1.9090909090909092,1.9090909090909092,-110.0,-110.0,,,0.0,False,1.0,3.0,2.0,2026_01_27_NHL_merged.csv,2026_01_27_NHL_final_scores.csv,moneyline
moneyline,2025020831,2026-01-27,home,away,0.523,0.4819619264429388,1.8695652173913042,1.9523809523809523,-115.0,-105.0,,,0.0,False,0.0,4.0,7.0,2026_01_27_NHL_merged.csv,2026_01_27_NHL_final_scores.csv,moneyline
moneyline,2025020832,2026-01-27,home,away,0.483,0.5061320981936082,1.9803921568627452,1.847457627118644,-102.0,-118.0,,,0.0,False,1.0,3.0,2.0,2026_01_27_NHL_merged.csv,2026_01_27_NHL_final_scores.csv,moneyline
moneyline,2025020833,2026-01-27,home,away,0.534,0.5307653429588107,1.7142857142857144,2.15,-140.0,115.0,,,0.0,False,0.0,1.0,3.0,2026_01_27_NHL_merged.csv,2026_01_27_NHL_final_scores.csv,moneyline
moneyline,2025020834,2026-01-27,home,away,0.555,0.5497197821693433,1.5714285714285714,2.45,-175.0,145.0,,,0.0,False,0.0,3.0,4.0,2026_01_27_NHL_merged.csv,2026_01_27_NHL_final_scores.csv,moneyline
moneyline,2025020835,2026-01-27,home,away,0.551,0.5519762432530717,1.8,2.05,-125.0,105.0,,,0.0,False,0.0,3.0,4.0,2026_01_27_NHL_merged.csv,2026_01_27_NHL_final_scores.csv,moneyline
moneyline,2025020836,2026-01-27,home,away,0.391,0.4045444251528648,2.25,1.6451612903225805,125.0,-155.0,,,0.0,False,0.0,3.0,4.0,2026_01_27_NHL_merged.csv,2026_01_27_NHL_final_scores.csv,moneyline
moneyline,2025020837,2026-01-27,home,away,0.655,0.6191198029117976,1.425531914893617,2.95,-235.0,195.0,,,0.0,False,1.0,4.0,3.0,2026_01_27_NHL_merged.csv,2026_01_27_NHL_final_scores.csv,moneyline
moneyline,2025020838,2026-01-27,home,away,0.508,0.554296610711344,2.05,1.8,105.0,-125.0,,,0.0,False,0.0,2.0,5.0,2026_01_27_NHL_merged.csv,2026_01_27_NHL_final_scores.csv,moneyline
moneyline,2025020839,2026-01-27,home,away,0.432,0.44592473579218467,2.25,1.6666666666666665,125.0,-150.0,,,0.0,False,1.0,5.0,1.0,2026_01_27_NHL_merged.csv,2026_01_27_NHL_final_scores.csv,moneyline
moneyline,2025020840,2026-01-28,home,away,0.549,0.5508932665924474,1.7407407407407407,2.1,-135.0,110.0,,,0.0,False,1.0,5.0,3.0,2026_01_28_NHL_merged.csv,2026_01_28_NHL_final_scores.csv,moneyline
moneyline,2025020841,2026-01-28,home,away,0.396,0.4096011350962388,2.25,1.6666666666666665,125.0,-150.0,,,0.0,False,1.0,5.0,2.0,2026_01_28_NHL_merged.csv,2026_01_28_NHL_final_scores.csv,moneyline
moneyline,2025020842,2026-01-28,home,away,0.561,0.5646510325145323,1.6666666666666665,2.25,-150.0,125.0,,,0.0,False,1.0,5.0,2.0,2026_01_28_NHL_merged.csv,2026_01_28_NHL_final_scores.csv,moneyline
moneyline,2025020843,2026-01-29,home,away,0.578,0.5816150904746078,1.6451612903225805,2.25,-155.0,125.0,,,0.0,False,1.0,6.0,3.0,2026_01_29_NHL_merged.csv,2026_01_29_NHL_final_scores.csv,moneyline
moneyline,2025020844,2026-01-29,home,away,0.529,0.5309054865439196,1.7407407407407407,2.1,-135.0,110.0,,,0.0,False,1.0,4.0,1.0,2026_01_29_NHL_merged.csv,2026_01_29_NHL_final_scores.csv,moneyline
moneyline,2025020845,2026-01-29,home,away,0.431,0.47265141554613005,2.05,1.7692307692307692,105.0,-130.0,,,0.0,False,1.0,7.0,3.0,2026_01_29_NHL_merged.csv,2026_01_29_NHL_final_scores.csv,moneyline
moneyline,2025020846,2026-01-29,home,away,0.524,0.48296290734344505,1.847457627118644,1.9803921568627452,-118.0,-102.0,,,0.0,False,0.0,3.0,4.0,2026_01_29_NHL_merged.csv,2026_01_29_NHL_final_scores.csv,moneyline
moneyline,2025020847,2026-01-29,home,away,0.647,0.6522908703407696,1.5,2.65,-200.0,165.0,,,0.0,False,1.0,4.0,1.0,2026_01_29_NHL_merged.csv,2026_01_29_NHL_final_scores.csv,moneyline
moneyline,2025020848,2026-01-29,home,away,0.563,0.5562707681700684,1.6896551724137931,2.2,-145.0,120.0,,,0.0,False,1.0,3.0,2.0,2026_01_29_NHL_merged.csv,2026_01_29_NHL_final_scores.csv,moneyline
moneyline,2025020849,2026-01-29,home,away,0.477,0.47854242665564706,1.9090909090909092,1.9090909090909092,-110.0,-110.0,,,0.0,False,0.0,1.0,2.0,2026_01_29_NHL_merged.csv,2026_01_29_NHL_final_scores.csv,moneyline
moneyline,2025020850,2026-01-29,home,away,0.616,0.610936188414793,1.5714285714285714,2.45,-175.0,145.0,,,0.0,False,1.0,6.0,2.0,2026_01_29_NHL_merged.csv,2026_01_29_NHL_final_scores.csv,moneyline
moneyline,2025020851,2026-01-29,home,away,0.594,0.5824950686902678,1.526315789473684,2.55,-190.0,155.0,,,0.0,False,1.0,5.0,4.0,2026_01_29_NHL_merged.csv,2026_01_29_NHL_final_scores.csv,moneyline
moneyline,2025020852,2026-01-29,home,away,0.416,0.4181201366646786,2.2,1.6896551724137931,120.0,-145.0,,,0.0,False,1.0,5.0,4.0,2026_01_29_NHL_merged.csv,2026_01_29_NHL_final_scores.csv,moneyline
moneyline,2025020853,2026-01-29,home,away,0.615,0.5902170102280868,1.4761904761904763,2.7,-210.0,170.0,,,0.0,False,1.0,4.0,1.0,2026_01_29_NHL_merged.csv,2026_01_29_NHL_final_scores.csv,moneyline
moneyline,2025020854,2026-01-29,home,away,0.652,0.6159907196004357,1.425531914893617,2.95,-235.0,195.0,,,0.0,False,1.0,4.0,3.0,2026_01_29_NHL_merged.csv,2026_01_29_NHL_final_scores.csv,moneyline
moneyline,2025020855,2026-01-29,home,away,0.437,0.4379514846920074,2.15,1.7142857142857144,115.0,-140.0,,,0.0,False,1.0,2.0,0.0,2026_01_29_NHL_merged.csv,2026_01_29_NHL_final_scores.csv,moneyline
moneyline,2025020856,2026-01-29,home,away,0.526,0.5262585742346712,1.7692307692307692,2.05,-130.0,105.0,,,0.0,False,0.0,4.0,5.0,2026_01_29_NHL_merged.csv,2026_01_29_NHL_final_scores.csv,moneyline
moneyline,2025020857,2026-01-29,home,away,0.476,0.499120504263997,1.9803921568627452,1.847457627118644,-102.0,-118.0,,,0.0,False,1.0,5.0,2.0,2026_01_29_NHL_merged.csv,2026_01_29_NHL_final_scores.csv,moneyline
moneyline,2025020858,2026-01-30,home,away,0.409,0.4004695735571823,2.35,1.625,135.0,-160.0,,,0.0,False,0.0,2.0,4.0,2026_01_30_NHL_merged.csv,2026_01_30_NHL_final_scores.csv,moneyline
moneyline,2025020859,2026-01-31,home,away,0.489,0.5121348023331173,1.9523809523809523,1.8695652173913042,-105.0,-115.0,,,0.0,False,0.0,2.0,3.0,2026_01_31_NHL_merged.csv,2026_01_31_NHL_final_scores.csv,moneyline
moneyline,2025020860,2026-01-31,home,away,0.413,0.42677246104990035,2.25,1.6666666666666665,125.0,-150.0,,,0.0,False,0.0,0.0,5.0,2026_01_31_NHL_merged.csv,2026_01_31_NHL_final_scores.csv,moneyline
moneyline,2025020861,2026-01-31,home,away,0.553,0.5500226771214011,1.5405405405405406,2.5,-185.0,150.0,,,0.0,False,1.0,6.0,5.0,2026_01_31_NHL_merged.csv,2026_01_31_NHL_final_scores.csv,moneyline
moneyline,2025020862,2026-01-31,home,away,0.578,0.5727826167120209,1.5882352941176472,2.4,-170.0,140.0,,,0.0,False,0.0,1.0,2.0,2026_01_31_NHL_merged.csv,2026_01_31_NHL_final_scores.csv,moneyline
moneyline,2025020863,2026-01-31,home,away,0.567,0.5679687319908965,1.8333333333333335,2.0,-120.0,100.0,,,0.0,False,1.0,3.0,2.0,2026_01_31_NHL_merged.csv,2026_01_31_NHL_final_scores.csv,moneyline
moneyline,2025020864,2026-01-31,home,away,0.436,0.4499515321166166,2.25,1.6666666666666665,125.0,-150.0,,,0.0,False,1.0,4.0,3.0,2026_01_31_NHL_merged.csv,2026_01_31_NHL_final_scores.csv,moneyline
moneyline,2025020865,2026-01-31,home,away,0.533,0.5349035316906772,1.7407407407407407,2.1,-135.0,110.0,,,0.0,False,0.0,2.0,4.0,2026_01_31_NHL_merged.csv,2026_01_31_NHL_final_scores.csv,moneyline
moneyline,2025020866,2026-01-31,home,away,0.562,0.5552675334165199,1.6896551724137931,2.2,-145.0,120.0,,,0.0,False,1.0,4.0,1.0,2026_01_31_NHL_merged.csv,2026_01_31_NHL_final_scores.csv,moneyline
moneyline,2025020867,2026-01-31,home,away,0.569,0.5726351836146922,1.6666666666666665,2.25,-150.0,125.0,,,0.0,False,0.0,3.0,4.0,2026_01_31_NHL_merged.csv,2026_01_31_NHL_final_scores.csv,moneyline
moneyline,2025020868,2026-01-31,home,away,0.49,0.44911330968825824,1.847457627118644,1.9803921568627452,-118.0,-102.0,,,0.0,False,0.0,3.0,5.0,2026_01_31_NHL_merged.csv,2026_01_31_NHL_final_scores.csv,moneyline
moneyline,2025020869,2026-01-31,home,away,0.404,0.41768589271693224,2.25,1.6451612903225805,125.0,-155.0,,,0.0,False,0.0,2.0,3.0,2026_01_31_NHL_merged.csv,2026_01_31_NHL_final_scores.csv,moneyline
moneyline,2025020870,2026-01-31,home,away,0.524,0.5255416880637117,1.9090909090909092,1.9090909090909092,-110.0,-110.0,,,0.0,False,0.0,2.0,3.0,2026_01_31_NHL_merged.csv,2026_01_31_NHL_final_scores.csv,moneyline
moneyline,2025020871,2026-01-31,home,away,0.545,0.5417761778972513,1.7142857142857144,2.15,-140.0,115.0,,,0.0,False,0.0,3.0,7.0,2026_01_31_NHL_merged.csv,2026_01_31_NHL_final_scores.csv,moneyline
moneyline,2025020872,2026-01-31,home,away,0.645,0.6209579342790007,1.4761904761904763,2.7,-210.0,170.0,,,0.0,False,0.0,2.0,3.0,2026_01_31_NHL_merged.csv,2026_01_31_NHL_final_scores.csv,moneyline
moneyline,2025020873,2026-02-01,home,away,0.61,0.560352203857194,1.4761904761904763,2.83,-210.0,183.0,,,0.0,False,1.0,6.0,5.0,2026_02_01_NHL_merged.csv,2026_02_01_NHL_final_scores.csv,moneyline
moneyline,2025020874,2026-02-01,home,away,0.627,0.6158253952857523,1.526315789473684,2.55,-190.0,155.0,,,0.0,False,1.0,3.0,2.0,2026_02_01_NHL_merged.csv,2026_02_01_NHL_final_scores.csv,moneyline
moneyline,2025020875,2026-02-01,home,away,0.493,0.5177399459616646,2.1,1.7407407407407407,110.0,-135.0,,,0.0,False,1.0,4.0,3.0,2026_02_01_NHL_merged.csv,2026_02_01_NHL_final_scores.csv,moneyline
moneyline,2025020876,2026-02-02,home,away,0.548,0.5498940227859277,1.7407407407407407,2.1,-135.0,110.0,,,0.0,False,0.0,3.0,5.0,2026_02_02_NHL_merged.csv,2026_02_02_NHL_final_scores.csv,moneyline
moneyline,2025020877,2026-02-02,home,away,0.506,0.4649954971122067,1.8695652173913042,1.9523809523809523,-115.0,-105.0,,,0.0,False,0.0,2.0,3.0,2026_02_02_NHL_merged.csv,2026_02_02_NHL_final_scores.csv,moneyline
moneyline,2025020878,2026-02-02,home,away,0.519,0.5209093034442172,1.7407407407407407,2.1,-135.0,110.0,,,0.0,False,1.0,4.0,1.0,2026_02_02_NHL_merged.csv,2026_02_02_NHL_final_scores.csv,moneyline
moneyline,2025020879,2026-02-02,home,away,0.552,0.5452382033323291,1.6896551724137931,2.2,-145.0,120.0,,,0.0,False,1.0,4.0,3.0,2026_02_02_NHL_merged.csv,2026_02_02_NHL_final_scores.csv,moneyline
moneyline,2025020880,2026-02-02,home,away,0.583,0.5866028925386603,1.6666666666666665,2.25,-150.0,125.0,,,0.0,False,1.0,6.0,5.0,2026_02_02_NHL_merged.csv,2026_02_02_NHL_final_scores.csv,moneyline
moneyline,2025020881,2026-02-02,home,away,0.51,0.533091849935317,1.9523809523809523,1.8695652173913042,-105.0,-115.0,,,0.0,False,1.0,6.0,3.0,2026_02_02_NHL_merged.csv,2026_02_02_NHL_final_scores.csv,moneyline
moneyline,2025020882,2026-02-02,home,away,0.62,0.6149559651580973,1.5714285714285714,2.45,-175.0,145.0,,,0.0,False,1.0,4.0,3.0,2026_02_02_NHL_merged.csv,2026_02_02_NHL_final_scores.csv,moneyline
moneyline,2025020883,2026-02-02,home,away,0.671,0.6473442876888289,1.4545454545454546,2.8,-220.0,180.0,,,0.0,False,0.0,0.0,2.0,2026_02_02_NHL_merged.csv,2026_02_02_NHL_final_scores.csv,moneyline
moneyline,2025020884,2026-02-02,home,away,0.695,0.6699958651753314,1.3636363636363638,3.2,-275.0,220.0,,,0.0,False,1.0,6.0,2.0,2026_02_02_NHL_merged.csv,2026_02_02_NHL_final_scores.csv,moneyline
moneyline,2025020885,2026-02-02,home,away,0.469,0.515466132886407,2.0,1.8333333333333335,100.0,-120.0,,,0.0,False,0.0,2.0,4.0,2026_02_02_NHL_merged.csv,2026_02_02_NHL_final_scores.csv,moneyline
moneyline,2025020886,2026-02-03,home,away,0.641,0.6045428617172517,1.425531914893617,2.9,-235.0,190.0,,,0.0,False,1.0,4.0,3.0,2026_02_03_NHL_merged.csv,2026_02_03_NHL_final_scores.csv,moneyline
moneyline,2025020887,2026-02-03,home,away,0.53,0.5309830369067228,1.8333333333333335,2.0,-120.0,100.0,,,0.0,False,0.0,0.0,3.0,2026_02_03_NHL_merged.csv,2026_02_03_NHL_final_scores.csv,moneyline
moneyline,2025020888,2026-02-03,home,away,0.544,0.5458968947395831,1.7407407407407407,2.1,-135.0,110.0,,,0.0,False,1.0,5.0,4.0,2026_02_03_NHL_merged.csv,2026_02_03_NHL_final_scores.csv,moneyline
moneyline,2025020889,2026-02-03,home,away,0.512,0.5139110654304215,1.7407407407407407,2.1,-135.0,110.0,,,0.0,False,1.0,4.0,2.0,2026_02_03_NHL_merged.csv,2026_02_03_NHL_final_scores.csv,moneyline
moneyline,2025020890,2026-02-03,home,away,0.665,0.6411435988152607,1.4545454545454546,2.8,-220.0,180.0,,,0.0,False,1.0,4.0,3.0,2026_02_03_NHL_merged.csv,2026_02_03_NHL_final_scores.csv,moneyline
moneyline,2025020891,2026-02-03,home,away,0.605,0.5800128922884826,1.4761904761904763,2.7,-210.0,170.0,,,0.0,False,0.0,2.0,5.0,2026_02_03_NHL_merged.csv,2026_02_03_NHL_final_scores.csv,moneyline
moneyline,2025020892,2026-02-03,home,away,0.569,0.5622913293449149,1.6896551724137931,2.2,-145.0,120.0,,,0.0,False,1.0,4.0,2.0,2026_02_03_NHL_merged.csv,2026_02_03_NHL_final_scores.csv,moneyline
moneyline,2025020893,2026-02-04,home,away,0.574,0.5776243165357817,1.6666666666666665,2.25,-150.0,125.0,,,0.0,False,1.0,5.0,4.0,2026_02_04_NHL_merged.csv,2026_02_04_NHL_final_scores.csv,moneyline
moneyline,2025020894,2026-02-04,home,away,0.612,0.6155175739512929,1.6451612903225805,2.25,-155.0,125.0,,,0.0,False,1.0,4.0,0.0,2026_02_04_NHL_merged.csv,2026_02_04_NHL_final_scores.csv,moneyline
moneyline,2025020895,2026-02-04,home,away,0.499,0.5005454809500216,1.9090909090909092,1.9090909090909092,-110.0,-110.0,,,0.0,False,0.0,1.0,5.0,2026_02_04_NHL_merged.csv,2026_02_04_NHL_final_scores.csv,moneyline
moneyline,2025020896,2026-02-04,home,away,0.457,0.49896069807377175,2.05,1.7692307692307692,105.0,-130.0,,,0.0,False,0.0,5.0,6.0,2026_02_04_NHL_merged.csv,2026_02_04_NHL_final_scores.csv,moneyline
moneyline,2025020897,2026-02-04,home,away,0.747,0.6959827045968648,1.3333333333333333,3.4,-300.0,240.0,,,0.0,False,1.0,4.0,2.0,2026_02_04_NHL_merged.csv,2026_02_04_NHL_final_scores.csv,moneyline
moneyline,2025020898,2026-02-04,home,away,0.588,0.5813694849713598,1.6896551724137931,2.2,-145.0,120.0,,,0.0,False,1.0,4.0,1.0,2026_02_04_NHL_merged.csv,2026_02_04_NHL_final_scores.csv,moneyline
moneyline,2025020899,2026-02-04,home,away,0.686,0.6516290816744353,1.425531914893617,2.9,-235.0,190.0,,,0.0,False,1.0,5.0,4.0,2026_02_04_NHL_merged.csv,2026_02_04_NHL_final_scores.csv,moneyline
moneyline,2025020900,2026-02-04,home,away,0.471,0.5130316423974769,2.05,1.7692307692307692,105.0,-130.0,,,0.0,False,1.0,4.0,3.0,2026_02_04_NHL_merged.csv,2026_02_04_NHL_final_scores.csv,moneyline
moneyline,2025020901,2026-02-04,home,away,0.693,0.6351128907178983,1.3508771929824561,3.3,-285.0,230.0,,,0.0,False,1.0,5.0,2.0,2026_02_04_NHL_merged.csv,2026_02_04_NHL_final_scores.csv,moneyline
moneyline,2025020902,2026-02-04,home,away,0.637,0.6127414342592961,1.4761904761904763,2.7,-210.0,170.0,,,0.0,False,0.0,2.0,4.0,2026_02_04_NHL_merged.csv,2026_02_04_NHL_final_scores.csv,moneyline
moneyline,2025020903,2026-02-05,home,away,0.568,0.5648090122901568,1.7142857142857144,2.15,-140.0,115.0,,,0.0,False,0.0,2.0,5.0,2026_02_05_NHL_merged.csv,2026_02_05_NHL_final_scores.csv,moneyline
moneyline,2025020904,2026-02-05,home,away,0.636,0.6112855841709393,1.4545454545454546,2.8,-220.0,180.0,,,0.0,False,1.0,6.0,1.0,2026_02_05_NHL_merged.csv,2026_02_05_NHL_final_scores.csv,moneyline
moneyline,2025020905,2026-02-05,home,away,0.517,0.4759629500136213,1.8695652173913042,1.9523809523809523,-115.0,-105.0,,,0.0,False,0.0,1.0,3.0,2026_02_05_NHL_merged.csv,2026_02_05_NHL_final_scores.csv,moneyline
moneyline,2025020906,2026-02-05,home,away,0.389,0.5263793107482924,2.9,1.425531914893617,190.0,-235.0,,,0.0,False,0.0,0.0,2.0,2026_02_05_NHL_merged.csv,2026_02_05_NHL_final_scores.csv,moneyline
moneyline,2025020907,2026-02-05,home,away,0.497,0.5434013446771999,2.0,1.8333333333333335,100.0,-120.0,,,0.0,False,0.0,1.0,2.0,2026_02_05_NHL_merged.csv,2026_02_05_NHL_final_scores.csv,moneyline
moneyline,2025020908,2026-02-05,home,away,0.648,0.6370903841843074,1.526315789473684,2.55,-190.0,155.0,,,0.0,False,1.0,4.0,2.0,2026_02_05_NHL_merged.csv,2026_02_05_NHL_final_scores.csv,moneyline
moneyline,2025020909,2026-02-05,home,away,0.571,0.5746309255253423,1.6666666666666665,2.25,-150.0,125.0,,,0.0,False,1.0,4.0,1.0,2026_02_05_NHL_merged.csv,2026_02_05_NHL_final_scores.csv,moneyline
moneyline,2025020910,2026-02-25,home,away,0.523,0.4819619264429388,1.847457627118644,1.9803921568627452,-118.0,-102.0,,,0.0,False,0.0,1.0,2.0,2026_02_25_NHL_merged.csv,2026_02_25_NHL_final_scores.csv,moneyline
moneyline,2025020911,2026-02-25,home,away,0.564,0.5675048470140054,1.617283950617284,2.3600000000000003,-162.0,136.0,,,0.0,False,1.0,3.0,1.0,2026_02_25_NHL_merged.csv,2026_02_25_NHL_final_scores.csv,moneyline
moneyline,2025020912,2026-02-25,home,away,0.627,0.5900304402227461,1.4201680672268908,2.95,-238.0,195.0,,,0.0,False,1.0,4.0,2.0,2026_02_25_NHL_merged.csv,2026_02_25_NHL_final_scores.csv,moneyline
moneyline,2025020913,2026-02-25,home,away,0.648,0.6452495220290749,1.5555555555555556,2.5,-180.0,150.0,,,0.0,False,1.0,4.0,1.0,2026_02_25_NHL_merged.csv,2026_02_25_NHL_final_scores.csv,moneyline
moneyline,2025020914,2026-02-25,home,away,0.428,0.4523885954657296,2.1,1.7692307692307692,110.0,-130.0,,,0.0,False,0.0,2.0,4.0,2026_02_25_NHL_merged.csv,2026_02_25_NHL_final_scores.csv,moneyline
moneyline,2025020915,2026-02-25,home,away,0.436,0.4604774745507077,2.1399999999999997,1.7407407407407407,114.0,-135.0,,,0.0,False,0.0,2.0,3.0,2026_02_25_NHL_merged.csv,2026_02_25_NHL_final_scores.csv,moneyline
moneyline,2025020916,2026-02-25,home,away,0.526,0.4849658576026758,1.847457627118644,1.9803921568627452,-118.0,-102.0,,,0.0,False,0.0,4.0,6.0,2026_02_25_NHL_merged.csv,2026_02_25_NHL_final_scores.csv,moneyline
moneyline,2025020917,2026-02-25,home,away,0.469,0.4937083716931669,2.1399999999999997,1.7407407407407407,114.0,-135.0,,,0.0,False,1.0,6.0,5.0,2026_02_25_NHL_merged.csv,2026_02_25_NHL_final_scores.csv,moneyline
moneyline,2025020918,2026-02-26,home,away,0.521,0.47996095228740354,1.8695652173913042,1.9523809523809523,-115.0,-105.0,,,0.0,False,1.0,4.0,2.0,2026_02_26_NHL_merged.csv,2026_02_26_NHL_final_scores.csv,moneyline
moneyline,2025020919,2026-02-26,home,away,0.545,0.5548010326106407,1.6451612903225805,2.3,-155.0,130.0,,,0.0,False,0.0,3.0,4.0,2026_02_26_NHL_merged.csv,2026_02_26_NHL_final_scores.csv,moneyline
moneyline,2025020920,2026-02-26,home,away,0.574,0.5836535693702443,1.6451612903225805,2.3,-155.0,130.0,,,0.0,False,0.0,1.0,2.0,2026_02_26_NHL_merged.csv,2026_02_26_NHL_final_scores.csv,moneyline
moneyline,2025020921,2026-02-26,home,away,0.594,0.6035134082408171,1.6451612903225805,2.3,-155.0,130.0,,,0.0,False,1.0,5.0,1.0,2026_02_26_NHL_merged.csv,2026_02_26_NHL_final_scores.csv,moneyline
moneyline,2025020922,2026-02-26,home,away,0.551,0.5545268085856147,1.617283950617284,2.3600000000000003,-162.0,136.0,,,0.0,False,1.0,4.0,1.0,2026_02_26_NHL_merged.csv,2026_02_26_NHL_final_scores.csv,moneyline
moneyline,2025020923,2026-02-26,home,away,0.573,0.5663061348904699,1.6756756756756757,2.24,-148.0,124.0,,,0.0,False,1.0,5.0,4.0,2026_02_26_NHL_merged.csv,2026_02_26_NHL_final_scores.csv,moneyline
moneyline,2025020924,2026-02-26,home,away,0.574,0.5673099735801252,1.704225352112676,2.2,-142.0,120.0,,,0.0,False,0.0,2.0,3.0,2026_02_26_NHL_merged.csv,2026_02_26_NHL_final_scores.csv,moneyline
moneyline,2025020925,2026-02-26,home,away,0.536,0.5292026782288706,1.6756756756756757,2.24,-148.0,124.0,,,0.0,False,1.0,5.0,1.0,2026_02_26_NHL_merged.csv,2026_02_26_NHL_final_scores.csv,moneyline
moneyline,2025020926,2026-02-26,home,away,0.61,0.604907813933577,1.5714285714285714,2.45,-175.0,145.0,,,0.0,False,1.0,4.0,2.0,2026_02_26_NHL_merged.csv,2026_02_26_NHL_final_scores.csv,moneyline
moneyline,2025020927,2026-02-26,home,away,0.63,0.6391822606009285,1.6451612903225805,2.3,-155.0,130.0,,,0.0,False,0.0,2.0,5.0,2026_02_26_NHL_merged.csv,2026_02_26_NHL_final_scores.csv,moneyline
moneyline,2025020928,2026-02-26,home,away,0.5,0.5019123423609675,1.7692307692307692,2.1,-130.0,110.0,,,0.0,False,0.0,1.0,4.0,2026_02_26_NHL_merged.csv,2026_02_26_NHL_final_scores.csv,moneyline
moneyline,2025020929,2026-02-26,home,away,0.505,0.506545275266384,1.9090909090909092,1.9090909090909092,-110.0,-110.0,,,0.0,False,0.0,1.0,8.0,2026_02_26_NHL_merged.csv,2026_02_26_NHL_final_scores.csv,moneyline
moneyline,2025020930,2026-02-27,home,away,0.535,0.49399547558864365,1.8695652173913042,1.9523809523809523,-115.0,-105.0,,,0.0,False,0.0,2.0,3.0,2026_02_27_NHL_merged.csv,2026_02_27_NHL_final_scores.csv,moneyline
moneyline,2025020931,2026-02-27,home,away,0.499,0.45803679335436676,1.8695652173913042,1.9523809523809523,-115.0,-105.0,,,0.0,False,1.0,3.0,2.0,2026_02_27_NHL_merged.csv,2026_02_27_NHL_final_scores.csv,moneyline
moneyline,2025020932,2026-02-27,home,away,0.566,0.5678780735464956,1.7407407407407407,2.1399999999999997,-135.0,114.0,,,0.0,False,1.0,5.0,2.0,2026_02_27_NHL_merged.csv,2026_02_27_NHL_final_scores.csv,moneyline
moneyline,2025020933,2026-02-27,home,away,0.529,0.5309054865439196,1.7692307692307692,2.1,-130.0,110.0,,,0.0,False,1.0,5.0,4.0,2026_02_27_NHL_merged.csv,2026_02_27_NHL_final_scores.csv,moneyline
moneyline,2025020934,2026-02-28,home,away,0.517,0.5185435287925657,1.9090909090909092,1.9090909090909092,-110.0,-110.0,,,0.0,False,1.0,3.0,2.0,2026_02_28_NHL_merged.csv,2026_02_28_NHL_final_scores.csv,moneyline
moneyline,2025020935,2026-02-28,home,away,0.505,0.5052592550339399,1.7692307692307692,2.05,-130.0,105.0,,,0.0,False,1.0,3.0,1.0,2026_02_28_NHL_merged.csv,2026_02_28_NHL_final_scores.csv,moneyline
moneyline,2025020936,2026-02-28,home,away,0.38,0.3716940177793754,2.35,1.625,135.0,-160.0,,,0.0,False,1.0,5.0,4.0,2026_02_28_NHL_merged.csv,2026_02_28_NHL_final_scores.csv,moneyline
moneyline,2025020937,2026-02-28,home,away,0.532,0.5339040433352679,1.7407407407407407,2.1,-135.0,110.0,,,0.0,False,0.0,3.0,4.0,2026_02_28_NHL_merged.csv,2026_02_28_NHL_final_scores.csv,moneyline
moneyline,2025020938,2026-02-28,home,away,0.789,0.8095345878654138,1.2666666666666666,3.9,-375.0,290.0,,,0.0,False,1.0,3.0,1.0,2026_02_28_NHL_merged.csv,2026_02_28_NHL_final_scores.csv,moneyline
moneyline,2025020939,2026-02-28,home,away,0.521,0.5225425511012961,1.9090909090909092,1.9090909090909092,-110.0,-110.0,,,0.0,False,0.0,2.0,5.0,2026_02_28_NHL_merged.csv,2026_02_28_NHL_final_scores.csv,moneyline
moneyline,2025020940,2026-02-28,home,away,0.56,0.5636528804663252,1.6666666666666665,2.25,-150.0,125.0,,,0.0,False,1.0,6.0,2.0,2026_02_28_NHL_merged.csv,2026_02_28_NHL_final_scores.csv,moneyline
moneyline,2025020941,2026-02-28,home,away,0.674,0.6390067655988385,1.425531914893617,2.95,-235.0,195.0,,,0.0,False,0.0,2.0,6.0,2026_02_28_NHL_merged.csv,2026_02_28_NHL_final_scores.csv,moneyline
moneyline,2025020942,2026-02-28,home,away,0.663,0.6681740499733692,1.5,2.65,-200.0,165.0,,,0.0,False,1.0,5.0,2.0,2026_02_28_NHL_merged.csv,2026_02_28_NHL_final_scores.csv,moneyline
moneyline,2025020943,2026-02-28,home,away,0.483,0.4845438532531871,1.9090909090909092,1.9090909090909092,-110.0,-110.0,,,0.0,False,0.0,1.0,3.0,2026_02_28_NHL_merged.csv,2026_02_28_NHL_final_scores.csv,moneyline
moneyline,2025020944,2026-02-28,home,away,0.572,0.5667640376240415,1.5714285714285714,2.45,-175.0,145.0,,,0.0,False,1.0,2.0,0.0,2026_02_28_NHL_merged.csv,2026_02_28_NHL_final_scores.csv,moneyline
moneyline,2025020945,2026-02-28,home,away,0.629,0.6323229657618847,1.625,2.35,-160.0,135.0,,,0.0,False,1.0,3.0,2.0,2026_02_28_NHL_merged.csv,2026_02_28_NHL_final_scores.csv,moneyline
moneyline,2025020946,2026-02-28,home,away,0.584,0.5788027408531098,1.5714285714285714,2.45,-175.0,145.0,,,0.0,False,1.0,5.0,1.0,2026_02_28_NHL_merged.csv,2026_02_28_NHL_final_scores.csv,moneyline
moneyline,2025020947,2026-03-01,home,away,0.425,0.42713245730506844,2.24,1.6756756756756757,124.0,-148.0,,,0.0,False,1.0,5.0,0.0,2026_03_01_NHL_merged.csv,2026_03_01_NHL_final_scores.csv,moneyline
moneyline,2025020948,2026-03-01,home,away,0.471,0.47317333090965247,2.2,1.704225352112676,120.0,-142.0,,,0.0,False,1.0,5.0,4.0,2026_03_01_NHL_merged.csv,2026_03_01_NHL_final_scores.csv,moneyline
moneyline,2025020949,2026-03-01,home,away,0.74,0.7369410868864873,1.3225806451612903,3.5,-310.0,250.0,,,0.0,False,0.0,0.0,4.0,2026_03_01_NHL_merged.csv,2026_03_01_NHL_final_scores.csv,moneyline
moneyline,2025020950,2026-03-01,home,away,0.429,0.47504855211995994,2.0,1.8333333333333335,100.0,-120.0,,,0.0,False,1.0,2.0,1.0,2026_03_01_NHL_merged.csv,2026_03_01_NHL_final_scores.csv,moneyline
moneyline,2025020951,2026-03-01,home,away,0.672,0.6877303191694195,1.4081632653061225,3.0,-245.0,200.0,,,0.0,False,0.0,1.0,3.0,2026_03_01_NHL_merged.csv,2026_03_01_NHL_final_scores.csv,moneyline
moneyline,2025020952,2026-03-01,home,away,0.621,0.6181628654123614,1.5555555555555556,2.5,-180.0,150.0,,,0.0,False,1.0,3.0,2.0,2026_03_01_NHL_merged.csv,2026_03_01_NHL_final_scores.csv,moneyline
moneyline,2025020953,2026-03-02,home,away,0.525,0.5710476914544891,2.05,1.8,105.0,-125.0,,,0.0,False,0.0,4.0,5.0,2026_03_02_NHL_merged.csv,2026_03_02_NHL_final_scores.csv,moneyline
moneyline,2025020954,2026-03-02,home,away,0.564,0.5658800901274711,1.7407407407407407,2.1399999999999997,-135.0,114.0,,,0.0,False,0.0,2.0,3.0,2026_03_02_NHL_merged.csv,2026_03_02_NHL_final_scores.csv,moneyline
moneyline,2025020955,2026-03-02,home,away,0.496,0.5191295336787565,1.9803921568627452,1.847457627118644,-102.0,-118.0,,,0.0,False,0.0,2.0,4.0,2026_03_02_NHL_merged.csv,2026_03_02_NHL_final_scores.csv,moneyline
moneyline,2025020956,2026-03-02,home,away,0.352,0.3623683198020718,2.6,1.5208333333333335,160.0,-192.0,,,0.0,False,0.0,1.0,6.0,2026_03_02_NHL_merged.csv,2026_03_02_NHL_final_scores.csv,moneyline
moneyline,2025020957,2026-03-02,home,away,0.333,0.35752321622112776,2.54,1.5405405405405406,154.0,-185.0,,,0.0,False,1.0,2.0,1.0,2026_03_02_NHL_merged.csv,2026_03_02_NHL_final_scores.csv,moneyline
moneyline,2025020958,2026-03-02,home,away,0.35,0.3750711565776311,2.5,1.5555555555555556,150.0,-180.0,,,0.0,False,0.0,2.0,4.0,2026_03_02_NHL_merged.csv,2026_03_02_NHL_final_scores.csv,moneyline
moneyline,2025020959,2026-03-03,home,away,0.529,0.5299832736219847,1.8333333333333335,2.0,-120.0,100.0,,,0.0,False,1.0,2.0,1.0,2026_03_03_NHL_merged.csv,2026_03_03_NHL_final_scores.csv,moneyline
moneyline,2025020960,2026-03-03,home,away,0.525,0.5181863875964996,1.704225352112676,2.2,-142.0,120.0,,,0.0,False,1.0,3.0,2.0,2026_03_03_NHL_merged.csv,2026_03_03_NHL_final_scores.csv,moneyline
moneyline,2025020961,2026-03-03,home,away,0.474,0.4971155201186723,1.9523809523809523,1.8695652173913042,-105.0,-115.0,,,0.0,False,1.0,5.0,1.0,2026_03_03_NHL_merged.csv,2026_03_03_NHL_final_scores.csv,moneyline
moneyline,2025020962,2026-03-03,home,away,0.482,0.48298549668464197,1.8,2.05,-125.0,105.0,,,0.0,False,0.0,2.0,3.0,2026_03_03_NHL_merged.csv,2026_03_03_NHL_final_scores.csv,moneyline
moneyline,2025020963,2026-03-03,home,away,0.606,0.5994618394797782,1.704225352112676,2.2,-142.0,120.0,,,0.0,False,1.0,3.0,2.0,2026_03_03_NHL_merged.csv,2026_03_03_NHL_final_scores.csv,moneyline
moneyline,2025020964,2026-03-03,home,away,0.613,0.6163788717669375,1.617283950617284,2.3600000000000003,-162.0,136.0,,,0.0,False,1.0,3.0,2.0,2026_03_03_NHL_merged.csv,2026_03_03_NHL_final_scores.csv,moneyline
moneyline,2025020965,2026-03-03,home,away,0.45,0.4746020569172966,2.1399999999999997,1.7407407407407407,114.0,-135.0,,,0.0,False,0.0,1.0,6.0,2026_03_03_NHL_merged.csv,2026_03_03_NHL_final_scores.csv,moneyline
moneyline,2025020966,2026-03-03,home,away,0.5,0.5009867054424596,1.8333333333333335,2.0,-120.0,100.0,,,0.0,False,1.0,5.0,4.0,2026_03_03_NHL_merged.csv,2026_03_03_NHL_final_scores.csv,moneyline
moneyline,2025020967,2026-03-03,home,away,0.466,0.4681706779401461,2.2,1.704225352112676,120.0,-142.0,,,0.0,False,1.0,5.0,1.0,2026_03_03_NHL_merged.csv,2026_03_03_NHL_final_scores.csv,moneyline
moneyline,2025020968,2026-03-03,home,away,0.389,0.39107467862793166,2.24,1.6756756756756757,124.0,-148.0,,,0.0,False,0.0,1.0,5.0,2026_03_03_NHL_merged.csv,2026_03_03_NHL_final_scores.csv,moneyline
moneyline,2025020969,2026-03-03,home,away,0.414,0.43820198986149045,2.1399999999999997,1.7407407407407407,114.0,-135.0,,,0.0,False,1.0,7.0,5.0,2026_03_03_NHL_merged.csv,2026_03_03_NHL_final_scores.csv,moneyline
moneyline,2025020970,2026-03-04,home,away,0.531,0.5329045396925723,1.7407407407407407,2.1399999999999997,-135.0,114.0,,,0.0,False,0.0,3.0,4.0,2026_03_04_NHL_merged.csv,2026_03_04_NHL_final_scores.csv,moneyline
moneyline,2025020971,2026-03-04,home,away,0.501,0.5019866976013181,1.819672131147541,2.02,-122.0,102.0,,,0.0,False,1.0,4.0,3.0,2026_03_04_NHL_merged.csv,2026_03_04_NHL_final_scores.csv,moneyline
moneyline,2025020972,2026-03-04,home,away,0.307,0.19020638709167706,3.25,1.3597122302158273,225.0,-278.0,,,0.0,False,0.0,4.0,6.0,2026_03_04_NHL_merged.csv,2026_03_04_NHL_final_scores.csv,moneyline
moneyline,2025020973,2026-03-04,home,away,0.481,0.48254342719352594,1.9090909090909092,1.9090909090909092,-110.0,-110.0,,,0.0,False,1.0,5.0,1.0,2026_03_04_NHL_merged.csv,2026_03_04_NHL_final_scores.csv,moneyline
moneyline,2025020974,2026-03-04,home,away,0.516,0.5091779830661173,1.6756756756756757,2.24,-148.0,124.0,,,0.0,False,0.0,2.0,3.0,2026_03_04_NHL_merged.csv,2026_03_04_NHL_final_scores.csv,moneyline
moneyline,2025020975,2026-03-05,home,away,0.523,0.4819619264429388,1.8695652173913042,1.9523809523809523,-115.0,-105.0,,,0.0,False,1.0,6.0,2.0,2026_03_05_NHL_merged.csv,2026_03_05_NHL_final_scores.csv,moneyline
moneyline,2025020976,2026-03-05,home,away,0.467,0.5134595874446033,2.05,1.8,105.0,-125.0,,,0.0,False,0.0,0.0,3.0,2026_03_05_NHL_merged.csv,2026_03_05_NHL_final_scores.csv,moneyline
moneyline,2025020977,2026-03-05,home,away,0.497,0.5201280414469424,1.9523809523809523,1.8695652173913042,-105.0,-115.0,,,0.0,False,0.0,1.0,5.0,2026_03_05_NHL_merged.csv,2026_03_05_NHL_final_scores.csv,moneyline
moneyline,2025020978,2026-03-05,home,away,0.523,0.4819619264429388,1.8695652173913042,1.9523809523809523,-115.0,-105.0,,,0.0,False,1.0,4.0,2.0,2026_03_05_NHL_merged.csv,2026_03_05_NHL_final_scores.csv,moneyline
moneyline,2025020979,2026-03-05,home,away,0.512,0.47097283262729606,1.8695652173913042,1.9523809523809523,-115.0,-105.0,,,0.0,False,1.0,6.0,3.0,2026_03_05_NHL_merged.csv,2026_03_05_NHL_final_scores.csv,moneyline
moneyline,2025020980,2026-03-05,home,away,0.394,0.42018551025881273,2.54,1.5405405405405406,154.0,-185.0,,,0.0,False,1.0,4.0,1.0,2026_03_05_NHL_merged.csv,2026_03_05_NHL_final_scores.csv,moneyline
moneyline,2025020981,2026-03-05,home,away,0.408,0.39947633255650455,2.3600000000000003,1.617283950617284,136.0,-162.0,,,0.0,False,0.0,1.0,4.0,2026_03_05_NHL_merged.csv,2026_03_05_NHL_final_scores.csv,moneyline
moneyline,2025020982,2026-03-05,home,away,0.549,0.5508932665924474,1.7692307692307692,2.1,-130.0,110.0,,,0.0,False,1.0,5.0,3.0,2026_03_05_NHL_merged.csv,2026_03_05_NHL_final_scores.csv,moneyline
moneyline,2025020983,2026-03-06,home,away,0.541,0.5508161808717695,1.6451612903225805,2.3,-155.0,130.0,,,0.0,False,0.0,1.0,3.0,2026_03_06_NHL_merged.csv,2026_03_06_NHL_final_scores.csv,moneyline
moneyline,2025020984,2026-03-06,home,away,0.468,0.5144630473928202,2.02,1.819672131147541,102.0,-122.0,,,0.0,False,0.0,4.0,5.0,2026_03_06_NHL_merged.csv,2026_03_06_NHL_final_scores.csv,moneyline
moneyline,2025020985,2026-03-06,home,away,0.555,0.5647576516922618,1.6451612903225805,2.3,-155.0,130.0,,,0.0,False,0.0,3.0,6.0,2026_03_06_NHL_merged.csv,2026_03_06_NHL_final_scores.csv,moneyline
moneyline,2025020986,2026-03-06,home,away,0.445,0.46795946825323037,1.9523809523809523,1.8695652173913042,-105.0,-115.0,,,0.0,False,0.0,3.0,6.0,2026_03_06_NHL_merged.csv,2026_03_06_NHL_final_scores.csv,moneyline
moneyline,2025020987,2026-03-06,home,away,0.503,0.5045453932802665,1.9090909090909092,1.9090909090909092,-110.0,-110.0,,,0.0,False,1.0,6.0,5.0,2026_03_06_NHL_merged.csv,2026_03_06_NHL_final_scores.csv,moneyline
moneyline,2025020988,2026-03-06,home,away,0.53,0.4889757165121086,1.8928571428571428,1.925925925925926,-112.0,-108.0,,,0.0,False,0.0,2.0,4.0,2026_03_06_NHL_merged.csv,2026_03_06_NHL_final_scores.csv,moneyline
moneyline,2025020989,2026-03-06,home,away,0.507,0.5089118651699236,1.7407407407407407,2.1399999999999997,-135.0,114.0,,,0.0,False,0.0,2.0,3.0,2026_03_06_NHL_merged.csv,2026_03_06_NHL_final_scores.csv,moneyline
moneyline,2025020990,2026-03-07,home,away,0.494,0.49591215474433603,1.7692307692307692,2.1,-130.0,110.0,,,0.0,False,1.0,3.0,1.0,2026_03_07_NHL_merged.csv,2026_03_07_NHL_final_scores.csv,moneyline
moneyline,2025020991,2026-03-07,home,away,0.573,0.5677670268685928,1.5714285714285714,2.45,-175.0,145.0,,,0.0,False,1.0,6.0,3.0,2026_03_07_NHL_merged.csv,2026_03_07_NHL_final_scores.csv,moneyline
moneyline,2025020992,2026-03-07,home,away,0.597,0.5941006350883069,1.5405405405405406,2.54,-185.0,154.0,,,0.0,False,1.0,3.0,2.0,2026_03_07_NHL_merged.csv,2026_03_07_NHL_final_scores.csv,moneyline
moneyline,2025020993,2026-03-07,home,away,0.562,0.5552675334165199,1.704225352112676,2.2,-142.0,120.0,,,0.0,False,0.0,3.0,4.0,2026_03_07_NHL_merged.csv,2026_03_07_NHL_final_scores.csv,moneyline
moneyline,2025020994,2026-03-07,home,away,0.396,0.4222258196914222,2.5,1.5555555555555556,150.0,-180.0,,,0.0,False,0.0,2.0,5.0,2026_03_07_NHL_merged.csv,2026_03_07_NHL_final_scores.csv,moneyline
moneyline,2025020995,2026-03-07,home,away,0.451,0.45253109860184654,1.9090909090909092,1.9090909090909092,-110.0,-110.0,,,0.0,False,0.0,4.0,5.0,2026_03_07_NHL_merged.csv,2026_03_07_NHL_final_scores.csv,moneyline
moneyline,2025020996,2026-03-07,home,away,0.674,0.6481458528222784,1.3597122302158273,3.25,-278.0,225.0,,,0.0,False,1.0,3.0,2.0,2026_03_07_NHL_merged.csv,2026_03_07_NHL_final_scores.csv,moneyline
moneyline,2025020997,2026-03-07,home,away,0.55,0.5509766456557181,1.8,2.05,-125.0,105.0,,,0.0,False,0.0,3.0,4.0,2026_03_07_NHL_merged.csv,2026_03_07_NHL_final_scores.csv,moneyline
moneyline,2025020998,2026-03-07,home,away,0.376,0.40178236836141856,2.54,1.5405405405405406,154.0,-185.0,,,0.0,False,1.0,5.0,4.0,2026_03_07_NHL_merged.csv,2026_03_07_NHL_final_scores.csv,moneyline
moneyline,2025020999,2026-03-07,home,away,0.406,0.4300775522264905,2.1399999999999997,1.7407407407407407,114.0,-135.0,,,0.0,False,0.0,1.0,2.0,2026_03_07_NHL_merged.csv,2026_03_07_NHL_final_scores.csv,moneyline
moneyline,2025021000,2026-03-07,home,away,0.402,0.40409815698661355,2.2,1.704225352112676,120.0,-142.0,,,0.0,False,0.0,4.0,7.0,2026_03_07_NHL_merged.csv,2026_03_07_NHL_final_scores.csv,moneyline
moneyline,2025021001,2026-03-08,home,away,0.631,0.6281929043659589,1.5555555555555556,2.5,-180.0,150.0,,,0.0,False,1.0,3.0,2.0,2026_03_08_NHL_merged.csv,2026_03_08_NHL_final_scores.csv,moneyline
moneyline,2025021002,2026-03-08,home,away,0.522,0.5229847096783038,1.8,2.05,-125.0,105.0,,,0.0,False,1.0,5.0,4.0,2026_03_08_NHL_merged.csv,2026_03_08_NHL_final_scores.csv,moneyline
moneyline,2025021003,2026-03-08,home,away,0.47,0.4931033203487294,1.9523809523809523,1.8695652173913042,-105.0,-115.0,,,0.0,False,1.0,8.0,7.0,2026_03_08_NHL_merged.csv,2026_03_08_NHL_final_scores.csv,moneyline
moneyline,2025021004,2026-03-08,home,away,0.729,0.7056025095979138,1.3703703703703702,3.2,-270.0,220.0,,,0.0,False,1.0,4.0,3.0,2026_03_08_NHL_merged.csv,2026_03_08_NHL_final_scores.csv,moneyline
moneyline,2025021005,2026-03-08,home,away,0.498,0.49954547195820415,1.9090909090909092,1.9090909090909092,-110.0,-110.0,,,0.0,False,0.0,0.0,3.0,2026_03_08_NHL_merged.csv,2026_03_08_NHL_final_scores.csv,moneyline
moneyline,2025021006,2026-03-08,home,away,0.613,0.6079218076081327,1.5714285714285714,2.45,-175.0,145.0,,,0.0,False,0.0,0.0,4.0,2026_03_08_NHL_merged.csv,2026_03_08_NHL_final_scores.csv,moneyline
moneyline,2025021007,2026-03-08,home,away,0.526,0.4849658576026758,1.8695652173913042,1.9523809523809523,-115.0,-105.0,,,0.0,False,0.0,2.0,4.0,2026_03_08_NHL_merged.csv,2026_03_08_NHL_final_scores.csv,moneyline
moneyline,2025020828,2026-03-09,home,away,0.543,0.5448975745211778,1.7407407407407407,2.1399999999999997,-135.0,114.0,,,0.0,False,0.0,4.0,5.0,2026_03_09_NHL_merged.csv,2026_03_09_NHL_final_scores.csv,moneyline
moneyline,2025021008,2026-03-09,home,away,0.553,0.5462408895258761,1.704225352112676,2.2,-142.0,120.0,,,0.0,False,0.0,2.0,6.0,2026_03_09_NHL_merged.csv,2026_03_09_NHL_final_scores.csv,moneyline
moneyline,2025021009,2026-03-09,home,away,0.622,0.6159839654259048,1.5208333333333335,2.6,-192.0,160.0,,,0.0,False,1.0,7.0,3.0,2026_03_09_NHL_merged.csv,2026_03_09_NHL_final_scores.csv,moneyline
moneyline,2025021010,2026-03-09,home,away,0.33,0.34006037067431516,2.6,1.5208333333333335,160.0,-192.0,,,0.0,False,1.0,3.0,2.0,2026_03_09_NHL_merged.csv,2026_03_09_NHL_final_scores.csv,moneyline
moneyline,2025021011,2026-03-09,home,away,0.362,0.37240696986438776,2.8,1.4587155963302751,180.0,-218.0,,,0.0,False,0.0,0.0,2.0,2026_03_09_NHL_merged.csv,2026_03_09_NHL_final_scores.csv,moneyline
moneyline,2025021012,2026-03-10,home,away,0.558,0.567743103445058,1.6451612903225805,2.3,-155.0,130.0,,,0.0,False,1.0,2.0,1.0,2026_03_10_NHL_merged.csv,2026_03_10_NHL_final_scores.csv,moneyline
moneyline,2025021013,2026-03-10,home,away,0.653,0.6500621239398691,1.4878048780487805,2.7,-205.0,170.0,,,0.0,False,1.0,6.0,3.0,2026_03_10_NHL_merged.csv,2026_03_10_NHL_final_scores.csv,moneyline
moneyline,2025021014,2026-03-10,home,away,0.579,0.5737858634241152,1.5882352941176472,2.42,-170.0,142.0,,,0.0,False,1.0,3.0,1.0,2026_03_10_NHL_merged.csv,2026_03_10_NHL_final_scores.csv,moneyline
moneyline,2025021015,2026-03-10,home,away,0.68,0.645311887179963,1.4201680672268908,2.95,-238.0,195.0,,,0.0,False,0.0,2.0,5.0,2026_03_10_NHL_merged.csv,2026_03_10_NHL_final_scores.csv,moneyline
moneyline,2025021016,2026-03-10,home,away,0.525,0.5269071967837451,1.7692307692307692,2.1,-130.0,110.0,,,0.0,False,1.0,4.0,3.0,2026_03_10_NHL_merged.csv,2026_03_10_NHL_final_scores.csv,moneyline
moneyline,2025021017,2026-03-10,home,away,0.532,0.5339040433352679,1.7692307692307692,2.1,-130.0,110.0,,,0.0,False,1.0,4.0,0.0,2026_03_10_NHL_merged.csv,2026_03_10_NHL_final_scores.csv,moneyline
moneyline,2025021018,2026-03-10,home,away,0.65,0.6021229371638818,1.4587155963302751,2.8,-218.0,180.0,,,0.0,False,1.0,5.0,4.0,2026_03_10_NHL_merged.csv,2026_03_10_NHL_final_scores.csv,moneyline
moneyline,2025021019,2026-03-10,home,away,0.478,0.5244770863962304,2.05,1.8,105.0,-125.0,,,0.0,False,0.0,3.0,4.0,2026_03_10_NHL_merged.csv,2026_03_10_NHL_final_scores.csv,moneyline
moneyline,2025021020,2026-03-10,home,away,0.564,0.5737118845836645,1.6451612903225805,2.3,-155.0,130.0,,,0.0,False,1.0,2.0,1.0,2026_03_10_NHL_merged.csv,2026_03_10_NHL_final_scores.csv,moneyline
moneyline,2025021021,2026-03-10,home,away,0.557,0.560517270146111,1.617283950617284,2.3600000000000003,-162.0,136.0,,,0.0,False,1.0,5.0,0.0,2026_03_10_NHL_merged.csv,2026_03_10_NHL_final_scores.csv,moneyline
moneyline,2025021022,2026-03-10,home,away,0.55,0.5518924951176416,1.7692307692307692,2.1,-130.0,110.0,,,0.0,False,0.0,1.0,4.0,2026_03_10_NHL_merged.csv,2026_03_10_NHL_final_scores.csv,moneyline
moneyline,2025021023,2026-03-10,home,away,0.673,0.6682830781640451,1.5714285714285714,2.45,-175.0,145.0,,,0.0,False,0.0,3.0,4.0,2026_03_10_NHL_merged.csv,2026_03_10_NHL_final_scores.csv,moneyline
moneyline,2025021024,2026-03-10,home,away,0.481,0.44021606721701345,1.8695652173913042,1.9523809523809523,-115.0,-105.0,,,0.0,False,0.0,2.0,4.0,2026_03_10_NHL_merged.csv,2026_03_10_NHL_final_scores.csv,moneyline
moneyline,2025021025,2026-03-11,home,away,0.588,0.597558747758395,1.6451612903225805,2.3,-155.0,130.0,,,0.0,False,0.0,2.0,3.0,2026_03_11_NHL_merged.csv,2026_03_11_NHL_final_scores.csv,moneyline
moneyline,2025021026,2026-03-11,home,away,0.474,0.4971155201186723,1.9523809523809523,1.8695652173913042,-105.0,-115.0,,,0.0,False,1.0,4.0,1.0,2026_03_11_NHL_merged.csv,2026_03_11_NHL_final_scores.csv,moneyline
moneyline,2025021027,2026-03-12,home,away,0.622,0.6169661117228161,1.5882352941176472,2.42,-170.0,142.0,,,0.0,False,0.0,2.0,4.0,2026_03_12_NHL_merged.csv,2026_03_12_NHL_final_scores.csv,moneyline
moneyline,2025021028,2026-03-12,home,away,0.585,0.581855062298283,1.4878048780487805,2.7,-205.0,170.0,,,0.0,False,0.0,1.0,2.0,2026_03_12_NHL_merged.csv,2026_03_12_NHL_final_scores.csv,moneyline
moneyline,2025021029,2026-03-12,home,away,0.53,0.5529754657812213,1.9523809523809523,1.8695652173913042,-105.0,-115.0,,,0.0,False,1.0,6.0,4.0,2026_03_12_NHL_merged.csv,2026_03_12_NHL_final_scores.csv,moneyline
moneyline,2025021030,2026-03-12,home,away,0.649,0.6460466147291718,1.4878048780487805,2.7,-205.0,170.0,,,0.0,False,1.0,4.0,1.0,2026_03_12_NHL_merged.csv,2026_03_12_NHL_final_scores.csv,moneyline
moneyline,2025021031,2026-03-12,home,away,0.531,0.4899790068551075,1.8695652173913042,1.9523809523809523,-115.0,-105.0,,,0.0,False,1.0,2.0,1.0,2026_03_12_NHL_merged.csv,2026_03_12_NHL_final_scores.csv,moneyline
moneyline,2025021032,2026-03-12,home,away,0.572,0.5690506081435316,1.5405405405405406,2.54,-185.0,154.0,,,0.0,False,0.0,4.0,5.0,2026_03_12_NHL_merged.csv,2026_03_12_NHL_final_scores.csv,moneyline
moneyline,2025021033,2026-03-12,home,away,0.712,0.6689372533638569,1.3448275862068966,3.35,-290.0,235.0,,,0.0,False,0.0,1.0,3.0,2026_03_12_NHL_merged.csv,2026_03_12_NHL_final_scores.csv,moneyline
moneyline,2025021034,2026-03-12,home,away,0.555,0.5568884085359994,1.7692307692307692,2.1,-130.0,110.0,,,0.0,False,1.0,7.0,2.0,2026_03_12_NHL_merged.csv,2026_03_12_NHL_final_scores.csv,moneyline
moneyline,2025021035,2026-03-12,home,away,0.649,0.6630883908916313,1.4,3.05,-250.0,205.0,,,0.0,False,0.0,2.0,3.0,2026_03_12_NHL_merged.csv,2026_03_12_NHL_final_scores.csv,moneyline
moneyline,2025021036,2026-03-12,home,away,0.558,0.5615155807859296,1.617283950617284,2.3600000000000003,-162.0,136.0,,,0.0,False,0.0,3.0,6.0,2026_03_12_NHL_merged.csv,2026_03_12_NHL_final_scores.csv,moneyline
moneyline,2025021037,2026-03-12,home,away,0.695,0.6611275860902797,1.434782608695652,2.9,-230.0,190.0,,,0.0,False,0.0,2.0,3.0,2026_03_12_NHL_merged.csv,2026_03_12_NHL_final_scores.csv,moneyline
moneyline,2025021038,2026-03-12,home,away,0.43,0.4183997327319803,2.3,1.6451612903225805,130.0,-155.0,,,0.0,False,1.0,4.0,3.0,2026_03_12_NHL_merged.csv,2026_03_12_NHL_final_scores.csv,moneyline
moneyline,2025021039,2026-03-12,home,away,0.608,0.6173966601432502,1.6451612903225805,2.3,-155.0,130.0,,,0.0,False,1.0,6.0,2.0,2026_03_12_NHL_merged.csv,2026_03_12_NHL_final_scores.csv,moneyline
moneyline,2025021040,2026-03-12,home,away,0.304,0.2433327020031206,2.7,1.4878048780487805,170.0,-205.0,,,0.0,False,0.0,1.0,5.0,2026_03_12_NHL_merged.csv,2026_03_12_NHL_final_scores.csv,moneyline
moneyline,2025021041,2026-03-13,home,away,0.546,0.5392232374699664,1.704225352112676,2.2,-142.0,120.0,,,0.0,False,0.0,2.0,3.0,2026_03_13_NHL_merged.csv,2026_03_13_NHL_final_scores.csv,moneyline
moneyline,2025021042,2026-03-13,home,away,0.483,0.4851779178546467,2.24,1.6756756756756757,124.0,-148.0,,,0.0,False,1.0,3.0,2.0,2026_03_13_NHL_merged.csv,2026_03_13_NHL_final_scores.csv,moneyline
moneyline,2025021043,2026-03-14,home,away,0.605,0.6097348992020524,1.6024096385542168,2.4,-166.0,140.0,,,0.0,False,1.0,2.0,0.0,2026_03_14_NHL_merged.csv,2026_03_14_NHL_final_scores.csv,moneyline
moneyline,2025021044,2026-03-14,home,away,0.573,0.574870534357391,1.7692307692307692,2.1,-130.0,110.0,,,0.0,False,0.0,2.0,3.0,2026_03_14_NHL_merged.csv,2026_03_14_NHL_final_scores.csv,moneyline
moneyline,2025021045,2026-03-14,home,away,0.375,0.40075783672063386,2.54,1.5405405405405406,154.0,-185.0,,,0.0,False,1.0,3.0,1.0,2026_03_14_NHL_merged.csv,2026_03_14_NHL_final_scores.csv,moneyline
moneyline,2025021046,2026-03-14,home,away,0.61,0.5724943382533877,1.434782608695652,2.9,-230.0,190.0,,,0.0,False,0.0,2.0,4.0,2026_03_14_NHL_merged.csv,2026_03_14_NHL_final_scores.csv,moneyline
moneyline,2025021047,2026-03-14,home,away,0.593,0.5550519821171866,1.434782608695652,2.9,-230.0,190.0,,,0.0,False,1.0,3.0,2.0,2026_03_14_NHL_merged.csv,2026_03_14_NHL_final_scores.csv,moneyline
moneyline,2025021048,2026-03-14,home,away,0.643,0.6380830489335272,1.5714285714285714,2.45,-175.0,145.0,,,0.0,False,0.0,2.0,4.0,2026_03_14_NHL_merged.csv,2026_03_14_NHL_final_scores.csv,moneyline
moneyline,2025021049,2026-03-14,home,away,0.527,0.5289063722419124,1.7407407407407407,2.1399999999999997,-135.0,114.0,,,0.0,False,0.0,2.0,4.0,2026_03_14_NHL_merged.csv,2026_03_14_NHL_final_scores.csv,moneyline
moneyline,2025021050,2026-03-14,home,away,0.557,0.5502521827025627,1.6756756756756757,2.24,-148.0,124.0,,,0.0,False,1.0,6.0,4.0,2026_03_14_NHL_merged.csv,2026_03_14_NHL_final_scores.csv,moneyline
moneyline,2025021051,2026-03-14,home,away,0.569,0.5786837083907628,1.6451612903225805,2.3,-155.0,130.0,,,0.0,False,1.0,3.0,2.0,2026_03_14_NHL_merged.csv,2026_03_14_NHL_final_scores.csv,moneyline
moneyline,2025021052,2026-03-14,home,away,0.501,0.5257251187858777,2.1,1.7692307692307692,110.0,-130.0,,,0.0,False,0.0,1.0,2.0,2026_03_14_NHL_merged.csv,2026_03_14_NHL_final_scores.csv,moneyline
moneyline,2025021053,2026-03-14,home,away,0.619,0.6161571477916484,1.5555555555555556,2.5,-180.0,150.0,,,0.0,False,1.0,3.0,2.0,2026_03_14_NHL_merged.csv,2026_03_14_NHL_final_scores.csv,moneyline
moneyline,2025021054,2026-03-14,home,away,0.614,0.607508612144959,1.6756756756756757,2.24,-148.0,124.0,,,0.0,False,0.0,3.0,4.0,2026_03_14_NHL_merged.csv,2026_03_14_NHL_final_scores.csv,moneyline
moneyline,2025021055,2026-03-14,home,away,0.489,0.5137426154759697,2.1,1.7692307692307692,110.0,-130.0,,,0.0,False,0.0,2.0,5.0,2026_03_14_NHL_merged.csv,2026_03_14_NHL_final_scores.csv,moneyline
moneyline,2025021056,2026-03-14,home,away,0.68,0.645311887179963,1.4201680672268908,2.95,-238.0,195.0,,,0.0,False,1.0,4.0,0.0,2026_03_14_NHL_merged.csv,2026_03_14_NHL_final_scores.csv,moneyline
moneyline,2025021057,2026-03-15,home,away,0.507,0.465990902454091,1.8695652173913042,1.9523809523809523,-115.0,-105.0,,,0.0,False,1.0,3.0,2.0,2026_03_15_NHL_merged.csv,2026_03_15_NHL_final_scores.csv,moneyline
moneyline,2025021058,2026-03-15,home,away,0.653,0.6500621239398691,1.4878048780487805,2.7,-205.0,170.0,,,0.0,False,1.0,7.0,4.0,2026_03_15_NHL_merged.csv,2026_03_15_NHL_final_scores.csv,moneyline
moneyline,2025021059,2026-03-15,home,away,0.55,0.5432329954344967,1.6756756756756757,2.24,-148.0,124.0,,,0.0,False,0.0,3.0,4.0,2026_03_15_NHL_merged.csv,2026_03_15_NHL_final_scores.csv,moneyline
moneyline,2025021060,2026-03-15,home,away,0.638,0.6522933616121608,1.4,3.05,-250.0,205.0,,,0.0,False,0.0,2.0,4.0,2026_03_15_NHL_merged.csv,2026_03_15_NHL_final_scores.csv,moneyline
moneyline,2025021061,2026-03-15,home,away,0.607,0.6041248726698742,1.5405405405405406,2.54,-185.0,154.0,,,0.0,False,1.0,3.0,1.0,2026_03_15_NHL_merged.csv,2026_03_15_NHL_final_scores.csv,moneyline
moneyline,2025021062,2026-03-15,home,away,0.444,0.46855348111382145,2.1,1.7692307692307692,110.0,-130.0,,,0.0,False,1.0,6.0,2.0,2026_03_15_NHL_merged.csv,2026_03_15_NHL_final_scores.csv,moneyline
moneyline,2025021063,2026-03-16,home,away,0.585,0.5820747387074457,1.5555555555555556,2.5,-180.0,150.0,,,0.0,False,1.0,5.0,2.0,2026_03_16_NHL_merged.csv,2026_03_16_NHL_final_scores.csv,moneyline
moneyline,2025021064,2026-03-16,home,away,0.508,0.5089864217000211,1.8,2.05,-125.0,105.0,,,0.0,False,1.0,4.0,3.0,2026_03_16_NHL_merged.csv,2026_03_16_NHL_final_scores.csv,moneyline
moneyline,2025021065,2026-03-16,home,away,0.526,0.5720297746740337,2.0,1.8333333333333335,100.0,-120.0,,,0.0,False,0.0,1.0,4.0,2026_03_16_NHL_merged.csv,2026_03_16_NHL_final_scores.csv,moneyline
moneyline,2025021066,2026-03-16,home,away,0.564,0.5675048470140054,1.617283950617284,2.3600000000000003,-162.0,136.0,,,0.0,False,0.0,3.0,6.0,2026_03_16_NHL_merged.csv,2026_03_16_NHL_final_scores.csv,moneyline
moneyline,2025021067,2026-03-16,home,away,0.695,0.6611275860902797,1.434782608695652,2.9,-230.0,190.0,,,0.0,False,0.0,2.0,7.0,2026_03_16_NHL_merged.csv,2026_03_16_NHL_final_scores.csv,moneyline
moneyline,2025021068,2026-03-17,home,away,0.487,0.4891788884501844,2.2,1.704225352112676,120.0,-142.0,,,0.0,False,0.0,1.0,3.0,2026_03_17_NHL_merged.csv,2026_03_17_NHL_final_scores.csv,moneyline
moneyline,2025021069,2026-03-17,home,away,0.591,0.5858281725870224,1.5882352941176472,2.42,-170.0,142.0,,,0.0,False,1.0,3.0,2.0,2026_03_17_NHL_merged.csv,2026_03_17_NHL_final_scores.csv,moneyline
moneyline,2025021070,2026-03-17,home,away,0.428,0.4523885954657296,2.1399999999999997,1.7407407407407407,114.0,-135.0,,,0.0,False,1.0,5.0,1.0,2026_03_17_NHL_merged.csv,2026_03_17_NHL_final_scores.csv,moneyline
moneyline,2025021071,2026-03-17,home,away,0.555,0.5568884085359994,1.7407407407407407,2.1399999999999997,-135.0,114.0,,,0.0,False,0.0,3.0,4.0,2026_03_17_NHL_merged.csv,2026_03_17_NHL_final_scores.csv,moneyline
moneyline,2025021072,2026-03-17,home,away,0.383,0.4380301354728286,2.45,1.5714285714285714,145.0,-175.0,,,0.0,False,0.0,3.0,4.0,2026_03_17_NHL_merged.csv,2026_03_17_NHL_final_scores.csv,moneyline
moneyline,2025021073,2026-03-17,home,away,0.6,0.5948639633484708,1.5714285714285714,2.45,-175.0,145.0,,,0.0,False,1.0,5.0,3.0,2026_03_17_NHL_merged.csv,2026_03_17_NHL_final_scores.csv,moneyline
moneyline,2025021074,2026-03-17,home,away,0.403,0.4050998406037168,2.24,1.6756756756756757,124.0,-148.0,,,0.0,False,1.0,5.0,2.0,2026_03_17_NHL_merged.csv,2026_03_17_NHL_final_scores.csv,moneyline
moneyline,2025021075,2026-03-17,home,away,0.549,0.549977040169423,1.8,2.05,-125.0,105.0,,,0.0,False,0.0,0.0,2.0,2026_03_17_NHL_merged.csv,2026_03_17_NHL_final_scores.csv,moneyline
moneyline,2025021076,2026-03-17,home,away,0.367,0.3925534695388817,2.54,1.5405405405405406,154.0,-185.0,,,0.0,False,0.0,2.0,6.0,2026_03_17_NHL_merged.csv,2026_03_17_NHL_final_scores.csv,moneyline
moneyline,2025021077,2026-03-18,home,away,0.541,0.5638802174513959,1.9523809523809523,1.8695652173913042,-105.0,-115.0,,,0.0,False,0.0,3.0,6.0,2026_03_18_NHL_merged.csv,2026_03_18_NHL_final_scores.csv,moneyline
moneyline,2025021078,2026-03-18,home,away,0.597,0.6004275092003337,1.617283950617284,2.3600000000000003,-162.0,136.0,,,0.0,False,1.0,6.0,5.0,2026_03_18_NHL_merged.csv,2026_03_18_NHL_final_scores.csv,moneyline
moneyline,2025021079,2026-03-18,home,away,0.521,0.5671157290150752,2.05,1.8,105.0,-125.0,,,0.0,False,1.0,4.0,1.0,2026_03_18_NHL_merged.csv,2026_03_18_NHL_final_scores.csv,moneyline
moneyline,2025021080,2026-03-18,home,away,0.591,0.6005364303893967,1.6451612903225805,2.3,-155.0,130.0,,,0.0,False,0.0,1.0,2.0,2026_03_18_NHL_merged.csv,2026_03_18_NHL_final_scores.csv,moneyline
moneyline,2025021081,2026-03-18,home,away,0.518,0.5641629405091907,2.05,1.8,105.0,-125.0,,,0.0,False,1.0,2.0,1.0,2026_03_18_NHL_merged.csv,2026_03_18_NHL_final_scores.csv,moneyline
moneyline,2025021082,2026-03-18,home,away,0.543,0.5528087642520404,1.6451612903225805,2.3,-155.0,130.0,,,0.0,False,0.0,2.0,3.0,2026_03_18_NHL_merged.csv,2026_03_18_NHL_final_scores.csv,moneyline
moneyline,2025021083,2026-03-19,home,away,0.545,0.5468961996749102,1.7407407407407407,2.1399999999999997,-135.0,114.0,,,0.0,False,1.0,6.0,1.0,2026_03_19_NHL_merged.csv,2026_03_19_NHL_final_scores.csv,moneyline
moneyline,2025021084,2026-03-19,home,away,0.512,0.5139110654304215,1.7407407407407407,2.1399999999999997,-135.0,114.0,,,0.0,False,1.0,3.0,2.0,2026_03_19_NHL_merged.csv,2026_03_19_NHL_final_scores.csv,moneyline
moneyline,2025021085,2026-03-19,home,away,0.504,0.5055453404547179,1.9090909090909092,1.9090909090909092,-110.0,-110.0,,,0.0,False,1.0,3.0,1.0,2026_03_19_NHL_merged.csv,2026_03_19_NHL_final_scores.csv,moneyline
moneyline,2025021086,2026-03-19,home,away,0.628,0.5790624080356876,1.4587155963302751,2.8,-218.0,180.0,,,0.0,False,1.0,6.0,3.0,2026_03_19_NHL_merged.csv,2026_03_19_NHL_final_scores.csv,moneyline
moneyline,2025021087,2026-03-19,home,away,0.564,0.5658800901274711,1.7407407407407407,2.1399999999999997,-135.0,114.0,,,0.0,False,1.0,3.0,1.0,2026_03_19_NHL_merged.csv,2026_03_19_NHL_final_scores.csv,moneyline
moneyline,2025021088,2026-03-19,home,away,0.688,0.7012436093685906,1.4,3.05,-250.0,205.0,,,0.0,False,0.0,1.0,2.0,2026_03_19_NHL_merged.csv,2026_03_19_NHL_final_scores.csv,moneyline
moneyline,2025021089,2026-03-19,home,away,0.527,0.5368592703233238,1.6451612903225805,2.3,-155.0,130.0,,,0.0,False,0.0,0.0,4.0,2026_03_19_NHL_merged.csv,2026_03_19_NHL_final_scores.csv,moneyline
moneyline,2025021090,2026-03-19,home,away,0.298,0.21550055542251406,3.35,1.3448275862068966,235.0,-290.0,,,0.0,False,0.0,2.0,6.0,2026_03_19_NHL_merged.csv,2026_03_19_NHL_final_scores.csv,moneyline
moneyline,2025021091,2026-03-19,home,away,0.528,0.5299059370372606,1.7407407407407407,2.1399999999999997,-135.0,114.0,,,0.0,False,0.0,0.0,4.0,2026_03_19_NHL_merged.csv,2026_03_19_NHL_final_scores.csv,moneyline
moneyline,2025021092,2026-03-19,home,away,0.408,0.4101079964245417,2.2,1.704225352112676,120.0,-142.0,,,0.0,False,0.0,0.0,5.0,2026_03_19_NHL_merged.csv,2026_03_19_NHL_final_scores.csv,moneyline
moneyline,2025021093,2026-03-19,home,away,0.603,0.5978766671211561,1.5882352941176472,2.42,-170.0,142.0,,,0.0,False,0.0,3.0,4.0,2026_03_19_NHL_merged.csv,2026_03_19_NHL_final_scores.csv,moneyline
moneyline,2025021094,2026-03-20,home,away,0.378,0.38858678841176675,2.8,1.4587155963302751,180.0,-218.0,,,0.0,False,0.0,3.0,4.0,2026_03_20_NHL_merged.csv,2026_03_20_NHL_final_scores.csv,moneyline
moneyline,2025021095,2026-03-20,home,away,0.586,0.5878545476182507,1.7692307692307692,2.1,-130.0,110.0,,,0.0,False,1.0,2.0,1.0,2026_03_20_NHL_merged.csv,2026_03_20_NHL_final_scores.csv,moneyline
moneyline,2025021096,2026-03-20,home,away,0.259,0.1844604226261328,3.35,1.3448275862068966,235.0,-290.0,,,0.0,False,0.0,1.0,4.0,2026_03_20_NHL_merged.csv,2026_03_20_NHL_final_scores.csv,moneyline
moneyline,2025021097,2026-03-20,home,away,0.533,0.5559516828031351,1.9523809523809523,1.8695652173913042,-105.0,-115.0,,,0.0,False,1.0,4.0,1.0,2026_03_20_NHL_merged.csv,2026_03_20_NHL_final_scores.csv,moneyline
moneyline,2025021098,2026-03-20,home,away,0.562,0.5638820456041729,1.7692307692307692,2.1,-130.0,110.0,,,0.0,False,0.0,1.0,4.0,2026_03_20_NHL_merged.csv,2026_03_20_NHL_final_scores.csv,moneyline
moneyline,2025021099,2026-03-21,home,away,0.561,0.5645103419521309,1.617283950617284,2.3600000000000003,-162.0,136.0,,,0.0,False,1.0,5.0,4.0,2026_03_21_NHL_merged.csv,2026_03_21_NHL_final_scores.csv,moneyline
moneyline,2025021100,2026-03-21,home,away,0.458,0.4826556103882071,2.1,1.7692307692307692,110.0,-130.0,,,0.0,False,1.0,4.0,1.0,2026_03_21_NHL_merged.csv,2026_03_21_NHL_final_scores.csv,moneyline
moneyline,2025021101,2026-03-21,home,away,0.494,0.5404221827025466,2.02,1.819672131147541,102.0,-122.0,,,0.0,False,1.0,2.0,1.0,2026_03_21_NHL_merged.csv,2026_03_21_NHL_final_scores.csv,moneyline
moneyline,2025021102,2026-03-21,home,away,0.494,0.5171319637238572,1.9523809523809523,1.8695652173913042,-105.0,-115.0,,,0.0,False,0.0,1.0,4.0,2026_03_21_NHL_merged.csv,2026_03_21_NHL_final_scores.csv,moneyline
moneyline,2025021103,2026-03-21,home,away,0.454,0.41368063454774495,1.8695652173913042,1.9523809523809523,-115.0,-105.0,,,0.0,False,0.0,1.0,4.0,2026_03_21_NHL_merged.csv,2026_03_21_NHL_final_scores.csv,moneyline
moneyline,2025021104,2026-03-21,home,away,0.614,0.6089265581919913,1.5882352941176472,2.42,-170.0,142.0,,,0.0,False,1.0,5.0,2.0,2026_03_21_NHL_merged.csv,2026_03_21_NHL_final_scores.csv,moneyline
moneyline,2025021105,2026-03-21,home,away,0.547,0.548894763697732,1.7407407407407407,2.1399999999999997,-135.0,114.0,,,0.0,False,1.0,7.0,3.0,2026_03_21_NHL_merged.csv,2026_03_21_NHL_final_scores.csv,moneyline
moneyline,2025021106,2026-03-21,home,away,0.656,0.6699503109325973,1.4,3.05,-250.0,205.0,,,0.0,False,1.0,5.0,2.0,2026_03_21_NHL_merged.csv,2026_03_21_NHL_final_scores.csv,moneyline
moneyline,2025021107,2026-03-21,home,away,0.47,0.4947119720051008,2.1399999999999997,1.7407407407407407,114.0,-135.0,,,0.0,False,0.0,1.0,3.0,2026_03_21_NHL_merged.csv,2026_03_21_NHL_final_scores.csv,moneyline
moneyline,2025021108,2026-03-21,home,away,0.532,0.5329825398038636,1.8,2.05,-125.0,105.0,,,0.0,False,0.0,2.0,4.0,2026_03_21_NHL_merged.csv,2026_03_21_NHL_final_scores.csv,moneyline
moneyline,2025021109,2026-03-21,home,away,0.395,0.3970858820505831,2.2,1.704225352112676,120.0,-142.0,,,0.0,False,0.0,2.0,5.0,2026_03_21_NHL_merged.csv,2026_03_21_NHL_final_scores.csv,moneyline
moneyline,2025021110,2026-03-22,home,away,0.592,0.592952953518332,1.8,2.05,-125.0,105.0,,,0.0,False,0.0,2.0,3.0,2026_03_22_NHL_merged.csv,2026_03_22_NHL_final_scores.csv,moneyline
moneyline,2025021111,2026-03-22,home,away,0.429,0.4203491258696467,2.3600000000000003,1.617283950617284,136.0,-162.0,,,0.0,False,0.0,2.0,3.0,2026_03_22_NHL_merged.csv,2026_03_22_NHL_final_scores.csv,moneyline
moneyline,2025021112,2026-03-22,home,away,0.41,0.4121111363712274,2.2,1.704225352112676,120.0,-142.0,,,0.0,False,0.0,1.0,5.0,2026_03_22_NHL_merged.csv,2026_03_22_NHL_final_scores.csv,moneyline
moneyline,2025021113,2026-03-22,home,away,0.508,0.5095450055269626,1.9090909090909092,1.9090909090909092,-110.0,-110.0,,,0.0,False,0.0,2.0,3.0,2026_03_22_NHL_merged.csv,2026_03_22_NHL_final_scores.csv,moneyline
moneyline,2025021114,2026-03-22,home,away,0.507,0.5533079670228908,2.02,1.819672131147541,102.0,-122.0,,,0.0,False,1.0,1.0,0.0,2026_03_22_NHL_merged.csv,2026_03_22_NHL_final_scores.csv,moneyline
moneyline,2025021115,2026-03-22,home,away,0.571,0.5642986222840941,1.704225352112676,2.2,-142.0,120.0,,,0.0,False,0.0,2.0,3.0,2026_03_22_NHL_merged.csv,2026_03_22_NHL_final_scores.csv,moneyline
moneyline,2025021116,2026-03-22,home,away,0.402,0.4577348140970593,2.45,1.5714285714285714,145.0,-175.0,,,0.0,False,1.0,4.0,3.0,2026_03_22_NHL_merged.csv,2026_03_22_NHL_final_scores.csv,moneyline
moneyline,2025021117,2026-03-22,home,away,0.502,0.5251178102459775,1.925925925925926,1.8928571428571428,-108.0,-112.0,,,0.0,False,1.0,6.0,5.0,2026_03_22_NHL_merged.csv,2026_03_22_NHL_final_scores.csv,moneyline
moneyline,2025021118,2026-03-22,home,away,0.602,0.596872389546874,1.5714285714285714,2.45,-175.0,145.0,,,0.0,False,1.0,4.0,3.0,2026_03_22_NHL_merged.csv,2026_03_22_NHL_final_scores.csv,moneyline
moneyline,2025021119,2026-03-23,home,away,0.461,0.47223916172481917,2.6,1.52,160.0,-192.0,,,0.0,False,0.0,1.0,2.0,2026_03_23_NHL_merged.csv,2026_03_23_NHL_final_scores.csv,moneyline
moneyline,2025021120,2026-03-24,home,away,0.579,0.5727696675248091,1.52,2.6,-192.0,160.0,,,0.0,False,0.0,2.0,4.0,2026_03_24_NHL_merged.csv,2026_03_24_NHL_final_scores.csv,moneyline
moneyline,2025021121,2026-03-24,home,away,0.435,0.45946706926184766,2.14,1.74,114.0,-135.0,,,0.0,False,1.0,5.0,2.0,2026_03_24_NHL_merged.csv,2026_03_24_NHL_final_scores.csv,moneyline
moneyline,2025021122,2026-03-24,home,away,0.519,0.5199852067595263,1.8,2.05,-125.0,105.0,,,0.0,False,0.0,2.0,3.0,2026_03_24_NHL_merged.csv,2026_03_24_NHL_final_scores.csv,moneyline
moneyline,2025021123,2026-03-24,home,away,0.589,0.5908504919020398,1.74,2.14,-135.0,114.0,,,0.0,False,1.0,5.0,4.0,2026_03_24_NHL_merged.csv,2026_03_24_NHL_final_scores.csv,moneyline
moneyline,2025021124,2026-03-24,home,away,0.639,0.6362186769687085,1.54,2.54,-185.0,154.0,,,0.0,False,0.0,3.0,4.0,2026_03_24_NHL_merged.csv,2026_03_24_NHL_final_scores.csv,moneyline
moneyline,2025021125,2026-03-24,home,away,0.487,0.5117427625702726,2.14,1.74,114.0,-135.0,,,0.0,False,0.0,2.0,3.0,2026_03_24_NHL_merged.csv,2026_03_24_NHL_final_scores.csv,moneyline
moneyline,2025021126,2026-03-24,home,away,0.395,0.3865705758876236,2.36,1.62,136.0,-161.0,,,0.0,False,0.0,2.0,6.0,2026_03_24_NHL_merged.csv,2026_03_24_NHL_final_scores.csv,moneyline
moneyline,2025021127,2026-03-24,home,away,0.598,0.602763714692076,1.59,2.42,-169.0,142.0,,,0.0,False,1.0,6.0,3.0,2026_03_24_NHL_merged.csv,2026_03_24_NHL_final_scores.csv,moneyline
moneyline,2025021128,2026-03-24,home,away,0.465,0.46653823756140805,1.91,1.91,-110.0,-110.0,,,0.0,False,1.0,3.0,0.0,2026_03_24_NHL_merged.csv,2026_03_24_NHL_final_scores.csv,moneyline
moneyline,2025021129,2026-03-24,home,away,0.602,0.5954397750884178,1.7,2.2,-143.0,120.0,,,0.0,False,1.0,6.0,3.0,2026_03_24_NHL_merged.csv,2026_03_24_NHL_final_scores.csv,moneyline
moneyline,2025021130,2026-03-24,home,away,0.636,0.6310419593441557,1.57,2.45,-175.0,145.0,,,0.0,False,0.0,4.0,6.0,2026_03_24_NHL_merged.csv,2026_03_24_NHL_final_scores.csv,moneyline
moneyline,2025021131,2026-03-24,home,away,0.466,0.4906963755367357,2.1,1.77,110.0,-130.0,,,0.0,False,1.0,4.0,1.0,2026_03_24_NHL_merged.csv,2026_03_24_NHL_final_scores.csv,moneyline
moneyline,2025021132,2026-03-24,home,away,0.61,0.6118182550551841,1.74,2.14,-135.0,114.0,,,0.0,False,0.0,2.0,5.0,2026_03_24_NHL_merged.csv,2026_03_24_NHL_final_scores.csv,moneyline
moneyline,2025021133,2026-03-24,home,away,0.481,0.4831773278686106,2.24,1.68,124.0,-147.0,,,0.0,False,1.0,3.0,2.0,2026_03_24_NHL_merged.csv,2026_03_24_NHL_final_scores.csv,moneyline
moneyline,2025021134,2026-03-24,home,away,0.399,0.45531837655951973,2.5,1.56,150.0,-179.0,,,0.0,False,0.0,3.0,5.0,2026_03_24_NHL_merged.csv,2026_03_24_NHL_final_scores.csv,moneyline
moneyline,2025021135,2026-03-25,home,away,0.617,0.5676116666345106,1.46,2.8,-217.0,180.0,,,0.0,False,0.0,3.0,4.0,2026_03_25_NHL_merged.csv,2026_03_25_NHL_final_scores.csv,moneyline
moneyline,2025021136,2026-03-25,home,away,0.49,0.5364447989836232,2.02,1.82,102.0,-122.0,,,0.0,False,1.0,4.0,3.0,2026_03_25_NHL_merged.csv,2026_03_25_NHL_final_scores.csv,moneyline
moneyline,2025021137,2026-03-26,home,away,0.535,0.535981734970138,1.82,2.02,-122.0,102.0,,,0.0,False,1.0,2.0,1.0,2026_03_26_NHL_merged.csv,2026_03_26_NHL_final_scores.csv,moneyline
moneyline,2025021138,2026-03-26,home,away,0.589,0.5985513869596866,1.65,2.3,-154.0,130.0,,,0.0,False,0.0,3.0,4.0,2026_03_26_NHL_merged.csv,2026_03_26_NHL_final_scores.csv,moneyline
moneyline,2025021139,2026-03-26,home,away,0.727,0.6851884255707537,1.34,3.35,-294.0,235.0,,,0.0,False,0.0,3.0,4.0,2026_03_26_NHL_merged.csv,2026_03_26_NHL_final_scores.csv,moneyline
moneyline,2025021140,2026-03-26,home,away,0.445,0.4362729984306851,2.36,1.62,136.0,-161.0,,,0.0,False,0.0,2.0,3.0,2026_03_26_NHL_merged.csv,2026_03_26_NHL_final_scores.csv,moneyline
moneyline,2025021141,2026-03-26,home,away,0.448,0.49432242218527794,2.02,1.82,102.0,-122.0,,,0.0,False,1.0,2.0,1.0,2026_03_26_NHL_merged.csv,2026_03_26_NHL_final_scores.csv,moneyline
moneyline,2025021142,2026-03-26,home,away,0.617,0.6216810034371082,1.59,2.42,-169.0,142.0,,,0.0,False,1.0,5.0,1.0,2026_03_26_NHL_merged.csv,2026_03_26_NHL_final_scores.csv,moneyline
moneyline,2025021143,2026-03-26,home,away,0.579,0.5723299910734244,1.7,2.2,-143.0,120.0,,,0.0,False,1.0,2.0,1.0,2026_03_26_NHL_merged.csv,2026_03_26_NHL_final_scores.csv,moneyline
moneyline,2025021144,2026-03-26,home,away,0.507,0.465990902454091,1.87,1.95,-115.0,-105.0,,,0.0,False,0.0,2.0,4.0,2026_03_26_NHL_merged.csv,2026_03_26_NHL_final_scores.csv,moneyline
moneyline,2025021145,2026-03-26,home,away,0.366,0.39152690826845526,2.54,1.54,154.0,-185.0,,,0.0,False,0.0,2.0,3.0,2026_03_26_NHL_merged.csv,2026_03_26_NHL_final_scores.csv,moneyline
moneyline,2025021146,2026-03-26,home,away,0.543,0.5528087642520404,1.65,2.3,-154.0,130.0,,,0.0,False,0.0,4.0,7.0,2026_03_26_NHL_merged.csv,2026_03_26_NHL_final_scores.csv,moneyline
moneyline,2025021147,2026-03-26,home,away,0.466,0.4906963755367357,2.14,1.74,114.0,-135.0,,,0.0,False,0.0,2.0,3.0,2026_03_26_NHL_merged.csv,2026_03_26_NHL_final_scores.csv,moneyline
moneyline,2025021148,2026-03-26,home,away,0.594,0.5958434270334458,1.74,2.14,-135.0,114.0,,,0.0,False,0.0,3.0,4.0,2026_03_26_NHL_merged.csv,2026_03_26_NHL_final_scores.csv,moneyline
moneyline,2025021149,2026-03-26,home,away,0.395,0.4504954258371213,2.45,1.57,145.0,-175.0,,,0.0,False,0.0,0.0,4.0,2026_03_26_NHL_merged.csv,2026_03_26_NHL_final_scores.csv,moneyline
moneyline,2025021150,2026-03-27,home,away,0.578,0.5876280456989265,1.65,2.3,-154.0,130.0,,,0.0,False,0.0,2.0,5.0,2026_03_27_NHL_merged.csv,2026_03_27_NHL_final_scores.csv,moneyline
moneyline,2025021151,2026-03-27,home,away,0.668,0.6632470431794208,1.57,2.45,-175.0,145.0,,,0.0,False,1.0,6.0,1.0,2026_03_27_NHL_merged.csv,2026_03_27_NHL_final_scores.csv,moneyline
moneyline,2025021152,2026-03-28,home,away,0.604,0.6074071250167555,1.62,2.36,-161.0,136.0,,,0.0,False,1.0,4.0,2.0,2026_03_28_NHL_merged.csv,2026_03_28_NHL_final_scores.csv,moneyline
moneyline,2025021153,2026-03-28,home,away,0.574,0.567750913202296,1.52,2.6,-192.0,160.0,,,0.0,False,1.0,5.0,2.0,2026_03_28_NHL_merged.csv,2026_03_28_NHL_final_scores.csv,moneyline
moneyline,2025021154,2026-03-28,home,away,0.523,0.5161841370682017,1.68,2.24,-147.0,124.0,,,0.0,False,1.0,4.0,2.0,2026_03_28_NHL_merged.csv,2026_03_28_NHL_final_scores.csv,moneyline
moneyline,2025021155,2026-03-28,home,away,0.488,0.5344538886670448,2.05,1.8,105.0,-125.0,,,0.0,False,1.0,6.0,3.0,2026_03_28_NHL_merged.csv,2026_03_28_NHL_final_scores.csv,moneyline
moneyline,2025021156,2026-03-28,home,away,0.453,0.49937171270641256,2.05,1.8,105.0,-125.0,,,0.0,False,0.0,3.0,6.0,2026_03_28_NHL_merged.csv,2026_03_28_NHL_final_scores.csv,moneyline
moneyline,2025021157,2026-03-28,home,away,0.677,0.6741639285559509,1.49,2.7,-204.0,170.0,,,0.0,False,1.0,5.0,2.0,2026_03_28_NHL_merged.csv,2026_03_28_NHL_final_scores.csv,moneyline
moneyline,2025021158,2026-03-28,home,away,0.65,0.6470504529859123,1.49,2.7,-204.0,170.0,,,0.0,False,0.0,2.0,3.0,2026_03_28_NHL_merged.csv,2026_03_28_NHL_final_scores.csv,moneyline
moneyline,2025021159,2026-03-28,home,away,0.612,0.6059256449134716,1.51,2.64,-196.0,164.0,,,0.0,False,1.0,3.0,2.0,2026_03_28_NHL_merged.csv,2026_03_28_NHL_final_scores.csv,moneyline
moneyline,2025021160,2026-03-28,home,away,0.536,0.5292026782288706,1.7,2.2,-143.0,120.0,,,0.0,False,1.0,5.0,1.0,2026_03_28_NHL_merged.csv,2026_03_28_NHL_final_scores.csv,moneyline
moneyline,2025021161,2026-03-28,home,away,0.473,0.5194747345033124,2.0,1.83,100.0,-120.0,,,0.0,False,0.0,1.0,4.0,2026_03_28_NHL_merged.csv,2026_03_28_NHL_final_scores.csv,moneyline
moneyline,2025021162,2026-03-28,home,away,0.706,0.6814843677099963,1.37,3.2,-270.0,220.0,,,0.0,False,0.0,2.0,4.0,2026_03_28_NHL_merged.csv,2026_03_28_NHL_final_scores.csv,moneyline
moneyline,2025021163,2026-03-28,home,away,0.529,0.5221915452088951,1.7,2.2,-143.0,120.0,,,0.0,False,0.0,3.0,5.0,2026_03_28_NHL_merged.csv,2026_03_28_NHL_final_scores.csv,moneyline
moneyline,2025021164,2026-03-28,home,away,0.486,0.4451557469334545,1.87,1.95,-115.0,-105.0,,,0.0,False,0.0,2.0,6.0,2026_03_28_NHL_merged.csv,2026_03_28_NHL_final_scores.csv,moneyline
moneyline,2025021165,2026-03-28,home,away,0.617,0.6216810034371082,1.6,2.4,-167.0,140.0,,,0.0,False,1.0,7.0,3.0,2026_03_28_NHL_merged.csv,2026_03_28_NHL_final_scores.csv,moneyline
moneyline,2025021166,2026-03-28,home,away,0.545,0.5548010326106407,1.65,2.3,-154.0,130.0,,,0.0,False,0.0,4.0,5.0,2026_03_28_NHL_merged.csv,2026_03_28_NHL_final_scores.csv,moneyline
moneyline,2025021167,2026-03-29,home,away,0.591,0.6005364303893967,1.65,2.3,-154.0,130.0,,,0.0,False,1.0,3.0,1.0,2026_03_29_NHL_merged.csv,2026_03_29_NHL_final_scores.csv,moneyline
moneyline,2025021168,2026-03-29,home,away,0.677,0.6741639285559509,1.49,2.7,-204.0,170.0,,,0.0,False,1.0,3.0,2.0,2026_03_29_NHL_merged.csv,2026_03_29_NHL_final_scores.csv,moneyline
moneyline,2025021169,2026-03-29,home,away,0.601,0.5886904152015818,1.56,2.5,-179.0,150.0,,,0.0,False,0.0,1.0,3.0,2026_03_29_NHL_merged.csv,2026_03_29_NHL_final_scores.csv,moneyline
moneyline,2025021170,2026-03-29,home,away,0.553,0.5627669573219847,1.65,2.3,-154.0,130.0,,,0.0,False,0.0,3.0,4.0,2026_03_29_NHL_merged.csv,2026_03_29_NHL_final_scores.csv,moneyline
moneyline,2025021171,2026-03-29,home,away,0.603,0.6064101222640269,1.62,2.36,-161.0,136.0,,,0.0,False,1.0,5.0,3.0,2026_03_29_NHL_merged.csv,2026_03_29_NHL_final_scores.csv,moneyline
moneyline,2025021172,2026-03-29,home,away,0.428,0.41641427076141907,2.3,1.65,130.0,-154.0,,,0.0,False,1.0,2.0,1.0,2026_03_29_NHL_merged.csv,2026_03_29_NHL_final_scores.csv,moneyline
moneyline,2025021173,2026-03-30,home,away,0.544,0.5449788944005569,1.8,2.05,-125.0,105.0,,,0.0,False,0.0,3.0,8.0,2026_03_30_NHL_merged.csv,2026_03_30_NHL_final_scores.csv,moneyline
moneyline,2025021174,2026-03-30,home,away,0.747,0.6519631269256179,1.28,3.8,-357.0,280.0,,,0.0,False,1.0,9.0,2.0,2026_03_30_NHL_merged.csv,2026_03_30_NHL_final_scores.csv,moneyline
moneyline,2025021175,2026-03-30,home,away,0.711,0.754686143492617,1.29,3.75,-345.0,275.0,,,0.0,False,1.0,4.0,2.0,2026_03_30_NHL_merged.csv,2026_03_30_NHL_final_scores.csv,moneyline
moneyline,2025021176,2026-03-30,home,away,0.574,0.567750913202296,1.52,2.6,-192.0,160.0,,,0.0,False,0.0,4.0,5.0,2026_03_30_NHL_merged.csv,2026_03_30_NHL_final_scores.csv,moneyline
moneyline,2025021177,2026-03-30,home,away,0.471,0.47254055477490725,1.91,1.91,-110.0,-110.0,,,0.0,False,1.0,5.0,4.0,2026_03_30_NHL_merged.csv,2026_03_30_NHL_final_scores.csv,moneyline
moneyline,2025021178,2026-03-31,home,away,0.465,0.5114515433452566,2.0,1.83,100.0,-120.0,,,0.0,False,1.0,6.0,3.0,2026_03_31_NHL_merged.csv,2026_03_31_NHL_final_scores.csv,moneyline
moneyline,2025021179,2026-03-31,home,away,0.612,0.6059256449134716,1.51,2.64,-196.0,164.0,,,0.0,False,1.0,4.0,3.0,2026_03_31_NHL_merged.csv,2026_03_31_NHL_final_scores.csv,moneyline
moneyline,2025021180,2026-03-31,home,away,0.618,0.6226762557724753,1.59,2.42,-169.0,142.0,,,0.0,False,0.0,1.0,4.0,2026_03_31_NHL_merged.csv,2026_03_31_NHL_final_scores.csv,moneyline
moneyline,2025021181,2026-03-31,home,away,0.441,0.4725492586683064,2.42,1.59,142.0,-169.0,,,0.0,False,1.0,6.0,3.0,2026_03_31_NHL_merged.csv,2026_03_31_NHL_final_scores.csv,moneyline
moneyline,2025021182,2026-03-31,home,away,0.541,0.586717628608274,2.0,1.83,100.0,-120.0,,,0.0,False,1.0,4.0,1.0,2026_03_31_NHL_merged.csv,2026_03_31_NHL_final_scores.csv,moneyline
moneyline,2025021183,2026-03-31,home,away,0.511,0.5340877760325233,1.95,1.87,-105.0,-115.0,,,0.0,False,1.0,5.0,1.0,2026_03_31_NHL_merged.csv,2026_03_31_NHL_final_scores.csv,moneyline
moneyline,2025021184,2026-03-31,home,away,0.565,0.5668790894748424,1.74,2.14,-135.0,114.0,,,0.0,False,1.0,6.0,4.0,2026_03_31_NHL_merged.csv,2026_03_31_NHL_final_scores.csv,moneyline
moneyline,2025021185,2026-03-31,home,away,0.422,0.4241285077151041,2.2,1.7,120.0,-143.0,,,0.0,False,0.0,2.0,5.0,2026_03_31_NHL_merged.csv,2026_03_31_NHL_final_scores.csv,moneyline
moneyline,2025021186,2026-03-31,home,away,0.439,0.4411488094167333,2.2,1.7,120.0,-143.0,,,0.0,False,0.0,3.0,4.0,2026_03_31_NHL_merged.csv,2026_03_31_NHL_final_scores.csv,moneyline
moneyline,2025021187,2026-03-31,home,away,0.586,0.5830767639095945,1.54,2.54,-185.0,154.0,,,0.0,False,1.0,3.0,0.0,2026_03_31_NHL_merged.csv,2026_03_31_NHL_final_scores.csv,moneyline
moneyline,2025021188,2026-04-01,home,away,0.788,0.6920178160830807,1.23,4.4,-435.0,340.0,,,0.0,False,0.0,6.0,8.0,2026_04_01_NHL_merged.csv,2026_04_01_NHL_final_scores.csv,moneyline
moneyline,2025021189,2026-04-01,home,away,0.564,0.557274057804375,1.68,2.24,-147.0,124.0,,,0.0,False,1.0,2.0,1.0,2026_04_01_NHL_merged.csv,2026_04_01_NHL_final_scores.csv,moneyline
moneyline,2025021190,2026-04-01,home,away,0.459,0.48205440534769295,1.95,1.87,-105.0,-115.0,,,0.0,False,1.0,4.0,3.0,2026_04_01_NHL_merged.csv,2026_04_01_NHL_final_scores.csv,moneyline
moneyline,2025021191,2026-04-02,home,away,0.534,0.5349820111385136,1.83,2.0,-120.0,100.0,,,0.0,False,1.0,4.0,1.0,2026_04_02_NHL_merged.csv,2026_04_02_NHL_final_scores.csv,moneyline
moneyline,2025021192,2026-04-02,home,away,0.62,0.6246666421625683,1.59,2.42,-169.0,142.0,,,0.0,False,1.0,6.0,3.0,2026_04_02_NHL_merged.csv,2026_04_02_NHL_final_scores.csv,moneyline
moneyline,2025021193,2026-04-02,home,away,0.476,0.4641693265775318,2.3,1.65,130.0,-154.0,,,0.0,False,1.0,2.0,1.0,2026_04_02_NHL_merged.csv,2026_04_02_NHL_final_scores.csv,moneyline
moneyline,2025021194,2026-04-02,home,away,0.488,0.44713388101709356,1.87,1.95,-115.0,-105.0,,,0.0,False,1.0,7.0,3.0,2026_04_02_NHL_merged.csv,2026_04_02_NHL_final_scores.csv,moneyline
moneyline,2025021195,2026-04-02,home,away,0.51,0.49812760249280386,2.3,1.65,130.0,-154.0,,,0.0,False,0.0,2.0,3.0,2026_04_02_NHL_merged.csv,2026_04_02_NHL_final_scores.csv,moneyline
moneyline,2025021196,2026-04-02,home,away,0.523,0.4819619264429388,1.87,1.95,-115.0,-105.0,,,0.0,False,0.0,2.0,4.0,2026_04_02_NHL_merged.csv,2026_04_02_NHL_final_scores.csv,moneyline
moneyline,2025021197,2026-04-02,home,away,0.623,0.6201686797470821,1.54,2.54,-185.0,154.0,,,0.0,False,1.0,5.0,1.0,2026_04_02_NHL_merged.csv,2026_04_02_NHL_final_scores.csv,moneyline
moneyline,2025021198,2026-04-02,home,away,0.61,0.604907813933577,1.57,2.45,-175.0,145.0,,,0.0,False,1.0,3.0,0.0,2026_04_02_NHL_merged.csv,2026_04_02_NHL_final_scores.csv,moneyline
moneyline,2025021199,2026-04-02,home,away,0.754,0.6494719192156008,1.24,4.3,-417.0,330.0,,,0.0,False,1.0,5.0,2.0,2026_04_02_NHL_merged.csv,2026_04_02_NHL_final_scores.csv,moneyline
moneyline,2025021200,2026-04-02,home,away,0.671,0.6867559223250983,1.41,3.0,-244.0,200.0,,,0.0,False,1.0,3.0,1.0,2026_04_02_NHL_merged.csv,2026_04_02_NHL_final_scores.csv,moneyline
moneyline,2025021201,2026-04-02,home,away,0.633,0.6473816698484618,1.4,3.05,-250.0,205.0,,,0.0,False,1.0,6.0,3.0,2026_04_02_NHL_merged.csv,2026_04_02_NHL_final_scores.csv,moneyline
moneyline,2025021202,2026-04-02,home,away,0.458,0.45897990568440716,1.83,2.0,-120.0,100.0,,,0.0,False,1.0,4.0,1.0,2026_04_02_NHL_merged.csv,2026_04_02_NHL_final_scores.csv,moneyline
moneyline,2025021203,2026-04-02,home,away,0.411,0.43515684586773534,2.14,1.74,114.0,-135.0,,,0.0,False,0.0,2.0,6.0,2026_04_02_NHL_merged.csv,2026_04_02_NHL_final_scores.csv,moneyline
moneyline,2025021204,2026-04-02,home,away,0.531,0.5319827923006512,1.8,2.05,-125.0,105.0,,,0.0,False,0.0,4.0,5.0,2026_04_02_NHL_merged.csv,2026_04_02_NHL_final_scores.csv,moneyline
moneyline,2025021205,2026-04-03,home,away,0.58,0.5733341594126576,1.68,2.24,-147.0,124.0,,,0.0,False,0.0,1.0,4.0,2026_04_03_NHL_merged.csv,2026_04_03_NHL_final_scores.csv,moneyline
moneyline,2025021206,2026-04-03,home,away,0.549,0.5422304737212168,1.7,2.2,-143.0,120.0,,,0.0,False,0.0,2.0,6.0,2026_04_03_NHL_merged.csv,2026_04_03_NHL_final_scores.csv,moneyline
moneyline,2025021207,2026-04-04,home,away,0.493,0.49517982095693414,2.2,1.7,120.0,-143.0,,,0.0,False,1.0,4.0,1.0,2026_04_04_NHL_merged.csv,2026_04_04_NHL_final_scores.csv,moneyline
moneyline,2025021208,2026-04-04,home,away,0.528,0.5289835024463437,1.83,2.0,-120.0,100.0,,,0.0,False,0.0,1.0,4.0,2026_04_04_NHL_merged.csv,2026_04_04_NHL_final_scores.csv,moneyline
moneyline,2025021209,2026-04-04,home,away,0.474,0.4971155201186723,1.95,1.87,-105.0,-115.0,,,0.0,False,0.0,0.0,2.0,2026_04_04_NHL_merged.csv,2026_04_04_NHL_final_scores.csv,moneyline
moneyline,2025021210,2026-04-04,home,away,0.627,0.6241805985865287,1.54,2.54,-185.0,154.0,,,0.0,False,1.0,3.0,1.0,2026_04_04_NHL_merged.csv,2026_04_04_NHL_final_scores.csv,moneyline
moneyline,2025021211,2026-04-04,home,away,0.575,0.5243707310818644,1.46,2.8,-217.0,180.0,,,0.0,False,1.0,9.0,4.0,2026_04_04_NHL_merged.csv,2026_04_04_NHL_final_scores.csv,moneyline
moneyline,2025021212,2026-04-04,home,away,0.468,0.4927045722173265,2.1,1.77,110.0,-130.0,,,0.0,False,0.0,3.0,4.0,2026_04_04_NHL_merged.csv,2026_04_04_NHL_final_scores.csv,moneyline
moneyline,2025021213,2026-04-04,home,away,0.52,0.543042836041359,1.95,1.87,-105.0,-115.0,,,0.0,False,1.0,6.0,2.0,2026_04_04_NHL_merged.csv,2026_04_04_NHL_final_scores.csv,moneyline
moneyline,2025021214,2026-04-04,home,away,0.693,0.7081605738224438,1.41,3.0,-244.0,200.0,,,0.0,False,1.0,4.0,3.0,2026_04_04_NHL_merged.csv,2026_04_04_NHL_final_scores.csv,moneyline
moneyline,2025021215,2026-04-04,home,away,0.562,0.5552675334165199,1.7,2.2,-143.0,120.0,,,0.0,False,0.0,1.0,2.0,2026_04_04_NHL_merged.csv,2026_04_04_NHL_final_scores.csv,moneyline
moneyline,2025021216,2026-04-04,home,away,0.338,0.34809345053876056,2.8,1.46,180.0,-217.0,,,0.0,False,0.0,4.0,7.0,2026_04_04_NHL_merged.csv,2026_04_04_NHL_final_scores.csv,moneyline
moneyline,2025021217,2026-04-04,home,away,0.584,0.5810727376523487,1.54,2.54,-185.0,154.0,,,0.0,False,1.0,7.0,6.0,2026_04_04_NHL_merged.csv,2026_04_04_NHL_final_scores.csv,moneyline
moneyline,2025021218,2026-04-04,home,away,0.47,0.42937712740923967,1.87,1.95,-115.0,-105.0,,,0.0,False,0.0,1.0,5.0,2026_04_04_NHL_merged.csv,2026_04_04_NHL_final_scores.csv,moneyline
moneyline,2025021219,2026-04-04,home,away,0.561,0.5645103419521309,1.62,2.36,-161.0,136.0,,,0.0,False,0.0,3.0,5.0,2026_04_04_NHL_merged.csv,2026_04_04_NHL_final_scores.csv,moneyline
moneyline,2025021220,2026-04-04,home,away,0.476,0.4352844509496306,1.87,1.95,-115.0,-105.0,,,0.0,False,0.0,3.0,6.0,2026_04_04_NHL_merged.csv,2026_04_04_NHL_final_scores.csv,moneyline
moneyline,2025021221,2026-04-04,home,away,0.557,0.5618936219760708,1.59,2.42,-169.0,142.0,,,0.0,False,0.0,2.0,4.0,2026_04_04_NHL_merged.csv,2026_04_04_NHL_final_scores.csv,moneyline
moneyline,2025021222,2026-04-05,home,away,0.476,0.499120504263997,1.95,1.87,-105.0,-115.0,,,0.0,False,0.0,4.0,5.0,2026_04_05_NHL_merged.csv,2026_04_05_NHL_final_scores.csv,moneyline
moneyline,2025021223,2026-04-05,home,away,0.596,0.5581232662022954,1.42,2.95,-238.0,195.0,,,0.0,False,1.0,5.0,2.0,2026_04_05_NHL_merged.csv,2026_04_05_NHL_final_scores.csv,moneyline
moneyline,2025021224,2026-04-05,home,away,0.551,0.5442355719700349,1.7,2.2,-143.0,120.0,,,0.0,False,1.0,2.0,1.0,2026_04_05_NHL_merged.csv,2026_04_05_NHL_final_scores.csv,moneyline
moneyline,2025021225,2026-04-05,home,away,0.459,0.5054184022932675,2.05,1.8,105.0,-125.0,,,0.0,False,1.0,6.0,3.0,2026_04_05_NHL_merged.csv,2026_04_05_NHL_final_scores.csv,moneyline
moneyline,2025021226,2026-04-05,home,away,0.566,0.5757008497202323,1.65,2.3,-154.0,130.0,,,0.0,False,0.0,0.0,3.0,2026_04_05_NHL_merged.csv,2026_04_05_NHL_final_scores.csv,moneyline
moneyline,2025021227,2026-04-05,home,away,0.54,0.5628897899004791,1.95,1.87,-105.0,-115.0,,,0.0,False,1.0,8.0,1.0,2026_04_05_NHL_merged.csv,2026_04_05_NHL_final_scores.csv,moneyline
moneyline,2025021228,2026-04-05,home,away,0.708,0.674895980981316,1.43,2.9,-233.0,190.0,,,0.0,False,0.0,2.0,3.0,2026_04_05_NHL_merged.csv,2026_04_05_NHL_final_scores.csv,moneyline
moneyline,2025021229,2026-04-06,home,away,0.48,0.5031282431430689,1.95,1.87,-105.0,-115.0,,,0.0,False,1.0,4.0,2.0,2026_04_06_NHL_merged.csv,2026_04_06_NHL_final_scores.csv,moneyline
moneyline,2025021230,2026-04-06,home,away,0.587,0.5918050878852392,1.6,2.4,-167.0,140.0,,,0.0,False,1.0,6.0,2.0,2026_04_06_NHL_merged.csv,2026_04_06_NHL_final_scores.csv,moneyline
moneyline,2025021231,2026-04-06,home,away,0.56,0.5648863701413933,1.59,2.42,-169.0,142.0,,,0.0,False,1.0,3.0,2.0,2026_04_06_NHL_merged.csv,2026_04_06_NHL_final_scores.csv,moneyline
moneyline,2025021232,2026-04-06,home,away,0.554,0.5558892564121746,1.74,2.14,-135.0,114.0,,,0.0,False,1.0,3.0,2.0,2026_04_06_NHL_merged.csv,2026_04_06_NHL_final_scores.csv,moneyline
moneyline,2025021233,2026-04-07,home,away,0.652,0.6042299418487234,1.46,2.8,-217.0,180.0,,,0.0,False,1.0,4.0,3.0,2026_04_07_NHL_merged.csv,2026_04_07_NHL_final_scores.csv,moneyline
moneyline,2025021234,2026-04-07,home,away,0.557,0.5579736631746535,1.8,2.05,-125.0,105.0,,,0.0,False,1.0,6.0,2.0,2026_04_07_NHL_merged.csv,2026_04_07_NHL_final_scores.csv,moneyline
moneyline,2025021235,2026-04-07,home,away,0.527,0.5279837233797063,1.83,2.0,-120.0,100.0,,,0.0,False,0.0,3.0,4.0,2026_04_07_NHL_merged.csv,2026_04_07_NHL_final_scores.csv,moneyline
moneyline,2025021236,2026-04-07,home,away,0.527,0.5279837233797063,1.8,2.05,-125.0,105.0,,,0.0,False,0.0,1.0,5.0,2026_04_07_NHL_merged.csv,2026_04_07_NHL_final_scores.csv,moneyline
moneyline,2025021237,2026-04-07,home,away,0.646,0.6432424981788064,1.54,2.54,-185.0,154.0,,,0.0,False,1.0,6.0,5.0,2026_04_07_NHL_merged.csv,2026_04_07_NHL_final_scores.csv,moneyline
moneyline,2025021238,2026-04-07,home,away,0.383,0.37184052846059185,2.3,1.65,130.0,-154.0,,,0.0,False,0.0,1.0,3.0,2026_04_07_NHL_merged.csv,2026_04_07_NHL_final_scores.csv,moneyline
moneyline,2025021239,2026-04-07,home,away,0.669,0.6848067113113336,1.41,3.0,-244.0,200.0,,,0.0,False,1.0,4.0,3.0,2026_04_07_NHL_merged.csv,2026_04_07_NHL_final_scores.csv,moneyline
moneyline,2025021240,2026-04-07,home,away,0.692,0.7051465856691795,1.4,3.05,-250.0,205.0,,,0.0,False,1.0,5.0,2.0,2026_04_07_NHL_merged.csv,2026_04_07_NHL_final_scores.csv,moneyline
moneyline,2025021241,2026-04-07,home,away,0.609,0.6099394091158539,1.8,2.05,-125.0,105.0,,,0.0,False,1.0,6.0,5.0,2026_04_07_NHL_merged.csv,2026_04_07_NHL_final_scores.csv,moneyline
moneyline,2025021242,2026-04-07,home,away,0.347,0.243818517885185,3.1,1.39,210.0,-256.0,,,0.0,False,0.0,1.0,2.0,2026_04_07_NHL_merged.csv,2026_04_07_NHL_final_scores.csv,moneyline
moneyline,2025021243,2026-04-07,home,away,0.595,0.6045055776168519,1.65,2.3,-154.0,130.0,,,0.0,False,0.0,0.0,5.0,2026_04_07_NHL_merged.csv,2026_04_07_NHL_final_scores.csv,moneyline
moneyline,2025021244,2026-04-08,home,away,0.486,0.4741456796878053,2.3,1.65,130.0,-154.0,,,0.0,False,0.0,3.0,5.0,2026_04_08_NHL_merged.csv,2026_04_08_NHL_final_scores.csv,moneyline
moneyline,2025021245,2026-04-08,home,away,0.461,0.4492225292265999,2.3,1.65,130.0,-154.0,,,0.0,False,0.0,0.0,4.0,2026_04_08_NHL_merged.csv,2026_04_08_NHL_final_scores.csv,moneyline
moneyline,2025021246,2026-04-08,home,away,0.509,0.55528488820705,2.05,1.8,105.0,-125.0,,,0.0,False,0.0,2.0,5.0,2026_04_08_NHL_merged.csv,2026_04_08_NHL_final_scores.csv,moneyline
moneyline,2025021247,2026-04-09,home,away,0.54,0.540980235774992,1.8,2.05,-125.0,105.0,,,0.0,False,1.0,5.0,0.0,2026_04_09_NHL_merged.csv,2026_04_09_NHL_final_scores.csv,moneyline
moneyline,2025021248,2026-04-09,home,away,0.489,0.5121348023331173,1.95,1.87,-105.0,-115.0,,,0.0,False,1.0,2.0,1.0,2026_04_09_NHL_merged.csv,2026_04_09_NHL_final_scores.csv,moneyline
moneyline,2025021249,2026-04-09,home,away,0.682,0.6231666122815974,1.35,3.3,-286.0,230.0,,,0.0,False,1.0,5.0,1.0,2026_04_09_NHL_merged.csv,2026_04_09_NHL_final_scores.csv,moneyline
moneyline,2025021250,2026-04-09,home,away,0.536,0.5369814509114201,1.8,2.05,-125.0,105.0,,,0.0,False,1.0,6.0,3.0,2026_04_09_NHL_merged.csv,2026_04_09_NHL_final_scores.csv,moneyline
moneyline,2025021251,2026-04-09,home,away,0.487,0.5101346420964903,1.93,1.89,-108.0,-112.0,,,0.0,False,0.0,2.0,5.0,2026_04_09_NHL_merged.csv,2026_04_09_NHL_final_scores.csv,moneyline
moneyline,2025021252,2026-04-09,home,away,0.613,0.5852847961144947,1.37,3.2,-270.0,220.0,,,0.0,False,1.0,5.0,3.0,2026_04_09_NHL_merged.csv,2026_04_09_NHL_final_scores.csv,moneyline
moneyline,2025021253,2026-04-09,home,away,0.493,0.45208488282799203,1.87,1.95,-115.0,-105.0,,,0.0,False,0.0,2.0,3.0,2026_04_09_NHL_merged.csv,2026_04_09_NHL_final_scores.csv,moneyline
moneyline,2025021254,2026-04-09,home,away,0.552,0.5529758329615775,1.8,2.05,-125.0,105.0,,,0.0,False,1.0,5.0,4.0,2026_04_09_NHL_merged.csv,2026_04_09_NHL_final_scores.csv,moneyline
moneyline,2025021255,2026-04-09,home,away,0.365,0.5008513188025772,2.9,1.43,190.0,-233.0,,,0.0,False,0.0,2.0,7.0,2026_04_09_NHL_merged.csv,2026_04_09_NHL_final_scores.csv,moneyline
moneyline,2025021256,2026-04-09,home,away,0.727,0.769053145815022,1.29,3.7,-345.0,270.0,,,0.0,False,1.0,3.0,1.0,2026_04_09_NHL_merged.csv,2026_04_09_NHL_final_scores.csv,moneyline
moneyline,2025021257,2026-04-09,home,away,0.606,0.6094010453120923,1.62,2.36,-161.0,136.0,,,0.0,False,1.0,4.0,1.0,2026_04_09_NHL_merged.csv,2026_04_09_NHL_final_scores.csv,moneyline
moneyline,2025021258,2026-04-09,home,away,0.611,0.6059124354816876,1.57,2.45,-175.0,145.0,,,0.0,False,1.0,6.0,1.0,2026_04_09_NHL_merged.csv,2026_04_09_NHL_final_scores.csv,moneyline
moneyline,2025021259,2026-04-09,home,away,0.418,0.42902526427215304,2.6,1.52,160.0,-192.0,,,0.0,False,1.0,4.0,3.0,2026_04_09_NHL_merged.csv,2026_04_09_NHL_final_scores.csv,moneyline
moneyline,2025021260,2026-04-09,home,away,0.69,0.6647836684692546,1.36,3.25,-278.0,225.0,,,0.0,False,1.0,4.0,1.0,2026_04_09_NHL_merged.csv,2026_04_09_NHL_final_scores.csv,moneyline
moneyline,2025021261,2026-04-11,home,away,0.455,0.5013887841109381,2.05,1.8,105.0,-125.0,,,0.0,False,0.0,1.0,2.0,2026_04_11_NHL_merged.csv,2026_04_11_NHL_final_scores.csv,moneyline
moneyline,2025021262,2026-04-11,home,away,0.456,0.5023967539175112,2.0,1.83,100.0,-120.0,,,0.0,False,0.0,0.0,3.0,2026_04_11_NHL_merged.csv,2026_04_11_NHL_final_scores.csv,moneyline
moneyline,2025021263,2026-04-11,home,away,0.535,0.5369024625410398,1.77,2.1,-130.0,110.0,,,0.0,False,0.0,3.0,6.0,2026_04_11_NHL_merged.csv,2026_04_11_NHL_final_scores.csv,moneyline
moneyline,2025021264,2026-04-11,home,away,0.497,0.5201280414469424,1.95,1.87,-105.0,-115.0,,,0.0,False,1.0,1.0,0.0,2026_04_11_NHL_merged.csv,2026_04_11_NHL_final_scores.csv,moneyline
moneyline,2025021265,2026-04-11,home,away,0.54,0.5332102445615736,1.7,2.2,-143.0,120.0,,,0.0,False,0.0,3.0,5.0,2026_04_11_NHL_merged.csv,2026_04_11_NHL_final_scores.csv,moneyline
moneyline,2025021266,2026-04-11,home,away,0.441,0.46552648520023826,2.1,1.77,110.0,-130.0,,,0.0,False,0.0,3.0,5.0,2026_04_11_NHL_merged.csv,2026_04_11_NHL_final_scores.csv,moneyline
moneyline,2025021267,2026-04-11,home,away,0.449,0.47359446203489747,2.1,1.77,110.0,-130.0,,,0.0,False,1.0,2.0,1.0,2026_04_11_NHL_merged.csv,2026_04_11_NHL_final_scores.csv,moneyline
moneyline,2025021268,2026-04-11,home,away,0.617,0.6109541618333851,1.51,2.64,-196.0,164.0,,,0.0,False,1.0,2.0,0.0,2026_04_11_NHL_merged.csv,2026_04_11_NHL_final_scores.csv,moneyline
moneyline,2025021269,2026-04-11,home,away,0.459,0.45998022945549355,1.82,2.02,-122.0,102.0,,,0.0,False,0.0,1.0,4.0,2026_04_11_NHL_merged.csv,2026_04_11_NHL_final_scores.csv,moneyline
moneyline,2025021270,2026-04-11,home,away,0.568,0.5698759958640491,1.77,2.1,-130.0,110.0,,,0.0,False,0.0,2.0,6.0,2026_04_11_NHL_merged.csv,2026_04_11_NHL_final_scores.csv,moneyline
moneyline,2025021271,2026-04-11,home,away,0.574,0.5836535693702443,1.65,2.3,-154.0,130.0,,,0.0,False,0.0,2.0,5.0,2026_04_11_NHL_merged.csv,2026_04_11_NHL_final_scores.csv,moneyline
moneyline,2025021272,2026-04-11,home,away,0.536,0.5379019050366945,1.77,2.1,-130.0,110.0,,,0.0,False,0.0,1.0,7.0,2026_04_11_NHL_merged.csv,2026_04_11_NHL_final_scores.csv,moneyline
moneyline,2025021273,2026-04-11,home,away,0.519,0.5288769508706311,1.65,2.3,-154.0,130.0,,,0.0,False,1.0,4.0,1.0,2026_04_11_NHL_merged.csv,2026_04_11_NHL_final_scores.csv,moneyline
moneyline,2025021274,2026-04-11,home,away,0.64,0.6417605293483514,1.74,2.14,-135.0,114.0,,,0.0,False,0.0,2.0,3.0,2026_04_11_NHL_merged.csv,2026_04_11_NHL_final_scores.csv,moneyline
moneyline,2025021275,2026-04-11,home,away,0.613,0.5634608034361066,1.46,2.8,-217.0,180.0,,,0.0,False,0.0,3.0,4.0,2026_04_11_NHL_merged.csv,2026_04_11_NHL_final_scores.csv,moneyline
moneyline,2025021276,2026-04-12,home,away,0.551,0.5545268085856147,1.62,2.36,-161.0,136.0,,,0.0,False,1.0,3.0,0.0,2026_04_12_NHL_merged.csv,2026_04_12_NHL_final_scores.csv,moneyline
moneyline,2025021277,2026-04-12,home,away,0.511,0.5125446245307261,1.91,1.91,-110.0,-110.0,,,0.0,False,0.0,1.0,4.0,2026_04_12_NHL_merged.csv,2026_04_12_NHL_final_scores.csv,moneyline
moneyline,2025021278,2026-04-12,home,away,0.545,0.5382209350007608,1.7,2.2,-143.0,120.0,,,0.0,False,0.0,2.0,3.0,2026_04_12_NHL_merged.csv,2026_04_12_NHL_final_scores.csv,moneyline
moneyline,2025021279,2026-04-12,home,away,0.457,0.4816496161909514,2.1,1.77,110.0,-130.0,,,0.0,False,1.0,4.0,3.0,2026_04_12_NHL_merged.csv,2026_04_12_NHL_final_scores.csv,moneyline
moneyline,2025021280,2026-04-12,home,away,0.701,0.6451136338677357,1.33,3.45,-303.0,245.0,,,0.0,False,0.0,3.0,4.0,2026_04_12_NHL_merged.csv,2026_04_12_NHL_final_scores.csv,moneyline
moneyline,2025021281,2026-04-12,home,away,0.443,0.4342815297417845,2.36,1.62,136.0,-161.0,,,0.0,False,1.0,4.0,1.0,2026_04_12_NHL_merged.csv,2026_04_12_NHL_final_scores.csv,moneyline
moneyline,2025021282,2026-04-13,home,away,0.626,0.6229655167617457,1.49,2.7,-204.0,170.0,,,0.0,False,1.0,4.0,3.0,2026_04_13_NHL_merged.csv,2026_04_13_NHL_final_scores.csv,moneyline
moneyline,2025021283,2026-04-13,home,away,0.457,0.4816496161909514,2.1,1.77,110.0,-130.0,,,0.0,False,1.0,3.0,2.0,2026_04_13_NHL_merged.csv,2026_04_13_NHL_final_scores.csv,moneyline
moneyline,2025021284,2026-04-13,home,away,0.415,0.43763214319008104,1.95,1.87,-105.0,-115.0,,,0.0,False,1.0,3.0,2.0,2026_04_13_NHL_merged.csv,2026_04_13_NHL_final_scores.csv,moneyline
moneyline,2025021285,2026-04-13,home,away,0.413,0.4441376595325876,2.42,1.59,142.0,-169.0,,,0.0,False,0.0,5.0,6.0,2026_04_13_NHL_merged.csv,2026_04_13_NHL_final_scores.csv,moneyline
moneyline,2025021286,2026-04-13,home,away,0.447,0.46997527651268695,1.98,1.85,-102.0,-118.0,,,0.0,False,1.0,6.0,3.0,2026_04_13_NHL_merged.csv,2026_04_13_NHL_final_scores.csv,moneyline
moneyline,2025021287,2026-04-13,home,away,0.602,0.6114485721578385,1.65,2.3,-154.0,130.0,,,0.0,False,0.0,2.0,3.0,2026_04_13_NHL_merged.csv,2026_04_13_NHL_final_scores.csv,moneyline
moneyline,2025021288,2026-04-13,home,away,0.367,0.37746566877097043,2.8,1.46,180.0,-217.0,,,0.0,False,0.0,1.0,5.0,2026_04_13_NHL_merged.csv,2026_04_13_NHL_final_scores.csv,moneyline
moneyline,2025021289,2026-04-13,home,away,0.379,0.401014685249275,1.95,1.87,-105.0,-115.0,,,0.0,False,0.0,1.0,2.0,2026_04_13_NHL_merged.csv,2026_04_13_NHL_final_scores.csv,moneyline
moneyline,2025021290,2026-04-13,home,away,0.605,0.6021198318514007,1.54,2.54,-185.0,154.0,,,0.0,False,1.0,6.0,2.0,2026_04_13_NHL_merged.csv,2026_04_13_NHL_final_scores.csv,moneyline
moneyline,2025021291,2026-04-13,home,away,0.453,0.45516173771173696,2.24,1.68,124.0,-147.0,,,0.0,False,0.0,3.0,5.0,2026_04_13_NHL_merged.csv,2026_04_13_NHL_final_scores.csv,moneyline
moneyline,2025021292,2026-04-14,home,away,0.539,0.5409001408097606,1.77,2.1,-130.0,110.0,,,0.0,False,1.0,4.0,0.0,2026_04_14_NHL_merged.csv,2026_04_14_NHL_final_scores.csv,moneyline
moneyline,2025021293,2026-04-14,home,away,0.426,0.42696537459839745,1.83,2.0,-120.0,100.0,,,0.0,False,0.0,1.0,2.0,2026_04_14_NHL_merged.csv,2026_04_14_NHL_final_scores.csv,moneyline
moneyline,2025021294,2026-04-14,home,away,0.469,0.46019259667106077,2.36,1.62,136.0,-161.0,,,0.0,False,1.0,4.0,2.0,2026_04_14_NHL_merged.csv,2026_04_14_NHL_final_scores.csv,moneyline
moneyline,2025021295,2026-04-14,home,away,0.517,0.4759629500136213,1.87,1.95,-115.0,-105.0,,,0.0,False,0.0,1.0,2.0,2026_04_14_NHL_merged.csv,2026_04_14_NHL_final_scores.csv,moneyline
moneyline,2025021296,2026-04-14,home,away,0.564,0.5232740223016593,1.87,1.95,-115.0,-105.0,,,0.0,False,1.0,3.0,2.0,2026_04_14_NHL_merged.csv,2026_04_14_NHL_final_scores.csv,moneyline
moneyline,2025021297,2026-04-14,home,away,0.636,0.6310419593441557,1.57,2.45,-175.0,145.0,,,0.0,False,1.0,5.0,3.0,2026_04_14_NHL_merged.csv,2026_04_14_NHL_final_scores.csv,moneyline
moneyline,2025021298,2026-04-14,home,away,0.362,0.35110421650302764,2.3,1.65,130.0,-154.0,,,0.0,False,0.0,1.0,3.0,2026_04_14_NHL_merged.csv,2026_04_14_NHL_final_scores.csv,moneyline
moneyline,2025021299,2026-04-14,home,away,0.449,0.45089318491625735,1.74,2.14,-135.0,114.0,,,0.0,False,1.0,7.0,5.0,2026_04_14_NHL_merged.csv,2026_04_14_NHL_final_scores.csv,moneyline
moneyline,2025021300,2026-04-14,home,away,0.413,0.40153527744318857,2.3,1.65,130.0,-154.0,,,0.0,False,1.0,4.0,3.0,2026_04_14_NHL_merged.csv,2026_04_14_NHL_final_scores.csv,moneyline
moneyline,2025021301,2026-04-15,home,away,0.519,0.4779612939100962,1.87,1.95,-115.0,-105.0,,,0.0,False,0.0,3.0,4.0,2026_04_15_NHL_merged.csv,2026_04_15_NHL_final_scores.csv,moneyline
moneyline,2025021302,2026-04-15,home,away,0.644,0.6449043501657554,1.8,2.05,-125.0,105.0,,,0.0,False,0.0,2.0,4.0,2026_04_15_NHL_merged.csv,2026_04_15_NHL_final_scores.csv,moneyline
moneyline,2025021303,2026-04-15,home,away,0.459,0.4611662306133248,2.2,1.7,120.0,-143.0,,,0.0,False,1.0,8.0,1.0,2026_04_15_NHL_merged.csv,2026_04_15_NHL_final_scores.csv,moneyline
moneyline,2025021304,2026-04-15,home,away,0.642,0.6361160564039287,1.52,2.6,-192.0,160.0,,,0.0,False,1.0,3.0,1.0,2026_04_15_NHL_merged.csv,2026_04_15_NHL_final_scores.csv,moneyline
moneyline,2025021305,2026-04-15,home,away,0.495,0.5414156054765943,2.05,1.8,105.0,-125.0,,,0.0,False,1.0,5.0,2.0,2026_04_15_NHL_merged.csv,2026_04_15_NHL_final_scores.csv,moneyline
moneyline,2025021306,2026-04-15,home,away,0.676,0.6021263253904914,1.34,3.4,-294.0,240.0,,,0.0,False,1.0,4.0,1.0,2026_04_15_NHL_merged.csv,2026_04_15_NHL_final_scores.csv,moneyline
moneyline,2025021307,2026-04-16,home,away,0.532,0.5335388428861096,1.91,1.91,-110.0,-110.0,,,0.0,False,0.0,4.0,5.0,2026_04_16_NHL_merged.csv,2026_04_16_NHL_final_scores.csv,moneyline
moneyline,2025021308,2026-04-16,home,away,0.608,0.6113948520020265,1.62,2.36,-161.0,136.0,,,0.0,False,0.0,1.0,6.0,2026_04_16_NHL_merged.csv,2026_04_16_NHL_final_scores.csv,moneyline
moneyline,2025021309,2026-04-16,home,away,0.611,0.5713274132061332,1.87,1.95,-115.0,-105.0,,,0.0,False,0.0,3.0,5.0,2026_04_16_NHL_merged.csv,2026_04_16_NHL_final_scores.csv,moneyline
moneyline,2025021310,2026-04-16,home,away,0.466,0.4681706779401461,2.2,1.7,120.0,-143.0,,,0.0,False,1.0,3.0,1.0,2026_04_16_NHL_merged.csv,2026_04_16_NHL_final_scores.csv,moneyline
moneyline,2025021311,2026-04-16,home,away,0.696,0.7272615298772145,1.31,3.6,-323.0,260.0,,,0.0,False,1.0,6.0,1.0,2026_04_16_NHL_merged.csv,2026_04_16_NHL_final_scores.csv,moneyline
moneyline,2025021312,2026-04-16,home,away,0.781,0.772138184804155,1.56,2.5,-179.0,150.0,,,0.0,False,1.0,2.0,0.0,2026_04_16_NHL_merged.csv,2026_04_16_NHL_final_scores.csv,moneyline
moneyline,2025030131,2026-04-18,home,away,0.609,0.6024789660433942,1.68,2.24,-147.0,124.0,,,0.0,False,1.0,2.0,0.0,2026_04_18_NHL_merged.csv,2026_04_18_NHL_final_scores.csv,moneyline
moneyline,2025030141,2026-04-18,home,away,0.551,0.5442355719700349,1.68,2.24,-147.0,124.0,,,0.0,False,0.0,2.0,3.0,2026_04_18_NHL_merged.csv,2026_04_18_NHL_final_scores.csv,moneyline
moneyline,2025030161,2026-04-18,home,away,0.583,0.5839592015660844,1.83,2.0,-120.0,100.0,,,0.0,False,0.0,1.0,6.0,2026_04_18_NHL_merged.csv,2026_04_18_NHL_final_scores.csv,moneyline
moneyline,2025030111,2026-04-19,home,away,0.575,0.5798447711165954,1.6,2.4,-167.0,140.0,,,0.0,False,1.0,4.0,3.0,2026_04_19_NHL_merged.csv,2026_04_19_NHL_final_scores.csv,moneyline
moneyline,2025030121,2026-04-19,home,away,0.606,0.6031223401779422,1.54,2.54,-185.0,154.0,,,0.0,False,0.0,3.0,4.0,2026_04_19_NHL_merged.csv,2026_04_19_NHL_final_scores.csv,moneyline
moneyline,2025030151,2026-04-19,home,away,0.685,0.6595776127194168,1.36,3.25,-278.0,225.0,,,0.0,False,1.0,2.0,1.0,2026_04_19_NHL_merged.csv,2026_04_19_NHL_final_scores.csv,moneyline
moneyline,2025030171,2026-04-19,home,away,0.551,0.5607759483033015,1.65,2.3,-154.0,130.0,,,0.0,False,1.0,4.0,2.0,2026_04_19_NHL_merged.csv,2026_04_19_NHL_final_scores.csv,moneyline
moneyline,2025030132,2026-04-20,home,away,0.587,0.5803648768467057,1.68,2.24,-147.0,124.0,,,0.0,False,1.0,3.0,2.0,2026_04_20_NHL_merged.csv,2026_04_20_NHL_final_scores.csv,moneyline
moneyline,2025030142,2026-04-20,home,away,0.559,0.5687380967859028,1.65,2.3,-154.0,130.0,,,0.0,False,0.0,0.0,3.0,2026_04_20_NHL_merged.csv,2026_04_20_NHL_final_scores.csv,moneyline
moneyline,2025030162,2026-04-20,home,away,0.561,0.562883000427545,1.74,2.14,-135.0,114.0,,,0.0,False,1.0,4.0,2.0,2026_04_20_NHL_merged.csv,2026_04_20_NHL_final_scores.csv,moneyline
moneyline,2025030181,2026-04-20,home,away,0.597,0.5846522948980433,1.56,2.5,-179.0,150.0,,,0.0,False,1.0,4.0,3.0,2026_04_20_NHL_merged.csv,2026_04_20_NHL_final_scores.csv,moneyline
moneyline,2025030112,2026-04-21,home,away,0.587,0.5745642440278405,1.56,2.5,-179.0,150.0,,,0.0,False,0.0,2.0,4.0,2026_04_21_NHL_merged.csv,2026_04_21_NHL_final_scores.csv,moneyline
moneyline,2025030122,2026-04-21,home,away,0.598,0.5918526384349808,1.52,2.6,-192.0,160.0,,,0.0,False,1.0,3.0,2.0,2026_04_21_NHL_merged.csv,2026_04_21_NHL_final_scores.csv,moneyline
moneyline,2025030152,2026-04-21,home,away,0.694,0.6219351323449284,1.34,3.4,-294.0,240.0,,,0.0,False,1.0,2.0,1.0,2026_04_21_NHL_merged.csv,2026_04_21_NHL_final_scores.csv,moneyline
moneyline,2025030172,2026-04-21,home,away,0.546,0.5557970486801591,1.65,2.3,-154.0,130.0,,,0.0,False,0.0,2.0,3.0,2026_04_21_NHL_merged.csv,2026_04_21_NHL_final_scores.csv,moneyline
moneyline,2025030143,2026-04-22,home,away,0.525,0.4839642176758055,1.87,1.95,-115.0,-105.0,,,0.0,False,1.0,5.0,2.0,2026_04_22_NHL_merged.csv,2026_04_22_NHL_final_scores.csv,moneyline
moneyline,2025030163,2026-04-22,home,away,0.498,0.4999123410198956,1.77,2.1,-130.0,110.0,,,0.0,False,0.0,3.0,4.0,2026_04_22_NHL_merged.csv,2026_04_22_NHL_final_scores.csv,moneyline
moneyline,2025030182,2026-04-22,home,away,0.55,0.5436787352927815,1.51,2.64,-196.0,164.0,,,0.0,False,0.0,4.0,6.0,2026_04_22_NHL_merged.csv,2026_04_22_NHL_final_scores.csv,moneyline
moneyline,2025030113,2026-04-23,home,away,0.499,0.5005454809500216,1.91,1.91,-110.0,-110.0,,,0.0,False,0.0,1.0,3.0,2026_04_23_NHL_merged.csv,2026_04_23_NHL_final_scores.csv,moneyline
moneyline,2025030133,2026-04-23,home,away,0.495,0.4959866262421049,1.82,2.02,-122.0,102.0,,,0.0,False,0.0,1.0,2.0,2026_04_23_NHL_merged.csv,2026_04_23_NHL_final_scores.csv,moneyline
moneyline,2025030153,2026-04-23,home,away,0.354,0.3835962831188841,2.4,1.6,140.0,-167.0,,,0.0,False,0.0,2.0,4.0,2026_04_23_NHL_merged.csv,2026_04_23_NHL_final_scores.csv,moneyline
moneyline,2025030123,2026-04-24,home,away,0.468,0.5144630473928202,2.02,1.82,102.0,-122.0,,,0.0,False,1.0,3.0,2.0,2026_04_24_NHL_merged.csv,2026_04_24_NHL_final_scores.csv,moneyline
moneyline,2025030173,2026-04-24,home,away,0.527,0.5499976012547283,1.93,1.89,-108.0,-112.0,,,0.0,False,1.0,4.0,2.0,2026_04_24_NHL_merged.csv,2026_04_24_NHL_final_scores.csv,moneyline
moneyline,2025030183,2026-04-24,home,away,0.467,0.49170057351828794,2.1,1.77,110.0,-130.0,,,0.0,False,1.0,7.0,4.0,2026_04_24_NHL_merged.csv,2026_04_24_NHL_final_scores.csv,moneyline
moneyline,2025030134,2026-04-25,home,away,0.469,0.515466132886407,2.05,1.8,105.0,-125.0,,,0.0,False,0.0,2.0,4.0,2026_04_25_NHL_merged.csv,2026_04_25_NHL_final_scores.csv,moneyline
moneyline,2025030144,2026-04-25,home,away,0.52,0.5209850489574982,1.83,2.0,-120.0,100.0,,,0.0,False,0.0,2.0,4.0,2026_04_25_NHL_merged.csv,2026_04_25_NHL_final_scores.csv,moneyline
moneyline,2025030164,2026-04-25,home,away,0.5,0.5019123423609675,1.74,2.14,-135.0,114.0,,,0.0,False,1.0,3.0,2.0,2026_04_25_NHL_merged.csv,2026_04_25_NHL_final_scores.csv,moneyline
moneyline,2025030114,2026-04-26,home,away,0.494,0.4530760558799421,1.89,1.93,-112.0,-108.0,,,0.0,False,0.0,1.0,6.0,2026_04_26_NHL_merged.csv,2026_04_26_NHL_final_scores.csv,moneyline
moneyline,2025030124,2026-04-26,home,away,0.468,0.49109610389610386,1.95,1.87,-105.0,-115.0,,,0.0,False,0.0,2.0,3.0,2026_04_26_NHL_merged.csv,2026_04_26_NHL_final_scores.csv,moneyline
moneyline,2025030154,2026-04-26,home,away,0.355,0.38463010960991423,2.42,1.59,142.0,-169.0,,,0.0,False,0.0,1.0,5.0,2026_04_26_NHL_merged.csv,2026_04_26_NHL_final_scores.csv,moneyline
moneyline,2025030184,2026-04-26,home,away,0.525,0.5496050016963118,2.14,1.74,114.0,-135.0,,,0.0,False,1.0,4.0,3.0,2026_04_26_NHL_merged.csv,2026_04_26_NHL_final_scores.csv,moneyline
moneyline,2025030145,2026-04-27,home,away,0.554,0.5558892564121746,1.74,2.14,-135.0,114.0,,,0.0,False,1.0,3.0,2.0,2026_04_27_NHL_merged.csv,2026_04_27_NHL_final_scores.csv,moneyline
moneyline,2025030174,2026-04-27,home,away,0.531,0.5539677211103937,1.95,1.87,-105.0,-115.0,,,0.0,False,0.0,4.0,5.0,2026_04_27_NHL_merged.csv,2026_04_27_NHL_final_scores.csv,moneyline
moneyline,2025030115,2026-04-28,home,away,0.603,0.607743329525067,1.59,2.42,-169.0,142.0,,,0.0,False,0.0,1.0,2.0,2026_04_28_NHL_merged.csv,2026_04_28_NHL_final_scores.csv,moneyline
moneyline,2025030165,2026-04-28,home,away,0.56,0.5618839399737975,1.77,2.1,-130.0,110.0,,,0.0,False,0.0,2.0,4.0,2026_04_28_NHL_merged.csv,2026_04_28_NHL_final_scores.csv,moneyline
moneyline,2025030185,2026-04-28,home,away,0.588,0.5828170156038377,1.57,2.45,-175.0,145.0,,,0.0,False,1.0,4.0,1.0,2026_04_28_NHL_merged.csv,2026_04_28_NHL_final_scores.csv,moneyline
moneyline,2025030125,2026-04-29,home,away,0.601,0.6057516019967736,1.59,2.42,-169.0,142.0,,,0.0,False,0.0,2.0,3.0,2026_04_29_NHL_merged.csv,2026_04_29_NHL_final_scores.csv,moneyline
moneyline,2025030146,2026-04-29,home,away,0.517,0.5179854986879776,1.82,2.02,-122.0,102.0,,,0.0,False,1.0,1.0,0.0,2026_04_29_NHL_merged.csv,2026_04_29_NHL_final_scores.csv,moneyline
moneyline,2025030175,2026-04-29,home,away,0.539,0.5439296518528381,1.6,2.4,-167.0,140.0,,,0.0,False,1.0,5.0,4.0,2026_04_29_NHL_merged.csv,2026_04_29_NHL_final_scores.csv,moneyline
moneyline,2025030166,2026-04-30,home,away,0.503,0.5039866582385708,1.82,2.02,-122.0,102.0,,,0.0,False,1.0,5.0,2.0,2026_04_30_NHL_merged.csv,2026_04_30_NHL_final_scores.csv,moneyline
moneyline,2025030186,2026-04-30,home,away,0.521,0.5456328781408065,2.1,1.77,110.0,-130.0,,,0.0,False,1.0,5.0,2.0,2026_04_30_NHL_merged.csv,2026_04_30_NHL_final_scores.csv,moneyline
moneyline,2025030116,2026-05-01,home,away,0.485,0.5081337408539409,1.98,1.85,-102.0,-118.0,,,0.0,False,0.0,1.0,4.0,2026_05_01_NHL_merged.csv,2026_05_01_NHL_final_scores.csv,moneyline
moneyline,2025030126,2026-05-01,home,away,0.471,0.49410664935546694,1.95,1.87,-105.0,-115.0,,,0.0,False,0.0,0.0,1.0,2026_05_01_NHL_merged.csv,2026_05_01_NHL_final_scores.csv,moneyline
moneyline,2025030176,2026-05-01,home,away,0.54,0.5628897899004791,1.95,1.87,-105.0,-115.0,,,0.0,False,0.0,1.0,5.0,2026_05_01_NHL_merged.csv,2026_05_01_NHL_final_scores.csv,moneyline
moneyline,2025030221,2026-05-02,home,away,0.631,0.5821945018918455,1.46,2.8,-217.0,180.0,,,0.0,False,1.0,3.0,0.0,2026_05_02_NHL_merged.csv,2026_05_02_NHL_final_scores.csv,moneyline
moneyline,2025030127,2026-05-03,home,away,0.604,0.6074071250167555,1.62,2.36,-161.0,136.0,,,0.0,False,0.0,1.0,2.0,2026_05_03_NHL_merged.csv,2026_05_03_NHL_final_scores.csv,moneyline
moneyline,2025030231,2026-05-03,home,away,0.643,0.6402321439040242,1.54,2.54,-185.0,154.0,,,0.0,False,1.0,9.0,6.0,2026_05_03_NHL_merged.csv,2026_05_03_NHL_final_scores.csv,moneyline
moneyline,2025030222,2026-05-04,home,away,0.661,0.6745945129976063,1.38,3.1,-263.0,210.0,,,0.0,False,1.0,3.0,2.0,2026_05_04_NHL_merged.csv,2026_05_04_NHL_final_scores.csv,moneyline
moneyline,2025030241,2026-05-04,home,away,0.612,0.6167041502633382,1.59,2.4,-169.0,140.0,,,0.0,False,1.0,3.0,1.0,2026_05_04_NHL_merged.csv,2026_05_04_NHL_final_scores.csv,moneyline
moneyline,2025030232,2026-05-05,home,away,0.648,0.6421597043878712,1.51,2.62,-196.0,162.0,,,0.0,False,1.0,5.0,2.0,2026_05_05_NHL_merged.csv,2026_05_05_NHL_final_scores.csv,moneyline
moneyline,2025030211,2026-05-06,home,away,0.54,0.5402576122127272,1.77,2.08,-130.0,108.0,,,0.0,False,1.0,4.0,2.0,2026_05_06_NHL_merged.csv,2026_05_06_NHL_final_scores.csv,moneyline
moneyline,2025030242,2026-05-06,home,away,0.599,0.6024218271910529,1.62,2.34,-161.0,134.0,,,0.0,False,0.0,1.0,3.0,2026_05_06_NHL_merged.csv,2026_05_06_NHL_final_scores.csv,moneyline
moneyline,2025030223,2026-05-07,home,away,0.398,0.3895477767894075,2.34,1.62,134.0,-161.0,,,0.0,False,0.0,1.0,4.0,2026_05_07_NHL_merged.csv,2026_05_07_NHL_final_scores.csv,moneyline
moneyline,2025030212,2026-05-08,home,away,0.544,0.5458968947395831,1.76,2.1,-132.0,110.0,,,0.0,False,0.0,1.0,5.0,2026_05_08_NHL_merged.csv,2026_05_08_NHL_final_scores.csv,moneyline
moneyline,2025030243,2026-05-08,home,away,0.481,0.5041297137033263,1.96,1.87,-104.0,-115.0,,,0.0,False,0.0,2.0,6.0,2026_05_08_NHL_merged.csv,2026_05_08_NHL_final_scores.csv,moneyline
moneyline,2025030224,2026-05-09,home,away,0.389,0.4150808186767245,2.55,1.53,155.0,-189.0,,,0.0,False,0.0,2.0,3.0,2026_05_09_NHL_merged.csv,2026_05_09_NHL_final_scores.csv,moneyline
moneyline,2025030233,2026-05-09,home,away,0.416,0.4617816441354306,2.06,1.78,106.0,-128.0,,,0.0,False,1.0,5.0,1.0,2026_05_09_NHL_merged.csv,2026_05_09_NHL_final_scores.csv,moneyline
moneyline,2025030213,2026-05-10,home,away,0.525,0.5259841415730687,1.79,2.05,-127.0,105.0,,,0.0,False,1.0,6.0,2.0,2026_05_10_NHL_merged.csv,2026_05_10_NHL_final_scores.csv,moneyline
moneyline,2025030244,2026-05-10,home,away,0.458,0.4810488393686165,1.94,1.88,-106.0,-114.0,,,0.0,False,1.0,4.0,3.0,2026_05_10_NHL_merged.csv,2026_05_10_NHL_final_scores.csv,moneyline
moneyline,2025030234,2026-05-11,home,away,0.427,0.4685831963474423,2.08,1.77,108.0,-130.0,,,0.0,False,0.0,2.0,5.0,2026_05_11_NHL_merged.csv,2026_05_11_NHL_final_scores.csv,moneyline
moneyline,2025030214,2026-05-12,home,away,0.545,0.5417761778972513,1.71,2.16,-141.0,116.0,,,0.0,False,0.0,2.0,3.0,2026_05_12_NHL_merged.csv,2026_05_12_NHL_final_scores.csv,moneyline
moneyline,2025030245,2026-05-12,home,away,0.588,0.5813694849713598,1.67,2.25,-149.0,125.0,,,0.0,False,1.0,3.0,2.0,2026_05_12_NHL_merged.csv,2026_05_12_NHL_final_scores.csv,moneyline
moneyline,2025030235,2026-05-13,home,away,0.629,0.6259753143245897,1.48,2.72,-208.0,172.0,,,0.0,False,1.0,4.0,3.0,2026_05_13_NHL_merged.csv,2026_05_13_NHL_final_scores.csv,moneyline
moneyline,2025030215,2026-05-14,home,away,0.528,0.5289835024463437,1.83,2.0,-120.0,100.0,,,0.0,False,0.0,3.0,6.0,2026_05_14_NHL_merged.csv,2026_05_14_NHL_final_scores.csv,moneyline
moneyline,2025030246,2026-05-14,home,away,0.479,0.5021265869706237,1.93,1.9,-108.0,-111.0,,,0.0,False,0.0,1.0,5.0,2026_05_14_NHL_merged.csv,2026_05_14_NHL_final_scores.csv,moneyline
moneyline,2025030216,2026-05-16,home,away,0.55,0.5535282986939065,1.6,2.38,-167.0,138.0,,,0.0,False,0.0,3.0,8.0,2026_05_16_NHL_merged.csv,2026_05_16_NHL_final_scores.csv,moneyline
moneyline,2025030217,2026-05-18,home,away,0.522,0.4809612748117388,1.87,1.96,-115.0,-104.0,,,0.0,False,0.0,2.0,3.0,2026_05_18_NHL_merged.csv,2026_05_18_NHL_final_scores.csv,moneyline
moneyline,2025030321,2026-05-20,home,away,0.646,0.6401449487439335,1.51,2.62,-196.0,162.0,,,0.0,False,0.0,2.0,4.0,2026_05_20_NHL_merged.csv,2026_05_20_NHL_final_scores.csv,moneyline
moneyline,2025030311,2026-05-21,home,away,0.594,0.5878336300236146,1.51,2.62,-196.0,162.0,,,0.0,False,0.0,2.0,6.0,2026_05_21_NHL_merged.csv,2026_05_21_NHL_final_scores.csv,moneyline
moneyline,2025030322,2026-05-22,home,away,0.643,0.6483182355257976,1.5,2.64,-200.0,164.0,,,0.0,False,0.0,1.0,3.0,2026_05_22_NHL_merged.csv,2026_05_22_NHL_final_scores.csv,moneyline
moneyline,2025030312,2026-05-23,home,away,0.604,0.6095464242649106,1.49,2.68,-204.0,168.0,,,0.0,False,1.0,3.0,2.0,2026_05_23_NHL_merged.csv,2026_05_23_NHL_final_scores.csv,moneyline
moneyline,2025030323,2026-05-24,home,away,0.429,0.4299473682175023,2.18,1.7,118.0,-143.0,,,0.0,False,1.0,5.0,3.0,2026_05_24_NHL_merged.csv,2026_05_24_NHL_final_scores.csv,moneyline
moneyline,2025030313,2026-05-25,home,away,0.483,0.5077406790797722,2.14,1.73,114.0,-137.0,,,0.0,False,0.0,2.0,3.0,2026_05_25_NHL_merged.csv,2026_05_25_NHL_final_scores.csv,moneyline
moneyline,2025030324,2026-05-26,home,away,0.43,0.4528169800781977,1.96,1.87,-104.0,-115.0,,,0.0,False,1.0,2.0,1.0,2026_05_26_NHL_merged.csv,2026_05_26_NHL_final_scores.csv,moneyline
moneyline,2025030314,2026-05-27,home,away,0.478,0.48017631201895006,2.25,1.67,125.0,-149.0,,,0.0,False,0.0,0.0,4.0,2026_05_27_NHL_merged.csv,2026_05_27_NHL_final_scores.csv,moneyline
moneyline,2025030315,2026-05-29,home,away,0.6,0.5622228237106748,1.42,2.95,-238.0,195.0,,,0.0,False,1.0,6.0,1.0,2026_05_29_NHL_merged.csv,2026_05_29_NHL_final_scores.csv,moneyline
moneyline,2025030411,2026-06-02,home,away,0.608,0.6173966601432502,1.64,2.3,-156.0,130.0,,,0.0,False,0.0,4.0,5.0,2026_06_02_NHL_merged.csv,2026_06_02_NHL_final_scores.csv,moneyline
moneyline,2025030412,2026-06-04,home,away,0.603,0.6064101222640269,1.61,2.36,-164.0,136.0,,,0.0,False,1.0,4.0,3.0,2026_06_04_NHL_merged.csv,2026_06_04_NHL_final_scores.csv,moneyline
moneyline,2025030413,2026-06-06,home,away,0.46,0.4615359663296523,1.91,1.91,-110.0,-110.0,,,0.0,False,1.0,5.0,4.0,2026_06_06_NHL_merged.csv,2026_06_06_NHL_final_scores.csv,moneyline
moneyline,2025030414,2026-06-09,home,away,0.467,0.49009221634659994,1.95,1.88,-105.0,-114.0,,,0.0,False,0.0,3.0,5.0,2026_06_09_NHL_merged.csv,2026_06_09_NHL_final_scores.csv,moneyline
moneyline,2025030415,2026-06-11,home,away,0.605,0.6144229679570671,1.63,2.32,-159.0,132.0,,,0.0,False,1.0,4.0,2.0,2026_06_11_NHL_merged.csv,2026_06_11_NHL_final_scores.csv,moneyline
moneyline,2025030416,2026-06-14,home,away,0.433,0.4558488599348534,1.96,1.87,-104.0,-115.0,,,0.0,False,0.0,0.0,3.0,2026_06_14_NHL_merged.csv,2026_06_14_NHL_final_scores.csv,moneyline
puck_line,2025020195,2025-11-02,home,away,0.32521504620717484,0.201340988568741,2.74,1.5,174.0,-200.0,-1.5,1.5,0.0,False,0.0,3.0,2.0,2025_11_02_NHL_merged.csv,2025_11_02_NHL_final_scores.csv,puck_line
puck_line,2025020196,2025-11-02,home,away,0.3524625074701066,0.2216185246432042,2.8,1.4761904761904763,180.0,-210.0,-1.5,1.5,0.0,False,0.0,1.0,2.0,2025_11_02_NHL_merged.csv,2025_11_02_NHL_final_scores.csv,puck_line
puck_line,2025020198,2025-11-02,home,away,0.558289967423168,0.7196325162695227,1.625,2.4,-160.0,140.0,1.5,-1.5,0.0,False,1.0,2.0,3.0,2025_11_02_NHL_merged.csv,2025_11_02_NHL_final_scores.csv,puck_line
puck_line,2025020199,2025-11-03,home,away,0.42011442149140793,0.2748146424864706,2.41,1.62111801242236,141.0,-161.0,-1.5,1.5,0.0,False,0.0,4.0,3.0,2025_11_03_NHL_merged.csv,2025_11_03_NHL_final_scores.csv,puck_line
puck_line,2025020202,2025-11-03,home,away,0.40263791731870757,0.2606654985524659,2.7,1.5128205128205128,170.0,-195.0,-1.5,1.5,0.0,False,1.0,3.0,1.0,2025_11_03_NHL_merged.csv,2025_11_03_NHL_final_scores.csv,puck_line
puck_line,2025020204,2025-11-04,home,away,0.36731673592466446,0.23294213745745143,2.6100000000000003,1.5405405405405406,161.0,-185.0,-1.5,1.5,0.0,False,0.0,4.0,5.0,2025_11_04_NHL_merged.csv,2025_11_04_NHL_final_scores.csv,puck_line
puck_line,2025020205,2025-11-04,home,away,0.4068330225754047,0.2640352030639567,2.59,1.5494505494505495,159.0,-182.0,-1.5,1.5,0.0,False,0.0,3.0,4.0,2025_11_04_NHL_merged.csv,2025_11_04_NHL_final_scores.csv,puck_line
puck_line,2025020207,2025-11-04,home,away,0.32642209761212787,0.20222606208488622,3.0,1.4166666666666667,200.0,-240.0,-1.5,1.5,0.0,False,0.0,4.0,3.0,2025_11_04_NHL_merged.csv,2025_11_04_NHL_final_scores.csv,puck_line
puck_line,2025020208,2025-11-04,home,away,0.4127428350356336,0.26881072478298135,2.17,1.72992700729927,117.0,-137.0,-1.5,1.5,0.0,False,0.0,3.0,2.0,2025_11_04_NHL_merged.csv,2025_11_04_NHL_final_scores.csv,puck_line
puck_line,2025020209,2025-11-04,home,away,0.33435470493647895,0.20807283069403626,2.74,1.5,174.0,-200.0,-1.5,1.5,0.0,False,0.0,3.0,2.0,2025_11_04_NHL_merged.csv,2025_11_04_NHL_final_scores.csv,puck_line
puck_line,2025020210,2025-11-04,home,away,0.4129136998306027,0.2689492934993056,2.35,1.6451612903225805,135.0,-155.0,-1.5,1.5,0.0,False,0.0,1.0,0.0,2025_11_04_NHL_merged.csv,2025_11_04_NHL_final_scores.csv,puck_line
puck_line,2025020211,2025-11-04,home,away,0.6154682487258315,0.7647268707891192,1.4878048780487805,2.77,-205.0,177.0,1.5,-1.5,0.0,False,1.0,7.0,3.0,2025_11_04_NHL_merged.csv,2025_11_04_NHL_final_scores.csv,puck_line
puck_line,2025020213,2025-11-05,home,away,0.38453342469914986,0.2463125189165171,2.5300000000000002,1.5714285714285714,153.0,-175.0,-1.5,1.5,0.0,False,1.0,5.0,3.0,2025_11_05_NHL_merged.csv,2025_11_05_NHL_final_scores.csv,puck_line
puck_line,2025020214,2025-11-05,home,away,0.3504121309195581,0.2200706202471795,2.65,1.526315789473684,165.0,-190.0,-1.5,1.5,0.0,False,1.0,6.0,1.0,2025_11_05_NHL_merged.csv,2025_11_05_NHL_final_scores.csv,puck_line
puck_line,2025020216,2025-11-05,home,away,0.3895279133192166,0.25024167159873484,2.45,1.606060606060606,145.0,-165.0,-1.5,1.5,0.0,False,0.0,2.0,5.0,2025_11_05_NHL_merged.csv,2025_11_05_NHL_final_scores.csv,puck_line
puck_line,2025020217,2025-11-05,home,away,0.45080396549991664,0.3003882739093054,2.45,1.606060606060606,145.0,-165.0,-1.5,1.5,0.0,False,0.0,1.0,6.0,2025_11_05_NHL_merged.csv,2025_11_05_NHL_final_scores.csv,puck_line
puck_line,2025020219,2025-11-06,home,away,0.3578534186659506,0.2257057367621685,2.92,1.434782608695652,192.0,-230.0,-1.5,1.5,0.0,False,0.0,0.0,3.0,2025_11_06_NHL_merged.csv,2025_11_06_NHL_final_scores.csv,puck_line
puck_line,2025020220,2025-11-06,home,away,0.32752112031489466,0.20303297365307227,2.65,1.526315789473684,165.0,-190.0,-1.5,1.5,0.0,False,0.0,4.0,3.0,2025_11_06_NHL_merged.csv,2025_11_06_NHL_final_scores.csv,puck_line
puck_line,2025020222,2025-11-06,home,away,0.4344744485348101,0.28666331949972984,2.4,1.625,140.0,-160.0,-1.5,1.5,0.0,False,0.0,4.0,3.0,2025_11_06_NHL_merged.csv,2025_11_06_NHL_final_scores.csv,puck_line
puck_line,2025020224,2025-11-06,home,away,0.41583033136882713,0.2713189813184171,2.4,1.625,140.0,-160.0,-1.5,1.5,0.0,False,0.0,5.0,7.0,2025_11_06_NHL_merged.csv,2025_11_06_NHL_final_scores.csv,puck_line
puck_line,2025020228,2025-11-07,home,away,0.33698657928932024,0.21002431244652653,3.03,1.4081632653061225,203.0,-245.0,-1.5,1.5,0.0,False,0.0,2.0,5.0,2025_11_07_NHL_merged.csv,2025_11_07_NHL_final_scores.csv,puck_line
puck_line,2025020229,2025-11-07,home,away,0.38526835832520956,0.24688925056848696,2.77,1.4878048780487805,177.0,-205.0,-1.5,1.5,0.0,False,0.0,0.0,4.0,2025_11_07_NHL_merged.csv,2025_11_07_NHL_final_scores.csv,puck_line
puck_line,2025020230,2025-11-07,home,away,0.5522799209641154,0.714695890109904,1.6451612903225805,2.35,-155.0,135.0,1.5,-1.5,0.0,False,1.0,2.0,1.0,2025_11_07_NHL_merged.csv,2025_11_07_NHL_final_scores.csv,puck_line
puck_line,2025020231,2025-11-08,home,away,0.3564118205701339,0.22461028412604364,2.2,1.7142857142857144,120.0,-140.0,-1.5,1.5,0.0,False,0.0,2.0,1.0,2025_11_08_NHL_merged.csv,2025_11_08_NHL_final_scores.csv,puck_line
puck_line,2025020233,2025-11-08,home,away,0.6398374487451809,0.7829724743785985,1.5405405405405406,2.6100000000000003,-185.0,161.0,1.5,-1.5,0.0,False,1.0,4.0,5.0,2025_11_08_NHL_merged.csv,2025_11_08_NHL_final_scores.csv,puck_line
puck_line,2025020234,2025-11-08,home,away,0.4477200790358845,0.29777544854261323,2.4,1.625,140.0,-160.0,-1.5,1.5,0.0,False,0.0,3.0,5.0,2025_11_08_NHL_merged.csv,2025_11_08_NHL_final_scores.csv,puck_line
puck_line,2025020236,2025-11-08,home,away,0.3830547199750983,0.24515361940165564,2.77,1.4878048780487805,177.0,-205.0,-1.5,1.5,0.0,False,0.0,3.0,2.0,2025_11_08_NHL_merged.csv,2025_11_08_NHL_final_scores.csv,puck_line
puck_line,2025020237,2025-11-08,home,away,0.37395969906286575,0.23806936189131242,2.6100000000000003,1.5405405405405406,161.0,-185.0,-1.5,1.5,0.0,False,0.0,0.0,5.0,2025_11_08_NHL_merged.csv,2025_11_08_NHL_final_scores.csv,puck_line
puck_line,2025020238,2025-11-08,home,away,0.4304209361841166,0.2832980180423286,2.05,1.8,105.0,-125.0,-1.5,1.5,0.0,False,1.0,6.0,3.0,2025_11_08_NHL_merged.csv,2025_11_08_NHL_final_scores.csv,puck_line
puck_line,2025020239,2025-11-08,home,away,0.36704695931280235,0.23273474847760744,2.65,1.526315789473684,165.0,-190.0,-1.5,1.5,0.0,False,0.0,3.0,4.0,2025_11_08_NHL_merged.csv,2025_11_08_NHL_final_scores.csv,puck_line
puck_line,2025020242,2025-11-08,home,away,0.429199764092434,0.28228738508974066,2.25,1.6896551724137931,125.0,-145.0,-1.5,1.5,0.0,False,0.0,3.0,4.0,2025_11_08_NHL_merged.csv,2025_11_08_NHL_final_scores.csv,puck_line
puck_line,2025020243,2025-11-08,home,away,0.5267437788107443,0.6932785711275847,1.8,2.05,-125.0,105.0,1.5,-1.5,0.0,False,1.0,3.0,1.0,2025_11_08_NHL_merged.csv,2025_11_08_NHL_final_scores.csv,puck_line
puck_line,2025020244,2025-11-09,home,away,0.4022695698216372,0.2603704214508706,2.4,1.625,140.0,-160.0,-1.5,1.5,0.0,False,0.0,1.0,5.0,2025_11_09_NHL_merged.csv,2025_11_09_NHL_final_scores.csv,puck_line
puck_line,2025020245,2025-11-09,home,away,0.6003142343562811,0.7530952803376098,1.5405405405405406,2.6100000000000003,-185.0,161.0,1.5,-1.5,0.0,False,1.0,2.0,3.0,2025_11_09_NHL_merged.csv,2025_11_09_NHL_final_scores.csv,puck_line
puck_line,2025020248,2025-11-09,home,away,0.4155837574787613,0.2711183282282841,2.0,1.8333333333333335,100.0,-120.0,-1.5,1.5,0.0,False,0.0,2.0,1.0,2025_11_09_NHL_merged.csv,2025_11_09_NHL_final_scores.csv,puck_line
puck_line,2025020249,2025-11-09,home,away,0.3381520792321712,0.21089037319468618,2.45,1.606060606060606,145.0,-165.0,-1.5,1.5,0.0,False,1.0,2.0,0.0,2025_11_09_NHL_merged.csv,2025_11_09_NHL_final_scores.csv,puck_line
puck_line,2025020250,2025-11-09,home,away,0.5770444375616663,0.7347907856849184,1.606060606060606,2.45,-165.0,145.0,1.5,-1.5,0.0,False,1.0,4.0,5.0,2025_11_09_NHL_merged.csv,2025_11_09_NHL_final_scores.csv,puck_line
puck_line,2025020251,2025-11-09,home,away,0.6251390968040174,0.7720343000269537,1.5,2.74,-200.0,174.0,1.5,-1.5,0.0,False,1.0,4.0,1.0,2025_11_09_NHL_merged.csv,2025_11_09_NHL_final_scores.csv,puck_line
puck_line,2025020252,2025-11-10,home,away,0.34558524342898633,0.21644093667802455,2.45,1.606060606060606,145.0,-165.0,-1.5,1.5,0.0,False,0.0,2.0,3.0,2025_11_10_NHL_merged.csv,2025_11_10_NHL_final_scores.csv,puck_line
puck_line,2025020253,2025-11-10,home,away,0.41901373691930877,0.27391481994915784,2.5300000000000002,1.5714285714285714,153.0,-175.0,-1.5,1.5,0.0,False,1.0,6.0,3.0,2025_11_10_NHL_merged.csv,2025_11_10_NHL_final_scores.csv,puck_line
puck_line,2025020254,2025-11-10,home,away,0.3683556502660853,0.2337414006750746,2.35,1.6451612903225805,135.0,-155.0,-1.5,1.5,0.0,False,0.0,5.0,4.0,2025_11_10_NHL_merged.csv,2025_11_10_NHL_final_scores.csv,puck_line
puck_line,2025020256,2025-11-11,home,away,0.6458432130280725,0.7873845641906339,1.4545454545454546,2.8600000000000003,-220.0,186.0,1.5,-1.5,0.0,False,1.0,5.0,3.0,2025_11_11_NHL_merged.csv,2025_11_11_NHL_final_scores.csv,puck_line
puck_line,2025020259,2025-11-11,home,away,0.4020841853666453,0.2602219615475359,2.6100000000000003,1.5405405405405406,161.0,-185.0,-1.5,1.5,0.0,False,0.0,1.0,4.0,2025_11_11_NHL_merged.csv,2025_11_11_NHL_final_scores.csv,puck_line
puck_line,2025020260,2025-11-11,home,away,0.3583560433204062,0.22608810220048933,2.74,1.5,174.0,-200.0,-1.5,1.5,0.0,False,0.0,3.0,2.0,2025_11_11_NHL_merged.csv,2025_11_11_NHL_final_scores.csv,puck_line
puck_line,2025020261,2025-11-11,home,away,0.40382040328788693,0.26161363629795603,2.15,1.7407407407407407,115.0,-135.0,-1.5,1.5,0.0,False,0.0,1.0,2.0,2025_11_11_NHL_merged.csv,2025_11_11_NHL_final_scores.csv,puck_line
puck_line,2025020262,2025-11-11,home,away,0.44850457440202135,0.29843918566387057,2.12,1.7575757575757576,112.0,-132.0,-1.5,1.5,0.0,False,1.0,4.0,1.0,2025_11_11_NHL_merged.csv,2025_11_11_NHL_final_scores.csv,puck_line
puck_line,2025020265,2025-11-12,home,away,0.33930943705425165,0.21175152037239492,2.74,1.5,174.0,-200.0,-1.5,1.5,0.0,False,0.0,3.0,7.0,2025_11_12_NHL_merged.csv,2025_11_12_NHL_final_scores.csv,puck_line
puck_line,2025020267,2025-11-12,home,away,0.40689105297603495,0.2640819331085207,2.4,1.625,140.0,-160.0,-1.5,1.5,0.0,False,1.0,5.0,2.0,2025_11_12_NHL_merged.csv,2025_11_12_NHL_final_scores.csv,puck_line
puck_line,2025020271,2025-11-13,home,away,0.41707694042712806,0.27233432937665764,2.5700000000000003,1.5555555555555556,157.0,-180.0,-1.5,1.5,0.0,False,1.0,5.0,3.0,2025_11_13_NHL_merged.csv,2025_11_13_NHL_final_scores.csv,puck_line
puck_line,2025020273,2025-11-13,home,away,0.41314325192540674,0.2691355009867213,2.9,1.4405286343612334,190.0,-227.0,-1.5,1.5,0.0,False,1.0,6.0,3.0,2025_11_13_NHL_merged.csv,2025_11_13_NHL_final_scores.csv,puck_line
puck_line,2025020275,2025-11-13,home,away,0.47184341672909447,0.31847860244062537,1.8333333333333335,2.0,-120.0,100.0,-1.5,1.5,0.0,False,1.0,6.0,3.0,2025_11_13_NHL_merged.csv,2025_11_13_NHL_final_scores.csv,puck_line
puck_line,2025020276,2025-11-13,home,away,0.3985902078557997,0.2574299707572828,2.65,1.526315789473684,165.0,-190.0,-1.5,1.5,0.0,False,1.0,2.0,0.0,2025_11_13_NHL_merged.csv,2025_11_13_NHL_final_scores.csv,puck_line
puck_line,2025020277,2025-11-13,home,away,0.384732728903759,0.24646887192225714,2.4,1.625,140.0,-160.0,-1.5,1.5,0.0,False,0.0,3.0,4.0,2025_11_13_NHL_merged.csv,2025_11_13_NHL_final_scores.csv,puck_line
puck_line,2025020279,2025-11-14,home,away,0.4476094089846853,0.2976818648803045,2.0,1.8333333333333335,100.0,-120.0,-1.5,1.5,0.0,False,0.0,4.0,3.0,2025_11_14_NHL_merged.csv,2025_11_14_NHL_final_scores.csv,puck_line
puck_line,2025020280,2025-11-14,home,away,0.3415006878643171,0.21338505954525616,2.8899999999999997,1.4444444444444444,189.0,-225.0,-1.5,1.5,0.0,False,0.0,5.0,6.0,2025_11_14_NHL_merged.csv,2025_11_14_NHL_final_scores.csv,puck_line
puck_line,2025020282,2025-11-14,home,away,0.41504910355648306,0.27068344793401045,2.25,1.6896551724137931,125.0,-145.0,-1.5,1.5,0.0,False,0.0,2.0,3.0,2025_11_14_NHL_merged.csv,2025_11_14_NHL_final_scores.csv,puck_line
puck_line,2025020283,2025-11-15,home,away,0.42801880237916234,0.2813114368272009,2.8899999999999997,1.4444444444444444,189.0,-225.0,-1.5,1.5,0.0,False,0.0,1.0,3.0,2025_11_15_NHL_merged.csv,2025_11_15_NHL_final_scores.csv,puck_line
puck_line,2025020285,2025-11-15,home,away,0.39131244125498127,0.2516511358907607,2.5700000000000003,1.5555555555555556,157.0,-180.0,-1.5,1.5,0.0,False,0.0,2.0,3.0,2025_11_15_NHL_merged.csv,2025_11_15_NHL_final_scores.csv,puck_line
puck_line,2025020287,2025-11-15,home,away,0.36175268672393734,0.2286778634645208,2.6100000000000003,1.5405405405405406,161.0,-185.0,-1.5,1.5,0.0,False,0.0,4.0,5.0,2025_11_15_NHL_merged.csv,2025_11_15_NHL_final_scores.csv,puck_line
puck_line,2025020288,2025-11-15,home,away,0.32575433386074854,0.20173627351532303,2.8600000000000003,1.4545454545454546,186.0,-220.0,-1.5,1.5,0.0,False,0.0,2.0,3.0,2025_11_15_NHL_merged.csv,2025_11_15_NHL_final_scores.csv,puck_line
puck_line,2025020289,2025-11-15,home,away,0.3456908902841965,0.21652016594625192,3.11,1.392156862745098,211.0,-255.0,-1.5,1.5,0.0,False,0.0,3.0,4.0,2025_11_15_NHL_merged.csv,2025_11_15_NHL_final_scores.csv,puck_line
puck_line,2025020293,2025-11-15,home,away,0.41079605210016623,0.2672338968570537,2.25,1.6896551724137931,125.0,-145.0,-1.5,1.5,0.0,False,1.0,5.0,1.0,2025_11_15_NHL_merged.csv,2025_11_15_NHL_final_scores.csv,puck_line
puck_line,2025020295,2025-11-15,home,away,0.3810707634139321,0.24360187890714313,2.77,1.4878048780487805,177.0,-205.0,-1.5,1.5,0.0,False,1.0,4.0,1.0,2025_11_15_NHL_merged.csv,2025_11_15_NHL_final_scores.csv,puck_line
puck_line,2025020297,2025-11-16,home,away,0.3814496844346068,0.24389797254234985,2.5700000000000003,1.5555555555555556,157.0,-180.0,-1.5,1.5,0.0,False,0.0,2.0,6.0,2025_11_16_NHL_merged.csv,2025_11_16_NHL_final_scores.csv,puck_line
puck_line,2025020299,2025-11-16,home,away,0.38320614292380567,0.24527220159996116,2.77,1.4878048780487805,177.0,-205.0,-1.5,1.5,0.0,False,0.0,1.0,2.0,2025_11_16_NHL_merged.csv,2025_11_16_NHL_final_scores.csv,puck_line
puck_line,2025020300,2025-11-16,home,away,0.4475903915751574,0.2976657848400445,1.9523809523809523,1.8695652173913042,-105.0,-115.0,-1.5,1.5,0.0,False,1.0,4.0,1.0,2025_11_16_NHL_merged.csv,2025_11_16_NHL_final_scores.csv,puck_line
puck_line,2025020301,2025-11-17,home,away,0.5990331229265495,0.7521016534787383,1.6134969325153374,2.4299999999999997,-163.0,143.0,1.5,-1.5,0.0,False,0.0,1.0,3.0,2025_11_17_NHL_merged.csv,2025_11_17_NHL_final_scores.csv,puck_line
puck_line,2025020303,2025-11-17,home,away,0.4602748728031313,0.30847406780428643,1.9090909090909092,1.9090909090909092,-110.0,-110.0,-1.5,1.5,0.0,False,1.0,8.0,5.0,2025_11_17_NHL_merged.csv,2025_11_17_NHL_final_scores.csv,puck_line
puck_line,2025020305,2025-11-17,home,away,0.3504405143077665,0.22009202309704978,2.8899999999999997,1.4444444444444444,189.0,-225.0,-1.5,1.5,0.0,False,0.0,4.0,3.0,2025_11_17_NHL_merged.csv,2025_11_17_NHL_final_scores.csv,puck_line
puck_line,2025020307,2025-11-18,home,away,0.3388519620197054,0.2114109945883505,2.8600000000000003,1.4545454545454546,186.0,-220.0,-1.5,1.5,0.0,False,0.0,3.0,2.0,2025_11_18_NHL_merged.csv,2025_11_18_NHL_final_scores.csv,puck_line
puck_line,2025020308,2025-11-18,home,away,0.3918362102524334,0.252065381681434,2.6,1.5464480874316942,160.0,-183.0,-1.5,1.5,0.0,False,1.0,4.0,2.0,2025_11_18_NHL_merged.csv,2025_11_18_NHL_final_scores.csv,puck_line
puck_line,2025020310,2025-11-18,home,away,0.35129630578067084,0.22073767027886668,2.5300000000000002,1.5714285714285714,153.0,-175.0,-1.5,1.5,0.0,False,0.0,2.0,3.0,2025_11_18_NHL_merged.csv,2025_11_18_NHL_final_scores.csv,puck_line
puck_line,2025020311,2025-11-18,home,away,0.43196666183489874,0.2845793751822689,2.4,1.625,140.0,-160.0,-1.5,1.5,0.0,False,1.0,5.0,2.0,2025_11_18_NHL_merged.csv,2025_11_18_NHL_final_scores.csv,puck_line
puck_line,2025020312,2025-11-18,home,away,0.3329555956954691,0.20703779028118194,3.15,1.3846153846153846,215.0,-260.0,-1.5,1.5,0.0,False,1.0,5.0,2.0,2025_11_18_NHL_merged.csv,2025_11_18_NHL_final_scores.csv,puck_line
puck_line,2025020313,2025-11-18,home,away,0.349553832697053,0.21942373815473118,2.83,1.4651162790697674,183.0,-215.0,-1.5,1.5,0.0,False,0.0,3.0,2.0,2025_11_18_NHL_merged.csv,2025_11_18_NHL_final_scores.csv,puck_line
puck_line,2025020314,2025-11-18,home,away,0.6468684675351292,0.7881344847467237,1.4926108374384237,2.76,-203.0,176.0,1.5,-1.5,0.0,False,1.0,3.0,2.0,2025_11_18_NHL_merged.csv,2025_11_18_NHL_final_scores.csv,puck_line
puck_line,2025020315,2025-11-19,home,away,0.32165155817335955,0.19873507401061183,3.19,1.3773584905660377,219.0,-265.0,-1.5,1.5,0.0,False,1.0,7.0,4.0,2025_11_19_NHL_merged.csv,2025_11_19_NHL_final_scores.csv,puck_line
puck_line,2025020316,2025-11-19,home,away,0.41358746628285303,0.2694959819051238,2.65,1.526315789473684,165.0,-190.0,-1.5,1.5,0.0,False,0.0,2.0,6.0,2025_11_19_NHL_merged.csv,2025_11_19_NHL_final_scores.csv,puck_line
puck_line,2025020317,2025-11-19,home,away,0.5901944564378833,0.7452019451415377,1.4878048780487805,2.77,-205.0,177.0,1.5,-1.5,0.0,False,1.0,4.0,3.0,2025_11_19_NHL_merged.csv,2025_11_19_NHL_final_scores.csv,puck_line
puck_line,2025020318,2025-11-19,home,away,0.4202461673086261,0.2749224254100261,2.5700000000000003,1.5555555555555556,157.0,-180.0,-1.5,1.5,0.0,False,0.0,4.0,3.0,2025_11_19_NHL_merged.csv,2025_11_19_NHL_final_scores.csv,puck_line
puck_line,2025020322,2025-11-20,home,away,0.39131244125498127,0.2516511358907607,2.65,1.526315789473684,165.0,-190.0,-1.5,1.5,0.0,False,0.0,2.0,1.0,2025_11_20_NHL_merged.csv,2025_11_20_NHL_final_scores.csv,puck_line
puck_line,2025020323,2025-11-20,home,away,0.416786583347006,0.27209770242139153,2.7,1.5128205128205128,170.0,-195.0,-1.5,1.5,0.0,False,0.0,1.0,0.0,2025_11_20_NHL_merged.csv,2025_11_20_NHL_final_scores.csv,puck_line
puck_line,2025020324,2025-11-20,home,away,0.34260451305788975,0.21420948765346098,3.07,1.4,207.0,-250.0,-1.5,1.5,0.0,False,0.0,3.0,2.0,2025_11_20_NHL_merged.csv,2025_11_20_NHL_final_scores.csv,puck_line
puck_line,2025020325,2025-11-20,home,away,0.3601625512548192,0.22746420793144592,3.19,1.3773584905660377,219.0,-265.0,-1.5,1.5,0.0,False,0.0,2.0,3.0,2025_11_20_NHL_merged.csv,2025_11_20_NHL_final_scores.csv,puck_line
puck_line,2025020326,2025-11-20,home,away,0.43600510991420993,0.2879383759738075,2.2,1.7142857142857144,120.0,-140.0,-1.5,1.5,0.0,False,1.0,6.0,3.0,2025_11_20_NHL_merged.csv,2025_11_20_NHL_final_scores.csv,puck_line
puck_line,2025020330,2025-11-20,home,away,0.5842605389821279,0.7405257418321565,1.606060606060606,2.45,-165.0,145.0,1.5,-1.5,0.0,False,1.0,4.0,3.0,2025_11_20_NHL_merged.csv,2025_11_20_NHL_final_scores.csv,puck_line
puck_line,2025020331,2025-11-21,home,away,0.3544004413923558,0.22308489083947428,2.35,1.6451612903225805,135.0,-155.0,-1.5,1.5,0.0,False,1.0,9.0,3.0,2025_11_21_NHL_merged.csv,2025_11_21_NHL_final_scores.csv,puck_line
puck_line,2025020334,2025-11-21,home,away,0.4217046471462855,0.2761167590222833,2.49,1.5882352941176472,149.0,-170.0,-1.5,1.5,0.0,False,0.0,1.0,2.0,2025_11_21_NHL_merged.csv,2025_11_21_NHL_final_scores.csv,puck_line
puck_line,2025020336,2025-11-22,home,away,0.4169166468258146,0.2722036877420995,2.8600000000000003,1.4545454545454546,186.0,-220.0,-1.5,1.5,0.0,False,0.0,1.0,2.0,2025_11_22_NHL_merged.csv,2025_11_22_NHL_final_scores.csv,puck_line
puck_line,2025020338,2025-11-22,home,away,0.417451789622571,0.27263993432011147,2.92,1.434782608695652,192.0,-230.0,-1.5,1.5,0.0,False,0.0,3.0,6.0,2025_11_22_NHL_merged.csv,2025_11_22_NHL_final_scores.csv,puck_line
puck_line,2025020342,2025-11-22,home,away,0.6279264601003739,0.7741240518565239,1.5405405405405406,2.6100000000000003,-185.0,161.0,1.5,-1.5,0.0,False,1.0,2.0,3.0,2025_11_22_NHL_merged.csv,2025_11_22_NHL_final_scores.csv,puck_line
puck_line,2025020343,2025-11-22,home,away,0.5266737110381375,0.6932187995402007,1.7142857142857144,2.2,-140.0,120.0,1.5,-1.5,0.0,False,0.0,0.0,3.0,2025_11_22_NHL_merged.csv,2025_11_22_NHL_final_scores.csv,puck_line
puck_line,2025020347,2025-11-23,home,away,0.6274993125744445,0.7738042824049033,1.6451612903225805,2.35,-155.0,135.0,1.5,-1.5,0.0,False,1.0,4.0,1.0,2025_11_23_NHL_merged.csv,2025_11_23_NHL_final_scores.csv,puck_line
puck_line,2025020348,2025-11-23,home,away,0.404510764802527,0.2621677927394129,3.07,1.4,207.0,-250.0,-1.5,1.5,0.0,False,0.0,0.0,3.0,2025_11_23_NHL_merged.csv,2025_11_23_NHL_final_scores.csv,puck_line
puck_line,2025020349,2025-11-23,home,away,0.38432555799160467,0.24614948744972098,2.5,1.5847953216374269,150.0,-171.0,-1.5,1.5,0.0,False,0.0,1.0,0.0,2025_11_23_NHL_merged.csv,2025_11_23_NHL_final_scores.csv,puck_line
puck_line,2025020350,2025-11-23,home,away,0.5596919098676941,0.72077848653987,1.8,2.05,-125.0,105.0,1.5,-1.5,0.0,False,1.0,0.0,1.0,2025_11_23_NHL_merged.csv,2025_11_23_NHL_final_scores.csv,puck_line
puck_line,2025020352,2025-11-23,home,away,0.3869715550238734,0.24822772267665388,2.74,1.5,174.0,-200.0,-1.5,1.5,0.0,False,0.0,2.0,5.0,2025_11_23_NHL_merged.csv,2025_11_23_NHL_final_scores.csv,puck_line
puck_line,2025020353,2025-11-24,home,away,0.38185940538122115,0.2442182808589965,2.48,1.5952380952380953,148.0,-168.0,-1.5,1.5,0.0,False,1.0,3.0,0.0,2025_11_24_NHL_merged.csv,2025_11_24_NHL_final_scores.csv,puck_line
puck_line,2025020354,2025-11-24,home,away,0.3621876065662762,0.22901019936749045,2.77,1.4878048780487805,177.0,-205.0,-1.5,1.5,0.0,False,0.0,4.0,3.0,2025_11_24_NHL_merged.csv,2025_11_24_NHL_final_scores.csv,puck_line
puck_line,2025020355,2025-11-24,home,away,0.41764200784376626,0.2727950665495455,2.84,1.462962962962963,184.0,-216.0,-1.5,1.5,0.0,False,0.0,3.0,2.0,2025_11_24_NHL_merged.csv,2025_11_24_NHL_final_scores.csv,puck_line
puck_line,2025020356,2025-11-24,home,away,0.3605597643363777,0.22776716867599442,2.5700000000000003,1.5555555555555556,157.0,-180.0,-1.5,1.5,0.0,False,1.0,5.0,1.0,2025_11_24_NHL_merged.csv,2025_11_24_NHL_final_scores.csv,puck_line
puck_line,2025020357,2025-11-24,home,away,0.5713411561355843,0.7302201461530314,1.5,2.74,-200.0,174.0,1.5,-1.5,0.0,False,0.0,3.0,8.0,2025_11_24_NHL_merged.csv,2025_11_24_NHL_final_scores.csv,puck_line
puck_line,2025020359,2025-11-24,home,away,0.33569115684741496,0.20906305390480248,2.77,1.4878048780487805,177.0,-205.0,-1.5,1.5,0.0,False,0.0,2.0,1.0,2025_11_24_NHL_merged.csv,2025_11_24_NHL_final_scores.csv,puck_line
puck_line,2025020361,2025-11-26,home,away,0.43352216715266606,0.28587124363502153,2.65,1.526315789473684,165.0,-190.0,-1.5,1.5,0.0,False,0.0,3.0,6.0,2025_11_26_NHL_merged.csv,2025_11_26_NHL_final_scores.csv,puck_line
puck_line,2025020362,2025-11-26,home,away,0.4306749510064074,0.2835084249548489,2.45,1.606060606060606,145.0,-165.0,-1.5,1.5,0.0,False,1.0,5.0,1.0,2025_11_26_NHL_merged.csv,2025_11_26_NHL_final_scores.csv,puck_line
puck_line,2025020363,2025-11-26,home,away,0.43199801425271234,0.28460538995516976,2.51,1.5813953488372094,151.0,-172.0,-1.5,1.5,0.0,False,0.0,2.0,4.0,2025_11_26_NHL_merged.csv,2025_11_26_NHL_final_scores.csv,puck_line
puck_line,2025020364,2025-11-26,home,away,0.4249223477343869,0.27875906972496084,2.8,1.4761904761904763,180.0,-210.0,-1.5,1.5,0.0,False,0.0,3.0,2.0,2025_11_26_NHL_merged.csv,2025_11_26_NHL_final_scores.csv,puck_line
puck_line,2025020365,2025-11-26,home,away,0.427580310285385,0.2809494179751508,2.6100000000000003,1.5405405405405406,161.0,-185.0,-1.5,1.5,0.0,False,0.0,1.0,3.0,2025_11_26_NHL_merged.csv,2025_11_26_NHL_final_scores.csv,puck_line
puck_line,2025020368,2025-11-26,home,away,0.41257098281923105,0.2686713836432625,2.45,1.606060606060606,145.0,-165.0,-1.5,1.5,0.0,False,0.0,2.0,4.0,2025_11_26_NHL_merged.csv,2025_11_26_NHL_final_scores.csv,puck_line
puck_line,2025020369,2025-11-26,home,away,0.35407732788911117,0.22284017570803083,3.07,1.4,207.0,-250.0,-1.5,1.5,0.0,False,0.0,1.0,2.0,2025_11_26_NHL_merged.csv,2025_11_26_NHL_final_scores.csv,puck_line
puck_line,2025020371,2025-11-26,home,away,0.5167706328350676,0.3587211498569586,1.7692307692307692,2.1,-130.0,110.0,-1.5,1.5,0.0,False,1.0,6.0,0.0,2025_11_26_NHL_merged.csv,2025_11_26_NHL_final_scores.csv,puck_line
puck_line,2025020372,2025-11-26,home,away,0.41391865778277664,0.26976486836572156,2.77,1.4878048780487805,177.0,-205.0,-1.5,1.5,0.0,False,0.0,3.0,4.0,2025_11_26_NHL_merged.csv,2025_11_26_NHL_final_scores.csv,puck_line
puck_line,2025020373,2025-11-26,home,away,0.3947057083613696,0.25433937514530736,2.5700000000000003,1.5555555555555556,157.0,-180.0,-1.5,1.5,0.0,False,0.0,3.0,4.0,2025_11_26_NHL_merged.csv,2025_11_26_NHL_final_scores.csv,puck_line
puck_line,2025020374,2025-11-26,home,away,0.4207050694571626,0.275297991379551,2.65,1.526315789473684,165.0,-190.0,-1.5,1.5,0.0,False,0.0,4.0,5.0,2025_11_26_NHL_merged.csv,2025_11_26_NHL_final_scores.csv,puck_line
puck_line,2025020378,2025-11-28,home,away,0.56349003928592,0.7238726116622157,1.5555555555555556,2.5700000000000003,-180.0,157.0,1.5,-1.5,0.0,False,1.0,3.0,2.0,2025_11_28_NHL_merged.csv,2025_11_28_NHL_final_scores.csv,puck_line
puck_line,2025020380,2025-11-28,home,away,0.4557645074658304,0.3046116999571849,2.35,1.6451612903225805,135.0,-155.0,-1.5,1.5,0.0,False,0.0,3.0,5.0,2025_11_28_NHL_merged.csv,2025_11_28_NHL_final_scores.csv,puck_line
puck_line,2025020381,2025-11-28,home,away,0.3459603885225795,0.21672231794856428,2.8899999999999997,1.4444444444444444,189.0,-225.0,-1.5,1.5,0.0,False,0.0,3.0,4.0,2025_11_28_NHL_merged.csv,2025_11_28_NHL_final_scores.csv,puck_line
puck_line,2025020383,2025-11-28,home,away,0.42024071208987823,0.2749179620902087,2.4,1.625,140.0,-160.0,-1.5,1.5,0.0,False,0.0,1.0,4.0,2025_11_28_NHL_merged.csv,2025_11_28_NHL_final_scores.csv,puck_line
puck_line,2025020386,2025-11-28,home,away,0.41626625859985733,0.27167386751508904,2.6100000000000003,1.5405405405405406,161.0,-185.0,-1.5,1.5,0.0,False,1.0,4.0,2.0,2025_11_28_NHL_merged.csv,2025_11_28_NHL_final_scores.csv,puck_line
puck_line,2025020387,2025-11-28,home,away,0.3966751224400714,0.2559045204532075,2.15,1.7407407407407407,115.0,-135.0,-1.5,1.5,0.0,False,1.0,5.0,1.0,2025_11_28_NHL_merged.csv,2025_11_28_NHL_final_scores.csv,puck_line
puck_line,2025020388,2025-11-28,home,away,0.379894826562717,0.24268381928781488,2.77,1.4878048780487805,177.0,-205.0,-1.5,1.5,0.0,False,0.0,3.0,4.0,2025_11_28_NHL_merged.csv,2025_11_28_NHL_final_scores.csv,puck_line
puck_line,2025020390,2025-11-28,home,away,0.3328637421387131,0.20696989580957767,2.7,1.5128205128205128,170.0,-195.0,-1.5,1.5,0.0,False,0.0,4.0,3.0,2025_11_28_NHL_merged.csv,2025_11_28_NHL_final_scores.csv,puck_line
puck_line,2025020391,2025-11-29,home,away,0.320855221834517,0.19815415724385815,3.07,1.4,207.0,-250.0,-1.5,1.5,0.0,False,0.0,1.0,4.0,2025_11_29_NHL_merged.csv,2025_11_29_NHL_final_scores.csv,puck_line
puck_line,2025020392,2025-11-29,home,away,0.48183221808747,0.32723227858863996,2.0,1.8333333333333335,100.0,-120.0,-1.5,1.5,0.0,False,1.0,7.0,2.0,2025_11_29_NHL_merged.csv,2025_11_29_NHL_final_scores.csv,puck_line
puck_line,2025020395,2025-11-29,home,away,0.3613281238960087,0.22835360235180183,2.74,1.5,174.0,-200.0,-1.5,1.5,0.0,False,0.0,3.0,5.0,2025_11_29_NHL_merged.csv,2025_11_29_NHL_final_scores.csv,puck_line
puck_line,2025020397,2025-11-29,home,away,0.5845922549637663,0.7407880914047472,1.4081632653061225,3.03,-245.0,203.0,1.5,-1.5,0.0,False,0.0,2.0,5.0,2025_11_29_NHL_merged.csv,2025_11_29_NHL_final_scores.csv,puck_line
puck_line,2025020399,2025-11-29,home,away,0.3679195890308592,0.23340581070007702,2.65,1.526315789473684,165.0,-190.0,-1.5,1.5,0.0,False,0.0,2.0,3.0,2025_11_29_NHL_merged.csv,2025_11_29_NHL_final_scores.csv,puck_line
puck_line,2025020400,2025-11-29,home,away,0.4616249935983242,0.30963436247349396,1.7692307692307692,2.1,-130.0,110.0,-1.5,1.5,0.0,False,0.0,4.0,3.0,2025_11_29_NHL_merged.csv,2025_11_29_NHL_final_scores.csv,puck_line
puck_line,2025020401,2025-11-29,home,away,0.42056003422028754,0.27517927217339044,2.4,1.625,140.0,-160.0,-1.5,1.5,0.0,False,0.0,2.0,1.0,2025_11_29_NHL_merged.csv,2025_11_29_NHL_final_scores.csv,puck_line
puck_line,2025020403,2025-11-30,home,away,0.6235300867618843,0.7708246595784909,1.4166666666666667,3.0,-240.0,200.0,1.5,-1.5,0.0,False,1.0,5.0,3.0,2025_11_30_NHL_merged.csv,2025_11_30_NHL_final_scores.csv,puck_line
puck_line,2025020404,2025-11-30,home,away,0.47077528090211684,0.31754890795936286,2.05,1.8,105.0,-125.0,-1.5,1.5,0.0,False,0.0,1.0,0.0,2025_11_30_NHL_merged.csv,2025_11_30_NHL_final_scores.csv,puck_line
puck_line,2025020405,2025-11-30,home,away,0.3845086233705891,0.2462930649629823,2.8,1.4761904761904763,180.0,-210.0,-1.5,1.5,0.0,False,1.0,6.0,1.0,2025_11_30_NHL_merged.csv,2025_11_30_NHL_final_scores.csv,puck_line
puck_line,2025020406,2025-12-01,home,away,0.4106066890988468,0.2670807135789146,2.65,1.526315789473684,165.0,-190.0,-1.5,1.5,0.0,False,0.0,3.0,5.0,2025_12_01_NHL_merged.csv,2025_12_01_NHL_final_scores.csv,puck_line
puck_line,2025020407,2025-12-01,home,away,0.3968714396586675,0.256060737696917,2.74,1.5,174.0,-200.0,-1.5,1.5,0.0,False,0.0,1.0,5.0,2025_12_01_NHL_merged.csv,2025_12_01_NHL_final_scores.csv,puck_line
puck_line,2025020409,2025-12-01,home,away,0.3205190642629996,0.19790909111427213,2.73,1.5050505050505052,173.0,-198.0,-1.5,1.5,0.0,False,0.0,1.0,4.0,2025_12_01_NHL_merged.csv,2025_12_01_NHL_final_scores.csv,puck_line
puck_line,2025020410,2025-12-01,home,away,0.5872662041248871,0.7428987993935084,1.5128205128205128,2.7,-195.0,170.0,1.5,-1.5,0.0,False,1.0,6.0,3.0,2025_12_01_NHL_merged.csv,2025_12_01_NHL_final_scores.csv,puck_line
puck_line,2025020412,2025-12-02,home,away,0.4187367479548808,0.27368856413383114,2.4,1.625,140.0,-160.0,-1.5,1.5,0.0,False,0.0,5.0,4.0,2025_12_02_NHL_merged.csv,2025_12_02_NHL_final_scores.csv,puck_line
puck_line,2025020413,2025-12-02,home,away,0.41627725591727505,0.2716828227576487,2.65,1.526315789473684,165.0,-190.0,-1.5,1.5,0.0,False,0.0,1.0,4.0,2025_12_02_NHL_merged.csv,2025_12_02_NHL_final_scores.csv,puck_line
puck_line,2025020417,2025-12-02,home,away,0.5278841268776492,0.3690313934945298,1.8,2.05,-125.0,105.0,-1.5,1.5,0.0,False,1.0,3.0,1.0,2025_12_02_NHL_merged.csv,2025_12_02_NHL_final_scores.csv,puck_line
puck_line,2025020418,2025-12-02,home,away,0.3822993780510365,0.24456240958800093,2.6100000000000003,1.5405405405405406,161.0,-185.0,-1.5,1.5,0.0,False,0.0,0.0,1.0,2025_12_02_NHL_merged.csv,2025_12_02_NHL_final_scores.csv,puck_line
puck_line,2025020419,2025-12-02,home,away,0.4518236562549039,0.3012543629612145,1.9090909090909092,1.9090909090909092,-110.0,-110.0,-1.5,1.5,0.0,False,0.0,4.0,3.0,2025_12_02_NHL_merged.csv,2025_12_02_NHL_final_scores.csv,puck_line
puck_line,2025020421,2025-12-03,home,away,0.33723040406784655,0.21020539907716776,3.15,1.3846153846153846,215.0,-260.0,-1.5,1.5,0.0,False,0.0,0.0,3.0,2025_12_03_NHL_merged.csv,2025_12_03_NHL_final_scores.csv,puck_line
puck_line,2025020423,2025-12-03,home,away,0.3353341327142423,0.20879837534905546,3.11,1.392156862745098,211.0,-255.0,-1.5,1.5,0.0,False,1.0,5.0,2.0,2025_12_03_NHL_merged.csv,2025_12_03_NHL_final_scores.csv,puck_line
puck_line,2025020425,2025-12-03,home,away,0.5951655782193661,0.7490921288429923,1.5,2.74,-200.0,174.0,1.5,-1.5,0.0,False,0.0,1.0,7.0,2025_12_03_NHL_merged.csv,2025_12_03_NHL_final_scores.csv,puck_line
puck_line,2025020428,2025-12-04,home,away,0.42579575366604977,0.2794780490263498,2.3,1.6666666666666665,130.0,-150.0,-1.5,1.5,0.0,False,0.0,3.0,4.0,2025_12_04_NHL_merged.csv,2025_12_04_NHL_final_scores.csv,puck_line
puck_line,2025020429,2025-12-04,home,away,0.4755143566157739,0.32168309059248146,2.2800000000000002,1.6756756756756757,128.0,-148.0,-1.5,1.5,0.0,False,0.0,1.0,2.0,2025_12_04_NHL_merged.csv,2025_12_04_NHL_final_scores.csv,puck_line
puck_line,2025020430,2025-12-04,home,away,0.5628456332487972,0.7233487298157104,1.6451612903225805,2.35,-155.0,135.0,1.5,-1.5,0.0,False,1.0,6.0,3.0,2025_12_04_NHL_merged.csv,2025_12_04_NHL_final_scores.csv,puck_line
puck_line,2025020431,2025-12-04,home,away,0.4355156088292942,0.2875303610438547,2.25,1.6896551724137931,125.0,-145.0,-1.5,1.5,0.0,False,0.0,1.0,5.0,2025_12_04_NHL_merged.csv,2025_12_04_NHL_final_scores.csv,puck_line
puck_line,2025020432,2025-12-04,home,away,0.361295242218184,0.22832849549284048,3.0,1.4166666666666667,200.0,-240.0,-1.5,1.5,0.0,False,0.0,6.0,5.0,2025_12_04_NHL_merged.csv,2025_12_04_NHL_final_scores.csv,puck_line
puck_line,2025020434,2025-12-04,home,away,0.43740982802583084,0.2891105903868755,2.15,1.7407407407407407,115.0,-135.0,-1.5,1.5,0.0,False,1.0,9.0,4.0,2025_12_04_NHL_merged.csv,2025_12_04_NHL_final_scores.csv,puck_line
puck_line,2025020435,2025-12-04,home,away,0.4385204077845926,0.29003875687274633,2.2,1.7142857142857144,120.0,-140.0,-1.5,1.5,0.0,False,0.0,1.0,2.0,2025_12_04_NHL_merged.csv,2025_12_04_NHL_final_scores.csv,puck_line
puck_line,2025020437,2025-12-05,home,away,0.37944033064855914,0.24232932898911885,2.74,1.5,174.0,-200.0,-1.5,1.5,0.0,False,1.0,4.0,1.0,2025_12_05_NHL_merged.csv,2025_12_05_NHL_final_scores.csv,puck_line
puck_line,2025020438,2025-12-05,home,away,0.4671450679158078,0.31439831742979235,1.8695652173913042,1.9523809523809523,-115.0,-105.0,-1.5,1.5,0.0,False,1.0,4.0,1.0,2025_12_05_NHL_merged.csv,2025_12_05_NHL_final_scores.csv,puck_line
puck_line,2025020439,2025-12-05,home,away,0.6371312276210943,0.7809735930908683,1.434782608695652,2.92,-230.0,192.0,1.5,-1.5,0.0,False,0.0,1.0,4.0,2025_12_05_NHL_merged.csv,2025_12_05_NHL_final_scores.csv,puck_line
puck_line,2025020440,2025-12-05,home,away,0.5965221814238459,0.7501494596727412,1.4651162790697674,2.83,-215.0,183.0,1.5,-1.5,0.0,False,1.0,4.0,3.0,2025_12_05_NHL_merged.csv,2025_12_05_NHL_final_scores.csv,puck_line
puck_line,2025020441,2025-12-06,home,away,0.5752261656013206,0.7333372763076342,1.5882352941176472,2.49,-170.0,149.0,1.5,-1.5,0.0,False,1.0,2.0,3.0,2025_12_06_NHL_merged.csv,2025_12_06_NHL_final_scores.csv,puck_line
puck_line,2025020442,2025-12-06,home,away,0.4188932757538769,0.27381641320630773,2.4,1.625,140.0,-160.0,-1.5,1.5,0.0,False,0.0,7.0,6.0,2025_12_06_NHL_merged.csv,2025_12_06_NHL_final_scores.csv,puck_line
puck_line,2025020444,2025-12-06,home,away,0.38959999791463695,0.2502985486848063,2.92,1.434782608695652,192.0,-230.0,-1.5,1.5,0.0,False,0.0,1.0,2.0,2025_12_06_NHL_merged.csv,2025_12_06_NHL_final_scores.csv,puck_line
puck_line,2025020445,2025-12-06,home,away,0.4306749510064074,0.2835084249548489,2.77,1.4878048780487805,177.0,-205.0,-1.5,1.5,0.0,False,0.0,1.0,2.0,2025_12_06_NHL_merged.csv,2025_12_06_NHL_final_scores.csv,puck_line
puck_line,2025020446,2025-12-06,home,away,0.3455204833908369,0.2163923749753777,2.4,1.625,140.0,-160.0,-1.5,1.5,0.0,False,0.0,0.0,2.0,2025_12_06_NHL_merged.csv,2025_12_06_NHL_final_scores.csv,puck_line
puck_line,2025020447,2025-12-06,home,away,0.4746942109940877,0.3209658993666178,2.1,1.7692307692307692,110.0,-130.0,-1.5,1.5,0.0,False,1.0,6.0,3.0,2025_12_06_NHL_merged.csv,2025_12_06_NHL_final_scores.csv,puck_line
puck_line,2025020449,2025-12-06,home,away,0.4320893408609561,0.2846811740964473,2.25,1.6896551724137931,125.0,-145.0,-1.5,1.5,0.0,False,1.0,6.0,0.0,2025_12_06_NHL_merged.csv,2025_12_06_NHL_final_scores.csv,puck_line
puck_line,2025020450,2025-12-06,home,away,0.3814496844346068,0.24389797254234985,2.05,1.8,105.0,-125.0,-1.5,1.5,0.0,False,1.0,6.0,2.0,2025_12_06_NHL_merged.csv,2025_12_06_NHL_final_scores.csv,puck_line
puck_line,2025020451,2025-12-06,home,away,0.6371312276210943,0.7809735930908683,1.4761904761904763,2.8,-210.0,180.0,1.5,-1.5,0.0,False,1.0,4.0,2.0,2025_12_06_NHL_merged.csv,2025_12_06_NHL_final_scores.csv,puck_line
puck_line,2025020453,2025-12-07,home,away,0.5738553901592343,0.7322392281302281,1.5,2.74,-200.0,174.0,1.5,-1.5,0.0,False,1.0,2.0,3.0,2025_12_07_NHL_merged.csv,2025_12_07_NHL_final_scores.csv,puck_line
puck_line,2025020454,2025-12-07,home,away,0.4102533565326275,0.2667949807591893,2.5700000000000003,1.5555555555555556,157.0,-180.0,-1.5,1.5,0.0,False,1.0,4.0,1.0,2025_12_07_NHL_merged.csv,2025_12_07_NHL_final_scores.csv,puck_line
puck_line,2025020455,2025-12-07,home,away,0.4834449709155436,0.32865577630560705,1.8333333333333335,2.0,-120.0,100.0,-1.5,1.5,0.0,False,0.0,1.0,4.0,2025_12_07_NHL_merged.csv,2025_12_07_NHL_final_scores.csv,puck_line
puck_line,2025020456,2025-12-07,home,away,0.4414723146414671,0.29251186628542564,2.35,1.6451612903225805,135.0,-155.0,-1.5,1.5,0.0,False,0.0,3.0,2.0,2025_12_07_NHL_merged.csv,2025_12_07_NHL_final_scores.csv,puck_line
puck_line,2025020457,2025-12-07,home,away,0.41857933039396483,0.2735600123730213,2.8899999999999997,1.4444444444444444,189.0,-225.0,-1.5,1.5,0.0,False,0.0,3.0,4.0,2025_12_07_NHL_merged.csv,2025_12_07_NHL_final_scores.csv,puck_line
puck_line,2025020459,2025-12-07,home,away,0.438174612759168,0.289749625592958,2.3,1.6666666666666665,130.0,-150.0,-1.5,1.5,0.0,False,1.0,2.0,0.0,2025_12_07_NHL_merged.csv,2025_12_07_NHL_final_scores.csv,puck_line
puck_line,2025020460,2025-12-07,home,away,0.44202656386075756,0.29297720051538284,2.3,1.6666666666666665,130.0,-150.0,-1.5,1.5,0.0,False,1.0,7.0,1.0,2025_12_07_NHL_merged.csv,2025_12_07_NHL_final_scores.csv,puck_line
puck_line,2025020465,2025-12-08,home,away,0.6475872588221027,0.7886596765257475,1.434782608695652,2.92,-230.0,192.0,1.5,-1.5,0.0,False,0.0,1.0,4.0,2025_12_08_NHL_merged.csv,2025_12_08_NHL_final_scores.csv,puck_line
puck_line,2025020466,2025-12-09,home,away,0.321237761019085,0.19843314945506305,3.0,1.4166666666666667,200.0,-240.0,-1.5,1.5,0.0,False,0.0,1.0,6.0,2025_12_09_NHL_merged.csv,2025_12_09_NHL_final_scores.csv,puck_line
puck_line,2025020469,2025-12-09,home,away,0.4333828188257307,0.2857554144132616,2.45,1.606060606060606,145.0,-165.0,-1.5,1.5,0.0,False,1.0,4.0,1.0,2025_12_09_NHL_merged.csv,2025_12_09_NHL_final_scores.csv,puck_line
puck_line,2025020471,2025-12-09,home,away,0.4479003195182597,0.29792788852249613,2.15,1.7407407407407407,115.0,-135.0,-1.5,1.5,0.0,False,1.0,4.0,1.0,2025_12_09_NHL_merged.csv,2025_12_09_NHL_final_scores.csv,puck_line
puck_line,2025020474,2025-12-09,home,away,0.43734423236294345,0.2890558077005228,2.15,1.7407407407407407,115.0,-135.0,-1.5,1.5,0.0,False,0.0,3.0,4.0,2025_12_09_NHL_merged.csv,2025_12_09_NHL_final_scores.csv,puck_line
puck_line,2025020475,2025-12-09,home,away,0.5150906540686663,0.6832603018461432,1.7692307692307692,2.1,-130.0,110.0,1.5,-1.5,0.0,False,1.0,4.0,3.0,2025_12_09_NHL_merged.csv,2025_12_09_NHL_final_scores.csv,puck_line
puck_line,2025020476,2025-12-10,home,away,0.5896437694301709,0.7447694758600653,1.4761904761904763,2.8,-210.0,180.0,1.5,-1.5,0.0,False,1.0,3.0,0.0,2025_12_10_NHL_merged.csv,2025_12_10_NHL_final_scores.csv,puck_line
puck_line,2025020479,2025-12-10,home,away,0.595928491107386,0.7496869653513686,1.4761904761904763,2.8,-210.0,180.0,1.5,-1.5,0.0,False,1.0,3.0,2.0,2025_12_10_NHL_merged.csv,2025_12_10_NHL_final_scores.csv,puck_line
puck_line,2025020480,2025-12-11,home,away,0.4547899832290151,0.3037799717896609,2.25,1.6896551724137931,125.0,-145.0,-1.5,1.5,0.0,False,0.0,2.0,3.0,2025_12_11_NHL_merged.csv,2025_12_11_NHL_final_scores.csv,puck_line
puck_line,2025020482,2025-12-11,home,away,0.36084270632270965,0.22798305759025422,2.95,1.425531914893617,195.0,-235.0,-1.5,1.5,0.0,False,1.0,5.0,2.0,2025_12_11_NHL_merged.csv,2025_12_11_NHL_final_scores.csv,puck_line
puck_line,2025020487,2025-12-11,home,away,0.3251534163240731,0.20129583066138582,3.15,1.3846153846153846,215.0,-260.0,-1.5,1.5,0.0,False,1.0,7.0,2.0,2025_12_11_NHL_merged.csv,2025_12_11_NHL_final_scores.csv,puck_line
puck_line,2025020488,2025-12-11,home,away,0.6440668542170466,0.7860829946750711,1.4651162790697674,2.83,-215.0,183.0,1.5,-1.5,0.0,False,1.0,5.0,2.0,2025_12_11_NHL_merged.csv,2025_12_11_NHL_final_scores.csv,puck_line
puck_line,2025020489,2025-12-11,home,away,0.38847477948885967,0.2494112621482962,2.74,1.5,174.0,-200.0,-1.5,1.5,0.0,False,0.0,3.0,6.0,2025_12_11_NHL_merged.csv,2025_12_11_NHL_final_scores.csv,puck_line
puck_line,2025020490,2025-12-11,home,away,0.4606782304896099,0.3088205130620374,1.9523809523809523,1.8695652173913042,-105.0,-115.0,-1.5,1.5,0.0,False,1.0,6.0,2.0,2025_12_11_NHL_merged.csv,2025_12_11_NHL_final_scores.csv,puck_line
puck_line,2025020491,2025-12-11,home,away,0.4298949492643373,0.28286253362788355,2.3200000000000003,1.6578947368421053,132.0,-152.0,-1.5,1.5,0.0,False,1.0,4.0,1.0,2025_12_11_NHL_merged.csv,2025_12_11_NHL_final_scores.csv,puck_line
puck_line,2025020494,2025-12-12,home,away,0.4503715333456223,0.30002130537219956,2.49,1.5882352941176472,149.0,-170.0,-1.5,1.5,0.0,False,1.0,5.0,3.0,2025_12_12_NHL_merged.csv,2025_12_12_NHL_final_scores.csv,puck_line
puck_line,2025020495,2025-12-13,home,away,0.35273527551046885,0.22182472153161625,2.95,1.425531914893617,195.0,-235.0,-1.5,1.5,0.0,False,1.0,4.0,1.0,2025_12_13_NHL_merged.csv,2025_12_13_NHL_final_scores.csv,puck_line
puck_line,2025020497,2025-12-13,home,away,0.4039903541588034,0.26175001472345427,2.65,1.526315789473684,165.0,-190.0,-1.5,1.5,0.0,False,0.0,5.0,6.0,2025_12_13_NHL_merged.csv,2025_12_13_NHL_final_scores.csv,puck_line
puck_line,2025020500,2025-12-13,home,away,0.37592406339418566,0.2395930965979269,2.8,1.4761904761904763,180.0,-210.0,-1.5,1.5,0.0,False,0.0,5.0,4.0,2025_12_13_NHL_merged.csv,2025_12_13_NHL_final_scores.csv,puck_line
puck_line,2025020501,2025-12-13,home,away,0.5967990018766451,0.7503649874632713,1.5128205128205128,2.7,-195.0,170.0,1.5,-1.5,0.0,False,1.0,3.0,4.0,2025_12_13_NHL_merged.csv,2025_12_13_NHL_final_scores.csv,puck_line
puck_line,2025020504,2025-12-13,home,away,0.6244755538833996,0.7715357497147922,1.625,2.4,-160.0,140.0,1.5,-1.5,0.0,False,0.0,0.0,4.0,2025_12_13_NHL_merged.csv,2025_12_13_NHL_final_scores.csv,puck_line
puck_line,2025020505,2025-12-13,home,away,0.32783573354274687,0.2032641498854311,2.8,1.4761904761904763,180.0,-210.0,-1.5,1.5,0.0,False,0.0,0.0,4.0,2025_12_13_NHL_merged.csv,2025_12_13_NHL_final_scores.csv,puck_line
puck_line,2025020506,2025-12-13,home,away,0.5360604944434779,0.37671055032296136,1.7142857142857144,2.2,-140.0,120.0,-1.5,1.5,0.0,False,1.0,4.0,2.0,2025_12_13_NHL_merged.csv,2025_12_13_NHL_final_scores.csv,puck_line
puck_line,2025020507,2025-12-13,home,away,0.43328479024777694,0.2856739426520477,2.45,1.606060606060606,145.0,-165.0,-1.5,1.5,0.0,False,0.0,1.0,2.0,2025_12_13_NHL_merged.csv,2025_12_13_NHL_final_scores.csv,puck_line
puck_line,2025020508,2025-12-14,home,away,0.4233798091968104,0.2774911002085341,2.83,1.4651162790697674,183.0,-215.0,-1.5,1.5,0.0,False,0.0,1.0,2.0,2025_12_14_NHL_merged.csv,2025_12_14_NHL_final_scores.csv,puck_line
puck_line,2025020509,2025-12-14,home,away,0.5870793138138064,0.7427515113049356,1.4878048780487805,2.77,-205.0,177.0,1.5,-1.5,0.0,False,1.0,4.0,5.0,2025_12_14_NHL_merged.csv,2025_12_14_NHL_final_scores.csv,puck_line
puck_line,2025020510,2025-12-14,home,away,0.44755964341993215,0.2976397867327004,2.15,1.7407407407407407,115.0,-135.0,-1.5,1.5,0.0,False,0.0,3.0,2.0,2025_12_14_NHL_merged.csv,2025_12_14_NHL_final_scores.csv,puck_line
puck_line,2025020515,2025-12-15,home,away,0.35875074503321297,0.22638852163061013,2.95,1.425531914893617,195.0,-235.0,-1.5,1.5,0.0,False,0.0,1.0,4.0,2025_12_15_NHL_merged.csv,2025_12_15_NHL_final_scores.csv,puck_line
puck_line,2025020518,2025-12-15,home,away,0.3946775847829101,0.254317050825841,2.83,1.4651162790697674,183.0,-215.0,-1.5,1.5,0.0,False,1.0,4.0,1.0,2025_12_15_NHL_merged.csv,2025_12_15_NHL_final_scores.csv,puck_line
puck_line,2025020520,2025-12-16,home,away,0.44926039386070493,0.2990792588585377,2.15,1.7407407407407407,115.0,-135.0,-1.5,1.5,0.0,False,0.0,3.0,2.0,2025_12_16_NHL_merged.csv,2025_12_16_NHL_final_scores.csv,puck_line
puck_line,2025020523,2025-12-16,home,away,0.38762435778826,0.24874144063785678,2.92,1.434782608695652,192.0,-230.0,-1.5,1.5,0.0,False,0.0,0.0,3.0,2025_12_16_NHL_merged.csv,2025_12_16_NHL_final_scores.csv,puck_line
puck_line,2025020524,2025-12-16,home,away,0.6087070809095614,0.7595648665954859,1.526315789473684,2.65,-190.0,165.0,1.5,-1.5,0.0,False,0.0,4.0,6.0,2025_12_16_NHL_merged.csv,2025_12_16_NHL_final_scores.csv,puck_line
puck_line,2025020525,2025-12-16,home,away,0.32946211128951197,0.20446051664652945,2.7800000000000002,1.4830917874396135,178.0,-207.0,-1.5,1.5,0.0,False,0.0,4.0,3.0,2025_12_16_NHL_merged.csv,2025_12_16_NHL_final_scores.csv,puck_line
puck_line,2025020528,2025-12-16,home,away,0.49441641211694554,0.665094196920516,1.8,2.05,-125.0,105.0,1.5,-1.5,0.0,False,0.0,3.0,5.0,2025_12_16_NHL_merged.csv,2025_12_16_NHL_final_scores.csv,puck_line
puck_line,2025020529,2025-12-17,home,away,0.4058148795419818,0.26321584650374796,2.92,1.434782608695652,192.0,-230.0,-1.5,1.5,0.0,False,0.0,3.0,2.0,2025_12_17_NHL_merged.csv,2025_12_17_NHL_final_scores.csv,puck_line
puck_line,2025020531,2025-12-17,home,away,0.6066866684363978,0.7580137351421742,1.4761904761904763,2.8,-210.0,180.0,1.5,-1.5,0.0,False,1.0,1.0,0.0,2025_12_17_NHL_merged.csv,2025_12_17_NHL_final_scores.csv,puck_line
puck_line,2025020532,2025-12-17,home,away,0.5574738090844543,0.7189644066501907,1.606060606060606,2.45,-165.0,145.0,1.5,-1.5,0.0,False,0.0,1.0,4.0,2025_12_17_NHL_merged.csv,2025_12_17_NHL_final_scores.csv,puck_line
puck_line,2025020533,2025-12-17,home,away,0.40893304893258176,0.2657283337291833,2.45,1.606060606060606,145.0,-165.0,-1.5,1.5,0.0,False,0.0,1.0,2.0,2025_12_17_NHL_merged.csv,2025_12_17_NHL_final_scores.csv,puck_line
puck_line,2025020536,2025-12-18,home,away,0.43487059327383787,0.2869930868174474,2.4,1.625,140.0,-160.0,-1.5,1.5,0.0,False,1.0,4.0,1.0,2025_12_18_NHL_merged.csv,2025_12_18_NHL_final_scores.csv,puck_line
puck_line,2025020537,2025-12-18,home,away,0.4231078500416963,0.27726779164428966,2.45,1.606060606060606,145.0,-165.0,-1.5,1.5,0.0,False,1.0,4.0,0.0,2025_12_18_NHL_merged.csv,2025_12_18_NHL_final_scores.csv,puck_line
puck_line,2025020538,2025-12-18,home,away,0.36799408130373273,0.23346312749308357,2.35,1.6451612903225805,135.0,-155.0,-1.5,1.5,0.0,False,0.0,1.0,2.0,2025_12_18_NHL_merged.csv,2025_12_18_NHL_final_scores.csv,puck_line
puck_line,2025020539,2025-12-18,home,away,0.3849333539221852,0.24662629786894727,2.59,1.5494505494505495,159.0,-182.0,-1.5,1.5,0.0,False,1.0,4.0,0.0,2025_12_18_NHL_merged.csv,2025_12_18_NHL_final_scores.csv,puck_line
puck_line,2025020541,2025-12-18,home,away,0.5884813941015273,0.7438556280385837,1.4545454545454546,2.8600000000000003,-220.0,186.0,1.5,-1.5,0.0,False,1.0,1.0,2.0,2025_12_18_NHL_merged.csv,2025_12_18_NHL_final_scores.csv,puck_line
puck_line,2025020542,2025-12-18,home,away,0.4135071509702208,0.26943079176386514,2.65,1.526315789473684,165.0,-190.0,-1.5,1.5,0.0,False,1.0,4.0,2.0,2025_12_18_NHL_merged.csv,2025_12_18_NHL_final_scores.csv,puck_line
puck_line,2025020543,2025-12-18,home,away,0.5528401007849207,0.7151576659182359,1.7142857142857144,2.2,-140.0,120.0,1.5,-1.5,0.0,False,0.0,3.0,5.0,2025_12_18_NHL_merged.csv,2025_12_18_NHL_final_scores.csv,puck_line
puck_line,2025020545,2025-12-19,home,away,0.4335238715175409,0.2858726604586266,2.83,1.4651162790697674,183.0,-215.0,-1.5,1.5,0.0,False,0.0,1.0,4.0,2025_12_19_NHL_merged.csv,2025_12_19_NHL_final_scores.csv,puck_line
puck_line,2025020546,2025-12-19,home,away,0.48177849944458917,0.327184912706851,2.05,1.8,105.0,-125.0,-1.5,1.5,0.0,False,0.0,3.0,2.0,2025_12_19_NHL_merged.csv,2025_12_19_NHL_final_scores.csv,puck_line
puck_line,2025020547,2025-12-19,home,away,0.3475840812584185,0.21794157635237235,2.8600000000000003,1.4545454545454546,186.0,-220.0,-1.5,1.5,0.0,False,0.0,1.0,2.0,2025_12_19_NHL_merged.csv,2025_12_19_NHL_final_scores.csv,puck_line
puck_line,2025020549,2025-12-20,home,away,0.3451150215563379,0.21608841234703663,2.8899999999999997,1.4444444444444444,189.0,-225.0,-1.5,1.5,0.0,False,0.0,5.0,4.0,2025_12_20_NHL_merged.csv,2025_12_20_NHL_final_scores.csv,puck_line
puck_line,2025020550,2025-12-20,home,away,0.4279579741716632,0.28126120572463675,2.5700000000000003,1.5555555555555556,157.0,-180.0,-1.5,1.5,0.0,False,0.0,2.0,5.0,2025_12_20_NHL_merged.csv,2025_12_20_NHL_final_scores.csv,puck_line
puck_line,2025020551,2025-12-20,home,away,0.45917646166388043,0.30753150400267043,2.1,1.7692307692307692,110.0,-130.0,-1.5,1.5,0.0,False,1.0,6.0,4.0,2025_12_20_NHL_merged.csv,2025_12_20_NHL_final_scores.csv,puck_line
puck_line,2025020553,2025-12-20,home,away,0.3664814424776729,0.23230022103206063,2.6100000000000003,1.5405405405405406,161.0,-185.0,-1.5,1.5,0.0,False,0.0,3.0,2.0,2025_12_20_NHL_merged.csv,2025_12_20_NHL_final_scores.csv,puck_line
puck_line,2025020554,2025-12-20,home,away,0.47037299110335407,0.3171990756086269,2.5300000000000002,1.5714285714285714,153.0,-175.0,-1.5,1.5,0.0,False,0.0,2.0,6.0,2025_12_20_NHL_merged.csv,2025_12_20_NHL_final_scores.csv,puck_line
puck_line,2025020555,2025-12-20,home,away,0.4079657772249561,0.2649479550115824,2.65,1.526315789473684,165.0,-190.0,-1.5,1.5,0.0,False,0.0,4.0,5.0,2025_12_20_NHL_merged.csv,2025_12_20_NHL_final_scores.csv,puck_line
puck_line,2025020556,2025-12-20,home,away,0.39678935240410984,0.25599541328772946,2.77,1.4878048780487805,177.0,-205.0,-1.5,1.5,0.0,False,1.0,4.0,0.0,2025_12_20_NHL_merged.csv,2025_12_20_NHL_final_scores.csv,puck_line
puck_line,2025020559,2025-12-20,home,away,0.6235480717500137,0.7708381940421838,1.4166666666666667,3.0,-240.0,200.0,1.5,-1.5,0.0,False,1.0,6.0,3.0,2025_12_20_NHL_merged.csv,2025_12_20_NHL_final_scores.csv,puck_line
puck_line,2025020561,2025-12-20,home,away,0.32369304699637075,0.20022669648653307,3.19,1.3773584905660377,219.0,-265.0,-1.5,1.5,0.0,False,0.0,2.0,4.0,2025_12_20_NHL_merged.csv,2025_12_20_NHL_final_scores.csv,puck_line
puck_line,2025020563,2025-12-21,home,away,0.5470378804919913,0.710358167231482,1.526315789473684,2.65,-190.0,165.0,1.5,-1.5,0.0,False,0.0,1.0,5.0,2025_12_21_NHL_merged.csv,2025_12_21_NHL_final_scores.csv,puck_line
puck_line,2025020565,2025-12-21,home,away,0.41659077114502174,0.2719381711365269,2.83,1.4651162790697674,183.0,-215.0,-1.5,1.5,0.0,False,0.0,1.0,3.0,2025_12_21_NHL_merged.csv,2025_12_21_NHL_final_scores.csv,puck_line
puck_line,2025020568,2025-12-21,home,away,0.44264612898400574,0.2934977415255942,2.25,1.6896551724137931,125.0,-145.0,-1.5,1.5,0.0,False,1.0,5.0,1.0,2025_12_21_NHL_merged.csv,2025_12_21_NHL_final_scores.csv,puck_line
puck_line,2025020569,2025-12-21,home,away,0.36731673592466446,0.23294213745745143,3.11,1.392156862745098,211.0,-255.0,-1.5,1.5,0.0,False,0.0,4.0,3.0,2025_12_21_NHL_merged.csv,2025_12_21_NHL_final_scores.csv,puck_line
puck_line,2025020570,2025-12-21,home,away,0.34201464908451884,0.21376879932915024,2.74,1.5,174.0,-200.0,-1.5,1.5,0.0,False,0.0,4.0,3.0,2025_12_21_NHL_merged.csv,2025_12_21_NHL_final_scores.csv,puck_line
puck_line,2025020571,2025-12-22,home,away,0.4582831034128987,0.3067658311898239,2.12,1.7575757575757576,112.0,-132.0,-1.5,1.5,0.0,False,1.0,4.0,1.0,2025_12_22_NHL_merged.csv,2025_12_22_NHL_final_scores.csv,puck_line
puck_line,2025020572,2025-12-22,home,away,0.39097717019084166,0.2513861055331486,2.8899999999999997,1.4444444444444444,189.0,-225.0,-1.5,1.5,0.0,False,1.0,5.0,2.0,2025_12_22_NHL_merged.csv,2025_12_22_NHL_final_scores.csv,puck_line
puck_line,2025020573,2025-12-22,home,away,0.4375242995331644,0.2892062024588002,2.24,1.6944444444444444,124.0,-144.0,-1.5,1.5,0.0,False,0.0,1.0,3.0,2025_12_22_NHL_merged.csv,2025_12_22_NHL_final_scores.csv,puck_line
puck_line,2025020574,2025-12-22,home,away,0.4129136998306027,0.2689492934993056,2.49,1.5882352941176472,149.0,-170.0,-1.5,1.5,0.0,False,0.0,1.0,3.0,2025_12_22_NHL_merged.csv,2025_12_22_NHL_final_scores.csv,puck_line
puck_line,2025020575,2025-12-23,home,away,0.42218379486509117,0.27650958198878917,2.8600000000000003,1.4545454545454546,186.0,-220.0,-1.5,1.5,0.0,False,1.0,6.0,3.0,2025_12_23_NHL_merged.csv,2025_12_23_NHL_final_scores.csv,puck_line
puck_line,2025020576,2025-12-23,home,away,0.41321967746678945,0.2691975069312199,2.5700000000000003,1.5555555555555556,157.0,-180.0,-1.5,1.5,0.0,False,0.0,3.0,7.0,2025_12_23_NHL_merged.csv,2025_12_23_NHL_final_scores.csv,puck_line
puck_line,2025020577,2025-12-23,home,away,0.32312135764789335,0.19980864308916557,3.03,1.4081632653061225,203.0,-245.0,-1.5,1.5,0.0,False,0.0,2.0,6.0,2025_12_23_NHL_merged.csv,2025_12_23_NHL_final_scores.csv,puck_line
puck_line,2025020578,2025-12-23,home,away,0.3882279872346829,0.24921681136790538,2.7,1.5128205128205128,170.0,-195.0,-1.5,1.5,0.0,False,0.0,2.0,3.0,2025_12_23_NHL_merged.csv,2025_12_23_NHL_final_scores.csv,puck_line
puck_line,2025020579,2025-12-23,home,away,0.6282090491070131,0.7743355085575109,1.425531914893617,2.95,-235.0,195.0,1.5,-1.5,0.0,False,1.0,4.0,3.0,2025_12_23_NHL_merged.csv,2025_12_23_NHL_final_scores.csv,puck_line
puck_line,2025020581,2025-12-23,home,away,0.3312347762826537,0.2057670030359388,2.7,1.5128205128205128,170.0,-195.0,-1.5,1.5,0.0,False,0.0,2.0,5.0,2025_12_23_NHL_merged.csv,2025_12_23_NHL_final_scores.csv,puck_line
puck_line,2025020582,2025-12-23,home,away,0.42737519862672035,0.2807801431786517,2.3,1.6666666666666665,130.0,-150.0,-1.5,1.5,0.0,False,0.0,2.0,3.0,2025_12_23_NHL_merged.csv,2025_12_23_NHL_final_scores.csv,puck_line
puck_line,2025020584,2025-12-23,home,away,0.4655899493644975,0.3130529509828406,2.0,1.8333333333333335,100.0,-120.0,-1.5,1.5,0.0,False,0.0,1.0,0.0,2025_12_23_NHL_merged.csv,2025_12_23_NHL_final_scores.csv,puck_line
puck_line,2025020585,2025-12-23,home,away,0.4247738343986794,0.2786368897073626,2.35,1.6451612903225805,135.0,-155.0,-1.5,1.5,0.0,False,1.0,5.0,1.0,2025_12_23_NHL_merged.csv,2025_12_23_NHL_final_scores.csv,puck_line
puck_line,2025020587,2025-12-23,home,away,0.4591319570075622,0.3074933405130873,2.08,1.78125,108.0,-128.0,-1.5,1.5,0.0,False,0.0,2.0,3.0,2025_12_23_NHL_merged.csv,2025_12_23_NHL_final_scores.csv,puck_line
puck_line,2025020588,2025-12-27,home,away,0.36613614752079077,0.23203504559937616,3.26,1.3636363636363638,226.0,-275.0,-1.5,1.5,0.0,False,1.0,2.0,0.0,2025_12_27_NHL_merged.csv,2025_12_27_NHL_final_scores.csv,puck_line
puck_line,2025020589,2025-12-27,home,away,0.3814845081834022,0.24392519081989641,2.77,1.4878048780487805,177.0,-205.0,-1.5,1.5,0.0,False,1.0,4.0,1.0,2025_12_27_NHL_merged.csv,2025_12_27_NHL_final_scores.csv,puck_line
puck_line,2025020591,2025-12-27,home,away,0.39142465529421744,0.25173986389017106,3.19,1.3773584905660377,219.0,-265.0,-1.5,1.5,0.0,False,0.0,2.0,4.0,2025_12_27_NHL_merged.csv,2025_12_27_NHL_final_scores.csv,puck_line
puck_line,2025020593,2025-12-27,home,away,0.42880707227804543,0.28196271070823575,2.3,1.6666666666666665,130.0,-150.0,-1.5,1.5,0.0,False,1.0,5.0,2.0,2025_12_27_NHL_merged.csv,2025_12_27_NHL_final_scores.csv,puck_line
puck_line,2025020596,2025-12-27,home,away,0.49047523971848894,0.3348944380590461,1.8333333333333335,2.0,-120.0,100.0,-1.5,1.5,0.0,False,0.0,3.0,4.0,2025_12_27_NHL_merged.csv,2025_12_27_NHL_final_scores.csv,puck_line
puck_line,2025020597,2025-12-27,home,away,0.376066401549188,0.23970364183714146,2.83,1.4651162790697674,183.0,-215.0,-1.5,1.5,0.0,False,1.0,6.0,1.0,2025_12_27_NHL_merged.csv,2025_12_27_NHL_final_scores.csv,puck_line
puck_line,2025020599,2025-12-27,home,away,0.4153641482084056,0.27093966753842746,2.74,1.5,174.0,-200.0,-1.5,1.5,0.0,False,0.0,3.0,6.0,2025_12_27_NHL_merged.csv,2025_12_27_NHL_final_scores.csv,puck_line
puck_line,2025020600,2025-12-27,home,away,0.5749894191331033,0.733147771719699,1.4651162790697674,2.83,-215.0,183.0,1.5,-1.5,0.0,False,1.0,5.0,6.0,2025_12_27_NHL_merged.csv,2025_12_27_NHL_final_scores.csv,puck_line
puck_line,2025020601,2025-12-28,home,away,0.37258815376715443,0.23700752844832376,2.77,1.4878048780487805,177.0,-205.0,-1.5,1.5,0.0,False,0.0,3.0,2.0,2025_12_28_NHL_merged.csv,2025_12_28_NHL_final_scores.csv,puck_line
puck_line,2025020602,2025-12-28,home,away,0.40260534202116605,0.26063939784719986,2.74,1.5,174.0,-200.0,-1.5,1.5,0.0,False,0.0,5.0,4.0,2025_12_28_NHL_merged.csv,2025_12_28_NHL_final_scores.csv,puck_line
puck_line,2025020606,2025-12-29,home,away,0.429357140267053,0.28241754534891705,2.13,1.7518796992481203,113.0,-133.0,-1.5,1.5,0.0,False,0.0,1.0,4.0,2025_12_29_NHL_merged.csv,2025_12_29_NHL_final_scores.csv,puck_line
puck_line,2025020607,2025-12-29,home,away,0.35073056919767326,0.22031078251414796,2.8600000000000003,1.4545454545454546,186.0,-220.0,-1.5,1.5,0.0,False,1.0,5.0,3.0,2025_12_29_NHL_merged.csv,2025_12_29_NHL_final_scores.csv,puck_line
puck_line,2025020608,2025-12-29,home,away,0.43310155960516505,0.2855216850172189,2.45,1.606060606060606,145.0,-165.0,-1.5,1.5,0.0,False,0.0,3.0,2.0,2025_12_29_NHL_merged.csv,2025_12_29_NHL_final_scores.csv,puck_line
puck_line,2025020611,2025-12-29,home,away,0.46413717188244186,0.3117984375165982,2.1,1.7692307692307692,110.0,-130.0,-1.5,1.5,0.0,False,1.0,5.0,2.0,2025_12_29_NHL_merged.csv,2025_12_29_NHL_final_scores.csv,puck_line
puck_line,2025020612,2025-12-29,home,away,0.4224933497324331,0.276763486032743,2.7,1.5128205128205128,170.0,-195.0,-1.5,1.5,0.0,False,0.0,3.0,4.0,2025_12_29_NHL_merged.csv,2025_12_29_NHL_final_scores.csv,puck_line
puck_line,2025020613,2025-12-29,home,away,0.3361816661918776,0.20942686629311524,2.8,1.4761904761904763,180.0,-210.0,-1.5,1.5,0.0,False,0.0,2.0,1.0,2025_12_29_NHL_merged.csv,2025_12_29_NHL_final_scores.csv,puck_line
puck_line,2025020615,2025-12-29,home,away,0.4304710205845298,0.2833394991427466,2.15,1.7407407407407407,115.0,-135.0,-1.5,1.5,0.0,False,0.0,4.0,5.0,2025_12_29_NHL_merged.csv,2025_12_29_NHL_final_scores.csv,puck_line
puck_line,2025020618,2025-12-30,home,away,0.4127428350356336,0.26881072478298135,2.74,1.5,174.0,-200.0,-1.5,1.5,0.0,False,0.0,2.0,3.0,2025_12_30_NHL_merged.csv,2025_12_30_NHL_final_scores.csv,puck_line
puck_line,2025020619,2025-12-30,home,away,0.5927787654623066,0.747227401429451,1.434782608695652,2.92,-230.0,192.0,1.5,-1.5,0.0,False,1.0,5.0,1.0,2025_12_30_NHL_merged.csv,2025_12_30_NHL_final_scores.csv,puck_line
puck_line,2025020620,2025-12-30,home,away,0.5765901999636854,0.7344279926742209,1.4878048780487805,2.77,-205.0,177.0,1.5,-1.5,0.0,False,1.0,2.0,3.0,2025_12_30_NHL_merged.csv,2025_12_30_NHL_final_scores.csv,puck_line
puck_line,2025020622,2025-12-31,home,away,0.38802042254341884,0.2490533119731299,2.7,1.5128205128205128,170.0,-195.0,-1.5,1.5,0.0,False,1.0,6.0,3.0,2025_12_31_NHL_merged.csv,2025_12_31_NHL_final_scores.csv,puck_line
puck_line,2025020623,2025-12-31,home,away,0.4237083036339539,0.2777609273007484,2.15,1.7407407407407407,115.0,-135.0,-1.5,1.5,0.0,False,0.0,2.0,4.0,2025_12_31_NHL_merged.csv,2025_12_31_NHL_final_scores.csv,puck_line
puck_line,2025020625,2025-12-31,home,away,0.570096907695007,0.7292185011581157,1.5882352941176472,2.49,-170.0,149.0,1.5,-1.5,0.0,False,1.0,4.0,3.0,2025_12_31_NHL_merged.csv,2025_12_31_NHL_final_scores.csv,puck_line
puck_line,2025020628,2025-12-31,home,away,0.4285272986162839,0.2817314893743424,2.5300000000000002,1.5714285714285714,153.0,-175.0,-1.5,1.5,0.0,False,0.0,1.0,4.0,2025_12_31_NHL_merged.csv,2025_12_31_NHL_final_scores.csv,puck_line
puck_line,2025020629,2025-12-31,home,away,0.5784384227372799,0.4178366516888229,1.8,2.05,-125.0,105.0,-1.5,1.5,0.0,False,1.0,6.0,1.0,2025_12_31_NHL_merged.csv,2025_12_31_NHL_final_scores.csv,puck_line
puck_line,2025020631,2025-12-31,home,away,0.43099345357548297,0.2837723393761735,2.35,1.6451612903225805,135.0,-155.0,-1.5,1.5,0.0,False,0.0,2.0,6.0,2025_12_31_NHL_merged.csv,2025_12_31_NHL_final_scores.csv,puck_line
puck_line,2025020632,2026-01-01,home,away,0.3242404556900871,0.20062724714901062,2.8200000000000003,1.4694835680751175,182.0,-213.0,-1.5,1.5,0.0,False,0.0,4.0,3.0,2026_01_01_NHL_merged.csv,2026_01_01_NHL_final_scores.csv,puck_line
puck_line,2025020634,2026-01-01,home,away,0.3561673205398069,0.22442467153891957,2.8,1.4761904761904763,180.0,-210.0,-1.5,1.5,0.0,False,0.0,6.0,5.0,2026_01_01_NHL_merged.csv,2026_01_01_NHL_final_scores.csv,puck_line
puck_line,2025020636,2026-01-01,home,away,0.4300421449536664,0.28298437479560556,2.35,1.6451612903225805,135.0,-155.0,-1.5,1.5,0.0,False,0.0,5.0,7.0,2026_01_01_NHL_merged.csv,2026_01_01_NHL_final_scores.csv,puck_line
puck_line,2025020637,2026-01-01,home,away,0.5698465629881146,0.7290167730481081,1.625,2.4,-160.0,140.0,1.5,-1.5,0.0,False,1.0,4.0,3.0,2026_01_01_NHL_merged.csv,2026_01_01_NHL_final_scores.csv,puck_line
puck_line,2025020640,2026-01-02,home,away,0.5813547243073812,0.7382227776787502,1.526315789473684,2.65,-190.0,165.0,1.5,-1.5,0.0,False,1.0,4.0,3.0,2026_01_02_NHL_merged.csv,2026_01_02_NHL_final_scores.csv,puck_line
puck_line,2025020641,2026-01-02,home,away,0.641907688169016,0.784497073235994,1.4761904761904763,2.8,-210.0,180.0,1.5,-1.5,0.0,False,0.0,1.0,5.0,2026_01_02_NHL_merged.csv,2026_01_02_NHL_final_scores.csv,puck_line
puck_line,2025020642,2026-01-02,home,away,0.4000329366754409,0.2585814423606329,2.45,1.606060606060606,145.0,-165.0,-1.5,1.5,0.0,False,0.0,3.0,4.0,2026_01_02_NHL_merged.csv,2026_01_02_NHL_final_scores.csv,puck_line
puck_line,2025020644,2026-01-03,home,away,0.37611187448510647,0.2397389617080375,2.77,1.4878048780487805,177.0,-205.0,-1.5,1.5,0.0,False,0.0,1.0,4.0,2026_01_03_NHL_merged.csv,2026_01_03_NHL_final_scores.csv,puck_line
puck_line,2025020647,2026-01-03,home,away,0.38846389351828314,0.24940268376809147,2.45,1.606060606060606,145.0,-165.0,-1.5,1.5,0.0,False,0.0,2.0,5.0,2026_01_03_NHL_merged.csv,2026_01_03_NHL_final_scores.csv,puck_line
puck_line,2025020648,2026-01-03,home,away,0.6408613503184801,0.7837270021074092,1.4081632653061225,3.03,-245.0,203.0,1.5,-1.5,0.0,False,1.0,2.0,0.0,2026_01_03_NHL_merged.csv,2026_01_03_NHL_final_scores.csv,puck_line
puck_line,2025020649,2026-01-03,home,away,0.5776467547475014,0.7352715193422577,1.6451612903225805,2.35,-155.0,135.0,1.5,-1.5,0.0,False,0.0,3.0,7.0,2026_01_03_NHL_merged.csv,2026_01_03_NHL_final_scores.csv,puck_line
puck_line,2025020650,2026-01-03,home,away,0.37424794991227384,0.23829273717520372,2.8899999999999997,1.4444444444444444,189.0,-225.0,-1.5,1.5,0.0,False,1.0,4.0,2.0,2026_01_03_NHL_merged.csv,2026_01_03_NHL_final_scores.csv,puck_line
puck_line,2025020652,2026-01-03,home,away,0.45600757296723476,0.30481930325712603,1.9090909090909092,1.9090909090909092,-110.0,-110.0,-1.5,1.5,0.0,False,0.0,2.0,3.0,2026_01_03_NHL_merged.csv,2026_01_03_NHL_final_scores.csv,puck_line
puck_line,2025020653,2026-01-03,home,away,0.604286311632273,0.7561657346246712,1.4761904761904763,2.8,-210.0,180.0,1.5,-1.5,0.0,False,0.0,3.0,5.0,2026_01_03_NHL_merged.csv,2026_01_03_NHL_final_scores.csv,puck_line
puck_line,2025020654,2026-01-03,home,away,0.32918320997912215,0.20425519987971433,2.95,1.425531914893617,195.0,-235.0,-1.5,1.5,0.0,False,0.0,3.0,4.0,2026_01_03_NHL_merged.csv,2026_01_03_NHL_final_scores.csv,puck_line
puck_line,2025020657,2026-01-04,home,away,0.4404925749116632,0.29169006235210526,2.2,1.7142857142857144,120.0,-140.0,-1.5,1.5,0.0,False,0.0,3.0,4.0,2026_01_04_NHL_merged.csv,2026_01_04_NHL_final_scores.csv,puck_line
puck_line,2025020658,2026-01-04,home,away,0.3550360423400075,0.2235665382583022,2.8899999999999997,1.4444444444444444,189.0,-225.0,-1.5,1.5,0.0,False,0.0,4.0,5.0,2026_01_04_NHL_merged.csv,2026_01_04_NHL_final_scores.csv,puck_line
puck_line,2025020659,2026-01-04,home,away,0.6230530284041367,0.7704655414503611,1.4081632653061225,3.03,-245.0,203.0,1.5,-1.5,0.0,False,1.0,2.0,1.0,2026_01_04_NHL_merged.csv,2026_01_04_NHL_final_scores.csv,puck_line
puck_line,2025020661,2026-01-04,home,away,0.55846011710384,0.7197717114279547,1.8,2.05,-125.0,105.0,1.5,-1.5,0.0,False,1.0,3.0,2.0,2026_01_04_NHL_merged.csv,2026_01_04_NHL_final_scores.csv,puck_line
puck_line,2025020663,2026-01-05,home,away,0.40883519534374785,0.265649346418486,2.7,1.5128205128205128,170.0,-195.0,-1.5,1.5,0.0,False,1.0,7.0,4.0,2026_01_05_NHL_merged.csv,2026_01_05_NHL_final_scores.csv,puck_line
puck_line,2025020664,2026-01-05,home,away,0.3810238785033583,0.2435652515425776,2.7,1.5128205128205128,170.0,-195.0,-1.5,1.5,0.0,False,0.0,3.0,5.0,2026_01_05_NHL_merged.csv,2026_01_05_NHL_final_scores.csv,puck_line
puck_line,2025020665,2026-01-05,home,away,0.39552837792501094,0.2549927316442799,2.7,1.5128205128205128,170.0,-195.0,-1.5,1.5,0.0,False,0.0,1.0,5.0,2026_01_05_NHL_merged.csv,2026_01_05_NHL_final_scores.csv,puck_line
puck_line,2025020667,2026-01-06,home,away,0.40527079667495597,0.26277839702449424,2.4,1.625,140.0,-160.0,-1.5,1.5,0.0,False,1.0,5.0,3.0,2026_01_06_NHL_merged.csv,2026_01_06_NHL_final_scores.csv,puck_line
puck_line,2025020668,2026-01-06,home,away,0.6195579426168256,0.7678279503885013,1.4081632653061225,3.03,-245.0,203.0,1.5,-1.5,0.0,False,1.0,4.0,2.0,2026_01_06_NHL_merged.csv,2026_01_06_NHL_final_scores.csv,puck_line
puck_line,2025020670,2026-01-06,home,away,0.40132413042835546,0.2596136324369616,2.6100000000000003,1.5405405405405406,161.0,-185.0,-1.5,1.5,0.0,False,1.0,5.0,2.0,2026_01_06_NHL_merged.csv,2026_01_06_NHL_final_scores.csv,puck_line
puck_line,2025020671,2026-01-06,home,away,0.34784981101615253,0.21814133290360707,2.8600000000000003,1.4545454545454546,186.0,-220.0,-1.5,1.5,0.0,False,1.0,6.0,3.0,2026_01_06_NHL_merged.csv,2026_01_06_NHL_final_scores.csv,puck_line
puck_line,2025020674,2026-01-06,home,away,0.41583033136882713,0.2713189813184171,2.49,1.5882352941176472,149.0,-170.0,-1.5,1.5,0.0,False,1.0,6.0,2.0,2026_01_06_NHL_merged.csv,2026_01_06_NHL_final_scores.csv,puck_line
puck_line,2025020678,2026-01-07,home,away,0.3773725310927964,0.24071888639767178,2.6100000000000003,1.5405405405405406,161.0,-185.0,-1.5,1.5,0.0,False,1.0,4.0,1.0,2026_01_07_NHL_merged.csv,2026_01_07_NHL_final_scores.csv,puck_line
puck_line,2025020680,2026-01-07,home,away,0.3374249794644049,0.21034994461167167,2.92,1.434782608695652,192.0,-230.0,-1.5,1.5,0.0,False,1.0,3.0,1.0,2026_01_07_NHL_merged.csv,2026_01_07_NHL_final_scores.csv,puck_line
puck_line,2025020681,2026-01-07,home,away,0.44634590014502473,0.2966143192235891,1.9803921568627452,1.847457627118644,-102.0,-118.0,-1.5,1.5,0.0,False,0.0,3.0,4.0,2026_01_07_NHL_merged.csv,2026_01_07_NHL_final_scores.csv,puck_line
puck_line,2025020682,2026-01-08,home,away,0.34317494110403485,0.21463593734471956,2.77,1.4878048780487805,177.0,-205.0,-1.5,1.5,0.0,False,1.0,4.0,1.0,2026_01_08_NHL_merged.csv,2026_01_08_NHL_final_scores.csv,puck_line
puck_line,2025020684,2026-01-08,home,away,0.416375896224209,0.27176315193932504,2.5700000000000003,1.5555555555555556,157.0,-180.0,-1.5,1.5,0.0,False,1.0,5.0,1.0,2026_01_08_NHL_merged.csv,2026_01_08_NHL_final_scores.csv,puck_line
puck_line,2025020686,2026-01-08,home,away,0.33171122173503526,0.2061185994602946,3.0,1.4166666666666667,200.0,-240.0,-1.5,1.5,0.0,False,0.0,1.0,2.0,2026_01_08_NHL_merged.csv,2026_01_08_NHL_final_scores.csv,puck_line
puck_line,2025020688,2026-01-08,home,away,0.449603571218782,0.2993700759078258,2.2,1.7142857142857144,120.0,-140.0,-1.5,1.5,0.0,False,1.0,5.0,2.0,2026_01_08_NHL_merged.csv,2026_01_08_NHL_final_scores.csv,puck_line
puck_line,2025020691,2026-01-08,home,away,0.474966113414678,0.32120358899694673,1.9345794392523366,1.8849557522123894,-107.0,-113.0,-1.5,1.5,0.0,False,1.0,8.0,2.0,2026_01_08_NHL_merged.csv,2026_01_08_NHL_final_scores.csv,puck_line
puck_line,2025020692,2026-01-08,home,away,0.4186314568972195,0.2736025777215372,2.4,1.625,140.0,-160.0,-1.5,1.5,0.0,False,1.0,5.0,3.0,2026_01_08_NHL_merged.csv,2026_01_08_NHL_final_scores.csv,puck_line
puck_line,2025020693,2026-01-08,home,away,0.6062248167770727,0.757658599384069,1.5319148936170213,2.6399999999999997,-188.0,164.0,1.5,-1.5,0.0,False,1.0,2.0,3.0,2026_01_08_NHL_merged.csv,2026_01_08_NHL_final_scores.csv,puck_line
puck_line,2025020694,2026-01-09,home,away,0.5971733204010585,0.7506563045502499,1.526315789473684,2.65,-190.0,165.0,1.5,-1.5,0.0,False,0.0,1.0,5.0,2026_01_09_NHL_merged.csv,2026_01_09_NHL_final_scores.csv,puck_line
puck_line,2025020696,2026-01-09,home,away,0.4412808048162452,0.2923511517018985,2.4,1.625,140.0,-160.0,-1.5,1.5,0.0,False,1.0,4.0,2.0,2026_01_09_NHL_merged.csv,2026_01_09_NHL_final_scores.csv,puck_line
puck_line,2025020698,2026-01-10,home,away,0.3529201441645743,0.22196450823384734,2.7,1.5128205128205128,170.0,-195.0,-1.5,1.5,0.0,False,0.0,1.0,2.0,2026_01_10_NHL_merged.csv,2026_01_10_NHL_final_scores.csv,puck_line
puck_line,2025020699,2026-01-10,home,away,0.48868324808353436,0.3332990443289199,1.847457627118644,1.9803921568627452,-118.0,-102.0,-1.5,1.5,0.0,False,1.0,4.0,0.0,2026_01_10_NHL_merged.csv,2026_01_10_NHL_final_scores.csv,puck_line
puck_line,2025020700,2026-01-10,home,away,0.5743477486115239,0.732633852052032,1.606060606060606,2.45,-165.0,145.0,1.5,-1.5,0.0,False,1.0,5.0,4.0,2026_01_10_NHL_merged.csv,2026_01_10_NHL_final_scores.csv,puck_line
puck_line,2025020701,2026-01-10,home,away,0.37480488719960176,0.23872453845764055,2.67,1.5208333333333335,167.0,-192.0,-1.5,1.5,0.0,False,1.0,5.0,3.0,2026_01_10_NHL_merged.csv,2026_01_10_NHL_final_scores.csv,puck_line
puck_line,2025020702,2026-01-10,home,away,0.42579575366604977,0.2794780490263498,2.46,1.6024096385542168,146.0,-166.0,-1.5,1.5,0.0,False,1.0,5.0,0.0,2026_01_10_NHL_merged.csv,2026_01_10_NHL_final_scores.csv,puck_line
puck_line,2025020703,2026-01-10,home,away,0.33751707055880065,0.21041836809043502,2.8,1.4761904761904763,180.0,-210.0,-1.5,1.5,0.0,False,0.0,0.0,4.0,2026_01_10_NHL_merged.csv,2026_01_10_NHL_final_scores.csv,puck_line
puck_line,2025020705,2026-01-10,home,away,0.6492694308023267,0.7898869494235371,1.495049504950495,2.75,-202.0,175.0,1.5,-1.5,0.0,False,0.0,2.0,7.0,2026_01_10_NHL_merged.csv,2026_01_10_NHL_final_scores.csv,puck_line
puck_line,2025020706,2026-01-10,home,away,0.4755143566157739,0.32168309059248146,1.9523809523809523,1.8695652173913042,-105.0,-115.0,-1.5,1.5,0.0,False,0.0,3.0,2.0,2026_01_10_NHL_merged.csv,2026_01_10_NHL_final_scores.csv,puck_line
puck_line,2025020707,2026-01-10,home,away,0.4255465828232026,0.27927285738814805,2.25,1.6896551724137931,125.0,-145.0,-1.5,1.5,0.0,False,0.0,0.0,3.0,2026_01_10_NHL_merged.csv,2026_01_10_NHL_final_scores.csv,puck_line
puck_line,2025020708,2026-01-10,home,away,0.3775995379188247,0.24089549443334698,2.5300000000000002,1.5714285714285714,153.0,-175.0,-1.5,1.5,0.0,False,0.0,3.0,4.0,2026_01_10_NHL_merged.csv,2026_01_10_NHL_final_scores.csv,puck_line
puck_line,2025020709,2026-01-10,home,away,0.4054239439352939,0.26290150089052033,2.46,1.6024096385542168,146.0,-166.0,-1.5,1.5,0.0,False,0.0,3.0,4.0,2026_01_10_NHL_merged.csv,2026_01_10_NHL_final_scores.csv,puck_line
puck_line,2025020710,2026-01-10,home,away,0.4616834702562641,0.30968466064403743,2.02,1.819672131147541,102.0,-122.0,-1.5,1.5,0.0,False,1.0,4.0,2.0,2026_01_10_NHL_merged.csv,2026_01_10_NHL_final_scores.csv,puck_line
puck_line,2025020713,2026-01-11,home,away,0.6424055198516897,0.7848631105512848,1.495049504950495,2.75,-202.0,175.0,1.5,-1.5,0.0,False,1.0,3.0,2.0,2026_01_11_NHL_merged.csv,2026_01_11_NHL_final_scores.csv,puck_line
puck_line,2025020714,2026-01-11,home,away,0.4404272913247249,0.2916353371451821,2.45,1.606060606060606,145.0,-165.0,-1.5,1.5,0.0,False,0.0,2.0,3.0,2026_01_11_NHL_merged.csv,2026_01_11_NHL_final_scores.csv,puck_line
puck_line,2025020715,2026-01-11,home,away,0.5774976291957656,0.7351525310733584,1.5714285714285714,2.5300000000000002,-175.0,153.0,1.5,-1.5,0.0,False,0.0,2.0,7.0,2026_01_11_NHL_merged.csv,2026_01_11_NHL_final_scores.csv,puck_line
puck_line,2025020717,2026-01-12,home,away,0.6189292365860679,0.7673522617054526,1.526315789473684,2.65,-190.0,165.0,1.5,-1.5,0.0,False,1.0,4.0,3.0,2026_01_12_NHL_merged.csv,2026_01_12_NHL_final_scores.csv,puck_line
puck_line,2025020718,2026-01-12,home,away,0.4183287729400901,0.27335544960000674,2.8,1.4761904761904763,180.0,-210.0,-1.5,1.5,0.0,False,0.0,2.0,4.0,2026_01_12_NHL_merged.csv,2026_01_12_NHL_final_scores.csv,puck_line
puck_line,2025020719,2026-01-12,home,away,0.6300690798062767,0.7757254753076778,1.526315789473684,2.65,-190.0,165.0,1.5,-1.5,0.0,False,0.0,1.0,5.0,2026_01_12_NHL_merged.csv,2026_01_12_NHL_final_scores.csv,puck_line
puck_line,2025020720,2026-01-12,home,away,0.42781356121004277,0.2811419661396095,2.4,1.625,140.0,-160.0,-1.5,1.5,0.0,False,1.0,6.0,3.0,2026_01_12_NHL_merged.csv,2026_01_12_NHL_final_scores.csv,puck_line
puck_line,2025020721,2026-01-12,home,away,0.41593541513196425,0.27140451265014465,2.5300000000000002,1.5714285714285714,153.0,-175.0,-1.5,1.5,0.0,False,0.0,2.0,5.0,2026_01_12_NHL_merged.csv,2026_01_12_NHL_final_scores.csv,puck_line
puck_line,2025020722,2026-01-12,home,away,0.5844796137542067,0.7406990175870622,1.5882352941176472,2.49,-170.0,149.0,1.5,-1.5,0.0,False,0.0,1.0,4.0,2026_01_12_NHL_merged.csv,2026_01_12_NHL_final_scores.csv,puck_line
puck_line,2025020723,2026-01-12,home,away,0.47231853042688837,0.3188925293975012,2.0,1.8333333333333335,100.0,-120.0,-1.5,1.5,0.0,False,0.0,3.0,4.0,2026_01_12_NHL_merged.csv,2026_01_12_NHL_final_scores.csv,puck_line
puck_line,2025020725,2026-01-13,home,away,0.4580884173414805,0.306599081897518,2.1,1.7692307692307692,110.0,-130.0,-1.5,1.5,0.0,False,0.0,2.0,1.0,2026_01_13_NHL_merged.csv,2026_01_13_NHL_final_scores.csv,puck_line
puck_line,2025020726,2026-01-13,home,away,0.6436927839263,0.7858085415381141,1.4444444444444444,2.8899999999999997,-225.0,189.0,1.5,-1.5,0.0,False,1.0,1.0,2.0,2026_01_13_NHL_merged.csv,2026_01_13_NHL_final_scores.csv,puck_line
puck_line,2025020727,2026-01-13,home,away,0.3987401886614403,0.2575495823969671,2.5700000000000003,1.5555555555555556,157.0,-180.0,-1.5,1.5,0.0,False,0.0,3.0,2.0,2026_01_13_NHL_merged.csv,2026_01_13_NHL_final_scores.csv,puck_line
puck_line,2025020728,2026-01-13,home,away,0.35078753565433923,0.2203537551587986,2.74,1.5,174.0,-200.0,-1.5,1.5,0.0,False,1.0,5.0,3.0,2026_01_13_NHL_merged.csv,2026_01_13_NHL_final_scores.csv,puck_line
puck_line,2025020730,2026-01-13,home,away,0.5690287408975999,0.728357313542125,1.5405405405405406,2.6100000000000003,-185.0,161.0,1.5,-1.5,0.0,False,1.0,3.0,0.0,2026_01_13_NHL_merged.csv,2026_01_13_NHL_final_scores.csv,puck_line
puck_line,2025020733,2026-01-13,home,away,0.4005628917137892,0.2590049023076495,2.6799999999999997,1.5181347150259068,168.0,-193.0,-1.5,1.5,0.0,False,1.0,6.0,1.0,2026_01_13_NHL_merged.csv,2026_01_13_NHL_final_scores.csv,puck_line
puck_line,2025020735,2026-01-14,home,away,0.41457268614362697,0.27029616934171485,2.65,1.526315789473684,165.0,-190.0,-1.5,1.5,0.0,False,0.0,3.0,2.0,2026_01_14_NHL_merged.csv,2026_01_14_NHL_final_scores.csv,puck_line
puck_line,2025020736,2026-01-14,home,away,0.3426170546023523,0.21421886067926493,2.7,1.5128205128205128,170.0,-195.0,-1.5,1.5,0.0,False,1.0,5.0,2.0,2026_01_14_NHL_merged.csv,2026_01_14_NHL_final_scores.csv,puck_line
puck_line,2025020739,2026-01-15,home,away,0.4152620713992943,0.2708566399676605,2.5300000000000002,1.5714285714285714,153.0,-175.0,-1.5,1.5,0.0,False,1.0,4.0,2.0,2026_01_15_NHL_merged.csv,2026_01_15_NHL_final_scores.csv,puck_line
puck_line,2025020741,2026-01-15,home,away,0.3509352876048474,0.22046522490714002,2.74,1.5,174.0,-200.0,-1.5,1.5,0.0,False,1.0,6.0,3.0,2026_01_15_NHL_merged.csv,2026_01_15_NHL_final_scores.csv,puck_line
puck_line,2025020742,2026-01-15,home,away,0.4372783857904261,0.28900081982092274,2.3,1.6666666666666665,130.0,-150.0,-1.5,1.5,0.0,False,0.0,2.0,3.0,2026_01_15_NHL_merged.csv,2026_01_15_NHL_final_scores.csv,puck_line
puck_line,2025020743,2026-01-15,home,away,0.4247268252624402,0.2785982204159154,2.49,1.5882352941176472,149.0,-170.0,-1.5,1.5,0.0,False,1.0,4.0,1.0,2026_01_15_NHL_merged.csv,2026_01_15_NHL_final_scores.csv,puck_line
puck_line,2025020744,2026-01-15,home,away,0.3916536790721887,0.25192098996393525,2.7,1.5128205128205128,170.0,-195.0,-1.5,1.5,0.0,False,0.0,2.0,6.0,2026_01_15_NHL_merged.csv,2026_01_15_NHL_final_scores.csv,puck_line
puck_line,2025020747,2026-01-15,home,away,0.3666091594471814,0.23239833037604576,2.45,1.606060606060606,145.0,-165.0,-1.5,1.5,0.0,False,0.0,0.0,1.0,2026_01_15_NHL_merged.csv,2026_01_15_NHL_final_scores.csv,puck_line
puck_line,2025020748,2026-01-15,home,away,0.3508753292853127,0.22041998777252006,2.8,1.4761904761904763,180.0,-210.0,-1.5,1.5,0.0,False,0.0,6.0,5.0,2026_01_15_NHL_merged.csv,2026_01_15_NHL_final_scores.csv,puck_line
puck_line,2025020749,2026-01-16,home,away,0.44425263043213603,0.29484929658353815,2.05,1.8,105.0,-125.0,-1.5,1.5,0.0,False,1.0,4.0,2.0,2026_01_16_NHL_merged.csv,2026_01_16_NHL_final_scores.csv,puck_line
puck_line,2025020750,2026-01-16,home,away,0.4030143699199628,0.26096720112918886,2.6100000000000003,1.5405405405405406,161.0,-185.0,-1.5,1.5,0.0,False,1.0,9.0,1.0,2026_01_16_NHL_merged.csv,2026_01_16_NHL_final_scores.csv,puck_line
puck_line,2025020751,2026-01-16,home,away,0.5730588763030388,0.7316002913148211,1.606060606060606,2.45,-165.0,145.0,1.5,-1.5,0.0,False,1.0,3.0,2.0,2026_01_16_NHL_merged.csv,2026_01_16_NHL_final_scores.csv,puck_line
puck_line,2025020752,2026-01-16,home,away,0.48983381839413886,0.3343229776589502,1.8333333333333335,2.0,-120.0,100.0,-1.5,1.5,0.0,False,0.0,3.0,7.0,2026_01_16_NHL_merged.csv,2026_01_16_NHL_final_scores.csv,puck_line
puck_line,2025020753,2026-01-16,home,away,0.38758601399902703,0.24871125544906117,2.5700000000000003,1.5555555555555556,157.0,-180.0,-1.5,1.5,0.0,False,0.0,2.0,3.0,2026_01_16_NHL_merged.csv,2026_01_16_NHL_final_scores.csv,puck_line
puck_line,2025020754,2026-01-17,home,away,0.33909918078718776,0.21159499215758357,3.03,1.4081632653061225,203.0,-245.0,-1.5,1.5,0.0,False,0.0,4.0,5.0,2026_01_17_NHL_merged.csv,2026_01_17_NHL_final_scores.csv,puck_line
puck_line,2025020757,2026-01-17,home,away,0.4396899997354704,0.29101758780375264,2.49,1.5882352941176472,149.0,-170.0,-1.5,1.5,0.0,False,1.0,6.0,3.0,2026_01_17_NHL_merged.csv,2026_01_17_NHL_final_scores.csv,puck_line
puck_line,2025020758,2026-01-17,home,away,0.36049945822817997,0.2277211633214974,2.92,1.434782608695652,192.0,-230.0,-1.5,1.5,0.0,False,0.0,5.0,6.0,2026_01_17_NHL_merged.csv,2026_01_17_NHL_final_scores.csv,puck_line
puck_line,2025020761,2026-01-17,home,away,0.33799102314767443,0.2107706271461117,2.8899999999999997,1.4444444444444444,189.0,-225.0,-1.5,1.5,0.0,False,0.0,2.0,5.0,2026_01_17_NHL_merged.csv,2026_01_17_NHL_final_scores.csv,puck_line
puck_line,2025020764,2026-01-17,home,away,0.6193076658304485,0.7676386321954192,1.625,2.4,-160.0,140.0,1.5,-1.5,0.0,False,0.0,0.0,6.0,2026_01_17_NHL_merged.csv,2026_01_17_NHL_final_scores.csv,puck_line
puck_line,2025020765,2026-01-17,home,away,0.44537863089649476,0.2957981720265512,2.0,1.8333333333333335,100.0,-120.0,-1.5,1.5,0.0,False,1.0,7.0,2.0,2026_01_17_NHL_merged.csv,2026_01_17_NHL_final_scores.csv,puck_line
puck_line,2025020768,2026-01-18,home,away,0.3684688454442767,0.23382854265489889,2.77,1.4878048780487805,177.0,-205.0,-1.5,1.5,0.0,False,0.0,4.0,3.0,2026_01_18_NHL_merged.csv,2026_01_18_NHL_final_scores.csv,puck_line
puck_line,2025020769,2026-01-18,home,away,0.34476009278603376,0.21582244832877562,2.4,1.625,140.0,-160.0,-1.5,1.5,0.0,False,1.0,5.0,0.0,2026_01_18_NHL_merged.csv,2026_01_18_NHL_final_scores.csv,puck_line
puck_line,2025020770,2026-01-19,home,away,0.4473807852371866,0.2974885782040066,2.25,1.6896551724137931,125.0,-145.0,-1.5,1.5,0.0,False,0.0,2.0,1.0,2026_01_19_NHL_merged.csv,2026_01_19_NHL_final_scores.csv,puck_line
puck_line,2025020771,2026-01-19,home,away,0.4517321153535477,0.30117656750790606,2.17,1.72992700729927,117.0,-137.0,-1.5,1.5,0.0,False,1.0,5.0,2.0,2026_01_19_NHL_merged.csv,2026_01_19_NHL_final_scores.csv,puck_line
puck_line,2025020773,2026-01-19,home,away,0.4466276234627249,0.2968522072038326,2.3,1.6666666666666665,130.0,-150.0,-1.5,1.5,0.0,False,0.0,1.0,4.0,2026_01_19_NHL_merged.csv,2026_01_19_NHL_final_scores.csv,puck_line
puck_line,2025020775,2026-01-19,home,away,0.43607190331030565,0.2879940690716484,2.2,1.7142857142857144,120.0,-140.0,-1.5,1.5,0.0,False,0.0,1.0,2.0,2026_01_19_NHL_merged.csv,2026_01_19_NHL_final_scores.csv,puck_line
puck_line,2025020778,2026-01-19,home,away,0.6260403009371344,0.7727107523599924,1.4761904761904763,2.8,-210.0,180.0,1.5,-1.5,0.0,False,1.0,3.0,4.0,2026_01_19_NHL_merged.csv,2026_01_19_NHL_final_scores.csv,puck_line
puck_line,2025020780,2026-01-20,home,away,0.3593465820360272,0.22684228977681886,2.8,1.4761904761904763,180.0,-210.0,-1.5,1.5,0.0,False,0.0,4.0,3.0,2026_01_20_NHL_merged.csv,2026_01_20_NHL_final_scores.csv,puck_line
puck_line,2025020781,2026-01-20,home,away,0.4913229502959311,0.3356503879189417,1.8695652173913042,1.9523809523809523,-115.0,-105.0,-1.5,1.5,0.0,False,1.0,4.0,1.0,2026_01_20_NHL_merged.csv,2026_01_20_NHL_final_scores.csv,puck_line
puck_line,2025020783,2026-01-20,home,away,0.4258473570180482,0.2795205519219642,2.51,1.5813953488372094,151.0,-172.0,-1.5,1.5,0.0,False,1.0,6.0,2.0,2026_01_20_NHL_merged.csv,2026_01_20_NHL_final_scores.csv,puck_line
puck_line,2025020785,2026-01-20,home,away,0.3510605023926012,0.22055970652519596,2.83,1.4651162790697674,183.0,-215.0,-1.5,1.5,0.0,False,1.0,3.0,1.0,2026_01_20_NHL_merged.csv,2026_01_20_NHL_final_scores.csv,puck_line
puck_line,2025020786,2026-01-20,home,away,0.4112679514472494,0.26761578480929066,2.5700000000000003,1.5555555555555556,157.0,-180.0,-1.5,1.5,0.0,False,0.0,1.0,2.0,2026_01_20_NHL_merged.csv,2026_01_20_NHL_final_scores.csv,puck_line
puck_line,2025020787,2026-01-20,home,away,0.40640502710008497,0.26369065095304334,2.4,1.625,140.0,-160.0,-1.5,1.5,0.0,False,0.0,4.0,3.0,2026_01_20_NHL_merged.csv,2026_01_20_NHL_final_scores.csv,puck_line
puck_line,2025020788,2026-01-21,home,away,0.3213852361225047,0.19854073761824295,3.11,1.392156862745098,211.0,-255.0,-1.5,1.5,0.0,False,0.0,1.0,2.0,2026_01_21_NHL_merged.csv,2026_01_21_NHL_final_scores.csv,puck_line
puck_line,2025020789,2026-01-21,home,away,0.48456685029327556,0.32964768376358417,1.8695652173913042,1.9523809523809523,-115.0,-105.0,-1.5,1.5,0.0,False,0.0,1.0,2.0,2026_01_21_NHL_merged.csv,2026_01_21_NHL_final_scores.csv,puck_line
puck_line,2025020790,2026-01-21,home,away,0.4255408200959917,0.27926811251893363,2.5300000000000002,1.5714285714285714,153.0,-175.0,-1.5,1.5,0.0,False,0.0,5.0,4.0,2026_01_21_NHL_merged.csv,2026_01_21_NHL_final_scores.csv,puck_line
puck_line,2025020792,2026-01-21,home,away,0.5800710403391376,0.7372026618452701,1.5,2.74,-200.0,174.0,1.5,-1.5,0.0,False,1.0,4.0,3.0,2026_01_21_NHL_merged.csv,2026_01_21_NHL_final_scores.csv,puck_line
puck_line,2025020795,2026-01-22,home,away,0.34593908547895,0.2167063361617229,2.8899999999999997,1.4444444444444444,189.0,-225.0,-1.5,1.5,0.0,False,0.0,2.0,4.0,2026_01_22_NHL_merged.csv,2026_01_22_NHL_final_scores.csv,puck_line
puck_line,2025020796,2026-01-22,home,away,0.4923937469307257,0.3366064176590609,1.8928571428571428,1.925925925925926,-112.0,-108.0,-1.5,1.5,0.0,False,0.0,3.0,4.0,2026_01_22_NHL_merged.csv,2026_01_22_NHL_final_scores.csv,puck_line
puck_line,2025020800,2026-01-22,home,away,0.4373556238668085,0.28906532108557464,2.35,1.6451612903225805,135.0,-155.0,-1.5,1.5,0.0,False,0.0,2.0,6.0,2026_01_22_NHL_merged.csv,2026_01_22_NHL_final_scores.csv,puck_line
puck_line,2025020801,2026-01-22,home,away,0.3839064870699661,0.24582092718639323,2.65,1.526315789473684,165.0,-190.0,-1.5,1.5,0.0,False,0.0,4.0,3.0,2026_01_22_NHL_merged.csv,2026_01_22_NHL_final_scores.csv,puck_line
puck_line,2025020803,2026-01-23,home,away,0.537087777090613,0.7020415910603321,1.8,2.05,-125.0,105.0,1.5,-1.5,0.0,False,1.0,1.0,2.0,2026_01_23_NHL_merged.csv,2026_01_23_NHL_final_scores.csv,puck_line
puck_line,2025020804,2026-01-23,home,away,0.4387942769427341,0.2902678340113941,2.49,1.5882352941176472,149.0,-170.0,-1.5,1.5,0.0,False,0.0,3.0,2.0,2026_01_23_NHL_merged.csv,2026_01_23_NHL_final_scores.csv,puck_line
puck_line,2025020805,2026-01-23,home,away,0.4781776941072985,0.3240171068011431,1.8333333333333335,2.0,-120.0,100.0,-1.5,1.5,0.0,False,0.0,3.0,7.0,2026_01_23_NHL_merged.csv,2026_01_23_NHL_final_scores.csv,puck_line
puck_line,2025020807,2026-01-23,home,away,0.6338638524792092,0.778551241940577,1.5,2.74,-200.0,174.0,1.5,-1.5,0.0,False,1.0,4.0,5.0,2026_01_23_NHL_merged.csv,2026_01_23_NHL_final_scores.csv,puck_line
puck_line,2025020813,2026-01-24,home,away,0.6136441492026873,0.7633385518392871,1.425531914893617,2.95,-235.0,195.0,1.5,-1.5,0.0,False,0.0,1.0,4.0,2026_01_24_NHL_merged.csv,2026_01_24_NHL_final_scores.csv,puck_line
puck_line,2025020814,2026-01-24,home,away,0.6494307434589738,0.7900045053628415,1.4651162790697674,2.83,-215.0,183.0,1.5,-1.5,0.0,False,1.0,8.0,5.0,2026_01_24_NHL_merged.csv,2026_01_24_NHL_final_scores.csv,puck_line
puck_line,2025020816,2026-01-24,home,away,0.6099198874726642,0.7604940694079588,1.4878048780487805,2.77,-205.0,177.0,1.5,-1.5,0.0,False,1.0,4.0,5.0,2026_01_24_NHL_merged.csv,2026_01_24_NHL_final_scores.csv,puck_line
puck_line,2025020818,2026-01-24,home,away,0.3654257536059648,0.23148981855225065,2.4,1.625,140.0,-160.0,-1.5,1.5,0.0,False,0.0,6.0,5.0,2026_01_24_NHL_merged.csv,2026_01_24_NHL_final_scores.csv,puck_line
puck_line,2025020819,2026-01-25,home,away,0.5773872262524256,0.7350644250577908,1.625,2.4,-160.0,140.0,1.5,-1.5,0.0,False,0.0,1.0,4.0,2026_01_25_NHL_merged.csv,2026_01_25_NHL_final_scores.csv,puck_line
puck_line,2025020821,2026-01-25,home,away,0.6240389282561937,0.7712074664049032,1.5128205128205128,2.7,-195.0,170.0,1.5,-1.5,0.0,False,1.0,7.0,1.0,2026_01_25_NHL_merged.csv,2026_01_25_NHL_final_scores.csv,puck_line
puck_line,2025020823,2026-01-25,home,away,0.6276646054754255,0.7739280435863108,1.5,2.74,-200.0,174.0,1.5,-1.5,0.0,False,0.0,1.0,5.0,2026_01_25_NHL_merged.csv,2026_01_25_NHL_final_scores.csv,puck_line
puck_line,2025020825,2026-01-26,home,away,0.3773725310927964,0.24071888639767178,2.5300000000000002,1.5714285714285714,153.0,-175.0,-1.5,1.5,0.0,False,1.0,2.0,0.0,2026_01_26_NHL_merged.csv,2026_01_26_NHL_final_scores.csv,puck_line
puck_line,2025020829,2026-01-26,home,away,0.43335058402721854,0.28572862294349116,1.9523809523809523,1.8695652173913042,-105.0,-115.0,-1.5,1.5,0.0,False,1.0,7.0,4.0,2026_01_26_NHL_merged.csv,2026_01_26_NHL_final_scores.csv,puck_line
puck_line,2025020834,2026-01-27,home,away,0.34401926126604315,0.2152676571555052,2.5700000000000003,1.5555555555555556,157.0,-180.0,-1.5,1.5,0.0,False,0.0,3.0,4.0,2026_01_27_NHL_merged.csv,2026_01_27_NHL_final_scores.csv,puck_line
puck_line,2025020835,2026-01-27,home,away,0.3361816661918776,0.20942686629311524,3.0,1.4166666666666667,200.0,-240.0,-1.5,1.5,0.0,False,0.0,3.0,4.0,2026_01_27_NHL_merged.csv,2026_01_27_NHL_final_scores.csv,puck_line
puck_line,2025020836,2026-01-27,home,away,0.580116335749364,0.7372386858801488,1.5128205128205128,2.7,-195.0,170.0,1.5,-1.5,0.0,False,1.0,3.0,4.0,2026_01_27_NHL_merged.csv,2026_01_27_NHL_final_scores.csv,puck_line
puck_line,2025020837,2026-01-27,home,away,0.44429177332316405,0.2948822604238548,2.13,1.7518796992481203,113.0,-133.0,-1.5,1.5,0.0,False,0.0,4.0,3.0,2026_01_27_NHL_merged.csv,2026_01_27_NHL_final_scores.csv,puck_line
puck_line,2025020839,2026-01-27,home,away,0.6348882074368609,0.7793117346770003,1.4651162790697674,2.83,-215.0,183.0,1.5,-1.5,0.0,False,1.0,5.0,1.0,2026_01_27_NHL_merged.csv,2026_01_27_NHL_final_scores.csv,puck_line
puck_line,2025020840,2026-01-28,home,away,0.3399250959249905,0.21221007168704972,2.92,1.434782608695652,192.0,-230.0,-1.5,1.5,0.0,False,1.0,5.0,3.0,2026_01_28_NHL_merged.csv,2026_01_28_NHL_final_scores.csv,puck_line
puck_line,2025020841,2026-01-28,home,away,0.5790504382521383,0.7363904051224285,1.5555555555555556,2.5700000000000003,-180.0,157.0,1.5,-1.5,0.0,False,1.0,5.0,2.0,2026_01_28_NHL_merged.csv,2026_01_28_NHL_final_scores.csv,puck_line
puck_line,2025020842,2026-01-28,home,away,0.35462699614029025,0.22325652980466465,2.77,1.4878048780487805,177.0,-205.0,-1.5,1.5,0.0,False,1.0,5.0,2.0,2026_01_28_NHL_merged.csv,2026_01_28_NHL_final_scores.csv,puck_line
puck_line,2025020843,2026-01-29,home,away,0.386177598633192,0.2476034534187588,2.65,1.526315789473684,165.0,-190.0,-1.5,1.5,0.0,False,1.0,6.0,3.0,2026_01_29_NHL_merged.csv,2026_01_29_NHL_final_scores.csv,puck_line
puck_line,2025020845,2026-01-29,home,away,0.623479370767598,0.7707864920039824,1.526315789473684,2.65,-190.0,165.0,1.5,-1.5,0.0,False,1.0,7.0,3.0,2026_01_29_NHL_merged.csv,2026_01_29_NHL_final_scores.csv,puck_line
puck_line,2025020847,2026-01-29,home,away,0.44233959366597614,0.2932401505336046,2.3,1.6666666666666665,130.0,-150.0,-1.5,1.5,0.0,False,1.0,4.0,1.0,2026_01_29_NHL_merged.csv,2026_01_29_NHL_final_scores.csv,puck_line
puck_line,2025020848,2026-01-29,home,away,0.35874868103518764,0.22638695030429093,2.8,1.4761904761904763,180.0,-210.0,-1.5,1.5,0.0,False,0.0,3.0,2.0,2026_01_29_NHL_merged.csv,2026_01_29_NHL_final_scores.csv,puck_line
puck_line,2025020850,2026-01-29,home,away,0.42593844739795916,0.2795955845584894,2.4,1.625,140.0,-160.0,-1.5,1.5,0.0,False,1.0,6.0,2.0,2026_01_29_NHL_merged.csv,2026_01_29_NHL_final_scores.csv,puck_line
puck_line,2025020851,2026-01-29,home,away,0.4114083665050789,0.26772945799207326,2.4,1.625,140.0,-160.0,-1.5,1.5,0.0,False,0.0,5.0,4.0,2026_01_29_NHL_merged.csv,2026_01_29_NHL_final_scores.csv,puck_line
puck_line,2025020852,2026-01-29,home,away,0.6070613624818247,0.758301699194912,1.526315789473684,2.65,-190.0,165.0,1.5,-1.5,0.0,False,1.0,5.0,4.0,2026_01_29_NHL_merged.csv,2026_01_29_NHL_final_scores.csv,puck_line
puck_line,2025020853,2026-01-29,home,away,0.422437858406719,0.2767179638606689,2.2,1.7142857142857144,120.0,-140.0,-1.5,1.5,0.0,False,1.0,4.0,1.0,2026_01_29_NHL_merged.csv,2026_01_29_NHL_final_scores.csv,puck_line
puck_line,2025020854,2026-01-29,home,away,0.4487015218034894,0.29860591596298924,2.1,1.7692307692307692,110.0,-130.0,-1.5,1.5,0.0,False,0.0,4.0,3.0,2026_01_29_NHL_merged.csv,2026_01_29_NHL_final_scores.csv,puck_line
puck_line,2025020855,2026-01-29,home,away,0.6322429019947434,0.7773458432698467,1.4878048780487805,2.77,-205.0,177.0,1.5,-1.5,0.0,False,1.0,2.0,0.0,2026_01_29_NHL_merged.csv,2026_01_29_NHL_final_scores.csv,puck_line
puck_line,2025020858,2026-01-30,home,away,0.5880704507911217,0.7435322223207579,1.526315789473684,2.65,-190.0,165.0,1.5,-1.5,0.0,False,0.0,2.0,4.0,2026_01_30_NHL_merged.csv,2026_01_30_NHL_final_scores.csv,puck_line
puck_line,2025020860,2026-01-31,home,away,0.5950082494625488,0.7489693888637444,1.4878048780487805,2.77,-205.0,177.0,1.5,-1.5,0.0,False,0.0,0.0,5.0,2026_01_31_NHL_merged.csv,2026_01_31_NHL_final_scores.csv,puck_line
puck_line,2025020861,2026-01-31,home,away,0.3489711025593306,0.21898490828541375,2.35,1.6451612903225805,135.0,-155.0,-1.5,1.5,0.0,False,0.0,6.0,5.0,2026_01_31_NHL_merged.csv,2026_01_31_NHL_final_scores.csv,puck_line
puck_line,2025020862,2026-01-31,home,away,0.3842341588904328,0.24607781495453743,2.5700000000000003,1.5555555555555556,157.0,-180.0,-1.5,1.5,0.0,False,0.0,1.0,2.0,2026_01_31_NHL_merged.csv,2026_01_31_NHL_final_scores.csv,puck_line
puck_line,2025020863,2026-01-31,home,away,0.3694185213528019,0.2345600893668646,3.19,1.3773584905660377,219.0,-265.0,-1.5,1.5,0.0,False,0.0,3.0,2.0,2026_01_31_NHL_merged.csv,2026_01_31_NHL_final_scores.csv,puck_line
puck_line,2025020864,2026-01-31,home,away,0.6383419848929718,0.7818687195572652,1.5555555555555556,2.5700000000000003,-180.0,157.0,1.5,-1.5,0.0,False,1.0,4.0,3.0,2026_01_31_NHL_merged.csv,2026_01_31_NHL_final_scores.csv,puck_line
puck_line,2025020865,2026-01-31,home,away,0.3206401498878173,0.19799735446073743,2.83,1.4651162790697674,183.0,-215.0,-1.5,1.5,0.0,False,0.0,2.0,4.0,2026_01_31_NHL_merged.csv,2026_01_31_NHL_final_scores.csv,puck_line
puck_line,2025020866,2026-01-31,home,away,0.36150832671024785,0.22849121340184964,2.7,1.5128205128205128,170.0,-195.0,-1.5,1.5,0.0,False,1.0,4.0,1.0,2026_01_31_NHL_merged.csv,2026_01_31_NHL_final_scores.csv,puck_line
puck_line,2025020867,2026-01-31,home,away,0.36921604445262396,0.23440405152880608,2.8899999999999997,1.4444444444444444,189.0,-225.0,-1.5,1.5,0.0,False,0.0,3.0,4.0,2026_01_31_NHL_merged.csv,2026_01_31_NHL_final_scores.csv,puck_line
puck_line,2025020869,2026-01-31,home,away,0.5851097183822416,0.7411971225956965,1.4878048780487805,2.77,-205.0,177.0,1.5,-1.5,0.0,False,1.0,2.0,3.0,2026_01_31_NHL_merged.csv,2026_01_31_NHL_final_scores.csv,puck_line
puck_line,2025020871,2026-01-31,home,away,0.33698657928932024,0.21002431244652653,2.8600000000000003,1.4545454545454546,186.0,-220.0,-1.5,1.5,0.0,False,0.0,3.0,7.0,2026_01_31_NHL_merged.csv,2026_01_31_NHL_final_scores.csv,puck_line
puck_line,2025020872,2026-01-31,home,away,0.4391985722826338,0.2906061441438509,2.25,1.6896551724137931,125.0,-145.0,-1.5,1.5,0.0,False,0.0,2.0,3.0,2026_01_31_NHL_merged.csv,2026_01_31_NHL_final_scores.csv,puck_line
puck_line,2025020874,2026-02-01,home,away,0.4270979514344805,0.2805514023830518,2.4,1.625,140.0,-160.0,-1.5,1.5,0.0,False,0.0,3.0,2.0,2026_02_01_NHL_merged.csv,2026_02_01_NHL_final_scores.csv,puck_line
puck_line,2025020876,2026-02-02,home,away,0.33911760007806774,0.21160870315932273,2.83,1.4651162790697674,183.0,-215.0,-1.5,1.5,0.0,False,0.0,3.0,5.0,2026_02_02_NHL_merged.csv,2026_02_02_NHL_final_scores.csv,puck_line
puck_line,2025020879,2026-02-02,home,away,0.34426973114775516,0.21545517563217534,2.74,1.5,174.0,-200.0,-1.5,1.5,0.0,False,0.0,4.0,3.0,2026_02_02_NHL_merged.csv,2026_02_02_NHL_final_scores.csv,puck_line
puck_line,2025020880,2026-02-02,home,away,0.39016177014535786,0.2507419698441569,2.77,1.4878048780487805,177.0,-205.0,-1.5,1.5,0.0,False,0.0,6.0,5.0,2026_02_02_NHL_merged.csv,2026_02_02_NHL_final_scores.csv,puck_line
puck_line,2025020882,2026-02-02,home,away,0.4236640636660748,0.2777245821800603,2.5700000000000003,1.5555555555555556,157.0,-180.0,-1.5,1.5,0.0,False,0.0,4.0,3.0,2026_02_02_NHL_merged.csv,2026_02_02_NHL_final_scores.csv,puck_line
puck_line,2025020883,2026-02-02,home,away,0.45732334525723534,0.3059441786304036,2.1799999999999997,1.7246376811594204,118.0,-138.0,-1.5,1.5,0.0,False,0.0,0.0,2.0,2026_02_02_NHL_merged.csv,2026_02_02_NHL_final_scores.csv,puck_line
puck_line,2025020884,2026-02-02,home,away,0.46949926290764554,0.31643987487986364,1.9523809523809523,1.8695652173913042,-105.0,-115.0,-1.5,1.5,0.0,False,1.0,6.0,2.0,2026_02_02_NHL_merged.csv,2026_02_02_NHL_final_scores.csv,puck_line
puck_line,2025020886,2026-02-03,home,away,0.4391533047057393,0.290568256502267,2.05,1.8,105.0,-125.0,-1.5,1.5,0.0,False,0.0,4.0,3.0,2026_02_03_NHL_merged.csv,2026_02_03_NHL_final_scores.csv,puck_line
puck_line,2025020888,2026-02-03,home,away,0.329994746611677,0.20485280305798775,2.92,1.434782608695652,192.0,-230.0,-1.5,1.5,0.0,False,0.0,5.0,4.0,2026_02_03_NHL_merged.csv,2026_02_03_NHL_final_scores.csv,puck_line
puck_line,2025020890,2026-02-03,home,away,0.4532594926146303,0.30247573337684375,2.1,1.7692307692307692,110.0,-130.0,-1.5,1.5,0.0,False,0.0,4.0,3.0,2026_02_03_NHL_merged.csv,2026_02_03_NHL_final_scores.csv,puck_line
puck_line,2025020891,2026-02-03,home,away,0.42067040521326904,0.27526961494774005,2.15,1.7407407407407407,115.0,-135.0,-1.5,1.5,0.0,False,0.0,2.0,5.0,2026_02_03_NHL_merged.csv,2026_02_03_NHL_final_scores.csv,puck_line
puck_line,2025020892,2026-02-03,home,away,0.37422156002780277,0.23827228365675826,2.65,1.526315789473684,165.0,-190.0,-1.5,1.5,0.0,False,1.0,4.0,2.0,2026_02_03_NHL_merged.csv,2026_02_03_NHL_final_scores.csv,puck_line
puck_line,2025020893,2026-02-04,home,away,0.3810238785033583,0.2435652515425776,2.8,1.4761904761904763,180.0,-210.0,-1.5,1.5,0.0,False,0.0,5.0,4.0,2026_02_04_NHL_merged.csv,2026_02_04_NHL_final_scores.csv,puck_line
puck_line,2025020894,2026-02-04,home,away,0.4233798091968104,0.2774911002085341,2.77,1.4878048780487805,177.0,-205.0,-1.5,1.5,0.0,False,1.0,4.0,0.0,2026_02_04_NHL_merged.csv,2026_02_04_NHL_final_scores.csv,puck_line
puck_line,2025020897,2026-02-04,home,away,0.5152141225581663,0.3572887076111361,1.9090909090909092,1.9090909090909092,-110.0,-110.0,-1.5,1.5,0.0,False,1.0,4.0,2.0,2026_02_04_NHL_merged.csv,2026_02_04_NHL_final_scores.csv,puck_line
puck_line,2025020898,2026-02-04,home,away,0.4020841853666453,0.2602219615475359,2.8,1.4761904761904763,180.0,-210.0,-1.5,1.5,0.0,False,1.0,4.0,1.0,2026_02_04_NHL_merged.csv,2026_02_04_NHL_final_scores.csv,puck_line
puck_line,2025020899,2026-02-04,home,away,0.46300447927647226,0.31082187405710876,2.23,1.6993006993006992,123.0,-143.0,-1.5,1.5,0.0,False,0.0,5.0,4.0,2026_02_04_NHL_merged.csv,2026_02_04_NHL_final_scores.csv,puck_line
puck_line,2025020901,2026-02-04,home,away,0.47004033513158716,0.316909927725296,1.9523809523809523,1.8695652173913042,-105.0,-115.0,-1.5,1.5,0.0,False,1.0,5.0,2.0,2026_02_04_NHL_merged.csv,2026_02_04_NHL_final_scores.csv,puck_line
puck_line,2025020902,2026-02-04,home,away,0.4332161603545694,0.285616909914951,2.33,1.65359477124183,133.0,-153.0,-1.5,1.5,0.0,False,0.0,2.0,4.0,2026_02_04_NHL_merged.csv,2026_02_04_NHL_final_scores.csv,puck_line
puck_line,2025020903,2026-02-05,home,away,0.3745179794411001,0.23850205997590074,2.88,1.4484304932735426,188.0,-223.0,-1.5,1.5,0.0,False,0.0,2.0,5.0,2026_02_05_NHL_merged.csv,2026_02_05_NHL_final_scores.csv,puck_line
puck_line,2025020904,2026-02-05,home,away,0.4367511100123338,0.2885606538945076,2.35,1.6451612903225805,135.0,-155.0,-1.5,1.5,0.0,False,1.0,6.0,1.0,2026_02_05_NHL_merged.csv,2026_02_05_NHL_final_scores.csv,puck_line
puck_line,2025020906,2026-02-05,home,away,0.5773516792951695,0.7350360544722386,1.7407407407407407,2.15,-135.0,115.0,1.5,-1.5,0.0,False,0.0,0.0,2.0,2026_02_05_NHL_merged.csv,2026_02_05_NHL_final_scores.csv,puck_line
puck_line,2025020908,2026-02-05,home,away,0.44684598256847813,0.2970366461464468,2.45,1.606060606060606,145.0,-165.0,-1.5,1.5,0.0,False,1.0,4.0,2.0,2026_02_05_NHL_merged.csv,2026_02_05_NHL_final_scores.csv,puck_line
puck_line,2025020909,2026-02-05,home,away,0.3708928735276409,0.23569739560726713,2.6100000000000003,1.5405405405405406,161.0,-185.0,-1.5,1.5,0.0,False,1.0,4.0,1.0,2026_02_05_NHL_merged.csv,2026_02_05_NHL_final_scores.csv,puck_line
puck_line,2025020911,2026-02-25,home,away,0.3633098876246425,0.22986853992089135,2.6,1.5208333333333335,160.0,-192.0,-1.5,1.5,0.0,False,1.0,3.0,1.0,2026_02_25_NHL_merged.csv,2026_02_25_NHL_final_scores.csv,puck_line
puck_line,2025020912,2026-02-25,home,away,0.4332162676192237,0.28561699905023225,2.05,1.8,105.0,-125.0,-1.5,1.5,0.0,False,1.0,4.0,2.0,2026_02_25_NHL_merged.csv,2026_02_25_NHL_final_scores.csv,puck_line
puck_line,2025020913,2026-02-25,home,away,0.44233959366597614,0.2932401505336046,2.42,1.5882352941176472,142.0,-170.0,-1.5,1.5,0.0,False,1.0,4.0,1.0,2026_02_25_NHL_merged.csv,2026_02_25_NHL_final_scores.csv,puck_line
puck_line,2025020914,2026-02-25,home,away,0.6193150637453497,0.7676442290944173,1.4444444444444444,2.85,-225.0,185.0,1.5,-1.5,0.0,False,0.0,2.0,4.0,2026_02_25_NHL_merged.csv,2026_02_25_NHL_final_scores.csv,puck_line
puck_line,2025020915,2026-02-25,home,away,0.6379188143568111,0.7815560180487068,1.4587155963302751,2.8,-218.0,180.0,1.5,-1.5,0.0,False,1.0,2.0,3.0,2026_02_25_NHL_merged.csv,2026_02_25_NHL_final_scores.csv,puck_line
puck_line,2025020919,2026-02-26,home,away,0.33321518439547493,0.20722970609243513,2.7,1.4878048780487805,170.0,-205.0,-1.5,1.5,0.0,False,0.0,3.0,4.0,2026_02_26_NHL_merged.csv,2026_02_26_NHL_final_scores.csv,puck_line
puck_line,2025020920,2026-02-26,home,away,0.3810707634139321,0.24360187890714313,2.6,1.5208333333333335,160.0,-192.0,-1.5,1.5,0.0,False,0.0,1.0,2.0,2026_02_26_NHL_merged.csv,2026_02_26_NHL_final_scores.csv,puck_line
puck_line,2025020921,2026-02-26,home,away,0.4129206861861936,0.26895495992448903,2.6,1.5208333333333335,160.0,-192.0,-1.5,1.5,0.0,False,1.0,5.0,1.0,2026_02_26_NHL_merged.csv,2026_02_26_NHL_final_scores.csv,puck_line
puck_line,2025020922,2026-02-26,home,away,0.3420869113230934,0.21382277063866667,2.6399999999999997,1.5050505050505052,164.0,-198.0,-1.5,1.5,0.0,False,1.0,4.0,1.0,2026_02_26_NHL_merged.csv,2026_02_26_NHL_final_scores.csv,puck_line
puck_line,2025020923,2026-02-26,home,away,0.38023029479368153,0.24294559273290026,2.7,1.4878048780487805,170.0,-205.0,-1.5,1.5,0.0,False,0.0,5.0,4.0,2026_02_26_NHL_merged.csv,2026_02_26_NHL_final_scores.csv,puck_line
puck_line,2025020924,2026-02-26,home,away,0.3788249733919804,0.24184967158118417,2.85,1.4444444444444444,185.0,-225.0,-1.5,1.5,0.0,False,0.0,2.0,3.0,2026_02_26_NHL_merged.csv,2026_02_26_NHL_final_scores.csv,puck_line
puck_line,2025020926,2026-02-26,home,away,0.42159478958852514,0.27602672541348633,2.5,1.5555555555555556,150.0,-180.0,-1.5,1.5,0.0,False,1.0,4.0,2.0,2026_02_26_NHL_merged.csv,2026_02_26_NHL_final_scores.csv,puck_line
puck_line,2025020927,2026-02-26,home,away,0.43414260909623403,0.28638720353277247,2.6,1.5208333333333335,160.0,-192.0,-1.5,1.5,0.0,False,0.0,2.0,5.0,2026_02_26_NHL_merged.csv,2026_02_26_NHL_final_scores.csv,puck_line
puck_line,2025020932,2026-02-27,home,away,0.36731673592466446,0.23294213745745143,2.85,1.4444444444444444,185.0,-225.0,-1.5,1.5,0.0,False,1.0,5.0,2.0,2026_02_27_NHL_merged.csv,2026_02_27_NHL_final_scores.csv,puck_line
puck_line,2025020936,2026-02-28,home,away,0.5673477113174504,0.726999594449793,1.5128205128205128,2.7,-195.0,170.0,1.5,-1.5,0.0,False,1.0,5.0,4.0,2026_02_28_NHL_merged.csv,2026_02_28_NHL_final_scores.csv,puck_line
puck_line,2025020938,2026-02-28,home,away,0.5816083334307453,0.42100540122386276,1.8333333333333335,2.0,-120.0,100.0,-1.5,1.5,0.0,False,1.0,3.0,1.0,2026_02_28_NHL_merged.csv,2026_02_28_NHL_final_scores.csv,puck_line
puck_line,2025020940,2026-02-28,home,away,0.35875074503321297,0.22638852163061013,2.7,1.5128205128205128,170.0,-195.0,-1.5,1.5,0.0,False,1.0,6.0,2.0,2026_02_28_NHL_merged.csv,2026_02_28_NHL_final_scores.csv,puck_line
puck_line,2025020941,2026-02-28,home,away,0.4575823797318316,0.30616584421797005,2.1,1.7692307692307692,110.0,-130.0,-1.5,1.5,0.0,False,0.0,2.0,6.0,2026_02_28_NHL_merged.csv,2026_02_28_NHL_final_scores.csv,puck_line
puck_line,2025020942,2026-02-28,home,away,0.45400210792226936,0.30310826446502054,2.49,1.5882352941176472,149.0,-170.0,-1.5,1.5,0.0,False,1.0,5.0,2.0,2026_02_28_NHL_merged.csv,2026_02_28_NHL_final_scores.csv,puck_line
puck_line,2025020944,2026-02-28,home,away,0.3716140458008912,0.23625441146822793,2.7,1.5128205128205128,170.0,-195.0,-1.5,1.5,0.0,False,1.0,2.0,0.0,2026_02_28_NHL_merged.csv,2026_02_28_NHL_final_scores.csv,puck_line
puck_line,2025020945,2026-02-28,home,away,0.4322605497097362,0.2848232680852896,2.74,1.5,174.0,-200.0,-1.5,1.5,0.0,False,0.0,3.0,2.0,2026_02_28_NHL_merged.csv,2026_02_28_NHL_final_scores.csv,puck_line
puck_line,2025020946,2026-02-28,home,away,0.39647770083054834,0.2557474607815387,2.65,1.526315789473684,165.0,-190.0,-1.5,1.5,0.0,False,1.0,5.0,1.0,2026_02_28_NHL_merged.csv,2026_02_28_NHL_final_scores.csv,puck_line
puck_line,2025020947,2026-03-01,home,away,0.6158882678346775,0.7650460942804816,1.5050505050505052,2.6399999999999997,-198.0,164.0,1.5,-1.5,0.0,False,1.0,5.0,0.0,2026_03_01_NHL_merged.csv,2026_03_01_NHL_final_scores.csv,puck_line
puck_line,2025020949,2026-03-01,home,away,0.5020068193447104,0.3452466694194277,1.8695652173913042,1.9523809523809523,-115.0,-105.0,-1.5,1.5,0.0,False,0.0,0.0,4.0,2026_03_01_NHL_merged.csv,2026_03_01_NHL_final_scores.csv,puck_line
puck_line,2025020950,2026-03-01,home,away,0.6240389282561937,0.7712074664049032,1.4,3.05,-250.0,205.0,1.5,-1.5,0.0,False,1.0,2.0,1.0,2026_03_01_NHL_merged.csv,2026_03_01_NHL_final_scores.csv,puck_line
puck_line,2025020951,2026-03-01,home,away,0.4557989359804899,0.3046411017623344,2.02,1.819672131147541,102.0,-122.0,-1.5,1.5,0.0,False,0.0,1.0,3.0,2026_03_01_NHL_merged.csv,2026_03_01_NHL_final_scores.csv,puck_line
puck_line,2025020952,2026-03-01,home,away,0.4325397366786126,0.2850550407216082,2.42,1.5882352941176472,142.0,-170.0,-1.5,1.5,0.0,False,0.0,3.0,2.0,2026_03_01_NHL_merged.csv,2026_03_01_NHL_final_scores.csv,puck_line
puck_line,2025020954,2026-03-02,home,away,0.36355176921934873,0.23005368087883912,2.9,1.434782608695652,190.0,-230.0,-1.5,1.5,0.0,False,0.0,2.0,3.0,2026_03_02_NHL_merged.csv,2026_03_02_NHL_final_scores.csv,puck_line
puck_line,2025020956,2026-03-02,home,away,0.5559325894981083,0.7177008108600854,1.617283950617284,2.3600000000000003,-162.0,136.0,1.5,-1.5,0.0,False,0.0,1.0,6.0,2026_03_02_NHL_merged.csv,2026_03_02_NHL_final_scores.csv,puck_line
puck_line,2025020957,2026-03-02,home,away,0.5474758369438429,0.7107217179118891,1.6024096385542168,2.4,-166.0,140.0,1.5,-1.5,0.0,False,1.0,2.0,1.0,2026_03_02_NHL_merged.csv,2026_03_02_NHL_final_scores.csv,puck_line
puck_line,2025020958,2026-03-02,home,away,0.554739129703746,0.7167205772395031,1.5714285714285714,2.45,-175.0,145.0,1.5,-1.5,0.0,False,0.0,2.0,4.0,2026_03_02_NHL_merged.csv,2026_03_02_NHL_final_scores.csv,puck_line
puck_line,2025020963,2026-03-03,home,away,0.4246429012366269,0.2785291906749476,2.8,1.4587155963302751,180.0,-218.0,-1.5,1.5,0.0,False,0.0,3.0,2.0,2026_03_03_NHL_merged.csv,2026_03_03_NHL_final_scores.csv,puck_line
puck_line,2025020964,2026-03-03,home,away,0.4227615867201732,0.27698357613733093,2.6399999999999997,1.5050505050505052,164.0,-198.0,-1.5,1.5,0.0,False,0.0,3.0,2.0,2026_03_03_NHL_merged.csv,2026_03_03_NHL_final_scores.csv,puck_line
puck_line,2025020968,2026-03-03,home,away,0.5714427266373228,0.7303018410652914,1.5208333333333335,2.6,-192.0,160.0,1.5,-1.5,0.0,False,0.0,1.0,5.0,2026_03_03_NHL_merged.csv,2026_03_03_NHL_final_scores.csv,puck_line
puck_line,2025020969,2026-03-03,home,away,0.5943575596599284,0.7484614912448697,1.4444444444444444,2.85,-225.0,185.0,1.5,-1.5,0.0,False,1.0,7.0,5.0,2026_03_03_NHL_merged.csv,2026_03_03_NHL_final_scores.csv,puck_line
puck_line,2025020972,2026-03-04,home,away,0.5307753306758626,0.6967083039972073,1.8928571428571428,1.925925925925926,-112.0,-108.0,1.5,-1.5,0.0,False,0.0,4.0,6.0,2026_03_04_NHL_merged.csv,2026_03_04_NHL_final_scores.csv,puck_line
puck_line,2025020980,2026-03-05,home,away,0.5806500070400699,0.7376629632129499,1.5714285714285714,2.45,-175.0,145.0,1.5,-1.5,0.0,False,1.0,4.0,1.0,2026_03_05_NHL_merged.csv,2026_03_05_NHL_final_scores.csv,puck_line
puck_line,2025020981,2026-03-05,home,away,0.5895747892960329,0.7447152823879407,1.5405405405405406,2.54,-185.0,154.0,1.5,-1.5,0.0,False,0.0,1.0,4.0,2026_03_05_NHL_merged.csv,2026_03_05_NHL_final_scores.csv,puck_line
puck_line,2025020982,2026-03-05,home,away,0.3312931592625846,0.20581007698296097,2.8,1.4587155963302751,180.0,-218.0,-1.5,1.5,0.0,False,1.0,5.0,3.0,2026_03_05_NHL_merged.csv,2026_03_05_NHL_final_scores.csv,puck_line
puck_line,2025020983,2026-03-06,home,away,0.32693808801227986,0.20260478170734453,2.6399999999999997,1.5050505050505052,164.0,-198.0,-1.5,1.5,0.0,False,0.0,1.0,3.0,2026_03_06_NHL_merged.csv,2026_03_06_NHL_final_scores.csv,puck_line
puck_line,2025020985,2026-03-06,home,away,0.3510425633858898,0.22054616970128427,2.7,1.4878048780487805,170.0,-205.0,-1.5,1.5,0.0,False,0.0,3.0,6.0,2026_03_06_NHL_merged.csv,2026_03_06_NHL_final_scores.csv,puck_line
puck_line,2025020986,2026-03-06,home,away,0.6461574269153907,0.7876144964772062,1.4081632653061225,3.0,-245.0,200.0,1.5,-1.5,0.0,False,0.0,3.0,6.0,2026_03_06_NHL_merged.csv,2026_03_06_NHL_final_scores.csv,puck_line
puck_line,2025020991,2026-03-07,home,away,0.3768314499650059,0.24029812107463466,2.5,1.5555555555555556,150.0,-180.0,-1.5,1.5,0.0,False,1.0,6.0,3.0,2026_03_07_NHL_merged.csv,2026_03_07_NHL_final_scores.csv,puck_line
puck_line,2025020992,2026-03-07,home,away,0.41613695101601894,0.27156857964694814,2.4,1.6024096385542168,140.0,-166.0,-1.5,1.5,0.0,False,0.0,3.0,2.0,2026_03_07_NHL_merged.csv,2026_03_07_NHL_final_scores.csv,puck_line
puck_line,2025020993,2026-03-07,home,away,0.36242387012655813,0.22919080563636612,2.8,1.4587155963302751,180.0,-218.0,-1.5,1.5,0.0,False,0.0,3.0,4.0,2026_03_07_NHL_merged.csv,2026_03_07_NHL_final_scores.csv,puck_line
puck_line,2025020994,2026-03-07,home,away,0.5822908483029421,0.738965631418156,1.5882352941176472,2.42,-170.0,142.0,1.5,-1.5,0.0,False,0.0,2.0,5.0,2026_03_07_NHL_merged.csv,2026_03_07_NHL_final_scores.csv,puck_line
puck_line,2025020996,2026-03-07,home,away,0.4563153976048663,0.30508230590695046,2.0,1.8333333333333335,100.0,-120.0,-1.5,1.5,0.0,False,0.0,3.0,2.0,2026_03_07_NHL_merged.csv,2026_03_07_NHL_final_scores.csv,puck_line
puck_line,2025020997,2026-03-07,home,away,0.3385512832713367,0.21118727808306303,2.8,1.4587155963302751,180.0,-218.0,-1.5,1.5,0.0,False,0.0,3.0,4.0,2026_03_07_NHL_merged.csv,2026_03_07_NHL_final_scores.csv,puck_line
puck_line,2025020998,2026-03-07,home,away,0.572772657415119,0.7313705349648099,1.5714285714285714,2.45,-175.0,145.0,1.5,-1.5,0.0,False,1.0,5.0,4.0,2026_03_07_NHL_merged.csv,2026_03_07_NHL_final_scores.csv,puck_line
puck_line,2025020999,2026-03-07,home,away,0.5867534347276386,0.7424946016999671,1.4444444444444444,2.85,-225.0,185.0,1.5,-1.5,0.0,False,1.0,1.0,2.0,2026_03_07_NHL_merged.csv,2026_03_07_NHL_final_scores.csv,puck_line
puck_line,2025021000,2026-03-07,home,away,0.5881264875471228,0.7435763323825879,1.4587155963302751,2.8,-218.0,180.0,1.5,-1.5,0.0,False,0.0,4.0,7.0,2026_03_07_NHL_merged.csv,2026_03_07_NHL_final_scores.csv,puck_line
puck_line,2025021001,2026-03-08,home,away,0.4356243075351065,0.287620944148246,2.42,1.5882352941176472,142.0,-170.0,-1.5,1.5,0.0,False,0.0,3.0,2.0,2026_03_08_NHL_merged.csv,2026_03_08_NHL_final_scores.csv,puck_line
puck_line,2025021004,2026-03-08,home,away,0.48927734504872866,0.3338275692659496,1.9523809523809523,1.8695652173913042,-105.0,-115.0,-1.5,1.5,0.0,False,0.0,4.0,3.0,2026_03_08_NHL_merged.csv,2026_03_08_NHL_final_scores.csv,puck_line
puck_line,2025021006,2026-03-08,home,away,0.42366586878222523,0.27772606512644343,2.45,1.5714285714285714,145.0,-175.0,-1.5,1.5,0.0,False,0.0,0.0,4.0,2026_03_08_NHL_merged.csv,2026_03_08_NHL_final_scores.csv,puck_line
puck_line,2025020828,2026-03-09,home,away,0.3260525139127638,0.20195493572693102,3.05,1.4,205.0,-250.0,-1.5,1.5,0.0,False,0.0,4.0,5.0,2026_03_09_NHL_merged.csv,2026_03_09_NHL_final_scores.csv,puck_line
puck_line,2025021008,2026-03-09,home,away,0.34291485945263445,0.2144414669525534,2.8,1.4587155963302751,180.0,-218.0,-1.5,1.5,0.0,False,0.0,2.0,6.0,2026_03_09_NHL_merged.csv,2026_03_09_NHL_final_scores.csv,puck_line
puck_line,2025021009,2026-03-09,home,away,0.4263213933342355,0.2799111129070138,2.3600000000000003,1.617283950617284,136.0,-162.0,-1.5,1.5,0.0,False,1.0,7.0,3.0,2026_03_09_NHL_merged.csv,2026_03_09_NHL_final_scores.csv,puck_line
puck_line,2025021010,2026-03-09,home,away,0.5438891418253373,0.7077381855205758,1.6451612903225805,2.3,-155.0,130.0,1.5,-1.5,0.0,False,1.0,3.0,2.0,2026_03_09_NHL_merged.csv,2026_03_09_NHL_final_scores.csv,puck_line
puck_line,2025021011,2026-03-09,home,away,0.5614530386118108,0.7222150884443984,1.7407407407407407,2.1399999999999997,-135.0,114.0,1.5,-1.5,0.0,False,0.0,0.0,2.0,2026_03_09_NHL_merged.csv,2026_03_09_NHL_final_scores.csv,puck_line
puck_line,2025021012,2026-03-10,home,away,0.3509476167921081,0.220474527372616,2.7,1.4878048780487805,170.0,-205.0,-1.5,1.5,0.0,False,0.0,2.0,1.0,2026_03_10_NHL_merged.csv,2026_03_10_NHL_final_scores.csv,puck_line
puck_line,2025021013,2026-03-10,home,away,0.44860332168557737,0.29852277744038497,2.24,1.6756756756756757,124.0,-148.0,-1.5,1.5,0.0,False,1.0,6.0,3.0,2026_03_10_NHL_merged.csv,2026_03_10_NHL_final_scores.csv,puck_line
puck_line,2025021014,2026-03-10,home,away,0.39141028406574174,0.2517284998619338,2.45,1.5714285714285714,145.0,-175.0,-1.5,1.5,0.0,False,1.0,3.0,1.0,2026_03_10_NHL_merged.csv,2026_03_10_NHL_final_scores.csv,puck_line
puck_line,2025021015,2026-03-10,home,away,0.4624888712404055,0.3103777852348654,2.0,1.8333333333333335,100.0,-120.0,-1.5,1.5,0.0,False,0.0,2.0,5.0,2026_03_10_NHL_merged.csv,2026_03_10_NHL_final_scores.csv,puck_line
puck_line,2025021018,2026-03-10,home,away,0.4471167057477776,0.29726538265972585,2.2,1.704225352112676,120.0,-142.0,-1.5,1.5,0.0,False,0.0,5.0,4.0,2026_03_10_NHL_merged.csv,2026_03_10_NHL_final_scores.csv,puck_line
puck_line,2025021020,2026-03-10,home,away,0.36355176921934873,0.23005368087883912,2.6399999999999997,1.5050505050505052,164.0,-198.0,-1.5,1.5,0.0,False,0.0,2.0,1.0,2026_03_10_NHL_merged.csv,2026_03_10_NHL_final_scores.csv,puck_line
puck_line,2025021021,2026-03-10,home,away,0.353289101200229,0.22224358026282445,2.6,1.5208333333333335,160.0,-192.0,-1.5,1.5,0.0,False,1.0,5.0,0.0,2026_03_10_NHL_merged.csv,2026_03_10_NHL_final_scores.csv,puck_line
puck_line,2025021022,2026-03-10,home,away,0.34443189046361466,0.21557660751017227,2.95,1.4201680672268908,195.0,-238.0,-1.5,1.5,0.0,False,0.0,1.0,4.0,2026_03_10_NHL_merged.csv,2026_03_10_NHL_final_scores.csv,puck_line
puck_line,2025021023,2026-03-10,home,away,0.46328067674265466,0.31105987589995726,2.3,1.6451612903225805,130.0,-155.0,-1.5,1.5,0.0,False,0.0,3.0,4.0,2026_03_10_NHL_merged.csv,2026_03_10_NHL_final_scores.csv,puck_line
puck_line,2025021025,2026-03-11,home,away,0.40672465587074724,0.26394794737902544,2.6,1.5208333333333335,160.0,-192.0,-1.5,1.5,0.0,False,0.0,2.0,3.0,2026_03_11_NHL_merged.csv,2026_03_11_NHL_final_scores.csv,puck_line
puck_line,2025021027,2026-03-12,home,away,0.43093551712257766,0.28372432514146995,2.54,1.5405405405405406,154.0,-185.0,-1.5,1.5,0.0,False,0.0,2.0,4.0,2026_03_12_NHL_merged.csv,2026_03_12_NHL_final_scores.csv,puck_line
puck_line,2025021028,2026-03-12,home,away,0.40339052452902074,0.2612687988668195,2.2,1.704225352112676,120.0,-142.0,-1.5,1.5,0.0,False,0.0,1.0,2.0,2026_03_12_NHL_merged.csv,2026_03_12_NHL_final_scores.csv,puck_line
puck_line,2025021030,2026-03-12,home,away,0.4456119821125935,0.2959949779204614,2.3,1.6451612903225805,130.0,-155.0,-1.5,1.5,0.0,False,1.0,4.0,1.0,2026_03_12_NHL_merged.csv,2026_03_12_NHL_final_scores.csv,puck_line
puck_line,2025021032,2026-03-12,home,away,0.373078903958689,0.2373872670479988,2.45,1.5714285714285714,145.0,-175.0,-1.5,1.5,0.0,False,0.0,4.0,5.0,2026_03_12_NHL_merged.csv,2026_03_12_NHL_final_scores.csv,puck_line
puck_line,2025021033,2026-03-12,home,away,0.4808629143245051,0.3263780888508274,1.9523809523809523,1.8695652173913042,-105.0,-115.0,-1.5,1.5,0.0,False,0.0,1.0,3.0,2026_03_12_NHL_merged.csv,2026_03_12_NHL_final_scores.csv,puck_line
puck_line,2025021034,2026-03-12,home,away,0.3536066948216237,0.22248389660177326,2.8,1.4587155963302751,180.0,-218.0,-1.5,1.5,0.0,False,1.0,7.0,2.0,2026_03_12_NHL_merged.csv,2026_03_12_NHL_final_scores.csv,puck_line
puck_line,2025021035,2026-03-12,home,away,0.4419154426166343,0.2928838808264102,2.05,1.8,105.0,-125.0,-1.5,1.5,0.0,False,0.0,2.0,3.0,2026_03_12_NHL_merged.csv,2026_03_12_NHL_final_scores.csv,puck_line
puck_line,2025021036,2026-03-12,home,away,0.3518129402677025,0.2211277488921578,2.7,1.4878048780487805,170.0,-205.0,-1.5,1.5,0.0,False,0.0,3.0,6.0,2026_03_12_NHL_merged.csv,2026_03_12_NHL_final_scores.csv,puck_line
puck_line,2025021037,2026-03-12,home,away,0.4691780527450168,0.31616097355454775,2.2,1.704225352112676,120.0,-142.0,-1.5,1.5,0.0,False,0.0,2.0,3.0,2026_03_12_NHL_merged.csv,2026_03_12_NHL_final_scores.csv,puck_line
puck_line,2025021038,2026-03-12,home,away,0.6231790986685303,0.77056046503756,1.5050505050505052,2.6399999999999997,-198.0,164.0,1.5,-1.5,0.0,False,1.0,4.0,3.0,2026_03_12_NHL_merged.csv,2026_03_12_NHL_final_scores.csv,puck_line
puck_line,2025021039,2026-03-12,home,away,0.4230348699919535,0.2772078792965204,2.7,1.4878048780487805,170.0,-205.0,-1.5,1.5,0.0,False,1.0,6.0,2.0,2026_03_12_NHL_merged.csv,2026_03_12_NHL_final_scores.csv,puck_line
puck_line,2025021040,2026-03-12,home,away,0.5278886063043773,0.6942543786837594,1.6756756756756757,2.24,-148.0,124.0,1.5,-1.5,0.0,False,0.0,1.0,5.0,2026_03_12_NHL_merged.csv,2026_03_12_NHL_final_scores.csv,puck_line
puck_line,2025021041,2026-03-13,home,away,0.32947359035181834,0.20446896849353646,2.85,1.4444444444444444,185.0,-225.0,-1.5,1.5,0.0,False,0.0,2.0,3.0,2026_03_13_NHL_merged.csv,2026_03_13_NHL_final_scores.csv,puck_line
puck_line,2025021043,2026-03-14,home,away,0.4214256203032025,0.2758881060514863,2.45,1.5714285714285714,145.0,-175.0,-1.5,1.5,0.0,False,1.0,2.0,0.0,2026_03_14_NHL_merged.csv,2026_03_14_NHL_final_scores.csv,puck_line
puck_line,2025021044,2026-03-14,home,away,0.3804420573831745,0.24311088855482185,2.85,1.4444444444444444,185.0,-225.0,-1.5,1.5,0.0,False,0.0,2.0,3.0,2026_03_14_NHL_merged.csv,2026_03_14_NHL_final_scores.csv,puck_line
puck_line,2025021045,2026-03-14,home,away,0.5698196049439598,0.7289950463073186,1.6451612903225805,2.3,-155.0,130.0,1.5,-1.5,0.0,False,1.0,3.0,1.0,2026_03_14_NHL_merged.csv,2026_03_14_NHL_final_scores.csv,puck_line
puck_line,2025021046,2026-03-14,home,away,0.42235324525249873,0.27664855747641803,2.1399999999999997,1.7407407407407407,114.0,-135.0,-1.5,1.5,0.0,False,0.0,2.0,4.0,2026_03_14_NHL_merged.csv,2026_03_14_NHL_final_scores.csv,puck_line
puck_line,2025021047,2026-03-14,home,away,0.41628903188189276,0.27169241219156487,2.02,1.819672131147541,102.0,-122.0,-1.5,1.5,0.0,False,0.0,3.0,2.0,2026_03_14_NHL_merged.csv,2026_03_14_NHL_final_scores.csv,puck_line
puck_line,2025021048,2026-03-14,home,away,0.44278064727865313,0.2936108115011234,2.42,1.5882352941176472,142.0,-170.0,-1.5,1.5,0.0,False,0.0,2.0,4.0,2026_03_14_NHL_merged.csv,2026_03_14_NHL_final_scores.csv,puck_line
puck_line,2025021050,2026-03-14,home,away,0.3465204687225658,0.21714263608781798,2.8,1.4587155963302751,180.0,-218.0,-1.5,1.5,0.0,False,1.0,6.0,4.0,2026_03_14_NHL_merged.csv,2026_03_14_NHL_final_scores.csv,puck_line
puck_line,2025021051,2026-03-14,home,away,0.36749578568659547,0.2330798164982698,2.7,1.4878048780487805,170.0,-205.0,-1.5,1.5,0.0,False,0.0,3.0,2.0,2026_03_14_NHL_merged.csv,2026_03_14_NHL_final_scores.csv,puck_line
puck_line,2025021053,2026-03-14,home,away,0.4247738343986794,0.2786368897073626,2.45,1.5714285714285714,145.0,-175.0,-1.5,1.5,0.0,False,0.0,3.0,2.0,2026_03_14_NHL_merged.csv,2026_03_14_NHL_final_scores.csv,puck_line
puck_line,2025021054,2026-03-14,home,away,0.4245837609215187,0.2784805503562821,2.7,1.4878048780487805,170.0,-205.0,-1.5,1.5,0.0,False,0.0,3.0,4.0,2026_03_14_NHL_merged.csv,2026_03_14_NHL_final_scores.csv,puck_line
puck_line,2025021056,2026-03-14,home,away,0.46151777677383876,0.30954215023218484,2.1,1.7692307692307692,110.0,-130.0,-1.5,1.5,0.0,False,1.0,4.0,0.0,2026_03_14_NHL_merged.csv,2026_03_14_NHL_final_scores.csv,puck_line
puck_line,2025021058,2026-03-15,home,away,0.4487015218034894,0.29860591596298924,2.2,1.704225352112676,120.0,-142.0,-1.5,1.5,0.0,False,1.0,7.0,4.0,2026_03_15_NHL_merged.csv,2026_03_15_NHL_final_scores.csv,puck_line
puck_line,2025021059,2026-03-15,home,away,0.3530866009446956,0.22209039832967145,2.6399999999999997,1.5050505050505052,164.0,-198.0,-1.5,1.5,0.0,False,0.0,3.0,4.0,2026_03_15_NHL_merged.csv,2026_03_15_NHL_final_scores.csv,puck_line
puck_line,2025021060,2026-03-15,home,away,0.4405458034627967,0.29173468538905145,2.05,1.8,105.0,-125.0,-1.5,1.5,0.0,False,0.0,2.0,4.0,2026_03_15_NHL_merged.csv,2026_03_15_NHL_final_scores.csv,puck_line
puck_line,2025021061,2026-03-15,home,away,0.42412814580675007,0.27810594220243734,2.4,1.6024096385542168,140.0,-166.0,-1.5,1.5,0.0,False,1.0,3.0,1.0,2026_03_15_NHL_merged.csv,2026_03_15_NHL_final_scores.csv,puck_line
puck_line,2025021063,2026-03-16,home,away,0.39776787268946723,0.2567745231035392,2.42,1.5882352941176472,142.0,-170.0,-1.5,1.5,0.0,False,1.0,5.0,2.0,2026_03_16_NHL_merged.csv,2026_03_16_NHL_final_scores.csv,puck_line
puck_line,2025021066,2026-03-16,home,away,0.3601625512548192,0.22746420793144592,2.54,1.5405405405405406,154.0,-185.0,-1.5,1.5,0.0,False,0.0,3.0,6.0,2026_03_16_NHL_merged.csv,2026_03_16_NHL_final_scores.csv,puck_line
puck_line,2025021067,2026-03-16,home,away,0.47360082204093445,0.32001089272145816,2.1,1.7692307692307692,110.0,-130.0,-1.5,1.5,0.0,False,0.0,2.0,7.0,2026_03_16_NHL_merged.csv,2026_03_16_NHL_final_scores.csv,puck_line
puck_line,2025021069,2026-03-17,home,away,0.41044814041237404,0.26695248368905294,2.42,1.5882352941176472,142.0,-170.0,-1.5,1.5,0.0,False,0.0,3.0,2.0,2026_03_17_NHL_merged.csv,2026_03_17_NHL_final_scores.csv,puck_line
puck_line,2025021070,2026-03-17,home,away,0.6187068574377872,0.76718391608324,1.4587155963302751,2.8,-218.0,180.0,1.5,-1.5,0.0,False,1.0,5.0,1.0,2026_03_17_NHL_merged.csv,2026_03_17_NHL_final_scores.csv,puck_line
puck_line,2025021071,2026-03-17,home,away,0.34843264524479817,0.21857967847592236,2.8,1.4587155963302751,180.0,-218.0,-1.5,1.5,0.0,False,0.0,3.0,4.0,2026_03_17_NHL_merged.csv,2026_03_17_NHL_final_scores.csv,puck_line
puck_line,2025021072,2026-03-17,home,away,0.5732711858372769,0.7317706633965948,1.5882352941176472,2.42,-170.0,142.0,1.5,-1.5,0.0,False,1.0,3.0,4.0,2026_03_17_NHL_merged.csv,2026_03_17_NHL_final_scores.csv,puck_line
puck_line,2025021073,2026-03-17,home,away,0.42529115563128056,0.27906257716023064,2.3600000000000003,1.617283950617284,136.0,-162.0,-1.5,1.5,0.0,False,1.0,5.0,3.0,2026_03_17_NHL_merged.csv,2026_03_17_NHL_final_scores.csv,puck_line
puck_line,2025021074,2026-03-17,home,away,0.5826954177734663,0.7392863971169652,1.4878048780487805,2.7,-205.0,170.0,1.5,-1.5,0.0,False,1.0,5.0,2.0,2026_03_17_NHL_merged.csv,2026_03_17_NHL_final_scores.csv,puck_line
puck_line,2025021075,2026-03-17,home,away,0.3438558305416645,0.215145330893997,2.8,1.4587155963302751,180.0,-218.0,-1.5,1.5,0.0,False,0.0,0.0,2.0,2026_03_17_NHL_merged.csv,2026_03_17_NHL_final_scores.csv,puck_line
puck_line,2025021076,2026-03-17,home,away,0.5671831728487062,0.7268665419376483,1.6451612903225805,2.3,-155.0,130.0,1.5,-1.5,0.0,False,0.0,2.0,6.0,2026_03_17_NHL_merged.csv,2026_03_17_NHL_final_scores.csv,puck_line
puck_line,2025021078,2026-03-18,home,away,0.4194995721532864,0.27431185035138816,2.54,1.5405405405405406,154.0,-185.0,-1.5,1.5,0.0,False,0.0,6.0,5.0,2026_03_18_NHL_merged.csv,2026_03_18_NHL_final_scores.csv,puck_line
puck_line,2025021080,2026-03-18,home,away,0.41142805425512485,0.2677453977484247,2.7,1.4878048780487805,170.0,-205.0,-1.5,1.5,0.0,False,0.0,1.0,2.0,2026_03_18_NHL_merged.csv,2026_03_18_NHL_final_scores.csv,puck_line
puck_line,2025021082,2026-03-18,home,away,0.33111651447623425,0.2056797602613798,2.6399999999999997,1.5050505050505052,164.0,-198.0,-1.5,1.5,0.0,False,0.0,2.0,3.0,2026_03_18_NHL_merged.csv,2026_03_18_NHL_final_scores.csv,puck_line
puck_line,2025021083,2026-03-19,home,away,0.3320015520362527,0.20633294393059642,2.8,1.4587155963302751,180.0,-218.0,-1.5,1.5,0.0,False,1.0,6.0,1.0,2026_03_19_NHL_merged.csv,2026_03_19_NHL_final_scores.csv,puck_line
puck_line,2025021086,2026-03-19,home,away,0.4332162676192237,0.28561699905023225,2.2,1.704225352112676,120.0,-142.0,-1.5,1.5,0.0,False,1.0,6.0,3.0,2026_03_19_NHL_merged.csv,2026_03_19_NHL_final_scores.csv,puck_line
puck_line,2025021087,2026-03-19,home,away,0.36238823980546736,0.22916356570250127,2.9,1.434782608695652,190.0,-230.0,-1.5,1.5,0.0,False,1.0,3.0,1.0,2026_03_19_NHL_merged.csv,2026_03_19_NHL_final_scores.csv,puck_line
puck_line,2025021088,2026-03-19,home,away,0.4665002555166814,0.3138401648941002,2.05,1.8,105.0,-125.0,-1.5,1.5,0.0,False,0.0,1.0,2.0,2026_03_19_NHL_merged.csv,2026_03_19_NHL_final_scores.csv,puck_line
puck_line,2025021090,2026-03-19,home,away,0.5249670963389141,0.6917612351955221,1.9803921568627452,1.847457627118644,-102.0,-118.0,1.5,-1.5,0.0,False,0.0,2.0,6.0,2026_03_19_NHL_merged.csv,2026_03_19_NHL_final_scores.csv,puck_line
puck_line,2025021092,2026-03-19,home,away,0.5856833630499608,0.7416502444992381,1.4878048780487805,2.7,-205.0,170.0,1.5,-1.5,0.0,False,0.0,0.0,5.0,2026_03_19_NHL_merged.csv,2026_03_19_NHL_final_scores.csv,puck_line
puck_line,2025021093,2026-03-19,home,away,0.41505248178975535,0.2706861948753567,2.6,1.5208333333333335,160.0,-192.0,-1.5,1.5,0.0,False,0.0,3.0,4.0,2026_03_19_NHL_merged.csv,2026_03_19_NHL_final_scores.csv,puck_line
puck_line,2025021094,2026-03-20,home,away,0.5688737103563251,0.7282322240008182,1.704225352112676,2.2,-142.0,120.0,1.5,-1.5,0.0,False,1.0,3.0,4.0,2026_03_20_NHL_merged.csv,2026_03_20_NHL_final_scores.csv,puck_line
puck_line,2025021095,2026-03-20,home,away,0.3992604388688937,0.2579646525096259,2.95,1.4201680672268908,195.0,-238.0,-1.5,1.5,0.0,False,0.0,2.0,1.0,2026_03_20_NHL_merged.csv,2026_03_20_NHL_final_scores.csv,puck_line
puck_line,2025021096,2026-03-20,home,away,0.4941959250454556,0.6648976942299074,2.02,1.819672131147541,102.0,-122.0,1.5,-1.5,0.0,False,0.0,1.0,4.0,2026_03_20_NHL_merged.csv,2026_03_20_NHL_final_scores.csv,puck_line
puck_line,2025021098,2026-03-20,home,away,0.3663211511257,0.23217710926331403,3.05,1.4,205.0,-250.0,-1.5,1.5,0.0,False,0.0,1.0,4.0,2026_03_20_NHL_merged.csv,2026_03_20_NHL_final_scores.csv,puck_line
puck_line,2025021099,2026-03-21,home,away,0.3591001784766181,0.22665459990521172,2.6,1.5208333333333335,160.0,-192.0,-1.5,1.5,0.0,False,0.0,5.0,4.0,2026_03_21_NHL_merged.csv,2026_03_21_NHL_final_scores.csv,puck_line
puck_line,2025021104,2026-03-21,home,away,0.42443989597518017,0.27836224210283017,2.42,1.5882352941176472,142.0,-170.0,-1.5,1.5,0.0,False,1.0,5.0,2.0,2026_03_21_NHL_merged.csv,2026_03_21_NHL_final_scores.csv,puck_line
puck_line,2025021105,2026-03-21,home,away,0.33697937478961804,0.21001896248791377,2.9,1.434782608695652,190.0,-230.0,-1.5,1.5,0.0,False,1.0,7.0,3.0,2026_03_21_NHL_merged.csv,2026_03_21_NHL_final_scores.csv,puck_line
puck_line,2025021106,2026-03-21,home,away,0.4500017100854028,0.2997076205915404,1.9090909090909092,1.9090909090909092,-110.0,-110.0,-1.5,1.5,0.0,False,1.0,5.0,2.0,2026_03_21_NHL_merged.csv,2026_03_21_NHL_final_scores.csv,puck_line
puck_line,2025021109,2026-03-21,home,away,0.5730864198751444,0.7316223968578927,1.4878048780487805,2.7,-205.0,170.0,1.5,-1.5,0.0,False,0.0,2.0,5.0,2026_03_21_NHL_merged.csv,2026_03_21_NHL_final_scores.csv,puck_line
puck_line,2025021110,2026-03-22,home,away,0.40659491770308426,0.26384349834229587,3.0,1.4081632653061225,200.0,-245.0,-1.5,1.5,0.0,False,0.0,2.0,3.0,2026_03_22_NHL_merged.csv,2026_03_22_NHL_final_scores.csv,puck_line
puck_line,2025021111,2026-03-22,home,away,0.6219218050763359,0.7696131233413782,1.5405405405405406,2.54,-185.0,154.0,1.5,-1.5,0.0,False,1.0,2.0,3.0,2026_03_22_NHL_merged.csv,2026_03_22_NHL_final_scores.csv,puck_line
puck_line,2025021112,2026-03-22,home,away,0.588612817339254,0.7439590200069176,1.4878048780487805,2.7,-205.0,170.0,1.5,-1.5,0.0,False,0.0,1.0,5.0,2026_03_22_NHL_merged.csv,2026_03_22_NHL_final_scores.csv,puck_line
puck_line,2025021115,2026-03-22,home,away,0.3765090061083578,0.24004750229975497,2.8,1.4587155963302751,180.0,-218.0,-1.5,1.5,0.0,False,0.0,2.0,3.0,2026_03_22_NHL_merged.csv,2026_03_22_NHL_final_scores.csv,puck_line
puck_line,2025021116,2026-03-22,home,away,0.5857461558227168,0.7416998242194713,1.617283950617284,2.3600000000000003,-162.0,136.0,1.5,-1.5,0.0,False,1.0,4.0,3.0,2026_03_22_NHL_merged.csv,2026_03_22_NHL_final_scores.csv,puck_line
puck_line,2025021118,2026-03-22,home,away,0.4161054435668338,0.2715429273639538,2.54,1.5405405405405406,154.0,-185.0,-1.5,1.5,0.0,False,0.0,4.0,3.0,2026_03_22_NHL_merged.csv,2026_03_22_NHL_final_scores.csv,puck_line
puck_line,2025021120,2026-03-24,home,away,0.389213085292492,0.24999331835108787,2.3,1.65,130.0,-154.0,-1.5,1.5,0.0,False,0.0,2.0,4.0,2026_03_24_NHL_merged.csv,2026_03_24_NHL_final_scores.csv,puck_line
puck_line,2025021121,2026-03-24,home,away,0.6296245272216839,0.7753935632685387,1.46,2.8,-217.0,180.0,1.5,-1.5,0.0,False,1.0,5.0,2.0,2026_03_24_NHL_merged.csv,2026_03_24_NHL_final_scores.csv,puck_line
puck_line,2025021123,2026-03-24,home,away,0.4039370823765623,0.26170726341246586,2.8,1.46,180.0,-217.0,-1.5,1.5,0.0,False,0.0,5.0,4.0,2026_03_24_NHL_merged.csv,2026_03_24_NHL_final_scores.csv,puck_line
puck_line,2025021124,2026-03-24,home,away,0.43565411454015557,0.2876457856232126,2.36,1.62,136.0,-161.0,-1.5,1.5,0.0,False,0.0,3.0,4.0,2026_03_24_NHL_merged.csv,2026_03_24_NHL_final_scores.csv,puck_line
puck_line,2025021126,2026-03-24,home,away,0.5757383876590103,0.7337470877060108,1.54,2.54,-185.0,154.0,1.5,-1.5,0.0,False,0.0,2.0,6.0,2026_03_24_NHL_merged.csv,2026_03_24_NHL_final_scores.csv,puck_line
puck_line,2025021127,2026-03-24,home,away,0.4180199925196574,0.27310343581085333,2.45,1.57,145.0,-175.0,-1.5,1.5,0.0,False,1.0,6.0,3.0,2026_03_24_NHL_merged.csv,2026_03_24_NHL_final_scores.csv,puck_line
puck_line,2025021129,2026-03-24,home,away,0.4203883220653273,0.2750387430206985,2.7,1.49,170.0,-204.0,-1.5,1.5,0.0,False,1.0,6.0,3.0,2026_03_24_NHL_merged.csv,2026_03_24_NHL_final_scores.csv,puck_line
puck_line,2025021130,2026-03-24,home,away,0.43620943272097246,0.2881087567776391,2.6,1.52,160.0,-192.0,-1.5,1.5,0.0,False,0.0,4.0,6.0,2026_03_24_NHL_merged.csv,2026_03_24_NHL_final_scores.csv,puck_line
puck_line,2025021132,2026-03-24,home,away,0.42687038315479103,0.28036370557411733,2.8,1.46,180.0,-217.0,-1.5,1.5,0.0,False,0.0,2.0,5.0,2026_03_24_NHL_merged.csv,2026_03_24_NHL_final_scores.csv,puck_line
puck_line,2025021134,2026-03-24,home,away,0.5815031330614571,0.7383406060499629,1.62,2.36,-161.0,136.0,1.5,-1.5,0.0,False,0.0,3.0,5.0,2026_03_24_NHL_merged.csv,2026_03_24_NHL_final_scores.csv,puck_line
puck_line,2025021135,2026-03-25,home,away,0.4290688507465105,0.2821791300156215,2.2,1.7,120.0,-143.0,-1.5,1.5,0.0,False,0.0,3.0,4.0,2026_03_25_NHL_merged.csv,2026_03_25_NHL_final_scores.csv,puck_line
puck_line,2025021137,2026-03-26,home,away,0.322464677085159,0.19932877148903347,3.05,1.4,205.0,-250.0,-1.5,1.5,0.0,False,0.0,2.0,1.0,2026_03_26_NHL_merged.csv,2026_03_26_NHL_final_scores.csv,puck_line
puck_line,2025021138,2026-03-26,home,away,0.40689105297603495,0.2640819331085207,2.64,1.51,164.0,-196.0,-1.5,1.5,0.0,False,0.0,3.0,4.0,2026_03_26_NHL_merged.csv,2026_03_26_NHL_final_scores.csv,puck_line
puck_line,2025021139,2026-03-26,home,away,0.4894983809946173,0.33402430862540716,1.87,1.95,-115.0,-105.0,-1.5,1.5,0.0,False,0.0,3.0,4.0,2026_03_26_NHL_merged.csv,2026_03_26_NHL_final_scores.csv,puck_line
puck_line,2025021140,2026-03-26,home,away,0.6477013687939712,0.7887430091527163,1.51,2.64,-196.0,164.0,1.5,-1.5,0.0,False,1.0,2.0,3.0,2026_03_26_NHL_merged.csv,2026_03_26_NHL_final_scores.csv,puck_line
puck_line,2025021142,2026-03-26,home,away,0.42382625839513505,0.2778578418301896,2.6,1.52,160.0,-192.0,-1.5,1.5,0.0,False,1.0,5.0,1.0,2026_03_26_NHL_merged.csv,2026_03_26_NHL_final_scores.csv,puck_line
puck_line,2025021143,2026-03-26,home,away,0.3902595734860956,0.2508191983547883,2.8,1.46,180.0,-217.0,-1.5,1.5,0.0,False,0.0,2.0,1.0,2026_03_26_NHL_merged.csv,2026_03_26_NHL_final_scores.csv,puck_line
puck_line,2025021145,2026-03-26,home,away,0.5649989001486907,0.7250975475386982,1.59,2.42,-169.0,142.0,1.5,-1.5,0.0,False,1.0,2.0,3.0,2026_03_26_NHL_merged.csv,2026_03_26_NHL_final_scores.csv,puck_line
puck_line,2025021146,2026-03-26,home,away,0.3288506453910717,0.20401046288035826,2.7,1.49,170.0,-204.0,-1.5,1.5,0.0,False,0.0,4.0,7.0,2026_03_26_NHL_merged.csv,2026_03_26_NHL_final_scores.csv,puck_line
puck_line,2025021148,2026-03-26,home,away,0.4196139431996103,0.2744053491958834,2.85,1.44,185.0,-227.0,-1.5,1.5,0.0,False,0.0,3.0,4.0,2026_03_26_NHL_merged.csv,2026_03_26_NHL_final_scores.csv,puck_line
puck_line,2025021149,2026-03-26,home,away,0.582878859658862,0.7394317852146655,1.54,2.54,-185.0,154.0,1.5,-1.5,0.0,False,0.0,0.0,4.0,2026_03_26_NHL_merged.csv,2026_03_26_NHL_final_scores.csv,puck_line
puck_line,2025021150,2026-03-27,home,away,0.3910306877644272,0.2514284039606476,2.64,1.51,164.0,-196.0,-1.5,1.5,0.0,False,0.0,2.0,5.0,2026_03_27_NHL_merged.csv,2026_03_27_NHL_final_scores.csv,puck_line
puck_line,2025021151,2026-03-27,home,away,0.45327971312304927,0.30249294885597355,2.54,1.54,154.0,-185.0,-1.5,1.5,0.0,False,1.0,6.0,1.0,2026_03_27_NHL_merged.csv,2026_03_27_NHL_final_scores.csv,puck_line
puck_line,2025021152,2026-03-28,home,away,0.41755242704823275,0.27272200466677016,2.6,1.52,160.0,-192.0,-1.5,1.5,0.0,False,1.0,4.0,2.0,2026_03_28_NHL_merged.csv,2026_03_28_NHL_final_scores.csv,puck_line
puck_line,2025021153,2026-03-28,home,away,0.3794971978421212,0.24237367306372432,2.42,1.59,142.0,-169.0,-1.5,1.5,0.0,False,1.0,5.0,2.0,2026_03_28_NHL_merged.csv,2026_03_28_NHL_final_scores.csv,puck_line
puck_line,2025021157,2026-03-28,home,away,0.46196778079681866,0.3099292590710953,2.24,1.68,124.0,-147.0,-1.5,1.5,0.0,False,1.0,5.0,2.0,2026_03_28_NHL_merged.csv,2026_03_28_NHL_final_scores.csv,puck_line
puck_line,2025021158,2026-03-28,home,away,0.44490226478308426,0.29539658260918783,2.24,1.68,124.0,-147.0,-1.5,1.5,0.0,False,0.0,2.0,3.0,2026_03_28_NHL_merged.csv,2026_03_28_NHL_final_scores.csv,puck_line
puck_line,2025021159,2026-03-28,home,away,0.426915271242563,0.2804007249211198,2.36,1.62,136.0,-161.0,-1.5,1.5,0.0,False,0.0,3.0,2.0,2026_03_28_NHL_merged.csv,2026_03_28_NHL_final_scores.csv,puck_line
puck_line,2025021162,2026-03-28,home,away,0.4780530102837227,0.3239076687498824,1.95,1.87,-105.0,-115.0,-1.5,1.5,0.0,False,0.0,2.0,4.0,2026_03_28_NHL_merged.csv,2026_03_28_NHL_final_scores.csv,puck_line
puck_line,2025021165,2026-03-28,home,away,0.4252422194303077,0.27902229780825905,2.5,1.56,150.0,-179.0,-1.5,1.5,0.0,False,1.0,7.0,3.0,2026_03_28_NHL_merged.csv,2026_03_28_NHL_final_scores.csv,puck_line
puck_line,2025021166,2026-03-28,home,away,0.33343132155793964,0.2073895409760464,2.7,1.49,170.0,-204.0,-1.5,1.5,0.0,False,0.0,4.0,5.0,2026_03_28_NHL_merged.csv,2026_03_28_NHL_final_scores.csv,puck_line
puck_line,2025021167,2026-03-29,home,away,0.40840876634234413,0.26530524027873964,2.7,1.49,170.0,-204.0,-1.5,1.5,0.0,False,1.0,3.0,1.0,2026_03_29_NHL_merged.csv,2026_03_29_NHL_final_scores.csv,puck_line
puck_line,2025021168,2026-03-29,home,away,0.4614013479863691,0.3094420289007408,2.3,1.65,130.0,-154.0,-1.5,1.5,0.0,False,0.0,3.0,2.0,2026_03_29_NHL_merged.csv,2026_03_29_NHL_final_scores.csv,puck_line
puck_line,2025021169,2026-03-29,home,away,0.4210880579671394,0.27561158702883654,2.42,1.59,142.0,-169.0,-1.5,1.5,0.0,False,0.0,1.0,3.0,2026_03_29_NHL_merged.csv,2026_03_29_NHL_final_scores.csv,puck_line
puck_line,2025021170,2026-03-29,home,away,0.3489711025593306,0.21898490828541375,2.6,1.52,160.0,-192.0,-1.5,1.5,0.0,False,0.0,3.0,4.0,2026_03_29_NHL_merged.csv,2026_03_29_NHL_final_scores.csv,puck_line
puck_line,2025021171,2026-03-29,home,away,0.4161054435668338,0.2715429273639538,2.54,1.54,154.0,-185.0,-1.5,1.5,0.0,False,1.0,5.0,3.0,2026_03_29_NHL_merged.csv,2026_03_29_NHL_final_scores.csv,puck_line
puck_line,2025021172,2026-03-29,home,away,0.6254747592078125,0.7722863406970126,1.49,2.7,-204.0,170.0,1.5,-1.5,0.0,False,1.0,2.0,1.0,2026_03_29_NHL_merged.csv,2026_03_29_NHL_final_scores.csv,puck_line
puck_line,2025021173,2026-03-30,home,away,0.3343436364785814,0.20806463596301972,3.05,1.4,205.0,-250.0,-1.5,1.5,0.0,False,0.0,3.0,8.0,2026_03_30_NHL_merged.csv,2026_03_30_NHL_final_scores.csv,puck_line
puck_line,2025021174,2026-03-30,home,away,0.5168216421864489,0.3587681410614359,1.74,2.14,-135.0,114.0,-1.5,1.5,0.0,False,1.0,9.0,2.0,2026_03_30_NHL_merged.csv,2026_03_30_NHL_final_scores.csv,puck_line
puck_line,2025021175,2026-03-30,home,away,0.47987275776229515,0.3255065802107496,1.74,2.14,-135.0,114.0,-1.5,1.5,0.0,False,1.0,4.0,2.0,2026_03_30_NHL_merged.csv,2026_03_30_NHL_final_scores.csv,puck_line
puck_line,2025021176,2026-03-30,home,away,0.38566451967526344,0.24720033964253474,2.2,1.7,120.0,-143.0,-1.5,1.5,0.0,False,0.0,4.0,5.0,2026_03_30_NHL_merged.csv,2026_03_30_NHL_final_scores.csv,puck_line
puck_line,2025021179,2026-03-31,home,away,0.4245837609215187,0.2784805503562821,2.36,1.62,136.0,-161.0,-1.5,1.5,0.0,False,0.0,4.0,3.0,2026_03_31_NHL_merged.csv,2026_03_31_NHL_final_scores.csv,puck_line
puck_line,2025021180,2026-03-31,home,away,0.42971641101636604,0.2827147775472679,2.42,1.59,142.0,-169.0,-1.5,1.5,0.0,False,0.0,1.0,4.0,2026_03_31_NHL_merged.csv,2026_03_31_NHL_final_scores.csv,puck_line
puck_line,2025021181,2026-03-31,home,away,0.6431891101707032,0.7854387980622484,1.59,2.42,-169.0,142.0,1.5,-1.5,0.0,False,1.0,6.0,3.0,2026_03_31_NHL_merged.csv,2026_03_31_NHL_final_scores.csv,puck_line
puck_line,2025021184,2026-03-31,home,away,0.36199108192309964,0.22886000808248153,2.9,1.43,190.0,-233.0,-1.5,1.5,0.0,False,1.0,6.0,4.0,2026_03_31_NHL_merged.csv,2026_03_31_NHL_final_scores.csv,puck_line
puck_line,2025021185,2026-03-31,home,away,0.6116334723010157,0.7618045191538558,1.43,2.9,-233.0,190.0,1.5,-1.5,0.0,False,0.0,2.0,5.0,2026_03_31_NHL_merged.csv,2026_03_31_NHL_final_scores.csv,puck_line
puck_line,2025021186,2026-03-31,home,away,0.644223691136634,0.7861980271434039,1.49,2.7,-204.0,170.0,1.5,-1.5,0.0,False,1.0,3.0,4.0,2026_03_31_NHL_merged.csv,2026_03_31_NHL_final_scores.csv,puck_line
puck_line,2025021187,2026-03-31,home,away,0.4085625174134445,0.26542928939819255,2.4,1.6,140.0,-167.0,-1.5,1.5,0.0,False,1.0,3.0,0.0,2026_03_31_NHL_merged.csv,2026_03_31_NHL_final_scores.csv,puck_line
puck_line,2025021188,2026-04-01,home,away,0.5824911907228919,0.42189029709908277,1.59,2.42,-169.0,142.0,-1.5,1.5,0.0,False,0.0,6.0,8.0,2026_04_01_NHL_merged.csv,2026_04_01_NHL_final_scores.csv,puck_line
puck_line,2025021189,2026-04-01,home,away,0.35565175943279637,0.22403345335913008,2.8,1.46,180.0,-217.0,-1.5,1.5,0.0,False,0.0,2.0,1.0,2026_04_01_NHL_merged.csv,2026_04_01_NHL_final_scores.csv,puck_line
puck_line,2025021191,2026-04-02,home,away,0.32208397727674554,0.19905073640102217,3.05,1.4,205.0,-250.0,-1.5,1.5,0.0,False,1.0,4.0,1.0,2026_04_02_NHL_merged.csv,2026_04_02_NHL_final_scores.csv,puck_line
puck_line,2025021192,2026-04-02,home,away,0.4299706154037336,0.282925163553979,2.45,1.57,145.0,-175.0,-1.5,1.5,0.0,False,1.0,6.0,3.0,2026_04_02_NHL_merged.csv,2026_04_02_NHL_final_scores.csv,puck_line
puck_line,2025021197,2026-04-02,home,away,0.43067962717456315,0.28351229894481134,2.36,1.62,136.0,-161.0,-1.5,1.5,0.0,False,1.0,5.0,1.0,2026_04_02_NHL_merged.csv,2026_04_02_NHL_final_scores.csv,puck_line
puck_line,2025021198,2026-04-02,home,away,0.41951659977949585,0.2743257697044698,2.5,1.56,150.0,-179.0,-1.5,1.5,0.0,False,1.0,3.0,0.0,2026_04_02_NHL_merged.csv,2026_04_02_NHL_final_scores.csv,puck_line
puck_line,2025021199,2026-04-02,home,away,0.5264439156653526,0.36768704595742946,1.6,2.4,-167.0,140.0,-1.5,1.5,0.0,False,1.0,5.0,2.0,2026_04_02_NHL_merged.csv,2026_04_02_NHL_final_scores.csv,puck_line
puck_line,2025021200,2026-04-02,home,away,0.45950771029812404,0.3078156204547772,2.0,1.83,100.0,-120.0,-1.5,1.5,0.0,False,1.0,3.0,1.0,2026_04_02_NHL_merged.csv,2026_04_02_NHL_final_scores.csv,puck_line
puck_line,2025021201,2026-04-02,home,away,0.4329596318242547,0.2854037715242614,2.0,1.83,100.0,-120.0,-1.5,1.5,0.0,False,1.0,6.0,3.0,2026_04_02_NHL_merged.csv,2026_04_02_NHL_final_scores.csv,puck_line
puck_line,2025021203,2026-04-02,home,away,0.595489235197473,0.749344552159059,1.44,2.85,-227.0,185.0,1.5,-1.5,0.0,False,0.0,2.0,6.0,2026_04_02_NHL_merged.csv,2026_04_02_NHL_final_scores.csv,puck_line
puck_line,2025021205,2026-04-03,home,away,0.3858605759955291,0.247354347827872,2.8,1.46,180.0,-217.0,-1.5,1.5,0.0,False,0.0,1.0,4.0,2026_04_03_NHL_merged.csv,2026_04_03_NHL_final_scores.csv,puck_line
puck_line,2025021206,2026-04-03,home,away,0.3399250959249905,0.21221007168704972,2.8,1.46,180.0,-217.0,-1.5,1.5,0.0,False,0.0,2.0,6.0,2026_04_03_NHL_merged.csv,2026_04_03_NHL_final_scores.csv,puck_line
puck_line,2025021210,2026-04-04,home,away,0.4331443608235237,0.28555724818552164,2.4,1.6,140.0,-167.0,-1.5,1.5,0.0,False,1.0,3.0,1.0,2026_04_04_NHL_merged.csv,2026_04_04_NHL_final_scores.csv,puck_line
puck_line,2025021211,2026-04-04,home,away,0.38493267512266915,0.2466257651679971,2.2,1.7,120.0,-143.0,-1.5,1.5,0.0,False,1.0,9.0,4.0,2026_04_04_NHL_merged.csv,2026_04_04_NHL_final_scores.csv,puck_line
puck_line,2025021214,2026-04-04,home,away,0.4698883894812248,0.3167778943934686,2.1,1.77,110.0,-130.0,-1.5,1.5,0.0,False,0.0,4.0,3.0,2026_04_04_NHL_merged.csv,2026_04_04_NHL_final_scores.csv,puck_line
puck_line,2025021215,2026-04-04,home,away,0.3583532408705684,0.22608596965875913,2.8,1.46,180.0,-217.0,-1.5,1.5,0.0,False,0.0,1.0,2.0,2026_04_04_NHL_merged.csv,2026_04_04_NHL_final_scores.csv,puck_line
puck_line,2025021216,2026-04-04,home,away,0.5475457481424749,0.7107797322616172,1.74,2.14,-135.0,114.0,1.5,-1.5,0.0,False,0.0,4.0,7.0,2026_04_04_NHL_merged.csv,2026_04_04_NHL_final_scores.csv,puck_line
puck_line,2025021217,2026-04-04,home,away,0.396079503811419,0.25543078425264015,2.45,1.57,145.0,-175.0,-1.5,1.5,0.0,False,0.0,7.0,6.0,2026_04_04_NHL_merged.csv,2026_04_04_NHL_final_scores.csv,puck_line
puck_line,2025021219,2026-04-04,home,away,0.3624322137409729,0.2291971846209086,2.64,1.51,164.0,-196.0,-1.5,1.5,0.0,False,0.0,3.0,5.0,2026_04_04_NHL_merged.csv,2026_04_04_NHL_final_scores.csv,puck_line
puck_line,2025021221,2026-04-04,home,away,0.3494927393377518,0.21937771754771385,2.5,1.56,150.0,-179.0,-1.5,1.5,0.0,False,0.0,2.0,4.0,2026_04_04_NHL_merged.csv,2026_04_04_NHL_final_scores.csv,puck_line
puck_line,2025021223,2026-04-05,home,away,0.41699840044787023,0.27227031502698434,2.02,1.82,102.0,-122.0,-1.5,1.5,0.0,False,1.0,5.0,2.0,2026_04_05_NHL_merged.csv,2026_04_05_NHL_final_scores.csv,puck_line
puck_line,2025021224,2026-04-05,home,away,0.3393546255398192,0.21178516646147616,2.8,1.46,180.0,-217.0,-1.5,1.5,0.0,False,0.0,2.0,1.0,2026_04_05_NHL_merged.csv,2026_04_05_NHL_final_scores.csv,puck_line
puck_line,2025021226,2026-04-05,home,away,0.37228764277660337,0.23677510212625313,2.6,1.52,160.0,-192.0,-1.5,1.5,0.0,False,0.0,0.0,3.0,2026_04_05_NHL_merged.csv,2026_04_05_NHL_final_scores.csv,puck_line
puck_line,2025021228,2026-04-05,home,away,0.47691939117323445,0.3229134363614833,2.14,1.74,114.0,-135.0,-1.5,1.5,0.0,False,0.0,2.0,3.0,2026_04_05_NHL_merged.csv,2026_04_05_NHL_final_scores.csv,puck_line
puck_line,2025021230,2026-04-06,home,away,0.39847011893918394,0.25733421351722224,2.5,1.56,150.0,-179.0,-1.5,1.5,0.0,False,1.0,6.0,2.0,2026_04_06_NHL_merged.csv,2026_04_06_NHL_final_scores.csv,puck_line
puck_line,2025021231,2026-04-06,home,away,0.3603632520869595,0.22761726832906443,2.5,1.56,150.0,-179.0,-1.5,1.5,0.0,False,0.0,3.0,2.0,2026_04_06_NHL_merged.csv,2026_04_06_NHL_final_scores.csv,puck_line
puck_line,2025021232,2026-04-06,home,away,0.34568477539126113,0.21651557985583433,2.9,1.43,190.0,-233.0,-1.5,1.5,0.0,False,0.0,3.0,2.0,2026_04_06_NHL_merged.csv,2026_04_06_NHL_final_scores.csv,puck_line
puck_line,2025021233,2026-04-07,home,away,0.44748589087601676,0.29757743160767447,2.14,1.74,114.0,-135.0,-1.5,1.5,0.0,False,0.0,4.0,3.0,2026_04_07_NHL_merged.csv,2026_04_07_NHL_final_scores.csv,puck_line
puck_line,2025021234,2026-04-07,home,away,0.35512423329312054,0.22363339561209267,2.85,1.44,185.0,-227.0,-1.5,1.5,0.0,False,1.0,6.0,2.0,2026_04_07_NHL_merged.csv,2026_04_07_NHL_final_scores.csv,puck_line
puck_line,2025021237,2026-04-07,home,away,0.44403109625471293,0.2946627629560955,2.3,1.65,130.0,-154.0,-1.5,1.5,0.0,False,0.0,6.0,5.0,2026_04_07_NHL_merged.csv,2026_04_07_NHL_final_scores.csv,puck_line
puck_line,2025021238,2026-04-07,home,away,0.5734159693304912,0.7318868209619194,1.51,2.64,-196.0,164.0,1.5,-1.5,0.0,False,0.0,1.0,3.0,2026_04_07_NHL_merged.csv,2026_04_07_NHL_final_scores.csv,puck_line
puck_line,2025021239,2026-04-07,home,away,0.4535576349476629,0.3027296108317207,2.1,1.77,110.0,-130.0,-1.5,1.5,0.0,False,0.0,4.0,3.0,2026_04_07_NHL_merged.csv,2026_04_07_NHL_final_scores.csv,puck_line
puck_line,2025021240,2026-04-07,home,away,0.46807681810744384,0.3152056253295668,2.05,1.8,105.0,-125.0,-1.5,1.5,0.0,False,1.0,5.0,2.0,2026_04_07_NHL_merged.csv,2026_04_07_NHL_final_scores.csv,puck_line
puck_line,2025021241,2026-04-07,home,away,0.42773277053049713,0.28107526750567335,2.9,1.43,190.0,-233.0,-1.5,1.5,0.0,False,0.0,6.0,5.0,2026_04_07_NHL_merged.csv,2026_04_07_NHL_final_scores.csv,puck_line
puck_line,2025021242,2026-04-07,home,away,0.5526192147628134,0.7149756224196046,1.83,2.0,-120.0,100.0,1.5,-1.5,0.0,False,1.0,1.0,2.0,2026_04_07_NHL_merged.csv,2026_04_07_NHL_final_scores.csv,puck_line
puck_line,2025021243,2026-04-07,home,away,0.4200564538224711,0.27476722376733803,2.6,1.52,160.0,-192.0,-1.5,1.5,0.0,False,0.0,0.0,5.0,2026_04_07_NHL_merged.csv,2026_04_07_NHL_final_scores.csv,puck_line
puck_line,2025021247,2026-04-09,home,away,0.3325347422173903,0.20672677025057243,3.0,1.41,200.0,-244.0,-1.5,1.5,0.0,False,1.0,5.0,0.0,2026_04_09_NHL_merged.csv,2026_04_09_NHL_final_scores.csv,puck_line
puck_line,2025021249,2026-04-09,home,away,0.46187895372911736,0.3098528301111362,1.89,1.93,-112.0,-108.0,-1.5,1.5,0.0,False,1.0,5.0,1.0,2026_04_09_NHL_merged.csv,2026_04_09_NHL_final_scores.csv,puck_line
puck_line,2025021252,2026-04-09,home,away,0.42447421146429687,0.2783904598149016,2.0,1.83,100.0,-120.0,-1.5,1.5,0.0,False,1.0,5.0,3.0,2026_04_09_NHL_merged.csv,2026_04_09_NHL_final_scores.csv,puck_line
puck_line,2025021254,2026-04-09,home,away,0.34127733132592447,0.2132183644962296,3.05,1.4,205.0,-250.0,-1.5,1.5,0.0,False,0.0,5.0,4.0,2026_04_09_NHL_merged.csv,2026_04_09_NHL_final_scores.csv,puck_line
puck_line,2025021255,2026-04-09,home,away,0.5615764295289383,0.7223156180254141,1.74,2.14,-135.0,114.0,1.5,-1.5,0.0,False,0.0,2.0,7.0,2026_04_09_NHL_merged.csv,2026_04_09_NHL_final_scores.csv,puck_line
puck_line,2025021256,2026-04-09,home,away,0.48791600807853586,0.33261706414689624,1.83,2.0,-120.0,100.0,-1.5,1.5,0.0,False,1.0,3.0,1.0,2026_04_09_NHL_merged.csv,2026_04_09_NHL_final_scores.csv,puck_line
puck_line,2025021257,2026-04-09,home,away,0.41842101484118494,0.27343075160713726,2.54,1.54,154.0,-185.0,-1.5,1.5,0.0,False,1.0,4.0,1.0,2026_04_09_NHL_merged.csv,2026_04_09_NHL_final_scores.csv,puck_line
puck_line,2025021258,2026-04-09,home,away,0.4283113323772285,0.2815530552630501,2.42,1.59,142.0,-169.0,-1.5,1.5,0.0,False,1.0,6.0,1.0,2026_04_09_NHL_merged.csv,2026_04_09_NHL_final_scores.csv,puck_line
puck_line,2025021259,2026-04-09,home,away,0.607433276982988,0.758587391810009,1.6,2.4,-167.0,140.0,1.5,-1.5,0.0,False,1.0,4.0,3.0,2026_04_09_NHL_merged.csv,2026_04_09_NHL_final_scores.csv,puck_line
puck_line,2025021260,2026-04-09,home,away,0.4678329933549106,0.3149942760003958,1.95,1.87,-105.0,-115.0,-1.5,1.5,0.0,False,1.0,4.0,1.0,2026_04_09_NHL_merged.csv,2026_04_09_NHL_final_scores.csv,puck_line
puck_line,2025021263,2026-04-11,home,away,0.321237761019085,0.19843314945506305,2.9,1.43,190.0,-233.0,-1.5,1.5,0.0,False,0.0,3.0,6.0,2026_04_11_NHL_merged.csv,2026_04_11_NHL_final_scores.csv,puck_line
puck_line,2025021265,2026-04-11,home,away,0.32279148213279796,0.1995675410038142,2.8,1.46,180.0,-217.0,-1.5,1.5,0.0,False,0.0,3.0,5.0,2026_04_11_NHL_merged.csv,2026_04_11_NHL_final_scores.csv,puck_line
puck_line,2025021268,2026-04-11,home,away,0.42308140684514217,0.2772460827246022,2.4,1.6,140.0,-167.0,-1.5,1.5,0.0,False,1.0,2.0,0.0,2026_04_11_NHL_merged.csv,2026_04_11_NHL_final_scores.csv,puck_line
puck_line,2025021270,2026-04-11,home,away,0.37098684648222063,0.23576995164514714,2.85,1.44,185.0,-227.0,-1.5,1.5,0.0,False,0.0,2.0,6.0,2026_04_11_NHL_merged.csv,2026_04_11_NHL_final_scores.csv,puck_line
puck_line,2025021271,2026-04-11,home,away,0.38470131818846526,0.2464442279797551,2.7,1.49,170.0,-204.0,-1.5,1.5,0.0,False,0.0,2.0,5.0,2026_04_11_NHL_merged.csv,2026_04_11_NHL_final_scores.csv,puck_line
puck_line,2025021274,2026-04-11,home,away,0.44202656386075756,0.29297720051538284,2.85,1.44,185.0,-227.0,-1.5,1.5,0.0,False,0.0,2.0,3.0,2026_04_11_NHL_merged.csv,2026_04_11_NHL_final_scores.csv,puck_line
puck_line,2025021275,2026-04-11,home,away,0.42678141767822536,0.28029034134688097,2.1,1.77,110.0,-130.0,-1.5,1.5,0.0,False,0.0,3.0,4.0,2026_04_11_NHL_merged.csv,2026_04_11_NHL_final_scores.csv,puck_line
puck_line,2025021276,2026-04-12,home,away,0.34825006706575506,0.21844233126342802,2.6,1.52,160.0,-192.0,-1.5,1.5,0.0,False,1.0,3.0,0.0,2026_04_12_NHL_merged.csv,2026_04_12_NHL_final_scores.csv,puck_line
puck_line,2025021278,2026-04-12,home,away,0.3375138420340122,0.21041596918251623,2.8,1.46,180.0,-217.0,-1.5,1.5,0.0,False,0.0,2.0,3.0,2026_04_12_NHL_merged.csv,2026_04_12_NHL_final_scores.csv,puck_line
puck_line,2025021280,2026-04-12,home,away,0.4765636744659907,0.3226017443911631,1.8,2.05,-125.0,105.0,-1.5,1.5,0.0,False,0.0,3.0,4.0,2026_04_12_NHL_merged.csv,2026_04_12_NHL_final_scores.csv,puck_line
puck_line,2025021282,2026-04-13,home,away,0.43196666183489874,0.2845793751822689,2.2,1.7,120.0,-143.0,-1.5,1.5,0.0,False,0.0,4.0,3.0,2026_04_13_NHL_merged.csv,2026_04_13_NHL_final_scores.csv,puck_line
puck_line,2025021284,2026-04-13,home,away,0.6033248775599286,0.755423958770005,1.38,3.15,-263.0,215.0,1.5,-1.5,0.0,False,1.0,3.0,2.0,2026_04_13_NHL_merged.csv,2026_04_13_NHL_final_scores.csv,puck_line
puck_line,2025021285,2026-04-13,home,away,0.597546075385469,0.7509462665516783,1.52,2.6,-192.0,160.0,1.5,-1.5,0.0,False,1.0,5.0,6.0,2026_04_13_NHL_merged.csv,2026_04_13_NHL_final_scores.csv,puck_line
puck_line,2025021287,2026-04-13,home,away,0.4180557197763107,0.27313259017497826,2.64,1.51,164.0,-196.0,-1.5,1.5,0.0,False,0.0,2.0,3.0,2026_04_13_NHL_merged.csv,2026_04_13_NHL_final_scores.csv,puck_line
puck_line,2025021288,2026-04-13,home,away,0.56423154991684,0.7244748919937763,1.74,2.14,-135.0,114.0,1.5,-1.5,0.0,False,0.0,1.0,5.0,2026_04_13_NHL_merged.csv,2026_04_13_NHL_final_scores.csv,puck_line
puck_line,2025021289,2026-04-13,home,away,0.5623558775377175,0.7229502791582179,1.4,3.05,-250.0,205.0,1.5,-1.5,0.0,False,1.0,1.0,2.0,2026_04_13_NHL_merged.csv,2026_04_13_NHL_final_scores.csv,puck_line
puck_line,2025021290,2026-04-13,home,away,0.417451789622571,0.27263993432011147,2.36,1.62,136.0,-161.0,-1.5,1.5,0.0,False,1.0,6.0,2.0,2026_04_13_NHL_merged.csv,2026_04_13_NHL_final_scores.csv,puck_line
puck_line,2025021292,2026-04-14,home,away,0.3247197513624684,0.20097816125247372,2.9,1.43,190.0,-233.0,-1.5,1.5,0.0,False,1.0,4.0,0.0,2026_04_14_NHL_merged.csv,2026_04_14_NHL_final_scores.csv,puck_line
puck_line,2025021296,2026-04-14,home,away,0.3689049507854882,0.23416437996592196,3.15,1.38,215.0,-263.0,-1.5,1.5,0.0,False,0.0,3.0,2.0,2026_04_14_NHL_merged.csv,2026_04_14_NHL_final_scores.csv,puck_line
puck_line,2025021297,2026-04-14,home,away,0.4340895056501288,0.2863430276061885,2.42,1.59,142.0,-169.0,-1.5,1.5,0.0,False,1.0,5.0,3.0,2026_04_14_NHL_merged.csv,2026_04_14_NHL_final_scores.csv,puck_line
puck_line,2025021298,2026-04-14,home,away,0.563222018856297,0.7236547729645644,1.57,2.45,-175.0,145.0,1.5,-1.5,0.0,False,0.0,1.0,3.0,2026_04_14_NHL_merged.csv,2026_04_14_NHL_final_scores.csv,puck_line
puck_line,2025021300,2026-04-14,home,away,0.5981022381287835,0.7513786431708153,1.52,2.6,-192.0,160.0,1.5,-1.5,0.0,False,1.0,4.0,3.0,2026_04_14_NHL_merged.csv,2026_04_14_NHL_final_scores.csv,puck_line
puck_line,2025021302,2026-04-15,home,away,0.4428838502012462,0.2936975716642914,2.7,1.49,170.0,-204.0,-1.5,1.5,0.0,False,0.0,2.0,4.0,2026_04_15_NHL_merged.csv,2026_04_15_NHL_final_scores.csv,puck_line
puck_line,2025021304,2026-04-15,home,away,0.43994628700601035,0.2912322590839236,2.36,1.62,136.0,-161.0,-1.5,1.5,0.0,False,1.0,3.0,1.0,2026_04_15_NHL_merged.csv,2026_04_15_NHL_final_scores.csv,puck_line
puck_line,2025021306,2026-04-15,home,away,0.4612881882527827,0.309344732407477,1.89,1.93,-112.0,-108.0,-1.5,1.5,0.0,False,1.0,4.0,1.0,2026_04_15_NHL_merged.csv,2026_04_15_NHL_final_scores.csv,puck_line
puck_line,2025021308,2026-04-16,home,away,0.42070173706907193,0.27529526340857885,2.6,1.52,160.0,-192.0,-1.5,1.5,0.0,False,0.0,1.0,6.0,2026_04_16_NHL_merged.csv,2026_04_16_NHL_final_scores.csv,puck_line
puck_line,2025021309,2026-04-16,home,away,0.4212200241955597,0.27571967579058054,3.2,1.37,220.0,-270.0,-1.5,1.5,0.0,False,0.0,3.0,5.0,2026_04_16_NHL_merged.csv,2026_04_16_NHL_final_scores.csv,puck_line
puck_line,2025021311,2026-04-16,home,away,0.47401291957171454,0.3203706829414128,1.83,2.0,-120.0,100.0,-1.5,1.5,0.0,False,1.0,6.0,1.0,2026_04_16_NHL_merged.csv,2026_04_16_NHL_final_scores.csv,puck_line
puck_line,2025021312,2026-04-16,home,away,0.572279114844257,0.4117172783538447,2.36,1.62,136.0,-161.0,-1.5,1.5,0.0,False,1.0,2.0,0.0,2026_04_16_NHL_merged.csv,2026_04_16_NHL_final_scores.csv,puck_line
puck_line,2025030131,2026-04-18,home,away,0.4238077269067664,0.27784261499923824,2.64,1.51,164.0,-196.0,-1.5,1.5,0.0,False,1.0,2.0,0.0,2026_04_18_NHL_merged.csv,2026_04_18_NHL_final_scores.csv,puck_line
puck_line,2025030141,2026-04-18,home,away,0.34155144901760387,0.21342294943409426,2.64,1.51,164.0,-196.0,-1.5,1.5,0.0,False,0.0,2.0,3.0,2026_04_18_NHL_merged.csv,2026_04_18_NHL_final_scores.csv,puck_line
puck_line,2025030161,2026-04-18,home,away,0.3941155662320934,0.25387107866735775,3.0,1.41,200.0,-244.0,-1.5,1.5,0.0,False,0.0,1.0,6.0,2026_04_18_NHL_merged.csv,2026_04_18_NHL_final_scores.csv,puck_line
puck_line,2025030111,2026-04-19,home,away,0.3852821079182748,0.24690004514108732,2.54,1.54,154.0,-185.0,-1.5,1.5,0.0,False,0.0,4.0,3.0,2026_04_19_NHL_merged.csv,2026_04_19_NHL_final_scores.csv,puck_line
puck_line,2025030121,2026-04-19,home,away,0.42128305203903804,0.2757713056241431,2.3,1.65,130.0,-154.0,-1.5,1.5,0.0,False,0.0,3.0,4.0,2026_04_19_NHL_merged.csv,2026_04_19_NHL_final_scores.csv,puck_line
puck_line,2025030151,2026-04-19,home,away,0.46475550432547286,0.31233211164784713,1.93,1.89,-108.0,-112.0,-1.5,1.5,0.0,False,0.0,2.0,1.0,2026_04_19_NHL_merged.csv,2026_04_19_NHL_final_scores.csv,puck_line
puck_line,2025030171,2026-04-19,home,away,0.34264015354151606,0.2142361242110778,2.6,1.52,160.0,-192.0,-1.5,1.5,0.0,False,1.0,4.0,2.0,2026_04_19_NHL_merged.csv,2026_04_19_NHL_final_scores.csv,puck_line
puck_line,2025030132,2026-04-20,home,away,0.40207055214782017,0.26021104505153314,2.7,1.49,170.0,-204.0,-1.5,1.5,0.0,False,0.0,3.0,2.0,2026_04_20_NHL_merged.csv,2026_04_20_NHL_final_scores.csv,puck_line
puck_line,2025030142,2026-04-20,home,away,0.35492606962542944,0.22348317768716483,2.64,1.51,164.0,-196.0,-1.5,1.5,0.0,False,0.0,0.0,3.0,2026_04_20_NHL_merged.csv,2026_04_20_NHL_final_scores.csv,puck_line
puck_line,2025030162,2026-04-20,home,away,0.3561902416126303,0.22444206989271184,2.95,1.42,195.0,-238.0,-1.5,1.5,0.0,False,1.0,4.0,2.0,2026_04_20_NHL_merged.csv,2026_04_20_NHL_final_scores.csv,puck_line
puck_line,2025030181,2026-04-20,home,away,0.4216612114485251,0.2760811599450203,2.4,1.6,140.0,-167.0,-1.5,1.5,0.0,False,0.0,4.0,3.0,2026_04_20_NHL_merged.csv,2026_04_20_NHL_final_scores.csv,puck_line
puck_line,2025030112,2026-04-21,home,away,0.40493176764105826,0.2625059556941098,2.45,1.57,145.0,-175.0,-1.5,1.5,0.0,False,0.0,2.0,4.0,2026_04_21_NHL_merged.csv,2026_04_21_NHL_final_scores.csv,puck_line
puck_line,2025030122,2026-04-21,home,away,0.41598405323623444,0.2714441045164796,2.3,1.65,130.0,-154.0,-1.5,1.5,0.0,False,0.0,3.0,2.0,2026_04_21_NHL_merged.csv,2026_04_21_NHL_final_scores.csv,puck_line
puck_line,2025030152,2026-04-21,home,away,0.4708540126973433,0.3176173936071353,1.93,1.89,-108.0,-112.0,-1.5,1.5,0.0,False,0.0,2.0,1.0,2026_04_21_NHL_merged.csv,2026_04_21_NHL_final_scores.csv,puck_line
puck_line,2025030172,2026-04-21,home,away,0.3339932393395288,0.20780526636199598,2.6,1.52,160.0,-192.0,-1.5,1.5,0.0,False,0.0,2.0,3.0,2026_04_21_NHL_merged.csv,2026_04_21_NHL_final_scores.csv,puck_line
puck_line,2025030182,2026-04-22,home,away,0.3556048701703643,0.22399788433344908,2.3,1.65,130.0,-154.0,-1.5,1.5,0.0,False,0.0,4.0,6.0,2026_04_22_NHL_merged.csv,2026_04_22_NHL_final_scores.csv,puck_line
puck_line,2025030153,2026-04-23,home,away,0.5580845573833657,0.719464434205805,1.52,2.6,-192.0,160.0,1.5,-1.5,0.0,False,0.0,2.0,4.0,2026_04_23_NHL_merged.csv,2026_04_23_NHL_final_scores.csv,puck_line
puck_line,2025030154,2026-04-26,home,away,0.5582089697006063,0.7195662431889014,1.54,2.54,-185.0,154.0,1.5,-1.5,0.0,False,0.0,1.0,5.0,2026_04_26_NHL_merged.csv,2026_04_26_NHL_final_scores.csv,puck_line
puck_line,2025030145,2026-04-27,home,away,0.34616235870897866,0.21687385761600064,2.8,1.46,180.0,-217.0,-1.5,1.5,0.0,False,0.0,3.0,2.0,2026_04_27_NHL_merged.csv,2026_04_27_NHL_final_scores.csv,puck_line
puck_line,2025030115,2026-04-28,home,away,0.42011442149140793,0.2748146424864706,2.5,1.56,150.0,-179.0,-1.5,1.5,0.0,False,0.0,1.0,2.0,2026_04_28_NHL_merged.csv,2026_04_28_NHL_final_scores.csv,puck_line
puck_line,2025030165,2026-04-28,home,away,0.3559331457829534,0.22424694628170322,2.95,1.42,195.0,-238.0,-1.5,1.5,0.0,False,0.0,2.0,4.0,2026_04_28_NHL_merged.csv,2026_04_28_NHL_final_scores.csv,puck_line
puck_line,2025030185,2026-04-28,home,away,0.4093761075259149,0.2660860847887281,2.36,1.62,136.0,-161.0,-1.5,1.5,0.0,False,1.0,4.0,1.0,2026_04_28_NHL_merged.csv,2026_04_28_NHL_final_scores.csv,puck_line
puck_line,2025030125,2026-04-29,home,away,0.4190813515066823,0.2739700616297221,2.5,1.56,150.0,-179.0,-1.5,1.5,0.0,False,0.0,2.0,3.0,2026_04_29_NHL_merged.csv,2026_04_29_NHL_final_scores.csv,puck_line
puck_line,2025030175,2026-04-29,home,away,0.32384984069597933,0.2003414005164129,2.54,1.54,154.0,-185.0,-1.5,1.5,0.0,False,0.0,5.0,4.0,2026_04_29_NHL_merged.csv,2026_04_29_NHL_final_scores.csv,puck_line
puck_line,2025030221,2026-05-02,home,away,0.43393518602960857,0.28621466754021796,2.24,1.68,124.0,-147.0,-1.5,1.5,0.0,False,1.0,3.0,0.0,2026_05_02_NHL_merged.csv,2026_05_02_NHL_final_scores.csv,puck_line
puck_line,2025030127,2026-05-03,home,away,0.4204113567391085,0.2750575929157145,2.7,1.49,170.0,-204.0,-1.5,1.5,0.0,False,0.0,1.0,2.0,2026_05_03_NHL_merged.csv,2026_05_03_NHL_final_scores.csv,puck_line
puck_line,2025030231,2026-05-03,home,away,0.4430016471087461,0.2937966138658689,2.4,1.6,140.0,-167.0,-1.5,1.5,0.0,False,1.0,9.0,6.0,2026_05_03_NHL_merged.csv,2026_05_03_NHL_final_scores.csv,puck_line
puck_line,2025030222,2026-05-04,home,away,0.4489328882482446,0.2988018353964816,2.04,1.82,104.0,-122.0,-1.5,1.5,0.0,False,0.0,3.0,2.0,2026_05_04_NHL_merged.csv,2026_05_04_NHL_final_scores.csv,puck_line
puck_line,2025030241,2026-05-04,home,away,0.42584336492780545,0.27951726375902497,2.46,1.54,146.0,-185.0,-1.5,1.5,0.0,False,1.0,3.0,1.0,2026_05_04_NHL_merged.csv,2026_05_04_NHL_final_scores.csv,puck_line
puck_line,2025030232,2026-05-05,home,away,0.4430016471087461,0.2937966138658689,2.18,1.69,118.0,-145.0,-1.5,1.5,0.0,False,1.0,5.0,2.0,2026_05_05_NHL_merged.csv,2026_05_05_NHL_final_scores.csv,puck_line
puck_line,2025030211,2026-05-06,home,away,0.3309771560273386,0.20557696930698124,2.76,1.45,176.0,-222.0,-1.5,1.5,0.0,False,1.0,4.0,2.0,2026_05_06_NHL_merged.csv,2026_05_06_NHL_final_scores.csv,puck_line
puck_line,2025030242,2026-05-06,home,away,0.42010326190798486,0.2748055134679202,2.38,1.59,138.0,-169.0,-1.5,1.5,0.0,False,0.0,1.0,3.0,2026_05_06_NHL_merged.csv,2026_05_06_NHL_final_scores.csv,puck_line
puck_line,2025030223,2026-05-07,home,away,0.5822213955302832,0.7389105484930424,1.53,2.52,-189.0,152.0,1.5,-1.5,0.0,False,0.0,1.0,4.0,2026_05_07_NHL_merged.csv,2026_05_07_NHL_final_scores.csv,puck_line
puck_line,2025030212,2026-05-08,home,away,0.33644211456253675,0.20962012411182468,2.76,1.47,176.0,-213.0,-1.5,1.5,0.0,False,0.0,1.0,5.0,2026_05_08_NHL_merged.csv,2026_05_08_NHL_final_scores.csv,puck_line
puck_line,2025030224,2026-05-09,home,away,0.5790278519622966,0.7363724174857361,1.62,2.32,-161.0,132.0,1.5,-1.5,0.0,False,1.0,2.0,3.0,2026_05_09_NHL_merged.csv,2026_05_09_NHL_final_scores.csv,puck_line
puck_line,2025030233,2026-05-09,home,away,0.6026850930447177,0.754929842885809,1.44,2.76,-227.0,176.0,1.5,-1.5,0.0,False,1.0,5.0,1.0,2026_05_09_NHL_merged.csv,2026_05_09_NHL_final_scores.csv,puck_line
puck_line,2025030234,2026-05-11,home,away,0.6211965484844945,0.7690659784398133,1.45,2.76,-222.0,176.0,1.5,-1.5,0.0,False,0.0,2.0,5.0,2026_05_11_NHL_merged.csv,2026_05_11_NHL_final_scores.csv,puck_line
puck_line,2025030214,2026-05-12,home,away,0.33957345116500304,0.21194812241359806,2.8,1.44,180.0,-227.0,-1.5,1.5,0.0,False,0.0,2.0,3.0,2026_05_12_NHL_merged.csv,2026_05_12_NHL_final_scores.csv,puck_line
puck_line,2025030245,2026-05-12,home,away,0.4067534061025992,0.26397109566059,2.54,1.52,154.0,-192.0,-1.5,1.5,0.0,False,0.0,3.0,2.0,2026_05_12_NHL_merged.csv,2026_05_12_NHL_final_scores.csv,puck_line
puck_line,2025030235,2026-05-13,home,away,0.43348219118867815,0.2858380127987483,2.2,1.68,120.0,-147.0,-1.5,1.5,0.0,False,0.0,4.0,3.0,2026_05_13_NHL_merged.csv,2026_05_13_NHL_final_scores.csv,puck_line
puck_line,2025030216,2026-05-16,home,away,0.3453491572418379,0.21626391970808637,2.56,1.52,156.0,-192.0,-1.5,1.5,0.0,False,0.0,3.0,8.0,2026_05_16_NHL_merged.csv,2026_05_16_NHL_final_scores.csv,puck_line
puck_line,2025030321,2026-05-20,home,away,0.44194497228763474,0.2929086786395091,2.32,1.61,132.0,-164.0,-1.5,1.5,0.0,False,0.0,2.0,4.0,2026_05_20_NHL_merged.csv,2026_05_20_NHL_final_scores.csv,puck_line
puck_line,2025030311,2026-05-21,home,away,0.41558128638640607,0.2711163176388158,2.24,1.65,124.0,-154.0,-1.5,1.5,0.0,False,0.0,2.0,6.0,2026_05_21_NHL_merged.csv,2026_05_21_NHL_final_scores.csv,puck_line
puck_line,2025030322,2026-05-22,home,away,0.4424067233462713,0.2932965534913541,2.2,1.67,120.0,-149.0,-1.5,1.5,0.0,False,0.0,1.0,3.0,2026_05_22_NHL_merged.csv,2026_05_22_NHL_final_scores.csv,puck_line
puck_line,2025030312,2026-05-23,home,away,0.42128305203903804,0.2757713056241431,2.22,1.67,122.0,-149.0,-1.5,1.5,0.0,False,0.0,3.0,2.0,2026_05_23_NHL_merged.csv,2026_05_23_NHL_final_scores.csv,puck_line
puck_line,2025030323,2026-05-24,home,away,0.6223366714881141,0.7699258809668853,1.45,2.76,-222.0,176.0,1.5,-1.5,0.0,False,1.0,5.0,3.0,2026_05_24_NHL_merged.csv,2026_05_24_NHL_final_scores.csv,puck_line
puck_line,2025030324,2026-05-26,home,away,0.6259937885731748,0.7726758584351257,1.38,3.1,-263.0,210.0,1.5,-1.5,0.0,False,1.0,2.0,1.0,2026_05_26_NHL_merged.csv,2026_05_26_NHL_final_scores.csv,puck_line
puck_line,2025030315,2026-05-29,home,away,0.41864236769749963,0.2736114875741659,2.04,1.78,104.0,-128.0,-1.5,1.5,0.0,False,1.0,6.0,1.0,2026_05_29_NHL_merged.csv,2026_05_29_NHL_final_scores.csv,puck_line
puck_line,2025030411,2026-06-02,home,away,0.42247055449930093,0.2767447856543339,2.54,1.52,154.0,-192.0,-1.5,1.5,0.0,False,0.0,4.0,5.0,2026_06_02_NHL_merged.csv,2026_06_02_NHL_final_scores.csv,puck_line
puck_line,2025030412,2026-06-04,home,away,0.4209956161635279,0.27553588143233376,2.58,1.51,158.0,-196.0,-1.5,1.5,0.0,False,0.0,4.0,3.0,2026_06_04_NHL_merged.csv,2026_06_04_NHL_final_scores.csv,puck_line
puck_line,2025030415,2026-06-11,home,away,0.4209956161635279,0.27553588143233376,2.58,1.5,158.0,-200.0,-1.5,1.5,0.0,False,1.0,4.0,2.0,2026_06_11_NHL_merged.csv,2026_06_11_NHL_final_scores.csv,puck_line
puck_line,2025030416,2026-06-14,home,away,0.6304090212728646,0.7759791581490374,1.34,3.25,-294.0,225.0,1.5,-1.5,0.0,False,0.0,0.0,3.0,2026_06_14_NHL_merged.csv,2026_06_14_NHL_final_scores.csv,puck_line
total,2025020001,2025-10-07,over,under,0.5446354353788062,0.5374374944763552,1.7692307692307692,2.1,-130.0,110.0,5.5,5.5,0.0,False,0.0,3.0,2.0,2025_10_07_NHL_merged.csv,2025_10_07_NHL_final_scores.csv,total
total,2025020002,2025-10-07,over,under,0.6012282699271378,0.5942584618407067,1.8,2.05,-125.0,105.0,5.5,5.5,0.0,False,0.0,0.0,3.0,2025_10_07_NHL_merged.csv,2025_10_07_NHL_final_scores.csv,total
total,2025020003,2025-10-07,over,under,0.47792459016145084,0.47069696339456907,1.9090909090909092,1.9090909090909092,-110.0,-110.0,5.5,5.5,0.0,False,0.0,1.0,4.0,2025_10_07_NHL_merged.csv,2025_10_07_NHL_final_scores.csv,total
total,2025020004,2025-10-08,over,under,0.5282906666453085,0.5210615607204787,1.8,2.05,-125.0,105.0,5.5,5.5,0.0,False,1.0,5.0,2.0,2025_10_08_NHL_merged.csv,2025_10_08_NHL_final_scores.csv,total
total,2025020005,2025-10-08,over,under,0.5083663776750106,0.5011202725336515,1.9090909090909092,1.9090909090909092,-110.0,-110.0,5.5,5.5,0.0,False,0.0,1.0,3.0,2025_10_08_NHL_merged.csv,2025_10_08_NHL_final_scores.csv,total
total,2025020006,2025-10-08,over,under,0.46712077002642727,0.4743426948833713,1.8333333333333335,2.0,-120.0,100.0,6.0,6.0,0.16062180103828136,False,1.0,3.0,4.0,2025_10_08_NHL_merged.csv,2025_10_08_NHL_final_scores.csv,total
total,2025020007,2025-10-08,over,under,0.4710813134741374,0.4638652256541951,1.8333333333333335,2.0,-120.0,100.0,5.5,5.5,0.0,False,1.0,5.0,6.0,2025_10_08_NHL_merged.csv,2025_10_08_NHL_final_scores.csv,total
total,2025020008,2025-10-09,over,under,0.5150434175302715,0.5078004420319064,1.8695652173913042,1.9523809523809523,-115.0,-105.0,5.5,5.5,0.0,False,1.0,4.0,3.0,2025_10_09_NHL_merged.csv,2025_10_09_NHL_final_scores.csv,total
total,2025020009,2025-10-09,over,under,0.49376927171018753,0.5010158319818706,1.847457627118644,1.9803921568627452,-118.0,-102.0,6.0,6.0,0.16040030014530693,False,0.0,0.0,4.0,2025_10_09_NHL_merged.csv,2025_10_09_NHL_final_scores.csv,total
total,2025020010,2025-10-09,over,under,0.44983196118034663,0.45701583273478164,1.847457627118644,1.9803921568627452,-118.0,-102.0,6.0,6.0,0.16048783935516986,True,,1.0,5.0,2025_10_09_NHL_merged.csv,2025_10_09_NHL_final_scores.csv,total
total,2025020011,2025-10-09,over,under,0.4918778157560807,0.4991239863316048,1.847457627118644,1.9803921568627452,-118.0,-102.0,6.0,6.0,0.1604330378918504,False,1.0,4.0,5.0,2025_10_09_NHL_merged.csv,2025_10_09_NHL_final_scores.csv,total
total,2025020012,2025-10-09,over,under,0.5100388542862305,0.5027932902698247,1.9090909090909092,1.9090909090909092,-110.0,-110.0,5.5,5.5,0.0,False,0.0,2.0,1.0,2025_10_09_NHL_merged.csv,2025_10_09_NHL_final_scores.csv,total
total,2025020013,2025-10-09,over,under,0.46903511025899414,0.4762601797976888,2.0,1.8333333333333335,100.0,-120.0,6.0,6.0,0.1606231410479801,False,1.0,4.0,3.0,2025_10_09_NHL_merged.csv,2025_10_09_NHL_final_scores.csv,total
total,2025020014,2025-10-09,over,under,0.4469451088894736,0.4397913223629791,1.8695652173913042,1.9523809523809523,-115.0,-105.0,5.5,5.5,0.0,False,1.0,6.0,3.0,2025_10_09_NHL_merged.csv,2025_10_09_NHL_final_scores.csv,total
total,2025020015,2025-10-09,over,under,0.4504089470273991,0.4432441523099875,1.8695652173913042,1.9523809523809523,-115.0,-105.0,5.5,5.5,0.0,False,0.0,0.0,5.0,2025_10_09_NHL_merged.csv,2025_10_09_NHL_final_scores.csv,total
total,2025020016,2025-10-09,over,under,0.5069494782091658,0.5141929960666473,1.847457627118644,1.9803921568627452,-118.0,-102.0,6.0,6.0,0.16010019200414558,False,0.0,2.0,1.0,2025_10_09_NHL_merged.csv,2025_10_09_NHL_final_scores.csv,total
total,2025020017,2025-10-09,over,under,0.4932220943803114,0.48597847225253504,1.9090909090909092,1.9090909090909092,-110.0,-110.0,5.5,5.5,0.0,False,1.0,4.0,5.0,2025_10_09_NHL_merged.csv,2025_10_09_NHL_final_scores.csv,total
total,2025020018,2025-10-09,over,under,0.3936972175874087,0.4006374344806737,2.0,1.8333333333333335,100.0,-120.0,6.5,6.5,0.0,False,0.0,2.0,1.0,2025_10_09_NHL_merged.csv,2025_10_09_NHL_final_scores.csv,total
total,2025020019,2025-10-09,over,under,0.4659324028221763,0.45872678193427185,1.8333333333333335,2.0,-120.0,100.0,5.5,5.5,0.0,False,1.0,5.0,1.0,2025_10_09_NHL_merged.csv,2025_10_09_NHL_final_scores.csv,total
total,2025020020,2025-10-09,over,under,0.48429222745408296,0.4915347500563827,1.9523809523809523,1.8695652173913042,-105.0,-115.0,6.0,6.0,0.16053825175092262,False,1.0,3.0,4.0,2025_10_09_NHL_merged.csv,2025_10_09_NHL_final_scores.csv,total
total,2025020021,2025-10-09,over,under,0.5511025656248075,0.5439212464473843,1.8333333333333335,2.0,-120.0,100.0,5.5,5.5,0.0,False,0.0,3.0,1.0,2025_10_09_NHL_merged.csv,2025_10_09_NHL_final_scores.csv,total
total,2025020022,2025-10-11,over,under,0.4225813083829537,0.4155244962951427,1.9090909090909092,1.9090909090909092,-110.0,-110.0,5.5,5.5,0.0,False,0.0,3.0,2.0,2025_10_11_NHL_merged.csv,2025_10_11_NHL_final_scores.csv,total
total,2025020023,2025-10-11,over,under,0.48133634791191393,0.47410398021057526,1.8695652173913042,1.9523809523809523,-115.0,-105.0,5.5,5.5,0.0,False,1.0,2.0,4.0,2025_10_11_NHL_merged.csv,2025_10_11_NHL_final_scores.csv,total
total,2025020024,2025-10-11,over,under,0.4479051987820881,0.45508375231848175,1.9090909090909092,1.9090909090909092,-110.0,-110.0,6.0,6.0,0.16045925588893342,False,0.0,3.0,1.0,2025_10_11_NHL_merged.csv,2025_10_11_NHL_final_scores.csv,total
total,2025020025,2025-10-11,over,under,0.44983196118034663,0.45701583273478164,1.9090909090909092,1.9090909090909092,-110.0,-110.0,6.0,6.0,0.16048783935516986,False,1.0,6.0,3.0,2025_10_11_NHL_merged.csv,2025_10_11_NHL_final_scores.csv,total
total,2025020026,2025-10-11,over,under,0.4111658127622888,0.41820156646197953,1.9090909090909092,1.9090909090909092,-110.0,-110.0,6.0,6.0,0.159381566401583,False,1.0,3.0,5.0,2025_10_11_NHL_merged.csv,2025_10_11_NHL_final_scores.csv,total
total,2025020027,2025-10-11,over,under,0.4932220943803114,0.48597847225253504,1.8695652173913042,1.9523809523809523,-115.0,-105.0,5.5,5.5,0.0,False,1.0,6.0,2.0,2025_10_11_NHL_merged.csv,2025_10_11_NHL_final_scores.csv,total
total,2025020028,2025-10-11,over,under,0.5282906666453085,0.5210615607204787,1.9090909090909092,1.9090909090909092,-110.0,-110.0,5.5,5.5,0.0,False,1.0,2.0,4.0,2025_10_11_NHL_merged.csv,2025_10_11_NHL_final_scores.csv,total
total,2025020029,2025-10-11,over,under,0.576537369458627,0.569445054728506,1.8695652173913042,1.9523809523809523,-115.0,-105.0,5.5,5.5,0.0,False,1.0,1.0,6.0,2025_10_11_NHL_merged.csv,2025_10_11_NHL_final_scores.csv,total
total,2025020030,2025-10-11,over,under,0.4150397443407563,0.4220942692450386,1.9803921568627452,1.847457627118644,-102.0,-118.0,6.0,6.0,0.1595435457902628,False,1.0,4.0,3.0,2025_10_11_NHL_merged.csv,2025_10_11_NHL_final_scores.csv,total
total,2025020031,2025-10-11,over,under,0.5527127916806752,0.545535989626622,1.8695652173913042,1.9523809523809523,-115.0,-105.0,5.5,5.5,0.0,False,0.0,2.0,3.0,2025_10_11_NHL_merged.csv,2025_10_11_NHL_final_scores.csv,total
total,2025020032,2025-10-11,over,under,0.5430121891283849,0.5358104582937444,1.8333333333333335,2.0,-120.0,100.0,5.5,5.5,0.0,False,0.0,2.0,3.0,2025_10_11_NHL_merged.csv,2025_10_11_NHL_final_scores.csv,total
total,2025020033,2025-10-11,over,under,0.5266428286013923,0.5194114423907409,1.8333333333333335,2.0,-120.0,100.0,5.5,5.5,0.0,False,1.0,4.0,7.0,2025_10_11_NHL_merged.csv,2025_10_11_NHL_final_scores.csv,total
total,2025020034,2025-10-11,over,under,0.47094795460456723,0.4781759536426692,1.847457627118644,1.9803921568627452,-118.0,-102.0,6.0,6.0,0.16062180401276427,False,1.0,4.0,5.0,2025_10_11_NHL_merged.csv,2025_10_11_NHL_final_scores.csv,total
total,2025020035,2025-10-11,over,under,0.41891312917967094,0.4259855465586554,1.847457627118644,1.9803921568627452,-118.0,-102.0,6.0,6.0,0.15969397522991177,False,0.0,3.0,1.0,2025_10_11_NHL_merged.csv,2025_10_11_NHL_final_scores.csv,total
total,2025020036,2025-10-11,over,under,0.4975459613780876,0.5047926791003954,1.847457627118644,1.9803921568627452,-118.0,-102.0,6.0,6.0,0.1603271728750268,False,1.0,6.0,7.0,2025_10_11_NHL_merged.csv,2025_10_11_NHL_final_scores.csv,total
total,2025020037,2025-10-11,over,under,0.44597745334556943,0.45315046984038715,1.9090909090909092,1.9090909090909092,-110.0,-110.0,6.0,6.0,0.1604279028843402,False,0.0,2.0,1.0,2025_10_11_NHL_merged.csv,2025_10_11_NHL_final_scores.csv,total
total,2025020038,2025-10-12,over,under,0.47476897557344894,0.4820021899739013,1.9523809523809523,1.8695652173913042,-105.0,-115.0,6.0,6.0,0.16061113476694835,False,0.0,0.0,1.0,2025_10_12_NHL_merged.csv,2025_10_12_NHL_final_scores.csv,total
total,2025020039,2025-10-13,over,under,0.43378480895699234,0.44091779041220686,1.9090909090909092,1.9090909090909092,-110.0,-110.0,6.5,6.5,0.0,False,0.0,1.0,3.0,2025_10_13_NHL_merged.csv,2025_10_13_NHL_final_scores.csv,total
total,2025020040,2025-10-13,over,under,0.4305259180953313,0.43764673154229206,2.0,1.8333333333333335,100.0,-120.0,6.0,6.0,0.16007645939144471,False,1.0,3.0,4.0,2025_10_13_NHL_merged.csv,2025_10_13_NHL_final_scores.csv,total
total,2025020041,2025-10-13,over,under,0.5315792166968157,0.524355133103365,1.8333333333333335,2.0,-120.0,100.0,5.5,5.5,0.0,False,0.0,1.0,4.0,2025_10_13_NHL_merged.csv,2025_10_13_NHL_final_scores.csv,total
total,2025020042,2025-10-13,over,under,0.4710813134741374,0.4638652256541951,1.9090909090909092,1.9090909090909092,-110.0,-110.0,5.5,5.5,0.0,False,1.0,2.0,5.0,2025_10_13_NHL_merged.csv,2025_10_13_NHL_final_scores.csv,total
total,2025020043,2025-10-13,over,under,0.4479051987820881,0.45508375231848175,1.8695652173913042,1.9523809523809523,-115.0,-105.0,6.0,6.0,0.16045925588893342,False,0.0,2.0,3.0,2025_10_13_NHL_merged.csv,2025_10_13_NHL_final_scores.csv,total
total,2025020044,2025-10-13,over,under,0.5033364008980014,0.4960896459267306,1.8333333333333335,2.0,-120.0,100.0,5.5,5.5,0.0,False,1.0,5.0,2.0,2025_10_13_NHL_merged.csv,2025_10_13_NHL_final_scores.csv,total
total,2025020045,2025-10-13,over,under,0.4479051987820881,0.45508375231848175,1.9090909090909092,1.9090909090909092,-110.0,-110.0,6.0,6.0,0.16045925588893342,False,0.0,2.0,3.0,2025_10_13_NHL_merged.csv,2025_10_13_NHL_final_scores.csv,total
total,2025020046,2025-10-13,over,under,0.43826566205422446,0.43114249893077833,1.8695652173913042,1.9523809523809523,-115.0,-105.0,5.5,5.5,0.0,False,1.0,2.0,5.0,2025_10_13_NHL_merged.csv,2025_10_13_NHL_final_scores.csv,total
total,2025020047,2025-10-13,over,under,0.4243273766994513,0.4172624771458213,1.9090909090909092,1.9090909090909092,-110.0,-110.0,5.5,5.5,0.0,False,1.0,4.0,3.0,2025_10_13_NHL_merged.csv,2025_10_13_NHL_final_scores.csv,total
total,2025020048,2025-10-13,over,under,0.46903511025899414,0.4762601797976888,1.8333333333333335,2.0,-120.0,100.0,6.0,6.0,0.1606231410479801,False,0.0,3.0,1.0,2025_10_13_NHL_merged.csv,2025_10_13_NHL_final_scores.csv,total
total,2025020049,2025-10-14,over,under,0.3840607976234741,0.3909406743996531,1.9523809523809523,1.8695652173913042,-105.0,-115.0,6.5,6.5,0.0,False,1.0,7.0,4.0,2025_10_14_NHL_merged.csv,2025_10_14_NHL_final_scores.csv,total
total,2025020050,2025-10-14,over,under,0.4594493611350356,0.4666565466905816,1.9523809523809523,1.8695652173913042,-105.0,-115.0,6.0,6.0,0.16058949434204853,False,1.0,5.0,4.0,2025_10_14_NHL_merged.csv,2025_10_14_NHL_final_scores.csv,total
total,2025020051,2025-10-14,over,under,0.5069494782091658,0.5141929960666473,1.9523809523809523,1.8695652173913042,-105.0,-115.0,6.0,6.0,0.16010019200414558,False,0.0,0.0,2.0,2025_10_14_NHL_merged.csv,2025_10_14_NHL_final_scores.csv,total
total,2025020052,2025-10-14,over,under,0.46328778355853834,0.47050277171421223,2.0,1.8333333333333335,100.0,-120.0,6.0,6.0,0.1606110544601964,False,0.0,3.0,2.0,2025_10_14_NHL_merged.csv,2025_10_14_NHL_final_scores.csv,total
total,2025020053,2025-10-14,over,under,0.43825760634385524,0.44540628034588314,1.9803921568627452,1.847457627118644,-102.0,-118.0,6.0,6.0,0.16027464068621575,True,,2.0,4.0,2025_10_14_NHL_merged.csv,2025_10_14_NHL_final_scores.csv,total
total,2025020054,2025-10-14,over,under,0.47285925798061623,0.48008997180847873,2.0,1.8333333333333335,100.0,-120.0,6.0,6.0,0.16061779890046182,False,1.0,5.0,2.0,2025_10_14_NHL_merged.csv,2025_10_14_NHL_final_scores.csv,total
total,2025020055,2025-10-14,over,under,0.5069494782091658,0.5141929960666473,1.8,2.05,-125.0,105.0,6.0,6.0,0.16010019200414558,True,,1.0,5.0,2025_10_14_NHL_merged.csv,2025_10_14_NHL_final_scores.csv,total
total,2025020056,2025-10-14,over,under,0.5329523988236977,0.5401604167347364,1.847457627118644,1.9803921568627452,-118.0,-102.0,6.0,6.0,0.15913878413008045,False,1.0,4.0,3.0,2025_10_14_NHL_merged.csv,2025_10_14_NHL_final_scores.csv,total
total,2025020057,2025-10-15,over,under,0.5013140802281075,0.5085601309904587,1.8695652173913042,1.9523809523809523,-115.0,-105.0,6.0,6.0,0.1602439104033816,False,1.0,8.0,4.0,2025_10_15_NHL_merged.csv,2025_10_15_NHL_final_scores.csv,total
total,2025020058,2025-10-15,over,under,0.4766770628408286,0.48391256410876066,1.9803921568627452,1.847457627118644,-102.0,-118.0,6.0,6.0,0.16060182075495943,False,0.0,4.0,1.0,2025_10_15_NHL_merged.csv,2025_10_15_NHL_final_scores.csv,total
total,2025020059,2025-10-15,over,under,0.4150397443407563,0.4220942692450386,2.0,1.8333333333333335,100.0,-120.0,6.0,6.0,0.1595435457902628,False,1.0,3.0,8.0,2025_10_15_NHL_merged.csv,2025_10_15_NHL_final_scores.csv,total
total,2025020060,2025-10-15,over,under,0.5299361362247547,0.5227094647357668,1.8333333333333335,2.0,-120.0,100.0,5.5,5.5,0.0,False,0.0,3.0,1.0,2025_10_15_NHL_merged.csv,2025_10_15_NHL_final_scores.csv,total
total,2025020061,2025-10-16,over,under,0.46328778355853834,0.47050277171421223,1.9090909090909092,1.9090909090909092,-110.0,-110.0,6.0,6.0,0.1606110544601964,False,0.0,2.0,1.0,2025_10_16_NHL_merged.csv,2025_10_16_NHL_final_scores.csv,total
total,2025020062,2025-10-16,over,under,0.4440487729556887,0.45121603316425246,2.0,1.8333333333333335,100.0,-120.0,6.0,6.0,0.16039377252346934,False,0.0,3.0,2.0,2025_10_16_NHL_merged.csv,2025_10_16_NHL_final_scores.csv,total
total,2025020063,2025-10-16,over,under,0.43825760634385524,0.44540628034588314,1.9803921568627452,1.847457627118644,-102.0,-118.0,6.0,6.0,0.16027464068621575,False,1.0,4.0,3.0,2025_10_16_NHL_merged.csv,2025_10_16_NHL_final_scores.csv,total
total,2025020064,2025-10-16,over,under,0.3956729106445012,0.40262482750473544,1.9090909090909092,1.9090909090909092,-110.0,-110.0,6.0,6.0,0.1586172472928236,False,0.0,3.0,1.0,2025_10_16_NHL_merged.csv,2025_10_16_NHL_final_scores.csv,total
total,2025020065,2025-10-16,over,under,0.4975459613780876,0.5047926791003954,2.0,1.8333333333333335,100.0,-120.0,6.0,6.0,0.1603271728750268,True,,4.0,2.0,2025_10_16_NHL_merged.csv,2025_10_16_NHL_final_scores.csv,total
total,2025020066,2025-10-16,over,under,0.4745061750138979,0.4672839737572971,1.8333333333333335,2.0,-120.0,100.0,5.5,5.5,0.0,False,1.0,2.0,5.0,2025_10_16_NHL_merged.csv,2025_10_16_NHL_final_scores.csv,total
total,2025020067,2025-10-16,over,under,0.547565619150027,0.5547365299634232,1.847457627118644,1.9803921568627452,-118.0,-102.0,6.0,6.0,0.1583824651090126,False,0.0,1.0,4.0,2025_10_16_NHL_merged.csv,2025_10_16_NHL_final_scores.csv,total
total,2025020068,2025-10-16,over,under,0.43825760634385524,0.44540628034588314,2.0,1.8333333333333335,100.0,-120.0,6.0,6.0,0.16027464068621575,False,1.0,3.0,5.0,2025_10_16_NHL_merged.csv,2025_10_16_NHL_final_scores.csv,total
total,2025020069,2025-10-16,over,under,0.4285915160101017,0.4357048139299537,1.8695652173913042,1.9523809523809523,-115.0,-105.0,6.0,6.0,0.16001984142977668,False,1.0,6.0,5.0,2025_10_16_NHL_merged.csv,2025_10_16_NHL_final_scores.csv,total
total,2025020070,2025-10-16,over,under,0.48429222745408296,0.4915347500563827,1.9090909090909092,1.9090909090909092,-110.0,-110.0,6.0,6.0,0.16053825175092262,False,0.0,1.0,4.0,2025_10_16_NHL_merged.csv,2025_10_16_NHL_final_scores.csv,total
total,2025020071,2025-10-16,over,under,0.4440487729556887,0.45121603316425246,1.9523809523809523,1.8695652173913042,-105.0,-115.0,6.0,6.0,0.16039377252346934,True,,2.0,4.0,2025_10_16_NHL_merged.csv,2025_10_16_NHL_final_scores.csv,total
total,2025020072,2025-10-17,over,under,0.570877465630086,0.5779636723689635,1.847457627118644,1.9803921568627452,-118.0,-102.0,6.0,6.0,0.15685069488128142,False,0.0,2.0,1.0,2025_10_17_NHL_merged.csv,2025_10_17_NHL_final_scores.csv,total
total,2025020073,2025-10-17,over,under,0.41310282116383307,0.42014807022406053,2.0,1.8333333333333335,100.0,-120.0,6.0,6.0,0.159464002800042,True,,5.0,1.0,2025_10_17_NHL_merged.csv,2025_10_17_NHL_final_scores.csv,total
total,2025020074,2025-10-17,over,under,0.4150397443407563,0.4220942692450386,1.847457627118644,1.9803921568627452,-118.0,-102.0,6.0,6.0,0.1595435457902628,False,0.0,2.0,3.0,2025_10_17_NHL_merged.csv,2025_10_17_NHL_final_scores.csv,total
total,2025020075,2025-10-17,over,under,0.5125637844243718,0.5198029496420452,1.8333333333333335,2.0,-120.0,100.0,6.0,6.0,0.15993413332678097,False,1.0,6.0,3.0,2025_10_17_NHL_merged.csv,2025_10_17_NHL_final_scores.csv,total
total,2025020076,2025-10-18,over,under,0.4613692288081531,0.46858042409952827,1.847457627118644,1.9803921568627452,-118.0,-102.0,6.0,6.0,0.1606016304070977,False,0.0,3.0,0.0,2025_10_18_NHL_merged.csv,2025_10_18_NHL_final_scores.csv,total
total,2025020077,2025-10-18,over,under,0.4363256715377491,0.44346771050673706,1.9090909090909092,1.9090909090909092,-110.0,-110.0,6.0,6.0,0.1602293248124962,False,1.0,4.0,5.0,2025_10_18_NHL_merged.csv,2025_10_18_NHL_final_scores.csv,total
total,2025020078,2025-10-18,over,under,0.4594493611350356,0.4666565466905816,1.9090909090909092,1.9090909090909092,-110.0,-110.0,6.0,6.0,0.16058949434204853,False,1.0,5.0,3.0,2025_10_18_NHL_merged.csv,2025_10_18_NHL_final_scores.csv,total
total,2025020079,2025-10-18,over,under,0.4440487729556887,0.45121603316425246,1.847457627118644,1.9803921568627452,-118.0,-102.0,6.0,6.0,0.16039377252346934,False,1.0,3.0,4.0,2025_10_18_NHL_merged.csv,2025_10_18_NHL_final_scores.csv,total
total,2025020080,2025-10-18,over,under,0.46520497925556314,0.4724235437956881,2.0,1.8333333333333335,100.0,-120.0,6.0,6.0,0.1606177751050755,False,1.0,3.0,4.0,2025_10_18_NHL_merged.csv,2025_10_18_NHL_final_scores.csv,total
total,2025020081,2025-10-18,over,under,0.4285915160101017,0.4357048139299537,1.9090909090909092,1.9090909090909092,-110.0,-110.0,6.0,6.0,0.16001984142977668,False,0.0,2.0,1.0,2025_10_18_NHL_merged.csv,2025_10_18_NHL_final_scores.csv,total
total,2025020082,2025-10-18,over,under,0.5031556323587156,0.5104010578104666,1.9090909090909092,1.9090909090909092,-110.0,-110.0,6.5,6.5,0.0,False,0.0,3.0,2.0,2025_10_18_NHL_merged.csv,2025_10_18_NHL_final_scores.csv,total
total,2025020083,2025-10-18,over,under,0.44597745334556943,0.45315046984038715,1.9523809523809523,1.8695652173913042,-105.0,-115.0,6.0,6.0,0.1604279028843402,False,0.0,3.0,1.0,2025_10_18_NHL_merged.csv,2025_10_18_NHL_final_scores.csv,total
total,2025020084,2025-10-18,over,under,0.39954487718520343,0.4065190615576071,2.0,1.8333333333333335,100.0,-120.0,6.0,6.0,0.15882587240894191,False,0.0,4.0,1.0,2025_10_18_NHL_merged.csv,2025_10_18_NHL_final_scores.csv,total
total,2025020085,2025-10-18,over,under,0.45175769268870103,0.458946663480686,1.9523809523809523,1.8695652173913042,-105.0,-115.0,6.0,6.0,0.16051366120342028,False,0.0,4.0,1.0,2025_10_18_NHL_merged.csv,2025_10_18_NHL_final_scores.csv,total
total,2025020086,2025-10-18,over,under,0.4092287708049938,0.4162548098237919,2.0,1.8333333333333335,100.0,-120.0,6.0,6.0,0.159296230829047,False,1.0,3.0,4.0,2025_10_18_NHL_merged.csv,2025_10_18_NHL_final_scores.csv,total
total,2025020087,2025-10-18,over,under,0.4324597778958164,0.4395878866624076,1.847457627118644,1.9803921568627452,-118.0,-102.0,6.0,6.0,0.16013024128735945,False,1.0,6.0,1.0,2025_10_18_NHL_merged.csv,2025_10_18_NHL_final_scores.csv,total
total,2025020088,2025-10-18,over,under,0.5421082567130273,0.5492944681877814,1.847457627118644,1.9803921568627452,-118.0,-102.0,6.0,6.0,0.15868318659021202,False,0.0,0.0,3.0,2025_10_18_NHL_merged.csv,2025_10_18_NHL_final_scores.csv,total
total,2025020089,2025-10-19,over,under,0.3956729106445012,0.40262482750473544,2.0,1.8333333333333335,100.0,-120.0,6.0,6.0,0.1586172472928236,False,1.0,3.0,4.0,2025_10_19_NHL_merged.csv,2025_10_19_NHL_final_scores.csv,total
total,2025020090,2025-10-19,over,under,0.5402830210225437,0.547473966101544,1.847457627118644,1.9803921568627452,-118.0,-102.0,6.0,6.0,0.1587788972473961,True,,4.0,2.0,2025_10_19_NHL_merged.csv,2025_10_19_NHL_final_scores.csv,total
total,2025020091,2025-10-19,over,under,0.5013140802281075,0.5085601309904587,2.0,1.8333333333333335,100.0,-120.0,6.0,6.0,0.1602439104033816,False,0.0,2.0,1.0,2025_10_19_NHL_merged.csv,2025_10_19_NHL_final_scores.csv,total
total,2025020092,2025-10-19,over,under,0.4247212853000252,0.43181889149669334,1.9523809523809523,1.8695652173913042,-105.0,-115.0,6.0,6.0,0.15989807005897017,False,0.0,3.0,2.0,2025_10_19_NHL_merged.csv,2025_10_19_NHL_final_scores.csv,total
total,2025020093,2025-10-20,over,under,0.5364939197656627,0.5292785136128119,1.8333333333333335,2.0,-120.0,100.0,5.5,5.5,0.0,False,0.0,1.0,3.0,2025_10_20_NHL_merged.csv,2025_10_20_NHL_final_scores.csv,total
total,2025020094,2025-10-20,over,under,0.4150397443407563,0.4220942692450386,1.9803921568627452,1.847457627118644,-102.0,-118.0,6.0,6.0,0.1595435457902628,False,1.0,5.0,2.0,2025_10_20_NHL_merged.csv,2025_10_20_NHL_final_scores.csv,total
total,2025020095,2025-10-20,over,under,0.4975459613780876,0.5047926791003954,1.9090909090909092,1.9090909090909092,-110.0,-110.0,6.0,6.0,0.1603271728750268,True,,4.0,2.0,2025_10_20_NHL_merged.csv,2025_10_20_NHL_final_scores.csv,total
total,2025020096,2025-10-20,over,under,0.37248838704607773,0.3792886159364009,2.0,1.8333333333333335,100.0,-120.0,6.0,6.0,0.15711729375644187,False,0.0,1.0,2.0,2025_10_20_NHL_merged.csv,2025_10_20_NHL_final_scores.csv,total
total,2025020097,2025-10-20,over,under,0.45368234569202104,0.4608761972058461,1.9090909090909092,1.9090909090909092,-110.0,-110.0,6.0,6.0,0.1605367294552968,False,0.0,4.0,1.0,2025_10_20_NHL_merged.csv,2025_10_20_NHL_final_scores.csv,total
total,2025020098,2025-10-21,over,under,0.4305259180953313,0.43764673154229206,1.9523809523809523,1.8695652173913042,-105.0,-115.0,6.0,6.0,0.16007645939144471,False,1.0,2.0,5.0,2025_10_21_NHL_merged.csv,2025_10_21_NHL_final_scores.csv,total
total,2025020099,2025-10-21,over,under,0.49943111259273876,0.5066775995145438,1.9523809523809523,1.8695652173913042,-105.0,-115.0,6.0,6.0,0.1602868034656701,False,0.0,2.0,3.0,2025_10_21_NHL_merged.csv,2025_10_21_NHL_final_scores.csv,total
total,2025020100,2025-10-21,over,under,0.4899843412170889,0.4972299138478802,1.8333333333333335,2.0,-120.0,100.0,6.0,6.0,0.1604632117589947,False,1.0,4.0,3.0,2025_10_21_NHL_merged.csv,2025_10_21_NHL_final_scores.csv,total
total,2025020101,2025-10-21,over,under,0.44597745334556943,0.45315046984038715,2.0,1.8333333333333335,100.0,-120.0,6.0,6.0,0.1604279028843402,True,,5.0,1.0,2025_10_21_NHL_merged.csv,2025_10_21_NHL_final_scores.csv,total
total,2025020102,2025-10-21,over,under,0.40535479370373634,0.41236074630531366,1.9523809523809523,1.8695652173913042,-105.0,-115.0,6.0,6.0,0.15911683972746823,False,0.0,4.0,1.0,2025_10_21_NHL_merged.csv,2025_10_21_NHL_final_scores.csv,total
total,2025020103,2025-10-21,over,under,0.49491268590868187,0.487668127535017,1.8333333333333335,2.0,-120.0,100.0,5.5,5.5,0.0,False,1.0,3.0,4.0,2025_10_21_NHL_merged.csv,2025_10_21_NHL_final_scores.csv,total
total,2025020104,2025-10-21,over,under,0.4932220943803114,0.48597847225253504,1.8695652173913042,1.9523809523809523,-115.0,-105.0,5.5,5.5,0.0,False,0.0,1.0,2.0,2025_10_21_NHL_merged.csv,2025_10_21_NHL_final_scores.csv,total
total,2025020105,2025-10-21,over,under,0.58433610773996,0.5772786404863384,1.8333333333333335,2.0,-120.0,100.0,5.5,5.5,0.0,False,1.0,2.0,5.0,2025_10_21_NHL_merged.csv,2025_10_21_NHL_final_scores.csv,total
total,2025020106,2025-10-21,over,under,0.5547980824301442,0.561946067192572,1.847457627118644,1.9803921568627452,-118.0,-102.0,6.0,6.0,0.15795022847341925,True,,1.0,5.0,2025_10_21_NHL_merged.csv,2025_10_21_NHL_final_scores.csv,total
total,2025020107,2025-10-21,over,under,0.47476897557344894,0.4820021899739013,1.9090909090909092,1.9090909090909092,-110.0,-110.0,6.0,6.0,0.16061113476694835,False,1.0,4.0,3.0,2025_10_21_NHL_merged.csv,2025_10_21_NHL_final_scores.csv,total
total,2025020108,2025-10-22,over,under,0.43439304558401676,0.4415282295033908,2.0,1.8333333333333335,100.0,-120.0,6.0,6.0,0.16018119407211967,False,0.0,4.0,1.0,2025_10_22_NHL_merged.csv,2025_10_22_NHL_final_scores.csv,total
total,2025020109,2025-10-22,over,under,0.5200149022734664,0.5272454728393714,1.9090909090909092,1.9090909090909092,-110.0,-110.0,6.0,6.0,0.15967846424951374,True,,4.0,2.0,2025_10_22_NHL_merged.csv,2025_10_22_NHL_final_scores.csv,total
total,2025020110,2025-10-22,over,under,0.4324597778958164,0.4395878866624076,1.9090909090909092,1.9090909090909092,-110.0,-110.0,6.0,6.0,0.16013024128735945,False,0.0,1.0,2.0,2025_10_22_NHL_merged.csv,2025_10_22_NHL_final_scores.csv,total
total,2025020111,2025-10-23,over,under,0.46520497925556314,0.4724235437956881,1.9803921568627452,1.847457627118644,-102.0,-118.0,6.0,6.0,0.1606177751050755,False,1.0,5.0,7.0,2025_10_23_NHL_merged.csv,2025_10_23_NHL_final_scores.csv,total
total,2025020112,2025-10-23,over,under,0.43439304558401676,0.4415282295033908,1.9803921568627452,1.847457627118644,-102.0,-118.0,6.0,6.0,0.16018119407211967,False,0.0,2.0,1.0,2025_10_23_NHL_merged.csv,2025_10_23_NHL_final_scores.csv,total
total,2025020113,2025-10-23,over,under,0.5088233096062542,0.5160655776768094,1.8695652173913042,1.9523809523809523,-115.0,-105.0,6.0,6.0,0.1600473073780198,False,0.0,2.0,3.0,2025_10_23_NHL_merged.csv,2025_10_23_NHL_final_scores.csv,total
total,2025020114,2025-10-23,over,under,0.4479051987820881,0.45508375231848175,1.847457627118644,1.9803921568627452,-118.0,-102.0,6.0,6.0,0.16045925588893342,False,1.0,3.0,5.0,2025_10_23_NHL_merged.csv,2025_10_23_NHL_final_scores.csv,total
total,2025020115,2025-10-23,over,under,0.47476897557344894,0.4820021899739013,2.0,1.8333333333333335,100.0,-120.0,6.0,6.0,0.16061113476694835,False,1.0,7.0,2.0,2025_10_23_NHL_merged.csv,2025_10_23_NHL_final_scores.csv,total
total,2025020116,2025-10-23,over,under,0.5329523988236977,0.5401604167347364,1.9523809523809523,1.8695652173913042,-105.0,-115.0,6.0,6.0,0.15913878413008045,False,1.0,5.0,6.0,2025_10_23_NHL_merged.csv,2025_10_23_NHL_final_scores.csv,total
total,2025020117,2025-10-23,over,under,0.41310282116383307,0.42014807022406053,1.9090909090909092,1.9090909090909092,-110.0,-110.0,6.0,6.0,0.159464002800042,False,1.0,4.0,7.0,2025_10_23_NHL_merged.csv,2025_10_23_NHL_final_scores.csv,total
total,2025020118,2025-10-23,over,under,0.516707241526556,0.509465448527562,1.8695652173913042,1.9523809523809523,-115.0,-105.0,5.5,5.5,0.0,False,0.0,2.0,1.0,2025_10_23_NHL_merged.csv,2025_10_23_NHL_final_scores.csv,total
total,2025020119,2025-10-23,over,under,0.4594493611350356,0.4666565466905816,1.9803921568627452,1.847457627118644,-102.0,-118.0,6.0,6.0,0.16058949434204853,False,0.0,2.0,3.0,2025_10_23_NHL_merged.csv,2025_10_23_NHL_final_scores.csv,total
total,2025020120,2025-10-23,over,under,0.48474124014328224,0.4775048125682953,1.8333333333333335,2.0,-120.0,100.0,5.5,5.5,0.0,False,0.0,0.0,3.0,2025_10_23_NHL_merged.csv,2025_10_23_NHL_final_scores.csv,total
total,2025020121,2025-10-23,over,under,0.46903511025899414,0.4762601797976888,1.9523809523809523,1.8695652173913042,-105.0,-115.0,6.0,6.0,0.1606231410479801,False,1.0,4.0,5.0,2025_10_23_NHL_merged.csv,2025_10_23_NHL_final_scores.csv,total
total,2025020122,2025-10-23,over,under,0.5050733030763073,0.5123178685174596,1.8,2.05,-125.0,105.0,6.0,6.0,0.16015059433311063,False,1.0,6.0,5.0,2025_10_23_NHL_merged.csv,2025_10_23_NHL_final_scores.csv,total
total,2025020123,2025-10-24,over,under,0.4880888900834609,0.49533365584177463,1.9090909090909092,1.9090909090909092,-110.0,-110.0,6.0,6.0,0.1604908118751539,False,1.0,5.0,3.0,2025_10_24_NHL_merged.csv,2025_10_24_NHL_final_scores.csv,total
total,2025020124,2025-10-24,over,under,0.4880888900834609,0.49533365584177463,1.8695652173913042,1.9523809523809523,-115.0,-105.0,6.0,6.0,0.1604908118751539,False,0.0,3.0,1.0,2025_10_24_NHL_merged.csv,2025_10_24_NHL_final_scores.csv,total
total,2025020125,2025-10-24,over,under,0.4766770628408286,0.48391256410876066,1.9090909090909092,1.9090909090909092,-110.0,-110.0,6.0,6.0,0.16060182075495943,True,,1.0,5.0,2025_10_24_NHL_merged.csv,2025_10_24_NHL_final_scores.csv,total
total,2025020126,2025-10-24,over,under,0.37248838704607773,0.3792886159364009,1.9523809523809523,1.8695652173913042,-105.0,-115.0,6.0,6.0,0.15711729375644187,False,1.0,5.0,3.0,2025_10_24_NHL_merged.csv,2025_10_24_NHL_final_scores.csv,total
total,2025020127,2025-10-25,over,under,0.39954487718520343,0.4065190615576071,1.9523809523809523,1.8695652173913042,-105.0,-115.0,6.0,6.0,0.15882587240894191,False,1.0,4.0,3.0,2025_10_25_NHL_merged.csv,2025_10_25_NHL_final_scores.csv,total
total,2025020128,2025-10-25,over,under,0.4766770628408286,0.48391256410876066,2.0,1.8333333333333335,100.0,-120.0,6.0,6.0,0.16060182075495943,False,0.0,3.0,2.0,2025_10_25_NHL_merged.csv,2025_10_25_NHL_final_scores.csv,total
total,2025020129,2025-10-25,over,under,0.6177414465349815,0.6108734581682298,1.8,2.05,-125.0,105.0,5.5,5.5,0.0,False,1.0,4.0,3.0,2025_10_25_NHL_merged.csv,2025_10_25_NHL_final_scores.csv,total
total,2025020130,2025-10-25,over,under,0.4421192059272913,0.4492804904058336,1.8333333333333335,2.0,-120.0,100.0,6.0,6.0,0.1603568570920638,False,0.0,3.0,0.0,2025_10_25_NHL_merged.csv,2025_10_25_NHL_final_scores.csv,total
total,2025020131,2025-10-25,over,under,0.5233401306016411,0.5161046489961589,1.8333333333333335,2.0,-120.0,100.0,5.5,5.5,0.0,False,1.0,2.0,6.0,2025_10_25_NHL_merged.csv,2025_10_25_NHL_final_scores.csv,total
total,2025020132,2025-10-25,over,under,0.5619783852230721,0.5691006244948373,1.847457627118644,1.9803921568627452,-118.0,-102.0,6.0,6.0,0.1574829389673803,False,1.0,4.0,3.0,2025_10_25_NHL_merged.csv,2025_10_25_NHL_final_scores.csv,total
total,2025020133,2025-10-25,over,under,0.45175769268870103,0.458946663480686,1.9523809523809523,1.8695652173913042,-105.0,-115.0,6.0,6.0,0.16051366120342028,False,1.0,6.0,4.0,2025_10_25_NHL_merged.csv,2025_10_25_NHL_final_scores.csv,total
total,2025020134,2025-10-25,over,under,0.45449747874309254,0.46169333236749166,1.8333333333333335,2.0,-120.0,100.0,6.5,6.5,0.0,False,1.0,4.0,5.0,2025_10_25_NHL_merged.csv,2025_10_25_NHL_final_scores.csv,total
total,2025020135,2025-10-25,over,under,0.40729174712268545,0.41430785236057077,1.9523809523809523,1.8695652173913042,-105.0,-115.0,6.0,6.0,0.15920799044216824,False,1.0,1.0,7.0,2025_10_25_NHL_merged.csv,2025_10_25_NHL_final_scores.csv,total
total,2025020136,2025-10-25,over,under,0.4247212853000252,0.43181889149669334,1.8333333333333335,2.0,-120.0,100.0,6.0,6.0,0.15989807005897017,False,1.0,3.0,4.0,2025_10_25_NHL_merged.csv,2025_10_25_NHL_final_scores.csv,total
total,2025020137,2025-10-25,over,under,0.43825760634385524,0.44540628034588314,1.9523809523809523,1.8695652173913042,-105.0,-115.0,6.0,6.0,0.16027464068621575,False,1.0,5.0,4.0,2025_10_25_NHL_merged.csv,2025_10_25_NHL_final_scores.csv,total
total,2025020138,2025-10-25,over,under,0.45752822692475625,0.4647311855019739,1.847457627118644,1.9803921568627452,-118.0,-102.0,6.0,6.0,0.16057463775533223,False,0.0,3.0,2.0,2025_10_25_NHL_merged.csv,2025_10_25_NHL_final_scores.csv,total
total,2025020139,2025-10-25,over,under,0.48429222745408296,0.4915347500563827,1.9090909090909092,1.9090909090909092,-110.0,-110.0,6.0,6.0,0.16053825175092262,False,0.0,3.0,2.0,2025_10_25_NHL_merged.csv,2025_10_25_NHL_final_scores.csv,total
total,2025020140,2025-10-26,over,under,0.47858347551453756,0.4858210504762867,1.847457627118644,1.9803921568627452,-118.0,-102.0,6.0,6.0,0.16058986609290923,False,1.0,4.0,3.0,2025_10_26_NHL_merged.csv,2025_10_26_NHL_final_scores.csv,total
total,2025020141,2025-10-26,over,under,0.5402830210225437,0.547473966101544,1.9090909090909092,1.9090909090909092,-110.0,-110.0,6.0,6.0,0.1587788972473961,False,0.0,2.0,1.0,2025_10_26_NHL_merged.csv,2025_10_26_NHL_final_scores.csv,total
total,2025020142,2025-10-26,over,under,0.529269761443578,0.5364851842656163,1.8333333333333335,2.0,-120.0,100.0,6.0,6.0,0.1593047948442344,False,1.0,5.0,6.0,2025_10_26_NHL_merged.csv,2025_10_26_NHL_final_scores.csv,total
total,2025020143,2025-10-26,over,under,0.4881390616244967,0.4808992515607333,1.8333333333333335,2.0,-120.0,100.0,5.5,5.5,0.0,False,0.0,2.0,3.0,2025_10_26_NHL_merged.csv,2025_10_26_NHL_final_scores.csv,total
total,2025020144,2025-10-26,over,under,0.5200282110097943,0.5127892587191359,1.8333333333333335,2.0,-120.0,100.0,5.5,5.5,0.0,False,0.0,1.0,3.0,2025_10_26_NHL_merged.csv,2025_10_26_NHL_final_scores.csv,total
total,2025020145,2025-10-26,over,under,0.5181559470231497,0.5253889626561654,1.9523809523809523,1.8695652173913042,-105.0,-115.0,6.0,6.0,0.15974601978031794,False,0.0,2.0,3.0,2025_10_26_NHL_merged.csv,2025_10_26_NHL_final_scores.csv,total
total,2025020146,2025-10-26,over,under,0.5249926429178637,0.5177591312548488,1.8333333333333335,2.0,-120.0,100.0,5.5,5.5,0.0,False,1.0,5.0,1.0,2025_10_26_NHL_merged.csv,2025_10_26_NHL_final_scores.csv,total
total,2025020147,2025-10-26,over,under,0.4594493611350356,0.4666565466905816,1.9090909090909092,1.9090909090909092,-110.0,-110.0,6.0,6.0,0.16058949434204853,False,1.0,4.0,3.0,2025_10_26_NHL_merged.csv,2025_10_26_NHL_final_scores.csv,total
total,2025020148,2025-10-27,over,under,0.45368234569202104,0.4608761972058461,1.9090909090909092,1.9090909090909092,-110.0,-110.0,6.0,6.0,0.1605367294552968,False,1.0,6.0,3.0,2025_10_27_NHL_merged.csv,2025_10_27_NHL_final_scores.csv,total
total,2025020149,2025-10-27,over,under,0.43439304558401676,0.4415282295033908,2.0,1.8333333333333335,100.0,-120.0,6.0,6.0,0.16018119407211967,False,1.0,7.0,2.0,2025_10_27_NHL_merged.csv,2025_10_27_NHL_final_scores.csv,total
total,2025020150,2025-10-28,over,under,0.45560587281488923,0.4628043868212027,2.0,1.8333333333333335,100.0,-120.0,6.0,6.0,0.16055705223244435,False,0.0,3.0,2.0,2025_10_28_NHL_merged.csv,2025_10_28_NHL_final_scores.csv,total
total,2025020151,2025-10-28,over,under,0.5282906666453085,0.5210615607204787,1.8333333333333335,2.0,-120.0,100.0,5.5,5.5,0.0,False,1.0,4.0,3.0,2025_10_28_NHL_merged.csv,2025_10_28_NHL_final_scores.csv,total
total,2025020152,2025-10-28,over,under,0.4687465348304317,0.47597114396042317,1.9090909090909092,1.9090909090909092,-110.0,-110.0,6.5,6.5,0.0,False,1.0,3.0,4.0,2025_10_28_NHL_merged.csv,2025_10_28_NHL_final_scores.csv,total
total,2025020153,2025-10-28,over,under,0.49376927171018753,0.5010158319818706,1.9090909090909092,1.9090909090909092,-110.0,-110.0,6.0,6.0,0.16040030014530693,False,0.0,2.0,3.0,2025_10_28_NHL_merged.csv,2025_10_28_NHL_final_scores.csv,total
total,2025020154,2025-10-28,over,under,0.39180248527649736,0.3987312671543787,2.0,1.8333333333333335,100.0,-120.0,6.0,6.0,0.15839685959880254,False,1.0,5.0,2.0,2025_10_28_NHL_merged.csv,2025_10_28_NHL_final_scores.csv,total
total,2025020155,2025-10-28,over,under,0.44597745334556943,0.45315046984038715,1.9090909090909092,1.9090909090909092,-110.0,-110.0,6.0,6.0,0.1604279028843402,False,1.0,3.0,6.0,2025_10_28_NHL_merged.csv,2025_10_28_NHL_final_scores.csv,total
total,2025020156,2025-10-28,over,under,0.49376927171018753,0.5010158319818706,1.9523809523809523,1.8695652173913042,-105.0,-115.0,6.0,6.0,0.16040030014530693,False,1.0,2.0,5.0,2025_10_28_NHL_merged.csv,2025_10_28_NHL_final_scores.csv,total
total,2025020157,2025-10-28,over,under,0.3879340253185486,0.3948388081747643,1.847457627118644,1.9803921568627452,-118.0,-102.0,6.0,6.0,0.15816467313857277,False,1.0,3.0,4.0,2025_10_28_NHL_merged.csv,2025_10_28_NHL_final_scores.csv,total
total,2025020158,2025-10-28,over,under,0.46520497925556314,0.4724235437956881,1.9090909090909092,1.9090909090909092,-110.0,-110.0,6.0,6.0,0.1606177751050755,False,1.0,2.0,5.0,2025_10_28_NHL_merged.csv,2025_10_28_NHL_final_scores.csv,total
total,2025020159,2025-10-28,over,under,0.4594493611350356,0.4666565466905816,1.9523809523809523,1.8695652173913042,-105.0,-115.0,6.0,6.0,0.16058949434204853,False,0.0,1.0,0.0,2025_10_28_NHL_merged.csv,2025_10_28_NHL_final_scores.csv,total
total,2025020160,2025-10-28,over,under,0.46328778355853834,0.47050277171421223,1.9523809523809523,1.8695652173913042,-105.0,-115.0,6.0,6.0,0.1606110544601964,False,1.0,7.0,3.0,2025_10_28_NHL_merged.csv,2025_10_28_NHL_final_scores.csv,total
total,2025020161,2025-10-28,over,under,0.4401888008018101,0.4473438899296821,1.847457627118644,1.9803921568627452,-118.0,-102.0,6.0,6.0,0.16031714898074298,False,1.0,8.0,4.0,2025_10_28_NHL_merged.csv,2025_10_28_NHL_final_scores.csv,total
total,2025020162,2025-10-28,over,under,0.4861915046380302,0.4934352539346796,1.847457627118644,1.9803921568627452,-118.0,-102.0,6.0,6.0,0.1605158284450604,False,1.0,6.0,3.0,2025_10_28_NHL_merged.csv,2025_10_28_NHL_final_scores.csv,total
total,2025020163,2025-10-28,over,under,0.4363256715377491,0.44346771050673706,1.9523809523809523,1.8695652173913042,-105.0,-115.0,6.0,6.0,0.1602293248124962,False,0.0,0.0,2.0,2025_10_28_NHL_merged.csv,2025_10_28_NHL_final_scores.csv,total
total,2025020164,2025-10-28,over,under,0.4479051987820881,0.45508375231848175,2.0,1.8333333333333335,100.0,-120.0,6.0,6.0,0.16045925588893342,False,1.0,3.0,4.0,2025_10_28_NHL_merged.csv,2025_10_28_NHL_final_scores.csv,total
total,2025020165,2025-10-28,over,under,0.48429222745408296,0.4915347500563827,1.9090909090909092,1.9090909090909092,-110.0,-110.0,6.0,6.0,0.16053825175092262,False,1.0,3.0,4.0,2025_10_28_NHL_merged.csv,2025_10_28_NHL_final_scores.csv,total
total,2025020166,2025-10-29,over,under,0.5181559470231497,0.5253889626561654,1.847457627118644,1.9803921568627452,-118.0,-102.0,6.0,6.0,0.15974601978031794,False,1.0,6.0,3.0,2025_10_29_NHL_merged.csv,2025_10_29_NHL_final_scores.csv,total
total,2025020167,2025-10-30,over,under,0.5200149022734664,0.5272454728393714,1.847457627118644,1.9803921568627452,-118.0,-102.0,6.0,6.0,0.15967846424951374,False,1.0,4.0,3.0,2025_10_30_NHL_merged.csv,2025_10_30_NHL_final_scores.csv,total
total,2025020168,2025-10-30,over,under,0.4034179626898786,0.4104135440687414,1.9523809523809523,1.8695652173913042,-105.0,-115.0,6.0,6.0,0.159022773299469,False,1.0,4.0,3.0,2025_10_30_NHL_merged.csv,2025_10_30_NHL_final_scores.csv,total
total,2025020169,2025-10-30,over,under,0.5200149022734664,0.5272454728393714,1.9090909090909092,1.9090909090909092,-110.0,-110.0,6.0,6.0,0.15967846424951374,False,0.0,2.0,1.0,2025_10_30_NHL_merged.csv,2025_10_30_NHL_final_scores.csv,total
total,2025020170,2025-10-30,over,under,0.43439304558401676,0.4415282295033908,1.9523809523809523,1.8695652173913042,-105.0,-115.0,6.0,6.0,0.16018119407211967,False,0.0,4.0,1.0,2025_10_30_NHL_merged.csv,2025_10_30_NHL_final_scores.csv,total
total,2025020171,2025-10-30,over,under,0.46903511025899414,0.4762601797976888,1.9523809523809523,1.8695652173913042,-105.0,-115.0,6.0,6.0,0.1606231410479801,False,1.0,6.0,2.0,2025_10_30_NHL_merged.csv,2025_10_30_NHL_final_scores.csv,total
total,2025020172,2025-10-30,over,under,0.4227855573233776,0.42987498735906565,1.9523809523809523,1.8695652173913042,-105.0,-115.0,6.0,6.0,0.15983290331247035,False,1.0,3.0,4.0,2025_10_30_NHL_merged.csv,2025_10_30_NHL_final_scores.csv,total
total,2025020173,2025-10-30,over,under,0.49565866738382314,0.5029054097997746,1.8,2.05,-125.0,105.0,6.0,6.0,0.16036500846611268,False,0.0,1.0,4.0,2025_10_30_NHL_merged.csv,2025_10_30_NHL_final_scores.csv,total
total,2025020174,2025-10-30,over,under,0.38406795688982315,0.39094788051249907,1.9523809523809523,1.8695652173913042,-105.0,-115.0,6.0,6.0,0.15792065392625113,False,1.0,6.0,3.0,2025_10_30_NHL_merged.csv,2025_10_30_NHL_final_scores.csv,total
total,2025020175,2025-10-30,over,under,0.4823911013931748,0.4896321864430966,1.9523809523809523,1.8695652173913042,-105.0,-115.0,6.0,6.0,0.16055807215358792,False,1.0,3.0,4.0,2025_10_30_NHL_merged.csv,2025_10_30_NHL_final_scores.csv,total
total,2025020176,2025-10-30,over,under,0.4305873397877651,0.4377083882956694,1.9803921568627452,1.847457627118644,-102.0,-118.0,6.5,6.5,0.0,False,1.0,5.0,2.0,2025_10_30_NHL_merged.csv,2025_10_30_NHL_final_scores.csv,total
total,2025020177,2025-10-30,over,under,0.45752822692475625,0.4647311855019739,1.9523809523809523,1.8695652173913042,-105.0,-115.0,6.0,6.0,0.16057463775533223,False,1.0,3.0,4.0,2025_10_30_NHL_merged.csv,2025_10_30_NHL_final_scores.csv,total
total,2025020178,2025-10-31,over,under,0.49943111259273876,0.5066775995145438,1.847457627118644,1.9803921568627452,-118.0,-102.0,6.0,6.0,0.1602868034656701,True,,2.0,4.0,2025_10_31_NHL_merged.csv,2025_10_31_NHL_final_scores.csv,total
total,2025020179,2025-10-31,over,under,0.5299361362247547,0.5227094647357668,1.8,2.05,-125.0,105.0,5.5,5.5,0.0,False,0.0,1.0,3.0,2025_10_31_NHL_merged.csv,2025_10_31_NHL_final_scores.csv,total
total,2025020180,2025-10-31,over,under,0.5088233096062542,0.5160655776768094,1.9090909090909092,1.9090909090909092,-110.0,-110.0,6.0,6.0,0.1600473073780198,False,1.0,5.0,2.0,2025_10_31_NHL_merged.csv,2025_10_31_NHL_final_scores.csv,total
total,2025020181,2025-11-01,over,under,0.46520497925556314,0.4724235437956881,1.9523809523809523,1.8695652173913042,-105.0,-115.0,6.0,6.0,0.1606177751050755,False,0.0,2.0,1.0,2025_11_01_NHL_merged.csv,2025_11_01_NHL_final_scores.csv,total
total,2025020182,2025-11-01,over,under,0.4266566216693117,0.43376218383711945,1.9523809523809523,1.8695652173913042,-105.0,-115.0,6.0,6.0,0.1599603805611504,False,1.0,5.0,2.0,2025_11_01_NHL_merged.csv,2025_11_01_NHL_final_scores.csv,total
total,2025020183,2025-11-01,over,under,0.39180248527649736,0.3987312671543787,1.9523809523809523,1.8695652173913042,-105.0,-115.0,6.0,6.0,0.15839685959880254,True,,4.0,2.0,2025_11_01_NHL_merged.csv,2025_11_01_NHL_final_scores.csv,total
total,2025020184,2025-11-01,over,under,0.4608408265801034,0.46805093965852324,1.9090909090909092,1.9090909090909092,-110.0,-110.0,6.5,6.5,0.0,False,0.0,3.0,2.0,2025_11_01_NHL_merged.csv,2025_11_01_NHL_final_scores.csv,total
total,2025020185,2025-11-01,over,under,0.46520497925556314,0.4724235437956881,1.9803921568627452,1.847457627118644,-102.0,-118.0,6.0,6.0,0.1606177751050755,False,1.0,4.0,3.0,2025_11_01_NHL_merged.csv,2025_11_01_NHL_final_scores.csv,total
total,2025020186,2025-11-01,over,under,0.49376927171018753,0.5010158319818706,1.847457627118644,1.9803921568627452,-118.0,-102.0,6.0,6.0,0.16040030014530693,False,1.0,4.0,3.0,2025_11_01_NHL_merged.csv,2025_11_01_NHL_final_scores.csv,total
total,2025020187,2025-11-01,over,under,0.38887864412267437,0.3957893679856812,1.9090909090909092,1.9090909090909092,-110.0,-110.0,6.5,6.5,0.0,False,1.0,4.0,3.0,2025_11_01_NHL_merged.csv,2025_11_01_NHL_final_scores.csv,total
total,2025020188,2025-11-01,over,under,0.46328778355853834,0.47050277171421223,1.8,2.05,-125.0,105.0,6.0,6.0,0.1606110544601964,False,1.0,2.0,5.0,2025_11_01_NHL_merged.csv,2025_11_01_NHL_final_scores.csv,total
total,2025020189,2025-11-01,over,under,0.5013140802281075,0.5085601309904587,1.8,2.05,-125.0,105.0,6.0,6.0,0.1602439104033816,False,0.0,3.0,2.0,2025_11_01_NHL_merged.csv,2025_11_01_NHL_final_scores.csv,total
total,2025020190,2025-11-01,over,under,0.45175769268870103,0.458946663480686,1.9090909090909092,1.9090909090909092,-110.0,-110.0,6.0,6.0,0.16051366120342028,False,1.0,5.0,2.0,2025_11_01_NHL_merged.csv,2025_11_01_NHL_final_scores.csv,total
total,2025020191,2025-11-01,over,under,0.47285925798061623,0.48008997180847873,1.9090909090909092,1.9090909090909092,-110.0,-110.0,6.0,6.0,0.16061779890046182,False,0.0,1.0,4.0,2025_11_01_NHL_merged.csv,2025_11_01_NHL_final_scores.csv,total
total,2025020192,2025-11-01,over,under,0.4899843412170889,0.4972299138478802,1.7692307692307692,2.05,-130.0,105.0,6.0,6.0,0.1604632117589947,False,0.0,3.0,2.0,2025_11_01_NHL_merged.csv,2025_11_01_NHL_final_scores.csv,total
total,2025020193,2025-11-01,over,under,0.4266566216693117,0.43376218383711945,1.9090909090909092,1.9090909090909092,-110.0,-110.0,6.0,6.0,0.1599603805611504,False,0.0,2.0,3.0,2025_11_01_NHL_merged.csv,2025_11_01_NHL_final_scores.csv,total
total,2025020194,2025-11-02,over,under,0.49565866738382314,0.5029054097997746,1.9090909090909092,1.9090909090909092,-110.0,-110.0,6.0,6.0,0.16036500846611268,True,,2.0,4.0,2025_11_02_NHL_merged.csv,2025_11_02_NHL_final_scores.csv,total
total,2025020195,2025-11-02,over,under,0.4449545506795517,0.45212454122622925,1.9523809523809523,1.8695652173913042,-105.0,-115.0,6.5,6.5,0.0,False,0.0,3.0,2.0,2025_11_02_NHL_merged.csv,2025_11_02_NHL_final_scores.csv,total
total,2025020196,2025-11-02,over,under,0.4864410474414713,0.47920284418492204,1.8333333333333335,2.0,-120.0,100.0,5.5,5.5,0.0,False,0.0,1.0,2.0,2025_11_02_NHL_merged.csv,2025_11_02_NHL_final_scores.csv,total
total,2025020197,2025-11-02,over,under,0.5162944171118963,0.5235296808094725,1.8,2.05,-125.0,105.0,6.0,6.0,0.1598111570069947,False,0.0,4.0,1.0,2025_11_02_NHL_merged.csv,2025_11_02_NHL_final_scores.csv,total
total,2025020198,2025-11-02,over,under,0.4193788960039455,0.42645340592831626,1.8333333333333335,2.0,-120.0,100.0,6.5,6.5,0.0,False,0.0,2.0,3.0,2025_11_02_NHL_merged.csv,2025_11_02_NHL_final_scores.csv,total
total,2025020199,2025-11-03,over,under,0.42898770731972924,0.4361025622893458,1.9523809523809523,1.8695652173913042,-105.0,-115.0,6.5,6.5,0.0,False,1.0,4.0,3.0,2025_11_03_NHL_merged.csv,2025_11_03_NHL_final_scores.csv,total
total,2025020200,2025-11-03,over,under,0.47094795460456723,0.4781759536426692,1.9090909090909092,1.9090909090909092,-110.0,-110.0,6.0,6.0,0.16062180401276427,False,0.0,3.0,2.0,2025_11_03_NHL_merged.csv,2025_11_03_NHL_final_scores.csv,total
total,2025020201,2025-11-03,over,under,0.4227855573233776,0.42987498735906565,2.0,1.8333333333333335,100.0,-120.0,6.0,6.0,0.15983290331247035,False,1.0,4.0,5.0,2025_11_03_NHL_merged.csv,2025_11_03_NHL_final_scores.csv,total
total,2025020202,2025-11-03,over,under,0.4363256715377491,0.44346771050673706,1.9523809523809523,1.8695652173913042,-105.0,-115.0,6.0,6.0,0.1602293248124962,False,0.0,3.0,1.0,2025_11_03_NHL_merged.csv,2025_11_03_NHL_final_scores.csv,total
total,2025020203,2025-11-04,over,under,0.5050733030763073,0.5123178685174596,1.8,2.05,-125.0,105.0,6.0,6.0,0.16015059433311063,False,0.0,1.0,2.0,2025_11_04_NHL_merged.csv,2025_11_04_NHL_final_scores.csv,total
total,2025020204,2025-11-04,over,under,0.5381272410127841,0.5309150295572144,1.8333333333333335,2.0,-120.0,100.0,5.5,5.5,0.0,False,1.0,4.0,5.0,2025_11_04_NHL_merged.csv,2025_11_04_NHL_final_scores.csv,total
total,2025020205,2025-11-04,over,under,0.4918778157560807,0.4991239863316048,1.9090909090909092,1.9090909090909092,-110.0,-110.0,6.0,6.0,0.1604330378918504,False,1.0,3.0,4.0,2025_11_04_NHL_merged.csv,2025_11_04_NHL_final_scores.csv,total
total,2025020206,2025-11-04,over,under,0.4285915160101017,0.4357048139299537,2.0,1.8333333333333335,100.0,-120.0,6.0,6.0,0.16001984142977668,False,0.0,0.0,3.0,2025_11_04_NHL_merged.csv,2025_11_04_NHL_final_scores.csv,total
total,2025020207,2025-11-04,over,under,0.5069494782091658,0.5141929960666473,1.9090909090909092,1.9090909090909092,-110.0,-110.0,6.0,6.0,0.16010019200414558,False,1.0,4.0,3.0,2025_11_04_NHL_merged.csv,2025_11_04_NHL_final_scores.csv,total
total,2025020208,2025-11-04,over,under,0.4479051987820881,0.45508375231848175,1.8695652173913042,1.9523809523809523,-115.0,-105.0,6.0,6.0,0.16045925588893342,False,0.0,3.0,2.0,2025_11_04_NHL_merged.csv,2025_11_04_NHL_final_scores.csv,total
total,2025020209,2025-11-04,over,under,0.536623577698782,0.5438234336139708,1.847457627118644,1.9803921568627452,-118.0,-102.0,6.0,6.0,0.15896345468989112,False,0.0,3.0,2.0,2025_11_04_NHL_merged.csv,2025_11_04_NHL_final_scores.csv,total
total,2025020210,2025-11-04,over,under,0.45175769268870103,0.458946663480686,1.9090909090909092,1.9090909090909092,-110.0,-110.0,6.0,6.0,0.16051366120342028,False,0.0,1.0,0.0,2025_11_04_NHL_merged.csv,2025_11_04_NHL_final_scores.csv,total
total,2025020211,2025-11-04,over,under,0.5088233096062542,0.5160655776768094,1.8333333333333335,2.0,-120.0,100.0,6.0,6.0,0.1600473073780198,False,1.0,7.0,3.0,2025_11_04_NHL_merged.csv,2025_11_04_NHL_final_scores.csv,total
total,2025020212,2025-11-04,over,under,0.49491268590868187,0.487668127535017,2.0,1.8333333333333335,100.0,-120.0,5.5,5.5,0.0,False,0.0,3.0,0.0,2025_11_04_NHL_merged.csv,2025_11_04_NHL_final_scores.csv,total
total,2025020213,2025-11-05,over,under,0.48048816960288737,0.48772760563542633,1.9090909090909092,1.9090909090909092,-110.0,-110.0,6.0,6.0,0.16057528009370858,False,1.0,5.0,3.0,2025_11_05_NHL_merged.csv,2025_11_05_NHL_final_scores.csv,total
total,2025020214,2025-11-05,over,under,0.4266566216693117,0.43376218383711945,1.9090909090909092,1.9090909090909092,-110.0,-110.0,6.0,6.0,0.1599603805611504,False,1.0,6.0,1.0,2025_11_05_NHL_merged.csv,2025_11_05_NHL_final_scores.csv,total
total,2025020215,2025-11-05,over,under,0.47476897557344894,0.4820021899739013,1.9523809523809523,1.8695652173913042,-105.0,-115.0,6.0,6.0,0.16061113476694835,True,,5.0,1.0,2025_11_05_NHL_merged.csv,2025_11_05_NHL_final_scores.csv,total
total,2025020216,2025-11-05,over,under,0.4285915160101017,0.4357048139299537,1.9523809523809523,1.8695652173913042,-105.0,-115.0,6.0,6.0,0.16001984142977668,False,1.0,2.0,5.0,2025_11_05_NHL_merged.csv,2025_11_05_NHL_final_scores.csv,total
total,2025020217,2025-11-05,over,under,0.48429222745408296,0.4915347500563827,1.8,2.05,-125.0,105.0,6.0,6.0,0.16053825175092262,False,1.0,1.0,6.0,2025_11_05_NHL_merged.csv,2025_11_05_NHL_final_scores.csv,total
total,2025020218,2025-11-06,over,under,0.4975459613780876,0.5047926791003954,1.9090909090909092,1.9090909090909092,-110.0,-110.0,6.0,6.0,0.1603271728750268,False,0.0,3.0,2.0,2025_11_06_NHL_merged.csv,2025_11_06_NHL_final_scores.csv,total
total,2025020219,2025-11-06,over,under,0.5162944171118963,0.5235296808094725,1.8,2.05,-125.0,105.0,6.0,6.0,0.1598111570069947,False,0.0,0.0,3.0,2025_11_06_NHL_merged.csv,2025_11_06_NHL_final_scores.csv,total
total,2025020220,2025-11-06,over,under,0.46328778355853834,0.47050277171421223,1.9090909090909092,1.9090909090909092,-110.0,-110.0,6.0,6.0,0.1606110544601964,False,1.0,4.0,3.0,2025_11_06_NHL_merged.csv,2025_11_06_NHL_final_scores.csv,total
total,2025020221,2025-11-06,over,under,0.48429222745408296,0.4915347500563827,1.8,2.05,-125.0,105.0,6.0,6.0,0.16053825175092262,False,1.0,5.0,3.0,2025_11_06_NHL_merged.csv,2025_11_06_NHL_final_scores.csv,total
total,2025020222,2025-11-06,over,under,0.47285925798061623,0.48008997180847873,1.847457627118644,1.9803921568627452,-118.0,-102.0,6.0,6.0,0.16061779890046182,False,1.0,4.0,3.0,2025_11_06_NHL_merged.csv,2025_11_06_NHL_final_scores.csv,total
total,2025020223,2025-11-06,over,under,0.5133773967717443,0.5061333981891685,1.8695652173913042,1.9523809523809523,-115.0,-105.0,5.5,5.5,0.0,False,0.0,1.0,3.0,2025_11_06_NHL_merged.csv,2025_11_06_NHL_final_scores.csv,total
total,2025020224,2025-11-06,over,under,0.5200149022734664,0.5272454728393714,1.9090909090909092,1.9090909090909092,-110.0,-110.0,6.0,6.0,0.15967846424951374,False,1.0,5.0,7.0,2025_11_06_NHL_merged.csv,2025_11_06_NHL_final_scores.csv,total
total,2025020225,2025-11-06,over,under,0.5031948237869591,0.510440233795444,1.9090909090909092,1.9090909090909092,-110.0,-110.0,6.0,6.0,0.16019850392407675,False,1.0,3.0,6.0,2025_11_06_NHL_merged.csv,2025_11_06_NHL_final_scores.csv,total
total,2025020226,2025-11-06,over,under,0.49491268590868187,0.487668127535017,1.9523809523809523,1.8695652173913042,-105.0,-115.0,5.5,5.5,0.0,False,1.0,2.0,5.0,2025_11_06_NHL_merged.csv,2025_11_06_NHL_final_scores.csv,total
total,2025020227,2025-11-07,over,under,0.43439304558401676,0.4415282295033908,1.9090909090909092,1.9090909090909092,-110.0,-110.0,6.0,6.0,0.16018119407211967,False,0.0,1.0,4.0,2025_11_07_NHL_merged.csv,2025_11_07_NHL_final_scores.csv,total
total,2025020228,2025-11-07,over,under,0.5125637844243718,0.5198029496420452,1.9090909090909092,1.9090909090909092,-110.0,-110.0,6.0,6.0,0.15993413332678097,False,1.0,2.0,5.0,2025_11_07_NHL_merged.csv,2025_11_07_NHL_final_scores.csv,total
total,2025020229,2025-11-07,over,under,0.4092287708049938,0.4162548098237919,1.9090909090909092,1.9090909090909092,-110.0,-110.0,6.0,6.0,0.159296230829047,False,0.0,0.0,4.0,2025_11_07_NHL_merged.csv,2025_11_07_NHL_final_scores.csv,total
total,2025020230,2025-11-07,over,under,0.4880888900834609,0.49533365584177463,1.847457627118644,1.9803921568627452,-118.0,-102.0,6.0,6.0,0.1604908118751539,False,0.0,2.0,1.0,2025_11_07_NHL_merged.csv,2025_11_07_NHL_final_scores.csv,total
total,2025020231,2025-11-08,over,under,0.41456853232534374,0.4216208207799553,1.9523809523809523,1.8695652173913042,-105.0,-115.0,6.5,6.5,0.0,False,0.0,2.0,1.0,2025_11_08_NHL_merged.csv,2025_11_08_NHL_final_scores.csv,total
total,2025020232,2025-11-08,over,under,0.4401888008018101,0.4473438899296821,1.9803921568627452,1.847457627118644,-102.0,-118.0,6.0,6.0,0.16031714898074298,False,0.0,2.0,3.0,2025_11_08_NHL_merged.csv,2025_11_08_NHL_final_scores.csv,total
total,2025020233,2025-11-08,over,under,0.43439304558401676,0.4415282295033908,2.0,1.8333333333333335,100.0,-120.0,6.0,6.0,0.16018119407211967,False,1.0,4.0,5.0,2025_11_08_NHL_merged.csv,2025_11_08_NHL_final_scores.csv,total
total,2025020234,2025-11-08,over,under,0.4880888900834609,0.49533365584177463,1.8333333333333335,2.0,-120.0,100.0,6.0,6.0,0.1604908118751539,False,1.0,3.0,5.0,2025_11_08_NHL_merged.csv,2025_11_08_NHL_final_scores.csv,total
total,2025020235,2025-11-08,over,under,0.46520497925556314,0.4724235437956881,1.847457627118644,1.9803921568627452,-118.0,-102.0,6.0,6.0,0.1606177751050755,False,1.0,6.0,2.0,2025_11_08_NHL_merged.csv,2025_11_08_NHL_final_scores.csv,total
total,2025020236,2025-11-08,over,under,0.45368234569202104,0.4608761972058461,1.847457627118644,1.9803921568627452,-118.0,-102.0,6.0,6.0,0.1605367294552968,False,0.0,3.0,2.0,2025_11_08_NHL_merged.csv,2025_11_08_NHL_final_scores.csv,total
total,2025020237,2025-11-08,over,under,0.45752822692475625,0.4647311855019739,1.847457627118644,1.9803921568627452,-118.0,-102.0,6.0,6.0,0.16057463775533223,False,0.0,0.0,5.0,2025_11_08_NHL_merged.csv,2025_11_08_NHL_final_scores.csv,total
total,2025020238,2025-11-08,over,under,0.536623577698782,0.5438234336139708,1.8,2.05,-125.0,105.0,6.0,6.0,0.15896345468989112,False,1.0,6.0,3.0,2025_11_08_NHL_merged.csv,2025_11_08_NHL_final_scores.csv,total
total,2025020239,2025-11-08,over,under,0.5133773967717443,0.5061333981891685,1.8333333333333335,2.0,-120.0,100.0,5.5,5.5,0.0,False,1.0,3.0,4.0,2025_11_08_NHL_merged.csv,2025_11_08_NHL_final_scores.csv,total
total,2025020240,2025-11-08,over,under,0.5125637844243718,0.5198029496420452,1.847457627118644,1.9803921568627452,-118.0,-102.0,6.0,6.0,0.15993413332678097,False,1.0,1.0,9.0,2025_11_08_NHL_merged.csv,2025_11_08_NHL_final_scores.csv,total
total,2025020241,2025-11-08,over,under,0.49565866738382314,0.5029054097997746,1.9090909090909092,1.9090909090909092,-110.0,-110.0,6.0,6.0,0.16036500846611268,False,1.0,4.0,3.0,2025_11_08_NHL_merged.csv,2025_11_08_NHL_final_scores.csv,total
total,2025020242,2025-11-08,over,under,0.5457495887587182,0.5529257820119998,1.8,2.05,-125.0,105.0,6.0,6.0,0.15848495894486733,False,1.0,3.0,4.0,2025_11_08_NHL_merged.csv,2025_11_08_NHL_final_scores.csv,total
total,2025020243,2025-11-08,over,under,0.48429222745408296,0.4915347500563827,1.8333333333333335,2.0,-120.0,100.0,6.0,6.0,0.16053825175092262,False,0.0,3.0,1.0,2025_11_08_NHL_merged.csv,2025_11_08_NHL_final_scores.csv,total
total,2025020244,2025-11-09,over,under,0.4613692288081531,0.46858042409952827,1.9090909090909092,1.9090909090909092,-110.0,-110.0,6.0,6.0,0.1606016304070977,True,,1.0,5.0,2025_11_09_NHL_merged.csv,2025_11_09_NHL_final_scores.csv,total
total,2025020245,2025-11-09,over,under,0.47285925798061623,0.48008997180847873,1.9090909090909092,1.9090909090909092,-110.0,-110.0,6.0,6.0,0.16061779890046182,False,0.0,2.0,3.0,2025_11_09_NHL_merged.csv,2025_11_09_NHL_final_scores.csv,total
total,2025020246,2025-11-09,over,under,0.4861915046380302,0.4934352539346796,1.7692307692307692,2.05,-130.0,105.0,6.0,6.0,0.1605158284450604,False,1.0,4.0,5.0,2025_11_09_NHL_merged.csv,2025_11_09_NHL_final_scores.csv,total
total,2025020247,2025-11-09,over,under,0.48048816960288737,0.48772760563542633,1.847457627118644,1.9803921568627452,-118.0,-102.0,6.0,6.0,0.16057528009370858,True,,4.0,2.0,2025_11_09_NHL_merged.csv,2025_11_09_NHL_final_scores.csv,total
total,2025020248,2025-11-09,over,under,0.4034179626898786,0.4104135440687414,1.8333333333333335,2.0,-120.0,100.0,6.0,6.0,0.159022773299469,False,0.0,2.0,1.0,2025_11_09_NHL_merged.csv,2025_11_09_NHL_final_scores.csv,total
total,2025020249,2025-11-09,over,under,0.40535479370373634,0.41236074630531366,1.9523809523809523,1.8695652173913042,-105.0,-115.0,6.0,6.0,0.15911683972746823,False,0.0,2.0,0.0,2025_11_09_NHL_merged.csv,2025_11_09_NHL_final_scores.csv,total
total,2025020250,2025-11-09,over,under,0.46328778355853834,0.47050277171421223,1.847457627118644,1.9803921568627452,-118.0,-102.0,6.0,6.0,0.1606110544601964,False,1.0,4.0,5.0,2025_11_09_NHL_merged.csv,2025_11_09_NHL_final_scores.csv,total
total,2025020251,2025-11-09,over,under,0.47285925798061623,0.48008997180847873,1.9090909090909092,1.9090909090909092,-110.0,-110.0,6.0,6.0,0.16061779890046182,False,0.0,4.0,1.0,2025_11_09_NHL_merged.csv,2025_11_09_NHL_final_scores.csv,total
total,2025020252,2025-11-10,over,under,0.4880888900834609,0.49533365584177463,1.9090909090909092,1.9090909090909092,-110.0,-110.0,6.0,6.0,0.1604908118751539,False,0.0,2.0,3.0,2025_11_10_NHL_merged.csv,2025_11_10_NHL_final_scores.csv,total
total,2025020253,2025-11-10,over,under,0.5016556369817711,0.4944089918606163,1.8333333333333335,2.0,-120.0,100.0,5.5,5.5,0.0,False,1.0,6.0,3.0,2025_11_10_NHL_merged.csv,2025_11_10_NHL_final_scores.csv,total
total,2025020254,2025-11-10,over,under,0.45608479106093913,0.4632844324574624,1.8333333333333335,2.0,-120.0,100.0,6.5,6.5,0.0,False,1.0,5.0,4.0,2025_11_10_NHL_merged.csv,2025_11_10_NHL_final_scores.csv,total
total,2025020255,2025-11-10,over,under,0.43439304558401676,0.4415282295033908,1.9090909090909092,1.9090909090909092,-110.0,-110.0,6.0,6.0,0.16018119407211967,False,0.0,2.0,3.0,2025_11_10_NHL_merged.csv,2025_11_10_NHL_final_scores.csv,total
total,2025020256,2025-11-11,over,under,0.5050733030763073,0.5123178685174596,1.8,2.05,-125.0,105.0,6.0,6.0,0.16015059433311063,False,1.0,5.0,3.0,2025_11_11_NHL_merged.csv,2025_11_11_NHL_final_scores.csv,total
total,2025020257,2025-11-11,over,under,0.4266566216693117,0.43376218383711945,1.847457627118644,1.9803921568627452,-118.0,-102.0,6.0,6.0,0.1599603805611504,True,,1.0,5.0,2025_11_11_NHL_merged.csv,2025_11_11_NHL_final_scores.csv,total
total,2025020258,2025-11-11,over,under,0.46712077002642727,0.4743426948833713,1.847457627118644,1.9803921568627452,-118.0,-102.0,6.0,6.0,0.16062180103828136,False,0.0,2.0,3.0,2025_11_11_NHL_merged.csv,2025_11_11_NHL_final_scores.csv,total
total,2025020259,2025-11-11,over,under,0.45752822692475625,0.4647311855019739,1.8333333333333335,2.0,-120.0,100.0,6.0,6.0,0.16057463775533223,False,0.0,1.0,4.0,2025_11_11_NHL_merged.csv,2025_11_11_NHL_final_scores.csv,total
total,2025020260,2025-11-11,over,under,0.40729174712268545,0.41430785236057077,2.0,1.8333333333333335,100.0,-120.0,6.0,6.0,0.15920799044216824,False,0.0,3.0,2.0,2025_11_11_NHL_merged.csv,2025_11_11_NHL_final_scores.csv,total
total,2025020261,2025-11-11,over,under,0.44336110335278356,0.4505262587697026,1.9090909090909092,1.9090909090909092,-110.0,-110.0,6.5,6.5,0.0,False,0.0,1.0,2.0,2025_11_11_NHL_merged.csv,2025_11_11_NHL_final_scores.csv,total
total,2025020262,2025-11-11,over,under,0.48133493845394226,0.48857513422719434,1.7407407407407407,2.1,-135.0,110.0,6.5,6.5,0.0,False,0.0,4.0,1.0,2025_11_11_NHL_merged.csv,2025_11_11_NHL_final_scores.csv,total
total,2025020263,2025-11-11,over,under,0.41697653079024266,0.4240401118500981,2.0,1.8333333333333335,100.0,-120.0,6.0,6.0,0.159620201262441,False,1.0,3.0,5.0,2025_11_11_NHL_merged.csv,2025_11_11_NHL_final_scores.csv,total
total,2025020264,2025-11-11,over,under,0.5329523988236977,0.5401604167347364,1.847457627118644,1.9803921568627452,-118.0,-102.0,6.0,6.0,0.15913878413008045,False,0.0,1.0,2.0,2025_11_11_NHL_merged.csv,2025_11_11_NHL_final_scores.csv,total
total,2025020265,2025-11-12,over,under,0.4208494883507122,0.42793052208836424,1.9090909090909092,1.9090909090909092,-110.0,-110.0,6.0,6.0,0.15976487382793406,False,1.0,3.0,7.0,2025_11_12_NHL_merged.csv,2025_11_12_NHL_final_scores.csv,total
total,2025020266,2025-11-12,over,under,0.4440487729556887,0.45121603316425246,1.9090909090909092,1.9090909090909092,-110.0,-110.0,6.0,6.0,0.16039377252346934,False,0.0,1.0,2.0,2025_11_12_NHL_merged.csv,2025_11_12_NHL_final_scores.csv,total
total,2025020267,2025-11-12,over,under,0.44336110335278356,0.4505262587697026,1.9523809523809523,1.8695652173913042,-105.0,-115.0,6.5,6.5,0.0,False,1.0,5.0,2.0,2025_11_12_NHL_merged.csv,2025_11_12_NHL_final_scores.csv,total
total,2025020268,2025-11-12,over,under,0.45175769268870103,0.458946663480686,1.847457627118644,1.9803921568627452,-118.0,-102.0,6.0,6.0,0.16051366120342028,False,1.0,3.0,4.0,2025_11_12_NHL_merged.csv,2025_11_12_NHL_final_scores.csv,total
total,2025020269,2025-11-13,over,under,0.4613692288081531,0.46858042409952827,1.9090909090909092,1.9090909090909092,-110.0,-110.0,6.0,6.0,0.1606016304070977,False,1.0,3.0,4.0,2025_11_13_NHL_merged.csv,2025_11_13_NHL_final_scores.csv,total
total,2025020270,2025-11-13,over,under,0.47094795460456723,0.4781759536426692,2.0,1.8333333333333335,100.0,-120.0,6.0,6.0,0.16062180401276427,False,1.0,0.0,7.0,2025_11_13_NHL_merged.csv,2025_11_13_NHL_final_scores.csv,total
total,2025020271,2025-11-13,over,under,0.47476897557344894,0.4820021899739013,1.9090909090909092,1.9090909090909092,-110.0,-110.0,6.0,6.0,0.16061113476694835,False,1.0,5.0,3.0,2025_11_13_NHL_merged.csv,2025_11_13_NHL_final_scores.csv,total
total,2025020272,2025-11-13,over,under,0.5347894380127141,0.5419934690507292,1.8,2.05,-125.0,105.0,6.0,6.0,0.15905227859914503,False,1.0,6.0,3.0,2025_11_13_NHL_merged.csv,2025_11_13_NHL_final_scores.csv,total
total,2025020273,2025-11-13,over,under,0.4830396651122706,0.47580518256752286,1.8695652173913042,1.9523809523809523,-115.0,-105.0,5.5,5.5,0.0,False,1.0,6.0,3.0,2025_11_13_NHL_merged.csv,2025_11_13_NHL_final_scores.csv,total
total,2025020274,2025-11-13,over,under,0.4734763774820001,0.48070792253184497,1.8333333333333335,2.0,-120.0,100.0,6.5,6.5,0.0,False,1.0,5.0,4.0,2025_11_13_NHL_merged.csv,2025_11_13_NHL_final_scores.csv,total
total,2025020275,2025-11-13,over,under,0.4891605790710861,0.4964058266433208,1.8333333333333335,2.0,-120.0,100.0,6.5,6.5,0.0,False,1.0,6.0,3.0,2025_11_13_NHL_merged.csv,2025_11_13_NHL_final_scores.csv,total
total,2025020276,2025-11-13,over,under,0.4823911013931748,0.4896321864430966,1.9090909090909092,1.9090909090909092,-110.0,-110.0,6.0,6.0,0.16055807215358792,False,0.0,2.0,0.0,2025_11_13_NHL_merged.csv,2025_11_13_NHL_final_scores.csv,total
total,2025020277,2025-11-13,over,under,0.5125637844243718,0.5198029496420452,1.847457627118644,1.9803921568627452,-118.0,-102.0,6.0,6.0,0.15993413332678097,False,1.0,3.0,4.0,2025_11_13_NHL_merged.csv,2025_11_13_NHL_final_scores.csv,total
total,2025020278,2025-11-13,over,under,0.47792459016145084,0.47069696339456907,1.8333333333333335,2.0,-120.0,100.0,5.5,5.5,0.0,False,1.0,5.0,3.0,2025_11_13_NHL_merged.csv,2025_11_13_NHL_final_scores.csv,total
total,2025020279,2025-11-14,over,under,0.48429222745408296,0.4915347500563827,1.8333333333333335,2.0,-120.0,100.0,6.0,6.0,0.16053825175092262,False,1.0,4.0,3.0,2025_11_14_NHL_merged.csv,2025_11_14_NHL_final_scores.csv,total
total,2025020280,2025-11-14,over,under,0.5033364008980014,0.4960896459267306,1.8695652173913042,1.9523809523809523,-115.0,-105.0,5.5,5.5,0.0,False,1.0,5.0,6.0,2025_11_14_NHL_merged.csv,2025_11_14_NHL_final_scores.csv,total
total,2025020281,2025-11-14,over,under,0.40493931612944056,0.41194306242784184,1.9803921568627452,1.847457627118644,-102.0,-118.0,6.5,6.5,0.0,False,0.0,2.0,1.0,2025_11_14_NHL_merged.csv,2025_11_14_NHL_final_scores.csv,total
total,2025020282,2025-11-14,over,under,0.42098155167208096,0.4280631650902784,1.9523809523809523,1.8695652173913042,-105.0,-115.0,6.5,6.5,0.0,False,0.0,2.0,3.0,2025_11_14_NHL_merged.csv,2025_11_14_NHL_final_scores.csv,total
total,2025020283,2025-11-15,over,under,0.5200282110097943,0.5127892587191359,1.8695652173913042,1.9523809523809523,-115.0,-105.0,5.5,5.5,0.0,False,0.0,1.0,3.0,2025_11_15_NHL_merged.csv,2025_11_15_NHL_final_scores.csv,total
total,2025020284,2025-11-15,over,under,0.43697972129157814,0.44412403088152164,1.9090909090909092,1.9090909090909092,-110.0,-110.0,6.5,6.5,0.0,False,0.0,2.0,0.0,2025_11_15_NHL_merged.csv,2025_11_15_NHL_final_scores.csv,total
total,2025020285,2025-11-15,over,under,0.4918778157560807,0.4991239863316048,1.847457627118644,1.9803921568627452,-118.0,-102.0,6.0,6.0,0.1604330378918504,False,0.0,2.0,3.0,2025_11_15_NHL_merged.csv,2025_11_15_NHL_final_scores.csv,total
total,2025020286,2025-11-15,over,under,0.5050151278750382,0.49776842666849846,1.9090909090909092,1.9090909090909092,-110.0,-110.0,5.5,5.5,0.0,False,0.0,0.0,1.0,2025_11_15_NHL_merged.csv,2025_11_15_NHL_final_scores.csv,total
total,2025020287,2025-11-15,over,under,0.4465471914090866,0.45372186688179644,1.9090909090909092,1.9090909090909092,-110.0,-110.0,6.5,6.5,0.0,False,1.0,4.0,5.0,2025_11_15_NHL_merged.csv,2025_11_15_NHL_final_scores.csv,total
total,2025020288,2025-11-15,over,under,0.5299361362247547,0.5227094647357668,1.8333333333333335,2.0,-120.0,100.0,5.5,5.5,0.0,False,0.0,2.0,3.0,2025_11_15_NHL_merged.csv,2025_11_15_NHL_final_scores.csv,total
total,2025020289,2025-11-15,over,under,0.5329523988236977,0.5401604167347364,1.847457627118644,1.9803921568627452,-118.0,-102.0,6.0,6.0,0.15913878413008045,False,1.0,3.0,4.0,2025_11_15_NHL_merged.csv,2025_11_15_NHL_final_scores.csv,total
total,2025020290,2025-11-15,over,under,0.4861915046380302,0.4934352539346796,1.8333333333333335,2.0,-120.0,100.0,6.0,6.0,0.1605158284450604,False,0.0,1.0,2.0,2025_11_15_NHL_merged.csv,2025_11_15_NHL_final_scores.csv,total
total,2025020291,2025-11-15,over,under,0.5106947579976475,0.5179355749068307,1.9090909090909092,1.9090909090909092,-110.0,-110.0,6.0,6.0,0.159991950961624,False,0.0,3.0,2.0,2025_11_15_NHL_merged.csv,2025_11_15_NHL_final_scores.csv,total
total,2025020292,2025-11-15,over,under,0.47476897557344894,0.4820021899739013,1.8695652173913042,1.9523809523809523,-115.0,-105.0,6.0,6.0,0.16061113476694835,False,0.0,1.0,4.0,2025_11_15_NHL_merged.csv,2025_11_15_NHL_final_scores.csv,total
total,2025020293,2025-11-15,over,under,0.4999728596886861,0.4927264885989865,1.8333333333333335,2.0,-120.0,100.0,5.5,5.5,0.0,False,1.0,5.0,1.0,2025_11_15_NHL_merged.csv,2025_11_15_NHL_final_scores.csv,total
total,2025020294,2025-11-15,over,under,0.4745061750138979,0.4672839737572971,1.8333333333333335,2.0,-120.0,100.0,5.5,5.5,0.0,False,1.0,3.0,4.0,2025_11_15_NHL_merged.csv,2025_11_15_NHL_final_scores.csv,total
total,2025020295,2025-11-15,over,under,0.5013140802281075,0.5085601309904587,1.847457627118644,1.9803921568627452,-118.0,-102.0,6.0,6.0,0.1602439104033816,False,0.0,4.0,1.0,2025_11_15_NHL_merged.csv,2025_11_15_NHL_final_scores.csv,total
total,2025020296,2025-11-16,over,under,0.5162944171118963,0.5235296808094725,1.8333333333333335,2.0,-120.0,100.0,6.0,6.0,0.1598111570069947,False,0.0,4.0,0.0,2025_11_16_NHL_merged.csv,2025_11_16_NHL_final_scores.csv,total
total,2025020297,2025-11-16,over,under,0.48048816960288737,0.48772760563542633,1.8,2.05,-125.0,105.0,6.0,6.0,0.16057528009370858,False,1.0,2.0,6.0,2025_11_16_NHL_merged.csv,2025_11_16_NHL_final_scores.csv,total
total,2025020298,2025-11-16,over,under,0.4899843412170889,0.4972299138478802,1.847457627118644,1.9803921568627452,-118.0,-102.0,6.0,6.0,0.1604632117589947,False,0.0,3.0,2.0,2025_11_16_NHL_merged.csv,2025_11_16_NHL_final_scores.csv,total
total,2025020299,2025-11-16,over,under,0.4285915160101017,0.4357048139299537,1.9090909090909092,1.9090909090909092,-110.0,-110.0,6.0,6.0,0.16001984142977668,False,0.0,1.0,2.0,2025_11_16_NHL_merged.csv,2025_11_16_NHL_final_scores.csv,total
total,2025020300,2025-11-16,over,under,0.5384547834148421,0.545650276994128,1.8,2.05,-125.0,105.0,6.0,6.0,0.1588723237678989,False,0.0,4.0,1.0,2025_11_16_NHL_merged.csv,2025_11_16_NHL_final_scores.csv,total
total,2025020301,2025-11-17,over,under,0.49943111259273876,0.5066775995145438,1.8,2.05,-125.0,105.0,6.0,6.0,0.1602868034656701,False,0.0,1.0,3.0,2025_11_17_NHL_merged.csv,2025_11_17_NHL_final_scores.csv,total
total,2025020302,2025-11-17,over,under,0.457671134899464,0.46487441530131074,1.8333333333333335,2.0,-120.0,100.0,6.5,6.5,0.0,False,0.0,5.0,1.0,2025_11_17_NHL_merged.csv,2025_11_17_NHL_final_scores.csv,total
total,2025020303,2025-11-17,over,under,0.5066917945331001,0.4994453101310527,1.8,2.05,-125.0,105.0,5.5,5.5,0.0,False,1.0,8.0,5.0,2025_11_17_NHL_merged.csv,2025_11_17_NHL_final_scores.csv,total
total,2025020304,2025-11-17,over,under,0.47792459016145084,0.47069696339456907,1.9090909090909092,1.9090909090909092,-110.0,-110.0,5.5,5.5,0.0,False,0.0,2.0,1.0,2025_11_17_NHL_merged.csv,2025_11_17_NHL_final_scores.csv,total
total,2025020305,2025-11-17,over,under,0.5384547834148421,0.545650276994128,1.8,2.05,-125.0,105.0,6.0,6.0,0.1588723237678989,False,1.0,4.0,3.0,2025_11_17_NHL_merged.csv,2025_11_17_NHL_final_scores.csv,total
total,2025020306,2025-11-17,over,under,0.4513200399197346,0.45850787078367966,1.9090909090909092,1.9090909090909092,-110.0,-110.0,6.5,6.5,0.0,False,0.0,3.0,2.0,2025_11_17_NHL_merged.csv,2025_11_17_NHL_final_scores.csv,total
total,2025020307,2025-11-18,over,under,0.4975459613780876,0.5047926791003954,1.9803921568627452,1.847457627118644,-102.0,-118.0,6.0,6.0,0.1603271728750268,False,0.0,3.0,2.0,2025_11_18_NHL_merged.csv,2025_11_18_NHL_final_scores.csv,total
total,2025020308,2025-11-18,over,under,0.4421192059272913,0.4492804904058336,1.847457627118644,1.9803921568627452,-118.0,-102.0,6.0,6.0,0.1603568570920638,True,,4.0,2.0,2025_11_18_NHL_merged.csv,2025_11_18_NHL_final_scores.csv,total
total,2025020309,2025-11-18,over,under,0.47094795460456723,0.4781759536426692,1.8333333333333335,2.0,-120.0,100.0,6.0,6.0,0.16062180401276427,True,,5.0,1.0,2025_11_18_NHL_merged.csv,2025_11_18_NHL_final_scores.csv,total
total,2025020310,2025-11-18,over,under,0.48429222745408296,0.4915347500563827,1.847457627118644,1.9803921568627452,-118.0,-102.0,6.0,6.0,0.16053825175092262,False,0.0,2.0,3.0,2025_11_18_NHL_merged.csv,2025_11_18_NHL_final_scores.csv,total
total,2025020311,2025-11-18,over,under,0.4918778157560807,0.4991239863316048,1.847457627118644,1.9803921568627452,-118.0,-102.0,6.0,6.0,0.1604330378918504,False,1.0,5.0,2.0,2025_11_18_NHL_merged.csv,2025_11_18_NHL_final_scores.csv,total
total,2025020312,2025-11-18,over,under,0.41697653079024266,0.4240401118500981,1.847457627118644,1.9803921568627452,-118.0,-102.0,6.0,6.0,0.159620201262441,False,1.0,5.0,2.0,2025_11_18_NHL_merged.csv,2025_11_18_NHL_final_scores.csv,total
total,2025020313,2025-11-18,over,under,0.4363256715377491,0.44346771050673706,1.847457627118644,1.9803921568627452,-118.0,-102.0,6.0,6.0,0.1602293248124962,False,0.0,3.0,2.0,2025_11_18_NHL_merged.csv,2025_11_18_NHL_final_scores.csv,total
total,2025020314,2025-11-18,over,under,0.44972995932603554,0.45691355476503676,1.9523809523809523,1.8695652173913042,-105.0,-115.0,6.5,6.5,0.0,False,0.0,3.0,2.0,2025_11_18_NHL_merged.csv,2025_11_18_NHL_final_scores.csv,total
total,2025020315,2025-11-19,over,under,0.46328778355853834,0.47050277171421223,1.847457627118644,1.9803921568627452,-118.0,-102.0,6.0,6.0,0.1606110544601964,False,1.0,7.0,4.0,2025_11_19_NHL_merged.csv,2025_11_19_NHL_final_scores.csv,total
total,2025020316,2025-11-19,over,under,0.46712077002642727,0.4743426948833713,1.847457627118644,1.9803921568627452,-118.0,-102.0,6.0,6.0,0.16062180103828136,False,1.0,2.0,6.0,2025_11_19_NHL_merged.csv,2025_11_19_NHL_final_scores.csv,total
total,2025020317,2025-11-19,over,under,0.5237249395823605,0.5309500326937886,1.8695652173913042,1.9523809523809523,-115.0,-105.0,6.0,6.0,0.15953614185304393,False,1.0,4.0,3.0,2025_11_19_NHL_merged.csv,2025_11_19_NHL_final_scores.csv,total
total,2025020318,2025-11-19,over,under,0.4655875375638088,0.47280679016346033,1.9523809523809523,1.8695652173913042,-105.0,-115.0,6.5,6.5,0.0,False,1.0,4.0,3.0,2025_11_19_NHL_merged.csv,2025_11_19_NHL_final_scores.csv,total
total,2025020319,2025-11-20,over,under,0.46716759855368784,0.4743896028771796,1.9090909090909092,1.9090909090909092,-110.0,-110.0,6.5,6.5,0.0,False,0.0,2.0,3.0,2025_11_20_NHL_merged.csv,2025_11_20_NHL_final_scores.csv,total
total,2025020320,2025-11-20,over,under,0.4401888008018101,0.4473438899296821,1.9090909090909092,1.9090909090909092,-110.0,-110.0,6.0,6.0,0.16031714898074298,False,1.0,4.0,8.0,2025_11_20_NHL_merged.csv,2025_11_20_NHL_final_scores.csv,total
total,2025020321,2025-11-20,over,under,0.4861915046380302,0.4934352539346796,1.8695652173913042,1.9523809523809523,-115.0,-105.0,6.0,6.0,0.1605158284450604,False,0.0,0.0,5.0,2025_11_20_NHL_merged.csv,2025_11_20_NHL_final_scores.csv,total
total,2025020322,2025-11-20,over,under,0.4918778157560807,0.4991239863316048,1.8,2.05,-125.0,105.0,6.0,6.0,0.1604330378918504,False,0.0,2.0,1.0,2025_11_20_NHL_merged.csv,2025_11_20_NHL_final_scores.csv,total
total,2025020323,2025-11-20,over,under,0.4305259180953313,0.43764673154229206,1.9803921568627452,1.847457627118644,-102.0,-118.0,6.0,6.0,0.16007645939144471,False,0.0,1.0,0.0,2025_11_20_NHL_merged.csv,2025_11_20_NHL_final_scores.csv,total
total,2025020324,2025-11-20,over,under,0.49828809276358155,0.4910421604444615,1.9523809523809523,1.8695652173913042,-105.0,-115.0,5.5,5.5,0.0,False,0.0,3.0,2.0,2025_11_20_NHL_merged.csv,2025_11_20_NHL_final_scores.csv,total
total,2025020325,2025-11-20,over,under,0.5249926429178637,0.5177591312548488,1.8333333333333335,2.0,-120.0,100.0,5.5,5.5,0.0,False,0.0,2.0,3.0,2025_11_20_NHL_merged.csv,2025_11_20_NHL_final_scores.csv,total
total,2025020326,2025-11-20,over,under,0.47094795460456723,0.4781759536426692,1.847457627118644,1.9803921568627452,-118.0,-102.0,6.0,6.0,0.16062180401276427,False,1.0,6.0,3.0,2025_11_20_NHL_merged.csv,2025_11_20_NHL_final_scores.csv,total
total,2025020327,2025-11-20,over,under,0.4766770628408286,0.48391256410876066,1.8333333333333335,2.0,-120.0,100.0,6.0,6.0,0.16060182075495943,False,0.0,1.0,4.0,2025_11_20_NHL_merged.csv,2025_11_20_NHL_final_scores.csv,total
total,2025020328,2025-11-20,over,under,0.45368234569202104,0.4608761972058461,1.8695652173913042,1.9523809523809523,-115.0,-105.0,6.0,6.0,0.1605367294552968,True,,2.0,4.0,2025_11_20_NHL_merged.csv,2025_11_20_NHL_final_scores.csv,total
total,2025020329,2025-11-20,over,under,0.4481390020756848,0.4553182124498473,1.9090909090909092,1.9090909090909092,-110.0,-110.0,6.5,6.5,0.0,False,0.0,2.0,3.0,2025_11_20_NHL_merged.csv,2025_11_20_NHL_final_scores.csv,total
total,2025020330,2025-11-20,over,under,0.48048816960288737,0.48772760563542633,2.0,1.8333333333333335,100.0,-120.0,6.0,6.0,0.16057528009370858,False,1.0,4.0,3.0,2025_11_20_NHL_merged.csv,2025_11_20_NHL_final_scores.csv,total
total,2025020331,2025-11-21,over,under,0.5088233096062542,0.5160655776768094,1.9090909090909092,1.9090909090909092,-110.0,-110.0,6.0,6.0,0.1600473073780198,False,1.0,9.0,3.0,2025_11_21_NHL_merged.csv,2025_11_21_NHL_final_scores.csv,total
total,2025020332,2025-11-21,over,under,0.5814397331671511,0.5884772530546833,1.8333333333333335,2.0,-120.0,100.0,6.0,6.0,0.15602339908772234,False,0.0,0.0,5.0,2025_11_21_NHL_merged.csv,2025_11_21_NHL_final_scores.csv,total
total,2025020333,2025-11-21,over,under,0.4440487729556887,0.45121603316425246,1.9090909090909092,1.9090909090909092,-110.0,-110.0,6.0,6.0,0.16039377252346934,False,1.0,3.0,4.0,2025_11_21_NHL_merged.csv,2025_11_21_NHL_final_scores.csv,total
total,2025020334,2025-11-21,over,under,0.5233401306016411,0.5161046489961589,1.8695652173913042,1.9523809523809523,-115.0,-105.0,5.5,5.5,0.0,False,0.0,1.0,2.0,2025_11_21_NHL_merged.csv,2025_11_21_NHL_final_scores.csv,total
total,2025020335,2025-11-22,over,under,0.4449545506795517,0.45212454122622925,1.9090909090909092,1.9090909090909092,-110.0,-110.0,6.5,6.5,0.0,False,1.0,4.0,3.0,2025_11_22_NHL_merged.csv,2025_11_22_NHL_final_scores.csv,total
total,2025020336,2025-11-22,over,under,0.47094795460456723,0.4781759536426692,1.8695652173913042,1.9523809523809523,-115.0,-105.0,6.0,6.0,0.16062180401276427,False,0.0,1.0,2.0,2025_11_22_NHL_merged.csv,2025_11_22_NHL_final_scores.csv,total
total,2025020337,2025-11-22,over,under,0.4975459613780876,0.5047926791003954,1.9523809523809523,1.8695652173913042,-105.0,-115.0,6.0,6.0,0.1603271728750268,False,1.0,5.0,2.0,2025_11_22_NHL_merged.csv,2025_11_22_NHL_final_scores.csv,total
total,2025020338,2025-11-22,over,under,0.44597745334556943,0.45315046984038715,1.9523809523809523,1.8695652173913042,-105.0,-115.0,6.0,6.0,0.1604279028843402,False,1.0,3.0,6.0,2025_11_22_NHL_merged.csv,2025_11_22_NHL_final_scores.csv,total
total,2025020339,2025-11-22,over,under,0.5200282110097943,0.5127892587191359,1.9523809523809523,1.8695652173913042,-105.0,-115.0,5.5,5.5,0.0,False,1.0,6.0,3.0,2025_11_22_NHL_merged.csv,2025_11_22_NHL_final_scores.csv,total
total,2025020340,2025-11-22,over,under,0.559126926421404,0.5519696163832604,1.8,2.05,-125.0,105.0,5.5,5.5,0.0,False,0.0,2.0,3.0,2025_11_22_NHL_merged.csv,2025_11_22_NHL_final_scores.csv,total
total,2025020341,2025-11-22,over,under,0.516707241526556,0.509465448527562,1.8,2.05,-125.0,105.0,5.5,5.5,0.0,False,1.0,3.0,5.0,2025_11_22_NHL_merged.csv,2025_11_22_NHL_final_scores.csv,total
total,2025020342,2025-11-22,over,under,0.529269761443578,0.5364851842656163,1.9090909090909092,1.9090909090909092,-110.0,-110.0,6.0,6.0,0.1593047948442344,False,0.0,2.0,3.0,2025_11_22_NHL_merged.csv,2025_11_22_NHL_final_scores.csv,total
total,2025020343,2025-11-22,over,under,0.4880888900834609,0.49533365584177463,1.9090909090909092,1.9090909090909092,-110.0,-110.0,6.0,6.0,0.1604908118751539,False,0.0,0.0,3.0,2025_11_22_NHL_merged.csv,2025_11_22_NHL_final_scores.csv,total
total,2025020344,2025-11-22,over,under,0.4247212853000252,0.43181889149669334,1.847457627118644,1.9803921568627452,-118.0,-102.0,6.0,6.0,0.15989807005897017,False,0.0,3.0,2.0,2025_11_22_NHL_merged.csv,2025_11_22_NHL_final_scores.csv,total
total,2025020345,2025-11-22,over,under,0.4092287708049938,0.4162548098237919,1.847457627118644,1.9803921568627452,-118.0,-102.0,6.0,6.0,0.159296230829047,False,0.0,3.0,2.0,2025_11_22_NHL_merged.csv,2025_11_22_NHL_final_scores.csv,total
total,2025020346,2025-11-22,over,under,0.5384547834148421,0.545650276994128,1.7692307692307692,2.05,-130.0,105.0,6.0,6.0,0.1588723237678989,False,1.0,4.0,3.0,2025_11_22_NHL_merged.csv,2025_11_22_NHL_final_scores.csv,total
total,2025020347,2025-11-23,over,under,0.4513200399197346,0.45850787078367966,1.9090909090909092,1.9090909090909092,-110.0,-110.0,6.5,6.5,0.0,False,0.0,4.0,1.0,2025_11_23_NHL_merged.csv,2025_11_23_NHL_final_scores.csv,total
total,2025020348,2025-11-23,over,under,0.4421192059272913,0.4492804904058336,1.9090909090909092,1.9090909090909092,-110.0,-110.0,6.0,6.0,0.1603568570920638,False,0.0,0.0,3.0,2025_11_23_NHL_merged.csv,2025_11_23_NHL_final_scores.csv,total
total,2025020349,2025-11-23,over,under,0.4766770628408286,0.48391256410876066,1.9523809523809523,1.8695652173913042,-105.0,-115.0,6.0,6.0,0.16060182075495943,False,0.0,1.0,0.0,2025_11_23_NHL_merged.csv,2025_11_23_NHL_final_scores.csv,total
total,2025020350,2025-11-23,over,under,0.4241855134068494,0.43128087848171776,1.9090909090909092,1.9090909090909092,-110.0,-110.0,6.5,6.5,0.0,False,0.0,0.0,1.0,2025_11_23_NHL_merged.csv,2025_11_23_NHL_final_scores.csv,total
total,2025020351,2025-11-23,over,under,0.5511882462499255,0.5583480510497707,1.847457627118644,1.9803921568627452,-118.0,-102.0,6.0,6.0,0.1581707756192153,False,0.0,3.0,1.0,2025_11_23_NHL_merged.csv,2025_11_23_NHL_final_scores.csv,total
total,2025020352,2025-11-23,over,under,0.5050151278750382,0.49776842666849846,1.8333333333333335,2.0,-120.0,100.0,5.5,5.5,0.0,False,1.0,2.0,5.0,2025_11_23_NHL_merged.csv,2025_11_23_NHL_final_scores.csv,total
total,2025020353,2025-11-24,over,under,0.4999728596886861,0.4927264885989865,1.8695652173913042,1.9523809523809523,-115.0,-105.0,5.5,5.5,0.0,False,0.0,3.0,0.0,2025_11_24_NHL_merged.csv,2025_11_24_NHL_final_scores.csv,total
total,2025020354,2025-11-24,over,under,0.4899843412170889,0.4972299138478802,2.0,1.8333333333333335,100.0,-120.0,6.0,6.0,0.1604632117589947,False,1.0,4.0,3.0,2025_11_24_NHL_merged.csv,2025_11_24_NHL_final_scores.csv,total
total,2025020355,2025-11-24,over,under,0.5066917945331001,0.4994453101310527,1.8333333333333335,2.0,-120.0,100.0,5.5,5.5,0.0,False,0.0,3.0,2.0,2025_11_24_NHL_merged.csv,2025_11_24_NHL_final_scores.csv,total
total,2025020356,2025-11-24,over,under,0.4880888900834609,0.49533365584177463,1.847457627118644,1.9803921568627452,-118.0,-102.0,6.0,6.0,0.1604908118751539,True,,5.0,1.0,2025_11_24_NHL_merged.csv,2025_11_24_NHL_final_scores.csv,total
total,2025020357,2025-11-24,over,under,0.4034179626898786,0.4104135440687414,2.0,1.8333333333333335,100.0,-120.0,6.0,6.0,0.159022773299469,False,1.0,3.0,8.0,2025_11_24_NHL_merged.csv,2025_11_24_NHL_final_scores.csv,total
total,2025020358,2025-11-24,over,under,0.47094795460456723,0.4781759536426692,1.8333333333333335,2.0,-120.0,100.0,6.0,6.0,0.16062180401276427,True,,5.0,1.0,2025_11_24_NHL_merged.csv,2025_11_24_NHL_final_scores.csv,total
total,2025020359,2025-11-24,over,under,0.5066917945331001,0.4994453101310527,1.9523809523809523,1.8695652173913042,-105.0,-115.0,5.5,5.5,0.0,False,0.0,2.0,1.0,2025_11_24_NHL_merged.csv,2025_11_24_NHL_final_scores.csv,total
total,2025020360,2025-11-25,over,under,0.4861915046380302,0.4934352539346796,1.8695652173913042,1.9523809523809523,-115.0,-105.0,6.0,6.0,0.1605158284450604,False,1.0,3.0,8.0,2025_11_25_NHL_merged.csv,2025_11_25_NHL_final_scores.csv,total
total,2025020361,2025-11-26,over,under,0.44597745334556943,0.45315046984038715,1.8695652173913042,1.9523809523809523,-115.0,-105.0,6.0,6.0,0.1604279028843402,False,1.0,3.0,6.0,2025_11_26_NHL_merged.csv,2025_11_26_NHL_final_scores.csv,total
total,2025020362,2025-11-26,over,under,0.41310282116383307,0.42014807022406053,2.0,1.8333333333333335,100.0,-120.0,6.0,6.0,0.159464002800042,True,,5.0,1.0,2025_11_26_NHL_merged.csv,2025_11_26_NHL_final_scores.csv,total
total,2025020363,2025-11-26,over,under,0.462492367282888,0.4552945931953198,1.8695652173913042,1.9523809523809523,-115.0,-105.0,5.5,5.5,0.0,False,1.0,2.0,4.0,2025_11_26_NHL_merged.csv,2025_11_26_NHL_final_scores.csv,total
total,2025020364,2025-11-26,over,under,0.5575274436745259,0.5503650486745488,1.8695652173913042,1.9523809523809523,-115.0,-105.0,5.5,5.5,0.0,False,0.0,3.0,2.0,2025_11_26_NHL_merged.csv,2025_11_26_NHL_final_scores.csv,total
total,2025020365,2025-11-26,over,under,0.5013140802281075,0.5085601309904587,1.9090909090909092,1.9090909090909092,-110.0,-110.0,6.0,6.0,0.1602439104033816,False,0.0,1.0,3.0,2025_11_26_NHL_merged.csv,2025_11_26_NHL_final_scores.csv,total
total,2025020366,2025-11-26,over,under,0.46716759855368784,0.4743896028771796,1.9523809523809523,1.8695652173913042,-105.0,-115.0,6.5,6.5,0.0,False,0.0,4.0,2.0,2025_11_26_NHL_merged.csv,2025_11_26_NHL_final_scores.csv,total
total,2025020367,2025-11-26,over,under,0.3898679830311854,0.39678487317323974,1.8695652173913042,1.9523809523809523,-115.0,-105.0,6.0,6.0,0.15828224339064978,False,1.0,4.0,3.0,2025_11_26_NHL_merged.csv,2025_11_26_NHL_final_scores.csv,total
total,2025020368,2025-11-26,over,under,0.4440487729556887,0.45121603316425246,1.9090909090909092,1.9090909090909092,-110.0,-110.0,6.0,6.0,0.16039377252346934,True,,2.0,4.0,2025_11_26_NHL_merged.csv,2025_11_26_NHL_final_scores.csv,total
total,2025020369,2025-11-26,over,under,0.5493785156975484,0.5565439633213031,1.7692307692307692,2.05,-130.0,105.0,6.0,6.0,0.15827773343902804,False,0.0,1.0,2.0,2025_11_26_NHL_merged.csv,2025_11_26_NHL_final_scores.csv,total
total,2025020370,2025-11-26,over,under,0.4766770628408286,0.48391256410876066,2.0,1.8333333333333335,100.0,-120.0,6.0,6.0,0.16060182075495943,False,1.0,3.0,4.0,2025_11_26_NHL_merged.csv,2025_11_26_NHL_final_scores.csv,total
total,2025020371,2025-11-26,over,under,0.5814397331671511,0.5884772530546833,1.8333333333333335,2.0,-120.0,100.0,6.0,6.0,0.15602339908772234,True,,6.0,0.0,2025_11_26_NHL_merged.csv,2025_11_26_NHL_final_scores.csv,total
total,2025020372,2025-11-26,over,under,0.47476897557344894,0.4820021899739013,1.8,2.05,-125.0,105.0,6.0,6.0,0.16061113476694835,False,1.0,3.0,4.0,2025_11_26_NHL_merged.csv,2025_11_26_NHL_final_scores.csv,total
total,2025020373,2025-11-26,over,under,0.46712077002642727,0.4743426948833713,2.0,1.8333333333333335,100.0,-120.0,6.0,6.0,0.16062180103828136,False,1.0,3.0,4.0,2025_11_26_NHL_merged.csv,2025_11_26_NHL_final_scores.csv,total
total,2025020374,2025-11-26,over,under,0.44176687300635453,0.4489270429195253,1.9090909090909092,1.9090909090909092,-110.0,-110.0,6.5,6.5,0.0,False,1.0,4.0,5.0,2025_11_26_NHL_merged.csv,2025_11_26_NHL_final_scores.csv,total
total,2025020375,2025-11-26,over,under,0.5150434175302715,0.5078004420319064,1.8,2.05,-125.0,105.0,5.5,5.5,0.0,False,0.0,2.0,3.0,2025_11_26_NHL_merged.csv,2025_11_26_NHL_final_scores.csv,total
total,2025020376,2025-11-28,over,under,0.4421192059272913,0.4492804904058336,1.8695652173913042,1.9523809523809523,-115.0,-105.0,6.0,6.0,0.1603568570920638,False,1.0,2.0,6.0,2025_11_28_NHL_merged.csv,2025_11_28_NHL_final_scores.csv,total
total,2025020377,2025-11-28,over,under,0.46328778355853834,0.47050277171421223,1.8,2.05,-125.0,105.0,6.0,6.0,0.1606110544601964,False,1.0,3.0,6.0,2025_11_28_NHL_merged.csv,2025_11_28_NHL_final_scores.csv,total
total,2025020378,2025-11-28,over,under,0.5329523988236977,0.5401604167347364,1.8333333333333335,2.0,-120.0,100.0,6.0,6.0,0.15913878413008045,False,0.0,3.0,2.0,2025_11_28_NHL_merged.csv,2025_11_28_NHL_final_scores.csv,total
total,2025020379,2025-11-28,over,under,0.5347894380127141,0.5419934690507292,1.8333333333333335,2.0,-120.0,100.0,6.0,6.0,0.15905227859914503,False,0.0,0.0,5.0,2025_11_28_NHL_merged.csv,2025_11_28_NHL_final_scores.csv,total
total,2025020380,2025-11-28,over,under,0.4693665320322882,0.4621537599042787,1.9090909090909092,1.9090909090909092,-110.0,-110.0,5.5,5.5,0.0,False,1.0,3.0,5.0,2025_11_28_NHL_merged.csv,2025_11_28_NHL_final_scores.csv,total
total,2025020381,2025-11-28,over,under,0.4285915160101017,0.4357048139299537,1.9523809523809523,1.8695652173913042,-105.0,-115.0,6.0,6.0,0.16001984142977668,False,1.0,3.0,4.0,2025_11_28_NHL_merged.csv,2025_11_28_NHL_final_scores.csv,total
total,2025020382,2025-11-28,over,under,0.5397580726618482,0.5325492058122763,1.8,2.05,-125.0,105.0,5.5,5.5,0.0,False,1.0,4.0,3.0,2025_11_28_NHL_merged.csv,2025_11_28_NHL_final_scores.csv,total
total,2025020383,2025-11-28,over,under,0.47476897557344894,0.4820021899739013,1.8695652173913042,1.9523809523809523,-115.0,-105.0,6.0,6.0,0.16061113476694835,False,0.0,1.0,4.0,2025_11_28_NHL_merged.csv,2025_11_28_NHL_final_scores.csv,total
total,2025020384,2025-11-28,over,under,0.4823911013931748,0.4896321864430966,1.9090909090909092,1.9090909090909092,-110.0,-110.0,6.0,6.0,0.16055807215358792,False,1.0,5.0,4.0,2025_11_28_NHL_merged.csv,2025_11_28_NHL_final_scores.csv,total
total,2025020385,2025-11-28,over,under,0.44017188332917234,0.447326917203289,1.8333333333333335,2.0,-120.0,100.0,6.5,6.5,0.0,False,0.0,3.0,2.0,2025_11_28_NHL_merged.csv,2025_11_28_NHL_final_scores.csv,total
total,2025020386,2025-11-28,over,under,0.45560587281488923,0.4628043868212027,1.8333333333333335,2.0,-120.0,100.0,6.0,6.0,0.16055705223244435,True,,4.0,2.0,2025_11_28_NHL_merged.csv,2025_11_28_NHL_final_scores.csv,total
total,2025020387,2025-11-28,over,under,0.4440487729556887,0.45121603316425246,1.7692307692307692,2.05,-130.0,105.0,6.0,6.0,0.16039377252346934,True,,5.0,1.0,2025_11_28_NHL_merged.csv,2025_11_28_NHL_final_scores.csv,total
total,2025020388,2025-11-28,over,under,0.4734763774820001,0.48070792253184497,1.9090909090909092,1.9090909090909092,-110.0,-110.0,6.5,6.5,0.0,False,1.0,3.0,4.0,2025_11_28_NHL_merged.csv,2025_11_28_NHL_final_scores.csv,total
total,2025020389,2025-11-28,over,under,0.43439304558401676,0.4415282295033908,1.9090909090909092,1.9090909090909092,-110.0,-110.0,6.0,6.0,0.16018119407211967,False,1.0,3.0,4.0,2025_11_28_NHL_merged.csv,2025_11_28_NHL_final_scores.csv,total
total,2025020390,2025-11-28,over,under,0.45560587281488923,0.4628043868212027,1.8695652173913042,1.9523809523809523,-115.0,-105.0,6.0,6.0,0.16055705223244435,False,1.0,4.0,3.0,2025_11_28_NHL_merged.csv,2025_11_28_NHL_final_scores.csv,total
total,2025020391,2025-11-29,over,under,0.43439304558401676,0.4415282295033908,1.847457627118644,1.9803921568627452,-118.0,-102.0,6.0,6.0,0.16018119407211967,False,0.0,1.0,4.0,2025_11_29_NHL_merged.csv,2025_11_29_NHL_final_scores.csv,total
total,2025020392,2025-11-29,over,under,0.5200149022734664,0.5272454728393714,1.8,2.05,-125.0,105.0,6.0,6.0,0.15967846424951374,False,1.0,7.0,2.0,2025_11_29_NHL_merged.csv,2025_11_29_NHL_final_scores.csv,total
total,2025020393,2025-11-29,over,under,0.46328778355853834,0.47050277171421223,1.9090909090909092,1.9090909090909092,-110.0,-110.0,6.0,6.0,0.1606110544601964,False,0.0,0.0,4.0,2025_11_29_NHL_merged.csv,2025_11_29_NHL_final_scores.csv,total
total,2025020394,2025-11-29,over,under,0.4899843412170889,0.4972299138478802,1.9090909090909092,1.9090909090909092,-110.0,-110.0,6.0,6.0,0.1604632117589947,False,0.0,3.0,2.0,2025_11_29_NHL_merged.csv,2025_11_29_NHL_final_scores.csv,total
total,2025020395,2025-11-29,over,under,0.4285915160101017,0.4357048139299537,1.9090909090909092,1.9090909090909092,-110.0,-110.0,6.0,6.0,0.16001984142977668,False,1.0,3.0,5.0,2025_11_29_NHL_merged.csv,2025_11_29_NHL_final_scores.csv,total
total,2025020396,2025-11-29,over,under,0.529269761443578,0.5364851842656163,1.9090909090909092,1.9090909090909092,-110.0,-110.0,6.0,6.0,0.1593047948442344,False,1.0,2.0,7.0,2025_11_29_NHL_merged.csv,2025_11_29_NHL_final_scores.csv,total
total,2025020397,2025-11-29,over,under,0.39954487718520343,0.4065190615576071,1.9523809523809523,1.8695652173913042,-105.0,-115.0,6.0,6.0,0.15882587240894191,False,1.0,2.0,5.0,2025_11_29_NHL_merged.csv,2025_11_29_NHL_final_scores.csv,total
total,2025020398,2025-11-29,over,under,0.45560587281488923,0.4628043868212027,1.9523809523809523,1.8695652173913042,-105.0,-115.0,6.0,6.0,0.16055705223244435,False,0.0,1.0,0.0,2025_11_29_NHL_merged.csv,2025_11_29_NHL_final_scores.csv,total
total,2025020399,2025-11-29,over,under,0.5347894380127141,0.5419934690507292,1.9090909090909092,1.9090909090909092,-110.0,-110.0,6.0,6.0,0.15905227859914503,False,0.0,2.0,3.0,2025_11_29_NHL_merged.csv,2025_11_29_NHL_final_scores.csv,total
total,2025020400,2025-11-29,over,under,0.536623577698782,0.5438234336139708,1.8695652173913042,1.9523809523809523,-115.0,-105.0,6.0,6.0,0.15896345468989112,False,1.0,4.0,3.0,2025_11_29_NHL_merged.csv,2025_11_29_NHL_final_scores.csv,total
total,2025020401,2025-11-29,over,under,0.40535479370373634,0.41236074630531366,1.8,2.05,-125.0,105.0,6.0,6.0,0.15911683972746823,False,0.0,2.0,1.0,2025_11_29_NHL_merged.csv,2025_11_29_NHL_final_scores.csv,total
total,2025020402,2025-11-30,over,under,0.4479051987820881,0.45508375231848175,1.9090909090909092,1.9090909090909092,-110.0,-110.0,6.0,6.0,0.16045925588893342,False,0.0,1.0,4.0,2025_11_30_NHL_merged.csv,2025_11_30_NHL_final_scores.csv,total
total,2025020403,2025-11-30,over,under,0.44336110335278356,0.4505262587697026,1.9090909090909092,1.9090909090909092,-110.0,-110.0,6.5,6.5,0.0,False,1.0,5.0,3.0,2025_11_30_NHL_merged.csv,2025_11_30_NHL_final_scores.csv,total
total,2025020404,2025-11-30,over,under,0.4401888008018101,0.4473438899296821,1.9090909090909092,1.9090909090909092,-110.0,-110.0,6.0,6.0,0.16031714898074298,False,0.0,1.0,0.0,2025_11_30_NHL_merged.csv,2025_11_30_NHL_final_scores.csv,total
total,2025020405,2025-11-30,over,under,0.45175769268870103,0.458946663480686,2.0,1.8333333333333335,100.0,-120.0,6.0,6.0,0.16051366120342028,False,1.0,6.0,1.0,2025_11_30_NHL_merged.csv,2025_11_30_NHL_final_scores.csv,total
total,2025020406,2025-12-01,over,under,0.5421082567130273,0.5492944681877814,1.9090909090909092,1.9090909090909092,-110.0,-110.0,6.0,6.0,0.15868318659021202,False,1.0,3.0,5.0,2025_12_01_NHL_merged.csv,2025_12_01_NHL_final_scores.csv,total
total,2025020407,2025-12-01,over,under,0.4479051987820881,0.45508375231848175,1.847457627118644,1.9803921568627452,-118.0,-102.0,6.0,6.0,0.16045925588893342,True,,1.0,5.0,2025_12_01_NHL_merged.csv,2025_12_01_NHL_final_scores.csv,total
total,2025020408,2025-12-01,over,under,0.47285925798061623,0.48008997180847873,1.8,2.05,-125.0,105.0,6.0,6.0,0.16061779890046182,True,,5.0,1.0,2025_12_01_NHL_merged.csv,2025_12_01_NHL_final_scores.csv,total
total,2025020409,2025-12-01,over,under,0.5237249395823605,0.5309500326937886,1.9090909090909092,1.9090909090909092,-110.0,-110.0,6.0,6.0,0.15953614185304393,False,0.0,1.0,4.0,2025_12_01_NHL_merged.csv,2025_12_01_NHL_final_scores.csv,total
total,2025020410,2025-12-01,over,under,0.5200149022734664,0.5272454728393714,1.8,2.05,-125.0,105.0,6.0,6.0,0.15967846424951374,False,1.0,6.0,3.0,2025_12_01_NHL_merged.csv,2025_12_01_NHL_final_scores.csv,total
total,2025020411,2025-12-02,over,under,0.46328778355853834,0.47050277171421223,1.8695652173913042,1.9523809523809523,-115.0,-105.0,6.0,6.0,0.1606110544601964,False,1.0,2.0,5.0,2025_12_02_NHL_merged.csv,2025_12_02_NHL_final_scores.csv,total
total,2025020412,2025-12-02,over,under,0.560723679391425,0.5535715942991557,1.8695652173913042,1.9523809523809523,-115.0,-105.0,5.5,5.5,0.0,False,1.0,5.0,4.0,2025_12_02_NHL_merged.csv,2025_12_02_NHL_final_scores.csv,total
total,2025020413,2025-12-02,over,under,0.41891312917967094,0.4259855465586554,1.9090909090909092,1.9090909090909092,-110.0,-110.0,6.0,6.0,0.15969397522991177,False,0.0,1.0,4.0,2025_12_02_NHL_merged.csv,2025_12_02_NHL_final_scores.csv,total
total,2025020414,2025-12-02,over,under,0.4975459613780876,0.5047926791003954,1.8695652173913042,1.9523809523809523,-115.0,-105.0,6.0,6.0,0.1603271728750268,False,0.0,2.0,1.0,2025_12_02_NHL_merged.csv,2025_12_02_NHL_final_scores.csv,total
total,2025020415,2025-12-02,over,under,0.5150434175302715,0.5078004420319064,1.9090909090909092,1.9090909090909092,-110.0,-110.0,5.5,5.5,0.0,False,0.0,3.0,2.0,2025_12_02_NHL_merged.csv,2025_12_02_NHL_final_scores.csv,total
total,2025020416,2025-12-02,over,under,0.49660136013371536,0.48935603187326354,1.8333333333333335,2.0,-120.0,100.0,5.5,5.5,0.0,False,1.0,5.0,1.0,2025_12_02_NHL_merged.csv,2025_12_02_NHL_final_scores.csv,total
total,2025020417,2025-12-02,over,under,0.4481390020756848,0.4553182124498473,1.9090909090909092,1.9090909090909092,-110.0,-110.0,6.5,6.5,0.0,False,0.0,3.0,1.0,2025_12_02_NHL_merged.csv,2025_12_02_NHL_final_scores.csv,total
total,2025020418,2025-12-02,over,under,0.5237249395823605,0.5309500326937886,1.9090909090909092,1.9090909090909092,-110.0,-110.0,6.0,6.0,0.15953614185304393,False,0.0,0.0,1.0,2025_12_02_NHL_merged.csv,2025_12_02_NHL_final_scores.csv,total
total,2025020419,2025-12-02,over,under,0.46328778355853834,0.47050277171421223,1.8333333333333335,2.0,-120.0,100.0,6.0,6.0,0.1606110544601964,False,1.0,4.0,3.0,2025_12_02_NHL_merged.csv,2025_12_02_NHL_final_scores.csv,total
total,2025020420,2025-12-02,over,under,0.48474124014328224,0.4775048125682953,1.8695652173913042,1.9523809523809523,-115.0,-105.0,5.5,5.5,0.0,False,0.0,1.0,3.0,2025_12_02_NHL_merged.csv,2025_12_02_NHL_final_scores.csv,total
total,2025020421,2025-12-03,over,under,0.559126926421404,0.5519696163832604,1.8333333333333335,2.0,-120.0,100.0,5.5,5.5,0.0,False,0.0,0.0,3.0,2025_12_03_NHL_merged.csv,2025_12_03_NHL_final_scores.csv,total
total,2025020422,2025-12-03,over,under,0.4305259180953313,0.43764673154229206,1.8,2.05,-125.0,105.0,6.0,6.0,0.16007645939144471,False,0.0,3.0,2.0,2025_12_03_NHL_merged.csv,2025_12_03_NHL_final_scores.csv,total
total,2025020423,2025-12-03,over,under,0.46903511025899414,0.4762601797976888,1.9090909090909092,1.9090909090909092,-110.0,-110.0,6.0,6.0,0.1606231410479801,False,1.0,5.0,2.0,2025_12_03_NHL_merged.csv,2025_12_03_NHL_final_scores.csv,total
total,2025020424,2025-12-03,over,under,0.44176687300635453,0.4489270429195253,1.9090909090909092,1.9090909090909092,-110.0,-110.0,6.5,6.5,0.0,False,1.0,0.0,7.0,2025_12_03_NHL_merged.csv,2025_12_03_NHL_final_scores.csv,total
total,2025020425,2025-12-03,over,under,0.4823911013931748,0.4896321864430966,1.9090909090909092,1.9090909090909092,-110.0,-110.0,6.0,6.0,0.16055807215358792,False,1.0,1.0,7.0,2025_12_03_NHL_merged.csv,2025_12_03_NHL_final_scores.csv,total
total,2025020426,2025-12-04,over,under,0.5200282110097943,0.5127892587191359,1.9090909090909092,1.9090909090909092,-110.0,-110.0,5.5,5.5,0.0,False,1.0,5.0,2.0,2025_12_04_NHL_merged.csv,2025_12_04_NHL_final_scores.csv,total
total,2025020427,2025-12-04,over,under,0.4932220943803114,0.48597847225253504,1.9090909090909092,1.9090909090909092,-110.0,-110.0,5.5,5.5,0.0,False,1.0,2.0,4.0,2025_12_04_NHL_merged.csv,2025_12_04_NHL_final_scores.csv,total
total,2025020428,2025-12-04,over,under,0.49565866738382314,0.5029054097997746,1.9090909090909092,1.9090909090909092,-110.0,-110.0,6.0,6.0,0.16036500846611268,False,1.0,3.0,4.0,2025_12_04_NHL_merged.csv,2025_12_04_NHL_final_scores.csv,total
total,2025020429,2025-12-04,over,under,0.5216853128418241,0.514448017473095,1.8333333333333335,2.0,-120.0,100.0,5.5,5.5,0.0,False,0.0,1.0,2.0,2025_12_04_NHL_merged.csv,2025_12_04_NHL_final_scores.csv,total
total,2025020430,2025-12-04,over,under,0.5050733030763073,0.5123178685174596,1.8695652173913042,1.9523809523809523,-115.0,-105.0,6.0,6.0,0.16015059433311063,False,1.0,6.0,3.0,2025_12_04_NHL_merged.csv,2025_12_04_NHL_final_scores.csv,total
total,2025020431,2025-12-04,over,under,0.42258376583394885,0.42967233095583074,1.9523809523809523,1.8695652173913042,-105.0,-115.0,6.5,6.5,0.0,False,0.0,1.0,5.0,2025_12_04_NHL_merged.csv,2025_12_04_NHL_final_scores.csv,total
total,2025020432,2025-12-04,over,under,0.547565619150027,0.5547365299634232,1.847457627118644,1.9803921568627452,-118.0,-102.0,6.0,6.0,0.1583824651090126,False,1.0,6.0,5.0,2025_12_04_NHL_merged.csv,2025_12_04_NHL_final_scores.csv,total
total,2025020433,2025-12-04,over,under,0.49491268590868187,0.487668127535017,1.8,2.05,-125.0,105.0,5.5,5.5,0.0,False,0.0,4.0,1.0,2025_12_04_NHL_merged.csv,2025_12_04_NHL_final_scores.csv,total
total,2025020434,2025-12-04,over,under,0.5511025656248075,0.5439212464473843,1.8333333333333335,2.0,-120.0,100.0,5.5,5.5,0.0,False,1.0,9.0,4.0,2025_12_04_NHL_merged.csv,2025_12_04_NHL_final_scores.csv,total
total,2025020435,2025-12-04,over,under,0.49828809276358155,0.4910421604444615,1.8333333333333335,2.0,-120.0,100.0,5.5,5.5,0.0,False,0.0,1.0,2.0,2025_12_04_NHL_merged.csv,2025_12_04_NHL_final_scores.csv,total
total,2025020436,2025-12-05,over,under,0.4613692288081531,0.46858042409952827,1.847457627118644,1.9803921568627452,-118.0,-102.0,6.0,6.0,0.1606016304070977,False,0.0,0.0,3.0,2025_12_05_NHL_merged.csv,2025_12_05_NHL_final_scores.csv,total
total,2025020437,2025-12-05,over,under,0.49943111259273876,0.5066775995145438,1.847457627118644,1.9803921568627452,-118.0,-102.0,6.0,6.0,0.1602868034656701,False,0.0,4.0,1.0,2025_12_05_NHL_merged.csv,2025_12_05_NHL_final_scores.csv,total
total,2025020438,2025-12-05,over,under,0.49943111259273876,0.5066775995145438,1.8695652173913042,1.9523809523809523,-115.0,-105.0,6.0,6.0,0.1602868034656701,False,0.0,4.0,1.0,2025_12_05_NHL_merged.csv,2025_12_05_NHL_final_scores.csv,total
total,2025020439,2025-12-05,over,under,0.4766770628408286,0.48391256410876066,1.8,2.05,-125.0,105.0,6.0,6.0,0.16060182075495943,False,0.0,1.0,4.0,2025_12_05_NHL_merged.csv,2025_12_05_NHL_final_scores.csv,total
total,2025020440,2025-12-05,over,under,0.5200149022734664,0.5272454728393714,1.8,2.05,-125.0,105.0,6.0,6.0,0.15967846424951374,False,1.0,4.0,3.0,2025_12_05_NHL_merged.csv,2025_12_05_NHL_final_scores.csv,total
total,2025020441,2025-12-06,over,under,0.46903511025899414,0.4762601797976888,1.8333333333333335,2.0,-120.0,100.0,6.0,6.0,0.1606231410479801,False,0.0,2.0,3.0,2025_12_06_NHL_merged.csv,2025_12_06_NHL_final_scores.csv,total
total,2025020442,2025-12-06,over,under,0.4033336471871902,0.4103287720986839,1.9523809523809523,1.8695652173913042,-105.0,-115.0,6.5,6.5,0.0,False,1.0,7.0,6.0,2025_12_06_NHL_merged.csv,2025_12_06_NHL_final_scores.csv,total
total,2025020443,2025-12-06,over,under,0.5462561148966317,0.5390621108818218,1.8695652173913042,1.9523809523809523,-115.0,-105.0,5.5,5.5,0.0,False,0.0,4.0,1.0,2025_12_06_NHL_merged.csv,2025_12_06_NHL_final_scores.csv,total
total,2025020444,2025-12-06,over,under,0.43538259686070013,0.44252131792819727,1.9090909090909092,1.9090909090909092,-110.0,-110.0,6.5,6.5,0.0,False,0.0,1.0,2.0,2025_12_06_NHL_merged.csv,2025_12_06_NHL_final_scores.csv,total
total,2025020445,2025-12-06,over,under,0.5066917945331001,0.4994453101310527,1.8333333333333335,2.0,-120.0,100.0,5.5,5.5,0.0,False,0.0,1.0,2.0,2025_12_06_NHL_merged.csv,2025_12_06_NHL_final_scores.csv,total
total,2025020446,2025-12-06,over,under,0.5088233096062542,0.5160655776768094,1.9523809523809523,1.8695652173913042,-105.0,-115.0,6.0,6.0,0.1600473073780198,False,0.0,0.0,2.0,2025_12_06_NHL_merged.csv,2025_12_06_NHL_final_scores.csv,total
total,2025020447,2025-12-06,over,under,0.47476897557344894,0.4820021899739013,1.9090909090909092,1.9090909090909092,-110.0,-110.0,6.0,6.0,0.16061113476694835,False,1.0,6.0,3.0,2025_12_06_NHL_merged.csv,2025_12_06_NHL_final_scores.csv,total
total,2025020448,2025-12-06,over,under,0.3344990665539429,0.3409826165424538,1.9090909090909092,1.9090909090909092,-110.0,-110.0,6.5,6.5,0.0,False,0.0,2.0,0.0,2025_12_06_NHL_merged.csv,2025_12_06_NHL_final_scores.csv,total
total,2025020449,2025-12-06,over,under,0.40729174712268545,0.41430785236057077,1.9090909090909092,1.9090909090909092,-110.0,-110.0,6.0,6.0,0.15920799044216824,True,,6.0,0.0,2025_12_06_NHL_merged.csv,2025_12_06_NHL_final_scores.csv,total
total,2025020450,2025-12-06,over,under,0.4033336471871902,0.4103287720986839,1.9090909090909092,1.9090909090909092,-110.0,-110.0,6.5,6.5,0.0,False,1.0,6.0,2.0,2025_12_06_NHL_merged.csv,2025_12_06_NHL_final_scores.csv,total
total,2025020451,2025-12-06,over,under,0.560723679391425,0.5535715942991557,1.8333333333333335,2.0,-120.0,100.0,5.5,5.5,0.0,False,1.0,4.0,2.0,2025_12_06_NHL_merged.csv,2025_12_06_NHL_final_scores.csv,total
total,2025020452,2025-12-06,over,under,0.45175769268870103,0.458946663480686,1.9090909090909092,1.9090909090909092,-110.0,-110.0,6.0,6.0,0.16051366120342028,False,1.0,3.0,4.0,2025_12_06_NHL_merged.csv,2025_12_06_NHL_final_scores.csv,total
total,2025020453,2025-12-07,over,under,0.46328778355853834,0.47050277171421223,1.847457627118644,1.9803921568627452,-118.0,-102.0,6.0,6.0,0.1606110544601964,False,0.0,2.0,3.0,2025_12_07_NHL_merged.csv,2025_12_07_NHL_final_scores.csv,total
total,2025020454,2025-12-07,over,under,0.46328778355853834,0.47050277171421223,1.9523809523809523,1.8695652173913042,-105.0,-115.0,6.0,6.0,0.1606110544601964,False,0.0,4.0,1.0,2025_12_07_NHL_merged.csv,2025_12_07_NHL_final_scores.csv,total
total,2025020455,2025-12-07,over,under,0.5218712454807555,0.5290991748953229,1.8,2.05,-125.0,105.0,6.0,6.0,0.15960850129438858,False,0.0,1.0,4.0,2025_12_07_NHL_merged.csv,2025_12_07_NHL_final_scores.csv,total
total,2025020456,2025-12-07,over,under,0.4918778157560807,0.4991239863316048,1.847457627118644,1.9803921568627452,-118.0,-102.0,6.0,6.0,0.1604330378918504,False,0.0,3.0,2.0,2025_12_07_NHL_merged.csv,2025_12_07_NHL_final_scores.csv,total
total,2025020457,2025-12-07,over,under,0.47285925798061623,0.48008997180847873,1.9523809523809523,1.8695652173913042,-105.0,-115.0,6.0,6.0,0.16061779890046182,False,1.0,3.0,4.0,2025_12_07_NHL_merged.csv,2025_12_07_NHL_final_scores.csv,total
total,2025020458,2025-12-07,over,under,0.43439304558401676,0.4415282295033908,1.9090909090909092,1.9090909090909092,-110.0,-110.0,6.0,6.0,0.16018119407211967,False,0.0,2.0,3.0,2025_12_07_NHL_merged.csv,2025_12_07_NHL_final_scores.csv,total
total,2025020459,2025-12-07,over,under,0.4880888900834609,0.49533365584177463,1.8,2.05,-125.0,105.0,6.0,6.0,0.1604908118751539,False,0.0,2.0,0.0,2025_12_07_NHL_merged.csv,2025_12_07_NHL_final_scores.csv,total
total,2025020460,2025-12-07,over,under,0.47190094596579835,0.4791303251506892,1.9090909090909092,1.9090909090909092,-110.0,-110.0,6.5,6.5,0.0,False,1.0,7.0,1.0,2025_12_07_NHL_merged.csv,2025_12_07_NHL_final_scores.csv,total
total,2025020461,2025-12-08,over,under,0.529269761443578,0.5364851842656163,1.847457627118644,1.9803921568627452,-118.0,-102.0,6.0,6.0,0.1593047948442344,False,0.0,2.0,0.0,2025_12_08_NHL_merged.csv,2025_12_08_NHL_final_scores.csv,total
total,2025020462,2025-12-08,over,under,0.38600066546114226,0.39289312597233966,2.0,1.8333333333333335,100.0,-120.0,6.0,6.0,0.15804414466346167,True,,2.0,4.0,2025_12_08_NHL_merged.csv,2025_12_08_NHL_final_scores.csv,total
total,2025020463,2025-12-08,over,under,0.46520497925556314,0.4724235437956881,1.9090909090909092,1.9090909090909092,-110.0,-110.0,6.0,6.0,0.1606177751050755,False,1.0,7.0,4.0,2025_12_08_NHL_merged.csv,2025_12_08_NHL_final_scores.csv,total
total,2025020464,2025-12-08,over,under,0.5384547834148421,0.545650276994128,1.847457627118644,1.9803921568627452,-118.0,-102.0,6.0,6.0,0.1588723237678989,False,0.0,0.0,4.0,2025_12_08_NHL_merged.csv,2025_12_08_NHL_final_scores.csv,total
total,2025020465,2025-12-08,over,under,0.5050151278750382,0.49776842666849846,1.9090909090909092,1.9090909090909092,-110.0,-110.0,5.5,5.5,0.0,False,0.0,1.0,4.0,2025_12_08_NHL_merged.csv,2025_12_08_NHL_final_scores.csv,total
total,2025020466,2025-12-09,over,under,0.5144303502399508,0.5216676640955514,1.847457627118644,1.9803921568627452,-118.0,-102.0,6.0,6.0,0.15987386510912552,False,1.0,1.0,6.0,2025_12_09_NHL_merged.csv,2025_12_09_NHL_final_scores.csv,total
total,2025020467,2025-12-09,over,under,0.5332198876003772,0.5259985446650597,1.8695652173913042,1.9523809523809523,-115.0,-105.0,5.5,5.5,0.0,False,1.0,3.0,4.0,2025_12_09_NHL_merged.csv,2025_12_09_NHL_final_scores.csv,total
total,2025020468,2025-12-09,over,under,0.45560587281488923,0.4628043868212027,1.847457627118644,1.9803921568627452,-118.0,-102.0,6.0,6.0,0.16055705223244435,False,1.0,5.0,4.0,2025_12_09_NHL_merged.csv,2025_12_09_NHL_final_scores.csv,total
total,2025020469,2025-12-09,over,under,0.4421192059272913,0.4492804904058336,1.8333333333333335,2.0,-120.0,100.0,6.0,6.0,0.1603568570920638,False,0.0,4.0,1.0,2025_12_09_NHL_merged.csv,2025_12_09_NHL_final_scores.csv,total
total,2025020470,2025-12-09,over,under,0.49850428594524787,0.5057509120820604,1.9090909090909092,1.9090909090909092,-110.0,-110.0,6.5,6.5,0.0,False,1.0,3.0,4.0,2025_12_09_NHL_merged.csv,2025_12_09_NHL_final_scores.csv,total
total,2025020471,2025-12-09,over,under,0.4624241294328426,0.4696374366864903,1.9523809523809523,1.8695652173913042,-105.0,-115.0,6.5,6.5,0.0,False,0.0,4.0,1.0,2025_12_09_NHL_merged.csv,2025_12_09_NHL_final_scores.csv,total
total,2025020472,2025-12-09,over,under,0.5266428286013923,0.5194114423907409,1.9090909090909092,1.9090909090909092,-110.0,-110.0,5.5,5.5,0.0,False,1.0,2.0,5.0,2025_12_09_NHL_merged.csv,2025_12_09_NHL_final_scores.csv,total
total,2025020473,2025-12-09,over,under,0.4324597778958164,0.4395878866624076,1.8333333333333335,2.0,-120.0,100.0,6.0,6.0,0.16013024128735945,False,1.0,3.0,4.0,2025_12_09_NHL_merged.csv,2025_12_09_NHL_final_scores.csv,total
total,2025020474,2025-12-09,over,under,0.5583948771511115,0.5655303369778509,1.8333333333333335,2.0,-120.0,100.0,6.0,6.0,0.15772091795636786,False,1.0,3.0,4.0,2025_12_09_NHL_merged.csv,2025_12_09_NHL_final_scores.csv,total
total,2025020475,2025-12-09,over,under,0.5125637844243718,0.5198029496420452,1.9090909090909092,1.9090909090909092,-110.0,-110.0,6.0,6.0,0.15993413332678097,False,1.0,4.0,3.0,2025_12_09_NHL_merged.csv,2025_12_09_NHL_final_scores.csv,total
total,2025020476,2025-12-10,over,under,0.4305259180953313,0.43764673154229206,1.9090909090909092,1.9090909090909092,-110.0,-110.0,6.0,6.0,0.16007645939144471,False,0.0,3.0,0.0,2025_12_10_NHL_merged.csv,2025_12_10_NHL_final_scores.csv,total
total,2025020477,2025-12-10,over,under,0.44983196118034663,0.45701583273478164,1.847457627118644,1.9803921568627452,-118.0,-102.0,6.0,6.0,0.16048783935516986,False,1.0,3.0,4.0,2025_12_10_NHL_merged.csv,2025_12_10_NHL_final_scores.csv,total
total,2025020478,2025-12-10,over,under,0.4227855573233776,0.42987498735906565,1.9523809523809523,1.8695652173913042,-105.0,-115.0,6.0,6.0,0.15983290331247035,False,1.0,3.0,4.0,2025_12_10_NHL_merged.csv,2025_12_10_NHL_final_scores.csv,total
total,2025020479,2025-12-10,over,under,0.4676502194208907,0.46044093614655945,1.8695652173913042,1.9523809523809523,-115.0,-105.0,5.5,5.5,0.0,False,0.0,3.0,2.0,2025_12_10_NHL_merged.csv,2025_12_10_NHL_final_scores.csv,total
total,2025020480,2025-12-11,over,under,0.4321863818176488,0.4393134724551055,1.9523809523809523,1.8695652173913042,-105.0,-115.0,6.5,6.5,0.0,False,0.0,2.0,3.0,2025_12_11_NHL_merged.csv,2025_12_11_NHL_final_scores.csv,total
total,2025020481,2025-12-11,over,under,0.5031948237869591,0.510440233795444,1.9090909090909092,1.9090909090909092,-110.0,-110.0,6.0,6.0,0.16019850392407675,False,1.0,4.0,8.0,2025_12_11_NHL_merged.csv,2025_12_11_NHL_final_scores.csv,total
total,2025020482,2025-12-11,over,under,0.5402830210225437,0.547473966101544,1.7692307692307692,2.05,-130.0,105.0,6.0,6.0,0.1587788972473961,False,1.0,5.0,2.0,2025_12_11_NHL_merged.csv,2025_12_11_NHL_final_scores.csv,total
total,2025020483,2025-12-11,over,under,0.5083663776750106,0.5011202725336515,1.8695652173913042,1.9523809523809523,-115.0,-105.0,5.5,5.5,0.0,False,0.0,2.0,3.0,2025_12_11_NHL_merged.csv,2025_12_11_NHL_final_scores.csv,total
total,2025020484,2025-12-11,over,under,0.5329523988236977,0.5401604167347364,1.8,2.05,-125.0,105.0,6.0,6.0,0.15913878413008045,True,,2.0,4.0,2025_12_11_NHL_merged.csv,2025_12_11_NHL_final_scores.csv,total
total,2025020485,2025-12-11,over,under,0.46903511025899414,0.4762601797976888,1.9090909090909092,1.9090909090909092,-110.0,-110.0,6.0,6.0,0.1606231410479801,False,0.0,2.0,3.0,2025_12_11_NHL_merged.csv,2025_12_11_NHL_final_scores.csv,total
total,2025020486,2025-12-11,over,under,0.4975459613780876,0.5047926791003954,1.8333333333333335,2.0,-120.0,100.0,6.0,6.0,0.1603271728750268,False,1.0,3.0,6.0,2025_12_11_NHL_merged.csv,2025_12_11_NHL_final_scores.csv,total
total,2025020487,2025-12-11,over,under,0.5233401306016411,0.5161046489961589,1.8333333333333335,2.0,-120.0,100.0,5.5,5.5,0.0,False,1.0,7.0,2.0,2025_12_11_NHL_merged.csv,2025_12_11_NHL_final_scores.csv,total
total,2025020488,2025-12-11,over,under,0.4401888008018101,0.4473438899296821,1.9523809523809523,1.8695652173913042,-105.0,-115.0,6.0,6.0,0.16031714898074298,False,1.0,5.0,2.0,2025_12_11_NHL_merged.csv,2025_12_11_NHL_final_scores.csv,total
total,2025020489,2025-12-11,over,under,0.43825760634385524,0.44540628034588314,1.8695652173913042,1.9523809523809523,-115.0,-105.0,6.0,6.0,0.16027464068621575,False,1.0,3.0,6.0,2025_12_11_NHL_merged.csv,2025_12_11_NHL_final_scores.csv,total
total,2025020490,2025-12-11,over,under,0.49565866738382314,0.5029054097997746,1.8333333333333335,2.0,-120.0,100.0,6.0,6.0,0.16036500846611268,False,1.0,6.0,2.0,2025_12_11_NHL_merged.csv,2025_12_11_NHL_final_scores.csv,total
total,2025020491,2025-12-11,over,under,0.5218712454807555,0.5290991748953229,1.8,2.05,-125.0,105.0,6.0,6.0,0.15960850129438858,False,0.0,4.0,1.0,2025_12_11_NHL_merged.csv,2025_12_11_NHL_final_scores.csv,total
total,2025020492,2025-12-11,over,under,0.5866714460665111,0.5936824722884148,1.847457627118644,1.9803921568627452,-118.0,-102.0,6.0,6.0,0.15558245493539657,False,0.0,2.0,3.0,2025_12_11_NHL_merged.csv,2025_12_11_NHL_final_scores.csv,total
total,2025020493,2025-12-12,over,under,0.43439304558401676,0.4415282295033908,1.9523809523809523,1.8695652173913042,-105.0,-115.0,6.0,6.0,0.16018119407211967,False,0.0,3.0,2.0,2025_12_12_NHL_merged.csv,2025_12_12_NHL_final_scores.csv,total
total,2025020494,2025-12-12,over,under,0.5066917945331001,0.4994453101310527,1.8333333333333335,2.0,-120.0,100.0,5.5,5.5,0.0,False,1.0,5.0,3.0,2025_12_12_NHL_merged.csv,2025_12_12_NHL_final_scores.csv,total
total,2025020495,2025-12-13,over,under,0.5511882462499255,0.5583480510497707,1.9090909090909092,1.9090909090909092,-110.0,-110.0,6.0,6.0,0.1581707756192153,False,0.0,4.0,1.0,2025_12_13_NHL_merged.csv,2025_12_13_NHL_final_scores.csv,total
total,2025020496,2025-12-13,over,under,0.4999728596886861,0.4927264885989865,1.8695652173913042,1.9523809523809523,-115.0,-105.0,5.5,5.5,0.0,False,0.0,3.0,2.0,2025_12_13_NHL_merged.csv,2025_12_13_NHL_final_scores.csv,total
total,2025020497,2025-12-13,over,under,0.5311124949266731,0.5383243104364117,1.9523809523809523,1.8695652173913042,-105.0,-115.0,6.0,6.0,0.15922295996681768,False,1.0,5.0,6.0,2025_12_13_NHL_merged.csv,2025_12_13_NHL_final_scores.csv,total
total,2025020498,2025-12-13,over,under,0.5889796582813537,0.5819446265383792,1.8,2.05,-125.0,105.0,5.5,5.5,0.0,False,0.0,3.0,2.0,2025_12_13_NHL_merged.csv,2025_12_13_NHL_final_scores.csv,total
total,2025020499,2025-12-13,over,under,0.49228104035381426,0.4995273114070266,1.9090909090909092,1.9090909090909092,-110.0,-110.0,6.5,6.5,0.0,False,1.0,3.0,6.0,2025_12_13_NHL_merged.csv,2025_12_13_NHL_final_scores.csv,total
total,2025020500,2025-12-13,over,under,0.43825760634385524,0.44540628034588314,1.9523809523809523,1.8695652173913042,-105.0,-115.0,6.0,6.0,0.16027464068621575,False,1.0,5.0,4.0,2025_12_13_NHL_merged.csv,2025_12_13_NHL_final_scores.csv,total
total,2025020501,2025-12-13,over,under,0.4479051987820881,0.45508375231848175,1.9090909090909092,1.9090909090909092,-110.0,-110.0,6.0,6.0,0.16045925588893342,False,1.0,3.0,4.0,2025_12_13_NHL_merged.csv,2025_12_13_NHL_final_scores.csv,total
total,2025020502,2025-12-13,over,under,0.5329523988236977,0.5401604167347364,1.847457627118644,1.9803921568627452,-118.0,-102.0,6.0,6.0,0.15913878413008045,False,0.0,2.0,3.0,2025_12_13_NHL_merged.csv,2025_12_13_NHL_final_scores.csv,total
total,2025020503,2025-12-13,over,under,0.4401888008018101,0.4473438899296821,1.9090909090909092,1.9090909090909092,-110.0,-110.0,6.0,6.0,0.16031714898074298,True,,5.0,1.0,2025_12_13_NHL_merged.csv,2025_12_13_NHL_final_scores.csv,total
total,2025020504,2025-12-13,over,under,0.48429222745408296,0.4915347500563827,1.847457627118644,1.9803921568627452,-118.0,-102.0,6.0,6.0,0.16053825175092262,False,0.0,0.0,4.0,2025_12_13_NHL_merged.csv,2025_12_13_NHL_final_scores.csv,total
total,2025020505,2025-12-13,over,under,0.5200282110097943,0.5127892587191359,1.8333333333333335,2.0,-120.0,100.0,5.5,5.5,0.0,False,0.0,0.0,4.0,2025_12_13_NHL_merged.csv,2025_12_13_NHL_final_scores.csv,total
total,2025020506,2025-12-13,over,under,0.5013140802281075,0.5085601309904587,1.8333333333333335,2.0,-120.0,100.0,6.0,6.0,0.1602439104033816,True,,4.0,2.0,2025_12_13_NHL_merged.csv,2025_12_13_NHL_final_scores.csv,total
total,2025020507,2025-12-13,over,under,0.45386789564180074,0.4466927992171502,1.8695652173913042,1.9523809523809523,-115.0,-105.0,5.5,5.5,0.0,False,0.0,1.0,2.0,2025_12_13_NHL_merged.csv,2025_12_13_NHL_final_scores.csv,total
total,2025020508,2025-12-14,over,under,0.592060246926774,0.5850407940717332,1.9090909090909092,1.9090909090909092,-110.0,-110.0,5.5,5.5,0.0,False,0.0,1.0,2.0,2025_12_14_NHL_merged.csv,2025_12_14_NHL_final_scores.csv,total
total,2025020509,2025-12-14,over,under,0.4880888900834609,0.49533365584177463,1.9523809523809523,1.8695652173913042,-105.0,-115.0,6.0,6.0,0.1604908118751539,False,1.0,4.0,5.0,2025_12_14_NHL_merged.csv,2025_12_14_NHL_final_scores.csv,total
total,2025020510,2025-12-14,over,under,0.5200282110097943,0.5127892587191359,1.8,2.05,-125.0,105.0,5.5,5.5,0.0,False,0.0,3.0,2.0,2025_12_14_NHL_merged.csv,2025_12_14_NHL_final_scores.csv,total
total,2025020511,2025-12-14,over,under,0.4150397443407563,0.4220942692450386,2.0,1.8333333333333335,100.0,-120.0,6.0,6.0,0.1595435457902628,False,1.0,6.0,2.0,2025_12_14_NHL_merged.csv,2025_12_14_NHL_final_scores.csv,total
total,2025020512,2025-12-14,over,under,0.5162944171118963,0.5235296808094725,1.8,2.05,-125.0,105.0,6.0,6.0,0.1598111570069947,False,0.0,4.0,1.0,2025_12_14_NHL_merged.csv,2025_12_14_NHL_final_scores.csv,total
total,2025020513,2025-12-14,over,under,0.5069494782091658,0.5141929960666473,1.9090909090909092,1.9090909090909092,-110.0,-110.0,6.0,6.0,0.16010019200414558,False,0.0,1.0,3.0,2025_12_14_NHL_merged.csv,2025_12_14_NHL_final_scores.csv,total
total,2025020514,2025-12-15,over,under,0.47094795460456723,0.4781759536426692,1.9090909090909092,1.9090909090909092,-110.0,-110.0,6.0,6.0,0.16062180401276427,False,1.0,2.0,5.0,2025_12_15_NHL_merged.csv,2025_12_15_NHL_final_scores.csv,total
total,2025020515,2025-12-15,over,under,0.5069494782091658,0.5141929960666473,1.8,2.05,-125.0,105.0,6.0,6.0,0.16010019200414558,False,0.0,1.0,4.0,2025_12_15_NHL_merged.csv,2025_12_15_NHL_final_scores.csv,total
total,2025020516,2025-12-15,over,under,0.5183688466593044,0.5111283949427904,1.9090909090909092,1.9090909090909092,-110.0,-110.0,5.5,5.5,0.0,False,0.0,2.0,3.0,2025_12_15_NHL_merged.csv,2025_12_15_NHL_final_scores.csv,total
total,2025020517,2025-12-15,over,under,0.5216853128418241,0.514448017473095,1.8333333333333335,2.0,-120.0,100.0,5.5,5.5,0.0,False,1.0,2.0,5.0,2025_12_15_NHL_merged.csv,2025_12_15_NHL_final_scores.csv,total
total,2025020518,2025-12-15,over,under,0.4745061750138979,0.4672839737572971,1.9090909090909092,1.9090909090909092,-110.0,-110.0,5.5,5.5,0.0,False,0.0,4.0,1.0,2025_12_15_NHL_merged.csv,2025_12_15_NHL_final_scores.csv,total
total,2025020519,2025-12-16,over,under,0.4363256715377491,0.44346771050673706,1.8695652173913042,1.9523809523809523,-115.0,-105.0,6.0,6.0,0.1602293248124962,False,0.0,4.0,1.0,2025_12_16_NHL_merged.csv,2025_12_16_NHL_final_scores.csv,total
total,2025020520,2025-12-16,over,under,0.5686659009331669,0.5615420121711661,1.8333333333333335,2.0,-120.0,100.0,5.5,5.5,0.0,False,0.0,3.0,2.0,2025_12_16_NHL_merged.csv,2025_12_16_NHL_final_scores.csv,total
total,2025020521,2025-12-16,over,under,0.5462561148966317,0.5390621108818218,1.8333333333333335,2.0,-120.0,100.0,5.5,5.5,0.0,False,0.0,1.0,4.0,2025_12_16_NHL_merged.csv,2025_12_16_NHL_final_scores.csv,total
total,2025020522,2025-12-16,over,under,0.5162944171118963,0.5235296808094725,1.8333333333333335,2.0,-120.0,100.0,6.0,6.0,0.1598111570069947,False,0.0,3.0,2.0,2025_12_16_NHL_merged.csv,2025_12_16_NHL_final_scores.csv,total
total,2025020523,2025-12-16,over,under,0.48048816960288737,0.48772760563542633,1.9523809523809523,1.8695652173913042,-105.0,-115.0,6.0,6.0,0.16057528009370858,False,0.0,0.0,3.0,2025_12_16_NHL_merged.csv,2025_12_16_NHL_final_scores.csv,total
total,2025020524,2025-12-16,over,under,0.4640063738283797,0.4712227274982735,1.9523809523809523,1.8695652173913042,-105.0,-115.0,6.5,6.5,0.0,False,1.0,4.0,6.0,2025_12_16_NHL_merged.csv,2025_12_16_NHL_final_scores.csv,total
total,2025020525,2025-12-16,over,under,0.512414706597171,0.5196540109803659,1.8695652173913042,1.9523809523809523,-115.0,-105.0,6.5,6.5,0.0,False,1.0,4.0,3.0,2025_12_16_NHL_merged.csv,2025_12_16_NHL_final_scores.csv,total
total,2025020526,2025-12-16,over,under,0.4266566216693117,0.43376218383711945,2.0,1.8333333333333335,100.0,-120.0,6.0,6.0,0.1599603805611504,False,0.0,5.0,0.0,2025_12_16_NHL_merged.csv,2025_12_16_NHL_final_scores.csv,total
total,2025020527,2025-12-16,over,under,0.4401888008018101,0.4473438899296821,2.0,1.8333333333333335,100.0,-120.0,6.0,6.0,0.16031714898074298,False,1.0,6.0,3.0,2025_12_16_NHL_merged.csv,2025_12_16_NHL_final_scores.csv,total
total,2025020528,2025-12-16,over,under,0.49943111259273876,0.5066775995145438,1.847457627118644,1.9803921568627452,-118.0,-102.0,6.0,6.0,0.1602868034656701,False,1.0,3.0,5.0,2025_12_16_NHL_merged.csv,2025_12_16_NHL_final_scores.csv,total
total,2025020529,2025-12-17,over,under,0.4693665320322882,0.4621537599042787,1.8333333333333335,2.0,-120.0,100.0,5.5,5.5,0.0,False,0.0,3.0,2.0,2025_12_17_NHL_merged.csv,2025_12_17_NHL_final_scores.csv,total
total,2025020530,2025-12-17,over,under,0.47285925798061623,0.48008997180847873,1.9090909090909092,1.9090909090909092,-110.0,-110.0,6.0,6.0,0.16061779890046182,False,0.0,1.0,4.0,2025_12_17_NHL_merged.csv,2025_12_17_NHL_final_scores.csv,total
total,2025020531,2025-12-17,over,under,0.5299361362247547,0.5227094647357668,1.9090909090909092,1.9090909090909092,-110.0,-110.0,5.5,5.5,0.0,False,0.0,1.0,0.0,2025_12_17_NHL_merged.csv,2025_12_17_NHL_final_scores.csv,total
total,2025020532,2025-12-17,over,under,0.47476897557344894,0.4820021899739013,1.9090909090909092,1.9090909090909092,-110.0,-110.0,6.0,6.0,0.16061113476694835,False,0.0,1.0,4.0,2025_12_17_NHL_merged.csv,2025_12_17_NHL_final_scores.csv,total
total,2025020533,2025-12-17,over,under,0.5543203586353891,0.5471482168396716,2.0,1.8333333333333335,100.0,-120.0,5.5,5.5,0.0,False,0.0,1.0,2.0,2025_12_17_NHL_merged.csv,2025_12_17_NHL_final_scores.csv,total
total,2025020534,2025-12-18,over,under,0.48048816960288737,0.48772760563542633,1.8,2.05,-125.0,105.0,6.0,6.0,0.16057528009370858,False,0.0,1.0,3.0,2025_12_18_NHL_merged.csv,2025_12_18_NHL_final_scores.csv,total
total,2025020535,2025-12-18,over,under,0.47285925798061623,0.48008997180847873,1.9090909090909092,1.9090909090909092,-110.0,-110.0,6.0,6.0,0.16061779890046182,False,1.0,5.0,3.0,2025_12_18_NHL_merged.csv,2025_12_18_NHL_final_scores.csv,total
total,2025020536,2025-12-18,over,under,0.5670830516729668,0.5599532501360635,1.847457627118644,1.9803921568627452,-118.0,-102.0,5.5,5.5,0.0,False,0.0,4.0,1.0,2025_12_18_NHL_merged.csv,2025_12_18_NHL_final_scores.csv,total
total,2025020537,2025-12-18,over,under,0.46712077002642727,0.4743426948833713,1.847457627118644,1.9803921568627452,-118.0,-102.0,6.0,6.0,0.16062180103828136,False,0.0,4.0,0.0,2025_12_18_NHL_merged.csv,2025_12_18_NHL_final_scores.csv,total
total,2025020538,2025-12-18,over,under,0.5050151278750382,0.49776842666849846,1.8333333333333335,2.0,-120.0,100.0,5.5,5.5,0.0,False,0.0,1.0,2.0,2025_12_18_NHL_merged.csv,2025_12_18_NHL_final_scores.csv,total
total,2025020539,2025-12-18,over,under,0.4594493611350356,0.4666565466905816,1.9090909090909092,1.9090909090909092,-110.0,-110.0,6.0,6.0,0.16058949434204853,False,0.0,4.0,0.0,2025_12_18_NHL_merged.csv,2025_12_18_NHL_final_scores.csv,total
total,2025020540,2025-12-18,over,under,0.4918778157560807,0.4991239863316048,1.8695652173913042,1.9523809523809523,-115.0,-105.0,6.0,6.0,0.1604330378918504,False,1.0,2.0,5.0,2025_12_18_NHL_merged.csv,2025_12_18_NHL_final_scores.csv,total
total,2025020541,2025-12-18,over,under,0.5133773967717443,0.5061333981891685,2.0,1.8333333333333335,100.0,-120.0,5.5,5.5,0.0,False,0.0,1.0,2.0,2025_12_18_NHL_merged.csv,2025_12_18_NHL_final_scores.csv,total
total,2025020542,2025-12-18,over,under,0.4898352574913525,0.4825940090106718,1.9523809523809523,1.8695652173913042,-105.0,-115.0,5.5,5.5,0.0,False,1.0,4.0,2.0,2025_12_18_NHL_merged.csv,2025_12_18_NHL_final_scores.csv,total
total,2025020543,2025-12-18,over,under,0.46903511025899414,0.4762601797976888,1.8333333333333335,2.0,-120.0,100.0,6.0,6.0,0.1606231410479801,False,1.0,3.0,5.0,2025_12_18_NHL_merged.csv,2025_12_18_NHL_final_scores.csv,total
total,2025020544,2025-12-19,over,under,0.5827822697580256,0.57571757621657,1.8,2.05,-125.0,105.0,5.5,5.5,0.0,False,1.0,4.0,3.0,2025_12_19_NHL_merged.csv,2025_12_19_NHL_final_scores.csv,total
total,2025020545,2025-12-19,over,under,0.6102834946096254,0.6033675448727497,1.8,2.05,-125.0,105.0,5.5,5.5,0.0,False,0.0,1.0,4.0,2025_12_19_NHL_merged.csv,2025_12_19_NHL_final_scores.csv,total
total,2025020546,2025-12-19,over,under,0.5162944171118963,0.5235296808094725,1.9523809523809523,1.8695652173913042,-105.0,-115.0,6.0,6.0,0.1598111570069947,False,0.0,3.0,2.0,2025_12_19_NHL_merged.csv,2025_12_19_NHL_final_scores.csv,total
total,2025020547,2025-12-19,over,under,0.5397580726618482,0.5325492058122763,1.847457627118644,1.9803921568627452,-118.0,-102.0,5.5,5.5,0.0,False,0.0,1.0,2.0,2025_12_19_NHL_merged.csv,2025_12_19_NHL_final_scores.csv,total
total,2025020548,2025-12-19,over,under,0.5311124949266731,0.5383243104364117,1.847457627118644,1.9803921568627452,-118.0,-102.0,6.0,6.0,0.15922295996681768,False,1.0,3.0,8.0,2025_12_19_NHL_merged.csv,2025_12_19_NHL_final_scores.csv,total
total,2025020549,2025-12-20,over,under,0.4915296100225548,0.4842870910215904,1.9090909090909092,1.9090909090909092,-110.0,-110.0,5.5,5.5,0.0,False,1.0,5.0,4.0,2025_12_20_NHL_merged.csv,2025_12_20_NHL_final_scores.csv,total
total,2025020550,2025-12-20,over,under,0.46903511025899414,0.4762601797976888,1.9090909090909092,1.9090909090909092,-110.0,-110.0,6.0,6.0,0.1606231410479801,False,1.0,2.0,5.0,2025_12_20_NHL_merged.csv,2025_12_20_NHL_final_scores.csv,total
total,2025020551,2025-12-20,over,under,0.5249926429178637,0.5177591312548488,1.9090909090909092,1.9090909090909092,-110.0,-110.0,5.5,5.5,0.0,False,1.0,6.0,4.0,2025_12_20_NHL_merged.csv,2025_12_20_NHL_final_scores.csv,total
total,2025020552,2025-12-20,over,under,0.46903511025899414,0.4762601797976888,1.7692307692307692,2.05,-130.0,105.0,6.0,6.0,0.1606231410479801,False,1.0,5.0,2.0,2025_12_20_NHL_merged.csv,2025_12_20_NHL_final_scores.csv,total
total,2025020553,2025-12-20,over,under,0.5601883071333268,0.5673172430492683,1.847457627118644,1.9803921568627452,-118.0,-102.0,6.0,6.0,0.15760300606652206,False,0.0,3.0,2.0,2025_12_20_NHL_merged.csv,2025_12_20_NHL_final_scores.csv,total
total,2025020554,2025-12-20,over,under,0.5133773967717443,0.5061333981891685,1.9090909090909092,1.9090909090909092,-110.0,-110.0,5.5,5.5,0.0,False,1.0,2.0,6.0,2025_12_20_NHL_merged.csv,2025_12_20_NHL_final_scores.csv,total
total,2025020555,2025-12-20,over,under,0.5654973882830288,0.5583618099098276,1.847457627118644,1.9803921568627452,-118.0,-102.0,5.5,5.5,0.0,False,1.0,4.0,5.0,2025_12_20_NHL_merged.csv,2025_12_20_NHL_final_scores.csv,total
total,2025020556,2025-12-20,over,under,0.5088233096062542,0.5160655776768094,1.847457627118644,1.9803921568627452,-118.0,-102.0,6.0,6.0,0.1600473073780198,False,0.0,4.0,0.0,2025_12_20_NHL_merged.csv,2025_12_20_NHL_final_scores.csv,total
total,2025020557,2025-12-20,over,under,0.622177149447595,0.6153392311426816,1.9803921568627452,1.847457627118644,-102.0,-118.0,5.5,5.5,0.0,False,1.0,6.0,4.0,2025_12_20_NHL_merged.csv,2025_12_20_NHL_final_scores.csv,total
total,2025020558,2025-12-20,over,under,0.4918778157560807,0.4991239863316048,1.9090909090909092,1.9090909090909092,-110.0,-110.0,6.0,6.0,0.1604330378918504,False,1.0,5.0,3.0,2025_12_20_NHL_merged.csv,2025_12_20_NHL_final_scores.csv,total
total,2025020559,2025-12-20,over,under,0.5133773967717443,0.5061333981891685,1.9090909090909092,1.9090909090909092,-110.0,-110.0,5.5,5.5,0.0,False,1.0,6.0,3.0,2025_12_20_NHL_merged.csv,2025_12_20_NHL_final_scores.csv,total
total,2025020560,2025-12-20,over,under,0.512414706597171,0.5196540109803659,1.8,2.05,-125.0,105.0,6.5,6.5,0.0,False,1.0,4.0,3.0,2025_12_20_NHL_merged.csv,2025_12_20_NHL_final_scores.csv,total
total,2025020561,2025-12-20,over,under,0.5397580726618482,0.5325492058122763,1.8333333333333335,2.0,-120.0,100.0,5.5,5.5,0.0,False,1.0,2.0,4.0,2025_12_20_NHL_merged.csv,2025_12_20_NHL_final_scores.csv,total
total,2025020562,2025-12-21,over,under,0.4899843412170889,0.4972299138478802,1.9090909090909092,1.9090909090909092,-110.0,-110.0,6.0,6.0,0.1604632117589947,False,0.0,3.0,2.0,2025_12_21_NHL_merged.csv,2025_12_21_NHL_final_scores.csv,total
total,2025020563,2025-12-21,over,under,0.5050733030763073,0.5123178685174596,1.9090909090909092,1.9090909090909092,-110.0,-110.0,6.0,6.0,0.16015059433311063,True,,1.0,5.0,2025_12_21_NHL_merged.csv,2025_12_21_NHL_final_scores.csv,total
total,2025020564,2025-12-21,over,under,0.5066917945331001,0.4994453101310527,1.8695652173913042,1.9523809523809523,-115.0,-105.0,5.5,5.5,0.0,False,1.0,2.0,6.0,2025_12_21_NHL_merged.csv,2025_12_21_NHL_final_scores.csv,total
total,2025020565,2025-12-21,over,under,0.5384547834148421,0.545650276994128,1.9090909090909092,1.9090909090909092,-110.0,-110.0,6.0,6.0,0.1588723237678989,False,0.0,1.0,3.0,2025_12_21_NHL_merged.csv,2025_12_21_NHL_final_scores.csv,total
total,2025020566,2025-12-21,over,under,0.42898770731972924,0.4361025622893458,1.9523809523809523,1.8695652173913042,-105.0,-115.0,6.5,6.5,0.0,False,1.0,4.0,3.0,2025_12_21_NHL_merged.csv,2025_12_21_NHL_final_scores.csv,total
total,2025020567,2025-12-21,over,under,0.5299361362247547,0.5227094647357668,1.847457627118644,1.9803921568627452,-118.0,-102.0,5.5,5.5,0.0,False,0.0,2.0,1.0,2025_12_21_NHL_merged.csv,2025_12_21_NHL_final_scores.csv,total
total,2025020568,2025-12-21,over,under,0.47858347551453756,0.4858210504762867,1.847457627118644,1.9803921568627452,-118.0,-102.0,6.0,6.0,0.16058986609290923,True,,5.0,1.0,2025_12_21_NHL_merged.csv,2025_12_21_NHL_final_scores.csv,total
total,2025020569,2025-12-21,over,under,0.5381272410127841,0.5309150295572144,1.8,2.05,-125.0,105.0,5.5,5.5,0.0,False,1.0,4.0,3.0,2025_12_21_NHL_merged.csv,2025_12_21_NHL_final_scores.csv,total
total,2025020570,2025-12-21,over,under,0.5218712454807555,0.5290991748953229,1.8695652173913042,1.9523809523809523,-115.0,-105.0,6.0,6.0,0.15960850129438858,False,1.0,4.0,3.0,2025_12_21_NHL_merged.csv,2025_12_21_NHL_final_scores.csv,total
total,2025020571,2025-12-22,over,under,0.5494896985828706,0.5423040061920095,1.8333333333333335,2.0,-120.0,100.0,5.5,5.5,0.0,False,0.0,4.0,1.0,2025_12_22_NHL_merged.csv,2025_12_22_NHL_final_scores.csv,total
total,2025020572,2025-12-22,over,under,0.5430121891283849,0.5358104582937444,1.9090909090909092,1.9090909090909092,-110.0,-110.0,5.5,5.5,0.0,False,1.0,5.0,2.0,2025_12_22_NHL_merged.csv,2025_12_22_NHL_final_scores.csv,total
total,2025020573,2025-12-22,over,under,0.43378480895699234,0.44091779041220686,1.9523809523809523,1.8695652173913042,-105.0,-115.0,6.5,6.5,0.0,False,0.0,1.0,3.0,2025_12_22_NHL_merged.csv,2025_12_22_NHL_final_scores.csv,total
total,2025020574,2025-12-22,over,under,0.5397580726618482,0.5325492058122763,1.8333333333333335,2.0,-120.0,100.0,5.5,5.5,0.0,False,0.0,1.0,3.0,2025_12_22_NHL_merged.csv,2025_12_22_NHL_final_scores.csv,total
total,2025020575,2025-12-23,over,under,0.5237249395823605,0.5309500326937886,1.8,2.05,-125.0,105.0,6.0,6.0,0.15953614185304393,False,1.0,6.0,3.0,2025_12_23_NHL_merged.csv,2025_12_23_NHL_final_scores.csv,total
total,2025020576,2025-12-23,over,under,0.5150434175302715,0.5078004420319064,1.9090909090909092,1.9090909090909092,-110.0,-110.0,5.5,5.5,0.0,False,1.0,3.0,7.0,2025_12_23_NHL_merged.csv,2025_12_23_NHL_final_scores.csv,total
total,2025020577,2025-12-23,over,under,0.4823911013931748,0.4896321864430966,1.9523809523809523,1.8695652173913042,-105.0,-115.0,6.0,6.0,0.16055807215358792,False,1.0,2.0,6.0,2025_12_23_NHL_merged.csv,2025_12_23_NHL_final_scores.csv,total
total,2025020578,2025-12-23,over,under,0.4918778157560807,0.4991239863316048,1.847457627118644,1.9803921568627452,-118.0,-102.0,6.0,6.0,0.1604330378918504,False,0.0,2.0,3.0,2025_12_23_NHL_merged.csv,2025_12_23_NHL_final_scores.csv,total
total,2025020579,2025-12-23,over,under,0.47285925798061623,0.48008997180847873,1.8333333333333335,2.0,-120.0,100.0,6.0,6.0,0.16061779890046182,False,1.0,4.0,3.0,2025_12_23_NHL_merged.csv,2025_12_23_NHL_final_scores.csv,total
total,2025020580,2025-12-23,over,under,0.47858347551453756,0.4858210504762867,1.847457627118644,1.9803921568627452,-118.0,-102.0,6.0,6.0,0.16058986609290923,False,0.0,2.0,1.0,2025_12_23_NHL_merged.csv,2025_12_23_NHL_final_scores.csv,total
total,2025020581,2025-12-23,over,under,0.45368234569202104,0.4608761972058461,1.8695652173913042,1.9523809523809523,-115.0,-105.0,6.0,6.0,0.1605367294552968,False,1.0,2.0,5.0,2025_12_23_NHL_merged.csv,2025_12_23_NHL_final_scores.csv,total
total,2025020582,2025-12-23,over,under,0.45368234569202104,0.4608761972058461,1.8333333333333335,2.0,-120.0,100.0,6.0,6.0,0.1605367294552968,False,0.0,2.0,3.0,2025_12_23_NHL_merged.csv,2025_12_23_NHL_final_scores.csv,total
total,2025020583,2025-12-23,over,under,0.5117092015348796,0.5044643399075085,1.8333333333333335,2.0,-120.0,100.0,5.5,5.5,0.0,False,0.0,1.0,3.0,2025_12_23_NHL_merged.csv,2025_12_23_NHL_final_scores.csv,total
total,2025020584,2025-12-23,over,under,0.5013140802281075,0.5085601309904587,1.7692307692307692,2.05,-130.0,105.0,6.0,6.0,0.1602439104033816,False,0.0,1.0,0.0,2025_12_23_NHL_merged.csv,2025_12_23_NHL_final_scores.csv,total
total,2025020585,2025-12-23,over,under,0.46903511025899414,0.4762601797976888,1.8,2.05,-125.0,105.0,6.0,6.0,0.1606231410479801,True,,5.0,1.0,2025_12_23_NHL_merged.csv,2025_12_23_NHL_final_scores.csv,total
total,2025020587,2025-12-23,over,under,0.4693665320322882,0.4621537599042787,1.9523809523809523,1.8695652173913042,-105.0,-115.0,5.5,5.5,0.0,False,0.0,2.0,3.0,2025_12_23_NHL_merged.csv,2025_12_23_NHL_final_scores.csv,total
total,2025020588,2025-12-27,over,under,0.5430121891283849,0.5358104582937444,1.8695652173913042,1.9523809523809523,-115.0,-105.0,5.5,5.5,0.0,False,0.0,2.0,0.0,2025_12_27_NHL_merged.csv,2025_12_27_NHL_final_scores.csv,total
total,2025020589,2025-12-27,over,under,0.5088233096062542,0.5160655776768094,1.8695652173913042,1.9523809523809523,-115.0,-105.0,6.0,6.0,0.1600473073780198,False,0.0,4.0,1.0,2025_12_27_NHL_merged.csv,2025_12_27_NHL_final_scores.csv,total
total,2025020590,2025-12-27,over,under,0.46328778355853834,0.47050277171421223,1.9090909090909092,1.9090909090909092,-110.0,-110.0,6.0,6.0,0.1606110544601964,False,1.0,7.0,5.0,2025_12_27_NHL_merged.csv,2025_12_27_NHL_final_scores.csv,total
total,2025020591,2025-12-27,over,under,0.43439304558401676,0.4415282295033908,2.0,1.8333333333333335,100.0,-120.0,6.0,6.0,0.16018119407211967,True,,2.0,4.0,2025_12_27_NHL_merged.csv,2025_12_27_NHL_final_scores.csv,total
total,2025020592,2025-12-27,over,under,0.4208494883507122,0.42793052208836424,1.9090909090909092,1.9090909090909092,-110.0,-110.0,6.0,6.0,0.15976487382793406,False,1.0,3.0,4.0,2025_12_27_NHL_merged.csv,2025_12_27_NHL_final_scores.csv,total
total,2025020593,2025-12-27,over,under,0.4918778157560807,0.4991239863316048,1.8695652173913042,1.9523809523809523,-115.0,-105.0,6.0,6.0,0.1604330378918504,False,1.0,5.0,2.0,2025_12_27_NHL_merged.csv,2025_12_27_NHL_final_scores.csv,total
total,2025020594,2025-12-27,over,under,0.4401888008018101,0.4473438899296821,1.9090909090909092,1.9090909090909092,-110.0,-110.0,6.0,6.0,0.16031714898074298,False,1.0,3.0,4.0,2025_12_27_NHL_merged.csv,2025_12_27_NHL_final_scores.csv,total
total,2025020595,2025-12-27,over,under,0.5216853128418241,0.514448017473095,1.847457627118644,1.9803921568627452,-118.0,-102.0,5.5,5.5,0.0,False,0.0,3.0,2.0,2025_12_27_NHL_merged.csv,2025_12_27_NHL_final_scores.csv,total
total,2025020596,2025-12-27,over,under,0.5299361362247547,0.5227094647357668,1.8333333333333335,2.0,-120.0,100.0,5.5,5.5,0.0,False,1.0,3.0,4.0,2025_12_27_NHL_merged.csv,2025_12_27_NHL_final_scores.csv,total
total,2025020597,2025-12-27,over,under,0.46712077002642727,0.4743426948833713,1.8695652173913042,1.9523809523809523,-115.0,-105.0,6.0,6.0,0.16062180103828136,False,1.0,6.0,1.0,2025_12_27_NHL_merged.csv,2025_12_27_NHL_final_scores.csv,total
total,2025020598,2025-12-27,over,under,0.3936972175874087,0.4006374344806737,1.9803921568627452,1.847457627118644,-102.0,-118.0,6.5,6.5,0.0,False,0.0,3.0,2.0,2025_12_27_NHL_merged.csv,2025_12_27_NHL_final_scores.csv,total
total,2025020599,2025-12-27,over,under,0.5088233096062542,0.5160655776768094,1.9090909090909092,1.9090909090909092,-110.0,-110.0,6.0,6.0,0.1600473073780198,False,1.0,3.0,6.0,2025_12_27_NHL_merged.csv,2025_12_27_NHL_final_scores.csv,total
total,2025020600,2025-12-27,over,under,0.5162944171118963,0.5235296808094725,1.8695652173913042,1.9523809523809523,-115.0,-105.0,6.0,6.0,0.1598111570069947,False,1.0,5.0,6.0,2025_12_27_NHL_merged.csv,2025_12_27_NHL_final_scores.csv,total
total,2025020601,2025-12-28,over,under,0.5637650816090604,0.5708804526858718,1.8,2.05,-125.0,105.0,6.0,6.0,0.1573607286121776,False,0.0,3.0,2.0,2025_12_28_NHL_merged.csv,2025_12_28_NHL_final_scores.csv,total
total,2025020602,2025-12-28,over,under,0.5013140802281075,0.5085601309904587,1.9090909090909092,1.9090909090909092,-110.0,-110.0,6.0,6.0,0.1602439104033816,False,1.0,5.0,4.0,2025_12_28_NHL_merged.csv,2025_12_28_NHL_final_scores.csv,total
total,2025020603,2025-12-28,over,under,0.5637650816090604,0.5708804526858718,1.9090909090909092,1.9090909090909092,-110.0,-110.0,6.0,6.0,0.1573607286121776,True,,4.0,2.0,2025_12_28_NHL_merged.csv,2025_12_28_NHL_final_scores.csv,total
total,2025020604,2025-12-28,over,under,0.5274242338224195,0.5346430726709629,1.9090909090909092,1.9090909090909092,-110.0,-110.0,6.0,6.0,0.15938427754902815,False,1.0,3.0,7.0,2025_12_28_NHL_merged.csv,2025_12_28_NHL_final_scores.csv,total
total,2025020605,2025-12-28,over,under,0.5016556369817711,0.4944089918606163,1.8695652173913042,1.9523809523809523,-115.0,-105.0,5.5,5.5,0.0,False,0.0,4.0,1.0,2025_12_28_NHL_merged.csv,2025_12_28_NHL_final_scores.csv,total
total,2025020606,2025-12-29,over,under,0.5069494782091658,0.5141929960666473,1.8,2.05,-125.0,105.0,6.0,6.0,0.16010019200414558,False,0.0,1.0,4.0,2025_12_29_NHL_merged.csv,2025_12_29_NHL_final_scores.csv,total
total,2025020607,2025-12-29,over,under,0.5033364008980014,0.4960896459267306,1.847457627118644,1.9803921568627452,-118.0,-102.0,5.5,5.5,0.0,False,1.0,5.0,3.0,2025_12_29_NHL_merged.csv,2025_12_29_NHL_final_scores.csv,total
total,2025020608,2025-12-29,over,under,0.43439304558401676,0.4415282295033908,2.0,1.8333333333333335,100.0,-120.0,6.0,6.0,0.16018119407211967,False,0.0,3.0,2.0,2025_12_29_NHL_merged.csv,2025_12_29_NHL_final_scores.csv,total
total,2025020609,2025-12-29,over,under,0.49565866738382314,0.5029054097997746,1.8333333333333335,2.0,-120.0,100.0,6.0,6.0,0.16036500846611268,False,0.0,1.0,3.0,2025_12_29_NHL_merged.csv,2025_12_29_NHL_final_scores.csv,total
total,2025020610,2025-12-29,over,under,0.47094795460456723,0.4781759536426692,1.8695652173913042,1.9523809523809523,-115.0,-105.0,6.0,6.0,0.16062180401276427,True,,2.0,4.0,2025_12_29_NHL_merged.csv,2025_12_29_NHL_final_scores.csv,total
total,2025020611,2025-12-29,over,under,0.4363256715377491,0.44346771050673706,1.847457627118644,1.9803921568627452,-118.0,-102.0,6.0,6.0,0.1602293248124962,False,1.0,5.0,2.0,2025_12_29_NHL_merged.csv,2025_12_29_NHL_final_scores.csv,total
total,2025020612,2025-12-29,over,under,0.5397580726618482,0.5325492058122763,1.8333333333333335,2.0,-120.0,100.0,5.5,5.5,0.0,False,1.0,3.0,4.0,2025_12_29_NHL_merged.csv,2025_12_29_NHL_final_scores.csv,total
total,2025020613,2025-12-29,over,under,0.39954487718520343,0.4065190615576071,1.9523809523809523,1.8695652173913042,-105.0,-115.0,6.0,6.0,0.15882587240894191,False,0.0,2.0,1.0,2025_12_29_NHL_merged.csv,2025_12_29_NHL_final_scores.csv,total
total,2025020614,2025-12-29,over,under,0.44983196118034663,0.45701583273478164,1.9090909090909092,1.9090909090909092,-110.0,-110.0,6.0,6.0,0.16048783935516986,False,1.0,2.0,5.0,2025_12_29_NHL_merged.csv,2025_12_29_NHL_final_scores.csv,total
total,2025020615,2025-12-29,over,under,0.4907215296337537,0.49796735978471013,1.8695652173913042,1.9523809523809523,-115.0,-105.0,6.5,6.5,0.0,False,1.0,4.0,5.0,2025_12_29_NHL_merged.csv,2025_12_29_NHL_final_scores.csv,total
total,2025020616,2025-12-29,over,under,0.5559252485526245,0.5487579093700281,1.8695652173913042,1.9523809523809523,-115.0,-105.0,5.5,5.5,0.0,False,0.0,2.0,3.0,2025_12_29_NHL_merged.csv,2025_12_29_NHL_final_scores.csv,total
total,2025020617,2025-12-30,over,under,0.4899843412170889,0.4972299138478802,1.9523809523809523,1.8695652173913042,-105.0,-115.0,6.0,6.0,0.1604632117589947,False,0.0,4.0,0.0,2025_12_30_NHL_merged.csv,2025_12_30_NHL_final_scores.csv,total
total,2025020618,2025-12-30,over,under,0.4479051987820881,0.45508375231848175,1.9090909090909092,1.9090909090909092,-110.0,-110.0,6.0,6.0,0.16045925588893342,False,0.0,2.0,3.0,2025_12_30_NHL_merged.csv,2025_12_30_NHL_final_scores.csv,total
total,2025020619,2025-12-30,over,under,0.5347894380127141,0.5419934690507292,1.9523809523809523,1.8695652173913042,-105.0,-115.0,6.0,6.0,0.15905227859914503,True,,5.0,1.0,2025_12_30_NHL_merged.csv,2025_12_30_NHL_final_scores.csv,total
total,2025020620,2025-12-30,over,under,0.559126926421404,0.5519696163832604,1.8,2.05,-125.0,105.0,5.5,5.5,0.0,False,0.0,2.0,3.0,2025_12_30_NHL_merged.csv,2025_12_30_NHL_final_scores.csv,total
total,2025020621,2025-12-30,over,under,0.516707241526556,0.509465448527562,1.9803921568627452,1.847457627118644,-102.0,-118.0,5.5,5.5,0.0,False,1.0,3.0,6.0,2025_12_30_NHL_merged.csv,2025_12_30_NHL_final_scores.csv,total
total,2025020622,2025-12-31,over,under,0.49660136013371536,0.48935603187326354,1.8333333333333335,2.0,-120.0,100.0,5.5,5.5,0.0,False,1.0,6.0,3.0,2025_12_31_NHL_merged.csv,2025_12_31_NHL_final_scores.csv,total
total,2025020623,2025-12-31,over,under,0.4823911013931748,0.4896321864430966,1.9523809523809523,1.8695652173913042,-105.0,-115.0,6.0,6.0,0.16055807215358792,True,,2.0,4.0,2025_12_31_NHL_merged.csv,2025_12_31_NHL_final_scores.csv,total
total,2025020624,2025-12-31,over,under,0.44336110335278356,0.4505262587697026,1.9090909090909092,1.9090909090909092,-110.0,-110.0,6.5,6.5,0.0,False,1.0,3.0,4.0,2025_12_31_NHL_merged.csv,2025_12_31_NHL_final_scores.csv,total
total,2025020625,2025-12-31,over,under,0.47858347551453756,0.4858210504762867,1.8,2.05,-125.0,105.0,6.0,6.0,0.16058986609290923,False,1.0,4.0,3.0,2025_12_31_NHL_merged.csv,2025_12_31_NHL_final_scores.csv,total
total,2025020626,2025-12-31,over,under,0.46903511025899414,0.4762601797976888,1.847457627118644,1.9803921568627452,-118.0,-102.0,6.0,6.0,0.1606231410479801,False,0.0,2.0,1.0,2025_12_31_NHL_merged.csv,2025_12_31_NHL_final_scores.csv,total
total,2025020627,2025-12-31,over,under,0.5069494782091658,0.5141929960666473,1.8695652173913042,1.9523809523809523,-115.0,-105.0,6.0,6.0,0.16010019200414558,False,0.0,2.0,3.0,2025_12_31_NHL_merged.csv,2025_12_31_NHL_final_scores.csv,total
total,2025020628,2025-12-31,over,under,0.48429222745408296,0.4915347500563827,1.847457627118644,1.9803921568627452,-118.0,-102.0,6.0,6.0,0.16053825175092262,False,0.0,1.0,4.0,2025_12_31_NHL_merged.csv,2025_12_31_NHL_final_scores.csv,total
total,2025020629,2025-12-31,over,under,0.46712077002642727,0.4743426948833713,1.8695652173913042,1.9523809523809523,-115.0,-105.0,6.0,6.0,0.16062180103828136,False,1.0,6.0,1.0,2025_12_31_NHL_merged.csv,2025_12_31_NHL_final_scores.csv,total
total,2025020630,2025-12-31,over,under,0.47279453674286676,0.465575306010909,1.9090909090909092,1.9090909090909092,-110.0,-110.0,5.5,5.5,0.0,False,1.0,5.0,1.0,2025_12_31_NHL_merged.csv,2025_12_31_NHL_final_scores.csv,total
total,2025020631,2025-12-31,over,under,0.5088233096062542,0.5160655776768094,1.847457627118644,1.9803921568627452,-118.0,-102.0,6.0,6.0,0.1600473073780198,False,1.0,2.0,6.0,2025_12_31_NHL_merged.csv,2025_12_31_NHL_final_scores.csv,total
total,2025020632,2026-01-01,over,under,0.5133773967717443,0.5061333981891685,1.847457627118644,1.9803921568627452,-118.0,-102.0,5.5,5.5,0.0,False,1.0,4.0,3.0,2026_01_01_NHL_merged.csv,2026_01_01_NHL_final_scores.csv,total
total,2025020633,2026-01-01,over,under,0.4421192059272913,0.4492804904058336,1.9090909090909092,1.9090909090909092,-110.0,-110.0,6.0,6.0,0.1603568570920638,False,1.0,2.0,7.0,2026_01_01_NHL_merged.csv,2026_01_01_NHL_final_scores.csv,total
total,2025020634,2026-01-01,over,under,0.4899843412170889,0.4972299138478802,1.9090909090909092,1.9090909090909092,-110.0,-110.0,6.0,6.0,0.1604632117589947,False,1.0,6.0,5.0,2026_01_01_NHL_merged.csv,2026_01_01_NHL_final_scores.csv,total
total,2025020635,2026-01-01,over,under,0.5565981254229029,0.5637399352533401,1.9090909090909092,1.9090909090909092,-110.0,-110.0,6.0,6.0,0.15783666271912367,False,1.0,4.0,3.0,2026_01_01_NHL_merged.csv,2026_01_01_NHL_final_scores.csv,total
total,2025020636,2026-01-01,over,under,0.4823911013931748,0.4896321864430966,1.9523809523809523,1.8695652173913042,-105.0,-115.0,6.0,6.0,0.16055807215358792,False,1.0,5.0,7.0,2026_01_01_NHL_merged.csv,2026_01_01_NHL_final_scores.csv,total
total,2025020637,2026-01-01,over,under,0.5315792166968157,0.524355133103365,1.847457627118644,1.9803921568627452,-118.0,-102.0,5.5,5.5,0.0,False,1.0,4.0,3.0,2026_01_01_NHL_merged.csv,2026_01_01_NHL_final_scores.csv,total
total,2025020638,2026-01-01,over,under,0.5216853128418241,0.514448017473095,1.847457627118644,1.9803921568627452,-118.0,-102.0,5.5,5.5,0.0,False,0.0,4.0,1.0,2026_01_01_NHL_merged.csv,2026_01_01_NHL_final_scores.csv,total
total,2025020639,2026-01-01,over,under,0.48133634791191393,0.47410398021057526,1.8,2.05,-125.0,105.0,5.5,5.5,0.0,False,1.0,3.0,5.0,2026_01_01_NHL_merged.csv,2026_01_01_NHL_final_scores.csv,total
total,2025020640,2026-01-02,over,under,0.5266428286013923,0.5194114423907409,1.847457627118644,1.9803921568627452,-118.0,-102.0,5.5,5.5,0.0,False,1.0,4.0,3.0,2026_01_02_NHL_merged.csv,2026_01_02_NHL_final_scores.csv,total
total,2025020641,2026-01-02,over,under,0.49828809276358155,0.4910421604444615,1.8695652173913042,1.9523809523809523,-115.0,-105.0,5.5,5.5,0.0,False,1.0,1.0,5.0,2026_01_02_NHL_merged.csv,2026_01_02_NHL_final_scores.csv,total
total,2025020642,2026-01-02,over,under,0.4479051987820881,0.45508375231848175,1.9523809523809523,1.8695652173913042,-105.0,-115.0,6.0,6.0,0.16045925588893342,False,1.0,3.0,4.0,2026_01_02_NHL_merged.csv,2026_01_02_NHL_final_scores.csv,total
total,2025020643,2026-01-02,over,under,0.4481390020756848,0.4553182124498473,1.9523809523809523,1.8695652173913042,-105.0,-115.0,6.5,6.5,0.0,False,1.0,2.0,5.0,2026_01_02_NHL_merged.csv,2026_01_02_NHL_final_scores.csv,total
total,2025020644,2026-01-03,over,under,0.547565619150027,0.5547365299634232,1.8333333333333335,2.0,-120.0,100.0,6.0,6.0,0.1583824651090126,False,0.0,1.0,4.0,2026_01_03_NHL_merged.csv,2026_01_03_NHL_final_scores.csv,total
total,2025020645,2026-01-03,over,under,0.4266566216693117,0.43376218383711945,1.9523809523809523,1.8695652173913042,-105.0,-115.0,6.0,6.0,0.1599603805611504,False,0.0,4.0,1.0,2026_01_03_NHL_merged.csv,2026_01_03_NHL_final_scores.csv,total
total,2025020646,2026-01-03,over,under,0.49228104035381426,0.4995273114070266,1.9090909090909092,1.9090909090909092,-110.0,-110.0,6.5,6.5,0.0,False,0.0,5.0,1.0,2026_01_03_NHL_merged.csv,2026_01_03_NHL_final_scores.csv,total
total,2025020647,2026-01-03,over,under,0.46712077002642727,0.4743426948833713,1.847457627118644,1.9803921568627452,-118.0,-102.0,6.0,6.0,0.16062180103828136,False,1.0,2.0,5.0,2026_01_03_NHL_merged.csv,2026_01_03_NHL_final_scores.csv,total
total,2025020648,2026-01-03,over,under,0.41891312917967094,0.4259855465586554,1.9090909090909092,1.9090909090909092,-110.0,-110.0,6.0,6.0,0.15969397522991177,False,0.0,2.0,0.0,2026_01_03_NHL_merged.csv,2026_01_03_NHL_final_scores.csv,total
total,2025020649,2026-01-03,over,under,0.4880888900834609,0.49533365584177463,1.847457627118644,1.9803921568627452,-118.0,-102.0,6.0,6.0,0.1604908118751539,False,1.0,3.0,7.0,2026_01_03_NHL_merged.csv,2026_01_03_NHL_final_scores.csv,total
total,2025020650,2026-01-03,over,under,0.5266428286013923,0.5194114423907409,1.847457627118644,1.9803921568627452,-118.0,-102.0,5.5,5.5,0.0,False,1.0,4.0,2.0,2026_01_03_NHL_merged.csv,2026_01_03_NHL_final_scores.csv,total
total,2025020651,2026-01-03,over,under,0.5050733030763073,0.5123178685174596,1.9523809523809523,1.8695652173913042,-105.0,-115.0,6.0,6.0,0.16015059433311063,False,1.0,4.0,3.0,2026_01_03_NHL_merged.csv,2026_01_03_NHL_final_scores.csv,total
total,2025020652,2026-01-03,over,under,0.43825760634385524,0.44540628034588314,1.9803921568627452,1.847457627118644,-102.0,-118.0,6.0,6.0,0.16027464068621575,False,0.0,2.0,3.0,2026_01_03_NHL_merged.csv,2026_01_03_NHL_final_scores.csv,total
total,2025020653,2026-01-03,over,under,0.5181559470231497,0.5253889626561654,1.8695652173913042,1.9523809523809523,-115.0,-105.0,6.0,6.0,0.15974601978031794,False,1.0,3.0,5.0,2026_01_03_NHL_merged.csv,2026_01_03_NHL_final_scores.csv,total
total,2025020654,2026-01-03,over,under,0.5183688466593044,0.5111283949427904,1.847457627118644,1.9803921568627452,-118.0,-102.0,5.5,5.5,0.0,False,1.0,3.0,4.0,2026_01_03_NHL_merged.csv,2026_01_03_NHL_final_scores.csv,total
total,2025020655,2026-01-03,over,under,0.3802047078420081,0.38705891624417715,1.9523809523809523,1.8695652173913042,-105.0,-115.0,6.0,6.0,0.15766477021663644,False,1.0,5.0,4.0,2026_01_03_NHL_merged.csv,2026_01_03_NHL_final_scores.csv,total
total,2025020656,2026-01-03,over,under,0.47094795460456723,0.4781759536426692,1.9523809523809523,1.8695652173913042,-105.0,-115.0,6.0,6.0,0.16062180401276427,False,0.0,2.0,3.0,2026_01_03_NHL_merged.csv,2026_01_03_NHL_final_scores.csv,total
total,2025020657,2026-01-04,over,under,0.4613692288081531,0.46858042409952827,1.9523809523809523,1.8695652173913042,-105.0,-115.0,6.0,6.0,0.1606016304070977,False,1.0,3.0,4.0,2026_01_04_NHL_merged.csv,2026_01_04_NHL_final_scores.csv,total
total,2025020658,2026-01-04,over,under,0.5866714460665111,0.5936824722884148,1.7407407407407407,2.1,-135.0,110.0,6.0,6.0,0.15558245493539657,False,1.0,4.0,5.0,2026_01_04_NHL_merged.csv,2026_01_04_NHL_final_scores.csv,total
total,2025020659,2026-01-04,over,under,0.4823911013931748,0.4896321864430966,1.8333333333333335,2.0,-120.0,100.0,6.0,6.0,0.16055807215358792,False,0.0,2.0,1.0,2026_01_04_NHL_merged.csv,2026_01_04_NHL_final_scores.csv,total
total,2025020660,2026-01-04,over,under,0.4479051987820881,0.45508375231848175,1.8333333333333335,2.0,-120.0,100.0,6.0,6.0,0.16045925588893342,False,0.0,1.0,3.0,2026_01_04_NHL_merged.csv,2026_01_04_NHL_final_scores.csv,total
total,2025020661,2026-01-04,over,under,0.4440487729556887,0.45121603316425246,1.9090909090909092,1.9090909090909092,-110.0,-110.0,6.0,6.0,0.16039377252346934,False,0.0,3.0,2.0,2026_01_04_NHL_merged.csv,2026_01_04_NHL_final_scores.csv,total
total,2025020662,2026-01-05,over,under,0.5050151278750382,0.49776842666849846,1.8695652173913042,1.9523809523809523,-115.0,-105.0,5.5,5.5,0.0,False,0.0,2.0,3.0,2026_01_05_NHL_merged.csv,2026_01_05_NHL_final_scores.csv,total
total,2025020663,2026-01-05,over,under,0.4513200399197346,0.45850787078367966,2.0,1.8333333333333335,100.0,-120.0,6.5,6.5,0.0,False,1.0,7.0,4.0,2026_01_05_NHL_merged.csv,2026_01_05_NHL_final_scores.csv,total
total,2025020664,2026-01-05,over,under,0.47285925798061623,0.48008997180847873,1.847457627118644,1.9803921568627452,-118.0,-102.0,6.0,6.0,0.16061779890046182,False,1.0,3.0,5.0,2026_01_05_NHL_merged.csv,2026_01_05_NHL_final_scores.csv,total
total,2025020665,2026-01-05,over,under,0.4881390616244967,0.4808992515607333,1.847457627118644,1.9803921568627452,-118.0,-102.0,5.5,5.5,0.0,False,1.0,1.0,5.0,2026_01_05_NHL_merged.csv,2026_01_05_NHL_final_scores.csv,total
total,2025020666,2026-01-05,over,under,0.4710813134741374,0.4638652256541951,1.8695652173913042,1.9523809523809523,-115.0,-105.0,5.5,5.5,0.0,False,1.0,4.0,2.0,2026_01_05_NHL_merged.csv,2026_01_05_NHL_final_scores.csv,total
total,2025020667,2026-01-06,over,under,0.5255759478362949,0.5327980104390739,1.8695652173913042,1.9523809523809523,-115.0,-105.0,6.0,6.0,0.15946139692078345,False,1.0,5.0,3.0,2026_01_06_NHL_merged.csv,2026_01_06_NHL_final_scores.csv,total
total,2025020668,2026-01-06,over,under,0.4899843412170889,0.4972299138478802,1.8333333333333335,2.0,-120.0,100.0,6.0,6.0,0.1604632117589947,True,,4.0,2.0,2026_01_06_NHL_merged.csv,2026_01_06_NHL_final_scores.csv,total
total,2025020669,2026-01-06,over,under,0.5332198876003772,0.5259985446650597,1.847457627118644,1.9803921568627452,-118.0,-102.0,5.5,5.5,0.0,False,1.0,9.0,0.0,2026_01_06_NHL_merged.csv,2026_01_06_NHL_final_scores.csv,total
total,2025020670,2026-01-06,over,under,0.5069494782091658,0.5141929960666473,1.8695652173913042,1.9523809523809523,-115.0,-105.0,6.0,6.0,0.16010019200414558,False,1.0,5.0,2.0,2026_01_06_NHL_merged.csv,2026_01_06_NHL_final_scores.csv,total
total,2025020671,2026-01-06,over,under,0.45560587281488923,0.4628043868212027,1.9090909090909092,1.9090909090909092,-110.0,-110.0,6.0,6.0,0.16055705223244435,False,1.0,6.0,3.0,2026_01_06_NHL_merged.csv,2026_01_06_NHL_final_scores.csv,total
total,2025020672,2026-01-06,over,under,0.4324597778958164,0.4395878866624076,1.9523809523809523,1.8695652173913042,-105.0,-115.0,6.0,6.0,0.16013024128735945,False,0.0,4.0,1.0,2026_01_06_NHL_merged.csv,2026_01_06_NHL_final_scores.csv,total
total,2025020673,2026-01-06,over,under,0.4363256715377491,0.44346771050673706,1.9090909090909092,1.9090909090909092,-110.0,-110.0,6.0,6.0,0.1602293248124962,False,1.0,3.0,4.0,2026_01_06_NHL_merged.csv,2026_01_06_NHL_final_scores.csv,total
total,2025020674,2026-01-06,over,under,0.5200149022734664,0.5272454728393714,1.7407407407407407,2.1,-135.0,110.0,6.0,6.0,0.15967846424951374,False,1.0,6.0,2.0,2026_01_06_NHL_merged.csv,2026_01_06_NHL_final_scores.csv,total
total,2025020675,2026-01-06,over,under,0.4797657764483876,0.48700453142762673,1.8695652173913042,1.9523809523809523,-115.0,-105.0,6.5,6.5,0.0,False,1.0,5.0,2.0,2026_01_06_NHL_merged.csv,2026_01_06_NHL_final_scores.csv,total
total,2025020676,2026-01-06,over,under,0.40535479370373634,0.41236074630531366,1.9523809523809523,1.8695652173913042,-105.0,-115.0,6.0,6.0,0.15911683972746823,False,1.0,7.0,4.0,2026_01_06_NHL_merged.csv,2026_01_06_NHL_final_scores.csv,total
total,2025020677,2026-01-07,over,under,0.43825760634385524,0.44540628034588314,1.9523809523809523,1.8695652173913042,-105.0,-115.0,6.0,6.0,0.16027464068621575,False,0.0,1.0,4.0,2026_01_07_NHL_merged.csv,2026_01_07_NHL_final_scores.csv,total
total,2025020678,2026-01-07,over,under,0.4363256715377491,0.44346771050673706,1.9090909090909092,1.9090909090909092,-110.0,-110.0,6.0,6.0,0.1602293248124962,False,0.0,4.0,1.0,2026_01_07_NHL_merged.csv,2026_01_07_NHL_final_scores.csv,total
total,2025020679,2026-01-07,over,under,0.49491268590868187,0.487668127535017,1.9803921568627452,1.847457627118644,-102.0,-118.0,5.5,5.5,0.0,False,1.0,7.0,3.0,2026_01_07_NHL_merged.csv,2026_01_07_NHL_final_scores.csv,total
total,2025020680,2026-01-07,over,under,0.4363256715377491,0.44346771050673706,1.9090909090909092,1.9090909090909092,-110.0,-110.0,6.0,6.0,0.1602293248124962,False,0.0,3.0,1.0,2026_01_07_NHL_merged.csv,2026_01_07_NHL_final_scores.csv,total
total,2025020681,2026-01-07,over,under,0.4421192059272913,0.4492804904058336,1.9523809523809523,1.8695652173913042,-105.0,-115.0,6.0,6.0,0.1603568570920638,False,1.0,3.0,4.0,2026_01_07_NHL_merged.csv,2026_01_07_NHL_final_scores.csv,total
total,2025020682,2026-01-08,over,under,0.5050151278750382,0.49776842666849846,1.847457627118644,1.9803921568627452,-118.0,-102.0,5.5,5.5,0.0,False,0.0,4.0,1.0,2026_01_08_NHL_merged.csv,2026_01_08_NHL_final_scores.csv,total
total,2025020683,2026-01-08,over,under,0.45560587281488923,0.4628043868212027,1.9090909090909092,1.9090909090909092,-110.0,-110.0,6.0,6.0,0.16055705223244435,False,1.0,6.0,2.0,2026_01_08_NHL_merged.csv,2026_01_08_NHL_final_scores.csv,total
total,2025020684,2026-01-08,over,under,0.49565866738382314,0.5029054097997746,1.9090909090909092,1.9090909090909092,-110.0,-110.0,6.0,6.0,0.16036500846611268,True,,5.0,1.0,2026_01_08_NHL_merged.csv,2026_01_08_NHL_final_scores.csv,total
total,2025020685,2026-01-08,over,under,0.47476897557344894,0.4820021899739013,1.847457627118644,1.9803921568627452,-118.0,-102.0,6.0,6.0,0.16061113476694835,False,1.0,2.0,5.0,2026_01_08_NHL_merged.csv,2026_01_08_NHL_final_scores.csv,total
total,2025020686,2026-01-08,over,under,0.4401888008018101,0.4473438899296821,1.8333333333333335,2.0,-120.0,100.0,6.0,6.0,0.16031714898074298,False,0.0,1.0,2.0,2026_01_08_NHL_merged.csv,2026_01_08_NHL_final_scores.csv,total
total,2025020687,2026-01-08,over,under,0.5125637844243718,0.5198029496420452,1.9090909090909092,1.9090909090909092,-110.0,-110.0,6.0,6.0,0.15993413332678097,False,0.0,4.0,1.0,2026_01_08_NHL_merged.csv,2026_01_08_NHL_final_scores.csv,total
total,2025020688,2026-01-08,over,under,0.46716759855368784,0.4743896028771796,1.8695652173913042,1.9523809523809523,-115.0,-105.0,6.5,6.5,0.0,False,1.0,5.0,2.0,2026_01_08_NHL_merged.csv,2026_01_08_NHL_final_scores.csv,total
total,2025020689,2026-01-08,over,under,0.5527127916806752,0.545535989626622,1.847457627118644,1.9803921568627452,-118.0,-102.0,5.5,5.5,0.0,False,0.0,2.0,1.0,2026_01_08_NHL_merged.csv,2026_01_08_NHL_final_scores.csv,total
total,2025020690,2026-01-08,over,under,0.5069494782091658,0.5141929960666473,1.9090909090909092,1.9090909090909092,-110.0,-110.0,6.0,6.0,0.16010019200414558,False,1.0,3.0,4.0,2026_01_08_NHL_merged.csv,2026_01_08_NHL_final_scores.csv,total
total,2025020691,2026-01-08,over,under,0.4899843412170889,0.4972299138478802,1.9523809523809523,1.8695652173913042,-105.0,-115.0,6.0,6.0,0.1604632117589947,False,1.0,8.0,2.0,2026_01_08_NHL_merged.csv,2026_01_08_NHL_final_scores.csv,total
total,2025020692,2026-01-08,over,under,0.5125637844243718,0.5198029496420452,1.7407407407407407,2.1,-135.0,110.0,6.0,6.0,0.15993413332678097,False,1.0,5.0,3.0,2026_01_08_NHL_merged.csv,2026_01_08_NHL_final_scores.csv,total
total,2025020693,2026-01-08,over,under,0.41891312917967094,0.4259855465586554,1.9523809523809523,1.8695652173913042,-105.0,-115.0,6.0,6.0,0.15969397522991177,False,0.0,2.0,3.0,2026_01_08_NHL_merged.csv,2026_01_08_NHL_final_scores.csv,total
total,2025020694,2026-01-09,over,under,0.4401888008018101,0.4473438899296821,1.9523809523809523,1.8695652173913042,-105.0,-115.0,6.0,6.0,0.16031714898074298,True,,1.0,5.0,2026_01_09_NHL_merged.csv,2026_01_09_NHL_final_scores.csv,total
total,2025020695,2026-01-09,over,under,0.4092287708049938,0.4162548098237919,1.9523809523809523,1.8695652173913042,-105.0,-115.0,6.0,6.0,0.159296230829047,True,,5.0,1.0,2026_01_09_NHL_merged.csv,2026_01_09_NHL_final_scores.csv,total
total,2025020696,2026-01-09,over,under,0.48474124014328224,0.4775048125682953,1.9090909090909092,1.9090909090909092,-110.0,-110.0,5.5,5.5,0.0,False,1.0,4.0,2.0,2026_01_09_NHL_merged.csv,2026_01_09_NHL_final_scores.csv,total
total,2025020697,2026-01-10,over,under,0.49491268590868187,0.487668127535017,1.8,2.05,-125.0,105.0,5.5,5.5,0.0,False,1.0,10.0,2.0,2026_01_10_NHL_merged.csv,2026_01_10_NHL_final_scores.csv,total
total,2025020698,2026-01-10,over,under,0.4861915046380302,0.4934352539346796,1.8695652173913042,1.9523809523809523,-115.0,-105.0,6.0,6.0,0.1605158284450604,False,0.0,1.0,2.0,2026_01_10_NHL_merged.csv,2026_01_10_NHL_final_scores.csv,total
total,2025020699,2026-01-10,over,under,0.475050597600955,0.48228416283137954,1.7407407407407407,2.1,-135.0,110.0,6.5,6.5,0.0,False,0.0,4.0,0.0,2026_01_10_NHL_merged.csv,2026_01_10_NHL_final_scores.csv,total
total,2025020700,2026-01-10,over,under,0.4129643635027249,0.42000894110489817,1.9090909090909092,1.9090909090909092,-110.0,-110.0,6.5,6.5,0.0,False,1.0,5.0,4.0,2026_01_10_NHL_merged.csv,2026_01_10_NHL_final_scores.csv,total
total,2025020701,2026-01-10,over,under,0.5093349868222171,0.5165768782732248,1.8,2.05,-125.0,105.0,6.5,6.5,0.0,False,1.0,5.0,3.0,2026_01_10_NHL_merged.csv,2026_01_10_NHL_final_scores.csv,total
total,2025020702,2026-01-10,over,under,0.49565866738382314,0.5029054097997746,1.9523809523809523,1.8695652173913042,-105.0,-115.0,6.0,6.0,0.16036500846611268,False,0.0,5.0,0.0,2026_01_10_NHL_merged.csv,2026_01_10_NHL_final_scores.csv,total
total,2025020703,2026-01-10,over,under,0.49943111259273876,0.5066775995145438,1.8695652173913042,1.9523809523809523,-115.0,-105.0,6.0,6.0,0.1602868034656701,False,0.0,0.0,4.0,2026_01_10_NHL_merged.csv,2026_01_10_NHL_final_scores.csv,total
total,2025020704,2026-01-10,over,under,0.43439304558401676,0.4415282295033908,1.9090909090909092,1.9090909090909092,-110.0,-110.0,6.0,6.0,0.16018119407211967,False,0.0,2.0,3.0,2026_01_10_NHL_merged.csv,2026_01_10_NHL_final_scores.csv,total
total,2025020705,2026-01-10,over,under,0.4092287708049938,0.4162548098237919,1.8695652173913042,1.9523809523809523,-115.0,-105.0,6.0,6.0,0.159296230829047,False,1.0,2.0,7.0,2026_01_10_NHL_merged.csv,2026_01_10_NHL_final_scores.csv,total
total,2025020706,2026-01-10,over,under,0.4305259180953313,0.43764673154229206,1.847457627118644,1.9803921568627452,-118.0,-102.0,6.0,6.0,0.16007645939144471,False,0.0,3.0,2.0,2026_01_10_NHL_merged.csv,2026_01_10_NHL_final_scores.csv,total
total,2025020707,2026-01-10,over,under,0.4479051987820881,0.45508375231848175,1.9090909090909092,1.9090909090909092,-110.0,-110.0,6.0,6.0,0.16045925588893342,False,0.0,0.0,3.0,2026_01_10_NHL_merged.csv,2026_01_10_NHL_final_scores.csv,total
total,2025020708,2026-01-10,over,under,0.5299361362247547,0.5227094647357668,1.847457627118644,1.9803921568627452,-118.0,-102.0,5.5,5.5,0.0,False,1.0,3.0,4.0,2026_01_10_NHL_merged.csv,2026_01_10_NHL_final_scores.csv,total
total,2025020709,2026-01-10,over,under,0.4613692288081531,0.46858042409952827,1.9090909090909092,1.9090909090909092,-110.0,-110.0,6.0,6.0,0.1606016304070977,False,1.0,3.0,4.0,2026_01_10_NHL_merged.csv,2026_01_10_NHL_final_scores.csv,total
total,2025020710,2026-01-10,over,under,0.49828809276358155,0.4910421604444615,1.847457627118644,1.9803921568627452,-118.0,-102.0,5.5,5.5,0.0,False,1.0,4.0,2.0,2026_01_10_NHL_merged.csv,2026_01_10_NHL_final_scores.csv,total
total,2025020711,2026-01-11,over,under,0.5117092015348796,0.5044643399075085,1.8,2.05,-125.0,105.0,5.5,5.5,0.0,False,1.0,4.0,3.0,2026_01_11_NHL_merged.csv,2026_01_11_NHL_final_scores.csv,total
total,2025020712,2026-01-11,over,under,0.529269761443578,0.5364851842656163,1.847457627118644,1.9803921568627452,-118.0,-102.0,6.0,6.0,0.1593047948442344,False,0.0,1.0,0.0,2026_01_11_NHL_merged.csv,2026_01_11_NHL_final_scores.csv,total
total,2025020713,2026-01-11,over,under,0.4421192059272913,0.4492804904058336,1.9090909090909092,1.9090909090909092,-110.0,-110.0,6.0,6.0,0.1603568570920638,False,0.0,3.0,2.0,2026_01_11_NHL_merged.csv,2026_01_11_NHL_final_scores.csv,total
total,2025020714,2026-01-11,over,under,0.5088233096062542,0.5160655776768094,1.9090909090909092,1.9090909090909092,-110.0,-110.0,6.0,6.0,0.1600473073780198,False,0.0,2.0,3.0,2026_01_11_NHL_merged.csv,2026_01_11_NHL_final_scores.csv,total
total,2025020715,2026-01-11,over,under,0.4129643635027249,0.42000894110489817,1.8333333333333335,2.0,-120.0,100.0,6.5,6.5,0.0,False,1.0,2.0,7.0,2026_01_11_NHL_merged.csv,2026_01_11_NHL_final_scores.csv,total
total,2025020716,2026-01-12,over,under,0.49565866738382314,0.5029054097997746,1.9090909090909092,1.9090909090909092,-110.0,-110.0,6.0,6.0,0.16036500846611268,False,1.0,3.0,4.0,2026_01_12_NHL_merged.csv,2026_01_12_NHL_final_scores.csv,total
total,2025020717,2026-01-12,over,under,0.5013140802281075,0.5085601309904587,1.9090909090909092,1.9090909090909092,-110.0,-110.0,6.0,6.0,0.1602439104033816,False,1.0,4.0,3.0,2026_01_12_NHL_merged.csv,2026_01_12_NHL_final_scores.csv,total
total,2025020718,2026-01-12,over,under,0.4881390616244967,0.4808992515607333,1.9090909090909092,1.9090909090909092,-110.0,-110.0,5.5,5.5,0.0,False,1.0,2.0,4.0,2026_01_12_NHL_merged.csv,2026_01_12_NHL_final_scores.csv,total
total,2025020719,2026-01-12,over,under,0.41697653079024266,0.4240401118500981,1.9090909090909092,1.9090909090909092,-110.0,-110.0,6.0,6.0,0.159620201262441,True,,1.0,5.0,2026_01_12_NHL_merged.csv,2026_01_12_NHL_final_scores.csv,total
total,2025020720,2026-01-12,over,under,0.46520497925556314,0.4724235437956881,1.9090909090909092,1.9090909090909092,-110.0,-110.0,6.0,6.0,0.1606177751050755,False,1.0,6.0,3.0,2026_01_12_NHL_merged.csv,2026_01_12_NHL_final_scores.csv,total
total,2025020721,2026-01-12,over,under,0.4479051987820881,0.45508375231848175,1.9523809523809523,1.8695652173913042,-105.0,-115.0,6.0,6.0,0.16045925588893342,False,1.0,2.0,5.0,2026_01_12_NHL_merged.csv,2026_01_12_NHL_final_scores.csv,total
total,2025020722,2026-01-12,over,under,0.5125637844243718,0.5198029496420452,1.8695652173913042,1.9523809523809523,-115.0,-105.0,6.0,6.0,0.15993413332678097,False,0.0,1.0,4.0,2026_01_12_NHL_merged.csv,2026_01_12_NHL_final_scores.csv,total
total,2025020723,2026-01-12,over,under,0.43697972129157814,0.44412403088152164,1.9523809523809523,1.8695652173913042,-105.0,-115.0,6.5,6.5,0.0,False,1.0,3.0,4.0,2026_01_12_NHL_merged.csv,2026_01_12_NHL_final_scores.csv,total
total,2025020724,2026-01-12,over,under,0.4932220943803114,0.48597847225253504,1.8333333333333335,2.0,-120.0,100.0,5.5,5.5,0.0,False,0.0,1.0,3.0,2026_01_12_NHL_merged.csv,2026_01_12_NHL_final_scores.csv,total
total,2025020725,2026-01-13,over,under,0.45560587281488923,0.4628043868212027,1.9090909090909092,1.9090909090909092,-110.0,-110.0,6.0,6.0,0.16055705223244435,False,0.0,2.0,1.0,2026_01_13_NHL_merged.csv,2026_01_13_NHL_final_scores.csv,total
total,2025020726,2026-01-13,over,under,0.5384547834148421,0.545650276994128,1.847457627118644,1.9803921568627452,-118.0,-102.0,6.0,6.0,0.1588723237678989,False,0.0,1.0,2.0,2026_01_13_NHL_merged.csv,2026_01_13_NHL_final_scores.csv,total
total,2025020727,2026-01-13,over,under,0.45368234569202104,0.4608761972058461,1.8695652173913042,1.9523809523809523,-115.0,-105.0,6.0,6.0,0.1605367294552968,False,0.0,3.0,2.0,2026_01_13_NHL_merged.csv,2026_01_13_NHL_final_scores.csv,total
total,2025020728,2026-01-13,over,under,0.4766770628408286,0.48391256410876066,1.8333333333333335,2.0,-120.0,100.0,6.0,6.0,0.16060182075495943,False,1.0,5.0,3.0,2026_01_13_NHL_merged.csv,2026_01_13_NHL_final_scores.csv,total
total,2025020729,2026-01-13,over,under,0.4880888900834609,0.49533365584177463,1.9523809523809523,1.8695652173913042,-105.0,-115.0,6.0,6.0,0.1604908118751539,False,0.0,3.0,0.0,2026_01_13_NHL_merged.csv,2026_01_13_NHL_final_scores.csv,total
total,2025020730,2026-01-13,over,under,0.4208494883507122,0.42793052208836424,1.9523809523809523,1.8695652173913042,-105.0,-115.0,6.0,6.0,0.15976487382793406,False,0.0,3.0,0.0,2026_01_13_NHL_merged.csv,2026_01_13_NHL_final_scores.csv,total
total,2025020731,2026-01-13,over,under,0.5384547834148421,0.545650276994128,1.7692307692307692,2.05,-130.0,105.0,6.0,6.0,0.1588723237678989,False,1.0,4.0,3.0,2026_01_13_NHL_merged.csv,2026_01_13_NHL_final_scores.csv,total
total,2025020732,2026-01-13,over,under,0.4830396651122706,0.47580518256752286,1.8695652173913042,1.9523809523809523,-115.0,-105.0,5.5,5.5,0.0,False,1.0,5.0,4.0,2026_01_13_NHL_merged.csv,2026_01_13_NHL_final_scores.csv,total
total,2025020733,2026-01-13,over,under,0.4266566216693117,0.43376218383711945,1.9090909090909092,1.9090909090909092,-110.0,-110.0,6.0,6.0,0.1599603805611504,False,1.0,6.0,1.0,2026_01_13_NHL_merged.csv,2026_01_13_NHL_final_scores.csv,total
total,2025020734,2026-01-13,over,under,0.5457495887587182,0.5529257820119998,1.7692307692307692,2.05,-130.0,105.0,6.0,6.0,0.15848495894486733,False,0.0,3.0,1.0,2026_01_13_NHL_merged.csv,2026_01_13_NHL_final_scores.csv,total
total,2025020735,2026-01-14,over,under,0.41697653079024266,0.4240401118500981,1.9523809523809523,1.8695652173913042,-105.0,-115.0,6.0,6.0,0.159620201262441,False,0.0,3.0,2.0,2026_01_14_NHL_merged.csv,2026_01_14_NHL_final_scores.csv,total
total,2025020736,2026-01-14,over,under,0.4880888900834609,0.49533365584177463,1.9090909090909092,1.9090909090909092,-110.0,-110.0,6.0,6.0,0.1604908118751539,False,1.0,5.0,2.0,2026_01_14_NHL_merged.csv,2026_01_14_NHL_final_scores.csv,total
total,2025020737,2026-01-14,over,under,0.40729174712268545,0.41430785236057077,1.9523809523809523,1.8695652173913042,-105.0,-115.0,6.0,6.0,0.15920799044216824,False,1.0,4.0,8.0,2026_01_14_NHL_merged.csv,2026_01_14_NHL_final_scores.csv,total
total,2025020738,2026-01-14,over,under,0.40535479370373634,0.41236074630531366,1.9523809523809523,1.8695652173913042,-105.0,-115.0,6.0,6.0,0.15911683972746823,False,0.0,2.0,3.0,2026_01_14_NHL_merged.csv,2026_01_14_NHL_final_scores.csv,total
total,2025020739,2026-01-15,over,under,0.4324597778958164,0.4395878866624076,1.9090909090909092,1.9090909090909092,-110.0,-110.0,6.0,6.0,0.16013024128735945,True,,4.0,2.0,2026_01_15_NHL_merged.csv,2026_01_15_NHL_final_scores.csv,total
total,2025020740,2026-01-15,over,under,0.5274242338224195,0.5346430726709629,1.9090909090909092,1.9090909090909092,-110.0,-110.0,6.0,6.0,0.15938427754902815,False,1.0,5.0,3.0,2026_01_15_NHL_merged.csv,2026_01_15_NHL_final_scores.csv,total
total,2025020741,2026-01-15,over,under,0.5013140802281075,0.5085601309904587,1.9090909090909092,1.9090909090909092,-110.0,-110.0,6.0,6.0,0.1602439104033816,False,1.0,6.0,3.0,2026_01_15_NHL_merged.csv,2026_01_15_NHL_final_scores.csv,total
total,2025020742,2026-01-15,over,under,0.4273875089726008,0.4344960189076929,1.9090909090909092,1.9090909090909092,-110.0,-110.0,6.5,6.5,0.0,False,0.0,2.0,3.0,2026_01_15_NHL_merged.csv,2026_01_15_NHL_final_scores.csv,total
total,2025020743,2026-01-15,over,under,0.5088233096062542,0.5160655776768094,1.8333333333333335,2.0,-120.0,100.0,6.0,6.0,0.1600473073780198,False,0.0,4.0,1.0,2026_01_15_NHL_merged.csv,2026_01_15_NHL_final_scores.csv,total
total,2025020744,2026-01-15,over,under,0.4092287708049938,0.4162548098237919,2.0,1.8333333333333335,100.0,-120.0,6.0,6.0,0.159296230829047,False,1.0,2.0,6.0,2026_01_15_NHL_merged.csv,2026_01_15_NHL_final_scores.csv,total
total,2025020745,2026-01-15,over,under,0.41310282116383307,0.42014807022406053,1.9090909090909092,1.9090909090909092,-110.0,-110.0,6.0,6.0,0.159464002800042,False,0.0,1.0,3.0,2026_01_15_NHL_merged.csv,2026_01_15_NHL_final_scores.csv,total
total,2025020746,2026-01-15,over,under,0.41310282116383307,0.42014807022406053,1.8333333333333335,2.0,-120.0,100.0,6.0,6.0,0.159464002800042,False,0.0,2.0,1.0,2026_01_15_NHL_merged.csv,2026_01_15_NHL_final_scores.csv,total
total,2025020747,2026-01-15,over,under,0.4880888900834609,0.49533365584177463,1.8695652173913042,1.9523809523809523,-115.0,-105.0,6.0,6.0,0.1604908118751539,False,0.0,0.0,1.0,2026_01_15_NHL_merged.csv,2026_01_15_NHL_final_scores.csv,total
total,2025020748,2026-01-15,over,under,0.45560587281488923,0.4628043868212027,1.8695652173913042,1.9523809523809523,-115.0,-105.0,6.0,6.0,0.16055705223244435,False,1.0,6.0,5.0,2026_01_15_NHL_merged.csv,2026_01_15_NHL_final_scores.csv,total
total,2025020749,2026-01-16,over,under,0.5311124949266731,0.5383243104364117,1.847457627118644,1.9803921568627452,-118.0,-102.0,6.0,6.0,0.15922295996681768,True,,4.0,2.0,2026_01_16_NHL_merged.csv,2026_01_16_NHL_final_scores.csv,total
total,2025020750,2026-01-16,over,under,0.4440487729556887,0.45121603316425246,1.8695652173913042,1.9523809523809523,-115.0,-105.0,6.0,6.0,0.16039377252346934,False,1.0,9.0,1.0,2026_01_16_NHL_merged.csv,2026_01_16_NHL_final_scores.csv,total
total,2025020751,2026-01-16,over,under,0.49660136013371536,0.48935603187326354,1.847457627118644,1.9803921568627452,-118.0,-102.0,5.5,5.5,0.0,False,0.0,3.0,2.0,2026_01_16_NHL_merged.csv,2026_01_16_NHL_final_scores.csv,total
total,2025020752,2026-01-16,over,under,0.44176687300635453,0.4489270429195253,1.9090909090909092,1.9090909090909092,-110.0,-110.0,6.5,6.5,0.0,False,1.0,3.0,7.0,2026_01_16_NHL_merged.csv,2026_01_16_NHL_final_scores.csv,total
total,2025020753,2026-01-16,over,under,0.5088233096062542,0.5160655776768094,1.8695652173913042,1.9523809523809523,-115.0,-105.0,6.0,6.0,0.1600473073780198,False,0.0,2.0,3.0,2026_01_16_NHL_merged.csv,2026_01_16_NHL_final_scores.csv,total
total,2025020754,2026-01-17,over,under,0.5218712454807555,0.5290991748953229,1.8695652173913042,1.9523809523809523,-115.0,-105.0,6.0,6.0,0.15960850129438858,False,1.0,4.0,5.0,2026_01_17_NHL_merged.csv,2026_01_17_NHL_final_scores.csv,total
total,2025020755,2026-01-17,over,under,0.39954487718520343,0.4065190615576071,1.8695652173913042,1.9523809523809523,-115.0,-105.0,6.0,6.0,0.15882587240894191,False,1.0,3.0,6.0,2026_01_17_NHL_merged.csv,2026_01_17_NHL_final_scores.csv,total
total,2025020756,2026-01-17,over,under,0.48474124014328224,0.4775048125682953,1.8695652173913042,1.9523809523809523,-115.0,-105.0,5.5,5.5,0.0,False,1.0,4.0,2.0,2026_01_17_NHL_merged.csv,2026_01_17_NHL_final_scores.csv,total
total,2025020757,2026-01-17,over,under,0.4864410474414713,0.47920284418492204,1.847457627118644,1.9803921568627452,-118.0,-102.0,5.5,5.5,0.0,False,1.0,6.0,3.0,2026_01_17_NHL_merged.csv,2026_01_17_NHL_final_scores.csv,total
total,2025020758,2026-01-17,over,under,0.46328778355853834,0.47050277171421223,1.7407407407407407,2.1,-135.0,110.0,6.0,6.0,0.1606110544601964,False,1.0,5.0,6.0,2026_01_17_NHL_merged.csv,2026_01_17_NHL_final_scores.csv,total
total,2025020759,2026-01-17,over,under,0.49565866738382314,0.5029054097997746,1.8695652173913042,1.9523809523809523,-115.0,-105.0,6.0,6.0,0.16036500846611268,False,0.0,1.0,4.0,2026_01_17_NHL_merged.csv,2026_01_17_NHL_final_scores.csv,total
total,2025020760,2026-01-17,over,under,0.49695073371864606,0.5041974815226714,1.8695652173913042,1.9523809523809523,-115.0,-105.0,6.5,6.5,0.0,False,1.0,3.0,4.0,2026_01_17_NHL_merged.csv,2026_01_17_NHL_final_scores.csv,total
total,2025020761,2026-01-17,over,under,0.5332198876003772,0.5259985446650597,1.847457627118644,1.9803921568627452,-118.0,-102.0,5.5,5.5,0.0,False,1.0,2.0,5.0,2026_01_17_NHL_merged.csv,2026_01_17_NHL_final_scores.csv,total
total,2025020762,2026-01-17,over,under,0.5249926429178637,0.5177591312548488,1.847457627118644,1.9803921568627452,-118.0,-102.0,5.5,5.5,0.0,False,1.0,3.0,4.0,2026_01_17_NHL_merged.csv,2026_01_17_NHL_final_scores.csv,total
total,2025020763,2026-01-17,over,under,0.4421192059272913,0.4492804904058336,1.8333333333333335,2.0,-120.0,100.0,6.0,6.0,0.1603568570920638,False,1.0,2.0,5.0,2026_01_17_NHL_merged.csv,2026_01_17_NHL_final_scores.csv,total
total,2025020764,2026-01-17,over,under,0.4624241294328426,0.4696374366864903,1.9090909090909092,1.9090909090909092,-110.0,-110.0,6.5,6.5,0.0,False,0.0,0.0,6.0,2026_01_17_NHL_merged.csv,2026_01_17_NHL_final_scores.csv,total
total,2025020765,2026-01-17,over,under,0.46328778355853834,0.47050277171421223,1.9090909090909092,1.9090909090909092,-110.0,-110.0,6.0,6.0,0.1606110544601964,False,1.0,7.0,2.0,2026_01_17_NHL_merged.csv,2026_01_17_NHL_final_scores.csv,total
total,2025020766,2026-01-17,over,under,0.5125637844243718,0.5198029496420452,1.8333333333333335,2.0,-120.0,100.0,6.0,6.0,0.15993413332678097,False,0.0,2.0,1.0,2026_01_17_NHL_merged.csv,2026_01_17_NHL_final_scores.csv,total
total,2025020767,2026-01-18,over,under,0.44597745334556943,0.45315046984038715,1.8695652173913042,1.9523809523809523,-115.0,-105.0,6.0,6.0,0.1604279028843402,False,0.0,1.0,4.0,2026_01_18_NHL_merged.csv,2026_01_18_NHL_final_scores.csv,total
total,2025020768,2026-01-18,over,under,0.41456853232534374,0.4216208207799553,1.8695652173913042,1.9523809523809523,-115.0,-105.0,6.5,6.5,0.0,False,1.0,4.0,3.0,2026_01_18_NHL_merged.csv,2026_01_18_NHL_final_scores.csv,total
total,2025020769,2026-01-18,over,under,0.5619783852230721,0.5691006244948373,1.847457627118644,1.9803921568627452,-118.0,-102.0,6.0,6.0,0.1574829389673803,False,0.0,5.0,0.0,2026_01_18_NHL_merged.csv,2026_01_18_NHL_final_scores.csv,total
total,2025020770,2026-01-19,over,under,0.5311124949266731,0.5383243104364117,1.847457627118644,1.9803921568627452,-118.0,-102.0,6.0,6.0,0.15922295996681768,False,0.0,2.0,1.0,2026_01_19_NHL_merged.csv,2026_01_19_NHL_final_scores.csv,total
total,2025020771,2026-01-19,over,under,0.5181559470231497,0.5253889626561654,1.8,2.05,-125.0,105.0,6.0,6.0,0.15974601978031794,False,1.0,5.0,2.0,2026_01_19_NHL_merged.csv,2026_01_19_NHL_final_scores.csv,total
total,2025020772,2026-01-19,over,under,0.4880888900834609,0.49533365584177463,1.8695652173913042,1.9523809523809523,-115.0,-105.0,6.0,6.0,0.1604908118751539,False,1.0,3.0,6.0,2026_01_19_NHL_merged.csv,2026_01_19_NHL_final_scores.csv,total
total,2025020773,2026-01-19,over,under,0.5050733030763073,0.5123178685174596,1.8695652173913042,1.9523809523809523,-115.0,-105.0,6.0,6.0,0.16015059433311063,False,0.0,1.0,4.0,2026_01_19_NHL_merged.csv,2026_01_19_NHL_final_scores.csv,total
total,2025020774,2026-01-19,over,under,0.5413863951583134,0.5341810220941774,1.8,2.05,-125.0,105.0,5.5,5.5,0.0,False,1.0,3.0,6.0,2026_01_19_NHL_merged.csv,2026_01_19_NHL_final_scores.csv,total
total,2025020775,2026-01-19,over,under,0.4266566216693117,0.43376218383711945,1.9803921568627452,1.847457627118644,-102.0,-118.0,6.0,6.0,0.1599603805611504,False,0.0,1.0,2.0,2026_01_19_NHL_merged.csv,2026_01_19_NHL_final_scores.csv,total
total,2025020776,2026-01-19,over,under,0.41891312917967094,0.4259855465586554,1.8333333333333335,2.0,-120.0,100.0,6.0,6.0,0.15969397522991177,False,0.0,2.0,0.0,2026_01_19_NHL_merged.csv,2026_01_19_NHL_final_scores.csv,total
total,2025020777,2026-01-19,over,under,0.4092287708049938,0.4162548098237919,1.8695652173913042,1.9523809523809523,-115.0,-105.0,6.0,6.0,0.159296230829047,False,0.0,1.0,2.0,2026_01_19_NHL_merged.csv,2026_01_19_NHL_final_scores.csv,total
total,2025020778,2026-01-19,over,under,0.45752822692475625,0.4647311855019739,1.9523809523809523,1.8695652173913042,-105.0,-115.0,6.0,6.0,0.16057463775533223,False,1.0,3.0,4.0,2026_01_19_NHL_merged.csv,2026_01_19_NHL_final_scores.csv,total
total,2025020779,2026-01-19,over,under,0.43538259686070013,0.44252131792819727,1.9090909090909092,1.9090909090909092,-110.0,-110.0,6.5,6.5,0.0,False,1.0,5.0,3.0,2026_01_19_NHL_merged.csv,2026_01_19_NHL_final_scores.csv,total
total,2025020780,2026-01-20,over,under,0.46903511025899414,0.4762601797976888,1.9523809523809523,1.8695652173913042,-105.0,-115.0,6.0,6.0,0.1606231410479801,False,1.0,4.0,3.0,2026_01_20_NHL_merged.csv,2026_01_20_NHL_final_scores.csv,total
total,2025020781,2026-01-20,over,under,0.5162944171118963,0.5235296808094725,1.7692307692307692,2.05,-130.0,105.0,6.0,6.0,0.1598111570069947,False,0.0,4.0,1.0,2026_01_20_NHL_merged.csv,2026_01_20_NHL_final_scores.csv,total
total,2025020782,2026-01-20,over,under,0.476623584950012,0.4838590250041913,1.9090909090909092,1.9090909090909092,-110.0,-110.0,6.5,6.5,0.0,False,0.0,1.0,4.0,2026_01_20_NHL_merged.csv,2026_01_20_NHL_final_scores.csv,total
total,2025020783,2026-01-20,over,under,0.45560587281488923,0.4628043868212027,1.9523809523809523,1.8695652173913042,-105.0,-115.0,6.0,6.0,0.16055705223244435,False,1.0,6.0,2.0,2026_01_20_NHL_merged.csv,2026_01_20_NHL_final_scores.csv,total
total,2025020784,2026-01-20,over,under,0.5144303502399508,0.5216676640955514,1.8333333333333335,2.0,-120.0,100.0,6.0,6.0,0.15987386510912552,False,1.0,3.0,5.0,2026_01_20_NHL_merged.csv,2026_01_20_NHL_final_scores.csv,total
total,2025020785,2026-01-20,over,under,0.37056174163793665,0.3773479483640732,1.9523809523809523,1.8695652173913042,-105.0,-115.0,6.0,6.0,0.1569729661038772,False,0.0,3.0,1.0,2026_01_20_NHL_merged.csv,2026_01_20_NHL_final_scores.csv,total
total,2025020786,2026-01-20,over,under,0.5218712454807555,0.5290991748953229,1.8695652173913042,1.9523809523809523,-115.0,-105.0,6.0,6.0,0.15960850129438858,False,0.0,1.0,2.0,2026_01_20_NHL_merged.csv,2026_01_20_NHL_final_scores.csv,total
total,2025020787,2026-01-20,over,under,0.47963131428661065,0.47240123169639775,1.8333333333333335,2.0,-120.0,100.0,5.5,5.5,0.0,False,1.0,4.0,3.0,2026_01_20_NHL_merged.csv,2026_01_20_NHL_final_scores.csv,total
total,2025020788,2026-01-21,over,under,0.4975459613780876,0.5047926791003954,1.847457627118644,1.9803921568627452,-118.0,-102.0,6.0,6.0,0.1603271728750268,False,0.0,1.0,2.0,2026_01_21_NHL_merged.csv,2026_01_21_NHL_final_scores.csv,total
total,2025020789,2026-01-21,over,under,0.5139520121048459,0.5211898196231102,1.8,2.05,-125.0,105.0,6.5,6.5,0.0,False,0.0,1.0,2.0,2026_01_21_NHL_merged.csv,2026_01_21_NHL_final_scores.csv,total
total,2025020790,2026-01-21,over,under,0.40729174712268545,0.41430785236057077,1.9090909090909092,1.9090909090909092,-110.0,-110.0,6.0,6.0,0.15920799044216824,False,1.0,5.0,4.0,2026_01_21_NHL_merged.csv,2026_01_21_NHL_final_scores.csv,total
total,2025020791,2026-01-21,over,under,0.49376927171018753,0.5010158319818706,1.9090909090909092,1.9090909090909092,-110.0,-110.0,6.0,6.0,0.16040030014530693,False,0.0,1.0,4.0,2026_01_21_NHL_merged.csv,2026_01_21_NHL_final_scores.csv,total
total,2025020792,2026-01-21,over,under,0.46712077002642727,0.4743426948833713,1.9523809523809523,1.8695652173913042,-105.0,-115.0,6.0,6.0,0.16062180103828136,False,1.0,4.0,3.0,2026_01_21_NHL_merged.csv,2026_01_21_NHL_final_scores.csv,total
total,2025020793,2026-01-21,over,under,0.49828809276358155,0.4910421604444615,1.8333333333333335,2.0,-120.0,100.0,5.5,5.5,0.0,False,0.0,4.0,1.0,2026_01_21_NHL_merged.csv,2026_01_21_NHL_final_scores.csv,total
total,2025020794,2026-01-22,over,under,0.45752822692475625,0.4647311855019739,1.9090909090909092,1.9090909090909092,-110.0,-110.0,6.0,6.0,0.16057463775533223,False,1.0,4.0,3.0,2026_01_22_NHL_merged.csv,2026_01_22_NHL_final_scores.csv,total
total,2025020795,2026-01-22,over,under,0.4513200399197346,0.45850787078367966,1.9090909090909092,1.9090909090909092,-110.0,-110.0,6.5,6.5,0.0,False,0.0,2.0,4.0,2026_01_22_NHL_merged.csv,2026_01_22_NHL_final_scores.csv,total
total,2025020796,2026-01-22,over,under,0.46520497925556314,0.4724235437956881,1.8695652173913042,1.9523809523809523,-115.0,-105.0,6.0,6.0,0.1606177751050755,False,1.0,3.0,4.0,2026_01_22_NHL_merged.csv,2026_01_22_NHL_final_scores.csv,total
total,2025020797,2026-01-22,over,under,0.44176687300635453,0.4489270429195253,1.9523809523809523,1.8695652173913042,-105.0,-115.0,6.5,6.5,0.0,False,0.0,1.0,0.0,2026_01_22_NHL_merged.csv,2026_01_22_NHL_final_scores.csv,total
total,2025020798,2026-01-22,over,under,0.49943111259273876,0.5066775995145438,1.8333333333333335,2.0,-120.0,100.0,6.0,6.0,0.1602868034656701,False,1.0,5.0,3.0,2026_01_22_NHL_merged.csv,2026_01_22_NHL_final_scores.csv,total
total,2025020799,2026-01-22,over,under,0.4092287708049938,0.4162548098237919,1.9523809523809523,1.8695652173913042,-105.0,-115.0,6.0,6.0,0.159296230829047,False,0.0,1.0,2.0,2026_01_22_NHL_merged.csv,2026_01_22_NHL_final_scores.csv,total
total,2025020800,2026-01-22,over,under,0.512414706597171,0.5196540109803659,1.9523809523809523,1.8695652173913042,-105.0,-115.0,6.5,6.5,0.0,False,1.0,2.0,6.0,2026_01_22_NHL_merged.csv,2026_01_22_NHL_final_scores.csv,total
total,2025020801,2026-01-22,over,under,0.46903511025899414,0.4762601797976888,1.9090909090909092,1.9090909090909092,-110.0,-110.0,6.0,6.0,0.1606231410479801,False,1.0,4.0,3.0,2026_01_22_NHL_merged.csv,2026_01_22_NHL_final_scores.csv,total
total,2025020802,2026-01-23,over,under,0.4594493611350356,0.4666565466905816,1.8695652173913042,1.9523809523809523,-115.0,-105.0,6.0,6.0,0.16058949434204853,False,1.0,3.0,6.0,2026_01_23_NHL_merged.csv,2026_01_23_NHL_final_scores.csv,total
total,2025020803,2026-01-23,over,under,0.45368234569202104,0.4608761972058461,1.9090909090909092,1.9090909090909092,-110.0,-110.0,6.0,6.0,0.1605367294552968,False,0.0,1.0,2.0,2026_01_23_NHL_merged.csv,2026_01_23_NHL_final_scores.csv,total
total,2025020804,2026-01-23,over,under,0.4111658127622888,0.41820156646197953,1.9523809523809523,1.8695652173913042,-105.0,-115.0,6.0,6.0,0.159381566401583,False,0.0,3.0,2.0,2026_01_23_NHL_merged.csv,2026_01_23_NHL_final_scores.csv,total
total,2025020805,2026-01-23,over,under,0.41135988011377966,0.41839659502391874,1.9803921568627452,1.847457627118644,-102.0,-118.0,6.5,6.5,0.0,False,1.0,3.0,7.0,2026_01_23_NHL_merged.csv,2026_01_23_NHL_final_scores.csv,total
total,2025020806,2026-01-23,over,under,0.4227855573233776,0.42987498735906565,1.8695652173913042,1.9523809523809523,-115.0,-105.0,6.0,6.0,0.15983290331247035,False,0.0,1.0,3.0,2026_01_23_NHL_merged.csv,2026_01_23_NHL_final_scores.csv,total
total,2025020807,2026-01-23,over,under,0.45560587281488923,0.4628043868212027,1.9523809523809523,1.8695652173913042,-105.0,-115.0,6.0,6.0,0.16055705223244435,False,1.0,4.0,5.0,2026_01_23_NHL_merged.csv,2026_01_23_NHL_final_scores.csv,total
total,2025020808,2026-01-23,over,under,0.4065447999220445,0.4135570159693512,1.9090909090909092,1.9090909090909092,-110.0,-110.0,6.5,6.5,0.0,False,0.0,3.0,1.0,2026_01_23_NHL_merged.csv,2026_01_23_NHL_final_scores.csv,total
total,2025020809,2026-01-23,over,under,0.5144303502399508,0.5216676640955514,1.847457627118644,1.9803921568627452,-118.0,-102.0,6.0,6.0,0.15987386510912552,True,,2.0,4.0,2026_01_23_NHL_merged.csv,2026_01_23_NHL_final_scores.csv,total
total,2025020810,2026-01-24,over,under,0.4823911013931748,0.4896321864430966,1.847457627118644,1.9803921568627452,-118.0,-102.0,6.0,6.0,0.16055807215358792,False,0.0,0.0,5.0,2026_01_24_NHL_merged.csv,2026_01_24_NHL_final_scores.csv,total
total,2025020811,2026-01-24,over,under,0.4247212853000252,0.43181889149669334,1.8695652173913042,1.9523809523809523,-115.0,-105.0,6.0,6.0,0.15989807005897017,False,1.0,2.0,5.0,2026_01_24_NHL_merged.csv,2026_01_24_NHL_final_scores.csv,total
total,2025020812,2026-01-24,over,under,0.41456853232534374,0.4216208207799553,1.9523809523809523,1.8695652173913042,-105.0,-115.0,6.5,6.5,0.0,False,1.0,4.0,3.0,2026_01_24_NHL_merged.csv,2026_01_24_NHL_final_scores.csv,total
total,2025020813,2026-01-24,over,under,0.5144303502399508,0.5216676640955514,1.847457627118644,1.9803921568627452,-118.0,-102.0,6.0,6.0,0.15987386510912552,False,0.0,1.0,4.0,2026_01_24_NHL_merged.csv,2026_01_24_NHL_final_scores.csv,total
total,2025020814,2026-01-24,over,under,0.43538259686070013,0.44252131792819727,1.9523809523809523,1.8695652173913042,-105.0,-115.0,6.5,6.5,0.0,False,1.0,8.0,5.0,2026_01_24_NHL_merged.csv,2026_01_24_NHL_final_scores.csv,total
total,2025020815,2026-01-24,over,under,0.45175769268870103,0.458946663480686,1.9090909090909092,1.9090909090909092,-110.0,-110.0,6.0,6.0,0.16051366120342028,True,,1.0,5.0,2026_01_24_NHL_merged.csv,2026_01_24_NHL_final_scores.csv,total
total,2025020816,2026-01-24,over,under,0.45386789564180074,0.4466927992171502,1.9523809523809523,1.8695652173913042,-105.0,-115.0,5.5,5.5,0.0,False,1.0,4.0,5.0,2026_01_24_NHL_merged.csv,2026_01_24_NHL_final_scores.csv,total
total,2025020817,2026-01-24,over,under,0.4421192059272913,0.4492804904058336,1.9523809523809523,1.8695652173913042,-105.0,-115.0,6.0,6.0,0.1603568570920638,False,1.0,3.0,4.0,2026_01_24_NHL_merged.csv,2026_01_24_NHL_final_scores.csv,total
total,2025020818,2026-01-24,over,under,0.43538259686070013,0.44252131792819727,1.9523809523809523,1.8695652173913042,-105.0,-115.0,6.5,6.5,0.0,False,1.0,6.0,5.0,2026_01_24_NHL_merged.csv,2026_01_24_NHL_final_scores.csv,total
total,2025020819,2026-01-25,over,under,0.44972995932603554,0.45691355476503676,1.8333333333333335,2.0,-120.0,100.0,6.5,6.5,0.0,False,0.0,1.0,4.0,2026_01_25_NHL_merged.csv,2026_01_25_NHL_final_scores.csv,total
total,2025020820,2026-01-25,over,under,0.49660136013371536,0.48935603187326354,1.8,2.05,-125.0,105.0,5.5,5.5,0.0,False,1.0,4.0,2.0,2026_01_25_NHL_merged.csv,2026_01_25_NHL_final_scores.csv,total
total,2025020821,2026-01-25,over,under,0.4918778157560807,0.4991239863316048,1.7407407407407407,2.1,-135.0,110.0,6.0,6.0,0.1604330378918504,False,1.0,7.0,1.0,2026_01_25_NHL_merged.csv,2026_01_25_NHL_final_scores.csv,total
total,2025020822,2026-01-25,over,under,0.5237249395823605,0.5309500326937886,1.847457627118644,1.9803921568627452,-118.0,-102.0,6.0,6.0,0.15953614185304393,False,0.0,2.0,3.0,2026_01_25_NHL_merged.csv,2026_01_25_NHL_final_scores.csv,total
total,2025020823,2026-01-25,over,under,0.4305259180953313,0.43764673154229206,1.9090909090909092,1.9090909090909092,-110.0,-110.0,6.0,6.0,0.16007645939144471,True,,1.0,5.0,2026_01_25_NHL_merged.csv,2026_01_25_NHL_final_scores.csv,total
total,2025020824,2026-01-25,over,under,0.44017188332917234,0.447326917203289,1.9090909090909092,1.9090909090909092,-110.0,-110.0,6.5,6.5,0.0,False,1.0,3.0,4.0,2026_01_25_NHL_merged.csv,2026_01_25_NHL_final_scores.csv,total
total,2025020825,2026-01-26,over,under,0.4363256715377491,0.44346771050673706,1.8695652173913042,1.9523809523809523,-115.0,-105.0,6.0,6.0,0.1602293248124962,False,0.0,2.0,0.0,2026_01_26_NHL_merged.csv,2026_01_26_NHL_final_scores.csv,total
total,2025020826,2026-01-26,over,under,0.41697653079024266,0.4240401118500981,1.8333333333333335,2.0,-120.0,100.0,6.0,6.0,0.159620201262441,False,1.0,4.0,3.0,2026_01_26_NHL_merged.csv,2026_01_26_NHL_final_scores.csv,total
total,2025020827,2026-01-26,over,under,0.4915296100225548,0.4842870910215904,1.8333333333333335,2.0,-120.0,100.0,5.5,5.5,0.0,False,0.0,0.0,4.0,2026_01_26_NHL_merged.csv,2026_01_26_NHL_final_scores.csv,total
total,2025020829,2026-01-26,over,under,0.5261867611345993,0.5334077802197977,1.6896551724137931,2.1799999999999997,-145.0,118.0,6.5,6.5,0.0,False,1.0,7.0,4.0,2026_01_26_NHL_merged.csv,2026_01_26_NHL_final_scores.csv,total
total,2025020830,2026-01-27,over,under,0.46520497925556314,0.4724235437956881,1.8333333333333335,2.0,-120.0,100.0,6.0,6.0,0.1606177751050755,False,0.0,3.0,2.0,2026_01_27_NHL_merged.csv,2026_01_27_NHL_final_scores.csv,total
total,2025020831,2026-01-27,over,under,0.4465471914090866,0.45372186688179644,1.9090909090909092,1.9090909090909092,-110.0,-110.0,6.5,6.5,0.0,False,1.0,4.0,7.0,2026_01_27_NHL_merged.csv,2026_01_27_NHL_final_scores.csv,total
total,2025020832,2026-01-27,over,under,0.4097551078467234,0.41678380824526506,1.9090909090909092,1.9090909090909092,-110.0,-110.0,6.5,6.5,0.0,False,0.0,3.0,2.0,2026_01_27_NHL_merged.csv,2026_01_27_NHL_final_scores.csv,total
total,2025020833,2026-01-27,over,under,0.5066917945331001,0.4994453101310527,1.8333333333333335,2.0,-120.0,100.0,5.5,5.5,0.0,False,0.0,1.0,3.0,2026_01_27_NHL_merged.csv,2026_01_27_NHL_final_scores.csv,total
total,2025020834,2026-01-27,over,under,0.4227855573233776,0.42987498735906565,1.9523809523809523,1.8695652173913042,-105.0,-115.0,6.0,6.0,0.15983290331247035,False,1.0,3.0,4.0,2026_01_27_NHL_merged.csv,2026_01_27_NHL_final_scores.csv,total
total,2025020835,2026-01-27,over,under,0.39954487718520343,0.4065190615576071,2.0,1.8333333333333335,100.0,-120.0,6.0,6.0,0.15882587240894191,False,1.0,3.0,4.0,2026_01_27_NHL_merged.csv,2026_01_27_NHL_final_scores.csv,total
total,2025020836,2026-01-27,over,under,0.4864410474414713,0.47920284418492204,1.8333333333333335,2.0,-120.0,100.0,5.5,5.5,0.0,False,1.0,3.0,4.0,2026_01_27_NHL_merged.csv,2026_01_27_NHL_final_scores.csv,total
total,2025020837,2026-01-27,over,under,0.4285915160101017,0.4357048139299537,1.847457627118644,1.9803921568627452,-118.0,-102.0,6.0,6.0,0.16001984142977668,False,1.0,4.0,3.0,2026_01_27_NHL_merged.csv,2026_01_27_NHL_final_scores.csv,total
total,2025020838,2026-01-27,over,under,0.5402830210225437,0.547473966101544,1.7692307692307692,2.05,-130.0,105.0,6.0,6.0,0.1587788972473961,False,1.0,2.0,5.0,2026_01_27_NHL_merged.csv,2026_01_27_NHL_final_scores.csv,total
total,2025020839,2026-01-27,over,under,0.4150397443407563,0.4220942692450386,2.0,1.8333333333333335,100.0,-120.0,6.0,6.0,0.1595435457902628,True,,5.0,1.0,2026_01_27_NHL_merged.csv,2026_01_27_NHL_final_scores.csv,total
total,2025020840,2026-01-28,over,under,0.4918778157560807,0.4991239863316048,1.8333333333333335,2.0,-120.0,100.0,6.0,6.0,0.1604330378918504,False,1.0,5.0,3.0,2026_01_28_NHL_merged.csv,2026_01_28_NHL_final_scores.csv,total
total,2025020841,2026-01-28,over,under,0.48133493845394226,0.48857513422719434,1.9090909090909092,1.9090909090909092,-110.0,-110.0,6.5,6.5,0.0,False,1.0,5.0,2.0,2026_01_28_NHL_merged.csv,2026_01_28_NHL_final_scores.csv,total
total,2025020842,2026-01-28,over,under,0.4208494883507122,0.42793052208836424,1.9090909090909092,1.9090909090909092,-110.0,-110.0,6.0,6.0,0.15976487382793406,False,1.0,5.0,2.0,2026_01_28_NHL_merged.csv,2026_01_28_NHL_final_scores.csv,total
total,2025020843,2026-01-29,over,under,0.45368234569202104,0.4608761972058461,1.8333333333333335,2.0,-120.0,100.0,6.0,6.0,0.1605367294552968,False,1.0,6.0,3.0,2026_01_29_NHL_merged.csv,2026_01_29_NHL_final_scores.csv,total
total,2025020844,2026-01-29,over,under,0.45368234569202104,0.4608761972058461,1.8333333333333335,2.0,-120.0,100.0,6.0,6.0,0.1605367294552968,False,0.0,4.0,1.0,2026_01_29_NHL_merged.csv,2026_01_29_NHL_final_scores.csv,total
total,2025020845,2026-01-29,over,under,0.46716759855368784,0.4743896028771796,1.8333333333333335,2.0,-120.0,100.0,6.5,6.5,0.0,False,1.0,7.0,3.0,2026_01_29_NHL_merged.csv,2026_01_29_NHL_final_scores.csv,total
total,2025020846,2026-01-29,over,under,0.46520497925556314,0.4724235437956881,1.9523809523809523,1.8695652173913042,-105.0,-115.0,6.0,6.0,0.1606177751050755,False,1.0,3.0,4.0,2026_01_29_NHL_merged.csv,2026_01_29_NHL_final_scores.csv,total
total,2025020847,2026-01-29,over,under,0.41891312917967094,0.4259855465586554,1.9523809523809523,1.8695652173913042,-105.0,-115.0,6.0,6.0,0.15969397522991177,False,0.0,4.0,1.0,2026_01_29_NHL_merged.csv,2026_01_29_NHL_final_scores.csv,total
total,2025020848,2026-01-29,over,under,0.4363256715377491,0.44346771050673706,1.9523809523809523,1.8695652173913042,-105.0,-115.0,6.0,6.0,0.1602293248124962,False,0.0,3.0,2.0,2026_01_29_NHL_merged.csv,2026_01_29_NHL_final_scores.csv,total
total,2025020849,2026-01-29,over,under,0.4421192059272913,0.4492804904058336,1.9090909090909092,1.9090909090909092,-110.0,-110.0,6.0,6.0,0.1603568570920638,False,0.0,1.0,2.0,2026_01_29_NHL_merged.csv,2026_01_29_NHL_final_scores.csv,total
total,2025020850,2026-01-29,over,under,0.49943111259273876,0.5066775995145438,1.9090909090909092,1.9090909090909092,-110.0,-110.0,6.0,6.0,0.1602868034656701,False,1.0,6.0,2.0,2026_01_29_NHL_merged.csv,2026_01_29_NHL_final_scores.csv,total
total,2025020851,2026-01-29,over,under,0.5413863951583134,0.5341810220941774,1.8,2.05,-125.0,105.0,5.5,5.5,0.0,False,1.0,5.0,4.0,2026_01_29_NHL_merged.csv,2026_01_29_NHL_final_scores.csv,total
total,2025020852,2026-01-29,over,under,0.49828809276358155,0.4910421604444615,1.847457627118644,1.9803921568627452,-118.0,-102.0,5.5,5.5,0.0,False,1.0,5.0,4.0,2026_01_29_NHL_merged.csv,2026_01_29_NHL_final_scores.csv,total
total,2025020853,2026-01-29,over,under,0.4111658127622888,0.41820156646197953,1.9523809523809523,1.8695652173913042,-105.0,-115.0,6.0,6.0,0.159381566401583,False,0.0,4.0,1.0,2026_01_29_NHL_merged.csv,2026_01_29_NHL_final_scores.csv,total
total,2025020854,2026-01-29,over,under,0.4875982088243004,0.49484273174128646,1.8695652173913042,1.9523809523809523,-115.0,-105.0,6.5,6.5,0.0,False,1.0,4.0,3.0,2026_01_29_NHL_merged.csv,2026_01_29_NHL_final_scores.csv,total
total,2025020855,2026-01-29,over,under,0.4907215296337537,0.49796735978471013,1.7692307692307692,2.05,-130.0,105.0,6.5,6.5,0.0,False,0.0,2.0,0.0,2026_01_29_NHL_merged.csv,2026_01_29_NHL_final_scores.csv,total
total,2025020856,2026-01-29,over,under,0.43825760634385524,0.44540628034588314,1.847457627118644,1.9803921568627452,-118.0,-102.0,6.0,6.0,0.16027464068621575,False,1.0,4.0,5.0,2026_01_29_NHL_merged.csv,2026_01_29_NHL_final_scores.csv,total
total,2025020857,2026-01-29,over,under,0.43825760634385524,0.44540628034588314,1.9523809523809523,1.8695652173913042,-105.0,-115.0,6.0,6.0,0.16027464068621575,False,1.0,5.0,2.0,2026_01_29_NHL_merged.csv,2026_01_29_NHL_final_scores.csv,total
total,2025020858,2026-01-30,over,under,0.5013140802281075,0.5085601309904587,1.8,2.05,-125.0,105.0,6.0,6.0,0.1602439104033816,True,,2.0,4.0,2026_01_30_NHL_merged.csv,2026_01_30_NHL_final_scores.csv,total
total,2025020859,2026-01-31,over,under,0.47792459016145084,0.47069696339456907,1.9523809523809523,1.8695652173913042,-105.0,-115.0,5.5,5.5,0.0,False,0.0,2.0,3.0,2026_01_31_NHL_merged.csv,2026_01_31_NHL_final_scores.csv,total
total,2025020860,2026-01-31,over,under,0.4655875375638088,0.47280679016346033,1.9090909090909092,1.9090909090909092,-110.0,-110.0,6.5,6.5,0.0,False,0.0,0.0,5.0,2026_01_31_NHL_merged.csv,2026_01_31_NHL_final_scores.csv,total
total,2025020861,2026-01-31,over,under,0.5162944171118963,0.5235296808094725,1.7407407407407407,2.1,-135.0,110.0,6.0,6.0,0.1598111570069947,False,1.0,6.0,5.0,2026_01_31_NHL_merged.csv,2026_01_31_NHL_final_scores.csv,total
total,2025020862,2026-01-31,over,under,0.41891312917967094,0.4259855465586554,1.9090909090909092,1.9090909090909092,-110.0,-110.0,6.0,6.0,0.15969397522991177,False,0.0,1.0,2.0,2026_01_31_NHL_merged.csv,2026_01_31_NHL_final_scores.csv,total
total,2025020863,2026-01-31,over,under,0.48429222745408296,0.4915347500563827,1.8695652173913042,1.9523809523809523,-115.0,-105.0,6.0,6.0,0.16053825175092262,False,0.0,3.0,2.0,2026_01_31_NHL_merged.csv,2026_01_31_NHL_final_scores.csv,total
total,2025020864,2026-01-31,over,under,0.45752822692475625,0.4647311855019739,1.9523809523809523,1.8695652173913042,-105.0,-115.0,6.0,6.0,0.16057463775533223,False,1.0,4.0,3.0,2026_01_31_NHL_merged.csv,2026_01_31_NHL_final_scores.csv,total
total,2025020865,2026-01-31,over,under,0.457671134899464,0.46487441530131074,1.8333333333333335,2.0,-120.0,100.0,6.5,6.5,0.0,False,0.0,2.0,4.0,2026_01_31_NHL_merged.csv,2026_01_31_NHL_final_scores.csv,total
total,2025020866,2026-01-31,over,under,0.5031948237869591,0.510440233795444,1.9523809523809523,1.8695652173913042,-105.0,-115.0,6.0,6.0,0.16019850392407675,False,0.0,4.0,1.0,2026_01_31_NHL_merged.csv,2026_01_31_NHL_final_scores.csv,total
total,2025020867,2026-01-31,over,under,0.5216853128418241,0.514448017473095,1.8,2.05,-125.0,105.0,5.5,5.5,0.0,False,1.0,3.0,4.0,2026_01_31_NHL_merged.csv,2026_01_31_NHL_final_scores.csv,total
total,2025020868,2026-01-31,over,under,0.46903511025899414,0.4762601797976888,1.8333333333333335,2.0,-120.0,100.0,6.0,6.0,0.1606231410479801,False,1.0,3.0,5.0,2026_01_31_NHL_merged.csv,2026_01_31_NHL_final_scores.csv,total
total,2025020869,2026-01-31,over,under,0.4177758240149515,0.4248430786256884,1.9090909090909092,1.9090909090909092,-110.0,-110.0,6.5,6.5,0.0,False,0.0,2.0,3.0,2026_01_31_NHL_merged.csv,2026_01_31_NHL_final_scores.csv,total
total,2025020870,2026-01-31,over,under,0.5133773967717443,0.5061333981891685,1.8,2.05,-125.0,105.0,5.5,5.5,0.0,False,0.0,2.0,3.0,2026_01_31_NHL_merged.csv,2026_01_31_NHL_final_scores.csv,total
total,2025020871,2026-01-31,over,under,0.4305873397877651,0.4377083882956694,1.847457627118644,1.9803921568627452,-118.0,-102.0,6.5,6.5,0.0,False,1.0,3.0,7.0,2026_01_31_NHL_merged.csv,2026_01_31_NHL_final_scores.csv,total
total,2025020872,2026-01-31,over,under,0.4227855573233776,0.42987498735906565,1.8695652173913042,1.9523809523809523,-115.0,-105.0,6.0,6.0,0.15983290331247035,False,0.0,2.0,3.0,2026_01_31_NHL_merged.csv,2026_01_31_NHL_final_scores.csv,total
total,2025020873,2026-02-01,over,under,0.48048816960288737,0.48772760563542633,1.9090909090909092,1.9090909090909092,-110.0,-110.0,6.0,6.0,0.16057528009370858,False,1.0,6.0,5.0,2026_02_01_NHL_merged.csv,2026_02_01_NHL_final_scores.csv,total
total,2025020874,2026-02-01,over,under,0.40535479370373634,0.41236074630531366,1.9803921568627452,1.847457627118644,-102.0,-118.0,6.0,6.0,0.15911683972746823,False,0.0,3.0,2.0,2026_02_01_NHL_merged.csv,2026_02_01_NHL_final_scores.csv,total
total,2025020875,2026-02-01,over,under,0.46716759855368784,0.4743896028771796,1.8333333333333335,2.0,-120.0,100.0,6.5,6.5,0.0,False,1.0,4.0,3.0,2026_02_01_NHL_merged.csv,2026_02_01_NHL_final_scores.csv,total
total,2025020876,2026-02-02,over,under,0.5013140802281075,0.5085601309904587,1.847457627118644,1.9803921568627452,-118.0,-102.0,6.0,6.0,0.1602439104033816,False,1.0,3.0,5.0,2026_02_02_NHL_merged.csv,2026_02_02_NHL_final_scores.csv,total
total,2025020877,2026-02-02,over,under,0.5547980824301442,0.561946067192572,1.8,2.05,-125.0,105.0,6.0,6.0,0.15795022847341925,False,0.0,2.0,3.0,2026_02_02_NHL_merged.csv,2026_02_02_NHL_final_scores.csv,total
total,2025020878,2026-02-02,over,under,0.45560587281488923,0.4628043868212027,1.8333333333333335,2.0,-120.0,100.0,6.0,6.0,0.16055705223244435,False,0.0,4.0,1.0,2026_02_02_NHL_merged.csv,2026_02_02_NHL_final_scores.csv,total
total,2025020879,2026-02-02,over,under,0.3936972175874087,0.4006374344806737,1.9523809523809523,1.8695652173913042,-105.0,-115.0,6.5,6.5,0.0,False,1.0,4.0,3.0,2026_02_02_NHL_merged.csv,2026_02_02_NHL_final_scores.csv,total
total,2025020880,2026-02-02,over,under,0.4111658127622888,0.41820156646197953,1.9803921568627452,1.847457627118644,-102.0,-118.0,6.0,6.0,0.159381566401583,False,1.0,6.0,5.0,2026_02_02_NHL_merged.csv,2026_02_02_NHL_final_scores.csv,total
total,2025020881,2026-02-02,over,under,0.5013140802281075,0.5085601309904587,1.847457627118644,1.9803921568627452,-118.0,-102.0,6.0,6.0,0.1602439104033816,False,1.0,6.0,3.0,2026_02_02_NHL_merged.csv,2026_02_02_NHL_final_scores.csv,total
total,2025020882,2026-02-02,over,under,0.49660136013371536,0.48935603187326354,1.8333333333333335,2.0,-120.0,100.0,5.5,5.5,0.0,False,1.0,4.0,3.0,2026_02_02_NHL_merged.csv,2026_02_02_NHL_final_scores.csv,total
total,2025020883,2026-02-02,over,under,0.5529947789889756,0.5601487624564295,1.8,2.05,-125.0,105.0,6.0,6.0,0.15806160337529923,False,0.0,0.0,2.0,2026_02_02_NHL_merged.csv,2026_02_02_NHL_final_scores.csv,total
total,2025020884,2026-02-02,over,under,0.3840607976234741,0.3909406743996531,1.9523809523809523,1.8695652173913042,-105.0,-115.0,6.5,6.5,0.0,False,1.0,6.0,2.0,2026_02_02_NHL_merged.csv,2026_02_02_NHL_final_scores.csv,total
total,2025020885,2026-02-02,over,under,0.4479051987820881,0.45508375231848175,1.8333333333333335,2.0,-120.0,100.0,6.0,6.0,0.16045925588893342,True,,2.0,4.0,2026_02_02_NHL_merged.csv,2026_02_02_NHL_final_scores.csv,total
total,2025020886,2026-02-03,over,under,0.5181559470231497,0.5253889626561654,1.7692307692307692,2.05,-130.0,105.0,6.0,6.0,0.15974601978031794,False,1.0,4.0,3.0,2026_02_03_NHL_merged.csv,2026_02_03_NHL_final_scores.csv,total
total,2025020887,2026-02-03,over,under,0.5162944171118963,0.5235296808094725,1.8333333333333335,2.0,-120.0,100.0,6.0,6.0,0.1598111570069947,False,0.0,0.0,3.0,2026_02_03_NHL_merged.csv,2026_02_03_NHL_final_scores.csv,total
total,2025020888,2026-02-03,over,under,0.4766770628408286,0.48391256410876066,1.9523809523809523,1.8695652173913042,-105.0,-115.0,6.0,6.0,0.16060182075495943,False,1.0,5.0,4.0,2026_02_03_NHL_merged.csv,2026_02_03_NHL_final_scores.csv,total
total,2025020889,2026-02-03,over,under,0.4266566216693117,0.43376218383711945,1.8695652173913042,1.9523809523809523,-115.0,-105.0,6.0,6.0,0.1599603805611504,True,,4.0,2.0,2026_02_03_NHL_merged.csv,2026_02_03_NHL_final_scores.csv,total
total,2025020890,2026-02-03,over,under,0.43378480895699234,0.44091779041220686,1.9523809523809523,1.8695652173913042,-105.0,-115.0,6.5,6.5,0.0,False,1.0,4.0,3.0,2026_02_03_NHL_merged.csv,2026_02_03_NHL_final_scores.csv,total
total,2025020891,2026-02-03,over,under,0.475050597600955,0.48228416283137954,1.7407407407407407,2.1,-135.0,110.0,6.5,6.5,0.0,False,1.0,2.0,5.0,2026_02_03_NHL_merged.csv,2026_02_03_NHL_final_scores.csv,total
total,2025020892,2026-02-03,over,under,0.4321863818176488,0.4393134724551055,1.9090909090909092,1.9090909090909092,-110.0,-110.0,6.5,6.5,0.0,False,0.0,4.0,2.0,2026_02_03_NHL_merged.csv,2026_02_03_NHL_final_scores.csv,total
total,2025020893,2026-02-04,over,under,0.47285925798061623,0.48008997180847873,1.8695652173913042,1.9523809523809523,-115.0,-105.0,6.0,6.0,0.16061779890046182,False,1.0,5.0,4.0,2026_02_04_NHL_merged.csv,2026_02_04_NHL_final_scores.csv,total
total,2025020894,2026-02-04,over,under,0.5144303502399508,0.5216676640955514,1.7692307692307692,2.05,-130.0,105.0,6.0,6.0,0.15987386510912552,False,0.0,4.0,0.0,2026_02_04_NHL_merged.csv,2026_02_04_NHL_final_scores.csv,total
total,2025020895,2026-02-04,over,under,0.44983196118034663,0.45701583273478164,1.8695652173913042,1.9523809523809523,-115.0,-105.0,6.0,6.0,0.16048783935516986,True,,1.0,5.0,2026_02_04_NHL_merged.csv,2026_02_04_NHL_final_scores.csv,total
total,2025020896,2026-02-04,over,under,0.44983196118034663,0.45701583273478164,1.847457627118644,1.9803921568627452,-118.0,-102.0,6.0,6.0,0.16048783935516986,False,1.0,5.0,6.0,2026_02_04_NHL_merged.csv,2026_02_04_NHL_final_scores.csv,total
total,2025020897,2026-02-04,over,under,0.5047029134299079,0.5119476615801078,1.7407407407407407,2.1,-135.0,110.0,6.5,6.5,0.0,False,0.0,4.0,2.0,2026_02_04_NHL_merged.csv,2026_02_04_NHL_final_scores.csv,total
total,2025020898,2026-02-04,over,under,0.45752822692475625,0.4647311855019739,1.9090909090909092,1.9090909090909092,-110.0,-110.0,6.0,6.0,0.16057463775533223,False,0.0,4.0,1.0,2026_02_04_NHL_merged.csv,2026_02_04_NHL_final_scores.csv,total
total,2025020899,2026-02-04,over,under,0.3898679830311854,0.39678487317323974,1.9523809523809523,1.8695652173913042,-105.0,-115.0,6.0,6.0,0.15828224339064978,False,1.0,5.0,4.0,2026_02_04_NHL_merged.csv,2026_02_04_NHL_final_scores.csv,total
total,2025020900,2026-02-04,over,under,0.4193788960039455,0.42645340592831626,1.9090909090909092,1.9090909090909092,-110.0,-110.0,6.5,6.5,0.0,False,1.0,4.0,3.0,2026_02_04_NHL_merged.csv,2026_02_04_NHL_final_scores.csv,total
total,2025020901,2026-02-04,over,under,0.48429222745408296,0.4915347500563827,1.8,2.05,-125.0,105.0,6.0,6.0,0.16053825175092262,False,1.0,5.0,2.0,2026_02_04_NHL_merged.csv,2026_02_04_NHL_final_scores.csv,total
total,2025020902,2026-02-04,over,under,0.4898352574913525,0.4825940090106718,1.8695652173913042,1.9523809523809523,-115.0,-105.0,5.5,5.5,0.0,False,1.0,2.0,4.0,2026_02_04_NHL_merged.csv,2026_02_04_NHL_final_scores.csv,total
total,2025020903,2026-02-05,over,under,0.45925648759011484,0.4664632584699781,1.9090909090909092,1.9090909090909092,-110.0,-110.0,6.5,6.5,0.0,False,1.0,2.0,5.0,2026_02_05_NHL_merged.csv,2026_02_05_NHL_final_scores.csv,total
total,2025020904,2026-02-05,over,under,0.44597745334556943,0.45315046984038715,1.9090909090909092,1.9090909090909092,-110.0,-110.0,6.0,6.0,0.1604279028843402,False,1.0,6.0,1.0,2026_02_05_NHL_merged.csv,2026_02_05_NHL_final_scores.csv,total
total,2025020905,2026-02-05,over,under,0.5050151278750382,0.49776842666849846,1.9803921568627452,1.847457627118644,-102.0,-118.0,5.5,5.5,0.0,False,0.0,1.0,3.0,2026_02_05_NHL_merged.csv,2026_02_05_NHL_final_scores.csv,total
total,2025020906,2026-02-05,over,under,0.45560587281488923,0.4628043868212027,1.9090909090909092,1.9090909090909092,-110.0,-110.0,6.0,6.0,0.16055705223244435,False,0.0,0.0,2.0,2026_02_05_NHL_merged.csv,2026_02_05_NHL_final_scores.csv,total
total,2025020907,2026-02-05,over,under,0.48429222745408296,0.4915347500563827,1.9090909090909092,1.9090909090909092,-110.0,-110.0,6.0,6.0,0.16053825175092262,False,0.0,1.0,2.0,2026_02_05_NHL_merged.csv,2026_02_05_NHL_final_scores.csv,total
total,2025020908,2026-02-05,over,under,0.5125637844243718,0.5198029496420452,1.847457627118644,1.9803921568627452,-118.0,-102.0,6.0,6.0,0.15993413332678097,True,,4.0,2.0,2026_02_05_NHL_merged.csv,2026_02_05_NHL_final_scores.csv,total
total,2025020909,2026-02-05,over,under,0.40729174712268545,0.41430785236057077,1.9090909090909092,1.9090909090909092,-110.0,-110.0,6.0,6.0,0.15920799044216824,False,0.0,4.0,1.0,2026_02_05_NHL_merged.csv,2026_02_05_NHL_final_scores.csv,total
total,2025020910,2026-02-25,over,under,0.5670830516729668,0.5599532501360635,1.7407407407407407,2.1399999999999997,-135.0,114.0,5.5,5.5,0.0,False,0.0,1.0,2.0,2026_02_25_NHL_merged.csv,2026_02_25_NHL_final_scores.csv,total
total,2025020911,2026-02-25,over,under,0.3856666205545828,0.3925569298499961,2.1,1.7692307692307692,110.0,-130.0,6.5,6.5,0.0,False,0.0,3.0,1.0,2026_02_25_NHL_merged.csv,2026_02_25_NHL_final_scores.csv,total
total,2025020912,2026-02-25,over,under,0.40493931612944056,0.41194306242784184,2.1,1.7692307692307692,110.0,-130.0,6.5,6.5,0.0,False,0.0,4.0,2.0,2026_02_25_NHL_merged.csv,2026_02_25_NHL_final_scores.csv,total
total,2025020913,2026-02-25,over,under,0.5117092015348796,0.5044643399075085,1.9090909090909092,1.9090909090909092,-110.0,-110.0,5.5,5.5,0.0,False,0.0,4.0,1.0,2026_02_25_NHL_merged.csv,2026_02_25_NHL_final_scores.csv,total
total,2025020914,2026-02-25,over,under,0.5981846594153246,0.5911978254277607,1.7407407407407407,2.1399999999999997,-135.0,114.0,5.5,5.5,0.0,False,1.0,2.0,4.0,2026_02_25_NHL_merged.csv,2026_02_25_NHL_final_scores.csv,total
total,2025020915,2026-02-25,over,under,0.36961898724401177,0.3763982533045171,2.1,1.7692307692307692,110.0,-130.0,6.5,6.5,0.0,False,0.0,2.0,3.0,2026_02_25_NHL_merged.csv,2026_02_25_NHL_final_scores.csv,total
total,2025020916,2026-02-25,over,under,0.5216853128418241,0.514448017473095,1.847457627118644,1.9803921568627452,-118.0,-102.0,5.5,5.5,0.0,False,1.0,4.0,6.0,2026_02_25_NHL_merged.csv,2026_02_25_NHL_final_scores.csv,total
total,2025020917,2026-02-25,over,under,0.5352848222265388,0.5424877447621697,1.8695652173913042,1.9523809523809523,-115.0,-105.0,6.5,6.5,0.0,False,1.0,6.0,5.0,2026_02_25_NHL_merged.csv,2026_02_25_NHL_final_scores.csv,total
total,2025020918,2026-02-26,over,under,0.45290922072978546,0.4601011375841868,2.0,1.8333333333333335,100.0,-120.0,6.5,6.5,0.0,False,0.0,4.0,2.0,2026_02_26_NHL_merged.csv,2026_02_26_NHL_final_scores.csv,total
total,2025020919,2026-02-26,over,under,0.4033336471871902,0.4103287720986839,2.1,1.7692307692307692,110.0,-130.0,6.5,6.5,0.0,False,1.0,3.0,4.0,2026_02_26_NHL_merged.csv,2026_02_26_NHL_final_scores.csv,total
total,2025020920,2026-02-26,over,under,0.5812254620754627,0.5741536697883075,1.7407407407407407,2.1399999999999997,-135.0,114.0,5.5,5.5,0.0,False,0.0,1.0,2.0,2026_02_26_NHL_merged.csv,2026_02_26_NHL_final_scores.csv,total
total,2025020921,2026-02-26,over,under,0.4097551078467234,0.41678380824526506,2.05,1.8,105.0,-125.0,6.5,6.5,0.0,False,0.0,5.0,1.0,2026_02_26_NHL_merged.csv,2026_02_26_NHL_final_scores.csv,total
total,2025020922,2026-02-26,over,under,0.563908927280899,0.5567677088280119,1.8,2.05,-125.0,105.0,5.5,5.5,0.0,False,0.0,4.0,1.0,2026_02_26_NHL_merged.csv,2026_02_26_NHL_final_scores.csv,total
total,2025020923,2026-02-26,over,under,0.4081500724881062,0.4151706065856137,2.1,1.7692307692307692,110.0,-130.0,6.5,6.5,0.0,False,1.0,5.0,4.0,2026_02_26_NHL_merged.csv,2026_02_26_NHL_final_scores.csv,total
total,2025020924,2026-02-26,over,under,0.5249926429178637,0.5177591312548488,1.7407407407407407,2.1399999999999997,-135.0,114.0,5.5,5.5,0.0,False,0.0,2.0,3.0,2026_02_26_NHL_merged.csv,2026_02_26_NHL_final_scores.csv,total
total,2025020925,2026-02-26,over,under,0.47792459016145084,0.47069696339456907,1.8,2.05,-125.0,105.0,5.5,5.5,0.0,False,1.0,5.0,1.0,2026_02_26_NHL_merged.csv,2026_02_26_NHL_final_scores.csv,total
total,2025020926,2026-02-26,over,under,0.3936972175874087,0.4006374344806737,2.1399999999999997,1.7407407407407407,114.0,-135.0,6.5,6.5,0.0,False,0.0,4.0,2.0,2026_02_26_NHL_merged.csv,2026_02_26_NHL_final_scores.csv,total
total,2025020927,2026-02-26,over,under,0.46716759855368784,0.4743896028771796,1.9523809523809523,1.8695652173913042,-105.0,-115.0,6.5,6.5,0.0,False,1.0,2.0,5.0,2026_02_26_NHL_merged.csv,2026_02_26_NHL_final_scores.csv,total
total,2025020928,2026-02-26,over,under,0.457671134899464,0.46487441530131074,1.9803921568627452,1.847457627118644,-102.0,-118.0,6.5,6.5,0.0,False,0.0,1.0,4.0,2026_02_26_NHL_merged.csv,2026_02_26_NHL_final_scores.csv,total
total,2025020929,2026-02-26,over,under,0.4241855134068494,0.43128087848171776,1.8928571428571428,1.925925925925926,-112.0,-108.0,6.5,6.5,0.0,False,1.0,1.0,8.0,2026_02_26_NHL_merged.csv,2026_02_26_NHL_final_scores.csv,total
total,2025020930,2026-02-27,over,under,0.4129643635027249,0.42000894110489817,2.05,1.8,105.0,-125.0,6.5,6.5,0.0,False,0.0,2.0,3.0,2026_02_27_NHL_merged.csv,2026_02_27_NHL_final_scores.csv,total
total,2025020931,2026-02-27,over,under,0.5718230918727744,0.5647114331832305,1.7692307692307692,2.1,-130.0,110.0,5.5,5.5,0.0,False,0.0,3.0,2.0,2026_02_27_NHL_merged.csv,2026_02_27_NHL_final_scores.csv,total
total,2025020932,2026-02-27,over,under,0.3776394016576141,0.3844760515284008,1.9523809523809523,1.8695652173913042,-105.0,-115.0,6.5,6.5,0.0,False,1.0,5.0,2.0,2026_02_27_NHL_merged.csv,2026_02_27_NHL_final_scores.csv,total
total,2025020933,2026-02-27,over,under,0.41456853232534374,0.4216208207799553,2.1,1.7692307692307692,110.0,-130.0,6.5,6.5,0.0,False,1.0,5.0,4.0,2026_02_27_NHL_merged.csv,2026_02_27_NHL_final_scores.csv,total
total,2025020934,2026-02-28,over,under,0.5013140802281075,0.5085601309904587,1.9523809523809523,1.8695652173913042,-105.0,-115.0,6.0,6.0,0.1602439104033816,False,0.0,3.0,2.0,2026_02_28_NHL_merged.csv,2026_02_28_NHL_final_scores.csv,total
total,2025020935,2026-02-28,over,under,0.4594493611350356,0.4666565466905816,1.9803921568627452,1.847457627118644,-102.0,-118.0,6.0,6.0,0.16058949434204853,False,0.0,3.0,1.0,2026_02_28_NHL_merged.csv,2026_02_28_NHL_final_scores.csv,total
total,2025020936,2026-02-28,over,under,0.5077926095189602,0.5150355902006031,1.9090909090909092,1.9090909090909092,-110.0,-110.0,6.5,6.5,0.0,False,1.0,5.0,4.0,2026_02_28_NHL_merged.csv,2026_02_28_NHL_final_scores.csv,total
total,2025020937,2026-02-28,over,under,0.48048816960288737,0.48772760563542633,1.9090909090909092,1.9090909090909092,-110.0,-110.0,6.0,6.0,0.16057528009370858,False,1.0,3.0,4.0,2026_02_28_NHL_merged.csv,2026_02_28_NHL_final_scores.csv,total
total,2025020938,2026-02-28,over,under,0.44176687300635453,0.4489270429195253,1.9523809523809523,1.8695652173913042,-105.0,-115.0,6.5,6.5,0.0,False,0.0,3.0,1.0,2026_02_28_NHL_merged.csv,2026_02_28_NHL_final_scores.csv,total
total,2025020939,2026-02-28,over,under,0.529269761443578,0.5364851842656163,1.9090909090909092,1.9090909090909092,-110.0,-110.0,6.0,6.0,0.1593047948442344,False,1.0,2.0,5.0,2026_02_28_NHL_merged.csv,2026_02_28_NHL_final_scores.csv,total
total,2025020940,2026-02-28,over,under,0.5069494782091658,0.5141929960666473,1.8,2.05,-125.0,105.0,6.0,6.0,0.16010019200414558,False,1.0,6.0,2.0,2026_02_28_NHL_merged.csv,2026_02_28_NHL_final_scores.csv,total
total,2025020941,2026-02-28,over,under,0.49943111259273876,0.5066775995145438,1.8,2.05,-125.0,105.0,6.0,6.0,0.1602868034656701,False,1.0,2.0,6.0,2026_02_28_NHL_merged.csv,2026_02_28_NHL_final_scores.csv,total
total,2025020942,2026-02-28,over,under,0.48429222745408296,0.4915347500563827,1.8333333333333335,2.0,-120.0,100.0,6.0,6.0,0.16053825175092262,False,1.0,5.0,2.0,2026_02_28_NHL_merged.csv,2026_02_28_NHL_final_scores.csv,total
total,2025020943,2026-02-28,over,under,0.4710813134741374,0.4638652256541951,1.9090909090909092,1.9090909090909092,-110.0,-110.0,5.5,5.5,0.0,False,0.0,1.0,3.0,2026_02_28_NHL_merged.csv,2026_02_28_NHL_final_scores.csv,total
total,2025020944,2026-02-28,over,under,0.4898352574913525,0.4825940090106718,1.9090909090909092,1.9090909090909092,-110.0,-110.0,5.5,5.5,0.0,False,0.0,2.0,0.0,2026_02_28_NHL_merged.csv,2026_02_28_NHL_final_scores.csv,total
total,2025020945,2026-02-28,over,under,0.45560587281488923,0.4628043868212027,1.9523809523809523,1.8695652173913042,-105.0,-115.0,6.0,6.0,0.16055705223244435,False,0.0,3.0,2.0,2026_02_28_NHL_merged.csv,2026_02_28_NHL_final_scores.csv,total
total,2025020946,2026-02-28,over,under,0.4401888008018101,0.4473438899296821,1.9523809523809523,1.8695652173913042,-105.0,-115.0,6.0,6.0,0.16031714898074298,True,,5.0,1.0,2026_02_28_NHL_merged.csv,2026_02_28_NHL_final_scores.csv,total
total,2025020947,2026-03-01,over,under,0.4449545506795517,0.45212454122622925,2.0,1.8333333333333335,100.0,-120.0,6.5,6.5,0.0,False,0.0,5.0,0.0,2026_03_01_NHL_merged.csv,2026_03_01_NHL_final_scores.csv,total
total,2025020948,2026-03-01,over,under,0.5150434175302715,0.5078004420319064,1.7692307692307692,2.1,-130.0,110.0,5.5,5.5,0.0,False,1.0,5.0,4.0,2026_03_01_NHL_merged.csv,2026_03_01_NHL_final_scores.csv,total
total,2025020949,2026-03-01,over,under,0.3712223596047519,0.37801339883204915,2.05,1.8,105.0,-125.0,6.5,6.5,0.0,False,0.0,0.0,4.0,2026_03_01_NHL_merged.csv,2026_03_01_NHL_final_scores.csv,total
total,2025020950,2026-03-01,over,under,0.4129643635027249,0.42000894110489817,2.0,1.8333333333333335,100.0,-120.0,6.5,6.5,0.0,False,0.0,2.0,1.0,2026_03_01_NHL_merged.csv,2026_03_01_NHL_final_scores.csv,total
total,2025020951,2026-03-01,over,under,0.5216853128418241,0.514448017473095,1.7407407407407407,2.1399999999999997,-135.0,114.0,5.5,5.5,0.0,False,0.0,1.0,3.0,2026_03_01_NHL_merged.csv,2026_03_01_NHL_final_scores.csv,total
total,2025020952,2026-03-01,over,under,0.4655875375638088,0.47280679016346033,2.0,1.8333333333333335,100.0,-120.0,6.5,6.5,0.0,False,0.0,3.0,2.0,2026_03_01_NHL_merged.csv,2026_03_01_NHL_final_scores.csv,total
total,2025020953,2026-03-02,over,under,0.4241855134068494,0.43128087848171776,2.1,1.7692307692307692,110.0,-130.0,6.5,6.5,0.0,False,1.0,4.0,5.0,2026_03_02_NHL_merged.csv,2026_03_02_NHL_final_scores.csv,total
total,2025020954,2026-03-02,over,under,0.38887864412267437,0.3957893679856812,2.05,1.8,105.0,-125.0,6.5,6.5,0.0,False,0.0,2.0,3.0,2026_03_02_NHL_merged.csv,2026_03_02_NHL_final_scores.csv,total
total,2025020955,2026-03-02,over,under,0.4097551078467234,0.41678380824526506,2.05,1.8,105.0,-125.0,6.5,6.5,0.0,False,0.0,2.0,4.0,2026_03_02_NHL_merged.csv,2026_03_02_NHL_final_scores.csv,total
total,2025020956,2026-03-02,over,under,0.5575274436745259,0.5503650486745488,1.7692307692307692,2.1,-130.0,110.0,5.5,5.5,0.0,False,1.0,1.0,6.0,2026_03_02_NHL_merged.csv,2026_03_02_NHL_final_scores.csv,total
total,2025020957,2026-03-02,over,under,0.5216853128418241,0.514448017473095,1.7692307692307692,2.1,-130.0,110.0,5.5,5.5,0.0,False,0.0,2.0,1.0,2026_03_02_NHL_merged.csv,2026_03_02_NHL_final_scores.csv,total
total,2025020958,2026-03-02,over,under,0.5462561148966317,0.5390621108818218,1.7407407407407407,2.1399999999999997,-135.0,114.0,5.5,5.5,0.0,False,1.0,2.0,4.0,2026_03_02_NHL_merged.csv,2026_03_02_NHL_final_scores.csv,total
total,2025020959,2026-03-03,over,under,0.45290922072978546,0.4601011375841868,1.9523809523809523,1.8695652173913042,-105.0,-115.0,6.5,6.5,0.0,False,0.0,2.0,1.0,2026_03_03_NHL_merged.csv,2026_03_03_NHL_final_scores.csv,total
total,2025020960,2026-03-03,over,under,0.42898770731972924,0.4361025622893458,2.05,1.8,105.0,-125.0,6.5,6.5,0.0,False,0.0,3.0,2.0,2026_03_03_NHL_merged.csv,2026_03_03_NHL_final_scores.csv,total
total,2025020961,2026-03-03,over,under,0.5200282110097943,0.5127892587191359,1.8,2.05,-125.0,105.0,5.5,5.5,0.0,False,1.0,5.0,1.0,2026_03_03_NHL_merged.csv,2026_03_03_NHL_final_scores.csv,total
total,2025020962,2026-03-03,over,under,0.3872725784418988,0.39417317016191866,2.05,1.8,105.0,-125.0,6.5,6.5,0.0,False,0.0,2.0,3.0,2026_03_03_NHL_merged.csv,2026_03_03_NHL_final_scores.csv,total
total,2025020963,2026-03-03,over,under,0.4608408265801034,0.46805093965852324,2.0,1.8333333333333335,100.0,-120.0,6.5,6.5,0.0,False,0.0,3.0,2.0,2026_03_03_NHL_merged.csv,2026_03_03_NHL_final_scores.csv,total
total,2025020964,2026-03-03,over,under,0.5117092015348796,0.5044643399075085,1.8333333333333335,2.0,-120.0,100.0,5.5,5.5,0.0,False,0.0,3.0,2.0,2026_03_03_NHL_merged.csv,2026_03_03_NHL_final_scores.csv,total
total,2025020965,2026-03-03,over,under,0.5216853128418241,0.514448017473095,1.925925925925926,1.8928571428571428,-108.0,-112.0,5.5,5.5,0.0,False,1.0,1.0,6.0,2026_03_03_NHL_merged.csv,2026_03_03_NHL_final_scores.csv,total
total,2025020966,2026-03-03,over,under,0.5337733071756109,0.5409795675951959,1.704225352112676,2.2,-142.0,120.0,6.5,6.5,0.0,False,1.0,5.0,4.0,2026_03_03_NHL_merged.csv,2026_03_03_NHL_final_scores.csv,total
total,2025020967,2026-03-03,over,under,0.4065447999220445,0.4135570159693512,2.05,1.8,105.0,-125.0,6.5,6.5,0.0,False,0.0,5.0,1.0,2026_03_03_NHL_merged.csv,2026_03_03_NHL_final_scores.csv,total
total,2025020968,2026-03-03,over,under,0.5185534919583674,0.5257860015128106,1.7692307692307692,2.1,-130.0,110.0,6.5,6.5,0.0,False,0.0,1.0,5.0,2026_03_03_NHL_merged.csv,2026_03_03_NHL_final_scores.csv,total
total,2025020969,2026-03-03,over,under,0.47819531827656636,0.48543248813280504,1.8333333333333335,2.0,-120.0,100.0,6.5,6.5,0.0,False,1.0,7.0,5.0,2026_03_03_NHL_merged.csv,2026_03_03_NHL_final_scores.csv,total
total,2025020970,2026-03-04,over,under,0.560723679391425,0.5535715942991557,1.7692307692307692,2.1,-130.0,110.0,5.5,5.5,0.0,False,1.0,3.0,4.0,2026_03_04_NHL_merged.csv,2026_03_04_NHL_final_scores.csv,total
total,2025020971,2026-03-04,over,under,0.5216853128418241,0.514448017473095,1.8,2.05,-125.0,105.0,5.5,5.5,0.0,False,1.0,4.0,3.0,2026_03_04_NHL_merged.csv,2026_03_04_NHL_final_scores.csv,total
total,2025020972,2026-03-04,over,under,0.44017188332917234,0.447326917203289,2.1399999999999997,1.7407407407407407,114.0,-135.0,6.5,6.5,0.0,False,1.0,4.0,6.0,2026_03_04_NHL_merged.csv,2026_03_04_NHL_final_scores.csv,total
total,2025020973,2026-03-04,over,under,0.43697972129157814,0.44412403088152164,1.8695652173913042,1.9523809523809523,-115.0,-105.0,6.5,6.5,0.0,False,0.0,5.0,1.0,2026_03_04_NHL_merged.csv,2026_03_04_NHL_final_scores.csv,total
total,2025020974,2026-03-04,over,under,0.4710813134741374,0.4638652256541951,1.8,2.05,-125.0,105.0,5.5,5.5,0.0,False,0.0,2.0,3.0,2026_03_04_NHL_merged.csv,2026_03_04_NHL_final_scores.csv,total
total,2025020975,2026-03-05,over,under,0.5718230918727744,0.5647114331832305,1.7407407407407407,2.1399999999999997,-135.0,114.0,5.5,5.5,0.0,False,1.0,6.0,2.0,2026_03_05_NHL_merged.csv,2026_03_05_NHL_final_scores.csv,total
total,2025020976,2026-03-05,over,under,0.5150434175302715,0.5078004420319064,1.8,2.05,-125.0,105.0,5.5,5.5,0.0,False,0.0,0.0,3.0,2026_03_05_NHL_merged.csv,2026_03_05_NHL_final_scores.csv,total
total,2025020977,2026-03-05,over,under,0.4844692905254484,0.49171193633678584,1.9523809523809523,1.8695652173913042,-105.0,-115.0,6.5,6.5,0.0,False,0.0,1.0,5.0,2026_03_05_NHL_merged.csv,2026_03_05_NHL_final_scores.csv,total
total,2025020978,2026-03-05,over,under,0.42258376583394885,0.42967233095583074,2.0,1.8333333333333335,100.0,-120.0,6.5,6.5,0.0,False,0.0,4.0,2.0,2026_03_05_NHL_merged.csv,2026_03_05_NHL_final_scores.csv,total
total,2025020979,2026-03-05,over,under,0.42258376583394885,0.42967233095583074,2.1,1.7692307692307692,110.0,-130.0,6.5,6.5,0.0,False,1.0,6.0,3.0,2026_03_05_NHL_merged.csv,2026_03_05_NHL_final_scores.csv,total
total,2025020980,2026-03-05,over,under,0.5083663776750106,0.5011202725336515,1.8,2.05,-125.0,105.0,5.5,5.5,0.0,False,0.0,4.0,1.0,2026_03_05_NHL_merged.csv,2026_03_05_NHL_final_scores.csv,total
total,2025020981,2026-03-05,over,under,0.5527127916806752,0.545535989626622,1.7407407407407407,2.1399999999999997,-135.0,114.0,5.5,5.5,0.0,False,0.0,1.0,4.0,2026_03_05_NHL_merged.csv,2026_03_05_NHL_final_scores.csv,total
total,2025020982,2026-03-05,over,under,0.4745061750138979,0.4672839737572971,1.9523809523809523,1.8695652173913042,-105.0,-115.0,5.5,5.5,0.0,False,1.0,5.0,3.0,2026_03_05_NHL_merged.csv,2026_03_05_NHL_final_scores.csv,total
total,2025020983,2026-03-06,over,under,0.3824551368959408,0.38932443125602856,2.1399999999999997,1.7407407407407407,114.0,-135.0,6.5,6.5,0.0,False,0.0,1.0,3.0,2026_03_06_NHL_merged.csv,2026_03_06_NHL_final_scores.csv,total
total,2025020984,2026-03-06,over,under,0.5997080251822161,0.592729645176314,1.7407407407407407,2.1399999999999997,-135.0,114.0,5.5,5.5,0.0,False,1.0,4.0,5.0,2026_03_06_NHL_merged.csv,2026_03_06_NHL_final_scores.csv,total
total,2025020985,2026-03-06,over,under,0.4033336471871902,0.4103287720986839,2.1399999999999997,1.7407407407407407,114.0,-135.0,6.5,6.5,0.0,False,1.0,3.0,6.0,2026_03_06_NHL_merged.csv,2026_03_06_NHL_final_scores.csv,total
total,2025020986,2026-03-06,over,under,0.45925648759011484,0.4664632584699781,1.7407407407407407,2.1399999999999997,-135.0,114.0,6.5,6.5,0.0,False,1.0,3.0,6.0,2026_03_06_NHL_merged.csv,2026_03_06_NHL_final_scores.csv,total
total,2025020987,2026-03-06,over,under,0.5016067546207938,0.508852719138261,1.7407407407407407,2.1399999999999997,-135.0,114.0,6.5,6.5,0.0,False,1.0,6.0,5.0,2026_03_06_NHL_merged.csv,2026_03_06_NHL_final_scores.csv,total
total,2025020988,2026-03-06,over,under,0.4081500724881062,0.4151706065856137,2.05,1.8,105.0,-125.0,6.5,6.5,0.0,False,0.0,2.0,4.0,2026_03_06_NHL_merged.csv,2026_03_06_NHL_final_scores.csv,total
total,2025020989,2026-03-06,over,under,0.3920909906423935,0.39902152725222956,2.1,1.7692307692307692,110.0,-130.0,6.5,6.5,0.0,False,0.0,2.0,3.0,2026_03_06_NHL_merged.csv,2026_03_06_NHL_final_scores.csv,total
total,2025020990,2026-03-07,over,under,0.5702459197218775,0.563128078851129,1.7407407407407407,2.1399999999999997,-135.0,114.0,5.5,5.5,0.0,False,0.0,3.0,1.0,2026_03_07_NHL_merged.csv,2026_03_07_NHL_final_scores.csv,total
total,2025020991,2026-03-07,over,under,0.5413863951583134,0.5341810220941774,1.8695652173913042,1.9523809523809523,-115.0,-105.0,5.5,5.5,0.0,False,1.0,6.0,3.0,2026_03_07_NHL_merged.csv,2026_03_07_NHL_final_scores.csv,total
total,2025020992,2026-03-07,over,under,0.44336110335278356,0.4505262587697026,2.02,1.819672131147541,102.0,-122.0,6.5,6.5,0.0,False,0.0,3.0,2.0,2026_03_07_NHL_merged.csv,2026_03_07_NHL_final_scores.csv,total
total,2025020993,2026-03-07,over,under,0.5749688324706508,0.567869937687703,1.7692307692307692,2.1,-130.0,110.0,5.5,5.5,0.0,False,1.0,3.0,4.0,2026_03_07_NHL_merged.csv,2026_03_07_NHL_final_scores.csv,total
total,2025020994,2026-03-07,over,under,0.41135988011377966,0.41839659502391874,1.925925925925926,1.8928571428571428,-108.0,-112.0,6.5,6.5,0.0,False,1.0,2.0,5.0,2026_03_07_NHL_merged.csv,2026_03_07_NHL_final_scores.csv,total
total,2025020995,2026-03-07,over,under,0.4241855134068494,0.43128087848171776,2.1,1.7692307692307692,110.0,-130.0,6.5,6.5,0.0,False,1.0,4.0,5.0,2026_03_07_NHL_merged.csv,2026_03_07_NHL_final_scores.csv,total
total,2025020996,2026-03-07,over,under,0.5381272410127841,0.5309150295572144,1.7692307692307692,2.1,-130.0,110.0,5.5,5.5,0.0,False,0.0,3.0,2.0,2026_03_07_NHL_merged.csv,2026_03_07_NHL_final_scores.csv,total
total,2025020997,2026-03-07,over,under,0.5397580726618482,0.5325492058122763,1.7692307692307692,2.1,-130.0,110.0,5.5,5.5,0.0,False,1.0,3.0,4.0,2026_03_07_NHL_merged.csv,2026_03_07_NHL_final_scores.csv,total
total,2025020998,2026-03-07,over,under,0.5381272410127841,0.5309150295572144,1.7692307692307692,2.1,-130.0,110.0,5.5,5.5,0.0,False,1.0,5.0,4.0,2026_03_07_NHL_merged.csv,2026_03_07_NHL_final_scores.csv,total
total,2025020999,2026-03-07,over,under,0.4161723609925141,0.4232322084499791,2.02,1.819672131147541,102.0,-122.0,6.5,6.5,0.0,False,0.0,1.0,2.0,2026_03_07_NHL_merged.csv,2026_03_07_NHL_final_scores.csv,total
total,2025021000,2026-03-07,over,under,0.5200282110097943,0.5127892587191359,1.8,2.05,-125.0,105.0,5.5,5.5,0.0,False,1.0,4.0,7.0,2026_03_07_NHL_merged.csv,2026_03_07_NHL_final_scores.csv,total
total,2025021001,2026-03-08,over,under,0.4655875375638088,0.47280679016346033,1.9803921568627452,1.847457627118644,-102.0,-118.0,6.5,6.5,0.0,False,0.0,3.0,2.0,2026_03_08_NHL_merged.csv,2026_03_08_NHL_final_scores.csv,total
total,2025021002,2026-03-08,over,under,0.4687465348304317,0.47597114396042317,2.02,1.819672131147541,102.0,-122.0,6.5,6.5,0.0,False,1.0,5.0,4.0,2026_03_08_NHL_merged.csv,2026_03_08_NHL_final_scores.csv,total
total,2025021003,2026-03-08,over,under,0.4321863818176488,0.4393134724551055,1.9523809523809523,1.8695652173913042,-105.0,-115.0,6.5,6.5,0.0,False,1.0,8.0,7.0,2026_03_08_NHL_merged.csv,2026_03_08_NHL_final_scores.csv,total
total,2025021004,2026-03-08,over,under,0.560723679391425,0.5535715942991557,1.7407407407407407,2.1399999999999997,-135.0,114.0,5.5,5.5,0.0,False,1.0,4.0,3.0,2026_03_08_NHL_merged.csv,2026_03_08_NHL_final_scores.csv,total
total,2025021005,2026-03-08,over,under,0.5183688466593044,0.5111283949427904,1.8695652173913042,1.9523809523809523,-115.0,-105.0,5.5,5.5,0.0,False,0.0,0.0,3.0,2026_03_08_NHL_merged.csv,2026_03_08_NHL_final_scores.csv,total
total,2025021006,2026-03-08,over,under,0.4385761581209362,0.44572590526838773,1.9523809523809523,1.8695652173913042,-105.0,-115.0,6.5,6.5,0.0,False,0.0,0.0,4.0,2026_03_08_NHL_merged.csv,2026_03_08_NHL_final_scores.csv,total
total,2025021007,2026-03-08,over,under,0.4797657764483876,0.48700453142762673,1.704225352112676,2.2,-142.0,120.0,6.5,6.5,0.0,False,0.0,2.0,4.0,2026_03_08_NHL_merged.csv,2026_03_08_NHL_final_scores.csv,total
total,2025020828,2026-03-09,over,under,0.5332198876003772,0.5259985446650597,1.7407407407407407,2.1399999999999997,-135.0,114.0,5.5,5.5,0.0,False,1.0,4.0,5.0,2026_03_09_NHL_merged.csv,2026_03_09_NHL_final_scores.csv,total
total,2025021008,2026-03-09,over,under,0.5200282110097943,0.5127892587191359,1.8333333333333335,2.0,-120.0,100.0,5.5,5.5,0.0,False,1.0,2.0,6.0,2026_03_09_NHL_merged.csv,2026_03_09_NHL_final_scores.csv,total
total,2025021009,2026-03-09,over,under,0.5183688466593044,0.5111283949427904,1.7407407407407407,2.1399999999999997,-135.0,114.0,5.5,5.5,0.0,False,1.0,7.0,3.0,2026_03_09_NHL_merged.csv,2026_03_09_NHL_final_scores.csv,total
total,2025021010,2026-03-09,over,under,0.5315792166968157,0.524355133103365,1.7407407407407407,2.1399999999999997,-135.0,114.0,5.5,5.5,0.0,False,0.0,3.0,2.0,2026_03_09_NHL_merged.csv,2026_03_09_NHL_final_scores.csv,total
total,2025021011,2026-03-09,over,under,0.4193788960039455,0.42645340592831626,2.02,1.819672131147541,102.0,-122.0,6.5,6.5,0.0,False,0.0,0.0,2.0,2026_03_09_NHL_merged.csv,2026_03_09_NHL_final_scores.csv,total
total,2025021012,2026-03-10,over,under,0.5249926429178637,0.5177591312548488,1.7407407407407407,2.1399999999999997,-135.0,114.0,5.5,5.5,0.0,False,0.0,2.0,1.0,2026_03_10_NHL_merged.csv,2026_03_10_NHL_final_scores.csv,total
total,2025021013,2026-03-10,over,under,0.4844692905254484,0.49171193633678584,1.8333333333333335,2.0,-120.0,100.0,6.5,6.5,0.0,False,1.0,6.0,3.0,2026_03_10_NHL_merged.csv,2026_03_10_NHL_final_scores.csv,total
total,2025021014,2026-03-10,over,under,0.44017188332917234,0.447326917203289,1.847457627118644,1.9803921568627452,-118.0,-102.0,6.5,6.5,0.0,False,0.0,3.0,1.0,2026_03_10_NHL_merged.csv,2026_03_10_NHL_final_scores.csv,total
total,2025021015,2026-03-10,over,under,0.4241855134068494,0.43128087848171776,1.8928571428571428,1.925925925925926,-112.0,-108.0,6.5,6.5,0.0,False,1.0,2.0,5.0,2026_03_10_NHL_merged.csv,2026_03_10_NHL_final_scores.csv,total
total,2025021016,2026-03-10,over,under,0.5889796582813537,0.5819446265383792,1.7692307692307692,2.1,-130.0,110.0,5.5,5.5,0.0,False,1.0,4.0,3.0,2026_03_10_NHL_merged.csv,2026_03_10_NHL_final_scores.csv,total
total,2025021017,2026-03-10,over,under,0.5299361362247547,0.5227094647357668,1.7692307692307692,2.1,-130.0,110.0,5.5,5.5,0.0,False,0.0,4.0,0.0,2026_03_10_NHL_merged.csv,2026_03_10_NHL_final_scores.csv,total
total,2025021018,2026-03-10,over,under,0.48603443917456035,0.49327809496662967,2.05,1.8,105.0,-125.0,6.5,6.5,0.0,False,1.0,5.0,4.0,2026_03_10_NHL_merged.csv,2026_03_10_NHL_final_scores.csv,total
total,2025021019,2026-03-10,over,under,0.48474124014328224,0.4775048125682953,1.925925925925926,1.8928571428571428,-108.0,-112.0,5.5,5.5,0.0,False,1.0,3.0,4.0,2026_03_10_NHL_merged.csv,2026_03_10_NHL_final_scores.csv,total
total,2025021020,2026-03-10,over,under,0.5494896985828706,0.5423040061920095,1.8,2.05,-125.0,105.0,5.5,5.5,0.0,False,0.0,2.0,1.0,2026_03_10_NHL_merged.csv,2026_03_10_NHL_final_scores.csv,total
total,2025021021,2026-03-10,over,under,0.5543203586353891,0.5471482168396716,1.7407407407407407,2.1399999999999997,-135.0,114.0,5.5,5.5,0.0,False,0.0,5.0,0.0,2026_03_10_NHL_merged.csv,2026_03_10_NHL_final_scores.csv,total
total,2025021022,2026-03-10,over,under,0.4321863818176488,0.4393134724551055,2.02,1.819672131147541,102.0,-122.0,6.5,6.5,0.0,False,0.0,1.0,4.0,2026_03_10_NHL_merged.csv,2026_03_10_NHL_final_scores.csv,total
total,2025021023,2026-03-10,over,under,0.581087718943914,0.5881269648986652,1.6451612903225805,2.3,-155.0,130.0,6.5,6.5,0.0,False,1.0,3.0,4.0,2026_03_10_NHL_merged.csv,2026_03_10_NHL_final_scores.csv,total
total,2025021024,2026-03-10,over,under,0.5446354353788062,0.5374374944763552,1.7407407407407407,2.1399999999999997,-135.0,114.0,5.5,5.5,0.0,False,1.0,2.0,4.0,2026_03_10_NHL_merged.csv,2026_03_10_NHL_final_scores.csv,total
total,2025021025,2026-03-11,over,under,0.44017188332917234,0.447326917203289,1.925925925925926,1.8928571428571428,-108.0,-112.0,6.5,6.5,0.0,False,0.0,2.0,3.0,2026_03_11_NHL_merged.csv,2026_03_11_NHL_final_scores.csv,total
total,2025021026,2026-03-11,over,under,0.36481144884574435,0.3715545108870348,2.1399999999999997,1.7407407407407407,114.0,-135.0,6.5,6.5,0.0,False,0.0,4.0,1.0,2026_03_11_NHL_merged.csv,2026_03_11_NHL_final_scores.csv,total
total,2025021027,2026-03-12,over,under,0.4640063738283797,0.4712227274982735,1.8695652173913042,1.9523809523809523,-115.0,-105.0,6.5,6.5,0.0,False,0.0,2.0,4.0,2026_03_12_NHL_merged.csv,2026_03_12_NHL_final_scores.csv,total
total,2025021028,2026-03-12,over,under,0.4640063738283797,0.4712227274982735,1.8928571428571428,1.925925925925926,-112.0,-108.0,6.5,6.5,0.0,False,0.0,1.0,2.0,2026_03_12_NHL_merged.csv,2026_03_12_NHL_final_scores.csv,total
total,2025021029,2026-03-12,over,under,0.47032432454470485,0.4775513918603693,1.8333333333333335,2.0,-120.0,100.0,6.5,6.5,0.0,False,1.0,6.0,4.0,2026_03_12_NHL_merged.csv,2026_03_12_NHL_final_scores.csv,total
total,2025021030,2026-03-12,over,under,0.3953034445398602,0.4022531907940317,2.1,1.7692307692307692,110.0,-130.0,6.5,6.5,0.0,False,0.0,4.0,1.0,2026_03_12_NHL_merged.csv,2026_03_12_NHL_final_scores.csv,total
total,2025021031,2026-03-12,over,under,0.4321863818176488,0.4393134724551055,1.9803921568627452,1.847457627118644,-102.0,-118.0,6.5,6.5,0.0,False,0.0,2.0,1.0,2026_03_12_NHL_merged.csv,2026_03_12_NHL_final_scores.csv,total
total,2025021032,2026-03-12,over,under,0.4881390616244967,0.4808992515607333,1.8928571428571428,1.925925925925926,-112.0,-108.0,5.5,5.5,0.0,False,1.0,4.0,5.0,2026_03_12_NHL_merged.csv,2026_03_12_NHL_final_scores.csv,total
total,2025021033,2026-03-12,over,under,0.5430121891283849,0.5358104582937444,1.704225352112676,2.2,-142.0,120.0,5.5,5.5,0.0,False,0.0,1.0,3.0,2026_03_12_NHL_merged.csv,2026_03_12_NHL_final_scores.csv,total
total,2025021034,2026-03-12,over,under,0.45608479106093913,0.4632844324574624,1.8,2.05,-125.0,105.0,6.5,6.5,0.0,False,1.0,7.0,2.0,2026_03_12_NHL_merged.csv,2026_03_12_NHL_final_scores.csv,total
total,2025021035,2026-03-12,over,under,0.5430121891283849,0.5358104582937444,1.7407407407407407,2.1399999999999997,-135.0,114.0,5.5,5.5,0.0,False,0.0,2.0,3.0,2026_03_12_NHL_merged.csv,2026_03_12_NHL_final_scores.csv,total
total,2025021036,2026-03-12,over,under,0.516707241526556,0.509465448527562,1.8928571428571428,1.925925925925926,-112.0,-108.0,5.5,5.5,0.0,False,1.0,3.0,6.0,2026_03_12_NHL_merged.csv,2026_03_12_NHL_final_scores.csv,total
total,2025021037,2026-03-12,over,under,0.5315792166968157,0.524355133103365,1.7407407407407407,2.1399999999999997,-135.0,114.0,5.5,5.5,0.0,False,0.0,2.0,3.0,2026_03_12_NHL_merged.csv,2026_03_12_NHL_final_scores.csv,total
total,2025021038,2026-03-12,over,under,0.4257867694114771,0.432888782737803,2.1,1.7692307692307692,110.0,-130.0,6.5,6.5,0.0,False,1.0,4.0,3.0,2026_03_12_NHL_merged.csv,2026_03_12_NHL_final_scores.csv,total
total,2025021039,2026-03-12,over,under,0.45925648759011484,0.4664632584699781,2.05,1.8,105.0,-125.0,6.5,6.5,0.0,False,1.0,6.0,2.0,2026_03_12_NHL_merged.csv,2026_03_12_NHL_final_scores.csv,total
total,2025021040,2026-03-12,over,under,0.4273875089726008,0.4344960189076929,2.05,1.8,105.0,-125.0,6.5,6.5,0.0,False,0.0,1.0,5.0,2026_03_12_NHL_merged.csv,2026_03_12_NHL_final_scores.csv,total
total,2025021041,2026-03-13,over,under,0.4881390616244967,0.4808992515607333,1.8695652173913042,1.9523809523809523,-115.0,-105.0,5.5,5.5,0.0,False,0.0,2.0,3.0,2026_03_13_NHL_merged.csv,2026_03_13_NHL_final_scores.csv,total
total,2025021042,2026-03-13,over,under,0.4734763774820001,0.48070792253184497,1.8695652173913042,1.9523809523809523,-115.0,-105.0,6.5,6.5,0.0,False,0.0,3.0,2.0,2026_03_13_NHL_merged.csv,2026_03_13_NHL_final_scores.csv,total
total,2025021043,2026-03-14,over,under,0.457671134899464,0.46487441530131074,1.8928571428571428,1.925925925925926,-112.0,-108.0,6.5,6.5,0.0,False,0.0,2.0,0.0,2026_03_14_NHL_merged.csv,2026_03_14_NHL_final_scores.csv,total
total,2025021044,2026-03-14,over,under,0.41135988011377966,0.41839659502391874,2.1399999999999997,1.7407407407407407,114.0,-135.0,6.5,6.5,0.0,False,0.0,2.0,3.0,2026_03_14_NHL_merged.csv,2026_03_14_NHL_final_scores.csv,total
total,2025021045,2026-03-14,over,under,0.4081500724881062,0.4151706065856137,2.1,1.7692307692307692,110.0,-130.0,6.5,6.5,0.0,False,0.0,3.0,1.0,2026_03_14_NHL_merged.csv,2026_03_14_NHL_final_scores.csv,total
total,2025021046,2026-03-14,over,under,0.4097551078467234,0.41678380824526506,2.1,1.7692307692307692,110.0,-130.0,6.5,6.5,0.0,False,0.0,2.0,4.0,2026_03_14_NHL_merged.csv,2026_03_14_NHL_final_scores.csv,total
total,2025021047,2026-03-14,over,under,0.4465471914090866,0.45372186688179644,1.8695652173913042,1.9523809523809523,-115.0,-105.0,6.5,6.5,0.0,False,0.0,3.0,2.0,2026_03_14_NHL_merged.csv,2026_03_14_NHL_final_scores.csv,total
total,2025021048,2026-03-14,over,under,0.49383909119569613,0.5010856618816046,1.819672131147541,2.02,-122.0,102.0,6.5,6.5,0.0,False,0.0,2.0,4.0,2026_03_14_NHL_merged.csv,2026_03_14_NHL_final_scores.csv,total
total,2025021049,2026-03-14,over,under,0.41456853232534374,0.4216208207799553,2.0,1.8333333333333335,100.0,-120.0,6.5,6.5,0.0,False,0.0,2.0,4.0,2026_03_14_NHL_merged.csv,2026_03_14_NHL_final_scores.csv,total
total,2025021050,2026-03-14,over,under,0.4898352574913525,0.4825940090106718,1.847457627118644,1.9803921568627452,-118.0,-102.0,5.5,5.5,0.0,False,1.0,6.0,4.0,2026_03_14_NHL_merged.csv,2026_03_14_NHL_final_scores.csv,total
total,2025021051,2026-03-14,over,under,0.49828809276358155,0.4910421604444615,1.7692307692307692,2.1,-130.0,110.0,5.5,5.5,0.0,False,0.0,3.0,2.0,2026_03_14_NHL_merged.csv,2026_03_14_NHL_final_scores.csv,total
total,2025021052,2026-03-14,over,under,0.3872725784418988,0.39417317016191866,2.1,1.7692307692307692,110.0,-130.0,6.5,6.5,0.0,False,0.0,1.0,2.0,2026_03_14_NHL_merged.csv,2026_03_14_NHL_final_scores.csv,total
total,2025021053,2026-03-14,over,under,0.5543203586353891,0.5471482168396716,1.8695652173913042,1.9523809523809523,-115.0,-105.0,5.5,5.5,0.0,False,0.0,3.0,2.0,2026_03_14_NHL_merged.csv,2026_03_14_NHL_final_scores.csv,total
total,2025021054,2026-03-14,over,under,0.4241855134068494,0.43128087848171776,2.1,1.7692307692307692,110.0,-130.0,6.5,6.5,0.0,False,1.0,3.0,4.0,2026_03_14_NHL_merged.csv,2026_03_14_NHL_final_scores.csv,total
total,2025021055,2026-03-14,over,under,0.3953034445398602,0.4022531907940317,2.1399999999999997,1.7407407407407407,114.0,-135.0,6.5,6.5,0.0,False,1.0,2.0,5.0,2026_03_14_NHL_merged.csv,2026_03_14_NHL_final_scores.csv,total
total,2025021056,2026-03-14,over,under,0.38887864412267437,0.3957893679856812,2.1,1.7692307692307692,110.0,-130.0,6.5,6.5,0.0,False,0.0,4.0,0.0,2026_03_14_NHL_merged.csv,2026_03_14_NHL_final_scores.csv,total
total,2025021057,2026-03-15,over,under,0.49491268590868187,0.487668127535017,1.8333333333333335,2.0,-120.0,100.0,5.5,5.5,0.0,False,0.0,3.0,2.0,2026_03_15_NHL_merged.csv,2026_03_15_NHL_final_scores.csv,total
total,2025021058,2026-03-15,over,under,0.4875982088243004,0.49484273174128646,1.8695652173913042,1.9523809523809523,-115.0,-105.0,6.5,6.5,0.0,False,1.0,7.0,4.0,2026_03_15_NHL_merged.csv,2026_03_15_NHL_final_scores.csv,total
total,2025021059,2026-03-15,over,under,0.5277078769632726,0.534926203602339,1.7692307692307692,2.1,-130.0,110.0,6.5,6.5,0.0,False,1.0,3.0,4.0,2026_03_15_NHL_merged.csv,2026_03_15_NHL_final_scores.csv,total
total,2025021060,2026-03-15,over,under,0.4305873397877651,0.4377083882956694,2.1,1.7692307692307692,110.0,-130.0,6.5,6.5,0.0,False,0.0,2.0,4.0,2026_03_15_NHL_merged.csv,2026_03_15_NHL_final_scores.csv,total
total,2025021061,2026-03-15,over,under,0.4844692905254484,0.49171193633678584,1.8333333333333335,2.0,-120.0,100.0,6.5,6.5,0.0,False,0.0,3.0,1.0,2026_03_15_NHL_merged.csv,2026_03_15_NHL_final_scores.csv,total
total,2025021062,2026-03-15,over,under,0.3840607976234741,0.3909406743996531,2.1,1.7692307692307692,110.0,-130.0,6.5,6.5,0.0,False,1.0,6.0,2.0,2026_03_15_NHL_merged.csv,2026_03_15_NHL_final_scores.csv,total
total,2025021063,2026-03-16,over,under,0.5249926429178637,0.5177591312548488,1.8,2.05,-125.0,105.0,5.5,5.5,0.0,False,1.0,5.0,2.0,2026_03_16_NHL_merged.csv,2026_03_16_NHL_final_scores.csv,total
total,2025021064,2026-03-16,over,under,0.5413863951583134,0.5341810220941774,1.8,2.05,-125.0,105.0,5.5,5.5,0.0,False,1.0,4.0,3.0,2026_03_16_NHL_merged.csv,2026_03_16_NHL_final_scores.csv,total
total,2025021065,2026-03-16,over,under,0.49491268590868187,0.487668127535017,1.7692307692307692,2.1,-130.0,110.0,5.5,5.5,0.0,False,0.0,1.0,4.0,2026_03_16_NHL_merged.csv,2026_03_16_NHL_final_scores.csv,total
total,2025021066,2026-03-16,over,under,0.5249926429178637,0.5177591312548488,1.8,2.05,-125.0,105.0,5.5,5.5,0.0,False,1.0,3.0,6.0,2026_03_16_NHL_merged.csv,2026_03_16_NHL_final_scores.csv,total
total,2025021067,2026-03-16,over,under,0.5000562993851677,0.5073026642797906,1.8333333333333335,2.0,-120.0,100.0,6.5,6.5,0.0,False,1.0,2.0,7.0,2026_03_16_NHL_merged.csv,2026_03_16_NHL_final_scores.csv,total
total,2025021068,2026-03-17,over,under,0.5413863951583134,0.5341810220941774,1.7407407407407407,2.1399999999999997,-135.0,114.0,5.5,5.5,0.0,False,0.0,1.0,3.0,2026_03_17_NHL_merged.csv,2026_03_17_NHL_final_scores.csv,total
total,2025021069,2026-03-17,over,under,0.45290922072978546,0.4601011375841868,2.0,1.8333333333333335,100.0,-120.0,6.5,6.5,0.0,False,0.0,3.0,2.0,2026_03_17_NHL_merged.csv,2026_03_17_NHL_final_scores.csv,total
total,2025021070,2026-03-17,over,under,0.4481390020756848,0.4553182124498473,1.9523809523809523,1.8695652173913042,-105.0,-115.0,6.5,6.5,0.0,False,0.0,5.0,1.0,2026_03_17_NHL_merged.csv,2026_03_17_NHL_final_scores.csv,total
total,2025021071,2026-03-17,over,under,0.5315792166968157,0.524355133103365,1.8,2.05,-125.0,105.0,5.5,5.5,0.0,False,1.0,3.0,4.0,2026_03_17_NHL_merged.csv,2026_03_17_NHL_final_scores.csv,total
total,2025021072,2026-03-17,over,under,0.5623176853602883,0.5551709643979804,1.7407407407407407,2.1399999999999997,-135.0,114.0,5.5,5.5,0.0,False,1.0,3.0,4.0,2026_03_17_NHL_merged.csv,2026_03_17_NHL_final_scores.csv,total
total,2025021073,2026-03-17,over,under,0.5839671978330572,0.5909921151393426,1.6756756756756757,2.24,-148.0,124.0,6.5,6.5,0.0,False,1.0,5.0,3.0,2026_03_17_NHL_merged.csv,2026_03_17_NHL_final_scores.csv,total
total,2025021074,2026-03-17,over,under,0.5951286166410182,0.5881252320443674,1.7692307692307692,2.1,-130.0,110.0,5.5,5.5,0.0,False,1.0,5.0,2.0,2026_03_17_NHL_merged.csv,2026_03_17_NHL_final_scores.csv,total
total,2025021075,2026-03-17,over,under,0.44336110335278356,0.4505262587697026,1.9090909090909092,1.9090909090909092,-110.0,-110.0,6.5,6.5,0.0,False,0.0,0.0,2.0,2026_03_17_NHL_merged.csv,2026_03_17_NHL_final_scores.csv,total
total,2025021076,2026-03-17,over,under,0.3584084660981537,0.3651012044348033,2.1,1.7692307692307692,110.0,-130.0,6.5,6.5,0.0,False,1.0,2.0,6.0,2026_03_17_NHL_merged.csv,2026_03_17_NHL_final_scores.csv,total
total,2025021077,2026-03-18,over,under,0.5066917945331001,0.4994453101310527,1.7407407407407407,2.1399999999999997,-135.0,114.0,5.5,5.5,0.0,False,1.0,3.0,6.0,2026_03_18_NHL_merged.csv,2026_03_18_NHL_final_scores.csv,total
total,2025021078,2026-03-18,over,under,0.48290278340270243,0.4901442759984132,1.9803921568627452,1.847457627118644,-102.0,-118.0,6.5,6.5,0.0,False,1.0,6.0,5.0,2026_03_18_NHL_merged.csv,2026_03_18_NHL_final_scores.csv,total
total,2025021079,2026-03-18,over,under,0.396909644774064,0.40386876933296917,2.0,1.8333333333333335,100.0,-120.0,6.5,6.5,0.0,False,0.0,4.0,1.0,2026_03_18_NHL_merged.csv,2026_03_18_NHL_final_scores.csv,total
total,2025021080,2026-03-18,over,under,0.44176687300635453,0.4489270429195253,2.05,1.8,105.0,-125.0,6.5,6.5,0.0,False,0.0,1.0,2.0,2026_03_18_NHL_merged.csv,2026_03_18_NHL_final_scores.csv,total
total,2025021081,2026-03-18,over,under,0.47963131428661065,0.47240123169639775,1.8695652173913042,1.9523809523809523,-115.0,-105.0,5.5,5.5,0.0,False,0.0,2.0,1.0,2026_03_18_NHL_merged.csv,2026_03_18_NHL_final_scores.csv,total
total,2025021082,2026-03-18,over,under,0.4129643635027249,0.42000894110489817,1.9523809523809523,1.8695652173913042,-105.0,-115.0,6.5,6.5,0.0,False,0.0,2.0,3.0,2026_03_18_NHL_merged.csv,2026_03_18_NHL_final_scores.csv,total
total,2025021083,2026-03-19,over,under,0.5332198876003772,0.5259985446650597,1.7692307692307692,2.1,-130.0,110.0,5.5,5.5,0.0,False,1.0,6.0,1.0,2026_03_19_NHL_merged.csv,2026_03_19_NHL_final_scores.csv,total
total,2025021084,2026-03-19,over,under,0.5511025656248075,0.5439212464473843,1.7407407407407407,2.1399999999999997,-135.0,114.0,5.5,5.5,0.0,False,0.0,3.0,2.0,2026_03_19_NHL_merged.csv,2026_03_19_NHL_final_scores.csv,total
total,2025021085,2026-03-19,over,under,0.43538259686070013,0.44252131792819727,2.1,1.7692307692307692,110.0,-130.0,6.5,6.5,0.0,False,0.0,3.0,1.0,2026_03_19_NHL_merged.csv,2026_03_19_NHL_final_scores.csv,total
total,2025021086,2026-03-19,over,under,0.40493931612944056,0.41194306242784184,2.1399999999999997,1.7407407407407407,114.0,-135.0,6.5,6.5,0.0,False,1.0,6.0,3.0,2026_03_19_NHL_merged.csv,2026_03_19_NHL_final_scores.csv,total
total,2025021087,2026-03-19,over,under,0.5543203586353891,0.5471482168396716,1.7692307692307692,2.1,-130.0,110.0,5.5,5.5,0.0,False,0.0,3.0,1.0,2026_03_19_NHL_merged.csv,2026_03_19_NHL_final_scores.csv,total
total,2025021088,2026-03-19,over,under,0.3936972175874087,0.4006374344806737,2.1399999999999997,1.7407407407407407,114.0,-135.0,6.5,6.5,0.0,False,0.0,1.0,2.0,2026_03_19_NHL_merged.csv,2026_03_19_NHL_final_scores.csv,total
total,2025021089,2026-03-19,over,under,0.5577121620169618,0.5648500565974499,1.8695652173913042,1.9523809523809523,-115.0,-105.0,6.5,6.5,0.0,False,0.0,0.0,4.0,2026_03_19_NHL_merged.csv,2026_03_19_NHL_final_scores.csv,total
total,2025021090,2026-03-19,over,under,0.41456853232534374,0.4216208207799553,2.1,1.7692307692307692,110.0,-130.0,6.5,6.5,0.0,False,1.0,2.0,6.0,2026_03_19_NHL_merged.csv,2026_03_19_NHL_final_scores.csv,total
total,2025021091,2026-03-19,over,under,0.5511025656248075,0.5439212464473843,1.7407407407407407,2.1399999999999997,-135.0,114.0,5.5,5.5,0.0,False,0.0,0.0,4.0,2026_03_19_NHL_merged.csv,2026_03_19_NHL_final_scores.csv,total
total,2025021092,2026-03-19,over,under,0.5016067546207938,0.508852719138261,1.7692307692307692,2.1,-130.0,110.0,6.5,6.5,0.0,False,0.0,0.0,5.0,2026_03_19_NHL_merged.csv,2026_03_19_NHL_final_scores.csv,total
total,2025021093,2026-03-19,over,under,0.4881390616244967,0.4808992515607333,1.7407407407407407,2.1399999999999997,-135.0,114.0,5.5,5.5,0.0,False,1.0,3.0,4.0,2026_03_19_NHL_merged.csv,2026_03_19_NHL_final_scores.csv,total
total,2025021094,2026-03-20,over,under,0.4305873397877651,0.4377083882956694,2.05,1.8,105.0,-125.0,6.5,6.5,0.0,False,1.0,3.0,4.0,2026_03_20_NHL_merged.csv,2026_03_20_NHL_final_scores.csv,total
total,2025021095,2026-03-20,over,under,0.5233401306016411,0.5161046489961589,1.7407407407407407,2.1399999999999997,-135.0,114.0,5.5,5.5,0.0,False,0.0,2.0,1.0,2026_03_20_NHL_merged.csv,2026_03_20_NHL_final_scores.csv,total
total,2025021096,2026-03-20,over,under,0.4640063738283797,0.4712227274982735,2.0,1.8333333333333335,100.0,-120.0,6.5,6.5,0.0,False,0.0,1.0,4.0,2026_03_20_NHL_merged.csv,2026_03_20_NHL_final_scores.csv,total
total,2025021097,2026-03-20,over,under,0.5397580726618482,0.5325492058122763,1.8,2.05,-125.0,105.0,5.5,5.5,0.0,False,0.0,4.0,1.0,2026_03_20_NHL_merged.csv,2026_03_20_NHL_final_scores.csv,total
total,2025021098,2026-03-20,over,under,0.4481390020756848,0.4553182124498473,1.8695652173913042,1.9523809523809523,-115.0,-105.0,6.5,6.5,0.0,False,0.0,1.0,4.0,2026_03_20_NHL_merged.csv,2026_03_20_NHL_final_scores.csv,total
total,2025021099,2026-03-21,over,under,0.3904847905197316,0.3974054960678576,2.1,1.7692307692307692,110.0,-130.0,6.5,6.5,0.0,False,1.0,5.0,4.0,2026_03_21_NHL_merged.csv,2026_03_21_NHL_final_scores.csv,total
total,2025021100,2026-03-21,over,under,0.42098155167208096,0.4280631650902784,2.1,1.7692307692307692,110.0,-130.0,6.5,6.5,0.0,False,0.0,4.0,1.0,2026_03_21_NHL_merged.csv,2026_03_21_NHL_final_scores.csv,total
total,2025021101,2026-03-21,over,under,0.5702459197218775,0.563128078851129,1.8695652173913042,1.9523809523809523,-115.0,-105.0,5.5,5.5,0.0,False,0.0,2.0,1.0,2026_03_21_NHL_merged.csv,2026_03_21_NHL_final_scores.csv,total
total,2025021102,2026-03-21,over,under,0.3953034445398602,0.4022531907940317,2.05,1.8,105.0,-125.0,6.5,6.5,0.0,False,0.0,1.0,4.0,2026_03_21_NHL_merged.csv,2026_03_21_NHL_final_scores.csv,total
total,2025021103,2026-03-21,over,under,0.5670830516729668,0.5599532501360635,1.7407407407407407,2.1399999999999997,-135.0,114.0,5.5,5.5,0.0,False,0.0,1.0,4.0,2026_03_21_NHL_merged.csv,2026_03_21_NHL_final_scores.csv,total
total,2025021104,2026-03-21,over,under,0.42098155167208096,0.4280631650902784,2.05,1.8,105.0,-125.0,6.5,6.5,0.0,False,1.0,5.0,2.0,2026_03_21_NHL_merged.csv,2026_03_21_NHL_final_scores.csv,total
total,2025021105,2026-03-21,over,under,0.5733974013945751,0.566292058345754,1.7692307692307692,2.1,-130.0,110.0,5.5,5.5,0.0,False,1.0,7.0,3.0,2026_03_21_NHL_merged.csv,2026_03_21_NHL_final_scores.csv,total
total,2025021106,2026-03-21,over,under,0.5905214731145457,0.5834941692070994,1.704225352112676,2.2,-142.0,120.0,5.5,5.5,0.0,False,1.0,5.0,2.0,2026_03_21_NHL_merged.csv,2026_03_21_NHL_final_scores.csv,total
total,2025021107,2026-03-21,over,under,0.5462561148966317,0.5390621108818218,1.8,2.05,-125.0,105.0,5.5,5.5,0.0,False,0.0,1.0,3.0,2026_03_21_NHL_merged.csv,2026_03_21_NHL_final_scores.csv,total
total,2025021108,2026-03-21,over,under,0.5686659009331669,0.5615420121711661,1.7692307692307692,2.1,-130.0,110.0,5.5,5.5,0.0,False,1.0,2.0,4.0,2026_03_21_NHL_merged.csv,2026_03_21_NHL_final_scores.csv,total
total,2025021109,2026-03-21,over,under,0.5517779051136632,0.5589358305096075,1.7692307692307692,2.1,-130.0,110.0,6.5,6.5,0.0,False,1.0,2.0,5.0,2026_03_21_NHL_merged.csv,2026_03_21_NHL_final_scores.csv,total
total,2025021110,2026-03-22,over,under,0.5117092015348796,0.5044643399075085,1.7407407407407407,2.1399999999999997,-135.0,114.0,5.5,5.5,0.0,False,0.0,2.0,3.0,2026_03_22_NHL_merged.csv,2026_03_22_NHL_final_scores.csv,total
total,2025021111,2026-03-22,over,under,0.4449545506795517,0.45212454122622925,2.1399999999999997,1.7407407407407407,114.0,-135.0,6.5,6.5,0.0,False,0.0,2.0,3.0,2026_03_22_NHL_merged.csv,2026_03_22_NHL_final_scores.csv,total
total,2025021112,2026-03-22,over,under,0.47190094596579835,0.4791303251506892,1.847457627118644,1.9803921568627452,-118.0,-102.0,6.5,6.5,0.0,False,0.0,1.0,5.0,2026_03_22_NHL_merged.csv,2026_03_22_NHL_final_scores.csv,total
total,2025021113,2026-03-22,over,under,0.5749688324706508,0.567869937687703,1.7407407407407407,2.1399999999999997,-135.0,114.0,5.5,5.5,0.0,False,0.0,2.0,3.0,2026_03_22_NHL_merged.csv,2026_03_22_NHL_final_scores.csv,total
total,2025021114,2026-03-22,over,under,0.3920909906423935,0.39902152725222956,2.1,1.7692307692307692,110.0,-130.0,6.5,6.5,0.0,False,0.0,1.0,0.0,2026_03_22_NHL_merged.csv,2026_03_22_NHL_final_scores.csv,total
total,2025021115,2026-03-22,over,under,0.559126926421404,0.5519696163832604,1.7407407407407407,2.1399999999999997,-135.0,114.0,5.5,5.5,0.0,False,0.0,2.0,3.0,2026_03_22_NHL_merged.csv,2026_03_22_NHL_final_scores.csv,total
total,2025021116,2026-03-22,over,under,0.3744302257716412,0.3812443672792037,2.0,1.8333333333333335,100.0,-120.0,6.5,6.5,0.0,False,1.0,4.0,3.0,2026_03_22_NHL_merged.csv,2026_03_22_NHL_final_scores.csv,total
total,2025021117,2026-03-22,over,under,0.5000562993851677,0.5073026642797906,1.8333333333333335,2.0,-120.0,100.0,6.5,6.5,0.0,False,1.0,6.0,5.0,2026_03_22_NHL_merged.csv,2026_03_22_NHL_final_scores.csv,total
total,2025021118,2026-03-22,over,under,0.5083663776750106,0.5011202725336515,1.819672131147541,2.02,-122.0,102.0,5.5,5.5,0.0,False,1.0,4.0,3.0,2026_03_22_NHL_merged.csv,2026_03_22_NHL_final_scores.csv,total
total,2025021119,2026-03-23,over,under,0.5332198876003772,0.5259985446650597,1.77,2.1,-130.0,110.0,5.5,5.5,0.0,False,0.0,1.0,2.0,2026_03_23_NHL_merged.csv,2026_03_23_NHL_final_scores.csv,total
total,2025021120,2026-03-24,over,under,0.42898770731972924,0.4361025622893458,2.02,1.82,102.0,-122.0,6.5,6.5,0.0,False,0.0,2.0,4.0,2026_03_24_NHL_merged.csv,2026_03_24_NHL_final_scores.csv,total
total,2025021121,2026-03-24,over,under,0.4640063738283797,0.4712227274982735,1.83,2.0,-120.0,100.0,6.5,6.5,0.0,False,1.0,5.0,2.0,2026_03_24_NHL_merged.csv,2026_03_24_NHL_final_scores.csv,total
total,2025021122,2026-03-24,over,under,0.559126926421404,0.5519696163832604,1.8,2.05,-125.0,105.0,5.5,5.5,0.0,False,0.0,2.0,3.0,2026_03_24_NHL_merged.csv,2026_03_24_NHL_final_scores.csv,total
total,2025021123,2026-03-24,over,under,0.5494896985828706,0.5423040061920095,1.74,2.14,-135.0,114.0,5.5,5.5,0.0,False,1.0,5.0,4.0,2026_03_24_NHL_merged.csv,2026_03_24_NHL_final_scores.csv,total
total,2025021124,2026-03-24,over,under,0.5083663776750106,0.5011202725336515,1.8,2.05,-125.0,105.0,5.5,5.5,0.0,False,1.0,3.0,4.0,2026_03_24_NHL_merged.csv,2026_03_24_NHL_final_scores.csv,total
total,2025021125,2026-03-24,over,under,0.5381272410127841,0.5309150295572144,1.77,2.1,-130.0,110.0,5.5,5.5,0.0,False,0.0,2.0,3.0,2026_03_24_NHL_merged.csv,2026_03_24_NHL_final_scores.csv,total
total,2025021126,2026-03-24,over,under,0.4875982088243004,0.49484273174128646,1.82,2.02,-122.0,102.0,6.5,6.5,0.0,False,1.0,2.0,6.0,2026_03_24_NHL_merged.csv,2026_03_24_NHL_final_scores.csv,total
total,2025021127,2026-03-24,over,under,0.4177758240149515,0.4248430786256884,2.05,1.8,105.0,-125.0,6.5,6.5,0.0,False,1.0,6.0,3.0,2026_03_24_NHL_merged.csv,2026_03_24_NHL_final_scores.csv,total
total,2025021128,2026-03-24,over,under,0.5117092015348796,0.5044643399075085,1.77,2.1,-130.0,110.0,5.5,5.5,0.0,False,0.0,3.0,0.0,2026_03_24_NHL_merged.csv,2026_03_24_NHL_final_scores.csv,total
total,2025021129,2026-03-24,over,under,0.4687465348304317,0.47597114396042317,2.0,1.83,100.0,-120.0,6.5,6.5,0.0,False,1.0,6.0,3.0,2026_03_24_NHL_merged.csv,2026_03_24_NHL_final_scores.csv,total
total,2025021130,2026-03-24,over,under,0.5216853128418241,0.514448017473095,1.77,2.1,-130.0,110.0,5.5,5.5,0.0,False,1.0,4.0,6.0,2026_03_24_NHL_merged.csv,2026_03_24_NHL_final_scores.csv,total
total,2025021131,2026-03-24,over,under,0.5282906666453085,0.5210615607204787,1.77,2.1,-130.0,110.0,5.5,5.5,0.0,False,0.0,4.0,1.0,2026_03_24_NHL_merged.csv,2026_03_24_NHL_final_scores.csv,total
total,2025021132,2026-03-24,over,under,0.5139520121048459,0.5211898196231102,1.85,1.98,-118.0,-102.0,6.5,6.5,0.0,False,1.0,2.0,5.0,2026_03_24_NHL_merged.csv,2026_03_24_NHL_final_scores.csv,total
total,2025021133,2026-03-24,over,under,0.48133634791191393,0.47410398021057526,1.83,2.0,-120.0,100.0,5.5,5.5,0.0,False,0.0,3.0,2.0,2026_03_24_NHL_merged.csv,2026_03_24_NHL_final_scores.csv,total
total,2025021134,2026-03-24,over,under,0.4608408265801034,0.46805093965852324,1.77,2.1,-130.0,110.0,6.5,6.5,0.0,False,1.0,3.0,5.0,2026_03_24_NHL_merged.csv,2026_03_24_NHL_final_scores.csv,total
total,2025021135,2026-03-25,over,under,0.45608479106093913,0.4632844324574624,1.89,1.93,-112.0,-108.0,6.5,6.5,0.0,False,1.0,3.0,4.0,2026_03_25_NHL_merged.csv,2026_03_25_NHL_final_scores.csv,total
total,2025021136,2026-03-25,over,under,0.3856666205545828,0.3925569298499961,2.05,1.8,105.0,-125.0,6.5,6.5,0.0,False,1.0,4.0,3.0,2026_03_25_NHL_merged.csv,2026_03_25_NHL_final_scores.csv,total
total,2025021137,2026-03-26,over,under,0.4624241294328426,0.4696374366864903,1.87,1.95,-115.0,-105.0,6.5,6.5,0.0,False,0.0,2.0,1.0,2026_03_26_NHL_merged.csv,2026_03_26_NHL_final_scores.csv,total
total,2025021138,2026-03-26,over,under,0.44336110335278356,0.4505262587697026,2.05,1.8,105.0,-125.0,6.5,6.5,0.0,False,1.0,3.0,4.0,2026_03_26_NHL_merged.csv,2026_03_26_NHL_final_scores.csv,total
total,2025021139,2026-03-26,over,under,0.4161723609925141,0.4232322084499791,2.05,1.8,105.0,-125.0,6.5,6.5,0.0,False,1.0,3.0,4.0,2026_03_26_NHL_merged.csv,2026_03_26_NHL_final_scores.csv,total
total,2025021140,2026-03-26,over,under,0.4193788960039455,0.42645340592831626,2.02,1.82,102.0,-122.0,6.5,6.5,0.0,False,0.0,2.0,3.0,2026_03_26_NHL_merged.csv,2026_03_26_NHL_final_scores.csv,total
total,2025021141,2026-03-26,over,under,0.5183688466593044,0.5111283949427904,1.83,2.0,-120.0,100.0,5.5,5.5,0.0,False,0.0,2.0,1.0,2026_03_26_NHL_merged.csv,2026_03_26_NHL_final_scores.csv,total
total,2025021142,2026-03-26,over,under,0.4999728596886861,0.4927264885989865,1.87,1.95,-115.0,-105.0,5.5,5.5,0.0,False,1.0,5.0,1.0,2026_03_26_NHL_merged.csv,2026_03_26_NHL_final_scores.csv,total
total,2025021143,2026-03-26,over,under,0.42098155167208096,0.4280631650902784,2.1,1.77,110.0,-130.0,6.5,6.5,0.0,False,0.0,2.0,1.0,2026_03_26_NHL_merged.csv,2026_03_26_NHL_final_scores.csv,total
total,2025021144,2026-03-26,over,under,0.41135988011377966,0.41839659502391874,2.02,1.82,102.0,-122.0,6.5,6.5,0.0,False,0.0,2.0,4.0,2026_03_26_NHL_merged.csv,2026_03_26_NHL_final_scores.csv,total
total,2025021145,2026-03-26,over,under,0.4097551078467234,0.41678380824526506,2.14,1.74,114.0,-135.0,6.5,6.5,0.0,False,0.0,2.0,3.0,2026_03_26_NHL_merged.csv,2026_03_26_NHL_final_scores.csv,total
total,2025021146,2026-03-26,over,under,0.3872725784418988,0.39417317016191866,2.1,1.77,110.0,-130.0,6.5,6.5,0.0,False,1.0,4.0,7.0,2026_03_26_NHL_merged.csv,2026_03_26_NHL_final_scores.csv,total
total,2025021147,2026-03-26,over,under,0.44336110335278356,0.4505262587697026,1.87,1.95,-115.0,-105.0,6.5,6.5,0.0,False,0.0,2.0,3.0,2026_03_26_NHL_merged.csv,2026_03_26_NHL_final_scores.csv,total
total,2025021148,2026-03-26,over,under,0.5532647223339917,0.5604178197718418,1.87,1.95,-115.0,-105.0,6.5,6.5,0.0,False,1.0,3.0,4.0,2026_03_26_NHL_merged.csv,2026_03_26_NHL_final_scores.csv,total
total,2025021149,2026-03-26,over,under,0.3680160259590929,0.37478337122629407,2.14,1.74,114.0,-135.0,6.5,6.5,0.0,False,0.0,0.0,4.0,2026_03_26_NHL_merged.csv,2026_03_26_NHL_final_scores.csv,total
total,2025021150,2026-03-27,over,under,0.5935959659639869,0.5865844865046215,1.74,2.14,-135.0,114.0,5.5,5.5,0.0,False,1.0,2.0,5.0,2026_03_27_NHL_merged.csv,2026_03_27_NHL_final_scores.csv,total
total,2025021151,2026-03-27,over,under,0.3840607976234741,0.3909406743996531,2.14,1.74,114.0,-135.0,6.5,6.5,0.0,False,1.0,6.0,1.0,2026_03_27_NHL_merged.csv,2026_03_27_NHL_final_scores.csv,total
total,2025021152,2026-03-28,over,under,0.4081500724881062,0.4151706065856137,2.14,1.74,114.0,-135.0,6.5,6.5,0.0,False,0.0,4.0,2.0,2026_03_28_NHL_merged.csv,2026_03_28_NHL_final_scores.csv,total
total,2025021153,2026-03-28,over,under,0.534858128655981,0.5276396784376329,1.85,1.98,-118.0,-102.0,5.5,5.5,0.0,False,1.0,5.0,2.0,2026_03_28_NHL_merged.csv,2026_03_28_NHL_final_scores.csv,total
total,2025021154,2026-03-28,over,under,0.6122085693462214,0.6190676877549649,1.68,2.24,-147.0,124.0,6.5,6.5,0.0,False,0.0,4.0,2.0,2026_03_28_NHL_merged.csv,2026_03_28_NHL_final_scores.csv,total
total,2025021155,2026-03-28,over,under,0.4129643635027249,0.42000894110489817,2.05,1.8,105.0,-125.0,6.5,6.5,0.0,False,1.0,6.0,3.0,2026_03_28_NHL_merged.csv,2026_03_28_NHL_final_scores.csv,total
total,2025021156,2026-03-28,over,under,0.45449747874309254,0.46169333236749166,2.1,1.77,110.0,-130.0,6.5,6.5,0.0,False,1.0,3.0,6.0,2026_03_28_NHL_merged.csv,2026_03_28_NHL_final_scores.csv,total
total,2025021157,2026-03-28,over,under,0.40493931612944056,0.41194306242784184,1.95,1.87,-105.0,-115.0,6.5,6.5,0.0,False,1.0,5.0,2.0,2026_03_28_NHL_merged.csv,2026_03_28_NHL_final_scores.csv,total
total,2025021158,2026-03-28,over,under,0.4655875375638088,0.47280679016346033,1.95,1.87,-105.0,-115.0,6.5,6.5,0.0,False,0.0,2.0,3.0,2026_03_28_NHL_merged.csv,2026_03_28_NHL_final_scores.csv,total
total,2025021159,2026-03-28,over,under,0.44176687300635453,0.4489270429195253,2.0,1.83,100.0,-120.0,6.5,6.5,0.0,False,0.0,3.0,2.0,2026_03_28_NHL_merged.csv,2026_03_28_NHL_final_scores.csv,total
total,2025021160,2026-03-28,over,under,0.5332198876003772,0.5259985446650597,1.8,2.05,-125.0,105.0,5.5,5.5,0.0,False,1.0,5.0,1.0,2026_03_28_NHL_merged.csv,2026_03_28_NHL_final_scores.csv,total
total,2025021161,2026-03-28,over,under,0.45608479106093913,0.4632844324574624,1.95,1.87,-105.0,-115.0,6.5,6.5,0.0,False,0.0,1.0,4.0,2026_03_28_NHL_merged.csv,2026_03_28_NHL_final_scores.csv,total
total,2025021162,2026-03-28,over,under,0.40493931612944056,0.41194306242784184,2.14,1.74,114.0,-135.0,6.5,6.5,0.0,False,0.0,2.0,4.0,2026_03_28_NHL_merged.csv,2026_03_28_NHL_final_scores.csv,total
total,2025021163,2026-03-28,over,under,0.5033364008980014,0.4960896459267306,1.77,2.1,-130.0,110.0,5.5,5.5,0.0,False,1.0,3.0,5.0,2026_03_28_NHL_merged.csv,2026_03_28_NHL_final_scores.csv,total
total,2025021164,2026-03-28,over,under,0.5050151278750382,0.49776842666849846,1.82,2.02,-122.0,102.0,5.5,5.5,0.0,False,1.0,2.0,6.0,2026_03_28_NHL_merged.csv,2026_03_28_NHL_final_scores.csv,total
total,2025021165,2026-03-28,over,under,0.5299361362247547,0.5227094647357668,1.77,2.1,-130.0,110.0,5.5,5.5,0.0,False,1.0,7.0,3.0,2026_03_28_NHL_merged.csv,2026_03_28_NHL_final_scores.csv,total
total,2025021166,2026-03-28,over,under,0.5494896985828706,0.5423040061920095,1.74,2.14,-135.0,114.0,5.5,5.5,0.0,False,1.0,4.0,5.0,2026_03_28_NHL_merged.csv,2026_03_28_NHL_final_scores.csv,total
total,2025021167,2026-03-29,over,under,0.5446354353788062,0.5374374944763552,1.74,2.14,-135.0,114.0,5.5,5.5,0.0,False,0.0,3.0,1.0,2026_03_29_NHL_merged.csv,2026_03_29_NHL_final_scores.csv,total
total,2025021168,2026-03-29,over,under,0.5031556323587156,0.5104010578104666,1.91,1.91,-110.0,-110.0,6.5,6.5,0.0,False,0.0,3.0,2.0,2026_03_29_NHL_merged.csv,2026_03_29_NHL_final_scores.csv,total
total,2025021169,2026-03-29,over,under,0.4844692905254484,0.49171193633678584,1.95,1.87,-105.0,-115.0,6.5,6.5,0.0,False,0.0,1.0,3.0,2026_03_29_NHL_merged.csv,2026_03_29_NHL_final_scores.csv,total
total,2025021170,2026-03-29,over,under,0.43378480895699234,0.44091779041220686,2.1,1.77,110.0,-130.0,6.5,6.5,0.0,False,1.0,3.0,4.0,2026_03_29_NHL_merged.csv,2026_03_29_NHL_final_scores.csv,total
total,2025021171,2026-03-29,over,under,0.5083663776750106,0.5011202725336515,1.77,2.1,-130.0,110.0,5.5,5.5,0.0,False,1.0,5.0,3.0,2026_03_29_NHL_merged.csv,2026_03_29_NHL_final_scores.csv,total
total,2025021172,2026-03-29,over,under,0.5083663776750106,0.5011202725336515,1.8,2.05,-125.0,105.0,5.5,5.5,0.0,False,0.0,2.0,1.0,2026_03_29_NHL_merged.csv,2026_03_29_NHL_final_scores.csv,total
total,2025021173,2026-03-30,over,under,0.43378480895699234,0.44091779041220686,2.14,1.74,114.0,-135.0,6.5,6.5,0.0,False,1.0,3.0,8.0,2026_03_30_NHL_merged.csv,2026_03_30_NHL_final_scores.csv,total
total,2025021174,2026-03-30,over,under,0.4177758240149515,0.4248430786256884,2.14,1.74,114.0,-135.0,6.5,6.5,0.0,False,1.0,9.0,2.0,2026_03_30_NHL_merged.csv,2026_03_30_NHL_final_scores.csv,total
total,2025021175,2026-03-30,over,under,0.4161723609925141,0.4232322084499791,1.89,1.93,-112.0,-108.0,6.5,6.5,0.0,False,0.0,4.0,2.0,2026_03_30_NHL_merged.csv,2026_03_30_NHL_final_scores.csv,total
total,2025021176,2026-03-30,over,under,0.47032432454470485,0.4775513918603693,1.87,1.95,-115.0,-105.0,6.5,6.5,0.0,False,1.0,4.0,5.0,2026_03_30_NHL_merged.csv,2026_03_30_NHL_final_scores.csv,total
total,2025021177,2026-03-30,over,under,0.559126926421404,0.5519696163832604,1.77,2.1,-130.0,110.0,5.5,5.5,0.0,False,1.0,5.0,4.0,2026_03_30_NHL_merged.csv,2026_03_30_NHL_final_scores.csv,total
total,2025021178,2026-03-31,over,under,0.559126926421404,0.5519696163832604,1.77,2.1,-130.0,110.0,5.5,5.5,0.0,False,1.0,6.0,3.0,2026_03_31_NHL_merged.csv,2026_03_31_NHL_final_scores.csv,total
total,2025021179,2026-03-31,over,under,0.4241855134068494,0.43128087848171776,2.1,1.77,110.0,-130.0,6.5,6.5,0.0,False,1.0,4.0,3.0,2026_03_31_NHL_merged.csv,2026_03_31_NHL_final_scores.csv,total
total,2025021180,2026-03-31,over,under,0.47190094596579835,0.4791303251506892,2.05,1.8,105.0,-125.0,6.5,6.5,0.0,False,0.0,1.0,4.0,2026_03_31_NHL_merged.csv,2026_03_31_NHL_final_scores.csv,total
total,2025021181,2026-03-31,over,under,0.560723679391425,0.5535715942991557,1.74,2.14,-135.0,114.0,5.5,5.5,0.0,False,1.0,6.0,3.0,2026_03_31_NHL_merged.csv,2026_03_31_NHL_final_scores.csv,total
total,2025021182,2026-03-31,over,under,0.35680917146758595,0.3634889648523218,2.14,1.74,114.0,-135.0,6.5,6.5,0.0,False,0.0,4.0,1.0,2026_03_31_NHL_merged.csv,2026_03_31_NHL_final_scores.csv,total
total,2025021183,2026-03-31,over,under,0.4449545506795517,0.45212454122622925,2.02,1.82,102.0,-122.0,6.5,6.5,0.0,False,0.0,5.0,1.0,2026_03_31_NHL_merged.csv,2026_03_31_NHL_final_scores.csv,total
total,2025021184,2026-03-31,over,under,0.5083663776750106,0.5011202725336515,1.83,2.0,-120.0,100.0,5.5,5.5,0.0,False,1.0,6.0,4.0,2026_03_31_NHL_merged.csv,2026_03_31_NHL_final_scores.csv,total
total,2025021185,2026-03-31,over,under,0.44017188332917234,0.447326917203289,1.95,1.87,-105.0,-115.0,6.5,6.5,0.0,False,1.0,2.0,5.0,2026_03_31_NHL_merged.csv,2026_03_31_NHL_final_scores.csv,total
total,2025021186,2026-03-31,over,under,0.5083663776750106,0.5011202725336515,1.77,2.1,-130.0,110.0,5.5,5.5,0.0,False,1.0,3.0,4.0,2026_03_31_NHL_merged.csv,2026_03_31_NHL_final_scores.csv,total
total,2025021187,2026-03-31,over,under,0.5367943670279889,0.5439938242767598,1.95,1.87,-105.0,-115.0,6.5,6.5,0.0,False,0.0,3.0,0.0,2026_03_31_NHL_merged.csv,2026_03_31_NHL_final_scores.csv,total
total,2025021188,2026-04-01,over,under,0.4624241294328426,0.4696374366864903,1.95,1.87,-105.0,-115.0,6.5,6.5,0.0,False,1.0,6.0,8.0,2026_04_01_NHL_merged.csv,2026_04_01_NHL_final_scores.csv,total
total,2025021189,2026-04-01,over,under,0.4676502194208907,0.46044093614655945,1.87,1.95,-115.0,-105.0,5.5,5.5,0.0,False,0.0,2.0,1.0,2026_04_01_NHL_merged.csv,2026_04_01_NHL_final_scores.csv,total
total,2025021190,2026-04-01,over,under,0.5093349868222171,0.5165768782732248,1.77,2.1,-130.0,110.0,6.5,6.5,0.0,False,1.0,4.0,3.0,2026_04_01_NHL_merged.csv,2026_04_01_NHL_final_scores.csv,total
total,2025021191,2026-04-02,over,under,0.44176687300635453,0.4489270429195253,1.95,1.87,-105.0,-115.0,6.5,6.5,0.0,False,0.0,4.0,1.0,2026_04_02_NHL_merged.csv,2026_04_02_NHL_final_scores.csv,total
total,2025021192,2026-04-02,over,under,0.47819531827656636,0.48543248813280504,1.91,1.91,-110.0,-110.0,6.5,6.5,0.0,False,1.0,6.0,3.0,2026_04_02_NHL_merged.csv,2026_04_02_NHL_final_scores.csv,total
total,2025021193,2026-04-02,over,under,0.4081500724881062,0.4151706065856137,2.05,1.8,105.0,-125.0,6.5,6.5,0.0,False,0.0,2.0,1.0,2026_04_02_NHL_merged.csv,2026_04_02_NHL_final_scores.csv,total
total,2025021194,2026-04-02,over,under,0.36961898724401177,0.3763982533045171,2.05,1.8,105.0,-125.0,6.5,6.5,0.0,False,1.0,7.0,3.0,2026_04_02_NHL_merged.csv,2026_04_02_NHL_final_scores.csv,total
total,2025021195,2026-04-02,over,under,0.44336110335278356,0.4505262587697026,2.0,1.83,100.0,-120.0,6.5,6.5,0.0,False,0.0,2.0,3.0,2026_04_02_NHL_merged.csv,2026_04_02_NHL_final_scores.csv,total
total,2025021196,2026-04-02,over,under,0.5050151278750382,0.49776842666849846,1.8,2.05,-125.0,105.0,5.5,5.5,0.0,False,1.0,2.0,4.0,2026_04_02_NHL_merged.csv,2026_04_02_NHL_final_scores.csv,total
total,2025021197,2026-04-02,over,under,0.457671134899464,0.46487441530131074,1.95,1.87,-105.0,-115.0,6.5,6.5,0.0,False,0.0,5.0,1.0,2026_04_02_NHL_merged.csv,2026_04_02_NHL_final_scores.csv,total
total,2025021198,2026-04-02,over,under,0.5117092015348796,0.5044643399075085,1.83,2.0,-120.0,100.0,5.5,5.5,0.0,False,0.0,3.0,0.0,2026_04_02_NHL_merged.csv,2026_04_02_NHL_final_scores.csv,total
total,2025021199,2026-04-02,over,under,0.42098155167208096,0.4280631650902784,1.91,1.91,-110.0,-110.0,6.5,6.5,0.0,False,1.0,5.0,2.0,2026_04_02_NHL_merged.csv,2026_04_02_NHL_final_scores.csv,total
total,2025021200,2026-04-02,over,under,0.4891605790710861,0.4964058266433208,1.89,1.93,-112.0,-108.0,6.5,6.5,0.0,False,0.0,3.0,1.0,2026_04_02_NHL_merged.csv,2026_04_02_NHL_final_scores.csv,total
total,2025021201,2026-04-02,over,under,0.5216853128418241,0.514448017473095,1.7,2.2,-143.0,120.0,5.5,5.5,0.0,False,1.0,6.0,3.0,2026_04_02_NHL_merged.csv,2026_04_02_NHL_final_scores.csv,total
total,2025021202,2026-04-02,over,under,0.4640063738283797,0.4712227274982735,2.0,1.83,100.0,-120.0,6.5,6.5,0.0,False,0.0,4.0,1.0,2026_04_02_NHL_merged.csv,2026_04_02_NHL_final_scores.csv,total
total,2025021203,2026-04-02,over,under,0.3712223596047519,0.37801339883204915,2.14,1.74,114.0,-135.0,6.5,6.5,0.0,False,1.0,2.0,6.0,2026_04_02_NHL_merged.csv,2026_04_02_NHL_final_scores.csv,total
total,2025021204,2026-04-02,over,under,0.5266428286013923,0.5194114423907409,1.8,2.05,-125.0,105.0,5.5,5.5,0.0,False,1.0,4.0,5.0,2026_04_02_NHL_merged.csv,2026_04_02_NHL_final_scores.csv,total
total,2025021205,2026-04-03,over,under,0.4881390616244967,0.4808992515607333,1.8,2.05,-125.0,105.0,5.5,5.5,0.0,False,0.0,1.0,4.0,2026_04_03_NHL_merged.csv,2026_04_03_NHL_final_scores.csv,total
total,2025021206,2026-04-03,over,under,0.4129643635027249,0.42000894110489817,2.1,1.77,110.0,-130.0,6.5,6.5,0.0,False,1.0,2.0,6.0,2026_04_03_NHL_merged.csv,2026_04_03_NHL_final_scores.csv,total
total,2025021207,2026-04-04,over,under,0.37924441145842813,0.3860920921409482,2.1,1.77,110.0,-130.0,6.5,6.5,0.0,False,0.0,4.0,1.0,2026_04_04_NHL_merged.csv,2026_04_04_NHL_final_scores.csv,total
total,2025021208,2026-04-04,over,under,0.560723679391425,0.5535715942991557,1.74,2.14,-135.0,114.0,5.5,5.5,0.0,False,0.0,1.0,4.0,2026_04_04_NHL_merged.csv,2026_04_04_NHL_final_scores.csv,total
total,2025021209,2026-04-04,over,under,0.4257867694114771,0.432888782737803,2.14,1.74,114.0,-135.0,6.5,6.5,0.0,False,0.0,0.0,2.0,2026_04_04_NHL_merged.csv,2026_04_04_NHL_final_scores.csv,total
total,2025021210,2026-04-04,over,under,0.44176687300635453,0.4489270429195253,2.1,1.77,110.0,-130.0,6.5,6.5,0.0,False,0.0,3.0,1.0,2026_04_04_NHL_merged.csv,2026_04_04_NHL_final_scores.csv,total
total,2025021211,2026-04-04,over,under,0.43378480895699234,0.44091779041220686,1.95,1.87,-105.0,-115.0,6.5,6.5,0.0,False,1.0,9.0,4.0,2026_04_04_NHL_merged.csv,2026_04_04_NHL_final_scores.csv,total
total,2025021212,2026-04-04,over,under,0.42258376583394885,0.42967233095583074,2.0,1.83,100.0,-120.0,6.5,6.5,0.0,False,1.0,3.0,4.0,2026_04_04_NHL_merged.csv,2026_04_04_NHL_final_scores.csv,total
total,2025021213,2026-04-04,over,under,0.44017188332917234,0.447326917203289,2.0,1.83,100.0,-120.0,6.5,6.5,0.0,False,1.0,6.0,2.0,2026_04_04_NHL_merged.csv,2026_04_04_NHL_final_scores.csv,total
total,2025021214,2026-04-04,over,under,0.4001218586364651,0.40709928615442914,2.05,1.8,105.0,-125.0,6.5,6.5,0.0,False,1.0,4.0,3.0,2026_04_04_NHL_merged.csv,2026_04_04_NHL_final_scores.csv,total
total,2025021215,2026-04-04,over,under,0.3808496657030166,0.3877082279587407,2.14,1.74,114.0,-135.0,6.5,6.5,0.0,False,0.0,1.0,2.0,2026_04_04_NHL_merged.csv,2026_04_04_NHL_final_scores.csv,total
total,2025021216,2026-04-04,over,under,0.4081500724881062,0.4151706065856137,2.02,1.82,102.0,-122.0,6.5,6.5,0.0,False,1.0,4.0,7.0,2026_04_04_NHL_merged.csv,2026_04_04_NHL_final_scores.csv,total
total,2025021217,2026-04-04,over,under,0.5233401306016411,0.5161046489961589,1.74,2.14,-135.0,114.0,5.5,5.5,0.0,False,1.0,7.0,6.0,2026_04_04_NHL_merged.csv,2026_04_04_NHL_final_scores.csv,total
total,2025021218,2026-04-04,over,under,0.5650803099261226,0.5721905075896686,2.0,1.83,100.0,-120.0,6.5,6.5,0.0,False,0.0,1.0,5.0,2026_04_04_NHL_merged.csv,2026_04_04_NHL_final_scores.csv,total
total,2025021219,2026-04-04,over,under,0.45608479106093913,0.4632844324574624,1.95,1.87,-105.0,-115.0,6.5,6.5,0.0,False,1.0,3.0,5.0,2026_04_04_NHL_merged.csv,2026_04_04_NHL_final_scores.csv,total
total,2025021220,2026-04-04,over,under,0.457671134899464,0.46487441530131074,2.0,1.83,100.0,-120.0,6.5,6.5,0.0,False,1.0,3.0,6.0,2026_04_04_NHL_merged.csv,2026_04_04_NHL_final_scores.csv,total
total,2025021221,2026-04-04,over,under,0.5446354353788062,0.5374374944763552,1.77,2.1,-130.0,110.0,5.5,5.5,0.0,False,1.0,2.0,4.0,2026_04_04_NHL_merged.csv,2026_04_04_NHL_final_scores.csv,total
total,2025021222,2026-04-05,over,under,0.5478742088489957,0.5406842879242699,1.74,2.14,-135.0,114.0,5.5,5.5,0.0,False,1.0,4.0,5.0,2026_04_05_NHL_merged.csv,2026_04_05_NHL_final_scores.csv,total
total,2025021223,2026-04-05,over,under,0.42898770731972924,0.4361025622893458,1.82,2.02,-122.0,102.0,6.5,6.5,0.0,False,1.0,5.0,2.0,2026_04_05_NHL_merged.csv,2026_04_05_NHL_final_scores.csv,total
total,2025021224,2026-04-05,over,under,0.5315792166968157,0.524355133103365,1.74,2.14,-135.0,114.0,5.5,5.5,0.0,False,0.0,2.0,1.0,2026_04_05_NHL_merged.csv,2026_04_05_NHL_final_scores.csv,total
total,2025021225,2026-04-05,over,under,0.457671134899464,0.46487441530131074,2.05,1.8,105.0,-125.0,6.5,6.5,0.0,False,1.0,6.0,3.0,2026_04_05_NHL_merged.csv,2026_04_05_NHL_final_scores.csv,total
total,2025021226,2026-04-05,over,under,0.4481390020756848,0.4553182124498473,1.95,1.87,-105.0,-115.0,6.5,6.5,0.0,False,0.0,0.0,3.0,2026_04_05_NHL_merged.csv,2026_04_05_NHL_final_scores.csv,total
total,2025021227,2026-04-05,over,under,0.5478742088489957,0.5406842879242699,1.77,2.1,-130.0,110.0,5.5,5.5,0.0,False,1.0,8.0,1.0,2026_04_05_NHL_merged.csv,2026_04_05_NHL_final_scores.csv,total
total,2025021228,2026-04-05,over,under,0.42898770731972924,0.4361025622893458,2.14,1.74,114.0,-135.0,6.5,6.5,0.0,False,0.0,2.0,3.0,2026_04_05_NHL_merged.csv,2026_04_05_NHL_final_scores.csv,total
total,2025021229,2026-04-06,over,under,0.475050597600955,0.48228416283137954,1.93,1.89,-108.0,-112.0,6.5,6.5,0.0,False,0.0,4.0,2.0,2026_04_06_NHL_merged.csv,2026_04_06_NHL_final_scores.csv,total
total,2025021230,2026-04-06,over,under,0.5100388542862305,0.5027932902698247,1.83,2.0,-120.0,100.0,5.5,5.5,0.0,False,1.0,6.0,2.0,2026_04_06_NHL_merged.csv,2026_04_06_NHL_final_scores.csv,total
total,2025021231,2026-04-06,over,under,0.4273875089726008,0.4344960189076929,2.0,1.83,100.0,-120.0,6.5,6.5,0.0,False,0.0,3.0,2.0,2026_04_06_NHL_merged.csv,2026_04_06_NHL_final_scores.csv,total
total,2025021232,2026-04-06,over,under,0.516707241526556,0.509465448527562,1.77,2.1,-130.0,110.0,5.5,5.5,0.0,False,0.0,3.0,2.0,2026_04_06_NHL_merged.csv,2026_04_06_NHL_final_scores.csv,total
total,2025021233,2026-04-07,over,under,0.44972995932603554,0.45691355476503676,1.91,1.91,-110.0,-110.0,6.5,6.5,0.0,False,1.0,4.0,3.0,2026_04_07_NHL_merged.csv,2026_04_07_NHL_final_scores.csv,total
total,2025021234,2026-04-07,over,under,0.43697972129157814,0.44412403088152164,1.95,1.87,-105.0,-115.0,6.5,6.5,0.0,False,1.0,6.0,2.0,2026_04_07_NHL_merged.csv,2026_04_07_NHL_final_scores.csv,total
total,2025021235,2026-04-07,over,under,0.4033336471871902,0.4103287720986839,2.14,1.74,114.0,-135.0,6.5,6.5,0.0,False,1.0,3.0,4.0,2026_04_07_NHL_merged.csv,2026_04_07_NHL_final_scores.csv,total
total,2025021236,2026-04-07,over,under,0.5100388542862305,0.5027932902698247,1.74,2.14,-135.0,114.0,5.5,5.5,0.0,False,1.0,1.0,5.0,2026_04_07_NHL_merged.csv,2026_04_07_NHL_final_scores.csv,total
total,2025021237,2026-04-07,over,under,0.44017188332917234,0.447326917203289,2.05,1.8,105.0,-125.0,6.5,6.5,0.0,False,1.0,6.0,5.0,2026_04_07_NHL_merged.csv,2026_04_07_NHL_final_scores.csv,total
total,2025021238,2026-04-07,over,under,0.3985157916544557,0.40548414333882205,2.1,1.77,110.0,-130.0,6.5,6.5,0.0,False,0.0,1.0,3.0,2026_04_07_NHL_merged.csv,2026_04_07_NHL_final_scores.csv,total
total,2025021239,2026-04-07,over,under,0.5033364008980014,0.4960896459267306,1.83,2.0,-120.0,100.0,5.5,5.5,0.0,False,1.0,4.0,3.0,2026_04_07_NHL_merged.csv,2026_04_07_NHL_final_scores.csv,total
total,2025021240,2026-04-07,over,under,0.5527127916806752,0.545535989626622,1.7,2.2,-143.0,120.0,5.5,5.5,0.0,False,1.0,5.0,2.0,2026_04_07_NHL_merged.csv,2026_04_07_NHL_final_scores.csv,total
total,2025021241,2026-04-07,over,under,0.5352848222265388,0.5424877447621697,1.95,1.87,-105.0,-115.0,6.5,6.5,0.0,False,1.0,6.0,5.0,2026_04_07_NHL_merged.csv,2026_04_07_NHL_final_scores.csv,total
total,2025021242,2026-04-07,over,under,0.4465471914090866,0.45372186688179644,1.95,1.87,-105.0,-115.0,6.5,6.5,0.0,False,0.0,1.0,2.0,2026_04_07_NHL_merged.csv,2026_04_07_NHL_final_scores.csv,total
total,2025021243,2026-04-07,over,under,0.49539566224698395,0.5026423917097059,1.91,1.91,-110.0,-110.0,6.5,6.5,0.0,False,0.0,0.0,5.0,2026_04_07_NHL_merged.csv,2026_04_07_NHL_final_scores.csv,total
total,2025021244,2026-04-08,over,under,0.4273875089726008,0.4344960189076929,2.1,1.77,110.0,-130.0,6.5,6.5,0.0,False,1.0,3.0,5.0,2026_04_08_NHL_merged.csv,2026_04_08_NHL_final_scores.csv,total
total,2025021245,2026-04-08,over,under,0.4001218586364651,0.40709928615442914,1.95,1.87,-105.0,-115.0,6.5,6.5,0.0,False,0.0,0.0,4.0,2026_04_08_NHL_merged.csv,2026_04_08_NHL_final_scores.csv,total
total,2025021246,2026-04-08,over,under,0.5996269282711498,0.6065655717328541,1.87,1.95,-115.0,-105.0,6.5,6.5,0.0,False,1.0,2.0,5.0,2026_04_08_NHL_merged.csv,2026_04_08_NHL_final_scores.csv,total
total,2025021247,2026-04-09,over,under,0.4640063738283797,0.4712227274982735,2.05,1.8,105.0,-125.0,6.5,6.5,0.0,False,0.0,5.0,0.0,2026_04_09_NHL_merged.csv,2026_04_09_NHL_final_scores.csv,total
total,2025021248,2026-04-09,over,under,0.4608408265801034,0.46805093965852324,1.95,1.87,-105.0,-115.0,6.5,6.5,0.0,False,0.0,2.0,1.0,2026_04_09_NHL_merged.csv,2026_04_09_NHL_final_scores.csv,total
total,2025021249,2026-04-09,over,under,0.40172781926737866,0.4087141712249523,1.98,1.85,-102.0,-118.0,6.5,6.5,0.0,False,0.0,5.0,1.0,2026_04_09_NHL_merged.csv,2026_04_09_NHL_final_scores.csv,total
total,2025021250,2026-04-09,over,under,0.34085601996121806,0.34739846588879836,2.1,1.77,110.0,-130.0,6.5,6.5,0.0,False,1.0,6.0,3.0,2026_04_09_NHL_merged.csv,2026_04_09_NHL_final_scores.csv,total
total,2025021251,2026-04-09,over,under,0.44336110335278356,0.4505262587697026,1.91,1.91,-110.0,-110.0,6.5,6.5,0.0,False,1.0,2.0,5.0,2026_04_09_NHL_merged.csv,2026_04_09_NHL_final_scores.csv,total
total,2025021252,2026-04-09,over,under,0.3872725784418988,0.39417317016191866,2.0,1.83,100.0,-120.0,6.5,6.5,0.0,False,1.0,5.0,3.0,2026_04_09_NHL_merged.csv,2026_04_09_NHL_final_scores.csv,total
total,2025021253,2026-04-09,over,under,0.49660136013371536,0.48935603187326354,1.93,1.89,-108.0,-112.0,5.5,5.5,0.0,False,0.0,2.0,3.0,2026_04_09_NHL_merged.csv,2026_04_09_NHL_final_scores.csv,total
total,2025021254,2026-04-09,over,under,0.37603466387672957,0.3828601339384759,2.14,1.74,114.0,-135.0,6.5,6.5,0.0,False,1.0,5.0,4.0,2026_04_09_NHL_merged.csv,2026_04_09_NHL_final_scores.csv,total
total,2025021255,2026-04-09,over,under,0.4161723609925141,0.4232322084499791,2.05,1.8,105.0,-125.0,6.5,6.5,0.0,False,1.0,2.0,7.0,2026_04_09_NHL_merged.csv,2026_04_09_NHL_final_scores.csv,total
total,2025021256,2026-04-09,over,under,0.4177758240149515,0.4248430786256884,2.05,1.8,105.0,-125.0,6.5,6.5,0.0,False,0.0,3.0,1.0,2026_04_09_NHL_merged.csv,2026_04_09_NHL_final_scores.csv,total
total,2025021257,2026-04-09,over,under,0.3936972175874087,0.4006374344806737,2.1,1.77,110.0,-130.0,6.5,6.5,0.0,False,0.0,4.0,1.0,2026_04_09_NHL_merged.csv,2026_04_09_NHL_final_scores.csv,total
total,2025021258,2026-04-09,over,under,0.512414706597171,0.5196540109803659,1.83,2.0,-120.0,100.0,6.5,6.5,0.0,False,1.0,6.0,1.0,2026_04_09_NHL_merged.csv,2026_04_09_NHL_final_scores.csv,total
total,2025021259,2026-04-09,over,under,0.4081500724881062,0.4151706065856137,2.14,1.74,114.0,-135.0,6.5,6.5,0.0,False,1.0,4.0,3.0,2026_04_09_NHL_merged.csv,2026_04_09_NHL_final_scores.csv,total
total,2025021260,2026-04-09,over,under,0.3824551368959408,0.38932443125602856,2.14,1.74,114.0,-135.0,6.5,6.5,0.0,False,0.0,4.0,1.0,2026_04_09_NHL_merged.csv,2026_04_09_NHL_final_scores.csv,total
total,2025021261,2026-04-11,over,under,0.6027453809018116,0.5957842617847529,1.74,2.14,-135.0,114.0,5.5,5.5,0.0,False,0.0,1.0,2.0,2026_04_11_NHL_merged.csv,2026_04_11_NHL_final_scores.csv,total
total,2025021262,2026-04-11,over,under,0.3600083695800176,0.3667139076268691,2.14,1.74,114.0,-135.0,6.5,6.5,0.0,False,0.0,0.0,3.0,2026_04_11_NHL_merged.csv,2026_04_11_NHL_final_scores.csv,total
total,2025021263,2026-04-11,over,under,0.4321863818176488,0.4393134724551055,1.95,1.87,-105.0,-115.0,6.5,6.5,0.0,False,1.0,3.0,6.0,2026_04_11_NHL_merged.csv,2026_04_11_NHL_final_scores.csv,total
total,2025021264,2026-04-11,over,under,0.4624241294328426,0.4696374366864903,2.0,1.83,100.0,-120.0,6.5,6.5,0.0,False,0.0,1.0,0.0,2026_04_11_NHL_merged.csv,2026_04_11_NHL_final_scores.csv,total
total,2025021265,2026-04-11,over,under,0.36961898724401177,0.3763982533045171,2.02,1.82,102.0,-122.0,6.5,6.5,0.0,False,1.0,3.0,5.0,2026_04_11_NHL_merged.csv,2026_04_11_NHL_final_scores.csv,total
total,2025021266,2026-04-11,over,under,0.4932220943803114,0.48597847225253504,1.74,2.14,-135.0,114.0,5.5,5.5,0.0,False,1.0,3.0,5.0,2026_04_11_NHL_merged.csv,2026_04_11_NHL_final_scores.csv,total
total,2025021267,2026-04-11,over,under,0.4081500724881062,0.4151706065856137,2.1,1.77,110.0,-130.0,6.5,6.5,0.0,False,0.0,2.0,1.0,2026_04_11_NHL_merged.csv,2026_04_11_NHL_final_scores.csv,total
total,2025021268,2026-04-11,over,under,0.5183688466593044,0.5111283949427904,1.8,2.05,-125.0,105.0,5.5,5.5,0.0,False,0.0,2.0,0.0,2026_04_11_NHL_merged.csv,2026_04_11_NHL_final_scores.csv,total
total,2025021269,2026-04-11,over,under,0.4065447999220445,0.4135570159693512,1.95,1.87,-105.0,-115.0,6.5,6.5,0.0,False,0.0,1.0,4.0,2026_04_11_NHL_merged.csv,2026_04_11_NHL_final_scores.csv,total
total,2025021270,2026-04-11,over,under,0.42898770731972924,0.4361025622893458,1.83,2.0,-120.0,100.0,6.5,6.5,0.0,False,1.0,2.0,6.0,2026_04_11_NHL_merged.csv,2026_04_11_NHL_final_scores.csv,total
total,2025021271,2026-04-11,over,under,0.45449747874309254,0.46169333236749166,2.1,1.77,110.0,-130.0,6.5,6.5,0.0,False,1.0,2.0,5.0,2026_04_11_NHL_merged.csv,2026_04_11_NHL_final_scores.csv,total
total,2025021272,2026-04-11,over,under,0.4830396651122706,0.47580518256752286,1.87,1.95,-115.0,-105.0,5.5,5.5,0.0,False,1.0,1.0,7.0,2026_04_11_NHL_merged.csv,2026_04_11_NHL_final_scores.csv,total
total,2025021273,2026-04-11,over,under,0.35680917146758595,0.3634889648523218,2.14,1.74,114.0,-135.0,6.5,6.5,0.0,False,0.0,4.0,1.0,2026_04_11_NHL_merged.csv,2026_04_11_NHL_final_scores.csv,total
total,2025021274,2026-04-11,over,under,0.47190094596579835,0.4791303251506892,2.14,1.74,114.0,-135.0,6.5,6.5,0.0,False,0.0,2.0,3.0,2026_04_11_NHL_merged.csv,2026_04_11_NHL_final_scores.csv,total
total,2025021275,2026-04-11,over,under,0.475050597600955,0.48228416283137954,1.87,1.95,-115.0,-105.0,6.5,6.5,0.0,False,1.0,3.0,4.0,2026_04_11_NHL_merged.csv,2026_04_11_NHL_final_scores.csv,total
total,2025021276,2026-04-12,over,under,0.4624241294328426,0.4696374366864903,1.82,2.02,-122.0,102.0,6.5,6.5,0.0,False,0.0,3.0,0.0,2026_04_12_NHL_merged.csv,2026_04_12_NHL_final_scores.csv,total
total,2025021277,2026-04-12,over,under,0.4257867694114771,0.432888782737803,2.1,1.77,110.0,-130.0,6.5,6.5,0.0,False,0.0,1.0,4.0,2026_04_12_NHL_merged.csv,2026_04_12_NHL_final_scores.csv,total
total,2025021278,2026-04-12,over,under,0.43697972129157814,0.44412403088152164,2.0,1.83,100.0,-120.0,6.5,6.5,0.0,False,0.0,2.0,3.0,2026_04_12_NHL_merged.csv,2026_04_12_NHL_final_scores.csv,total
total,2025021279,2026-04-12,over,under,0.4097551078467234,0.41678380824526506,2.1,1.77,110.0,-130.0,6.5,6.5,0.0,False,1.0,4.0,3.0,2026_04_12_NHL_merged.csv,2026_04_12_NHL_final_scores.csv,total
total,2025021280,2026-04-12,over,under,0.49383909119569613,0.5010856618816046,1.77,2.1,-130.0,110.0,6.5,6.5,0.0,False,1.0,3.0,4.0,2026_04_12_NHL_merged.csv,2026_04_12_NHL_final_scores.csv,total
total,2025021281,2026-04-12,over,under,0.516707241526556,0.509465448527562,1.74,2.14,-135.0,114.0,5.5,5.5,0.0,False,0.0,4.0,1.0,2026_04_12_NHL_merged.csv,2026_04_12_NHL_final_scores.csv,total
total,2025021282,2026-04-13,over,under,0.4129643635027249,0.42000894110489817,2.05,1.8,105.0,-125.0,6.5,6.5,0.0,False,1.0,4.0,3.0,2026_04_13_NHL_merged.csv,2026_04_13_NHL_final_scores.csv,total
total,2025021283,2026-04-13,over,under,0.3920909906423935,0.39902152725222956,2.14,1.74,114.0,-135.0,6.5,6.5,0.0,False,0.0,3.0,2.0,2026_04_13_NHL_merged.csv,2026_04_13_NHL_final_scores.csv,total
total,2025021284,2026-04-13,over,under,0.5332198876003772,0.5259985446650597,1.74,2.14,-135.0,114.0,5.5,5.5,0.0,False,0.0,3.0,2.0,2026_04_13_NHL_merged.csv,2026_04_13_NHL_final_scores.csv,total
total,2025021285,2026-04-13,over,under,0.3904847905197316,0.3974054960678576,2.1,1.77,110.0,-130.0,6.5,6.5,0.0,False,1.0,5.0,6.0,2026_04_13_NHL_merged.csv,2026_04_13_NHL_final_scores.csv,total
total,2025021286,2026-04-13,over,under,0.5133773967717443,0.5061333981891685,1.74,2.14,-135.0,114.0,5.5,5.5,0.0,False,1.0,6.0,3.0,2026_04_13_NHL_merged.csv,2026_04_13_NHL_final_scores.csv,total
total,2025021287,2026-04-13,over,under,0.4513200399197346,0.45850787078367966,1.95,1.87,-105.0,-115.0,6.5,6.5,0.0,False,0.0,2.0,3.0,2026_04_13_NHL_merged.csv,2026_04_13_NHL_final_scores.csv,total
total,2025021288,2026-04-13,over,under,0.42898770731972924,0.4361025622893458,2.02,1.82,102.0,-122.0,6.5,6.5,0.0,False,0.0,1.0,5.0,2026_04_13_NHL_merged.csv,2026_04_13_NHL_final_scores.csv,total
total,2025021289,2026-04-13,over,under,0.6038443560344536,0.6107573552740331,1.87,1.95,-115.0,-105.0,6.5,6.5,0.0,False,0.0,1.0,2.0,2026_04_13_NHL_merged.csv,2026_04_13_NHL_final_scores.csv,total
total,2025021290,2026-04-13,over,under,0.534858128655981,0.5276396784376329,1.77,2.1,-130.0,110.0,5.5,5.5,0.0,False,1.0,6.0,2.0,2026_04_13_NHL_merged.csv,2026_04_13_NHL_final_scores.csv,total
total,2025021291,2026-04-13,over,under,0.5050151278750382,0.49776842666849846,1.8,2.05,-125.0,105.0,5.5,5.5,0.0,False,1.0,3.0,5.0,2026_04_13_NHL_merged.csv,2026_04_13_NHL_final_scores.csv,total
total,2025021292,2026-04-14,over,under,0.4065447999220445,0.4135570159693512,2.1,1.77,110.0,-130.0,6.5,6.5,0.0,False,0.0,4.0,0.0,2026_04_14_NHL_merged.csv,2026_04_14_NHL_final_scores.csv,total
total,2025021293,2026-04-14,over,under,0.3936972175874087,0.4006374344806737,1.91,1.91,-110.0,-110.0,6.5,6.5,0.0,False,0.0,1.0,2.0,2026_04_14_NHL_merged.csv,2026_04_14_NHL_final_scores.csv,total
total,2025021294,2026-04-14,over,under,0.396909644774064,0.40386876933296917,2.1,1.77,110.0,-130.0,6.5,6.5,0.0,False,0.0,4.0,2.0,2026_04_14_NHL_merged.csv,2026_04_14_NHL_final_scores.csv,total
total,2025021295,2026-04-14,over,under,0.4161723609925141,0.4232322084499791,1.95,1.87,-105.0,-115.0,6.5,6.5,0.0,False,0.0,1.0,2.0,2026_04_14_NHL_merged.csv,2026_04_14_NHL_final_scores.csv,total
total,2025021296,2026-04-14,over,under,0.48603443917456035,0.49327809496662967,1.87,1.95,-115.0,-105.0,6.5,6.5,0.0,False,0.0,3.0,2.0,2026_04_14_NHL_merged.csv,2026_04_14_NHL_final_scores.csv,total
total,2025021297,2026-04-14,over,under,0.35041865302378983,0.3570452220602853,2.14,1.74,114.0,-135.0,6.5,6.5,0.0,False,1.0,5.0,3.0,2026_04_14_NHL_merged.csv,2026_04_14_NHL_final_scores.csv,total
total,2025021298,2026-04-14,over,under,0.41456853232534374,0.4216208207799553,1.93,1.89,-108.0,-112.0,6.5,6.5,0.0,False,0.0,1.0,3.0,2026_04_14_NHL_merged.csv,2026_04_14_NHL_final_scores.csv,total
total,2025021299,2026-04-14,over,under,0.4001218586364651,0.40709928615442914,2.05,1.8,105.0,-125.0,6.5,6.5,0.0,False,1.0,7.0,5.0,2026_04_14_NHL_merged.csv,2026_04_14_NHL_final_scores.csv,total
total,2025021300,2026-04-14,over,under,0.3808496657030166,0.3877082279587407,2.1,1.77,110.0,-130.0,6.5,6.5,0.0,False,1.0,4.0,3.0,2026_04_14_NHL_merged.csv,2026_04_14_NHL_final_scores.csv,total
total,2025021301,2026-04-15,over,under,0.4097551078467234,0.41678380824526506,2.1,1.77,110.0,-130.0,6.5,6.5,0.0,False,1.0,3.0,4.0,2026_04_15_NHL_merged.csv,2026_04_15_NHL_final_scores.csv,total
total,2025021302,2026-04-15,over,under,0.5686659009331669,0.5615420121711661,1.74,2.14,-135.0,114.0,5.5,5.5,0.0,False,1.0,2.0,4.0,2026_04_15_NHL_merged.csv,2026_04_15_NHL_final_scores.csv,total
total,2025021303,2026-04-15,over,under,0.396909644774064,0.40386876933296917,2.1,1.77,110.0,-130.0,6.5,6.5,0.0,False,1.0,8.0,1.0,2026_04_15_NHL_merged.csv,2026_04_15_NHL_final_scores.csv,total
total,2025021304,2026-04-15,over,under,0.41456853232534374,0.4216208207799553,1.95,1.87,-105.0,-115.0,6.5,6.5,0.0,False,0.0,3.0,1.0,2026_04_15_NHL_merged.csv,2026_04_15_NHL_final_scores.csv,total
total,2025021305,2026-04-15,over,under,0.4273875089726008,0.4344960189076929,1.95,1.87,-105.0,-115.0,6.5,6.5,0.0,False,1.0,5.0,2.0,2026_04_15_NHL_merged.csv,2026_04_15_NHL_final_scores.csv,total
total,2025021306,2026-04-15,over,under,0.4385761581209362,0.44572590526838773,2.14,1.74,114.0,-135.0,6.5,6.5,0.0,False,0.0,4.0,1.0,2026_04_15_NHL_merged.csv,2026_04_15_NHL_final_scores.csv,total
total,2025021307,2026-04-16,over,under,0.475050597600955,0.48228416283137954,1.98,1.85,-102.0,-118.0,6.5,6.5,0.0,False,1.0,4.0,5.0,2026_04_16_NHL_merged.csv,2026_04_16_NHL_final_scores.csv,total
total,2025021308,2026-04-16,over,under,0.4081500724881062,0.4151706065856137,2.02,1.82,102.0,-122.0,6.5,6.5,0.0,False,1.0,1.0,6.0,2026_04_16_NHL_merged.csv,2026_04_16_NHL_final_scores.csv,total
total,2025021309,2026-04-16,over,under,0.35361252294380985,0.36026599225241507,2.14,1.74,114.0,-135.0,6.5,6.5,0.0,False,1.0,3.0,5.0,2026_04_16_NHL_merged.csv,2026_04_16_NHL_final_scores.csv,total
total,2025021310,2026-04-16,over,under,0.4864410474414713,0.47920284418492204,1.77,2.1,-130.0,110.0,5.5,5.5,0.0,False,0.0,3.0,1.0,2026_04_16_NHL_merged.csv,2026_04_16_NHL_final_scores.csv,total
total,2025021311,2026-04-16,over,under,0.5216122678566396,0.5288405777032928,1.89,1.93,-112.0,-108.0,6.5,6.5,0.0,False,1.0,6.0,1.0,2026_04_16_NHL_merged.csv,2026_04_16_NHL_final_scores.csv,total
total,2025021312,2026-04-16,over,under,0.4385761581209362,0.44572590526838773,2.14,1.74,114.0,-135.0,6.5,6.5,0.0,False,0.0,2.0,0.0,2026_04_16_NHL_merged.csv,2026_04_16_NHL_final_scores.csv,total
total,2025030131,2026-04-18,over,under,0.44176687300635453,0.4489270429195253,2.14,1.74,114.0,-135.0,6.5,6.5,0.0,False,0.0,2.0,0.0,2026_04_18_NHL_merged.csv,2026_04_18_NHL_final_scores.csv,total
total,2025030141,2026-04-18,over,under,0.396909644774064,0.40386876933296917,2.1,1.77,110.0,-130.0,6.5,6.5,0.0,False,0.0,2.0,3.0,2026_04_18_NHL_merged.csv,2026_04_18_NHL_final_scores.csv,total
total,2025030161,2026-04-18,over,under,0.5430121891283849,0.5358104582937444,1.8,2.05,-125.0,105.0,5.5,5.5,0.0,False,1.0,1.0,6.0,2026_04_18_NHL_merged.csv,2026_04_18_NHL_final_scores.csv,total
total,2025030111,2026-04-19,over,under,0.4640063738283797,0.4712227274982735,2.14,1.74,114.0,-135.0,6.5,6.5,0.0,False,1.0,4.0,3.0,2026_04_19_NHL_merged.csv,2026_04_19_NHL_final_scores.csv,total
total,2025030121,2026-04-19,over,under,0.45449747874309254,0.46169333236749166,2.14,1.74,114.0,-135.0,6.5,6.5,0.0,False,1.0,3.0,4.0,2026_04_19_NHL_merged.csv,2026_04_19_NHL_final_scores.csv,total
total,2025030151,2026-04-19,over,under,0.5494896985828706,0.5423040061920095,1.77,2.1,-130.0,110.0,5.5,5.5,0.0,False,0.0,2.0,1.0,2026_04_19_NHL_merged.csv,2026_04_19_NHL_final_scores.csv,total
total,2025030171,2026-04-19,over,under,0.3920909906423935,0.39902152725222956,2.14,1.74,114.0,-135.0,6.5,6.5,0.0,False,0.0,4.0,2.0,2026_04_19_NHL_merged.csv,2026_04_19_NHL_final_scores.csv,total
total,2025030132,2026-04-20,over,under,0.5718230918727744,0.5647114331832305,1.8,2.05,-125.0,105.0,5.5,5.5,0.0,False,0.0,3.0,2.0,2026_04_20_NHL_merged.csv,2026_04_20_NHL_final_scores.csv,total
total,2025030142,2026-04-20,over,under,0.3953034445398602,0.4022531907940317,2.14,1.74,114.0,-135.0,6.5,6.5,0.0,False,0.0,0.0,3.0,2026_04_20_NHL_merged.csv,2026_04_20_NHL_final_scores.csv,total
total,2025030162,2026-04-20,over,under,0.5332198876003772,0.5259985446650597,1.77,2.1,-130.0,110.0,5.5,5.5,0.0,False,1.0,4.0,2.0,2026_04_20_NHL_merged.csv,2026_04_20_NHL_final_scores.csv,total
total,2025030181,2026-04-20,over,under,0.5322598384047844,0.5394693087374853,1.74,2.14,-135.0,114.0,6.5,6.5,0.0,False,1.0,4.0,3.0,2026_04_20_NHL_merged.csv,2026_04_20_NHL_final_scores.csv,total
total,2025030112,2026-04-21,over,under,0.43538259686070013,0.44252131792819727,2.05,1.8,105.0,-125.0,6.5,6.5,0.0,False,0.0,2.0,4.0,2026_04_21_NHL_merged.csv,2026_04_21_NHL_final_scores.csv,total
total,2025030122,2026-04-21,over,under,0.5997080251822161,0.592729645176314,1.77,2.1,-130.0,110.0,5.5,5.5,0.0,False,0.0,3.0,2.0,2026_04_21_NHL_merged.csv,2026_04_21_NHL_final_scores.csv,total
total,2025030152,2026-04-21,over,under,0.5332198876003772,0.5259985446650597,1.8,2.05,-125.0,105.0,5.5,5.5,0.0,False,0.0,2.0,1.0,2026_04_21_NHL_merged.csv,2026_04_21_NHL_final_scores.csv,total
total,2025030172,2026-04-21,over,under,0.3953034445398602,0.4022531907940317,2.14,1.74,114.0,-135.0,6.5,6.5,0.0,False,0.0,2.0,3.0,2026_04_21_NHL_merged.csv,2026_04_21_NHL_final_scores.csv,total
total,2025030143,2026-04-22,over,under,0.5511025656248075,0.5439212464473843,1.82,2.02,-122.0,102.0,5.5,5.5,0.0,False,1.0,5.0,2.0,2026_04_22_NHL_merged.csv,2026_04_22_NHL_final_scores.csv,total
total,2025030163,2026-04-22,over,under,0.5315792166968157,0.524355133103365,1.77,2.1,-130.0,110.0,5.5,5.5,0.0,False,1.0,3.0,4.0,2026_04_22_NHL_merged.csv,2026_04_22_NHL_final_scores.csv,total
total,2025030182,2026-04-22,over,under,0.5825286747854782,0.589560810003961,1.7,2.2,-143.0,120.0,6.5,6.5,0.0,False,1.0,4.0,6.0,2026_04_22_NHL_merged.csv,2026_04_22_NHL_final_scores.csv,total
total,2025030113,2026-04-23,over,under,0.43538259686070013,0.44252131792819727,2.14,1.74,114.0,-135.0,6.5,6.5,0.0,False,0.0,1.0,3.0,2026_04_23_NHL_merged.csv,2026_04_23_NHL_final_scores.csv,total
total,2025030133,2026-04-23,over,under,0.5812254620754627,0.5741536697883075,1.82,2.02,-122.0,102.0,5.5,5.5,0.0,False,0.0,1.0,2.0,2026_04_23_NHL_merged.csv,2026_04_23_NHL_final_scores.csv,total
total,2025030153,2026-04-23,over,under,0.5430121891283849,0.5358104582937444,1.87,1.95,-115.0,-105.0,5.5,5.5,0.0,False,1.0,2.0,4.0,2026_04_23_NHL_merged.csv,2026_04_23_NHL_final_scores.csv,total
total,2025030123,2026-04-24,over,under,0.5997080251822161,0.592729645176314,1.77,2.1,-130.0,110.0,5.5,5.5,0.0,False,0.0,3.0,2.0,2026_04_24_NHL_merged.csv,2026_04_24_NHL_final_scores.csv,total
total,2025030173,2026-04-24,over,under,0.5559252485526245,0.5487579093700281,1.77,2.1,-130.0,110.0,5.5,5.5,0.0,False,1.0,4.0,2.0,2026_04_24_NHL_merged.csv,2026_04_24_NHL_final_scores.csv,total
total,2025030183,2026-04-24,over,under,0.5154875902589275,0.5227237660161103,1.65,2.3,-154.0,130.0,6.5,6.5,0.0,False,1.0,7.0,4.0,2026_04_24_NHL_merged.csv,2026_04_24_NHL_final_scores.csv,total
total,2025030134,2026-04-25,over,under,0.5686659009331669,0.5615420121711661,1.83,2.0,-120.0,100.0,5.5,5.5,0.0,False,1.0,2.0,4.0,2026_04_25_NHL_merged.csv,2026_04_25_NHL_final_scores.csv,total
total,2025030144,2026-04-25,over,under,0.559126926421404,0.5519696163832604,1.82,2.02,-122.0,102.0,5.5,5.5,0.0,False,1.0,2.0,4.0,2026_04_25_NHL_merged.csv,2026_04_25_NHL_final_scores.csv,total
total,2025030164,2026-04-25,over,under,0.5299361362247547,0.5227094647357668,1.74,2.14,-135.0,114.0,5.5,5.5,0.0,False,0.0,3.0,2.0,2026_04_25_NHL_merged.csv,2026_04_25_NHL_final_scores.csv,total
total,2025030114,2026-04-26,over,under,0.5951286166410182,0.5881252320443674,1.77,2.1,-130.0,110.0,5.5,5.5,0.0,False,1.0,1.0,6.0,2026_04_26_NHL_merged.csv,2026_04_26_NHL_final_scores.csv,total
total,2025030124,2026-04-26,over,under,0.5935959659639869,0.5865844865046215,1.77,2.1,-130.0,110.0,5.5,5.5,0.0,False,0.0,2.0,3.0,2026_04_26_NHL_merged.csv,2026_04_26_NHL_final_scores.csv,total
total,2025030154,2026-04-26,over,under,0.5397580726618482,0.5325492058122763,1.85,1.98,-118.0,-102.0,5.5,5.5,0.0,False,1.0,1.0,5.0,2026_04_26_NHL_merged.csv,2026_04_26_NHL_final_scores.csv,total
total,2025030184,2026-04-26,over,under,0.4265994263605304,0.424214672082897,2.3,1.65,130.0,-154.0,7.5,7.5,0.0,False,0.0,4.0,3.0,2026_04_26_NHL_merged.csv,2026_04_26_NHL_final_scores.csv,total
total,2025030145,2026-04-27,over,under,0.559126926421404,0.5519696163832604,1.8,2.05,-125.0,105.0,5.5,5.5,0.0,False,0.0,3.0,2.0,2026_04_27_NHL_merged.csv,2026_04_27_NHL_final_scores.csv,total
total,2025030174,2026-04-27,over,under,0.5575274436745259,0.5503650486745488,1.77,2.1,-130.0,110.0,5.5,5.5,0.0,False,1.0,4.0,5.0,2026_04_27_NHL_merged.csv,2026_04_27_NHL_final_scores.csv,total
total,2025030115,2026-04-28,over,under,0.5889796582813537,0.5819446265383792,1.77,2.1,-130.0,110.0,5.5,5.5,0.0,False,0.0,1.0,2.0,2026_04_28_NHL_merged.csv,2026_04_28_NHL_final_scores.csv,total
total,2025030165,2026-04-28,over,under,0.5299361362247547,0.5227094647357668,1.82,2.02,-122.0,102.0,5.5,5.5,0.0,False,1.0,2.0,4.0,2026_04_28_NHL_merged.csv,2026_04_28_NHL_final_scores.csv,total
total,2025030185,2026-04-28,over,under,0.5231389392311369,0.5303649504559671,1.6,2.4,-167.0,140.0,6.5,6.5,0.0,False,0.0,4.0,1.0,2026_04_28_NHL_merged.csv,2026_04_28_NHL_final_scores.csv,total
total,2025030125,2026-04-29,over,under,0.5997080251822161,0.592729645176314,1.85,1.98,-118.0,-102.0,5.5,5.5,0.0,False,0.0,2.0,3.0,2026_04_29_NHL_merged.csv,2026_04_29_NHL_final_scores.csv,total
total,2025030146,2026-04-29,over,under,0.559126926421404,0.5519696163832604,1.82,2.02,-122.0,102.0,5.5,5.5,0.0,False,0.0,1.0,0.0,2026_04_29_NHL_merged.csv,2026_04_29_NHL_final_scores.csv,total
total,2025030175,2026-04-29,over,under,0.5575274436745259,0.5503650486745488,1.74,2.14,-135.0,114.0,5.5,5.5,0.0,False,1.0,5.0,4.0,2026_04_29_NHL_merged.csv,2026_04_29_NHL_final_scores.csv,total
total,2025030166,2026-04-30,over,under,0.5216853128418241,0.514448017473095,1.85,1.98,-118.0,-102.0,5.5,5.5,0.0,False,1.0,5.0,2.0,2026_04_30_NHL_merged.csv,2026_04_30_NHL_final_scores.csv,total
total,2025030186,2026-04-30,over,under,0.5767503804931216,0.5838103088093429,1.62,2.36,-161.0,136.0,6.5,6.5,0.0,False,1.0,5.0,2.0,2026_04_30_NHL_merged.csv,2026_04_30_NHL_final_scores.csv,total
total,2025030116,2026-05-01,over,under,0.596658185541092,0.5896630163954376,1.82,2.02,-122.0,102.0,5.5,5.5,0.0,False,0.0,1.0,4.0,2026_05_01_NHL_merged.csv,2026_05_01_NHL_final_scores.csv,total
total,2025030126,2026-05-01,over,under,0.5951286166410182,0.5881252320443674,1.89,1.93,-112.0,-108.0,5.5,5.5,0.0,False,0.0,0.0,1.0,2026_05_01_NHL_merged.csv,2026_05_01_NHL_final_scores.csv,total
total,2025030176,2026-05-01,over,under,0.5623176853602883,0.5551709643979804,1.82,2.02,-122.0,102.0,5.5,5.5,0.0,False,1.0,1.0,5.0,2026_05_01_NHL_merged.csv,2026_05_01_NHL_final_scores.csv,total
total,2025030221,2026-05-02,over,under,0.5446354353788062,0.5374374944763552,1.83,2.0,-120.0,100.0,5.5,5.5,0.0,False,0.0,3.0,0.0,2026_05_02_NHL_merged.csv,2026_05_02_NHL_final_scores.csv,total
total,2025030127,2026-05-03,over,under,0.5951286166410182,0.5881252320443674,2.4,1.6,140.0,-167.0,5.5,5.5,0.0,False,0.0,1.0,2.0,2026_05_03_NHL_merged.csv,2026_05_03_NHL_final_scores.csv,total
total,2025030231,2026-05-03,over,under,0.5718230918727744,0.5647114331832305,1.77,2.1,-130.0,110.0,5.5,5.5,0.0,False,1.0,9.0,6.0,2026_05_03_NHL_merged.csv,2026_05_03_NHL_final_scores.csv,total
total,2025030222,2026-05-04,over,under,0.559126926421404,0.5519696163832604,2.0,1.82,100.0,-122.0,5.5,5.5,0.0,False,0.0,3.0,2.0,2026_05_04_NHL_merged.csv,2026_05_04_NHL_final_scores.csv,total
total,2025030241,2026-05-04,over,under,0.6117815444976843,0.604874967275109,1.57,2.38,-175.0,138.0,5.5,5.5,0.0,False,0.0,3.0,1.0,2026_05_04_NHL_merged.csv,2026_05_04_NHL_final_scores.csv,total
total,2025030232,2026-05-05,over,under,0.41135988011377966,0.41839659502391874,1.95,1.87,-105.0,-115.0,6.5,6.5,0.0,False,1.0,5.0,2.0,2026_05_05_NHL_merged.csv,2026_05_05_NHL_final_scores.csv,total
total,2025030211,2026-05-06,over,under,0.6207018628718712,0.6138538155568795,1.78,2.04,-128.0,104.0,5.5,5.5,0.0,False,1.0,4.0,2.0,2026_05_06_NHL_merged.csv,2026_05_06_NHL_final_scores.csv,total
total,2025030242,2026-05-06,over,under,0.4624241294328426,0.4696374366864903,2.0,1.82,100.0,-122.0,6.5,6.5,0.0,False,0.0,1.0,3.0,2026_05_06_NHL_merged.csv,2026_05_06_NHL_final_scores.csv,total
total,2025030223,2026-05-07,over,under,0.5413863951583134,0.5341810220941774,2.2,1.68,120.0,-147.0,5.5,5.5,0.0,False,0.0,1.0,4.0,2026_05_07_NHL_merged.csv,2026_05_07_NHL_final_scores.csv,total
total,2025030212,2026-05-08,over,under,0.6177414465349815,0.6108734581682298,1.78,2.04,-128.0,104.0,5.5,5.5,0.0,False,1.0,1.0,5.0,2026_05_08_NHL_merged.csv,2026_05_08_NHL_final_scores.csv,total
total,2025030243,2026-05-08,over,under,0.6251178270271074,0.6183004791688428,1.68,2.14,-147.0,114.0,5.5,5.5,0.0,False,1.0,2.0,6.0,2026_05_08_NHL_merged.csv,2026_05_08_NHL_final_scores.csv,total
total,2025030224,2026-05-09,over,under,0.5413863951583134,0.5341810220941774,2.18,1.69,118.0,-145.0,5.5,5.5,0.0,False,0.0,2.0,3.0,2026_05_09_NHL_merged.csv,2026_05_09_NHL_final_scores.csv,total
total,2025030233,2026-05-09,over,under,0.5702459197218775,0.563128078851129,1.63,2.24,-159.0,124.0,5.5,5.5,0.0,False,1.0,5.0,1.0,2026_05_09_NHL_merged.csv,2026_05_09_NHL_final_scores.csv,total
total,2025030213,2026-05-10,over,under,0.6177414465349815,0.6108734581682298,1.75,2.1,-133.0,110.0,5.5,5.5,0.0,False,1.0,6.0,2.0,2026_05_10_NHL_merged.csv,2026_05_10_NHL_final_scores.csv,total
total,2025030244,2026-05-10,over,under,0.6192232916891152,0.6123652207176756,1.57,2.38,-175.0,138.0,5.5,5.5,0.0,False,1.0,4.0,3.0,2026_05_10_NHL_merged.csv,2026_05_10_NHL_final_scores.csv,total
total,2025030234,2026-05-11,over,under,0.5702459197218775,0.563128078851129,1.6,2.3,-167.0,130.0,5.5,5.5,0.0,False,1.0,2.0,5.0,2026_05_11_NHL_merged.csv,2026_05_11_NHL_final_scores.csv,total
total,2025030214,2026-05-12,over,under,0.6207018628718712,0.6138538155568795,1.63,2.26,-159.0,126.0,5.5,5.5,0.0,False,0.0,2.0,3.0,2026_05_12_NHL_merged.csv,2026_05_12_NHL_final_scores.csv,total
total,2025030245,2026-05-12,over,under,0.6280452425010727,0.6212488755931977,1.64,2.24,-156.0,124.0,5.5,5.5,0.0,False,0.0,3.0,2.0,2026_05_12_NHL_merged.csv,2026_05_12_NHL_final_scores.csv,total
total,2025030235,2026-05-13,over,under,0.5718230918727744,0.5647114331832305,1.56,2.4,-179.0,140.0,5.5,5.5,0.0,False,1.0,4.0,3.0,2026_05_13_NHL_merged.csv,2026_05_13_NHL_final_scores.csv,total
total,2025030215,2026-05-14,over,under,0.6207018628718712,0.6138538155568795,1.75,2.1,-133.0,110.0,5.5,5.5,0.0,False,1.0,3.0,6.0,2026_05_14_NHL_merged.csv,2026_05_14_NHL_final_scores.csv,total
total,2025030246,2026-05-14,over,under,0.622177149447595,0.6153392311426816,1.64,2.24,-156.0,124.0,5.5,5.5,0.0,False,1.0,1.0,5.0,2026_05_14_NHL_merged.csv,2026_05_14_NHL_final_scores.csv,total
total,2025030216,2026-05-16,over,under,0.6207018628718712,0.6138538155568795,1.6,2.3,-167.0,130.0,5.5,5.5,0.0,False,1.0,3.0,8.0,2026_05_16_NHL_merged.csv,2026_05_16_NHL_final_scores.csv,total
total,2025030217,2026-05-18,over,under,0.6207018628718712,0.6138538155568795,2.0,1.82,100.0,-122.0,5.5,5.5,0.0,False,0.0,2.0,3.0,2026_05_18_NHL_merged.csv,2026_05_18_NHL_final_scores.csv,total
total,2025030321,2026-05-20,over,under,0.5858869614156224,0.5788368471329509,1.6,2.3,-167.0,130.0,5.5,5.5,0.0,False,1.0,2.0,4.0,2026_05_20_NHL_merged.csv,2026_05_20_NHL_final_scores.csv,total
total,2025030311,2026-05-21,over,under,0.622177149447595,0.6153392311426816,1.76,2.08,-132.0,108.0,5.5,5.5,0.0,False,1.0,2.0,6.0,2026_05_21_NHL_merged.csv,2026_05_21_NHL_final_scores.csv,total
total,2025030322,2026-05-22,over,under,0.5981846594153246,0.5911978254277607,1.63,2.26,-159.0,126.0,5.5,5.5,0.0,False,0.0,1.0,3.0,2026_05_22_NHL_merged.csv,2026_05_22_NHL_final_scores.csv,total
total,2025030312,2026-05-23,over,under,0.6132763759904885,0.6063792820644808,1.75,2.1,-133.0,110.0,5.5,5.5,0.0,False,0.0,3.0,2.0,2026_05_23_NHL_merged.csv,2026_05_23_NHL_final_scores.csv,total
total,2025030323,2026-05-24,over,under,0.5981846594153246,0.5911978254277607,1.72,2.12,-139.0,112.0,5.5,5.5,0.0,False,1.0,5.0,3.0,2026_05_24_NHL_merged.csv,2026_05_24_NHL_final_scores.csv,total
total,2025030313,2026-05-25,over,under,0.6207018628718712,0.6138538155568795,1.78,2.04,-128.0,104.0,5.5,5.5,0.0,False,0.0,2.0,3.0,2026_05_25_NHL_merged.csv,2026_05_25_NHL_final_scores.csv,total
total,2025030324,2026-05-26,over,under,0.5889796582813537,0.5819446265383792,1.66,2.2,-152.0,120.0,5.5,5.5,0.0,False,0.0,2.0,1.0,2026_05_26_NHL_merged.csv,2026_05_26_NHL_final_scores.csv,total
total,2025030314,2026-05-27,over,under,0.622177149447595,0.6153392311426816,1.87,1.95,-115.0,-105.0,5.5,5.5,0.0,False,0.0,0.0,4.0,2026_05_27_NHL_merged.csv,2026_05_27_NHL_final_scores.csv,total
total,2025030315,2026-05-29,over,under,0.622177149447595,0.6153392311426816,1.91,1.91,-110.0,-110.0,5.5,5.5,0.0,False,1.0,6.0,1.0,2026_05_29_NHL_merged.csv,2026_05_29_NHL_final_scores.csv,total
total,2025030411,2026-06-02,over,under,0.6057701513759046,0.5988267577854977,1.83,1.98,-120.0,-102.0,5.5,5.5,0.0,False,1.0,4.0,5.0,2026_06_02_NHL_merged.csv,2026_06_02_NHL_final_scores.csv,total
total,2025030412,2026-06-04,over,under,0.6072777862057652,0.6003434273869354,1.76,2.08,-132.0,108.0,5.5,5.5,0.0,False,1.0,4.0,3.0,2026_06_04_NHL_merged.csv,2026_06_04_NHL_final_scores.csv,total
total,2025030413,2026-06-06,over,under,0.5951286166410182,0.5881252320443674,1.81,2.02,-123.0,102.0,5.5,5.5,0.0,False,1.0,5.0,4.0,2026_06_06_NHL_merged.csv,2026_06_06_NHL_final_scores.csv,total
total,2025030414,2026-06-09,over,under,0.6072777862057652,0.6003434273869354,1.72,2.12,-139.0,112.0,5.5,5.5,0.0,False,1.0,3.0,5.0,2026_06_09_NHL_merged.csv,2026_06_09_NHL_final_scores.csv,total
total,2025030415,2026-06-11,over,under,0.4481390020756848,0.4553182124498473,2.12,1.72,112.0,-139.0,6.5,6.5,0.0,False,0.0,4.0,2.0,2026_06_11_NHL_merged.csv,2026_06_11_NHL_final_scores.csv,total
total,2025030416,2026-06-14,over,under,0.5905214731145457,0.5834941692070994,1.78,2.04,-128.0,104.0,5.5,5.5,0.0,False,0.0,0.0,3.0,2026_06_14_NHL_merged.csv,2026_06_14_NHL_final_scores.csv,total
