source,method,period,fold,game_id,game_date,side,total_line,p_win,p_loss,p_push,conditional_side_probability,break_even_probability,positive_economic_support,predicted_ev,decimal_odds,actual_win,actual_loss,actual_push,realized_profit
production_total,direct_multinomial,outer_oos,1,2025020529,2025-12-17,over,5.5,0.37561106711887743,0.6243889328801225,9.99999999999e-13,0.375611067119253,0.5454545454545454,False,-0.31137971028105793,1.8333333333333335,0.0,1.0,0.0,-1.0
production_total,direct_multinomial,outer_oos,1,2025020529,2025-12-17,under,5.5,0.6243889328801225,0.37561106711887743,9.99999999999e-13,0.6243889328807469,0.5,True,0.2487778657612451,2.0,1.0,0.0,0.0,1.0
production_total,direct_multinomial,outer_oos,1,2025020530,2025-12-17,over,6.0,0.5560968283588583,0.3701394264011837,0.07376374523995803,0.6003833530603109,0.5238095238095238,True,0.13540314483414206,1.9090909090909092,0.0,1.0,0.0,-1.0
production_total,direct_multinomial,outer_oos,1,2025020530,2025-12-17,under,6.0,0.3701394264011837,0.5560968283588583,0.07376374523995803,0.3996166469396892,0.5238095238095238,False,-0.21960644072141855,1.9090909090909092,1.0,0.0,0.0,0.9090909090909092
production_total,direct_multinomial,outer_oos,1,2025020531,2025-12-17,over,5.5,0.4446377682262597,0.5553622317727401,9.99999999999e-13,0.44463776822670437,0.5238095238095238,False,-0.1511460788397767,1.9090909090909092,0.0,1.0,0.0,-1.0
production_total,direct_multinomial,outer_oos,1,2025020531,2025-12-17,under,5.5,0.5553622317727401,0.4446377682262597,9.99999999999e-13,0.5553622317732955,0.5238095238095238,True,0.06023698793077675,1.9090909090909092,1.0,0.0,0.0,0.9090909090909092
production_total,direct_multinomial,outer_oos,1,2025020532,2025-12-17,over,6.0,0.5323205748344281,0.389813582033337,0.07786584313223499,0.5772702061515366,0.5238095238095238,True,0.09411421327068858,1.9090909090909092,0.0,1.0,0.0,-1.0
production_total,direct_multinomial,outer_oos,1,2025020532,2025-12-17,under,6.0,0.389813582033337,0.5323205748344281,0.07786584313223499,0.4227297938484635,0.5238095238095238,False,-0.17794459116775807,1.9090909090909092,1.0,0.0,0.0,0.9090909090909092
production_total,direct_multinomial,outer_oos,1,2025020533,2025-12-17,over,5.5,0.4288455700948999,0.5711544299041,9.99999999999e-13,0.4288455700953287,0.5,False,-0.14230885980920016,2.0,0.0,1.0,0.0,-1.0
production_total,direct_multinomial,outer_oos,1,2025020533,2025-12-17,under,5.5,0.5711544299041,0.4288455700948999,9.99999999999e-13,0.5711544299046711,0.5454545454545454,True,0.04711645482518356,1.8333333333333335,1.0,0.0,0.0,0.8333333333333335
production_total,direct_multinomial,outer_oos,1,2025020534,2025-12-18,over,6.0,0.4804581849887189,0.432676519793957,0.08686529521732414,0.5261635358641493,0.5555555555555556,False,-0.048309971802981855,1.8,0.0,1.0,0.0,-1.0
production_total,direct_multinomial,outer_oos,1,2025020534,2025-12-18,under,6.0,0.432676519793957,0.4804581849887189,0.08686529521732414,0.4738364641358507,0.48780487804878053,False,-0.02614783920506414,2.05,1.0,0.0,0.0,1.0499999999999998
production_total,direct_multinomial,outer_oos,1,2025020535,2025-12-18,over,6.0,0.43525383014138325,0.4699739341298104,0.0947722357288064,0.48082244858210876,0.5238095238095238,False,-0.07428863400128016,1.9090909090909092,1.0,0.0,0.0,0.9090909090909092
production_total,direct_multinomial,outer_oos,1,2025020535,2025-12-18,under,6.0,0.4699739341298104,0.43525383014138325,0.0947722357288064,0.5191775514178913,0.5238095238095238,False,-0.008004799114282812,1.9090909090909092,0.0,1.0,0.0,-1.0
production_total,direct_multinomial,outer_oos,1,2025020536,2025-12-18,over,5.5,0.4453044349719802,0.5546955650270198,9.999999999990001e-13,0.4453044349724255,0.5412844036697247,False,-0.17731892522025694,1.847457627118644,0.0,1.0,0.0,-1.0
production_total,direct_multinomial,outer_oos,1,2025020536,2025-12-18,under,5.5,0.5546955650270198,0.4453044349719802,9.999999999990001e-13,0.5546955650275744,0.504950495049505,True,0.09851474642705887,1.9803921568627452,1.0,0.0,0.0,0.9803921568627452
production_total,direct_multinomial,outer_oos,1,2025020537,2025-12-18,over,6.0,0.48339235465145974,0.43025348419152826,0.08635416115701208,0.5290806722915878,0.5412844036697247,False,-0.020598946351308156,1.847457627118644,0.0,1.0,0.0,-1.0
production_total,direct_multinomial,outer_oos,1,2025020537,2025-12-18,under,6.0,0.43025348419152826,0.48339235465145974,0.08635416115701208,0.47091932770841227,0.504950495049505,False,-0.061575213287216324,1.9803921568627452,1.0,0.0,0.0,0.9803921568627452
production_total,direct_multinomial,outer_oos,1,2025020538,2025-12-18,over,5.5,0.375327547311958,0.624672452687042,9.99999999999e-13,0.3753275473123333,0.5454545454545454,False,-0.31189949659374355,1.8333333333333335,0.0,1.0,0.0,-1.0
production_total,direct_multinomial,outer_oos,1,2025020538,2025-12-18,under,5.5,0.624672452687042,0.375327547311958,9.99999999999e-13,0.6246724526876666,0.5,True,0.24934490537508397,2.0,1.0,0.0,0.0,1.0
production_total,direct_multinomial,outer_oos,1,2025020539,2025-12-18,over,6.0,0.5126609285330678,0.4060703377695884,0.08126873369734382,0.558009667610662,0.5238095238095238,True,0.05998505180592778,1.9090909090909092,0.0,1.0,0.0,-1.0
production_total,direct_multinomial,outer_oos,1,2025020539,2025-12-18,under,6.0,0.4060703377695884,0.5126609285330678,0.08126873369734382,0.44199033238933794,0.5238095238095238,False,-0.1435060760152601,1.9090909090909092,1.0,0.0,0.0,0.9090909090909092
production_total,direct_multinomial,outer_oos,1,2025020540,2025-12-18,over,6.0,0.5389412908611428,0.38433657841039726,0.07672213072845989,0.5837259927895422,0.5348837209302326,True,0.08430802233842255,1.8695652173913042,1.0,0.0,0.0,0.8695652173913042
production_total,direct_multinomial,outer_oos,1,2025020540,2025-12-18,under,6.0,0.38433657841039726,0.5389412908611428,0.07672213072845989,0.4162740072104579,0.5121951219512195,False,-0.17290645427981216,1.9523809523809523,0.0,1.0,0.0,-1.0
production_total,direct_multinomial,outer_oos,1,2025020541,2025-12-18,over,5.5,0.4005183791992435,0.5994816207997564,9.99999999999e-13,0.400518379199644,0.5,False,-0.19896324160051293,2.0,0.0,1.0,0.0,-1.0
production_total,direct_multinomial,outer_oos,1,2025020541,2025-12-18,under,5.5,0.5994816207997564,0.4005183791992435,9.99999999999e-13,0.5994816208003559,0.5454545454545454,True,0.09904963813388695,1.8333333333333335,1.0,0.0,0.0,0.8333333333333335
production_total,direct_multinomial,outer_oos,1,2025020542,2025-12-18,over,5.5,0.37956496386229044,0.6204350361367096,9.999999999990001e-13,0.37956496386266997,0.5121951219512195,False,-0.2589445943630997,1.9523809523809523,1.0,0.0,0.0,0.9523809523809523
production_total,direct_multinomial,outer_oos,1,2025020542,2025-12-18,under,5.5,0.6204350361367096,0.37956496386229044,9.999999999990001e-13,0.62043503613733,0.5348837209302326,True,0.1599437632131091,1.8695652173913042,0.0,1.0,0.0,-1.0
production_total,direct_multinomial,outer_oos,1,2025020543,2025-12-18,over,6.0,0.3984668677418555,0.5002778981098249,0.1012552341483196,0.4433593194439971,0.5454545454545454,False,-0.1682221749916119,1.8333333333333335,1.0,0.0,0.0,0.8333333333333335
production_total,direct_multinomial,outer_oos,1,2025020543,2025-12-18,under,6.0,0.5002778981098249,0.3984668677418555,0.1012552341483196,0.556640680556003,0.5,True,0.1018110303679694,2.0,0.0,1.0,0.0,-1.0
production_total,direct_multinomial,outer_oos,1,2025020544,2025-12-19,over,5.5,0.48344180368331235,0.5165581963156877,9.999999999990001e-13,0.4834418036837958,0.5555555555555556,False,-0.12980475336903774,1.8,1.0,0.0,0.0,0.8
production_total,direct_multinomial,outer_oos,1,2025020544,2025-12-19,under,5.5,0.5165581963156877,0.48344180368331235,9.999999999990001e-13,0.5165581963162043,0.48780487804878053,True,0.058944302448159624,2.05,0.0,1.0,0.0,-1.0
production_total,direct_multinomial,outer_oos,1,2025020545,2025-12-19,over,5.5,0.46753816499665896,0.532461835002341,9.99999999999e-13,0.46753816499712647,0.5555555555555556,False,-0.15843130300501385,1.8,0.0,1.0,0.0,-1.0
production_total,direct_multinomial,outer_oos,1,2025020545,2025-12-19,under,5.5,0.532461835002341,0.46753816499665896,9.99999999999e-13,0.5324618350028735,0.48780487804878053,True,0.09154676175579896,2.05,1.0,0.0,0.0,1.0499999999999998
production_total,direct_multinomial,outer_oos,1,2025020546,2025-12-19,over,6.0,0.5095935474778713,0.4086058606931714,0.08180059182895724,0.5549922412746142,0.5121951219512195,True,0.07672132738099174,1.9523809523809523,0.0,1.0,0.0,-1.0
production_total,direct_multinomial,outer_oos,1,2025020546,2025-12-19,under,6.0,0.4086058606931714,0.5095935474778713,0.08180059182895724,0.4450077587253858,0.5348837209302326,False,-0.15428410339685278,1.8695652173913042,1.0,0.0,0.0,0.8695652173913042
production_total,direct_multinomial,outer_oos,1,2025020547,2025-12-19,over,5.5,0.4947240155491077,0.5052759844498923,9.999999999990001e-13,0.49472401554960244,0.5412844036697247,False,-0.0860183441540383,1.847457627118644,0.0,1.0,0.0,-1.0
production_total,direct_multinomial,outer_oos,1,2025020547,2025-12-19,under,5.5,0.5052759844498923,0.4947240155491077,9.999999999990001e-13,0.5052759844503976,0.504950495049505,True,0.0006445966566691053,1.9803921568627452,1.0,0.0,0.0,0.9803921568627452
production_total,direct_multinomial,outer_oos,1,2025020548,2025-12-19,over,6.0,0.48715224363097476,0.42714821171168127,0.08569954465734408,0.5328141758918875,0.5412844036697247,False,-0.014307327278651805,1.847457627118644,1.0,0.0,0.0,0.847457627118644
production_total,direct_multinomial,outer_oos,1,2025020548,2025-12-19,under,6.0,0.42714821171168127,0.48715224363097476,0.08569954465734408,0.46718582410811255,0.504950495049505,False,-0.06837948705089503,1.9803921568627452,0.0,1.0,0.0,-1.0
production_total,direct_multinomial,outer_oos,1,2025020549,2025-12-20,over,5.5,0.3674056518474775,0.6325943481515226,9.999999999990001e-13,0.36740565184784485,0.5238095238095238,False,-0.2985892101083612,1.9090909090909092,1.0,0.0,0.0,0.9090909090909092
production_total,direct_multinomial,outer_oos,1,2025020549,2025-12-20,under,5.5,0.6325943481515226,0.3674056518474775,9.999999999990001e-13,0.6325943481521552,0.5238095238095238,True,0.2076801191993613,1.9090909090909092,0.0,1.0,0.0,-1.0
production_total,direct_multinomial,outer_oos,1,2025020550,2025-12-20,over,6.0,0.5392791733456045,0.38405703410488756,0.07666379254950793,0.584055048414767,0.5238095238095238,True,0.10619675984566201,1.9090909090909092,1.0,0.0,0.0,0.9090909090909092
production_total,direct_multinomial,outer_oos,1,2025020550,2025-12-20,under,6.0,0.38405703410488756,0.5392791733456045,0.07666379254950793,0.415944951585233,0.5238095238095238,False,-0.19013641506843393,1.9090909090909092,0.0,1.0,0.0,-1.0
production_total,direct_multinomial,outer_oos,1,2025020551,2025-12-20,over,5.5,0.43528492082716397,0.5647150791718359,9.99999999999e-13,0.43528492082759923,0.5238095238095238,False,-0.169001514783505,1.9090909090909092,1.0,0.0,0.0,0.9090909090909092
production_total,direct_multinomial,outer_oos,1,2025020551,2025-12-20,under,5.5,0.5647150791718359,0.43528492082716397,9.99999999999e-13,0.5647150791724006,0.5238095238095238,True,0.0780924238745051,1.9090909090909092,0.0,1.0,0.0,-1.0
production_total,direct_multinomial,outer_oos,1,2025020552,2025-12-20,over,6.0,0.5298709772654852,0.39183973088444113,0.07828929185007365,0.5748777491465313,0.5652173913043479,True,0.015753328550547396,1.7692307692307692,1.0,0.0,0.0,0.7692307692307692
production_total,direct_multinomial,outer_oos,1,2025020552,2025-12-20,under,6.0,0.39183973088444113,0.5298709772654852,0.07828929185007365,0.42512225085346855,0.48780487804878053,False,-0.11843925983682202,2.05,0.0,1.0,0.0,-1.0
production_total,direct_multinomial,outer_oos,1,2025020553,2025-12-20,over,6.0,0.4702865143330401,0.44107435674625717,0.08863912892070278,0.5160266687509789,0.5412844036697247,False,-0.04252646324368087,1.847457627118644,0.0,1.0,0.0,-1.0
production_total,direct_multinomial,outer_oos,1,2025020553,2025-12-20,under,6.0,0.44107435674625717,0.4702865143330401,0.08863912892070278,0.48397333124902114,0.504950495049505,False,-0.0378606743857291,1.9803921568627452,1.0,0.0,0.0,0.9803921568627452
production_total,direct_multinomial,outer_oos,1,2025020554,2025-12-20,over,5.5,0.4292187599386986,0.5707812400603013,9.99999999999e-13,0.42921875993912784,0.5238095238095238,False,-0.18058236738875705,1.9090909090909092,1.0,0.0,0.0,0.9090909090909092
production_total,direct_multinomial,outer_oos,1,2025020554,2025-12-20,under,5.5,0.5707812400603013,0.4292187599386986,9.99999999999e-13,0.570781240060872,0.5238095238095238,True,0.08967327647975709,1.9090909090909092,0.0,1.0,0.0,-1.0
production_total,direct_multinomial,outer_oos,1,2025020555,2025-12-20,over,5.5,0.4223532936005969,0.5776467063984031,9.99999999999e-13,0.42235329360101925,0.5412844036697247,False,-0.21972018639789725,1.847457627118644,1.0,0.0,0.0,0.847457627118644
production_total,direct_multinomial,outer_oos,1,2025020555,2025-12-20,under,5.5,0.5776467063984031,0.4223532936005969,9.99999999999e-13,0.5776467063989807,0.504950495049505,True,0.1439670067899944,1.9803921568627452,0.0,1.0,0.0,-1.0
production_total,direct_multinomial,outer_oos,1,2025020556,2025-12-20,over,6.0,0.4897512417017307,0.4250014792396132,0.08524727905865623,0.5353919485451137,0.5412844036697247,False,-0.00995805406865502,1.847457627118644,0.0,1.0,0.0,-1.0
production_total,direct_multinomial,outer_oos,1,2025020556,2025-12-20,under,6.0,0.4250014792396132,0.4897512417017307,0.08524727905865623,0.46460805145488643,0.504950495049505,False,-0.07308312480014911,1.9803921568627452,1.0,0.0,0.0,0.9803921568627452
production_total,direct_multinomial,outer_oos,1,2025020557,2025-12-20,over,5.5,0.48843908202617725,0.5115609179728227,9.99999999999e-13,0.4884390820266657,0.504950495049505,False,-0.03269907284911944,1.9803921568627452,1.0,0.0,0.0,0.9803921568627452
production_total,direct_multinomial,outer_oos,1,2025020557,2025-12-20,under,5.5,0.5115609179728227,0.48843908202617725,9.99999999999e-13,0.5115609179733343,0.5412844036697247,False,-0.05491288035429365,1.847457627118644,0.0,1.0,0.0,-1.0
production_total,direct_multinomial,outer_oos,1,2025020558,2025-12-20,over,6.0,0.45862166654083414,0.450701228877353,0.09067710458181298,0.5043551293514054,0.5238095238095238,False,-0.033772441112958296,1.9090909090909092,1.0,0.0,0.0,0.9090909090909092
production_total,direct_multinomial,outer_oos,1,2025020558,2025-12-20,under,6.0,0.450701228877353,0.45862166654083414,0.09067710458181298,0.4956448706485948,0.5238095238095238,False,-0.0488932766523314,1.9090909090909092,0.0,1.0,0.0,-1.0
production_total,direct_multinomial,outer_oos,1,2025020559,2025-12-20,over,5.5,0.39770042541785283,0.602299574581147,9.99999999999e-13,0.3977004254182505,0.5238095238095238,False,-0.24075373329218985,1.9090909090909092,1.0,0.0,0.0,0.9090909090909092
production_total,direct_multinomial,outer_oos,1,2025020559,2025-12-20,under,5.5,0.602299574581147,0.39770042541785283,9.99999999999e-13,0.6022995745817493,0.5238095238095238,True,0.14984464238319,1.9090909090909092,0.0,1.0,0.0,-1.0
production_total,direct_multinomial,outer_oos,1,2025020560,2025-12-20,over,6.5,0.5354689481098855,0.4645310518891143,9.99999999999e-13,0.535468948110421,0.5555555555555556,False,-0.03615589340120584,1.8,1.0,0.0,0.0,0.8
production_total,direct_multinomial,outer_oos,1,2025020560,2025-12-20,under,6.5,0.4645310518891143,0.5354689481098855,9.99999999999e-13,0.4645310518895788,0.48780487804878053,False,-0.04771134362631563,2.05,0.0,1.0,0.0,-1.0
production_total,direct_multinomial,outer_oos,1,2025020561,2025-12-20,over,5.5,0.38108126609434906,0.618918733904651,9.999999999990001e-13,0.38108126609473014,0.5454545454545454,False,-0.30135101215936005,1.8333333333333335,1.0,0.0,0.0,0.8333333333333335
production_total,direct_multinomial,outer_oos,1,2025020561,2025-12-20,under,5.5,0.618918733904651,0.38108126609434906,9.999999999990001e-13,0.61891873390527,0.5,True,0.23783746781030196,2.0,0.0,1.0,0.0,-1.0
production_total,direct_multinomial,outer_oos,1,2025020562,2025-12-21,over,6.0,0.5417694749634421,0.3819966134905114,0.0762339115460465,0.5864790683864202,0.5238095238095238,True,0.1105210910217087,1.9090909090909092,0.0,1.0,0.0,-1.0
production_total,direct_multinomial,outer_oos,1,2025020562,2025-12-21,under,6.0,0.3819966134905114,0.5417694749634421,0.0762339115460465,0.4135209316135798,0.5238095238095238,False,-0.1944998263357044,1.9090909090909092,1.0,0.0,0.0,0.9090909090909092
production_total,direct_multinomial,outer_oos,1,2025020563,2025-12-21,over,6.0,0.5395128790868559,0.3838636778659087,0.07662344304723541,0.5842826255707667,0.5238095238095238,True,0.10660257584941485,1.9090909090909092,0.0,0.0,1.0,0.0
production_total,direct_multinomial,outer_oos,1,2025020563,2025-12-21,under,6.0,0.3838636778659087,0.5395128790868559,0.07662344304723541,0.4157173744292333,0.5238095238095238,False,-0.19054589920875703,1.9090909090909092,0.0,0.0,1.0,0.0
production_total,direct_multinomial,outer_oos,1,2025020564,2025-12-21,over,5.5,0.3858246573592613,0.6141753426397387,9.99999999999e-13,0.3858246573596471,0.5348837209302326,False,-0.2786756405882072,1.8695652173913042,1.0,0.0,0.0,0.8695652173913042
production_total,direct_multinomial,outer_oos,1,2025020564,2025-12-21,under,5.5,0.6141753426397387,0.3858246573592613,9.99999999999e-13,0.6141753426403529,0.5121951219512195,True,0.19910424039287078,1.9523809523809523,0.0,1.0,0.0,-1.0
production_total,direct_multinomial,outer_oos,1,2025020565,2025-12-21,over,6.0,0.4689465037467864,0.4421804583706372,0.08887303788257639,0.5146884278970002,0.5238095238095238,False,-0.015865454964467673,1.9090909090909092,0.0,1.0,0.0,-1.0
production_total,direct_multinomial,outer_oos,1,2025020565,2025-12-21,under,6.0,0.4421804583706372,0.4689465037467864,0.08887303788257639,0.4853115721029998,0.5238095238095238,False,-0.06696426886438894,1.9090909090909092,1.0,0.0,0.0,0.9090909090909092
production_total,direct_multinomial,outer_oos,1,2025020566,2025-12-21,over,6.5,0.4511249358710041,0.5488750641279959,9.99999999999e-13,0.45112493587145525,0.5121951219512195,False,-0.11923226806037296,1.9523809523809523,1.0,0.0,0.0,0.9523809523809523
production_total,direct_multinomial,outer_oos,1,2025020566,2025-12-21,under,6.5,0.5488750641279959,0.4511249358710041,9.99999999999e-13,0.5488750641285448,0.5348837209302326,True,0.02615772858812271,1.8695652173913042,0.0,1.0,0.0,-1.0
production_total,direct_multinomial,outer_oos,1,2025020567,2025-12-21,over,5.5,0.40218429624786683,0.5978157037511331,9.99999999999e-13,0.402184296248269,0.5412844036697247,False,-0.25698155438853415,1.847457627118644,0.0,1.0,0.0,-1.0
production_total,direct_multinomial,outer_oos,1,2025020567,2025-12-21,under,5.5,0.5978157037511331,0.40218429624786683,9.99999999999e-13,0.597815703751731,0.504950495049505,True,0.1839095309591265,1.9803921568627452,1.0,0.0,0.0,0.9803921568627452
production_total,direct_multinomial,outer_oos,1,2025020568,2025-12-21,over,6.0,0.4464864533755747,0.4607119168357071,0.09280162978871825,0.49215967316121867,0.5412844036697247,False,-0.08233356651742352,1.847457627118644,0.0,0.0,1.0,0.0
production_total,direct_multinomial,outer_oos,1,2025020568,2025-12-21,under,6.0,0.4607119168357071,0.4464864533755747,0.09280162978871825,0.5078403268387813,0.504950495049505,True,0.0051918964633538844,1.9803921568627452,0.0,0.0,1.0,0.0
production_total,direct_multinomial,outer_oos,1,2025020569,2025-12-21,over,5.5,0.4701252632260329,0.529874736772967,9.99999999999e-13,0.470125263226503,0.5555555555555556,False,-0.15377452619214071,1.8,1.0,0.0,0.0,0.8
production_total,direct_multinomial,outer_oos,1,2025020569,2025-12-21,under,5.5,0.529874736772967,0.4701252632260329,9.99999999999e-13,0.529874736773497,0.48780487804878053,True,0.08624321038558247,2.05,0.0,1.0,0.0,-1.0
production_total,direct_multinomial,outer_oos,1,2025020570,2025-12-21,over,6.0,0.5146651195395293,0.4044135203498301,0.08092136011064056,0.5599794154736157,0.5348837209302326,True,0.04312136620628232,1.8695652173913042,1.0,0.0,0.0,0.8695652173913042
production_total,direct_multinomial,outer_oos,1,2025020570,2025-12-21,under,6.0,0.4044135203498301,0.5146651195395293,0.08092136011064056,0.44002058452638415,0.5121951219512195,False,-0.12950938587302452,1.9523809523809523,0.0,1.0,0.0,-1.0
production_total,direct_multinomial,outer_oos,1,2025020571,2025-12-22,over,5.5,0.4366245930234471,0.563375406975553,9.999999999990001e-13,0.4366245930238837,0.5454545454545454,False,-0.19952157945601368,1.8333333333333335,0.0,1.0,0.0,-1.0
production_total,direct_multinomial,outer_oos,1,2025020571,2025-12-22,under,5.5,0.563375406975553,0.4366245930234471,9.999999999990001e-13,0.5633754069761163,0.5,True,0.1267508139521059,2.0,1.0,0.0,0.0,1.0
production_total,direct_multinomial,outer_oos,1,2025020572,2025-12-22,over,5.5,0.4339050361624015,0.5660949638365985,9.99999999999e-13,0.4339050361628354,0.5238095238095238,False,-0.17163584005259713,1.9090909090909092,1.0,0.0,0.0,0.9090909090909092
production_total,direct_multinomial,outer_oos,1,2025020572,2025-12-22,under,5.5,0.5660949638365985,0.4339050361624015,9.99999999999e-13,0.5660949638371646,0.5238095238095238,True,0.08072674914359723,1.9090909090909092,0.0,1.0,0.0,-1.0
production_total,direct_multinomial,outer_oos,1,2025020573,2025-12-22,over,6.5,0.4454084978657429,0.554591502133257,9.99999999999e-13,0.4454084978661883,0.5121951219512195,False,-0.13039293273731145,1.9523809523809523,0.0,1.0,0.0,-1.0
production_total,direct_multinomial,outer_oos,1,2025020573,2025-12-22,under,6.5,0.554591502133257,0.4454084978657429,9.99999999999e-13,0.5545915021338116,0.5348837209302326,True,0.03684498225013272,1.8695652173913042,1.0,0.0,0.0,0.8695652173913042
production_total,direct_multinomial,outer_oos,1,2025020574,2025-12-22,over,5.5,0.45086548292152323,0.5491345170774766,9.99999999999e-13,0.4508654829219741,0.5454545454545454,False,-0.17341328130954053,1.8333333333333335,0.0,1.0,0.0,-1.0
production_total,direct_multinomial,outer_oos,1,2025020574,2025-12-22,under,5.5,0.5491345170774766,0.45086548292152323,9.99999999999e-13,0.5491345170780257,0.5,True,0.0982690341559534,2.0,1.0,0.0,0.0,1.0
production_total,direct_multinomial,outer_oos,1,2025020575,2025-12-23,over,6.0,0.5062449529751772,0.4113735473171468,0.0823814997076759,0.5516943618877602,0.5555555555555556,False,-0.006377584937005021,1.8,1.0,0.0,0.0,0.8
production_total,direct_multinomial,outer_oos,1,2025020575,2025-12-23,under,6.0,0.4113735473171468,0.5062449529751772,0.0823814997076759,0.4483056381122398,0.48780487804878053,False,-0.07430272829217316,2.05,0.0,1.0,0.0,-1.0
production_total,direct_multinomial,outer_oos,1,2025020576,2025-12-23,over,5.5,0.45103381848267754,0.5489661815163224,9.99999999999e-13,0.45103381848312857,0.5238095238095238,False,-0.13893543744116094,1.9090909090909092,1.0,0.0,0.0,0.9090909090909092
production_total,direct_multinomial,outer_oos,1,2025020576,2025-12-23,under,5.5,0.5489661815163224,0.45103381848267754,9.99999999999e-13,0.5489661815168714,0.5238095238095238,True,0.048026346532161035,1.9090909090909092,0.0,1.0,0.0,-1.0
production_total,direct_multinomial,outer_oos,1,2025020577,2025-12-23,over,6.0,0.40810340175523474,0.4923441229765395,0.0995524752682257,0.4532228592407989,0.5121951219512195,False,-0.10367421654298264,1.9523809523809523,1.0,0.0,0.0,0.9523809523809523
production_total,direct_multinomial,outer_oos,1,2025020577,2025-12-23,under,6.0,0.4923441229765395,0.40810340175523474,0.0995524752682257,0.546777140759201,0.5348837209302326,True,0.020021922572190876,1.8695652173913042,0.0,1.0,0.0,-1.0
production_total,direct_multinomial,outer_oos,1,2025020578,2025-12-23,over,6.0,0.44198364124032524,0.4644252542045243,0.09359110455515045,0.48762059095129184,0.5412844036697247,False,-0.0898628463737402,1.847457627118644,0.0,1.0,0.0,-1.0
production_total,direct_multinomial,outer_oos,1,2025020578,2025-12-23,under,6.0,0.4644252542045243,0.44198364124032524,0.09359110455515045,0.5123794090487082,0.504950495049505,True,0.013335235430777026,1.9803921568627452,1.0,0.0,0.0,0.9803921568627452
production_total,direct_multinomial,outer_oos,1,2025020579,2025-12-23,over,6.0,0.4750038646630291,0.4371800368601544,0.0878160984768165,0.5207325670512907,0.5454545454545454,False,-0.04134348297429674,1.8333333333333335,1.0,0.0,0.0,0.8333333333333335
production_total,direct_multinomial,outer_oos,1,2025020579,2025-12-23,under,6.0,0.4371800368601544,0.4750038646630291,0.0878160984768165,0.47926743294870927,0.5,False,-0.03782382780287469,2.0,0.0,1.0,0.0,-1.0
production_total,direct_multinomial,outer_oos,1,2025020580,2025-12-23,over,6.0,0.4580719050586478,0.451154840427344,0.09077325451400833,0.5038038171807224,0.5412844036697247,False,-0.06295831071662555,1.847457627118644,0.0,1.0,0.0,-1.0
production_total,direct_multinomial,outer_oos,1,2025020580,2025-12-23,under,6.0,0.451154840427344,0.4580719050586478,0.09077325451400833,0.4961961828192777,0.504950495049505,False,-0.01576323797301643,1.9803921568627452,1.0,0.0,0.0,0.9803921568627452
production_total,direct_multinomial,outer_oos,1,2025020581,2025-12-23,over,6.0,0.4968591806031213,0.4191294649356968,0.08401135446118199,0.5424294100401764,0.5348837209302326,True,0.01292199645832165,1.8695652173913042,1.0,0.0,0.0,0.8695652173913042
production_total,direct_multinomial,outer_oos,1,2025020581,2025-12-23,under,6.0,0.4191294649356968,0.4968591806031213,0.08401135446118199,0.45757058995982375,0.5121951219512195,False,-0.09768826161674338,1.9523809523809523,0.0,1.0,0.0,-1.0
production_total,direct_multinomial,outer_oos,1,2025020582,2025-12-23,over,6.0,0.48402855824234453,0.42972807521922535,0.08624336653843002,0.5297127709034589,0.5454545454545454,False,-0.02637094335060486,1.8333333333333335,0.0,1.0,0.0,-1.0
production_total,direct_multinomial,outer_oos,1,2025020582,2025-12-23,under,6.0,0.42972807521922535,0.48402855824234453,0.08624336653843002,0.4702872290965409,0.5,False,-0.054300483023119184,2.0,1.0,0.0,0.0,1.0
production_total,direct_multinomial,outer_oos,1,2025020583,2025-12-23,over,5.5,0.450392230455006,0.5496077695439939,9.99999999999e-13,0.45039223045545634,0.5454545454545454,False,-0.1742809108314889,1.8333333333333335,0.0,1.0,0.0,-1.0
production_total,direct_multinomial,outer_oos,1,2025020583,2025-12-23,under,5.5,0.5496077695439939,0.450392230455006,9.99999999999e-13,0.5496077695445435,0.5,True,0.09921553908898795,2.0,1.0,0.0,0.0,1.0
production_total,direct_multinomial,outer_oos,1,2025020584,2025-12-23,over,6.0,0.545662873088882,0.37877498539879745,0.07556214151232071,0.5902645246285685,0.5652173913043479,True,0.04096568620803476,1.7692307692307692,0.0,1.0,0.0,-1.0
production_total,direct_multinomial,outer_oos,1,2025020584,2025-12-23,under,6.0,0.37877498539879745,0.545662873088882,0.07556214151232071,0.4097354753714315,0.48780487804878053,False,-0.14794913842014468,2.05,1.0,0.0,0.0,1.0499999999999998
production_total,direct_multinomial,outer_oos,1,2025020585,2025-12-23,over,6.0,0.4858056968275301,0.4282603636973092,0.08593393947516076,0.5314776664485167,0.5555555555555556,False,-0.0396158062352851,1.8,0.0,0.0,1.0,0.0
production_total,direct_multinomial,outer_oos,1,2025020585,2025-12-23,under,6.0,0.4282603636973092,0.4858056968275301,0.08593393947516076,0.4685223335514835,0.48780487804878053,False,-0.036132314945355515,2.05,0.0,0.0,1.0,0.0
production_total,direct_multinomial,outer_oos,1,2025020587,2025-12-23,over,5.5,0.3610866806555418,0.6389133193434582,9.99999999999e-13,0.3610866806559029,0.5121951219512195,False,-0.2950212425286565,1.9523809523809523,0.0,1.0,0.0,-1.0
production_total,direct_multinomial,outer_oos,1,2025020587,2025-12-23,under,5.5,0.6389133193434582,0.3610866806555418,9.99999999999e-13,0.6389133193440971,0.5348837209302326,True,0.1944901187735522,1.8695652173913042,1.0,0.0,0.0,0.8695652173913042
production_total,direct_multinomial,outer_oos,1,2025020588,2025-12-27,over,5.5,0.41630147065254663,0.5836985293464533,9.99999999999e-13,0.4163014706529629,0.5348837209302326,False,-0.22169725051815192,1.8695652173913042,0.0,1.0,0.0,-1.0
production_total,direct_multinomial,outer_oos,1,2025020588,2025-12-27,under,5.5,0.5836985293464533,0.41630147065254663,9.99999999999e-13,0.5836985293470369,0.5121951219512195,True,0.13960189062978978,1.9523809523809523,1.0,0.0,0.0,0.9523809523809523
production_total,direct_multinomial,outer_oos,1,2025020589,2025-12-27,over,6.0,0.4255326562629747,0.4779863844118538,0.09648095932517155,0.47097253860322524,0.5348837209302326,False,-0.1079579876614411,1.8695652173913042,0.0,1.0,0.0,-1.0
production_total,direct_multinomial,outer_oos,1,2025020589,2025-12-27,under,6.0,0.4779863844118538,0.4255326562629747,0.09648095932517155,0.5290274613967748,0.5121951219512195,True,0.02969247174831463,1.9523809523809523,1.0,0.0,0.0,0.9523809523809523
production_total,direct_multinomial,outer_oos,1,2025020590,2025-12-27,over,6.0,0.44264323630444385,0.4638813453687865,0.09347541832676977,0.4882859717796389,0.5238095238095238,False,-0.06147840327383752,1.9090909090909092,1.0,0.0,0.0,0.9090909090909092
production_total,direct_multinomial,outer_oos,1,2025020590,2025-12-27,under,6.0,0.4638813453687865,0.44264323630444385,0.09347541832676977,0.5117140282203613,0.5238095238095238,False,-0.020932922332819737,1.9090909090909092,0.0,1.0,0.0,-1.0
production_total,direct_multinomial,outer_oos,1,2025020591,2025-12-27,over,6.0,0.4275684055298092,0.4763087222770486,0.09612287219314225,0.4730381955424065,0.5,False,-0.04874031674723944,2.0,0.0,0.0,1.0,0.0
production_total,direct_multinomial,outer_oos,1,2025020591,2025-12-27,under,6.0,0.4763087222770486,0.4275684055298092,0.09612287219314225,0.5269618044575934,0.5454545454545454,False,-0.030644470298935245,1.8333333333333335,0.0,0.0,1.0,0.0
production_total,direct_multinomial,outer_oos,1,2025020592,2025-12-27,over,6.0,0.5206030685351677,0.3995041299298324,0.07989280153499997,0.565806972713268,0.5238095238095238,True,0.07377138692032009,1.9090909090909092,1.0,0.0,0.0,0.9090909090909092
production_total,direct_multinomial,outer_oos,1,2025020592,2025-12-27,under,6.0,0.3995041299298324,0.5206030685351677,0.07989280153499997,0.43419302728673215,0.5238095238095238,False,-0.15741749587168363,1.9090909090909092,0.0,1.0,0.0,-1.0
production_total,direct_multinomial,outer_oos,1,2025020593,2025-12-27,over,6.0,0.5460646051277669,0.3784425466404714,0.07549284823176175,0.5906548197959837,0.5348837209302326,True,0.09639624042715189,1.8695652173913042,1.0,0.0,0.0,0.8695652173913042
production_total,direct_multinomial,outer_oos,1,2025020593,2025-12-27,under,6.0,0.3784425466404714,0.5460646051277669,0.07549284823176175,0.40934518020401633,0.5121951219512195,False,-0.1856431321368418,1.9523809523809523,0.0,1.0,0.0,-1.0
production_total,direct_multinomial,outer_oos,1,2025020594,2025-12-27,over,6.0,0.466055586222575,0.4445665639109999,0.08937784986642502,0.511799088298271,0.5238095238095238,False,-0.020879667345022612,1.9090909090909092,1.0,0.0,0.0,0.9090909090909092
production_total,direct_multinomial,outer_oos,1,2025020594,2025-12-27,under,6.0,0.4445665639109999,0.466055586222575,0.08937784986642502,0.48820091170172886,0.5238095238095238,False,-0.06190416448530228,1.9090909090909092,0.0,1.0,0.0,-1.0
production_total,direct_multinomial,outer_oos,1,2025020595,2025-12-27,over,5.5,0.4418879639092939,0.558112036089706,9.99999999999e-13,0.4418879639097358,0.5412844036697247,False,-0.18363071074284681,1.847457627118644,0.0,1.0,0.0,-1.0
production_total,direct_multinomial,outer_oos,1,2025020595,2025-12-27,under,5.5,0.558112036089706,0.4418879639092939,9.99999999999e-13,0.5581120360902642,0.504950495049505,True,0.1052806989237513,1.9803921568627452,1.0,0.0,0.0,0.9803921568627452
production_total,direct_multinomial,outer_oos,1,2025020596,2025-12-27,over,5.5,0.43520929337458747,0.5647907066244126,9.999999999990001e-13,0.4352092933750227,0.5454545454545454,False,-0.20211629547892296,1.8333333333333335,1.0,0.0,0.0,0.8333333333333335
production_total,direct_multinomial,outer_oos,1,2025020596,2025-12-27,under,5.5,0.5647907066244126,0.43520929337458747,9.999999999990001e-13,0.5647907066249773,0.5,True,0.12958141324982508,2.0,0.0,1.0,0.0,-1.0
production_total,direct_multinomial,outer_oos,1,2025020597,2025-12-27,over,6.0,0.45992371779472213,0.4496268620022912,0.0904494202029867,0.5056604085694327,0.5348837209302326,False,-0.04969319435470676,1.8695652173913042,1.0,0.0,0.0,0.8695652173913042
production_total,direct_multinomial,outer_oos,1,2025020597,2025-12-27,under,6.0,0.4496268620022912,0.45992371779472213,0.0904494202029867,0.4943395914305673,0.5121951219512195,False,-0.03170765874492104,1.9523809523809523,0.0,1.0,0.0,-1.0
production_total,direct_multinomial,outer_oos,1,2025020598,2025-12-27,over,6.5,0.44091009637062634,0.5590899036283736,9.99999999999e-13,0.44091009637106726,0.504950495049505,False,-0.12682510326501445,1.9803921568627452,0.0,1.0,0.0,-1.0
production_total,direct_multinomial,outer_oos,1,2025020598,2025-12-27,under,6.5,0.5590899036283736,0.44091009637062634,9.99999999999e-13,0.5590899036289327,0.5412844036697247,True,0.032894906704266536,1.847457627118644,1.0,0.0,0.0,0.847457627118644
production_total,direct_multinomial,outer_oos,1,2025020599,2025-12-27,over,6.0,0.4651646275183458,0.44530189348001725,0.08953347900163684,0.5109079980319036,0.5238095238095238,False,-0.02242495937243011,1.9090909090909092,1.0,0.0,0.0,0.9090909090909092
production_total,direct_multinomial,outer_oos,1,2025020599,2025-12-27,under,6.0,0.44530189348001725,0.4651646275183458,0.08953347900163684,0.4890920019680964,0.5238095238095238,False,-0.060344724354693735,1.9090909090909092,0.0,1.0,0.0,-1.0
production_total,direct_multinomial,outer_oos,1,2025020600,2025-12-27,over,6.0,0.5064180901432841,0.4112304531030535,0.08235145675366237,0.5518649747448452,0.5348837209302326,True,0.029133103543280414,1.8695652173913042,1.0,0.0,0.0,0.8695652173913042
production_total,direct_multinomial,outer_oos,1,2025020600,2025-12-27,under,6.0,0.4112304531030535,0.5064180901432841,0.08235145675366237,0.4481350252551548,0.5121951219512195,False,-0.11477003956894744,1.9523809523809523,0.0,1.0,0.0,-1.0
production_total,direct_multinomial,outer_oos,1,2025020601,2025-12-28,over,6.0,0.5056145024836596,0.4118945944608498,0.08249090305549059,0.5510730129733405,0.5555555555555556,False,-0.007402992473922121,1.8,0.0,1.0,0.0,-1.0
production_total,direct_multinomial,outer_oos,1,2025020601,2025-12-28,under,6.0,0.4118945944608498,0.5056145024836596,0.08249090305549059,0.44892698702665945,0.48780487804878053,False,-0.07312517829976733,2.05,1.0,0.0,0.0,1.0499999999999998
production_total,direct_multinomial,outer_oos,1,2025020602,2025-12-28,over,6.0,0.4212287577548706,0.48153277582098336,0.09723846642414603,0.4666002505516338,0.5238095238095238,False,-0.09859754149837369,1.9090909090909092,1.0,0.0,0.0,0.9090909090909092
production_total,direct_multinomial,outer_oos,1,2025020602,2025-12-28,under,6.0,0.48153277582098336,0.4212287577548706,0.09723846642414603,0.5333997494483662,0.5238095238095238,True,0.016528311173296117,1.9090909090909092,0.0,1.0,0.0,-1.0
production_total,direct_multinomial,outer_oos,1,2025020603,2025-12-28,over,6.0,0.5352011108027828,0.38743079020683047,0.07736809899038671,0.5800808645540279,0.5238095238095238,True,0.09911567415933575,1.9090909090909092,0.0,0.0,1.0,0.0
production_total,direct_multinomial,outer_oos,1,2025020603,2025-12-28,under,6.0,0.38743079020683047,0.5352011108027828,0.07736809899038671,0.41991913544597204,0.5238095238095238,False,-0.18299130152384596,1.9090909090909092,0.0,0.0,1.0,0.0
production_total,direct_multinomial,outer_oos,1,2025020604,2025-12-28,over,6.0,0.5178515422950752,0.40177915918445894,0.08036929852046591,0.5631081492407088,0.5238095238095238,True,0.06899497017470041,1.9090909090909092,1.0,0.0,0.0,0.9090909090909092
production_total,direct_multinomial,outer_oos,1,2025020604,2025-12-28,under,6.0,0.40177915918445894,0.5178515422950752,0.08036929852046591,0.43689185075929127,0.5238095238095238,False,-0.15259776121829433,1.9090909090909092,0.0,1.0,0.0,-1.0
production_total,direct_multinomial,outer_oos,1,2025020605,2025-12-28,over,5.5,0.3988781304596205,0.6011218695393794,9.99999999999e-13,0.39887813046001935,0.5348837209302326,False,-0.2542713213136225,1.8695652173913042,0.0,1.0,0.0,-1.0
production_total,direct_multinomial,outer_oos,1,2025020605,2025-12-28,under,5.5,0.6011218695393794,0.3988781304596205,9.99999999999e-13,0.6011218695399805,0.5121951219512195,True,0.17361888814931226,1.9523809523809523,1.0,0.0,0.0,0.9523809523809523
production_total,direct_multinomial,outer_oos,1,2025020606,2025-12-29,over,6.0,0.49941620993305263,0.4170167075080423,0.08356708255890509,0.5449566470479312,0.5555555555555556,False,-0.01748373956160021,1.8,0.0,1.0,0.0,-1.0
production_total,direct_multinomial,outer_oos,1,2025020606,2025-12-29,under,6.0,0.4170167075080423,0.49941620993305263,0.08356708255890509,0.4550433529520688,0.48780487804878053,False,-0.06154866704960826,2.05,1.0,0.0,0.0,1.0499999999999998
production_total,direct_multinomial,outer_oos,1,2025020607,2025-12-29,over,5.5,0.4727156114045652,0.5272843885944347,9.99999999999e-13,0.47271561140503787,0.5412844036697247,False,-0.12667793825158286,1.847457627118644,1.0,0.0,0.0,0.847457627118644
production_total,direct_multinomial,outer_oos,1,2025020607,2025-12-29,under,5.5,0.5272843885944347,0.4727156114045652,9.99999999999e-13,0.527284388594962,0.504950495049505,True,0.04422986760958647,1.9803921568627452,0.0,1.0,0.0,-1.0
production_total,direct_multinomial,outer_oos,1,2025020608,2025-12-29,over,6.0,0.4740371602514559,0.4379781344208451,0.08798470532769896,0.5197688712246692,0.5,True,0.036059025830610825,2.0,0.0,1.0,0.0,-1.0
production_total,direct_multinomial,outer_oos,1,2025020608,2025-12-29,under,6.0,0.4379781344208451,0.4740371602514559,0.08798470532769896,0.48023112877533086,0.5454545454545454,False,-0.10905538156741829,1.8333333333333335,1.0,0.0,0.0,0.8333333333333335
production_total,direct_multinomial,outer_oos,1,2025020609,2025-12-29,over,6.0,0.5008669927072714,0.41581791139621416,0.08331509589651442,0.5463894850511556,0.5454545454545454,True,0.0015712491931787476,1.8333333333333335,0.0,1.0,0.0,-1.0
production_total,direct_multinomial,outer_oos,1,2025020609,2025-12-29,under,6.0,0.41581791139621416,0.5008669927072714,0.08331509589651442,0.4536105149488444,0.5,False,-0.08504908131105726,2.0,1.0,0.0,0.0,1.0
production_total,direct_multinomial,outer_oos,1,2025020610,2025-12-29,over,6.0,0.47128738877133103,0.4402481580653741,0.08846445316329488,0.5170257928029642,0.5348837209302326,False,-0.03043303739465153,1.8695652173913042,0.0,0.0,1.0,0.0
production_total,direct_multinomial,outer_oos,1,2025020610,2025-12-29,under,6.0,0.4402481580653741,0.47128738877133103,0.08846445316329488,0.48297420719703577,0.5121951219512195,False,-0.05200342870906999,1.9523809523809523,0.0,0.0,1.0,0.0
production_total,direct_multinomial,outer_oos,1,2025020611,2025-12-29,over,6.0,0.4547803986312106,0.4538704904636636,0.09134911090512576,0.5005006918380135,0.5412844036697247,False,-0.06846337297958682,1.847457627118644,1.0,0.0,0.0,0.847457627118644
production_total,direct_multinomial,outer_oos,1,2025020611,2025-12-29,under,6.0,0.4538704904636636,0.4547803986312106,0.09134911090512576,0.4994993081619865,0.504950495049505,False,-0.009809329549187396,1.9803921568627452,0.0,1.0,0.0,-1.0
production_total,direct_multinomial,outer_oos,1,2025020612,2025-12-29,over,5.5,0.4737457177946388,0.5262542822043612,9.99999999999e-13,0.47374571779511254,0.5454545454545454,False,-0.13146618404216215,1.8333333333333335,1.0,0.0,0.0,0.8333333333333335
production_total,direct_multinomial,outer_oos,1,2025020612,2025-12-29,under,5.5,0.5262542822043612,0.4737457177946388,9.99999999999e-13,0.5262542822048875,0.5,True,0.0525085644097224,2.0,0.0,1.0,0.0,-1.0
production_total,direct_multinomial,outer_oos,1,2025020613,2025-12-29,over,6.0,0.39659746241695365,0.5018165967031736,0.10158594087987273,0.441441736570069,0.5121951219512195,False,-0.12410472773464631,1.9523809523809523,0.0,1.0,0.0,-1.0
production_total,direct_multinomial,outer_oos,1,2025020613,2025-12-29,under,6.0,0.5018165967031736,0.39659746241695365,0.10158594087987273,0.5585582634299309,0.5348837209302326,True,0.03976479558580592,1.8695652173913042,1.0,0.0,0.0,0.8695652173913042
production_total,direct_multinomial,outer_oos,1,2025020614,2025-12-29,over,6.0,0.4808753543727177,0.43233203657993163,0.08679260904735057,0.5265784739992884,0.5238095238095238,True,0.004827376486175428,1.9090909090909092,1.0,0.0,0.0,0.9090909090909092
production_total,direct_multinomial,outer_oos,1,2025020614,2025-12-29,under,6.0,0.43233203657993163,0.4808753543727177,0.08679260904735057,0.47342152600071147,0.5238095238095238,False,-0.08784623020914345,1.9090909090909092,0.0,1.0,0.0,-1.0
production_total,direct_multinomial,outer_oos,1,2025020615,2025-12-29,over,6.5,0.46226696483308527,0.5377330351659146,9.99999999999e-13,0.4622669648335475,0.5348837209302326,False,-0.1357617613980145,1.8695652173913042,1.0,0.0,0.0,0.8695652173913042
production_total,direct_multinomial,outer_oos,1,2025020615,2025-12-29,under,6.5,0.5377330351659146,0.46226696483308527,9.99999999999e-13,0.5377330351664523,0.5121951219512195,True,0.0498597353249286,1.9523809523809523,0.0,1.0,0.0,-1.0
production_total,direct_multinomial,outer_oos,1,2025020616,2025-12-29,over,5.5,0.44295231313966,0.55704768685934,9.99999999999e-13,0.4429523131401029,0.5348837209302326,False,-0.17187176239007051,1.8695652173913042,0.0,1.0,0.0,-1.0
production_total,direct_multinomial,outer_oos,1,2025020616,2025-12-29,under,5.5,0.55704768685934,0.44295231313966,9.99999999999e-13,0.557047686859897,0.5121951219512195,True,0.08756929339304476,1.9523809523809523,1.0,0.0,0.0,0.9523809523809523
production_total,direct_multinomial,outer_oos,1,2025020617,2025-12-30,over,6.0,0.4852122934653473,0.428750456410393,0.0860372501242597,0.5308884782572543,0.5121951219512195,True,0.03335648974708055,1.9523809523809523,0.0,1.0,0.0,-1.0
production_total,direct_multinomial,outer_oos,1,2025020617,2025-12-30,under,6.0,0.428750456410393,0.4852122934653473,0.0860372501242597,0.4691115217427457,0.5348837209302326,False,-0.11238580963022299,1.8695652173913042,1.0,0.0,0.0,0.8695652173913042
production_total,direct_multinomial,outer_oos,1,2025020618,2025-12-30,over,6.0,0.42432739797512053,0.47897957369040045,0.09669302833447914,0.4697488354293824,0.5238095238095238,False,-0.09322739371301814,1.9090909090909092,0.0,1.0,0.0,-1.0
production_total,direct_multinomial,outer_oos,1,2025020618,2025-12-30,under,6.0,0.47897957369040045,0.42432739797512053,0.09669302833447914,0.5302511645706177,0.5238095238095238,True,0.011108578107061728,1.9090909090909092,1.0,0.0,0.0,0.9090909090909092
production_total,direct_multinomial,outer_oos,1,2025020619,2025-12-30,over,6.0,0.5711242980666141,0.35769732925034053,0.07117837268304536,0.6148912571258652,0.5121951219512195,True,0.18623057367024437,1.9523809523809523,0.0,0.0,1.0,0.0
production_total,direct_multinomial,outer_oos,1,2025020619,2025-12-30,under,6.0,0.35769732925034053,0.5711242980666141,0.07117837268304536,0.3851087428741348,0.5348837209302326,False,-0.2600831421967528,1.8695652173913042,0.0,0.0,1.0,0.0
production_total,direct_multinomial,outer_oos,1,2025020620,2025-12-30,over,5.5,0.48657180899540964,0.5134281910035903,9.99999999999e-13,0.4865718089958962,0.5555555555555556,False,-0.12417074380726256,1.8,0.0,1.0,0.0,-1.0
production_total,direct_multinomial,outer_oos,1,2025020620,2025-12-30,under,5.5,0.5134281910035903,0.48657180899540964,9.99999999999e-13,0.5134281910041036,0.48780487804878053,True,0.05252779155836007,2.05,1.0,0.0,0.0,1.0499999999999998
production_total,direct_multinomial,outer_oos,1,2025020621,2025-12-30,over,5.5,0.4419908416746237,0.5580091583243764,9.999999999990001e-13,0.4419908416750657,0.504950495049505,False,-0.12468480374141189,1.9803921568627452,1.0,0.0,0.0,0.9803921568627452
production_total,direct_multinomial,outer_oos,1,2025020621,2025-12-30,under,5.5,0.5580091583243764,0.4419908416746237,9.999999999990001e-13,0.5580091583249344,0.5412844036697247,True,0.030898275549424037,1.847457627118644,0.0,1.0,0.0,-1.0
production_total,direct_multinomial,outer_oos,1,2025020622,2025-12-31,over,5.5,0.44905557945986246,0.5509444205391375,9.99999999999e-13,0.4490555794603115,0.5454545454545454,False,-0.1767314376559187,1.8333333333333335,1.0,0.0,0.0,0.8333333333333335
production_total,direct_multinomial,outer_oos,1,2025020622,2025-12-31,under,5.5,0.5509444205391375,0.44905557945986246,9.99999999999e-13,0.5509444205396884,0.5,True,0.10188884107927504,2.0,0.0,1.0,0.0,-1.0
production_total,direct_multinomial,outer_oos,1,2025020623,2025-12-31,over,6.0,0.46559489453571,0.444946786745735,0.08945831871855506,0.5113383649614568,0.5121951219512195,False,-0.0015230776641064758,1.9523809523809523,0.0,0.0,1.0,0.0
production_total,direct_multinomial,outer_oos,1,2025020623,2025-12-31,under,6.0,0.444946786745735,0.46559489453571,0.08945831871855506,0.4886616350385432,0.5348837209302326,False,-0.07868464519159268,1.8695652173913042,0.0,0.0,1.0,0.0
production_total,direct_multinomial,outer_oos,1,2025020624,2025-12-31,over,6.5,0.47437061112964657,0.5256293888693535,9.999999999990001e-13,0.4743706111301209,0.5238095238095238,False,-0.09438337875149294,1.9090909090909092,1.0,0.0,0.0,0.9090909090909092
production_total,direct_multinomial,outer_oos,1,2025020624,2025-12-31,under,6.5,0.5256293888693535,0.47437061112964657,9.999999999990001e-13,0.5256293888698791,0.5238095238095238,True,0.00347428784249304,1.9090909090909092,0.0,1.0,0.0,-1.0
production_total,direct_multinomial,outer_oos,1,2025020625,2025-12-31,over,6.0,0.4623569946687494,0.44761894541004876,0.0900240599212019,0.5080980433710283,0.5555555555555556,False,-0.07773334967504919,1.8,1.0,0.0,0.0,0.8
production_total,direct_multinomial,outer_oos,1,2025020625,2025-12-31,under,6.0,0.44761894541004876,0.4623569946687494,0.0900240599212019,0.4919019566289718,0.48780487804878053,True,0.007642898011801735,2.05,0.0,1.0,0.0,-1.0
production_total,direct_multinomial,outer_oos,1,2025020626,2025-12-31,over,6.0,0.4881652169767823,0.426311533928257,0.08552324909496076,0.5338191665273666,0.5412844036697247,False,-0.012612197507255063,1.847457627118644,0.0,1.0,0.0,-1.0
production_total,direct_multinomial,outer_oos,1,2025020626,2025-12-31,under,6.0,0.426311533928257,0.4881652169767823,0.08552324909496076,0.46618083347263345,0.504950495049505,False,-0.07021273273339307,1.9803921568627452,1.0,0.0,0.0,0.9803921568627452
production_total,direct_multinomial,outer_oos,1,2025020627,2025-12-31,over,6.0,0.5297756000297371,0.39191861762301694,0.078305782347246,0.5747845542298159,0.5348837209302326,True,0.06875581718545004,1.8695652173913042,0.0,1.0,0.0,-1.0
production_total,direct_multinomial,outer_oos,1,2025020627,2025-12-31,under,6.0,0.39191861762301694,0.5297756000297371,0.078305782347246,0.42521544577018416,0.5121951219512195,False,-0.15651977372210196,1.9523809523809523,1.0,0.0,0.0,0.9523809523809523
production_total,direct_multinomial,outer_oos,1,2025020628,2025-12-31,over,6.0,0.4445940807376443,0.4622725787869958,0.09313334047536007,0.490252978283148,0.5412844036697247,False,-0.08549793409407691,1.847457627118644,0.0,1.0,0.0,-1.0
production_total,direct_multinomial,outer_oos,1,2025020628,2025-12-31,under,6.0,0.4622725787869958,0.4445940807376443,0.09313334047536007,0.5097470217168522,0.504950495049505,True,0.008614329837841828,1.9803921568627452,1.0,0.0,0.0,0.9803921568627452
production_total,direct_multinomial,outer_oos,1,2025020629,2025-12-31,over,6.0,0.5179913337740105,0.4016635810042232,0.08034508522176623,0.5632453276226108,0.5348837209302326,True,0.048763665755785834,1.8695652173913042,1.0,0.0,0.0,0.8695652173913042
production_total,direct_multinomial,outer_oos,1,2025020629,2025-12-31,under,6.0,0.4016635810042232,0.5179913337740105,0.08034508522176623,0.43675467237738913,0.5121951219512195,False,-0.1354545899604646,1.9523809523809523,0.0,1.0,0.0,-1.0
production_total,direct_multinomial,outer_oos,1,2025020630,2025-12-31,over,5.5,0.3911258834438282,0.6088741165551717,9.99999999999e-13,0.39112588344421934,0.5238095238095238,False,-0.2533051316062369,1.9090909090909092,1.0,0.0,0.0,0.9090909090909092
production_total,direct_multinomial,outer_oos,1,2025020630,2025-12-31,under,5.5,0.6088741165551717,0.3911258834438282,9.99999999999e-13,0.6088741165557805,0.5238095238095238,True,0.16239604069723695,1.9090909090909092,0.0,1.0,0.0,-1.0
production_total,direct_multinomial,outer_oos,1,2025020631,2025-12-31,over,6.0,0.4733099463277983,0.43857849407296773,0.0881115595992341,0.5190436958711565,0.5412844036697247,False,-0.037468370066359,1.847457627118644,1.0,0.0,0.0,0.847457627118644
production_total,direct_multinomial,outer_oos,1,2025020631,2025-12-31,under,6.0,0.43857849407296773,0.4733099463277983,0.0881115595992341,0.4809563041288437,0.504950495049505,False,-0.04333103056998677,1.9803921568627452,0.0,1.0,0.0,-1.0
production_total,direct_multinomial,outer_oos,1,2025020632,2026-01-01,over,5.5,0.47261351391156436,0.5273864860874355,9.99999999999e-13,0.472613513912037,0.5412844036697247,False,-0.12686655904373695,1.847457627118644,1.0,0.0,0.0,0.847457627118644
production_total,direct_multinomial,outer_oos,1,2025020632,2026-01-01,under,5.5,0.5273864860874355,0.47261351391156436,9.99999999999e-13,0.5273864860879629,0.504950495049505,True,0.04443206068396077,1.9803921568627452,0.0,1.0,0.0,-1.0
production_total,direct_multinomial,outer_oos,1,2025020633,2026-01-01,over,6.0,0.5013784529441305,0.4153952729820354,0.08322627407383407,0.5468944394513657,0.5238095238095238,True,0.04040332060353785,1.9090909090909092,1.0,0.0,0.0,0.9090909090909092
production_total,direct_multinomial,outer_oos,1,2025020633,2026-01-01,under,6.0,0.4153952729820354,0.5013784529441305,0.08322627407383407,0.45310556054863427,0.5238095238095238,False,-0.12374638659682557,1.9090909090909092,0.0,1.0,0.0,-1.0
production_total,direct_multinomial,outer_oos,1,2025020634,2026-01-01,over,6.0,0.45177403581512227,0.45635059418826357,0.09187536999661423,0.4974802145972386,0.5238095238095238,False,-0.04564692526542513,1.9090909090909092,1.0,0.0,0.0,0.9090909090909092
production_total,direct_multinomial,outer_oos,1,2025020634,2026-01-01,under,6.0,0.45635059418826357,0.45177403581512227,0.09187536999661423,0.5025197854027614,0.5238095238095238,False,-0.03690985928033719,1.9090909090909092,0.0,1.0,0.0,-1.0
production_total,direct_multinomial,outer_oos,1,2025020635,2026-01-01,over,6.0,0.5351954744043992,0.3874354528689301,0.07736907272667067,0.5800753677161827,0.5238095238095238,True,0.09910588749870558,1.9090909090909092,1.0,0.0,0.0,0.9090909090909092
production_total,direct_multinomial,outer_oos,1,2025020635,2026-01-01,under,6.0,0.3874354528689301,0.5351954744043992,0.07736907272667067,0.4199246322838172,0.5238095238095238,False,-0.18298142634173542,1.9090909090909092,0.0,1.0,0.0,-1.0
production_total,direct_multinomial,outer_oos,1,2025020636,2026-01-01,over,6.0,0.5126025433285751,0.406118601828763,0.0812788548426618,0.5579522644390512,0.5121951219512195,True,0.08207429657940374,1.9523809523809523,1.0,0.0,0.0,0.9523809523809523
production_total,direct_multinomial,outer_oos,1,2025020636,2026-01-01,under,6.0,0.406118601828763,0.5126025433285751,0.0812788548426618,0.44204773556094873,0.5348837209302326,False,-0.1594559330426943,1.8695652173913042,0.0,1.0,0.0,-1.0
production_total,direct_multinomial,outer_oos,1,2025020637,2026-01-01,over,5.5,0.4493577331121295,0.5506422668868705,9.99999999999e-13,0.44935773311257887,0.5412844036697247,False,-0.16983062865625226,1.847457627118644,1.0,0.0,0.0,0.847457627118644
production_total,direct_multinomial,outer_oos,1,2025020637,2026-01-01,under,5.5,0.5506422668868705,0.4493577331121295,9.99999999999e-13,0.5506422668874211,0.504950495049505,True,0.09048762658088078,1.9803921568627452,0.0,1.0,0.0,-1.0
production_total,direct_multinomial,outer_oos,1,2025020638,2026-01-01,over,5.5,0.41021348665195334,0.5897865133470466,9.99999999999e-13,0.41021348665236357,0.5412844036697247,False,-0.24214796533691663,1.847457627118644,0.0,1.0,0.0,-1.0
production_total,direct_multinomial,outer_oos,1,2025020638,2026-01-01,under,5.5,0.5897865133470466,0.41021348665195334,9.99999999999e-13,0.5897865133476363,0.504950495049505,True,0.16800858525691587,1.9803921568627452,1.0,0.0,0.0,0.9803921568627452
production_total,direct_multinomial,outer_oos,1,2025020639,2026-01-01,over,5.5,0.37111722475844094,0.628882775240559,9.99999999999e-13,0.37111722475881204,0.5555555555555556,False,-0.3319889954338063,1.8,1.0,0.0,0.0,0.8
production_total,direct_multinomial,outer_oos,1,2025020639,2026-01-01,under,5.5,0.628882775240559,0.37111722475844094,9.99999999999e-13,0.6288827752411879,0.48780487804878053,True,0.28920968924414586,2.05,0.0,1.0,0.0,-1.0
production_total,direct_multinomial,outer_oos,1,2025020640,2026-01-02,over,5.5,0.45506736117554236,0.5449326388234575,9.99999999999e-13,0.45506736117599744,0.5412844036697247,False,-0.15928233274248949,1.847457627118644,1.0,0.0,0.0,0.847457627118644
production_total,direct_multinomial,outer_oos,1,2025020640,2026-01-02,under,5.5,0.5449326388234575,0.45506736117554236,9.99999999999e-13,0.5449326388240024,0.504950495049505,True,0.07918032394549446,1.9803921568627452,0.0,1.0,0.0,-1.0
production_total,direct_multinomial,outer_oos,1,2025020641,2026-01-02,over,5.5,0.38008201386434887,0.6199179861346512,9.999999999990001e-13,0.38008201386472895,0.5348837209302326,False,-0.28941188712217397,1.8695652173913042,1.0,0.0,0.0,0.8695652173913042
production_total,direct_multinomial,outer_oos,1,2025020641,2026-01-02,under,5.5,0.6199179861346512,0.38008201386434887,9.999999999990001e-13,0.6199179861352712,0.5121951219512195,True,0.21031606816865228,1.9523809523809523,0.0,1.0,0.0,-1.0
production_total,direct_multinomial,outer_oos,1,2025020642,2026-01-02,over,6.0,0.46995884992478004,0.44134482973876105,0.08869632033645884,0.5156994977769559,0.5121951219512195,True,0.00623502733245801,1.9523809523809523,1.0,0.0,0.0,0.9523809523809523
production_total,direct_multinomial,outer_oos,1,2025020642,2026-01-02,under,6.0,0.44134482973876105,0.46995884992478004,0.08869632033645884,0.48430050222304405,0.5348837209302326,False,-0.08618073710846613,1.8695652173913042,0.0,1.0,0.0,-1.0
production_total,direct_multinomial,outer_oos,1,2025020643,2026-01-02,over,6.5,0.5035091339667183,0.49649086603228176,9.999999999990001e-13,0.5035091339672217,0.5121951219512195,False,-0.01695835749255009,1.9523809523809523,1.0,0.0,0.0,0.9523809523809523
production_total,direct_multinomial,outer_oos,1,2025020643,2026-01-02,under,6.5,0.49649086603228176,0.5035091339667183,9.999999999990001e-13,0.49649086603277826,0.5348837209302326,False,-0.07177794611256028,1.8695652173913042,0.0,1.0,0.0,-1.0
production_total,direct_multinomial,outer_oos,1,2025020644,2026-01-03,over,6.0,0.5285741321531588,0.39291233430552813,0.07851353354131299,0.5736103039955567,0.5454545454545454,True,0.04756610915543763,1.8333333333333335,0.0,1.0,0.0,-1.0
production_total,direct_multinomial,outer_oos,1,2025020644,2026-01-03,under,6.0,0.39291233430552813,0.5285741321531588,0.07851353354131299,0.4263896960044432,0.5,False,-0.13566179784763072,2.0,1.0,0.0,0.0,1.0
production_total,direct_multinomial,outer_oos,1,2025020645,2026-01-03,over,6.0,0.5093665988730051,0.4087934482539432,0.08183995287305171,0.5547688558948788,0.5121951219512195,True,0.07631759829177587,1.9523809523809523,0.0,1.0,0.0,-1.0
production_total,direct_multinomial,outer_oos,1,2025020645,2026-01-03,under,6.0,0.4087934482539432,0.5093665988730051,0.08183995287305171,0.4452311441051212,0.5348837209302326,False,-0.15389403517392408,1.8695652173913042,1.0,0.0,0.0,0.8695652173913042
production_total,direct_multinomial,outer_oos,1,2025020646,2026-01-03,over,6.5,0.493507361021004,0.5064926389779961,9.999999999990001e-13,0.4935073610214975,0.5238095238095238,False,-0.057849583504356095,1.9090909090909092,0.0,1.0,0.0,-1.0
production_total,direct_multinomial,outer_oos,1,2025020646,2026-01-03,under,6.5,0.5064926389779961,0.493507361021004,9.999999999990001e-13,0.5064926389785026,0.5238095238095238,False,-0.03305950740464386,1.9090909090909092,1.0,0.0,0.0,0.9090909090909092
production_total,direct_multinomial,outer_oos,1,2025020647,2026-01-03,over,6.0,0.5014707232810337,0.41531902584369124,0.08321025087527503,0.5469855261359504,0.5412844036697247,True,0.00965616337752373,1.847457627118644,1.0,0.0,0.0,0.847457627118644
production_total,direct_multinomial,outer_oos,1,2025020647,2026-01-03,under,6.0,0.41531902584369124,0.5014707232810337,0.08321025087527503,0.4530144738640495,0.504950495049505,False,-0.09429520774800304,1.9803921568627452,0.0,1.0,0.0,-1.0
production_total,direct_multinomial,outer_oos,1,2025020648,2026-01-03,over,6.0,0.4684290783434582,0.4426075491081705,0.08896337254837132,0.5141715099356193,0.5238095238095238,False,-0.01676293243229937,1.9090909090909092,0.0,1.0,0.0,-1.0
production_total,direct_multinomial,outer_oos,1,2025020648,2026-01-03,under,6.0,0.4426075491081705,0.4684290783434582,0.08896337254837132,0.4858284900643807,0.5238095238095238,False,-0.06605857915421226,1.9090909090909092,1.0,0.0,0.0,0.9090909090909092
production_total,direct_multinomial,outer_oos,1,2025020649,2026-01-03,over,6.0,0.4421526782983894,0.46428586582831943,0.09356145587329122,0.48779112623059634,0.5412844036697247,False,-0.08958020625341317,1.847457627118644,1.0,0.0,0.0,0.847457627118644
production_total,direct_multinomial,outer_oos,1,2025020649,2026-01-03,under,6.0,0.46428586582831943,0.4421526782983894,0.09356145587329122,0.5122088737694037,0.504950495049505,True,0.013029543101923835,1.9803921568627452,0.0,1.0,0.0,-1.0
production_total,direct_multinomial,outer_oos,1,2025020650,2026-01-03,over,5.5,0.4090001091277713,0.5909998908712286,9.99999999999e-13,0.4090001091281803,0.5412844036697247,False,-0.2443896288985411,1.847457627118644,1.0,0.0,0.0,0.847457627118644
production_total,direct_multinomial,outer_oos,1,2025020650,2026-01-03,under,5.5,0.5909998908712286,0.4090001091277713,9.99999999999e-13,0.5909998908718196,0.504950495049505,True,0.17041154858911955,1.9803921568627452,0.0,1.0,0.0,-1.0
production_total,direct_multinomial,outer_oos,1,2025020651,2026-01-03,over,6.0,0.4852247313645786,0.4287401840335267,0.08603508460189466,0.5309008291124875,0.5121951219512195,True,0.03337860774226242,1.9523809523809523,1.0,0.0,0.0,0.9523809523809523
production_total,direct_multinomial,outer_oos,1,2025020651,2026-01-03,under,6.0,0.4287401840335267,0.4852247313645786,0.08603508460189466,0.4690991708875125,0.5348837209302326,False,-0.11240718003107719,1.8695652173913042,0.0,1.0,0.0,-1.0
production_total,direct_multinomial,outer_oos,1,2025020652,2026-01-03,over,6.0,0.5399305400994763,0.3835181229176716,0.07655133698285206,0.5846892867172304,0.504950495049505,True,0.1458255438465208,1.9803921568627452,0.0,1.0,0.0,-1.0
production_total,direct_multinomial,outer_oos,1,2025020652,2026-01-03,under,6.0,0.3835181229176716,0.5399305400994763,0.07655133698285206,0.4153107132827696,0.5412844036697247,False,-0.21491518169466983,1.847457627118644,1.0,0.0,0.0,0.847457627118644
production_total,direct_multinomial,outer_oos,1,2025020653,2026-01-03,over,6.0,0.5819291750147201,0.3487479383143547,0.06932288667092519,0.6252750461791552,0.5348837209302326,True,0.15727743126366267,1.8695652173913042,1.0,0.0,0.0,0.8695652173913042
production_total,direct_multinomial,outer_oos,1,2025020653,2026-01-03,under,6.0,0.3487479383143547,0.5819291750147201,0.06932288667092519,0.3747249538208448,0.5121951219512195,False,-0.24978828138200132,1.9523809523809523,0.0,1.0,0.0,-1.0
production_total,direct_multinomial,outer_oos,1,2025020654,2026-01-03,over,5.5,0.4202194745588219,0.579780525440178,9.99999999999e-13,0.42021947455924213,0.5412844036697247,False,-0.22366232666151536,1.847457627118644,1.0,0.0,0.0,0.847457627118644
production_total,direct_multinomial,outer_oos,1,2025020654,2026-01-03,under,5.5,0.579780525440178,0.4202194745588219,9.99999999999e-13,0.5797805254407578,0.504950495049505,True,0.14819280528448986,1.9803921568627452,0.0,1.0,0.0,-1.0
production_total,direct_multinomial,outer_oos,1,2025020655,2026-01-03,over,6.0,0.4228910412332931,0.4801631357113077,0.09694582305539917,0.4682897793176765,0.5121951219512195,False,-0.07740976310817144,1.9523809523809523,1.0,0.0,0.0,0.9523809523809523
production_total,direct_multinomial,outer_oos,1,2025020655,2026-01-03,under,6.0,0.4801631357113077,0.4228910412332931,0.09694582305539917,0.5317102206823235,0.5348837209302326,False,-0.0053578797451994675,1.8695652173913042,0.0,1.0,0.0,-1.0
production_total,direct_multinomial,outer_oos,1,2025020656,2026-01-03,over,6.0,0.455649611218662,0.4531533806094259,0.09119700817191215,0.5013733617911044,0.5121951219512195,False,-0.019201369924985945,1.9523809523809523,0.0,1.0,0.0,-1.0
production_total,direct_multinomial,outer_oos,1,2025020656,2026-01-03,under,6.0,0.4531533806094259,0.455649611218662,0.09119700817191215,0.49862663820889563,0.5348837209302326,False,-0.06160319329742214,1.8695652173913042,1.0,0.0,0.0,0.8695652173913042
production_total,direct_multinomial,outer_oos,1,2025020657,2026-01-04,over,6.0,0.44920018393142497,0.45847367622876684,0.09232613983980828,0.49489161652418573,0.5121951219512195,False,-0.030663977246457363,1.9523809523809523,1.0,0.0,0.0,0.9523809523809523
production_total,direct_multinomial,outer_oos,1,2025020657,2026-01-04,under,6.0,0.45847367622876684,0.44920018393142497,0.09232613983980828,0.5051083834758144,0.5348837209302326,False,-0.050527421993366906,1.8695652173913042,0.0,1.0,0.0,-1.0
production_total,direct_multinomial,outer_oos,1,2025020658,2026-01-04,over,6.0,0.560343743484897,0.36662372967632817,0.0730325268387748,0.604491268257735,0.574468085106383,True,0.04844570994211406,1.7407407407407407,1.0,0.0,0.0,0.7407407407407407
production_total,direct_multinomial,outer_oos,1,2025020658,2026-01-04,under,6.0,0.36662372967632817,0.560343743484897,0.0730325268387748,0.3955087317422649,0.47619047619047616,False,-0.15705764084093599,2.1,0.0,1.0,0.0,-1.0
production_total,direct_multinomial,outer_oos,1,2025020659,2026-01-04,over,6.0,0.4893514261766562,0.42533173309735706,0.08531684072598673,0.5349955568932262,0.5454545454545454,False,-0.017538877950143472,1.8333333333333335,0.0,1.0,0.0,-1.0
production_total,direct_multinomial,outer_oos,1,2025020659,2026-01-04,under,6.0,0.42533173309735706,0.4893514261766562,0.08531684072598673,0.46500444310677386,0.5,False,-0.06401969307929917,2.0,1.0,0.0,0.0,1.0
production_total,direct_multinomial,outer_oos,1,2025020660,2026-01-04,over,6.0,0.5441722055782766,0.3800084974190823,0.07581929700264115,0.588815806057608,0.5454545454545454,True,0.07346834056281493,1.8333333333333335,0.0,1.0,0.0,-1.0
production_total,direct_multinomial,outer_oos,1,2025020660,2026-01-04,under,6.0,0.3800084974190823,0.5441722055782766,0.07581929700264115,0.41118419394239214,0.5,False,-0.1641637081591943,2.0,1.0,0.0,0.0,1.0
production_total,direct_multinomial,outer_oos,1,2025020661,2026-01-04,over,6.0,0.4842932769967777,0.42950945374368826,0.08619726925953398,0.5299757384226119,0.5238095238095238,True,0.010757161707927898,1.9090909090909092,0.0,1.0,0.0,-1.0
production_total,direct_multinomial,outer_oos,1,2025020661,2026-01-04,under,6.0,0.42950945374368826,0.4842932769967777,0.08619726925953398,0.470024261577388,0.5238095238095238,False,-0.09383013722978834,1.9090909090909092,1.0,0.0,0.0,0.9090909090909092
production_total,direct_multinomial,outer_oos,1,2025020662,2026-01-05,over,5.5,0.4280305115929005,0.5719694884060995,9.999999999990001e-13,0.42803051159332856,0.5348837209302326,False,-0.1997690435427078,1.8695652173913042,0.0,1.0,0.0,-1.0
production_total,direct_multinomial,outer_oos,1,2025020662,2026-01-05,under,5.5,0.5719694884060995,0.4280305115929005,9.999999999990001e-13,0.5719694884066715,0.5121951219512195,True,0.1167023345081466,1.9523809523809523,1.0,0.0,0.0,0.9523809523809523
production_total,direct_multinomial,outer_oos,1,2025020663,2026-01-05,over,6.5,0.535589670510132,0.4644103294888679,9.99999999999e-13,0.5355896705106675,0.5,True,0.07117934102126405,2.0,1.0,0.0,0.0,1.0
production_total,direct_multinomial,outer_oos,1,2025020663,2026-01-05,under,6.5,0.4644103294888679,0.535589670510132,9.99999999999e-13,0.4644103294893323,0.5454545454545454,False,-0.14858106260274195,1.8333333333333335,0.0,1.0,0.0,-1.0
production_total,direct_multinomial,outer_oos,1,2025020664,2026-01-05,over,6.0,0.4568938786061646,0.4521268063851821,0.09097931500865343,0.5026220922690159,0.5412844036697247,False,-0.06492860417656804,1.847457627118644,1.0,0.0,0.0,0.847457627118644
production_total,direct_multinomial,outer_oos,1,2025020664,2026-01-05,under,6.0,0.4521268063851821,0.4568938786061646,0.09097931500865343,0.4973779077309843,0.504950495049505,False,-0.013632303718731142,1.9803921568627452,0.0,1.0,0.0,-1.0
production_total,direct_multinomial,outer_oos,1,2025020665,2026-01-05,over,5.5,0.39869824522266906,0.6013017547763311,9.999999999990001e-13,0.39869824522306774,0.5412844036697247,False,-0.2634218859435607,1.847457627118644,1.0,0.0,0.0,0.847457627118644
production_total,direct_multinomial,outer_oos,1,2025020665,2026-01-05,under,5.5,0.6013017547763311,0.39869824522266906,9.999999999990001e-13,0.6013017547769324,0.504950495049505,True,0.19081327906785162,1.9803921568627452,0.0,1.0,0.0,-1.0
production_total,direct_multinomial,outer_oos,1,2025020666,2026-01-05,over,5.5,0.40746420262841226,0.5925357973705877,9.99999999999e-13,0.4074642026288197,0.5348837209302326,False,-0.23821909943283798,1.8695652173913042,1.0,0.0,0.0,0.8695652173913042
production_total,direct_multinomial,outer_oos,1,2025020666,2026-01-05,under,5.5,0.5925357973705877,0.40746420262841226,9.99999999999e-13,0.5925357973711802,0.5121951219512195,True,0.156855604391195,1.9523809523809523,0.0,1.0,0.0,-1.0
production_total,direct_multinomial,outer_oos,1,2025020667,2026-01-06,over,6.0,0.5095832045001208,0.4086144098570846,0.0818023856427946,0.5549820610859029,0.5348837209302326,True,0.034501420143020434,1.8695652173913042,1.0,0.0,0.0,0.8695652173913042
production_total,direct_multinomial,outer_oos,1,2025020667,2026-01-06,under,6.0,0.4086144098570846,0.5095832045001208,0.0818023856427946,0.4450179389140972,0.5121951219512195,False,-0.12042662368384982,1.9523809523809523,0.0,1.0,0.0,-1.0
production_total,direct_multinomial,outer_oos,1,2025020668,2026-01-06,over,6.0,0.5108624377426491,0.4075570160303639,0.08158054622698704,0.5562408719065619,0.5454545454545454,True,0.018161682088510434,1.8333333333333335,0.0,0.0,1.0,0.0
production_total,direct_multinomial,outer_oos,1,2025020668,2026-01-06,under,6.0,0.4075570160303639,0.5108624377426491,0.08158054622698704,0.4437591280934381,0.5,False,-0.10330542171228518,2.0,0.0,0.0,1.0,0.0
production_total,direct_multinomial,outer_oos,1,2025020669,2026-01-06,over,5.5,0.4661772869538396,0.5338227130451604,9.999999999990001e-13,0.46617728695430577,0.5412844036697247,False,-0.13875721562665227,1.847457627118644,1.0,0.0,0.0,0.847457627118644
production_total,direct_multinomial,outer_oos,1,2025020669,2026-01-06,under,5.5,0.5338227130451604,0.4661772869538396,9.999999999990001e-13,0.5338227130456942,0.504950495049505,True,0.05717831407082746,1.9803921568627452,0.0,1.0,0.0,-1.0
production_total,direct_multinomial,outer_oos,1,2025020670,2026-01-06,over,6.0,0.50763489976962,0.4102247627086674,0.0821403375217126,0.5530637422271821,0.5348837209302326,True,0.031196889264915095,1.8695652173913042,1.0,0.0,0.0,0.8695652173913042
production_total,direct_multinomial,outer_oos,1,2025020670,2026-01-06,under,6.0,0.4102247627086674,0.50763489976962,0.0821403375217126,0.4469362577728178,0.5121951219512195,False,-0.11694464957088907,1.9523809523809523,0.0,1.0,0.0,-1.0
production_total,direct_multinomial,outer_oos,1,2025020671,2026-01-06,over,6.0,0.5117556809880156,0.40681864928522304,0.08142566972676128,0.557119510226014,0.5238095238095238,True,0.058413787976609344,1.9090909090909092,1.0,0.0,0.0,0.9090909090909092
production_total,direct_multinomial,outer_oos,1,2025020671,2026-01-06,under,6.0,0.40681864928522304,0.5117556809880156,0.08142566972676128,0.44288048977398586,0.5238095238095238,False,-0.1419205452741764,1.9090909090909092,0.0,1.0,0.0,-1.0
production_total,direct_multinomial,outer_oos,1,2025020672,2026-01-06,over,6.0,0.44678309104862124,0.4604672661020233,0.09274964284935552,0.4924584350143552,0.5121951219512195,False,-0.03495956034143166,1.9523809523809523,0.0,1.0,0.0,-1.0
production_total,direct_multinomial,outer_oos,1,2025020672,2026-01-06,under,6.0,0.4604672661020233,0.44678309104862124,0.09274964284935552,0.5075415649856448,0.5348837209302326,False,-0.046376772699035784,1.8695652173913042,1.0,0.0,0.0,0.8695652173913042
production_total,direct_multinomial,outer_oos,1,2025020673,2026-01-06,over,6.0,0.44333288887060923,0.4633126361180023,0.09335447501138859,0.48898150010300667,0.5238095238095238,False,-0.0602827371447211,1.9090909090909092,1.0,0.0,0.0,0.9090909090909092
production_total,direct_multinomial,outer_oos,1,2025020673,2026-01-06,under,6.0,0.4633126361180023,0.44333288887060923,0.09335447501138859,0.5110184998969934,0.5238095238095238,False,-0.022139583308788957,1.9090909090909092,0.0,1.0,0.0,-1.0
production_total,direct_multinomial,outer_oos,1,2025020674,2026-01-06,over,6.0,0.5178146348260588,0.40180967381983174,0.08037569135410937,0.5630719305240199,0.574468085106383,False,-0.018243277652380763,1.7407407407407407,1.0,0.0,0.0,0.7407407407407407
production_total,direct_multinomial,outer_oos,1,2025020674,2026-01-06,under,6.0,0.40180967381983174,0.5178146348260588,0.08037569135410937,0.43692806947597995,0.47619047619047616,False,-0.07582399362424386,2.1,0.0,1.0,0.0,-1.0
production_total,direct_multinomial,outer_oos,1,2025020675,2026-01-06,over,6.5,0.4920569417235377,0.5079430582754622,9.99999999999e-13,0.49205694172402975,0.5348837209302326,False,-0.08006745677673377,1.8695652173913042,1.0,0.0,0.0,0.8695652173913042
production_total,direct_multinomial,outer_oos,1,2025020675,2026-01-06,under,6.5,0.5079430582754622,0.4920569417235377,9.99999999999e-13,0.5079430582759701,0.5121951219512195,False,-0.008301648127859496,1.9523809523809523,0.0,1.0,0.0,-1.0
production_total,direct_multinomial,outer_oos,1,2025020676,2026-01-06,over,6.0,0.40299137012723873,0.496553279606666,0.1004553502660953,0.44799484966804937,0.5121951219512195,False,-0.1127519747235815,1.9523809523809523,1.0,0.0,0.0,0.9523809523809523
production_total,direct_multinomial,outer_oos,1,2025020676,2026-01-06,under,6.0,0.496553279606666,0.40299137012723873,0.1004553502660953,0.5520051503319507,0.5348837209302326,True,0.028794090400296846,1.8695652173913042,0.0,1.0,0.0,-1.0
production_total,direct_multinomial,outer_oos,1,2025020677,2026-01-07,over,6.0,0.5089872137852917,0.40910703123038605,0.08190575498432223,0.5543953864742939,0.5121951219512195,True,0.0756426961841774,1.9523809523809523,0.0,1.0,0.0,-1.0
production_total,direct_multinomial,outer_oos,1,2025020677,2026-01-07,under,6.0,0.40910703123038605,0.5089872137852917,0.08190575498432223,0.4456046135257062,0.5348837209302326,False,-0.1532419692371299,1.8695652173913042,1.0,0.0,0.0,0.8695652173913042
production_total,direct_multinomial,outer_oos,1,2025020678,2026-01-07,over,6.0,0.45135265005997954,0.45669819483458357,0.09194915510543696,0.49705658289694965,0.5238095238095238,False,-0.04637760387096579,1.9090909090909092,0.0,1.0,0.0,-1.0
production_total,direct_multinomial,outer_oos,1,2025020678,2026-01-07,under,6.0,0.45669819483458357,0.45135265005997954,0.09194915510543696,0.5029434171030505,0.5238095238095238,False,-0.03617247293763082,1.9090909090909092,1.0,0.0,0.0,0.9090909090909092
production_total,direct_multinomial,outer_oos,1,2025020679,2026-01-07,over,5.5,0.47480810330518675,0.5251918966938132,9.99999999999e-13,0.47480810330566153,0.504950495049505,False,-0.05969375619853201,1.9803921568627452,1.0,0.0,0.0,0.9803921568627452
production_total,direct_multinomial,outer_oos,1,2025020679,2026-01-07,under,5.5,0.5251918966938132,0.47480810330518675,9.99999999999e-13,0.5251918966943383,0.5412844036697247,False,-0.029730224751107814,1.847457627118644,0.0,1.0,0.0,-1.0
production_total,direct_multinomial,outer_oos,1,2025020680,2026-01-07,over,6.0,0.45898706099614456,0.45039973462602917,0.09061320437782631,0.504721492774832,0.5238095238095238,False,-0.03313877008407956,1.9090909090909092,0.0,1.0,0.0,-1.0
production_total,direct_multinomial,outer_oos,1,2025020680,2026-01-07,under,6.0,0.45039973462602917,0.45898706099614456,0.09061320437782631,0.49527850722516803,0.5238095238095238,False,-0.049532756790663435,1.9090909090909092,1.0,0.0,0.0,0.9090909090909092
production_total,direct_multinomial,outer_oos,1,2025020681,2026-01-07,over,6.0,0.41669106102163317,0.4852711410791529,0.09803779789921382,0.46198284146620117,0.5121951219512195,False,-0.0884225115347404,1.9523809523809523,1.0,0.0,0.0,0.9523809523809523
production_total,direct_multinomial,outer_oos,1,2025020681,2026-01-07,under,6.0,0.4852711410791529,0.41669106102163317,0.09803779789921382,0.5380171585337988,0.5348837209302326,True,0.005283844264586723,1.8695652173913042,0.0,1.0,0.0,-1.0
production_total,direct_multinomial,outer_oos,1,2025020682,2026-01-08,over,5.5,0.40030964741287756,0.5996903525861224,9.99999999999e-13,0.40030964741327785,0.5412844036697247,False,-0.26044488867690413,1.847457627118644,0.0,1.0,0.0,-1.0
production_total,direct_multinomial,outer_oos,1,2025020682,2026-01-08,under,5.5,0.5996903525861224,0.40030964741287756,9.99999999999e-13,0.599690352586722,0.504950495049505,True,0.1876220708088111,1.9803921568627452,1.0,0.0,0.0,0.9803921568627452
production_total,direct_multinomial,outer_oos,1,2025020683,2026-01-08,over,6.0,0.4395304032658018,0.4664480983298834,0.09402149840431483,0.4851444073911953,0.5238095238095238,False,-0.06687500445188171,1.9090909090909092,1.0,0.0,0.0,0.9090909090909092
production_total,direct_multinomial,outer_oos,1,2025020683,2026-01-08,under,6.0,0.4664480983298834,0.4395304032658018,0.09402149840431483,0.5148555926088046,0.5238095238095238,False,-0.01548667751136229,1.9090909090909092,0.0,1.0,0.0,-1.0
production_total,direct_multinomial,outer_oos,1,2025020684,2026-01-08,over,6.0,0.51160149713855,0.4069461012363741,0.08145240162507589,0.5569678675810215,0.5238095238095238,True,0.05814616888958046,1.9090909090909092,0.0,0.0,1.0,0.0
production_total,direct_multinomial,outer_oos,1,2025020684,2026-01-08,under,6.0,0.4069461012363741,0.51160149713855,0.08145240162507589,0.44303213241897854,0.5238095238095238,False,-0.14165049601457347,1.9090909090909092,0.0,0.0,1.0,0.0
production_total,direct_multinomial,outer_oos,1,2025020685,2026-01-08,over,6.0,0.44252621869616193,0.46397784028853345,0.09349594101530465,0.48816793958076826,0.5412844036697247,False,-0.08895562105449795,1.847457627118644,1.0,0.0,0.0,0.847457627118644
production_total,direct_multinomial,outer_oos,1,2025020685,2026-01-08,under,6.0,0.46397784028853345,0.44252621869616193,0.09349594101530465,0.5118320604192318,0.504950495049505,True,0.012354016880831653,1.9803921568627452,0.0,1.0,0.0,-1.0
production_total,direct_multinomial,outer_oos,1,2025020686,2026-01-08,over,6.0,0.4480356711935451,0.4594341753760548,0.09253015343040015,0.4937196237287674,0.5454545454545454,False,-0.08607111604810047,1.8333333333333335,0.0,1.0,0.0,-1.0
production_total,direct_multinomial,outer_oos,1,2025020686,2026-01-08,under,6.0,0.4594341753760548,0.4480356711935451,0.09253015343040015,0.5062803762712327,0.5,True,0.011398504182509706,2.0,1.0,0.0,0.0,1.0
production_total,direct_multinomial,outer_oos,1,2025020687,2026-01-08,over,6.0,0.5190451795569313,0.40079225529431983,0.08016256514874887,0.5642792518450471,0.5238095238095238,True,0.07106699884834505,1.9090909090909092,0.0,1.0,0.0,-1.0
production_total,direct_multinomial,outer_oos,1,2025020687,2026-01-08,under,6.0,0.40079225529431983,0.5190451795569313,0.08016256514874887,0.4357207481549528,0.5238095238095238,False,-0.1546885838348223,1.9090909090909092,1.0,0.0,0.0,0.9090909090909092
production_total,direct_multinomial,outer_oos,1,2025020688,2026-01-08,over,6.5,0.5468638074418811,0.45313619255711884,9.99999999999e-13,0.546863807442428,0.5348837209302326,True,0.02239755304451685,1.8695652173913042,1.0,0.0,0.0,0.8695652173913042
production_total,direct_multinomial,outer_oos,1,2025020688,2026-01-08,under,6.5,0.45313619255711884,0.5468638074418811,9.99999999999e-13,0.453136192557572,0.5121951219512195,False,-0.11530552881605366,1.9523809523809523,0.0,1.0,0.0,-1.0
production_total,direct_multinomial,outer_oos,1,2025020689,2026-01-08,over,5.5,0.4674911639583649,0.532508836040635,9.99999999999e-13,0.46749116395883233,0.5412844036697247,False,-0.1363298835335462,1.847457627118644,0.0,1.0,0.0,-1.0
production_total,direct_multinomial,outer_oos,1,2025020689,2026-01-08,under,5.5,0.532508836040635,0.4674911639583649,9.99999999999e-13,0.5325088360411675,0.504950495049505,True,0.0545763223559832,1.9803921568627452,1.0,0.0,0.0,0.9803921568627452
production_total,direct_multinomial,outer_oos,1,2025020690,2026-01-08,over,6.0,0.5142836147706733,0.40472890961870345,0.08098747561062322,0.5596045767846101,0.5238095238095238,True,0.06280164926372689,1.9090909090909092,1.0,0.0,0.0,0.9090909090909092
production_total,direct_multinomial,outer_oos,1,2025020690,2026-01-08,under,6.0,0.40472890961870345,0.5142836147706733,0.08098747561062322,0.44039542321538994,0.5238095238095238,False,-0.1463482423900338,1.9090909090909092,0.0,1.0,0.0,-1.0
production_total,direct_multinomial,outer_oos,1,2025020691,2026-01-08,over,6.0,0.48279048717759826,0.43075052605341,0.08645898676899175,0.5284825532573155,0.5121951219512195,True,0.029049937925254954,1.9523809523809523,1.0,0.0,0.0,0.9523809523809523
production_total,direct_multinomial,outer_oos,1,2025020691,2026-01-08,under,6.0,0.43075052605341,0.48279048717759826,0.08645898676899175,0.4715174467426846,0.5348837209302326,False,-0.10822481234854614,1.8695652173913042,0.0,1.0,0.0,-1.0
production_total,direct_multinomial,outer_oos,1,2025020692,2026-01-08,over,6.0,0.5346461826173193,0.3878898458513143,0.07746397153136647,0.5795396235145492,0.574468085106383,True,0.00814436349484815,1.7407407407407407,1.0,0.0,0.0,0.7407407407407407
production_total,direct_multinomial,outer_oos,1,2025020692,2026-01-08,under,6.0,0.3878898458513143,0.5346461826173193,0.07746397153136647,0.4204603764854509,0.47619047619047616,False,-0.10796735218087355,2.1,0.0,1.0,0.0,-1.0
production_total,direct_multinomial,outer_oos,1,2025020693,2026-01-08,over,6.0,0.47314729645000164,0.4387127694030654,0.08813993414693289,0.5188814755335962,0.5121951219512195,True,0.011903703406459909,1.9523809523809523,0.0,1.0,0.0,-1.0
production_total,direct_multinomial,outer_oos,1,2025020693,2026-01-08,under,6.0,0.4387127694030654,0.47314729645000164,0.08813993414693289,0.48111852446640374,0.5348837209302326,False,-0.09165793175168396,1.8695652173913042,1.0,0.0,0.0,0.8695652173913042
production_total,direct_multinomial,outer_oos,1,2025020694,2026-01-09,over,6.0,0.5373487887368381,0.3856540826330549,0.07699712863010699,0.5821745580697071,0.5121951219512195,True,0.12610666854488617,1.9523809523809523,0.0,0.0,1.0,0.0
production_total,direct_multinomial,outer_oos,1,2025020694,2026-01-09,under,6.0,0.3856540826330549,0.5373487887368381,0.07699712863010699,0.417825441930293,0.5348837209302326,False,-0.20199741253418174,1.8695652173913042,0.0,0.0,1.0,0.0
production_total,direct_multinomial,outer_oos,1,2025020695,2026-01-09,over,6.0,0.4029950013473555,0.49655029005296686,0.10045470859967758,0.44799856683148553,0.5121951219512195,False,-0.11274552686500927,1.9523809523809523,0.0,0.0,1.0,0.0
production_total,direct_multinomial,outer_oos,1,2025020695,2026-01-09,under,6.0,0.49655029005296686,0.4029950013473555,0.10045470859967758,0.5520014331685144,0.5348837209302326,True,0.028787859568267793,1.8695652173913042,0.0,0.0,1.0,0.0
production_total,direct_multinomial,outer_oos,1,2025020696,2026-01-09,over,5.5,0.4703677764736399,0.52963222352536,9.99999999999e-13,0.47036777647411027,0.5238095238095238,False,-0.10202515400386913,1.9090909090909092,1.0,0.0,0.0,0.9090909090909092
production_total,direct_multinomial,outer_oos,1,2025020696,2026-01-09,under,5.5,0.52963222352536,0.4703677764736399,9.99999999999e-13,0.5296322235258896,0.5238095238095238,True,0.011116063094869177,1.9090909090909092,0.0,1.0,0.0,-1.0
production_total,direct_multinomial,outer_oos,1,2025020697,2026-01-10,over,5.5,0.37820086473075787,0.621799135268242,9.99999999999e-13,0.37820086473113607,0.5555555555555556,False,-0.3192384434836357,1.8,1.0,0.0,0.0,0.8
production_total,direct_multinomial,outer_oos,1,2025020697,2026-01-10,under,5.5,0.621799135268242,0.37820086473075787,9.99999999999e-13,0.6217991352688639,0.48780487804878053,True,0.27468822730089615,2.05,0.0,1.0,0.0,-1.0
production_total,direct_multinomial,outer_oos,1,2025020698,2026-01-10,over,6.0,0.4954119679576981,0.42032515104068274,0.08426288100161913,0.5409980197150598,0.5348837209302326,True,0.010467864574706831,1.8695652173913042,0.0,1.0,0.0,-1.0
production_total,direct_multinomial,outer_oos,1,2025020698,2026-01-10,under,6.0,0.42032515104068274,0.4954119679576981,0.08426288100161913,0.4590019802849402,0.5121951219512195,False,-0.09510230029990502,1.9523809523809523,1.0,0.0,0.0,0.9523809523809523
production_total,direct_multinomial,outer_oos,1,2025020699,2026-01-10,over,6.5,0.5525868521822932,0.4474131478167067,9.99999999999e-13,0.5525868521828458,0.574468085106383,False,-0.03808955360760069,1.7407407407407407,0.0,1.0,0.0,-1.0
production_total,direct_multinomial,outer_oos,1,2025020699,2026-01-10,under,6.5,0.4474131478167067,0.5525868521822932,9.99999999999e-13,0.44741314781715413,0.47619047619047616,False,-0.06043238958391578,2.1,1.0,0.0,0.0,1.1
production_total,direct_multinomial,outer_oos,1,2025020700,2026-01-10,over,6.5,0.4185567974883604,0.5814432025106397,9.999999999990001e-13,0.41855679748877894,0.5238095238095238,False,-0.20093702297576665,1.9090909090909092,1.0,0.0,0.0,0.9090909090909092
production_total,direct_multinomial,outer_oos,1,2025020700,2026-01-10,under,6.5,0.5814432025106397,0.4185567974883604,9.999999999990001e-13,0.5814432025112212,0.5238095238095238,True,0.11002793206676675,1.9090909090909092,0.0,1.0,0.0,-1.0
production_total,direct_multinomial,outer_oos,1,2025020701,2026-01-10,over,6.5,0.5039623041203143,0.49603769587868557,9.99999999999e-13,0.5039623041208182,0.5555555555555556,False,-0.09286785258243413,1.8,1.0,0.0,0.0,0.8
production_total,direct_multinomial,outer_oos,1,2025020701,2026-01-10,under,6.5,0.49603769587868557,0.5039623041203143,9.99999999999e-13,0.4960376958791816,0.48780487804878053,True,0.01687727655230542,2.05,0.0,1.0,0.0,-1.0
production_total,direct_multinomial,outer_oos,1,2025020702,2026-01-10,over,6.0,0.5032891121970707,0.4138163615722298,0.08289452623069955,0.5487799676176331,0.5121951219512195,True,0.06550660242498041,1.9523809523809523,0.0,1.0,0.0,-1.0
production_total,direct_multinomial,outer_oos,1,2025020702,2026-01-10,under,6.0,0.4138163615722298,0.5032891121970707,0.08289452623069955,0.451220032382367,0.5348837209302326,False,-0.1434487977864362,1.8695652173913042,1.0,0.0,0.0,0.8695652173913042
production_total,direct_multinomial,outer_oos,1,2025020703,2026-01-10,over,6.0,0.49089887558630935,0.42405349082597005,0.08504763358772072,0.5365294343258842,0.5348837209302326,True,0.002815096640385817,1.8695652173913042,0.0,1.0,0.0,-1.0
production_total,direct_multinomial,outer_oos,1,2025020703,2026-01-10,under,6.0,0.42405349082597005,0.49089887558630935,0.08504763358772072,0.46347056567411593,0.5121951219512195,False,-0.08703840813300456,1.9523809523809523,1.0,0.0,0.0,0.9523809523809523
production_total,direct_multinomial,outer_oos,1,2025020704,2026-01-10,over,6.0,0.4022208608588406,0.4971876229148972,0.1005915162262622,0.4472059893978345,0.5238095238095238,False,-0.13153229486140572,1.9090909090909092,0.0,1.0,0.0,-1.0
production_total,direct_multinomial,outer_oos,1,2025020704,2026-01-10,under,6.0,0.4971876229148972,0.4022208608588406,0.1005915162262622,0.5527940106021655,0.5238095238095238,True,0.04976788724561143,1.9090909090909092,1.0,0.0,0.0,0.9090909090909092
production_total,direct_multinomial,outer_oos,1,2025020705,2026-01-10,over,6.0,0.4325256458983389,0.4722228875774794,0.09525146652418173,0.4780617264298658,0.5348837209302326,False,-0.09611363027457603,1.8695652173913042,1.0,0.0,0.0,0.8695652173913042
production_total,direct_multinomial,outer_oos,1,2025020705,2026-01-10,under,6.0,0.4722228875774794,0.4325256458983389,0.09525146652418173,0.5219382735701342,0.5121951219512195,True,0.01721043750878426,1.9523809523809523,0.0,1.0,0.0,-1.0
production_total,direct_multinomial,outer_oos,1,2025020706,2026-01-10,over,6.0,0.5121389821846952,0.4065018008478399,0.08135921696746491,0.5574964574227455,0.5412844036697247,True,0.027514285749359435,1.847457627118644,0.0,1.0,0.0,-1.0
production_total,direct_multinomial,outer_oos,1,2025020706,2026-01-10,under,6.0,0.4065018008478399,0.5121389821846952,0.08135921696746491,0.4425035425772546,0.504950495049505,False,-0.1136078048828914,1.9803921568627452,1.0,0.0,0.0,0.9803921568627452
production_total,direct_multinomial,outer_oos,1,2025020707,2026-01-10,over,6.0,0.48429031167054754,0.42951190270851164,0.08619778562094073,0.5299727928538992,0.5238095238095238,True,0.010752016991986135,1.9090909090909092,0.0,1.0,0.0,-1.0
production_total,direct_multinomial,outer_oos,1,2025020707,2026-01-10,under,6.0,0.42951190270851164,0.48429031167054754,0.08619778562094073,0.47002720714610075,0.5238095238095238,False,-0.09382494557190058,1.9090909090909092,1.0,0.0,0.0,0.9090909090909092
production_total,direct_multinomial,outer_oos,1,2025020708,2026-01-10,over,5.5,0.4781147276151222,0.5218852723838777,9.99999999999e-13,0.4781147276156003,0.5412844036697247,False,-0.11670329982868943,1.847457627118644,1.0,0.0,0.0,0.847457627118644
production_total,direct_multinomial,outer_oos,1,2025020708,2026-01-10,under,5.5,0.5218852723838777,0.4781147276151222,9.99999999999e-13,0.5218852723843996,0.504950495049505,True,0.033537500212208915,1.9803921568627452,0.0,1.0,0.0,-1.0
production_total,direct_multinomial,outer_oos,1,2025020709,2026-01-10,over,6.0,0.4860322737071104,0.4280732308847107,0.08589449540817895,0.5317026002640036,0.5238095238095238,True,0.013774290667207867,1.9090909090909092,1.0,0.0,0.0,0.9090909090909092
production_total,direct_multinomial,outer_oos,1,2025020709,2026-01-10,under,6.0,0.4280732308847107,0.4860322737071104,0.08589449540817895,0.46829739973599643,0.5238095238095238,False,-0.09687479108464608,1.9090909090909092,0.0,1.0,0.0,-1.0
production_total,direct_multinomial,outer_oos,1,2025020710,2026-01-10,over,5.5,0.4416926407821478,0.5583073592168523,9.999999999990001e-13,0.4416926407825895,0.5412844036697247,False,-0.18399156194384564,1.847457627118644,1.0,0.0,0.0,0.847457627118644
production_total,direct_multinomial,outer_oos,1,2025020710,2026-01-10,under,5.5,0.5583073592168523,0.4416926407821478,9.999999999990001e-13,0.5583073592174106,0.504950495049505,True,0.10566751531280544,1.9803921568627452,0.0,1.0,0.0,-1.0
production_total,direct_multinomial,outer_oos,2,2025020711,2026-01-11,over,5.5,0.5263324989271113,0.47366750107188876,9.999999999990001e-13,0.5263324989276377,0.5555555555555556,False,-0.05260150193019969,1.8,1.0,0.0,0.0,0.8
production_total,direct_multinomial,outer_oos,2,2025020711,2026-01-11,under,5.5,0.47366750107188876,0.5263324989271113,9.999999999990001e-13,0.47366750107236244,0.48780487804878053,False,-0.028981622801628193,2.05,0.0,1.0,0.0,-1.0
production_total,direct_multinomial,outer_oos,2,2025020712,2026-01-11,over,6.0,0.48010622994242275,0.42770950533392543,0.09218426472365178,0.5288586783487219,0.5412844036697247,False,-0.020839818942041788,1.847457627118644,0.0,1.0,0.0,-1.0
production_total,direct_multinomial,outer_oos,2,2025020712,2026-01-11,under,6.0,0.42770950533392543,0.48010622994242275,0.09218426472365178,0.47114132165127803,0.504950495049505,False,-0.06078318549739781,1.9803921568627452,1.0,0.0,0.0,0.9803921568627452
production_total,direct_multinomial,outer_oos,2,2025020713,2026-01-11,over,6.0,0.4977011326573041,0.4117124939299759,0.09058637341272002,0.5472769684846346,0.5238095238095238,True,0.04074308121302789,1.9090909090909092,0.0,1.0,0.0,-1.0
production_total,direct_multinomial,outer_oos,2,2025020713,2026-01-11,under,6.0,0.4117124939299759,0.4977011326573041,0.09058637341272002,0.4527230315153654,0.5238095238095238,False,-0.12341704726641689,1.9090909090909092,1.0,0.0,0.0,0.9090909090909092
production_total,direct_multinomial,outer_oos,2,2025020714,2026-01-11,over,6.0,0.5310088922519423,0.3816645614401224,0.08732654630793533,0.5818169577561794,0.5238095238095238,True,0.1010707951525524,1.9090909090909092,0.0,1.0,0.0,-1.0
production_total,direct_multinomial,outer_oos,2,2025020714,2026-01-11,under,6.0,0.3816645614401224,0.5310088922519423,0.08732654630793533,0.4181830422438207,0.5238095238095238,False,-0.18404110912455823,1.9090909090909092,1.0,0.0,0.0,0.9090909090909092
production_total,direct_multinomial,outer_oos,2,2025020715,2026-01-11,over,6.5,0.4958810474385874,0.5041189525604125,9.99999999999e-13,0.4958810474390833,0.5454545454545454,False,-0.09088474636158961,1.8333333333333335,1.0,0.0,0.0,0.8333333333333335
production_total,direct_multinomial,outer_oos,2,2025020715,2026-01-11,under,6.5,0.5041189525604125,0.4958810474385874,9.99999999999e-13,0.5041189525609167,0.5,True,0.008237905121825095,2.0,0.0,1.0,0.0,-1.0
production_total,direct_multinomial,outer_oos,2,2025020716,2026-01-12,over,6.0,0.46457503709832404,0.44190340618761953,0.09352155671405642,0.5125053337333212,0.5238095238095238,False,-0.01956246337096129,1.9090909090909092,1.0,0.0,0.0,0.9090909090909092
production_total,direct_multinomial,outer_oos,2,2025020716,2026-01-12,under,6.0,0.44190340618761953,0.46457503709832404,0.09352155671405642,0.4874946662666787,0.5238095238095238,False,-0.06284466783685172,1.9090909090909092,0.0,1.0,0.0,-1.0
production_total,direct_multinomial,outer_oos,2,2025020717,2026-01-12,over,6.0,0.5184383405660409,0.39296917726397546,0.08859248216998375,0.5688326357021922,0.5238095238095238,True,0.07833840506878903,1.9090909090909092,1.0,0.0,0.0,0.9090909090909092
production_total,direct_multinomial,outer_oos,2,2025020717,2026-01-12,under,6.0,0.39296917726397546,0.5184383405660409,0.08859248216998375,0.4311673642978079,0.5238095238095238,False,-0.1611936339624268,1.9090909090909092,0.0,1.0,0.0,-1.0
production_total,direct_multinomial,outer_oos,2,2025020718,2026-01-12,over,5.5,0.4995744430297014,0.5004255569692986,9.99999999999e-13,0.49957444303020093,0.5238095238095238,False,-0.04626697239684274,1.9090909090909092,1.0,0.0,0.0,0.9090909090909092
production_total,direct_multinomial,outer_oos,2,2025020718,2026-01-12,under,5.5,0.5004255569692986,0.4995744430297014,9.99999999999e-13,0.500425556969799,0.5238095238095238,False,-0.04464211851215716,1.9090909090909092,0.0,1.0,0.0,-1.0
production_total,direct_multinomial,outer_oos,2,2025020719,2026-01-12,over,6.0,0.4575780976281546,0.4483207276759751,0.09410117469587044,0.5051094944013598,0.5238095238095238,False,-0.032340638923107234,1.9090909090909092,0.0,0.0,1.0,0.0
production_total,direct_multinomial,outer_oos,2,2025020719,2026-01-12,under,6.0,0.4483207276759751,0.4575780976281546,0.09410117469587044,0.4948905055986404,0.5238095238095238,False,-0.050013799740904474,1.9090909090909092,0.0,0.0,1.0,0.0
production_total,direct_multinomial,outer_oos,2,2025020720,2026-01-12,over,6.0,0.4884615211570642,0.4201021373573094,0.09143634148562636,0.5376194794713294,0.5238095238095238,True,0.023953790967294497,1.9090909090909092,1.0,0.0,0.0,0.9090909090909092
production_total,direct_multinomial,outer_oos,2,2025020720,2026-01-12,under,6.0,0.4201021373573094,0.4884615211570642,0.09143634148562636,0.4623805205286706,0.5238095238095238,False,-0.10655048719587379,1.9090909090909092,0.0,1.0,0.0,-1.0
production_total,direct_multinomial,outer_oos,2,2025020721,2026-01-12,over,6.0,0.49730747231439426,0.4120694539457013,0.0906230737399044,0.5468661651221144,0.5121951219512195,True,0.06155671016324554,1.9523809523809523,1.0,0.0,0.0,0.9523809523809523
production_total,direct_multinomial,outer_oos,2,2025020721,2026-01-12,under,6.0,0.4120694539457013,0.49730747231439426,0.0906230737399044,0.4531338348778856,0.5348837209302326,False,-0.13898620801378447,1.8695652173913042,0.0,1.0,0.0,-1.0
production_total,direct_multinomial,outer_oos,2,2025020722,2026-01-12,over,6.0,0.5160173551207198,0.39515129067860066,0.08883135420067953,0.5663247495396913,0.5348837209302326,True,0.053559452904633875,1.8695652173913042,0.0,1.0,0.0,-1.0
production_total,direct_multinomial,outer_oos,2,2025020722,2026-01-12,under,6.0,0.39515129067860066,0.5160173551207198,0.08883135420067953,0.43367525046030875,0.5121951219512195,False,-0.13968279256967153,1.9523809523809523,1.0,0.0,0.0,0.9523809523809523
production_total,direct_multinomial,outer_oos,2,2025020723,2026-01-12,over,6.5,0.5315520095113028,0.46844799048769714,9.99999999999e-13,0.5315520095118343,0.5121951219512195,True,0.03779201857068637,1.9523809523809523,1.0,0.0,0.0,0.9523809523809523
production_total,direct_multinomial,outer_oos,2,2025020723,2026-01-12,under,6.5,0.46844799048769714,0.5315520095113028,9.99999999999e-13,0.4684479904881656,0.5348837209302326,False,-0.12420593082634879,1.8695652173913042,0.0,1.0,0.0,-1.0
production_total,direct_multinomial,outer_oos,2,2025020724,2026-01-12,over,5.5,0.49231521430764147,0.5076847856913586,9.99999999999e-13,0.4923152143081338,0.5454545454545454,False,-0.09742210710165727,1.8333333333333335,0.0,1.0,0.0,-1.0
production_total,direct_multinomial,outer_oos,2,2025020724,2026-01-12,under,5.5,0.5076847856913586,0.49231521430764147,9.99999999999e-13,0.5076847856918663,0.5,True,0.015369571383717084,2.0,1.0,0.0,0.0,1.0
production_total,direct_multinomial,outer_oos,2,2025020725,2026-01-13,over,6.0,0.46841705527879324,0.43838572613275584,0.09319721858845095,0.516558908817687,0.5238095238095238,False,-0.01255203951567102,1.9090909090909092,0.0,1.0,0.0,-1.0
production_total,direct_multinomial,outer_oos,2,2025020725,2026-01-13,under,6.0,0.43838572613275584,0.46841705527879324,0.09319721858845095,0.48344109118231315,0.5238095238095238,False,-0.06988457697628792,1.9090909090909092,1.0,0.0,0.0,0.9090909090909092
production_total,direct_multinomial,outer_oos,2,2025020726,2026-01-13,over,6.0,0.4901455751163568,0.418571218678666,0.09128320620497733,0.5393821028324892,0.5412844036697247,False,-0.0031936126478551152,1.847457627118644,0.0,1.0,0.0,-1.0
production_total,direct_multinomial,outer_oos,2,2025020726,2026-01-13,under,6.0,0.418571218678666,0.4901455751163568,0.09128320620497733,0.4606178971675109,0.504950495049505,False,-0.07978163523531173,1.9803921568627452,1.0,0.0,0.0,0.9803921568627452
production_total,direct_multinomial,outer_oos,2,2025020727,2026-01-13,over,6.0,0.5022788531426067,0.4075647118485071,0.09015643500888622,0.552049684659266,0.5348837209302326,True,0.02919950827549861,1.8695652173913042,0.0,1.0,0.0,-1.0
production_total,direct_multinomial,outer_oos,2,2025020727,2026-01-13,under,6.0,0.4075647118485071,0.5022788531426067,0.09015643500888622,0.44795031534073415,0.5121951219512195,False,-0.11412198471545704,1.9523809523809523,1.0,0.0,0.0,0.9523809523809523
production_total,direct_multinomial,outer_oos,2,2025020728,2026-01-13,over,6.0,0.5097081387214597,0.4008455330364277,0.08944632824211257,0.5597782475989939,0.5454545454545454,True,0.023911249231455434,1.8333333333333335,1.0,0.0,0.0,0.8333333333333335
production_total,direct_multinomial,outer_oos,2,2025020728,2026-01-13,under,6.0,0.4008455330364277,0.5097081387214597,0.08944632824211257,0.4402217524010061,0.5,False,-0.10886260568503198,2.0,0.0,1.0,0.0,-1.0
production_total,direct_multinomial,outer_oos,2,2025020729,2026-01-13,over,6.0,0.46463407366776305,0.44184932097162916,0.09351660536060782,0.5125676613774033,0.5121951219512195,True,0.0006593206167165855,1.9523809523809523,0.0,1.0,0.0,-1.0
production_total,direct_multinomial,outer_oos,2,2025020729,2026-01-13,under,6.0,0.44184932097162916,0.46463407366776305,0.09351660536060782,0.48743233862259666,0.5348837209302326,False,-0.0804172728228682,1.8695652173913042,1.0,0.0,0.0,0.8695652173913042
production_total,direct_multinomial,outer_oos,2,2025020730,2026-01-13,over,6.0,0.5078750533117193,0.40250199307332973,0.08962295361495087,0.5578733068110668,0.5121951219512195,True,0.08118853389021247,1.9523809523809523,0.0,1.0,0.0,-1.0
production_total,direct_multinomial,outer_oos,2,2025020730,2026-01-13,under,6.0,0.40250199307332973,0.5078750533117193,0.08962295361495087,0.4421266931889331,0.5348837209302326,False,-0.15787332020447614,1.8695652173913042,1.0,0.0,0.0,0.8695652173913042
production_total,direct_multinomial,outer_oos,2,2025020731,2026-01-13,over,6.0,0.5091569211654318,0.4013435412449692,0.08949953758959912,0.5592055602229155,0.5652173913043479,False,-0.00968437111771403,1.7692307692307692,1.0,0.0,0.0,0.7692307692307692
production_total,direct_multinomial,outer_oos,2,2025020731,2026-01-13,under,6.0,0.4013435412449692,0.5091569211654318,0.08949953758959912,0.44079443977708466,0.48780487804878053,False,-0.08774620285821422,2.05,0.0,1.0,0.0,-1.0
production_total,direct_multinomial,outer_oos,2,2025020732,2026-01-13,over,5.5,0.5287128663046509,0.47128713369434916,9.999999999990001e-13,0.5287128663051796,0.5348837209302326,False,-0.011536815168565862,1.8695652173913042,1.0,0.0,0.0,0.8695652173913042
production_total,direct_multinomial,outer_oos,2,2025020732,2026-01-13,under,5.5,0.47128713369434916,0.5287128663046509,9.999999999990001e-13,0.47128713369482045,0.5121951219512195,False,-0.07986797707193738,1.9523809523809523,0.0,1.0,0.0,-1.0
production_total,direct_multinomial,outer_oos,2,2025020733,2026-01-13,over,6.0,0.4856706228887129,0.4226410115906299,0.09168836552065719,0.5346960277208231,0.5238095238095238,True,0.018877736490018227,1.9090909090909092,1.0,0.0,0.0,0.9090909090909092
production_total,direct_multinomial,outer_oos,2,2025020733,2026-01-13,under,6.0,0.4226410115906299,0.4856706228887129,0.09168836552065719,0.4653039722791768,0.5238095238095238,False,-0.10145152144268565,1.9090909090909092,0.0,1.0,0.0,-1.0
production_total,direct_multinomial,outer_oos,2,2025020734,2026-01-13,over,6.0,0.49919499320537714,0.41035829619367903,0.09044671060094396,0.5488353448044769,0.5652173913043479,False,-0.026362147574158168,1.7692307692307692,0.0,1.0,0.0,-1.0
production_total,direct_multinomial,outer_oos,2,2025020734,2026-01-13,under,6.0,0.41035829619367903,0.49919499320537714,0.09044671060094396,0.4511646551955232,0.48780487804878053,False,-0.0683187822020142,2.05,1.0,0.0,0.0,1.0499999999999998
production_total,direct_multinomial,outer_oos,2,2025020735,2026-01-14,over,6.0,0.47980129237346253,0.42798752098827564,0.09221118663826193,0.5285384500351515,0.5121951219512195,True,0.028966090795974342,1.9523809523809523,0.0,1.0,0.0,-1.0
production_total,direct_multinomial,outer_oos,2,2025020735,2026-01-14,under,6.0,0.42798752098827564,0.47980129237346253,0.09221118663826193,0.4714615499648485,0.5348837209302326,False,-0.10763823064452727,1.8695652173913042,1.0,0.0,0.0,0.8695652173913042
production_total,direct_multinomial,outer_oos,2,2025020736,2026-01-14,over,6.0,0.4634325473492133,0.44295027603789916,0.09361717661288743,0.5112989074719955,0.5238095238095238,False,-0.021647960265887056,1.9090909090909092,1.0,0.0,0.0,0.9090909090909092
production_total,direct_multinomial,outer_oos,2,2025020736,2026-01-14,under,6.0,0.44295027603789916,0.4634325473492133,0.09361717661288743,0.4887010925280044,0.5238095238095238,False,-0.06075047822385038,1.9090909090909092,0.0,1.0,0.0,-1.0
production_total,direct_multinomial,outer_oos,2,2025020737,2026-01-14,over,6.0,0.43204762295297644,0.4718597638931251,0.09609261315389843,0.4779777544029922,0.5121951219512195,False,-0.060385837271242804,1.9523809523809523,1.0,0.0,0.0,0.9523809523809523
production_total,direct_multinomial,outer_oos,2,2025020737,2026-01-14,under,6.0,0.4718597638931251,0.43204762295297644,0.09609261315389843,0.5220222455970077,0.5348837209302326,False,-0.021734784785041594,1.8695652173913042,0.0,1.0,0.0,-1.0
production_total,direct_multinomial,outer_oos,2,2025020738,2026-01-14,over,6.0,0.4377481710972612,0.4665868029146152,0.09566502598812358,0.48405533754300245,0.5121951219512195,False,-0.04968378282198549,1.9523809523809523,0.0,1.0,0.0,-1.0
production_total,direct_multinomial,outer_oos,2,2025020738,2026-01-14,under,6.0,0.4665868029146152,0.4377481710972612,0.09566502598812358,0.5159446624569974,0.5348837209302326,False,-0.032020516388900244,1.8695652173913042,1.0,0.0,0.0,0.8695652173913042
production_total,direct_multinomial,outer_oos,2,2025020739,2026-01-15,over,6.0,0.45677629865687835,0.4490570235597822,0.09416667778333945,0.504260869471111,0.5238095238095238,False,-0.03380584296262007,1.9090909090909092,0.0,0.0,1.0,0.0
production_total,direct_multinomial,outer_oos,2,2025020739,2026-01-15,under,6.0,0.4490570235597822,0.45677629865687835,0.09416667778333945,0.49573913052888896,0.5238095238095238,False,-0.048542640875258114,1.9090909090909092,0.0,0.0,1.0,0.0
production_total,direct_multinomial,outer_oos,2,2025020740,2026-01-15,over,6.0,0.48499208036417546,0.42325861263791514,0.09174930699790942,0.5339848172987401,0.5238095238095238,True,0.017643278602244405,1.9090909090909092,1.0,0.0,0.0,0.9090909090909092
production_total,direct_multinomial,outer_oos,2,2025020740,2026-01-15,under,6.0,0.42325861263791514,0.48499208036417546,0.09174930699790942,0.46601518270125986,0.5238095238095238,False,-0.10021152342061618,1.9090909090909092,0.0,1.0,0.0,-1.0
production_total,direct_multinomial,outer_oos,2,2025020741,2026-01-15,over,6.0,0.47488867823792386,0.43247007413164196,0.0926412476304343,0.523374769899726,0.5238095238095238,False,-0.0007530939153475025,1.9090909090909092,1.0,0.0,0.0,0.9090909090909092
production_total,direct_multinomial,outer_oos,2,2025020741,2026-01-15,under,6.0,0.43247007413164196,0.47488867823792386,0.0926412476304343,0.4766252301002742,0.5238095238095238,False,-0.0817340653909766,1.9090909090909092,0.0,1.0,0.0,-1.0
production_total,direct_multinomial,outer_oos,2,2025020742,2026-01-15,over,6.5,0.5157539378760779,0.48424606212292215,9.999999999990001e-13,0.5157539378765936,0.5238095238095238,False,-0.01537884587194216,1.9090909090909092,0.0,1.0,0.0,-1.0
production_total,direct_multinomial,outer_oos,2,2025020742,2026-01-15,under,6.5,0.48424606212292215,0.5157539378760779,9.999999999990001e-13,0.4842460621234064,0.5238095238095238,False,-0.07553024503705774,1.9090909090909092,1.0,0.0,0.0,0.9090909090909092
production_total,direct_multinomial,outer_oos,2,2025020743,2026-01-15,over,6.0,0.532180664541995,0.38061297498138696,0.08720636047661806,0.5830240719248162,0.5454545454545454,True,0.06287091213694224,1.8333333333333335,0.0,1.0,0.0,-1.0
production_total,direct_multinomial,outer_oos,2,2025020743,2026-01-15,under,6.0,0.38061297498138696,0.532180664541995,0.08720636047661806,0.4169759280751838,0.5,False,-0.151567689560608,2.0,1.0,0.0,0.0,1.0
production_total,direct_multinomial,outer_oos,2,2025020744,2026-01-15,over,6.0,0.48574735249445655,0.4225711814394264,0.09168146606611707,0.5347764405848999,0.5,True,0.06317617105503015,2.0,1.0,0.0,0.0,1.0
production_total,direct_multinomial,outer_oos,2,2025020744,2026-01-15,under,6.0,0.4225711814394264,0.48574735249445655,0.09168146606611707,0.4652235594151001,0.5454545454545454,False,-0.1336047012949345,1.8333333333333335,0.0,1.0,0.0,-1.0
production_total,direct_multinomial,outer_oos,2,2025020745,2026-01-15,over,6.0,0.47918662996817746,0.4285479974067838,0.09226537262503866,0.5278928615446968,0.5238095238095238,True,0.007076211655195785,1.9090909090909092,0.0,1.0,0.0,-1.0
production_total,direct_multinomial,outer_oos,2,2025020745,2026-01-15,under,6.0,0.4285479974067838,0.47918662996817746,0.09226537262503866,0.47210713845530305,0.5238095238095238,False,-0.08959754141655579,1.9090909090909092,1.0,0.0,0.0,0.9090909090909092
production_total,direct_multinomial,outer_oos,2,2025020746,2026-01-15,over,6.0,0.48002380806001405,0.42778464785416137,0.09219154408582465,0.5287721269093308,0.5454545454545454,False,-0.027764807804149583,1.8333333333333335,0.0,1.0,0.0,-1.0
production_total,direct_multinomial,outer_oos,2,2025020746,2026-01-15,under,6.0,0.42778464785416137,0.48002380806001405,0.09219154408582465,0.47122787309066916,0.5,False,-0.052239160205852675,2.0,1.0,0.0,0.0,1.0
production_total,direct_multinomial,outer_oos,2,2025020747,2026-01-15,over,6.0,0.5139474982358917,0.39701819106118785,0.08903431070292044,0.5641787657584167,0.5348837209302326,True,0.049892676970022254,1.8695652173913042,0.0,1.0,0.0,-1.0
production_total,direct_multinomial,outer_oos,2,2025020747,2026-01-15,under,6.0,0.39701819106118785,0.5139474982358917,0.08903431070292044,0.43582123424158326,0.5121951219512195,False,-0.1358349353204747,1.9523809523809523,1.0,0.0,0.0,0.9523809523809523
production_total,direct_multinomial,outer_oos,2,2025020748,2026-01-15,over,6.0,0.4714508012400474,0.4356111043057177,0.09293809445423479,0.5197559266435985,0.5348837209302326,False,-0.025653885836111334,1.8695652173913042,1.0,0.0,0.0,0.8695652173913042
production_total,direct_multinomial,outer_oos,2,2025020748,2026-01-15,under,6.0,0.4356111043057177,0.4714508012400474,0.09293809445423479,0.4802440733564014,0.5121951219512195,False,-0.0565830828536496,1.9523809523809523,0.0,1.0,0.0,-1.0
production_total,direct_multinomial,outer_oos,2,2025020749,2026-01-16,over,6.0,0.4838915236569515,0.4242606027531522,0.09184787358989628,0.5328309096954486,0.5412844036697247,False,-0.014183040332006902,1.847457627118644,0.0,0.0,1.0,0.0
production_total,direct_multinomial,outer_oos,2,2025020749,2026-01-16,under,6.0,0.4242606027531522,0.4838915236569515,0.09184787358989628,0.4671690903045515,0.504950495049505,False,-0.0679497562519003,1.9803921568627452,0.0,0.0,1.0,0.0
production_total,direct_multinomial,outer_oos,2,2025020750,2026-01-16,over,6.0,0.48985361749186895,0.41883657070144065,0.0913098118066905,0.5390766004261733,0.5348837209302326,True,0.007123096682793151,1.8695652173913042,1.0,0.0,0.0,0.8695652173913042
production_total,direct_multinomial,outer_oos,2,2025020750,2026-01-16,under,6.0,0.41883657070144065,0.48985361749186895,0.0913098118066905,0.4609233995738268,0.5121951219512195,False,-0.09096164539525886,1.9523809523809523,0.0,1.0,0.0,-1.0
production_total,direct_multinomial,outer_oos,2,2025020751,2026-01-16,over,5.5,0.5184497759295851,0.4815502240694149,9.99999999999e-13,0.5184497759301036,0.5412844036697247,False,-0.042186007179936036,1.847457627118644,0.0,1.0,0.0,-1.0
production_total,direct_multinomial,outer_oos,2,2025020751,2026-01-16,under,5.5,0.4815502240694149,0.5184497759295851,9.99999999999e-13,0.48155022406989645,0.504950495049505,False,-0.0463417131164332,1.9803921568627452,1.0,0.0,0.0,0.9803921568627452
production_total,direct_multinomial,outer_oos,2,2025020752,2026-01-16,over,6.5,0.5186526705743522,0.4813473294246478,9.99999999999e-13,0.5186526705748709,0.5238095238095238,False,-0.009844901629782188,1.9090909090909092,1.0,0.0,0.0,0.9090909090909092
production_total,direct_multinomial,outer_oos,2,2025020752,2026-01-16,under,6.5,0.4813473294246478,0.5186526705743522,9.99999999999e-13,0.48134732942512914,0.5238095238095238,False,-0.08106418927921777,1.9090909090909092,0.0,1.0,0.0,-1.0
production_total,direct_multinomial,outer_oos,2,2025020753,2026-01-16,over,6.0,0.47966275703005873,0.42811383425823313,0.09222340871170814,0.5283929566297082,0.5348837209302326,False,-0.011015784666877804,1.8695652173913042,0.0,1.0,0.0,-1.0
production_total,direct_multinomial,outer_oos,2,2025020753,2026-01-16,under,6.0,0.42811383425823313,0.47966275703005873,0.09222340871170814,0.47160704337029186,0.5121951219512195,False,-0.07193529583174146,1.9523809523809523,1.0,0.0,0.0,0.9523809523809523
production_total,direct_multinomial,outer_oos,2,2025020754,2026-01-17,over,6.0,0.4893390565313319,0.419304298938594,0.09135664453007404,0.5385380893235706,0.5348837209302326,True,0.006207924132129339,1.8695652173913042,1.0,0.0,0.0,0.8695652173913042
production_total,direct_multinomial,outer_oos,2,2025020754,2026-01-17,under,6.0,0.419304298938594,0.4893390565313319,0.09135664453007404,0.46146191067642933,0.5121951219512195,False,-0.09000162897076625,1.9523809523809523,0.0,1.0,0.0,-1.0
production_total,direct_multinomial,outer_oos,2,2025020755,2026-01-17,over,6.0,0.4486657990835207,0.4565156258853877,0.09481857503109163,0.49566394836143673,0.5348837209302326,False,-0.06637145276928275,1.8695652173913042,1.0,0.0,0.0,0.8695652173913042
production_total,direct_multinomial,outer_oos,2,2025020755,2026-01-17,under,6.0,0.4565156258853877,0.4486657990835207,0.09481857503109163,0.5043360516385633,0.5121951219512195,False,-0.01388901252600866,1.9523809523809523,0.0,1.0,0.0,-1.0
production_total,direct_multinomial,outer_oos,2,2025020756,2026-01-17,over,5.5,0.5250395898443586,0.4749604101546413,9.99999999999e-13,0.5250395898448836,0.5348837209302326,False,-0.01840424507259042,1.8695652173913042,1.0,0.0,0.0,0.8695652173913042
production_total,direct_multinomial,outer_oos,2,2025020756,2026-01-17,under,5.5,0.4749604101546413,0.5250395898443586,9.99999999999e-13,0.47496041015511625,0.5121951219512195,False,-0.0726963420780336,1.9523809523809523,0.0,1.0,0.0,-1.0
production_total,direct_multinomial,outer_oos,2,2025020757,2026-01-17,over,5.5,0.5279903583767738,0.4720096416222262,9.99999999999e-13,0.5279903583773018,0.5412844036697247,False,-0.02456018537072302,1.847457627118644,1.0,0.0,0.0,0.847457627118644
production_total,direct_multinomial,outer_oos,2,2025020757,2026-01-17,under,5.5,0.4720096416222262,0.5279903583767738,9.99999999999e-13,0.4720096416226982,0.504950495049505,False,-0.06523580776674803,1.9803921568627452,0.0,1.0,0.0,-1.0
production_total,direct_multinomial,outer_oos,2,2025020758,2026-01-17,over,6.0,0.4605918356986756,0.4455548871901363,0.09385327711118796,0.5082971930089871,0.574468085106383,False,-0.10437574963556179,1.7407407407407407,1.0,0.0,0.0,0.7407407407407407
production_total,direct_multinomial,outer_oos,2,2025020758,2026-01-17,under,6.0,0.4455548871901363,0.4605918356986756,0.09385327711118796,0.4917028069910128,0.47619047619047616,True,0.029518540210474342,2.1,0.0,1.0,0.0,-1.0
production_total,direct_multinomial,outer_oos,2,2025020759,2026-01-17,over,6.0,0.5121383778958566,0.3986508821205299,0.08921073998361356,0.5623017314528307,0.5348837209302326,True,0.04668683778891053,1.8695652173913042,0.0,1.0,0.0,-1.0
production_total,direct_multinomial,outer_oos,2,2025020759,2026-01-17,under,6.0,0.3986508821205299,0.5121383778958566,0.08921073998361356,0.43769826854716926,0.5121951219512195,False,-0.13247087111439954,1.9523809523809523,1.0,0.0,0.0,0.9523809523809523
production_total,direct_multinomial,outer_oos,2,2025020760,2026-01-17,over,6.5,0.5596441588262375,0.44035584117276244,9.99999999999e-13,0.5596441588267972,0.5348837209302326,True,0.04629125345874835,1.8695652173913042,1.0,0.0,0.0,0.8695652173913042
production_total,direct_multinomial,outer_oos,2,2025020760,2026-01-17,under,6.5,0.44035584117276244,0.5596441588262375,9.99999999999e-13,0.4403558411732028,0.5121951219512195,False,-0.14025764342360664,1.9523809523809523,0.0,1.0,0.0,-1.0
production_total,direct_multinomial,outer_oos,2,2025020761,2026-01-17,over,5.5,0.5270570968559296,0.4729429031430703,9.99999999999e-13,0.5270570968564566,0.5412844036697247,False,-0.026284346485502874,1.847457627118644,1.0,0.0,0.0,0.847457627118644
production_total,direct_multinomial,outer_oos,2,2025020761,2026-01-17,under,5.5,0.4729429031430703,0.5270570968559296,9.99999999999e-13,0.47294290314354326,0.504950495049505,False,-0.06338758397056654,1.9803921568627452,0.0,1.0,0.0,-1.0
production_total,direct_multinomial,outer_oos,2,2025020762,2026-01-17,over,5.5,0.52778952274057,0.47221047725843013,9.999999999990001e-13,0.5277895227410978,0.5412844036697247,False,-0.02493122069862508,1.847457627118644,1.0,0.0,0.0,0.847457627118644
production_total,direct_multinomial,outer_oos,2,2025020762,2026-01-17,under,5.5,0.47221047725843013,0.52778952274057,9.999999999990001e-13,0.4722104772589023,0.504950495049505,False,-0.06483807444799139,1.9803921568627452,0.0,1.0,0.0,-1.0
production_total,direct_multinomial,outer_oos,2,2025020763,2026-01-17,over,6.0,0.47090824680551735,0.43610712200750723,0.09298463118697545,0.5191844184754846,0.5454545454545454,False,-0.043683583002909365,1.8333333333333335,1.0,0.0,0.0,0.8333333333333335
production_total,direct_multinomial,outer_oos,2,2025020763,2026-01-17,under,6.0,0.43610712200750723,0.47090824680551735,0.09298463118697545,0.4808155815245154,0.5,False,-0.03480112479801012,2.0,0.0,1.0,0.0,-1.0
production_total,direct_multinomial,outer_oos,2,2025020764,2026-01-17,over,6.5,0.5550514310140913,0.4449485689849088,9.999999999990001e-13,0.5550514310146463,0.5238095238095238,True,0.059643641027901484,1.9090909090909092,0.0,1.0,0.0,-1.0
production_total,direct_multinomial,outer_oos,2,2025020764,2026-01-17,under,6.5,0.4449485689849088,0.5550514310140913,9.999999999990001e-13,0.44494856898535373,0.5238095238095238,False,-0.15055273193690139,1.9090909090909092,1.0,0.0,0.0,0.9090909090909092
production_total,direct_multinomial,outer_oos,2,2025020765,2026-01-17,over,6.0,0.4654489037508715,0.44110293365540865,0.0934481625937199,0.5134277870778569,0.5238095238095238,False,-0.017967566609161767,1.9090909090909092,1.0,0.0,0.0,0.9090909090909092
production_total,direct_multinomial,outer_oos,2,2025020765,2026-01-17,under,6.0,0.44110293365540865,0.4654489037508715,0.0934481625937199,0.4865722129221432,0.5238095238095238,False,-0.06444623679140904,1.9090909090909092,0.0,1.0,0.0,-1.0
production_total,direct_multinomial,outer_oos,2,2025020766,2026-01-17,over,6.0,0.48237484435576805,0.42564200952256853,0.0919831461216635,0.5312399679537232,0.5454545454545454,False,-0.023662972559428397,1.8333333333333335,0.0,1.0,0.0,-1.0
production_total,direct_multinomial,outer_oos,2,2025020766,2026-01-17,under,6.0,0.42564200952256853,0.48237484435576805,0.0919831461216635,0.46876003204627686,0.5,False,-0.05673283483319952,2.0,1.0,0.0,0.0,1.0
production_total,direct_multinomial,outer_oos,2,2025020767,2026-01-18,over,6.0,0.4647278598521574,0.44176340265069436,0.09350873749714815,0.5126666732220106,0.5348837209302326,False,-0.03765222017055753,1.8695652173913042,0.0,1.0,0.0,-1.0
production_total,direct_multinomial,outer_oos,2,2025020767,2026-01-18,under,6.0,0.44176340265069436,0.4647278598521574,0.09350873749714815,0.4873333267779893,0.5121951219512195,False,-0.04400080970863901,1.9523809523809523,1.0,0.0,0.0,0.9523809523809523
production_total,direct_multinomial,outer_oos,2,2025020768,2026-01-18,over,6.5,0.4946918862295282,0.5053081137694717,9.99999999999e-13,0.49469188623002286,0.5348837209302326,False,-0.0751412561785777,1.8695652173913042,1.0,0.0,0.0,0.8695652173913042
production_total,direct_multinomial,outer_oos,2,2025020768,2026-01-18,under,6.5,0.5053081137694717,0.4946918862295282,9.99999999999e-13,0.505308113769977,0.5121951219512195,False,-0.01344606359193612,1.9523809523809523,0.0,1.0,0.0,-1.0
production_total,direct_multinomial,outer_oos,2,2025020769,2026-01-18,over,6.0,0.5116103204668642,0.39912761152503556,0.0892620680081003,0.5617536093483088,0.5412844036697247,True,0.034440456667222175,1.847457627118644,0.0,1.0,0.0,-1.0
production_total,direct_multinomial,outer_oos,2,2025020769,2026-01-18,under,6.0,0.39912761152503556,0.5116103204668642,0.0892620680081003,0.43824639065169135,0.504950495049505,False,-0.12030874054035867,1.9803921568627452,1.0,0.0,0.0,0.9803921568627452
production_total,direct_multinomial,outer_oos,2,2025020770,2026-01-19,over,6.0,0.5076563952148485,0.40269964433564165,0.08964396044950995,0.5576459903155209,0.5412844036697247,True,0.02751763974473842,1.847457627118644,0.0,1.0,0.0,-1.0
production_total,direct_multinomial,outer_oos,2,2025020770,2026-01-19,under,6.0,0.40269964433564165,0.5076563952148485,0.08964396044950995,0.44235400968447924,0.504950495049505,False,-0.11285282233676841,1.9803921568627452,1.0,0.0,0.0,0.9803921568627452
production_total,direct_multinomial,outer_oos,2,2025020771,2026-01-19,over,6.0,0.5088948883354917,0.4015803092154949,0.08952480244901342,0.5589332797909562,0.5555555555555556,True,0.005535601452898442,1.8,1.0,0.0,0.0,0.8
production_total,direct_multinomial,outer_oos,2,2025020771,2026-01-19,under,6.0,0.4015803092154949,0.5088948883354917,0.08952480244901342,0.44106672020904386,0.48780487804878053,False,-0.08723556365922208,2.05,0.0,1.0,0.0,-1.0
production_total,direct_multinomial,outer_oos,2,2025020772,2026-01-19,over,6.0,0.48776301151003837,0.420737364003448,0.09149962448651362,0.5368880681357492,0.5348837209302326,True,0.003404385135715726,1.8695652173913042,1.0,0.0,0.0,0.8695652173913042
production_total,direct_multinomial,outer_oos,2,2025020772,2026-01-19,under,6.0,0.420737364003448,0.48776301151003837,0.09149962448651362,0.46311193186425087,0.5121951219512195,False,-0.08706076007818314,1.9523809523809523,0.0,1.0,0.0,-1.0
production_total,direct_multinomial,outer_oos,2,2025020773,2026-01-19,over,6.0,0.4704178444653057,0.4365555339013667,0.09302662163332755,0.5186677533054609,0.5348837209302326,False,-0.027496538714144425,1.8695652173913042,0.0,1.0,0.0,-1.0
production_total,direct_multinomial,outer_oos,2,2025020773,2026-01-19,under,6.0,0.4365555339013667,0.4704178444653057,0.09302662163332755,0.48133224669453906,0.5121951219512195,False,-0.05465066932114698,1.9523809523809523,1.0,0.0,0.0,0.9523809523809523
production_total,direct_multinomial,outer_oos,2,2025020774,2026-01-19,over,5.5,0.5412828179896129,0.45871718200938705,9.99999999999e-13,0.5412828179901541,0.5555555555555556,False,-0.025690927617696757,1.8,1.0,0.0,0.0,0.8
production_total,direct_multinomial,outer_oos,2,2025020774,2026-01-19,under,5.5,0.45871718200938705,0.5412828179896129,9.99999999999e-13,0.45871718200984574,0.48780487804878053,False,-0.05962977687975657,2.05,0.0,1.0,0.0,-1.0
production_total,direct_multinomial,outer_oos,2,2025020775,2026-01-19,over,6.0,0.46486481368536026,0.4416379426770708,0.09349724363756896,0.5128112522798569,0.504950495049505,True,0.014111874661517698,1.9803921568627452,0.0,1.0,0.0,-1.0
production_total,direct_multinomial,outer_oos,2,2025020775,2026-01-19,under,6.0,0.4416379426770708,0.46486481368536026,0.09349724363756896,0.48718874772014314,0.5412844036697247,False,-0.09059537073869012,1.847457627118644,1.0,0.0,0.0,0.847457627118644
production_total,direct_multinomial,outer_oos,2,2025020776,2026-01-19,over,6.0,0.4810915436119194,0.42681136258959257,0.09209709379848804,0.5298931640440632,0.5454545454545454,False,-0.025901742912992964,1.8333333333333335,0.0,1.0,0.0,-1.0
production_total,direct_multinomial,outer_oos,2,2025020776,2026-01-19,under,6.0,0.42681136258959257,0.4810915436119194,0.09209709379848804,0.47010683595593694,0.5,False,-0.054280181022326845,2.0,1.0,0.0,0.0,1.0
production_total,direct_multinomial,outer_oos,2,2025020777,2026-01-19,over,6.0,0.4788985093974442,0.4288107555719439,0.09229073503061193,0.52759019641999,0.5348837209302326,False,-0.012377269139383806,1.8695652173913042,0.0,1.0,0.0,-1.0
production_total,direct_multinomial,outer_oos,2,2025020777,2026-01-19,under,6.0,0.4288107555719439,0.4788985093974442,0.09229073503061193,0.47240980358001006,0.5121951219512195,False,-0.07050731361464052,1.9523809523809523,1.0,0.0,0.0,0.9523809523809523
production_total,direct_multinomial,outer_oos,2,2025020778,2026-01-19,over,6.0,0.5024649421829159,0.40739622329429315,0.09013883452279092,0.5522435303845289,0.5121951219512195,True,0.0711418168799125,1.9523809523809523,1.0,0.0,0.0,0.9523809523809523
production_total,direct_multinomial,outer_oos,2,2025020778,2026-01-19,under,6.0,0.40739622329429315,0.5024649421829159,0.09013883452279092,0.44775646961547116,0.5348837209302326,False,-0.1482073567096176,1.8695652173913042,0.0,1.0,0.0,-1.0
production_total,direct_multinomial,outer_oos,2,2025020779,2026-01-19,over,6.5,0.5146948859199707,0.48530511407902927,9.99999999999e-13,0.5146948859204854,0.5238095238095238,False,-0.01740067233360132,1.9090909090909092,1.0,0.0,0.0,0.9090909090909092
production_total,direct_multinomial,outer_oos,2,2025020779,2026-01-19,under,6.5,0.48530511407902927,0.5146948859199707,9.99999999999e-13,0.48530511407951454,0.5238095238095238,False,-0.07350841857539858,1.9090909090909092,0.0,1.0,0.0,-1.0
production_total,direct_multinomial,outer_oos,2,2025020780,2026-01-20,over,6.0,0.4893009417388394,0.4193389476787739,0.09136011058238665,0.5384981965214554,0.5121951219512195,True,0.04666194921535888,1.9523809523809523,1.0,0.0,0.0,0.9523809523809523
production_total,direct_multinomial,outer_oos,2,2025020780,2026-01-20,under,6.0,0.4193389476787739,0.4893009417388394,0.09136011058238665,0.46150180347854464,0.5348837209302326,False,-0.12465837853990569,1.8695652173913042,0.0,1.0,0.0,-1.0
production_total,direct_multinomial,outer_oos,2,2025020781,2026-01-20,over,6.0,0.4762309877473316,0.431244588328058,0.09252442392461045,0.5247865620878904,0.5652173913043479,False,-0.06491305929164914,1.7692307692307692,0.0,1.0,0.0,-1.0
production_total,direct_multinomial,outer_oos,2,2025020781,2026-01-20,under,6.0,0.431244588328058,0.4762309877473316,0.09252442392461045,0.47521343791210957,0.48780487804878053,False,-0.023424170002870726,2.05,1.0,0.0,0.0,1.0499999999999998
production_total,direct_multinomial,outer_oos,2,2025020782,2026-01-20,over,6.5,0.5204932914737211,0.47950670852527877,9.99999999999e-13,0.5204932914742416,0.5238095238095238,False,-0.006330989003714038,1.9090909090909092,0.0,1.0,0.0,-1.0
production_total,direct_multinomial,outer_oos,2,2025020782,2026-01-20,under,6.5,0.47950670852527877,0.5204932914737211,9.99999999999e-13,0.4795067085257583,0.5238095238095238,False,-0.08457810190528586,1.9090909090909092,1.0,0.0,0.0,0.9090909090909092
production_total,direct_multinomial,outer_oos,2,2025020783,2026-01-20,over,6.0,0.45748603791169606,0.4484052569425469,0.09410870514575702,0.5050120698922326,0.5121951219512195,False,-0.012704268455217327,1.9523809523809523,1.0,0.0,0.0,0.9523809523809523
production_total,direct_multinomial,outer_oos,2,2025020783,2026-01-20,under,6.0,0.4484052569425469,0.45748603791169606,0.09410870514575702,0.4949879301077673,0.5348837209302326,False,-0.06756842317904665,1.8695652173913042,0.0,1.0,0.0,-1.0
production_total,direct_multinomial,outer_oos,2,2025020784,2026-01-20,over,6.0,0.4799240403079228,0.4278756068733735,0.0922003528187038,0.52866735716199,0.5454545454545454,False,-0.02793890661677112,1.8333333333333335,1.0,0.0,0.0,0.8333333333333335
production_total,direct_multinomial,outer_oos,2,2025020784,2026-01-20,under,6.0,0.4278756068733735,0.4799240403079228,0.0922003528187038,0.47133264283801013,0.5,False,-0.05204843343454929,2.0,0.0,1.0,0.0,-1.0
production_total,direct_multinomial,outer_oos,2,2025020785,2026-01-20,over,6.0,0.4714009670572951,0.4356566605037252,0.09294237243897963,0.5197034375035698,0.5121951219512195,True,0.013296641455603442,1.9523809523809523,0.0,1.0,0.0,-1.0
production_total,direct_multinomial,outer_oos,2,2025020785,2026-01-20,under,6.0,0.4356566605037252,0.4714009670572951,0.09294237243897963,0.48029656249643005,0.5348837209302326,False,-0.09256908835840372,1.8695652173913042,1.0,0.0,0.0,0.8695652173913042
production_total,direct_multinomial,outer_oos,2,2025020786,2026-01-20,over,6.0,0.5173259815016666,0.39397158411525185,0.08870243438308152,0.5676806358540571,0.5348837209302326,True,0.05587709545141473,1.8695652173913042,0.0,1.0,0.0,-1.0
production_total,direct_multinomial,outer_oos,2,2025020786,2026-01-20,under,6.0,0.39397158411525185,0.5173259815016666,0.08870243438308152,0.4323193641459429,0.5121951219512195,False,-0.14211494901095062,1.9523809523809523,1.0,0.0,0.0,0.9523809523809523
production_total,direct_multinomial,outer_oos,2,2025020787,2026-01-20,over,5.5,0.4910419788901968,0.5089580211088032,9.999999999990001e-13,0.49104197889068785,0.5454545454545454,False,-0.09975637203363913,1.8333333333333335,1.0,0.0,0.0,0.8333333333333335
production_total,direct_multinomial,outer_oos,2,2025020787,2026-01-20,under,5.5,0.5089580211088032,0.4910419788901968,9.999999999990001e-13,0.5089580211093121,0.5,True,0.017916042218606376,2.0,0.0,1.0,0.0,-1.0
production_total,direct_multinomial,outer_oos,2,2025020788,2026-01-21,over,6.0,0.48946123737415137,0.41919323163357014,0.09134553099227864,0.5386659660725139,0.5412844036697247,False,-0.00439557284191644,1.847457627118644,0.0,1.0,0.0,-1.0
production_total,direct_multinomial,outer_oos,2,2025020788,2026-01-21,under,6.0,0.41919323163357014,0.48946123737415137,0.09134553099227864,0.46133403392748623,0.504950495049505,False,-0.07848748087065122,1.9803921568627452,1.0,0.0,0.0,0.9803921568627452
production_total,direct_multinomial,outer_oos,2,2025020789,2026-01-21,over,6.5,0.5469953227865165,0.45300467721248344,9.99999999999e-13,0.5469953227870635,0.5555555555555556,False,-0.015408418983270222,1.8,0.0,1.0,0.0,-1.0
production_total,direct_multinomial,outer_oos,2,2025020789,2026-01-21,under,6.5,0.45300467721248344,0.5469953227865165,9.99999999999e-13,0.4530046772129364,0.48780487804878053,False,-0.07134041171340899,2.05,1.0,0.0,0.0,1.0499999999999998
production_total,direct_multinomial,outer_oos,2,2025020790,2026-01-21,over,6.0,0.47706156325497884,0.4304865576426943,0.09245187910232694,0.5256597994860132,0.5238095238095238,True,0.003205772589104705,1.9090909090909092,1.0,0.0,0.0,0.9090909090909092
production_total,direct_multinomial,outer_oos,2,2025020790,2026-01-21,under,6.0,0.4304865576426943,0.47706156325497884,0.09245187910232694,0.47434020051398695,0.5238095238095238,False,-0.08571014721616582,1.9090909090909092,0.0,1.0,0.0,-1.0
production_total,direct_multinomial,outer_oos,2,2025020791,2026-01-21,over,6.0,0.48328806710294253,0.4248101589362263,0.09190177396083121,0.5321980081503837,0.5238095238095238,True,0.01454262933917605,1.9090909090909092,0.0,1.0,0.0,-1.0
production_total,direct_multinomial,outer_oos,2,2025020791,2026-01-21,under,6.0,0.4248101589362263,0.48328806710294253,0.09190177396083121,0.46780199184961635,0.5238095238095238,False,-0.09709701352455496,1.9090909090909092,1.0,0.0,0.0,0.9090909090909092
production_total,direct_multinomial,outer_oos,2,2025020792,2026-01-21,over,6.0,0.5064124048259263,0.4038243734049035,0.0897632217691702,0.556352387573493,0.5121951219512195,True,0.07847315500074059,1.9523809523809523,1.0,0.0,0.0,0.9523809523809523
production_total,direct_multinomial,outer_oos,2,2025020792,2026-01-21,under,6.0,0.4038243734049035,0.5064124048259263,0.0897632217691702,0.4436476124265069,0.5348837209302326,False,-0.1552607757781842,1.8695652173913042,0.0,1.0,0.0,-1.0
production_total,direct_multinomial,outer_oos,2,2025020793,2026-01-21,over,5.5,0.5306909112807325,0.46930908871826743,9.99999999999e-13,0.5306909112812632,0.5454545454545454,False,-0.027066662650990225,1.8333333333333335,0.0,1.0,0.0,-1.0
production_total,direct_multinomial,outer_oos,2,2025020793,2026-01-21,under,5.5,0.46930908871826743,0.5306909112807325,9.99999999999e-13,0.4693090887187367,0.5,False,-0.061381822562465105,2.0,1.0,0.0,0.0,1.0
production_total,direct_multinomial,outer_oos,2,2025020794,2026-01-22,over,6.0,0.46219066002995063,0.44408865613088283,0.0937206838391666,0.5099869894282435,0.5238095238095238,False,-0.023915328830927673,1.9090909090909092,1.0,0.0,0.0,0.9090909090909092
production_total,direct_multinomial,outer_oos,2,2025020794,2026-01-22,under,6.0,0.44408865613088283,0.46219066002995063,0.0937206838391666,0.49001301057175667,0.5238095238095238,False,-0.05847369991096618,1.9090909090909092,0.0,1.0,0.0,-1.0
production_total,direct_multinomial,outer_oos,2,2025020795,2026-01-22,over,6.5,0.5087336642533141,0.49126633574568573,9.99999999999e-13,0.5087336642538228,0.5238095238095238,False,-0.028781186424491012,1.9090909090909092,0.0,1.0,0.0,-1.0
production_total,direct_multinomial,outer_oos,2,2025020795,2026-01-22,under,6.5,0.49126633574568573,0.5087336642533141,9.99999999999e-13,0.491266335746177,0.5238095238095238,False,-0.06212790448450889,1.9090909090909092,1.0,0.0,0.0,0.9090909090909092
production_total,direct_multinomial,outer_oos,2,2025020796,2026-01-22,over,6.0,0.5042125396691012,0.4058143832745988,0.08997307705630006,0.5540633215972391,0.5348837209302326,True,0.032631303394184796,1.8695652173913042,1.0,0.0,0.0,0.8695652173913042
production_total,direct_multinomial,outer_oos,2,2025020796,2026-01-22,under,6.0,0.4058143832745988,0.5042125396691012,0.08997307705630006,0.4459366784027609,0.5121951219512195,False,-0.11772265083614997,1.9523809523809523,0.0,1.0,0.0,-1.0
production_total,direct_multinomial,outer_oos,2,2025020797,2026-01-22,over,6.5,0.5223888962958707,0.4776111037031293,9.999999999990001e-13,0.5223888962963931,0.5121951219512195,True,0.019902130864366596,1.9523809523809523,0.0,1.0,0.0,-1.0
production_total,direct_multinomial,outer_oos,2,2025020797,2026-01-22,under,6.5,0.4776111037031293,0.5223888962958707,9.999999999990001e-13,0.47761110370360693,0.5348837209302326,False,-0.10707489307575835,1.8695652173913042,1.0,0.0,0.0,0.8695652173913042
production_total,direct_multinomial,outer_oos,2,2025020798,2026-01-22,over,6.0,0.45708234192108244,0.44877596020830696,0.09414169787061061,0.504584812930041,0.5454545454545454,False,-0.06787400860740483,1.8333333333333335,1.0,0.0,0.0,0.8333333333333335
production_total,direct_multinomial,outer_oos,2,2025020798,2026-01-22,under,6.0,0.44877596020830696,0.45708234192108244,0.09414169787061061,0.49541518706995913,0.5,False,-0.008306381712775479,2.0,0.0,1.0,0.0,-1.0
production_total,direct_multinomial,outer_oos,2,2025020799,2026-01-22,over,6.0,0.46551508686096216,0.4410423181631903,0.09344259497584748,0.5134976387386742,0.5121951219512195,True,0.00230538360915461,1.9523809523809523,0.0,1.0,0.0,-1.0
production_total,direct_multinomial,outer_oos,2,2025020799,2026-01-22,under,6.0,0.4410423181631903,0.46551508686096216,0.09344259497584748,0.4865023612613258,0.5348837209302326,False,-0.08200002758862285,1.8695652173913042,1.0,0.0,0.0,0.8695652173913042
production_total,direct_multinomial,outer_oos,2,2025020800,2026-01-22,over,6.5,0.5456644660759744,0.45433553392302556,9.99999999999e-13,0.5456644660765201,0.5121951219512195,True,0.06534490995885484,1.9523809523809523,1.0,0.0,0.0,0.9523809523809523
production_total,direct_multinomial,outer_oos,2,2025020800,2026-01-22,under,6.5,0.45433553392302556,0.5456644660759744,9.99999999999e-13,0.45433553392347986,0.5348837209302326,False,-0.1505900887516044,1.8695652173913042,0.0,1.0,0.0,-1.0
production_total,direct_multinomial,outer_oos,2,2025020801,2026-01-22,over,6.0,0.49191998003782544,0.41695902717273353,0.09112099278944115,0.5412381363583008,0.5238095238095238,True,0.03024095467983512,1.9090909090909092,1.0,0.0,0.0,0.9090909090909092
production_total,direct_multinomial,outer_oos,2,2025020801,2026-01-22,under,6.0,0.41695902717273353,0.49191998003782544,0.09112099278944115,0.4587618636416994,0.5238095238095238,False,-0.11286631897170402,1.9090909090909092,0.0,1.0,0.0,-1.0
production_total,direct_multinomial,outer_oos,2,2025020802,2026-01-23,over,6.0,0.47614669593691755,0.4313215288824109,0.09253177518067163,0.5246979265105569,0.5348837209302326,False,-0.017280923719873942,1.8695652173913042,1.0,0.0,0.0,0.8695652173913042
production_total,direct_multinomial,outer_oos,2,2025020802,2026-01-23,under,6.0,0.4313215288824109,0.47614669593691755,0.09253177518067163,0.47530207348944303,0.5121951219512195,False,-0.06536428747747863,1.9523809523809523,0.0,1.0,0.0,-1.0
production_total,direct_multinomial,outer_oos,2,2025020803,2026-01-23,over,6.0,0.47693437680995737,0.4306026224715125,0.09246300071853016,0.5255260966633468,0.5238095238095238,True,0.0029740837193578673,1.9090909090909092,0.0,1.0,0.0,-1.0
production_total,direct_multinomial,outer_oos,2,2025020803,2026-01-23,under,6.0,0.4306026224715125,0.47693437680995737,0.09246300071853016,0.4744739033366533,0.5238095238095238,False,-0.08547744729040052,1.9090909090909092,1.0,0.0,0.0,0.9090909090909092
production_total,direct_multinomial,outer_oos,2,2025020804,2026-01-23,over,6.0,0.4666594834838427,0.4399943944857965,0.09334612203036086,0.5147052197348784,0.5121951219512195,True,0.004443208832148882,1.9523809523809523,0.0,1.0,0.0,-1.0
production_total,direct_multinomial,outer_oos,2,2025020804,2026-01-23,under,6.0,0.4399943944857965,0.4666594834838427,0.09334612203036086,0.48529478026512174,0.5348837209302326,False,-0.08405566219184574,1.8695652173913042,1.0,0.0,0.0,0.8695652173913042
production_total,direct_multinomial,outer_oos,2,2025020805,2026-01-23,over,6.5,0.5107509334064633,0.4892490665925367,9.99999999999e-13,0.510750933406974,0.504950495049505,True,0.011487142629486191,1.9803921568627452,1.0,0.0,0.0,0.9803921568627452
production_total,direct_multinomial,outer_oos,2,2025020805,2026-01-23,under,6.5,0.4892490665925367,0.5107509334064633,9.99999999999e-13,0.4892490665930259,0.5412844036697247,False,-0.09613308036194068,1.847457627118644,0.0,1.0,0.0,-1.0
production_total,direct_multinomial,outer_oos,2,2025020806,2026-01-23,over,6.0,0.4807256523305689,0.4271448511512389,0.09212949651819219,0.529509054966452,0.5348837209302326,False,-0.00912254477683122,1.8695652173913042,0.0,1.0,0.0,-1.0
production_total,direct_multinomial,outer_oos,2,2025020806,2026-01-23,under,6.0,0.4271448511512389,0.4807256523305689,0.09212949651819219,0.47049094503354816,0.5121951219512195,False,-0.0739210321865319,1.9523809523809523,1.0,0.0,0.0,0.9523809523809523
production_total,direct_multinomial,outer_oos,2,2025020807,2026-01-23,over,6.0,0.4965170970373028,0.4127862742156438,0.09069662874705342,0.5460411923395185,0.5121951219512195,True,0.06008715153416838,1.9523809523809523,1.0,0.0,0.0,0.9523809523809523
production_total,direct_multinomial,outer_oos,2,2025020807,2026-01-23,under,6.0,0.4127862742156438,0.4965170970373028,0.09069662874705342,0.4539588076604815,0.5348837209302326,False,-0.13757251076283,1.8695652173913042,0.0,1.0,0.0,-1.0
production_total,direct_multinomial,outer_oos,2,2025020808,2026-01-23,over,6.5,0.49375768835549955,0.5062423116435004,9.99999999999e-13,0.4937576883559933,0.5238095238095238,False,-0.057371685865773514,1.9090909090909092,0.0,1.0,0.0,-1.0
production_total,direct_multinomial,outer_oos,2,2025020808,2026-01-23,under,6.5,0.5062423116435004,0.49375768835549955,9.99999999999e-13,0.5062423116440067,0.5238095238095238,False,-0.03353740504322639,1.9090909090909092,1.0,0.0,0.0,0.9090909090909092
production_total,direct_multinomial,outer_oos,2,2025020809,2026-01-23,over,6.0,0.49182320223711284,0.41704693491066014,0.09112986285222702,0.5411369370992408,0.5412844036697247,False,-0.0002476109809035343,1.847457627118644,0.0,0.0,1.0,0.0
production_total,direct_multinomial,outer_oos,2,2025020809,2026-01-23,under,6.0,0.41704693491066014,0.49182320223711284,0.09112986285222702,0.4588630629007591,0.504950495049505,False,-0.08295365820705386,1.9803921568627452,0.0,0.0,1.0,0.0
production_total,direct_multinomial,outer_oos,2,2025020810,2026-01-24,over,6.0,0.4890432640123311,0.41957320363787354,0.09138353234979535,0.5382284841007317,0.5412844036697247,False,-0.005129759559626856,1.847457627118644,0.0,1.0,0.0,-1.0
production_total,direct_multinomial,outer_oos,2,2025020810,2026-01-24,under,6.0,0.41957320363787354,0.4890432640123311,0.09138353234979535,0.46177151589926835,0.504950495049505,False,-0.07769698593598445,1.9803921568627452,1.0,0.0,0.0,0.9803921568627452
production_total,direct_multinomial,outer_oos,2,2025020811,2026-01-24,over,6.0,0.48574372943639427,0.4225744786780649,0.09168179188554086,0.5347726436583605,0.5348837209302326,False,-0.00018862699424387896,1.8695652173913042,1.0,0.0,0.0,0.8695652173913042
production_total,direct_multinomial,outer_oos,2,2025020811,2026-01-24,under,6.0,0.4225744786780649,0.48574372943639427,0.09168179188554086,0.4652273563416394,0.5121951219512195,False,-0.08329184498109438,1.9523809523809523,0.0,1.0,0.0,-1.0
production_total,direct_multinomial,outer_oos,2,2025020812,2026-01-24,over,6.5,0.4960743466494443,0.5039256533495557,9.99999999999e-13,0.4960743466499403,0.5121951219512195,False,-0.031473894635799304,1.9523809523809523,1.0,0.0,0.0,0.9523809523809523
production_total,direct_multinomial,outer_oos,2,2025020812,2026-01-24,under,6.5,0.5039256533495557,0.4960743466494443,9.99999999999e-13,0.5039256533500597,0.5348837209302326,False,-0.05787812634548284,1.8695652173913042,0.0,1.0,0.0,-1.0
production_total,direct_multinomial,outer_oos,2,2025020813,2026-01-24,over,6.0,0.4835393855182831,0.42458127558962894,0.09187933889208796,0.5324616058491198,0.5412844036697247,False,-0.014802135319897491,1.847457627118644,0.0,1.0,0.0,-1.0
production_total,direct_multinomial,outer_oos,2,2025020813,2026-01-24,under,6.0,0.42458127558962894,0.4835393855182831,0.09187933889208796,0.4675383941508803,0.504950495049505,False,-0.06728323297943117,1.9803921568627452,1.0,0.0,0.0,0.9803921568627452
production_total,direct_multinomial,outer_oos,2,2025020814,2026-01-24,over,6.5,0.525122491051605,0.47487750894739494,9.99999999999e-13,0.5251224910521302,0.5121951219512195,True,0.025239149196990718,1.9523809523809523,1.0,0.0,0.0,0.9523809523809523
production_total,direct_multinomial,outer_oos,2,2025020814,2026-01-24,under,6.5,0.47487750894739494,0.525122491051605,9.99999999999e-13,0.4748775089478698,0.5348837209302326,False,-0.11218552674952254,1.8695652173913042,0.0,1.0,0.0,-1.0
production_total,direct_multinomial,outer_oos,2,2025020815,2026-01-24,over,6.0,0.4790128735280229,0.4287064557467189,0.09228067072525827,0.5277103374131619,0.5238095238095238,True,0.006759792915120133,1.9090909090909092,0.0,0.0,1.0,0.0
production_total,direct_multinomial,outer_oos,2,2025020815,2026-01-24,under,6.0,0.4287064557467189,0.4790128735280229,0.09228067072525827,0.47228966258683824,0.5238095238095238,False,-0.08927973194009658,1.9090909090909092,0.0,0.0,1.0,0.0
production_total,direct_multinomial,outer_oos,2,2025020816,2026-01-24,over,5.5,0.5051905041534217,0.4948094958455783,9.999999999990001e-13,0.5051905041539269,0.5121951219512195,False,-0.013675682366129094,1.9523809523809523,1.0,0.0,0.0,0.9523809523809523
production_total,direct_multinomial,outer_oos,2,2025020816,2026-01-24,under,5.5,0.4948094958455783,0.5051905041534217,9.999999999990001e-13,0.4948094958460731,0.5348837209302326,False,-0.07492137733117976,1.8695652173913042,0.0,1.0,0.0,-1.0
production_total,direct_multinomial,outer_oos,2,2025020817,2026-01-24,over,6.0,0.4748782635336659,0.43247958444296924,0.09264215202336486,0.5233638135082227,0.5121951219512195,True,0.019785428446236375,1.9523809523809523,1.0,0.0,0.0,0.9523809523809523
production_total,direct_multinomial,outer_oos,2,2025020817,2026-01-24,under,6.0,0.43247958444296924,0.4748782635336659,0.09264215202336486,0.4766361864917774,0.5348837209302326,False,-0.09880905967021447,1.8695652173913042,0.0,1.0,0.0,-1.0
production_total,direct_multinomial,outer_oos,2,2025020818,2026-01-24,over,6.5,0.5459730350927787,0.45402696490622124,9.99999999999e-13,0.5459730350933247,0.5121951219512195,True,0.06594735422975845,1.9523809523809523,1.0,0.0,0.0,0.9523809523809523
production_total,direct_multinomial,outer_oos,2,2025020818,2026-01-24,under,6.5,0.45402696490622124,0.5459730350927787,9.99999999999e-13,0.45402696490667527,0.5348837209302326,False,-0.15116697865258638,1.8695652173913042,0.0,1.0,0.0,-1.0
production_total,direct_multinomial,outer_oos,2,2025020819,2026-01-25,over,6.5,0.528295807820555,0.47170419217844506,9.999999999990001e-13,0.5282958078210832,0.5454545454545454,False,-0.03145768566131585,1.8333333333333335,0.0,1.0,0.0,-1.0
production_total,direct_multinomial,outer_oos,2,2025020819,2026-01-25,under,6.5,0.47170419217844506,0.528295807820555,9.999999999990001e-13,0.47170419217891674,0.5,False,-0.056591615642109905,2.0,1.0,0.0,0.0,1.0
production_total,direct_multinomial,outer_oos,2,2025020820,2026-01-25,over,5.5,0.5296074527678902,0.4703925472311098,9.999999999990001e-13,0.5296074527684198,0.5555555555555556,False,-0.046706585016797586,1.8,1.0,0.0,0.0,0.8
production_total,direct_multinomial,outer_oos,2,2025020820,2026-01-25,under,5.5,0.4703925472311098,0.5296074527678902,9.999999999990001e-13,0.4703925472315802,0.48780487804878053,False,-0.035695278175225054,2.05,0.0,1.0,0.0,-1.0
production_total,direct_multinomial,outer_oos,2,2025020821,2026-01-25,over,6.0,0.4548467243201115,0.4508297379152567,0.09432353776463188,0.5022176718576412,0.574468085106383,False,-0.11390623841887787,1.7407407407407407,1.0,0.0,0.0,0.7407407407407407
production_total,direct_multinomial,outer_oos,2,2025020821,2026-01-25,under,6.0,0.4508297379152567,0.4548467243201115,0.09432353776463188,0.4977823281423589,0.47619047619047616,True,0.041065987386670944,2.1,0.0,1.0,0.0,-1.0
production_total,direct_multinomial,outer_oos,2,2025020822,2026-01-25,over,6.0,0.5097465921030776,0.4008107947008006,0.08944261319612189,0.559818194317576,0.5412844036697247,True,0.03117784267468887,1.847457627118644,0.0,1.0,0.0,-1.0
production_total,direct_multinomial,outer_oos,2,2025020822,2026-01-25,under,6.0,0.4008107947008006,0.5097465921030776,0.08944261319612189,0.44018180568242415,0.504950495049505,False,-0.11679483259248874,1.9803921568627452,1.0,0.0,0.0,0.9803921568627452
production_total,direct_multinomial,outer_oos,2,2025020823,2026-01-25,over,6.0,0.4719256426804522,0.43517706121677757,0.09289729610277021,0.5202560202421346,0.5238095238095238,False,-0.006153749689093713,1.9090909090909092,0.0,0.0,1.0,0.0
production_total,direct_multinomial,outer_oos,2,2025020823,2026-01-25,under,6.0,0.43517706121677757,0.4719256426804522,0.09289729610277021,0.47974397975786537,0.5238095238095238,False,-0.07631013248338164,1.9090909090909092,0.0,0.0,1.0,0.0
production_total,direct_multinomial,outer_oos,2,2025020824,2026-01-25,over,6.5,0.5183703079317963,0.4816296920672037,9.99999999999e-13,0.5183703079323146,0.5238095238095238,False,-0.01038395758375249,1.9090909090909092,1.0,0.0,0.0,0.9090909090909092
production_total,direct_multinomial,outer_oos,2,2025020824,2026-01-25,under,6.5,0.4816296920672037,0.5183703079317963,9.99999999999e-13,0.4816296920676853,0.5238095238095238,False,-0.08052513332524741,1.9090909090909092,0.0,1.0,0.0,-1.0
production_total,direct_multinomial,outer_oos,2,2025020825,2026-01-26,over,6.0,0.485041546421249,0.4232135848426584,0.09174486873609261,0.5340366706723431,0.5348837209302326,False,-0.0014383270850506502,1.8695652173913042,0.0,1.0,0.0,-1.0
production_total,direct_multinomial,outer_oos,2,2025020825,2026-01-26,under,6.0,0.4232135848426584,0.485041546421249,0.09174486873609261,0.46596332932765705,0.5121951219512195,False,-0.081980989428241,1.9523809523809523,1.0,0.0,0.0,0.9523809523809523
production_total,direct_multinomial,outer_oos,2,2025020826,2026-01-26,over,6.0,0.4553310504405862,0.4503846805854158,0.09428426897399796,0.5027306414616246,0.5454545454545454,False,-0.07094213855159393,1.8333333333333335,1.0,0.0,0.0,0.8333333333333335
production_total,direct_multinomial,outer_oos,2,2025020826,2026-01-26,under,6.0,0.4503846805854158,0.4553310504405862,0.09428426897399796,0.49726935853837545,0.5,False,-0.004946369855170385,2.0,0.0,1.0,0.0,-1.0
production_total,direct_multinomial,outer_oos,2,2025020827,2026-01-26,over,5.5,0.5283859337823,0.4716140662167,9.999999999990001e-13,0.5283859337828284,0.5454545454545454,False,-0.03129245473144987,1.8333333333333335,0.0,1.0,0.0,-1.0
production_total,direct_multinomial,outer_oos,2,2025020827,2026-01-26,under,5.5,0.4716140662167,0.5283859337823,9.999999999990001e-13,0.4716140662171716,0.5,False,-0.05677186756560004,2.0,1.0,0.0,0.0,1.0
production_total,direct_multinomial,outer_oos,2,2025020829,2026-01-26,over,6.5,0.5599600670523324,0.44003993294666766,9.999999999990001e-13,0.5599600670528924,0.5918367346938775,False,-0.05386057635885222,1.6896551724137931,1.0,0.0,0.0,0.6896551724137931
production_total,direct_multinomial,outer_oos,2,2025020829,2026-01-26,under,6.5,0.44003993294666766,0.5599600670523324,9.999999999990001e-13,0.4400399329471077,0.4587155963302753,False,-0.040712946175264664,2.1799999999999997,0.0,1.0,0.0,-1.0
production_total,direct_multinomial,outer_oos,2,2025020830,2026-01-27,over,6.0,0.46739110390783994,0.43932464900828777,0.09328424708387219,0.5154769864807611,0.5454545454545454,False,-0.049832062418421086,1.8333333333333335,0.0,1.0,0.0,-1.0
production_total,direct_multinomial,outer_oos,2,2025020830,2026-01-27,under,6.0,0.43932464900828777,0.46739110390783994,0.09328424708387219,0.48452301351923877,0.5,False,-0.028066454899552173,2.0,1.0,0.0,0.0,1.0
production_total,direct_multinomial,outer_oos,2,2025020831,2026-01-27,over,6.5,0.518046937869949,0.481953062129051,9.999999999990001e-13,0.5180469378704671,0.5238095238095238,False,-0.01100130042909725,1.9090909090909092,1.0,0.0,0.0,0.9090909090909092
production_total,direct_multinomial,outer_oos,2,2025020831,2026-01-27,under,6.5,0.481953062129051,0.518046937869949,9.999999999990001e-13,0.4819530621295329,0.5238095238095238,False,-0.07990779047990265,1.9090909090909092,0.0,1.0,0.0,-1.0
production_total,direct_multinomial,outer_oos,2,2025020832,2026-01-27,over,6.5,0.5050987355473663,0.4949012644516336,9.99999999999e-13,0.5050987355478713,0.5238095238095238,False,-0.03572059577220971,1.9090909090909092,0.0,1.0,0.0,-1.0
production_total,direct_multinomial,outer_oos,2,2025020832,2026-01-27,under,6.5,0.4949012644516336,0.5050987355473663,9.99999999999e-13,0.4949012644521285,0.5238095238095238,False,-0.055188495136790194,1.9090909090909092,1.0,0.0,0.0,0.9090909090909092
production_total,direct_multinomial,outer_oos,2,2025020833,2026-01-27,over,5.5,0.5138512664120594,0.48614873358694055,9.99999999999e-13,0.5138512664125732,0.5454545454545454,False,-0.057939344910224344,1.8333333333333335,0.0,1.0,0.0,-1.0
production_total,direct_multinomial,outer_oos,2,2025020833,2026-01-27,under,5.5,0.48614873358694055,0.5138512664120594,9.99999999999e-13,0.48614873358742666,0.5,False,-0.02770253282511881,2.0,1.0,0.0,0.0,1.0
production_total,direct_multinomial,outer_oos,2,2025020834,2026-01-27,over,6.0,0.4765595003441096,0.43094474536780464,0.09249575428808567,0.5251319788264578,0.5121951219512195,True,0.022921445436109245,1.9523809523809523,1.0,0.0,0.0,0.9523809523809523
production_total,direct_multinomial,outer_oos,2,2025020834,2026-01-27,under,6.0,0.43094474536780464,0.4765595003441096,0.09249575428808567,0.47486802117354204,0.5348837209302326,False,-0.1018249391547143,1.8695652173913042,0.0,1.0,0.0,-1.0
production_total,direct_multinomial,outer_oos,2,2025020835,2026-01-27,over,6.0,0.47425794048083036,0.43304609593509963,0.09269596358407013,0.5227111546359519,0.5,True,0.041211844545730736,2.0,1.0,0.0,0.0,1.0
production_total,direct_multinomial,outer_oos,2,2025020835,2026-01-27,under,6.0,0.43304609593509963,0.47425794048083036,0.09269596358407013,0.47728884536404836,0.5454545454545454,False,-0.11338619386824728,1.8333333333333335,0.0,1.0,0.0,-1.0
production_total,direct_multinomial,outer_oos,2,2025020836,2026-01-27,over,5.5,0.5099541966245367,0.49004580337446335,9.999999999990001e-13,0.5099541966250466,0.5454545454545454,False,-0.06508397285401607,1.8333333333333335,1.0,0.0,0.0,0.8333333333333335
production_total,direct_multinomial,outer_oos,2,2025020836,2026-01-27,under,5.5,0.49004580337446335,0.5099541966245367,9.999999999990001e-13,0.4900458033749534,0.5,False,-0.01990839325007332,2.0,0.0,1.0,0.0,-1.0
production_total,direct_multinomial,outer_oos,2,2025020837,2026-01-27,over,6.0,0.4888788387221909,0.41972269316064775,0.0913984681171613,0.538056366369004,0.5412844036697247,False,-0.0054185925486215925,1.847457627118644,1.0,0.0,0.0,0.847457627118644
production_total,direct_multinomial,outer_oos,2,2025020837,2026-01-27,under,6.0,0.41972269316064775,0.4888788387221909,0.0913984681171613,0.461943633630996,0.504950495049505,False,-0.07738600229018328,1.9803921568627452,0.0,1.0,0.0,-1.0
production_total,direct_multinomial,outer_oos,2,2025020838,2026-01-27,over,6.0,0.5024326960167049,0.40742541889869943,0.09014188508459568,0.5522099410669316,0.5652173913043479,False,-0.020938729655080313,1.7692307692307692,1.0,0.0,0.0,0.7692307692307692
production_total,direct_multinomial,outer_oos,2,2025020838,2026-01-27,under,6.0,0.40742541889869943,0.5024326960167049,0.09014188508459568,0.4477900589330684,0.48780487804878053,False,-0.07463600617307059,2.05,0.0,1.0,0.0,-1.0
production_total,direct_multinomial,outer_oos,2,2025020839,2026-01-27,over,6.0,0.4826121686964538,0.42542580907298894,0.0919620222305573,0.5314889690869212,0.5,True,0.057186359623464855,2.0,0.0,0.0,1.0,0.0
production_total,direct_multinomial,outer_oos,2,2025020839,2026-01-27,under,6.0,0.42542580907298894,0.4826121686964538,0.0919620222305573,0.4685110309130788,0.5454545454545454,False,-0.1280906611356296,1.8333333333333335,0.0,0.0,1.0,0.0
production_total,direct_multinomial,outer_oos,2,2025020840,2026-01-28,over,6.0,0.4956657759185556,0.4135585634279264,0.09077566065351797,0.5451523397127956,0.5454545454545454,False,-0.0005037501624633456,1.8333333333333335,1.0,0.0,0.0,0.8333333333333335
production_total,direct_multinomial,outer_oos,2,2025020840,2026-01-28,under,6.0,0.4135585634279264,0.4956657759185556,0.09077566065351797,0.45484766028720425,0.5,False,-0.08210721249062919,2.0,0.0,1.0,0.0,-1.0
production_total,direct_multinomial,outer_oos,2,2025020841,2026-01-28,over,6.5,0.5128263602655422,0.4871736397334577,9.99999999999e-13,0.512826360266055,0.5238095238095238,False,-0.020967857673873824,1.9090909090909092,1.0,0.0,0.0,0.9090909090909092
production_total,direct_multinomial,outer_oos,2,2025020841,2026-01-28,under,6.5,0.4871736397334577,0.5128263602655422,9.99999999999e-13,0.48717363973394484,0.5238095238095238,False,-0.06994123323512608,1.9090909090909092,0.0,1.0,0.0,-1.0
production_total,direct_multinomial,outer_oos,2,2025020842,2026-01-28,over,6.0,0.4692530110050437,0.4376209073397148,0.09312608165524158,0.5174401882254285,0.5238095238095238,False,-0.011027260971493258,1.9090909090909092,1.0,0.0,0.0,0.9090909090909092
production_total,direct_multinomial,outer_oos,2,2025020842,2026-01-28,under,6.0,0.4376209073397148,0.4692530110050437,0.09312608165524158,0.4825598117745716,0.5238095238095238,False,-0.07141582251439382,1.9090909090909092,0.0,1.0,0.0,-1.0
production_total,direct_multinomial,outer_oos,2,2025020843,2026-01-29,over,6.0,0.4556556335922182,0.4500864531603123,0.09425791324746935,0.5030743743243034,0.5454545454545454,False,-0.07037342516679707,1.8333333333333335,1.0,0.0,0.0,0.8333333333333335
production_total,direct_multinomial,outer_oos,2,2025020843,2026-01-29,under,6.0,0.4500864531603123,0.4556556335922182,0.09425791324746935,0.49692562567569654,0.5,False,-0.005569180431905907,2.0,0.0,1.0,0.0,-1.0
production_total,direct_multinomial,outer_oos,2,2025020844,2026-01-29,over,6.0,0.4664895422321658,0.4401499856054519,0.09336047216238234,0.5145259255845237,0.5454545454545454,False,-0.05140870041198031,1.8333333333333335,0.0,1.0,0.0,-1.0
production_total,direct_multinomial,outer_oos,2,2025020844,2026-01-29,under,6.0,0.4401499856054519,0.4664895422321658,0.09336047216238234,0.48547407441547624,0.5,False,-0.026339556626713945,2.0,1.0,0.0,0.0,1.0
production_total,direct_multinomial,outer_oos,2,2025020845,2026-01-29,over,6.5,0.5342526986278374,0.46574730137116266,9.999999999990001e-13,0.5342526986283717,0.5454545454545454,False,-0.02053671918129807,1.8333333333333335,1.0,0.0,0.0,0.8333333333333335
production_total,direct_multinomial,outer_oos,2,2025020845,2026-01-29,under,6.5,0.46574730137116266,0.5342526986278374,9.999999999990001e-13,0.4657473013716284,0.5,False,-0.06850539725667476,2.0,0.0,1.0,0.0,-1.0
production_total,direct_multinomial,outer_oos,2,2025020846,2026-01-29,over,6.0,0.5021367706683602,0.4076933624830164,0.09016986684862346,0.551901670841688,0.5121951219512195,True,0.0705321333916123,1.9523809523809523,1.0,0.0,0.0,0.9523809523809523
production_total,direct_multinomial,outer_oos,2,2025020846,2026-01-29,under,6.0,0.4076933624830164,0.5021367706683602,0.09016986684862346,0.44809832915831205,0.5348837209302326,False,-0.1476208032918242,1.8695652173913042,0.0,1.0,0.0,-1.0
production_total,direct_multinomial,outer_oos,2,2025020847,2026-01-29,over,6.0,0.4662126500248133,0.4404035145114041,0.09338383546378261,0.5142337719770372,0.5121951219512195,True,0.0036085331312752378,1.9523809523809523,0.0,1.0,0.0,-1.0
production_total,direct_multinomial,outer_oos,2,2025020847,2026-01-29,under,6.0,0.4404035145114041,0.4662126500248133,0.09338383546378261,0.4857662280229627,0.5348837209302326,False,-0.08325307218880984,1.8695652173913042,1.0,0.0,0.0,0.8695652173913042
production_total,direct_multinomial,outer_oos,2,2025020848,2026-01-29,over,6.0,0.48100304351481815,0.426892021775992,0.09210493470918985,0.5298002620608439,0.5121951219512195,True,0.03120611490478714,1.9523809523809523,0.0,1.0,0.0,-1.0
production_total,direct_multinomial,outer_oos,2,2025020848,2026-01-29,under,6.0,0.426892021775992,0.48100304351481815,0.09210493470918985,0.47019973793915615,0.5348837209302326,False,-0.10979258979656431,1.8695652173913042,1.0,0.0,0.0,0.8695652173913042
production_total,direct_multinomial,outer_oos,2,2025020849,2026-01-29,over,6.0,0.4701869594788911,0.4367666735020639,0.09304636701904509,0.5184244732925223,0.5238095238095238,False,-0.009323983066708286,1.9090909090909092,0.0,1.0,0.0,-1.0
production_total,direct_multinomial,outer_oos,2,2025020849,2026-01-29,under,6.0,0.4367666735020639,0.4701869594788911,0.09304636701904509,0.48157552670747783,0.5238095238095238,False,-0.07312634720428757,1.9090909090909092,1.0,0.0,0.0,0.9090909090909092
production_total,direct_multinomial,outer_oos,2,2025020850,2026-01-29,over,6.0,0.5046577617962849,0.4054115249993865,0.0899307132043287,0.5545267477085957,0.5238095238095238,True,0.053368258451781614,1.9090909090909092,1.0,0.0,0.0,0.9090909090909092
production_total,direct_multinomial,outer_oos,2,2025020850,2026-01-29,under,6.0,0.4054115249993865,0.5046577617962849,0.0899307132043287,0.44547325229140433,0.5238095238095238,False,-0.13610182997866077,1.9090909090909092,0.0,1.0,0.0,-1.0
production_total,direct_multinomial,outer_oos,2,2025020851,2026-01-29,over,5.5,0.5668409605101785,0.43315903948882145,9.99999999999e-13,0.5668409605107454,0.5555555555555556,True,0.020313728919321372,1.8,1.0,0.0,0.0,0.8
production_total,direct_multinomial,outer_oos,2,2025020851,2026-01-29,under,5.5,0.43315903948882145,0.5668409605101785,9.99999999999e-13,0.4331590394892546,0.48780487804878053,False,-0.11202396904691608,2.05,0.0,1.0,0.0,-1.0
production_total,direct_multinomial,outer_oos,2,2025020852,2026-01-29,over,5.5,0.5073942276624837,0.4926057723365162,9.99999999999e-13,0.507394227662991,0.5412844036697247,False,-0.06261066414797073,1.847457627118644,1.0,0.0,0.0,0.847457627118644
production_total,direct_multinomial,outer_oos,2,2025020852,2026-01-29,under,5.5,0.4926057723365162,0.5073942276624837,9.99999999999e-13,0.4926057723370088,0.504950495049505,False,-0.024447392038448146,1.9803921568627452,0.0,1.0,0.0,-1.0
production_total,direct_multinomial,outer_oos,2,2025020853,2026-01-29,over,6.0,0.4760682763815491,0.43139311113860057,0.09253861247985043,0.5246154634551636,0.5121951219512195,True,0.022005247320017574,1.9523809523809523,0.0,1.0,0.0,-1.0
production_total,direct_multinomial,outer_oos,2,2025020853,2026-01-29,under,6.0,0.43139311113860057,0.4760682763815491,0.09253861247985043,0.4753845365448365,0.5348837209302326,False,-0.10094383191320083,1.8695652173913042,1.0,0.0,0.0,0.8695652173913042
production_total,direct_multinomial,outer_oos,2,2025020854,2026-01-29,over,6.5,0.5492245750224533,0.4507754249765469,9.999999999990001e-13,0.5492245750230025,0.5348837209302326,True,0.026811161999499344,1.8695652173913042,1.0,0.0,0.0,0.8695652173913042
production_total,direct_multinomial,outer_oos,2,2025020854,2026-01-29,under,6.5,0.4507754249765469,0.5492245750224533,9.999999999990001e-13,0.45077542497699763,0.5121951219512195,False,-0.11991464647336103,1.9523809523809523,0.0,1.0,0.0,-1.0
production_total,direct_multinomial,outer_oos,2,2025020855,2026-01-29,over,6.5,0.5539217501663047,0.4460782498326951,9.99999999999e-13,0.5539217501668586,0.5652173913043479,False,-0.019984595858614562,1.7692307692307692,0.0,1.0,0.0,-1.0
production_total,direct_multinomial,outer_oos,2,2025020855,2026-01-29,under,6.5,0.4460782498326951,0.5539217501663047,9.99999999999e-13,0.4460782498331412,0.48780487804878053,False,-0.08553958784197496,2.05,1.0,0.0,0.0,1.0499999999999998
production_total,direct_multinomial,outer_oos,2,2025020856,2026-01-29,over,6.0,0.465995576985257,0.4406022871691728,0.09340213584557026,0.5140047152216535,0.5412844036697247,False,-0.04569078124946352,1.847457627118644,1.0,0.0,0.0,0.847457627118644
production_total,direct_multinomial,outer_oos,2,2025020856,2026-01-29,under,6.0,0.4406022871691728,0.465995576985257,0.09340213584557026,0.4859952847783465,0.504950495049505,False,-0.03403255034881303,1.9803921568627452,0.0,1.0,0.0,-1.0
production_total,direct_multinomial,outer_oos,2,2025020857,2026-01-29,over,6.0,0.47675912334292647,0.43076255875468195,0.09247831790239157,0.5253418543576446,0.5121951219512195,True,0.023293749190962276,1.9523809523809523,1.0,0.0,0.0,0.9523809523809523
production_total,direct_multinomial,outer_oos,2,2025020857,2026-01-29,under,6.0,0.43076255875468195,0.47675912334292647,0.09247831790239157,0.47465814564235537,0.5348837209302326,False,-0.102182985295377,1.8695652173913042,0.0,1.0,0.0,-1.0
production_total,direct_multinomial,outer_oos,2,2025020858,2026-01-30,over,6.0,0.5156363814831963,0.39549482052927676,0.08886879798752699,0.5659298906066192,0.5555555555555556,True,0.017014284657280332,1.8,0.0,0.0,1.0,0.0
production_total,direct_multinomial,outer_oos,2,2025020858,2026-01-30,under,6.0,0.39549482052927676,0.5156363814831963,0.08886879798752699,0.43407010939338087,0.48780487804878053,False,-0.10036681992745583,2.05,0.0,0.0,1.0,0.0
production_total,direct_multinomial,outer_oos,2,2025020859,2026-01-31,over,5.5,0.4984373667905763,0.5015626332084236,9.99999999999e-13,0.49843736679107475,0.5121951219512195,False,-0.026860379122160494,1.9523809523809523,0.0,1.0,0.0,-1.0
production_total,direct_multinomial,outer_oos,2,2025020859,2026-01-31,under,5.5,0.5015626332084236,0.4984373667905763,9.99999999999e-13,0.5015626332089252,0.5348837209302326,False,-0.06229594660933846,1.8695652173913042,1.0,0.0,0.0,0.8695652173913042
production_total,direct_multinomial,outer_oos,2,2025020860,2026-01-31,over,6.5,0.5370937120001462,0.46290628799885386,9.999999999990001e-13,0.5370937120006833,0.5238095238095238,True,0.025360722910370004,1.9090909090909092,0.0,1.0,0.0,-1.0
production_total,direct_multinomial,outer_oos,2,2025020860,2026-01-31,under,6.5,0.46290628799885386,0.5370937120001462,9.999999999990001e-13,0.46290628799931677,0.5238095238095238,False,-0.11626981381936996,1.9090909090909092,1.0,0.0,0.0,0.9090909090909092
production_total,direct_multinomial,outer_oos,2,2025020861,2026-01-31,over,6.0,0.4890160106570384,0.41959798087606504,0.09138600846689648,0.5381999564324584,0.574468085106383,False,-0.057363898907888455,1.7407407407407407,1.0,0.0,0.0,0.7407407407407407
production_total,direct_multinomial,outer_oos,2,2025020861,2026-01-31,under,6.0,0.41959798087606504,0.4890160106570384,0.09138600846689648,0.46180004356754156,0.47619047619047616,False,-0.027458231693366864,2.1,0.0,1.0,0.0,-1.0
production_total,direct_multinomial,outer_oos,2,2025020862,2026-01-31,over,6.0,0.45774735317537013,0.4481653236752409,0.09408732314938906,0.5052886054831692,0.5238095238095238,False,-0.03203136624308622,1.9090909090909092,0.0,1.0,0.0,-1.0
production_total,direct_multinomial,outer_oos,2,2025020862,2026-01-31,under,6.0,0.4481653236752409,0.45774735317537013,0.09408732314938906,0.4947113945168309,0.5238095238095238,False,-0.05032433165242378,1.9090909090909092,1.0,0.0,0.0,0.9090909090909092
production_total,direct_multinomial,outer_oos,2,2025020863,2026-01-31,over,6.0,0.47326086727847977,0.43395690680556415,0.09278222591595611,0.5216618113068817,0.5348837209302326,False,-0.022425717867755712,1.8695652173913042,0.0,1.0,0.0,-1.0
production_total,direct_multinomial,outer_oos,2,2025020863,2026-01-31,under,6.0,0.43395690680556415,0.47326086727847977,0.09278222591595611,0.4783381886931183,0.5121951219512195,False,-0.05996857508270442,1.9523809523809523,1.0,0.0,0.0,0.9523809523809523
production_total,direct_multinomial,outer_oos,2,2025020864,2026-01-31,over,6.0,0.5158178179312797,0.3953312115136817,0.08885097055503857,0.5661179469680135,0.5121951219512195,True,0.09592385318277508,1.9523809523809523,1.0,0.0,0.0,0.9523809523809523
production_total,direct_multinomial,outer_oos,2,2025020864,2026-01-31,under,6.0,0.3953312115136817,0.5158178179312797,0.08885097055503857,0.4338820530319864,0.5348837209302326,False,-0.17205154704981734,1.8695652173913042,0.0,1.0,0.0,-1.0
production_total,direct_multinomial,outer_oos,2,2025020865,2026-01-31,over,6.5,0.5244849028409244,0.4755150971580756,9.999999999990001e-13,0.5244849028414489,0.5454545454545454,False,-0.03844434479063852,1.8333333333333335,0.0,1.0,0.0,-1.0
production_total,direct_multinomial,outer_oos,2,2025020865,2026-01-31,under,6.5,0.4755150971580756,0.5244849028409244,9.999999999990001e-13,0.4755150971585511,0.5,False,-0.04896980568284881,2.0,1.0,0.0,0.0,1.0
production_total,direct_multinomial,outer_oos,2,2025020866,2026-01-31,over,6.0,0.4713876893405946,0.4356687985237237,0.0929435121356817,0.5196894522528424,0.5121951219512195,True,0.013271857991128289,1.9523809523809523,0.0,1.0,0.0,-1.0
production_total,direct_multinomial,outer_oos,2,2025020866,2026-01-31,under,6.0,0.4356687985237237,0.4713876893405946,0.0929435121356817,0.48031054774715753,0.5348837209302326,False,-0.09254525584170448,1.8695652173913042,1.0,0.0,0.0,0.8695652173913042
production_total,direct_multinomial,outer_oos,2,2025020867,2026-01-31,over,5.5,0.5328816950168934,0.46711830498210655,9.99999999999e-13,0.5328816950174263,0.5555555555555556,False,-0.04081294896859178,1.8,1.0,0.0,0.0,0.8
production_total,direct_multinomial,outer_oos,2,2025020867,2026-01-31,under,5.5,0.46711830498210655,0.5328816950168934,9.99999999999e-13,0.4671183049825737,0.48780487804878053,False,-0.04240747478568163,2.05,0.0,1.0,0.0,-1.0
production_total,direct_multinomial,outer_oos,2,2025020868,2026-01-31,over,6.0,0.4996614725638498,0.4099355557526838,0.09040297168346637,0.549321795266432,0.5454545454545454,True,0.006449004717191065,1.8333333333333335,1.0,0.0,0.0,0.8333333333333335
production_total,direct_multinomial,outer_oos,2,2025020868,2026-01-31,under,6.0,0.4099355557526838,0.4996614725638498,0.09040297168346637,0.450678204733568,0.5,False,-0.08972591681116598,2.0,0.0,1.0,0.0,-1.0
production_total,direct_multinomial,outer_oos,2,2025020869,2026-01-31,over,6.5,0.5305889104625535,0.4694110895364464,9.99999999999e-13,0.5305889104630841,0.5238095238095238,True,0.012942465429511385,1.9090909090909092,0.0,1.0,0.0,-1.0
production_total,direct_multinomial,outer_oos,2,2025020869,2026-01-31,under,6.5,0.4694110895364464,0.5305889104625535,9.99999999999e-13,0.4694110895369158,0.5238095238095238,False,-0.10385155633851129,1.9090909090909092,1.0,0.0,0.0,0.9090909090909092
production_total,direct_multinomial,outer_oos,2,2025020870,2026-01-31,over,5.5,0.5315401571007374,0.4684598428982625,9.99999999999e-13,0.531540157101269,0.5555555555555556,False,-0.04322771721767249,1.8,0.0,1.0,0.0,-1.0
production_total,direct_multinomial,outer_oos,2,2025020870,2026-01-31,under,5.5,0.4684598428982625,0.5315401571007374,9.99999999999e-13,0.46845984289873094,0.48780487804878053,False,-0.039657322057561895,2.05,1.0,0.0,0.0,1.0499999999999998
production_total,direct_multinomial,outer_oos,2,2025020871,2026-01-31,over,6.5,0.5486570441995221,0.4513429557994779,9.99999999999e-13,0.5486570442000708,0.5412844036697247,True,0.013620640979778054,1.847457627118644,1.0,0.0,0.0,0.847457627118644
production_total,direct_multinomial,outer_oos,2,2025020871,2026-01-31,under,6.5,0.4513429557994779,0.5486570441995221,9.99999999999e-13,0.4513429557999292,0.504950495049505,False,-0.10616395027846531,1.9803921568627452,0.0,1.0,0.0,-1.0
production_total,direct_multinomial,outer_oos,2,2025020872,2026-01-31,over,6.0,0.4693765104163356,0.43750793442903435,0.09311555515462996,0.5175703620061181,0.5348837209302326,False,-0.02935444711048174,1.8695652173913042,0.0,1.0,0.0,-1.0
production_total,direct_multinomial,outer_oos,2,2025020872,2026-01-31,under,6.0,0.43750793442903435,0.4693765104163356,0.09311555515462996,0.48242963799388183,0.5121951219512195,False,-0.05270228715058861,1.9523809523809523,1.0,0.0,0.0,0.9523809523809523
production_total,direct_multinomial,outer_oos,2,2025020873,2026-02-01,over,6.0,0.4657603182822791,0.44081772779725686,0.09342195392046396,0.5137564496475981,0.5238095238095238,False,-0.017399256631548565,1.9090909090909092,1.0,0.0,0.0,0.9090909090909092
production_total,direct_multinomial,outer_oos,2,2025020873,2026-02-01,under,6.0,0.44081772779725686,0.4657603182822791,0.09342195392046396,0.48624355035240174,0.5238095238095238,False,-0.06501692937568193,1.9090909090909092,0.0,1.0,0.0,-1.0
production_total,direct_multinomial,outer_oos,2,2025020874,2026-02-01,over,6.0,0.4846119062282808,0.4236046993686135,0.09178339440310565,0.5335862648203687,0.504950495049505,True,0.05150501261989715,1.9803921568627452,0.0,1.0,0.0,-1.0
production_total,direct_multinomial,outer_oos,2,2025020874,2026-02-01,under,6.0,0.4236046993686135,0.4846119062282808,0.09178339440310565,0.4664137351796313,0.5412844036697247,False,-0.12562487286504903,1.847457627118644,1.0,0.0,0.0,0.847457627118644
production_total,direct_multinomial,outer_oos,2,2025020875,2026-02-01,over,6.5,0.5324874415274254,0.4675125584715744,9.99999999999e-13,0.5324874415279579,0.5454545454545454,False,-0.02377302386538649,1.8333333333333335,1.0,0.0,0.0,0.8333333333333335
production_total,direct_multinomial,outer_oos,2,2025020875,2026-02-01,under,6.5,0.4675125584715744,0.5324874415274254,9.99999999999e-13,0.46751255847204193,0.5,False,-0.06497488305585103,2.0,0.0,1.0,0.0,-1.0
production_total,empirical_residual,outer_oos,3,2025020876,2026-02-02,over,6.0,0.467109634551495,0.4219269102990033,0.11096345514950166,0.5254110612855007,0.5412844036697247,False,-0.026071287797736376,1.847457627118644,1.0,0.0,0.0,0.847457627118644
production_total,empirical_residual,outer_oos,3,2025020876,2026-02-02,under,6.0,0.4219269102990033,0.467109634551495,0.11096345514950166,0.47458893871449925,0.504950495049505,False,-0.05345580092502117,1.9803921568627452,0.0,1.0,0.0,-1.0
production_total,empirical_residual,outer_oos,3,2025020877,2026-02-02,over,6.0,0.48438538205980064,0.4112956810631229,0.10431893687707641,0.5408011869436201,0.5555555555555556,False,-0.023787375415282364,1.8,0.0,1.0,0.0,-1.0
production_total,empirical_residual,outer_oos,3,2025020877,2026-02-02,under,6.0,0.4112956810631229,0.48438538205980064,0.10431893687707641,0.45919881305637983,0.48780487804878053,False,-0.05252491694352163,2.05,1.0,0.0,0.0,1.0499999999999998
production_total,empirical_residual,outer_oos,3,2025020878,2026-02-02,over,6.0,0.49102990033222593,0.4033222591362126,0.10564784053156147,0.549034175334324,0.5454545454545454,True,0.005869324473975757,1.8333333333333335,0.0,1.0,0.0,-1.0
production_total,empirical_residual,outer_oos,3,2025020878,2026-02-02,under,6.0,0.4033222591362126,0.49102990033222593,0.10564784053156147,0.4509658246656761,0.5,False,-0.08770764119601332,2.0,1.0,0.0,0.0,1.0
production_total,empirical_residual,outer_oos,3,2025020879,2026-02-02,over,6.5,0.4900265957446808,0.5099734042553191,0.0,0.4900265957446808,0.5121951219512195,False,-0.04328140830800409,1.9523809523809523,1.0,0.0,0.0,0.9523809523809523
production_total,empirical_residual,outer_oos,3,2025020879,2026-02-02,under,6.5,0.5099734042553191,0.4900265957446808,0.0,0.5099734042553191,0.5348837209302326,False,-0.04657146160962078,1.8695652173913042,0.0,1.0,0.0,-1.0
production_total,empirical_residual,outer_oos,3,2025020880,2026-02-02,over,6.0,0.4604651162790698,0.4219269102990033,0.11760797342192691,0.5218373493975903,0.504950495049505,True,0.02950947820988864,1.9803921568627452,1.0,0.0,0.0,0.9803921568627452
production_total,empirical_residual,outer_oos,3,2025020880,2026-02-02,under,6.0,0.4219269102990033,0.4604651162790698,0.11760797342192691,0.4781626506024096,0.5412844036697247,False,-0.10289993805957548,1.847457627118644,0.0,1.0,0.0,-1.0
production_total,empirical_residual,outer_oos,3,2025020881,2026-02-02,over,6.0,0.4857142857142857,0.40996677740863785,0.10431893687707641,0.5422848664688427,0.5412844036697247,True,0.0016554986204178057,1.847457627118644,1.0,0.0,0.0,0.847457627118644
production_total,empirical_residual,outer_oos,3,2025020881,2026-02-02,under,6.0,0.40996677740863785,0.4857142857142857,0.10431893687707641,0.4577151335311572,0.504950495049505,False,-0.0837860725685623,1.9803921568627452,0.0,1.0,0.0,-1.0
production_total,empirical_residual,outer_oos,3,2025020882,2026-02-02,over,5.5,0.5565159574468086,0.4434840425531915,0.0,0.5565159574468086,0.5454545454545454,True,0.020279255319149037,1.8333333333333335,1.0,0.0,0.0,0.8333333333333335
production_total,empirical_residual,outer_oos,3,2025020882,2026-02-02,under,5.5,0.4434840425531915,0.5565159574468086,0.0,0.4434840425531915,0.5,False,-0.11303191489361708,2.0,0.0,1.0,0.0,-1.0
production_total,empirical_residual,outer_oos,3,2025020883,2026-02-02,over,6.0,0.5029900332225914,0.3847176079734219,0.1122923588039867,0.5666167664670659,0.5555555555555556,True,0.017674418604651243,1.8,0.0,1.0,0.0,-1.0
production_total,empirical_residual,outer_oos,3,2025020883,2026-02-02,under,6.0,0.3847176079734219,0.5029900332225914,0.1122923588039867,0.4333832335329341,0.48780487804878053,False,-0.09903654485049845,2.05,1.0,0.0,0.0,1.0499999999999998
production_total,empirical_residual,outer_oos,3,2025020884,2026-02-02,over,6.5,0.5019946808510638,0.49800531914893614,0.0,0.5019946808510638,0.5121951219512195,False,-0.019915146909827763,1.9523809523809523,1.0,0.0,0.0,0.9523809523809523
production_total,empirical_residual,outer_oos,3,2025020884,2026-02-02,under,6.5,0.49800531914893614,0.5019946808510638,0.0,0.49800531914893614,0.5348837209302326,False,-0.06894657724329328,1.8695652173913042,0.0,1.0,0.0,-1.0
production_total,empirical_residual,outer_oos,3,2025020885,2026-02-02,over,6.0,0.467109634551495,0.4219269102990033,0.11096345514950166,0.5254110612855007,0.5454545454545454,False,-0.03266888150609071,1.8333333333333335,0.0,0.0,1.0,0.0
production_total,empirical_residual,outer_oos,3,2025020885,2026-02-02,under,6.0,0.4219269102990033,0.467109634551495,0.11096345514950166,0.47458893871449925,0.5,False,-0.0451827242524917,2.0,0.0,0.0,1.0,0.0
production_total,empirical_residual,outer_oos,3,2025020886,2026-02-03,over,6.0,0.4857142857142857,0.40996677740863785,0.10431893687707641,0.5422848664688427,0.5652173913043479,False,-0.036340403782264274,1.7692307692307692,1.0,0.0,0.0,0.7692307692307692
production_total,empirical_residual,outer_oos,3,2025020886,2026-02-03,under,6.0,0.40996677740863785,0.4857142857142857,0.10431893687707641,0.4577151335311572,0.48780487804878053,False,-0.05524916943521602,2.05,0.0,1.0,0.0,-1.0
production_total,empirical_residual,outer_oos,3,2025020887,2026-02-03,over,6.0,0.5016611295681063,0.386046511627907,0.1122923588039867,0.5651197604790419,0.5454545454545454,True,0.03200442967884831,1.8333333333333335,0.0,1.0,0.0,-1.0
production_total,empirical_residual,outer_oos,3,2025020887,2026-02-03,under,6.0,0.386046511627907,0.5016611295681063,0.1122923588039867,0.43488023952095806,0.5,False,-0.11561461794019928,2.0,1.0,0.0,0.0,1.0
production_total,empirical_residual,outer_oos,3,2025020888,2026-02-03,over,6.0,0.5003322259136213,0.38870431893687707,0.11096345514950166,0.5627802690582959,0.5121951219512195,True,0.08780256288561933,1.9523809523809523,1.0,0.0,0.0,0.9523809523809523
production_total,empirical_residual,outer_oos,3,2025020888,2026-02-03,under,6.0,0.38870431893687707,0.5003322259136213,0.11096345514950166,0.437219730941704,0.5348837209302326,False,-0.1623284703163369,1.8695652173913042,0.0,1.0,0.0,-1.0
production_total,empirical_residual,outer_oos,3,2025020889,2026-02-03,over,6.0,0.4697674418604651,0.41661129568106314,0.11362126245847176,0.5299850074962519,0.5348837209302326,False,-0.008117867976310922,1.8695652173913042,0.0,0.0,1.0,0.0
production_total,empirical_residual,outer_oos,3,2025020889,2026-02-03,under,6.0,0.41661129568106314,0.4697674418604651,0.11362126245847176,0.4700149925037482,0.5121951219512195,False,-0.07299477930707166,1.9523809523809523,0.0,0.0,1.0,0.0
production_total,empirical_residual,outer_oos,3,2025020890,2026-02-03,over,6.5,0.48736702127659576,0.5126329787234043,0.0,0.48736702127659576,0.5121951219512195,False,-0.048473910840932166,1.9523809523809523,1.0,0.0,0.0,0.9523809523809523
production_total,empirical_residual,outer_oos,3,2025020890,2026-02-03,under,6.5,0.5126329787234043,0.48736702127659576,0.0,0.5126329787234043,0.5348837209302326,False,-0.04159921369102687,1.8695652173913042,0.0,1.0,0.0,-1.0
production_total,empirical_residual,outer_oos,3,2025020891,2026-02-03,over,6.5,0.5139627659574468,0.4860372340425532,0.0,0.5139627659574468,0.574468085106383,False,-0.10532407407407413,1.7407407407407407,1.0,0.0,0.0,0.7407407407407407
production_total,empirical_residual,outer_oos,3,2025020891,2026-02-03,under,6.5,0.4860372340425532,0.5139627659574468,0.0,0.4860372340425532,0.47619047619047616,True,0.020678191489361786,2.1,0.0,1.0,0.0,-1.0
production_total,empirical_residual,outer_oos,3,2025020892,2026-02-03,over,6.5,0.48736702127659576,0.5126329787234043,0.0,0.48736702127659576,0.5238095238095238,False,-0.06957205029013541,1.9090909090909092,0.0,1.0,0.0,-1.0
production_total,empirical_residual,outer_oos,3,2025020892,2026-02-03,under,6.5,0.5126329787234043,0.48736702127659576,0.0,0.5126329787234043,0.5238095238095238,False,-0.021337040618955472,1.9090909090909092,1.0,0.0,0.0,0.9090909090909092
production_total,empirical_residual,outer_oos,3,2025020893,2026-02-04,over,6.0,0.4299003322259136,0.4418604651162791,0.1282392026578073,0.493140243902439,0.5348837209302326,False,-0.06803408926765858,1.8695652173913042,1.0,0.0,0.0,0.8695652173913042
production_total,empirical_residual,outer_oos,3,2025020893,2026-02-04,under,6.0,0.4418604651162791,0.4299003322259136,0.1282392026578073,0.506859756097561,0.5121951219512195,False,-0.009080841638981207,1.9523809523809523,0.0,1.0,0.0,-1.0
production_total,empirical_residual,outer_oos,3,2025020894,2026-02-04,over,6.0,0.5029900332225914,0.386046511627907,0.11096345514950166,0.5657698056801196,0.5652173913043479,True,0.0008688985433171204,1.7692307692307692,0.0,1.0,0.0,-1.0
production_total,empirical_residual,outer_oos,3,2025020894,2026-02-04,under,6.0,0.386046511627907,0.5029900332225914,0.11096345514950166,0.4342301943198804,0.48780487804878053,False,-0.09764119601328913,2.05,1.0,0.0,0.0,1.0499999999999998
production_total,empirical_residual,outer_oos,3,2025020895,2026-02-04,over,6.0,0.467109634551495,0.41794019933554816,0.11495016611295682,0.5277777777777778,0.5348837209302326,False,-0.011757908421204721,1.8695652173913042,0.0,0.0,1.0,0.0
production_total,empirical_residual,outer_oos,3,2025020895,2026-02-04,under,6.0,0.41794019933554816,0.467109634551495,0.11495016611295682,0.4722222222222222,0.5121951219512195,False,-0.06907134947002058,1.9523809523809523,0.0,0.0,1.0,0.0
production_total,empirical_residual,outer_oos,3,2025020896,2026-02-04,over,6.0,0.4883720930232558,0.40863787375415284,0.10299003322259136,0.5444444444444444,0.5412844036697247,True,0.005236781350301201,1.847457627118644,1.0,0.0,0.0,0.847457627118644
production_total,empirical_residual,outer_oos,3,2025020896,2026-02-04,under,6.0,0.40863787375415284,0.4883720930232558,0.10299003322259136,0.45555555555555555,0.504950495049505,False,-0.08774672659761573,1.9803921568627452,0.0,1.0,0.0,-1.0
production_total,empirical_residual,outer_oos,3,2025020897,2026-02-04,over,6.5,0.5006648936170213,0.49933510638297873,0.0,0.5006648936170213,0.574468085106383,False,-0.12847222222222227,1.7407407407407407,0.0,1.0,0.0,-1.0
production_total,empirical_residual,outer_oos,3,2025020897,2026-02-04,under,6.5,0.49933510638297873,0.5006648936170213,0.0,0.49933510638297873,0.47619047619047616,True,0.04860372340425534,2.1,1.0,0.0,0.0,1.1
production_total,empirical_residual,outer_oos,3,2025020898,2026-02-04,over,6.0,0.48970099667774086,0.4046511627906977,0.10564784053156147,0.5475482912332839,0.5238095238095238,True,0.04053156146179404,1.9090909090909092,0.0,1.0,0.0,-1.0
production_total,empirical_residual,outer_oos,3,2025020898,2026-02-04,under,6.0,0.4046511627906977,0.48970099667774086,0.10564784053156147,0.45245170876671625,0.5238095238095238,False,-0.12183630323165201,1.9090909090909092,1.0,0.0,0.0,0.9090909090909092
production_total,empirical_residual,outer_oos,3,2025020899,2026-02-04,over,6.0,0.4418604651162791,0.4325581395348837,0.12558139534883722,0.5053191489361702,0.5121951219512195,False,-0.011738648947951291,1.9523809523809523,1.0,0.0,0.0,0.9523809523809523
production_total,empirical_residual,outer_oos,3,2025020899,2026-02-04,under,6.0,0.4325581395348837,0.4418604651162791,0.12558139534883722,0.49468085106382975,0.5348837209302326,False,-0.06572295247724985,1.8695652173913042,0.0,1.0,0.0,-1.0
production_total,empirical_residual,outer_oos,3,2025020900,2026-02-04,over,6.5,0.5019946808510638,0.49800531914893614,0.0,0.5019946808510638,0.5238095238095238,False,-0.04164651837524175,1.9090909090909092,1.0,0.0,0.0,0.9090909090909092
production_total,empirical_residual,outer_oos,3,2025020900,2026-02-04,under,6.5,0.49800531914893614,0.5019946808510638,0.0,0.49800531914893614,0.5238095238095238,False,-0.04926257253384908,1.9090909090909092,0.0,1.0,0.0,-1.0
production_total,empirical_residual,outer_oos,3,2025020901,2026-02-04,over,6.0,0.48970099667774086,0.4046511627906977,0.10564784053156147,0.5475482912332839,0.5555555555555556,False,-0.01289036544850497,1.8,1.0,0.0,0.0,0.8
production_total,empirical_residual,outer_oos,3,2025020901,2026-02-04,under,6.0,0.4046511627906977,0.48970099667774086,0.10564784053156147,0.45245170876671625,0.48780487804878053,False,-0.06481727574750834,2.05,0.0,1.0,0.0,-1.0
production_total,empirical_residual,outer_oos,3,2025020902,2026-02-04,over,5.5,0.555186170212766,0.44481382978723405,0.0,0.555186170212766,0.5348837209302326,True,0.037956753006475386,1.8695652173913042,1.0,0.0,0.0,0.8695652173913042
production_total,empirical_residual,outer_oos,3,2025020902,2026-02-04,under,5.5,0.44481382978723405,0.555186170212766,0.0,0.44481382978723405,0.5121951219512195,False,-0.13155395136778114,1.9523809523809523,0.0,1.0,0.0,-1.0
production_total,empirical_residual,outer_oos,3,2025020903,2026-02-05,over,6.5,0.5033244680851064,0.4966755319148936,0.0,0.5033244680851064,0.5238095238095238,False,-0.039107833655705915,1.9090909090909092,1.0,0.0,0.0,0.9090909090909092
production_total,empirical_residual,outer_oos,3,2025020903,2026-02-05,under,6.5,0.4966755319148936,0.5033244680851064,0.0,0.4966755319148936,0.5238095238095238,False,-0.05180125725338497,1.9090909090909092,0.0,1.0,0.0,-1.0
production_total,empirical_residual,outer_oos,3,2025020904,2026-02-05,over,6.0,0.4418604651162791,0.4325581395348837,0.12558139534883722,0.5053191489361702,0.5238095238095238,False,-0.030866807610993585,1.9090909090909092,1.0,0.0,0.0,0.9090909090909092
production_total,empirical_residual,outer_oos,3,2025020904,2026-02-05,under,6.0,0.4325581395348837,0.4418604651162791,0.12558139534883722,0.49468085106382975,0.5238095238095238,False,-0.04862579281183932,1.9090909090909092,0.0,1.0,0.0,-1.0
production_total,empirical_residual,outer_oos,3,2025020905,2026-02-05,over,5.5,0.5884308510638298,0.4115691489361702,0.0,0.5884308510638298,0.504950495049505,True,0.1653238423028786,1.9803921568627452,0.0,1.0,0.0,-1.0
production_total,empirical_residual,outer_oos,3,2025020905,2026-02-05,under,5.5,0.4115691489361702,0.5884308510638298,0.0,0.4115691489361702,0.5412844036697247,False,-0.2396434367111432,1.847457627118644,1.0,0.0,0.0,0.847457627118644
production_total,empirical_residual,outer_oos,3,2025020906,2026-02-05,over,6.0,0.4870431893687708,0.40996677740863785,0.10299003322259136,0.542962962962963,0.5238095238095238,True,0.03279975838115379,1.9090909090909092,0.0,1.0,0.0,-1.0
production_total,empirical_residual,outer_oos,3,2025020906,2026-02-05,under,6.0,0.40996677740863785,0.4870431893687708,0.10299003322259136,0.457037037037037,0.5238095238095238,False,-0.11434611899728181,1.9090909090909092,1.0,0.0,0.0,0.9090909090909092
production_total,empirical_residual,outer_oos,3,2025020907,2026-02-05,over,6.0,0.43388704318936877,0.4378737541528239,0.1282392026578073,0.4977134146341463,0.5238095238095238,False,-0.04343098761703412,1.9090909090909092,0.0,1.0,0.0,-1.0
production_total,empirical_residual,outer_oos,3,2025020907,2026-02-05,under,6.0,0.4378737541528239,0.43388704318936877,0.1282392026578073,0.5022865853658537,0.5238095238095238,False,-0.035819993959528784,1.9090909090909092,1.0,0.0,0.0,0.9090909090909092
production_total,empirical_residual,outer_oos,3,2025020908,2026-02-05,over,6.0,0.49767441860465117,0.3940199335548173,0.10830564784053157,0.5581222056631893,0.5412844036697247,True,0.02773804831353116,1.847457627118644,0.0,0.0,1.0,0.0
production_total,empirical_residual,outer_oos,3,2025020908,2026-02-05,under,6.0,0.3940199335548173,0.49767441860465117,0.10830564784053157,0.44187779433681074,0.504950495049505,False,-0.1113803660999283,1.9803921568627452,0.0,0.0,1.0,0.0
production_total,empirical_residual,outer_oos,3,2025020909,2026-02-05,over,6.0,0.439202657807309,0.43388704318936877,0.12691029900332226,0.5030441400304414,0.5238095238095238,False,-0.03461189972817874,1.9090909090909092,0.0,1.0,0.0,-1.0
production_total,empirical_residual,outer_oos,3,2025020909,2026-02-05,under,6.0,0.43388704318936877,0.439202657807309,0.12691029900332226,0.4969558599695586,0.5238095238095238,False,-0.04475989127151919,1.9090909090909092,1.0,0.0,0.0,0.9090909090909092
production_total,empirical_residual,outer_oos,3,2025020910,2026-02-25,over,5.5,0.5897606382978724,0.4102393617021276,0.0,0.5897606382978724,0.574468085106383,True,0.02662037037037046,1.7407407407407407,0.0,1.0,0.0,-1.0
production_total,empirical_residual,outer_oos,3,2025020910,2026-02-25,under,5.5,0.4102393617021276,0.5897606382978724,0.0,0.4102393617021276,0.4672897196261683,False,-0.12208776595744708,2.1399999999999997,1.0,0.0,0.0,1.1399999999999997
production_total,empirical_residual,outer_oos,3,2025020911,2026-02-25,over,6.5,0.4767287234042553,0.5232712765957447,0.0,0.4767287234042553,0.47619047619047616,True,0.001130319148936243,2.1,0.0,1.0,0.0,-1.0
production_total,empirical_residual,outer_oos,3,2025020911,2026-02-25,under,6.5,0.5232712765957447,0.4767287234042553,0.0,0.5232712765957447,0.5652173913043479,False,-0.07421235679214405,1.7692307692307692,1.0,0.0,0.0,0.7692307692307692
production_total,empirical_residual,outer_oos,3,2025020912,2026-02-25,over,6.5,0.4767287234042553,0.5232712765957447,0.0,0.4767287234042553,0.47619047619047616,True,0.001130319148936243,2.1,0.0,1.0,0.0,-1.0
production_total,empirical_residual,outer_oos,3,2025020912,2026-02-25,under,6.5,0.5232712765957447,0.4767287234042553,0.0,0.5232712765957447,0.5652173913043479,False,-0.07421235679214405,1.7692307692307692,1.0,0.0,0.0,0.7692307692307692
production_total,empirical_residual,outer_oos,3,2025020913,2026-02-25,over,5.5,0.5605053191489362,0.43949468085106386,0.0,0.5605053191489362,0.5238095238095238,True,0.07005560928433269,1.9090909090909092,0.0,1.0,0.0,-1.0
production_total,empirical_residual,outer_oos,3,2025020913,2026-02-25,under,5.5,0.43949468085106386,0.5605053191489362,0.0,0.43949468085106386,0.5238095238095238,False,-0.16096470019342357,1.9090909090909092,1.0,0.0,0.0,0.9090909090909092
production_total,empirical_residual,outer_oos,3,2025020914,2026-02-25,over,5.5,0.6150265957446809,0.3849734042553191,0.0,0.6150265957446809,0.574468085106383,True,0.07060185185185186,1.7407407407407407,1.0,0.0,0.0,0.7407407407407407
production_total,empirical_residual,outer_oos,3,2025020914,2026-02-25,under,5.5,0.3849734042553191,0.6150265957446809,0.0,0.3849734042553191,0.4672897196261683,False,-0.17615691489361723,2.1399999999999997,0.0,1.0,0.0,-1.0
production_total,empirical_residual,outer_oos,3,2025020915,2026-02-25,over,6.5,0.48736702127659576,0.5126329787234043,0.0,0.48736702127659576,0.47619047619047616,True,0.023470744680851086,2.1,0.0,1.0,0.0,-1.0
production_total,empirical_residual,outer_oos,3,2025020915,2026-02-25,under,6.5,0.5126329787234043,0.48736702127659576,0.0,0.5126329787234043,0.5652173913043479,False,-0.09303396072013093,1.7692307692307692,1.0,0.0,0.0,0.7692307692307692
production_total,empirical_residual,outer_oos,3,2025020916,2026-02-25,over,5.5,0.5631648936170213,0.4368351063829787,0.0,0.5631648936170213,0.5412844036697247,True,0.04042327803822576,1.847457627118644,1.0,0.0,0.0,0.847457627118644
production_total,empirical_residual,outer_oos,3,2025020916,2026-02-25,under,5.5,0.4368351063829787,0.5631648936170213,0.0,0.4368351063829787,0.504950495049505,False,-0.13489518147684604,1.9803921568627452,0.0,1.0,0.0,-1.0
production_total,empirical_residual,outer_oos,3,2025020917,2026-02-25,over,6.5,0.5299202127659575,0.47007978723404253,0.0,0.5299202127659575,0.5348837209302326,False,-0.00927960222016655,1.8695652173913042,1.0,0.0,0.0,0.8695652173913042
production_total,empirical_residual,outer_oos,3,2025020917,2026-02-25,under,6.5,0.47007978723404253,0.5299202127659575,0.0,0.47007978723404253,0.5121951219512195,False,-0.08222517730496459,1.9523809523809523,0.0,1.0,0.0,-1.0
production_total,empirical_residual,outer_oos,3,2025020918,2026-02-26,over,6.5,0.4900265957446808,0.5099734042553191,0.0,0.4900265957446808,0.5,False,-0.019946808510638292,2.0,0.0,1.0,0.0,-1.0
production_total,empirical_residual,outer_oos,3,2025020918,2026-02-26,under,6.5,0.5099734042553191,0.4900265957446808,0.0,0.5099734042553191,0.5454545454545454,False,-0.06504875886524814,1.8333333333333335,1.0,0.0,0.0,0.8333333333333335
production_total,empirical_residual,outer_oos,3,2025020919,2026-02-26,over,6.5,0.4886968085106383,0.5113031914893618,0.0,0.4886968085106383,0.47619047619047616,True,0.026263297872340385,2.1,1.0,0.0,0.0,1.1
production_total,empirical_residual,outer_oos,3,2025020919,2026-02-26,under,6.5,0.5113031914893618,0.4886968085106383,0.0,0.5113031914893618,0.5652173913043479,False,-0.09538666121112926,1.7692307692307692,0.0,1.0,0.0,-1.0
production_total,empirical_residual,outer_oos,3,2025020920,2026-02-26,over,5.5,0.5777925531914894,0.42220744680851063,0.0,0.5777925531914894,0.574468085106383,True,0.005787037037037035,1.7407407407407407,0.0,1.0,0.0,-1.0
production_total,empirical_residual,outer_oos,3,2025020920,2026-02-26,under,5.5,0.42220744680851063,0.5777925531914894,0.0,0.42220744680851063,0.4672897196261683,False,-0.0964760638297874,2.1399999999999997,1.0,0.0,0.0,1.1399999999999997
production_total,empirical_residual,outer_oos,3,2025020921,2026-02-26,over,6.5,0.4674202127659574,0.5325797872340425,0.0,0.4674202127659574,0.48780487804878053,False,-0.04178856382978735,2.05,0.0,1.0,0.0,-1.0
production_total,empirical_residual,outer_oos,3,2025020921,2026-02-26,under,6.5,0.5325797872340425,0.4674202127659574,0.0,0.5325797872340425,0.5555555555555556,False,-0.04135638297872335,1.8,1.0,0.0,0.0,0.8
production_total,empirical_residual,outer_oos,3,2025020922,2026-02-26,over,5.5,0.6030585106382979,0.3969414893617021,0.0,0.6030585106382979,0.5555555555555556,True,0.08550531914893622,1.8,0.0,1.0,0.0,-1.0
production_total,empirical_residual,outer_oos,3,2025020922,2026-02-26,under,5.5,0.3969414893617021,0.6030585106382979,0.0,0.3969414893617021,0.48780487804878053,False,-0.18626994680851072,2.05,1.0,0.0,0.0,1.0499999999999998
production_total,empirical_residual,outer_oos,3,2025020923,2026-02-26,over,6.5,0.4953457446808511,0.5046542553191489,0.0,0.4953457446808511,0.47619047619047616,True,0.04022606382978733,2.1,1.0,0.0,0.0,1.1
production_total,empirical_residual,outer_oos,3,2025020923,2026-02-26,under,6.5,0.5046542553191489,0.4953457446808511,0.0,0.5046542553191489,0.5652173913043479,False,-0.10715016366612123,1.7692307692307692,0.0,1.0,0.0,-1.0
production_total,empirical_residual,outer_oos,3,2025020924,2026-02-26,over,5.5,0.5565159574468086,0.4434840425531915,0.0,0.5565159574468086,0.574468085106383,False,-0.03125,1.7407407407407407,0.0,1.0,0.0,-1.0
production_total,empirical_residual,outer_oos,3,2025020924,2026-02-26,under,5.5,0.4434840425531915,0.5565159574468086,0.0,0.4434840425531915,0.4672897196261683,False,-0.050944148936170386,2.1399999999999997,1.0,0.0,0.0,1.1399999999999997
production_total,empirical_residual,outer_oos,3,2025020925,2026-02-26,over,5.5,0.5658244680851063,0.4341755319148936,0.0,0.5658244680851063,0.5555555555555556,True,0.01848404255319147,1.8,1.0,0.0,0.0,0.8
production_total,empirical_residual,outer_oos,3,2025020925,2026-02-26,under,5.5,0.4341755319148936,0.5658244680851063,0.0,0.4341755319148936,0.48780487804878053,False,-0.10994015957446812,2.05,0.0,1.0,0.0,-1.0
production_total,empirical_residual,outer_oos,3,2025020926,2026-02-26,over,6.5,0.4886968085106383,0.5113031914893618,0.0,0.4886968085106383,0.4672897196261683,True,0.045811170212765706,2.1399999999999997,0.0,1.0,0.0,-1.0
production_total,empirical_residual,outer_oos,3,2025020926,2026-02-26,under,6.5,0.5113031914893618,0.4886968085106383,0.0,0.5113031914893618,0.574468085106383,False,-0.10995370370370366,1.7407407407407407,1.0,0.0,0.0,0.7407407407407407
production_total,empirical_residual,outer_oos,3,2025020927,2026-02-26,over,6.5,0.5099734042553191,0.4900265957446808,0.0,0.5099734042553191,0.5121951219512195,False,-0.004337639311043584,1.9523809523809523,1.0,0.0,0.0,0.9523809523809523
production_total,empirical_residual,outer_oos,3,2025020927,2026-02-26,under,6.5,0.4900265957446808,0.5099734042553191,0.0,0.4900265957446808,0.5348837209302326,False,-0.08386332099907501,1.8695652173913042,0.0,1.0,0.0,-1.0
production_total,empirical_residual,outer_oos,3,2025020928,2026-02-26,over,6.5,0.4674202127659574,0.5325797872340425,0.0,0.4674202127659574,0.504950495049505,False,-0.0743246766791823,1.9803921568627452,0.0,1.0,0.0,-1.0
production_total,empirical_residual,outer_oos,3,2025020928,2026-02-26,under,6.5,0.5325797872340425,0.4674202127659574,0.0,0.5325797872340425,0.5412844036697247,False,-0.016081410025243437,1.847457627118644,1.0,0.0,0.0,0.847457627118644
production_total,empirical_residual,outer_oos,3,2025020929,2026-02-26,over,6.5,0.4900265957446808,0.5099734042553191,0.0,0.4900265957446808,0.5283018867924528,False,-0.07244965805471126,1.8928571428571428,1.0,0.0,0.0,0.8928571428571428
production_total,empirical_residual,outer_oos,3,2025020929,2026-02-26,under,6.5,0.5099734042553191,0.4900265957446808,0.0,0.5099734042553191,0.5192307692307692,False,-0.01782899921197789,1.925925925925926,0.0,1.0,0.0,-1.0
production_total,empirical_residual,outer_oos,3,2025020930,2026-02-27,over,6.5,0.4621010638297873,0.5378989361702128,0.0,0.4621010638297873,0.48780487804878053,False,-0.052692819148936254,2.05,0.0,1.0,0.0,-1.0
production_total,empirical_residual,outer_oos,3,2025020930,2026-02-27,under,6.5,0.5378989361702128,0.4621010638297873,0.0,0.5378989361702128,0.5555555555555556,False,-0.031781914893617036,1.8,1.0,0.0,0.0,0.8
production_total,empirical_residual,outer_oos,3,2025020931,2026-02-27,over,5.5,0.5924202127659575,0.4075797872340426,0.0,0.5924202127659575,0.5652173913043479,True,0.048128068739770824,1.7692307692307692,0.0,1.0,0.0,-1.0
production_total,empirical_residual,outer_oos,3,2025020931,2026-02-27,under,5.5,0.4075797872340426,0.5924202127659575,0.0,0.4075797872340426,0.47619047619047616,False,-0.14408244680851057,2.1,1.0,0.0,0.0,1.1
production_total,empirical_residual,outer_oos,3,2025020932,2026-02-27,over,6.5,0.49401595744680854,0.5059840425531915,0.0,0.49401595744680854,0.5121951219512195,False,-0.035492654508612,1.9523809523809523,1.0,0.0,0.0,0.9523809523809523
production_total,empirical_residual,outer_oos,3,2025020932,2026-02-27,under,6.5,0.5059840425531915,0.49401595744680854,0.0,0.5059840425531915,0.5348837209302326,False,-0.054029833487511614,1.8695652173913042,0.0,1.0,0.0,-1.0
production_total,empirical_residual,outer_oos,3,2025020933,2026-02-27,over,6.5,0.4886968085106383,0.5113031914893618,0.0,0.4886968085106383,0.47619047619047616,True,0.026263297872340385,2.1,1.0,0.0,0.0,1.1
production_total,empirical_residual,outer_oos,3,2025020933,2026-02-27,under,6.5,0.5113031914893618,0.4886968085106383,0.0,0.5113031914893618,0.5652173913043479,False,-0.09538666121112926,1.7692307692307692,0.0,1.0,0.0,-1.0
production_total,empirical_residual,outer_oos,3,2025020934,2026-02-28,over,6.0,0.48172757475083056,0.412624584717608,0.10564784053156147,0.5386329866270431,0.5121951219512195,True,0.04616358171175444,1.9523809523809523,0.0,1.0,0.0,-1.0
production_total,empirical_residual,outer_oos,3,2025020934,2026-02-28,under,6.0,0.412624584717608,0.48172757475083056,0.10564784053156147,0.46136701337295694,0.5348837209302326,False,-0.12292358803986714,1.8695652173913042,1.0,0.0,0.0,0.8695652173913042
production_total,empirical_residual,outer_oos,3,2025020935,2026-02-28,over,6.0,0.43521594684385384,0.4378737541528239,0.12691029900332226,0.49847792998477936,0.504950495049505,False,-0.011191453325516187,1.9803921568627452,0.0,1.0,0.0,-1.0
production_total,empirical_residual,outer_oos,3,2025020935,2026-02-28,under,6.0,0.4378737541528239,0.43521594684385384,0.12691029900332226,0.5015220700152208,0.5412844036697247,False,-0.06413649417196915,1.847457627118644,1.0,0.0,0.0,0.847457627118644
production_total,empirical_residual,outer_oos,3,2025020936,2026-02-28,over,6.5,0.5139627659574468,0.4860372340425532,0.0,0.5139627659574468,0.5238095238095238,False,-0.018798355899419694,1.9090909090909092,1.0,0.0,0.0,0.9090909090909092
production_total,empirical_residual,outer_oos,3,2025020936,2026-02-28,under,6.5,0.4860372340425532,0.5139627659574468,0.0,0.4860372340425532,0.5238095238095238,False,-0.07211073500967113,1.9090909090909092,0.0,1.0,0.0,-1.0
production_total,empirical_residual,outer_oos,3,2025020937,2026-02-28,over,6.0,0.5016611295681063,0.386046511627907,0.1122923588039867,0.5651197604790419,0.5238095238095238,True,0.07000906070673513,1.9090909090909092,1.0,0.0,0.0,0.9090909090909092
production_total,empirical_residual,outer_oos,3,2025020937,2026-02-28,under,6.0,0.386046511627907,0.5016611295681063,0.1122923588039867,0.43488023952095806,0.5238095238095238,False,-0.15070975536091807,1.9090909090909092,0.0,1.0,0.0,-1.0
production_total,empirical_residual,outer_oos,3,2025020938,2026-02-28,over,6.5,0.5019946808510638,0.49800531914893614,0.0,0.5019946808510638,0.5121951219512195,False,-0.019915146909827763,1.9523809523809523,0.0,1.0,0.0,-1.0
production_total,empirical_residual,outer_oos,3,2025020938,2026-02-28,under,6.5,0.49800531914893614,0.5019946808510638,0.0,0.49800531914893614,0.5348837209302326,False,-0.06894657724329328,1.8695652173913042,1.0,0.0,0.0,0.8695652173913042
production_total,empirical_residual,outer_oos,3,2025020939,2026-02-28,over,6.0,0.46578073089700994,0.4219269102990033,0.1122923588039867,0.5247005988023952,0.5238095238095238,True,0.0015101177891875817,1.9090909090909092,1.0,0.0,0.0,0.9090909090909092
production_total,empirical_residual,outer_oos,3,2025020939,2026-02-28,under,6.0,0.4219269102990033,0.46578073089700994,0.1122923588039867,0.4752994011976048,0.5238095238095238,False,-0.08221081244337053,1.9090909090909092,0.0,1.0,0.0,-1.0
production_total,empirical_residual,outer_oos,3,2025020940,2026-02-28,over,6.0,0.5003322259136213,0.39003322259136214,0.10963455149501661,0.5619402985074626,0.5555555555555556,True,0.010232558139534886,1.8,1.0,0.0,0.0,0.8
production_total,empirical_residual,outer_oos,3,2025020940,2026-02-28,under,6.0,0.39003322259136214,0.5003322259136213,0.10963455149501661,0.4380597014925373,0.48780487804878053,False,-0.09079734219269109,2.05,0.0,1.0,0.0,-1.0
production_total,empirical_residual,outer_oos,3,2025020941,2026-02-28,over,6.0,0.48172757475083056,0.4112956810631229,0.10697674418604651,0.5394345238095238,0.5555555555555556,False,-0.02591362126245844,1.8,1.0,0.0,0.0,0.8
production_total,empirical_residual,outer_oos,3,2025020941,2026-02-28,under,6.0,0.4112956810631229,0.48172757475083056,0.10697674418604651,0.4605654761904762,0.48780487804878053,False,-0.04986710963455154,2.05,0.0,1.0,0.0,-1.0
production_total,empirical_residual,outer_oos,3,2025020942,2026-02-28,over,6.0,0.5029900332225914,0.386046511627907,0.11096345514950166,0.5657698056801196,0.5454545454545454,True,0.03311184939091927,1.8333333333333335,1.0,0.0,0.0,0.8333333333333335
production_total,empirical_residual,outer_oos,3,2025020942,2026-02-28,under,6.0,0.386046511627907,0.5029900332225914,0.11096345514950166,0.4342301943198804,0.5,False,-0.11694352159468441,2.0,0.0,1.0,0.0,-1.0
production_total,empirical_residual,outer_oos,3,2025020943,2026-02-28,over,5.5,0.5777925531914894,0.42220744680851063,0.0,0.5777925531914894,0.5238095238095238,True,0.10305851063829796,1.9090909090909092,0.0,1.0,0.0,-1.0
production_total,empirical_residual,outer_oos,3,2025020943,2026-02-28,under,5.5,0.42220744680851063,0.5777925531914894,0.0,0.42220744680851063,0.5238095238095238,False,-0.19396760154738873,1.9090909090909092,1.0,0.0,0.0,0.9090909090909092
production_total,empirical_residual,outer_oos,3,2025020944,2026-02-28,over,5.5,0.5511968085106382,0.4488031914893617,0.0,0.5511968085106382,0.5238095238095238,True,0.05228481624758213,1.9090909090909092,0.0,1.0,0.0,-1.0
production_total,empirical_residual,outer_oos,3,2025020944,2026-02-28,under,5.5,0.4488031914893617,0.5511968085106382,0.0,0.4488031914893617,0.5238095238095238,False,-0.14319390715667302,1.9090909090909092,1.0,0.0,0.0,0.9090909090909092
production_total,empirical_residual,outer_oos,3,2025020945,2026-02-28,over,6.0,0.467109634551495,0.4219269102990033,0.11096345514950166,0.5254110612855007,0.5121951219512195,True,0.022939408321468124,1.9523809523809523,0.0,1.0,0.0,-1.0
production_total,empirical_residual,outer_oos,3,2025020945,2026-02-28,under,6.0,0.4219269102990033,0.467109634551495,0.11096345514950166,0.47458893871449925,0.5348837209302326,False,-0.10021666907410087,1.8695652173913042,1.0,0.0,0.0,0.8695652173913042
production_total,empirical_residual,outer_oos,3,2025020946,2026-02-28,over,6.0,0.4830564784053156,0.4112956810631229,0.10564784053156147,0.5401188707280833,0.5121951219512195,True,0.0487581078943205,1.9523809523809523,0.0,0.0,1.0,0.0
production_total,empirical_residual,outer_oos,3,2025020946,2026-02-28,under,6.0,0.4112956810631229,0.4830564784053156,0.10564784053156147,0.4598811292719168,0.5348837209302326,False,-0.12540806008955663,1.8695652173913042,0.0,0.0,1.0,0.0
production_total,empirical_residual,outer_oos,3,2025020947,2026-03-01,over,6.5,0.5006648936170213,0.49933510638297873,0.0,0.5006648936170213,0.5,True,0.0013297872340425343,2.0,0.0,1.0,0.0,-1.0
production_total,empirical_residual,outer_oos,3,2025020947,2026-03-01,under,6.5,0.49933510638297873,0.5006648936170213,0.0,0.49933510638297873,0.5454545454545454,False,-0.08455230496453892,1.8333333333333335,1.0,0.0,0.0,0.8333333333333335
production_total,empirical_residual,outer_oos,3,2025020948,2026-03-01,over,5.5,0.5658244680851063,0.4341755319148936,0.0,0.5658244680851063,0.5652173913043479,True,0.0010740589198035555,1.7692307692307692,1.0,0.0,0.0,0.7692307692307692
production_total,empirical_residual,outer_oos,3,2025020948,2026-03-01,under,5.5,0.4341755319148936,0.5658244680851063,0.0,0.4341755319148936,0.47619047619047616,False,-0.08823138297872335,2.1,0.0,1.0,0.0,-1.0
production_total,empirical_residual,outer_oos,3,2025020949,2026-03-01,over,6.5,0.48736702127659576,0.5126329787234043,0.0,0.48736702127659576,0.48780487804878053,False,-0.0008976063829788661,2.05,0.0,1.0,0.0,-1.0
production_total,empirical_residual,outer_oos,3,2025020949,2026-03-01,under,6.5,0.5126329787234043,0.48736702127659576,0.0,0.5126329787234043,0.5555555555555556,False,-0.07726063829787227,1.8,1.0,0.0,0.0,0.8
production_total,empirical_residual,outer_oos,3,2025020950,2026-03-01,over,6.5,0.4674202127659574,0.5325797872340425,0.0,0.4674202127659574,0.5,False,-0.06515957446808512,2.0,0.0,1.0,0.0,-1.0
production_total,empirical_residual,outer_oos,3,2025020950,2026-03-01,under,6.5,0.5325797872340425,0.4674202127659574,0.0,0.5325797872340425,0.5454545454545454,False,-0.023603723404255206,1.8333333333333335,1.0,0.0,0.0,0.8333333333333335
production_total,empirical_residual,outer_oos,3,2025020951,2026-03-01,over,5.5,0.5857712765957447,0.4142287234042553,0.0,0.5857712765957447,0.574468085106383,True,0.01967592592592593,1.7407407407407407,0.0,1.0,0.0,-1.0
production_total,empirical_residual,outer_oos,3,2025020951,2026-03-01,under,5.5,0.4142287234042553,0.5857712765957447,0.0,0.4142287234042553,0.4672897196261683,False,-0.11355053191489378,2.1399999999999997,1.0,0.0,0.0,1.1399999999999997
production_total,empirical_residual,outer_oos,3,2025020952,2026-03-01,over,6.5,0.49268617021276595,0.507313829787234,0.0,0.49268617021276595,0.5,False,-0.0146276595744681,2.0,0.0,1.0,0.0,-1.0
production_total,empirical_residual,outer_oos,3,2025020952,2026-03-01,under,6.5,0.507313829787234,0.49268617021276595,0.0,0.507313829787234,0.5454545454545454,False,-0.06992464539007082,1.8333333333333335,1.0,0.0,0.0,0.8333333333333335
production_total,empirical_residual,outer_oos,3,2025020953,2026-03-02,over,6.5,0.480718085106383,0.5192819148936171,0.0,0.480718085106383,0.47619047619047616,True,0.009507978723404253,2.1,1.0,0.0,0.0,1.1
production_total,empirical_residual,outer_oos,3,2025020953,2026-03-02,under,6.5,0.5192819148936171,0.480718085106383,0.0,0.5192819148936171,0.5652173913043479,False,-0.08127045826513912,1.7692307692307692,0.0,1.0,0.0,-1.0
production_total,empirical_residual,outer_oos,3,2025020954,2026-03-02,over,6.5,0.4674202127659574,0.5325797872340425,0.0,0.4674202127659574,0.48780487804878053,False,-0.04178856382978735,2.05,0.0,1.0,0.0,-1.0
production_total,empirical_residual,outer_oos,3,2025020954,2026-03-02,under,6.5,0.5325797872340425,0.4674202127659574,0.0,0.5325797872340425,0.5555555555555556,False,-0.04135638297872335,1.8,1.0,0.0,0.0,0.8
production_total,empirical_residual,outer_oos,3,2025020955,2026-03-02,over,6.5,0.4860372340425532,0.5139627659574468,0.0,0.4860372340425532,0.48780487804878053,False,-0.0036236702127659948,2.05,0.0,1.0,0.0,-1.0
production_total,empirical_residual,outer_oos,3,2025020955,2026-03-02,under,6.5,0.5139627659574468,0.4860372340425532,0.0,0.5139627659574468,0.5555555555555556,False,-0.07486702127659572,1.8,1.0,0.0,0.0,0.8
production_total,empirical_residual,outer_oos,3,2025020956,2026-03-02,over,5.5,0.5871010638297872,0.4128989361702128,0.0,0.5871010638297872,0.5652173913043479,True,0.03871726677577736,1.7692307692307692,1.0,0.0,0.0,0.7692307692307692
production_total,empirical_residual,outer_oos,3,2025020956,2026-03-02,under,5.5,0.4128989361702128,0.5871010638297872,0.0,0.4128989361702128,0.47619047619047616,False,-0.13291223404255315,2.1,0.0,1.0,0.0,-1.0
production_total,empirical_residual,outer_oos,3,2025020957,2026-03-02,over,5.5,0.59375,0.40624999999999994,0.0,0.59375,0.5652173913043479,True,0.05048076923076922,1.7692307692307692,0.0,1.0,0.0,-1.0
production_total,empirical_residual,outer_oos,3,2025020957,2026-03-02,under,5.5,0.40624999999999994,0.59375,0.0,0.40624999999999994,0.47619047619047616,False,-0.14687500000000003,2.1,1.0,0.0,0.0,1.1
production_total,empirical_residual,outer_oos,3,2025020958,2026-03-02,over,5.5,0.5804521276595744,0.4195478723404255,0.0,0.5804521276595744,0.574468085106383,True,0.01041666666666663,1.7407407407407407,1.0,0.0,0.0,0.7407407407407407
production_total,empirical_residual,outer_oos,3,2025020958,2026-03-02,under,5.5,0.4195478723404255,0.5804521276595744,0.0,0.4195478723404255,0.4672897196261683,False,-0.10216755319148951,2.1399999999999997,0.0,1.0,0.0,-1.0
production_total,empirical_residual,outer_oos,3,2025020959,2026-03-03,over,6.5,0.4900265957446808,0.5099734042553191,0.0,0.4900265957446808,0.5121951219512195,False,-0.04328140830800409,1.9523809523809523,0.0,1.0,0.0,-1.0
production_total,empirical_residual,outer_oos,3,2025020959,2026-03-03,under,6.5,0.5099734042553191,0.4900265957446808,0.0,0.5099734042553191,0.5348837209302326,False,-0.04657146160962078,1.8695652173913042,1.0,0.0,0.0,0.8695652173913042
production_total,empirical_residual,outer_oos,3,2025020960,2026-03-03,over,6.5,0.4833776595744681,0.5166223404255319,0.0,0.4833776595744681,0.48780487804878053,False,-0.009075797872340474,2.05,0.0,1.0,0.0,-1.0
production_total,empirical_residual,outer_oos,3,2025020960,2026-03-03,under,6.5,0.5166223404255319,0.4833776595744681,0.0,0.5166223404255319,0.5555555555555556,False,-0.07007978723404257,1.8,1.0,0.0,0.0,0.8
production_total,empirical_residual,outer_oos,3,2025020961,2026-03-03,over,5.5,0.5605053191489362,0.43949468085106386,0.0,0.5605053191489362,0.5555555555555556,True,0.008909574468085102,1.8,1.0,0.0,0.0,0.8
production_total,empirical_residual,outer_oos,3,2025020961,2026-03-03,under,5.5,0.43949468085106386,0.5605053191489362,0.0,0.43949468085106386,0.48780487804878053,False,-0.09903590425531922,2.05,0.0,1.0,0.0,-1.0
production_total,empirical_residual,outer_oos,3,2025020962,2026-03-03,over,6.5,0.49800531914893614,0.5019946808510638,0.0,0.49800531914893614,0.48780487804878053,True,0.02091090425531905,2.05,0.0,1.0,0.0,-1.0
production_total,empirical_residual,outer_oos,3,2025020962,2026-03-03,under,6.5,0.5019946808510638,0.49800531914893614,0.0,0.5019946808510638,0.5555555555555556,False,-0.09640957446808507,1.8,1.0,0.0,0.0,0.8
production_total,empirical_residual,outer_oos,3,2025020963,2026-03-03,over,6.5,0.5086436170212766,0.4913563829787234,0.0,0.5086436170212766,0.5,True,0.017287234042553168,2.0,0.0,1.0,0.0,-1.0
production_total,empirical_residual,outer_oos,3,2025020963,2026-03-03,under,6.5,0.4913563829787234,0.5086436170212766,0.0,0.4913563829787234,0.5454545454545454,False,-0.09917996453900702,1.8333333333333335,1.0,0.0,0.0,0.8333333333333335
production_total,empirical_residual,outer_oos,3,2025020964,2026-03-03,over,5.5,0.5777925531914894,0.42220744680851063,0.0,0.5777925531914894,0.5454545454545454,True,0.0592863475177306,1.8333333333333335,0.0,1.0,0.0,-1.0
production_total,empirical_residual,outer_oos,3,2025020964,2026-03-03,under,5.5,0.42220744680851063,0.5777925531914894,0.0,0.42220744680851063,0.5,False,-0.15558510638297873,2.0,1.0,0.0,0.0,1.0
production_total,empirical_residual,outer_oos,3,2025020965,2026-03-03,over,5.5,0.557845744680851,0.4421542553191489,0.0,0.557845744680851,0.5192307692307692,True,0.07436958234830576,1.925925925925926,1.0,0.0,0.0,0.925925925925926
production_total,empirical_residual,outer_oos,3,2025020965,2026-03-03,under,5.5,0.4421542553191489,0.557845744680851,0.0,0.4421542553191489,0.5283018867924528,False,-0.1630651595744681,1.8928571428571428,0.0,1.0,0.0,-1.0
production_total,empirical_residual,outer_oos,3,2025020966,2026-03-03,over,6.5,0.5033244680851064,0.4966755319148936,0.0,0.5033244680851064,0.5867768595041323,False,-0.1422216811507342,1.704225352112676,1.0,0.0,0.0,0.704225352112676
production_total,empirical_residual,outer_oos,3,2025020966,2026-03-03,under,6.5,0.4966755319148936,0.5033244680851064,0.0,0.4966755319148936,0.45454545454545453,True,0.09268617021276593,2.2,0.0,1.0,0.0,-1.0
production_total,empirical_residual,outer_oos,3,2025020967,2026-03-03,over,6.5,0.4833776595744681,0.5166223404255319,0.0,0.4833776595744681,0.48780487804878053,False,-0.009075797872340474,2.05,0.0,1.0,0.0,-1.0
production_total,empirical_residual,outer_oos,3,2025020967,2026-03-03,under,6.5,0.5166223404255319,0.4833776595744681,0.0,0.5166223404255319,0.5555555555555556,False,-0.07007978723404257,1.8,1.0,0.0,0.0,0.8
production_total,empirical_residual,outer_oos,3,2025020968,2026-03-03,over,6.5,0.5246010638297872,0.4753989361702128,0.0,0.5246010638297872,0.5652173913043479,False,-0.07185965630114571,1.7692307692307692,0.0,1.0,0.0,-1.0
production_total,empirical_residual,outer_oos,3,2025020968,2026-03-03,under,6.5,0.4753989361702128,0.5246010638297872,0.0,0.4753989361702128,0.47619047619047616,False,-0.0016622340425531679,2.1,1.0,0.0,0.0,1.1
production_total,empirical_residual,outer_oos,3,2025020969,2026-03-03,over,6.5,0.4900265957446808,0.5099734042553191,0.0,0.4900265957446808,0.5454545454545454,False,-0.10161790780141838,1.8333333333333335,1.0,0.0,0.0,0.8333333333333335
production_total,empirical_residual,outer_oos,3,2025020969,2026-03-03,under,6.5,0.5099734042553191,0.4900265957446808,0.0,0.5099734042553191,0.5,True,0.019946808510638292,2.0,0.0,1.0,0.0,-1.0
production_total,empirical_residual,outer_oos,3,2025020970,2026-03-04,over,5.5,0.5831117021276596,0.41688829787234044,0.0,0.5831117021276596,0.5652173913043479,True,0.03165916530278229,1.7692307692307692,1.0,0.0,0.0,0.7692307692307692
production_total,empirical_residual,outer_oos,3,2025020970,2026-03-04,under,5.5,0.41688829787234044,0.5831117021276596,0.0,0.41688829787234044,0.47619047619047616,False,-0.12453457446808508,2.1,0.0,1.0,0.0,-1.0
production_total,empirical_residual,outer_oos,3,2025020971,2026-03-04,over,5.5,0.5857712765957447,0.4142287234042553,0.0,0.5857712765957447,0.5555555555555556,True,0.05438829787234045,1.8,1.0,0.0,0.0,0.8
production_total,empirical_residual,outer_oos,3,2025020971,2026-03-04,under,5.5,0.4142287234042553,0.5857712765957447,0.0,0.4142287234042553,0.48780487804878053,False,-0.15083111702127666,2.05,0.0,1.0,0.0,-1.0
production_total,empirical_residual,outer_oos,3,2025020972,2026-03-04,over,6.5,0.5179521276595744,0.4820478723404255,0.0,0.5179521276595744,0.4672897196261683,True,0.10841755319148921,2.1399999999999997,1.0,0.0,0.0,1.1399999999999997
production_total,empirical_residual,outer_oos,3,2025020972,2026-03-04,under,6.5,0.4820478723404255,0.5179521276595744,0.0,0.4820478723404255,0.574468085106383,False,-0.16087962962962965,1.7407407407407407,0.0,1.0,0.0,-1.0
production_total,empirical_residual,outer_oos,3,2025020973,2026-03-04,over,6.5,0.5059840425531915,0.49401595744680854,0.0,0.5059840425531915,0.5348837209302326,False,-0.054029833487511614,1.8695652173913042,0.0,1.0,0.0,-1.0
production_total,empirical_residual,outer_oos,3,2025020973,2026-03-04,under,6.5,0.49401595744680854,0.5059840425531915,0.0,0.49401595744680854,0.5121951219512195,False,-0.035492654508612,1.9523809523809523,1.0,0.0,0.0,0.9523809523809523
production_total,empirical_residual,outer_oos,3,2025020974,2026-03-04,over,5.5,0.5565159574468086,0.4434840425531915,0.0,0.5565159574468086,0.5555555555555556,True,0.0017287234042553945,1.8,0.0,1.0,0.0,-1.0
production_total,empirical_residual,outer_oos,3,2025020974,2026-03-04,under,5.5,0.4434840425531915,0.5565159574468086,0.0,0.4434840425531915,0.48780487804878053,False,-0.09085771276595761,2.05,1.0,0.0,0.0,1.0499999999999998
production_total,empirical_residual,outer_oos,3,2025020975,2026-03-05,over,5.5,0.5777925531914894,0.42220744680851063,0.0,0.5777925531914894,0.574468085106383,True,0.005787037037037035,1.7407407407407407,1.0,0.0,0.0,0.7407407407407407
production_total,empirical_residual,outer_oos,3,2025020975,2026-03-05,under,5.5,0.42220744680851063,0.5777925531914894,0.0,0.42220744680851063,0.4672897196261683,False,-0.0964760638297874,2.1399999999999997,0.0,1.0,0.0,-1.0
production_total,empirical_residual,outer_oos,3,2025020976,2026-03-05,over,5.5,0.5738031914893618,0.4261968085106383,0.0,0.5738031914893618,0.5555555555555556,True,0.03284574468085116,1.8,0.0,1.0,0.0,-1.0
production_total,empirical_residual,outer_oos,3,2025020976,2026-03-05,under,5.5,0.4261968085106383,0.5738031914893618,0.0,0.4261968085106383,0.48780487804878053,False,-0.12629654255319162,2.05,1.0,0.0,0.0,1.0499999999999998
production_total,empirical_residual,outer_oos,3,2025020977,2026-03-05,over,6.5,0.5152925531914894,0.4847074468085106,0.0,0.5152925531914894,0.5121951219512195,True,0.006047365754812628,1.9523809523809523,0.0,1.0,0.0,-1.0
production_total,empirical_residual,outer_oos,3,2025020977,2026-03-05,under,6.5,0.4847074468085106,0.5152925531914894,0.0,0.4847074468085106,0.5348837209302326,False,-0.09380781683626283,1.8695652173913042,1.0,0.0,0.0,0.8695652173913042
production_total,empirical_residual,outer_oos,3,2025020978,2026-03-05,over,6.5,0.4820478723404255,0.5179521276595744,0.0,0.4820478723404255,0.5,False,-0.035904255319148926,2.0,0.0,1.0,0.0,-1.0
production_total,empirical_residual,outer_oos,3,2025020978,2026-03-05,under,6.5,0.5179521276595744,0.4820478723404255,0.0,0.5179521276595744,0.5454545454545454,False,-0.05042109929078009,1.8333333333333335,1.0,0.0,0.0,0.8333333333333335
production_total,empirical_residual,outer_oos,3,2025020979,2026-03-05,over,6.5,0.4714095744680851,0.5285904255319149,0.0,0.4714095744680851,0.47619047619047616,False,-0.01003989361702129,2.1,1.0,0.0,0.0,1.1
production_total,empirical_residual,outer_oos,3,2025020979,2026-03-05,under,6.5,0.5285904255319149,0.4714095744680851,0.0,0.5285904255319149,0.5652173913043479,False,-0.06480155482815059,1.7692307692307692,0.0,1.0,0.0,-1.0
production_total,empirical_residual,outer_oos,3,2025020980,2026-03-05,over,5.5,0.567154255319149,0.4328457446808511,0.0,0.567154255319149,0.5555555555555556,True,0.020877659574468133,1.8,0.0,1.0,0.0,-1.0
production_total,empirical_residual,outer_oos,3,2025020980,2026-03-05,under,5.5,0.4328457446808511,0.567154255319149,0.0,0.4328457446808511,0.48780487804878053,False,-0.11266622340425542,2.05,1.0,0.0,0.0,1.0499999999999998
production_total,empirical_residual,outer_oos,3,2025020981,2026-03-05,over,5.5,0.5565159574468086,0.4434840425531915,0.0,0.5565159574468086,0.574468085106383,False,-0.03125,1.7407407407407407,0.0,1.0,0.0,-1.0
production_total,empirical_residual,outer_oos,3,2025020981,2026-03-05,under,5.5,0.4434840425531915,0.5565159574468086,0.0,0.4434840425531915,0.4672897196261683,False,-0.050944148936170386,2.1399999999999997,1.0,0.0,0.0,1.1399999999999997
production_total,empirical_residual,outer_oos,3,2025020982,2026-03-05,over,5.5,0.5565159574468086,0.4434840425531915,0.0,0.5565159574468086,0.5121951219512195,True,0.08653115501519759,1.9523809523809523,1.0,0.0,0.0,0.9523809523809523
production_total,empirical_residual,outer_oos,3,2025020982,2026-03-05,under,5.5,0.4434840425531915,0.5565159574468086,0.0,0.4434840425531915,0.5348837209302326,False,-0.1708776595744682,1.8695652173913042,0.0,1.0,0.0,-1.0
production_total,empirical_residual,outer_oos,3,2025020983,2026-03-06,over,6.5,0.4474734042553191,0.5525265957446809,0.0,0.4474734042553191,0.4672897196261683,False,-0.042406914893617254,2.1399999999999997,0.0,1.0,0.0,-1.0
production_total,empirical_residual,outer_oos,3,2025020983,2026-03-06,under,6.5,0.5525265957446809,0.4474734042553191,0.0,0.5525265957446809,0.574468085106383,False,-0.03819444444444442,1.7407407407407407,1.0,0.0,0.0,0.7407407407407407
production_total,empirical_residual,outer_oos,3,2025020984,2026-03-06,over,5.5,0.5964095744680851,0.4035904255319149,0.0,0.5964095744680851,0.574468085106383,True,0.03819444444444442,1.7407407407407407,1.0,0.0,0.0,0.7407407407407407
production_total,empirical_residual,outer_oos,3,2025020984,2026-03-06,under,5.5,0.4035904255319149,0.5964095744680851,0.0,0.4035904255319149,0.4672897196261683,False,-0.13631648936170226,2.1399999999999997,0.0,1.0,0.0,-1.0
production_total,empirical_residual,outer_oos,3,2025020985,2026-03-06,over,6.5,0.49268617021276595,0.507313829787234,0.0,0.49268617021276595,0.4672897196261683,True,0.05434840425531895,2.1399999999999997,1.0,0.0,0.0,1.1399999999999997
production_total,empirical_residual,outer_oos,3,2025020985,2026-03-06,under,6.5,0.507313829787234,0.49268617021276595,0.0,0.507313829787234,0.574468085106383,False,-0.11689814814814814,1.7407407407407407,0.0,1.0,0.0,-1.0
production_total,empirical_residual,outer_oos,3,2025020986,2026-03-06,over,6.5,0.5378989361702128,0.4621010638297873,0.0,0.5378989361702128,0.574468085106383,False,-0.06365740740740744,1.7407407407407407,1.0,0.0,0.0,0.7407407407407407
production_total,empirical_residual,outer_oos,3,2025020986,2026-03-06,under,6.5,0.4621010638297873,0.5378989361702128,0.0,0.4621010638297873,0.4672897196261683,False,-0.011103723404255472,2.1399999999999997,0.0,1.0,0.0,-1.0
production_total,empirical_residual,outer_oos,3,2025020987,2026-03-06,over,6.5,0.5139627659574468,0.4860372340425532,0.0,0.5139627659574468,0.574468085106383,False,-0.10532407407407413,1.7407407407407407,1.0,0.0,0.0,0.7407407407407407
production_total,empirical_residual,outer_oos,3,2025020987,2026-03-06,under,6.5,0.4860372340425532,0.5139627659574468,0.0,0.4860372340425532,0.4672897196261683,True,0.040119680851063655,2.1399999999999997,0.0,1.0,0.0,-1.0
production_total,empirical_residual,outer_oos,3,2025020988,2026-03-06,over,6.5,0.48736702127659576,0.5126329787234043,0.0,0.48736702127659576,0.48780487804878053,False,-0.0008976063829788661,2.05,0.0,1.0,0.0,-1.0
production_total,empirical_residual,outer_oos,3,2025020988,2026-03-06,under,6.5,0.5126329787234043,0.48736702127659576,0.0,0.5126329787234043,0.5555555555555556,False,-0.07726063829787227,1.8,1.0,0.0,0.0,0.8
production_total,empirical_residual,outer_oos,3,2025020989,2026-03-06,over,6.5,0.4660904255319149,0.5339095744680851,0.0,0.4660904255319149,0.47619047619047616,False,-0.02121010638297871,2.1,0.0,1.0,0.0,-1.0
production_total,empirical_residual,outer_oos,3,2025020989,2026-03-06,under,6.5,0.5339095744680851,0.4660904255319149,0.0,0.5339095744680851,0.5652173913043479,False,-0.05539075286415718,1.7692307692307692,1.0,0.0,0.0,0.7692307692307692
production_total,empirical_residual,outer_oos,3,2025020990,2026-03-07,over,5.5,0.5884308510638298,0.4115691489361702,0.0,0.5884308510638298,0.574468085106383,True,0.024305555555555525,1.7407407407407407,0.0,1.0,0.0,-1.0
production_total,empirical_residual,outer_oos,3,2025020990,2026-03-07,under,5.5,0.4115691489361702,0.5884308510638298,0.0,0.4115691489361702,0.4672897196261683,False,-0.11924202127659589,2.1399999999999997,1.0,0.0,0.0,1.1399999999999997
production_total,empirical_residual,outer_oos,3,2025020991,2026-03-07,over,5.5,0.567154255319149,0.4328457446808511,0.0,0.567154255319149,0.5348837209302326,True,0.060331868640147945,1.8695652173913042,1.0,0.0,0.0,0.8695652173913042
production_total,empirical_residual,outer_oos,3,2025020991,2026-03-07,under,5.5,0.4328457446808511,0.567154255319149,0.0,0.4328457446808511,0.5121951219512195,False,-0.15492021276595752,1.9523809523809523,0.0,1.0,0.0,-1.0
production_total,empirical_residual,outer_oos,3,2025020992,2026-03-07,over,6.5,0.5006648936170213,0.49933510638297873,0.0,0.5006648936170213,0.49504950495049505,True,0.011343085106382933,2.02,0.0,1.0,0.0,-1.0
production_total,empirical_residual,outer_oos,3,2025020992,2026-03-07,under,6.5,0.49933510638297873,0.5006648936170213,0.0,0.49933510638297873,0.5495495495495495,False,-0.09137382281130096,1.819672131147541,1.0,0.0,0.0,0.819672131147541
production_total,empirical_residual,outer_oos,3,2025020993,2026-03-07,over,5.5,0.5897606382978724,0.4102393617021276,0.0,0.5897606382978724,0.5652173913043479,True,0.0434226677577742,1.7692307692307692,1.0,0.0,0.0,0.7692307692307692
production_total,empirical_residual,outer_oos,3,2025020993,2026-03-07,under,5.5,0.4102393617021276,0.5897606382978724,0.0,0.4102393617021276,0.47619047619047616,False,-0.13849734042553202,2.1,0.0,1.0,0.0,-1.0
production_total,empirical_residual,outer_oos,3,2025020994,2026-03-07,over,6.5,0.4860372340425532,0.5139627659574468,0.0,0.4860372340425532,0.5192307692307692,False,-0.06392828999211969,1.925925925925926,1.0,0.0,0.0,0.925925925925926
production_total,empirical_residual,outer_oos,3,2025020994,2026-03-07,under,6.5,0.5139627659574468,0.4860372340425532,0.0,0.5139627659574468,0.5283018867924528,False,-0.027141907294832845,1.8928571428571428,0.0,1.0,0.0,-1.0
production_total,empirical_residual,outer_oos,3,2025020995,2026-03-07,over,6.5,0.5086436170212766,0.4913563829787234,0.0,0.5086436170212766,0.47619047619047616,True,0.06815159574468088,2.1,1.0,0.0,0.0,1.1
production_total,empirical_residual,outer_oos,3,2025020995,2026-03-07,under,6.5,0.4913563829787234,0.5086436170212766,0.0,0.4913563829787234,0.5652173913043479,False,-0.13067716857610479,1.7692307692307692,0.0,1.0,0.0,-1.0
production_total,empirical_residual,outer_oos,3,2025020996,2026-03-07,over,5.5,0.5897606382978724,0.4102393617021276,0.0,0.5897606382978724,0.5652173913043479,True,0.0434226677577742,1.7692307692307692,0.0,1.0,0.0,-1.0
production_total,empirical_residual,outer_oos,3,2025020996,2026-03-07,under,5.5,0.4102393617021276,0.5897606382978724,0.0,0.4102393617021276,0.47619047619047616,False,-0.13849734042553202,2.1,1.0,0.0,0.0,1.1
production_total,empirical_residual,outer_oos,3,2025020997,2026-03-07,over,5.5,0.5684840425531914,0.43151595744680854,0.0,0.5684840425531914,0.5652173913043479,True,0.005779459901800177,1.7692307692307692,1.0,0.0,0.0,0.7692307692307692
production_total,empirical_residual,outer_oos,3,2025020997,2026-03-07,under,5.5,0.43151595744680854,0.5684840425531914,0.0,0.43151595744680854,0.47619047619047616,False,-0.09381648936170195,2.1,0.0,1.0,0.0,-1.0
production_total,empirical_residual,outer_oos,3,2025020998,2026-03-07,over,5.5,0.5910904255319149,0.4089095744680851,0.0,0.5910904255319149,0.5652173913043479,True,0.045775368248772486,1.7692307692307692,1.0,0.0,0.0,0.7692307692307692
production_total,empirical_residual,outer_oos,3,2025020998,2026-03-07,under,5.5,0.4089095744680851,0.5910904255319149,0.0,0.4089095744680851,0.47619047619047616,False,-0.14128989361702127,2.1,0.0,1.0,0.0,-1.0
production_total,empirical_residual,outer_oos,3,2025020999,2026-03-07,over,6.5,0.4860372340425532,0.5139627659574468,0.0,0.4860372340425532,0.49504950495049505,False,-0.018204787234042563,2.02,0.0,1.0,0.0,-1.0
production_total,empirical_residual,outer_oos,3,2025020999,2026-03-07,under,6.5,0.5139627659574468,0.4860372340425532,0.0,0.5139627659574468,0.5495495495495495,False,-0.06475627833972791,1.819672131147541,1.0,0.0,0.0,0.819672131147541
production_total,empirical_residual,outer_oos,3,2025021000,2026-03-07,over,5.5,0.5525265957446809,0.4474734042553191,0.0,0.5525265957446809,0.5555555555555556,False,-0.005452127659574368,1.8,1.0,0.0,0.0,0.8
production_total,empirical_residual,outer_oos,3,2025021000,2026-03-07,under,5.5,0.4474734042553191,0.5525265957446809,0.0,0.4474734042553191,0.48780487804878053,False,-0.08267952127659589,2.05,0.0,1.0,0.0,-1.0
production_total,empirical_residual,outer_oos,3,2025021001,2026-03-08,over,6.5,0.5139627659574468,0.4860372340425532,0.0,0.5139627659574468,0.504950495049505,True,0.017847830621610383,1.9803921568627452,0.0,1.0,0.0,-1.0
production_total,empirical_residual,outer_oos,3,2025021001,2026-03-08,under,6.5,0.4860372340425532,0.5139627659574468,0.0,0.4860372340425532,0.5412844036697247,False,-0.10206680490443565,1.847457627118644,1.0,0.0,0.0,0.847457627118644
production_total,empirical_residual,outer_oos,3,2025021002,2026-03-08,over,6.5,0.49800531914893614,0.5019946808510638,0.0,0.49800531914893614,0.49504950495049505,True,0.0059707446808511255,2.02,1.0,0.0,0.0,1.02
production_total,empirical_residual,outer_oos,3,2025021002,2026-03-08,under,6.5,0.5019946808510638,0.49800531914893614,0.0,0.5019946808510638,0.5495495495495495,False,-0.08653426927101499,1.819672131147541,0.0,1.0,0.0,-1.0
production_total,empirical_residual,outer_oos,3,2025021003,2026-03-08,over,6.5,0.4886968085106383,0.5113031914893618,0.0,0.4886968085106383,0.5121951219512195,False,-0.045877659574468155,1.9523809523809523,1.0,0.0,0.0,0.9523809523809523
production_total,empirical_residual,outer_oos,3,2025021003,2026-03-08,under,6.5,0.5113031914893618,0.4886968085106383,0.0,0.5113031914893618,0.5348837209302326,False,-0.0440853376503238,1.8695652173913042,0.0,1.0,0.0,-1.0
production_total,empirical_residual,outer_oos,3,2025021004,2026-03-08,over,5.5,0.5777925531914894,0.42220744680851063,0.0,0.5777925531914894,0.574468085106383,True,0.005787037037037035,1.7407407407407407,1.0,0.0,0.0,0.7407407407407407
production_total,empirical_residual,outer_oos,3,2025021004,2026-03-08,under,5.5,0.42220744680851063,0.5777925531914894,0.0,0.42220744680851063,0.4672897196261683,False,-0.0964760638297874,2.1399999999999997,0.0,1.0,0.0,-1.0
production_total,empirical_residual,outer_oos,3,2025021005,2026-03-08,over,5.5,0.5844414893617021,0.4155585106382979,0.0,0.5844414893617021,0.5348837209302326,True,0.09265148011100827,1.8695652173913042,0.0,1.0,0.0,-1.0
production_total,empirical_residual,outer_oos,3,2025021005,2026-03-08,under,5.5,0.4155585106382979,0.5844414893617021,0.0,0.4155585106382979,0.5121951219512195,False,-0.1886714792299899,1.9523809523809523,1.0,0.0,0.0,0.9523809523809523
production_total,empirical_residual,outer_oos,3,2025021006,2026-03-08,over,6.5,0.5019946808510638,0.49800531914893614,0.0,0.5019946808510638,0.5121951219512195,False,-0.019915146909827763,1.9523809523809523,0.0,1.0,0.0,-1.0
production_total,empirical_residual,outer_oos,3,2025021006,2026-03-08,under,6.5,0.49800531914893614,0.5019946808510638,0.0,0.49800531914893614,0.5348837209302326,False,-0.06894657724329328,1.8695652173913042,1.0,0.0,0.0,0.8695652173913042
production_total,empirical_residual,outer_oos,3,2025021007,2026-03-08,over,6.5,0.5192819148936171,0.480718085106383,0.0,0.5192819148936171,0.5867768595041323,False,-0.11502659574468083,1.704225352112676,0.0,1.0,0.0,-1.0
production_total,empirical_residual,outer_oos,3,2025021007,2026-03-08,under,6.5,0.480718085106383,0.5192819148936171,0.0,0.480718085106383,0.45454545454545453,True,0.057579787234042556,2.2,1.0,0.0,0.0,1.2000000000000002
production_total,empirical_residual,outer_oos,3,2025020828,2026-03-09,over,5.5,0.5831117021276596,0.41688829787234044,0.0,0.5831117021276596,0.574468085106383,True,0.01504629629629628,1.7407407407407407,1.0,0.0,0.0,0.7407407407407407
production_total,empirical_residual,outer_oos,3,2025020828,2026-03-09,under,5.5,0.41688829787234044,0.5831117021276596,0.0,0.41688829787234044,0.4672897196261683,False,-0.10785904255319162,2.1399999999999997,0.0,1.0,0.0,-1.0
production_total,empirical_residual,outer_oos,3,2025021008,2026-03-09,over,5.5,0.5511968085106382,0.4488031914893617,0.0,0.5511968085106382,0.5454545454545454,True,0.010527482269503563,1.8333333333333335,1.0,0.0,0.0,0.8333333333333335
production_total,empirical_residual,outer_oos,3,2025021008,2026-03-09,under,5.5,0.4488031914893617,0.5511968085106382,0.0,0.4488031914893617,0.5,False,-0.10239361702127653,2.0,0.0,1.0,0.0,-1.0
production_total,empirical_residual,outer_oos,3,2025021009,2026-03-09,over,5.5,0.5831117021276596,0.41688829787234044,0.0,0.5831117021276596,0.574468085106383,True,0.01504629629629628,1.7407407407407407,1.0,0.0,0.0,0.7407407407407407
production_total,empirical_residual,outer_oos,3,2025021009,2026-03-09,under,5.5,0.41688829787234044,0.5831117021276596,0.0,0.41688829787234044,0.4672897196261683,False,-0.10785904255319162,2.1399999999999997,0.0,1.0,0.0,-1.0
production_total,empirical_residual,outer_oos,3,2025021010,2026-03-09,over,5.5,0.5857712765957447,0.4142287234042553,0.0,0.5857712765957447,0.574468085106383,True,0.01967592592592593,1.7407407407407407,0.0,1.0,0.0,-1.0
production_total,empirical_residual,outer_oos,3,2025021010,2026-03-09,under,5.5,0.4142287234042553,0.5857712765957447,0.0,0.4142287234042553,0.4672897196261683,False,-0.11355053191489378,2.1399999999999997,1.0,0.0,0.0,1.1399999999999997
production_total,empirical_residual,outer_oos,3,2025021011,2026-03-09,over,6.5,0.48736702127659576,0.5126329787234043,0.0,0.48736702127659576,0.49504950495049505,False,-0.015518617021276604,2.02,0.0,1.0,0.0,-1.0
production_total,empirical_residual,outer_oos,3,2025021011,2026-03-09,under,6.5,0.5126329787234043,0.48736702127659576,0.0,0.5126329787234043,0.5495495495495495,False,-0.0671760551098709,1.819672131147541,1.0,0.0,0.0,0.819672131147541
production_total,empirical_residual,outer_oos,3,2025021012,2026-03-10,over,5.5,0.555186170212766,0.44481382978723405,0.0,0.555186170212766,0.574468085106383,False,-0.033564814814814825,1.7407407407407407,0.0,1.0,0.0,-1.0
production_total,empirical_residual,outer_oos,3,2025021012,2026-03-10,under,5.5,0.44481382978723405,0.555186170212766,0.0,0.44481382978723405,0.4672897196261683,False,-0.048098404255319305,2.1399999999999997,1.0,0.0,0.0,1.1399999999999997
production_total,empirical_residual,outer_oos,3,2025021013,2026-03-10,over,6.5,0.5033244680851064,0.4966755319148936,0.0,0.5033244680851064,0.5454545454545454,False,-0.07723847517730481,1.8333333333333335,1.0,0.0,0.0,0.8333333333333335
production_total,empirical_residual,outer_oos,3,2025021013,2026-03-10,under,6.5,0.4966755319148936,0.5033244680851064,0.0,0.4966755319148936,0.5,False,-0.006648936170212838,2.0,0.0,1.0,0.0,-1.0
production_total,empirical_residual,outer_oos,3,2025021014,2026-03-10,over,6.5,0.5019946808510638,0.49800531914893614,0.0,0.5019946808510638,0.5412844036697247,False,-0.07258609808871258,1.847457627118644,0.0,1.0,0.0,-1.0
production_total,empirical_residual,outer_oos,3,2025021014,2026-03-10,under,6.5,0.49800531914893614,0.5019946808510638,0.0,0.49800531914893614,0.504950495049505,False,-0.013754171881518507,1.9803921568627452,1.0,0.0,0.0,0.9803921568627452
production_total,empirical_residual,outer_oos,3,2025021015,2026-03-10,over,6.5,0.4966755319148936,0.5033244680851064,0.0,0.4966755319148936,0.5283018867924528,False,-0.0598641717325229,1.8928571428571428,1.0,0.0,0.0,0.8928571428571428
production_total,empirical_residual,outer_oos,3,2025021015,2026-03-10,under,6.5,0.5033244680851064,0.4966755319148936,0.0,0.5033244680851064,0.5192307692307692,False,-0.030634357762017228,1.925925925925926,0.0,1.0,0.0,-1.0
production_total,empirical_residual,outer_oos,3,2025021016,2026-03-10,over,5.5,0.5831117021276596,0.41688829787234044,0.0,0.5831117021276596,0.5652173913043479,True,0.03165916530278229,1.7692307692307692,1.0,0.0,0.0,0.7692307692307692
production_total,empirical_residual,outer_oos,3,2025021016,2026-03-10,under,5.5,0.41688829787234044,0.5831117021276596,0.0,0.41688829787234044,0.47619047619047616,False,-0.12453457446808508,2.1,0.0,1.0,0.0,-1.0
production_total,empirical_residual,outer_oos,3,2025021017,2026-03-10,over,5.5,0.5618351063829787,0.43816489361702127,0.0,0.5618351063829787,0.5652173913043479,False,-0.005984042553191515,1.7692307692307692,0.0,1.0,0.0,-1.0
production_total,empirical_residual,outer_oos,3,2025021017,2026-03-10,under,5.5,0.43816489361702127,0.5618351063829787,0.0,0.43816489361702127,0.47619047619047616,False,-0.07985372340425528,2.1,1.0,0.0,0.0,1.1
production_total,empirical_residual,outer_oos,3,2025021018,2026-03-10,over,6.5,0.53125,0.46875000000000006,0.0,0.53125,0.48780487804878053,True,0.08906249999999988,2.05,1.0,0.0,0.0,1.0499999999999998
production_total,empirical_residual,outer_oos,3,2025021018,2026-03-10,under,6.5,0.46875000000000006,0.53125,0.0,0.46875000000000006,0.5555555555555556,False,-0.15624999999999994,1.8,0.0,1.0,0.0,-1.0
production_total,empirical_residual,outer_oos,3,2025021019,2026-03-10,over,5.5,0.5777925531914894,0.42220744680851063,0.0,0.5777925531914894,0.5192307692307692,True,0.112785657998424,1.925925925925926,1.0,0.0,0.0,0.925925925925926
production_total,empirical_residual,outer_oos,3,2025021019,2026-03-10,under,5.5,0.42220744680851063,0.5777925531914894,0.0,0.42220744680851063,0.5283018867924528,False,-0.20082161854103348,1.8928571428571428,0.0,1.0,0.0,-1.0
production_total,empirical_residual,outer_oos,3,2025021020,2026-03-10,over,5.5,0.5777925531914894,0.42220744680851063,0.0,0.5777925531914894,0.5555555555555556,True,0.04002659574468087,1.8,0.0,1.0,0.0,-1.0
production_total,empirical_residual,outer_oos,3,2025021020,2026-03-10,under,5.5,0.42220744680851063,0.5777925531914894,0.0,0.42220744680851063,0.48780487804878053,False,-0.13447473404255328,2.05,1.0,0.0,0.0,1.0499999999999998
production_total,empirical_residual,outer_oos,3,2025021021,2026-03-10,over,5.5,0.5964095744680851,0.4035904255319149,0.0,0.5964095744680851,0.574468085106383,True,0.03819444444444442,1.7407407407407407,0.0,1.0,0.0,-1.0
production_total,empirical_residual,outer_oos,3,2025021021,2026-03-10,under,5.5,0.4035904255319149,0.5964095744680851,0.0,0.4035904255319149,0.4672897196261683,False,-0.13631648936170226,2.1399999999999997,1.0,0.0,0.0,1.1399999999999997
production_total,empirical_residual,outer_oos,3,2025021022,2026-03-10,over,6.5,0.5019946808510638,0.49800531914893614,0.0,0.5019946808510638,0.49504950495049505,True,0.014029255319148948,2.02,0.0,1.0,0.0,-1.0
production_total,empirical_residual,outer_oos,3,2025021022,2026-03-10,under,6.5,0.49800531914893614,0.5019946808510638,0.0,0.49800531914893614,0.5495495495495495,False,-0.09379359958144401,1.819672131147541,1.0,0.0,0.0,0.819672131147541
production_total,empirical_residual,outer_oos,3,2025021023,2026-03-10,over,6.5,0.5618351063829787,0.43816489361702127,0.0,0.5618351063829787,0.607843137254902,False,-0.07569063143445443,1.6451612903225805,1.0,0.0,0.0,0.6451612903225805
production_total,empirical_residual,outer_oos,3,2025021023,2026-03-10,under,6.5,0.43816489361702127,0.5618351063829787,0.0,0.43816489361702127,0.4347826086956522,True,0.007779255319148803,2.3,0.0,1.0,0.0,-1.0
production_total,empirical_residual,outer_oos,3,2025021024,2026-03-10,over,5.5,0.5817819148936171,0.418218085106383,0.0,0.5817819148936171,0.574468085106383,True,0.01273148148148151,1.7407407407407407,1.0,0.0,0.0,0.7407407407407407
production_total,empirical_residual,outer_oos,3,2025021024,2026-03-10,under,5.5,0.418218085106383,0.5817819148936171,0.0,0.418218085106383,0.4672897196261683,False,-0.10501329787234065,2.1399999999999997,0.0,1.0,0.0,-1.0
production_total,empirical_residual,outer_oos,3,2025021025,2026-03-11,over,6.5,0.4767287234042553,0.5232712765957447,0.0,0.4767287234042553,0.5192307692307692,False,-0.0818557919621749,1.925925925925926,0.0,1.0,0.0,-1.0
production_total,empirical_residual,outer_oos,3,2025021025,2026-03-11,under,6.5,0.5232712765957447,0.4767287234042553,0.0,0.5232712765957447,0.5283018867924528,False,-0.009522226443769044,1.8928571428571428,1.0,0.0,0.0,0.8928571428571428
production_total,empirical_residual,outer_oos,3,2025021026,2026-03-11,over,6.5,0.4674202127659574,0.5325797872340425,0.0,0.4674202127659574,0.4672897196261683,True,0.00027925531914874124,2.1399999999999997,0.0,1.0,0.0,-1.0
production_total,empirical_residual,outer_oos,3,2025021026,2026-03-11,under,6.5,0.5325797872340425,0.4674202127659574,0.0,0.5325797872340425,0.574468085106383,False,-0.07291666666666669,1.7407407407407407,1.0,0.0,0.0,0.7407407407407407
production_total,empirical_residual,outer_oos,3,2025021027,2026-03-12,over,6.5,0.4780585106382979,0.5219414893617021,0.0,0.4780585106382979,0.5348837209302326,False,-0.10623843663274751,1.8695652173913042,0.0,1.0,0.0,-1.0
production_total,empirical_residual,outer_oos,3,2025021027,2026-03-12,under,6.5,0.5219414893617021,0.4780585106382979,0.0,0.5219414893617021,0.5121951219512195,True,0.019028622087132685,1.9523809523809523,1.0,0.0,0.0,0.9523809523809523
production_total,empirical_residual,outer_oos,3,2025021028,2026-03-12,over,6.5,0.5126329787234043,0.48736702127659576,0.0,0.5126329787234043,0.5283018867924528,False,-0.029659004559270508,1.8928571428571428,0.0,1.0,0.0,-1.0
production_total,empirical_residual,outer_oos,3,2025021028,2026-03-12,under,6.5,0.48736702127659576,0.5126329787234043,0.0,0.48736702127659576,0.5192307692307692,False,-0.06136721828211189,1.925925925925926,1.0,0.0,0.0,0.925925925925926
production_total,empirical_residual,outer_oos,3,2025021029,2026-03-12,over,6.5,0.5192819148936171,0.480718085106383,0.0,0.5192819148936171,0.5454545454545454,False,-0.04798315602836867,1.8333333333333335,1.0,0.0,0.0,0.8333333333333335
production_total,empirical_residual,outer_oos,3,2025021029,2026-03-12,under,6.5,0.480718085106383,0.5192819148936171,0.0,0.480718085106383,0.5,False,-0.038563829787234105,2.0,0.0,1.0,0.0,-1.0
production_total,empirical_residual,outer_oos,3,2025021030,2026-03-12,over,6.5,0.47273936170212766,0.5272606382978724,0.0,0.47273936170212766,0.47619047619047616,False,-0.0072473404255318785,2.1,0.0,1.0,0.0,-1.0
production_total,empirical_residual,outer_oos,3,2025021030,2026-03-12,under,6.5,0.5272606382978724,0.47273936170212766,0.0,0.5272606382978724,0.5652173913043479,False,-0.06715425531914893,1.7692307692307692,1.0,0.0,0.0,0.7692307692307692
production_total,empirical_residual,outer_oos,3,2025021031,2026-03-12,over,6.5,0.4886968085106383,0.5113031914893618,0.0,0.4886968085106383,0.504950495049505,False,-0.03218867334167713,1.9803921568627452,0.0,1.0,0.0,-1.0
production_total,empirical_residual,outer_oos,3,2025021031,2026-03-12,under,6.5,0.5113031914893618,0.4886968085106383,0.0,0.5113031914893618,0.5412844036697247,False,-0.05538901911287408,1.847457627118644,1.0,0.0,0.0,0.847457627118644
production_total,empirical_residual,outer_oos,3,2025021032,2026-03-12,over,5.5,0.567154255319149,0.4328457446808511,0.0,0.567154255319149,0.5283018867924528,True,0.07354198328267475,1.8928571428571428,1.0,0.0,0.0,0.8928571428571428
production_total,empirical_residual,outer_oos,3,2025021032,2026-03-12,under,5.5,0.4328457446808511,0.567154255319149,0.0,0.4328457446808511,0.5192307692307692,False,-0.166371158392435,1.925925925925926,0.0,1.0,0.0,-1.0
production_total,empirical_residual,outer_oos,3,2025021033,2026-03-12,over,5.5,0.5964095744680851,0.4035904255319149,0.0,0.5964095744680851,0.5867768595041323,True,0.01641631705124358,1.704225352112676,0.0,1.0,0.0,-1.0
production_total,empirical_residual,outer_oos,3,2025021033,2026-03-12,under,5.5,0.4035904255319149,0.5964095744680851,0.0,0.4035904255319149,0.45454545454545453,False,-0.11210106382978713,2.2,1.0,0.0,0.0,1.2000000000000002
production_total,empirical_residual,outer_oos,3,2025021034,2026-03-12,over,6.5,0.5046542553191489,0.4953457446808511,0.0,0.5046542553191489,0.5555555555555556,False,-0.09162234042553197,1.8,1.0,0.0,0.0,0.8
production_total,empirical_residual,outer_oos,3,2025021034,2026-03-12,under,6.5,0.4953457446808511,0.5046542553191489,0.0,0.4953457446808511,0.48780487804878053,True,0.015458776595744683,2.05,0.0,1.0,0.0,-1.0
production_total,empirical_residual,outer_oos,3,2025021035,2026-03-12,over,5.5,0.5777925531914894,0.42220744680851063,0.0,0.5777925531914894,0.574468085106383,True,0.005787037037037035,1.7407407407407407,0.0,1.0,0.0,-1.0
production_total,empirical_residual,outer_oos,3,2025021035,2026-03-12,under,5.5,0.42220744680851063,0.5777925531914894,0.0,0.42220744680851063,0.4672897196261683,False,-0.0964760638297874,2.1399999999999997,1.0,0.0,0.0,1.1399999999999997
production_total,empirical_residual,outer_oos,3,2025021036,2026-03-12,over,5.5,0.5565159574468086,0.4434840425531915,0.0,0.5565159574468086,0.5283018867924528,True,0.053405205167173286,1.8928571428571428,1.0,0.0,0.0,0.8928571428571428
production_total,empirical_residual,outer_oos,3,2025021036,2026-03-12,under,5.5,0.4434840425531915,0.5565159574468086,0.0,0.4434840425531915,0.5192307692307692,False,-0.14588258471237198,1.925925925925926,0.0,1.0,0.0,-1.0
production_total,empirical_residual,outer_oos,3,2025021037,2026-03-12,over,5.5,0.5857712765957447,0.4142287234042553,0.0,0.5857712765957447,0.574468085106383,True,0.01967592592592593,1.7407407407407407,0.0,1.0,0.0,-1.0
production_total,empirical_residual,outer_oos,3,2025021037,2026-03-12,under,5.5,0.4142287234042553,0.5857712765957447,0.0,0.4142287234042553,0.4672897196261683,False,-0.11355053191489378,2.1399999999999997,1.0,0.0,0.0,1.1399999999999997
production_total,empirical_residual,outer_oos,3,2025021038,2026-03-12,over,6.5,0.5019946808510638,0.49800531914893614,0.0,0.5019946808510638,0.47619047619047616,True,0.054188829787234105,2.1,1.0,0.0,0.0,1.1
production_total,empirical_residual,outer_oos,3,2025021038,2026-03-12,under,6.5,0.49800531914893614,0.5019946808510638,0.0,0.49800531914893614,0.5652173913043479,False,-0.11891366612111298,1.7692307692307692,0.0,1.0,0.0,-1.0
production_total,empirical_residual,outer_oos,3,2025021039,2026-03-12,over,6.5,0.5046542553191489,0.4953457446808511,0.0,0.5046542553191489,0.48780487804878053,True,0.034541223404255195,2.05,1.0,0.0,0.0,1.0499999999999998
production_total,empirical_residual,outer_oos,3,2025021039,2026-03-12,under,6.5,0.4953457446808511,0.5046542553191489,0.0,0.4953457446808511,0.5555555555555556,False,-0.10837765957446799,1.8,0.0,1.0,0.0,-1.0
production_total,empirical_residual,outer_oos,3,2025021040,2026-03-12,over,6.5,0.49268617021276595,0.507313829787234,0.0,0.49268617021276595,0.48780487804878053,True,0.010006648936170093,2.05,0.0,1.0,0.0,-1.0
production_total,empirical_residual,outer_oos,3,2025021040,2026-03-12,under,6.5,0.507313829787234,0.49268617021276595,0.0,0.507313829787234,0.5555555555555556,False,-0.0868351063829787,1.8,1.0,0.0,0.0,0.8
production_total,empirical_residual,outer_oos,3,2025021041,2026-03-13,over,5.5,0.5618351063829787,0.43816489361702127,0.0,0.5618351063829787,0.5348837209302326,True,0.050387372802960184,1.8695652173913042,0.0,1.0,0.0,-1.0
production_total,empirical_residual,outer_oos,3,2025021041,2026-03-13,under,5.5,0.43816489361702127,0.5618351063829787,0.0,0.43816489361702127,0.5121951219512195,False,-0.14453520770010136,1.9523809523809523,1.0,0.0,0.0,0.9523809523809523
production_total,empirical_residual,outer_oos,3,2025021042,2026-03-13,over,6.5,0.5152925531914894,0.4847074468085106,0.0,0.5152925531914894,0.5348837209302326,False,-0.03662696577243296,1.8695652173913042,0.0,1.0,0.0,-1.0
production_total,empirical_residual,outer_oos,3,2025021042,2026-03-13,under,6.5,0.4847074468085106,0.5152925531914894,0.0,0.4847074468085106,0.5121951219512195,False,-0.053666413373860244,1.9523809523809523,1.0,0.0,0.0,0.9523809523809523
